layer_from,layer_to,k_used,variance_threshold,residual_fro,rotation,boot_id
0,1,5,,0.7933741807937622,"[[ 0.98592263  0.12900445  0.05455238 -0.06502629 -0.06411   ]
 [-0.14054964  0.9817093   0.10261414 -0.07326324 -0.02440074]
 [-0.05492472 -0.12076186  0.97304344 -0.09582443 -0.1624931 ]
 [ 0.042442    0.06721665  0.08460132  0.9836395  -0.13775514]
 [ 0.05817528  0.0224303   0.18034267  0.11694019  0.9746353 ]]",0
1,2,5,,0.8058107495307922,"[[ 9.9554211e-01 -1.1885096e-03 -8.7342523e-02 -2.6098812e-02
   2.4177490e-02]
 [-3.2200580e-04  9.9908477e-01 -2.3078045e-02 -1.2002028e-02
  -3.3952743e-02]
 [ 8.5540123e-02  2.1517979e-02  9.9307030e-01 -7.6047786e-02
  -1.5746199e-02]
 [-3.1525295e-02 -1.5187737e-02 -7.3905885e-02 -9.9566072e-01
  -4.4419233e-02]
 [-2.4181925e-02  3.3681359e-02  1.3709546e-02 -4.5290157e-02
   9.9801886e-01]]",0
2,3,5,,0.7873667478561401,"[[ 9.4144392e-01 -3.2978797e-01 -1.8128026e-02  1.1266825e-02
  -6.6840574e-02]
 [ 3.3026862e-01  9.2034101e-01  2.0178185e-01  1.2221967e-03
   5.6370180e-02]
 [-4.7723975e-02 -2.0026420e-01  9.7724158e-01  1.5134738e-03
   5.1120263e-02]
 [ 8.2386089e-03  7.6491630e-04  5.1075704e-03 -9.9830413e-01
  -5.7396132e-02]
 [ 4.7545172e-02 -6.4077280e-02 -6.2675975e-02 -5.7080090e-02
   9.9320042e-01]]",0
3,4,5,,0.7175893187522888,"[[ 0.9976695   0.03047006  0.0444664  -0.01994873  0.03676846]
 [ 0.02525652 -0.9938869   0.09646352  0.02905761  0.03743506]
 [-0.04603619  0.09078696  0.99077076 -0.06621728 -0.06022377]
 [ 0.01752196  0.03416714  0.06198149  0.9966144  -0.03799787]
 [-0.03989127  0.04302033  0.05700042  0.03365899  0.99608034]]",0
4,5,5,,0.6856525540351868,"[[ 0.9872855  -0.12793602 -0.04884287  0.08014599  0.00952377]
 [ 0.13867295  0.9677395   0.19172099 -0.0373462  -0.07809263]
 [-0.01585738  0.1841147  -0.9739149  -0.0932362  -0.09299007]
 [-0.07546197  0.07670002 -0.09025129  0.9821388   0.125222  ]
 [ 0.00954841  0.08562467 -0.06482257 -0.13744862  0.98462343]]",0
5,6,5,,0.7520671486854553,"[[ 0.99072003  0.09211092 -0.08329711  0.04430377 -0.03298717]
 [-0.11140271  0.9683182  -0.21491393  0.03816649 -0.04800664]
 [-0.06310196 -0.22629938 -0.96820426 -0.00273916 -0.08590483]
 [-0.03419295 -0.03423149 -0.01174815  0.974987    0.21661323]
 [ 0.03020307  0.03862986 -0.09651931 -0.21441376  0.9707246 ]]",0
6,7,5,,0.7174130082130432,"[[ 0.9956231  -0.08649888 -0.00243259  0.01442209  0.03222858]
 [ 0.08652025  0.99093014 -0.0845671   0.04348811 -0.03910011]
 [ 0.01112668  0.08777616  0.9922124  -0.08747161  0.00588812]
 [-0.01985596 -0.03032654  0.08967969  0.99072516  0.09543197]
 [-0.02703392  0.04416986 -0.01773288 -0.09334431  0.99412805]]",0
7,8,5,,0.8189333081245422,"[[ 0.99890065 -0.0117587  -0.03496838  0.01576312  0.02424879]
 [ 0.00515494  0.9795991  -0.19520685  0.02893059 -0.03763376]
 [ 0.03552347  0.19780363  0.9771875  -0.03046671  0.06154732]
 [-0.0090521  -0.02688224  0.04912162  0.9772106  -0.2045529 ]
 [-0.02875945  0.01995918 -0.05799177  0.20747466  0.97589225]]",0
8,9,5,,0.7612398862838745,"[[ 9.97838080e-01 -5.22399656e-02 -1.58812618e-03  3.32289189e-02
   2.19873656e-02]
 [ 5.20687774e-02  9.93927896e-01 -9.66715962e-02 -9.51516151e-04
  -7.06572644e-03]
 [ 1.08652115e-02  9.49476212e-02  9.79566276e-01 -1.67659864e-01
   5.66307902e-02]
 [-3.34288292e-02  1.90295782e-02  1.61416113e-01  9.82037127e-01
   8.98236185e-02]
 [-1.92988217e-02  1.09164428e-03 -7.10413903e-02 -7.99260661e-02
   9.94078159e-01]]",0
9,10,5,,0.8481731414794922,"[[ 0.99707234 -0.0666222  -0.00870825  0.03362064  0.01421497]
 [ 0.06399122  0.9828993  -0.17111339  0.01353934 -0.01873119]
 [ 0.01929037  0.17092584  0.98394907  0.00139839  0.04748252]
 [-0.03105755 -0.01329403  0.01094788  0.98010874 -0.19525814]
 [-0.02037631  0.00882873 -0.0486706   0.19511864  0.9793195 ]]",0
10,11,5,,1.0788676738739014,"[[ 0.95803016 -0.16349094 -0.19746806  0.09050547  0.0909066 ]
 [ 0.17169678  0.9540456   0.00360022 -0.21151666  0.12475932]
 [ 0.17443655  0.05698412  0.9117907   0.35187855 -0.10556433]
 [-0.13655153  0.01781682 -0.05959067  0.47873387  0.8650428 ]
 [-0.06019919  0.24393241 -0.35507748  0.770756   -0.46554077]]",0
0,1,5,,0.7847698330879211,"[[ 0.9879888   0.11352104  0.05317665 -0.05933511 -0.06813645]
 [-0.12542188  0.98205227  0.12197238 -0.06221877 -0.03308031]
 [-0.05337834 -0.1389902   0.97034687 -0.09675447 -0.16400586]
 [ 0.0399948   0.0526089   0.08725353  0.98632234 -0.12323894]
 [ 0.0608156   0.02450286  0.18195792  0.10205404  0.97579575]]",1
1,2,5,,0.7946518659591675,"[[ 0.9944534   0.03332835 -0.08906093  0.03111639  0.03242626]
 [-0.03328636  0.9990391  -0.00436464  0.00905368 -0.02667654]
 [ 0.08562668  0.00657054  0.99228746  0.08910691  0.00711443]
 [-0.03817133 -0.01092151 -0.08595792  0.9954623  -0.00946897]
 [-0.03413746  0.02544427 -0.00510682  0.00803225  0.9990479 ]]",1
2,3,5,,0.7884133458137512,"[[ 0.91540104 -0.39540532 -0.03326096  0.01608175 -0.0658072 ]
 [ 0.39810184  0.9011776   0.16728523 -0.01280499  0.03529172]
 [-0.03321813 -0.17038366  0.9827923  -0.01707132  0.06077635]
 [-0.00321377  0.00806964  0.00958724  0.98952514  0.14377989]
 [ 0.04941665 -0.04937438 -0.07026147 -0.14186613  0.9849149 ]]",1
3,4,5,,0.7285321354866028,"[[ 0.99606466 -0.02483609  0.06534122 -0.02823481  0.04660036]
 [-0.03074416 -0.9951326   0.07818066  0.03462684  0.03813798]
 [-0.06138878  0.07443806  0.9901544  -0.06633276 -0.0767118 ]
 [ 0.03079356  0.03335274  0.05646465  0.9901677  -0.11966259]
 [-0.04683024  0.04940328  0.077617    0.11476833  0.9880132 ]]",1
4,5,5,,0.6987267732620239,"[[ 9.89052236e-01 -1.15439676e-01 -4.90450822e-02  7.48511329e-02
   2.10075416e-02]
 [ 1.26030535e-01  9.69182551e-01  1.97902679e-01 -2.06578430e-02
  -7.21745938e-02]
 [-1.86416246e-02  1.93763658e-01 -9.74794865e-01 -7.01441318e-02
  -8.34439993e-02]
 [-7.44568855e-02  5.76234087e-02 -7.18255043e-02  9.78879511e-01
   1.66648552e-01]
 [-8.46005336e-04  8.05849954e-02 -5.51830679e-02 -1.75628290e-01
   9.79599297e-01]]",1
5,6,5,,0.7332912683486938,"[[ 0.98811775  0.10257907 -0.09127098  0.05715626 -0.03877596]
 [-0.12639415  0.96332747 -0.21967009  0.06511882 -0.0594081 ]
 [-0.06895486 -0.23552816 -0.9651756   0.01268249 -0.08970471]
 [-0.04392102 -0.06005182  0.01821052  0.9878585   0.13516136]
 [ 0.03104774  0.0489694  -0.10732713 -0.12832516  0.984201  ]]",1
6,7,5,,0.6858999729156494,"[[ 0.9945942  -0.0998259  -0.00807303  0.02357057  0.01401633]
 [ 0.09923035  0.9922098  -0.06344772  0.01558499 -0.03747548]
 [ 0.01653516  0.0639066   0.993119   -0.09561965  0.01462794]
 [-0.02399593 -0.00523209  0.09570473  0.99388814  0.04923207]
 [-0.00930212  0.0379861  -0.02154933 -0.04737929  0.9978785 ]]",1
7,8,5,,0.7409434914588928,"[[ 0.99899167 -0.01452411 -0.03776037  0.01926135  0.00281692]
 [ 0.00618972  0.9781109  -0.19945279  0.03268829 -0.04909876]
 [ 0.04029849  0.20117952  0.9781507  -0.02418963  0.02321229]
 [-0.0182355  -0.02955119  0.03293266  0.9969887  -0.06101702]
 [-0.00457357  0.04173161 -0.03048417  0.06315675  0.99665415]]",1
8,9,5,,0.89222651720047,"[[ 0.9972505  -0.06290333 -0.01526192  0.02251307  0.02819252]
 [ 0.06070865  0.9906542  -0.12168935 -0.00946024  0.00459312]
 [ 0.02504592  0.11801174  0.9839289  -0.1308426   0.01449335]
 [-0.0207433   0.02608038  0.12781425  0.988645    0.07165231]
 [-0.02735492 -0.00637556 -0.02249881 -0.06974876  0.9969152 ]]",1
9,10,5,,0.8285350799560547,"[[ 0.99590844 -0.08180484 -0.00211099  0.03712356  0.00958328]
 [ 0.07960121  0.9802886  -0.17708789  0.02214172 -0.02911329]
 [ 0.0175788   0.17797793  0.9825381  -0.0335488   0.03883533]
 [-0.03778169 -0.01377699  0.03905315  0.9973573  -0.0462174 ]
 [-0.00967768  0.02182487 -0.04158304  0.0477966   0.9977055 ]]",1
10,11,5,,1.1430119276046753,"[[ 0.9573623  -0.22175598 -0.13678978 -0.06603602  0.10587492]
 [ 0.20732436  0.94547117  0.03274874 -0.24894616 -0.00737058]
 [ 0.14704639  0.05450509  0.8669855   0.4382476   0.17799361]
 [-0.13079064 -0.1256031   0.16830291 -0.58664167  0.7711312 ]
 [-0.04177552  0.19535023 -0.44746652  0.6304409   0.6020059 ]]",1
0,1,5,,0.7877407670021057,"[[ 0.98701453  0.12167292  0.05357816 -0.06474416 -0.06273415]
 [-0.13324055  0.9826244   0.1028164  -0.07352192 -0.02682411]
 [-0.05455302 -0.12100415  0.97320265 -0.09923244 -0.15940988]
 [ 0.0428498   0.06640468  0.08860075  0.9835143  -0.13639599]
 [ 0.05689554  0.02435939  0.17772087  0.11513161  0.9753612 ]]",2
1,2,5,,0.8035682439804077,"[[ 9.9532944e-01  8.4534334e-04 -8.8024348e-02 -2.7782790e-02
  -2.8256804e-02]
 [-1.0812306e-03  9.9939406e-01 -9.0869777e-03 -1.1592573e-02
   3.1516727e-02]
 [ 8.5926056e-02  7.9616411e-03  9.9325132e-01 -7.7022538e-02
   8.5295439e-03]
 [-3.3074066e-02 -1.3707595e-02 -7.4620537e-02 -9.9551409e-01
   4.5844067e-02]
 [-2.8999809e-02  3.0974718e-02  7.2664386e-03 -4.5966953e-02
  -9.9801493e-01]]",2
2,3,5,,0.7822656035423279,"[[ 0.9385951  -0.3392021  -0.01522608  0.01086182 -0.06025989]
 [ 0.33845723  0.91750115  0.20134602 -0.00421164  0.05550179]
 [-0.05242315 -0.1983432   0.97727245  0.00191704  0.05335376]
 [ 0.00546506 -0.00314434  0.00588823 -0.9968883  -0.07835442]
 [-0.0413255   0.06151194  0.06427884  0.07793873 -0.99212015]]",2
3,4,5,,0.7230272889137268,"[[ 0.99692017  0.03459404  0.0532867   0.01859472  0.04204969]
 [ 0.02868189 -0.99422365  0.09381335 -0.02943601  0.03208157]
 [-0.05461887  0.08758797  0.98987675  0.07342356 -0.06401689]
 [ 0.01818559  0.0327465   0.06509194 -0.9919534  -0.10192346]
 [-0.04487281  0.03973118  0.06531983 -0.09708318  0.9913204 ]]",2
4,5,5,,0.6897271275520325,"[[ 0.98437744 -0.14393583 -0.05996477  0.08110083  0.01050453]
 [ 0.15721731  0.962722    0.19916058 -0.04149982 -0.08403432]
 [-0.02372671  0.1947769  -0.9740212  -0.07561796 -0.0840456 ]
 [ 0.07487515 -0.08025398  0.06957614 -0.9831007  -0.1289384 ]
 [ 0.01069779  0.08983302 -0.05640208 -0.13962553  0.9844487 ]]",2
5,6,5,,0.7358903884887695,"[[ 0.9879682   0.11561713 -0.08240231  0.04741582 -0.03889742]
 [-0.13581903  0.96076506 -0.22817336  0.02966562 -0.07443544]
 [-0.05505305 -0.24331237 -0.9645492  -0.00631376 -0.08586734]
 [-0.03653569 -0.02175514 -0.01951129  0.9713952   0.23281439]
 [ 0.03326002  0.06236247 -0.10203372 -0.23070158  0.96507543]]",2
6,7,5,,0.6955797672271729,"[[ 0.9958149  -0.08584757 -0.00205267  0.01622308  0.02674864]
 [ 0.08624123  0.99241626 -0.06755982  0.02840072 -0.0479726 ]
 [ 0.00893187  0.07045876  0.99336714 -0.08748181  0.02289798]
 [-0.01971587 -0.01664436  0.08676908  0.99222153  0.08544999]
 [-0.02113416  0.04998573 -0.03352887 -0.08230107  0.9945638 ]]",2
7,8,5,,0.7820106148719788,"[[ 0.9994406  -0.00734364 -0.02475431  0.016614    0.01325365]
 [ 0.00229533  0.97604865 -0.21055788  0.02016507 -0.05081784]
 [ 0.02559162  0.21356812  0.9746568  -0.03383185  0.05131509]
 [-0.01284568 -0.01934476  0.04826472  0.9817373  -0.18254629]
 [-0.01712246  0.03590941 -0.0526044   0.18537693  0.9804517 ]]",2
8,9,5,,0.7804599404335022,"[[ 0.99702203 -0.06636249 -0.0013571   0.0331894   0.02096936]
 [ 0.06560757  0.99248904 -0.10268003  0.00278195  0.01049962]
 [ 0.01210698  0.10026619  0.97908634 -0.16422522  0.0649628 ]
 [-0.0335716   0.01467452  0.15707852  0.98196805  0.09860378]
 [-0.0192117  -0.01711421 -0.07855751 -0.08751891  0.99272716]]",2
9,10,5,,0.8343308568000793,"[[ 0.99738306 -0.06586625 -0.00280143  0.02934567  0.00443532]
 [ 0.06428851  0.9844377  -0.16139565  0.01267289 -0.02324093]
 [ 0.0137954   0.16186777  0.9857767  -0.01740476  0.03936811]
 [-0.02914251 -0.00989198  0.02477408  0.9905226  -0.13154475]
 [-0.00737828  0.01565036 -0.03967482  0.13243946  0.9902455 ]]",2
10,11,5,,1.0789798498153687,"[[ 0.9500229  -0.19299814 -0.20707381  0.10560189  0.07859372]
 [ 0.2046337   0.94852585  0.03430691 -0.16738251  0.17096765]
 [ 0.17817408  0.02078271  0.9056314   0.341717   -0.17573658]
 [-0.14209852 -0.00458684 -0.04406732  0.5966895   0.7885473 ]
 [-0.06036268  0.25019497 -0.3658323   0.6985861  -0.55848277]]",2
0,1,5,,0.7938613295555115,"[[ 0.9851719   0.13829024  0.05411948 -0.06418844 -0.0571223 ]
 [-0.14880346  0.98114985  0.1031787  -0.06404114 -0.02133792]
 [-0.0508894  -0.11848264  0.97610015 -0.07110355 -0.1598278 ]
 [ 0.04563132  0.06231634  0.06347458  0.9885683  -0.11286337]
 [ 0.05120355  0.01729873  0.17211829  0.09723972  0.9787741 ]]",3
1,2,5,,0.8037799000740051,"[[ 0.99478143  0.03672079 -0.08818215 -0.02499567  0.02570429]
 [-0.03758708  0.9984761  -0.01683651 -0.00677806 -0.03610287]
 [ 0.08567489  0.01899708  0.992997   -0.07814462 -0.01221656]
 [-0.03010606 -0.01092342 -0.0761231  -0.9954091  -0.04837841]
 [-0.02739804  0.03488538  0.01012972 -0.04882201  0.9977706 ]]",3
2,3,5,,0.7750706076622009,"[[ 0.9481895   0.3113449  -0.02001517  0.00624589 -0.05967841]
 [ 0.3127138  -0.928546    0.18953983  0.01474833  0.06220584]
 [-0.03878154  0.19026957  0.97975034  0.0057154   0.04847736]
 [ 0.00747742 -0.01547267  0.01260785 -0.9972826  -0.0705214 ]
 [ 0.03983614  0.06651916 -0.06003612 -0.07168226  0.9925953 ]]",3
3,4,5,,0.7072733640670776,"[[ 0.9940951   0.09426018  0.04046085 -0.02168407  0.02797804]
 [-0.08939403  0.9898913  -0.09828708 -0.02979888 -0.03969384]
 [-0.04888752  0.09032813  0.99174416 -0.05994293 -0.04797048]
 [ 0.01663426  0.03626468  0.05672158  0.99734414 -0.02226183]
 [-0.03342228  0.04190388  0.04391717  0.0187996   0.99741906]]",3
4,5,5,,0.6917456984519958,"[[ 9.84904766e-01 -1.41754895e-01 -5.98940402e-02  7.78415501e-02
   1.48838125e-02]
 [ 1.55880645e-01  9.63115990e-01  1.97659180e-01 -5.09767458e-02
  -8.02557021e-02]
 [-2.33490802e-02  1.90772623e-01 -9.72722709e-01 -8.72014686e-02
  -9.62652862e-02]
 [-7.15440512e-02  8.50484073e-02 -7.66571835e-02  9.88718867e-01
   6.48609772e-02]
 [ 2.46363255e-04  9.31969658e-02 -7.26477802e-02 -7.85685480e-02
   9.89880562e-01]]",3
5,6,5,,0.7403021454811096,"[[ 0.990155    0.10940971 -0.07177837  0.04337588 -0.02426684]
 [-0.12366915  0.9716627  -0.19517353  0.02507262 -0.04308337]
 [-0.05047423 -0.20610173 -0.9732928   0.01297681 -0.08664364]
 [-0.03352536 -0.0177731  -0.00708981  0.9577801   0.2848984 ]
 [ 0.02504622  0.0332759  -0.09698442 -0.28280503  0.9533524 ]]",3
6,7,5,,0.719333827495575,"[[ 0.99650544 -0.07364117  0.00507995  0.00901622  0.03803916]
 [ 0.07510868  0.99037236 -0.09713311  0.04279347 -0.04748894]
 [ 0.00319842  0.10097975  0.9905559  -0.09268283  0.00138575]
 [-0.01537753 -0.02732847  0.09528977  0.9896471   0.10264076]
 [-0.03300126  0.05287587 -0.01607411 -0.10047835  0.9928549 ]]",3
7,8,5,,0.7917176485061646,"[[ 0.9988355   0.0210299  -0.03092759  0.01579495  0.02606577]
 [-0.02585939  0.979616   -0.19296744  0.0242826  -0.04310281]
 [ 0.02460146  0.19637282  0.9780441  -0.00886007  0.06468146]
 [-0.00555206 -0.03012246  0.03461901  0.95301855 -0.29936412]
 [-0.031983    0.02099364 -0.06354751  0.3013933   0.9506104 ]]",3
8,9,5,,0.763495683670044,"[[ 0.9972393  -0.05695058  0.00159835  0.04017052  0.02557701]
 [ 0.05703378  0.994176   -0.09036892  0.00538418 -0.01287339]
 [ 0.00927386  0.09008313  0.97924376 -0.17399065  0.05106656]
 [-0.04322611  0.01432268  0.16133082  0.96796626  0.18692258]
 [-0.01750492  0.00711542 -0.08297458 -0.17642538  0.9806285 ]]",3
9,10,5,,0.8382748365402222,"[[ 0.9982176  -0.05073064  0.0016381   0.01853065  0.02533773]
 [ 0.05079739  0.98755234 -0.14645009  0.01244122 -0.02361464]
 [ 0.00474251  0.14726514  0.9881927   0.00302762  0.04191015]
 [-0.0152793  -0.01443212  0.00556505  0.9884194  -0.1501811 ]
 [-0.02693217  0.0164783  -0.04465264  0.1500658   0.9871624 ]]",3
10,11,5,,1.1047213077545166,"[[ 0.95072794 -0.10662792 -0.25663468  0.08105939  0.1109725 ]
 [ 0.12753233  0.95222753  0.03371349 -0.2601844   0.0903639 ]
 [ 0.21862236  0.03774997  0.90584904  0.36081508 -0.00540982]
 [-0.13233835 -0.04169833 -0.00929095  0.12260698  0.9826642 ]
 [-0.12059327  0.28058752 -0.3351914   0.8834667  -0.11773352]]",3
0,1,5,,0.7891527414321899,"[[ 0.9849258   0.13610308  0.05566201 -0.06308129 -0.06572341]
 [-0.14763626  0.97993964  0.11393663 -0.06646174 -0.02287625]
 [-0.05347111 -0.13065824  0.9719374  -0.08343727 -0.16865712]
 [ 0.04213927  0.06178133  0.07360153  0.9865744  -0.1251443 ]
 [ 0.05907449  0.01749108  0.18395856  0.10636136  0.97521836]]",4
1,2,5,,0.7968993782997131,"[[ 0.9944466   0.04172984 -0.08696198 -0.02965152  0.0298848 ]
 [-0.04346429  0.9982332  -0.02462989 -0.01105165 -0.03020843]
 [ 0.08340281  0.02701949  0.99270046 -0.08258256 -0.00631294]
 [-0.03478353 -0.01571182 -0.079702   -0.9952825  -0.04004379]
 [-0.03195333  0.02849854  0.00493863 -0.03989279  0.99827397]]",4
2,3,5,,0.7889017462730408,"[[ 0.9299895  -0.35986996 -0.03209304  0.01110473 -0.0667818 ]
 [ 0.36270672  0.912432    0.1837366   0.00290912  0.04630322]
 [-0.03450364 -0.18643364  0.9803956   0.0031802   0.05353714]
 [ 0.00757163  0.00244956  0.00819668 -0.9969291  -0.07747155]
 [ 0.04811938 -0.05654958 -0.06299263 -0.07739807  0.99223393]]",4
3,4,5,,0.7071473598480225,"[[ 0.9975044   0.03945922  0.04420521 -0.02345558  0.03039207]
 [ 0.03486528 -0.9945346   0.08590778  0.02480093  0.04111043]
 [-0.0468198   0.07930415  0.9906394  -0.07617515 -0.06595325]
 [ 0.02022402  0.03016217  0.07247636  0.99591625 -0.03974015]
 [-0.03418004  0.04631376  0.06361316  0.03439437  0.9957194 ]]",4
4,5,5,,0.6846709251403809,"[[ 0.98910564 -0.11852808 -0.04550275  0.07380784  0.01014621]
 [ 0.12881693  0.96912235  0.19043998 -0.04174361 -0.07872832]
 [-0.01562635  0.18221664 -0.97476673 -0.08586582 -0.09492031]
 [-0.06928968  0.0757215  -0.08127768  0.9864267   0.09910344]
 [ 0.00555975  0.08840979 -0.0698995  -0.11135205  0.9873538 ]]",4
5,6,5,,0.7488343119621277,"[[ 0.99003136  0.1039549  -0.07843161  0.04320823 -0.03182667]
 [-0.1200648   0.97331834 -0.18724456  0.0408955  -0.0387667 ]
 [-0.05892869 -0.19794902 -0.975667    0.00124304 -0.07359228]
 [-0.03198054 -0.0372241  -0.00591696  0.97410345  0.22063322]
 [ 0.03044858  0.0357118  -0.08262391 -0.2181318   0.9712823 ]]",4
6,7,5,,0.7227873802185059,"[[ 9.9671936e-01 -7.2522491e-02 -4.4845598e-04  1.3131084e-02
   3.3443291e-02]
 [ 7.2791822e-02  9.9207014e-01 -8.2972795e-02  4.6881031e-02
  -3.7628017e-02]
 [ 8.1546176e-03  8.6010113e-02  9.9265379e-01 -8.4084295e-02
  -1.0193462e-02]
 [-1.8245680e-02 -3.5182688e-02  8.8054717e-02  9.9217880e-01
   7.9100624e-02]
 [-2.9198337e-02  4.3609150e-02  4.6503690e-05 -7.8363471e-02
   9.9554253e-01]]",4
7,8,5,,0.7895492911338806,"[[ 0.9989821  -0.00368471 -0.03096234  0.01957404  0.02606499]
 [-0.00238195  0.978446   -0.2013401   0.03153887 -0.03324367]
 [ 0.02998842  0.20417275  0.9757101  -0.03485916  0.06472142]
 [-0.01129678 -0.02764507  0.05624959  0.9704185  -0.23287775]
 [-0.03165705  0.01337992 -0.05770019  0.23599774  0.96943   ]]",4
8,9,5,,0.7500380277633667,"[[ 0.99798447 -0.04646543 -0.00621053  0.03520979  0.02428329]
 [ 0.04602803  0.9953316  -0.08336858  0.00454759 -0.01501552]
 [ 0.01413529  0.08317479  0.9834879  -0.15203242  0.05019794]
 [-0.03570518  0.0109363   0.14651905  0.9834485   0.09983418]
 [-0.02082717  0.01087935 -0.06553498 -0.09195038  0.9933267 ]]",4
9,10,5,,0.8516485691070557,"[[ 0.99726725 -0.06599966 -0.00796405  0.02966897  0.01258725]
 [ 0.06370786  0.98180795 -0.17730282  0.00486213 -0.02312353]
 [ 0.01890122  0.17718695  0.98325753  0.00686308  0.03748397]
 [-0.02701866 -0.0073807   0.00276547  0.9787268  -0.2032284 ]
 [-0.01766677  0.01573727 -0.0411979   0.20283721  0.9780594 ]]",4
10,11,5,,1.1074053049087524,"[[ 0.9525038  -0.16440035 -0.2305085   0.05318812  0.0987215 ]
 [ 0.17597485  0.9333702   0.02111981 -0.3042228   0.06968092]
 [ 0.2050779   0.06461415  0.8979459   0.38353956  0.01893745]
 [-0.12422159  0.00375463 -0.06057784  0.15934967  0.9774932 ]
 [-0.06543285  0.31241575 -0.3693823   0.8556428  -0.17189269]]",4
0,1,5,,0.789876401424408,"[[ 0.98883986  0.1058637   0.05755907 -0.06110673 -0.06278163]
 [-0.1170478   0.9847401   0.11058079 -0.06270824 -0.02065055]
 [-0.05973945 -0.12620406  0.97132516 -0.10421546 -0.16177227]
 [ 0.04172827  0.05447881  0.09487767  0.9854639  -0.12308519]
 [ 0.05644023  0.01358494  0.17884201  0.10165488  0.97688884]]",5
1,2,5,,0.8168809413909912,"[[ 0.9956138   0.02600504 -0.08087658 -0.0257704   0.02952403]
 [-0.02724489  0.99886024 -0.02255452 -0.00906064 -0.03074335]
 [ 0.07798793  0.02347041  0.9926866  -0.08868426 -0.00868946]
 [-0.03179325 -0.01252903 -0.08632989 -0.99543303 -0.02219002]
 [-0.03029609  0.02990213  0.00841468 -0.02240369  0.99880695]]",5
2,3,5,,0.7751919031143188,"[[ 0.94412315 -0.32165018 -0.01775456  0.02416731 -0.06537152]
 [ 0.32278967  0.9262023   0.18696469  0.00234987  0.05472363]
 [-0.04133891 -0.18624341  0.9803688  -0.0157862   0.04724827]
 [ 0.0176511   0.00605114 -0.00735566 -0.9901054  -0.13888527]
 [ 0.04917221 -0.06298507 -0.05959849 -0.13730483  0.98550004]]",5
3,4,5,,0.7228825688362122,"[[ 0.99742836  0.01611716  0.05129927 -0.03083242  0.03598262]
 [ 0.01091774 -0.9935828   0.09197365  0.04329519  0.04837849]
 [-0.05149969  0.08577795  0.99147123 -0.0497981  -0.06704365]
 [ 0.03012801  0.04461632  0.04338625  0.9955572  -0.06391551]
 [-0.03817925  0.05643638  0.0633375   0.0596734   0.9938736 ]]",5
4,5,5,,0.681382417678833,"[[ 0.9893028  -0.10431362  0.04655243  0.08640543  0.02766902]
 [ 0.11732918  0.9608124  -0.23727103 -0.03118937 -0.07617804]
 [-0.01355543  0.23117436  0.96670693 -0.0567985  -0.09287804]
 [-0.08556682  0.07189618  0.05768526  0.97224575  0.19728109]
 [-0.00289284  0.08571791  0.06070817 -0.20754139  0.97256625]]",5
5,6,5,,0.741171658039093,"[[ 0.99181676  0.06686977 -0.08903848  0.05294203 -0.033124  ]
 [-0.09261751  0.9598012  -0.2504067   0.06853169 -0.05294926]
 [ 0.07258765  0.26360977  0.956826   -0.02372985  0.09571749]
 [-0.04180632 -0.05956038  0.03174851  0.989152    0.12359244]
 [ 0.02654679  0.03567398 -0.11333437 -0.11625703  0.9857293 ]]",5
6,7,5,,0.6836456656455994,"[[ 0.9955485  -0.08930676 -0.01129557  0.02414366  0.01403489]
 [ 0.08821913  0.9911921  -0.07738349  0.02509187 -0.05601546]
 [ 0.02049339  0.07920658  0.9914697  -0.09955822  0.01955481]
 [-0.02465568 -0.01298357  0.10059941  0.9938246   0.0376303 ]
 [-0.00852562  0.05585875 -0.02742019 -0.03447299  0.9974302 ]]",5
7,8,5,,0.7427316904067993,"[[ 0.99894863 -0.02203285 -0.0339603   0.02077503  0.0055956 ]
 [ 0.01361552  0.9739239  -0.21776827  0.03588986 -0.05075152]
 [ 0.03848362  0.2197015   0.9739729  -0.03195287  0.02461727]
 [-0.01947334 -0.03118023  0.04252909  0.9950108  -0.08242149]
 [-0.00748865  0.04178261 -0.03149124  0.08492808  0.99498427]]",5
8,9,5,,0.8461484313011169,"[[ 0.9977565  -0.05612322 -0.01050979  0.02103229  0.02791832]
 [ 0.05492318  0.99209607 -0.11145318 -0.01732861  0.00260723]
 [ 0.01901602  0.10674666  0.9829269  -0.14775613  0.01631966]
 [-0.01912917  0.03429708  0.14392759  0.98677504  0.06338507]
 [-0.02716567 -0.00494831 -0.02464245 -0.0608319   0.9974617 ]]",5
9,10,5,,0.8618263006210327,"[[ 0.9967559  -0.06798306  0.00634609  0.04121258  0.01082525]
 [ 0.06758688  0.98839325 -0.13063289  0.02371054 -0.02972608]
 [ 0.00357857  0.13254544  0.989854   -0.03099043  0.04058876]
 [-0.04260077 -0.01665881  0.03375541  0.998379   -0.00276498]
 [-0.00905612  0.02472393 -0.0440941   0.00428268  0.9986712 ]]",5
10,11,5,,1.1389795541763306,"[[ 0.9652325  -0.1741784  -0.15083183  0.05491083  0.11055576]
 [ 0.18077071  0.9312782   0.14299338  0.2769999  -0.0535437 ]
 [ 0.1324487  -0.04445938  0.90112495 -0.36638924  0.18496922]
 [-0.12581871 -0.15068564  0.13219248  0.6585585   0.71434534]
 [-0.04769778  0.27874738 -0.3567937  -0.59356177  0.6636321 ]]",5
0,1,5,,0.7883245348930359,"[[ 0.9874158   0.11797445  0.05428722 -0.06485373 -0.06276197]
 [-0.12985146  0.98296875  0.10273232 -0.07385607 -0.03003827]
 [-0.05580285 -0.12168957  0.97283655 -0.10423967 -0.15748286]
 [ 0.04265867  0.06542892  0.09314987  0.9825718  -0.14062385]
 [ 0.05670123  0.02765995  0.1772319   0.11843156  0.9749783 ]]",6
1,2,5,,0.8008949160575867,"[[ 0.9952604   0.01749123 -0.08612289 -0.0300406  -0.02883007]
 [-0.01750458  0.9993142  -0.00715449 -0.00731027  0.03098652]
 [ 0.08372265  0.00784748  0.99356633 -0.07563975  0.00577598]
 [-0.03478397 -0.00992484 -0.07305917 -0.99548054  0.04870703]
 [-0.03051054  0.03008612  0.00445092 -0.04838592 -0.99789923]]",6
2,3,5,,0.7851951122283936,"[[ 0.9320112  -0.3574707  -0.01840105  0.00734611 -0.05636798]
 [ 0.35619584  0.91062087  0.204037   -0.00532425  0.04727274]
 [-0.05414095 -0.20062944  0.976375    0.0047767   0.05903984]
 [ 0.00126445 -0.00389936  0.00941863 -0.9961327  -0.08725899]
 [-0.03933012  0.0521247   0.0680701   0.08726119 -0.99170965]]",6
3,4,5,,0.7292212843894958,"[[ 0.99692243  0.0219426   0.05610314  0.01627413 -0.0474538 ]
 [ 0.01615827 -0.9954097   0.08572837 -0.02693276 -0.02870089]
 [-0.05584138  0.08034819  0.98990536  0.08144622  0.06228807]
 [ 0.01747997  0.02957309  0.07194916 -0.98870754  0.12688762]
 [-0.049607    0.03671077  0.06643627 -0.12179314 -0.9884048 ]]",6
4,5,5,,0.7013948559761047,"[[ 0.9847531  -0.14258358 -0.0633806   0.07688487  0.0017012 ]
 [ 0.15563646  0.9649623   0.19490911 -0.04166248 -0.06999726]
 [-0.02836519  0.1931189  -0.9750735  -0.08086295 -0.06777337]
 [ 0.07151033 -0.07199454  0.0693611  -0.99113506 -0.05043211]
 [-0.01096909 -0.07771404  0.0491317   0.05886787 -0.99396217]]",6
5,6,5,,0.7449139952659607,"[[ 0.98507875  0.13821454 -0.08038419  0.04719152 -0.04275488]
 [-0.1580546   0.95506257 -0.23708181  0.0291042  -0.07628515]
 [-0.04629384 -0.25332445 -0.9618917  -0.01265046 -0.09103788]
 [-0.03232523 -0.01828364 -0.03550253  0.9491731   0.31053308]
 [ 0.03808684  0.06515147 -0.10408877 -0.30957437  0.94214326]]",6
6,7,5,,0.702675998210907,"[[ 0.99563396 -0.08761801  0.00151268  0.01638041  0.02766804]
 [ 0.08848919  0.99262416 -0.07020289  0.00989647 -0.04290169]
 [ 0.00565181  0.07178351  0.99243665 -0.09584496  0.02642619]
 [-0.01906048  0.00287242  0.09275556  0.99008083  0.10375311]
 [-0.02207855  0.0431189  -0.03918029 -0.10093235  0.9929405 ]]",6
7,8,5,,0.7650813460350037,"[[ 0.9993234   0.0145637  -0.02669516  0.01694411  0.01186724]
 [-0.01954551  0.97579443 -0.21051155  0.019178   -0.05253813]
 [ 0.02258607  0.21490929  0.97316843 -0.03366458  0.0715105 ]
 [-0.01333302 -0.01723732  0.0495244   0.9866722  -0.1534611 ]
 [-0.01681482  0.03361482 -0.07391059  0.15712948  0.98409086]]",6
8,9,5,,0.7628889679908752,"[[ 9.9675250e-01 -7.1941651e-02  1.1622714e-02  2.8311510e-02
   1.9289911e-02]
 [ 7.2604127e-02  9.9013186e-01 -1.1911229e-01 -3.7979282e-04
   1.3402591e-02]
 [ 9.8386162e-04  1.1641523e-01  9.7535110e-01 -1.7840940e-01
   5.7505224e-02]
 [-3.1018753e-02  2.0682612e-02  1.6682127e-01  9.7375685e-01
   1.5026091e-01]
 [-1.5806360e-02 -2.1977337e-02 -8.0858313e-02 -1.3844138e-01
   9.8669297e-01]]",6
9,10,5,,0.8538515567779541,"[[ 0.9974468  -0.06442161  0.00649835  0.02860931  0.00943777]
 [ 0.06424331  0.98570865 -0.15105137  0.02381222 -0.02945881]
 [ 0.00410337  0.15292032  0.98691624 -0.03507581  0.03693964]
 [-0.02946367 -0.01766558  0.04041571  0.99698085 -0.05670584]
 [-0.00936944  0.02305916 -0.03878316  0.05842372  0.99722767]]",6
10,11,5,,1.0943286418914795,"[[ 0.9430798  -0.22026528 -0.19793159  0.07483558  0.13155326]
 [ 0.23178789  0.94120926  0.04854491 -0.21464622  0.10940775]
 [ 0.16150668  0.02332497  0.8774364   0.4479134  -0.05338921]
 [-0.14360724 -0.07277389  0.06661812  0.04233364  0.9837941 ]
 [-0.10083272  0.24447572 -0.42910817  0.8636597  -0.00474119]]",6
0,1,5,,0.7903829216957092,"[[ 0.9885256   0.11344016  0.04888232 -0.06647712 -0.05603322]
 [-0.12405507  0.9838756   0.10584562 -0.07046885 -0.02073852]
 [-0.0491626  -0.12105983  0.9755581  -0.09441718 -0.14932925]
 [ 0.04661062  0.06430406  0.08393427  0.9832666  -0.14083388]
 [ 0.05327209  0.0181588   0.16627838  0.12201249  0.97688115]]",7
1,2,5,,0.8065669536590576,"[[ 0.99346226  0.06430826 -0.08340742 -0.03108258  0.03121364]
 [-0.06464488  0.9971713  -0.01404919 -0.00119272 -0.03565907]
 [ 0.07980673  0.01881327  0.99318177 -0.0825609  -0.00712256]
 [-0.03655355 -0.00575283 -0.07993504 -0.99566686 -0.02981071]
 [-0.03389004  0.03356695  0.00680437 -0.02938877  0.99840605]]",7
2,3,5,,0.76161789894104,"[[ 0.9393818  -0.33641595 -0.02222218  0.01413656 -0.06076549]
 [ 0.33705863  0.9199675   0.19251373  0.0187272   0.05137298]
 [-0.04261111 -0.19196044  0.979381    0.00194972  0.04630917]
 [ 0.01472251  0.01860777  0.0115025  -0.9934978  -0.11075579]
 [ 0.0438271  -0.05735147 -0.05590358 -0.11139032  0.9895742 ]]",7
3,4,5,,0.7071520090103149,"[[ 0.9963435   0.04236828  0.05506021 -0.02738999  0.04150645]
 [ 0.03559847 -0.9919557   0.10671835  0.03949321  0.04252264]
 [-0.0579223   0.09947813  0.989776   -0.05716085 -0.06184801]
 [ 0.0261057   0.04245203  0.04970031  0.9943257  -0.07976585]
 [-0.04467597  0.05030701  0.05876127  0.07575687  0.9931169 ]]",7
4,5,5,,0.6782248616218567,"[[ 0.9865852  -0.11895964 -0.05692946  0.0938059   0.02139271]
 [ 0.13485183  0.96372056  0.20829351 -0.05048063 -0.08439884]
 [-0.02381262  0.20259671 -0.9729538  -0.06298813 -0.08820996]
 [-0.08882926  0.09011119 -0.05699801  0.97698444  0.16199367]
 [ 0.00261996  0.08902698 -0.05903437 -0.17374125  0.9789771 ]]",7
5,6,5,,0.7313405275344849,"[[ 0.9888314   0.10291559 -0.08879843  0.04989422 -0.03530224]
 [-0.12457453  0.96281236 -0.23055647  0.03197712 -0.0573985 ]
 [-0.06403748 -0.24416249 -0.96342635 -0.00542159 -0.08980116]
 [-0.04046237 -0.02918475 -0.01404248  0.9784681   0.1997849 ]
 [ 0.03091343  0.04397206 -0.10281603 -0.19763294  0.9733863 ]]",7
6,7,5,,0.6869598627090454,"[[ 0.99689555 -0.07188917 -0.01288313  0.01808886  0.02319827]
 [ 0.07159819  0.9922012  -0.0702404   0.03257418 -0.06644994]
 [ 0.0189578   0.07288323  0.9941485  -0.07444661  0.02133591]
 [-0.0198471  -0.02266355  0.07555088  0.9955129   0.04835921]
 [-0.01788265  0.067402   -0.02934713 -0.04498355  0.9961186 ]]",7
7,8,5,,0.7531351447105408,"[[ 0.999165    0.00801827 -0.0327015   0.02039871  0.01092989]
 [-0.01465614  0.9765073  -0.20835702  0.02503411 -0.04668353]
 [ 0.03018717  0.21110126  0.97599083 -0.01855622  0.04028024]
 [-0.0175519  -0.02554441  0.03040549  0.9900855  -0.13358769]
 [-0.01533343  0.03395511 -0.04511448  0.13543853  0.98905665]]",7
8,9,5,,0.7674744725227356,"[[ 0.9976313  -0.05582346 -0.00898953  0.02760913  0.02779189]
 [ 0.05527568  0.9953625  -0.0777824  -0.01201703  0.00188427]
 [ 0.01635303  0.07428408  0.98571014 -0.14771195  0.02777041]
 [-0.02706473  0.02445679  0.1437089   0.9849662   0.08864919]
 [-0.02600764 -0.00457662 -0.03990496 -0.08435677  0.995286  ]]",7
9,10,5,,0.8335087299346924,"[[ 0.99764776 -0.05608453  0.01012211  0.03657308  0.01064387]
 [ 0.05703313  0.98950803 -0.12887454  0.00638218 -0.03117276]
 [-0.00205399  0.1301423   0.99081516 -0.02610944  0.02573509]
 [-0.0368455  -0.00117147  0.02666875  0.9989109  -0.01033901]
 [-0.00917755  0.02810732 -0.02937536  0.01081936  0.9990725 ]]",7
10,11,5,,1.1192638874053955,"[[ 0.96402174 -0.11602592 -0.20423847  0.00476503  0.12435437]
 [ 0.13694192  0.9341641   0.09432773  0.31220737 -0.04704341]
 [ 0.1796386  -0.01351674  0.927962   -0.29907897  0.13032839]
 [-0.10629288 -0.13651752  0.08267531  0.5523607   0.8112504 ]
 [-0.09132805  0.30831093 -0.28537723 -0.71270835  0.5542655 ]]",7
0,1,5,,0.7884199023246765,"[[ 0.988118    0.11548092  0.04344523 -0.06924954  0.06003376]
 [-0.12724492  0.9819364   0.10747591 -0.0845221   0.03024291]
 [-0.04459698 -0.12620258  0.9739915  -0.10764532  0.14777353]
 [ 0.04500557  0.07429209  0.09300866  0.976279    0.17516792]
 [ 0.05845711  0.03191717  0.17103025  0.15281433 -0.9710615 ]]",8
1,2,5,,0.7962395548820496,"[[ 9.9239337e-01  7.2826378e-02 -8.1608072e-02 -4.4158831e-02
  -3.5240449e-02]
 [-7.2043404e-02  9.9698073e-01  6.6077773e-04  8.3644572e-04
   2.8949980e-02]
 [ 7.7627577e-02  5.1426394e-03  9.9374175e-01 -8.0040433e-02
  -4.2918036e-03]
 [-4.9157187e-02 -3.5940269e-03 -7.6174520e-02 -9.9536324e-01
   3.1938348e-02]
 [ 3.9022099e-02 -2.6200145e-02  3.8087668e-03  2.9912990e-02
   9.9843955e-01]]",8
2,3,5,,0.7812712788581848,"[[ 0.8984079  -0.4339809  -0.02974636  0.00425894 -0.06017324]
 [ 0.4332865   0.87997997  0.19273981 -0.00509663  0.02689691]
 [-0.05479998 -0.18918948  0.97834396  0.00747936  0.06317738]
 [-0.00168616 -0.00534824  0.01053315 -0.9979771  -0.06244375]
 [-0.04604543  0.03839986  0.06854614  0.06278184 -0.9938638 ]]",8
3,4,5,,0.7275093793869019,"[[ 0.99519473 -0.01843455  0.07588647  0.00725745 -0.05861984]
 [-0.02725401 -0.9941769   0.09784827 -0.02445103 -0.02640676]
 [-0.07057247  0.09510709  0.9866151   0.09413484  0.06085531]
 [ 0.01051876  0.02791765  0.08241426 -0.984073    0.15465474]
 [-0.061267    0.03804798  0.06682375 -0.1486215  -0.98399436]]",8
4,5,5,,0.6976522207260132,"[[ 0.98491055 -0.14196847 -0.0573102  -0.07964227  0.01299362]
 [ 0.15275125  0.9720431   0.1587707   0.05218048  0.06219543]
 [-0.02845326  0.1567264  -0.981992    0.08456949  0.05627578]
 [ 0.07324497 -0.07665335  0.07128902  0.99179685  0.00403662]
 [-0.02106861 -0.0673661   0.04601085 -0.01101306  0.9963833 ]]",8
5,6,5,,0.7337508201599121,"[[ 0.9800933   0.16064036 -0.09135288  0.0447689  -0.0571157 ]
 [-0.18271203  0.9518565  -0.2302954   0.00384882 -0.08680271]
 [-0.05089412 -0.24882236 -0.96396023 -0.04402842 -0.06587397]
 [ 0.03219444 -0.00211077  0.0627789  -0.95143217 -0.2996575 ]
 [-0.04905871 -0.07903697  0.07387917  0.30136225 -0.9460809 ]]",8
6,7,5,,0.6916125416755676,"[[ 0.9963757  -0.07750014 -0.0091615   0.02116119  0.0264113 ]
 [ 0.07806102  0.99467236 -0.04178198  0.01310096 -0.05114716]
 [ 0.01267211  0.0431839   0.99735135 -0.04709798  0.03235158]
 [-0.02375156 -0.00404604  0.04402782  0.9933581   0.10354031]
 [-0.02042829  0.05233958 -0.03901492 -0.10198969  0.9924309 ]]",8
7,8,5,,0.749568521976471,"[[ 0.99944854  0.01365656 -0.02164551  0.02102931  0.0023298 ]
 [-0.01780713  0.97851664 -0.19846259  0.01228012 -0.05147799]
 [ 0.0188646   0.20163445  0.97758234 -0.02692785  0.05094475]
 [-0.01961215 -0.011911    0.03662024  0.9912991  -0.12433233]
 [-0.00671457  0.03899299 -0.05599852  0.12652248  0.9895912 ]]",8
8,9,5,,0.7458600401878357,"[[ 0.9973785  -0.06274249 -0.00896209  0.02692261  0.02223649]
 [ 0.06171445  0.99520713 -0.07481287 -0.00208992  0.01236235]
 [ 0.0151509   0.0724161   0.98896873 -0.11321072  0.0604196 ]
 [-0.02780629  0.01014803  0.1050048   0.9862602   0.12405133]
 [-0.02061106 -0.01670743 -0.07237086 -0.11723933  0.9901078 ]]",8
9,10,5,,0.8327322006225586,"[[ 0.9972593  -0.06222228  0.01040034  0.03720054 -0.01050286]
 [ 0.06302094  0.98061657 -0.1818366  -0.00852065 -0.03581024]
 [ 0.00386092  0.18191166  0.98075205 -0.06664629  0.02401964]
 [-0.03763482  0.01923992  0.06666126  0.99039567 -0.11351716]
 [ 0.00842881  0.03251966 -0.0225607   0.11497046  0.99254435]]",8
10,11,5,,1.1353996992111206,"[[ 0.9414145  -0.1675305  -0.275406    0.0252831   0.09583618]
 [ 0.2182925   0.908599    0.1959896  -0.28560218  0.08255733]
 [ 0.21295595 -0.07523357  0.8323763   0.50486207  0.03540635]
 [-0.11097934 -0.08113992  0.00958195 -0.05044848  0.98917294]
 [-0.09176318  0.36624795 -0.43908703  0.81262624  0.06544516]]",8
0,1,5,,0.7940942645072937,"[[ 0.9868419   0.12194963  0.05532345 -0.06570759 -0.06239503]
 [-0.1333106   0.9833195   0.09565255 -0.07517371 -0.02259374]
 [-0.05738686 -0.11389982  0.97351176 -0.10114115 -0.16055803]
 [ 0.04289082  0.06897454  0.08919086  0.9824391  -0.14234258]
 [ 0.05690721  0.02191629  0.17919195  0.12089421  0.97445166]]",9
1,2,5,,0.8194035887718201,"[[ 0.9959617   0.00632074 -0.08069146 -0.02836625 -0.02654084]
 [-0.0074672   0.9991695  -0.02045115 -0.01168034  0.03240086]
 [ 0.07868014  0.01955463  0.9937923  -0.07459106  0.01549629]
 [-0.03263125 -0.0151938  -0.07268696 -0.9951075   0.05641079]
 [-0.02736802  0.03173434  0.01281197 -0.05706416 -0.99740833]]",9
2,3,5,,0.7806205749511719,"[[ 9.4148844e-01 -3.3034199e-01 -1.1689744e-02  1.2607141e-02
  -6.4638183e-02]
 [ 3.2885283e-01  9.1908544e-01  2.1006373e-01  2.9908781e-04
   5.4872040e-02]
 [-5.6555960e-02 -2.0581998e-01  9.7559339e-01 -6.5067754e-04
   5.1541805e-02]
 [ 9.4798170e-03 -3.9582996e-04  2.7124493e-03 -9.9843073e-01
  -5.5124935e-02]
 [-4.6549655e-02  6.1596390e-02  6.2822580e-02  5.4559037e-02
  -9.9353695e-01]]",9
3,4,5,,0.719043493270874,"[[ 0.9974047   0.03292666  0.04776849  0.01756737  0.03884951]
 [ 0.0269746  -0.9930941   0.10372117 -0.03149701  0.03586665]
 [-0.04959892  0.09769128  0.98977286  0.07038057 -0.05824524]
 [ 0.01583209  0.03629128  0.06407199 -0.99496675 -0.06609175]
 [-0.04177982  0.04265409  0.05660789 -0.06153825  0.9947078 ]]",9
4,5,5,,0.6801432967185974,"[[ 0.98686796 -0.12969267 -0.04878766  0.08293997  0.00347047]
 [ 0.14084424  0.9655135   0.20043059 -0.0450082  -0.07581782]
 [-0.01545954  0.19375919 -0.973652   -0.08218825 -0.08640169]
 [ 0.07620987 -0.08124378  0.0754293  -0.9849006  -0.10896229]
 [ 0.01440379  0.08258481 -0.06131506 -0.1196293   0.987371  ]]",9
5,6,5,,0.7474497556686401,"[[ 0.9905428   0.09198403 -0.08332908  0.04482703 -0.03755815]
 [-0.11335557  0.9613154  -0.23976006  0.0291654  -0.06846663]
 [-0.06023594 -0.25290108 -0.9613237  -0.01249471 -0.09007419]
 [-0.03483555 -0.02304567 -0.02696748  0.96915704  0.24137655]
 [ 0.03366763  0.05405106 -0.10344541 -0.24024634  0.96308136]]",9
6,7,5,,0.697272539138794,"[[ 0.99619573 -0.08022743 -0.00447981  0.01755279  0.02879983]
 [ 0.08037449  0.9916644  -0.07791058  0.03670205 -0.05219734]
 [ 0.01182582  0.08096772  0.9933952  -0.07823488  0.01869646]
 [-0.0218218  -0.02368251  0.07847237  0.9916981   0.09664331]
 [-0.02275828  0.05521458 -0.03029581 -0.09358989  0.99335617]]",9
7,8,5,,0.7961599230766296,"[[ 0.99918795 -0.0149019  -0.0264574   0.01894193  0.0185041 ]
 [ 0.00948296  0.97631705 -0.20971034  0.02152098 -0.04768242]
 [ 0.02849723  0.21266764  0.9742853  -0.03365484  0.05996464]
 [-0.01385268 -0.02017788  0.05077079  0.97868544 -0.19747944]
 [-0.02300745  0.03079586 -0.05926156  0.20054987  0.97713363]]",9
8,9,5,,0.7676070332527161,"[[ 0.99766433 -0.05633023 -0.0010588   0.0318549   0.02184123]
 [ 0.05599686  0.99380666 -0.09593967 -0.00133303  0.00257191]
 [ 0.00989863  0.09369756  0.9804052  -0.1588      0.0686368 ]
 [-0.0323624   0.01747889  0.15110655  0.98307186  0.09686887]
 [-0.01962226 -0.00951956 -0.08226135 -0.08564845  0.99268407]]",9
9,10,5,,0.8458470106124878,"[[ 9.9733049e-01 -6.4413130e-02 -9.9292432e-04  3.4172498e-02
   3.7367952e-03]
 [ 6.3259177e-02  9.8571426e-01 -1.5437590e-01  9.5949583e-03
  -2.1012964e-02]
 [ 1.1390627e-02  1.5490974e-01  9.8672986e-01 -1.6614636e-02
   4.4286311e-02]
 [-3.3743024e-02 -6.6841515e-03  2.4552103e-02  9.8866504e-01
  -1.4406717e-01]
 [-7.8548230e-03  1.3284951e-02 -4.3913431e-02  1.4493294e-01
   9.8834598e-01]]",9
10,11,5,,1.0888469219207764,"[[ 0.9543885  -0.17605889 -0.21058893  0.08821818  0.07756127]
 [ 0.194878    0.94836617  0.08102326 -0.16846804  0.16636659]
 [ 0.17679672 -0.01691835  0.89762866  0.3586512  -0.18463163]
 [-0.13170876  0.00359504 -0.05737913  0.609902    0.77933764]
 [-0.05060577  0.26325962 -0.37424314  0.68060637 -0.5699565 ]]",9
0,1,5,,0.7891508936882019,"[[ 0.98714125  0.12231435  0.0522404  -0.06609076 -0.05911162]
 [-0.13334362  0.98288345  0.10195627 -0.07282639 -0.02146537]
 [-0.05273959 -0.11881679  0.9741373  -0.09683485 -0.15741871]
 [ 0.0446323   0.06696013  0.08576112  0.9832002  -0.13959473]
 [ 0.05475402  0.01944612  0.17486404  0.11945169  0.97559094]]",10
1,2,5,,0.8092160224914551,"[[ 0.9949933   0.03172793 -0.08436544 -0.03007998 -0.03097493]
 [-0.0325192   0.99878424 -0.01674815 -0.00817474  0.03201924]
 [ 0.08152732  0.01837789  0.993324   -0.07901435  0.00893458]
 [-0.0347685  -0.01202958 -0.07651018 -0.995337    0.04579307]
 [-0.03279313  0.03067474  0.00746379 -0.04571073 -0.99791706]]",10
2,3,5,,0.7707691788673401,"[[ 0.9416262  -0.3305039  -0.01666268  0.01316506 -0.06046696]
 [ 0.33004844  0.9203652   0.20224462  0.00774841  0.05507194]
 [-0.04981531 -0.19979534  0.97740245  0.00332062  0.04768382]
 [ 0.011403    0.00707271  0.00934719 -0.9966087  -0.08064493]
 [-0.0423849   0.06104741  0.05845185  0.08078764 -0.9922366 ]]",10
3,4,5,,0.7129814624786377,"[[ 0.99629825  0.05352064  0.05058348  0.02122715  0.03893612]
 [ 0.04741037 -0.99260384  0.10069887 -0.03093784  0.0373168 ]
 [-0.05442088  0.09335364  0.98980814  0.07058179 -0.06017817]
 [ 0.01976594  0.03473463  0.06289095 -0.9927819  -0.0939775 ]
 [-0.0423048   0.04417968  0.06021218 -0.08941308  0.9922894 ]]",10
4,5,5,,0.6791462898254395,"[[ 0.98562855 -0.1329015  -0.05747174  0.08643822  0.00994801]
 [ 0.14729331  0.9624472   0.20465608 -0.05390148 -0.08491586]
 [-0.02298851  0.19905971 -0.9734821  -0.06916796 -0.08599528]
 [ 0.07871998 -0.09100725  0.06044321 -0.9829334  -0.12533732]
 [ 0.010757    0.09014212 -0.05909439 -0.13667788  0.9846754 ]]",10
5,6,5,,0.7359601259231567,"[[ 0.9886292   0.11087766 -0.08227029  0.04539677 -0.03858834]
 [-0.1308274   0.9616951  -0.2287112   0.02513736 -0.07131642]
 [-0.05582169 -0.24293886 -0.9648241  -0.00998946 -0.08294193]
 [-0.03522796 -0.01821516 -0.0238327   0.9703011   0.2374342 ]
 [ 0.03375361  0.05914056 -0.09731027 -0.23605774  0.9644535 ]]",10
6,7,5,,0.691794216632843,"[[ 0.99697876 -0.07002634 -0.00629844  0.01715443  0.0282095 ]
 [ 0.07039335  0.9928068  -0.06776839  0.03494913 -0.05971187]
 [ 0.01191629  0.07104381  0.9943103  -0.07506707  0.02286466]
 [-0.02028042 -0.0242799   0.07546261  0.9942761   0.06869997]
 [-0.02291042  0.06159789 -0.03194151 -0.06530168  0.9951865 ]]",10
7,8,5,,0.774012565612793,"[[ 9.9940830e-01 -6.5607962e-04 -2.2479830e-02  2.1732563e-02
   1.4315924e-02]
 [-3.9324099e-03  9.7475398e-01 -2.1683340e-01  1.8726235e-02
  -4.9717776e-02]
 [ 2.1962127e-02  2.1977136e-01  9.7358614e-01 -2.9182607e-02
   4.9965087e-02]
 [-1.7534008e-02 -1.9020980e-02  4.4040501e-02  9.7953957e-01
  -1.9466241e-01]
 [-1.9436674e-02  3.4540370e-02 -5.1655531e-02  1.9704734e-01
   9.7822964e-01]]",10
8,9,5,,0.7677145004272461,"[[ 9.9743420e-01 -5.8150422e-02 -7.2850226e-03  3.4602415e-02
   2.2204371e-02]
 [ 5.7229906e-02  9.9474728e-01 -8.4638648e-02  2.0571321e-04
   6.2244534e-03]
 [ 1.5747182e-02  8.2390890e-02  9.8325664e-01 -1.4895178e-01
   6.3114278e-02]
 [-3.4412500e-02  1.3330355e-02  1.4263462e-01  9.8470390e-01
   9.3014792e-02]
 [-2.0431589e-02 -1.1415942e-02 -7.5132348e-02 -8.3512247e-02
   9.9339473e-01]]",10
9,10,5,,0.8416038155555725,"[[ 0.9976884  -0.05909849  0.00275257  0.03328974  0.00307771]
 [ 0.05882702  0.98747295 -0.14368787  0.00444763 -0.02775736]
 [ 0.00626744  0.1445053   0.9888068  -0.01609612  0.03287936]
 [-0.03298672 -0.0027326   0.0205773   0.99264836 -0.11458719]
 [-0.00546477  0.02269798 -0.0344092   0.11516146  0.99247605]]",10
10,11,5,,1.0967015027999878,"[[ 0.95234656 -0.15368873 -0.23443875  0.08273661  0.08722911]
 [ 0.17920706  0.9403928   0.08776585 -0.22881818  0.1532504 ]
 [ 0.19922751 -0.02320631  0.9114002   0.34650186 -0.09516349]
 [-0.12950732 -0.02017834 -0.03295439  0.4077956   0.9030158 ]
 [-0.06676159  0.3018204  -0.32496056  0.80897224 -0.3800156 ]]",10
0,1,5,,0.7892579436302185,"[[ 0.9858781   0.13399144  0.05305875 -0.06501563  0.05521162]
 [-0.14480507  0.98158467  0.10006597 -0.0698633   0.02507877]
 [-0.05123164 -0.11733805  0.97512764 -0.08923955  0.15738331]
 [ 0.04468063  0.06533826  0.07984537  0.98546803  0.12732637]
 [ 0.04954538  0.02237231  0.17298092  0.10854088 -0.97741556]]",11
1,2,5,,0.8057836890220642,"[[ 9.9491811e-01  2.7665300e-02 -8.6987674e-02 -3.0967640e-02
  -2.9097728e-02]
 [-2.7043914e-02  9.9914676e-01  4.7635991e-04 -6.3142702e-03
   3.0565364e-02]
 [ 8.4601052e-02  1.2272041e-03  9.9356151e-01 -7.5252920e-02
   3.7068268e-03]
 [-3.5370156e-02 -8.9831622e-03 -7.2556064e-02 -9.9501145e-01
   5.7931583e-02]
 [ 3.1593390e-02 -2.9293949e-02 -2.0306287e-03  5.7361431e-02
   9.9742126e-01]]",11
2,3,5,,0.773772656917572,"[[ 9.4398886e-01  3.2580948e-01 -1.1199317e-02 -5.7267066e-04
  -5.1064081e-02]
 [ 3.2426012e-01 -9.2393917e-01  1.9489589e-01 -2.7070860e-03
   5.6569364e-02]
 [-5.1559314e-02  1.9172840e-01  9.7850412e-01 -4.4198525e-03
   5.5605907e-02]
 [-7.7858847e-04 -4.9651209e-03  8.8047329e-03  9.9819475e-01
  -5.9198521e-02]
 [-3.2886229e-02 -5.8311440e-02  6.5896332e-02 -5.9833564e-02
  -9.9377859e-01]]",11
3,4,5,,0.7333004474639893,"[[ 0.9915382   0.1100616   0.0537836   0.01331357 -0.04084625]
 [-0.10403819  0.98962283 -0.09311726  0.02219272  0.02567971]
 [-0.06254091  0.08398501  0.9908918   0.07586258  0.03759472]
 [-0.01251436 -0.02619599 -0.06869417  0.9868866  -0.14315405]
 [-0.04427177  0.02816848  0.04302261 -0.14010678 -0.9878085 ]]",11
4,5,5,,0.7027909159660339,"[[ 0.9800199  -0.17000379 -0.0740017  -0.07092323  0.01237783]
 [ 0.18525614  0.95963645  0.18779166  0.07463222  0.06278796]
 [-0.03536918  0.18692635 -0.97579503  0.09135599  0.05732137]
 [ 0.06211936 -0.08916715  0.06228004  0.9776552  -0.1688254 ]
 [-0.01145502 -0.08546528  0.05659803  0.15888496  0.98189443]]",11
5,6,5,,0.7399665713310242,"[[ 0.983205    0.16265039 -0.05790921  0.04242833 -0.04121824]
 [-0.17522314  0.9540027  -0.224511    0.0060839  -0.09345374]
 [-0.02033857 -0.23969832 -0.9665652  -0.01417947 -0.0876454 ]
 [ 0.02310592 -0.02576387  0.06545849 -0.8515488  -0.5190204 ]
 [-0.04070679 -0.07283366  0.08779661  0.52232784 -0.8440993 ]]",11
6,7,5,,0.7046329379081726,"[[ 0.9965867  -0.07067326  0.01240139  0.01544221  0.03778831]
 [ 0.07314572  0.9939278  -0.06293374  0.00705988 -0.05241005]
 [-0.00758757  0.06602217  0.9925437  -0.09532052  0.03680252]
 [-0.02077098  0.00691994  0.08947856  0.9875101   0.12782083]
 [-0.03123497  0.05202007 -0.0523074  -0.12429639  0.98900586]]",11
7,8,5,,0.7686954140663147,"[[ 0.998709    0.04506368 -0.00905872  0.01852478  0.01115447]
 [-0.04528064  0.9767995  -0.19982225  0.00469583 -0.06214045]
 [-0.00117631  0.20462094  0.9755625  -0.00537916  0.07986014]
 [-0.01361889 -0.01660203  0.03172246  0.95906574 -0.2805807 ]
 [-0.01852554  0.04106893 -0.08520792  0.28248677  0.9544166 ]]",11
8,9,5,,0.761928915977478,"[[ 9.9718046e-01 -6.0949799e-02  1.0706125e-02  3.9373074e-02
   1.5854023e-02]
 [ 6.0953870e-02  9.9117589e-01 -1.1583896e-01  1.7521061e-02
   1.1372493e-02]
 [ 1.8383792e-03  1.1591525e-01  9.7583985e-01 -1.6573831e-01
   8.2628824e-02]
 [-4.3290995e-02 -5.1575212e-04  1.4188719e-01  9.5763290e-01
   2.4684580e-01]
 [-6.1825840e-03 -2.0466059e-02 -1.1862195e-01 -2.3154441e-01
   9.6532840e-01]]",11
9,10,5,,0.8314509987831116,"[[ 0.99950993 -0.01232573  0.02014081  0.01166574  0.01691878]
 [ 0.01532038  0.99014664 -0.13335164  0.01646924 -0.03634549]
 [-0.01891776  0.13602498  0.9883942  -0.02731302  0.05890844]
 [-0.00971644 -0.01699976  0.03918648  0.9854089  -0.16446967]
 [-0.01711449  0.02580488 -0.05790505  0.16678108  0.98380506]]",11
10,11,5,,1.0951429605484009,"[[ 0.91984236 -0.12390935 -0.35093758  0.10311479  0.06889559]
 [ 0.15743795  0.95635736  0.06282265 -0.15946123  0.17668991]
 [ 0.28652683 -0.01234213  0.8548338   0.41642278 -0.11662444]
 [-0.13100849 -0.07993887 -0.02266198  0.38865492  0.9082292 ]
 [-0.17274952  0.25196135 -0.3763532   0.79967415 -0.35433388]]",11
0,1,5,,0.790306031703949,"[[ 0.98608506  0.13115571  0.05393751 -0.06220226 -0.06046613]
 [-0.14209737  0.9813611   0.10985285 -0.06343693 -0.02543301]
 [-0.05172516 -0.12613086  0.97371846 -0.08432462 -0.16179378]
 [ 0.04304173  0.05850377  0.0755166   0.9872957  -0.119454  ]
 [ 0.05400566  0.0199216   0.1766146   0.10120911  0.9773692 ]]",12
1,2,5,,0.7981883883476257,"[[ 0.9944766   0.04647063 -0.08486347 -0.02931379  0.02820553]
 [-0.04706121  0.9982991  -0.01277823 -0.0069788  -0.03117533]
 [ 0.08171083  0.01583312  0.9930918  -0.08256629 -0.00490705]
 [-0.03453883 -0.01083837 -0.07993507 -0.99536526 -0.03934515]
 [-0.03052587  0.02951217  0.00372957 -0.03902394  0.9983288 ]]",12
2,3,5,,0.7697774171829224,"[[ 0.9361325  -0.34500927 -0.02412159  0.00550009 -0.06334359]
 [ 0.34685612  0.9202966   0.17468181  0.00193955  0.04719523]
 [-0.0355543  -0.17595689  0.98199093 -0.00908017  0.05819208]
 [ 0.002294    0.00616321 -0.00298601 -0.9963511  -0.08504223]
 [ 0.04557788 -0.0549898  -0.06774356 -0.08466335  0.991535  ]]",12
3,4,5,,0.7031508684158325,"[[ 0.9966712   0.04322545  0.05269771 -0.02229842  0.03878031]
 [ 0.03716028 -0.9931268   0.09966561  0.03335435  0.03567147]
 [-0.0559445   0.09332179  0.9906339  -0.06556474 -0.05006931]
 [ 0.02012434  0.03771898  0.05996148  0.99491876 -0.06865567]
 [-0.04160471  0.0412187   0.04836052  0.06502481  0.99498904]]",12
4,5,5,,0.6887678503990173,"[[ 0.9889661  -0.11741278 -0.05005464  0.07483787  0.00735461]
 [ 0.12865524  0.96908075  0.19367328 -0.04331762 -0.07031772]
 [-0.01970704  0.18739417 -0.97452754 -0.0892598  -0.08260722]
 [-0.07066213  0.07293777 -0.07928432  0.99053526  0.04733726]
 [ 0.00351512  0.08161042 -0.06320915 -0.05827039  0.9929434 ]]",12
5,6,5,,0.7325136661529541,"[[ 0.9894929   0.10575407 -0.07863216  0.0512905  -0.03010221]
 [-0.12404895  0.9665614  -0.21464108  0.04124464 -0.05098093]
 [-0.05579764 -0.22731481 -0.9673658   0.00521925 -0.09690628]
 [-0.03739672 -0.03231253 -0.01673203  0.94752717  0.3153882 ]
 [ 0.03168214  0.04311699 -0.1080264  -0.312783    0.94214344]]",12
6,7,5,,0.697719156742096,"[[ 0.995581   -0.08623235  0.0012497   0.01851666  0.03221892]
 [ 0.086868    0.9910655  -0.08911961  0.02353398 -0.04179627]
 [ 0.00820149  0.09083337  0.9914917  -0.0927677   0.00453924]
 [-0.02214769 -0.00961514  0.09346057  0.9916873   0.08507925]
 [-0.02673328  0.04483261 -0.01629935 -0.08398669  0.99496526]]",12
7,8,5,,0.7578630447387695,"[[ 0.99901754  0.00317685 -0.03682281  0.01606066  0.01843898]
 [-0.0099365   0.9791997  -0.19510432  0.02983993 -0.0459671 ]
 [ 0.03438057  0.19834371  0.9774556  -0.00913721  0.0630461 ]
 [-0.01185563 -0.03235465  0.02642604  0.98640484 -0.15849252]
 [-0.0232946   0.02776098 -0.06678778  0.16054203  0.98409975]]",12
8,9,5,,0.739350438117981,"[[ 0.9972549  -0.0610291  -0.00524524  0.03124152  0.02746746]
 [ 0.06046784  0.99143517 -0.11530099 -0.00483876 -0.00906739]
 [ 0.01597998  0.11267592  0.98119485 -0.1527356   0.03126216]
 [-0.03216088  0.0249359   0.14565659  0.97888976  0.13748793]
 [-0.02316276  0.00375426 -0.05214464 -0.13208811  0.98958725]]",12
9,10,5,,0.8172768950462341,"[[ 0.9967203  -0.07448984  0.00440797  0.02470933  0.01923827]
 [ 0.07409918  0.9829288  -0.1640873   0.02536803 -0.02814504]
 [ 0.00756652  0.16562831  0.9849156  -0.01762983  0.04626505]
 [-0.02559936 -0.02111958  0.02363807  0.99824244 -0.04303361]
 [-0.01858932  0.02057903 -0.04938043  0.04412612  0.9974193 ]]",12
10,11,5,,1.1428762674331665,"[[ 0.9421056  -0.20727167 -0.2324597   0.03580667  0.11897853]
 [ 0.22709459  0.9180033   0.15718783  0.28367352  0.02278867]
 [ 0.19601184 -0.04849025  0.84124035 -0.47827086  0.1509954 ]
 [-0.12673466 -0.15707065  0.13360512  0.46742055  0.8502557 ]
 [-0.07989207  0.29544196 -0.4424011  -0.6863106   0.48947963]]",12
0,1,5,,0.7918509840965271,"[[ 0.98651236  0.12463789  0.05750484 -0.06310686 -0.06300382]
 [-0.13606398  0.98228633  0.10736434 -0.06801282 -0.02115201]
 [-0.05829582 -0.12520193  0.9703046  -0.10810614 -0.16657741]
 [ 0.04101451  0.0602999   0.09657101  0.9833796  -0.13535269]
 [ 0.05656297  0.01635412  0.18533494  0.11255854  0.97443044]]",13
1,2,5,,0.8104944825172424,"[[ 0.9956331   0.01752844 -0.08327881 -0.02698883  0.02727059]
 [-0.01955873  0.99891734 -0.0296075  -0.01005437 -0.02835217]
 [ 0.08062864  0.029824    0.99281657 -0.08227988 -0.01244525]
 [-0.03230967 -0.01417014 -0.07994791 -0.9953509  -0.04049779]
 [-0.028058    0.02768708  0.01056743 -0.04095111  0.9983274 ]]",13
2,3,5,,0.7769098877906799,"[[ 9.4452739e-01 -3.2087135e-01 -1.6140735e-02  1.4350206e-02
  -6.6656083e-02]
 [ 3.2148999e-01  9.2542332e-01  1.9319488e-01  4.9512546e-05
   5.3958457e-02]
 [-4.4689119e-02 -1.9181785e-01  9.7903973e-01 -1.0993006e-02
   5.0686914e-02]
 [ 1.0063063e-02  2.6420276e-03 -5.9031853e-03 -9.9645954e-01
  -8.3218768e-02]
 [ 4.9129590e-02 -6.1903663e-02 -6.2141906e-02 -8.2107753e-02
   9.9153966e-01]]",13
3,4,5,,0.7120545506477356,"[[ 0.99736375  0.03531525  0.04450142 -0.02257436  0.03909565]
 [ 0.03038828 -0.994144    0.09125967  0.03204215  0.03740615]
 [-0.04676714  0.0854089   0.99150234 -0.06860605 -0.05229111]
 [ 0.02165909  0.03535197  0.06243559  0.9938358  -0.08169001]
 [-0.0410595   0.04342914  0.05211605  0.07776408  0.99381316]]",13
4,5,5,,0.6839174628257751,"[[ 0.9895214  -0.11161026 -0.04740212  0.07818581  0.00554508]
 [ 0.1226489   0.9666933   0.21003744 -0.04006856 -0.06884903]
 [-0.0164448   0.203865   -0.9717486  -0.08416013 -0.08240344]
 [-0.07373365  0.07497009 -0.07774157  0.9852071   0.11075282]
 [ 0.00988689  0.07658879 -0.05742992 -0.1206883   0.9880144 ]]",13
5,6,5,,0.7531269192695618,"[[ 0.99117655  0.08523679 -0.08219062  0.04840593 -0.03471455]
 [-0.10718077  0.9619527  -0.23883672  0.05642046 -0.05415845]
 [-0.06157689 -0.2510375  -0.9611407   0.00143893 -0.09692747]
 [-0.03447438 -0.04799486 -0.01051522  0.9624439   0.26476267]
 [ 0.03318029  0.04537027 -0.11090401 -0.2611003   0.95727086]]",13
6,7,5,,0.7026853561401367,"[[ 0.9955975  -0.08585858 -0.00586062  0.02156815  0.03024056]
 [ 0.08559074  0.9916004  -0.08509626  0.02669737 -0.03806386]
 [ 0.01495057  0.08688271  0.9915102  -0.09454191  0.01404797]
 [-0.02440402 -0.0135374   0.09508691  0.9921874   0.07578859]
 [-0.0253153   0.04031377 -0.02429817 -0.07381152  0.99583906]]",13
7,8,5,,0.7726836204528809,"[[ 0.9988336  -0.01423935 -0.03567414  0.02017222  0.02119493]
 [ 0.00649648  0.97505003 -0.21520047  0.03190015 -0.04366171]
 [ 0.03722575  0.21790798  0.9733374  -0.02620272  0.05529984]
 [-0.01591505 -0.0293074   0.04175858  0.98865974 -0.14034197]
 [-0.02550088  0.0270526  -0.05732917  0.14297111  0.9873654 ]]",13
8,9,5,,0.7491458058357239,"[[ 9.9755329e-01 -5.8841750e-02 -7.4742180e-03  2.7695291e-02
   2.4538783e-02]
 [ 5.7685059e-02  9.8992890e-01 -1.2894520e-01 -9.2911944e-03
  -4.9999588e-05]
 [ 1.7904894e-02  1.2517892e-01  9.7979933e-01 -1.4974567e-01
   3.9739065e-02]
 [-2.6814163e-02  2.9484900e-02  1.4339286e-01  9.8444694e-01
   9.3350150e-02]
 [-2.2808837e-02 -6.2677646e-03 -5.2431528e-02 -8.7103419e-02
   9.9453729e-01]]",13
9,10,5,,0.8304552435874939,"[[ 9.9625111e-01 -7.5633310e-02 -8.2614773e-04  3.8415913e-02
   1.6937817e-02]
 [ 7.4048452e-02  9.8423612e-01 -1.5541944e-01  2.7299117e-02
  -2.9927911e-02]
 [ 1.2505522e-02  1.5672591e-01  9.8621911e-01 -1.6106222e-02
   4.8919160e-02]
 [-3.8506076e-02 -2.3571126e-02  2.5139362e-02  9.9421930e-01
  -9.4115511e-02]
 [-1.9012550e-02  2.0982737e-02 -5.0833389e-02  9.5118858e-02
   9.9376386e-01]]",13
10,11,5,,1.125395655632019,"[[ 0.9500849  -0.20910613 -0.1931182  -0.02193785  0.12584682]
 [ 0.22304282  0.92579144  0.14751442 -0.26496145  0.03459842]
 [ 0.16073433 -0.04744353  0.8624209   0.46431133  0.11206613]
 [-0.14063612 -0.09257314  0.05430629 -0.28874388  0.9409195 ]
 [-0.04445873  0.29726112 -0.44071072  0.7939497   0.29167995]]",13
0,1,5,,0.790247917175293,"[[ 0.98651     0.13103466  0.05482348 -0.06236912 -0.05227366]
 [-0.14096256  0.9818089   0.11484133 -0.05216798 -0.01645767]
 [-0.04976538 -0.12740152  0.9758927  -0.06540997 -0.15699416]
 [ 0.04759603  0.05086698  0.06044834  0.9913249  -0.09363794]
 [ 0.0467517   0.0079152   0.16668901  0.07990636  0.9816218 ]]",14
1,2,5,,0.8071223497390747,"[[ 0.98994243  0.10523501 -0.08290264 -0.03081192  0.03342656]
 [-0.10475907  0.9939465  -0.00377986  0.00368156 -0.03268146]
 [ 0.07895812  0.01253904  0.99289584 -0.08805667  0.00349945]
 [-0.0367912  -0.00162829 -0.08518741 -0.9951091  -0.03383439]
 [-0.0380989   0.02891538 -0.00371546 -0.0322645   0.99832743]]",14
2,3,5,,0.7546855211257935,"[[ 0.94154364  0.33130974 -0.02826068  0.00343642 -0.05402762]
 [ 0.33406472 -0.9267913   0.16083087  0.02200177  0.05574847]
 [-0.02551515  0.1646523   0.98476076 -0.0016104   0.049822  ]
 [ 0.00590707 -0.02780382  0.01005306 -0.9902772  -0.13580176]
 [ 0.03479121  0.05838    -0.05899084 -0.13730499  0.9864323 ]]",14
3,4,5,,0.7133407592773438,"[[ 0.9902034   0.12377358  0.04910269 -0.0307807   0.02861313]
 [-0.11858331  0.98699445 -0.09493194 -0.03438729 -0.03981758]
 [-0.06036785  0.08422752  0.99174225 -0.06173927 -0.04355589]
 [ 0.02526203  0.0400997   0.05673077  0.994417   -0.07530161]
 [-0.0339513   0.04265957  0.04249561  0.07206383  0.9950017 ]]",14
4,5,5,,0.6995923519134521,"[[ 0.985566   -0.13322745  0.06888077  0.07414597  0.02584416]
 [ 0.1510393   0.9606552  -0.21060851 -0.05737742 -0.08173445]
 [-0.03293216  0.20757432  0.97217536 -0.06412445 -0.08118746]
 [-0.06770755  0.08375105  0.04843598  0.9922815   0.03785141]
 [-0.01333981  0.09638787  0.05855273 -0.04975522  0.99228394]]",14
5,6,5,,0.7342854142189026,"[[ 0.9887552   0.12686838 -0.05960711  0.04868701 -0.01854817]
 [-0.13877788  0.9687298  -0.19671747  0.03447663 -0.04916196]
 [ 0.03492414  0.2081396   0.9727506  -0.02542944  0.09256236]
 [-0.03714134 -0.02179383 -0.00197389  0.93882537  0.34168488]
 [ 0.02246274  0.04086513 -0.10724533 -0.33823243  0.9337681 ]]",14
6,7,5,,0.7121716141700745,"[[ 9.9792111e-01 -4.9896713e-02  3.2983148e-03  1.5587909e-02
   3.7548505e-02]
 [ 5.1868517e-02  9.9312824e-01 -8.2943156e-02  2.1653609e-02
  -6.0477275e-02]
 [ 2.4645336e-03  8.4765241e-02  9.9181324e-01 -9.5472835e-02
  -3.4542751e-04]
 [-1.7816693e-02 -1.0333429e-02  9.6658781e-02  9.9435985e-01
   3.8489547e-02]
 [-3.3757702e-02  6.2567472e-02 -8.5458159e-03 -3.7704855e-02
   9.9672019e-01]]",14
7,8,5,,0.769938588142395,"[[ 0.99717724  0.0634492  -0.02610516  0.01664336  0.02555932]
 [-0.06666663  0.973912   -0.20952466  0.02774942 -0.04878855]
 [ 0.0102963   0.2136831   0.9747151  -0.00173471  0.0645057 ]
 [-0.00946595 -0.03284097  0.02028001  0.98470116 -0.16965917]
 [-0.03158325  0.02702912 -0.07026481  0.17121218  0.9818458 ]]",14
8,9,5,,0.7583779096603394,"[[ 0.99775666 -0.04597716 -0.00649239  0.02419493  0.04171453]
 [ 0.04557418  0.9935569  -0.10290525  0.00332035 -0.01293212]
 [ 0.01395701  0.10193409  0.9832748  -0.14919207  0.01808548]
 [-0.03015468  0.01545666  0.14223093  0.9691745   0.19829987]
 [-0.03606161  0.01006959 -0.04805651 -0.19454055  0.9790008 ]]",14
9,10,5,,0.8299164175987244,"[[ 9.9911743e-01 -7.9624671e-03  1.8860089e-02 -6.4391680e-03
   3.6107779e-02]
 [ 1.1202455e-02  9.9338174e-01 -1.0539052e-01  3.2489520e-02
  -3.0074036e-02]
 [-1.9357558e-02  1.0733847e-01  9.9315405e-01 -1.9268675e-02
   3.7114426e-02]
 [-5.6428955e-05 -2.5624733e-02  1.5789311e-02  9.8608190e-01
   1.6351332e-01]
 [-3.5554565e-02  3.0839866e-02 -4.3964304e-02 -1.6178450e-01
   9.8472214e-01]]",14
10,11,5,,1.1508893966674805,"[[ 0.94269884  0.00128915 -0.31401014  0.03380797  0.10757304]
 [ 0.04258737  0.930259    0.1044948  -0.3478306   0.02998506]
 [ 0.26148972  0.02855165  0.874331    0.3831054   0.13994102]
 [ 0.05121547 -0.32878247  0.2451541  -0.7555859   0.5082011 ]
 [-0.1962278   0.16032264 -0.25675526  0.4002387   0.8424233 ]]",14
0,1,5,,0.7908883690834045,"[[ 0.9877073   0.1171997   0.0570447  -0.06057416 -0.06144211]
 [-0.12795986  0.98311895  0.11653743 -0.05665872 -0.01767095]
 [-0.05613912 -0.13047758  0.9724331  -0.08602034 -0.16370215]
 [ 0.0434162   0.05137179  0.07909927  0.9889692  -0.10563659]
 [ 0.05499034  0.00882852  0.17686757  0.08752636  0.9787518 ]]",15
1,2,5,,0.8130218386650085,"[[ 0.9952267   0.02998372 -0.08539879  0.0223287   0.02886326]
 [-0.03128181  0.9986848  -0.02272893  0.00842267 -0.0325971 ]
 [ 0.08250172  0.02410631  0.9918259   0.09397428 -0.00790962]
 [-0.02951271 -0.01176955 -0.09164446  0.9952216  -0.01121211]
 [-0.0294542   0.03178067  0.00855035  0.01154388  0.99895746]]",15
2,3,5,,0.7718177437782288,"[[ 0.94491106 -0.31854612 -0.02458597  0.02424819 -0.06692558]
 [ 0.32184446  0.9293976   0.16984117  0.00826251  0.06100861]
 [-0.02918185 -0.17227516  0.98363906 -0.01324045  0.0418158 ]
 [-0.01933185 -0.01227754  0.00454455  0.9895409   0.14235081]
 [ 0.04831101 -0.07013624 -0.05461716 -0.14134113  0.9847774 ]]",15
3,4,5,,0.7182852029800415,"[[ 0.99723405  0.03996579  0.04701635 -0.03299666  0.02505454]
 [ 0.03536685 -0.9927494   0.09296309  0.04011632  0.0542791 ]
 [-0.04989293  0.08585733  0.99202245 -0.04062527 -0.06618334]
 [ 0.03005314  0.04368028  0.0371433   0.9976676  -0.02164783]
 [-0.02968168  0.05976436  0.06049076  0.01763225  0.9957797 ]]",15
4,5,5,,0.6807411313056946,"[[ 0.9890355  -0.10640953  0.04695129  0.08352214  0.03613322]
 [ 0.12022957  0.96068454 -0.23218162 -0.03116616 -0.08803582]
 [-0.01287033  0.22370712  0.96697843 -0.0606625  -0.10517792]
 [-0.08403376  0.07431717  0.06295867  0.9742296   0.18527907]
 [-0.01124699  0.10096634  0.06983069 -0.19811514  0.9723957 ]]",15
5,6,5,,0.7556633949279785,"[[ 0.9930191   0.06124651 -0.08364709  0.05123664 -0.02323548]
 [-0.08173758  0.9714362  -0.21101253  0.06485216 -0.02997638]
 [ 0.07181921  0.22140682  0.96756196 -0.0354522   0.09158624]
 [-0.04141195 -0.05703925  0.04169207  0.9901911   0.11320297]
 [ 0.01894912  0.01691504 -0.10277413 -0.10692855  0.9886145 ]]",15
6,7,5,,0.71244877576828,"[[ 0.9957525  -0.08645689 -0.00871381  0.02274465  0.02022279]
 [ 0.08537509  0.99036705 -0.08474984  0.04236141 -0.05391787]
 [ 0.01850147  0.08757654  0.9910179  -0.09933222  0.00215214]
 [-0.02486437 -0.03044041  0.1027118   0.9937171   0.02078079]
 [-0.0150851   0.05569557 -0.00867686 -0.01864745  0.9981219 ]]",15
7,8,5,,0.8438050150871277,"[[ 0.99864066 -0.02137005 -0.03852376  0.01844745  0.02087566]
 [ 0.01293301  0.97692096 -0.20645258  0.0400927  -0.03504245]
 [ 0.04183592  0.2077379   0.9766095  -0.01950525  0.03079223]
 [-0.01641787 -0.03684873  0.03081131  0.99585366 -0.07548954]
 [-0.02301751  0.02560805 -0.03431936  0.07711811  0.995836  ]]",15
8,9,5,,0.8001850247383118,"[[ 0.9983621  -0.0436875  -0.01510999  0.02462034  0.02302223]
 [ 0.04283726  0.99434894 -0.09424638 -0.01110448 -0.02072509]
 [ 0.02244926  0.09073325  0.9837707  -0.15295805  0.00790779]
 [-0.02208164  0.02739097  0.15092252  0.9864605   0.05366698]
 [-0.02113046  0.01946427 -0.01751862 -0.05263055  0.99804693]]",15
9,10,5,,0.8591704368591309,"[[ 0.99719614 -0.06187182 -0.0014678   0.03573355  0.02219799]
 [ 0.06097129  0.98890734 -0.13146949  0.02089577 -0.02497956]
 [ 0.0087697   0.13236272  0.99002326 -0.0042768   0.04731752]
 [-0.03569802 -0.01895821  0.00976623  0.9976466  -0.05451777]
 [-0.02304688  0.01883896 -0.04972205  0.0544933   0.99683106]]",15
10,11,5,,1.1417593955993652,"[[ 0.96772456 -0.14626937 -0.17053378  0.02347895  0.11172035]
 [ 0.15003984  0.93288434  0.05830724  0.31730735 -0.05595686]
 [ 0.15839376  0.00991035  0.9444662  -0.2536142   0.13592868]
 [-0.11348631 -0.14362925  0.06997804  0.5998722   0.7757242 ]
 [-0.05504091  0.29598057 -0.2657163  -0.6889107   0.603459  ]]",15
0,1,5,,0.7905520796775818,"[[ 0.98634505  0.13306981  0.05255662 -0.064299   -0.05019319]
 [-0.14290178  0.98202926  0.10756221 -0.05726856 -0.01865828]
 [-0.0474752  -0.12036035  0.9780122  -0.05881695 -0.15261772]
 [ 0.04889343  0.05713583  0.05321869  0.9906118  -0.1009999 ]
 [ 0.04536659  0.01263558  0.16225922  0.08840127  0.98165137]]",16
1,2,5,,0.8099347352981567,"[[ 9.9153566e-01  8.7116070e-02 -8.4955610e-02 -3.2053310e-02
  -3.1983614e-02]
 [-8.5567214e-02  9.9567956e-01  8.2646357e-03  2.3215013e-03
   3.5024345e-02]
 [ 8.2444035e-02 -8.6753990e-04  9.9323756e-01 -8.1689484e-02
  -2.8780033e-03]
 [-3.7254032e-02 -1.8527273e-03 -7.8621231e-02 -9.9513614e-01
   4.6168130e-02]
 [-3.6747780e-02  3.2074180e-02 -3.4894028e-03 -4.4700205e-02
  -9.9780285e-01]]",16
2,3,5,,0.7607019543647766,"[[ 9.45534647e-01  3.20979685e-01 -2.37172432e-02  6.44063752e-04
  -4.87174653e-02]
 [ 3.22509825e-01 -9.27953124e-01  1.75287306e-01  2.24698205e-02
   6.04968145e-02]
 [-3.30700874e-02  1.77570626e-01  9.82217312e-01  1.08357351e-02
   5.00677973e-02]
 [ 4.14765766e-03 -2.59646848e-02  2.16090456e-02 -9.92872715e-01
  -1.14216596e-01]
 [-2.89974082e-02 -6.05766997e-02  5.91105223e-02  1.16537675e-01
  -9.89148378e-01]]",16
3,4,5,,0.7284759879112244,"[[ 0.9830491   0.17209871  0.0504575   0.02515773  0.02859134]
 [-0.16659561  0.98043185 -0.09398211  0.0309126  -0.03479931]
 [-0.0653894   0.08042245  0.99164224  0.06414038 -0.04228631]
 [ 0.01873007  0.0367361   0.05844801 -0.99294573 -0.09456288]
 [-0.0351228   0.03630485  0.04302207 -0.09141213  0.99360013]]",16
4,5,5,,0.7029988169670105,"[[ 0.9766893  -0.1805531   0.08344994  0.07835249  0.01937867]
 [ 0.20047125  0.95339847 -0.19830653 -0.07080249 -0.08064828]
 [-0.03938344  0.19913174  0.97367376 -0.06781267 -0.07846265]
 [ 0.06519951 -0.09191948 -0.04338305 -0.9912992   0.05237934]
 [-0.00933848  0.10163298  0.06154669  0.03968875  0.9920788 ]]",16
5,6,5,,0.7324147820472717,"[[ 0.9844073   0.16147527 -0.05007648  0.04317348 -0.02228051]
 [-0.17009684  0.9642411  -0.1892771   0.01506221 -0.07248104]
 [ 0.01935858  0.20171416  0.9751399  -0.01963852  0.08748224]
 [-0.03188486  0.00926345 -0.02313226  0.8948959   0.4444365 ]
 [ 0.02485832  0.05822767 -0.10116127 -0.44349164  0.8882979 ]]",16
6,7,5,,0.7108831405639648,"[[ 0.9982811  -0.04120063  0.01126432  0.0089505   0.03911933]
 [ 0.04433997  0.9940475  -0.06814082  0.02036604 -0.06961012]
 [-0.00791336  0.07139315  0.9923847  -0.0990751   0.01404417]
 [-0.01228619 -0.00969914  0.09914783  0.9938209   0.04737837]
 [-0.03542891  0.07057624 -0.02392431 -0.04482472  0.9955813 ]]",16
7,8,5,,0.7853804230690002,"[[ 0.99567467  0.08935747 -0.00608181  0.01573331  0.01903928]
 [-0.08788224  0.97648364 -0.18794751  0.01229838 -0.05727933]
 [-0.01264806  0.19150817  0.9786547   0.00217392  0.07345019]
 [-0.00713543 -0.02504811  0.02455547  0.9559339  -0.29139152]
 [-0.02641226  0.03452781 -0.07918834  0.29289383  0.95186794]]",16
8,9,5,,0.7785783410072327,"[[ 0.9980924  -0.03853245  0.00400685  0.03294898  0.03500187]
 [ 0.0382848   0.9954702  -0.08483321  0.01899135 -0.00399028]
 [ 0.00324885  0.0868609   0.9803089  -0.16990736  0.05070106]
 [-0.04141477 -0.00257967  0.15152279  0.9512862   0.26528025]
 [-0.02490203  0.00166422 -0.09392863 -0.25444013  0.96219265]]",16
9,10,5,,0.8363952040672302,"[[ 0.9987134   0.0232308   0.02627606 -0.01207985  0.03457849]
 [-0.01971603  0.99555326 -0.08642293  0.0120354  -0.02951535]
 [-0.03008632  0.08739438  0.9941136  -0.03851162  0.04137557]
 [ 0.00824052 -0.006196    0.0357491   0.995533    0.08677451]
 [-0.03478339  0.02564793 -0.04796549 -0.08449966  0.99432963]]",16
10,11,5,,1.0827713012695312,"[[ 0.92581046  0.10464512 -0.33876508 -0.08610215  0.09873699]
 [-0.11015498  0.96649736 -0.04525424  0.22241853  0.04723227]
 [ 0.2724174   0.13671516  0.8964088  -0.30096227  0.11388865]
 [ 0.03717724 -0.16702493  0.11991624  0.60553145  0.76790124]
 [-0.2348349   0.09134547 -0.25546342 -0.6970436   0.62078756]]",16
0,1,5,,0.7952651381492615,"[[ 0.9848459   0.14299859  0.05226598 -0.06598312  0.05044186]
 [-0.15352313  0.9801918   0.09990399 -0.07254925  0.0202606 ]
 [-0.04984591 -0.11826121  0.9729305  -0.10817569  0.1588518 ]
 [ 0.04346319  0.06667115  0.09540831  0.98127896  0.14715566]
 [-0.04621113 -0.01856601 -0.17773834 -0.12558855  0.9747597 ]]",17
1,2,5,,0.8249101042747498,"[[ 0.99521244  0.0274445  -0.08177978 -0.03652465 -0.02787572]
 [-0.02720756  0.9993556  -0.00199383 -0.00356095  0.02305349]
 [ 0.07889532  0.00377655  0.99398327 -0.07579668  0.00365753]
 [-0.04088527 -0.00600173 -0.07280765 -0.99513674  0.05190703]
 [ 0.030264   -0.02202012 -0.00209417  0.05109846  0.9979899 ]]",17
2,3,5,,0.7816305756568909,"[[ 0.94577396 -0.3203269  -0.00241018  0.00626666  0.05345337]
 [ 0.3178457   0.92805123  0.18645062  0.00181397 -0.05411074]
 [-0.05564274 -0.181288    0.9800431   0.00966963 -0.0588268 ]
 [-0.0061886   0.00242194 -0.00938712  0.99991363  0.00636232]
 [-0.03676094  0.05692502  0.06824793 -0.00605798  0.99534607]]",17
3,4,5,,0.7726923823356628,"[[ 0.98710877 -0.1437284   0.05616517  0.00236212 -0.04240667]
 [ 0.13726601  0.98567635  0.09494084 -0.01281982 -0.02054186]
 [-0.06891392 -0.08501512  0.9916791   0.06778263  0.00121517]
 [-0.00429506  0.01580109 -0.06571538  0.98021924 -0.18596682]
 [ 0.04479681  0.0175198  -0.00926602  0.1854882   0.98142475]]",17
4,5,5,,0.7186294794082642,"[[ 0.98148495 -0.16968562 -0.06877974  0.04655217  0.03156386]
 [-0.18113406 -0.96585345 -0.16375719  0.07957876 -0.03417971]
 [-0.03655581  0.16362244 -0.9801588  -0.10138232  0.0300286 ]
 [ 0.04485615 -0.08667173  0.07132186 -0.9400476  -0.31890365]
 [-0.02300654 -0.06363564  0.05152508 -0.31230143  0.9461682 ]]",17
5,6,5,,0.752639651298523,"[[ 9.8516363e-01  1.5320285e-01 -3.9920699e-02  2.9979181e-02
  -5.9068795e-02]
 [-1.6337022e-01  9.4771242e-01 -2.4693015e-01 -3.0227343e-02
  -1.1516613e-01]
 [-9.3379273e-04 -2.6027617e-01 -9.6213967e-01 -4.8284445e-02
  -6.4894065e-02]
 [-1.0168075e-02  6.1194837e-02 -9.3002379e-02  8.6419076e-01
   4.9058816e-01]
 [-5.1561218e-02 -8.2955711e-02  5.5403885e-02  4.9902961e-01
  -8.5927856e-01]]",17
6,7,5,,0.7127525210380554,"[[ 0.9961359  -0.06764046  0.01963783  0.03594096  0.03821916]
 [ 0.0707145   0.99524665 -0.05127865 -0.01661162 -0.03972538]
 [-0.01646125  0.05433051  0.9930722  -0.06707486  0.07801162]
 [-0.04061889  0.02821606  0.05212843  0.9852481   0.15531527]
 [-0.0281412   0.0340721  -0.08986157 -0.15237947  0.9832358 ]]",17
7,8,5,,0.7630535364151001,"[[ 0.99885184  0.04026307 -0.00337857  0.02571618  0.00105038]
 [-0.0395654   0.97800547 -0.19299999 -0.01710722 -0.06631874]
 [-0.00554177  0.19812654  0.97686094  0.03034885  0.07441002]
 [-0.02437196 -0.00409126 -0.00875593  0.96287    -0.26868916]
 [-0.01023868  0.05112018 -0.09168242  0.26647     0.9580553 ]]",17
8,9,5,,0.751602053642273,"[[ 0.9982486  -0.04372561  0.00346015  0.03885945  0.00811905]
 [ 0.04274097  0.98548377 -0.16199526  0.02190623  0.01650954]
 [ 0.00719972  0.16062331  0.9746098  -0.11334085  0.1069481 ]
 [-0.0399251  -0.01331113  0.07089625  0.92890126  0.3610332 ]
 [ 0.00521888 -0.03054087 -0.13731351 -0.34972325  0.92621744]]",17
9,10,5,,0.8294574022293091,"[[ 0.9988044   0.02228014  0.0361821   0.01846921  0.01559363]
 [-0.01725503  0.99103135 -0.11938629  0.01769519 -0.05470782]
 [-0.04005199  0.12376732  0.9862458  -0.00150066  0.10195392]
 [-0.01407082 -0.02850094  0.03259522  0.9611944  -0.27208936]
 [-0.01702751  0.03506873 -0.10341513  0.2746796   0.9551632 ]]",17
10,11,5,,1.1334909200668335,"[[ 0.8297607  -0.13529538 -0.53608197 -0.00807446  0.07578401]
 [ 0.27850765  0.89131254  0.21229467 -0.28767893  0.01293458]
 [ 0.4339974  -0.1972783   0.752178    0.3755546   0.25673807]
 [-0.13502528 -0.08665149 -0.05368152 -0.39827222  0.9015305 ]
 [-0.16536328  0.37527317 -0.3144735   0.78582036  0.33973202]]",17
0,1,5,,0.7962834239006042,"[[ 0.98753655  0.11658211  0.06041125 -0.05875915 -0.06385894]
 [-0.12777795  0.9836692   0.11001598 -0.05908277 -0.02175567]
 [-0.06128048 -0.12621343  0.9706081  -0.09947407 -0.16834386]
 [ 0.04009987  0.05188902  0.0919406   0.9878136  -0.10710207]
 [ 0.05550691  0.01345722  0.18361312  0.08594124  0.97756743]]",18
1,2,5,,0.8208757638931274,"[[ 0.9950137  -0.03855726 -0.08815623  0.01714289  0.01989241]
 [ 0.03686406  0.99841416 -0.02487725  0.01439566 -0.0313698 ]
 [ 0.08744752  0.01965047  0.9918226   0.08916531 -0.01744455]
 [-0.02517662 -0.01612129 -0.08725761  0.9955987  -0.01660221]
 [-0.0175465   0.0321938   0.01684302  0.01821299  0.9990196 ]]",18
2,3,5,,0.7848672866821289,"[[ 0.9598224  -0.27123678 -0.01031373  0.02264191 -0.06747121]
 [ 0.27340293  0.94196105  0.18060137 -0.00659191  0.07280008]
 [-0.03699262 -0.18094467  0.9815562  -0.02438904  0.04293349]
 [-0.01534346 -0.00123553  0.01874544  0.9928351   0.11700492]
 [ 0.0488643  -0.07998411 -0.0589314  -0.11457554  0.98722565]]",18
3,4,5,,0.7303742170333862,"[[ 0.99776196  0.02947536  0.04339119 -0.0290669   0.02957237]
 [ 0.0251849  -0.99358505  0.09156368  0.04055571  0.04610698]
 [-0.04520564  0.08637764  0.9931004  -0.03654563 -0.05395716]
 [ 0.02688112  0.04362797  0.0331651   0.9979693  -0.0181964 ]
 [-0.03271966  0.05055213  0.04883611  0.01522485  0.99687374]]",18
4,5,5,,0.6956127882003784,"[[ 0.98893815 -0.11194757  0.04669922  0.07947348  0.0311807 ]
 [ 0.12374005  0.9606419  -0.23590927 -0.01788666 -0.07669657]
 [-0.01036604  0.22841677  0.9648339  -0.07458536 -0.1060697 ]
 [-0.08087555  0.06436913  0.08096536  0.9708988   0.20028928]
 [-0.00643656  0.09119888  0.06860055 -0.21250056  0.9704529 ]]",18
5,6,5,,0.7581709027290344,"[[ 0.9936221   0.05052847 -0.08340731  0.05266223 -0.0207847 ]
 [-0.07325756  0.9667594  -0.23013751  0.07640503 -0.03476682]
 [ 0.07302071  0.24169236  0.9606987  -0.04637724  0.1056399 ]
 [-0.04215435 -0.06423544  0.05436426  0.9888027   0.1158047 ]
 [ 0.01547718  0.01678929 -0.11908958 -0.107273    0.98680735]]",18
6,7,5,,0.7121039032936096,"[[ 0.99338317 -0.11002024 -0.00194647  0.02449113  0.02195141]
 [ 0.10934347  0.9881174  -0.09618975  0.03061176 -0.03845092]
 [ 0.01550843  0.09859813  0.9878367  -0.11859959  0.01227352]
 [-0.02677799 -0.01428699  0.12029838  0.99125624  0.0449242 ]
 [-0.01662353  0.03992326 -0.02122825 -0.04252423  0.99793327]]",18
7,8,5,,1.0101230144500732,"[[ 0.9981343  -0.03268706 -0.04463077  0.01318883  0.0222187 ]
 [ 0.02377087  0.9796487  -0.19113344  0.04329887 -0.03628448]
 [ 0.0492158   0.19176953  0.9792493  -0.00744698  0.04263393]
 [-0.01254311 -0.04207922  0.01875669  0.99746114 -0.05283543]
 [-0.02415336  0.0259566  -0.04685239  0.05447195  0.9967851 ]]",18
8,9,5,,0.82122802734375,"[[ 0.9981864  -0.05175172 -0.01276081  0.0239126   0.01452941]
 [ 0.05006758  0.98836416 -0.14123952 -0.01236538 -0.02297918]
 [ 0.02333908  0.13657741  0.9766682  -0.16375053  0.01033392]
 [-0.02049093  0.03759958  0.15960853  0.98430854  0.06187215]
 [-0.01235482  0.01977224 -0.0230823  -0.05998103  0.9976603 ]]",18
9,10,5,,0.8203713297843933,"[[ 0.99619275 -0.0703695  -0.00776737  0.03791884 -0.03391103]
 [ 0.06759561  0.9863997  -0.14281018  0.04155742  0.01801556]
 [ 0.01615798  0.14340547  0.9876416  -0.00999634 -0.06031533]
 [-0.03566979 -0.038155    0.02421645  0.98954153  0.13226156]
 [-0.03869635  0.00653515 -0.05935111  0.13244964 -0.9886326 ]]",18
10,11,5,,1.2142001390457153,"[[ 0.96715796 -0.16769086 -0.13445543 -0.07737051  0.11144895]
 [ 0.16036148  0.9671258   0.01585876 -0.19039755 -0.04949017]
 [ 0.13151012  0.03007584  0.9242166   0.28427657  0.21635868]
 [-0.13782485 -0.08510832  0.08508361 -0.7163275   0.6733473 ]
 [ 0.05098169 -0.16852182  0.3467776  -0.60317856 -0.69636357]]",18
0,1,5,,0.7966147065162659,"[[ 0.98897487  0.10482014  0.0543378  -0.06485497 -0.06150351]
 [-0.11614316  0.9852697   0.09909825 -0.07337072 -0.02346723]
 [-0.0580857  -0.11680894  0.9728313  -0.11342727 -0.15399739]
 [ 0.04275226  0.06437624  0.1012736   0.98080754 -0.147608  ]
 [ 0.0569014   0.02162831  0.17484228  0.12474509  0.9747632 ]]",19
1,2,5,,0.8193992376327515,"[[ 0.99614567  0.00770564 -0.07992203 -0.02707406  0.0226707 ]
 [-0.00899022  0.9990576  -0.02326529 -0.00692984 -0.03483951]
 [ 0.07782687  0.02266337  0.99348986 -0.0779682  -0.01811656]
 [-0.03225245 -0.01025158 -0.07606362 -0.99584967 -0.03677646]
 [-0.02271147  0.03472482  0.0162303  -0.03772834  0.99829435]]",19
2,3,5,,0.7803595066070557,"[[ 0.9469863  -0.31367558 -0.01012442  0.01755521 -0.06643657]
 [ 0.31253216  0.92556316  0.20654091  0.0045005   0.05456338]
 [-0.05304832 -0.20292579  0.97639424 -0.00875695  0.05084056]
 [ 0.01394944  0.00605142 -0.00209752 -0.99559504 -0.09249276]
 [ 0.05031732 -0.06103295 -0.06235704 -0.09157178  0.99069136]]",19
3,4,5,,0.7260844707489014,"[[ 9.97442067e-01  5.67335123e-03  5.02148084e-02 -2.29989756e-02
   4.50181514e-02]
 [-3.59865517e-04 -9.92835522e-01  1.04082555e-01  4.36086692e-02
   3.92760709e-02]
 [-4.90731709e-02  9.93118584e-02  9.90799963e-01 -5.25835492e-02
  -5.72662950e-02]
 [ 2.29832307e-02  4.62834500e-02  4.60266843e-02  9.95938897e-01
  -5.75926453e-02]
 [-4.66129556e-02  4.73332927e-02  5.33133820e-02  5.39449751e-02
   9.94904220e-01]]",19
4,5,5,,0.6867320537567139,"[[ 0.98849326 -0.11092829 -0.04771592  0.09005665  0.01374189]
 [ 0.1225076   0.9666278   0.2132861  -0.03118239 -0.06449237]
 [-0.01489802  0.20757234 -0.97071236 -0.0817009  -0.08794467]
 [-0.08715266  0.0712462  -0.08048216  0.9767256   0.16388485]
 [ 0.00743602  0.07185617 -0.05892686 -0.17392424  0.9803364 ]]",19
5,6,5,,0.7481322288513184,"[[ 0.9912888   0.07089445 -0.09192713  0.05115583 -0.03539568]
 [-0.09767459  0.9563893  -0.264229    0.05495865 -0.05423815]
 [-0.07238325 -0.2765941  -0.9524888   0.00169431 -0.1049701 ]
 [-0.04007933 -0.04977801 -0.00259824  0.9780798   0.19816403]
 [ 0.03098987  0.03621254 -0.12037825 -0.19421563  0.97237736]]",19
6,7,5,,0.6933757066726685,"[[ 0.9947294  -0.09781331 -0.00909636  0.02038578  0.02115689]
 [ 0.09714784  0.9901314  -0.08513636  0.02335406 -0.04907636]
 [ 0.01902334  0.08660639  0.99157614 -0.09204878  0.02100576]
 [-0.02205438 -0.00961119  0.09180801  0.99261683  0.07552668]
 [-0.01507965  0.04979274 -0.03189237 -0.07264841  0.995489  ]]",19
7,8,5,,0.7625149488449097,"[[ 0.9988349  -0.01600228 -0.04042822  0.01640208  0.01301096]
 [ 0.00790897  0.9795419  -0.19319306  0.03332885 -0.04472978]
 [ 0.04262637  0.19560671  0.9783362  -0.02865022  0.04425384]
 [-0.01409203 -0.02985703  0.03961395  0.99495304 -0.08607651]
 [-0.01583301  0.0329874  -0.04828008  0.0887005   0.9942145 ]]",19
8,9,5,,0.7671560645103455,"[[ 9.97700930e-01 -5.95436804e-02  9.46921296e-04  1.93867367e-02
   2.58978792e-02]
 [ 5.95726222e-02  9.91414607e-01 -1.14637375e-01 -1.98573992e-02
   3.48800840e-03]
 [ 8.12638085e-03  1.09366886e-01  9.79634523e-01 -1.66034833e-01
   2.68610828e-02]
 [-1.88410580e-02  3.91178839e-02  1.60425663e-01  9.83326077e-01
   7.38118440e-02]
 [-2.49593947e-02 -7.76777649e-03 -3.79101783e-02 -6.87901750e-02
   9.96567786e-01]]",19
9,10,5,,0.8758988976478577,"[[ 0.9966135  -0.0695394   0.00525899  0.04108351  0.01450061]
 [ 0.06901515  0.98827136 -0.131664    0.02431241 -0.0251059 ]
 [ 0.00516311  0.13355474  0.9891997  -0.04126823  0.04378933]
 [-0.04204669 -0.01634087  0.0454133   0.9974661  -0.0310503 ]
 [-0.0142771   0.01950045 -0.04537263  0.03285462  0.9981372 ]]",19
10,11,5,,1.123360276222229,"[[ 0.9651897  -0.16469319 -0.14729823 -0.04095628  0.13383105]
 [ 0.17261687  0.94685984  0.10510198 -0.2470679  -0.0396345 ]
 [ 0.12682612 -0.01519769  0.8977832   0.38461426  0.17245655]
 [-0.13302119 -0.11243343  0.1232913  -0.5956083   0.77441204]
 [-0.06951755  0.2519134  -0.38215345  0.65924406  0.5925057 ]]",19
0,1,5,,0.8013591170310974,"[[ 0.9856117   0.13464434  0.05779031 -0.06340127 -0.05550818]
 [-0.14483394  0.9829925   0.09035724 -0.06499735 -0.01896869]
 [-0.05727337 -0.10696173  0.9754957  -0.08670857 -0.16176763]
 [ 0.04362496  0.06225451  0.07698663  0.98670876 -0.12124397]
 [ 0.0490863   0.0167401   0.17600307  0.10316516  0.9775941 ]]",20
1,2,5,,0.8369045257568359,"[[ 0.99554473  0.04704826 -0.07162213 -0.02978302 -0.02569326]
 [-0.04798715  0.9981482  -0.01962923 -0.00686607  0.03106351]
 [ 0.06863005  0.02186812  0.9944139  -0.07568269  0.01499099]
 [-0.03263434 -0.0121205  -0.07422429 -0.9939977   0.07243904]
 [-0.02850595  0.02935136  0.01079934 -0.07284583 -0.99644506]]",20
2,3,5,,0.7650007605552673,"[[ 0.94670355 -0.31609702 -0.00645675 -0.00272274 -0.06153075]
 [ 0.31438932  0.9273576   0.19574885 -0.00723477  0.05288902]
 [-0.05341592 -0.19158235  0.9781007   0.01687253  0.05896741]
 [ 0.0041872   0.01107437 -0.0127079   0.99922407 -0.03535004]
 [-0.04517767  0.05713212  0.06926832 -0.0347398  -0.9943289 ]]",20
3,4,5,,0.7226276993751526,"[[ 0.9950563   0.08049331  0.04501211  0.01452834  0.0338628 ]
 [ 0.07412455 -0.98925     0.11681088 -0.03423094  0.03276096]
 [-0.05376403  0.10999228  0.9903007   0.06108647 -0.02416748]
 [-0.01099687 -0.03973219 -0.05600401  0.99546295  0.06494237]
 [-0.0368385   0.03504482  0.02229746 -0.06276269  0.996483  ]]",20
4,5,5,,0.6839632987976074,"[[ 0.98961675 -0.11671046 -0.04429888 -0.06913263  0.01719284]
 [ 0.12663963  0.9693057   0.19660431  0.06149275  0.04443303]
 [-0.01522971  0.19038974 -0.97442645  0.10051633  0.06252608]
 [ 0.06511791 -0.0791643   0.07515578  0.9807203  -0.14843142]
 [ 0.0121968   0.06565004 -0.0650323  -0.13972612 -0.9857934 ]]",20
5,6,5,,0.7455784678459167,"[[ 0.99180114  0.09220221 -0.06761997  0.04821353 -0.03053062]
 [-0.10960212  0.95916677 -0.2504851   0.02631447 -0.06746317]
 [-0.04388051 -0.26262343 -0.9574958  -0.00805637 -0.11063591]
 [ 0.02866103  0.0062688   0.06525594 -0.8453193  -0.52944887]
 [-0.03963329 -0.04987499  0.10783415  0.53136927 -0.8378307 ]]",20
6,7,5,,0.6976838111877441,"[[ 9.9620694e-01 -7.5238615e-02  5.8397041e-03  1.7387964e-02
   3.9677877e-02]
 [ 7.7119045e-02  9.8942667e-01 -1.0867149e-01  2.0981561e-02
  -5.3270534e-02]
 [ 3.5870743e-03  1.1099374e-01  9.8988432e-01 -8.7337263e-02
   1.2993034e-02]
 [-2.4996519e-02  5.0888088e-04  8.3893485e-02  9.7836220e-01
   1.8746823e-01]
 [-3.1409968e-02  5.5263851e-02 -3.5318255e-02 -1.8557258e-01
   9.7993612e-01]]",20
7,8,5,,0.7563778162002563,"[[ 0.9991596   0.00398421 -0.02933167  0.01955354  0.02053284]
 [-0.00908939  0.9777101  -0.20085114  0.02278792 -0.05603345]
 [ 0.02584819  0.20548402  0.97408265  0.0030664   0.09089458]
 [-0.01156913 -0.03272093  0.03167815  0.9545195  -0.29442248]
 [-0.02820582  0.02779603 -0.09464671  0.29661688  0.94946945]]",20
8,9,5,,0.7464414834976196,"[[ 0.99745107 -0.05722417  0.00465273  0.03303474  0.02653263]
 [ 0.05773573  0.9903756  -0.1255245  -0.00464456 -0.00669638]
 [ 0.0062983   0.12320826  0.97791654 -0.15923168  0.05571987]
 [-0.03728737  0.02599616  0.13973801  0.9600995   0.23794127]
 [-0.01811328 -0.00505571 -0.09151284 -0.2274672   0.9692938 ]]",20
9,10,5,,0.829975426197052,"[[ 0.997401   -0.06300925  0.01537184  0.02307197  0.02126902]
 [ 0.06424007  0.9891497  -0.12491313  0.03298023 -0.02766093]
 [-0.0077701   0.1283052   0.98903954 -0.03253521  0.06495962]
 [-0.02485921 -0.02761221  0.03795403  0.99824136 -0.02633007]
 [-0.0196469   0.01969981 -0.06723688  0.02890752  0.99693   ]]",20
10,11,5,,1.150278925895691,"[[ 0.92339426 -0.23298734 -0.28200746  0.06813844  0.09428104]
 [ 0.28415495  0.8868767   0.26213712  0.2527632   0.01003139]
 [ 0.21387935 -0.18421723  0.81752044 -0.4506858   0.22104806]
 [-0.12503889 -0.19199322  0.14446014  0.6357144   0.7228433 ]
 [-0.0722493   0.29726967 -0.4031718  -0.5694009   0.64780074]]",20
0,1,5,,0.7868080139160156,"[[ 0.9863212   0.12816429  0.0565965  -0.06205627 -0.06074636]
 [-0.13919768  0.98172086  0.11287202 -0.06008393 -0.02231241]
 [-0.05438929 -0.12832162  0.97319317 -0.08165112 -0.16371773]
 [ 0.04393981  0.05570201  0.07427735  0.98863333 -0.10978909]
 [ 0.05390206  0.01512612  0.17729813  0.09206641  0.9782407 ]]",21
1,2,5,,0.7980328798294067,"[[ 0.99378717  0.05692862 -0.08607636 -0.02770787  0.03113183]
 [-0.05778094  0.9976849  -0.01650859 -0.00633334 -0.03120168]
 [ 0.08253545  0.0205833   0.99276865 -0.08465753 -0.002768  ]
 [-0.03295817 -0.01085218 -0.08201299 -0.99520034 -0.04057242]
 [-0.03391102  0.02902604  0.00158794 -0.04001904  0.9982001 ]]",21
2,3,5,,0.7692652940750122,"[[ 9.3928754e-01  3.3685526e-01 -2.7080404e-02  9.9470699e-03
  -5.8610100e-02]
 [ 3.3897313e-01 -9.2182654e-01  1.8027377e-01  8.8338489e-03
   5.2501194e-02]
 [-3.3877227e-02  1.8241334e-01  9.8125196e-01  4.2303672e-04
   5.2174699e-02]
 [ 7.6732426e-03 -1.1544538e-02  9.0117743e-03 -9.9310130e-01
  -1.1608807e-01]
 [ 4.0368013e-02  5.7934854e-02 -6.1899051e-02 -1.1650173e-01
   9.8874158e-01]]",21
3,4,5,,0.7032783627510071,"[[ 0.99598956  0.06243009  0.04785699 -0.02726684  0.03276163]
 [-0.0575926   0.9931991  -0.08772168 -0.03122999 -0.03959993]
 [-0.05250313  0.0799507   0.99124235 -0.06788798 -0.06067159]
 [ 0.02463343  0.0350124   0.0617604   0.99408054 -0.07846605]
 [-0.03639125  0.045166    0.06032223  0.07400256  0.9937407 ]]",21
4,5,5,,0.6864256262779236,"[[ 0.9876585  -0.1225375  -0.0578686   0.0760456   0.01958614]
 [ 0.13700284  0.96287084  0.21258667 -0.04460437 -0.08323112]
 [-0.02419636  0.2072697  -0.9716783  -0.06877554 -0.08697666]
 [-0.0719137   0.07913919 -0.06118477  0.98598653  0.11248253]
 [-0.00198452  0.09295509 -0.05963036 -0.12380604  0.9861398 ]]",21
5,6,5,,0.7345315217971802,"[[ 0.9889314   0.1160558  -0.07387873  0.0473092  -0.0291467 ]
 [-0.13235375  0.96751624 -0.20556594  0.04241037 -0.04836162]
 [-0.05019843 -0.21811496 -0.9705246   0.01447062 -0.08819598]
 [-0.03478495 -0.03441642  0.00129842  0.96718484  0.24931395]
 [ 0.02770034  0.04104616 -0.10180786 -0.24557567  0.9627438 ]]",21
6,7,5,,0.7024669647216797,"[[ 9.9697268e-01 -6.9855273e-02  6.5979752e-04  1.5048733e-02
   3.0638512e-02]
 [ 7.0744589e-02  9.9238122e-01 -8.3508454e-02  2.5872089e-02
  -5.0315402e-02]
 [ 6.7276331e-03  8.5685313e-02  9.9142694e-01 -9.8355502e-02
   3.4038508e-03]
 [-1.7765947e-02 -1.3311632e-02  9.9593759e-02  9.9309838e-01
   5.7826411e-02]
 [-2.6070897e-02  5.2730702e-02 -1.3401587e-02 -5.6444757e-02
   9.9658126e-01]]",21
7,8,5,,0.7709578275680542,"[[ 0.9989812   0.01871398 -0.02990595  0.01801945  0.02161526]
 [-0.0242033   0.9745319  -0.21620029  0.02732384 -0.04703995]
 [ 0.0240899   0.22007969  0.9729517  -0.02332472  0.0616897 ]
 [-0.0123656  -0.02703409  0.04074946  0.98427963 -0.16926111]
 [-0.02678562  0.02777728 -0.06377779  0.17198329  0.9822755 ]]",21
8,9,5,,0.7511057257652283,"[[ 9.9741036e-01 -5.8269642e-02 -2.2925320e-03  3.0944411e-02
   2.8537855e-02]
 [ 5.7948906e-02  9.9249524e-01 -1.0741167e-01  1.3476581e-04
  -7.6004779e-03]
 [ 1.2576048e-02  1.0565545e-01  9.8076057e-01 -1.6098140e-01
   2.9536149e-02]
 [-3.2822955e-02  1.9576710e-02  1.5451290e-01  9.7729564e-01
   1.3985176e-01]
 [-2.4062272e-02  3.3840772e-03 -5.1883366e-02 -1.3424140e-01
   9.8929107e-01]]",21
9,10,5,,0.8294019103050232,"[[ 0.99778587 -0.05876559  0.00553441  0.01975461  0.02343253]
 [ 0.05923354  0.9862672  -0.14883745  0.02294543 -0.03300428]
 [ 0.00273046  0.15030363  0.9879833  -0.00887017  0.03480671]
 [-0.02107975 -0.02011489  0.01203229  0.9995016   0.00169248]
 [-0.02151575  0.02877159 -0.03950718 -0.00109005  0.9985726 ]]",21
10,11,5,,1.1323245763778687,"[[ 0.9466713  -0.1740731  -0.23651531 -0.01634296  0.13154982]
 [ 0.19503589  0.9236999   0.09339067  0.3152004   0.02581553]
 [ 0.19964021  0.0026506   0.88633794 -0.40294832  0.11033766]
 [-0.11368743 -0.16159022  0.11703186  0.43802965  0.8691359 ]
 [-0.11398835  0.30059722 -0.36884582 -0.7390157   0.46309447]]",21
0,1,5,,0.7871146202087402,"[[ 0.9865857   0.12732099  0.04936627 -0.06574019 -0.06065717]
 [-0.13859057  0.98101634  0.11103759 -0.07397843 -0.02444252]
 [-0.04864834 -0.1286179   0.9723055  -0.10264024 -0.15867543]
 [ 0.04345009  0.06629575  0.09104603  0.9821206  -0.14445305]
 [ 0.0564519   0.02141532  0.17766935  0.1229207   0.9745146 ]]",22
1,2,5,,0.796070396900177,"[[ 0.9948131   0.01113835 -0.09242466 -0.0290168   0.02895786]
 [-0.01187416  0.9993412  -0.01396904 -0.00894857 -0.03001591]
 [ 0.08982769  0.01402297  0.99244654 -0.08214412 -0.00604228]
 [-0.03557022 -0.01117976 -0.07919791 -0.9958626  -0.02439298]
 [-0.02952397  0.02952064  0.00632941 -0.02424549  0.9988138 ]]",22
2,3,5,,0.7782973647117615,"[[ 9.40681636e-01 -3.32200766e-01 -1.94174927e-02  1.16544245e-02
  -6.51757494e-02]
 [ 3.33490044e-01  9.22519982e-01  1.86121613e-01 -2.79700878e-04
   5.56775331e-02]
 [-4.18905206e-02 -1.85635239e-01  9.80497420e-01 -2.41624936e-03
   4.90296185e-02]
 [ 7.36419903e-03  1.42731098e-03  2.12180568e-03 -9.96775746e-01
  -7.98586011e-02]
 [ 4.57542054e-02 -6.43203035e-02 -6.00183383e-02 -7.93500170e-02
   9.91902709e-01]]",22
3,4,5,,0.714827835559845,"[[ 0.9966304   0.04129277  0.05227618  0.0205667   0.04320872]
 [ 0.0352836  -0.9938776   0.09486327 -0.02785384  0.0344615 ]
 [-0.05453992  0.08863802  0.99043876  0.06947822 -0.05807338]
 [ 0.02056511  0.03072736  0.06171639 -0.99172467 -0.10633073]
 [-0.04566639  0.04124844  0.05907871 -0.10225552  0.9910937 ]]",22
4,5,5,,0.6907839775085449,"[[ 0.9858622  -0.13382152  0.05757623  0.08224123  0.00943185]
 [ 0.146867    0.96581465 -0.18987738 -0.0461752  -0.08629391]
 [-0.0242237   0.18363222  0.97524863 -0.08358236 -0.08715764]
 [ 0.0759941  -0.0862067  -0.07829759 -0.98054606 -0.138536  ]
 [ 0.01199958  0.09023038  0.05823317 -0.1504914   0.982688  ]]",22
5,6,5,,0.7300970554351807,"[[ 0.9884732   0.10778358 -0.08565707  0.04885082 -0.03974782]
 [-0.12858234  0.9643449  -0.21824218  0.03662262 -0.06734033]
 [ 0.06132267  0.23237671  0.9674132   0.00733065  0.0793638 ]
 [-0.03722275 -0.02993681 -0.0162183   0.9732331   0.22421531]
 [ 0.03523213  0.05938481 -0.09424404 -0.22144055  0.9681499 ]]",22
6,7,5,,0.699073314666748,"[[ 0.9955923  -0.08656635 -0.00732566  0.02018998  0.02900067]
 [ 0.08631999  0.9925881  -0.06321637  0.03825003 -0.04310808]
 [ 0.01403172  0.0659519   0.99455404 -0.07692869  0.01994148]
 [-0.02400584 -0.02835032  0.07776014  0.9940167   0.06711268]
 [-0.02391149  0.04606196 -0.02766963 -0.06435876  0.9961922 ]]",22
7,8,5,,0.7917730808258057,"[[ 0.9991352  -0.01240929 -0.03151493  0.01958866  0.01407354]
 [ 0.00584837  0.9776981  -0.2036208   0.0253467  -0.04436614]
 [ 0.03333342  0.20553532  0.97714806 -0.0235413   0.03565912]
 [-0.01595619 -0.02590815  0.0361483   0.98301417 -0.17734276]
 [-0.0181395   0.0321941  -0.03768722  0.17917204  0.9824009 ]]",22
8,9,5,,0.7579264044761658,"[[ 0.99735117 -0.0568012  -0.01762664  0.03529106  0.02254287]
 [ 0.05496667  0.99430394 -0.09108629 -0.00238158  0.00599246]
 [ 0.02593839  0.08808459  0.9846071  -0.13678108  0.05837964]
 [-0.03293809  0.01610058  0.13358797  0.9888746   0.05419411]
 [-0.0226198  -0.01072982 -0.06399833 -0.04654791  0.99654937]]",22
9,10,5,,0.8378079533576965,"[[ 0.9969513  -0.06936197 -0.00751923  0.03446754  0.00570162]
 [ 0.06679452  0.9826882  -0.17050588  0.01252548 -0.02516793]
 [ 0.01941084  0.1705877   0.98434585 -0.0098038   0.03860211]
 [-0.03397115 -0.01086581  0.01808152  0.9886394  -0.1448899 ]
 [-0.0097885   0.01716819 -0.04009319  0.14543425  0.9883576 ]]",22
10,11,5,,1.095259189605713,"[[ 0.95075184 -0.17243138 -0.23036958  0.05878945  0.09905578]
 [ 0.19612004  0.9345186   0.09400018 -0.2569739   0.11550056]
 [ 0.19489554 -0.02447633  0.90487266  0.376283   -0.03214391]
 [-0.13228896  0.00200833 -0.06502698  0.30538756  0.9407474 ]
 [-0.04607925  0.31038576 -0.33922076  0.834061   -0.30134496]]",22
0,1,5,,0.792262852191925,"[[ 0.98572034  0.13204344  0.05691884 -0.06238933 -0.06154541]
 [-0.14308217  0.98175347  0.10516246 -0.06394508 -0.02322938]
 [-0.05546981 -0.1217147   0.9737133  -0.08352368 -0.16436183]
 [ 0.04295272  0.05981074  0.07515176  0.9877192  -0.1155019 ]
 [ 0.05441651  0.01824754  0.17870557  0.09722719  0.97740316]]",23
1,2,5,,0.8047749996185303,"[[ 0.9954257   0.02211992 -0.08580344 -0.02476523  0.02574361]
 [-0.02331459  0.9989276  -0.01991794 -0.01031173 -0.03312111]
 [ 0.08346751  0.020527    0.99302995 -0.0797433  -0.01201196]
 [-0.02993082 -0.01408044 -0.07768885 -0.9953198  -0.04699931]
 [-0.02685751  0.03216711  0.00984636 -0.04753906  0.99794143]]",23
2,3,5,,0.7757531404495239,"[[ 0.94454116 -0.32158515 -0.01959616  0.00916425 -0.06290371]
 [ 0.32284197  0.9256304   0.18886346  0.00452078  0.05737328]
 [-0.0404914  -0.18901953  0.97972095 -0.00360737  0.05259162]
 [ 0.00682829  0.0069259   0.00217704 -0.996842   -0.07878152]
 [ 0.04391777 -0.06336486 -0.06394268 -0.07866658  0.99185634]]",23
3,4,5,,0.705716073513031,"[[ 0.99674386  0.05467071  0.0439115  -0.02273226  0.03267634]
 [ 0.04969947 -0.99285954  0.09622768  0.03221527  0.03823989]
 [-0.04824318  0.08957833  0.99140126 -0.06222465 -0.05385129]
 [ 0.01948616  0.03732913  0.05787981  0.9965784  -0.04133259]
 [-0.03639317  0.0426999   0.05084775  0.03748527  0.9964244 ]]",23
4,5,5,,0.6855408549308777,"[[ 0.9878467  -0.12411495 -0.05170437  0.07668214  0.01417485]
 [ 0.1362302   0.96535486  0.20465294 -0.0401214  -0.07770982]
 [-0.01817708  0.19769154 -0.972075   -0.08418697 -0.09257616]
 [-0.07255185  0.07620109 -0.07842301  0.9858949   0.10387809]
 [ 0.00246945  0.08830039 -0.06605916 -0.11590463  0.98711663]]",23
5,6,5,,0.7452901005744934,"[[ 0.99088764  0.09652024 -0.07683658  0.04706782 -0.02657632]
 [-0.11392443  0.96880716 -0.21157017  0.04121493 -0.04442167]
 [-0.05651975 -0.22302976 -0.9684484   0.01267694 -0.09492244]
 [-0.03577722 -0.0339822  -0.00286564  0.96455777  0.25920162]
 [ 0.02623799  0.03463278 -0.10692865 -0.25603464  0.9597524 ]]",23
6,7,5,,0.7088026404380798,"[[ 0.9957765  -0.08434292  0.00171387  0.01426043  0.03330477]
 [ 0.0849935   0.9903134  -0.09548091  0.03342004 -0.04268321]
 [ 0.00792043  0.09820236  0.99035966 -0.09733787  0.00259567]
 [-0.0188893  -0.01843075  0.09912284  0.99075615  0.08877184]
 [-0.02803208  0.04671335 -0.01558701 -0.0872201   0.9945762 ]]",23
7,8,5,,0.78705894947052,"[[ 0.9989728  -0.00126655 -0.03553983  0.01439147  0.0241145 ]
 [-0.00531225  0.9782093  -0.20091657  0.02998737 -0.04256322]
 [ 0.0336803   0.204033    0.9760699  -0.01807741  0.0647825 ]
 [-0.00815682 -0.03074695  0.03766926  0.97995424 -0.19302554]
 [-0.02870871  0.02302399 -0.06509904  0.19559294  0.9778299 ]]",23
8,9,5,,0.7530611157417297,"[[ 9.97440994e-01 -5.81446737e-02 -4.98727197e-04  3.31823789e-02
   2.50842459e-02]
 [ 5.80530614e-02  9.91889238e-01 -1.12633355e-01 -1.18659378e-03
  -9.89580434e-03]
 [ 1.16667310e-02  1.10569626e-01  9.78144348e-01 -1.71414509e-01
   3.85863595e-02]
 [-3.43915336e-02  2.30950583e-02  1.63744986e-01  9.76714849e-01
   1.32285744e-01]
 [-2.05498300e-02  3.99196986e-03 -6.11116514e-02 -1.24670357e-01
   9.90093112e-01]]",23
9,10,5,,0.8302252888679504,"[[ 0.9971336  -0.0683296  -0.00206245  0.02397653  0.02182914]
 [ 0.06712051  0.9843828  -0.15936568  0.02233469 -0.02427129]
 [ 0.01209638  0.16009341  0.985839   -0.00579006  0.04807866]
 [-0.02303041 -0.02118616  0.01466236  0.9939126  -0.10461155]
 [-0.02329573  0.01558239 -0.05004663  0.10502656  0.9928138 ]]",23
10,11,5,,1.1162015199661255,"[[ 0.95025474 -0.18256111 -0.21541461  0.02694571  0.12867701]
 [ 0.19517289  0.94262993  0.06531738 -0.256136    0.05902899]
 [ 0.18552352  0.00980511  0.88950497  0.4149017   0.04606897]
 [-0.13363896 -0.07240734  0.03984038 -0.13260908  0.9786345 ]
 [-0.08151729  0.26978028 -0.39563093  0.8625194   0.14181001]]",23
0,1,5,,0.7921542525291443,"[[ 0.98591465  0.13229395  0.05427427 -0.06477302 -0.05770043]
 [-0.14315693  0.9818736   0.10059652 -0.06934331 -0.02241282]
 [-0.05315891 -0.11760573  0.9744474  -0.09007577 -0.16025499]
 [ 0.04382777  0.06476749  0.07927702  0.9847682  -0.13353316]
 [ 0.05226486  0.01991888  0.17635785  0.11451621  0.9760408 ]]",24
1,2,5,,0.8119915723800659,"[[ 0.99398196  0.06258252 -0.07695044 -0.03525323 -0.03031512]
 [-0.06308229  0.9974802  -0.01282799 -0.00514032  0.02937392]
 [ 0.07329692  0.01686348  0.9941074  -0.07788341  0.0052713 ]
 [-0.0385474  -0.01035752 -0.07522016 -0.99443275  0.06206643]
 [-0.03408838  0.02692508  0.00253471 -0.06138775 -0.997165  ]]",24
2,3,5,,0.7652528882026672,"[[ 9.3559361e-01 -3.4774554e-01 -1.7502552e-02 -1.3063637e-03
  -5.8563072e-02]
 [ 3.4711710e-01  9.1701370e-01  1.9165300e-01 -3.0288724e-03
   4.3075267e-02]
 [-4.8161443e-02 -1.8921354e-01  9.7881526e-01  4.1958163e-03
   6.1496131e-02]
 [ 3.4381734e-04  5.5122017e-03 -8.9480920e-05  9.9875927e-01
  -4.9491115e-02]
 [-4.3066520e-02  4.8235539e-02  6.9881856e-02 -4.9511570e-02
  -9.9422520e-01]]",24
3,4,5,,0.7176835536956787,"[[ 0.99556637  0.0640415   0.05408987  0.01380051 -0.04037442]
 [ 0.05715771 -0.9917736   0.10649417 -0.02870895 -0.0308696 ]
 [-0.05975753  0.09945264  0.9895834   0.07709059  0.03633122]
 [-0.01201937 -0.03368621 -0.07068     0.99123985 -0.10568168]
 [-0.04318739  0.03547163  0.03824039 -0.10240063 -0.9924355 ]]",24
4,5,5,,0.6844365000724792,"[[ 0.9887555  -0.12228566 -0.05003728 -0.06762275  0.0182265 ]
 [ 0.13290946  0.9701971   0.18545924  0.06497147  0.04935871]
 [-0.02170096  0.18044083 -0.9770427   0.09494179  0.05782593]
 [ 0.06344537 -0.08037607  0.07039282  0.9812809  -0.14712873]
 [-0.01419062 -0.06888137  0.05944412  0.13885084  0.9860227 ]]",24
5,6,5,,0.7330247163772583,"[[ 0.987835    0.12490139 -0.06985649  0.04456874 -0.04141761]
 [-0.14164048  0.95916843 -0.23194784  0.01668092 -0.07652368]
 [-0.03988767 -0.24583367 -0.96402854 -0.02186183 -0.09025352]
 [ 0.02427954 -0.00399158  0.06496556 -0.873277   -0.48224616]
 [-0.04404012 -0.06281287  0.08802619  0.4844015  -0.86701876]]",24
6,7,5,,0.6922210454940796,"[[ 0.99695396 -0.06635408  0.004896    0.01822964  0.03638225]
 [ 0.06813513  0.9930472  -0.07903646  0.01444499 -0.05253103]
 [ 0.00138359  0.08112873  0.99300843 -0.08374155  0.01837796]
 [-0.02409301  0.00220068  0.07981721  0.98347366  0.160697  ]
 [-0.02929233  0.05355132 -0.03595371 -0.158827    0.98476166]]",24
7,8,5,,0.751292884349823,"[[ 0.9991915   0.02105259 -0.02230608  0.02159597  0.01445866]
 [-0.02457344  0.9771002  -0.2027916   0.01377053 -0.05794232]
 [ 0.01623299  0.20767856  0.97443813 -0.00331174  0.0840558 ]
 [-0.01542676 -0.02374512  0.03279883  0.9587857  -0.28080672]
 [-0.02260218  0.03373122 -0.08816172  0.28295404  0.9542095 ]]",24
8,9,5,,0.7402531504631042,"[[ 0.997583   -0.05537978  0.00275302  0.03384279  0.02466514]
 [ 0.05536899  0.99234515 -0.11035603  0.00199526 -0.0017447 ]
 [ 0.00680785  0.10908615  0.9806217  -0.14913538  0.06475776]
 [-0.03829606  0.01484297  0.12756996  0.9580058   0.25350302]
 [-0.01579691 -0.00801125 -0.09960399 -0.2425574   0.96484786]]",24
9,10,5,,0.8245475888252258,"[[ 0.99807763 -0.05175621  0.01925427  0.02410157  0.01451073]
 [ 0.05407682  0.98701584 -0.14493741  0.01923886 -0.03870916]
 [-0.01142794  0.14833052  0.98680305 -0.03041792  0.05623223]
 [-0.02450735 -0.01552823  0.03693857  0.99619836 -0.07336655]
 [-0.01361496  0.02962968 -0.058973    0.07558156  0.99486   ]]",24
10,11,5,,1.1407973766326904,"[[ 0.92002    -0.20053633 -0.31993395 -0.02264101  0.1023625 ]
 [ 0.26231578  0.8946742   0.22948664 -0.27463108  0.051596  ]
 [ 0.24820851 -0.13925907  0.8121499   0.48888943  0.14282519]
 [-0.11403373 -0.1611481   0.08686809 -0.39340416  0.8937084 ]
 [-0.10070981  0.33761144 -0.4217163   0.72820693  0.4095681 ]]",24
0,1,5,,0.813062846660614,"[[ 0.9811448   0.16288967  0.05940388 -0.06726233  0.05261892]
 [-0.17353222  0.9784539   0.07978207 -0.07591291  0.01966561]
 [-0.05704059 -0.09936331  0.9762619  -0.08163461  0.16468662]
 [ 0.04337126  0.07564342  0.06943835  0.98428804  0.13693911]
 [ 0.0458989   0.02236279  0.17943493  0.11927189 -0.97517717]]",25
1,2,5,,0.8817455768585205,"[[ 0.99648094  0.03476017 -0.06055979 -0.0414357  -0.02080929]
 [-0.03423906  0.99906427  0.0034801  -0.00342883  0.02596779]
 [ 0.05814313 -0.00199233  0.9961296  -0.0649221   0.0112435 ]
 [-0.04235423 -0.00763256 -0.06339212 -0.9903441   0.11553278]
 [ 0.0260554  -0.0244952  -0.00526522  0.11521706  0.9926824 ]]",25
2,3,5,,0.8037573099136353,"[[ 0.9300056  -0.3626194   0.00813327  0.01623475  0.05715743]
 [ 0.35598868  0.9113683   0.2017088   0.01294662 -0.04273067]
 [-0.07760741 -0.18955211  0.97529113  0.01179828 -0.08194547]
 [-0.01590795 -0.00650978 -0.0198937   0.9976669  -0.06300414]
 [-0.04566867  0.04407576  0.08751473  0.06395578  0.99208   ]]",25
3,4,5,,0.8075966835021973,"[[ 0.98257947 -0.17586887  0.05755054 -0.01036521 -0.01372108]
 [ 0.16854247  0.97943026  0.10761602 -0.0108364  -0.02472334]
 [-0.07487757 -0.09585599  0.99088615  0.05476819 -0.01870954]
 [ 0.01425678  0.01178131 -0.05469228  0.99235225 -0.10910434]
 [ 0.0179209   0.02143399  0.01612774  0.1096022   0.9934519 ]]",25
4,5,5,,0.7304324507713318,"[[ 0.98600507 -0.15879625 -0.03570642  0.01566696  0.03251726]
 [-0.16276464 -0.97612715 -0.1312108   0.05876014 -0.00381878]
 [-0.01380775  0.12635131 -0.98278594 -0.13251722  0.0203902 ]
 [ 0.02100021 -0.06928696  0.10219545 -0.892754   -0.4327871 ]
 [-0.02588468 -0.03455963  0.0720886  -0.42629942  0.9006707 ]]",25
5,6,5,,0.7601845860481262,"[[ 0.9934308   0.09331734 -0.01918884 -0.02492694  0.05828939]
 [-0.09927458  0.9587932  -0.24037144 -0.11016694  0.03074054]
 [ 0.00427564 -0.24701291 -0.96775365 -0.04654171 -0.01590553]
 [ 0.00436538  0.08887288 -0.07258707  0.9774149   0.17740841]
 [-0.05659115 -0.05562124  0.00610365 -0.1724408   0.9817998 ]]",25
6,7,5,,0.7329189777374268,"[[ 0.9962187  -0.05150807  0.04595801  0.04622224  0.02542524]
 [ 0.05737436  0.9944738  -0.06005141 -0.06353535 -0.00933796]
 [-0.04207204  0.06380545  0.99342453  0.03329273 -0.07847386]
 [-0.04909264  0.06445287 -0.00419709  0.90808594  0.41085035]
 [-0.00872899 -0.0119807   0.08585931 -0.40999782  0.9079153 ]]",25
7,8,5,,0.7751702070236206,"[[ 0.9992214   0.02666593  0.01284896  0.0239769   0.01027958]
 [-0.0232716   0.9862595  -0.1383617  -0.07321385  0.04739414]
 [-0.01861835  0.14916483  0.97882634  0.11735454 -0.07436513]
 [-0.01600487  0.06548689 -0.1498604   0.8720858  -0.4609376 ]
 [-0.02030669 -0.00649959  0.01148353  0.46878466  0.88298047]]",25
8,9,5,,0.7734452486038208,"[[ 0.9980754  -0.0270474   0.03376316  0.01194294  0.04279413]
 [ 0.02918906  0.99233615 -0.11414802 -0.00244469  0.03716468]
 [-0.02514118  0.11808749  0.96868086  0.15900902 -0.14763734]
 [-0.02399241 -0.02149511 -0.09490688  0.9266791   0.3622441 ]
 [-0.04225839 -0.01143278  0.196164   -0.34034294  0.9185695 ]]",25
9,10,5,,0.8467028737068176,"[[ 0.9979782   0.01650503  0.05852822  0.01708648 -0.00703127]
 [-0.00901382  0.99229145 -0.10803226 -0.04622736  0.03832059]
 [-0.0618824   0.1150019   0.9805145   0.1007207  -0.10673182]
 [-0.01120459  0.03942133 -0.12857142  0.9659852  -0.22059542]
 [-0.00176938 -0.01748547  0.08345115  0.23302138  0.96872497]]",25
10,11,5,,1.1228657960891724,"[[ 0.8973779  -0.425609    0.11336855  0.02446402  0.0109061 ]
 [-0.28510258 -0.3775765   0.85409653 -0.14154793  0.16320461]
 [ 0.27732286  0.7338195   0.49988845  0.33951324 -0.13943934]
 [-0.16124196 -0.2990093  -0.06037457  0.92707354  0.14657466]
 [ 0.10257906  0.21998955 -0.06428918 -0.06805285  0.96556604]]",25
0,1,5,,0.7888619899749756,"[[ 0.98688596  0.12516128  0.05228912 -0.06367135 -0.06002099]
 [-0.13640364  0.9823426   0.10372945 -0.06800664 -0.03181548]
 [-0.05105709 -0.12079014  0.9758145  -0.08162407 -0.1546817 ]
 [ 0.04439236  0.06278655  0.07327628  0.9868118  -0.1221482 ]
 [ 0.05359659  0.02837467  0.1700666   0.10421611  0.9780279 ]]",26
1,2,5,,0.7953355312347412,"[[ 0.9948167   0.02834096 -0.08908194 -0.02869735 -0.02787981]
 [-0.027393    0.99899113  0.00331046 -0.00702898  0.03472742]
 [ 0.08687115 -0.00155657  0.993276   -0.07644501  0.00314248]
 [-0.03375379 -0.00931185 -0.07383112 -0.9955575   0.04677844]
 [-0.03005545  0.0335319   0.00227096 -0.04635187 -0.9979071 ]]",26
2,3,5,,0.7798939943313599,"[[ 9.3175668e-01 -3.5816741e-01 -2.1814808e-02  2.3321470e-03
  -5.5357076e-02]
 [ 3.5834265e-01  9.1321075e-01  1.8772680e-01 -6.4391963e-04
   4.8938319e-02]
 [-4.5271758e-02 -1.8684822e-01  9.7942805e-01  4.4311006e-03
   6.1148714e-02]
 [-1.5262639e-03  2.4610264e-03  1.0378797e-02 -9.9609154e-01
  -8.7667137e-02]
 [-3.6990743e-02  5.3328946e-02  6.9968708e-02  8.8182457e-02
  -9.9152201e-01]]",26
3,4,5,,0.7179584503173828,"[[ 0.99618435  0.04531137  0.05819654  0.01851068  0.04282686]
 [ 0.03908017 -0.99397355  0.09298744 -0.0310341   0.02965817]
 [-0.06040772  0.08624635  0.9901034   0.06941552 -0.06155561]
 [ 0.01738078  0.03459727  0.06170077 -0.9927461  -0.09565154]
 [-0.04624178  0.03644342  0.06208576 -0.09127431  0.9921431 ]]",26
4,5,5,,0.7012428641319275,"[[ 0.98269814 -0.15462923 -0.06592745  0.07690404  0.01155314]
 [ 0.16842763  0.9632918   0.18901324 -0.04141854 -0.07911751]
 [-0.02868012  0.18627548 -0.9753125  -0.08312768 -0.07958789]
 [ 0.07142295 -0.07375185  0.07263496 -0.9906003  -0.05380328]
 [ 0.00356044  0.08955923 -0.05845753 -0.06458537  0.9921582 ]]",26
5,6,5,,0.731394350528717,"[[ 0.9846571   0.145402   -0.07567818  0.04914959 -0.03414439]
 [-0.16178037  0.9607255  -0.2137825   0.0225077  -0.06800085]
 [-0.04367278 -0.22926539 -0.96796185 -0.00157631 -0.09261405]
 [-0.036916   -0.01253351 -0.02640701  0.95013696  0.30825743]
 [ 0.03174053  0.05608138 -0.10450979 -0.30710763  0.9437214 ]]",26
6,7,5,,0.6996718049049377,"[[ 9.9554974e-01 -8.8201448e-02  7.8172563e-03  1.2444027e-02
   2.9751793e-02]
 [ 8.9705840e-02  9.9160725e-01 -7.7494465e-02  1.6923685e-02
  -4.8743859e-02]
 [ 8.5328698e-05  7.9937719e-02  9.9170786e-01 -9.9476099e-02
   1.5162806e-02]
 [-1.6410803e-02 -2.7832389e-03  9.7974606e-02  9.8989975e-01
   1.0110498e-01]
 [-2.3752283e-02  5.0374817e-02 -2.9153340e-02 -9.8800570e-02
   9.9311960e-01]]",26
7,8,5,,0.7693215608596802,"[[ 0.9991681   0.02478185 -0.02702861  0.01243942  0.01279227]
 [-0.02905743  0.97931725 -0.19208777  0.01998184 -0.0528809 ]
 [ 0.02088328  0.19663939  0.9773776  -0.01988485  0.07234941]
 [-0.00834857 -0.02254189  0.03799963  0.982717   -0.17957033]
 [-0.01768962  0.03388786 -0.0752382   0.18253186  0.9795713 ]]",26
8,9,5,,0.760467529296875,"[[ 0.99651915 -0.0715399   0.01135924  0.03436937  0.02283413]
 [ 0.07215519  0.9917823  -0.10547772  0.00466575  0.00375693]
 [ 0.00181253  0.10431659  0.9754129  -0.1885318   0.04626256]
 [-0.03807059  0.01648463  0.17773922  0.9690782   0.16605768]
 [-0.01704748 -0.00980531 -0.0756563  -0.15537135  0.9847585 ]]",26
9,10,5,,0.8351545929908752,"[[ 9.9814326e-01 -5.6755643e-02  8.3455462e-03  1.5299816e-02
   1.3604241e-02]
 [ 5.7387535e-02  9.8554111e-01 -1.5624955e-01  1.9452464e-02
  -2.4961924e-02]
 [ 6.9434510e-04  1.5786648e-01  9.8629802e-01 -3.0505959e-02
   3.6923528e-02]
 [-1.5774978e-02 -1.4424136e-02  3.4936801e-02  9.9807072e-01
  -4.6662420e-02]
 [-1.2936376e-02  1.8912239e-02 -3.8885847e-02  4.8080843e-02
   9.9782318e-01]]",26
10,11,5,,1.094165563583374,"[[ 0.94610554 -0.17407121 -0.22868069  0.08190861  0.1248182 ]
 [ 0.18627672  0.9546169   0.02074855 -0.21076754  0.0956776 ]
 [ 0.18866867  0.04060474  0.8844837   0.4236544  -0.03099677]
 [-0.1251463  -0.0803865   0.07443433 -0.01983183  0.9858715 ]
 [-0.1375782   0.22426583 -0.3992777   0.8769217   0.04860824]]",26
0,1,5,,0.7891626954078674,"[[ 0.9875944   0.11727253  0.06001148 -0.06116765 -0.05967846]
 [-0.1279919   0.9841269   0.10807896 -0.05555042 -0.01858581]
 [-0.05935798 -0.1222483   0.97425646 -0.07947152 -0.16137072]
 [ 0.04470136  0.05174455  0.07351841  0.98997664 -0.09932547]
 [ 0.05247585  0.01092124  0.17359973  0.08248127  0.97989136]]",27
1,2,5,,0.8137191534042358,"[[ 0.9939045   0.06311614 -0.08087054 -0.02456293  0.03204477]
 [-0.06371421  0.99724156 -0.01644849 -0.00565784 -0.03387032]
 [ 0.07754841  0.02064945  0.9930373  -0.08604295 -0.00577591]
 [-0.02938073 -0.01036505 -0.08395761 -0.99505705 -0.04291935]
 [-0.03489123  0.03149259  0.00417513 -0.04269514  0.9979732 ]]",27
2,3,5,,0.766716718673706,"[[ 9.4286335e-01  3.2704532e-01 -2.5469648e-02  1.5683632e-02
  -5.6173798e-02]
 [ 3.2858628e-01 -9.2321277e-01  1.8970363e-01  1.6262472e-02
   5.8797758e-02]
 [-3.7060585e-02  1.9112121e-01  9.7975427e-01  9.2129142e-04
   4.6689261e-02]
 [ 1.4824487e-02 -1.8749543e-02  1.1915866e-02 -9.8950547e-01
  -1.4200592e-01]
 [ 3.8034305e-02  6.1972260e-02 -5.7475034e-02 -1.4271539e-01
   9.8541451e-01]]",27
3,4,5,,0.7109504342079163,"[[ 0.9957665   0.06749426  0.04572887 -0.03203804  0.02785694]
 [-0.06319725  0.99241424 -0.08659676 -0.03781249 -0.046811  ]
 [-0.05078437  0.07805381  0.99186534 -0.055949   -0.06634407]
 [ 0.02852918  0.04143509  0.05050001  0.99577713 -0.05785279]
 [-0.03259118  0.05243295  0.06374086  0.05330536  0.9946278 ]]",27
4,5,5,,0.6813470125198364,"[[ 0.987044   -0.11974259 -0.06021978  0.08093144  0.03506518]
 [ 0.13696852  0.9564545   0.23871611 -0.03917789 -0.08896099]
 [-0.02353332  0.23444998 -0.9666424  -0.0469013  -0.08878227]
 [-0.07951745  0.07896904 -0.04294088  0.9760344   0.18153164]
 [-0.01034221  0.09825235 -0.05609734 -0.19254152  0.9746899 ]]",27
5,6,5,,0.7442324757575989,"[[ 0.990821    0.09955147 -0.07467447  0.0461617  -0.0256118 ]
 [-0.11688343  0.9667099  -0.21838577  0.04579557 -0.04495308]
 [-0.05340873 -0.23048727 -0.9668807   0.02866311 -0.09134142]
 [-0.03602577 -0.03786116  0.02491558  0.98509306  0.16198598]
 [ 0.02148372  0.03168199 -0.10607681 -0.15665846  0.9811934 ]]",27
6,7,5,,0.6989597082138062,"[[ 0.99749094 -0.06484541 -0.00329594  0.01602476  0.02322109]
 [ 0.06528944  0.9912964  -0.09021539  0.02423191 -0.06589983]
 [ 0.01071256  0.0923913   0.99059355 -0.10008643  0.00750388]
 [-0.01714738 -0.01180863  0.10148563  0.9941046   0.0319891 ]
 [-0.0184472   0.06671566 -0.01659791 -0.029914    0.9970147 ]]",27
7,8,5,,0.7693842053413391,"[[ 0.99909395  0.01753805 -0.02852999  0.01752763  0.01955783]
 [-0.02310791  0.9712211  -0.22993928  0.02758675 -0.05062126]
 [ 0.02290403  0.23409021  0.9696168  -0.02913676  0.06059289]
 [-0.0130947  -0.02480253  0.0442588   0.989938   -0.13144302]
 [-0.02410869  0.03175881 -0.06479498  0.13455684  0.9879809 ]]",27
8,9,5,,0.7818331122398376,"[[ 0.99760747 -0.05723009  0.00244848  0.02560124  0.02902945]
 [ 0.0576472   0.99336195 -0.09893854 -0.00563543 -0.00938869]
 [ 0.00682468  0.09650886  0.9804539  -0.16979623  0.02277795]
 [-0.02754282  0.02465037  0.1644882   0.9785691   0.11823645]
 [-0.02551525  0.00592072 -0.04311515 -0.11351015  0.9922553 ]]",27
9,10,5,,0.847962498664856,"[[ 0.99826884 -0.04921708  0.01030968  0.02180229  0.02134075]
 [ 0.05021549  0.9906718  -0.11988536  0.02530945 -0.03216486]
 [-0.00469956  0.12141968  0.99215513 -0.00765351  0.02836923]
 [-0.02424939 -0.02121727  0.00839614  0.9975043   0.06226219]
 [-0.01810142  0.03088708 -0.03284707 -0.06173163  0.99690956]]",27
10,11,5,,1.134756326675415,"[[ 0.96076226 -0.14886938 -0.18617739  0.00425688  0.14175193]
 [ 0.16069998  0.93305075  0.06484717  0.31346804 -0.03353111]
 [ 0.16705239  0.01893111  0.92512    -0.32135138  0.1123445 ]
 [-0.10481547 -0.18683031  0.16312009  0.65192384  0.70886904]
 [-0.11053771  0.26830983 -0.2804952  -0.6111041   0.68092984]]",27
0,1,5,,0.7920839786529541,"[[ 0.9857965   0.13367255  0.05304091 -0.06347732 -0.05911149]
 [-0.14452085  0.98136455  0.10483532 -0.06619709 -0.02578325]
 [-0.05080029 -0.12132271  0.9750658  -0.08154211 -0.15905233]
 [ 0.04395729  0.06209371  0.07280174  0.9870365  -0.12112351]
 [ 0.052972    0.02191771  0.1736167   0.10343269  0.97768736]]",28
1,2,5,,0.7989962697029114,"[[ 0.9950252   0.02896024 -0.08787284 -0.02669309  0.02553535]
 [-0.02942232  0.9988855  -0.01165037 -0.00742338 -0.03422349]
 [ 0.08546454  0.01319665  0.9931327  -0.07823338 -0.00941517]
 [-0.03196675 -0.01074187 -0.07595024 -0.9955587  -0.04424142]
 [-0.02707721  0.0331591   0.00785069 -0.04443998  0.99806356]]",28
2,3,5,,0.7740579843521118,"[[ 0.94216275  0.32878965 -0.02005626  0.00414209 -0.06170362]
 [ 0.33001304 -0.9242815   0.18382844  0.00512687  0.05455291]
 [-0.03972184  0.18409991  0.98052716 -0.00241891  0.05558812]
 [ 0.00270202 -0.00806176  0.00311224 -0.99752873 -0.06967393]
 [ 0.04284469  0.06036044 -0.06604289 -0.0699081   0.9926088 ]]",28
3,4,5,,0.7060074806213379,"[[ 0.99621314  0.05804593  0.049045   -0.02024986  0.03707556]
 [-0.05224023  0.9924535  -0.10039745 -0.03193704 -0.0347462 ]
 [-0.05368723  0.09371515  0.99100554 -0.06201149 -0.04896635]
 [ 0.01721084  0.03693465  0.05721215  0.9961807  -0.05186737]
 [-0.04064264  0.03898631  0.04636477  0.04846008  0.99615765]]",28
4,5,5,,0.6919647455215454,"[[ 0.9866489  -0.13215324 -0.05558426  0.07680234  0.00844101]
 [ 0.14446063  0.96693766  0.19110397 -0.04551442 -0.0746353 ]
 [-0.02210377  0.18474483 -0.97421336 -0.09369692 -0.08665969]
 [-0.07176671  0.07743566 -0.08313695  0.98977375  0.04784834]
 [ 0.00400298  0.0862565  -0.06622807 -0.05998902  0.99224937]]",28
5,6,5,,0.7331003546714783,"[[ 0.9892913   0.11052475 -0.07694843  0.04813652 -0.02913822]
 [-0.1274775   0.967448   -0.21014939  0.03155389 -0.05133748]
 [-0.05348443 -0.22265588 -0.968828    0.00456223 -0.094421  ]
 [-0.03589187 -0.02322973 -0.01847328  0.9494212   0.31053212]
 [ 0.03006018  0.04139438 -0.10462921 -0.30865148  0.94401795]]",28
6,7,5,,0.705355167388916,"[[ 0.9954717  -0.08724786  0.00384583  0.01415537  0.03476856]
 [ 0.08824185  0.99057496 -0.09109759  0.02932801 -0.04261079]
 [ 0.00547733  0.09374718  0.9911046  -0.09403727  0.00708174]
 [-0.01933085 -0.01441121  0.09463986  0.9897848   0.10386531]
 [-0.02908432  0.04639833 -0.02101016 -0.10209092  0.99304444]]",28
7,8,5,,0.775320291519165,"[[ 0.99902606  0.00840824 -0.03580167  0.01357962  0.02025168]
 [-0.01446337  0.98031384 -0.18956456  0.02636014 -0.04632449]
 [ 0.03221298  0.1929943   0.97843236 -0.00784572  0.06575809]
 [-0.00760363 -0.03098481  0.02866898  0.97555804 -0.21551524]
 [-0.02534396  0.02659241 -0.06805715  0.21759084  0.9729712 ]]",28
8,9,5,,0.7496200799942017,"[[ 9.97078717e-01 -6.26560524e-02 -1.89974235e-04  3.55406813e-02
   2.53968127e-02]
 [ 6.25388548e-02  9.92085934e-01 -1.08632006e-01 -9.09038761e-04
  -7.25780288e-03]
 [ 1.18313953e-02  1.06598832e-01  9.78955209e-01 -1.68542758e-01
   4.16745245e-02]
 [-3.73006463e-02  2.18068287e-02  1.59062773e-01  9.73801970e-01
   1.56658247e-01]
 [-1.97870694e-02  9.45798820e-04 -6.74151406e-02 -1.48455486e-01
   9.86419618e-01]]",28
9,10,5,,0.822505533695221,"[[ 0.99733645 -0.06678557  0.00179909  0.02044449  0.02094019]
 [ 0.0662661   0.9839322  -0.16263156  0.02093335 -0.02447413]
 [ 0.00840316  0.16370754  0.9852481  -0.01092967  0.04791758]
 [-0.01953793 -0.01918948  0.01938834  0.9941245  -0.10291076]
 [-0.02182843  0.01577026 -0.04957976  0.10363811  0.99301344]]",28
10,11,5,,1.1168773174285889,"[[ 0.9457175  -0.17545404 -0.24066912  0.02555821  0.12751222]
 [ 0.19459571  0.9414018   0.08294705 -0.25578296  0.05991809]
 [ 0.2019891  -0.0048473   0.87575793  0.43415007  0.06114415]
 [-0.13207155 -0.08081293  0.03966796 -0.15673529  0.97462136]
 [-0.09751058  0.2764497  -0.40825558  0.8490404   0.16286488]]",28
0,1,5,,0.7901660203933716,"[[ 0.9876994   0.11770214  0.05672493 -0.06077533 -0.0607033 ]
 [-0.12865093  0.9837291   0.10670644 -0.06086772 -0.02519176]
 [-0.05652896 -0.12253439  0.9739713  -0.08727273 -0.15985383]
 [ 0.04317439  0.05537141  0.08092679  0.98874295 -0.10444202]
 [ 0.05328636  0.01850353  0.17385867  0.08586177  0.9793973 ]]",29
1,2,5,,0.8074344992637634,"[[ 0.9952463  -0.01628515 -0.09131215 -0.01828577  0.02339514]
 [ 0.01602299  0.9991309  -0.01008438 -0.01222982 -0.03506395]
 [ 0.08990677  0.00713451  0.9923431  -0.08354573 -0.01187881]
 [-0.02535277 -0.01360854 -0.08178537 -0.99582666 -0.02850196]
 [-0.02240736  0.03515941  0.01125483 -0.02941664  0.9986339 ]]",29
2,3,5,,0.7764285206794739,"[[ 9.5493257e-01 -2.9026240e-01 -1.3163124e-02  1.6107490e-02
  -5.8469728e-02]
 [ 2.9125997e-01  9.3550956e-01  1.8704633e-01  4.5328037e-04
   7.0730612e-02]
 [-4.0323321e-02 -1.8699914e-01  9.8038161e-01 -8.1236623e-03
   4.6811409e-02]
 [ 1.1038884e-02  6.6622770e-03 -4.8112654e-04 -9.9195337e-01
  -1.2594491e-01]
 [ 3.9031714e-02 -7.4541323e-02 -6.0762946e-02 -1.2531137e-01
   9.8667377e-01]]",29
3,4,5,,0.7227326035499573,"[[ 0.99674964  0.04855605  0.04815949 -0.02791223  0.03215847]
 [ 0.04361205 -0.9929458   0.09461223  0.03975175  0.0403106 ]
 [-0.05138188  0.08799854  0.9918947  -0.04268027 -0.06276517]
 [ 0.02575222  0.04242741  0.03711791  0.9966824  -0.0527569 ]
 [-0.03584692  0.04644473  0.05913005  0.04943068  0.995298  ]]",29
4,5,5,,0.6935437917709351,"[[ 0.9852251  -0.1325433   0.06215004  0.08090422  0.03681974]
 [ 0.14862393  0.95714104 -0.23002143 -0.02361042 -0.09123945]
 [-0.02193349  0.22474197  0.96703565 -0.06207352 -0.09999477]
 [-0.08191411  0.07333624  0.0658799   0.96714854  0.21953444]
 [-0.00717334  0.10210855  0.06106915 -0.2316627   0.96546644]]",29
5,6,5,,0.7359200119972229,"[[ 0.9912335   0.08613756 -0.0823181   0.05193528 -0.02372469]
 [-0.10624531  0.9668601  -0.22086352  0.05144031 -0.04966539]
 [ 0.06393889  0.23425138  0.9645055  -0.0355688   0.09747969]
 [-0.04218156 -0.04255982  0.03744581  0.9901669   0.12073359]
 [ 0.01733658  0.03281451 -0.11300515 -0.11384593  0.98635274]]",29
6,7,5,,0.6951767802238464,"[[ 9.94137168e-01 -1.04487427e-01  2.05427161e-04  1.84658095e-02
   2.07975321e-02]
 [ 1.04509115e-01  9.88909841e-01 -8.78240988e-02  2.80483887e-02
  -5.13351113e-02]
 [ 1.09622376e-02  9.08581167e-02  9.89575088e-01 -1.09416291e-01
   1.98431388e-02]
 [-2.09008809e-02 -1.36404540e-02  1.10245578e-01  9.92415905e-01
   4.83079329e-02]
 [-1.45607349e-02  5.19456603e-02 -2.95604989e-02 -4.48447242e-02
   9.97098207e-01]]",29
7,8,5,,0.7886218428611755,"[[ 0.9989858  -0.01425761 -0.03923394  0.01147235  0.01237511]
 [ 0.00628388  0.97767097 -0.2015586   0.03208937 -0.04964263]
 [ 0.04103199  0.203334    0.9776339  -0.01200512  0.03254848]
 [-0.00936189 -0.03397884  0.02384347  0.9910457  -0.12656061]
 [-0.01471662  0.03816973 -0.03870629  0.12854122  0.9901038 ]]",29
8,9,5,,0.9953897595405579,"[[ 0.9970256  -0.06689826 -0.00485084  0.02943596  0.02396868]
 [ 0.06615074  0.99050695 -0.12022103 -0.00803982 -0.00155645]
 [ 0.01723729  0.1159362   0.9763869  -0.17974813  0.02491911]
 [-0.02787393  0.03122059  0.17530857  0.9805344   0.07789386]
 [-0.02213331 -0.00218373 -0.03819602 -0.07288174  0.9963607 ]]",29
9,10,5,,0.8260151743888855,"[[ 0.9968689  -0.06885855 -0.00729459  0.02666128 -0.02732537]
 [ 0.06694239  0.98706204 -0.1411847   0.02920999  0.02099834]
 [ 0.01568915  0.14165704  0.9882415  -0.0067057  -0.05496254]
 [-0.02564874 -0.02741644  0.01659124  0.9942375   0.09903053]
 [-0.02944353  0.01219308 -0.05583118  0.09941239 -0.9929675 ]]",29
10,11,5,,1.1644989252090454,"[[ 0.96245617 -0.16231373 -0.15819229  0.05231978  0.13989371]
 [ 0.16441803  0.9589387   0.00295193  0.21102504 -0.09414327]
 [ 0.14668378  0.04402916  0.93858695 -0.24118112  0.1934723 ]
 [-0.13894048 -0.0635808   0.06336229  0.7042848   0.6903775 ]
 [ 0.07631692 -0.21933927  0.30001047  0.6313047  -0.6763979 ]]",29
0,1,5,,0.7988048195838928,"[[ 0.98309386  0.1509805   0.05196105 -0.06791279  0.05847326]
 [-0.16216078  0.97839135  0.09938075 -0.07840661  0.0207365 ]
 [-0.04961183 -0.11825394  0.9735607  -0.09594759  0.16287519]
 [ 0.04269922  0.07403983  0.08148571  0.980469    0.15727523]
 [ 0.05427383  0.02211889  0.18155774  0.13680227 -0.972053  ]]",30
1,2,5,,0.8127620220184326,"[[ 0.9944747   0.05303137 -0.07821064 -0.03723866 -0.02653217]
 [-0.05457943  0.99779016 -0.02490535 -0.00441683  0.02821553]
 [ 0.0743129   0.02821969  0.99416757 -0.07187449  0.01209401]
 [-0.04037193 -0.01022914 -0.06940078 -0.9944844   0.06670536]
 [ 0.02981086 -0.02648597 -0.00879329  0.06654644  0.99694735]]",30
2,3,5,,0.779758632183075,"[[ 9.3261725e-01  3.5436565e-01 -1.9531457e-02  5.0909640e-03
   6.5134309e-02]
 [ 3.5391253e-01 -9.1307604e-01  1.9854081e-01 -6.7678833e-04
  -4.0239353e-02]
 [-4.9760778e-02  1.9592246e-01  9.7748333e-01  2.2604647e-03
  -6.0493939e-02]
 [-3.7126371e-03 -2.2030408e-03 -2.9189496e-03  9.9989009e-01
  -1.3883164e-02]
 [-4.9808446e-02 -4.8236296e-02  6.8686977e-02  1.3726410e-02
   9.9513119e-01]]",30
3,4,5,,0.74717116355896,"[[ 0.99552333  0.07478108  0.04696225  0.00518213  0.03329791]
 [-0.06867334  0.9916582  -0.10342278  0.01629432 -0.03059773]
 [-0.05380798  0.09761269  0.99027     0.08094481 -0.01973908]
 [-0.00146625 -0.02303767 -0.07815628  0.9953735   0.05089515]
 [ 0.03632896 -0.03102979 -0.01884393  0.0488588  -0.9974844 ]]",30
4,5,5,,0.6974982619285583,"[[ 0.98994887 -0.12135005 -0.04114781 -0.04892561  0.03447669]
 [ 0.12831554  0.97791195  0.15094599  0.06164692  0.02526522]
 [-0.01808225  0.14415547 -0.97962296  0.13149935  0.04403386]
 [ 0.05141117 -0.07604872  0.10394572  0.95391077 -0.26612613]
 [ 0.02379874  0.04897148 -0.07110748 -0.25800818 -0.9619828 ]]",30
5,6,5,,0.7369320392608643,"[[ 0.9893144   0.11398719 -0.06897138  0.0216556  -0.05511734]
 [-0.12952276  0.9660445  -0.2148174  -0.00820031 -0.06138458]
 [-0.04340266 -0.2251735  -0.9711047  -0.04589933 -0.04755904]
 [ 0.00870034 -0.01324612  0.06307263 -0.9447281  -0.32134023]
 [-0.05021339 -0.05372454  0.04553883  0.32379913 -0.9421638 ]]",30
6,7,5,,0.7097604870796204,"[[ 0.9967172  -0.06507419  0.01158527  0.01205709  0.04517152]
 [ 0.06705505  0.993409   -0.07934132  0.03174462 -0.03659806]
 [-0.00551337  0.08227245  0.99388236 -0.07331597  0.0048413 ]
 [-0.03415711 -0.00164722  0.0608871   0.8595456   0.5062655 ]
 [-0.02934661  0.04617834 -0.04540173 -0.50463164  0.8604022 ]]",30
7,8,5,,0.7586171627044678,"[[ 0.9992226   0.01562225 -0.02098774  0.02824154  0.00850105]
 [-0.01853695  0.9821038  -0.18024637 -0.00599511 -0.05102671]
 [ 0.01615274  0.18447943  0.9786589   0.02831822  0.08444715]
 [-0.01013571 -0.02634215  0.0524908   0.64222646 -0.76419455]
 [-0.02910551  0.02239225 -0.08088438  0.76544744  0.6373378 ]]",30
8,9,5,,0.7424176335334778,"[[ 9.97685134e-01 -4.98193353e-02 -3.99797209e-05  4.61908691e-02
   2.97390483e-03]
 [ 4.94369976e-02  9.93625939e-01 -1.01093866e-01  4.12374409e-03
  -5.14244894e-03]
 [ 7.79693900e-03  1.00540482e-01  9.81796980e-01 -6.84963986e-02
   1.45650133e-01]
 [-4.55870219e-02  2.95678573e-03  3.52650024e-02  9.73660409e-01
   2.20578715e-01]
 [ 6.43612538e-03 -1.04084890e-02 -1.56879932e-01 -2.12469175e-01
   9.64414775e-01]]",30
9,10,5,,0.8374886512756348,"[[ 9.9810863e-01 -5.1715359e-02  1.6361646e-02  2.5502291e-02
   1.3665677e-02]
 [ 5.3867050e-02  9.7890508e-01 -1.9422546e-01 -1.4660973e-02
   3.0077212e-02]
 [-6.1239158e-03  1.9635215e-01  9.7912729e-01  3.1806003e-02
  -4.1309513e-02]
 [-2.8983701e-02 -2.8542492e-03 -4.9820305e-03  8.4952086e-01
   5.2672684e-01]
 [ 2.9051464e-04  2.2538498e-02 -5.7390794e-02  5.2577311e-01
  -8.4838724e-01]]",30
10,11,5,,1.137621283531189,"[[ 0.9107252  -0.16235967 -0.3687086   0.00395484  0.09086975]
 [ 0.25741503  0.8774788   0.2791142  -0.26169422  0.13183284]
 [ 0.28012088 -0.1648088   0.7712383   0.5473106   0.00359105]
 [-0.15735632  0.26988256 -0.35733017  0.6615248   0.58060527]
 [-0.03299249 -0.32198107  0.25230095 -0.4408361   0.7982778 ]]",30
0,1,5,,0.7885897159576416,"[[ 0.986513    0.12789199  0.05586554 -0.06213604 -0.05876775]
 [-0.13871157  0.98206466  0.10928909 -0.06253171 -0.02129741]
 [-0.0543703  -0.12533003  0.9726963  -0.09200363 -0.16350381]
 [ 0.04329094  0.0571692   0.08421393  0.987436   -0.11285304]
 [ 0.05216054  0.01471378  0.17805865  0.09345823  0.97807133]]",31
1,2,5,,0.8053019642829895,"[[ 0.99524695  0.01211895 -0.08947303 -0.02319334  0.02816479]
 [-0.01304754  0.999269   -0.01665374 -0.0101498  -0.0301797 ]
 [ 0.08727013  0.01657702  0.9924104  -0.08465489 -0.00801358]
 [-0.02948814 -0.01289464 -0.08238421 -0.9955024  -0.03394245]
 [-0.0287683   0.0295547   0.00718431 -0.0341712   0.99853873]]",31
2,3,5,,0.7691403031349182,"[[ 0.9514464  -0.30127102 -0.01495152  0.01328081 -0.05987926]
 [ 0.3024538   0.933257    0.18237357  0.00305546  0.06544972]
 [-0.03927105 -0.18221818  0.98136634 -0.00950705  0.04565134]
 [ 0.00967088  0.00817989 -0.0027335  -0.994142   -0.1073021 ]
 [ 0.04044331 -0.0706879  -0.05855754 -0.10679677  0.9892083 ]]",31
3,4,5,,0.7090697884559631,"[[ 0.9955813   0.0697166   0.04625392 -0.02542135  0.0342316 ]
 [ 0.06472457 -0.992297    0.09342572  0.03290198  0.03669455]
 [-0.05180766  0.08607681  0.99176496 -0.05939633 -0.05273579]
 [ 0.02365058  0.03593095  0.0525757   0.9932063  -0.09448133]
 [-0.0372186   0.04226119  0.05263307  0.09101975  0.9928615 ]]",31
4,5,5,,0.6883296966552734,"[[ 0.9860782  -0.13067362  0.06121467  0.07974183  0.02163783]
 [ 0.14611588  0.9595408  -0.21930934 -0.04166982 -0.08999246]
 [-0.02436743  0.21386348  0.9698951  -0.06796677 -0.0913927 ]
 [-0.07551385  0.0838052   0.06354351  0.9780551   0.16323215]
 [ 0.0019551   0.09718528  0.05849662 -0.1751958   0.97797537]]",31
5,6,5,,0.7368727922439575,"[[ 0.99040085  0.0992801  -0.07685135  0.05069665 -0.0278103 ]
 [-0.11802521  0.9650339  -0.22139484  0.04799349 -0.05882697]
 [ 0.0549692   0.23493251  0.96566695 -0.01821027  0.09455618]
 [-0.03917874 -0.03782194  0.00804375  0.97347385  0.22207789]
 [ 0.02489373  0.04721525 -0.11180734 -0.21712585  0.9682492 ]]",31
6,7,5,,0.6984560489654541,"[[ 0.99550194 -0.0875776  -0.00233772  0.02074691  0.02949857]
 [ 0.08784607  0.991138   -0.08281434  0.02764409 -0.04802101]
 [ 0.01129544  0.08549619  0.9913106  -0.09736106  0.01967047]
 [-0.02316094 -0.01526307  0.09828407  0.9937454   0.04517693]
 [-0.02439171  0.04932505 -0.02792595 -0.04238269  0.997194  ]]",31
7,8,5,,0.785133421421051,"[[ 9.9911946e-01 -6.7845061e-03 -3.2576952e-02  1.8365586e-02
   1.7767293e-02]
 [-1.3373703e-04  9.7427803e-01 -2.1810295e-01  2.7999086e-02
  -4.9289417e-02]
 [ 3.2697052e-02  2.2055863e-01  9.7376692e-01 -1.2319666e-02
   4.3715354e-02]
 [-1.4525560e-02 -3.0513139e-02  2.7215643e-02  9.8555982e-01
  -1.6367358e-01]
 [-2.1912323e-02  3.4045722e-02 -4.9062978e-02  1.6552569e-01
   9.8415184e-01]]",31
8,9,5,,0.7640970945358276,"[[ 9.9695969e-01 -6.4696893e-02 -1.2356279e-02  3.4164537e-02
   2.3786042e-02]
 [ 6.2924340e-02  9.9075508e-01 -1.2012658e-01 -3.7761421e-03
   4.3844292e-04]
 [ 2.3984075e-02  1.1667603e-01  9.7986889e-01 -1.5437768e-01
   4.2848818e-02]
 [-3.2468680e-02  2.3842731e-02  1.4903697e-01  9.8390877e-01
   8.9938022e-02]
 [-2.1964340e-02 -6.0712127e-03 -5.5334751e-02 -8.3124071e-02
   9.9474078e-01]]",31
9,10,5,,0.8255252242088318,"[[ 0.99700516 -0.06943786 -0.00338244  0.02838716  0.01848437]
 [ 0.06794087  0.98617786 -0.14601132  0.02699061 -0.02809655]
 [ 0.012859    0.14683092  0.9880002  -0.00464831  0.04592745]
 [-0.02869109 -0.0256286   0.01242337  0.99625313 -0.07645466]
 [-0.01939254  0.02038154 -0.04868809  0.07696576  0.99544674]]",31
10,11,5,,1.1212846040725708,"[[ 0.9461112  -0.19846778 -0.22021031  0.0162607   0.12933336]
 [ 0.21732877  0.92746603  0.11997929  0.27959526  0.00254535]
 [ 0.18539265 -0.04921934  0.89844626 -0.36768872  0.14424372]
 [-0.1426071  -0.08202852  0.02643006  0.36326444  0.9166651 ]
 [-0.05417168  0.30210283 -0.3594553  -0.80895364  0.34955004]]",31
0,1,5,,0.7940903902053833,"[[ 0.98759186  0.12267189  0.05396378 -0.06421316 -0.05077932]
 [-0.1323067   0.9834754   0.11063838 -0.05378014 -0.01174466]
 [-0.05024842 -0.1220917   0.97750217 -0.06512874 -0.15105148]
 [ 0.04924805  0.0528886   0.05906999  0.9902071  -0.10381752]
 [ 0.04697888  0.00491855  0.16077116  0.09073325  0.9816766 ]]",32
1,2,5,,0.8247431516647339,"[[ 9.8740000e-01  1.2838422e-01 -7.8673966e-02  3.1778932e-02
   3.6867354e-02]
 [-1.2751204e-01  9.9116564e-01 -2.5283338e-03 -7.1720155e-03
  -3.5685420e-02]
 [ 7.4647494e-02  1.2789133e-02  9.9329126e-01  8.7386839e-02
   5.4842950e-04]
 [-3.7719909e-02  9.8715606e-04 -8.4713660e-02  9.9518245e-01
  -3.1807538e-02]
 [-4.2270947e-02  3.0717392e-02 -4.2978514e-04  3.0234002e-02
   9.9817598e-01]]",32
2,3,5,,0.75581955909729,"[[ 0.93712485  0.34316424 -0.03282946  0.00749972 -0.05386592]
 [ 0.34586927 -0.91971624  0.17358093  0.03366065  0.05685984]
 [-0.02828029  0.17767183  0.9827716   0.00652742  0.04183634]
 [-0.01365723  0.03616776 -0.01956209  0.9888582   0.142415  ]
 [ 0.03442949  0.05903313 -0.05068681 -0.14466321  0.98581594]]",32
3,4,5,,0.7123222947120667,"[[ 0.9887809   0.1345664   0.04761697 -0.03501529  0.02666006]
 [-0.1296824   0.98531187 -0.09300402 -0.03800029 -0.04742601]
 [-0.05940819  0.08117653  0.9920133  -0.05590885 -0.05162242]
 [ 0.02830401  0.04422916  0.05123711  0.9956876  -0.05677718]
 [-0.03412239  0.05006558  0.04865466  0.05301255  0.9955659 ]]",32
4,5,5,,0.6929524540901184,"[[ 0.9838731  -0.135567    0.07189953  0.0834254   0.0385488 ]
 [ 0.15618446  0.957628   -0.217769   -0.05713157 -0.08869919]
 [-0.03413806  0.21574971  0.97101474 -0.04360062 -0.08669543]
 [-0.07817207  0.08987894  0.03216073  0.9851737   0.11920289]
 [-0.01799689  0.09971929  0.05918833 -0.13155955  0.98433787]]",32
5,6,5,,0.7471766471862793,"[[ 0.99021995  0.11379689 -0.06372985  0.04600262 -0.01836478]
 [-0.12638193  0.97057116 -0.19773835  0.02684756 -0.04688412]
 [ 0.04124823  0.20847437  0.97275805 -0.01985545  0.09046835]
 [-0.03825778 -0.01974103  0.00389793  0.9712312   0.23418207]
 [ 0.01809058  0.03450722 -0.10278426 -0.23125425  0.9666638 ]]",32
6,7,5,,0.7213995456695557,"[[ 0.9988281  -0.03347345 -0.00508855  0.01524047  0.03104523]
 [ 0.03475776  0.993204   -0.07746195  0.02879618 -0.07421728]
 [ 0.0089939   0.07970549  0.9931209  -0.08529692  0.00122728]
 [-0.01586015 -0.02048564  0.08729376  0.99575186  0.01366565]
 [-0.02831799  0.07518502 -0.00802959 -0.01187848  0.99666435]]",32
7,8,5,,0.7842032313346863,"[[ 0.9972668   0.06181103 -0.02205154  0.0194194   0.02783405]
 [-0.06439     0.9720049  -0.22014168  0.02584143 -0.0439353 ]
 [ 0.00604605  0.22359283  0.97274685 -0.00487501  0.06090628]
 [-0.01312594 -0.02886625  0.02042633  0.98946655 -0.13976076]
 [-0.0332236   0.02364101 -0.06631583  0.141022    0.98694086]]",32
8,9,5,,0.774911105632782,"[[ 9.9803936e-01 -3.9940488e-02 -6.0548908e-03  2.1206101e-02
   4.2845439e-02]
 [ 3.9952815e-02  9.9601489e-01 -7.8649364e-02 -3.3325574e-04
  -1.3124200e-02]
 [ 1.1580953e-02  7.7539518e-02  9.8613304e-01 -1.4560503e-01
   1.3943336e-02]
 [-2.6045842e-02  1.4586511e-02  1.4120705e-01  9.7704697e-01
   1.5668015e-01]
 [-3.8840737e-02  1.1572423e-02 -3.7147321e-02 -1.5404096e-01
   9.8653376e-01]]",32
9,10,5,,0.8489280939102173,"[[ 0.99904656 -0.00486543  0.02607598  0.00441768  0.03439232]
 [ 0.00791084  0.99607205 -0.08026461  0.01998246 -0.03059585]
 [-0.02652373  0.08159421  0.9958165  -0.01292385  0.02865789]
 [-0.01042083 -0.01383654  0.00882972  0.9856894   0.16744646]
 [-0.03211378  0.03110717 -0.03389828 -0.16682473  0.9843889 ]]",32
10,11,5,,1.1349049806594849,"[[ 0.96253633  0.02873763 -0.24376594  0.04542334  0.10589057]
 [-0.01279383  0.93306017 -0.0034611  -0.3593568   0.00925576]
 [ 0.2146519   0.09155972  0.9415232   0.2234833   0.09555493]
 [ 0.03016782 -0.307147    0.15798421 -0.78694856  0.5103955 ]
 [-0.16240236  0.16078039 -0.17070845  0.4467288   0.84797823]]",32
0,1,5,,0.791848361492157,"[[ 0.9866298   0.12458586  0.05394729 -0.06408115 -0.06342991]
 [-0.13611442  0.98223007  0.10422167 -0.07137146 -0.02721955]
 [-0.05439086 -0.12230614  0.97309595 -0.09736621 -0.16027172]
 [ 0.04214941  0.06434383  0.08604564  0.9836106  -0.138527  ]
 [ 0.05744229  0.024567    0.17862824  0.11760024  0.9748636 ]]",33
1,2,5,,0.802759051322937,"[[ 0.9954126   0.02407597 -0.08363173 -0.02983927  0.02625819]
 [-0.02489984  0.9990139  -0.01571568 -0.00874114 -0.03205888]
 [ 0.08100871  0.01665353  0.99351215 -0.07743531 -0.00988314]
 [-0.03464719 -0.012214   -0.07501049 -0.9954662  -0.04550685]
 [-0.02776605  0.03106428  0.00811349 -0.04565132  0.9980552 ]]",33
2,3,5,,0.7801092863082886,"[[ 9.3263084e-01 -3.5420656e-01 -2.1233890e-02  7.3303846e-03
  -6.5060779e-02]
 [ 3.5460016e-01  9.1359717e-01  1.9363895e-01 -2.4572797e-03
   4.5790564e-02]
 [-4.6591017e-02 -1.9227409e-01  9.7844070e-01 -3.7851743e-03
   5.9155528e-02]
 [ 2.9485221e-03 -5.0027284e-04  2.6386595e-04 -9.9771422e-01
  -6.7508392e-02]
 [ 4.7740098e-02 -5.3928103e-02 -6.8605945e-02 -6.7024589e-02
   9.9278069e-01]]",33
3,4,5,,0.7129232883453369,"[[ 0.99736285  0.01540914  0.0528532   0.01835594  0.04358442]
 [ 0.00931589 -0.9940884   0.09767818 -0.03229516  0.03342759]
 [-0.05270754  0.09259549  0.9901726   0.07040506 -0.05700209]
 [ 0.01744355  0.03639332  0.06415987 -0.9945953  -0.07095765]
 [-0.04580713  0.04064924  0.05574173 -0.06665912  0.9943333 ]]",33
4,5,5,,0.6868208646774292,"[[ 0.98848313 -0.1207214  -0.04819885  0.07744485  0.00255482]
 [ 0.13080114  0.970404    0.18804951 -0.0376056  -0.06656083]
 [-0.01773193  0.18225388 -0.975308   -0.09392948 -0.08012809]
 [ 0.07333378 -0.06979603  0.08660422 -0.98859286 -0.0702469 ]
 [ 0.0099907   0.07519614 -0.05990087 -0.08030949  0.9920725 ]]",33
5,6,5,,0.7387589812278748,"[[ 0.98928636  0.10267372 -0.08426845  0.04839616 -0.03643047]
 [-0.12342128  0.9633625  -0.22788817  0.03987693 -0.05636229]
 [-0.06019256 -0.2409424  -0.96406513 -0.00784114 -0.0940244 ]
 [-0.03499381 -0.03334955 -0.02505996  0.9569786   0.28500378]
 [ 0.03509854  0.04717418 -0.10448086 -0.28319266  0.95154   ]]",33
6,7,5,,0.6980888247489929,"[[ 0.9953739  -0.08984974 -0.0013617   0.01695949  0.02946943]
 [ 0.09012807  0.99134237 -0.08339654  0.02439607 -0.03958667]
 [ 0.01030428  0.085107    0.9922105  -0.08992904  0.00904383]
 [-0.02082828 -0.01070613  0.0899132   0.99009866  0.10522266]
 [-0.02382926  0.04253859 -0.02184447 -0.10360794  0.9931822 ]]",33
7,8,5,,0.7744417786598206,"[[ 0.9990622  -0.00500966 -0.03589261  0.0154206   0.01798816]
 [-0.00170058  0.97942793 -0.19475006  0.0276032  -0.04503815]
 [ 0.0352855   0.19801769  0.9770973  -0.02364928  0.06531136]
 [-0.01116386 -0.02694025  0.04001827  0.9868863  -0.15363389]
 [-0.0224088   0.02754946 -0.0668102   0.1565127   0.98477364]]",33
8,9,5,,0.7472097873687744,"[[ 0.997438   -0.06079889  0.0012085   0.02825983  0.02491215]
 [ 0.06080484  0.9915669  -0.11426511 -0.00605242 -0.00215866]
 [ 0.0092532   0.11137985  0.9793755  -0.16363303  0.0394573 ]
 [-0.02939192  0.02602923  0.15605721  0.97943497  0.12170392]
 [-0.02169014 -0.00394114 -0.05841148 -0.11443818  0.9914665 ]]",33
9,10,5,,0.8270313143730164,"[[ 0.99673814 -0.07299838  0.00133528  0.03146189  0.01387644]
 [ 0.07190795  0.9826928  -0.16773559  0.01996934 -0.0246994 ]
 [ 0.01114553  0.1688112   0.9842424  -0.02339644  0.04580329]
 [-0.0311047  -0.01512703  0.03129063  0.9937457  -0.10146003]
 [-0.01582621  0.01612474 -0.04637524  0.10263311  0.9933808 ]]",33
10,11,5,,1.1144747734069824,"[[ 0.9503606  -0.20517504 -0.19521628  0.00635615  0.12871686]
 [ 0.2114439   0.942661    0.06819989 -0.24248403  0.05685036]
 [ 0.16928263  0.01682717  0.86343     0.47069395  0.06321506]
 [-0.13546675 -0.07905687  0.05657446 -0.1823697   0.96898884]
 [-0.07140241  0.25051993 -0.456648    0.8284622   0.19304007]]",33
0,1,5,,0.7913134098052979,"[[ 0.9869846   0.12286416  0.05193072 -0.06602705 -0.06090439]
 [-0.13421236  0.98242265  0.10285725 -0.07548178 -0.0235738 ]
 [-0.05294597 -0.12100024  0.9728377  -0.10570662 -0.15801452]
 [ 0.04294958  0.06788366  0.09278802  0.98084474 -0.15126505]
 [ 0.05657218  0.02238206  0.17804715  0.12927732  0.97359395]]",34
1,2,5,,0.8074023127555847,"[[ 0.995134    0.03431453 -0.08150924 -0.03267116 -0.02862943]
 [-0.03531687  0.9987197  -0.01866665 -0.00674221  0.03029533]
 [ 0.07839017  0.02052803  0.9936105  -0.07798225  0.00951676]
 [-0.0371711  -0.01082458 -0.07539949 -0.99536055  0.04553624]
 [-0.03056637  0.02903331  0.00780583 -0.04542472 -0.9980473 ]]",34
2,3,5,,0.773783266544342,"[[ 9.3482786e-01 -3.4854040e-01 -1.7884074e-02  8.8386945e-03
  -6.4949833e-02]
 [ 3.4817481e-01  9.1518724e-01  1.9775882e-01  8.4140309e-04
   4.5796435e-02]
 [-5.0113611e-02 -1.9502789e-01  9.7793490e-01 -3.5580760e-03
   5.5529051e-02]
 [ 5.8737239e-03  1.5997582e-03  3.9464317e-04 -9.9818039e-01
  -5.9990004e-02]
 [-4.8221286e-02  5.3976189e-02  6.4921632e-02  5.9535921e-02
  -9.9347973e-01]]",34
3,4,5,,0.7112632393836975,"[[ 0.9970537   0.02562231  0.05364411  0.01632796  0.04564183]
 [ 0.01899828 -0.9935049   0.10244614 -0.03118451  0.0334587 ]
 [-0.05457481  0.09692847  0.9896595   0.07418771 -0.05193128]
 [ 0.01609592  0.03515945  0.06686444 -0.9924866  -0.09488994]
 [-0.04780741  0.04074662  0.0522538  -0.0907046   0.99252033]]",34
4,5,5,,0.681587278842926,"[[ 0.9883059  -0.12002541 -0.0490154   0.08010565 -0.00510725]
 [ 0.130788    0.9697859   0.18899834 -0.04906005 -0.0654413 ]
 [-0.01923531  0.18316792 -0.97588307 -0.09013781 -0.07487918]
 [ 0.07424402 -0.07911623  0.07919036 -0.98948973 -0.05354962]
 [ 0.01624604  0.07279664 -0.05708076 -0.06294126  0.99358785]]",34
5,6,5,,0.7374406456947327,"[[ 0.98887163  0.10390338 -0.08573271  0.04700713 -0.04215861]
 [-0.12612909  0.9593899  -0.24048416  0.03190601 -0.06936736]
 [-0.05941605 -0.25446466 -0.9608724  -0.0204253  -0.08957897]
 [-0.03328905 -0.02420756 -0.03989096  0.9516644   0.30174407]
 [ 0.03982532  0.05862421 -0.09975027 -0.3011479   0.9456939 ]]",34
6,7,5,,0.691684901714325,"[[ 0.9959936  -0.08156511 -0.00627469  0.02071162  0.0295896 ]
 [ 0.08166224  0.99258536 -0.07288402  0.0257606  -0.04615103]
 [ 0.01335683  0.07481916  0.9939946  -0.07598253  0.02061668]
 [-0.02418751 -0.01367664  0.07514674  0.9919497   0.09806514]
 [-0.02376119  0.04833736 -0.03124467 -0.09575994  0.993455  ]]",34
7,8,5,,0.7621443867683411,"[[ 9.9917465e-01 -6.3753389e-03 -3.1018306e-02  2.0579819e-02
   1.4954086e-02]
 [ 7.8710975e-05  9.7708768e-01 -2.0604755e-01  2.3200164e-02
  -4.8019737e-02]
 [ 3.1199891e-02  2.0906879e-01  9.7543263e-01 -2.1983614e-02
   5.8006242e-02]
 [-1.6690262e-02 -2.3750072e-02  3.7952587e-02  9.8417366e-01
  -1.7064345e-01]
 [-1.9948184e-02  3.1389162e-02 -6.0605787e-02  1.7308138e-01
   9.8233730e-01]]",34
8,9,5,,0.7443837523460388,"[[ 0.9974987  -0.05941196 -0.00544189  0.02961797  0.02365863]
 [ 0.05865685  0.99280286 -0.10406999 -0.00695075  0.00480858]
 [ 0.01428785  0.10094934  0.9830939  -0.1418647   0.05482677]
 [-0.02978105  0.02216636  0.1340331   0.9841429   0.11008941]
 [-0.0215563  -0.0114335  -0.06856699 -0.10203762  0.9921146 ]]",34
9,10,5,,0.8280723094940186,"[[ 0.99684715 -0.06970623  0.00429655  0.03728636  0.00529643]
 [ 0.06918577  0.9839261  -0.16151233  0.01253458 -0.02931336]
 [ 0.00789939  0.16281584  0.98531216 -0.02651391  0.0434229 ]
 [-0.03720372 -0.00795432  0.0333475   0.99215865 -0.114288  ]
 [-0.00790951  0.02140249 -0.04408152  0.11563224  0.99205106]]",34
10,11,5,,1.1198610067367554,"[[ 0.946578   -0.19551755 -0.22904803  0.00113988  0.11532022]
 [ 0.22349806  0.92103004  0.16819653 -0.26344997  0.06368886]
 [ 0.18390797 -0.06926478  0.8548492   0.47563758  0.0661954 ]
 [-0.13244702 -0.06547189  0.00335514 -0.10127332  0.9838209 ]
 [-0.051715    0.323098   -0.43412948  0.8331299   0.10178144]]",34
0,1,5,,0.7900018095970154,"[[ 0.9868953   0.1249146   0.05427971 -0.06091975 -0.06145068]
 [-0.13601315  0.98230726  0.10757376 -0.06480647 -0.02830132]
 [-0.05351308 -0.12471692  0.9730428  -0.09211494 -0.1621253 ]
 [ 0.04148021  0.05827326  0.08314771  0.98668563 -0.12008987]
 [ 0.0543463   0.02277659  0.17820162  0.10027581  0.97709596]]",35
1,2,5,,0.8055613040924072,"[[ 9.9534714e-01  2.6128590e-02 -8.2558528e-02 -3.0796597e-02
   2.8932983e-02]
 [-2.5856899e-02  9.9921387e-01 -1.6118202e-03 -1.0147796e-02
  -2.8239284e-02]
 [ 7.9815030e-02  2.7777958e-03  9.9336922e-01 -8.2681358e-02
  -1.7785624e-03]
 [-3.5966527e-02 -1.2276997e-02 -7.9988010e-02 -9.9529755e-01
  -3.9247487e-02]
 [-3.0847238e-02  2.7027162e-02  9.7218668e-04 -3.8667049e-02
   9.9840963e-01]]",35
2,3,5,,0.7729843258857727,"[[ 0.9328701  -0.35418853 -0.0182358   0.00541795 -0.06278476]
 [ 0.35486177  0.9176223   0.1729523  -0.01088811  0.04484726]
 [-0.04183013 -0.17221619  0.9819518  -0.01946304  0.06311697]
 [-0.00177926 -0.00414997 -0.01511236 -0.9962894  -0.0846099 ]
 [ 0.04553604 -0.05332968 -0.07278267 -0.08295114  0.99141526]]",35
3,4,5,,0.715604841709137,"[[ 0.99649     0.02833058  0.06122233  0.01795673  0.04620247]
 [ 0.02126884 -0.9935391   0.10136374 -0.03543735  0.02995466]
 [-0.06256855  0.09584364  0.99002475  0.06719149 -0.04728194]
 [ 0.01862358  0.03817294  0.05903564 -0.9902961  -0.11842436]
 [-0.04789453  0.03787156  0.04840583 -0.11498084  0.9903071 ]]",35
4,5,5,,0.6925290822982788,"[[ 0.9881565  -0.12481759 -0.05072198  0.07337686  0.00321589]
 [ 0.13532132  0.96847564  0.19390231 -0.03788776 -0.06862621]
 [-0.01977462  0.18940899 -0.9752722  -0.08232571 -0.07615689]
 [ 0.06906331 -0.06720763  0.07365403 -0.9909756  -0.05705821]
 [ 0.00860289  0.07799332 -0.05699518 -0.06610599  0.9930884 ]]",35
5,6,5,,0.7341527938842773,"[[ 0.9890436   0.10424221 -0.08071668  0.05758821 -0.03308535]
 [-0.12560114  0.9590655  -0.23855937  0.04375968 -0.07478055]
 [-0.05520879 -0.25429899 -0.95980424  0.00281646 -0.10512838]
 [-0.04261011 -0.02847712 -0.02368883  0.9413215   0.3327552 ]
 [ 0.03396143  0.06203152 -0.12160987 -0.32965818  0.93356055]]",35
6,7,5,,0.6889752149581909,"[[ 0.9943077  -0.09999237  0.00166268  0.02601406  0.02596579]
 [ 0.10051178  0.9903134  -0.08564861  0.01152334 -0.04133181]
 [ 0.00895333  0.08666469  0.9919627  -0.09005341  0.01759262]
 [-0.02782214  0.0019871   0.08893953  0.9930032   0.07250037]
 [-0.01988323  0.04202646 -0.02759246 -0.07089031  0.9960179 ]]",35
7,8,5,,0.7521443963050842,"[[ 0.9991592  -0.01378555 -0.03255561  0.01834542  0.00971522]
 [ 0.00702508  0.97819966 -0.19869646  0.02794255 -0.05305653]
 [ 0.03415429  0.20149468  0.9772067  -0.0049267   0.05723792]
 [-0.01700689 -0.03043966  0.0182431   0.9933     -0.10865715]
 [-0.01325697  0.03753235 -0.06476207  0.11051415  0.99096316]]",35
8,9,5,,0.7452566623687744,"[[ 9.96760488e-01 -6.95581585e-02 -7.72799272e-03  3.01674940e-02
   2.56955363e-02]
 [ 6.82136342e-02  9.89257991e-01 -1.29115939e-01 -6.63026096e-03
   7.98570632e-04]
 [ 1.97190139e-02  1.25691265e-01  9.80957329e-01 -1.41994864e-01
   3.70561853e-02]
 [-2.98982617e-02  2.61914991e-02  1.35120511e-01  9.83074486e-01
   1.17162928e-01]
 [-2.30770968e-02 -6.78261649e-03 -5.22937216e-02 -1.11570686e-01
   9.92088079e-01]]",35
9,10,5,,0.8209015130996704,"[[ 0.995916   -0.08403762  0.0070414   0.03100001  0.00885983]
 [ 0.08338051  0.9830855  -0.15789507  0.03005318 -0.02750635]
 [ 0.00721093  0.16019739  0.98491734 -0.03647056  0.05378263]
 [-0.03292143 -0.02176398  0.04241769  0.9978417  -0.03090489]
 [-0.00795402  0.0185407  -0.05619776  0.03342998  0.9976559 ]]",35
10,11,5,,1.141906499862671,"[[ 0.93638176 -0.27868187 -0.16718856 -0.09676258  0.09061222]
 [ 0.26957485  0.92969745  0.09074017 -0.23384184 -0.00873609]
 [ 0.16932939 -0.0130217   0.836985    0.45907706  0.24466805]
 [-0.14404123 -0.13309991  0.17763954 -0.65281045  0.70980227]
 [-0.03313958  0.20028475 -0.4813674   0.54684705  0.654241  ]]",35
0,1,5,,0.791157603263855,"[[ 0.98496574  0.13658497  0.05666481 -0.06342091 -0.06287938]
 [-0.14811198  0.9804734   0.10639467 -0.0694117  -0.024433  ]
 [-0.05552748 -0.12487303  0.9715121  -0.09735449 -0.16736129]
 [ 0.04115023  0.06323636  0.08616401  0.9844346  -0.13331176]
 [ 0.0559337   0.02060065  0.1849576   0.11211758  0.97450876]]",36
1,2,5,,0.8035516738891602,"[[ 0.9952028   0.03030335 -0.08303226 -0.03092629  0.02832313]
 [-0.03156308  0.99888366 -0.01950675 -0.00978597 -0.02754644]
 [ 0.08005267  0.02095115  0.99348766 -0.07793152 -0.00784265]
 [-0.03521092 -0.01385341 -0.07534942 -0.9949088  -0.05520141]
 [-0.03044373  0.02611804  0.00545933 -0.05505385  0.9976624 ]]",36
2,3,5,,0.779049277305603,"[[ 9.3538404e-01 -3.4741589e-01 -1.9783502e-02  3.9193947e-03
  -6.2865645e-02]
 [ 3.4772083e-01  9.1691941e-01  1.9018389e-01 -4.8905388e-03
   4.6424508e-02]
 [-4.5433052e-02 -1.8889467e-01  9.7912979e-01 -5.0229919e-03
   5.9449729e-02]
 [-1.6380563e-04 -2.1300935e-03 -2.3734209e-03 -9.9863261e-01
  -5.2179191e-02]
 [ 4.5636203e-02 -5.3622037e-02 -6.8832621e-02 -5.1656131e-02
   9.9379867e-01]]",36
3,4,5,,0.7171180844306946,"[[ 0.99674165  0.04844474  0.04833004  0.01558357  0.0397571 ]
 [ 0.04305186 -0.9941338   0.09130762 -0.02407147  0.03046404]
 [-0.05170432  0.08542394  0.9906714   0.08158045 -0.0440934 ]
 [ 0.01422602  0.02868926  0.07574552 -0.9920915  -0.0948246 ]
 [-0.04215425  0.03508301  0.04647504 -0.09097739  0.99325496]]",36
4,5,5,,0.6896851658821106,"[[ 0.9888234  -0.12389305 -0.04901837 -0.06590231 -0.01152705]
 [ 0.13351622  0.9703729   0.18590012  0.0509881  -0.05823306]
 [-0.01986566  0.18056253 -0.97609377  0.09991753 -0.0652681 ]
 [ 0.0617374  -0.07242714  0.08237481  0.98995364  0.06441281]
 [ 0.0139837   0.0719605  -0.05910699 -0.05536603  0.99401563]]",36
5,6,5,,0.7407728433609009,"[[ 0.98906326  0.11293152 -0.07328512  0.04503382 -0.04001827]
 [-0.13079938  0.96291465 -0.22394341  0.03542066 -0.0654346 ]
 [-0.0475022  -0.23660372 -0.9666115  -0.01219126 -0.08529848]
 [ 0.02547444  0.01836029  0.04252578 -0.90720254 -0.41735977]
 [ 0.04171169  0.06102038 -0.09128219 -0.41659614  0.90147203]]",36
6,7,5,,0.7014505863189697,"[[ 0.9961496  -0.07808699  0.00454172  0.0170694   0.03572815]
 [ 0.07912238  0.9925741  -0.08243186  0.02083297 -0.0361572 ]
 [ 0.00333375  0.08441781  0.9920732  -0.09252216  0.00964498]
 [-0.02306896 -0.00586095  0.09094215  0.98443377  0.1485031 ]
 [-0.0297057   0.03922278 -0.0265468  -0.1469845   0.9875576 ]]",36
7,8,5,,0.7621721029281616,"[[ 0.999242    0.00391973 -0.02790671  0.01954037  0.01842495]
 [-0.00910624  0.97686464 -0.20663062  0.021645   -0.04987991]
 [ 0.02534978  0.21060301  0.9740627  -0.01943589  0.07634118]
 [-0.01256021 -0.02530049  0.04578324  0.9627205  -0.2650948 ]
 [-0.02514274  0.02695461 -0.07503902  0.26821846  0.95972353]]",36
8,9,5,,0.739848792552948,"[[ 9.9728590e-01 -6.0941573e-02 -1.6801294e-05  3.3639979e-02
   2.3985935e-02]
 [ 6.0387146e-02  9.8980176e-01 -1.2899426e-01  2.4624269e-03
   4.9308996e-04]
 [ 1.1475366e-02  1.2714368e-01  9.7830212e-01 -1.5189485e-01
   5.9629701e-02]
 [-3.6409751e-02  1.7514251e-02  1.3661559e-01  9.6970421e-01
   1.9843763e-01]
 [-1.7801397e-02 -1.0310130e-02 -8.7301821e-02 -1.8831879e-01
   9.7800368e-01]]",36
9,10,5,,0.8291736245155334,"[[ 0.9969697  -0.07145543  0.00500641  0.02760161  0.01259914]
 [ 0.0710187   0.98138577 -0.17377321  0.02236724 -0.03377861]
 [ 0.00738057  0.17561457  0.98297715 -0.01383163  0.05166958]
 [-0.02666887 -0.02176553  0.02726317  0.9831034  -0.17770593]
 [-0.01556173  0.0214938  -0.05282553  0.17903684  0.98206466]]",36
10,11,5,,1.1267644166946411,"[[ 0.92575115 -0.25692502 -0.24985348 -0.00870964  0.12029851]
 [ 0.2776222   0.9129668   0.13705592 -0.2535295   0.07972413]
 [ 0.20407304 -0.0466043   0.82219404  0.5238909   0.07561407]
 [-0.14652494 -0.06874904  0.003998   -0.09705091  0.98202294]
 [-0.05287125  0.30591297 -0.49271688  0.8073205   0.09531885]]",36
0,1,5,,0.7884098887443542,"[[ 0.98752713  0.1184833   0.05128281 -0.0644468  -0.06299716]
 [-0.13023984  0.9823794   0.10823986 -0.07239775 -0.0317977 ]
 [-0.05191025 -0.12661184  0.9729524  -0.10148019 -0.15601327]
 [ 0.04266571  0.06350228  0.08998555  0.9825535  -0.14366071]
 [ 0.0575569   0.02879981  0.17584196  0.12204774  0.97470087]]",37
1,2,5,,0.7949654459953308,"[[ 0.9947067   0.03417222 -0.08658336 -0.0322945   0.02917735]
 [-0.03413057  0.99890757 -0.0062825  -0.00529498 -0.03084435]
 [ 0.08365834  0.00861012  0.99328846 -0.07936832 -0.00242002]
 [-0.03767001 -0.00812839 -0.07640444 -0.9957147  -0.0350636 ]
 [-0.03124153  0.02959443  0.00206032 -0.03437877  0.9984798 ]]",37
2,3,5,,0.7829031944274902,"[[ 9.2319548e-01 -3.7858027e-01 -2.5239483e-02  6.3664382e-03
  -6.0905453e-02]
 [ 3.7894046e-01  9.0496182e-01  1.8930377e-01 -5.5250800e-03
   3.9772429e-02]
 [-4.6286594e-02 -1.8816239e-01  9.7907442e-01 -8.1124832e-04
   6.2170427e-02]
 [-1.7340791e-04 -2.9489300e-03  4.3270877e-03 -9.9591047e-01
  -9.0193644e-02]
 [ 4.4403832e-02 -4.8035096e-02 -7.0154645e-02 -8.9947909e-02
   9.9131662e-01]]",37
3,4,5,,0.7223604321479797,"[[ 9.9667698e-01 -2.9038329e-04  6.1306469e-02  1.7564744e-02
   5.0675459e-02]
 [-6.8089459e-03 -9.9502385e-01  8.9906663e-02 -3.0088427e-02
   2.9877225e-02]
 [-5.9007339e-02  8.5610479e-02  9.8961228e-01  7.6872662e-02
  -6.2826812e-02]
 [ 1.9399598e-02  3.2299083e-02  6.7619428e-02 -9.8973775e-01
  -1.2011312e-01]
 [-5.2254342e-02  3.9434340e-02  6.5219216e-02 -1.1530778e-01
   9.8902220e-01]]",37
4,5,5,,0.6993009448051453,"[[ 0.98678386 -0.13040227 -0.05685091  0.07751597  0.00347091]
 [ 0.14184023  0.96957666  0.18424371 -0.03641324 -0.06731062]
 [-0.02515672  0.18108001 -0.9766556  -0.08827338 -0.07020592]
 [ 0.07359266 -0.06788806  0.07989315 -0.9893652  -0.06891194]
 [ 0.00949533  0.07428005 -0.0508252  -0.07765049  0.9928643 ]]",37
5,6,5,,0.7349196076393127,"[[ 0.985596    0.12960999 -0.08639422  0.05072515 -0.04200902]
 [-0.15086757  0.9586091  -0.22913292  0.03622129 -0.06703471]
 [-0.0554886  -0.2449396  -0.96360755 -0.01234145 -0.09073955]
 [-0.035845   -0.02889305 -0.02979583  0.95659214  0.28622356]
 [ 0.03841401  0.05864797 -0.10298896 -0.2844188   0.9505704 ]]",37
6,7,5,,0.6958746910095215,"[[ 9.9511009e-01 -9.3545303e-02 -1.7540569e-03  1.8110989e-02
   2.5963252e-02]
 [ 9.3959384e-02  9.9218637e-01 -7.0838466e-02  1.2135090e-02
  -3.9654739e-02]
 [ 9.6592717e-03  7.1843334e-02  9.9308962e-01 -9.0368018e-02
   1.8761730e-02]
 [-2.0298228e-02 -2.1619847e-04  8.8721208e-02  9.9164021e-01
   9.1466136e-02]
 [-2.0547960e-02  4.0669043e-02 -2.9673707e-02 -8.9486986e-02
   9.9450254e-01]]",37
7,8,5,,0.7581213116645813,"[[ 0.99918336  0.00823722 -0.03426938  0.01646198  0.01092749]
 [-0.01468393  0.97874993 -0.19715601  0.02363632 -0.04902827]
 [ 0.03160577  0.20088857  0.97692406 -0.02518219  0.06024986]
 [-0.0135867  -0.02239293  0.03781798  0.9920952  -0.11675176]
 [-0.0152809   0.03351159 -0.06437592  0.11951319  0.99005854]]",37
8,9,5,,0.7479620575904846,"[[ 0.99695003 -0.06934432  0.00195394  0.02641222  0.02409557]
 [ 0.06913555  0.9906563  -0.11719074 -0.00626035  0.00689052]
 [ 0.00929868  0.11402889  0.98005545 -0.15814704  0.03730784]
 [-0.02752019  0.02508153  0.15074831  0.98001057  0.12436958]
 [-0.02161247 -0.01263979 -0.05503514 -0.1176096   0.99121755]]",37
9,10,5,,0.8350067734718323,"[[ 0.99658376 -0.07559018  0.00528369  0.03111882  0.01051089]
 [ 0.07505774  0.9826862  -0.16539422  0.02140198 -0.02968142]
 [ 0.00823781  0.16695762  0.98460144 -0.03727403  0.03504286]
 [-0.03192117 -0.01359839  0.0419528   0.99748117 -0.04546849]
 [-0.01000871  0.02354359 -0.03764118  0.04706932  0.9978543 ]]",37
10,11,5,,1.1139395236968994,"[[ 0.94659185 -0.2177157  -0.19474223  0.002243    0.13650696]
 [ 0.22643927  0.9355532   0.07886996 -0.25642255  0.03863183]
 [ 0.16371793  0.01620517  0.85460025  0.48189598  0.10182607]
 [-0.13382907 -0.10785943  0.1097794  -0.33960658  0.9181895 ]
 [-0.08930471  0.25581974 -0.4620194   0.7659544   0.35557404]]",37
0,1,5,,0.7865782976150513,"[[ 0.98699903  0.12735398  0.0435372  -0.06745963  0.05628086]
 [-0.13846435  0.98062366  0.11060378 -0.07769374  0.03058358]
 [-0.04198164 -0.12866424  0.9739295  -0.10378376  0.14957672]
 [ 0.04499114  0.06874037  0.09094952  0.97959965  0.15925828]
 [ 0.05360816  0.02963935  0.17047197  0.13793573 -0.9737355 ]]",38
1,2,5,,0.7890392541885376,"[[ 0.99363965  0.04183995 -0.09202491 -0.03749047 -0.03248976]
 [-0.04053664  0.9987517   0.00700334 -0.00146216  0.02829351]
 [ 0.08885346 -0.00333137  0.9927148  -0.08115531 -0.00501784]
 [-0.04394514 -0.00326819 -0.07738558 -0.9958241   0.02009697]
 [ 0.03479882 -0.02688057  0.00335235  0.01845017  0.9988568 ]]",38
2,3,5,,0.7790331244468689,"[[ 9.2328012e-01 -3.7901151e-01 -2.2588728e-02  1.4509440e-04
  -5.8257036e-02]
 [ 3.7937555e-01  9.0737700e-01  1.7615214e-01 -6.1177104e-03
   4.0916696e-02]
 [-4.3995377e-02 -1.7489162e-01  9.8177809e-01  1.5427575e-03
   5.9889656e-02]
 [-4.9743648e-03 -2.6167161e-03  4.9173282e-03 -9.9777818e-01
  -6.6203386e-02]
 [-4.0837385e-02  4.9227931e-02  6.7437336e-02  6.6323712e-02
  -9.9345976e-01]]",38
3,4,5,,0.7274891138076782,"[[ 0.99487245  0.04492721  0.07010026  0.00877287 -0.05673987]
 [ 0.03697445 -0.9941211   0.09651376 -0.02253909 -0.02309331]
 [-0.0718553   0.09041719  0.9888912   0.08146936  0.04602712]
 [ 0.01300156  0.02530232  0.07080321 -0.9799676   0.18395971]
 [-0.05940991  0.02982279  0.05340565 -0.18011463 -0.9799426 ]]",38
4,5,5,,0.7117949724197388,"[[ 0.9811371  -0.1626189  -0.07188454 -0.07505107  0.01118511]
 [ 0.17614926  0.96635157  0.16288486  0.06304675  0.06804205]
 [-0.03853332  0.16261236 -0.9803207   0.09076504  0.05296545]
 [ 0.06752263 -0.08507874  0.07187237  0.9899115  -0.05578466]
 [-0.01724428 -0.07770835  0.04589907  0.04721673  0.9946496 ]]",38
5,6,5,,0.7328019142150879,"[[ 0.9790983   0.17445692 -0.07773593  0.04677174 -0.0519676 ]
 [-0.19233434  0.9511636  -0.22216012  0.00424598 -0.09445771]
 [-0.03641794 -0.2404456  -0.96657985 -0.03071294 -0.07509811]
 [ 0.03002345 -0.01498148  0.06274825 -0.91347027 -0.4006356 ]
 [-0.04632658 -0.08254777  0.07992524  0.4030176  -0.90676814]]",38
6,7,5,,0.6959987878799438,"[[ 9.9517560e-01 -9.0389811e-02 -2.9434825e-04  2.1887790e-02
   3.1241445e-02]
 [ 9.1400512e-02  9.9399513e-01 -4.2432070e-02  8.3111897e-03
  -4.1833248e-02]
 [ 4.6045207e-03  4.4325646e-02  9.9582475e-01 -6.9217212e-02
   3.9446525e-02]
 [-2.4579402e-02  4.9624074e-04  6.5629892e-02  9.9357045e-01
   8.8916503e-02]
 [-2.5418663e-02  4.2875431e-02 -4.7171634e-02 -8.6479209e-02
   9.9388725e-01]]",38
7,8,5,,0.7473634481430054,"[[ 0.999394    0.0219893  -0.0198572   0.01821251  0.00138926]
 [-0.02542145  0.9800232  -0.18913351  0.00971899 -0.05515746]
 [ 0.0153593   0.19232531  0.97998476 -0.01021205  0.04796404]
 [-0.01701361 -0.01502419  0.02123328  0.98694867 -0.15800738]
 [-0.00631197  0.0430844  -0.05489185  0.15937984  0.9847278 ]]",38
8,9,5,,0.7418299317359924,"[[ 0.99666864 -0.07043418 -0.0125834   0.03456852  0.01836767]
 [ 0.06824147  0.9920673  -0.10337255  0.00515636  0.02081328]
 [ 0.02257837  0.10029721  0.98473006 -0.12362333  0.06674327]
 [-0.03481351  0.00619629  0.11396155  0.9827443   0.14133707]
 [-0.01652283 -0.0272702  -0.08046888 -0.13307698  0.98731893]]",38
9,10,5,,0.8140331506729126,"[[ 9.9809468e-01 -5.4276083e-02  1.5676361e-02  2.4800971e-02
   5.8895128e-04]
 [ 5.6004778e-02  9.8168451e-01 -1.7778973e-01  7.8111151e-03
  -3.8585253e-02]
 [-4.5327982e-03  1.8005320e-01  9.8172903e-01 -4.5068976e-02
   4.1678611e-02]
 [-2.5442518e-02 -2.3378925e-03  5.1374860e-02  9.8947769e-01
  -1.3282242e-01]
 [-1.6344100e-03  3.0414632e-02 -4.1396853e-02  1.3500610e-01
   9.8951089e-01]]",38
10,11,5,,1.11966073513031,"[[ 0.91597545 -0.20361516 -0.3268662   0.02243673  0.11038499]
 [ 0.25966257  0.9055733   0.16734976 -0.28246742  0.0686916 ]
 [ 0.25327566 -0.08734825  0.8328358   0.47231755  0.10734203]
 [-0.13510422 -0.07968102 -0.00934654 -0.1477252   0.9764669 ]
 [-0.10565304  0.35284424 -0.41406474  0.8214634   0.13448647]]",38
0,1,5,,0.7849171161651611,"[[ 0.98712194  0.1270973   0.04322609 -0.06539497 -0.05737257]
 [-0.13792956  0.98052424  0.11636434 -0.06972501 -0.03384308]
 [-0.03999595 -0.1326335   0.9752843  -0.08605581 -0.14907561]
 [ 0.04584429  0.06267073  0.07631792  0.9845534  -0.1371163 ]
 [ 0.05352008  0.02998616  0.16609299  0.11878946  0.97700495]]",39
1,2,5,,0.7817369103431702,"[[ 0.9929353   0.04942128 -0.09727042  0.03357581  0.03237553]
 [-0.04757809  0.9982865   0.011747    0.00239192 -0.03188528]
 [ 0.09437936 -0.00709521  0.99188554  0.0844282   0.00878667]
 [-0.04108605 -0.00370498 -0.08079457  0.9958289  -0.00975326]
 [-0.03493297  0.03029072 -0.00598635  0.0079689   0.99888074]]",39
2,3,5,,0.7818098068237305,"[[ 9.2056936e-01  3.8476053e-01 -3.0843068e-02  2.4555523e-03
  -5.9616659e-02]
 [ 3.8717836e-01 -9.0703940e-01  1.6007333e-01 -2.8348344e-03
   4.1724071e-02]
 [-3.1317562e-02  1.6308679e-01  9.8430240e-01  7.1041449e-04
   5.9751328e-02]
 [ 3.3945264e-03  2.0832734e-03 -7.6785632e-03  9.9380857e-01
   1.1076853e-01]
 [ 4.0653780e-02  5.1353689e-02 -6.7194410e-02 -1.1104018e-01
   9.8937607e-01]]",39
3,4,5,,0.7166013717651367,"[[ 0.99530697  0.03811628  0.07021677  0.01979689  0.05088098]
 [-0.03057148  0.9942638  -0.09432464  0.02883861 -0.02785735]
 [-0.07139099  0.08783317  0.98907346  0.07129269 -0.06196535]
 [ 0.02204495  0.03066728  0.06026149 -0.9855208  -0.15391831]
 [-0.05335518  0.03648913  0.0653812  -0.14980833  0.984431  ]]",39
4,5,5,,0.7145184278488159,"[[ 0.98022693 -0.16585803 -0.07206786  0.07912304  0.01385841]
 [ 0.18068421  0.96349514  0.1699841  -0.04846659 -0.08824253]
 [-0.03567993  0.16827013 -0.9786698  -0.08348799 -0.07514842]
 [ 0.07222106 -0.08206946  0.07263336 -0.98921734 -0.06497784]
 [ 0.00441067  0.09548829 -0.0533052  -0.07661131  0.99103564]]",39
5,6,5,,0.7206562161445618,"[[ 0.97983646  0.17028552 -0.08072911  0.05203529 -0.04121051]
 [-0.18704614  0.9593897  -0.1962159   0.01799252 -0.07589984]
 [-0.04576703 -0.21392663 -0.972475   -0.00988575 -0.07959554]
 [-0.0397439  -0.00925257 -0.02899403  0.9578125   0.28300062]
 [ 0.03549478  0.06873178 -0.09183615 -0.28189728  0.9519013 ]]",39
6,7,5,,0.6931099891662598,"[[ 0.9950613  -0.09370667  0.00130664  0.01723392  0.02780885]
 [ 0.09452527  0.99285704 -0.0518552   0.02032796 -0.04688005]
 [ 0.0045778   0.0542818   0.99490756 -0.08163667  0.02295471]
 [-0.02006306 -0.01143466  0.0809711   0.9946931   0.05912716]
 [-0.02223687  0.04875189 -0.03019851 -0.05666419  0.9964968 ]]",39
7,8,5,,0.7506086826324463,"[[ 0.9992578   0.02331153 -0.0268062   0.01465392  0.00265141]
 [-0.02785031  0.98178464 -0.17966793  0.01806311 -0.0521187 ]
 [ 0.02213718  0.18256886  0.98215604 -0.01020807  0.03799899]
 [-0.01299392 -0.02283558  0.02069332  0.98778147 -0.15221494]
 [-0.00701657  0.04126206 -0.04407066  0.15376177  0.98623693]]",39
8,9,5,,0.7507362961769104,"[[ 0.9965332  -0.06904432 -0.01507291  0.03679407  0.0239448 ]
 [ 0.06724112  0.993988   -0.08573361  0.00205409  0.01058247]
 [ 0.0247561   0.08314392  0.98545957 -0.13934356  0.04389667]
 [-0.03627302  0.01077526  0.1340488   0.98373365  0.11343382]
 [-0.02171421 -0.0138452  -0.05764375 -0.10720771  0.99223006]]",39
9,10,5,,0.8058955669403076,"[[ 0.9979667  -0.06035065  0.00930986  0.01700402  0.00666333]
 [ 0.06110262  0.98139215 -0.17960615  0.00668647 -0.02886001]
 [ 0.00213001  0.18071629  0.9826318  -0.03222487  0.02708044]
 [-0.01681072 -0.00184647  0.03545336  0.9953084  -0.08842118]
 [-0.00646099  0.02378028 -0.02885712  0.08938108  0.99527436]]",39
10,11,5,,1.115474820137024,"[[ 0.93799156 -0.154576   -0.28472778  0.04038656  0.11652102]
 [ 0.18416655  0.93373036  0.07430223 -0.29514262  0.04000412]
 [ 0.23696157  0.00485083  0.87902564  0.39920944  0.10849709]
 [-0.11975073 -0.09018918  0.01637484 -0.22546908  0.9625078 ]
 [-0.12555286  0.30999398 -0.37477356  0.8372905   0.21593906]]",39
0,1,5,,0.7892739772796631,"[[ 0.9868126   0.12403295  0.04988469 -0.06672255 -0.06226015]
 [-0.1357525   0.9811958   0.11053658 -0.07710067 -0.02575055]
 [-0.05025864 -0.12915899  0.97149575 -0.10963252 -0.15801503]
 [ 0.04252727  0.06778584  0.09504943  0.9786756  -0.16357332]
 [ 0.05863141  0.02436277  0.18015209  0.14063574  0.97146064]]",40
1,2,5,,0.7961068153381348,"[[ 0.9932451   0.06587434 -0.08132908 -0.03845385 -0.03211623]
 [-0.0669127   0.99719626 -0.01919272 -0.00231014  0.02736029]
 [ 0.07671115  0.02401413  0.9934879  -0.0807128   0.00246418]
 [-0.04320604 -0.00768115 -0.0774341  -0.9953832   0.03592509]
 [-0.03514731  0.0249897   0.0017559  -0.03483996 -0.9984605 ]]",40
2,3,5,,0.7771722078323364,"[[ 9.1824460e-01 -3.8965201e-01 -2.8418213e-02  6.3134488e-03
  -6.4425975e-02]
 [ 3.9015818e-01  9.0021354e-01  1.9069773e-01 -1.4649318e-03
   3.2006379e-02]
 [-4.5925483e-02 -1.8961522e-01  9.7891843e-01  2.0343016e-04
   6.0461752e-02]
 [ 1.9933817e-03 -1.0517493e-03  4.1009961e-03 -9.9788570e-01
  -6.4825185e-02]
 [-4.9903523e-02  4.2799827e-02  6.7295656e-02  6.4669564e-02
  -9.9346209e-01]]",40
3,4,5,,0.7149506211280823,"[[ 0.99685305  0.00559659  0.05892716  0.01405822 -0.05082019]
 [-0.00122012 -0.9947607   0.09385271 -0.02528532 -0.03165193]
 [-0.05746622  0.08941946  0.9889461   0.08830164  0.05376229]
 [ 0.01524041  0.02880221  0.07997944 -0.98885024  0.12131263]
 [-0.05242074  0.03992847  0.0575179  -0.11636645 -0.9893474 ]]",40
4,5,5,,0.6886512637138367,"[[ 0.9894904  -0.11377951 -0.04819915  0.07389677 -0.01338196]
 [ 0.12335583  0.9744645   0.1730001  -0.04833793 -0.0541909 ]
 [-0.02196736  0.16850872 -0.97897106 -0.09575164 -0.05974597]
 [ 0.06991847 -0.07204637  0.08234105 -0.9914749   0.01087029]
 [-0.01791463 -0.06234787  0.05082779 -0.00343798 -0.99659246]]",40
5,6,5,,0.7359558343887329,"[[ 0.9860395   0.12502094 -0.08714912  0.04424592 -0.05042996]
 [-0.14687674  0.9589875  -0.23057128  0.03243467 -0.06749102]
 [-0.05666442 -0.24482843 -0.9644378  -0.03129578 -0.07568629]
 [-0.02628486 -0.0239878  -0.04925185  0.93980455  0.3362666 ]
 [ 0.04745059  0.06477901 -0.08170579 -0.33582458  0.9349322 ]]",40
6,7,5,,0.6957084536552429,"[[ 0.99638516 -0.07624399 -0.00657804  0.02116381  0.0302048 ]
 [ 0.07648424  0.99421436 -0.06172271  0.01796829 -0.03943665]
 [ 0.01236545  0.06287636  0.995117   -0.07275576  0.0185046 ]
 [-0.02446557 -0.00725366  0.07117973  0.99106944  0.10983418]
 [-0.02480616  0.04145408 -0.02868173 -0.10824565  0.99253535]]",40
7,8,5,,0.7515857219696045,"[[ 0.9991172   0.00786932 -0.03136002  0.02328172  0.0133231 ]
 [-0.01399747  0.97747886 -0.2039561   0.02259904 -0.04722529]
 [ 0.02878471  0.20756358  0.97546095 -0.02695643  0.06195321]
 [-0.01937177 -0.02182993  0.04248178  0.98614734 -0.15766068]
 [-0.01910935  0.03022979 -0.06395168  0.16041821  0.9843257 ]]",40
8,9,5,,0.7330779433250427,"[[ 0.9975507  -0.05912689 -0.00619314  0.02671327  0.02539165]
 [ 0.05823888  0.99248326 -0.10722321 -0.00784454  0.00518768]
 [ 0.01449588  0.104296    0.9849718  -0.12807988  0.04835629]
 [-0.02778023  0.02156189  0.11920737  0.9827793   0.13674027]
 [-0.02278248 -0.01176753 -0.06391405 -0.13025117  0.98908657]]",40
9,10,5,,0.8291170001029968,"[[ 0.9965004  -0.07257538  0.00828777  0.0402197   0.00579274]
 [ 0.0726871   0.9800581  -0.18072505  0.01026059 -0.03789295]
 [ 0.00628399  0.18227103  0.98208123 -0.03394372  0.03319791]
 [-0.04008107 -0.00438501  0.03901514  0.99261016 -0.10759759]
 [-0.00759327  0.03125682 -0.03555376  0.10885803  0.99290043]]",40
10,11,5,,1.1436562538146973,"[[ 0.93929607 -0.2061178  -0.2502446  -0.01166304  0.11171381]
 [ 0.24413598  0.8918316   0.22363505 -0.30191508  0.06219999]
 [ 0.19303383 -0.07327626  0.8015853   0.5529811   0.09508601]
 [-0.12862526 -0.11578269  0.05131509 -0.21005237  0.9608823 ]
 [-0.06568122  0.37865153 -0.4921307   0.74753004  0.22652851]]",40
0,1,5,,0.7855818271636963,"[[ 0.9873832   0.121177    0.05257817 -0.0616385  -0.06186099]
 [-0.13228887  0.9821018   0.11538649 -0.06260085 -0.02725772]
 [-0.05112967 -0.13119605  0.97326845 -0.08690704 -0.15927684]
 [ 0.04331799  0.05628722  0.07921968  0.9876411  -0.1150854 ]
 [ 0.05552829  0.02029032  0.17433973  0.09640598  0.97817   ]]",41
1,2,5,,0.7948532104492188,"[[ 0.99483716  0.01806355 -0.0924777   0.02482405  0.02836134]
 [-0.01808202  0.9992466  -0.00682354  0.00912227 -0.032395  ]
 [ 0.08999773  0.00754271  0.99215317  0.08643279 -0.00221734]
 [-0.03192924 -0.0108223  -0.08380766  0.9957498  -0.01794717]
 [-0.02920603  0.03171537  0.0031009   0.01767331  0.998909  ]]",41
2,3,5,,0.7761228680610657,"[[ 9.3980384e-01 -3.3478472e-01 -2.4782466e-02  1.3894225e-02
  -6.2294398e-02]
 [ 3.3732435e-01  9.2377073e-01  1.7250979e-01 -7.9415488e-04
   5.5673923e-02]
 [-3.2757476e-02 -1.7468825e-01  9.8267496e-01 -7.5797285e-03
   5.1994156e-02]
 [-7.5249304e-03 -4.2078327e-03 -2.4685185e-04  9.9143463e-01
   1.3031837e-01]
 [ 4.3025728e-02 -6.3506514e-02 -6.3055679e-02 -1.2963851e-01
   9.8657668e-01]]",41
3,4,5,,0.71329265832901,"[[ 0.99680966  0.03214826  0.05587161 -0.02846997  0.03748003]
 [ 0.0264282  -0.99392307  0.0921452   0.03645507  0.03998328]
 [-0.05730132  0.08563974  0.9909038  -0.05399983 -0.06764807]
 [ 0.02754945  0.03834243  0.04700348  0.9945508  -0.08018912]
 [-0.04036807  0.04773895  0.06548393  0.07624459  0.9929703 ]]",41
4,5,5,,0.691824734210968,"[[ 0.9863549  -0.12830229  0.05802878  0.07973751  0.03028187]
 [ 0.14264728  0.9627661  -0.20892811 -0.02886401 -0.09082475]
 [-0.0223717   0.20310372  0.97182983 -0.06709124 -0.09640468]
 [-0.07898229  0.07381997  0.06886514  0.9732325   0.19075753]
 [-0.00411755  0.09959657  0.06153057 -0.2027955   0.9721891 ]]",41
5,6,5,,0.723949134349823,"[[ 0.9893086   0.10150013 -0.08502496  0.05374558 -0.02912618]
 [-0.12145291  0.96771437 -0.20882614  0.04936885 -0.05227146]
 [ 0.06410555  0.22292094  0.9682494  -0.0198831   0.09107472]
 [-0.04322495 -0.04377978  0.01967912  0.9874746   0.14394955]
 [ 0.02323187  0.04020036 -0.10615241 -0.13846515  0.98356664]]",41
6,7,5,,0.6904488801956177,"[[ 0.994917   -0.09624887 -0.00377683  0.01954388  0.02191561]
 [ 0.09604923  0.9909821  -0.07505335  0.0293143  -0.0472937 ]
 [ 0.01287899  0.07739528  0.9920547  -0.09746613  0.01311281]
 [-0.02181145 -0.01775328  0.09873612  0.99378645  0.04299838]
 [-0.01653195  0.04884089 -0.02077015 -0.04059134  0.99762833]]",41
7,8,5,,0.8013328909873962,"[[ 0.9990489  -0.00944731 -0.03791495  0.01500244  0.01222023]
 [ 0.00176662  0.9782247  -0.1998074   0.03133209 -0.04656853]
 [ 0.03881572  0.20177016  0.9779593  -0.01416905  0.03430796]
 [-0.01279326 -0.03211135  0.02562771  0.9921464  -0.11744744]
 [-0.01509159  0.03528254 -0.03972821  0.1193229   0.99131787]]",41
8,9,5,,0.8157193064689636,"[[ 0.99729186 -0.06109565 -0.0124183   0.03003459  0.02489931]
 [ 0.0597988   0.99262893 -0.10513478 -0.00640589 -0.00420659]
 [ 0.02260339  0.10172416  0.9819082  -0.15646526  0.02272098]
 [-0.02799677  0.02459042  0.1534271   0.9849652   0.07010731]
 [-0.02320163  0.00166664 -0.03330053 -0.06647503  0.9969609 ]]",41
9,10,5,,0.8200267553329468,"[[ 0.996873   -0.07181229 -0.00445115  0.02783624  0.01710603]
 [ 0.07002815  0.98402613 -0.1604563   0.02044684 -0.0249841 ]
 [ 0.01551251  0.16096504  0.98580307 -0.00975505  0.04412304]
 [-0.02768284 -0.01800136  0.01676978  0.99618435 -0.07902622]
 [-0.01825843  0.01736785 -0.04631551  0.07955293  0.9954351 ]]",41
10,11,5,,1.1227320432662964,"[[ 0.95780945 -0.17526779 -0.1874981   0.01175508  0.12879658]
 [ 0.17926657  0.94369745  0.0390413   0.2747347  -0.01718112]
 [ 0.17067206  0.02569774  0.9209149  -0.32201084  0.13577767]
 [-0.13097094 -0.08758327  0.04822662  0.43481487  0.88531697]
 [-0.06466999  0.26530188 -0.33602133 -0.7947501   0.4253171 ]]",41
0,1,5,,0.7911949157714844,"[[ 0.98663914  0.12672348  0.0507544  -0.06671494  0.05880068]
 [-0.13782221  0.98189527  0.10313063 -0.07624043  0.02093309]
 [-0.05119416 -0.12106976  0.9726633  -0.10748451  0.1584127 ]
 [ 0.04345107  0.06905206  0.09429807  0.98033035  0.15298426]
 [ 0.05513123  0.01991927  0.17838767  0.1309048  -0.9734503 ]]",42
1,2,5,,0.8106699585914612,"[[ 0.9951549   0.02657889 -0.0838217  -0.03224239 -0.02991116]
 [-0.02773647  0.9989788  -0.0198363  -0.00758888  0.02865314]
 [ 0.08083568  0.02109689  0.9933337  -0.07885664  0.00950611]
 [-0.03711205 -0.01130158 -0.07616508 -0.9954663   0.0417203 ]
 [ 0.0313966  -0.02760694 -0.00821857  0.04160767  0.9982251 ]]",42
2,3,5,,0.7721313238143921,"[[ 0.9409206  -0.33186874 -0.0144638   0.00995156 -0.06498802]
 [ 0.3315115   0.92126054  0.19668171  0.00262037  0.05185096]
 [-0.04979805 -0.19378287  0.978488   -0.0049201   0.05005299]
 [ 0.00802137  0.00319975 -0.00127679 -0.9985655  -0.05282873]
 [-0.04716445  0.05983363  0.06055258  0.05231614 -0.9938772 ]]",42
3,4,5,,0.7120223045349121,"[[ 0.9964598   0.04755602  0.05133     0.01619652 -0.04369561]
 [ 0.0410688  -0.9928865   0.1026847  -0.02823451 -0.03388927]
 [-0.05472083  0.09642296  0.98999506  0.0734003   0.04722811]
 [ 0.01580898  0.03209107  0.06622098 -0.9915453   0.10570122]
 [-0.04622808  0.03984544  0.04843269 -0.10193431 -0.99173534]]",42
4,5,5,,0.6826651096343994,"[[ 0.9873001  -0.12632738 -0.05231554  0.08065797 -0.00611193]
 [ 0.13818134  0.9674581   0.19077213 -0.05789574 -0.07200544]
 [-0.02141567  0.18442078 -0.97561675 -0.08768842 -0.07754371]
 [ 0.07297088 -0.08906417  0.07535221 -0.988535   -0.06215639]
 [-0.0190031  -0.07824788  0.05799189  0.07246849 -0.99242204]]",42
5,6,5,,0.7381864786148071,"[[ 0.9891307   0.10307559 -0.0835133   0.04636011 -0.04326924]
 [-0.12482119  0.9594057  -0.23920096  0.02666017 -0.07766934]
 [-0.05744318 -0.25344446 -0.9617542  -0.02164629 -0.08382373]
 [-0.03335777 -0.01695975 -0.04090004  0.953186    0.29725957]
 [ 0.04034546  0.06629016 -0.09573103 -0.29682967  0.94694537]]",42
6,7,5,,0.693647563457489,"[[ 0.9962857  -0.07647446 -0.00796731  0.0228741   0.03130058]
 [ 0.07651367  0.99314326 -0.06528015  0.03296822 -0.04963557]
 [ 0.01388734  0.06790181  0.99494445 -0.06764972  0.02656185]
 [-0.02670102 -0.02216475  0.06710715  0.99334973  0.08688272]
 [-0.02558559  0.05211677 -0.03545682 -0.0840808   0.994134  ]]",42
7,8,5,,0.7664609551429749,"[[ 0.99920005 -0.01108424 -0.02647359  0.02397098  0.01417222]
 [ 0.00536082  0.9755013  -0.21352476  0.02049331 -0.04853503]
 [ 0.02800188  0.21596497  0.9746377  -0.01923846  0.04781488]
 [-0.02002842 -0.02270305  0.03461658  0.9792578  -0.19733004]
 [-0.01962625  0.03343687 -0.05088596  0.19922176  0.977864  ]]",42
8,9,5,,0.7472476363182068,"[[ 0.99743336 -0.05693327 -0.01520528  0.03443112  0.02164703]
 [ 0.05514602  0.99373007 -0.09677058 -0.00292672  0.00929345]
 [ 0.02316179  0.09363747  0.9851303  -0.12438511  0.06886274]
 [-0.03322216  0.01552426  0.11844172  0.9888984   0.08189541]
 [-0.02110527 -0.01581749 -0.07677229 -0.07358183  0.99397993]]",42
9,10,5,,0.8346284031867981,"[[ 9.9699998e-01 -6.7723565e-02  1.1327931e-03  3.7452467e-02
  -7.5202115e-04]
 [ 6.6658832e-02  9.8423409e-01 -1.6087669e-01  9.5339548e-03
  -2.9452480e-02]
 [ 1.0598789e-02  1.6184743e-01  9.8566443e-01 -1.8439366e-02
   4.2647604e-02]
 [-3.7751496e-02 -7.0125684e-03  2.6244385e-02  9.8861200e-01
  -1.4311934e-01]
 [-3.1789709e-03  2.1279152e-02 -4.3524701e-02  1.4426598e-01
   9.8834711e-01]]",42
10,11,5,,1.1142927408218384,"[[ 0.94293505 -0.18456386 -0.25667655  0.02408693  0.10171788]
 [ 0.22807461  0.9111256   0.20055483 -0.25762212  0.10602241]
 [ 0.20233117 -0.11607251  0.86646503  0.4413718  -0.00430607]
 [-0.12946723 -0.01231389 -0.06410469  0.19142702  0.9707383 ]
 [-0.03399551  0.34951663 -0.37285906  0.837614   -0.18989812]]",42
0,1,5,,0.7926265001296997,"[[ 0.9873687   0.12303921  0.05107837 -0.06538173  0.05550262]
 [-0.1336064   0.9830902   0.10144521 -0.07025696  0.02134956]
 [-0.05091411 -0.11787229  0.97470796 -0.09825704  0.15428491]
 [ 0.04465036  0.06429265  0.0868446   0.98304427  0.14126159]
 [ 0.05163709  0.01917257  0.17176226  0.12148564 -0.9760661 ]]",43
1,2,5,,0.8112236261367798,"[[ 0.9941218   0.0586986  -0.07938089 -0.0331453  -0.02960337]
 [-0.05928931  0.9976292  -0.01532601 -0.00273793  0.03127797]
 [ 0.07577434  0.01930881  0.9937056  -0.07984719  0.00768849]
 [-0.037559   -0.00757218 -0.07730995 -0.99523914  0.04532411]
 [ 0.03246799 -0.02932964 -0.0060186   0.0449159   0.99801403]]",43
2,3,5,,0.7607772946357727,"[[ 0.94080275 -0.33300814 -0.01560875  0.00602332 -0.06095761]
 [ 0.33266538  0.92241204  0.19015513  0.00919065  0.0473947 ]
 [-0.04661467 -0.18784992  0.9795016  -0.00920352  0.05505683]
 [ 0.0060345   0.0119464  -0.00286186 -0.99745625 -0.0699549 ]
 [-0.04488386  0.05320944  0.06454199  0.06982516 -0.9930323 ]]",43
3,4,5,,0.7067654132843018,"[[ 0.9959809   0.05135293  0.05476492  0.01821913 -0.04531847]
 [ 0.04407786 -0.99150044  0.11206604 -0.03582867 -0.03378721]
 [-0.05922132  0.10550848  0.98970157  0.06508502  0.04019406]
 [ 0.01772521  0.03956347  0.0577815  -0.99179363  0.10548533]
 [-0.04751638  0.03990627  0.03992644 -0.10243838 -0.991999  ]]",43
4,5,5,,0.6820293068885803,"[[ 0.9884197  -0.11646744 -0.05294754  0.0813751  -0.00603655]
 [ 0.12906894  0.9683213   0.196195   -0.05871824 -0.0612763 ]
 [-0.02307158  0.19095753 -0.9750133  -0.08607373 -0.0703084 ]
 [ 0.07536642 -0.08432789  0.06934648 -0.9911587  -0.0020325 ]
 [-0.01246111 -0.07220277  0.0569576   0.01122218 -0.9956211 ]]",43
5,6,5,,0.7339519262313843,"[[ 0.9886951   0.10908172 -0.08122918  0.05065426 -0.03766977]
 [-0.13004817  0.9572226  -0.24700014  0.0283308  -0.07071509]
 [-0.05293773 -0.2614738  -0.95834243 -0.01545684 -0.10084651]
 [-0.03480803 -0.01626644 -0.04887313  0.9213764   0.38366768]
 [ 0.03943779  0.05650573 -0.1076292  -0.38400292  0.9144449 ]]",43
6,7,5,,0.6890730261802673,"[[ 0.99615014 -0.07845236 -0.00553455  0.02262709  0.03142478]
 [ 0.07897432  0.9920122  -0.08102302  0.01673759 -0.05319729]
 [ 0.01301538  0.08275742  0.9930707  -0.07841068  0.02538219]
 [-0.02516418 -0.00382409  0.07683216  0.9929391   0.08672222]
 [-0.0254033   0.05379202 -0.03622333 -0.08444779  0.9939908 ]]",43
7,8,5,,0.7481487393379211,"[[ 0.9991034   0.00772109 -0.03302808  0.0212133   0.01384931]
 [-0.0141067   0.9770089  -0.2049384   0.02361778 -0.05193455]
 [ 0.02982404  0.20852135  0.9754726  -0.00343788  0.06380145]
 [-0.01789269 -0.02818603  0.02029904  0.98687375 -0.15669568]
 [-0.01958716  0.03344419 -0.07035922  0.15830533  0.98411727]]",43
8,9,5,,0.739276647567749,"[[ 0.99725735 -0.06219358 -0.00653002  0.02970866  0.02616283]
 [ 0.06143712  0.9922048  -0.10791527 -0.01033706  0.00162633]
 [ 0.01597488  0.10445281  0.98353016 -0.13995034  0.04377941]
 [-0.03047485  0.02609225  0.1308197   0.9801778   0.1432764 ]
 [-0.02278917 -0.00839545 -0.06217876 -0.1366597   0.9883664 ]]",43
9,10,5,,0.8232518434524536,"[[ 0.99701923 -0.06614372  0.01305321  0.03446539  0.01481075]
 [ 0.0670234   0.98768467 -0.13511881  0.0227687  -0.03480611]
 [-0.00346715  0.13798112  0.98865455 -0.03102759  0.05048383]
 [-0.03574536 -0.01661788  0.03463789  0.9983852  -0.02175684]
 [-0.01306555  0.02809235 -0.05417448  0.02362278  0.9977712 ]]",43
10,11,5,,1.1449171304702759,"[[ 0.93881303 -0.18852009 -0.26277837  0.05202295  0.10644872]
 [ 0.23717313  0.88862664  0.26523274  0.28934735 -0.00462677]
 [ 0.20377514 -0.14882888  0.8251426  -0.46309227  0.20251133]
 [-0.12188049 -0.18903711  0.12837948  0.5751904   0.77594125]
 [-0.07745825  0.3419326  -0.40405133 -0.6068552   0.5878364 ]]",43
0,1,5,,0.79827481508255,"[[ 0.9843152   0.144131    0.0540419  -0.0638809  -0.05786691]
 [-0.15483662  0.9801277   0.10044191 -0.06919197 -0.0223465 ]
 [-0.05163396 -0.11804169  0.9739596  -0.08992631 -0.1634501 ]
 [ 0.04237545  0.06515246  0.07919797  0.9852117  -0.1305568 ]
 [ 0.05184116  0.01993536  0.17922375  0.11136825  0.97590524]]",44
1,2,5,,0.813722550868988,"[[ 0.99565464  0.02146138 -0.08260971 -0.02855965 -0.02389987]
 [-0.02248429  0.99911445 -0.0173567  -0.00796208  0.03000143]
 [ 0.08018972  0.01804527  0.9935946  -0.07632633  0.01371706]
 [-0.03312922 -0.01162966 -0.07431976 -0.99507606  0.05538434]
 [-0.02526523  0.02913434  0.01099273 -0.05584707 -0.99763376]]",44
2,3,5,,0.7729646563529968,"[[ 9.4485837e-01 -3.2054630e-01 -1.2755475e-02  7.7677966e-04
  -6.5799303e-02]
 [ 3.2089394e-01  9.2732978e-01  1.8468179e-01 -1.2180691e-03
   5.4567877e-02]
 [-4.4895142e-02 -1.8303733e-01  9.8029637e-01  1.5332707e-02
   5.7145879e-02]
 [-5.2369188e-04  5.3114705e-03 -1.3563174e-02  9.9971396e-01
  -1.8963998e-02]
 [-4.7476325e-02  6.1470512e-02  6.7564435e-02 -1.8300286e-02
  -9.9451876e-01]]",44
3,4,5,,0.7213237285614014,"[[ 0.99557936  0.072192    0.04632654  0.01246821  0.03617171]
 [ 0.06618045 -0.9913268   0.10593671 -0.02704318  0.03061667]
 [-0.053283    0.09988924  0.9912421   0.06352016 -0.02423371]
 [-0.00936525 -0.03245919 -0.05970241  0.99609023  0.05566356]
 [-0.0389236   0.03206254  0.02249241 -0.05368909  0.9970299 ]]",44
4,5,5,,0.6939879059791565,"[[ 0.98848665 -0.12667364 -0.04715173 -0.065663    0.01769012]
 [ 0.13582152  0.97188675  0.17685863  0.05630986  0.05038647]
 [-0.01804522  0.17009741 -0.97618675  0.11797771  0.06230414]
 [ 0.06237095 -0.07622343  0.09582887  0.9817571  -0.13141428]
 [ 0.01519273  0.06816677 -0.06613509 -0.12145728 -0.98792547]]",44
5,6,5,,0.7420679926872253,"[[ 0.99121326  0.09416649 -0.07196252  0.04677043 -0.03553698]
 [-0.11158803  0.96550316 -0.22546577  0.02746494 -0.0613403 ]
 [-0.05040764 -0.23698013 -0.96541613 -0.01253149 -0.09546788]
 [ 0.02783318  0.01126662  0.05316626 -0.88355684 -0.4643264 ]
 [-0.04157861 -0.05147646  0.0955593   0.4650037  -0.8776453 ]]",44
6,7,5,,0.7061160802841187,"[[ 0.9951503  -0.0872371   0.00575693  0.01873244  0.04100401]
 [ 0.08831399  0.99020076 -0.09875401  0.02685099 -0.0350676 ]
 [ 0.00415855  0.10133592  0.9909665  -0.08644762  0.01503031]
 [-0.02753138 -0.0089811   0.08342858  0.9776652   0.19071378]
 [-0.0331822   0.03927437 -0.03520712 -0.18874757  0.98004663]]",44
7,8,5,,0.756519079208374,"[[ 9.9905682e-01 -5.3483509e-03 -3.4312513e-02  1.9062871e-02
   1.7777139e-02]
 [-6.9406000e-04  9.8053336e-01 -1.8847388e-01  2.0049287e-02
  -5.1277705e-02]
 [ 3.3100590e-02  1.9159442e-01  9.7815049e-01  1.1900603e-02
   7.2635233e-02]
 [-1.0432431e-02 -3.3955384e-02  2.3405679e-02  9.2695707e-01
  -3.7274775e-01]
 [-2.6084544e-02  2.5773119e-02 -7.7291690e-02  3.7395659e-01
   9.2349219e-01]]",44
8,9,5,,0.7407097220420837,"[[ 0.99722296 -0.05903568 -0.00613693  0.03849884  0.02326573]
 [ 0.05802492  0.99003404 -0.12818551 -0.00194608 -0.00551002]
 [ 0.0173453   0.12586825  0.97915244 -0.1423251   0.06971572]
 [-0.04079962  0.02122113  0.12036051  0.9612391   0.24375781]
 [-0.01462766 -0.00736191 -0.10151128 -0.23297445  0.96703166]]",44
9,10,5,,0.8233378529548645,"[[ 0.9968118  -0.07334232  0.00539534  0.02729597  0.01459236]
 [ 0.07282098  0.98100704 -0.1753274   0.02689665 -0.02931053]
 [ 0.00693092  0.17699757  0.9822539  -0.00454971  0.06148457]
 [-0.02612227 -0.02682588  0.02159448  0.98038965 -0.19227023]
 [-0.0182457   0.01408123 -0.06278603  0.19325364  0.9788665 ]]",44
10,11,5,,1.1331562995910645,"[[ 0.9253339  -0.24326575 -0.26568913 -0.04578753  0.10904932]
 [ 0.2752571   0.9071121   0.1941753  -0.24562287  0.0578489 ]
 [ 0.2155854  -0.11855966  0.8276361   0.4880685   0.12757018]
 [-0.14418605 -0.06564457 -0.01211441 -0.18519145  0.9697724 ]
 [-0.02690842  0.31560066 -0.45450735  0.8155159   0.1674188 ]]",44
0,1,5,,0.7920962572097778,"[[ 0.98657054  0.12350292  0.05666096 -0.06407972 -0.06410148]
 [-0.13487431  0.9823706   0.10812603 -0.06860495 -0.01894863]
 [-0.05737243 -0.12492382  0.97146845 -0.09909298 -0.16592792]
 [ 0.0420593   0.06219921  0.08704529  0.98357797 -0.13913961]
 [ 0.05854052  0.01484354  0.18376744  0.11807691  0.97398156]]",45
1,2,5,,0.81228107213974,"[[ 0.9939854   0.06265397 -0.07770428 -0.03234725  0.03135772]
 [-0.06467957  0.9969267  -0.03219128 -0.00763201 -0.02931187]
 [ 0.0729452   0.03588463  0.99312204 -0.08373815 -0.00936397]
 [-0.03648712 -0.01387214 -0.08112235 -0.99500513 -0.04312978]
 [-0.03402013  0.02704612  0.00730772 -0.04298938  0.998103  ]]",45
2,3,5,,0.7737192511558533,"[[ 0.93030965 -0.3589681  -0.02724988  0.0155339  -0.06842435]
 [ 0.360362    0.9116577   0.19295113  0.00741691  0.04164423]
 [-0.04189343 -0.1929808   0.9789117  -0.00349605  0.05218246]
 [ 0.01303068  0.00617076  0.00261158 -0.99648577 -0.08247095]
 [ 0.05232832 -0.05236737 -0.06125671 -0.08190007  0.9919976 ]]",45
3,4,5,,0.7062056064605713,"[[ 0.99774975  0.02437574  0.04570297 -0.02399361  0.03516758]
 [ 0.0192401  -0.9939485   0.09347792  0.03239322  0.04368798]
 [-0.04709053  0.08706877  0.99034977 -0.07445886 -0.06216729]
 [ 0.02177892  0.03696895  0.06919     0.99519163 -0.05445424]
 [-0.03785983  0.05024354  0.05994364  0.04923824  0.99499977]]",45
4,5,5,,0.672118067741394,"[[ 0.9910323  -0.09903448 -0.0382989   0.08097329  0.00486184]
 [ 0.10888745  0.9695911   0.20335278 -0.04659891 -0.0671775 ]
 [-0.01117024  0.19573377 -0.9736485  -0.07928775 -0.08535624]
 [-0.07609913  0.07792269 -0.07238206  0.9865693   0.09787183]
 [ 0.00908883  0.07550922 -0.06285205 -0.10801113  0.9892416 ]]",45
5,6,5,,0.7586888074874878,"[[ 0.99103534  0.08622301 -0.08429939  0.04424734 -0.03674689]
 [-0.10696388  0.96650547 -0.22362652  0.0490705  -0.04482326]
 [-0.06459255 -0.23422557 -0.9661383  -0.00924619 -0.08635691]
 [-0.03213732 -0.04593077 -0.0168302   0.97072023  0.23297305]
 [ 0.03467981  0.03822916 -0.09580369 -0.2307616   0.9669057 ]]",45
6,7,5,,0.6988281607627869,"[[ 9.9701941e-01 -6.8661503e-02 -8.9239813e-03  1.8790584e-02
   2.8377231e-02]
 [ 6.8312690e-02  9.9246562e-01 -8.0518156e-02  3.7949611e-02
  -4.9214166e-02]
 [ 1.6039405e-02  8.2554445e-02  9.9331361e-01 -7.9087295e-02
   9.5565809e-04]
 [-2.1956583e-02 -2.6064089e-02  8.1522100e-02  9.9315709e-01
   7.6365918e-02]
 [-2.3375440e-02  5.2943680e-02 -1.0933815e-02 -7.4772790e-02
   9.9545968e-01]]",45
7,8,5,,0.7652561068534851,"[[ 0.99892586 -0.0101495  -0.0314188   0.02300983  0.02296962]
 [ 0.00322139  0.97457916 -0.21826695  0.03140492 -0.03947594]
 [ 0.03241976  0.22120842  0.97222406 -0.0392785   0.05703781]
 [-0.01762329 -0.02562902  0.05541866  0.9856373  -0.15646234]
 [-0.02784258  0.02241509 -0.05551117  0.15956374  0.9849773 ]]",45
8,9,5,,0.7449749708175659,"[[ 0.9981645  -0.04710203 -0.00663914  0.02645875  0.0265547 ]
 [ 0.04672911  0.9943563  -0.09453896 -0.00822425 -0.00817931]
 [ 0.01371739  0.09207012  0.98446894 -0.14407784  0.03738198]
 [-0.02668302  0.0233824   0.13860713  0.98486686  0.09780902]
 [-0.02416894  0.00367679 -0.0512571  -0.09225578  0.99411464]]",45
9,10,5,,0.8443758487701416,"[[ 0.99690545 -0.067194    0.00283052  0.03936853  0.01031781]
 [ 0.06680875  0.98449945 -0.15928157  0.00775061 -0.02944108]
 [ 0.00832959  0.1601733   0.9863002  -0.01746483  0.03438042]
 [-0.03891272 -0.00397307  0.02117578  0.9963074  -0.07343899]
 [-0.01150656  0.02397006 -0.03721363  0.07386956  0.9962186 ]]",45
10,11,5,,1.1343683004379272,"[[ 0.9560271  -0.17212193 -0.21283467  0.00231332  0.10527223]
 [ 0.19558413  0.91483885  0.15403421 -0.31567475  0.03794112]
 [ 0.17856568 -0.03246061  0.87078696  0.45058787  0.07590349]
 [-0.11177991 -0.10449013  0.05448765 -0.2301625   0.95950156]
 [-0.05812534  0.34852824 -0.4119904   0.80270785  0.24713053]]",45
0,1,5,,0.7867571711540222,"[[ 0.9852652   0.13859518  0.05042174 -0.06563146  0.05651599]
 [-0.14948612  0.9800022   0.10779471 -0.07106637  0.02407255]
 [-0.04734398 -0.12470869  0.974173   -0.08856704  0.159214  ]
 [ 0.04456765  0.06629941  0.07825843  0.9846401   0.13408072]
 [ 0.05175614  0.02095758  0.17521557  0.11524696 -0.97616583]]",46
1,2,5,,0.7975285649299622,"[[ 9.9405611e-01  4.1045930e-02 -8.9231133e-02 -3.4502335e-02
  -3.1858042e-02]
 [-4.0819734e-02  9.9873984e-01 -2.9060114e-03 -6.5342830e-03
   2.8308729e-02]
 [ 8.6135991e-02  5.9112129e-03  9.9311954e-01 -7.9112500e-02
  -6.5926230e-04]
 [-3.9479766e-02 -9.6429791e-03 -7.5769842e-02 -9.9524456e-01
   4.5776777e-02]
 [ 3.4756325e-02 -2.6572127e-02  1.3654535e-03  4.4680241e-02
   9.9804193e-01]]",46
2,3,5,,0.7733241319656372,"[[ 9.3802786e-01  3.4159178e-01 -1.9182259e-02  1.1874872e-03
  -5.5220500e-02]
 [ 3.4184590e-01 -9.2001027e-01  1.8452795e-01  6.4632995e-04
   5.1686954e-02]
 [-4.3581512e-02  1.8353790e-01  9.8052013e-01  4.6069240e-03
   5.4530267e-02]
 [-9.9561643e-04 -2.6323111e-03  8.3400970e-03 -9.9830317e-01
  -5.7560794e-02]
 [-3.6669385e-02 -5.6596316e-02  6.3970119e-02  5.8031637e-02
  -9.9397808e-01]]",46
3,4,5,,0.7266943454742432,"[[ 0.99253416  0.09960137  0.05625892  0.01384961 -0.03998361]
 [-0.09326596  0.9906461  -0.09335627  0.02024658  0.02822032]
 [-0.06415693  0.08447201  0.99018395  0.08201312  0.03946961]
 [ 0.0128088   0.02436971  0.07480267 -0.9866282   0.14216672]
 [-0.04355785  0.03115126  0.04538433 -0.13869713 -0.98784393]]",46
4,5,5,,0.6992606520652771,"[[ 0.9818316  -0.16268925 -0.06837428 -0.06859833  0.01257233]
 [ 0.17651607  0.96255004  0.17863335  0.07772043  0.06625099]
 [-0.03327439  0.17586654 -0.9776015   0.09228357  0.06117703]
 [ 0.05958736 -0.09261303  0.06518349  0.9817511  -0.1406699 ]
 [-0.01381584 -0.08673777  0.05883293  0.1300088   0.9858611 ]]",46
5,6,5,,0.7306428551673889,"[[ 0.9837666   0.1565474  -0.06271804  0.04047003 -0.04609552]
 [-0.170355    0.95841    -0.21065184  0.00521853 -0.08959885]
 [-0.02870083 -0.2249732  -0.9713503  -0.01616852 -0.06914032]
 [ 0.02184318 -0.02284287  0.05213507 -0.8858036  -0.4600381 ]
 [-0.04337706 -0.07621268  0.07384223  0.46198004 -0.8794497 ]]",46
6,7,5,,0.6996040940284729,"[[ 0.99716717 -0.06270957  0.00963274  0.0162679   0.03698303]
 [ 0.06477544  0.9949327  -0.05337546  0.01649011 -0.05284175]
 [-0.00577255  0.0567297   0.99429464 -0.0849316   0.03021911]
 [-0.02139876 -0.0046895   0.0813027   0.99009764  0.11232366]
 [-0.03115416  0.05418701 -0.04273533 -0.10934657  0.9911156 ]]",46
7,8,5,,0.7626408934593201,"[[ 9.9917215e-01  3.2850213e-02 -7.2435406e-03  2.1301854e-02
   8.3384654e-03]
 [-3.3190552e-02  9.7795230e-01 -1.9761468e-01  4.4373577e-03
  -5.8621217e-02]
 [ 1.6262419e-04  2.0138884e-01  9.7735304e-01 -1.0931728e-02
   6.4063087e-02]
 [-1.7020684e-02 -1.6142732e-02  3.3731755e-02  9.5265496e-01
  -3.0126473e-01]
 [-1.6234584e-02  4.1377869e-02 -6.7373686e-02  3.0307692e-01
   9.4954175e-01]]",46
8,9,5,,0.7517768740653992,"[[ 0.9972592  -0.0575215  -0.00549682  0.04317807  0.01645563]
 [ 0.05594005  0.99373496 -0.09497952  0.0170763   0.00698706]
 [ 0.01502164  0.09465428  0.9824248  -0.13093978  0.09225611]
 [-0.04494889 -0.00470979  0.11331597  0.9744619   0.18852298]
 [-0.00993627 -0.01415892 -0.11379659 -0.17641667  0.9775625 ]]",46
9,10,5,,0.8236110210418701,"[[ 0.999126   -0.03250613  0.01856186  0.01724158  0.0069763 ]
 [ 0.03527802  0.9865341  -0.15494773 -0.00191755 -0.03864587]
 [-0.01331351  0.15724415  0.986186   -0.01338385  0.04852735]
 [-0.01502684 -0.00496894  0.02835991  0.9528967  -0.30155113]
 [-0.009977    0.03071587 -0.04774271  0.3025025   0.9514041 ]]",46
10,11,5,,1.111375331878662,"[[ 0.9152383  -0.12411006 -0.36855945  0.06666643  0.08157913]
 [ 0.17560737  0.9354705   0.10701813 -0.25037512  0.1411254 ]
 [ 0.30450952 -0.03776536  0.8471132   0.4338727  -0.00121333]
 [-0.15854327  0.00503567 -0.12833333  0.36481485  0.9084488 ]
 [-0.11678612  0.3286944  -0.3444428   0.7820054  -0.38489953]]",46
0,1,5,,0.7899223566055298,"[[ 0.9861549   0.132796    0.05140341 -0.06338838 -0.05659895]
 [-0.1434181   0.9813069   0.10731833 -0.06555272 -0.02556606]
 [-0.04872961 -0.12355626  0.9747563  -0.08568869 -0.15769221]
 [ 0.04417424  0.06076413  0.07674194  0.98658025 -0.12298926]
 [ 0.05102874  0.02106069  0.17263032  0.1048882   0.9778291 ]]",47
1,2,5,,0.7980952262878418,"[[ 0.9944329   0.04342008 -0.08662328 -0.03017352  0.02835193]
 [-0.04331534  0.99855095 -0.00509727 -0.00520331 -0.03109033]
 [ 0.08378162  0.00817989  0.993132   -0.08119132 -0.00324171]
 [-0.03552836 -0.00837717 -0.0784449  -0.9954427  -0.04009815]
 [-0.03074599  0.02955501  0.00237548 -0.03955197  0.9983041 ]]",47
2,3,5,,0.7651933431625366,"[[ 9.4064844e-01  3.3355778e-01 -1.8884214e-02  1.5567638e-03
  -5.9671879e-02]
 [ 3.3462042e-01 -9.2474335e-01  1.7409028e-01  2.7347216e-03
   5.0635733e-02]
 [-3.8355626e-02  1.7418043e-01  9.8222160e-01 -8.4653646e-03
   5.7956655e-02]
 [-3.9111561e-04 -7.6976898e-03 -2.8602872e-03 -9.9720162e-01
  -7.4305296e-02]
 [ 4.1694365e-02  5.6487549e-02 -6.7589872e-02 -7.4211180e-02
   9.9246913e-01]]",47
3,4,5,,0.7097482681274414,"[[ 0.99520737  0.06591484  0.05571387  0.01851207  0.04208113]
 [-0.05917194  0.9918517  -0.10380159  0.03175746 -0.0307518 ]
 [-0.06137067  0.09665392  0.99045247  0.06546694 -0.04011896]
 [ 0.01713269  0.03577346  0.05898409 -0.9921541  -0.1028481 ]
 [-0.04473378  0.03555023  0.04056923 -0.09996483  0.99252015]]",47
4,5,5,,0.6942858099937439,"[[ 0.9865476  -0.13302423 -0.05874121  0.07467613 -0.00116657]
 [ 0.14577793  0.9671276   0.18859132 -0.0558092  -0.06878705]
 [-0.02633802  0.18379389 -0.97560936 -0.09318118 -0.07092111]
 [ 0.06877236 -0.07983114  0.07529728 -0.9910016   0.03381464]
 [ 0.00702349  0.08255643 -0.05915685  0.02327731  0.994532  ]]",47
5,6,5,,0.726671040058136,"[[ 0.9877237   0.1231556  -0.07391148  0.0515318  -0.0334102 ]
 [-0.14030556  0.9624794  -0.22013938  0.02916138 -0.06808774]
 [-0.0462409  -0.23452309 -0.9661618  -0.00177991 -0.09689638]
 [-0.034948   -0.01240286 -0.03810057  0.9105909   0.40987477]
 [ 0.03683397  0.05754221 -0.10561947 -0.40904167  0.9038039 ]]",47
6,7,5,,0.6941471695899963,"[[ 0.9954458  -0.08657738  0.00407481  0.01998377  0.034294  ]
 [ 0.08780722  0.9915393  -0.08237313  0.0167558  -0.04553686]
 [ 0.0044326   0.08442426  0.99217314 -0.08991831  0.01897684]
 [-0.02362183 -0.00322011  0.08855962  0.99179333  0.08907754]
 [-0.02828301  0.04707795 -0.03078595 -0.08706649  0.99421096]]",47
7,8,5,,0.752805233001709,"[[ 0.99915564  0.0143754  -0.03198728  0.01667344  0.01342321]
 [-0.01994601  0.97918934 -0.19352943  0.02256492 -0.05317573]
 [ 0.02760768  0.19719137  0.97800076  0.00180116  0.06216633]
 [-0.01275254 -0.03008391  0.01703537  0.9800497  -0.19530648]
 [-0.01911464  0.03452797 -0.06890202  0.19675384  0.9772323 ]]",47
8,9,5,,0.7404619455337524,"[[ 9.96750176e-01 -6.73339367e-02 -6.06505061e-03  3.53409760e-02
   2.58729085e-02]
 [ 6.63085803e-02  9.90895152e-01 -1.17159136e-01 -1.73716713e-03
  -8.27207870e-04]
 [ 1.78182535e-02  1.14577353e-01  9.81032431e-01 -1.48721218e-01
   4.48532589e-02]
 [-3.66855524e-02  2.06718910e-02  1.38431117e-01  9.75197971e-01
   1.67488769e-01]
 [-2.07094811e-02 -6.13465300e-03 -6.81841224e-02 -1.60058737e-01
   9.84512866e-01]]",47
9,10,5,,0.8128327131271362,"[[ 9.9737543e-01 -6.6399418e-02  1.0036687e-02  2.0160506e-02
   1.8062469e-02]
 [ 6.7166030e-02  9.8474783e-01 -1.5535808e-01  2.5667639e-02
  -3.1073259e-02]
 [ 1.1667446e-04  1.5774153e-01  9.8588777e-01 -2.2901956e-02
   5.1170748e-02]
 [-2.1020371e-02 -2.1508783e-02  2.9139161e-02  9.9794888e-01
  -4.8420191e-02]
 [-1.7005056e-02  2.2756740e-02 -5.4216284e-02  5.0083082e-02
   9.9686766e-01]]",47
10,11,5,,1.1381652355194092,"[[ 0.9286249  -0.20991918 -0.2817694  -0.03464757  0.11399712]
 [ 0.25045365  0.9060466   0.19228373 -0.28116503  0.01804503]
 [ 0.22539671 -0.10051971  0.8342373   0.4589463   0.18030162]
 [-0.12531929 -0.15729569  0.10462096 -0.49305642  0.8399423 ]
 [-0.09176178  0.31649205 -0.4203995   0.6826489   0.4986656 ]]",47
0,1,5,,0.7931901812553406,"[[ 0.986092    0.12822123  0.05937755 -0.06164853 -0.06209533]
 [-0.13933337  0.982718    0.10175771 -0.06264284 -0.02393414]
 [-0.05889874 -0.11859931  0.97368944 -0.08486085 -0.16490193]
 [ 0.04255622  0.0583464   0.07697614  0.9881797  -0.11117681]
 [ 0.05411915  0.01883073  0.1792295   0.09260081  0.9777619 ]]",48
1,2,5,,0.8089850544929504,"[[ 0.9957215   0.01996614 -0.08325989 -0.02392299  0.02520773]
 [-0.02108904  0.9989628  -0.01967101 -0.01088484 -0.03351207]
 [ 0.08112177  0.01998002  0.9933579  -0.07801076 -0.01321017]
 [-0.02860477 -0.01477793 -0.07623796 -0.99507505 -0.05455913]
 [-0.02636041  0.03251158  0.01042813 -0.05521843  0.99754214]]",48
2,3,5,,0.7757896780967712,"[[ 0.94542295 -0.31952935 -0.01706008  0.00905173 -0.0608561 ]
 [ 0.31992117  0.9253557   0.19512935  0.00348476  0.05726863]
 [-0.04445697 -0.19431548  0.9783931  -0.00403146  0.05473347]
 [ 0.00629978  0.00633134  0.0021473  -0.9964081  -0.08418136]
 [ 0.04254149 -0.06180019 -0.06614992 -0.0840271   0.99143064]]",48
3,4,5,,0.7100095748901367,"[[ 0.9969136   0.05164893  0.04314647 -0.02268125  0.03346036]
 [ 0.04688721 -0.99314743  0.0945646   0.03383143  0.03705066]
 [-0.04706552  0.08803757  0.9915582  -0.0623005  -0.05445394]
 [ 0.01973226  0.0386216   0.05756022  0.99632066 -0.04637866]
 [-0.03688264  0.04181314  0.0519143   0.04248287  0.99618846]]",48
4,5,5,,0.6861986517906189,"[[ 0.9880226  -0.12292867 -0.0523908   0.07580919  0.01442584]
 [ 0.13514087  0.96433705  0.21197973 -0.03697464 -0.07408488]
 [-0.01834271  0.206081   -0.9709596  -0.08088246 -0.08882372]
 [-0.07217934  0.07212934 -0.07475417  0.98683155  0.10081065]
 [ 0.00142302  0.08526818 -0.06300056 -0.11183626  0.9880541 ]]",48
5,6,5,,0.7478852868080139,"[[ 0.99096215  0.09709271 -0.07512924  0.04724651 -0.02627604]
 [-0.11486145  0.96595335 -0.22283553  0.04390286 -0.04645232]
 [-0.05363527 -0.2346244  -0.96527517  0.01643482 -0.10024165]
 [-0.03515334 -0.03495431 -0.00190265  0.959789    0.276304  ]
 [ 0.02623757  0.0351667  -0.11375476 -0.27271834  0.9543372 ]]",48
6,7,5,,0.7051893472671509,"[[ 0.9957191  -0.08564796  0.00385312  0.013516    0.03178861]
 [ 0.08660787  0.9897351  -0.10101435  0.02620416 -0.04508825]
 [ 0.00636733  0.10327291  0.98924416 -0.10335406  0.00284093]
 [-0.01781537 -0.0094843   0.10418972  0.98939437  0.09917649]
 [-0.02616793  0.04830759 -0.01793657 -0.09771084  0.9935354 ]]",48
7,8,5,,0.7860231995582581,"[[ 0.99900746  0.00236636 -0.03527449  0.01262476  0.02397563]
 [-0.00880715  0.9773816  -0.20405538  0.03035029 -0.04569426]
 [ 0.03247831  0.20791294  0.9746044  -0.02399041  0.0727188 ]
 [-0.00694616 -0.02932793  0.04292241  0.98518324 -0.16328876]
 [-0.02834517  0.02513473 -0.07362726  0.16660695  0.98254055]]",48
8,9,5,,0.7572125196456909,"[[ 9.9719030e-01 -6.3056283e-02  6.9264462e-03  3.0296907e-02
   2.5874672e-02]
 [ 6.3734956e-02  9.9036455e-01 -1.2272691e-01 -2.6222575e-03
  -6.8666134e-03]
 [ 5.5739675e-03  1.2021031e-01  9.7507799e-01 -1.8360485e-01
   3.2100290e-02]
 [-3.2620810e-02  2.7399700e-02  1.7572038e-01  9.7400832e-01
   1.3643819e-01]
 [-2.1310618e-02  8.4349094e-04 -5.6879275e-02 -1.2912147e-01
   9.8976630e-01]]",48
9,10,5,,0.8383158445358276,"[[ 9.9709064e-01 -6.9325022e-02  5.5535353e-04  2.1150436e-02
   2.3590423e-02]
 [ 6.8568476e-02  9.8589891e-01 -1.4786901e-01  2.9459564e-02
  -2.3843169e-02]
 [ 9.0071959e-03  1.4912540e-01  9.8745686e-01 -1.5903408e-02
   4.8544966e-02]
 [-2.1744644e-02 -2.6158433e-02  2.2818428e-02  9.9775982e-01
  -5.2892949e-02]
 [-2.3548344e-02  1.6571589e-02 -5.0426453e-02  5.3919535e-02
   9.9685538e-01]]",48
10,11,5,,1.1219669580459595,"[[ 0.9500488  -0.19571024 -0.19622785  0.01785234  0.14241013]
 [ 0.20471534  0.9458364   0.05845232 -0.24094382  0.04488213]
 [ 0.1686717   0.01620968  0.8835188   0.43249875  0.06022003]
 [-0.13230276 -0.09787145  0.10836458 -0.29623157  0.93457   ]
 [-0.09769683  0.23926829 -0.40709904  0.8165899   0.31726548]]",48
0,1,5,,0.7861686944961548,"[[ 0.9872384   0.11966051  0.05859726 -0.06050633 -0.06282651]
 [-0.13087296  0.98303753  0.11225071 -0.05780747 -0.02382324]
 [-0.05764523 -0.12750052  0.97326124 -0.0804545  -0.16343258]
 [ 0.04340422  0.05304177  0.07442349  0.98975664 -0.10072529]
 [ 0.05500756  0.0157716   0.17660627  0.0831032   0.9790963 ]]",49
1,2,5,,0.8018614649772644,"[[ 0.9948624   0.03519712 -0.08697891  0.02343002  0.02992613]
 [-0.035701    0.99868983 -0.01307259  0.00924146 -0.03298106]
 [ 0.08436774  0.01508105  0.99264836  0.08535974 -0.00419553]
 [-0.02913944 -0.01256997 -0.0830811   0.9953402  -0.03725775]
 [-0.03173539  0.03153295  0.00324661  0.03710879  0.99830407]]",49
2,3,5,,0.7741247415542603,"[[ 9.4102687e-01 -3.3201587e-01 -2.6146686e-02  1.4786336e-02
  -5.7721086e-02]
 [ 3.3403993e-01  9.2243856e-01  1.8483050e-01  5.8373474e-03
   5.7688717e-02]
 [-3.5539486e-02 -1.8675067e-01  9.8045844e-01 -2.0220452e-04
   5.0620187e-02]
 [-1.0596794e-02 -9.2568370e-03 -9.0819085e-03  9.9025261e-01
   1.3827237e-01]
 [ 3.8865760e-02 -6.2537886e-02 -6.1423775e-02 -1.3837253e-01
   9.8572743e-01]]",49
3,4,5,,0.713951051235199,"[[ 0.99674016  0.04838224  0.04868018 -0.03003847  0.02993693]
 [ 0.04391127 -0.9939039   0.08419565  0.03569053  0.04317588]
 [-0.05171596  0.07653455  0.9914871  -0.05736338 -0.0716301 ]
 [ 0.02757262  0.0384941   0.05136704  0.9954405  -0.06494333]
 [-0.03385463  0.04974846  0.0696869   0.0602625   0.9939272 ]]",49
4,5,5,,0.6865370869636536,"[[ 0.9865687  -0.12643811 -0.060063    0.07724676  0.03348136]
 [ 0.14217693  0.958496    0.22791569 -0.0305087  -0.09052547]
 [-0.02285258  0.22320573 -0.9685229  -0.05591644 -0.09216135]
 [-0.0766926   0.07344033 -0.05551166  0.9746578   0.18890628]
 [-0.00799628  0.10042222 -0.05769509 -0.20004466  0.97288483]]",49
5,6,5,,0.7344239354133606,"[[ 0.98990184  0.10491376 -0.07756278  0.04814259 -0.02745454]
 [-0.12259025  0.9679391  -0.208633    0.04858448 -0.04666119]
 [-0.05628346 -0.22171564 -0.9689526   0.02836945 -0.08944502]
 [-0.03751187 -0.04151341  0.02734764  0.9876862   0.14351815]
 [ 0.02215858  0.03472386 -0.10411185 -0.13781466  0.98410934]]",49
6,7,5,,0.696081280708313,"[[ 9.9646527e-01 -7.9366319e-02 -5.0467288e-04  1.5428552e-02
   2.2796804e-02]
 [ 7.9771973e-02  9.9128127e-01 -8.5376956e-02  2.5828531e-02
  -5.5150557e-02]
 [ 8.9256987e-03  8.7791950e-02  9.9053061e-01 -1.0484167e-01
   8.3800703e-03]
 [-1.7303862e-02 -1.3069938e-02  1.0609967e-01  9.9327409e-01
   4.0978342e-02]
 [-1.7729631e-02  5.6428928e-02 -1.7391849e-02 -3.8854718e-02
   9.9734110e-01]]",49
7,8,5,,0.7765727043151855,"[[ 0.9992325   0.00594987 -0.0312743   0.01540574  0.01683681]
 [-0.01226899  0.97394234 -0.21906254  0.0290561  -0.04952952]
 [ 0.02869023  0.22265102  0.9726462  -0.02923002  0.052042  ]
 [-0.01146584 -0.02675598  0.04341272  0.9894909  -0.13481769]
 [-0.02071663  0.03334046 -0.05575152  0.13773829  0.988119  ]]",49
8,9,5,,0.7996123433113098,"[[ 9.97307897e-01 -6.20836578e-02 -8.08855766e-05  2.86024809e-02
   2.65413299e-02]
 [ 6.19870350e-02  9.92271841e-01 -1.07320264e-01 -2.98414496e-03
  -5.26028872e-03]
 [ 1.09450044e-02  1.04806744e-01  9.79026198e-01 -1.72825903e-01
   2.31212601e-02]
 [-2.93857288e-02  2.35319044e-02  1.68258443e-01  9.79499042e-01
   1.04179814e-01]
 [-2.34781671e-02  2.00481666e-03 -4.09769267e-02 -9.94272977e-02
   9.93921459e-01]]",49
9,10,5,,0.835274338722229,"[[ 0.99759203 -0.06269744  0.00135807  0.02210743  0.01971547]
 [ 0.06230079  0.98686343 -0.14450638  0.02223658 -0.02902853]
 [ 0.00723556  0.1454905   0.9886859  -0.00606992  0.03526318]
 [-0.02312573 -0.02006465  0.00979069  0.99937135 -0.01495153]
 [-0.01848537  0.02448593 -0.03899203  0.01538659  0.99864984]]",49
10,11,5,,1.1229339838027954,"[[ 0.957967   -0.1707082  -0.17843428 -0.01281897  0.14544702]
 [ 0.17701718  0.9414133   0.01870281  0.28616744 -0.0128163 ]
 [ 0.16270395  0.04720039  0.9297126  -0.3123483   0.09681243]
 [-0.12417385 -0.114839    0.10220776  0.48604664  0.8512961 ]
 [-0.09524926  0.26302817 -0.30495828 -0.76429117  0.4945737 ]]",49
0,1,5,,0.7897939682006836,"[[ 0.9877939   0.11803251  0.0484565  -0.06739929 -0.05865856]
 [-0.12911665  0.98261297  0.1079061  -0.0755742  -0.02110434]
 [-0.0491219  -0.12472519  0.97338706 -0.10512389 -0.15328808]
 [ 0.04494053  0.06779528  0.09211263  0.9799714  -0.15670162]
 [ 0.05620927  0.01968378  0.17332362  0.13546525  0.9736843 ]]",50
1,2,5,,0.802656352519989,"[[ 0.99323845  0.06668064 -0.08241119 -0.03500053  0.03185036]
 [-0.06776933  0.9969616  -0.02165339 -0.00164131 -0.03167556]
 [ 0.07794636  0.02653185  0.993211   -0.08192309 -0.00640998]
 [-0.0401771  -0.0070605  -0.07897398 -0.99556875 -0.03069223]
 [-0.03456705  0.02945312  0.00589031 -0.03006366  0.9984985 ]]",50
2,3,5,,0.7660731077194214,"[[ 9.3228453e-01 -3.5480273e-01 -2.4035523e-02  1.2270129e-02
  -6.5057002e-02]
 [ 3.5542843e-01  9.1347456e-01  1.9308175e-01  1.2146165e-02
   4.2506751e-02]
 [-4.4335756e-02 -1.9205284e-01  9.7908437e-01  5.3399766e-04
   5.0433878e-02]
 [ 1.1653122e-02  1.1017294e-02  7.5485264e-03 -9.9632549e-01
  -8.3794259e-02]
 [ 4.9140953e-02 -5.1707115e-02 -5.8979455e-02 -8.3888419e-02
   9.9216712e-01]]",50
3,4,5,,0.7059428095817566,"[[ 0.9968972   0.02515849  0.05477202  0.02172634  0.04572635]
 [ 0.01833386 -0.9931698   0.10304173 -0.03349023  0.0392228 ]
 [-0.05567238  0.09692965  0.98947316  0.07089759 -0.05849512]
 [ 0.02151676  0.03674392  0.06322119 -0.99271    -0.0933648 ]
 [-0.04793057  0.04727925  0.05769252 -0.0889207   0.9920847 ]]",50
4,5,5,,0.6773537993431091,"[[ 0.98861194 -0.11077917 -0.04981939  0.08878256  0.00318372]
 [ 0.1233871   0.9694147   0.19246657 -0.05379021 -0.07123172]
 [-0.02089476  0.18608418 -0.975789   -0.07982973 -0.07999413]
 [ 0.08261908 -0.08678318  0.07071166 -0.98488677 -0.1031541 ]
 [ 0.01263317  0.07618686 -0.05753484 -0.11335618  0.98887616]]",50
5,6,5,,0.7345046997070312,"[[ 0.9882678   0.10513727 -0.09042837  0.04721823 -0.04319949]
 [-0.1279316   0.9613829  -0.23346454  0.03414113 -0.06087044]
 [-0.06447758 -0.24696994 -0.96306664 -0.02101963 -0.08312205]
 [-0.03507629 -0.03121532 -0.03201142  0.9675588   0.24617173]
 [ 0.03965726  0.05215945 -0.09378115 -0.24493468  0.96276623]]",50
6,7,5,,0.6895544528961182,"[[ 0.9967886  -0.07140395 -0.01344766  0.02028104  0.02686517]
 [ 0.07110553  0.99323726 -0.06507931  0.03286448 -0.05575348]
 [ 0.01907134  0.06713549  0.9951349  -0.06678721  0.01936994]
 [-0.02288817 -0.02285738  0.06734759  0.99465245  0.0713051 ]
 [-0.02165269  0.0578937  -0.02747296 -0.06866234  0.9953443 ]]",50
7,8,5,,0.7541640996932983,"[[ 0.99909115  0.00114679 -0.03280482  0.02362682  0.01345773]
 [-0.00799755  0.97644573 -0.20933168  0.02568358 -0.04483733]
 [ 0.03178271  0.21203019  0.9754626  -0.02468137  0.04354976]
 [-0.02018073 -0.02473033  0.0374555   0.98840284 -0.14365979]
 [-0.01831526  0.03136942 -0.0466247   0.145715    0.98755944]]",50
8,9,5,,0.7458443641662598,"[[ 0.99772364 -0.05384572 -0.01209238  0.02776496  0.02703794]
 [ 0.05292667  0.9951352  -0.08217673 -0.01165758  0.00397734]
 [ 0.01884225  0.07883083  0.98725766 -0.13148876  0.03825836]
 [-0.02702907  0.0231375   0.12685667  0.98753464  0.08612075]
 [-0.02570407 -0.00754707 -0.04827497 -0.08111239  0.9951747 ]]",50
9,10,5,,0.8327363729476929,"[[ 0.99695104 -0.06512651  0.00649209  0.04202885  0.00620948]
 [ 0.06543635  0.9855481  -0.15264948  0.00345783 -0.0331536 ]
 [ 0.00467905  0.15365393  0.9872729  -0.02954159  0.02807279]
 [-0.0417123   0.00210105  0.03141963  0.9967944  -0.0605749 ]
 [-0.00669792  0.0289738  -0.03100032  0.06123524  0.9971986 ]]",50
10,11,5,,1.1304144859313965,"[[ 0.9566721  -0.14567415 -0.22676367  0.0084471   0.10983779]
 [ 0.17873815  0.91255784  0.16615158 -0.32743397  0.02171675]
 [ 0.18765351 -0.05393143  0.88680077  0.40832165  0.09346315]
 [-0.11210018 -0.10825106  0.04498746 -0.27725053  0.9470077 ]
 [-0.0710691   0.3624782  -0.36404997  0.80568063  0.28619075]]",50
0,1,5,,0.7899231910705566,"[[ 0.9876026   0.1193151   0.05370428 -0.06391551 -0.05861426]
 [-0.1301699   0.9834087   0.10474879 -0.06700159 -0.0223959 ]
 [-0.05373136 -0.12078762  0.97423303 -0.09273247 -0.15746137]
 [ 0.04466356  0.06136167  0.0844577   0.9861918  -0.12055089]
 [ 0.05305635  0.01778471  0.17285988  0.10125207  0.9781289 ]]",51
1,2,5,,0.8081778883934021,"[[ 0.9951736  -0.01154982 -0.09161642 -0.02074594  0.02592735]
 [ 0.01105259  0.9991906  -0.01311674 -0.01136241 -0.03456518]
 [ 0.09010154  0.01064704  0.9923778  -0.08238778 -0.01291348]
 [-0.02751476 -0.01314055 -0.0804348  -0.99581766 -0.03078362]
 [-0.02514116  0.03462126  0.0122793  -0.03162082  0.9985082 ]]",51
2,3,5,,0.7745252251625061,"[[ 0.95518905 -0.28934076 -0.01079567  0.01767212 -0.05888171]
 [ 0.28954682  0.9341825   0.19541356  0.00566013  0.07243744]
 [-0.04512178 -0.19401015  0.9790898  -0.00198774  0.04127241]
 [ 0.01438543  0.00905014  0.00508804 -0.99374086 -0.11029267]
 [ 0.03916279 -0.07657076 -0.05526671 -0.11014042  0.9886444 ]]",51
3,4,5,,0.7225492596626282,"[[ 0.99607456  0.06240933  0.04625509 -0.02621782  0.03336979]
 [ 0.05720462 -0.9920444   0.09902161  0.03573688  0.03864142]
 [-0.05096638  0.09174833  0.991221   -0.04965436 -0.06324551]
 [ 0.02427524  0.03863399  0.04279451  0.99527836 -0.07421423]
 [-0.03709647  0.04519588  0.06086622  0.07064663  0.9939243 ]]",51
4,5,5,,0.6882245540618896,"[[ 9.8361719e-01 -1.3998546e-01  6.5200530e-02  8.7146930e-02
   3.2489933e-02]
 [ 1.5723257e-01  9.5642948e-01 -2.2271171e-01 -3.5003632e-02
  -9.8462790e-02]
 [-2.4614081e-02  2.1733756e-01  9.6891463e-01 -6.1487138e-02
  -9.7889155e-02]
 [-8.4671706e-02  8.6690195e-02  6.2192231e-02  9.6524471e-01
   2.2304784e-01]
 [ 3.1973471e-07  1.0438396e-01  5.9033420e-02 -2.3601314e-01
   9.6432197e-01]]",51
5,6,5,,0.7360329031944275,"[[ 0.99051124  0.0934124  -0.08309559  0.04942355 -0.02853236]
 [-0.11337113  0.9660641  -0.22069879  0.04116208 -0.05886469]
 [ 0.06240722  0.23416671  0.96597815 -0.01813049  0.08848052]
 [-0.04048892 -0.03424832  0.01604648  0.9876735   0.14639421]
 [ 0.02237195  0.04458085 -0.10495672 -0.14154623  0.98308736]]",51
6,7,5,,0.696426510810852,"[[ 0.99530905 -0.09194154 -0.00487477  0.01740674  0.02408028]
 [ 0.09179233  0.99055064 -0.0759658   0.03902388 -0.05558728]
 [ 0.01331191  0.07990364  0.991939   -0.09445515  0.02394586]
 [-0.0206005  -0.02712649  0.09588974  0.9935973   0.04908524]
 [-0.01823319  0.05688368 -0.03267381 -0.0449087   0.99666816]]",51
7,8,5,,0.7970097661018372,"[[ 0.99918973 -0.01321041 -0.03179408  0.01560658  0.01382261]
 [ 0.00650743  0.9762665  -0.20924637  0.02658561 -0.04868637]
 [ 0.03384455  0.21094798  0.97629976 -0.0225464   0.02619036]
 [-0.01241151 -0.02775515  0.03359654  0.9853264  -0.1645563 ]
 [-0.0166782   0.03820516 -0.03025132  0.16635261  0.9847202 ]]",51
8,9,5,,0.859496533870697,"[[ 0.99726635 -0.06092145 -0.00961001  0.03366355  0.02286558]
 [ 0.05972881  0.9932385  -0.09932741 -0.00393342  0.00532975]
 [ 0.01999813  0.09579375  0.97922456 -0.17132477  0.046804  ]
 [-0.03175027  0.0221658   0.16723552  0.98286885  0.06709341]
 [-0.02200702 -0.00990736 -0.05650794 -0.05888778  0.9963717 ]]",51
9,10,5,,0.8526912331581116,"[[ 0.9975234  -0.0611325  -0.00697769  0.03054506  0.01510476]
 [ 0.05934197  0.9883244  -0.1374821   0.01894721 -0.02080972]
 [ 0.01485958  0.13766797  0.98955554 -0.00344302  0.03993422]
 [-0.03002113 -0.01786505  0.01028709  0.9946768  -0.09639385]
 [-0.01742059  0.01435352 -0.04152152  0.09650998  0.9942094 ]]",51
10,11,5,,1.0742460489273071,"[[ 0.9611922  -0.14730619 -0.18594338  0.13933475  0.02052917]
 [ 0.15845974  0.9557474   0.01533609 -0.09583544  0.22807361]
 [ 0.16798611  0.02484068  0.94753575  0.16370058 -0.21573561]
 [-0.13698031 -0.01464265 -0.00493923  0.84730935  0.51289815]
 [-0.06338207  0.25301403 -0.25950253  0.47609916 -0.7987206 ]]",51
0,1,5,,0.7867211699485779,"[[ 0.9876264   0.11868048  0.05299438 -0.06497758 -0.05898039]
 [-0.12979203  0.9830274   0.10631523 -0.07101989 -0.02155056]
 [-0.05359769 -0.12314355  0.972804   -0.10212681 -0.15869942]
 [ 0.04368304  0.06387138  0.09061633  0.9827712  -0.1412861 ]
 [ 0.05447327  0.01811622  0.17700222  0.12027077  0.97514594]]",52
1,2,5,,0.8110091686248779,"[[ 9.9389857e-01  5.6434792e-02 -8.0172934e-02 -3.5506245e-02
   3.5949208e-02]
 [-5.6866746e-02  9.9791682e-01 -1.2117528e-02 -5.9868097e-03
  -2.7302906e-02]
 [ 7.6330557e-02  1.5899805e-02  9.9355453e-01 -8.2278281e-02
  -7.6319429e-04]
 [-3.9790239e-02 -1.0378096e-02 -7.9214439e-02 -9.9507648e-01
  -4.3092608e-02]
 [-3.9014995e-02  2.4830557e-02 -1.0413907e-04 -4.1911926e-02
   9.9805039e-01]]",52
2,3,5,,0.7703103423118591,"[[ 0.93408304 -0.35161197 -0.01971631  0.01194803 -0.05767591]
 [ 0.35118154  0.91460246  0.19518258  0.002223    0.04552754]
 [-0.04859625 -0.19282542  0.9785691  -0.00276813  0.05340124]
 [ 0.00810511  0.00336531  0.00352364 -0.9952751  -0.09663431]
 [ 0.04163176 -0.05175399 -0.06249165 -0.09629256  0.9911664 ]]",52
3,4,5,,0.7158138751983643,"[[ 0.99597865  0.04643694  0.0588948   0.0192396  -0.04507076]
 [ 0.0396565  -0.9934737   0.09662277 -0.03065776 -0.03408097]
 [-0.06173908  0.08938929  0.9893035   0.08042111  0.05485353]
 [ 0.02040751  0.03265064  0.06974626 -0.9846286   0.15543294]
 [-0.04717733  0.04239242  0.06007925 -0.1507609  -0.98470247]]",52
4,5,5,,0.6823713779449463,"[[ 9.8706245e-01 -1.2529568e-01 -5.7365250e-02  8.1961185e-02
  -6.0082588e-04]
 [ 1.3946685e-01  9.6371114e-01  2.0586573e-01 -6.2817208e-02
  -7.4048623e-02]
 [-2.5838839e-02  2.0238559e-01 -9.7440898e-01 -6.1948832e-02
  -7.1147636e-02]
 [ 7.3563106e-02 -8.9497440e-02  4.6558853e-02 -9.9056739e-01
  -5.6455486e-02]
 [-1.3326852e-02 -8.1192248e-02  5.1845990e-02  6.5383196e-02
  -9.9310994e-01]]",52
5,6,5,,0.7367749214172363,"[[ 0.9864882   0.12750904 -0.07990972  0.04801629 -0.04349104]
 [-0.14817204  0.9542348  -0.24284521  0.02581829 -0.08854727]
 [-0.0472623  -0.2593703  -0.9605584  -0.0173592  -0.08671501]
 [-0.0338941  -0.01187461 -0.04084333  0.946911    0.31686196]
 [ 0.03877706  0.07591739 -0.10148875 -0.31636372  0.93933326]]",52
6,7,5,,0.685756266117096,"[[ 0.99732333 -0.06379732 -0.00872296  0.02265131  0.02620601]
 [ 0.06433765  0.9944998  -0.0558381   0.01506159 -0.05904253]
 [ 0.0132746   0.05793617  0.9950586  -0.07343533  0.03054288]
 [-0.02396855 -0.00579024  0.07219864  0.99516     0.06193477]
 [-0.02135381  0.05924419 -0.0381025  -0.05936243  0.99551916]]",52
7,8,5,,0.749189555644989,"[[ 0.9994603   0.00595323 -0.0169264   0.02611056  0.0086884 ]
 [-0.00968391  0.9701414  -0.2346012   0.01683893 -0.05840048]
 [ 0.01514729  0.23834676  0.96908057 -0.02483995  0.05680856]
 [-0.02364936 -0.01731486  0.03907311  0.986513   -0.1562248 ]
 [-0.01402428  0.04100287 -0.06349742  0.1587755   0.9843173 ]]",52
8,9,5,,0.7547661066055298,"[[ 9.97418940e-01 -5.98943233e-02 -1.07940743e-02  3.01381554e-02
   2.33119223e-02]
 [ 5.82826622e-02  9.93155658e-01 -1.00582264e-01  8.30322169e-05
   1.13222646e-02]
 [ 1.90876722e-02  9.79611501e-02  9.84807611e-01 -1.29524857e-01
   5.84514476e-02]
 [-3.06044184e-02  1.25671225e-02  1.21312618e-01  9.84071612e-01
   1.25664815e-01]
 [-2.13951506e-02 -1.73268262e-02 -7.21383765e-02 -1.17974311e-01
   9.90010202e-01]]",52
9,10,5,,0.8341716527938843,"[[ 9.9743140e-01 -6.1398763e-02  1.3315793e-02  3.4387257e-02
   1.0607331e-03]
 [ 6.2330946e-02  9.8755068e-01 -1.3761348e-01  9.9235121e-03
  -4.2693041e-02]
 [-3.4128828e-03  1.4003520e-01  9.8875040e-01 -3.5049390e-02
   3.9021228e-02]
 [-3.5126925e-02 -4.4902656e-03  3.7639454e-02  9.9766827e-01
  -4.4577725e-02]
 [ 1.7082921e-04  3.6660060e-02 -4.2908244e-02  4.6352427e-02
   9.9732965e-01]]",52
10,11,5,,1.1350475549697876,"[[ 0.93496364 -0.21012865 -0.26516896  0.02330825  0.10407292]
 [ 0.25335917  0.89487636  0.21126752  0.30061406  0.0016559 ]
 [ 0.20800896 -0.11986781  0.8576508  -0.42216185  0.16905165]
 [-0.12261222 -0.12369952  0.05049334  0.4312159   0.883837  ]
 [-0.05788522  0.35407972 -0.38332367 -0.7381871   0.4235796 ]]",52
0,1,5,,0.7906961441040039,"[[ 0.98557204  0.1369008   0.05210415 -0.06443553 -0.05512872]
 [-0.14731057  0.9803774   0.1146199  -0.06000094 -0.02054018]
 [-0.04715832 -0.1287645   0.97526985 -0.07095276 -0.15814634]
 [ 0.04679676  0.05773423  0.06302081  0.9884808  -0.11580478]
 [ 0.05033425  0.01430946  0.17036597  0.10059433  0.97883505]]",53
1,2,5,,0.794755756855011,"[[ 9.9003959e-01 -1.0258948e-01 -8.4918402e-02 -3.3580147e-02
   3.0956734e-02]
 [-1.0300059e-01 -9.9406832e-01 -1.2817991e-02  2.7718949e-03
  -3.2357935e-02]
 [ 8.0106713e-02 -2.1339567e-02  9.9299943e-01 -8.4140688e-02
   1.5103897e-05]
 [-3.9154921e-02  3.5630586e-03 -8.1091955e-02 -9.9520743e-01
  -3.7953686e-02]
 [-3.5529830e-02 -2.8904455e-02 -8.8026590e-04 -3.6704592e-02
   9.9827558e-01]]",53
2,3,5,,0.7661871314048767,"[[ 9.3776053e-01  3.4086582e-01 -3.1344570e-02  1.2893806e-04
  -5.8593091e-02]
 [-3.4385020e-01  9.2278153e-01 -1.6667908e-01 -1.9068189e-02
  -4.5780964e-02]
 [-2.5799368e-02  1.7084232e-01  9.8341757e-01  4.8738723e-03
   5.4895714e-02]
 [ 2.6348708e-03 -2.1706874e-02  1.4008300e-02 -9.9525291e-01
  -9.3793578e-02]
 [ 4.1226894e-02  5.1249988e-02 -6.2684678e-02 -9.5311247e-02
   9.9129218e-01]]",53
3,4,5,,0.7118430733680725,"[[ 0.9935576   0.09493323  0.04740392 -0.02468204  0.0312193 ]
 [-0.08954052  0.9901849  -0.09641754 -0.02851561 -0.03750965]
 [-0.05608234  0.08780476  0.99116194 -0.07017167 -0.04265033]
 [ 0.01998376  0.03482116  0.06614356  0.9954681  -0.05528535]
 [-0.03579405  0.03999314  0.04098263  0.05193162  0.99636483]]",53
4,5,5,,0.7001545429229736,"[[ 0.988198   -0.12248903 -0.05814603  0.07125329  0.00179309]
 [ 0.135893    0.9687951   0.18756618 -0.06467786 -0.06003986]
 [-0.02785883  0.18185998 -0.97553355 -0.09523177 -0.07359247]
 [-0.06493866  0.08264816 -0.07153503  0.986838   -0.09992868]
 [-0.00217311  0.0808     -0.06822623  0.08843865  0.9904496 ]]",53
5,6,5,,0.7270299792289734,"[[ 0.9873733   0.13380463 -0.06557356  0.04526686 -0.02900372]
 [-0.14629635  0.9703786  -0.18550587  0.02639916 -0.04305251]
 [-0.04079981 -0.19650991 -0.97626996  0.00454239 -0.08121336]
 [-0.02807725 -0.01449709 -0.02840882  0.89658195  0.4408348 ]
 [ 0.03518944  0.04044114 -0.08589318 -0.43974334  0.8923981 ]]",53
6,7,5,,0.710336446762085,"[[ 9.9758077e-01 -5.4695502e-02  6.2456415e-03  8.0705406e-03
   4.1676175e-02]
 [ 5.6691907e-02  9.9341202e-01 -8.1908211e-02  3.1508837e-02
  -4.7084540e-02]
 [-3.9379296e-04  8.4269062e-02  9.9201971e-01 -9.3183309e-02
  -1.0599538e-02]
 [-1.5860995e-02 -1.5060642e-02  9.5270529e-02  9.8302692e-01
   1.5525204e-01]
 [-3.6972217e-02  5.3037599e-02 -8.5136518e-03 -1.5465118e-01
   9.8581469e-01]]",53
7,8,5,,0.7614549398422241,"[[ 0.99750274  0.0569941  -0.02816704  0.01814903  0.02484328]
 [-0.0604233   0.97908646 -0.18648686  0.02384249 -0.04891713]
 [ 0.01505452  0.19103101  0.97890806 -0.00482609  0.07068504]
 [-0.00599389 -0.03318482  0.0351587   0.9421539  -0.33162144]
 [-0.03278339  0.02339364 -0.07023022  0.33380374  0.93915963]]",53
8,9,5,,0.7474499940872192,"[[ 0.9976394  -0.04832361 -0.0016293   0.02873629  0.03939567]
 [ 0.04836629  0.9940443  -0.09646884  0.00607523 -0.01391183]
 [ 0.00978141  0.0961922   0.98280513 -0.15541843  0.02430329]
 [-0.03839027  0.01404138  0.13992201  0.93954045  0.3098624 ]
 [-0.02840478  0.00952452 -0.07216018 -0.3037207   0.94955206]]",53
9,10,5,,0.8254185318946838,"[[ 0.998843   -0.02576973  0.01864227 -0.00737003 -0.03530682]
 [ 0.02929797  0.988851   -0.13996549  0.03195009  0.0265358 ]
 [-0.01601928  0.14212823  0.9888991  -0.02800397 -0.02893645]
 [-0.0048531  -0.01931305  0.02051057  0.95008045 -0.31069276]
 [-0.03426313  0.03059666 -0.0414734  -0.3090111  -0.9490427 ]]",53
10,11,5,,1.1387176513671875,"[[ 0.9352666  -0.01469229 -0.334552    0.04401876  0.10581929]
 [ 0.06408818  0.9316371   0.11459474 -0.332808    0.06365603]
 [ 0.27175257  0.0249929   0.8505487   0.4360627   0.10928022]
 [ 0.05881957 -0.32461312  0.27130035 -0.692828    0.58099234]
 [ 0.20942739 -0.16074297  0.2791166  -0.46598268 -0.79702944]]",53
0,1,5,,0.7971380352973938,"[[ 0.9850825   0.1388761   0.05534076 -0.06662705  0.05314157]
 [-0.14941856  0.98183703  0.08976    -0.07224235  0.01985689]
 [-0.05453644 -0.10758311  0.9754301  -0.09376489  0.15873235]
 [ 0.04471195  0.06886     0.0820384   0.98348796  0.13885327]
 [ 0.04809447  0.01983971  0.17517535  0.11958849 -0.97586143]]",54
1,2,5,,0.8302940726280212,"[[ 0.99497014  0.0488258  -0.07538846 -0.03480247 -0.02749228]
 [-0.04930794  0.99825364 -0.01336527 -0.00349257  0.02945259]
 [ 0.07237473  0.016344    0.994684   -0.07067139  0.01020519]
 [-0.03735947 -0.00856388 -0.06855721 -0.99379474  0.07875805]
 [ 0.03113371 -0.02766104 -0.00645611  0.07844827  0.996027  ]]",54
2,3,5,,0.7726067304611206,"[[ 9.4562286e-01 -3.2076383e-01 -4.8175342e-03  2.1216252e-03
   5.3668670e-02]
 [ 3.1720465e-01  9.2346352e-01  2.0969360e-01 -8.1207324e-03
  -5.0585806e-02]
 [-6.0797893e-02 -2.0384431e-01  9.7529870e-01 -3.7877218e-04
  -5.9526347e-02]
 [-1.4686062e-04  9.0388041e-03  3.3293967e-03  9.9980247e-01
   1.7384924e-02]
 [-3.8499918e-02  5.1879250e-02  6.9186091e-02 -1.8012544e-02
   9.9534667e-01]]",54
3,4,5,,0.7524213790893555,"[[ 0.99114627 -0.11812637  0.04815588  0.00802028 -0.035946  ]
 [ 0.11184689  0.98772675  0.10343491 -0.02027433 -0.02786194]
 [-0.05940737 -0.0950195   0.99082524  0.0733811   0.01795836]
 [-0.00584077  0.02500327 -0.06923538  0.990624   -0.11493954]
 [ 0.0394485   0.02807393 -0.02130542  0.11315368  0.99216837]]",54
4,5,5,,0.6977234482765198,"[[ 0.9855034  -0.14618918 -0.05780199 -0.05611148  0.03036937]
 [-0.15737985 -0.9678082  -0.1786471  -0.075466   -0.03112881]
 [-0.02675432  0.1751983  -0.97756517  0.10476171  0.04450839]
 [ 0.05451476 -0.08594155  0.07070009  0.9454159  -0.3013841 ]
 [-0.01808519 -0.06241527  0.06412401  0.29388782  0.9514701 ]]",54
5,6,5,,0.7435193657875061,"[[ 0.9869088   0.14111888 -0.05122227  0.02976259 -0.05086469]
 [-0.15306003  0.95364136 -0.2417358  -0.0185881  -0.09142797]
 [-0.01618715 -0.25488546 -0.9627817  -0.04339534 -0.07706898]
 [ 0.01106914 -0.03970963  0.08865615 -0.8655694  -0.491152  ]
 [-0.04689734 -0.06411072  0.06427731  0.49766964 -0.8613267 ]]",54
6,7,5,,0.7070557475090027,"[[ 0.99729425 -0.05439757  0.01517704  0.01155454  0.04562033]
 [ 0.0577868   0.99402654 -0.07209912  0.01153935 -0.05692401]
 [-0.01128902  0.07542902  0.9923174  -0.09265556  0.03006968]
 [-0.02991268  0.02079041  0.06921304  0.90058666  0.42758197]
 [-0.03228987  0.05319984 -0.0713243  -0.42437252  0.90052646]]",54
7,8,5,,0.7693303823471069,"[[ 0.99835825  0.0494167  -0.01004071  0.02455302  0.01162363]
 [-0.04933016  0.97777325 -0.192713   -0.00988967 -0.0654975 ]
 [-0.00188279  0.19910216  0.97415644  0.02514044  0.10364322]
 [-0.0123238  -0.02139045  0.04262075  0.8268296  -0.5602918 ]
 [-0.02630403  0.03765997 -0.1093779   0.56126654  0.81908864]]",54
8,9,5,,0.7613899111747742,"[[ 0.9980518  -0.04309513  0.01774327  0.03741518  0.01790834]
 [ 0.04427922  0.9915978  -0.12041638  0.01585389  0.00466179]
 [-0.00778342  0.12080581  0.9743784  -0.16223396  0.09804187]
 [-0.04317428 -0.00207449  0.10095309  0.88283044  0.45667344]
 [ 0.00271461 -0.0166823  -0.1599382  -0.43890703  0.88402194]]",54
9,10,5,,0.8377889394760132,"[[ 9.99197364e-01  3.22723622e-03  2.79890206e-02  2.10064221e-02
   1.92237403e-02]
 [ 6.52418355e-04  9.92434442e-01 -1.13507472e-01  9.63887572e-03
  -4.57882062e-02]
 [-2.96270084e-02  1.17185794e-01  9.88831043e-01 -5.89202950e-03
   8.69953111e-02]
 [-1.26652699e-02 -2.24357806e-02  4.29507867e-02  9.15005982e-01
  -4.00319189e-01]
 [-2.37913728e-02  2.87672542e-02 -8.18600208e-02  4.02734518e-01
   9.10884261e-01]]",54
10,11,5,,1.1149449348449707,"[[ 0.9034771  -0.03324671 -0.41697943  0.05435108  0.07614419]
 [ 0.09979753  0.95430595  0.14331211 -0.18883164  0.15213463]
 [ 0.35216326 -0.06900531  0.82180095  0.4419243  -0.02377871]
 [-0.13836445 -0.06130731 -0.08398495  0.30721676  0.9357676 ]
 [-0.17494564  0.28226689 -0.35096946  0.8195787  -0.30794582]]",54
0,1,5,,0.7934964895248413,"[[ 0.9880497   0.11377092  0.05655237 -0.06119499 -0.06221709]
 [-0.12475559  0.9836526   0.11298628 -0.06082238 -0.01996238]
 [-0.05690111 -0.1279344   0.97230005 -0.09277812 -0.16254202]
 [ 0.04292565  0.05444872  0.08506017  0.9875447  -0.11275173]
 [ 0.0557986   0.01232949  0.1772945   0.09329252  0.9780581 ]]",55
1,2,5,,0.8162412047386169,"[[ 0.99542856 -0.01813805 -0.08888187  0.01905504  0.02301817]
 [ 0.01676228  0.99895495 -0.02234906  0.01214343 -0.03407557]
 [ 0.08747242  0.01911564  0.99166083  0.09157646 -0.01434263]
 [-0.02712491 -0.01388926 -0.08937438  0.9955062  -0.00713432]
 [-0.02130148  0.03466631  0.0148842   0.00839907  0.9990257 ]]",55
2,3,5,,0.78062504529953,"[[ 0.95541304 -0.28577515 -0.01613198  0.02611613 -0.06764824]
 [ 0.28852952  0.93794227  0.17890792  0.0018023   0.07073642]
 [-0.03400894 -0.17985786  0.98219705 -0.01426456  0.0397497 ]
 [-0.01991195 -0.0068771   0.00723513  0.9914142   0.12884808]
 [ 0.04882242 -0.07874423 -0.05448245 -0.12731525  0.98602146]]",55
3,4,5,,0.7348397374153137,"[[ 0.9976187   0.03161872  0.04560854 -0.03104901  0.02670194]
 [ 0.02688035 -0.9926989   0.09738877  0.04051111  0.05196685]
 [-0.04756011  0.09138034  0.9921046  -0.03253055 -0.06370222]
 [ 0.02868308  0.04371174  0.02925775  0.99812216 -0.01275473]
 [-0.03081696  0.05734112  0.05751356  0.00941839  0.9961756 ]]",55
4,5,5,,0.6864305734634399,"[[ 0.9880627  -0.11308163  0.04746775  0.08581053  0.03644247]
 [ 0.12646784  0.9602266  -0.23134741 -0.02531651 -0.08836401]
 [-0.01097374  0.222353    0.9662868  -0.06857207 -0.10966546]
 [-0.08682895  0.0733054   0.07381599  0.9701513   0.20110843]
 [-0.00885061  0.10179815  0.07117804 -0.21470873  0.9687067 ]]",55
5,6,5,,0.7502815127372742,"[[ 0.99326754  0.05359938 -0.08602246  0.0510819  -0.02318547]
 [-0.07515051  0.9710644  -0.21405609  0.06675138 -0.03332508]
 [ 0.0757375   0.22473651  0.9662725  -0.03937974  0.09232595]
 [-0.04150442 -0.05752865  0.04785109  0.9916719   0.09625495]
 [ 0.01770031  0.01857333 -0.10396113 -0.08928061  0.9902337 ]]",55
6,7,5,,0.699528157711029,"[[ 0.99462944 -0.09911603 -0.00720902  0.02240461  0.01828139]
 [ 0.09789972  0.9894105  -0.08299457  0.04532677 -0.05039683]
 [ 0.01801968  0.08670124  0.9903158  -0.10639908  0.01058946]
 [-0.02538837 -0.03201097  0.10953356  0.9925423   0.03453625]
 [-0.0125897   0.05197126 -0.01835909 -0.0313428   0.99790835]]",55
7,8,5,,1.1413123607635498,"[[ 0.99835116 -0.02915849 -0.04157453  0.01440183  0.02255773]
 [ 0.02081723  0.9799229  -0.19102792  0.0415024  -0.03322356]
 [ 0.04593418  0.19181988  0.979686   -0.0174291   0.03172839]
 [-0.01258559 -0.03896913  0.02842155  0.99580383 -0.07674745]
 [-0.0243561   0.02424071 -0.03445831  0.07836653  0.9957362 ]]",55
8,9,5,,0.792383074760437,"[[ 0.99866414 -0.04085187 -0.01476263  0.02465843  0.01322761]
 [ 0.03979925  0.99388295 -0.09907008 -0.01054391 -0.02620645]
 [ 0.02227949  0.09557957  0.981393   -0.16436806  0.01480568]
 [-0.02129325  0.02851703  0.16213153  0.9853228   0.03982289]
 [-0.01166442  0.02406788 -0.02341899 -0.03745728  0.9986657 ]]",55
9,10,5,,0.8683590888977051,"[[ 0.99703526 -0.06094659 -0.00743917  0.03673276 -0.0283109 ]
 [ 0.05908573  0.9893289  -0.129432    0.02554891  0.01821351]
 [ 0.01376992  0.12985332  0.9896213  -0.00401233 -0.05985075]
 [-0.03429031 -0.02386744  0.0152271   0.99107575  0.12566406]
 [-0.03262021  0.00906696 -0.06008213  0.12550165 -0.98969346]]",55
10,11,5,,1.1422438621520996,"[[ 0.97128415 -0.13241032 -0.15659232  0.03959498  0.11395436]
 [ 0.13445836  0.9578318   0.0143435   0.23503278 -0.09504259]
 [ 0.14702184  0.03071221  0.95402074 -0.20137322  0.1635073 ]
 [-0.11820741 -0.07163753  0.03230596  0.65700305  0.7404042 ]
 [ 0.05421767 -0.24279748  0.25312826  0.6862854  -0.6348609 ]]",55
0,1,5,,0.7899027466773987,"[[ 0.986321    0.13240668  0.04985649 -0.06471246 -0.05446166]
 [-0.14301875  0.98116165  0.10881516 -0.065373   -0.02744005]
 [-0.04615093 -0.12439016  0.9761928  -0.07661661 -0.15354075]
 [ 0.04619222  0.06147747  0.0678952   0.98690456 -0.12448467]
 [ 0.04952763  0.02318988  0.16766487  0.10811087  0.978371  ]]",56
1,2,5,,0.7937963008880615,"[[ 9.9202031e-01 -8.0687977e-02 -8.4540047e-02 -3.5991002e-02
  -3.0705027e-02]
 [-7.9653956e-02 -9.9629539e-01  4.1449750e-03  9.3285914e-04
   3.2135937e-02]
 [ 8.1411548e-02 -2.5646773e-03  9.9339682e-01 -8.0721833e-02
  -3.5072165e-03]
 [-4.1069318e-02  3.4351277e-03 -7.7339895e-02 -9.9519950e-01
   4.3567270e-02]
 [-3.5162915e-02 -2.9437892e-02 -4.1326112e-03 -4.2021614e-02
  -9.9805510e-01]]",56
2,3,5,,0.7661089897155762,"[[ 0.9322014   0.35691938 -0.02501038 -0.00428361 -0.05445384]
 [-0.35809627  0.91693735 -0.171048   -0.00681349 -0.04109821]
 [-0.03583121  0.17211767  0.98237854  0.00179119  0.06340984]
 [-0.00467015 -0.01113237  0.00866334 -0.9968048  -0.07848124]
 [-0.03823499 -0.04567248  0.07052936  0.07944882 -0.992555  ]]",56
3,4,5,,0.7210743427276611,"[[ 0.9938788   0.08058346  0.06027028  0.01645165  0.04252267]
 [-0.07341663  0.9912209  -0.10232826  0.0284697  -0.02845109]
 [-0.06714839  0.0939702   0.98982006  0.07301804 -0.03981581]
 [ 0.01481833  0.03292804  0.06610502 -0.9899813  -0.11942889]
 [-0.04567873  0.03275255  0.04222281 -0.11629346  0.9907239 ]]",56
4,5,5,,0.704785943031311,"[[ 0.9849558  -0.14466372 -0.06359273 -0.06903253  0.01117974]
 [ 0.15764605  0.9678278   0.17556679  0.0682305   0.05457111]
 [-0.03148777  0.17279992 -0.97823507  0.09801826  0.05096298]
 [ 0.0631953  -0.07969322  0.07025326  0.9702256  -0.208284  ]
 [ 0.00497073  0.07855546 -0.05703375 -0.19908266 -0.97515   ]]",56
5,6,5,,0.7248953580856323,"[[ 0.9824874   0.16427247 -0.06382942  0.04663987 -0.03851771]
 [-0.17727374  0.959404   -0.20618899  0.01196848 -0.0738983 ]
 [-0.02906253 -0.22061801 -0.9709406  -0.01162826 -0.08730536]
 [ 0.02482794 -0.0134909   0.06098069 -0.8385486  -0.5406656 ]
 [-0.04279609 -0.06086294  0.08347254  0.54257035 -0.8325346 ]]",56
6,7,5,,0.6990634799003601,"[[ 0.99673104 -0.06849648  0.01136473  0.01488924  0.03853135]
 [ 0.07096341  0.9935882  -0.07016639  0.00932597 -0.05230968]
 [-0.00555949  0.07220895  0.99284077 -0.09370369  0.01555145]
 [-0.02079935  0.00604773  0.09025092  0.98560435  0.14131434]
 [-0.03206167  0.05329099 -0.03270415 -0.13962492  0.98770815]]",56
7,8,5,,0.7528216242790222,"[[ 0.9977845   0.05976898 -0.02135208  0.0160304   0.0118671 ]
 [-0.06202902  0.9803031  -0.1770639   0.01441619 -0.05998942]
 [ 0.00906637  0.1824577   0.9798892   0.00115779  0.08026703]
 [-0.01024922 -0.02631241  0.02535998  0.96417725 -0.26252934]
 [-0.01977875  0.03808267 -0.08582824  0.26437858  0.95963323]]",56
8,9,5,,0.7466053366661072,"[[ 0.99752766 -0.05353774  0.00424079  0.03376602  0.03023448]
 [ 0.05356263  0.9931494  -0.10346048  0.00835134 -0.00338918]
 [ 0.00541923  0.10335512  0.98044074 -0.16086036  0.04634954]
 [-0.04091281  0.00988538  0.14042452  0.94505274  0.29220667]
 [-0.01914055 -0.00282212 -0.09107631 -0.2824702   0.9547467 ]]",56
9,10,5,,0.8178703188896179,"[[ 0.9991686  -0.01773519  0.02543141  0.00276867  0.02632815]
 [ 0.02208182  0.98862743 -0.1413794   0.02604267 -0.0382327 ]
 [-0.02369106  0.14481044  0.986771   -0.04886866  0.04861503]
 [-0.00590826 -0.01680279  0.04868052  0.99678725  0.06105868]
 [-0.02404888  0.03238464 -0.0572557  -0.05780277  0.9958682 ]]",56
10,11,5,,1.1176064014434814,"[[ 0.9179518  -0.03242532 -0.38059586  0.03697145  0.10046349]
 [ 0.09082743  0.95227545  0.12752056 -0.25622794  0.05484144]
 [ 0.30660906 -0.02275573  0.8214453   0.46145695  0.13325983]
 [ 0.00670899 -0.22203837  0.18398732 -0.565959    0.77232957]
 [-0.23465014  0.20567253 -0.36091772  0.63224065  0.61044925]]",56
0,1,5,,0.791374146938324,"[[ 0.98532706  0.13821828  0.05060509 -0.06510133  0.05680898]
 [-0.14919268  0.98042893  0.10188449 -0.07319119  0.02763073]
 [-0.04841259 -0.11998627  0.9746282  -0.09239427  0.1575524 ]
 [ 0.04336745  0.06769004  0.08144771  0.98380244  0.13797222]
 [ 0.05145525  0.02600701  0.17471376  0.11832543 -0.97578186]]",57
1,2,5,,0.8043352365493774,"[[ 9.9496883e-01  2.8728504e-02 -8.4990628e-02 -3.4489900e-02
  -2.8262276e-02]
 [-2.7911065e-02  9.9917334e-01  4.0712040e-03 -6.3620186e-03
   2.8573722e-02]
 [ 8.2382314e-02 -2.2956755e-03  9.9370170e-01 -7.5891756e-02
   2.2671369e-03]
 [-3.8920097e-02 -8.6861961e-03 -7.2912343e-02 -9.9504590e-01
   5.4563783e-02]
 [ 3.0925624e-02 -2.7321897e-02 -7.9468422e-04  5.3796329e-02
   9.9769861e-01]]",57
2,3,5,,0.7762182354927063,"[[ 0.9330118  -0.35493562 -0.01356963  0.00498313 -0.05745193]
 [ 0.35400704  0.91618854  0.18182264  0.00724433  0.04653652]
 [-0.04976983 -0.17866272  0.9805348   0.00438352  0.06430247]
 [-0.00801418 -0.00278007 -0.00371705  0.99963474 -0.02539225]
 [-0.04033308  0.05187654  0.07275987 -0.02517959 -0.99486387]]",57
3,4,5,,0.7326911091804504,"[[ 0.99396944  0.07869881  0.06121953  0.00634584 -0.04520007]
 [ 0.07138932 -0.99177057  0.10133277 -0.02248674 -0.02282083]
 [-0.06756226  0.09387193  0.9899063   0.07652508  0.02920399]
 [-0.00603219 -0.02688031 -0.07022043  0.9878508  -0.13587105]
 [-0.04824071  0.02575278  0.03374163 -0.13322452 -0.9890007 ]]",57
4,5,5,,0.7032594680786133,"[[ 0.9832554  -0.15847825 -0.06210309 -0.06083354  0.02315247]
 [ 0.16939151  0.96781605  0.16568133  0.06716516  0.05174008]
 [-0.03001254  0.16309285 -0.9793234   0.10684997  0.04481972]
 [ 0.05737853 -0.07905252  0.08041725  0.96685773 -0.22176026]
 [-0.01795491 -0.0732669   0.05614018  0.21344168  0.97241986]]",57
5,6,5,,0.7331767082214355,"[[ 9.8514682e-01  1.4561747e-01 -6.3858643e-02  4.3689437e-02
  -4.7901060e-02]
 [-1.6060735e-01  9.5592070e-01 -2.2695881e-01  1.8596181e-04
  -9.4395757e-02]
 [-2.9451855e-02 -2.4226964e-01 -9.6594840e-01 -2.8968209e-02
  -8.0885686e-02]
 [ 2.1646177e-02 -2.9616067e-02  7.5854316e-02 -8.4951311e-01
  -5.2079546e-01]
 [-4.8528027e-02 -7.3752835e-02  7.4843392e-02  5.2495670e-01
  -8.4322268e-01]]",57
6,7,5,,0.6989763975143433,"[[ 0.9955501  -0.08315383  0.01267691  0.02104522  0.03690216]
 [ 0.08524648  0.99325335 -0.065433    0.00682366 -0.04304483]
 [-0.00646614  0.06803524  0.99367106 -0.0826084   0.03351004]
 [-0.02747075  0.00808879  0.07500199  0.98149884  0.17382382]
 [-0.02857478  0.04288446 -0.05049958 -0.17130812  0.98257196]]",57
7,8,5,,0.7528349757194519,"[[ 0.99951893  0.01848224 -0.01571091  0.01803385  0.00694172]
 [-0.02070687  0.98051256 -0.18544234  0.00481    -0.06127333]
 [ 0.01127267  0.18994153  0.97898144  0.0052423   0.073233  ]
 [-0.01459134 -0.01917233  0.02032632  0.9570337  -0.28825837]
 [-0.01389525  0.04252347 -0.08091079  0.28932804  0.9527546 ]]",57
8,9,5,,0.7435001134872437,"[[ 0.99682856 -0.06644879  0.0020839   0.04009099  0.01748697]
 [ 0.0656597   0.9905925  -0.1191818   0.01175412  0.00853873]
 [ 0.01009493  0.11814775  0.97942567 -0.14157729  0.08136635]
 [-0.04309188  0.00332086  0.11690582  0.9576406   0.25959507]
 [-0.00792767 -0.01847208 -0.11335694 -0.24725474  0.962087  ]]",57
9,10,5,,0.816217839717865,"[[ 0.9986114  -0.04471452  0.02203586  0.01588252  0.00615908]
 [ 0.04770217  0.98437107 -0.16470695  0.01500959 -0.03720875]
 [-0.01407601  0.16807458  0.983094   -0.03069882  0.06431615]
 [-0.01601935 -0.01386164  0.04534698  0.9799867  -0.19266775]
 [-0.00670123  0.02393839 -0.06209572  0.19546364  0.97842735]]",57
10,11,5,,1.1169519424438477,"[[ 8.98007572e-01 -2.60642707e-01 -3.40768754e-01 -3.08617164e-04
   9.75924879e-02]
 [ 3.12166661e-01  9.01546478e-01  1.56934872e-01 -2.41496980e-01
   8.25619772e-02]
 [ 2.67158717e-01 -1.15044475e-01  8.20047319e-01  4.82737631e-01
   9.93864685e-02]
 [-1.35799199e-01 -6.43410534e-02 -2.68967748e-02 -9.69741866e-02
   9.83509719e-01]
 [-7.94926286e-02  3.19224477e-01 -4.31331694e-01  8.36205423e-01
   8.05615857e-02]]",57
0,1,5,,0.7942978143692017,"[[ 0.9863095   0.13155505  0.0544362  -0.0635347  -0.05372958]
 [-0.14133772  0.9822694   0.10931522 -0.05510861 -0.01355344]
 [-0.05020585 -0.12154064  0.97687113 -0.06121567 -0.15710764]
 [ 0.04801189  0.05495873  0.05537659  0.99080205 -0.09959429]
 [ 0.04890235  0.0068912   0.1665631   0.08654605  0.98098296]]",58
1,2,5,,0.8181418180465698,"[[ 9.91264880e-01  9.41316858e-02 -8.17938820e-02 -2.78336965e-02
   3.26820314e-02]
 [-9.43029150e-02  9.94856834e-01 -1.19576184e-02  1.10137364e-04
  -3.49844955e-02]
 [ 7.78144747e-02  1.91430897e-02  9.92905200e-01 -8.77059698e-02
  -5.02861245e-03]
 [-3.33478488e-02 -5.29007986e-03 -8.53660852e-02 -9.95179594e-01
  -3.44985723e-02]
 [-3.65189500e-02  3.16975378e-02  4.31035878e-03 -3.39193344e-02
   9.98244762e-01]]",58
2,3,5,,0.7600790858268738,"[[ 0.9416249   0.32996792 -0.02954919  0.00992353 -0.05909364]
 [ 0.3329794  -0.9250535   0.17094044  0.0256502   0.05934857]
 [-0.02766452  0.17459323  0.98330957  0.00328628  0.042935  ]
 [ 0.01330017 -0.02765604  0.01366855 -0.99267757 -0.11602913]
 [ 0.03905146  0.0644175  -0.05311989 -0.11757606  0.9887768 ]]",58
3,4,5,,0.7022875547409058,"[[ 0.9914119   0.11824406  0.04227478 -0.02967917  0.02127793]
 [-0.1134788   0.9867442  -0.09878761 -0.03552474 -0.04936992]
 [-0.05340093  0.08860985  0.99179363 -0.05486629 -0.05129893]
 [ 0.0228815   0.04290584  0.05173338  0.9973446  -0.01621422]
 [-0.02915046  0.05159019  0.0460736   0.01226979  0.9971035 ]]",58
4,5,5,,0.6876811981201172,"[[ 0.985673   -0.13121594  0.06135655  0.08002322  0.0326    ]
 [ 0.14827803  0.96032315 -0.2126537  -0.05271487 -0.08827607]
 [-0.02492714  0.20656277  0.97127354 -0.05836904 -0.09965511]
 [-0.07539542  0.08822529  0.05101711  0.9843491   0.12241732]
 [-0.01251106  0.10054842  0.07098348 -0.13589483  0.9829687 ]]",58
5,6,5,,0.7497339844703674,"[[ 0.99181414  0.09558281 -0.06921647  0.0460305  -0.01608796]
 [-0.1089171   0.9753597  -0.18631501  0.02889911 -0.03552778]
 [ 0.05169801  0.19594842  0.9748998  -0.02371182  0.08910413]
 [-0.03880157 -0.02336474  0.01094297  0.9757594   0.21382818]
 [ 0.01623124  0.02440938 -0.09973121 -0.21065965  0.97201693]]",58
6,7,5,,0.7222892045974731,"[[ 9.9792022e-01 -5.2925728e-02 -6.7210686e-04  1.3920821e-02
   3.4057207e-02]
 [ 5.3999480e-02  9.9115413e-01 -9.3596794e-02  4.5291148e-02
  -6.2336683e-02]
 [ 7.1756593e-03  9.6655592e-02  9.9179363e-01 -8.3122149e-02
  -6.5020788e-03]
 [-1.6621303e-02 -3.4561712e-02  8.7070107e-02  9.9506116e-01
   2.8305368e-02]
 [-3.0192135e-02  6.5387346e-02 -1.8328551e-03 -2.6434792e-02
   9.9705100e-01]]",58
7,8,5,,0.7773886919021606,"[[ 0.9986291   0.02746192 -0.02773161  0.01991917  0.02863606]
 [-0.03209501  0.97677267 -0.20638505  0.02938338 -0.03777405]
 [ 0.02000872  0.20902772  0.9764086  -0.00405639  0.05016806]
 [-0.01235443 -0.03296761  0.02154822  0.97935027 -0.19791242]
 [-0.03401363  0.01953296 -0.0528968   0.1989888   0.9777868 ]]",58
8,9,5,,0.7623074054718018,"[[ 0.997845   -0.04543528 -0.0071442   0.03186359  0.03427582]
 [ 0.04545676  0.9961123  -0.07280036  0.00180104 -0.0197705 ]
 [ 0.01432026  0.0721234   0.9856539  -0.15006587  0.02365787]
 [-0.03463346  0.01332055  0.14485714  0.9777416   0.14717638]
 [-0.02889053  0.01779714 -0.04638743 -0.14311916  0.9880353 ]]",58
9,10,5,,0.8439579606056213,"[[ 9.9880159e-01 -3.4699135e-02  1.4053854e-02  1.4176630e-02
   2.8160011e-02]
 [ 3.6536194e-02  9.9360478e-01 -1.0270052e-01  1.2564305e-02
  -2.6633494e-02]
 [-1.1139282e-02  1.0393325e-01  9.9412954e-01 -1.7032645e-03
   2.7881792e-02]
 [-1.6561432e-02 -9.9935709e-03  5.2482513e-04  9.9715602e-01
   7.2838165e-02]
 [-2.5734074e-02  2.5366746e-02 -3.1005170e-02 -7.2925217e-02
   9.9620014e-01]]",58
10,11,5,,1.137937068939209,"[[ 0.9595524  -0.0573558  -0.24953465 -0.0364954   0.11122068]
 [ 0.07160297  0.9311235   0.0114583   0.35738182  0.00539962]
 [ 0.22577445  0.06356891  0.9355775  -0.24243163  0.1044334 ]
 [-0.05821429 -0.22171336  0.0908979   0.57461077  0.78039366]
 [-0.14060317  0.2766255  -0.2324505  -0.6942591   0.60636634]]",58
0,1,5,,0.7959398627281189,"[[ 0.9868188   0.12409189  0.05400988 -0.06480858 -0.06060201]
 [-0.1352097   0.9828191   0.10002047 -0.07266445 -0.02237898]
 [-0.05500314 -0.11782818  0.9731331  -0.10258684 -0.15993479]
 [ 0.04226882  0.06593826  0.08976067  0.9819634  -0.14682089]
 [ 0.05563238  0.02089407  0.17898019  0.12547314  0.97400767]]",59
1,2,5,,0.8178215622901917,"[[ 0.99512845  0.04680987 -0.0749001  -0.03398617 -0.02762491]
 [-0.047865    0.9981838  -0.02020993 -0.00638125  0.02981555]
 [ 0.0713916   0.02271719  0.9940601  -0.07814929  0.01114908]
 [-0.03766709 -0.01130406 -0.07585321 -0.9948988   0.05362825]
 [-0.03021187  0.02818097  0.00850137 -0.05360222 -0.99767107]]",59
2,3,5,,0.771734893321991,"[[ 9.3285275e-01 -3.5352007e-01 -1.7070977e-02  6.6434536e-03
  -6.6886462e-02]
 [ 3.5304806e-01  9.1436893e-01  1.9379799e-01 -7.7970646e-04
   4.1572049e-02]
 [-5.0001517e-02 -1.9081430e-01  9.7841972e-01 -1.2754165e-02
   6.0181607e-02]
 [ 4.0421905e-03  1.8554357e-03 -9.3599278e-03 -9.9868363e-01
  -5.0235868e-02]
 [-5.1247861e-02  5.0393268e-02  6.8978623e-02  4.9230281e-02
  -9.9380708e-01]]",59
3,4,5,,0.7099838852882385,"[[ 0.9971664   0.02448825  0.05343648  0.01463743  0.04460724]
 [ 0.01749678 -0.992563    0.11036175 -0.03517512  0.03310039]
 [-0.05473823  0.10513647  0.98952174  0.07057307 -0.0426174 ]
 [ 0.01391085  0.03977779  0.06382222 -0.99359196 -0.08322223]
 [-0.04651089  0.03978895  0.04169294 -0.07964231  0.9940686 ]]",59
4,5,5,,0.6803781986236572,"[[ 0.990309   -0.10844842 -0.0408283   0.07560033 -0.01203361]
 [ 0.11717709  0.9728568   0.18678442 -0.04682845 -0.05232396]
 [-0.01388053  0.18066818 -0.97615254 -0.09725107 -0.06953243]
 [ 0.07129839 -0.0721585   0.08402284 -0.9912737   0.00513315]
 [ 0.01678214  0.06277484 -0.05925346 -0.0032268   0.99612063]]",59
5,6,5,,0.7447801232337952,"[[ 0.99035484  0.09021043 -0.0840577   0.04923072 -0.03962269]
 [-0.11310162  0.9581515  -0.25196603  0.03614319 -0.0660342 ]
 [-0.06007105 -0.26487026 -0.9569006  -0.02107445 -0.10065942]
 [-0.03319928 -0.02663751 -0.04963491  0.9277137   0.36752114]
 [ 0.04116474  0.0542399  -0.1064192  -0.36765882  0.9213389 ]]",59
6,7,5,,0.6915262341499329,"[[ 0.9957227  -0.08386312 -0.00441121  0.02321696  0.03073617]
 [ 0.08399412  0.9913355  -0.08832232  0.02058089 -0.04443629]
 [ 0.0132713   0.08963335  0.9927435  -0.07749494  0.01564259]
 [-0.02690601 -0.00616958  0.07630919  0.98966837  0.11820085]
 [-0.02410704  0.04635492 -0.028584   -0.11656952  0.9913953 ]]",59
7,8,5,,0.7515088319778442,"[[ 0.99901915 -0.01121369 -0.03359287  0.02092325  0.01639493]
 [ 0.00447431  0.9782149  -0.20008078  0.02706497 -0.04806956]
 [ 0.0342376   0.20324694  0.97596836 -0.0133037   0.06947834]
 [-0.01738567 -0.02851546  0.03108409  0.9867479  -0.15571396]
 [-0.02159424  0.02910911 -0.07320338  0.15805429  0.9840459 ]]",59
8,9,5,,0.736077070236206,"[[ 0.99764353 -0.05742855 -0.00343953  0.02696584  0.02589403]
 [ 0.05711484  0.9918562  -0.1131549  -0.01201717 -0.00326402]
 [ 0.0122913   0.10985764  0.9827381  -0.14066501  0.04711223]
 [-0.02805052  0.02887092  0.1307094   0.98051363  0.14102396]
 [-0.02252805 -0.00457504 -0.0657661  -0.13392104  0.98854005]]",59
9,10,5,,0.8273450136184692,"[[ 0.9963619  -0.07462649  0.00949176  0.03886456  0.00966063]
 [ 0.07469682  0.98444206 -0.1547187   0.02067162 -0.03048058]
 [ 0.00318066  0.1569862   0.9856468  -0.03375355  0.05202164]
 [-0.03963234 -0.01365859  0.03984318  0.9962157  -0.06488062]
 [-0.01012576  0.02176099 -0.05371113  0.06691175  0.99602306]]",59
10,11,5,,1.1464502811431885,"[[ 0.942378   -0.22251374 -0.22037767 -0.06196084  0.10002967]
 [ 0.24918294  0.903906    0.23359509 -0.25679517  0.01874379]
 [ 0.17665078 -0.1181035   0.8138996   0.509324    0.18166596]
 [-0.1294721  -0.14559133  0.11297582 -0.47317302  0.8516947 ]
 [-0.0431638   0.31352228 -0.47081938  0.6685158   0.48089123]]",59
0,1,5,,0.7858315110206604,"[[ 0.9863882   0.12749669  0.05170045 -0.06386578 -0.06349044]
 [-0.13918869  0.9807607   0.1145904  -0.06806036 -0.03117444]
 [-0.04987848 -0.13191667  0.97316647 -0.08743785 -0.15941067]
 [ 0.04331486  0.06128099  0.0774148   0.9853504  -0.13213624]
 [ 0.0574515   0.02637714  0.17649378  0.11281905  0.97576916]]",60
1,2,5,,0.7868213653564453,"[[ 0.9933294   0.05656596 -0.08937757 -0.03319172  0.03172957]
 [-0.05666636  0.9978882  -0.0070719  -0.00533873 -0.03048938]
 [ 0.08588704  0.01155983  0.99292296 -0.08115906  0.0026217 ]
 [-0.0386151  -0.00915402 -0.077833   -0.99554497 -0.03545784]
 [-0.03489592  0.02832062 -0.00274697 -0.03425155  0.9983985 ]]",60
2,3,5,,0.7855794429779053,"[[ 9.1885978e-01  3.8859904e-01 -3.3832837e-02  4.6127778e-03
  -5.9343483e-02]
 [ 3.9058200e-01 -9.0209079e-01  1.7951958e-01 -1.2605838e-03
   3.8066365e-02]
 [-3.6855765e-02  1.8177822e-01  9.8072761e-01  6.6183996e-03
   6.1056152e-02]
 [-6.0860481e-04 -4.0996054e-04  1.2793241e-02 -9.9522525e-01
  -9.6760206e-02]
 [ 4.2234812e-02  4.6685293e-02 -6.8100750e-02 -9.7262911e-02
   9.9092835e-01]]",60
3,4,5,,0.714011013507843,"[[ 0.9969327   0.02032172  0.05837075 -0.0211996   0.04308053]
 [-0.0145695   0.9955941  -0.08312821 -0.02513543 -0.03221785]
 [-0.0583155   0.07748459  0.98953456 -0.08220488 -0.06825806]
 [ 0.02079128  0.02803543  0.07396881  0.9908923  -0.10697096]
 [-0.04560949  0.03986884  0.07094039  0.10145731  0.9904565 ]]",60
4,5,5,,0.6990535855293274,"[[ 0.98635924 -0.13545787 -0.05830422  0.07286333  0.00617472]
 [ 0.14741433  0.9683443   0.18207441 -0.04334107 -0.07449076]
 [-0.02644261  0.17810355 -0.9769949  -0.08637291 -0.07483783]
 [-0.06808095  0.07183405 -0.07558594  0.991509    0.03743648]
 [ 0.00549501  0.0841401  -0.0567218  -0.04756127  0.9936854 ]]",60
5,6,5,,0.726143479347229,"[[ 0.98387367  0.14826877 -0.07870325  0.04629278 -0.04088784]
 [-0.16506745  0.96365404 -0.19918612  0.03097523 -0.05906864]
 [-0.04836372 -0.21372569 -0.9727034  -0.00833215 -0.07590195]
 [-0.03122237 -0.02312768 -0.02441466  0.9549911   0.29306343]
 [ 0.03783539  0.0563361  -0.08592355 -0.29123884  0.95036405]]",60
6,7,5,,0.7009604573249817,"[[ 0.99655586 -0.07619148  0.00406094  0.01312128  0.02971045]
 [ 0.07724115  0.9937293  -0.06573626  0.02032188 -0.04244608]
 [ 0.00221268  0.06771667  0.99313337 -0.09519858  0.00573621]
 [-0.01698709 -0.00848205  0.09499848  0.9904987   0.09760614]
 [-0.02483675  0.04516038 -0.01799068 -0.09625104  0.99385905]]",60
7,8,5,,0.7648273706436157,"[[ 0.99905974  0.02534996 -0.02713386  0.01713841  0.01438215]
 [-0.02986013  0.978403   -0.19714025  0.02287537 -0.04948174]
 [ 0.02100237  0.20150775  0.97647065 -0.03219764  0.06649711]
 [-0.01235913 -0.02243012  0.04947855  0.9822548  -0.17908514]
 [-0.0198485   0.03124974 -0.06675593  0.18254256  0.9802303 ]]",60
8,9,5,,0.7464634776115417,"[[ 9.9730432e-01 -6.1022080e-02  1.7335954e-03  3.1513579e-02
   2.5774186e-02]
 [ 6.0785029e-02  9.9270624e-01 -1.0401121e-01  4.5784269e-03
  -3.1594068e-04]
 [ 8.7266797e-03  1.0297855e-01  9.8072833e-01 -1.6148157e-01
   3.7615165e-02]
 [-3.4245342e-02  1.3731462e-02  1.5350099e-01  9.7523993e-01
   1.5486538e-01]
 [-2.0985624e-02 -4.1683516e-03 -6.1547078e-02 -1.4770502e-01
   9.8688269e-01]]",60
9,10,5,,0.8259616494178772,"[[ 0.9976704  -0.06276568  0.00692249  0.02146021  0.01434419]
 [ 0.06310707  0.9808723  -0.18082038  0.01447744 -0.03164526]
 [ 0.00471869  0.18202132  0.9826928  -0.02160545  0.02634789]
 [-0.02146885 -0.01050103  0.02553221  0.9977187  -0.05774435]
 [-0.01371372  0.02660778 -0.03031843  0.05848549  0.99737865]]",60
10,11,5,,1.112416386604309,"[[ 0.94202435 -0.18351185 -0.24693383  0.05052013  0.12403639]
 [ 0.20265783  0.9320644   0.0550587  -0.28760627  0.06661008]
 [ 0.20202781  0.04271162  0.86203957  0.4592259   0.05796391]
 [-0.1197311  -0.10514393  0.06847867 -0.18811198  0.9667129 ]
 [-0.12794259  0.29103234 -0.4338094   0.8175914   0.20563193]]",60
0,1,5,,0.7938408255577087,"[[ 0.98624784  0.12999876  0.05235062 -0.06543466  0.05825132]
 [-0.1411327   0.9820109   0.09747599 -0.07419232  0.02701931]
 [-0.05210452 -0.11581724  0.97472775 -0.09618477  0.15660724]
 [ 0.04333233  0.06817907  0.08454341  0.982891    0.14230801]
 [ 0.05295453  0.02632215  0.17468856  0.12201446 -0.9752432 ]]",61
1,2,5,,0.8100493550300598,"[[ 0.9952119   0.03655083 -0.07930501 -0.03426557 -0.02745588]
 [-0.03635498  0.9988501  -0.00406577 -0.00546337  0.03050361]
 [ 0.07663307  0.00621835  0.9942448  -0.07428344  0.00692795]
 [-0.03794632 -0.00898827 -0.07176904 -0.99476796  0.06136221]
 [ 0.03031436 -0.02903647 -0.00455009  0.06094941  0.9972474 ]]",61
2,3,5,,0.7746301293373108,"[[ 9.3170869e-01 -3.5810855e-01 -1.3850134e-02  1.6552402e-03
  -5.9013717e-02]
 [ 3.5650143e-01  9.1295654e-01  1.9376101e-01  4.3609617e-03
   4.3066856e-02]
 [-5.4190394e-02 -1.8954465e-01  9.7819257e-01  4.8889220e-03
   6.5203808e-02]
 [-4.3467954e-03 -7.7082607e-04 -3.0381791e-03  9.9936563e-01
  -3.5206117e-02]
 [-4.3245379e-02  4.8382275e-02  7.3449597e-02 -3.4964684e-02
  -9.9457109e-01]]",61
3,4,5,,0.7247273921966553,"[[ 0.9959919   0.04811883  0.05857561  0.00817023 -0.04676335]
 [ 0.04076229 -0.99280494  0.10615555 -0.0277252  -0.02527909]
 [-0.06194389  0.10023474  0.9895164   0.07514656  0.03641848]
 [-0.00794291 -0.03235535 -0.06821207  0.9904772  -0.11485672]
 [-0.04938005  0.03047912  0.03878641 -0.11168014 -0.99129   ]]",61
4,5,5,,0.6946118474006653,"[[ 0.9865831  -0.13715786 -0.05440377 -0.06676605  0.02058721]
 [ 0.14725225  0.9708927   0.17336018  0.05565311  0.05033019]
 [-0.02441516  0.16973887 -0.9783186   0.10377419  0.05211731]
 [ 0.06383096 -0.07294244  0.08198832  0.9809859  -0.14679797]
 [-0.01731686 -0.06650715  0.05618789  0.13907792  0.9862946 ]]",61
5,6,5,,0.7364800572395325,"[[ 0.9867578   0.13011552 -0.07261021  0.04621024 -0.04440013]
 [-0.14804147  0.95532644 -0.2414469   0.01147216 -0.08370758]
 [-0.03964577 -0.25674644 -0.9607361  -0.02936918 -0.09291387]
 [ 0.02583081 -0.00890636  0.07461191 -0.87249714 -0.48211545]
 [-0.04640858 -0.06650823  0.08860178  0.48540628 -0.8659985 ]]",61
6,7,5,,0.6971496939659119,"[[ 9.9555540e-01 -8.4733844e-02  7.1494682e-03  2.0085510e-02
   3.5142589e-02]
 [ 8.6381115e-02  9.9206275e-01 -7.9788864e-02  8.5067032e-03
  -4.3716852e-02]
 [ 5.7327939e-04  8.1637874e-02  9.9294931e-01 -8.2074590e-02
   2.5503168e-02]
 [-2.5666241e-02  7.3387348e-03  7.6315761e-02  9.8251384e-01
   1.6771987e-01]
 [-2.7360240e-02  4.3738652e-02 -4.2547096e-02 -1.6569440e-01
   9.8390722e-01]]",61
7,8,5,,0.7541133761405945,"[[ 0.99937123  0.01309625 -0.0250402   0.01796281  0.01166316]
 [-0.01719174  0.9797888  -0.19037549  0.01394003 -0.05728083]
 [ 0.02098222  0.19516997  0.97687626 -0.00287285  0.08469301]
 [-0.01382631 -0.02215236  0.02746847  0.9726024  -0.22936435]
 [-0.01817248  0.03549997 -0.08993536  0.2313421   0.9678853 ]]",61
8,9,5,,0.7430937886238098,"[[ 0.9970057  -0.06569876  0.00816954  0.03343693  0.02187883]
 [ 0.06612206  0.9908109  -0.11790452  0.0011729   0.00434139]
 [ 0.00351546  0.11610688  0.9784775  -0.15791602  0.06442957]
 [-0.03738984  0.0167652   0.13805357  0.9618328   0.23267935]
 [-0.01404616 -0.01468388 -0.09774872 -0.22095397  0.97016066]]",61
9,10,5,,0.8253311514854431,"[[ 0.99778205 -0.05869041  0.01720686  0.02417893  0.01028422]
 [ 0.06040647  0.9856932  -0.15199648  0.02245099 -0.03395534]
 [-0.00749125  0.15534085  0.98523575 -0.04014363  0.05926262]
 [-0.02492452 -0.01690074  0.04874622  0.99371916 -0.09612057]
 [-0.01023405  0.02340725 -0.05945819  0.09910624  0.9929702 ]]",61
10,11,5,,1.124664306640625,"[[ 0.9198897  -0.25349444 -0.27689192 -0.02034822  0.11162576]
 [ 0.2858827   0.9142046   0.15236232 -0.23722348  0.05487989]
 [ 0.21840249 -0.08436942  0.8226351   0.49882653  0.14009203]
 [-0.12942137 -0.11508726  0.07188299 -0.34013972  0.9214895 ]
 [-0.0873182   0.28214762 -0.4671412   0.7607812   0.34023413]]",61
0,1,5,,0.7869327068328857,"[[ 0.9874251   0.12118389  0.05030569 -0.06714495  0.05715886]
 [-0.1324282   0.9824498   0.10489941 -0.07534584  0.0239638 ]
 [-0.05053381 -0.12248417  0.9736594  -0.10379069  0.15381427]
 [ 0.0449079   0.06780215  0.09137155  0.98075867  0.15215051]
 [ 0.05370429  0.02252411  0.17350526  0.13097502 -0.9743459 ]]",62
1,2,5,,0.8015596866607666,"[[ 9.9359852e-01  5.7626769e-02 -8.3498962e-02 -3.6331546e-02
  -3.3898573e-02]
 [-5.7739232e-02  9.9785441e-01 -9.4086686e-03 -2.0646499e-03
   2.9326888e-02]
 [ 7.9864964e-02  1.3785734e-02  9.9358976e-01 -7.8797162e-02
   1.3930652e-03]
 [-4.0889487e-02 -6.4199553e-03 -7.5619951e-02 -9.9532259e-01
   4.3603003e-02]
 [ 3.7119217e-02 -2.7102824e-02 -6.4267247e-04  4.2420834e-02
   9.9804193e-01]]",62
2,3,5,,0.7713413834571838,"[[ 0.9340743  -0.35227156 -0.02023725  0.00732171 -0.05428518]
 [ 0.35133737  0.91316104  0.20153986  0.00563819  0.04526393]
 [-0.05075953 -0.19885449  0.9772105   0.0074092   0.0537132 ]
 [ 0.0052072   0.00534517  0.01355769 -0.99630183 -0.08451737]
 [-0.0382585   0.04969824  0.06203211  0.08510224 -0.99245954]]",62
3,4,5,,0.7210617065429688,"[[ 0.9954815   0.05409788  0.05925732  0.01595261 -0.04820901]
 [ 0.04726414 -0.9935928   0.09471227 -0.02489374 -0.03081093]
 [-0.06248643  0.08761448  0.9892744   0.0840778   0.0518292 ]
 [ 0.01738535  0.02774044  0.0741661  -0.98450196  0.1555107 ]
 [-0.05075322  0.03742884  0.05791159 -0.15103878 -0.98481303]]",62
4,5,5,,0.6923313140869141,"[[ 0.9847967  -0.13923751 -0.06569172 -0.08012249  0.00730551]
 [ 0.15413715  0.9644918   0.19227038  0.0669293   0.06745298]
 [-0.03275978  0.19052626 -0.9764839   0.07251304  0.06203004]
 [ 0.07166218 -0.08963582  0.05271362  0.99185646 -0.01649047]
 [-0.01444073 -0.07767668  0.04916621  0.00796376  0.99562895]]",62
5,6,5,,0.73764568567276,"[[ 0.982569    0.1571265  -0.07600518  0.04240609 -0.04790077]
 [-0.17515464  0.9519888  -0.23516628  0.01096603 -0.08726255]
 [-0.03703602 -0.2518939  -0.9632735  -0.02660039 -0.08108168]
 [ 0.02725893 -0.00383673  0.05633866 -0.92884445 -0.36512485]
 [-0.0420051  -0.07458767  0.08860037  0.36690852 -0.92206305]]",62
6,7,5,,0.695162296295166,"[[ 0.99728405 -0.06374693 -0.00358356  0.01911943  0.03134572]
 [ 0.06497996  0.9949861  -0.05182194  0.00845622 -0.05498502]
 [ 0.00732105  0.05405818  0.9948658  -0.07657128  0.03745551]
 [-0.02130306  0.00134998  0.0734399   0.9936232   0.08284923]
 [-0.02635918  0.05490887 -0.04637017 -0.08008011  0.9938446 ]]",62
7,8,5,,0.7563573718070984,"[[ 0.9989989   0.03329965 -0.0164297   0.02330605  0.00890092]
 [-0.03577904  0.97326297 -0.21940678  0.01010728 -0.0568981 ]
 [ 0.00840488  0.22374086  0.971808   -0.02182782  0.07058416]
 [-0.02027224 -0.01282038  0.03823045  0.9827406  -0.1793992 ]
 [-0.01547429  0.03776013 -0.07561976  0.1819318   0.97954947]]",62
8,9,5,,0.7544022798538208,"[[ 9.97608960e-01 -5.83012290e-02 -7.19897158e-04  3.12631167e-02
   1.99834891e-02]
 [ 5.75894751e-02  9.93216991e-01 -1.00015774e-01  3.44614335e-03
   1.37240561e-02]
 [ 9.49572306e-03  9.78837907e-02  9.82282162e-01 -1.43024310e-01
   7.06704706e-02]
 [-3.32393087e-02  9.39204823e-03  1.30057558e-01  9.77553010e-01
   1.62117526e-01]
 [-1.62697732e-02 -2.12472696e-02 -9.05705690e-02 -1.51475787e-01
   9.83938932e-01]]",62
9,10,5,,0.8362196683883667,"[[ 0.99853754 -0.03996137  0.01710857  0.03091107  0.00880599]
 [ 0.04205643  0.98818916 -0.14026588  0.00917388 -0.04421167]
 [-0.01051668  0.14293431  0.9881567  -0.03454022  0.04257479]
 [-0.03080925 -0.00683195  0.03978498  0.9934785  -0.1020872 ]
 [-0.00970064  0.03752718 -0.04468093  0.10376824  0.992841  ]]",62
10,11,5,,1.1159588098526,"[[ 0.9351993  -0.1524912  -0.29425862  0.04394799  0.11674371]
 [ 0.19570903  0.9284608   0.13426912 -0.27246204  0.08599296]
 [ 0.23517984 -0.05135886  0.86366326  0.43869272  0.06072193]
 [-0.12640326 -0.10309091  0.0217003  -0.12249906  0.97873265]
 [-0.12574914  0.31849888 -0.38600326  0.8463899   0.13180064]]",62
0,1,5,,0.7974631190299988,"[[ 0.9855577   0.13616864  0.05422528 -0.06535455  0.05406108]
 [-0.14672627  0.9818317   0.0941546  -0.07214351  0.02020018]
 [-0.05370754 -0.11233412  0.97376066 -0.10403497  0.15957287]
 [ 0.04301232  0.06687702  0.0915966   0.9822618   0.14300062]
 [ 0.04912165  0.01931419  0.17774926  0.12191206 -0.9750675 ]]",63
1,2,5,,0.8294721245765686,"[[ 0.9955981   0.03353836 -0.07614023 -0.03350196 -0.02720211]
 [-0.03415605  0.99895614 -0.01368566 -0.00542012  0.02651655]
 [ 0.07330476  0.01543977  0.99433607 -0.0746273   0.01070172]
 [-0.03689008 -0.00939894 -0.07248031 -0.9944629   0.06588469]
 [ 0.0297219  -0.02519698 -0.00759652  0.06574509  0.9970464 ]]",63
2,3,5,,0.7726453542709351,"[[ 9.4525051e-01 -3.2095081e-01 -3.7055118e-03  1.4132564e-03
   5.8960587e-02]
 [ 3.1843692e-01  9.2612177e-01  1.9555569e-01 -9.8498166e-04
  -5.1510505e-02]
 [-5.7040382e-02 -1.9024767e-01  9.7813070e-01  1.4502226e-02
  -6.0018040e-02]
 [-8.1424101e-04  4.9244608e-03 -1.2987773e-02  9.9978954e-01
   1.5079019e-02]
 [-4.2955313e-02  5.5412516e-02  6.9540121e-02 -1.4411469e-02
   9.9500793e-01]]",63
3,4,5,,0.7401872873306274,"[[ 0.9935193   0.09197871  0.05162077  0.00724596 -0.04173785]
 [ 0.08512966 -0.9898453   0.10820211 -0.02463369 -0.02539107]
 [-0.06069035  0.10101693  0.99064416  0.06720342  0.01483373]
 [-0.00678193 -0.02869732 -0.06263054  0.98903733 -0.13043343]
 [ 0.04407913 -0.02679997 -0.01814103  0.12895492  0.99014163]]",63
4,5,5,,0.6959069967269897,"[[ 0.9870702  -0.13592422 -0.05434566 -0.05801895  0.0299574 ]
 [ 0.14621401  0.96959555  0.18012932  0.06738995  0.03896064]
 [-0.02464883  0.17623809 -0.9774198   0.10551431  0.04300995]
 [ 0.05678417 -0.08110875  0.07822286  0.96575594 -0.22670138]
 [-0.02195317 -0.0614049   0.05596177  0.21971463  0.9717722 ]]",63
5,6,5,,0.7432894110679626,"[[ 0.98913544  0.11711511 -0.06171072  0.04325634 -0.04707265]
 [-0.13359925  0.9522167  -0.25706005  0.0050583  -0.09658766]
 [-0.03034656 -0.27178842 -0.95663494 -0.03659751 -0.09338337]
 [ 0.01953531 -0.02276586  0.0902284  -0.8391395  -0.5355407 ]
 [-0.04959642 -0.07197379  0.08258589  0.5409334  -0.8324246 ]]",63
6,7,5,,0.7004610300064087,"[[ 0.99600464 -0.07501647  0.00802239  0.02571222  0.04027193]
 [ 0.07711729  0.9925288  -0.08261672  0.00571102 -0.04562092]
 [-0.00125451  0.08510062  0.9923194  -0.0791284   0.04239308]
 [-0.03306282  0.01195968  0.06808958  0.9761347   0.20319594]
 [-0.03054459  0.04328812 -0.06144989 -0.20051417  0.97632533]]",63
7,8,5,,0.7542068958282471,"[[ 0.99933547  0.01179055 -0.02110119  0.02494232  0.01105953]
 [-0.01530629  0.97677743 -0.20439123  0.00615119 -0.06211304]
 [ 0.0167296   0.20926097  0.9739911   0.01781316  0.08339094]
 [-0.0195009  -0.02336173  0.01538158  0.94700396 -0.31940717]
 [-0.02083895  0.03782827 -0.09425379  0.31969726  0.9418305 ]]",63
8,9,5,,0.7426004409790039,"[[ 9.9728757e-01 -6.1113909e-02  8.1497501e-04  3.6469229e-02
   1.8761506e-02]
 [ 6.0389549e-02  9.8801178e-01 -1.4175519e-01  2.7224582e-03
   9.1550285e-03]
 [ 1.1109694e-02  1.3924874e-01  9.7788203e-01 -1.3350020e-01
   8.0068052e-02]
 [-3.9483488e-02  1.2309944e-02  1.0554558e-01  9.5239896e-01
   2.8299457e-01]
 [-9.3971547e-03 -2.3579942e-02 -1.1185595e-01 -2.7161846e-01
   9.5554560e-01]]",63
9,10,5,,0.8265711665153503,"[[ 0.99799275 -0.05151104  0.02087056  0.02759088  0.01266079]
 [ 0.05347208  0.98859686 -0.13162425  0.02955106 -0.04023413]
 [-0.01399552  0.13607945  0.9871988  -0.02262828  0.07882176]
 [-0.02803451 -0.02834476  0.03613983  0.99079263 -0.12423573]
 [-0.01301713  0.02649217 -0.0798235   0.127214    0.9882174 ]]",63
10,11,5,,1.141330599784851,"[[ 0.8844694  -0.28563052 -0.35294414 -0.06600196  0.08487219]
 [ 0.37012938  0.83700454  0.30227193 -0.2663995   0.00952179]
 [ 0.24135791 -0.25850698  0.79261935  0.43128476  0.24630977]
 [-0.145454   -0.12720451  0.03596454 -0.53149915  0.82394016]
 [-0.0361613   0.3671945  -0.3930944   0.6754089   0.5031503 ]]",63
0,1,5,,0.790835976600647,"[[ 0.9860859   0.12853892  0.05578643 -0.06397036 -0.0625151 ]
 [-0.13987209  0.9815942   0.10922654 -0.06707218 -0.02189635]
 [-0.05514896 -0.1262165   0.9720789  -0.09552651 -0.1642111 ]
 [ 0.04268817  0.0609776   0.08456995  0.98464155 -0.13337299]
 [ 0.05662886  0.01736764  0.1812953   0.1129813   0.97511995]]",64
1,2,5,,0.8011727333068848,"[[ 0.99426776  0.05326757 -0.08287361 -0.02997961  0.02876329]
 [-0.05514655  0.9975666  -0.02879838 -0.00640961 -0.03081175]
 [ 0.07884681  0.03221028  0.99296683 -0.08170042 -0.00935876]
 [-0.03471309 -0.01193746 -0.07915255 -0.9952431  -0.0433422 ]
 [-0.03112248  0.02904315  0.00737254 -0.04331696  0.9981268 ]]",64
2,3,5,,0.7737134695053101,"[[ 9.3613225e-01 -3.4447217e-01 -2.5802469e-02  1.0299447e-02
  -6.4988710e-02]
 [ 3.4596902e-01  9.1744763e-01  1.9080973e-01  7.8981807e-03
   4.6093322e-02]
 [-3.9705206e-02 -1.9136931e-01  9.7925568e-01 -9.8908122e-04
   5.3465657e-02]
 [ 8.5012009e-03  8.3576115e-03  5.4451535e-03 -9.9655116e-01
  -8.1939496e-02]
 [ 4.8095051e-02 -5.4191630e-02 -6.2884867e-02 -8.1953727e-02
   9.9200767e-01]]",64
3,4,5,,0.7030655741691589,"[[ 0.9973195   0.03702864  0.04539239 -0.02350968  0.03700688]
 [ 0.03196318 -0.9939873   0.09225485  0.03026934  0.03924778]
 [-0.04792716  0.08601239  0.99091893 -0.07248504 -0.05594927]
 [ 0.0213132   0.03488343  0.06741572  0.99509084 -0.0598175 ]
 [-0.03976041  0.04475619  0.05443568  0.05541752  0.99517924]]",64
4,5,5,,0.6816515326499939,"[[ 0.99008274 -0.10744563 -0.04669078  0.07740977  0.00439647]
 [ 0.11846312  0.96952116  0.19877824 -0.04579774 -0.06621878]
 [-0.01774644  0.19201505 -0.9737434  -0.08918537 -0.08176176]
 [-0.07309444  0.07627603 -0.07952896  0.9892063   0.06312702]
 [ 0.0067056   0.07613328 -0.0616932  -0.07366802  0.99243426]]",64
5,6,5,,0.7489843368530273,"[[ 0.989984    0.1009362  -0.08074525  0.04514498 -0.0344345 ]
 [-0.11975756  0.96700174 -0.21620719  0.04553914 -0.04179065]
 [-0.05869484 -0.22736178 -0.96795905 -0.0036212  -0.08890285]
 [-0.03090426 -0.04051267 -0.01878657  0.9555958   0.28963327]
 [ 0.03449184  0.03721441 -0.09714431 -0.28759646  0.95146024]]",64
6,7,5,,0.7070075869560242,"[[ 9.9652272e-01 -7.4680880e-02 -3.4960457e-03  1.5667340e-02
   3.3282168e-02]
 [ 7.4939124e-02  9.9219102e-01 -8.5819781e-02  3.0291604e-02
  -4.0726375e-02]
 [ 1.1456783e-02  8.7737329e-02  9.9192709e-01 -9.0835638e-02
   7.9150370e-04]
 [-1.9773012e-02 -1.6744588e-02  9.2342518e-02  9.9056798e-01
   9.7859807e-02]
 [-2.8364126e-02  4.4740032e-02 -1.3282736e-02 -9.6751660e-02
   9.9380910e-01]]",64
7,8,5,,0.7649559378623962,"[[ 0.9988567   0.00483341 -0.03567094  0.01913849  0.02496357]
 [-0.01172596  0.9767393  -0.20805687  0.03030336 -0.04045868]
 [ 0.03265728  0.211508    0.9742016  -0.02803907  0.06589956]
 [-0.01267326 -0.02795723  0.04659821  0.98306024 -0.17458248]
 [-0.03034195  0.02097032 -0.06480433  0.17754403  0.9812839 ]]",64
8,9,5,,0.7411389350891113,"[[ 0.9977359  -0.05463164 -0.00193444  0.02839505  0.02698745]
 [ 0.05450214  0.9922023  -0.11164083 -0.00627427 -0.00781513]
 [ 0.01145669  0.10900541  0.98091036 -0.1572327   0.03285142]
 [-0.0297884   0.02574705  0.14987205  0.9787419   0.13435936]
 [-0.02310576  0.00221036 -0.05371905 -0.12843893  0.9899894 ]]",64
9,10,5,,0.8329843282699585,"[[ 0.9968836  -0.06872264  0.00275969  0.03239891  0.02104934]
 [ 0.06825501  0.9834284  -0.16389169  0.01987842 -0.03089001]
 [ 0.00819699  0.16511427  0.98539233 -0.01142487  0.03926311]
 [-0.03222333 -0.01711601  0.01734837  0.9969621  -0.06659111]
 [-0.02142206  0.02429174 -0.04281315  0.067017    0.9963065 ]]",64
10,11,5,,1.1313135623931885,"[[ 0.9494829  -0.18161978 -0.2222915   0.00754136  0.12659387]
 [ 0.20329194  0.9194323   0.13415897 -0.30496886  0.04808405]
 [ 0.18355882 -0.01327963  0.85784906  0.47269118  0.08238895]
 [-0.12565453 -0.12974727  0.09280556 -0.28647384  0.93632066]
 [-0.08758762  0.32349318 -0.43367037  0.77552116  0.31333292]]",64
0,1,5,,0.7953287363052368,"[[ 0.98685807  0.12258063  0.05211506 -0.06696256 -0.06233074]
 [-0.13412155  0.98229283  0.10220156 -0.07872202 -0.02167758]
 [-0.05371589 -0.12064298  0.9724608  -0.10754739 -0.15910178]
 [ 0.04231584  0.07095178  0.09245287  0.9785587  -0.16447051]
 [ 0.05870679  0.02204351  0.18058594  0.1420397   0.9712266 ]]",65
1,2,5,,0.8162842988967896,"[[ 0.9935222   0.07178888 -0.07238249 -0.0397452  -0.0306749 ]
 [-0.07300882  0.99663186 -0.02370884 -0.00377767  0.02860584]
 [ 0.06754454  0.02806665  0.99423695 -0.07793716  0.00828599]
 [-0.04288749 -0.01023371 -0.07522053 -0.99476075  0.05337402]
 [-0.03437453  0.02605471  0.00577906 -0.05275253 -0.99765897]]",65
2,3,5,,0.7754712104797363,"[[ 9.1826695e-01 -3.8921538e-01 -2.4885831e-02 -7.4871052e-03
  -6.7985363e-02]
 [ 3.8875571e-01  8.9904922e-01  1.9906405e-01  7.5778586e-04
   3.0862505e-02]
 [-5.2023508e-02 -1.9599922e-01  9.7729868e-01  4.3068286e-03
   6.1208788e-02]
 [ 4.4688019e-03 -9.1471343e-04 -1.6025568e-03  9.9902689e-01
  -4.3838240e-02]
 [-5.4115988e-02  4.2490587e-02  6.8108946e-02 -4.3243337e-02
  -9.9436277e-01]]",65
3,4,5,,0.7113694548606873,"[[ 0.9972653   0.0052615   0.05622321  0.01222426 -0.04608566]
 [-0.00196149 -0.99322677  0.10671617 -0.03100144 -0.03387199]
 [-0.05499367  0.10197224  0.9884145   0.0844355   0.04984843]
 [-0.01162646 -0.03630207 -0.07730841  0.9924908  -0.08678874]
 [-0.04794515  0.04191327  0.05010872 -0.08198792 -0.9933336 ]]",65
4,5,5,,0.6778937578201294,"[[ 0.9910397  -0.10284695 -0.03619059  0.07495049 -0.01831608]
 [ 0.1104672   0.9761441   0.17401114 -0.0488326  -0.04769859]
 [-0.01214322  0.1677807  -0.9787359  -0.09769852 -0.06506208]
 [ 0.07087163 -0.07194651  0.08469718 -0.9911549   0.01546683]
 [-0.02161152 -0.05690779  0.05755557 -0.0080457  -0.99645215]]",65
5,6,5,,0.7465908527374268,"[[ 0.9891295   0.09851002 -0.08812584  0.04287975 -0.0481022 ]
 [-0.12183457  0.95913416 -0.244798    0.0290041  -0.06671454]
 [-0.06220523 -0.25746703 -0.9599601  -0.038977   -0.08245308]
 [-0.02805146 -0.02451435 -0.05749607  0.94476724  0.32050177]
 [ 0.04607433  0.05888417 -0.08647808 -0.3212723   0.9400614 ]]",65
6,7,5,,0.691250741481781,"[[ 0.99663085 -0.07235035 -0.00861405  0.02305421  0.02977846]
 [ 0.07232244  0.9932123  -0.07335652  0.02494968 -0.0479077 ]
 [ 0.01499677  0.07461278  0.9951562  -0.06059635  0.01414889]
 [-0.02717359 -0.01211384  0.05967265  0.9890636   0.13155645]
 [-0.02309073  0.05080321 -0.02545319 -0.13010453  0.9896013 ]]",65
7,8,5,,0.7530338168144226,"[[ 0.99910647 -0.00754468 -0.02971235  0.02440493  0.01583752]
 [ 0.00137274  0.97703135 -0.20671828  0.02393055 -0.0458549 ]
 [ 0.03009353  0.20992954  0.9746142  -0.02434171  0.06751713]
 [-0.02022954 -0.02322317  0.0420994   0.98374695 -0.17181695]
 [-0.02166636  0.02725835 -0.068844    0.17458862  0.9816145 ]]",65
8,9,5,,0.7342531681060791,"[[ 0.99793327 -0.05258636 -0.00533201  0.02591915  0.02576195]
 [ 0.05223978  0.9942064  -0.09320103 -0.01161962 -0.00178154]
 [ 0.01181917  0.09050733  0.98649144 -0.12402426  0.05586863]
 [-0.02721029  0.02385486  0.11400416  0.9833226   0.13700463]
 [-0.02280674 -0.00525845 -0.07157359 -0.12995322  0.9886564 ]]",65
9,10,5,,0.8380377292633057,"[[ 9.9655116e-01 -7.0349291e-02  8.6842021e-03  4.3134216e-02
  -9.1046997e-04]
 [ 7.0706584e-02  9.8196125e-01 -1.7246987e-01  2.0053689e-03
  -3.1665493e-02]
 [ 5.2935556e-03  1.7370303e-01  9.8328531e-01 -3.6109511e-02
   4.0562436e-02]
 [-4.3053649e-02  4.4124643e-03  4.0736388e-02  9.9118483e-01
  -1.1840648e-01]
 [-2.1845077e-03  2.4713758e-02 -4.0856361e-02  1.1993395e-01
   9.9163049e-01]]",65
10,11,5,,1.1533570289611816,"[[ 0.94536865 -0.19236748 -0.2444694  -0.02898475  0.09309892]
 [ 0.23705529  0.88823026  0.2715162  -0.2796561   0.05406674]
 [ 0.18876141 -0.12651561  0.7982954   0.5505301   0.08946542]
 [-0.11249664 -0.10192271  0.03707069 -0.19592673  0.96808815]
 [-0.04238458  0.38424906 -0.47735098  0.76123697  0.20787153]]",65
0,1,5,,0.7916945219039917,"[[ 0.9853639   0.13456257  0.05190576 -0.06539584 -0.06308775]
 [-0.14612684  0.98009646  0.10945649 -0.07370178 -0.02540317]
 [-0.0507458  -0.12779166  0.9720107  -0.09915528 -0.16265805]
 [ 0.04184872  0.06655598  0.08573596  0.9816062  -0.151386  ]
 [ 0.05812455  0.0233143   0.18212545  0.13003477  0.9726249 ]]",66
1,2,5,,0.7974245548248291,"[[ 0.99395716  0.05683281 -0.08145089 -0.03623332  0.02953309]
 [-0.0580868   0.9976932  -0.02029482 -0.00580743 -0.02808362]
 [ 0.0773076   0.02409951  0.99354357 -0.07928078 -0.00534   ]
 [-0.04055731 -0.01097438 -0.07623208 -0.995183   -0.0451021 ]
 [-0.03246278  0.02602259  0.00370975 -0.04448411  0.99813646]]",66
2,3,5,,0.7790467739105225,"[[ 9.2184198e-01 -3.8070068e-01 -2.8292309e-02 -2.8244595e-03
  -6.6828676e-02]
 [ 3.8185376e-01  9.0476871e-01  1.8541615e-01  3.0222021e-03
   3.4541380e-02]
 [-4.2011235e-02 -1.8543583e-01  9.7979814e-01  3.0989465e-03
   6.1924074e-02]
 [-6.7252142e-04 -1.2372138e-03 -6.3018576e-04  9.9902219e-01
  -4.4184819e-02]
 [ 5.1281869e-02 -4.5526717e-02 -6.9394477e-02  4.3908585e-02
   9.9426049e-01]]",66
3,4,5,,0.7111976146697998,"[[ 0.9972443   0.02068512  0.05416703  0.0142014   0.04404898]
 [ 0.01430563 -0.99436736  0.09701142 -0.02469854  0.03174386]
 [-0.05474089  0.09212401  0.9894983   0.08433303 -0.04793306]
 [-0.01290771 -0.02987155 -0.07855199  0.9929389   0.0827231 ]
 [-0.04621806  0.03776969  0.04875778 -0.07841356  0.9939373 ]]",66
4,5,5,,0.6873655915260315,"[[ 0.9904231  -0.11123941 -0.04287312 -0.06787052 -0.01560253]
 [ 0.11940306  0.97599584  0.167904    0.04850472 -0.05129004]
 [-0.01774856  0.16181302 -0.9786349   0.10851896 -0.06323727]
 [ 0.06491528 -0.0699314   0.09304425  0.9892309   0.06050284]
 [ 0.01661509  0.06312022 -0.05988903 -0.0518337   0.99471915]]",66
5,6,5,,0.7364110350608826,"[[ 0.98812157  0.11419095 -0.08182684  0.0433751  -0.04471164]
 [-0.13340321  0.96510106 -0.21540436  0.03237817 -0.05775962]
 [-0.0562416  -0.22771552 -0.96868026 -0.02622127 -0.07715899]
 [ 0.02520061  0.02304574  0.04774074 -0.9268754  -0.37075165]
 [ 0.04495695  0.05616899 -0.07927597 -0.3705197   0.92263454]]",66
6,7,5,,0.7000443339347839,"[[ 9.9619746e-01 -7.7731073e-02 -4.5372953e-04  1.8533908e-02
   3.4708604e-02]
 [ 7.8199036e-02  9.9327028e-01 -7.3921926e-02  2.5379114e-02
  -3.4505446e-02]
 [ 7.6135895e-03  7.5572044e-02  9.9401414e-01 -7.8332588e-02
   5.5459263e-03]
 [-2.4470456e-02 -1.2243416e-02  7.7924773e-02  9.8525608e-01
   1.4983150e-01]
 [-2.8612232e-02  3.8873054e-02 -1.9973254e-02 -1.4881817e-01
   9.8748386e-01]]",66
7,8,5,,0.752178430557251,"[[ 0.99910164  0.00267947 -0.03233561  0.02099151  0.01739649]
 [-0.00856865  0.9800371  -0.19203784  0.02397949 -0.04472435]
 [ 0.03026005  0.19550303  0.9774693  -0.01852258  0.07122903]
 [-0.01466742 -0.02674225  0.04193734  0.9683744  -0.24405305]
 [-0.02432743  0.02415532 -0.06979182  0.24676332  0.9659512 ]]",66
8,9,5,,0.730507493019104,"[[ 0.9976618  -0.05517136 -0.00475722  0.03105158  0.02530215]
 [ 0.05457095  0.99256724 -0.10866083 -0.00348552 -0.00358675]
 [ 0.01340726  0.10663967  0.98336643 -0.13561544  0.05520133]
 [-0.03310685  0.01937525  0.12334181  0.9765164   0.17242685]
 [-0.02042314 -0.00434465 -0.07711998 -0.16446212  0.98314226]]",66
9,10,5,,0.8274322152137756,"[[ 0.99675506 -0.0721662   0.00538832  0.0346759   0.00631556]
 [ 0.07165752  0.977864   -0.19382767  0.01105457 -0.03091495]
 [ 0.00914357  0.19502586  0.9797408  -0.01672442  0.04134889]
 [-0.03364621 -0.00945276  0.02725598  0.97925806 -0.19770999]
 [-0.01134975  0.02120113 -0.04203643  0.19861828  0.9788797 ]]",66
10,11,5,,1.1414284706115723,"[[ 0.9352809  -0.21545993 -0.25828758 -0.01813679  0.10855926]
 [ 0.24752507  0.9016324   0.19464211 -0.2876094   0.07201134]
 [ 0.20785187 -0.05904886  0.7985312   0.55540484  0.08475979]
 [-0.13447534 -0.07053613 -0.00791542 -0.09591593  0.9837065 ]
 [-0.05191205  0.36355728 -0.50762904  0.77413017  0.09036878]]",66
0,1,5,,0.7870072722434998,"[[ 0.9856666   0.13214666  0.05333651 -0.06428025 -0.06341902]
 [-0.1439609   0.9804809   0.10861919 -0.07253161 -0.02955629]
 [-0.05224302 -0.12737346  0.97234476 -0.09577924 -0.16253784]
 [ 0.04190825  0.06538217  0.08458938  0.98370475 -0.13834196]
 [ 0.05701823  0.026376    0.1809621   0.11729681  0.97444725]]",67
1,2,5,,0.7950527667999268,"[[ 9.9465317e-01  3.1433590e-02 -8.6911030e-02 -3.4023415e-02
  -3.1080104e-02]
 [-3.1455386e-02  9.9906796e-01 -5.0030802e-03 -9.0666646e-03
   2.7684961e-02]
 [ 8.3927743e-02  6.9061988e-03  9.9340546e-01 -7.7807046e-02
   1.7495688e-04]
 [-3.8658828e-02 -1.1973647e-02 -7.4606627e-02 -9.9519747e-01
   4.8764933e-02]
 [-3.3724684e-02  2.6153358e-02 -9.0355717e-04 -4.7836293e-02
  -9.9794263e-01]]",67
2,3,5,,0.7854947447776794,"[[ 0.9228082  -0.37997758 -0.02406954  0.00263978 -0.0587858 ]
 [ 0.38005048  0.90455705  0.18843764 -0.01036995  0.04149561]
 [-0.04745112 -0.18688683  0.9792516   0.00279567  0.06229043]
 [-0.00428005 -0.00780444  0.00520292 -0.99791694 -0.06368293]
 [-0.04143331  0.04905087  0.07036385  0.06355701 -0.9934216 ]]",67
3,4,5,,0.7239285707473755,"[[ 0.996549    0.03573813  0.0583929   0.01353365 -0.04494294]
 [ 0.02971415 -0.9952564   0.08604741 -0.02106511 -0.02709082]
 [-0.05960137  0.08035029  0.9893511   0.09031771  0.05494253]
 [ 0.01364024  0.02480997  0.0816951  -0.98761463  0.13092627]
 [-0.04763049  0.03340402  0.06079863 -0.12582998 -0.9884766 ]]",67
4,5,5,,0.6981447339057922,"[[ 0.9852884  -0.14578259 -0.05829936 -0.06689139  0.00900493]
 [ 0.15668668  0.96786845  0.17737329  0.05293489  0.06645723]
 [-0.02646279  0.17421848 -0.9780837   0.09142383  0.06278079]
 [ 0.06130333 -0.07360369  0.07403452  0.9908638  -0.05943266]
 [-0.01406509 -0.07879418  0.05487162  0.05053788  0.99399626]]",67
5,6,5,,0.7340602874755859,"[[ 0.9846133   0.14498565 -0.0736725   0.04404103 -0.04635119]
 [-0.1621868   0.9589456  -0.21733992  0.02103504 -0.08024746]
 [-0.04095717 -0.23231739 -0.9687397  -0.01847872 -0.07451889]
 [ 0.02597642  0.00250897  0.04566009 -0.9203924  -0.38744286]
 [-0.04335546 -0.07365327  0.08242748  0.38749757 -0.9141919 ]]",67
6,7,5,,0.6987156867980957,"[[ 0.99634105 -0.07728179  0.00710801  0.01674482  0.03164078]
 [ 0.07858619  0.9940956  -0.06116744  0.01459405 -0.04054116]
 [-0.00123599  0.06329177  0.9937801  -0.08986802  0.01781906]
 [-0.02147716 -0.0021917   0.08711528  0.9876124   0.12871094]
 [-0.02580589  0.04231655 -0.03193903 -0.12669657  0.99018747]]",67
7,8,5,,0.7629889249801636,"[[ 0.9994952   0.01388864 -0.01860992  0.01865488  0.01104882]
 [-0.01704665  0.9773052  -0.20333652  0.01533144 -0.05480197]
 [ 0.01500192  0.20761134  0.97502255 -0.02837488  0.07209994]
 [-0.01446106 -0.01803871  0.0491979   0.9722002  -0.22775392]
 [-0.0168682   0.03540992 -0.07223964  0.23116791  0.9694351 ]]",67
8,9,5,,0.7466398477554321,"[[ 0.9971078  -0.06444091  0.00273482  0.03484215  0.02004828]
 [ 0.06386787  0.9913938  -0.11355227  0.01039984  0.00755067]
 [ 0.00850742  0.11270645  0.97950065 -0.15170889  0.06919304]
 [-0.03756563  0.00661356  0.13767402  0.973396    0.17914014]
 [-0.01460696 -0.01546853 -0.09339513 -0.1678169   0.9811535 ]]",67
9,10,5,,0.8275762796401978,"[[ 0.99781954 -0.06126936  0.00846167  0.02261874  0.00435672]
 [ 0.06162597  0.98104995 -0.18009013  0.01274274 -0.03388965]
 [ 0.00324965  0.1818473   0.98210394 -0.02614257  0.04134518]
 [-0.02249389 -0.01089628  0.03568709  0.9833871  -0.17621438]
 [-0.00646748  0.02449491 -0.041161    0.17774242  0.98288935]]",67
10,11,5,,1.1096570491790771,"[[ 0.9222229  -0.25236756 -0.26862732  0.03913857  0.11010442]
 [ 0.2723851   0.9213069   0.07879227 -0.24281323  0.10878115]
 [ 0.219597   -0.00513541  0.836062    0.50264376  0.01001713]
 [-0.1450664  -0.03933542 -0.04233401  0.1138374   0.981151  ]
 [-0.07774364  0.29313895 -0.46993542  0.82091427 -0.11526486]]",67
0,1,5,,0.7852593064308167,"[[ 0.98616415  0.13104983  0.05519767 -0.06309393 -0.05725903]
 [-0.14181362  0.98135716  0.11233924 -0.06164819 -0.02015967]
 [-0.05246875 -0.1277347   0.97310114 -0.08609619 -0.16307196]
 [ 0.04464342  0.05721192  0.0783593   0.9878246  -0.11312023]
 [ 0.05121695  0.0132173   0.176825    0.09491421  0.9782261 ]]",68
1,2,5,,0.8016969561576843,"[[ 0.9936967   0.05400575 -0.08705591 -0.03021721  0.0340346 ]
 [-0.05443244  0.9980386  -0.011065   -0.00616642 -0.02820864]
 [ 0.08353742  0.01507291  0.9927775  -0.08476787  0.00119939]
 [-0.03549439 -0.01013083 -0.08178122 -0.99514997 -0.04032318]
 [-0.03695317  0.02593515 -0.00184091 -0.03924178  0.9982076 ]]",68
2,3,5,,0.765066921710968,"[[ 9.4373304e-01  3.2537821e-01 -2.1854101e-02  8.8344580e-03
  -5.4234780e-02]
 [ 3.2662091e-01 -9.2596555e-01  1.8070357e-01  7.2046039e-03
   5.6577388e-02]
 [-3.7020672e-02  1.8146060e-01  9.8148507e-01 -6.5991847e-04
   4.8868496e-02]
 [ 6.6575129e-03 -1.0956655e-02  7.3167947e-03 -9.9329776e-01
  -1.1463693e-01]
 [ 3.5664722e-02  6.0571708e-02 -5.9178714e-02 -1.1501800e-01
   9.8910451e-01]]",68
3,4,5,,0.713726818561554,"[[ 0.99331784  0.09430403  0.05070028  0.02431944  0.03556053]
 [-0.08903901  0.99117035 -0.08802061  0.02697185 -0.03432452]
 [-0.05809849  0.0790133   0.99109334  0.07449402 -0.05065665]
 [ 0.02304887  0.02986163  0.0658949  -0.9869496  -0.14200482]
 [-0.03853733  0.03941019  0.05544097 -0.13806592  0.98733264]]",68
4,5,5,,0.6897732019424438,"[[ 0.9850376  -0.1383482  -0.0677283   0.0764787   0.0111649 ]
 [ 0.15512092  0.95922774  0.21097718 -0.06342084 -0.08535814]
 [-0.03183271  0.207957   -0.97248113 -0.06375482 -0.0771779 ]
 [ 0.06793287 -0.09134477  0.04718903 -0.9911169  -0.05001688]
 [ 0.00320958  0.09566554 -0.05436205 -0.06124834  0.99203384]]",68
5,6,5,,0.7334887981414795,"[[ 0.9866702   0.13754961 -0.06532477  0.04650559 -0.03364209]
 [-0.15225689  0.961859   -0.21240488  0.034047   -0.07328157]
 [-0.0358339  -0.22647618 -0.9696725   0.00704391 -0.08432116]
 [-0.03153948 -0.01615552 -0.01796076  0.9389417   0.34177512]
 [ 0.03195015  0.06599256 -0.10014717 -0.33914152  0.9325115 ]]",68
6,7,5,,0.6965072154998779,"[[ 0.99758303 -0.05871613  0.00196054  0.01765967  0.03263205]
 [ 0.06018999  0.9942296  -0.06628687  0.01732544 -0.05648444]
 [ 0.0030662   0.06885402  0.99299026 -0.09365559  0.02118181]
 [-0.01956322 -0.00760981  0.09352853  0.99457055  0.04051147]
 [-0.02851641  0.05710585 -0.02872173 -0.0380262   0.99682236]]",68
7,8,5,,0.7632591128349304,"[[ 0.9990133   0.03088746 -0.01631949  0.02297912  0.01497025]
 [-0.03329591  0.9715045  -0.22713919  0.01713575 -0.05643152]
 [ 0.00820329  0.23103881  0.9709468  -0.01643056  0.05954928]
 [-0.01791257 -0.02218576  0.03525015  0.9750807  -0.21716797]
 [-0.02181137  0.03679433 -0.06450725  0.21937627  0.97256535]]",68
8,9,5,,0.7550488710403442,"[[ 0.997449   -0.05557553 -0.00846385  0.03533936  0.0261952 ]
 [ 0.05399194  0.9923968  -0.11028568  0.00744063  0.00390798]
 [ 0.01806487  0.10897771  0.9816814  -0.1448228   0.05590662]
 [-0.03716062  0.00904439  0.13477045  0.9772303   0.15935874]
 [-0.0217476  -0.01010508 -0.07683761 -0.15080822  0.9852806 ]]",68
9,10,5,,0.8276721239089966,"[[ 0.9988286  -0.0379805   0.01213685  0.01753383  0.02107739]
 [ 0.039745    0.9891679  -0.1340569   0.01960667 -0.0401437 ]
 [-0.00743797  0.13631372  0.98975104 -0.01371983  0.03959672]
 [-0.01760883 -0.01828047  0.01781266  0.99873567 -0.03956651]
 [-0.01991112  0.03447804 -0.04423842  0.0405827   0.9974021 ]]",68
10,11,5,,1.1345473527908325,"[[ 0.92857176 -0.17823592 -0.30266356  0.01971108  0.11829079]
 [ 0.21554463  0.9147605   0.11575241 -0.31949764  0.0357275 ]
 [ 0.25083265 -0.04039202  0.87479013  0.38660583  0.14397827]
 [-0.11728214 -0.15280555  0.05445487 -0.39671746  0.89584893]
 [-0.12092539  0.3262885  -0.35605216  0.7685597   0.40181562]]",68
0,1,5,,0.7910398840904236,"[[ 0.98678625  0.12111972  0.05448688 -0.06463687 -0.06660496]
 [-0.13298017  0.9819682   0.11013526 -0.07341319 -0.02313917]
 [-0.05590587 -0.12823048  0.97061974 -0.10589642 -0.16466591]
 [ 0.04095448  0.06497372  0.09224001  0.9811051  -0.15174213]
 [ 0.06137168  0.02009476  0.18517725  0.12903982  0.9720534 ]]",69
1,2,5,,0.8059941530227661,"[[ 0.9946106   0.04858844 -0.07929154 -0.03444878  0.03024824]
 [-0.05031456  0.99793047 -0.02687187 -0.00832118 -0.02849251]
 [ 0.07512491  0.02963696  0.9933183  -0.08210053 -0.00749052]
 [-0.03894795 -0.01350107 -0.07920393 -0.99525267 -0.03872614]
 [-0.03251778  0.02670683  0.00601589 -0.03841545  0.99835736]]",69
2,3,5,,0.7823024392127991,"[[ 9.2178673e-01 -3.7991118e-01 -2.8769376e-02  1.4062979e-02
  -7.0365205e-02]
 [ 3.8113621e-01  9.0326267e-01  1.9367222e-01 -1.2788958e-03
   3.6622062e-02]
 [-4.4708550e-02 -1.9324644e-01  9.7846925e-01 -3.3649388e-03
   5.6952301e-02]
 [ 8.6932937e-03 -2.2714240e-03  7.9649739e-04 -9.9725533e-01
  -7.3488064e-02]
 [ 5.4497376e-02 -4.9342852e-02 -6.5273948e-02 -7.2602600e-02
   9.9250364e-01]]",69
3,4,5,,0.7153353095054626,"[[ 0.99757254 -0.00294833  0.05154672 -0.02056121  0.04195756]
 [-0.00867611 -0.9945306   0.09146532  0.0306864   0.03906471]
 [-0.04977784  0.08640338  0.98962    -0.08013028 -0.06548265]
 [ 0.01974483  0.03451119  0.07379265  0.9939777  -0.07058379]
 [-0.04365771  0.04736694  0.06468305  0.06498484  0.9937018 ]]",69
4,5,5,,0.6775221228599548,"[[ 9.90784705e-01 -1.03378214e-01 -3.76275815e-02  7.90112317e-02
  -1.06484367e-04]
 [ 1.11770764e-01  9.72966075e-01  1.87952787e-01 -3.91312242e-02
  -6.31412342e-02]
 [-1.10956850e-02  1.81057826e-01 -9.76099730e-01 -8.89233649e-02
  -8.01064819e-02]
 [-7.45517910e-02  7.02297762e-02 -8.34456682e-02  9.87134695e-01
   9.00652632e-02]
 [ 1.31104793e-02  7.02553689e-02 -5.93649223e-02 -9.94169042e-02
   9.90698934e-01]]",69
5,6,5,,0.7493937611579895,"[[ 0.9899875   0.09090979 -0.08878759  0.04507107 -0.04178036]
 [-0.11335721  0.96482974 -0.22573224  0.05073988 -0.0521928 ]
 [-0.06750789 -0.23738225 -0.96536255 -0.01697797 -0.08294179]
 [-0.03213622 -0.04771419 -0.02293782  0.97099733  0.23093003]
 [ 0.03853458  0.04703149 -0.0933317  -0.22862636  0.96712065]]",69
6,7,5,,0.6959565877914429,"[[ 0.99639046 -0.07763974 -0.00960422  0.01969793  0.02641882]
 [ 0.07711488  0.9930084  -0.07119552  0.03439013 -0.04166804]
 [ 0.01664177  0.07281378  0.9942981  -0.07597818  0.00445291]
 [-0.02303078 -0.02332408  0.07754211  0.9925374   0.08821684]
 [-0.02126176  0.04539417 -0.014053   -0.08675275  0.99486876]]",69
7,8,5,,0.7740790843963623,"[[ 0.99894637 -0.01421417 -0.03285553  0.02135121  0.01920254]
 [ 0.00715721  0.97693986 -0.20726722  0.03201357 -0.03940581]
 [ 0.03492708  0.2101016   0.97462076 -0.04296308  0.05390655]
 [-0.01696968 -0.02564257  0.05729393  0.9884109  -0.13717091]
 [-0.02338899  0.02421476 -0.05284442  0.14041866  0.9881076 ]]",69
8,9,5,,0.7471954822540283,"[[ 9.9811810e-01 -4.9391363e-02 -6.9498890e-03  2.4421863e-02
   2.5999425e-02]
 [ 4.8810296e-02  9.9399197e-01 -9.7538471e-02 -8.3426461e-03
  -3.7676902e-03]
 [ 1.3964938e-02  9.4935231e-02  9.8487568e-01 -1.3912034e-01
   3.8180411e-02]
 [-2.4242343e-02  2.2967979e-02  1.3430719e-01  9.8687577e-01
   8.3202317e-02]
 [-2.4393644e-02 -5.0876837e-04 -4.9188044e-02 -7.7818818e-02
   9.9545443e-01]]",69
9,10,5,,0.8386661410331726,"[[ 9.96731818e-01 -6.97183460e-02 -3.23463144e-04  4.03008722e-02
   6.37917407e-03]
 [ 6.84735477e-02  9.81517553e-01 -1.76663756e-01  7.15578953e-03
  -2.59483047e-02]
 [ 1.35675836e-02  1.77168578e-01  9.83007491e-01 -2.70765070e-02
   3.72883305e-02]
 [-3.94532196e-02 -1.71812193e-03  3.26403938e-02  9.91709948e-01
  -1.17841065e-01]
 [-9.81547032e-03  1.92592759e-02 -3.76929790e-02  1.18755706e-01
   9.91972327e-01]]",69
10,11,5,,1.1278667449951172,"[[ 0.9566113  -0.18605135 -0.1988901   0.00118541  0.10354204]
 [ 0.20139967  0.92676705  0.1254645  -0.28707555  0.04885948]
 [ 0.16935953 -0.00881613  0.85975784  0.47725055  0.06548202]
 [-0.1150131  -0.07357693  0.02515874 -0.14037417  0.9803166 ]
 [-0.04921646  0.3177993  -0.4526419   0.81860447  0.14691275]]",69
0,1,5,,0.7893596887588501,"[[ 0.9863312   0.12760998  0.0534288  -0.06411762 -0.06245556]
 [-0.1390328   0.9811731   0.11177    -0.07028667 -0.02316151]
 [-0.05308712 -0.12956773  0.97072935 -0.1060722  -0.16378982]
 [ 0.04163374  0.06220571  0.09366655  0.9823255  -0.1437367 ]
 [ 0.05717501  0.01891233  0.18320441  0.12138362  0.97369164]]",70
1,2,5,,0.8004074692726135,"[[ 0.99478275  0.03705807 -0.08469407 -0.03150001  0.0294743 ]
 [-0.0386256   0.9985702  -0.02359091 -0.0073337  -0.02748267]
 [ 0.08112483  0.02580745  0.99287015 -0.08319131 -0.00638701]
 [-0.03694313 -0.01155202 -0.0803037  -0.9954636  -0.03324554]
 [-0.03113526  0.02616816  0.00552734 -0.03294484  0.998614  ]]",70
2,3,5,,0.7747468948364258,"[[ 9.3526739e-01 -3.4669229e-01 -2.2365913e-02  1.0269064e-02
  -6.6884980e-02]
 [ 3.4798288e-01  9.1810763e-01  1.8422367e-01 -9.4963488e-04
   4.5244530e-02]
 [-4.0747870e-02 -1.8400799e-01  9.8051149e-01 -9.0304501e-03
   5.4739580e-02]
 [ 5.8342544e-03  1.4495890e-03 -4.3381462e-03 -9.9696106e-01
  -7.7548258e-02]
 [ 4.9882818e-02 -5.4971449e-02 -6.4341888e-02 -7.6686278e-02
   9.9220419e-01]]",70
3,4,5,,0.7087083458900452,"[[ 0.9971081   0.02887197  0.05112586  0.02021602  0.04381019]
 [ 0.02307694 -0.9943462   0.09294608 -0.02942817  0.03518556]
 [-0.05257831  0.08735071  0.99064904  0.0746671  -0.05142612]
 [ 0.02012604  0.0325818   0.06771659 -0.991853   -0.10087338]
 [-0.04553444  0.04183606  0.05268839 -0.09683868  0.99197906]]",70
4,5,5,,0.6862175464630127,"[[ 0.98970765 -0.11141226 -0.04758197  0.07615196 -0.0017226 ]
 [ 0.12183449  0.9705527   0.19216385 -0.04488073 -0.06513529]
 [-0.01904283  0.18617475 -0.9751634  -0.09115404 -0.07565454]
 [ 0.07148834 -0.07503969  0.08157142 -0.9893181  -0.06208366]
 [ 0.01272643  0.07295759 -0.05666963 -0.07160544  0.9930642 ]]",70
5,6,5,,0.740710437297821,"[[ 0.98951304  0.0989414  -0.08412713  0.04906661 -0.03986965]
 [-0.12061196  0.9626474  -0.22995833  0.04894682 -0.05904349]
 [-0.06077402 -0.24285805 -0.96398    -0.00999879 -0.08926926]
 [-0.03322596 -0.04020168 -0.0255162   0.9518834   0.30090994]
 [ 0.03897698  0.05407766 -0.10066383 -0.29835334  0.94678855]]",70
6,7,5,,0.6987342238426208,"[[ 0.99575245 -0.08363734 -0.00659046  0.02240976  0.03059792]
 [ 0.0834348   0.99274486 -0.07442508  0.02537035 -0.03624186]
 [ 0.01444241  0.07595576  0.9932205  -0.08562656  0.01426039]
 [-0.02546334 -0.0137749   0.08579847  0.9924595   0.08261181]
 [-0.02566581  0.03877313 -0.02385829 -0.08091024  0.9953503 ]]",70
7,8,5,,0.758966863155365,"[[ 9.9894583e-01 -8.3096130e-03 -3.5548352e-02  2.1695310e-02
   1.7428480e-02]
 [ 8.5646135e-04  9.7669953e-01 -2.0792189e-01  2.9495209e-02
  -4.4224478e-02]
 [ 3.5969809e-02  2.1063071e-01  9.7520590e-01 -2.0763615e-02
   5.3694893e-02]
 [-1.7766664e-02 -2.8912364e-02  3.6216628e-02  9.8734093e-01
  -1.5064749e-01]
 [-2.2292597e-02  2.8066907e-02 -5.6272034e-02  1.5292513e-01
   9.8598307e-01]]",70
8,9,5,,0.7375078797340393,"[[ 0.9974719  -0.05861886 -0.01162479  0.02883197  0.02543835]
 [ 0.05705838  0.99114615 -0.11960555 -0.00816277  0.00120644]
 [ 0.0211302   0.11620408  0.9827421  -0.13591452  0.04237057]
 [-0.02806126  0.02525223  0.12961291  0.98573565  0.10050173]
 [-0.02366688 -0.00721148 -0.05456899 -0.09462835  0.99370795]]",70
9,10,5,,0.8250153064727783,"[[ 0.9961678  -0.07747632  0.00106926  0.0387217   0.01210908]
 [ 0.07606426  0.98125345 -0.17272834  0.02144179 -0.03257544]
 [ 0.01269455  0.1740094   0.98350734 -0.01922084  0.04362816]
 [-0.03881575 -0.01714032  0.02727614  0.9939739  -0.09732096]
 [-0.01400469  0.02379327 -0.04618521  0.09842383  0.99368876]]",70
10,11,5,,1.1354570388793945,"[[ 0.944398   -0.21314418 -0.21975571 -0.03090388  0.11590675]
 [ 0.23591577  0.9064923   0.1946292  -0.28876057  0.03677307]
 [ 0.17890073 -0.07271614  0.83613104  0.49756908  0.12655756]
 [-0.13679317 -0.10710619  0.05233881 -0.29317617  0.9386822 ]
 [-0.04169353  0.3407079  -0.46040466  0.7629778   0.29676974]]",70
0,1,5,,0.8014277219772339,"[[ 0.9848687   0.14188915  0.05166459 -0.06793746  0.05115207]
 [-0.1521468   0.9811913   0.09077039 -0.07482624  0.01663798]
 [-0.05029827 -0.10794734  0.97588736 -0.09458608  0.15657227]
 [ 0.04515446  0.07175969  0.08079359  0.9812345   0.15317611]
 [ 0.04812806  0.01814072  0.17380404  0.1342308  -0.97423244]]",71
1,2,5,,0.8409857749938965,"[[ 9.9319160e-01  7.8913473e-02 -6.9716699e-02 -4.0909536e-02
  -2.8443340e-02]
 [-7.9558454e-02  9.9630070e-01 -1.7371520e-02  8.6582039e-04
   2.7438177e-02]
 [ 6.5315723e-02  2.2372779e-02  9.9489719e-01 -7.2994076e-02
   9.2025604e-03]
 [-4.3226287e-02 -5.9241713e-03 -7.0635609e-02 -9.9361408e-01
   7.6406904e-02]
 [ 3.3259049e-02 -2.4938855e-02 -5.2846521e-03  7.5687118e-02
   9.9625069e-01]]",71
2,3,5,,0.766666054725647,"[[ 0.94051504 -0.33453396 -0.00828511  0.0057062   0.05845901]
 [ 0.33186656  0.9206515   0.20119755 -0.00825393 -0.04143489]
 [-0.05711777 -0.1956737   0.97692525  0.00854754 -0.06319299]
 [-0.00176376  0.0108012  -0.00723385  0.9998783  -0.00843714]
 [-0.04506281  0.04563998  0.07082121  0.00833912  0.99539   ]]",71
3,4,5,,0.7554156184196472,"[[ 9.92185831e-01  1.07832894e-01  5.29422574e-02  3.76279769e-03
  -3.34981717e-02]
 [ 9.98906717e-02 -9.86876667e-01  1.21052660e-01 -2.39022058e-02
  -2.95167267e-02]
 [-6.51340932e-02  1.12928890e-01  9.89110768e-01  6.80995435e-02
   5.20281168e-03]
 [-5.45851362e-04 -2.90147681e-02 -6.45271689e-02  9.92461801e-01
  -1.00068457e-01]
 [ 3.66905518e-02 -2.91843079e-02 -6.29470963e-03  9.89776850e-02
   9.93964732e-01]]",71
4,5,5,,0.6952337026596069,"[[ 0.9897151  -0.12133741 -0.04490312  0.04815485  0.03749895]
 [ 0.12987116  0.9753162   0.16221513 -0.0729337   0.01607963]
 [-0.02126413  0.15688226 -0.9802882  -0.11174649  0.03851553]
 [ 0.05078286 -0.08541828  0.0803533  -0.94172496 -0.3111627 ]
 [-0.02380188 -0.0461201   0.06517846 -0.30500588  0.9486989 ]]",71
5,6,5,,0.7365787625312805,"[[ 0.98906857  0.12117722 -0.05668464 -0.01318142  0.06060102]
 [-0.13503382  0.9569278  -0.24124368  0.04718697  0.07503257]
 [-0.02620764 -0.2538926  -0.9629673   0.07095224  0.05011408]
 [-0.00934021  0.04063609 -0.09363374 -0.96847415 -0.22705081]
 [-0.05229805 -0.05909718  0.05014978 -0.2337163   0.96779853]]",71
6,7,5,,0.701587438583374,"[[ 0.9974456  -0.04903288  0.01065053  0.02967982  0.04127682]
 [ 0.05221454  0.9943864  -0.06925127 -0.00293553 -0.06053879]
 [-0.0074574   0.0726581   0.99416995 -0.05932367  0.05265152]
 [ 0.04283872 -0.0320822  -0.02977293 -0.9091788  -0.4118775 ]
 [ 0.02202721 -0.0498294   0.07635897  0.41107804 -0.9067612 ]]",71
7,8,5,,0.7542487382888794,"[[ 0.9989375   0.03254559 -0.01418332 -0.0291456   0.00374606]
 [-0.03370747  0.9803434  -0.18330058  0.02073244 -0.06133264]
 [ 0.0056957   0.18922704  0.97668433 -0.0581219   0.08288702]
 [-0.02354635 -0.01369929 -0.00913447 -0.87904394 -0.47587425]
 [-0.02002041  0.04327891 -0.1104718  -0.4718309   0.87344015]]",71
8,9,5,,0.7462612390518188,"[[ 9.98212397e-01 -4.09482233e-02  3.56406817e-04  4.10768129e-02
   1.44115770e-02]
 [ 4.05230373e-02  9.92964804e-01 -1.11078121e-01  6.31969050e-03
  -7.26227765e-04]
 [ 6.67047221e-03  1.10217273e-01  9.81033266e-01 -1.03293285e-01
   1.21292330e-01]
 [ 4.31262068e-02 -6.39436767e-04 -3.75760309e-02 -8.88776600e-01
  -4.54756916e-01]
 [ 5.04019717e-03 -1.39969038e-02 -1.54347807e-01 -4.44611490e-01
   8.82199526e-01]]",71
9,10,5,,0.8309875726699829,"[[ 0.9987778  -0.02150493  0.03170567  0.03072911  0.00554977]
 [ 0.0258808   0.98967624 -0.13189617 -0.02068029  0.04524247]
 [-0.02927835  0.13667952  0.9861118   0.04394748 -0.0781894 ]
 [-0.02820696 -0.00934023  0.01485721  0.78268516  0.6215306 ]
 [-0.01095984  0.03619371 -0.09466194  0.6197584  -0.7781442 ]]",71
10,11,5,,1.1545662879943848,"[[ 0.8904685  -0.00776735 -0.44971144 -0.01746468  0.06678384]
 [ 0.17882872  0.8651019   0.3622768  -0.2860615   0.0808917 ]
 [ 0.38243613 -0.25930414  0.7596583   0.44597024  0.10263433]
 [-0.15139428  0.11053845 -0.17513517  0.27948695  0.9252436 ]
 [ 0.07686659 -0.4148266   0.24240895 -0.8005382   0.34983844]]",71
0,1,5,,0.7967643737792969,"[[ 0.9856011   0.1337872   0.05806297 -0.06217329 -0.05877565]
 [-0.14436448  0.98271674  0.09372664 -0.06383307 -0.02382099]
 [-0.05697143 -0.11030479  0.9759908  -0.07574136 -0.16214903]
 [ 0.04354428  0.0614952   0.06820718  0.98888654 -0.10850515]
 [ 0.05106346  0.02049536  0.17502499  0.09179555  0.97872996]]",72
1,2,5,,0.8205398321151733,"[[ 0.9959871   0.02352641 -0.07840656 -0.02620685 -0.02493441]
 [-0.02376357  0.9990472  -0.00920857 -0.01081652  0.03373678]
 [ 0.07638794  0.00974012  0.9941497  -0.07465061  0.01279452]
 [-0.02988131 -0.01444389 -0.07310984 -0.9944572   0.06788578]
 [-0.02677481  0.032368    0.00943176 -0.06839983 -0.99672866]]",72
2,3,5,,0.770277738571167,"[[ 0.94467336 -0.32242987 -0.01052725  0.00316459 -0.05924908]
 [ 0.32147095  0.9252346   0.19347014  0.00213161  0.05623331]
 [-0.05041637 -0.19069512  0.9785045  -0.00837471  0.0596017 ]
 [ 0.00195836  0.00566277 -0.00416341 -0.9986105  -0.05218989]
 [-0.04126881  0.05986023  0.07049885  0.05188766 -0.9935045 ]]",72
3,4,5,,0.7152623534202576,"[[ 0.9955902   0.07216799  0.04699991  0.01647307  0.03334283]
 [ 0.06620233 -0.990877    0.10748634 -0.03367766  0.03305295]
 [-0.05370858  0.10040611  0.9907101   0.0621357  -0.04082635]
 [ 0.01259026  0.03926026  0.05715967 -0.9962962  -0.04926081]
 [-0.03707342  0.03649341  0.03826363 -0.04612315  0.99684614]]",72
4,5,5,,0.6860369443893433,"[[ 0.98689514 -0.13400334 -0.0514244   0.07372589  0.00105247]
 [ 0.14529721  0.9655373   0.19934313 -0.05001023 -0.06623913]
 [-0.01764681  0.19342302 -0.9734616  -0.09005938 -0.08085649]
 [ 0.06769721 -0.07526462  0.07373925 -0.99187857  0.02217596]
 [ 0.00569015  0.08187477 -0.06747384  0.01138896  0.9942745 ]]",72
5,6,5,,0.7411420941352844,"[[ 0.9908343   0.10219956 -0.06917764  0.04832231 -0.02612051]
 [-0.1184341   0.9636536  -0.22928445  0.02798182 -0.06317244]
 [-0.04544219 -0.24194159 -0.9634478   0.00722493 -0.10542934]
 [-0.0347869  -0.01188546 -0.0332083   0.9115453   0.40820453]
 [ 0.03075481  0.04743388 -0.11536286 -0.40732652  0.9042016 ]]",72
6,7,5,,0.7000877857208252,"[[ 9.95775223e-01 -8.32999721e-02  9.05111805e-03  1.34667261e-02
   3.50653306e-02]
 [ 8.51966813e-02  9.89333332e-01 -1.03196695e-01  2.46547628e-02
  -5.19963726e-02]
 [ 8.73665151e-04  1.05945759e-01  9.89804447e-01 -9.48730633e-02
   7.81711284e-03]
 [-1.94609892e-02 -5.96128311e-03  9.41022262e-02  9.86089528e-01
   1.35491461e-01]
 [-2.81739850e-02  5.49599044e-02 -2.64681727e-02 -1.33556411e-01
   9.88760650e-01]]",72
7,8,5,,0.7736026048660278,"[[ 0.99930215  0.00426311 -0.02796466  0.01357252  0.02027253]
 [-0.00887291  0.97877467 -0.19604152  0.02311973 -0.05435639]
 [ 0.02484512  0.200553    0.9756549  -0.0086351   0.08475994]
 [-0.0069583  -0.02942687  0.03636817  0.967504   -0.24839288]
 [-0.02551389  0.02990868 -0.08695202  0.2512822   0.96319836]]",72
8,9,5,,0.756877601146698,"[[ 0.99702495 -0.06288101  0.00967711  0.03539896  0.02530739]
 [ 0.06371184  0.9910403  -0.11721034  0.00232113 -0.00602919]
 [ 0.00291142  0.11590163  0.9752534  -0.1806324   0.05301981]
 [-0.03953775  0.02107793  0.1657487   0.9653969   0.19628733]
 [-0.01761562 -0.00277481 -0.08704194 -0.1847223   0.9787662 ]]",72
9,10,5,,0.8310579657554626,"[[ 9.97708857e-01 -6.29816651e-02  9.06088855e-03  1.44503955e-02
   1.78756677e-02]
 [ 6.36564270e-02  9.87157106e-01 -1.42419696e-01  2.54303347e-02
  -2.32063737e-02]
 [-4.04836697e-04  1.44529745e-01  9.87578273e-01 -2.87967529e-02
   5.45057468e-02]
 [-1.49964727e-02 -2.10341420e-02  3.55257094e-02  9.97158885e-01
  -6.11947216e-02]
 [-1.73188206e-02  1.49259344e-02 -5.53316362e-02  6.31619319e-02
   9.96205866e-01]]",72
10,11,5,,1.1257694959640503,"[[ 0.93816674 -0.21876337 -0.23869124 -0.00793244  0.12226758]
 [ 0.23464516  0.9413812   0.091552   -0.21913147  0.04840121]
 [ 0.20178556 -0.03488154  0.86318266  0.44972926  0.10356215]
 [-0.126153   -0.09934606  0.08194531 -0.32237658  0.9292869 ]
 [-0.09029327  0.234217   -0.42760423  0.80357665  0.32925487]]",72
0,1,5,,0.7922177910804749,"[[ 0.98492104  0.14045867  0.0519975  -0.06435896 -0.05793157]
 [-0.15131319  0.9795834   0.11220633 -0.06630657 -0.02310751]
 [-0.0484113  -0.12884775  0.9729703  -0.09008616 -0.1620737 ]
 [ 0.04358786  0.06117868  0.07918016  0.9849794  -0.13380314]
 [ 0.05283278  0.01852648  0.17822824  0.11472294  0.9756735 ]]",73
1,2,5,,0.7942939400672913,"[[ 0.99321914  0.06613549 -0.08527458 -0.03284803  0.02812548]
 [-0.06742664  0.99707377 -0.02090079 -0.00207937 -0.02926596]
 [ 0.08096294  0.02596628  0.99298877 -0.08195674 -0.0052151 ]
 [-0.0381018  -0.00745738 -0.07905507 -0.99534595 -0.03910687]
 [-0.03102567  0.02720763  0.00387992 -0.03855107  0.99839664]]",73
2,3,5,,0.7704397439956665,"[[ 9.3732309e-01  3.4162319e-01 -2.5015332e-02 -2.1407509e-04
  -6.3977651e-02]
 [ 3.4362397e-01 -9.2207521e-01  1.7259279e-01  6.5605971e-03
   4.3226242e-02]
 [-3.3291049e-02  1.7415775e-01  9.8241532e-01 -6.6442224e-03
   5.8111575e-02]
 [-4.7039322e-04 -1.0274044e-02 -1.5262204e-03 -9.9827313e-01
  -5.7814993e-02]
 [ 4.7322597e-02  5.1325977e-02 -6.6662908e-02 -5.7995271e-02
   9.9363917e-01]]",73
3,4,5,,0.7134727835655212,"[[ 0.99583375  0.06368104  0.0489253   0.01809108  0.03922765]
 [-0.0577765   0.992486   -0.0995249   0.02609365 -0.03236217]
 [-0.05460564  0.09315017  0.9908884   0.07278105 -0.0344147 ]
 [ 0.01572748  0.03138873  0.06826067 -0.9940797  -0.07689777]
 [-0.04180679  0.03541225  0.034377   -0.07416296  0.99514633]]",73
4,5,5,,0.6973555684089661,"[[ 0.9900536  -0.11251833 -0.05000841 -0.06649868  0.01451288]
 [ 0.12272312  0.97380495  0.17618184  0.05741438  0.048026  ]
 [-0.02324732  0.17011154 -0.97687227  0.11338134  0.05819685]
 [ 0.06399483 -0.07519749  0.09063955  0.9805319  -0.14349769]
 [ 0.00985789  0.06671534 -0.06296163 -0.13410182 -0.98666334]]",73
5,6,5,,0.7335099577903748,"[[ 0.98864776  0.11653546 -0.0733666   0.04637152 -0.03823854]
 [-0.1329374   0.9672252  -0.20792045  0.03407548 -0.04910367]
 [-0.04890435 -0.21926428 -0.9706753  -0.01194048 -0.08472588]
 [ 0.02387031  0.02007499  0.04657504 -0.8778708  -0.4756058 ]
 [-0.04406702 -0.04914489  0.08370607  0.4752777  -0.8733541 ]]",73
6,7,5,,0.7047362923622131,"[[ 0.9960817  -0.07662302  0.00356511  0.01551385  0.04119163]
 [ 0.07764239  0.99242723 -0.08621975  0.02343768 -0.03281346]
 [ 0.00450897  0.08805947  0.9919979  -0.09031429  0.00292905]
 [-0.02377978 -0.00736609  0.08928535  0.97833127  0.1851388 ]
 [-0.03474301  0.03752896 -0.02283902 -0.1841774   0.9812959 ]]",73
7,8,5,,0.7476444244384766,"[[ 9.9871302e-01  2.1256732e-02 -3.6578178e-02  1.9743310e-02
   1.9817669e-02]
 [-2.7237706e-02  9.8059106e-01 -1.8651532e-01  2.4669824e-02
  -4.7985505e-02]
 [ 3.0386483e-02  1.9047907e-01  9.7864085e-01 -4.3745970e-04
   7.1107924e-02]
 [-1.0574753e-02 -3.3884481e-02  3.0448444e-02  9.4695598e-01
  -3.1794253e-01]
 [-2.8200945e-02  2.3638420e-02 -7.2174236e-02  3.1980613e-01
   9.4401318e-01]]",73
8,9,5,,0.7320055961608887,"[[ 0.99723434 -0.05895475 -0.00651521  0.03216808  0.03115571]
 [ 0.05809054  0.99061465 -0.12344016 -0.00259685 -0.00799652]
 [ 0.01699915  0.12120032  0.9811162  -0.14445776  0.03955289]
 [-0.0371687   0.02270692  0.12678975  0.95155877  0.27670047]
 [-0.02187657 -0.0013741  -0.07781646 -0.26949275  0.95960295]]",73
9,10,5,,0.820095419883728,"[[ 0.99697435 -0.06865544  0.00969821  0.02221611  0.0272189 ]
 [ 0.06944978  0.98113966 -0.17457965  0.03160692 -0.03262989]
 [ 0.00171042  0.17691554  0.98292303 -0.01734767  0.04753327]
 [-0.02420414 -0.02657456  0.02265203  0.999089   -0.00400801]
 [-0.0251      0.02541922 -0.0526989   0.00526634  0.99795735]]",73
10,11,5,,1.1566482782363892,"[[ 0.92388946 -0.1938708  -0.30790383 -0.02981241  0.11466864]
 [ 0.25325868  0.8742314   0.2623742  -0.3148218   0.06021984]
 [ 0.2377562  -0.11716791  0.7841599   0.5449721   0.13357526]
 [-0.11089574 -0.24141535  0.1730674  -0.45633048  0.83140296]
 [-0.11602799  0.3551392  -0.4376025   0.6283043   0.5235947 ]]",73
0,1,5,,0.7878530025482178,"[[ 0.9869814   0.12595081  0.05315488 -0.0646984  -0.05470716]
 [-0.1364307   0.98267394  0.10638165 -0.06308632 -0.02101469]
 [-0.05066025 -0.12085427  0.97632366 -0.07498359 -0.15491079]
 [ 0.04693757  0.06015536  0.06706178  0.98783064 -0.11777733]
 [ 0.04984856  0.0162433   0.16778655  0.10199161  0.9791305 ]]",74
1,2,5,,0.8065592646598816,"[[ 9.9153161e-01  8.8599302e-02 -8.1269592e-02 -3.4881748e-02
  -3.4549344e-02]
 [-8.7939203e-02  9.9559122e-01 -1.1952979e-03 -4.3753526e-04
   3.2606110e-02]
 [ 7.7762567e-02  8.1028314e-03  9.9359286e-01 -8.1578143e-02
  -2.3539816e-03]
 [-3.9189901e-02 -5.6259595e-03 -7.8452870e-02 -9.9488270e-01
   4.9860056e-02]
 [-3.9354689e-02  2.9171072e-02 -3.4900396e-03 -4.8336897e-02
  -9.9762297e-01]]",74
2,3,5,,0.7604779601097107,"[[ 0.93791246  0.3421557  -0.02574123  0.00378067 -0.05072166]
 [ 0.3430297  -0.9190931   0.18672344  0.01655998  0.04958509]
 [-0.03870779  0.18767327  0.9799786   0.00785804  0.0534834 ]
 [ 0.00531381 -0.01814898  0.01750235 -0.99391055 -0.10713523]
 [-0.03352918 -0.05144693  0.06170229  0.10858928 -0.99026775]]",74
3,4,5,,0.7161969542503357,"[[ 0.9923236   0.10154667  0.05545281  0.02386138  0.03657622]
 [-0.09533687  0.9897166  -0.09593307  0.03017176 -0.0354753 ]
 [-0.06399801  0.08576334  0.9902504   0.07322661 -0.05089959]
 [ 0.02096627  0.03433934  0.06554797 -0.99007404 -0.11763557]
 [-0.0408592   0.0401852   0.05319102 -0.11362921  0.9904416 ]]",74
4,5,5,,0.6897246241569519,"[[ 9.8403466e-01 -1.4365481e-01 -6.8216063e-02  7.9473741e-02
   8.3469516e-03]
 [ 1.6050102e-01  9.6065015e-01  2.0221838e-01 -6.9362715e-02
  -7.5413905e-02]
 [-3.2517839e-02  2.0017104e-01 -9.7437972e-01 -6.4229876e-02
  -7.3025756e-02]
 [ 6.9698624e-02 -9.0611838e-02  4.2846993e-02 -9.9228382e-01
   2.1645490e-02]
 [ 7.0538981e-06  9.0750396e-02 -5.6590803e-02  1.0957269e-02
   9.9420410e-01]]",74
5,6,5,,0.7314879894256592,"[[ 9.8413295e-01  1.5638214e-01 -6.3044682e-02  4.4441808e-02
  -3.2819524e-02]
 [-1.6913158e-01  9.6031845e-01 -2.0827156e-01  1.5596206e-02
  -7.4583195e-02]
 [-2.9729746e-02 -2.2259335e-01 -9.7038168e-01 -7.1584189e-04
  -8.9035243e-02]
 [-3.0950923e-02  2.4535067e-03 -3.6603890e-02  9.1709542e-01
   3.9576781e-01]
 [ 3.2169651e-02  6.1475500e-02 -9.8325647e-02 -3.9587522e-01
   9.1038495e-01]]",74
6,7,5,,0.6978135704994202,"[[ 9.9830443e-01 -4.5375083e-02  4.0357895e-03  1.3637798e-02
   3.3573989e-02]
 [ 4.7549933e-02  9.9441761e-01 -6.3773923e-02  1.3920786e-02
  -6.7909807e-02]
 [-3.9503552e-04  6.6298410e-02  9.9345404e-01 -9.1077887e-02
   1.8924629e-02]
 [-1.6141364e-02 -3.1885314e-03  9.0163194e-02  9.9391627e-01
   6.1077345e-02]
 [-2.9439624e-02  6.8330795e-02 -2.8916501e-02 -5.8784224e-02
   9.9507409e-01]]",74
7,8,5,,0.7672001123428345,"[[ 0.99766564  0.06221429 -0.01228515  0.01995504  0.01560479]
 [-0.06265976  0.97435164 -0.20764013  0.01293179 -0.05857461]
 [-0.00230233  0.21235001  0.9738225  -0.01029755  0.08041067]
 [-0.01432818 -0.02019865  0.03307308  0.9739708  -0.22287612]
 [-0.02294368  0.03560574 -0.08550183  0.22518748  0.96963185]]",74
8,9,5,,0.7638978958129883,"[[ 0.99815273 -0.04253021  0.00332241  0.03128374  0.02987623]
 [ 0.04246305  0.9952445  -0.08703946  0.01008734 -0.0027791 ]
 [ 0.00391599  0.08745477  0.9813868  -0.16208887  0.05425343]
 [-0.03707349  0.00525414  0.14659959  0.9634859   0.22091036]
 [-0.02232103 -0.00192013 -0.08832656 -0.21057454  0.9733216 ]]",74
9,10,5,,0.8347995281219482,"[[ 0.99925184 -0.00876702  0.02510772  0.00822452  0.02684705]
 [ 0.01246202  0.99270123 -0.11209276  0.01580718 -0.03967955]
 [-0.02471406  0.1144845   0.99163157 -0.03581027  0.04083043]
 [-0.01046737 -0.0099008   0.03495522  0.99813646  0.04789726]
 [-0.02490007  0.03553642 -0.04743351 -0.04608383  0.99686676]]",74
10,11,5,,1.114439845085144,"[[ 9.3924302e-01  8.3198759e-04 -3.2181782e-01  4.3412730e-02
   1.1122265e-01]
 [ 2.9185193e-02  9.5697641e-01  6.2124293e-02 -2.7971047e-01
   3.5312366e-02]
 [ 2.6966459e-01  3.6119476e-02  8.8124156e-01  3.6388728e-01
   1.3029091e-01]
 [-2.0755878e-02 -2.0332053e-01  1.3353539e-01 -5.6899273e-01
   7.8526777e-01]
 [-2.0933464e-01  2.0384206e-01 -3.1329766e-01  6.8096304e-01
   5.9393710e-01]]",74
0,1,5,,0.7904700636863708,"[[ 0.98655707  0.12695488  0.05146471 -0.06682457 -0.05893663]
 [-0.13808046  0.9820735   0.10214143 -0.07437887 -0.02236735]
 [-0.05135996 -0.11942842  0.9742611  -0.09645624 -0.1568773 ]
 [ 0.04450919  0.06852058  0.08425709  0.98210096 -0.14731653]
 [ 0.05495516  0.02135106  0.1750272   0.127185    0.9745325 ]]",75
1,2,5,,0.8046002984046936,"[[ 0.99380714  0.06044034 -0.08095304 -0.03460623 -0.03071295]
 [-0.06136931  0.99743044 -0.01886968 -0.00417122  0.03150926]
 [ 0.07707989  0.02298715  0.99372435 -0.07738541  0.00732126]
 [-0.0385486  -0.00958163 -0.07466005 -0.99507076  0.05178982]
 [-0.03396798  0.02931257  0.00531283 -0.05128961 -0.99766135]]",75
2,3,5,,0.768097460269928,"[[ 0.9337657  -0.35194123 -0.02183887  0.00644349 -0.06083131]
 [ 0.35173348  0.91337824  0.20007937  0.00843986  0.04382775]
 [-0.04830837 -0.19817206  0.97744215  0.00468418  0.05458046]
 [ 0.00607213  0.00757702  0.00996607 -0.9981055  -0.05993085]
 [-0.04466015  0.05047859  0.06323615  0.06042036 -0.9938852 ]]",75
3,4,5,,0.7078007459640503,"[[ 0.9965768   0.0449323   0.05253465  0.01719345  0.04195781]
 [ 0.03838283 -0.9929694   0.10240383 -0.02854064  0.03517602]
 [-0.05566891  0.09582576  0.98943645  0.07814473 -0.05125723]
 [ 0.01557255  0.03338355  0.07148337 -0.992844   -0.08828346]
 [-0.04494556  0.04117967  0.05156736 -0.08392871  0.9932678 ]]",75
4,5,5,,0.6799452304840088,"[[ 0.9879761  -0.12222314 -0.0516606   0.07899534 -0.00746883]
 [ 0.13402031  0.96913457  0.18738197 -0.06019444 -0.06388616]
 [-0.02212645  0.18161829 -0.97649044 -0.08774098 -0.07275449]
 [ 0.07245576 -0.0852322   0.07139121 -0.99115264  0.00232218]
 [ 0.01423033  0.07476647 -0.0599079  -0.00737235  0.99527085]]",75
5,6,5,,0.7337100505828857,"[[ 0.9873911   0.1224714  -0.08025634  0.04206282 -0.0430014 ]
 [-0.14132693  0.9612596  -0.22631826  0.01882533 -0.06657533]
 [-0.0512643  -0.24007368 -0.96571285 -0.02322435 -0.08121488]
 [-0.02816061 -0.01056791 -0.046386    0.9419302   0.33122668]
 [ 0.04079675  0.0568648  -0.08709736 -0.33181986  0.93670255]]",75
6,7,5,,0.6937145590782166,"[[ 0.99714845 -0.06572711 -0.00266883  0.01665355  0.03302196]
 [ 0.06665767  0.9933972  -0.07128441  0.02597695 -0.05442828]
 [ 0.00817836  0.07377475  0.9942049  -0.07556753  0.01834443]
 [-0.02094271 -0.01296658  0.07433368  0.9904961   0.11307194]
 [-0.02731732  0.05684234 -0.03069971 -0.11070185  0.99137545]]",75
7,8,5,,0.7606917023658752,"[[ 0.9991782   0.01572183 -0.02550319  0.02202635  0.01612719]
 [-0.02021609  0.9767148  -0.2070048   0.01674651 -0.04987948]
 [ 0.02085258  0.21089551  0.97457576 -0.01938374  0.07010375]
 [-0.01638747 -0.02011475  0.040508    0.9722551  -0.22892341]
 [-0.02303825  0.02998986 -0.07113162  0.23147063  0.96950066]]",75
8,9,5,,0.7457440495491028,"[[ 9.9758327e-01 -5.6267351e-02 -9.7868615e-04  3.3523493e-02
   2.3171740e-02]
 [ 5.6030497e-02  9.9434638e-01 -9.0176329e-02 -1.7330016e-03
   1.0358463e-03]
 [ 9.3699805e-03  8.8311948e-02  9.8315865e-01 -1.4626373e-01
   6.4181723e-02]
 [-3.5402659e-02  1.5738571e-02  1.3449970e-01  9.7831404e-01
   1.5267752e-01]
 [-1.8632360e-02 -7.9084979e-03 -8.4712826e-02 -1.4276466e-01
   9.8591703e-01]]",75
9,10,5,,0.8332852721214294,"[[ 9.97736692e-01 -5.67723960e-02  1.03723155e-02  3.37282158e-02
   7.29195680e-03]
 [ 5.78058437e-02  9.85585213e-01 -1.55434504e-01  3.96097917e-03
  -3.32379527e-02]
 [-9.76269017e-04  1.57040656e-01  9.86658514e-01 -1.85730737e-02
   3.86939161e-02]
 [-3.27502191e-02 -3.13868490e-03  2.48981491e-02  9.88018453e-01
  -1.48718864e-01]
 [-1.03154955e-02  2.69656237e-02 -4.02181111e-02  1.49403483e-01
   9.87536132e-01]]",75
10,11,5,,1.1204313039779663,"[[ 0.943695   -0.15077196 -0.2709415   0.03374734  0.11026967]
 [ 0.19035576  0.92500985  0.15088336 -0.277507    0.09135306]
 [ 0.21919847 -0.05036827  0.8593848   0.4584441   0.02649086]
 [-0.13074645 -0.05939002 -0.01617232  0.02915272  0.9890737 ]
 [-0.08978782  0.33994162 -0.40622786  0.84310734 -0.02294958]]",75
0,1,5,,0.7992653250694275,"[[ 0.98594254  0.13179016  0.05465197 -0.06648338  0.05605096]
 [-0.14244378  0.9823908   0.09630072 -0.07092165  0.01773016]
 [-0.05467981 -0.11361475  0.97396106 -0.10181972  0.15853837]
 [ 0.04429063  0.06597503  0.08948169  0.9823526   0.14374276]
 [ 0.05172494  0.01669228  0.17644326  0.12315086 -0.97506285]]",76
1,2,5,,0.8178024291992188,"[[ 0.9949829   0.0465098  -0.08010075 -0.02843987 -0.02491641]
 [-0.04877819  0.9976103  -0.0358116  -0.00327452  0.033186  ]
 [ 0.07648733  0.03851521  0.99329    -0.07535456  0.01905262]
 [-0.03257168 -0.0093242  -0.07367949 -0.9952033   0.05471499]
 [ 0.02680319 -0.03225345 -0.01574082  0.05542921  0.9974574 ]]",76
2,3,5,,0.7672675848007202,"[[ 0.9495899  -0.3065205  -0.01230878 -0.00780938 -0.06412264]
 [ 0.30561003  0.92740875  0.20777297 -0.01825667  0.05488792]
 [-0.05023078 -0.20489594  0.9763234   0.00498453  0.04756287]
 [ 0.01091451  0.01857398  0.00175372  0.9985598  -0.0491045 ]
 [-0.04732097  0.06025745  0.05889257 -0.04959144 -0.9940836 ]]",76
3,4,5,,0.711431622505188,"[[ 0.9960583   0.06836187  0.03793859  0.01950571  0.03707758]
 [ 0.06322519 -0.99120134  0.10581995 -0.03089623  0.03701407]
 [-0.04452781  0.09972724  0.9914027   0.06288862 -0.03517904]
 [-0.01660741 -0.03652192 -0.05852142  0.99626297  0.04925011]
 [-0.04014905  0.03958775  0.03253964 -0.0465828   0.9967909 ]]",76
4,5,5,,0.6840426325798035,"[[ 0.98929083 -0.11156285 -0.04989865  0.07924955 -0.00932367]
 [ 0.12347462  0.9693431   0.19720908 -0.05880912 -0.05270698]
 [-0.02015784  0.19049129 -0.9734816  -0.10170592 -0.07277521]
 [ 0.0741308  -0.08510804  0.08337065 -0.9897968   0.02475747]
 [ 0.01248438  0.06631265 -0.06325843  0.01480755  0.9956033 ]]",76
5,6,5,,0.7581580281257629,"[[ 0.9910543   0.09437194 -0.07705555  0.04193965 -0.03476842]
 [-0.11326247  0.96278423 -0.23867738  0.03284351 -0.04661037]
 [-0.05387887 -0.24902964 -0.96192384 -0.01486151 -0.09779011]
 [-0.02645805 -0.02708533 -0.04471304  0.9217666   0.383293  ]
 [ 0.03714905  0.03729666 -0.09898879 -0.38378105  0.9165927 ]]",76
6,7,5,,0.7095896601676941,"[[ 0.9963519  -0.07349186 -0.00272843  0.01512022  0.04056779]
 [ 0.07414471  0.99096555 -0.0982751   0.03034787 -0.04371269]
 [ 0.01086055  0.1007805   0.9909258  -0.08700098  0.01490768]
 [-0.02211208 -0.01297111  0.08549962  0.983259    0.15885329]
 [-0.03432974  0.04755215 -0.03302204 -0.15647028  0.9853866 ]]",76
7,8,5,,0.765799880027771,"[[ 0.9986176   0.01183296 -0.03814073  0.02098531  0.02697594]
 [-0.01864855  0.9777523  -0.20247541  0.02559904 -0.04473198]
 [ 0.03293879  0.2062706   0.9749016  -0.0100511   0.07637589]
 [-0.01072299 -0.03014759  0.03862239  0.9584493  -0.28081912]
 [-0.03485832  0.02009594 -0.07499431  0.28315756  0.9552899 ]]",76
8,9,5,,0.7484109401702881,"[[ 0.9975687  -0.05677659  0.00204521  0.03139843  0.02535563]
 [ 0.0570507   0.9915062  -0.11645402 -0.0093752  -0.003357  ]
 [ 0.00816003  0.11317874  0.979046   -0.16074625  0.05247566]
 [-0.03408764  0.02888944  0.14565931  0.96909815  0.19399883]
 [-0.01931832 -0.00691903 -0.08177229 -0.18421629  0.97926325]]",76
9,10,5,,0.838114321231842,"[[ 0.9972239  -0.06013767  0.00583579  0.03564824  0.02496126]
 [ 0.06028561  0.9878418  -0.13750492  0.02481074 -0.03179951]
 [ 0.0016025   0.13943791  0.9888023  -0.00823696  0.05250406]
 [-0.03403744 -0.02415531  0.01804689  0.99184245 -0.11908309]
 [-0.02736769  0.02293039 -0.05479653  0.11955871  0.9906706 ]]",76
10,11,5,,1.1294013261795044,"[[ 0.94432575 -0.16090535 -0.25504538  0.00932259  0.13123725]
 [ 0.20042141  0.9181029   0.1888566  -0.27627757  0.0701573 ]
 [ 0.20089576 -0.07938848  0.8477211   0.47930697  0.0705127 ]
 [-0.13766707 -0.11115354  0.04966204 -0.1904124   0.96434927]
 [-0.09364159  0.33546788 -0.4221227   0.81092024  0.20715506]]",76
0,1,5,,0.7890329360961914,"[[ 0.9866221   0.12540486  0.05535775 -0.06480575 -0.05988419]
 [-0.136546    0.9825981   0.10297117 -0.06902786 -0.02209354]
 [-0.0554237  -0.12007149  0.9733559  -0.09610926 -0.16078654]
 [ 0.04398645  0.06336405  0.08631638  0.984908   -0.12866941]
 [ 0.05408658  0.01850106  0.17737019  0.10841834  0.97648233]]",77
1,2,5,,0.8054823279380798,"[[ 0.9952762   0.01638907 -0.08773003 -0.02553258 -0.02842616]
 [-0.01753309  0.9990707  -0.0199967  -0.00965173  0.0325165 ]
 [ 0.08549706  0.02024592  0.9929557  -0.07868399  0.01132588]
 [-0.03070422 -0.01323205 -0.07650401 -0.995376    0.04749751]
 [-0.02941459  0.03168861  0.00947609 -0.04785896 -0.9978729 ]]",77
2,3,5,,0.7743767499923706,"[[ 0.9481468  -0.3118034  -0.01473898  0.01296138 -0.05840344]
 [ 0.3114167   0.9260611   0.20382534  0.00756913  0.06187432]
 [-0.04842056 -0.20190214  0.977105    0.00443279  0.04622833]
 [ 0.01092632  0.00801764  0.01093587 -0.99586225 -0.08919197]
 [-0.0396645   0.06603584  0.05817318  0.08951832 -0.9912963 ]]",77
3,4,5,,0.714590847492218,"[[ 0.9959976   0.06475607  0.04444852  0.02287269  0.03600834]
 [ 0.05978915 -0.9928351   0.09239088 -0.02924311  0.03622656]
 [-0.04919067  0.08510768  0.99107355  0.06802329 -0.05901685]
 [ 0.02110987  0.03302513  0.0611762  -0.9934903  -0.08773963]
 [-0.03935335  0.04184515  0.05932057 -0.08349591  0.99308103]]",77
4,5,5,,0.6853266358375549,"[[ 0.9850822  -0.13655385 -0.06231244  0.08287408  0.01466755]
 [ 0.15192917  0.96006465  0.21313234 -0.04848583 -0.08612348]
 [-0.02531487  0.20827445 -0.9713059  -0.07088497 -0.08672341]
 [ 0.0764552  -0.0874996   0.06274205 -0.9823878  -0.13219742]
 [ 0.00665723  0.09270708 -0.05761876 -0.1437729   0.98355   ]]",77
5,6,5,,0.740166425704956,"[[ 0.98900676  0.11258442 -0.07746381  0.04454317 -0.03472086]
 [-0.13088572  0.963243   -0.22347014  0.03387694 -0.06281154]
 [-0.05187146 -0.23695952 -0.96626407  0.00279934 -0.08651908]
 [-0.03307345 -0.0252411  -0.01104941  0.96889234  0.24371007]
 [ 0.03082127  0.05196847 -0.10135197 -0.24105617  0.9633115 ]]",77
6,7,5,,0.7011530995368958,"[[ 0.99657327 -0.07539519 -0.00201893  0.0147138   0.0306059 ]
 [ 0.07606583  0.9922749  -0.07663714  0.03123163 -0.05249529]
 [ 0.00880522  0.08000583  0.99211735 -0.09374584  0.02089086]
 [-0.0180941  -0.01879804  0.09395852  0.9926372   0.07185037]
 [-0.02551062  0.0543296  -0.03158553 -0.06849267  0.99534345]]",77
7,8,5,,0.7889655232429504,"[[ 0.99926805  0.00689228 -0.02642022  0.01881106  0.01907598]
 [-0.0119552   0.97434354 -0.21823919  0.02147371 -0.0492167 ]
 [ 0.02365372  0.22170198  0.9726985  -0.02958645  0.05719303]
 [-0.01309206 -0.02152747  0.0470072   0.97730017 -0.20503646]
 [-0.02427865  0.03149553 -0.05763344  0.20783201  0.9756551 ]]",77
8,9,5,,0.7678272724151611,"[[ 9.9712700e-01 -6.3748427e-02 -2.4873932e-04  3.4690548e-02
   2.1689950e-02]
 [ 6.3257307e-02  9.9248540e-01 -1.0459878e-01  1.5293106e-03
   5.2899690e-03]
 [ 1.1388352e-02  1.0231864e-01  9.7828048e-01 -1.6968662e-01
   5.9790850e-02]
 [-3.5327200e-02  1.7223591e-02  1.6191232e-01  9.7995555e-01
   1.0920997e-01]
 [-1.8937191e-02 -1.1962318e-02 -7.6228261e-02 -9.8426335e-02
   9.9196762e-01]]",77
9,10,5,,0.8400657773017883,"[[ 9.97771442e-01 -5.80209829e-02 -8.37479951e-04  2.96145901e-02
   1.44190378e-02]
 [ 5.72300144e-02  9.87081528e-01 -1.46161467e-01  1.53166130e-02
  -2.82292813e-02]
 [ 8.97811633e-03  1.46967188e-01  9.88395452e-01 -4.63837106e-03
   3.70543040e-02]
 [-2.85835024e-02 -1.54591277e-02  1.17536923e-02  9.92038727e-01
  -1.21099174e-01]
 [-1.67084634e-02  2.15678960e-02 -3.96543182e-02  1.21350825e-01
   9.91441965e-01]]",77
10,11,5,,1.0902117490768433,"[[ 0.95077276 -0.16620933 -0.2181694   0.10021505  0.10375328]
 [ 0.18418777  0.9452165   0.04751926 -0.22381002  0.14244832]
 [ 0.18606547  0.0118632   0.9168738   0.3417649  -0.08819351]
 [-0.14620377 -0.02449716 -0.01533177  0.35930812  0.92124206]
 [-0.07816779  0.27964136 -0.330532    0.83304286 -0.33537847]]",77
0,1,5,,0.7867685556411743,"[[ 0.9884734   0.10891499  0.05480938 -0.06290951 -0.06400196]
 [-0.12074599  0.9840683   0.10571101 -0.07001658 -0.03086987]
 [-0.05706708 -0.12378507  0.97259825 -0.10357417 -0.1573077 ]
 [ 0.0422222   0.0610094   0.09384967  0.9841316  -0.13104337]
 [ 0.05745822  0.02650126  0.17625567  0.10907549  0.97623396]]",78
1,2,5,,0.8030824065208435,"[[ 0.99539375  0.00385545 -0.08738641 -0.02718017  0.02830516]
 [-0.00354724  0.9994486  -0.00352528 -0.00951608 -0.03141309]
 [ 0.08514921  0.00289136  0.99317026 -0.07955702 -0.00497861]
 [-0.03285659 -0.01103903 -0.07709914 -0.99572533 -0.03722122]
 [-0.02913187  0.03093968  0.00444472 -0.03704707  0.9983996 ]]",78
2,3,5,,0.7852053046226501,"[[ 0.93619347 -0.34605265 -0.01760442  0.01272263 -0.05759854]
 [ 0.34544563  0.91564685  0.19897759 -0.00777796  0.05104537]
 [-0.0506945  -0.19651353  0.97750413 -0.00242448  0.05737831]
 [ 0.00465413 -0.00443131  0.00382756 -0.99295825 -0.11822836]
 [ 0.04021817 -0.05657996 -0.0675944  -0.11749747  0.9883353 ]]",78
3,4,5,,0.7339869141578674,"[[ 0.9969447   0.00739548  0.05855756 -0.02159306  0.04638071]
 [ 0.00156993 -0.995171    0.08605683  0.03439672  0.0323006 ]
 [-0.0569901   0.0808844   0.99022925 -0.06881265 -0.07014778]
 [ 0.02349295  0.03528731  0.05848341  0.9896898  -0.12367968]
 [-0.04794642  0.04233833  0.07204835  0.1188676   0.9882247 ]]",78
4,5,5,,0.7011922597885132,"[[ 0.9851897  -0.13632068 -0.06255002  0.0810914   0.01815648]
 [ 0.15037596  0.96242124  0.2104417  -0.02939178 -0.07734884]
 [-0.02598438  0.20828728 -0.97226787 -0.06647105 -0.0788545 ]
 [-0.07802323  0.06962073 -0.06363037  0.97783077  0.16989306]
 [ 0.0050562   0.08325495 -0.04947913 -0.17885478  0.9790842 ]]",78
5,6,5,,0.7447977662086487,"[[ 0.98702276  0.11849929 -0.08678064  0.05247695 -0.03819774]
 [-0.1410347   0.95683014 -0.23955515  0.04239478 -0.07349315]
 [-0.05759926 -0.25648654 -0.95987695  0.0042004  -0.09754728]
 [-0.04087847 -0.0358436  -0.00259303  0.98101413  0.18614152]
 [ 0.03010561  0.05799823 -0.11709777 -0.18177576  0.97415376]]",78
6,7,5,,0.6950491666793823,"[[ 9.94722426e-01 -9.88501087e-02 -2.98754708e-03  1.84635725e-02
   2.01516077e-02]
 [ 9.90238488e-02  9.91462350e-01 -7.07831085e-02  1.12641612e-02
  -4.53825854e-02]
 [ 1.13942325e-02  7.21201971e-02  9.92032290e-01 -9.85693783e-02
   2.87185684e-02]
 [-1.94648542e-02  7.48912338e-04  9.67982262e-02  9.92697001e-01
   6.93058074e-02]
 [-1.45886820e-02  4.50466760e-02 -3.85067053e-02 -6.60977885e-02
   9.95944917e-01]]",78
7,8,5,,0.7498995661735535,"[[ 0.99938077 -0.00341732 -0.03082499  0.01554906  0.00587346]
 [-0.00324766  0.97581905 -0.21116257  0.02387062 -0.05106077]
 [ 0.03102346  0.21424976  0.974624   -0.03242881  0.04680767]
 [-0.01346978 -0.02098006  0.04366029  0.9918633  -0.11695888]
 [-0.00914831  0.03771453 -0.05159425  0.11976638  0.9907008 ]]",78
8,9,5,,0.7782973647117615,"[[ 0.99662894 -0.07520892  0.00363451  0.02539921  0.02039379]
 [ 0.07495147  0.9897176  -0.12049501 -0.00654526  0.01671981]
 [ 0.00854214  0.11632988  0.977073   -0.17087576  0.05024124]
 [-0.02561423  0.02665127  0.16347776  0.980838    0.09932475]
 [-0.01959187 -0.02366111 -0.06380505 -0.0898347   0.9934359 ]]",78
9,10,5,,0.9160576462745667,"[[ 0.9967711  -0.07390943  0.00202131  0.03111502  0.00354196]
 [ 0.07276516  0.9860492  -0.14566904  0.0235295  -0.02528364]
 [ 0.0099556   0.1469555   0.9878004  -0.03784126  0.03351681]
 [-0.03234699 -0.01580394  0.04160205  0.9982831  -0.02010126]
 [-0.00267756  0.01997131 -0.0360011   0.02184358  0.9989098 ]]",78
10,11,5,,1.09611177444458,"[[ 0.95458055 -0.20811564 -0.15210643  0.00663693  0.14927639]
 [ 0.21027668  0.9492174   0.02521484 -0.23220126  0.01472061]
 [ 0.13663954  0.03904618  0.90671533  0.3873532   0.08734871]
 [-0.14251986 -0.07196395  0.08816272 -0.3555572   0.9166873 ]
 [-0.07468227  0.22129315 -0.38252115  0.81827575  0.3599366 ]]",78
0,1,5,,0.7918334007263184,"[[ 0.98643464  0.13021794  0.05181129 -0.06484853 -0.05568046]
 [-0.14080873  0.9818397   0.10541556 -0.06779874 -0.02131951]
 [-0.05028366 -0.1218496   0.9739606  -0.0963489  -0.1572952 ]
 [ 0.04440626  0.06221075  0.08574715  0.9842553  -0.13433866]
 [ 0.05117924  0.01779103  0.17392883  0.11470142  0.9765534 ]]",79
1,2,5,,0.8034084439277649,"[[ 0.9945381   0.04453652 -0.0853686  -0.02928093 -0.0276619 ]
 [-0.04560688  0.99827397 -0.01937308 -0.00376086  0.03130075]
 [ 0.08210162  0.02243762  0.993041   -0.0809062   0.0089296 ]
 [-0.03459397 -0.0080763  -0.07841675 -0.9955229   0.03902409]
 [-0.0296048   0.02995011  0.00757509 -0.03894483 -0.9983249 ]]",79
2,3,5,,0.7625299692153931,"[[ 0.9466832  -0.3157815  -0.01609089  0.00583229 -0.06148181]
 [ 0.3163864   0.9286481   0.18559521  0.01051971  0.05436969]
 [-0.04157143 -0.18471247  0.98054343 -0.0079682   0.05122686]
 [ 0.00600161  0.01379735 -0.00145361 -0.9972412  -0.07267405]
 [-0.04389019  0.05988014  0.06187046  0.07281377 -0.9926521 ]]",79
3,4,5,,0.7060503959655762,"[[ 0.99554163  0.06605583  0.04891794  0.02051391  0.04146901]
 [ 0.05992522 -0.9916566   0.10409021 -0.03209569  0.0340776 ]
 [-0.05482633  0.09732991  0.99097955  0.06295166 -0.03895447]
 [ 0.01910219  0.03612365  0.056991   -0.9932872  -0.0919935 ]
 [-0.04398847  0.03841642  0.03851866 -0.08925649  0.9935486 ]]",79
4,5,5,,0.6885425448417664,"[[ 0.9878763  -0.12082933 -0.05669963  0.07926966 -0.00145086]
 [ 0.134109    0.9671993   0.1971517  -0.05720792 -0.06632309]
 [-0.02518978  0.19150567 -0.97401816 -0.09221604 -0.07399954]
 [ 0.07345592 -0.08491607  0.07592762 -0.9907257  -0.00954496]
 [ 0.00921092  0.07772146 -0.05865179 -0.02005988  0.9950035 ]]",79
5,6,5,,0.7357795238494873,"[[ 0.989247    0.10835765 -0.0777134   0.04923875 -0.03442442]
 [-0.12736923  0.96201867 -0.23122457  0.03490902 -0.0601148 ]
 [-0.05206184 -0.24435636 -0.96333057 -0.00502916 -0.09771631]
 [-0.03330165 -0.02307747 -0.03511543  0.92588437  0.37398338]
 [ 0.03671375  0.05036025 -0.10609892 -0.37292066  0.91966796]]",79
6,7,5,,0.6985887885093689,"[[ 0.99579406 -0.08193352 -0.00225737  0.02046385  0.03545801]
 [ 0.08256683  0.9917087  -0.08477592  0.02170493 -0.04514956]
 [ 0.01042844  0.08685344  0.99203074 -0.08802419  0.02178212]
 [-0.02395569 -0.00833554  0.08711452  0.992114    0.08647171]
 [-0.02990534  0.04677311 -0.03307564 -0.08409235  0.9943604 ]]",79
7,8,5,,0.7559649348258972,"[[ 0.9989206   0.01086425 -0.0365616   0.01958127  0.01787264]
 [-0.01765861  0.9775826  -0.20243764  0.02521196 -0.0490287 ]
 [ 0.03246081  0.20581347  0.97619903 -0.00231167  0.06014359]
 [-0.01471857 -0.03075599  0.0210233   0.980901   -0.19033842]
 [-0.02398911  0.0301518  -0.06538928  0.19185628  0.9784839 ]]",79
8,9,5,,0.7405441999435425,"[[ 9.97051299e-01 -6.39590025e-02 -7.88337085e-03  3.27053927e-02
   2.58129854e-02]
 [ 6.28881454e-02  9.90995467e-01 -1.17950194e-01 -7.79447611e-03
   2.11117906e-04]
 [ 1.87624916e-02  1.14455886e-01  9.81398702e-01 -1.46467268e-01
   4.41778302e-02]
 [-3.30825411e-02  2.61044558e-02  1.37239888e-01  9.79127347e-01
   1.43871084e-01]
 [-2.20783316e-02 -7.45778671e-03 -6.36186153e-02 -1.36844888e-01
   9.88272786e-01]]",79
9,10,5,,0.8206677436828613,"[[ 0.99704516 -0.06685952  0.0065429   0.03037146  0.02157529]
 [ 0.06696871  0.9862007  -0.14535648  0.02702939 -0.03262385]
 [ 0.00279461  0.14745648  0.9876866  -0.01534607  0.04988503]
 [-0.03085629 -0.0239201   0.02211997  0.99726444 -0.05873736]
 [-0.02135849  0.02494865 -0.05305322  0.05979244  0.9962588 ]]",79
10,11,5,,1.1387780904769897,"[[ 0.9375832  -0.18760389 -0.26386857 -0.02893465  0.12360695]
 [ 0.22883551  0.9019156   0.21389437 -0.29668257  0.02027521]
 [ 0.20854779 -0.10633372  0.84285074  0.45638567  0.16283622]
 [-0.13426784 -0.15193054  0.08649601 -0.44370976  0.8686364 ]
 [-0.08397631  0.34199882 -0.40834242  0.71131986  0.45084947]]",79
0,1,5,,0.7989658713340759,"[[ 0.9876976   0.11963866  0.05210104 -0.06374854 -0.05797985]
 [-0.13019173  0.98330164  0.10556587 -0.06832568 -0.01885819]
 [-0.05266673 -0.12176848  0.9727193  -0.10545021 -0.15841709]
 [ 0.04292808  0.0612415   0.09396365  0.9830212  -0.13873313]
 [ 0.05373066  0.01505213  0.17643473  0.11754738  0.9756741 ]]",80
1,2,5,,0.8227384686470032,"[[ 0.9959298   0.00547042 -0.08282125 -0.02606325  0.02356434]
 [-0.00704942  0.99914294 -0.02503588 -0.00824845 -0.03112759]
 [ 0.08054841  0.02423526  0.9926321  -0.08573647 -0.01598446]
 [-0.03250251 -0.01110558 -0.08339063 -0.99575895 -0.01817435]
 [-0.02301536  0.03119052  0.01553987 -0.01913055  0.9989444 ]]",80
2,3,5,,0.7713435888290405,"[[ 0.95179194 -0.29730207 -0.01096185  0.0166966  -0.07283302]
 [ 0.2988558   0.93543833  0.17856236  0.00417903  0.06114277]
 [-0.04025941 -0.17732859  0.9819866  -0.02679335  0.04379687]
 [ 0.01424667  0.0089759  -0.02161465 -0.99675345 -0.0757094 ]
 [ 0.05434633 -0.07099782 -0.05683688 -0.07394941  0.9916183 ]]",80
3,4,5,,0.7097007036209106,"[[ 0.99714786  0.03582936  0.04794593 -0.02411106  0.03914256]
 [ 0.02964945 -0.99177194  0.10976552  0.04028444  0.04287372]
 [-0.05082331  0.10460337  0.9913576  -0.043616   -0.04222396]
 [ 0.02226812  0.043707    0.03868372  0.9972291  -0.04039337]
 [-0.04169024  0.04746201  0.03696445  0.03778486  0.9966019 ]]",80
4,5,5,,0.6852797269821167,"[[ 0.9894126  -0.10722169  0.04199724  0.08743214  0.01256918]
 [ 0.11790758  0.9676127  -0.20830177 -0.03740285 -0.07095668]
 [-0.01059996  0.19947909  0.97071195 -0.08715896 -0.10108038]
 [-0.08351187  0.07864017  0.087473    0.9761421   0.16228543]
 [ 0.00859279  0.07907575  0.07009476 -0.17466128  0.9789042 ]]",80
5,6,5,,0.76360684633255,"[[ 0.99260736  0.05300809 -0.08937754  0.05647379 -0.02725908]
 [-0.0786489   0.962001   -0.24953185  0.06082444 -0.04901604]
 [ 0.07572764  0.2603917   0.9561051  -0.00885022  0.1106627 ]
 [-0.04655359 -0.05395842  0.00311899  0.97512573  0.20986032]
 [ 0.02535709  0.03207425 -0.12489545 -0.20533535  0.96982825]]",80
6,7,5,,0.7024933695793152,"[[ 0.9942618  -0.09873214 -0.00987355  0.02960399  0.02686318]
 [ 0.09743342  0.98985416 -0.08628434  0.03838948 -0.0421528 ]
 [ 0.02081531  0.08861123  0.9916987  -0.08904194  0.01788631]
 [-0.03270439 -0.02491003  0.09105926  0.9933219   0.05770336]
 [-0.02115224  0.04436644 -0.02644556 -0.05507198  0.9969212 ]]",80
7,8,5,,0.777336835861206,"[[ 0.99823385 -0.03185011 -0.04255584  0.02043904  0.01691024]
 [ 0.02304688  0.9802066  -0.18851563  0.04089098 -0.03812609]
 [ 0.04730966  0.1888698   0.98027146 -0.00327797  0.03386782]
 [-0.01953043 -0.04155679  0.01535651  0.9948398  -0.08916081]
 [-0.01945096  0.02796009 -0.03850739  0.09051688  0.99456716]]",80
8,9,5,,0.7622824907302856,"[[ 0.99821323 -0.04480619 -0.01962035  0.02424896  0.02428791]
 [ 0.04301199  0.99261975 -0.11163002 -0.01763519 -0.00914889]
 [ 0.02684971  0.10721672  0.98351294 -0.14020641  0.02877755]
 [-0.02118682  0.03430237  0.13604023  0.9882228   0.05729956]
 [-0.02346588  0.00513097 -0.03673087 -0.05346831  0.9976046 ]]",80
9,10,5,,0.8314333558082581,"[[ 9.9626583e-01 -7.1719050e-02  5.0494511e-04  4.4965677e-02
   1.6992308e-02]
 [ 6.9910683e-02  9.8653436e-01 -1.4276229e-01  3.3384148e-02
  -1.9152315e-02]
 [ 1.0138730e-02  1.4414930e-01  9.8767036e-01 -2.6283802e-02
   5.4171436e-02]
 [-4.6109941e-02 -2.6544897e-02  3.3486638e-02  9.9688685e-01
  -4.7587160e-02]
 [-1.8387280e-02  1.1073580e-02 -5.4813497e-02  4.8881460e-02
   9.9706835e-01]]",80
10,11,5,,1.1352351903915405,"[[ 0.96184313 -0.15596479 -0.19183707 -0.08010791  0.08552221]
 [ 0.18447533  0.9111225   0.26639    -0.24980351 -0.04959042]
 [ 0.15446815 -0.17152528  0.8683928   0.3666168   0.2412567 ]
 [-0.1270242  -0.13715227  0.07297827 -0.6599531   0.7240098 ]
 [-0.02882861  0.31192803 -0.3644215   0.60102826  0.63861716]]",80
0,1,5,,0.7928628921508789,"[[ 0.9870136   0.12475578  0.05317247 -0.06355558 -0.05808344]
 [-0.13552244  0.98285866  0.10289642 -0.06639233 -0.02503813]
 [-0.05244055 -0.11935225  0.9748693  -0.08984153 -0.15672724]
 [ 0.04392403  0.0609967   0.08012448  0.98569685 -0.12779596]
 [ 0.05252292  0.02143118  0.17261223  0.10900871  0.9772943 ]]",81
1,2,5,,0.8048669695854187,"[[ 0.9946241   0.04974689 -0.08122437 -0.03017018  0.02721073]
 [-0.05016394  0.9981053  -0.01234167 -0.00463701 -0.03309919]
 [ 0.07816097  0.01557777  0.993591   -0.07975522 -0.00801709]
 [-0.03481645 -0.00884747 -0.0773842  -0.9953035  -0.04573909]
 [-0.02975012  0.03146589  0.00624035 -0.04558735  0.9980018 ]]",81
2,3,5,,0.7652480602264404,"[[ 0.9385051  -0.33920425 -0.01898907  0.00481965 -0.06135922]
 [ 0.33961722  0.92073625  0.18607327  0.00577699  0.04741455]
 [-0.04318932 -0.18507752  0.9799856  -0.00883878  0.05857471]
 [ 0.0033526   0.00955989 -0.00230624 -0.99680835 -0.0791536 ]
 [ 0.04463026 -0.05329226 -0.06810977 -0.07898427  0.99211425]]",81
3,4,5,,0.7069411277770996,"[[ 0.9965693   0.0411898   0.05371862  0.02020887  0.0431169 ]
 [ 0.0345224  -0.99240935  0.10686116 -0.03666712  0.03418012]
 [-0.0568411   0.10078704  0.9902839   0.06229377 -0.04547836]
 [ 0.01885006  0.04072149  0.05589762 -0.9943596  -0.07817238]
 [-0.04551626  0.04013712  0.04368286 -0.07493757  0.994381  ]]",81
4,5,5,,0.6875064373016357,"[[ 0.9886588  -0.11694323 -0.05151379  0.07885322  0.00255107]
 [ 0.1286781   0.9690591   0.195269   -0.04656844 -0.0637793 ]
 [-0.02093164  0.18981104 -0.97449005 -0.09022677 -0.07590705]
 [ 0.07431527 -0.07467792  0.07748113 -0.9911253  -0.0238284 ]
 [ 0.00589757  0.07512462 -0.05985105 -0.03381338  0.9947844 ]]",81
5,6,5,,0.7352154850959778,"[[ 0.98919225  0.10648633 -0.08038942  0.05167274 -0.03204288]
 [-0.12635647  0.96122956 -0.23551895  0.03590684 -0.05756127]
 [-0.05462196 -0.24891183 -0.96132916 -0.001725   -0.10441599]
 [-0.03690585 -0.02604524 -0.03162053  0.9324329   0.35711145]
 [ 0.0344536   0.0454195  -0.11364353 -0.3558181   0.9258664 ]]",81
6,7,5,,0.6943410038948059,"[[ 9.9544585e-01 -8.7823883e-02  2.6076820e-04  1.9400224e-02
   3.1590555e-02]
 [ 8.8583991e-02  9.9047375e-01 -9.2744172e-02  1.6702201e-02
  -4.7266543e-02]
 [ 9.3998462e-03  9.4106629e-02  9.9134827e-01 -9.0141080e-02
   1.2598704e-02]
 [-2.2498265e-02 -1.8375227e-03  8.9322619e-02  9.9126774e-01
   9.4341286e-02]
 [-2.5412191e-02  4.8879728e-02 -2.5465457e-02 -9.2777140e-02
   9.9383545e-01]]",81
7,8,5,,0.7550219893455505,"[[ 0.99897516  0.00836767 -0.03781895  0.01599401  0.01710246]
 [-0.01514995  0.9793653  -0.193504    0.02834491 -0.04865181]
 [ 0.0342653   0.19732444  0.9771829  -0.00795794  0.07027915]
 [-0.01233228 -0.03076106  0.02449504  0.9898345  -0.13612278]
 [-0.0222008   0.02984216 -0.07509635  0.13822144  0.9868495 ]]",81
8,9,5,,0.7417653203010559,"[[ 9.97095942e-01 -6.49753809e-02  8.35792336e-04  2.88435668e-02
   2.72963960e-02]
 [ 6.51211441e-02  9.91207421e-01 -1.14634030e-01 -9.80523881e-03
  -5.47038857e-03]
 [ 1.01370504e-02  1.11343436e-01  9.80525434e-01 -1.58266559e-01
   3.19598727e-02]
 [-3.02864071e-02  2.98053939e-02  1.50220886e-01  9.77854788e-01
   1.39384940e-01]
 [-2.32110433e-02 -5.22622140e-04 -5.34966439e-02 -1.33505419e-01
   9.89330769e-01]]",81
9,10,5,,0.8253750205039978,"[[ 0.99675256 -0.07247347  0.00942717  0.02714599  0.02015176]
 [ 0.07287277  0.9862217  -0.14274524  0.02859692 -0.02936596]
 [ 0.00104477  0.14522637  0.9877086  -0.03022072  0.04926157]
 [-0.02883101 -0.02227412  0.03463174  0.99861604 -0.01547344]
 [-0.0184803   0.02296829 -0.0526056   0.01726751  0.9980308 ]]",81
10,11,5,,1.1433231830596924,"[[ 0.9438907  -0.19834247 -0.2293233   0.04524485  0.12285866]
 [ 0.22448443  0.91796273  0.18635426  0.2686725   0.00619878]
 [ 0.18590844 -0.07421835  0.83230287 -0.48327988  0.18341795]
 [-0.12269469 -0.17889625  0.17535415  0.57435894  0.7696135 ]
 [-0.09518974  0.28371206 -0.43497786 -0.6019305   0.5990996 ]]",81
0,1,5,,0.7845766544342041,"[[ 0.98811424  0.11319666  0.05493733 -0.059746   -0.06503116]
 [-0.12485821  0.98286885  0.11615782 -0.0629831  -0.03032841]
 [-0.05548619 -0.13321541  0.97088134 -0.09974197 -0.1631436 ]
 [ 0.04066202  0.05396564  0.09134713  0.9865588  -0.11743838]
 [ 0.05752     0.02228815  0.1803727   0.09600435  0.97695625]]",82
1,2,5,,0.7995983958244324,"[[ 0.9950964   0.01203567 -0.08918698  0.02737582  0.03057268]
 [-0.01183339  0.99949074 -0.00335313  0.01050783 -0.02750456]
 [ 0.08644436  0.00349989  0.9924416   0.08700456  0.00224026]
 [-0.03424516 -0.0116502  -0.0842194   0.995628   -0.01798781]
 [-0.03158979  0.02693243 -0.00110489  0.0171837   0.9989897 ]]",82
2,3,5,,0.7816442847251892,"[[ 0.93363875 -0.35180634 -0.02283979  0.01540503 -0.06157894]
 [ 0.35339412  0.9175977   0.17522624 -0.01304778  0.04746129]
 [-0.03824807 -0.17595245  0.9818612  -0.01694769  0.05691397]
 [-0.00424247  0.00645097  0.00979748  0.98967683  0.14277282]
 [ 0.04416255 -0.0569726  -0.06801988 -0.14087193  0.9850543 ]]",82
3,4,5,,0.72700035572052,"[[ 9.9671197e-01  6.2521882e-03  6.1450597e-02 -2.6334770e-02
   4.5348670e-02]
 [ 4.4444847e-04 -9.9522680e-01  8.3201088e-02  3.6326818e-02
   3.5795022e-02]
 [-6.0136925e-02  7.8044623e-02  9.9078363e-01 -6.3108504e-02
  -6.8247594e-02]
 [ 2.8806325e-02  3.5616137e-02  5.2573971e-02  9.8834348e-01
  -1.3533290e-01]
 [-4.6030879e-02  4.6097457e-02  6.9894306e-02  1.3107817e-01
   9.8675704e-01]]",82
4,5,5,,0.6990735530853271,"[[ 9.8740679e-01 -1.2409966e-01  5.6733280e-02  7.6619245e-02
   2.3194306e-02]
 [ 1.3709897e-01  9.6391791e-01 -2.1285540e-01 -2.4172001e-02
  -7.8578077e-02]
 [-2.2723312e-02  2.0947780e-01  9.7196639e-01 -6.2218804e-02
  -8.3742611e-02]
 [-7.5597972e-02  6.4878792e-02  6.3234985e-02  9.7407109e-01
   1.9303456e-01]
 [ 5.7574722e-04  8.5857026e-02  5.2502822e-02 -2.0213695e-01
   9.7417271e-01]]",82
5,6,5,,0.7402303218841553,"[[ 0.98849416  0.10330227 -0.08760817  0.05749136 -0.03503553]
 [-0.126964    0.9594966  -0.23411354  0.05958238 -0.06990844]
 [ 0.06342732  0.25104982  0.9607978  -0.01817854  0.0974066 ]
 [-0.04497927 -0.05155712  0.02017133  0.98651457  0.14731203]
 [ 0.02670718  0.05487033 -0.11822146 -0.14001149  0.98117095]]",82
6,7,5,,0.6881092190742493,"[[ 9.94075418e-01 -1.04382321e-01 -4.95242141e-03  2.50853859e-02
   1.62693486e-02]
 [ 1.04110725e-01  9.91172850e-01 -7.03822449e-02  1.11998292e-02
  -4.07214537e-02]
 [ 1.45326322e-02  7.09964335e-02  9.92119014e-01 -9.95765328e-02
   2.30816547e-02]
 [-2.52994467e-02  3.51845316e-04  9.90088806e-02  9.93697941e-01
   4.60586734e-02]
 [-1.11290719e-02  4.04981002e-02 -3.03148758e-02 -4.35217842e-02
   9.97708857e-01]]",82
7,8,5,,0.7402364611625671,"[[ 0.99909306 -0.01645059 -0.03434606  0.01877417  0.0032308 ]
 [ 0.00839401  0.97549236 -0.21147951  0.03013736 -0.05208047]
 [ 0.03731748  0.21331306  0.97566515 -0.01900717  0.02865732]
 [-0.01793232 -0.02871261  0.02874712  0.9957047  -0.081239  ]
 [-0.0053441   0.04262846 -0.03671428  0.08336753  0.9949152 ]]",82
8,9,5,,0.8094375729560852,"[[ 0.9966476  -0.07226297 -0.01268747  0.02558598  0.02561289]
 [ 0.06991903  0.9888305  -0.13053508 -0.0095104   0.01399174]
 [ 0.02451481  0.12605211  0.98128575 -0.14066401  0.02831876]
 [-0.02348107  0.02810102  0.13634098  0.98718816  0.074362  ]
 [-0.02554536 -0.0177076  -0.0359052  -0.07020073  0.9964018 ]]",82
9,10,5,,0.8783215284347534,"[[ 9.9574542e-01 -8.4787883e-02 -5.7279376e-05  3.5316225e-02
   7.4013839e-03]
 [ 8.2943954e-02  9.8351640e-01 -1.5541475e-01  2.8489064e-02
  -2.9162278e-02]
 [ 1.4277221e-02  1.5685211e-01  9.8600972e-01 -3.3417888e-02
   4.3148845e-02]
 [-3.6962867e-02 -2.0370113e-02  3.8600124e-02  9.9810320e-01
  -2.2776112e-02]
 [-6.4195255e-03  2.2113547e-02 -4.6273928e-02  2.4785021e-02
   9.9835575e-01]]",82
10,11,5,,1.133009433746338,"[[ 0.9529843  -0.22983691 -0.14404638 -0.07377751  0.11315238]
 [ 0.22197615  0.942983    0.06641628 -0.23768988 -0.02453867]
 [ 0.1429386   0.01406892  0.8752593   0.41241354  0.20786269]
 [-0.14323322 -0.11300209  0.13951036 -0.6205026   0.74981874]
 [-0.04000463  0.21211019 -0.43508342  0.6188311   0.61738104]]",82
0,1,5,,0.7952781915664673,"[[ 0.9860648   0.12949494  0.05603681 -0.06657823  0.05774504]
 [-0.14048027  0.9826747   0.09448187 -0.07286148  0.01949666]
 [-0.05674785 -0.11239111  0.9738837  -0.1007578   0.15983213]
 [ 0.04391357  0.06774542  0.08818883  0.98217523  0.14504032]
 [ 0.05284673  0.01898221  0.17806259  0.12425058 -0.97452676]]",83
1,2,5,,0.8199559450149536,"[[ 0.99444336  0.0582961  -0.07584034 -0.03310265 -0.02892059]
 [-0.05980512  0.9973468  -0.02745838 -0.00424703  0.03083284]
 [ 0.07193355  0.03096735  0.99413013 -0.07349846  0.01303386]
 [-0.03596373 -0.01046019 -0.07148272 -0.99441874  0.06796223]
 [ 0.03221655 -0.02885282 -0.00947717  0.06793824  0.9967067 ]]",83
2,3,5,,0.7697649598121643,"[[ 0.94158393 -0.3311652  -0.01419231 -0.0058837  -0.05927321]
 [ 0.32921192  0.9187143   0.212773   -0.01072131  0.04686489]
 [-0.05530206 -0.2087727   0.97486407 -0.00188872  0.05470034]
 [ 0.00681412  0.01002717  0.007198    0.9987169  -0.04863759]
 [-0.04398274  0.05106036  0.06414411 -0.0491047  -0.9944508 ]]",83
3,4,5,,0.7191764712333679,"[[ 0.9959799   0.06541173  0.0445258   0.01552943 -0.03900765]
 [ 0.05966752 -0.9920096   0.10233124 -0.0270451  -0.03396784]
 [-0.05023039  0.09565784  0.9902954   0.07806148  0.03934157]
 [-0.01348434 -0.03241096 -0.07241618  0.99304277 -0.08596281]
 [-0.04193881  0.03791511  0.04020623 -0.08246101 -0.9941767 ]]",83
4,5,5,,0.6819772720336914,"[[ 0.9888714  -0.11856823 -0.04995244 -0.07262211  0.01748248]
 [ 0.12982202  0.96902883  0.19428557  0.06362779  0.04831019]
 [-0.02093699  0.18911918 -0.9753113   0.09230406  0.06358779]
 [ 0.06774318 -0.08308643  0.06962597  0.9871741  -0.09564099]
 [-0.01587546 -0.06523161  0.06064627  0.0874355   0.99205345]]",83
5,6,5,,0.7464823722839355,"[[ 0.9887441   0.11782896 -0.07208818  0.03872313 -0.04248826]
 [-0.13552043  0.95789284 -0.24310158  0.01827103 -0.06814208]
 [-0.042359   -0.25573954 -0.9614552  -0.02644431 -0.08779294]
 [ 0.02088058  0.00545606  0.06131512 -0.90258044 -0.4255856 ]
 [-0.04229697 -0.05590365  0.08688638  0.42756963 -0.8970622 ]]",83
6,7,5,,0.7003692984580994,"[[ 0.9973156  -0.06070771  0.00113947  0.01496254  0.03808972]
 [ 0.06227406  0.99284947 -0.08430228  0.02007994 -0.05349636]
 [ 0.00467543  0.08673835  0.99240464 -0.08489943  0.01948794]
 [-0.02187046 -0.00176952  0.08048007  0.97964466  0.18258654]
 [-0.03135594  0.05511714 -0.03934315 -0.1801703   0.9808005 ]]",83
7,8,5,,0.7661553025245667,"[[ 0.99888647  0.02491277 -0.02508546  0.02322511  0.02089397]
 [-0.02888997  0.97490555 -0.21368921  0.01410399 -0.05350206]
 [ 0.01732953  0.21868432  0.97108305 -0.01473678  0.09304481]
 [-0.01411418 -0.02018628  0.04813357  0.9519275  -0.30151388]
 [-0.02986201  0.02661085 -0.09158855  0.30475998  0.9471711 ]]",83
8,9,5,,0.7515068054199219,"[[ 9.97701347e-01 -5.43649495e-02  9.61219054e-03  3.17427255e-02
   2.31637750e-02]
 [ 5.51610105e-02  9.92392123e-01 -1.10055067e-01 -1.45423657e-03
   9.13875294e-04]
 [ 3.74293592e-08  1.08168989e-01  9.78127003e-01 -1.62822053e-01
   7.11052418e-02]
 [-3.64746563e-02  1.87297855e-02  1.39950082e-01  9.59107280e-01
   2.42581993e-01]
 [-1.47975720e-02 -1.22848945e-02 -1.07130580e-01 -2.29330584e-01
   9.67243850e-01]]",83
9,10,5,,0.8428067564964294,"[[ 0.9981154  -0.04703408  0.01471089  0.03199895  0.01769844]
 [ 0.04867303  0.98893183 -0.13347246  0.01816302 -0.03873096]
 [-0.00852262  0.13635637  0.98896974 -0.01836436  0.05418295]
 [-0.0307046  -0.01803268  0.02774442  0.9904662  -0.13014998]
 [-0.01952729  0.02972364 -0.05601502  0.13147493  0.9890964 ]]",83
10,11,5,,1.1274932622909546,"[[ 0.9346425  -0.16700774 -0.28941786  0.02183236  0.11963475]
 [ 0.2141004   0.92084694  0.18129833 -0.2526284   0.09752776]
 [ 0.22685465 -0.08625188  0.835231    0.49197125  0.03809207]
 [-0.13127741 -0.10617606  0.03550631 -0.0942769   0.98048156]
 [-0.10912216  0.3247099  -0.4295308   0.82751334  0.11567537]]",83
0,1,5,,0.7975674867630005,"[[ 0.98348683  0.15094748  0.05028868 -0.066472    0.05496323]
 [-0.1617838   0.978546    0.0997877  -0.07547718  0.02488732]
 [-0.04663424 -0.11803041  0.9750254  -0.08870827  0.15921819]
 [ 0.04337637  0.0714763   0.07624636  0.9827463   0.14630742]
 [ 0.05023265  0.02495173  0.17614049  0.12737837 -0.974476  ]]",84
1,2,5,,0.8138590455055237,"[[ 9.9464136e-01  4.7485873e-02 -7.8626364e-02 -3.9450340e-02
  -2.6368150e-02]
 [-4.7008120e-02  9.9851751e-01  8.6057786e-04 -3.2098757e-03
   2.7237907e-02]
 [ 7.5676568e-02  2.3629458e-03  9.9439901e-01 -7.3641494e-02
   3.8851576e-03]
 [-4.2892713e-02 -6.9972752e-03 -7.0614539e-02 -9.9426448e-01
   6.7548841e-02]
 [ 3.0201551e-02 -2.5558922e-02 -1.1936784e-03  6.6695586e-02
   9.9698794e-01]]",84
2,3,5,,0.778495192527771,"[[ 0.9295792   0.36330152 -0.01281963  0.01297977  0.05967971]
 [ 0.3620489  -0.913755    0.17976898  0.00788095 -0.0399175 ]
 [-0.05080551  0.17591146  0.9805503   0.00675768 -0.07035173]
 [-0.01353587  0.00236222 -0.00966574  0.99959373 -0.02302173]
 [-0.04515148 -0.04597157  0.07711303  0.02315118  0.99466854]]",84
3,4,5,,0.7562243938446045,"[[ 0.99203086  0.10412689  0.06058329 -0.00208889 -0.03684527]
 [-0.09631909  0.98902833 -0.10828456  0.01746445  0.02269513]
 [-0.07053311  0.10003553  0.98972636  0.07357043  0.00685561]
 [ 0.00469603 -0.02226441 -0.07035591  0.9913566  -0.10837116]
 [ 0.04000434 -0.02185802 -0.00978709  0.10719158  0.9931445 ]]",84
4,5,5,,0.7083219885826111,"[[ 0.98588234 -0.1505429  -0.0506915   0.03948834  0.03526758]
 [ 0.15784144  0.9747708   0.14149193 -0.06528649  0.02501408]
 [-0.0253337   0.13769287 -0.9820027  -0.12449887  0.02386908]
 [ 0.04384822 -0.07323003  0.09629012 -0.92026347 -0.36953747]
 [-0.02361205 -0.05326155  0.06172074 -0.36303365  0.9279024 ]]",84
5,6,5,,0.7331395149230957,"[[ 0.9876075   0.13217188 -0.05390188 -0.01596659  0.06325884]
 [-0.14500271  0.9600013  -0.22146197  0.04342452  0.08025336]
 [-0.02345917 -0.2330608  -0.96988094  0.05332949  0.0402411 ]
 [-0.00577123  0.05070329 -0.07715777 -0.94302523 -0.31960273]
 [-0.05497272 -0.06356034  0.03777457 -0.3251441   0.9411655 ]]",84
6,7,5,,0.7056505084037781,"[[ 0.99608225 -0.07079515  0.02301641  0.01946561  0.04358354]
 [ 0.07395375  0.994067   -0.06640241  0.00717598 -0.04359962]
 [-0.01767579  0.06948364  0.9938736  -0.07949629  0.02748021]
 [ 0.04032384 -0.02538726 -0.04697477 -0.81661487 -0.57329124]
 [ 0.02031111 -0.03669355  0.0712009   0.57130545 -0.81656694]]",84
7,8,5,,0.749417781829834,"[[ 9.9943769e-01  2.4877587e-02 -1.0458072e-02 -1.9893080e-02
   5.1425223e-04]
 [-2.5744529e-02  9.8460913e-01 -1.6027734e-01  2.3718733e-02
   6.0254872e-02]
 [ 5.3283074e-03  1.6567837e-01  9.8235881e-01 -4.3487601e-02
  -7.4848332e-02]
 [-1.3962915e-02 -2.1231953e-02  2.4225445e-02 -7.2295457e-01
   6.9000298e-01]
 [-1.5431478e-02  4.5008995e-02 -9.2661224e-02 -6.8883032e-01
  -7.1740001e-01]]",84
8,9,5,,0.7420056462287903,"[[ 9.97484744e-01 -5.29036224e-02  5.80823468e-03  4.50956598e-02
   1.25683444e-02]
 [ 5.25567383e-02  9.92133260e-01 -1.12483121e-01  1.60232391e-02
  -5.05652628e-04]
 [ 3.85104259e-03  1.12747885e-01  9.79617774e-01 -1.13041714e-01
   1.21834695e-01]
 [ 4.54104170e-02  7.34689413e-03 -3.15681808e-02 -8.42378020e-01
  -5.35991311e-01]
 [-1.36003178e-02  1.03343399e-02  1.63298249e-01  5.24719417e-01
  -8.35291147e-01]]",84
9,10,5,,0.81867516040802,"[[ 0.99889964 -0.02302777  0.03787762  0.01509671  0.00258003]
 [ 0.02942056  0.983544   -0.17208242 -0.02168846  0.04114547]
 [-0.03337821  0.17644748  0.9801332   0.03184114 -0.07795668]
 [-0.01370984 -0.00908499  0.03828736  0.67064416  0.7406078 ]
 [-0.00565035  0.02991222 -0.08261918  0.74062425 -0.66612554]]",84
10,11,5,,1.1345919370651245,"[[ 0.8857714  -0.11018526 -0.44564703 -0.00361312  0.06821854]
 [ 0.28395203  0.8388624   0.3756295  -0.2505919   0.10856882]
 [ 0.33204272 -0.3040325   0.74052984  0.49513137  0.06142011]
 [-0.15606847  0.22248667 -0.25194198  0.5228635   0.76764655]
 [ 0.01305309 -0.3771379   0.22009559 -0.64703107  0.6249042 ]]",84
0,1,5,,0.7884717583656311,"[[ 0.9861615   0.12776457  0.05259781 -0.06530431 -0.06426951]
 [-0.13961905  0.98112     0.10739489 -0.07475829 -0.02806596]
 [-0.05259096 -0.12608989  0.97240394 -0.09920693 -0.16100982]
 [ 0.04210024  0.06710651  0.08675098  0.982063   -0.14748159]
 [ 0.05876922  0.02603667  0.1805678   0.12592378  0.9733482 ]]",85
1,2,5,,0.796726644039154,"[[ 0.99456877  0.04081235 -0.08386144 -0.03473498  0.03046313]
 [-0.04147196  0.9985968  -0.01317521 -0.00789222 -0.02913071]
 [ 0.08052838  0.01573263  0.9935831  -0.07776287 -0.00364063]
 [-0.03911951 -0.01185855 -0.07470783 -0.9952395  -0.0473933 ]
 [-0.03313349  0.02739718  0.00225203 -0.04671689  0.99798006]]",85
2,3,5,,0.783299446105957,"[[ 9.2056561e-01 -3.8456801e-01 -2.6489111e-02  5.4394635e-03
  -6.2730357e-02]
 [ 3.8484371e-01  9.0152532e-01  1.9402011e-01 -5.7947547e-03
   3.8340829e-02]
 [-4.8140265e-02 -1.9254945e-01  9.7818685e-01  3.4189424e-03
   6.1204623e-02]
 [-2.1635920e-04 -5.0759027e-03  6.3122450e-03 -9.9808842e-01
  -6.1268765e-02]
 [ 4.6224575e-02 -4.7523022e-02 -6.9030240e-02 -6.1193649e-02
   9.9352658e-01]]",85
3,4,5,,0.7167716026306152,"[[ 0.9971493   0.01303456  0.05697221  0.01506836  0.04528194]
 [ 0.00679283 -0.9950653   0.09080111 -0.0246122   0.0307961 ]
 [-0.05623498  0.08584771  0.98904437  0.08758781 -0.05989439]
 [ 0.01466909  0.02874666  0.07992182 -0.991036   -0.10207176]
 [-0.04763971  0.03845834  0.06255396 -0.09666052  0.99146116]]",85
4,5,5,,0.6885361075401306,"[[ 0.9877732  -0.12845084 -0.05030686  0.07228841 -0.00693107]
 [ 0.13826689  0.97112864  0.17730029 -0.04652683 -0.06473972]
 [-0.02106357  0.17247726 -0.97794765 -0.0929122  -0.06923589]
 [ 0.06728235 -0.07205316  0.08037432 -0.9918689  -0.00418734]
 [ 0.01468768  0.07395558 -0.05649908 -0.01315689  0.9954645 ]]",85
5,6,5,,0.7331807613372803,"[[ 0.98641735  0.12755002 -0.0820178   0.04388847 -0.04537231]
 [-0.14697675  0.9616229  -0.21968912  0.02761209 -0.06821606]
 [-0.05274971 -0.23389296 -0.9676161  -0.02146241 -0.07596073]
 [-0.02839902 -0.01800455 -0.0401841   0.9460573   0.31973442]
 [ 0.04230332  0.06310506 -0.08434527 -0.31910226  0.94089735]]",85
6,7,5,,0.6959571838378906,"[[ 9.96393025e-01 -7.75182992e-02  4.73808759e-04  1.65905356e-02
   3.02714240e-02]
 [ 7.82232061e-02  9.93603289e-01 -6.63808361e-02  2.23585907e-02
  -4.15605493e-02]
 [ 5.84693765e-03  6.83182180e-02  9.94163752e-01 -8.24042037e-02
   1.20958127e-02]
 [-2.09747367e-02 -1.01011461e-02  8.13202709e-02  9.89015996e-01
   1.21212088e-01]
 [-2.46560145e-02  4.44293693e-02 -2.48737819e-02 -1.19506165e-01
   9.91220295e-01]]",85
7,8,5,,0.766173243522644,"[[ 0.99936134  0.00540629 -0.0260922   0.01907433  0.01425448]
 [-0.01028484  0.9776905  -0.20300217  0.02054001 -0.04882282]
 [ 0.02399183  0.2068436   0.97510165 -0.03311241  0.06870558]
 [-0.01434007 -0.01993511  0.05193083  0.97797275 -0.20067254]
 [-0.01974907  0.03017131 -0.06774417  0.20417437  0.9759218 ]]",85
8,9,5,,0.7440705895423889,"[[ 9.9742770e-01 -6.0418155e-02  7.6738064e-04  3.1116391e-02
   2.2776641e-02]
 [ 6.0086861e-02  9.9277389e-01 -1.0381036e-01  1.9006241e-03
   3.0639421e-03]
 [ 8.7952027e-03  1.0220847e-01  9.8151773e-01 -1.5055673e-01
   5.8580004e-02]
 [-3.3034448e-02  1.4375887e-02  1.4049004e-01  9.7912580e-01
   1.4239874e-01]
 [-1.8944290e-02 -9.8199006e-03 -7.8155272e-02 -1.3294213e-01
   9.8780710e-01]]",85
9,10,5,,0.8307818174362183,"[[ 0.9972462  -0.06715497  0.00414183  0.03092775  0.00406577]
 [ 0.0666308   0.9805118  -0.18225841  0.00882937 -0.02934001]
 [ 0.00884484  0.18325968  0.9820477  -0.02364128  0.03689342]
 [-0.03043149 -0.0058747   0.03121142  0.98569614 -0.16269076]
 [-0.00748511  0.02163727 -0.03705333  0.16373646  0.98554206]]",85
10,11,5,,1.113746166229248,"[[ 0.9399247  -0.21404856 -0.23875593  0.03162557  0.1127841 ]
 [ 0.2326284   0.9283527   0.09396565 -0.25752312  0.09432682]
 [ 0.19629824  0.00318695  0.8426578   0.5012028   0.01343543]
 [-0.137534   -0.04239154 -0.02764227  0.07416715  0.986419  ]
 [-0.07054821  0.30089408 -0.472578    0.82217795 -0.07196652]]",85
0,1,5,,0.7866889238357544,"[[ 0.98736256  0.11922165  0.05291111 -0.06601375 -0.06118707]
 [-0.1307866   0.9825565   0.10731415 -0.07337724 -0.02402049]
 [-0.05370614 -0.1249196   0.97260344 -0.10284131 -0.15804124]
 [ 0.04371124  0.06562357  0.09067478  0.9817299  -0.14753748]
 [ 0.0567002   0.02138911  0.17749593  0.12604755  0.97413284]]",86
1,2,5,,0.8004674911499023,"[[ 0.99348485  0.06257924 -0.08187965 -0.03511273 -0.03368283]
 [-0.06338488  0.99739635 -0.01724362 -0.00391216  0.02950107]
 [ 0.07777032  0.02172233  0.9934967  -0.0802283   0.00275568]
 [-0.03945179 -0.00906547 -0.07720263 -0.9951932   0.04462861]
 [-0.03695372  0.02702585  0.00154465 -0.0436554  -0.997996  ]]",86
2,3,5,,0.7732542753219604,"[[ 0.9290245  -0.36437285 -0.02539027  0.01044351 -0.0582427 ]
 [ 0.36429524  0.9082758   0.20138098  0.00531568  0.04173123]
 [-0.04831377 -0.19981167  0.97709143  0.00677102  0.05465731]
 [ 0.00736339  0.00419584  0.01332976 -0.99553    -0.09311631]
 [-0.04259185  0.04822022  0.06257425  0.09347184 -0.99156857]]",86
3,4,5,,0.7153342366218567,"[[ 0.9968259   0.02876048  0.05569542  0.01976    -0.04492905]
 [ 0.02262705 -0.99468714  0.09002321 -0.0273276  -0.03513461]
 [-0.0566004   0.08374198  0.9893313   0.08493501  0.06159065]
 [ 0.02013344  0.03005507  0.07569994 -0.9886055   0.12497982]
 [-0.04708791  0.04306057  0.06547555 -0.1196156  -0.98860186]]",86
4,5,5,,0.6843980550765991,"[[ 9.87514734e-01 -1.23161025e-01 -5.59328608e-02  8.07295516e-02
  -5.62098227e-04]
 [ 1.36249736e-01  9.66654122e-01  1.97873950e-01 -5.53181618e-02
  -6.92945719e-02]
 [-2.52067912e-02  1.94188476e-01 -9.75564182e-01 -7.18008280e-02
  -6.90987259e-02]
 [ 7.39899278e-02 -8.24446604e-02  5.80042116e-02 -9.90995884e-01
  -4.78649512e-02]
 [-1.18668433e-02 -7.68439621e-02  5.12587503e-02  5.65195121e-02
  -9.94048417e-01]]",86
5,6,5,,0.7365701794624329,"[[ 0.985562    0.13390484 -0.08212396  0.04337469 -0.04594783]
 [-0.15392807  0.95752597 -0.23145367  0.02745618 -0.07159247]
 [-0.04971676 -0.24648657 -0.96441776 -0.01941943 -0.07933385]
 [-0.0287965  -0.01895726 -0.03709753  0.9543679   0.2943078 ]
 [ 0.04089702  0.06401904 -0.09059261 -0.29354662  0.9486055 ]]",86
6,7,5,,0.6925387978553772,"[[ 0.99735045 -0.06446198 -0.0056268   0.01768593  0.02814753]
 [ 0.06514264  0.9943784  -0.0614858   0.01693826 -0.05385874]
 [ 0.01048752  0.06344095  0.99436736 -0.08096016  0.02333281]
 [-0.01992794 -0.00614952  0.07948816  0.99307704  0.08393247]
 [-0.02326819  0.05471585 -0.03321408 -0.08150902  0.9943429 ]]",86
7,8,5,,0.7565407156944275,"[[ 0.9991988   0.01922329 -0.02312483  0.02319015  0.0126393 ]
 [-0.02365326  0.9726243  -0.22431782  0.01804807 -0.05289788]
 [ 0.0180451   0.22853537  0.97043306 -0.03557326  0.06663442]
 [-0.0192019  -0.01595409  0.05175545  0.9840261  -0.16849564]
 [-0.01865512  0.03390242 -0.06875895  0.17194094  0.98194253]]",86
8,9,5,,0.7535037398338318,"[[ 9.9760008e-01 -5.8609053e-02  6.6265355e-05  2.8471081e-02
   2.3420643e-02]
 [ 5.8282774e-02  9.9343413e-01 -9.8196670e-02 -2.3475771e-03
   6.6044913e-03]
 [ 8.5083870e-03  9.5903561e-02  9.8258936e-01 -1.4881290e-01
   5.5704750e-02]
 [-3.0283822e-02  1.6891943e-02  1.3898060e-01  9.7959512e-01
   1.4097954e-01]
 [-2.0193337e-02 -1.3067082e-02 -7.4565358e-02 -1.3202992e-01
   9.8814452e-01]]",86
9,10,5,,0.8392589688301086,"[[ 0.9976133  -0.05790216  0.01133013  0.03482579  0.00859293]
 [ 0.05893566  0.98581547 -0.1515741   0.01002127 -0.04024149]
 [-0.0015451   0.15340279  0.98728275 -0.02922479  0.02973   ]
 [-0.03497834 -0.00554656  0.03212212  0.99706477 -0.05979862]
 [-0.00827194  0.03538493 -0.03373193  0.06078323  0.9969188 ]]",86
10,11,5,,1.1216951608657837,"[[ 0.9454212  -0.17670214 -0.24294841  0.03021687  0.12254839]
 [ 0.2076811   0.9212551   0.13404824 -0.29336217  0.06424353]
 [ 0.19507314 -0.03028043  0.86757153  0.452523    0.05976794]
 [-0.12513351 -0.10672291  0.05520411 -0.18674996  0.9669689 ]
 [-0.09661996  0.3282661  -0.4089979   0.820593    0.205557  ]]",86
0,1,5,,0.7876778244972229,"[[ 0.9861152   0.13143632  0.05126251 -0.06404002 -0.05976762]
 [-0.14264041  0.98065424  0.11295655 -0.06598835 -0.02928063]
 [-0.04774909 -0.12881973  0.9752435  -0.07181704 -0.15769558]
 [ 0.04508342  0.0620364   0.06313779  0.98735774 -0.12352035]
 [ 0.05401712  0.02446957  0.17183323  0.10729121  0.97746885]]",87
1,2,5,,0.7931532859802246,"[[ 0.9907     -0.09488223 -0.08135683 -0.04089576  0.03492256]
 [-0.09391794 -0.9951223   0.00547568 -0.00252662 -0.02957271]
 [ 0.07766538 -0.00193877  0.9935237  -0.08236022  0.00958473]
 [-0.04505008  0.00778503 -0.07845283 -0.9946904  -0.04843635]
 [-0.04039326 -0.02577777 -0.01034296 -0.04614097  0.99773145]]",87
2,3,5,,0.7744590044021606,"[[ 9.1271043e-01  4.0342027e-01 -3.4397423e-02 -2.7138372e-03
  -5.4965366e-02]
 [-4.0506014e-01  8.9778090e-01 -1.7029898e-01 -1.5375463e-05
  -3.0231958e-02]
 [-3.5234381e-02  1.7264977e-01  9.8203689e-01  5.3528026e-03
   6.7271389e-02]
 [-6.0021039e-03 -3.3200725e-03  1.1415673e-02 -9.9654543e-01
  -8.1974566e-02]
 [ 4.0105503e-02  3.7716664e-02 -7.2720371e-02 -8.2832240e-02
   9.9238080e-01]]",87
3,4,5,,0.7201461791992188,"[[ 0.99557626  0.05084161  0.06577267  0.01654633  0.04053642]
 [-0.04377132  0.99387693 -0.09379539  0.02497386 -0.02952094]
 [-0.06895724  0.08644018  0.9885204   0.08739664 -0.05442687]
 [ 0.0145116   0.02947187  0.0793786  -0.98924625 -0.11837072]
 [-0.04411668  0.03582333  0.05833429 -0.11338483  0.9902078 ]]",87
4,5,5,,0.6984230279922485,"[[ 0.9862168  -0.1410046  -0.05630116 -0.0650754   0.00945893]
 [ 0.152063    0.96964484  0.17100643  0.06394173  0.05774146]
 [-0.02663578  0.16770414 -0.97979     0.08894528  0.05715045]
 [ 0.05917517 -0.07484529  0.06431045  0.97822994 -0.17270434]
 [ 0.00648635  0.07861413 -0.05884494 -0.16380334 -0.9815719 ]]",87
5,6,5,,0.72353595495224,"[[ 0.98130685  0.17006226 -0.06576204  0.0444217  -0.042636  ]
 [-0.18317781  0.96109897 -0.19267657  0.0107007  -0.07413455]
 [-0.03180748 -0.20687391 -0.97505367 -0.01770373 -0.0717526 ]
 [ 0.02470361 -0.01153891  0.05246219 -0.87864137 -0.47380757]
 [-0.04313752 -0.06661575  0.07119834  0.47496116 -0.873524  ]]",87
6,7,5,,0.696209728717804,"[[ 9.9760962e-01 -5.6747977e-02  1.3462061e-02  1.3579222e-02
   3.4484427e-02]
 [ 5.9101321e-02  9.9496251e-01 -5.7293393e-02  1.3840989e-02
  -5.5520713e-02]
 [-8.9566149e-03  5.9217107e-02  9.9421704e-01 -8.9069113e-02
   3.5053228e-03]
 [-1.9569617e-02  5.8181916e-04  8.7554902e-02  9.8537159e-01
   1.4489186e-01]
 [-2.8617777e-02  5.7639197e-02 -2.0071523e-02 -1.4399144e-01
   9.8728025e-01]]",87
7,8,5,,0.7517537474632263,"[[ 0.998476    0.04929616 -0.01193794  0.01925283  0.010115  ]
 [-0.05017162  0.9802937  -0.18062983  0.01206216 -0.06110957]
 [ 0.00199937  0.18583633  0.9789662  -0.01592517  0.08265884]
 [-0.01406351 -0.02192499  0.04334872  0.9589549  -0.27901232]
 [-0.01807314  0.0397274  -0.08352515  0.28219798  0.95471615]]",87
8,9,5,,0.7459394931793213,"[[ 9.9794310e-01 -4.6048257e-02  4.2673233e-03  3.3082623e-02
   2.9604854e-02]
 [ 4.6003599e-02  9.9532419e-01 -8.3031029e-02  1.5829792e-02
  -8.2882522e-03]
 [ 3.2270779e-03  8.4751345e-02  9.8279846e-01 -1.5478915e-01
   5.4353077e-02]
 [-4.0649913e-02  3.7045468e-04  1.3263522e-01  9.4523513e-01
   2.9544196e-01]
 [-1.8176898e-02  5.1365769e-03 -9.7993195e-02 -2.8500155e-01
   9.5331776e-01]]",87
9,10,5,,0.8211319446563721,"[[ 0.9989182  -0.03292171  0.02743454  0.00863792  0.0158548 ]
 [ 0.0374606   0.9850091  -0.16194004  0.01592252 -0.0433102 ]
 [-0.02157765  0.16463777  0.9844346  -0.05142692  0.02593361]
 [-0.01144254 -0.00369977  0.05012977  0.9951011   0.08435748]
 [-0.01275379  0.03942128 -0.03739326 -0.08246775  0.9950297 ]]",87
10,11,5,,1.1309829950332642,"[[ 0.92293817 -0.04955891 -0.37037933  0.03540775  0.08540752]
 [ 0.11345732  0.93759066  0.14590283 -0.28626418  0.06939995]
 [ 0.2980818  -0.01857861  0.8126031   0.4927279   0.0877352 ]
 [-0.00527201 -0.22341454  0.17137888 -0.4397273   0.8528349 ]
 [-0.21548091  0.2611674  -0.38966256  0.6932952   0.5028562 ]]",87
0,1,5,,0.7909585237503052,"[[ 0.9853474   0.13478453  0.05328044 -0.06542187 -0.06168196]
 [-0.14622793  0.9804042   0.10716892 -0.07355107 -0.02302298]
 [-0.05242879 -0.12557402  0.97165805 -0.10255377 -0.1638467 ]
 [ 0.04189418  0.06662412  0.08932527  0.9816215  -0.14915203]
 [ 0.05660269  0.02081142  0.183242    0.12732707  0.97291994]]",88
1,2,5,,0.8027936816215515,"[[ 0.9944683   0.04779762 -0.0813095  -0.03509426 -0.03008948]
 [-0.04917078  0.9981714  -0.02156322 -0.00695969  0.02688508]
 [ 0.07745595  0.02455693  0.9935353  -0.07902478  0.00633918]
 [-0.03927179 -0.0118475  -0.07610446 -0.99502933  0.04941862]
 [-0.03276213  0.02501937  0.00441313 -0.04890572 -0.9979426 ]]",88
2,3,5,,0.7750257849693298,"[[ 9.3047351e-01 -3.5988536e-01 -2.2377703e-02 -4.1005872e-03
  -6.4682961e-02]
 [ 3.6028293e-01  9.1232193e-01  1.9026209e-01  2.3808752e-03
   4.0737703e-02]
 [-4.5403488e-02 -1.8891388e-01  9.7916269e-01  3.9659576e-03
   5.8947928e-02]
 [ 1.0175935e-03 -7.2934042e-04 -1.4835414e-03  9.9902415e-01
  -4.4123828e-02]
 [-4.8503976e-02  4.9620785e-02  6.7363888e-02 -4.3731775e-02
  -9.9435145e-01]]",88
3,4,5,,0.7140655517578125,"[[ 0.9968445   0.03985174  0.05188519  0.01376908  0.0427944 ]
 [ 0.03367804 -0.9939571   0.09668683 -0.02387041  0.0315736 ]
 [-0.05448683  0.09105939  0.98985606  0.08420815 -0.04281737]
 [-0.01278676 -0.02865357 -0.07807288  0.9914021   0.10021   ]
 [-0.04510716  0.03671861  0.04526762 -0.09628893  0.992621  ]]",88
4,5,5,,0.6859018206596375,"[[ 0.9896561  -0.11685336 -0.04614038 -0.06707645  0.0172602 ]
 [ 0.12598775  0.97300255  0.1773614   0.05552385  0.05341506]
 [-0.01952935  0.17154992 -0.97775847  0.1015722   0.06213402]
 [ 0.06316868 -0.07609257  0.08374726  0.9891513  -0.06917866]
 [ 0.01833642  0.06627125 -0.05821261 -0.06066794 -0.99408376]]",88
5,6,5,,0.7374773621559143,"[[ 0.98843575  0.11382    -0.07811951  0.04277395 -0.04590768]
 [-0.13307977  0.9620955  -0.22614372  0.02848309 -0.06862757]
 [-0.05135959 -0.23902111 -0.966168   -0.02550648 -0.07810196]
 [ 0.02402493  0.01471826  0.05081648 -0.9192984  -0.38924846]
 [-0.04549227 -0.06379265  0.0818136   0.38935718 -0.9140943 ]]",88
6,7,5,,0.6972458958625793,"[[ 9.9648547e-01 -7.3273025e-02 -1.1611590e-04  2.0373682e-02
   3.5110686e-02]
 [ 7.3962405e-02  9.9359995e-01 -7.2174832e-02  2.3175465e-02
  -3.9273530e-02]
 [ 6.6451724e-03  7.4157581e-02  9.9396539e-01 -7.9083264e-02
   1.5338545e-02]
 [-2.5849145e-02 -9.9182893e-03  7.7243388e-02  9.8665112e-01
   1.4066458e-01]
 [-2.8879462e-02  4.2337898e-02 -2.9277442e-02 -1.3897210e-01
   9.8853588e-01]]",88
7,8,5,,0.7542599439620972,"[[ 0.9992174   0.0023866  -0.02771957  0.02328643  0.01575946]
 [-0.00771152  0.977239   -0.2053129   0.01955796 -0.04907587]
 [ 0.02581409  0.2089034   0.9748982  -0.01643188  0.0706857 ]
 [-0.01710099 -0.02404459  0.04094755  0.9633378  -0.26350147]
 [-0.02337545  0.02791654 -0.07053387  0.26605552  0.960684  ]]",88
8,9,5,,0.73367840051651,"[[ 9.97536361e-01 -5.68424873e-02 -6.10133540e-03  3.36901471e-02
   2.27601361e-02]
 [ 5.58251031e-02  9.91966486e-01 -1.13499776e-01 -9.86941974e-04
   1.71429105e-03]
 [ 1.51878055e-02  1.11326799e-01  9.82624531e-01 -1.30583033e-01
   6.90854490e-02]
 [-3.52506526e-02  1.60321742e-02  1.16825208e-01  9.77944553e-01
   1.68750152e-01]
 [-1.82106141e-02 -1.09904502e-02 -8.87777582e-02 -1.59488127e-01
   9.82969761e-01]]",88
9,10,5,,0.8291071057319641,"[[ 0.99693996 -0.06974685  0.00690745  0.03443499  0.0035518 ]
 [ 0.06959318  0.98029923 -0.18103996  0.01074744 -0.03576664]
 [ 0.00626821  0.18273868  0.9819573  -0.01310618  0.04642516]
 [-0.03384922 -0.0115839   0.0258433   0.97417504 -0.22143887]
 [-0.00907985  0.02492381 -0.04763129  0.22250833  0.9734051 ]]",88
10,11,5,,1.1371597051620483,"[[ 0.9277533  -0.22584124 -0.27615508 -0.01388595  0.10869731]
 [ 0.26853102  0.8918504   0.21901162 -0.27898735  0.08181635]
 [ 0.21436849 -0.10314023  0.8080008   0.5334955   0.07697731]
 [-0.14141735 -0.03709684 -0.05557153 -0.00868967  0.9876544 ]
 [-0.03481655  0.37627715 -0.46884832  0.7982984  -0.01020868]]",88
0,1,5,,0.7923336625099182,"[[ 0.98614913  0.13198164  0.05421711 -0.06544492 -0.05355513]
 [-0.14230812  0.9826445   0.09664978 -0.06658795 -0.01957186]
 [-0.05274806 -0.11251107  0.9761027  -0.08472767 -0.15685558]
 [ 0.04602914  0.06359895  0.07541276  0.98622566 -0.12453206]
 [ 0.04855069  0.01694404  0.17104325  0.10706564  0.9780781 ]]",89
1,2,5,,0.8156458735466003,"[[ 0.99444425  0.05048941 -0.08231786 -0.02986079 -0.02938558]
 [-0.05090681  0.9980709  -0.01296456 -0.00431448  0.0328069 ]
 [ 0.0794058   0.01634351  0.9937647  -0.07604846  0.00871474]
 [-0.03372137 -0.00898609 -0.07382007 -0.9947888   0.06105654]
 [-0.03235232  0.0309427   0.00616453 -0.06084011 -0.9971241 ]]",89
2,3,5,,0.7631645202636719,"[[ 0.94991416 -0.30767998 -0.01202479  0.00496343 -0.05316664]
 [ 0.30641112  0.9281401   0.20224783  0.0163801   0.05912411]
 [-0.04960079 -0.19981831  0.97731346  0.00428818  0.04952164]
 [ 0.0070955   0.01702571  0.01163854 -0.99748033 -0.06750866]
 [-0.03556066  0.06059436  0.06061494  0.06871507 -0.9933115 ]]",89
3,4,5,,0.7208055853843689,"[[ 0.9920068   0.11041654  0.04600553  0.01928161  0.03524918]
 [ 0.10469033 -0.9884098   0.10085659 -0.0280343   0.0335852 ]
 [-0.0561443   0.09192857  0.991077    0.06827144 -0.0387608 ]
 [ 0.01623236  0.03289365  0.06239141 -0.99251395 -0.09837668]
 [-0.03933016  0.03635018  0.03981454 -0.09538055  0.99320143]]",89
4,5,5,,0.6881358623504639,"[[ 0.984082   -0.1447645  -0.06643087 -0.07872603  0.00387341]
 [ 0.16066249  0.9607521   0.20337601  0.07328007  0.06641606]
 [-0.03006094  0.199834   -0.97328216  0.0816076   0.07228255]
 [ 0.0693552  -0.09410924  0.05626743  0.98907304 -0.07001252]
 [ 0.00750854  0.08490201 -0.06148966 -0.05921914 -0.9926971 ]]",89
5,6,5,,0.7373718619346619,"[[ 0.9872427   0.13571464 -0.06336142  0.04199743 -0.0339838 ]
 [-0.1495538   0.9599538  -0.22420089  0.01444153 -0.07515194]
 [-0.03228873 -0.23788156 -0.96633685 -0.00495066 -0.09240381]
 [ 0.02663204 -0.00605464  0.04767529 -0.8941468  -0.4443903 ]
 [-0.03512327 -0.0587026   0.09818108  0.4455387  -0.88722944]]",89
6,7,5,,0.7010313272476196,"[[ 9.9751294e-01 -5.7716858e-02  4.9032741e-03  1.2619801e-02
   3.8123306e-02]
 [ 5.9960056e-02  9.9309719e-01 -7.6987632e-02  1.9744946e-02
  -6.2013954e-02]
 [-8.6739274e-05  8.0425680e-02  9.9214399e-01 -9.1977477e-02
   2.6872177e-02]
 [-1.7447798e-02 -4.8370068e-03  8.9163564e-02  9.8974669e-01
   1.1010753e-01]
 [-3.2684546e-02  6.2729321e-02 -4.1821022e-02 -1.0673640e-01
   9.9088603e-01]]",89
7,8,5,,0.7743797898292542,"[[ 0.9984502   0.04528357 -0.01750491  0.01999941  0.0184442 ]
 [-0.04703455  0.97527677 -0.20796557  0.01053411 -0.05711566]
 [ 0.00603822  0.21265858  0.97385055 -0.00400748  0.07961776]
 [-0.01217645 -0.0211395   0.03262363  0.9550665  -0.29357898]
 [-0.02646155  0.03337556 -0.08363483  0.29550135  0.9507208 ]]",89
8,9,5,,0.7632921934127808,"[[ 0.997493   -0.05545436  0.00660309  0.03717265  0.02251626]
 [ 0.0555087   0.99305457 -0.10332989  0.00889853  0.00227189]
 [ 0.00382502  0.10288198  0.97805756 -0.16632396  0.07169648]
 [-0.04141233  0.00843946  0.14667737  0.9628382   0.22280534]
 [-0.01402659 -0.01056024 -0.10568108 -0.2093275   0.97195953]]",89
9,10,5,,0.8353760242462158,"[[ 0.99925405 -0.01928485  0.01624902  0.01715479  0.0236914 ]
 [ 0.02156238  0.9922272  -0.11686928  0.01603717 -0.03323745]
 [-0.01472652  0.11908234  0.99129486 -0.01791353  0.05114762]
 [-0.01526892 -0.01632112  0.02516815  0.99378264 -0.10612786]
 [-0.02401164  0.02581448 -0.05271206  0.10734855  0.9921969 ]]",89
10,11,5,,1.1081353425979614,"[[ 0.9371696  -0.0712754  -0.3171446   0.05652946  0.11338749]
 [ 0.10634142  0.95557964  0.08896847 -0.24330942  0.091892  ]
 [ 0.2650395  -0.01559299  0.8771563   0.39627594  0.05543553]
 [-0.111924   -0.11440217  0.02388194 -0.11953755  0.97955376]
 [-0.16622794  0.26164162 -0.3486121   0.87537485  0.12688756]]",89
0,1,5,,0.789509117603302,"[[ 0.98682755  0.12549563  0.051291   -0.06707579  0.05737768]
 [-0.13663709  0.98227084  0.1014191  -0.07523759  0.02297073]
 [-0.05129623 -0.11896654  0.97426206 -0.09925789  0.15548956]
 [ 0.04468101  0.06890892  0.08672322  0.98136294  0.15053546]
 [ 0.05360878  0.02220915  0.174287    0.1300565  -0.9743419 ]]",90
1,2,5,,0.8066192865371704,"[[ 0.9933994   0.06614771 -0.07945187 -0.03750053 -0.03260662]
 [-0.06652921  0.9972609  -0.01257203 -0.0024569   0.02967105]
 [ 0.07555646  0.01727473  0.99399906 -0.0771088   0.00358734]
 [-0.04116929 -0.00776065 -0.07410926 -0.9948645   0.05474792]
 [ 0.03643864 -0.02713731 -0.0017304   0.05372679  0.99752   ]]",90
2,3,5,,0.7686012387275696,"[[ 0.9323912  -0.35646224 -0.0199681  -0.00424352 -0.05625492]
 [ 0.35537624  0.91173947  0.20165892 -0.00571388  0.04171179]
 [-0.05158715 -0.19864574  0.9770182  -0.00542186  0.05731304]
 [ 0.00319753  0.00549114  0.0103891   0.9980773  -0.06077432]
 [-0.04102363  0.04664228  0.06528839 -0.06133332 -0.99404085]]",90
3,4,5,,0.7177503108978271,"[[ 0.99576706  0.05374192  0.05748112  0.01373556 -0.04546463]
 [ 0.0466678  -0.9929329   0.1013009  -0.02578028 -0.0313012 ]
 [-0.06125951  0.09440583  0.9890431   0.08391123  0.04568844]
 [-0.01347166 -0.03000626 -0.07591201  0.9883288  -0.12791291]
 [-0.04833087  0.03718998  0.04965033 -0.12374091 -0.9891936 ]]",90
4,5,5,,0.6862308382987976,"[[ 0.98687524 -0.13048159 -0.05706702 -0.07451732  0.01556429]
 [ 0.14293599  0.9681891   0.18547246  0.06748334  0.05678974]
 [-0.02710673  0.18188138 -0.97751004  0.08374225  0.06037972]
 [ 0.06813157 -0.0860497   0.06178971  0.9887122  -0.08114068]
 [-0.01642525 -0.07140713  0.05476709  0.0729975   0.99312794]]",90
5,6,5,,0.7347005009651184,"[[ 0.98463464  0.14484623 -0.07456966  0.04054049 -0.04806405]
 [-0.16255072  0.9548367  -0.23446125  0.00713914 -0.08271059]
 [-0.03882687 -0.24994184 -0.963638   -0.03153671 -0.08017981]
 [ 0.02410343 -0.00797525  0.0643344  -0.9136096  -0.40066686]
 [-0.04453675 -0.0690785   0.08203781  0.40327206 -0.9076817 ]]",90
6,7,5,,0.6934468150138855,"[[ 9.97407854e-01 -6.06671870e-02 -3.70346010e-04  1.88666936e-02
   3.37769091e-02]
 [ 6.21578060e-02  9.94582653e-01 -6.05650544e-02  1.13281095e-02
  -5.60827814e-02]
 [ 4.57134284e-03  6.28819317e-02  9.94697571e-01 -7.51686394e-02
   3.08473241e-02]
 [-2.27155946e-02  1.29564106e-03  7.10724443e-02  9.89845097e-01
   1.20985895e-01]
 [-2.78745200e-02  5.62938713e-02 -4.30970974e-02 -1.18625328e-01
   9.90012467e-01]]",90
7,8,5,,0.7559633255004883,"[[ 0.999037    0.03029258 -0.01818821  0.02330151  0.01155663]
 [-0.03296538  0.97528714 -0.2106904   0.00929437 -0.05702129]
 [ 0.01058233  0.21537472  0.97311056 -0.01371601  0.07980926]
 [-0.01906503 -0.01519267  0.03541942  0.9743508  -0.22088826]
 [-0.01904701  0.03578044 -0.0841434   0.2232106   0.97028553]]",90
8,9,5,,0.7473407983779907,"[[ 0.99770033 -0.05536124  0.00191931  0.03274193  0.02129416]
 [ 0.05510499  0.9937409  -0.09694382  0.00290201  0.00598825]
 [ 0.00652443  0.09543075  0.9822366  -0.14333563  0.07427274]
 [-0.0357753   0.01024941  0.12602931  0.97137666  0.19788636]
 [-0.01533052 -0.01421268 -0.09962907 -0.18655235  0.97715676]]",90
9,10,5,,0.832989513874054,"[[ 0.99838084 -0.04319311  0.01874206  0.03086087  0.00814729]
 [ 0.04557499  0.98754746 -0.14415777  0.00667534 -0.04297689]
 [-0.0116488   0.1469767   0.98744994 -0.02982817  0.04811526]
 [-0.03042519 -0.00579257  0.03701323  0.98955715 -0.13582109]
 [-0.00985974  0.03533803 -0.04939562  0.13744062  0.9885971 ]]",90
10,11,5,,1.1256613731384277,"[[ 0.93162423 -0.14630133 -0.31374186  0.02716707  0.1072393 ]
 [ 0.20054942  0.9212773   0.17416032 -0.26868945  0.09220786]
 [ 0.24970907 -0.08096761  0.83950275  0.47235242  0.05664005]
 [-0.12280199 -0.0993327   0.01019084 -0.08814605  0.9834527 ]
 [-0.12008891  0.3367809  -0.4078794   0.83437485  0.09803185]]",90
0,1,5,,0.7895805239677429,"[[ 0.9873318   0.11938166  0.0514852  -0.06415734 -0.06447501]
 [-0.1311198   0.98226434  0.1091134  -0.07142954 -0.0309261 ]
 [-0.05206458 -0.12718987  0.9729203  -0.09925301 -0.15712129]
 [ 0.04242266  0.06292132  0.0878658   0.98304874 -0.14190197]
 [ 0.05893289  0.02772011  0.17649189  0.12060606  0.9747119 ]]",91
1,2,5,,0.7954763770103455,"[[ 0.9950163   0.02417337 -0.08803668 -0.02993873  0.02667087]
 [-0.02467421  0.9990617  -0.012055   -0.00708923 -0.03273114]
 [ 0.08531599  0.01332245  0.99307054 -0.07947362 -0.00620876]
 [-0.0356873  -0.00987998 -0.07669311 -0.9958932  -0.03072006]
 [-0.02795082  0.03187903  0.00577112 -0.03056317  0.9986166 ]]",91
2,3,5,,0.7861154675483704,"[[ 0.9266107  -0.36929986 -0.0263      0.00890679 -0.06510939]
 [ 0.37046126  0.90845895  0.18872288 -0.00300366  0.04284224]
 [-0.04318178 -0.1886459   0.97927386 -0.00102685  0.05974763]
 [ 0.00301397 -0.00124883  0.00421637 -0.99610704 -0.08799119]
 [ 0.04772155 -0.05226038 -0.06853442 -0.08764394  0.9912684 ]]",91
3,4,5,,0.7200615406036377,"[[ 0.99701065 -0.00503425  0.05752163 -0.02105073  0.04682542]
 [-0.01119548 -0.99464804  0.09122849  0.03266942  0.03405903]
 [-0.05499746  0.08689161  0.9900855  -0.0685818  -0.0667262 ]
 [ 0.02131012  0.03536987  0.06163571  0.99413145 -0.07872995]
 [-0.04863792  0.04299721  0.06557734  0.07408532  0.99297357]]",91
4,5,5,,0.6941241025924683,"[[ 0.9877904  -0.12308102 -0.05144574  0.07976709  0.01056935]
 [ 0.13378021  0.9705361   0.18515027 -0.03037252 -0.0704229 ]
 [-0.02006703  0.17997472 -0.9756181  -0.09200952 -0.08312621]
 [-0.07700074  0.06685359 -0.08885141  0.9838622   0.11714084]
 [ 0.00641568  0.07778435 -0.05785711 -0.12753046  0.9870648 ]]",91
5,6,5,,0.7322350740432739,"[[ 0.9879767   0.10966941 -0.08898783  0.05028979 -0.03777127]
 [-0.13110913  0.96423334 -0.21981327  0.04453347 -0.05256812]
 [-0.06425975 -0.23363143 -0.9659608  -0.00527681 -0.09043775]
 [-0.03764724 -0.04099114 -0.01389062  0.9728426   0.22424673]
 [ 0.03414266  0.04430375 -0.10242125 -0.22144297  0.96816546]]",91
6,7,5,,0.6986896395683289,"[[ 0.99499404 -0.09518416 -0.00376981  0.01611073  0.02555208]
 [ 0.09517637  0.991614   -0.07511591  0.0233966  -0.03812147]
 [ 0.01233757  0.07655214  0.9926577  -0.092355    0.00942371]
 [-0.01905044 -0.0111442   0.09250029  0.99149853  0.08881012]
 [-0.020323    0.040708   -0.02043997 -0.08714498  0.9949461 ]]",91
7,8,5,,0.7854140996932983,"[[ 0.9989944  -0.00182539 -0.03954075  0.01430916  0.01545082]
 [-0.00545056  0.98050815 -0.18938585  0.02895466 -0.04322786]
 [ 0.03861274  0.19243054  0.9786716  -0.02601127  0.05481555]
 [-0.01099039 -0.02693343  0.03844871  0.99239576 -0.11325275]
 [-0.01920521  0.02907696 -0.05738483  0.11589208  0.9909903 ]]",91
8,9,5,,0.7546542882919312,"[[ 9.97391224e-01 -6.25343993e-02 -5.18418674e-04  2.56071575e-02
   2.53776480e-02]
 [ 6.23234101e-02  9.91618574e-01 -1.12890616e-01 -8.01034272e-03
  -1.55970643e-04]
 [ 1.09269088e-02  1.09568723e-01  9.80040014e-01 -1.63531765e-01
   2.55756080e-02]
 [-2.58330554e-02  2.76217144e-02  1.58554986e-01  9.81969059e-01
   9.57426727e-02]
 [-2.32297350e-02 -3.72475735e-03 -4.04623449e-02 -9.09622535e-02
   9.94753838e-01]]",91
9,10,5,,0.8254581689834595,"[[ 0.9965826  -0.07446468 -0.00128122  0.03243052  0.01499532]
 [ 0.07287787  0.98164946 -0.17362007  0.01859175 -0.02373944]
 [ 0.01451883  0.17428434  0.98350185 -0.02508627  0.03884524]
 [-0.0320416  -0.01294871  0.03150056  0.99530834 -0.08470325]
 [-0.01657065  0.01663247 -0.03982764  0.08564195  0.9952527 ]]",91
10,11,5,,1.108737587928772,"[[ 0.9568267  -0.18809208 -0.17429966  0.01742822  0.13571982]
 [ 0.189681    0.9474393   0.02420638 -0.25345573  0.0394227 ]
 [ 0.15547357  0.05647266  0.8882738   0.42296308  0.06863468]
 [-0.13286479 -0.08267041  0.07555278 -0.25322258  0.9516736 ]
 [-0.08172298  0.23865578 -0.41748664  0.83212805  0.26387993]]",91
0,1,5,,0.7909276485443115,"[[ 0.9853365   0.13551174  0.05480525 -0.06417336 -0.06022203]
 [-0.14670502  0.9806986   0.10644962 -0.06986511 -0.02225395]
 [-0.05353443 -0.12435263  0.9718587  -0.09983322 -0.16490772]
 [ 0.04240784  0.06380471  0.08954786  0.9844684  -0.13012971]
 [ 0.05408543  0.01822656  0.18203513  0.10888523  0.97557664]]",92
1,2,5,,0.804335355758667,"[[ 0.9951536  -0.00344164 -0.09146348 -0.0246204   0.02618396]
 [ 0.00205417  0.9992856  -0.02065214 -0.01130602 -0.029494  ]
 [ 0.08964102  0.01907118  0.99253863 -0.07950408 -0.01212046]
 [-0.03069844 -0.01400565 -0.0772079  -0.9956019  -0.04095483]
 [-0.02621159  0.02927012  0.01067182 -0.0414973   0.9983087 ]]",92
2,3,5,,0.7798985838890076,"[[ 9.5022833e-01 -3.0477241e-01 -1.3107235e-02  9.5426608e-03
  -6.2587149e-02]
 [ 3.0529854e-01  9.3031400e-01  1.9265813e-01  8.0265355e-04
   6.4737327e-02]
 [-4.4754859e-02 -1.9136822e-01  9.7937965e-01 -4.7328342e-03
   4.6564780e-02]
 [ 6.8102879e-03  3.2854299e-03 -7.9855847e-04 -9.9788356e-01
  -6.4581491e-02]
 [ 4.2540055e-02 -7.0690200e-02 -5.9379201e-02 -6.4144179e-02
   9.9275011e-01]]",92
3,4,5,,0.7152460813522339,"[[ 0.99583274  0.06904919  0.04248688  0.0197996   0.03677225]
 [ 0.06429964 -0.9930143   0.08996409 -0.02489054  0.03278974]
 [-0.04775541  0.08351977  0.9919125   0.0684919  -0.04650127]
 [ 0.01836377  0.02884068  0.06287119 -0.9934391  -0.08920217]
 [-0.03955897  0.03670904  0.04752022 -0.08588436  0.99370676]]",92
4,5,5,,0.6945853233337402,"[[ 0.9856141  -0.13861106  0.05907274  0.07637737  0.00535374]
 [ 0.15168017  0.96345884 -0.19923869 -0.04905001 -0.08147538]
 [-0.02371807  0.19318223  0.97303414 -0.08995417 -0.08503477]
 [ 0.06978738 -0.08507983 -0.08016124 -0.9869523  -0.08596812]
 [ 0.0111838   0.08930906  0.05994258 -0.09794904  0.9892986 ]]",92
5,6,5,,0.7441766858100891,"[[ 9.9007773e-01  1.0300277e-01 -7.5910494e-02  4.6419803e-02
  -3.4916140e-02]
 [-1.2130718e-01  9.6517295e-01 -2.1964498e-01  3.9277043e-02
  -6.2763058e-02]
 [ 5.3067874e-02  2.3245086e-01  9.6731758e-01 -9.0125395e-04
   8.6291216e-02]
 [-3.2904591e-02 -2.7859317e-02 -1.6586924e-02  9.5554549e-01
   2.9120213e-01]
 [ 3.3638917e-02  5.4973803e-02 -1.0007565e-01 -2.8850368e-01
   9.5005095e-01]]",92
6,7,5,,0.712463915348053,"[[ 9.9551988e-01 -8.5596353e-02 -9.5092965e-04  1.8635547e-02
   3.5569184e-02]
 [ 8.5928664e-02  9.9181902e-01 -7.9637557e-02  3.3607811e-02
  -3.7943494e-02]
 [ 9.0209646e-03  8.2811534e-02  9.9204117e-01 -9.1940522e-02
   2.1494200e-02]
 [-2.3192165e-02 -2.1101585e-02  9.2146724e-02  9.9194258e-01
   8.1090793e-02]
 [-3.0612139e-02  4.0808111e-02 -3.1939246e-02 -7.8230895e-02
   9.9511683e-01]]",92
7,8,5,,0.7954234480857849,"[[ 9.9908781e-01 -6.8232133e-03 -3.1282052e-02  1.9048244e-02
   2.0872058e-02]
 [ 5.4509833e-04  9.7605371e-01 -2.1131918e-01  2.4037104e-02
  -4.5665689e-02]
 [ 3.1176893e-02  2.1391703e-01  9.7476137e-01 -1.6241459e-02
   5.3329028e-02]
 [-1.2608842e-02 -2.7303193e-02  3.5558235e-02  9.7025663e-01
  -2.3755702e-01]
 [-2.6312059e-02  2.7689783e-02 -5.4235600e-02  2.3957835e-01
   9.6860814e-01]]",92
8,9,5,,0.7540498375892639,"[[ 0.9970338  -0.0623366  -0.01104442  0.03887943  0.02010471]
 [ 0.06055369  0.99109346 -0.11858097  0.00163955  0.00168672]
 [ 0.02243401  0.11593208  0.9793736  -0.14785928  0.0708627 ]
 [-0.03762266  0.01735897  0.14080468  0.9848427   0.09242301]
 [-0.01838866 -0.01031035 -0.08257145 -0.08190297  0.99299014]]",92
9,10,5,,0.8371386528015137,"[[ 0.99687815 -0.07069567 -0.00866845  0.03144766  0.01311718]
 [ 0.06793253  0.9826162  -0.1691187   0.02082611 -0.02856271]
 [ 0.01972053  0.16925588  0.98421836  0.00696456  0.04721473]
 [-0.02974299 -0.02333736  0.00752628  0.9779882  -0.20506877]
 [-0.01859206  0.01659639 -0.05080631  0.2051047   0.9771027 ]]",92
10,11,5,,1.0957328081130981,"[[ 0.94119185 -0.20202905 -0.24016958  0.05903705  0.11034212]
 [ 0.2253434   0.93337387  0.09918211 -0.22912624  0.12528983]
 [ 0.19881263 -0.03548381  0.8882543   0.40991879 -0.04674893]
 [-0.15056865  0.02012308 -0.09637373  0.38675025  0.9044669 ]
 [-0.03436402  0.29382542 -0.3663305   0.79145855 -0.3897193 ]]",92
0,1,5,,0.7953644394874573,"[[ 0.98410594  0.14296572  0.05802665 -0.06436624 -0.05988371]
 [-0.15424624  0.9797658   0.10677875 -0.06662007 -0.02066745]
 [-0.05557377 -0.1245854   0.9717449  -0.09388656 -0.16818781]
 [ 0.04246288  0.06185224  0.08246458  0.9848077  -0.13313311]
 [ 0.05340331  0.01650964  0.1847771   0.11295001  0.9746668 ]]",93
1,2,5,,0.8045243620872498,"[[ 0.99362826  0.06784909 -0.07900562 -0.03310579 -0.02759389]
 [-0.06991311  0.9966478  -0.03174957 -0.00336204  0.02803626]
 [ 0.07422052  0.03630714  0.9935133  -0.07745874  0.0102273 ]
 [-0.03670292 -0.01005801 -0.07506473 -0.994537    0.06175208]
 [-0.03097033  0.02589116  0.00683419 -0.06155609 -0.9972636 ]]",93
2,3,5,,0.7759776711463928,"[[ 9.3865973e-01  3.3859825e-01 -2.1941153e-02  1.9348548e-04
  -6.1543688e-02]
 [ 3.3912072e-01 -9.1999775e-01  1.9174647e-01 -6.9726454e-03
   4.2260177e-02]
 [-4.2159420e-02  1.9120438e-01  9.7880554e-01  1.8962050e-03
   5.9996046e-02]
 [ 1.2972461e-04 -9.0723746e-03  2.6461829e-03  9.9890876e-01
  -4.5738470e-02]
 [-4.6233784e-02 -4.8103102e-02  6.8443596e-02 -4.6142031e-02
  -9.9435145e-01]]",93
3,4,5,,0.7364805340766907,"[[ 0.99553823  0.07645253  0.04031194  0.01566405  0.03447026]
 [-0.07177002  0.99251366 -0.09147195  0.02086442 -0.03103531]
 [-0.04691967  0.08528613  0.99138016  0.08211636 -0.03077407]
 [-0.01291986 -0.0267802  -0.07837442  0.9938342   0.07257368]
 [-0.03720609  0.03287355  0.03210287 -0.06978405  0.99580854]]",93
4,5,5,,0.6944271326065063,"[[ 0.991111   -0.10874355 -0.04595652 -0.0569663   0.02273464]
 [ 0.11771329  0.974631    0.17910382  0.05587994  0.03220503]
 [-0.02066047  0.1737932  -0.97663885  0.1154584   0.04706418]
 [ 0.05717309 -0.07054984  0.08862677  0.96300733 -0.23773116]
 [ 0.01213066  0.05556811 -0.06427842 -0.23004018 -0.9693889 ]]",93
5,6,5,,0.7446622252464294,"[[ 0.98914397  0.11862686 -0.06524971  0.0405843  -0.04021382]
 [-0.13331994  0.9656422  -0.21543616  0.03414772 -0.04671311]
 [-0.03944684 -0.22504918 -0.9702928  -0.01762875 -0.07757571]
 [ 0.01181338  0.01514647  0.057027   -0.8135721  -0.5783421 ]
 [-0.04608986 -0.05085502  0.06789424  0.57877165 -0.8097551 ]]",93
6,7,5,,0.7097412943840027,"[[ 9.9694598e-01 -6.3456275e-02  9.8759122e-03 -5.7899451e-04
  -4.4432566e-02]
 [ 6.5418705e-02  9.9254113e-01 -9.4928913e-02  2.7156414e-02
   2.8868837e-02]
 [-2.4682977e-03  9.6621931e-02  9.9062133e-01 -9.2425786e-02
   2.8015271e-02]
 [-2.0702384e-02 -5.2797247e-04  9.5467903e-02  8.8559335e-01
  -4.5407203e-01]
 [-3.7209306e-02  3.8719617e-02 -2.1121703e-02 -4.5436117e-01
  -8.8894659e-01]]",93
7,8,5,,0.7619920969009399,"[[ 0.998428    0.03451236 -0.02955016  0.0192729   0.02656552]
 [-0.03880096  0.9779501  -0.19781989  0.02343085 -0.04925861]
 [ 0.01964262  0.20313114  0.9740142  -0.0203755   0.09608822]
 [ 0.00182762 -0.03164667  0.07784782  0.8336843  -0.545807  ]
 [ 0.03531001 -0.01259977  0.07231878 -0.55103076 -0.83049965]]",93
8,9,5,,0.7428827285766602,"[[ 0.99770844 -0.05093222  0.00849457  0.02200863  0.03777768]
 [ 0.05178602  0.98898745 -0.13844803  0.00451303 -0.00580489]
 [ 0.00220381  0.13725716  0.9753362  -0.1726528   0.00812227]
 [-0.03835031  0.02106621  0.14182511  0.8418557   0.5188931 ]
 [-0.02050324 -0.00513016 -0.09677269 -0.5108476   0.85394555]]",93
9,10,5,,0.8392932415008545,"[[ 9.9795485e-01 -5.0234821e-02  1.4848215e-02  8.7097418e-03
   3.5585251e-02]
 [ 5.2382827e-02  9.8468882e-01 -1.5689614e-01 -5.5022683e-02
  -3.2696698e-05]
 [-8.0271102e-03  1.6062632e-01  9.8488665e-01  5.8533039e-02
   2.6587097e-02]
 [-1.1424195e-02 -4.1411277e-02  4.6923213e-02 -8.8604748e-01
   4.5920879e-01]
 [-3.3871364e-02  1.8671496e-02 -5.4401964e-02  4.5649806e-01
   8.8721704e-01]]",93
10,11,5,,1.1509785652160645,"[[ 0.91213316 -0.20805675 -0.33263078 -0.00905035  0.11832307]
 [ 0.27180597  0.886495    0.2305098  -0.2810947   0.08999614]
 [ 0.24756174 -0.09979986  0.7615996   0.5817168   0.10161116]
 [-0.03218189  0.39355627 -0.46072352  0.7365894  -0.29874364]
 [-0.17835958  0.07741213 -0.20957546  0.19986394  0.9371914 ]]",93
0,1,5,,0.789741575717926,"[[ 0.9855654   0.1371889   0.04585914 -0.06747337  0.0564293 ]
 [-0.1479239   0.9800432   0.10683512 -0.07498953  0.02442823]
 [-0.04299217 -0.12332868  0.97555333 -0.0870363   0.15382478]
 [ 0.04566392  0.07022789  0.07563687  0.98289704  0.14551766]
 [ 0.05334584  0.02350923  0.1704638   0.12713015 -0.97538793]]",94
1,2,5,,0.7922610640525818,"[[ 0.9936236   0.05122578 -0.089741   -0.03408962 -0.02953779]
 [-0.05149198  0.9980902  -0.00970409 -0.00367201  0.03251069]
 [ 0.08642032  0.01369212  0.993073   -0.078316    0.00409886]
 [-0.03943488 -0.00765111 -0.07513749 -0.995656    0.03754816]
 [ 0.03220404 -0.03075603 -0.00359053  0.03688045  0.9983205 ]]",94
2,3,5,,0.7724190950393677,"[[ 0.93516695  0.34784737 -0.02418505 -0.0011788  -0.06227838]
 [ 0.34924504 -0.9177046   0.18309753 -0.00769572  0.04756294]
 [-0.03933323  0.18353377  0.98074216 -0.00523432  0.05371835]
 [ 0.00160395 -0.0081924   0.00935051  0.99894357 -0.04421193]
 [-0.04405594 -0.05539574  0.06283128 -0.04498668 -0.9944943 ]]",94
3,4,5,,0.710109293460846,"[[ 0.9953892   0.06560715  0.05468055  0.01546096  0.04082786]
 [-0.0586875   0.9920052  -0.10356758  0.02463423 -0.03388664]
 [-0.06000549  0.09640405  0.98976046  0.07359757 -0.04542246]
 [-0.01287408 -0.02994755 -0.06825763  0.99416244  0.0769369 ]
 [-0.04460494  0.03782488  0.04470889 -0.07333825  0.99458647]]",94
4,5,5,,0.6938971281051636,"[[ 0.98506385 -0.14277956 -0.05865691  0.07595515 -0.00730466]
 [ 0.1549842   0.96861136  0.16912743 -0.0653313  -0.06999747]
 [-0.02725874  0.16276373 -0.978022   -0.1030169  -0.0750027 ]
 [ 0.06856448 -0.08985042  0.0845684  -0.9893253   0.03618673]
 [ 0.01359952  0.08270954 -0.06539436  0.02419994  0.9940383 ]]",94
5,6,5,,0.7231529951095581,"[[ 0.9860501   0.13398407 -0.07848854  0.04159231 -0.04316399]
 [-0.15050994  0.96554065 -0.20163639  0.00898015 -0.06587923]
 [-0.05040645 -0.21554367 -0.97251785 -0.01832342 -0.0698102 ]
 [-0.0284288   0.0011875  -0.04054732  0.94101155  0.33472914]
 [ 0.04126728  0.0576107  -0.07581098 -0.33518794  0.93641853]]",94
6,7,5,,0.7039628028869629,"[[ 0.9966205  -0.0719277   0.00197621  0.01584482  0.036321  ]
 [ 0.07305557  0.9930979  -0.06799522  0.03606371 -0.04995666]
 [ 0.00363952  0.0713055   0.99479413 -0.07045957  0.01795447]
 [-0.02159127 -0.0241514   0.07005093  0.99110186  0.10844517]
 [-0.03051605  0.05399407 -0.029159   -0.10583363  0.99201936]]",94
7,8,5,,0.7661831378936768,"[[ 0.99923694  0.01800528 -0.02506305  0.02020438  0.01284525]
 [-0.02196262  0.9816251  -0.18296659  0.01454661 -0.04734533]
 [ 0.02068975  0.18599465  0.98081064 -0.00680424  0.05424159]
 [-0.01460606 -0.02320757  0.02710816  0.9577879  -0.28487813]
 [-0.02004508  0.0309113  -0.05630944  0.2863149   0.9557697 ]]",94
8,9,5,,0.7489749193191528,"[[ 0.9972478  -0.055062   -0.01169112  0.04376479  0.02032217]
 [ 0.0541645   0.99623954 -0.06759005  0.00171956 -0.00127611]
 [ 0.01929604  0.06620119  0.9865666  -0.12768726  0.07501649]
 [-0.04401375  0.00882454  0.11726691  0.9829393   0.1344017 ]
 [-0.01592221 -0.0038081  -0.09071835 -0.12493222  0.9878735 ]]",94
9,10,5,,0.8297590017318726,"[[ 9.9811184e-01 -5.4338284e-02  6.8727066e-03  2.7490038e-02
   4.1467389e-03]
 [ 5.4872613e-02  9.8383093e-01 -1.6878268e-01 -1.8148544e-03
  -2.3974942e-02]
 [ 2.4665226e-03  1.6967723e-01  9.8483115e-01 -5.7692733e-03
   3.5748065e-02]
 [-2.5726143e-02 -3.4032098e-04  1.4901799e-02  9.6753150e-01
  -2.5099561e-01]
 [-9.6881678e-03  1.8263847e-02 -3.6752641e-02  2.5117829e-01
   9.6702188e-01]]",94
10,11,5,,1.1127352714538574,"[[ 0.93923056 -0.10283107 -0.30886978  0.06305782  0.08885361]
 [ 0.1482384   0.93359834  0.11602274 -0.28166795  0.11671039]
 [ 0.25691637 -0.02275498  0.87189806  0.4162049  -0.00659127]
 [-0.14490771  0.02630046 -0.11433836  0.34497997  0.9199052 ]
 [-0.09416533  0.34148252 -0.34330553  0.790221   -0.36361337]]",94
0,1,5,,0.7936765551567078,"[[ 0.985975    0.13297991  0.05444454 -0.06611119  0.05324296]
 [-0.14354101  0.9825597   0.0913897  -0.07183119  0.02146102]
 [-0.05396887 -0.10893831  0.9755575  -0.09421553  0.15694202]
 [ 0.04489384  0.06777736  0.08320224  0.9838653   0.13593091]
 [ 0.04817927  0.02077058  0.1733455   0.11662792 -0.97652274]]",95
1,2,5,,0.8270797729492188,"[[ 0.9951475   0.03954514 -0.07786775 -0.03447345 -0.02942587]
 [-0.03937672  0.9987709  -0.00483698 -0.00505004  0.02928004]
 [ 0.07521778  0.00721977  0.9944854  -0.07241893  0.00667717]
 [-0.03738675 -0.00899062 -0.06999065 -0.99410164  0.07337999]
 [ 0.03279468 -0.02756765 -0.00366725  0.0728251   0.9964174 ]]",95
2,3,5,,0.7741301655769348,"[[ 9.4495517e-01 -3.2319584e-01 -4.8205894e-03 -2.6835655e-04
   5.0802525e-02]
 [ 3.1962344e-01  9.2308033e-01  2.0716335e-01 -5.3693126e-03
  -5.3085655e-02]
 [-6.0769998e-02 -2.0131499e-01  9.7592932e-01 -1.7821280e-03
  -5.7775654e-02]
 [ 6.3194346e-04  6.4205443e-03  5.2529732e-03  9.9935722e-01
   3.4868956e-02]
 [-3.4745134e-02  5.3835075e-02  6.7782260e-02 -3.5397474e-02
   9.9501109e-01]]",95
3,4,5,,0.7446920275688171,"[[ 0.99085104 -0.1167663   0.05375187  0.00959846 -0.03998002]
 [ 0.11009758  0.98816735  0.10122065 -0.02137597 -0.02648234]
 [-0.06426383 -0.09197192  0.99047214  0.07559386  0.02572848]
 [-0.00852161  0.0256167  -0.06978396  0.9869051  -0.14289771]
 [ 0.04347685  0.02785508 -0.03099023  0.14055213  0.9882401 ]]",95
4,5,5,,0.6988125443458557,"[[ 0.9825838  -0.15913472 -0.06667116 -0.0643205   0.02496271]
 [-0.17271647 -0.9627812  -0.18650796 -0.08039055 -0.04442379]
 [-0.03156545  0.18481435 -0.97661614  0.09238677  0.05032694]
 [ 0.05853255 -0.09065539  0.05900003  0.9606673  -0.24898337]
 [-0.01660544 -0.0731691   0.05924182  0.24079673  0.9658561 ]]",95
5,6,5,,0.7453698515892029,"[[ 0.9845407   0.15613145 -0.05237256  0.03733719 -0.04653641]
 [-0.16794042  0.94996    -0.24174643 -0.01247896 -0.10380284]
 [-0.01325001 -0.25716233 -0.9616177  -0.03424978 -0.08837604]
 [ 0.01816908 -0.0432952   0.09039024 -0.8384823  -0.5353246 ]
 [-0.04438411 -0.0720562   0.07705059  0.5424247  -0.832272  ]]",95
6,7,5,,0.7051307559013367,"[[ 9.9722797e-01 -5.8194201e-02  1.2058709e-02  1.9051561e-02
   4.0515199e-02]
 [ 6.1147127e-02  9.9457008e-01 -6.0378790e-02  3.6058176e-04
  -5.8698580e-02]
 [-8.5786749e-03  6.3628107e-02  9.9317604e-01 -8.5249431e-02
   4.7029559e-02]
 [-2.6377464e-02  1.7057894e-02  7.3552214e-02  9.7815084e-01
   1.9189672e-01]
 [-3.2063812e-02  5.5714849e-02 -6.6335768e-02 -1.8865433e-01
   9.7768956e-01]]",95
7,8,5,,0.7686875462532043,"[[ 0.998574    0.04653826 -0.00463188  0.02326829  0.01100319]
 [-0.04559721  0.97609353 -0.2016393  -0.00388027 -0.06699945]
 [-0.00642868  0.20742129  0.97346556  0.00943103  0.09597363]
 [-0.01801364 -0.01331472  0.02396193  0.9505341  -0.3088833 ]
 [-0.02012026  0.04329915 -0.1054076   0.30957946  0.9438061 ]]",95
8,9,5,,0.7632842063903809,"[[ 0.9979928  -0.04707547  0.01496029  0.03708303  0.01397416]
 [ 0.04773992  0.99168116 -0.117796    0.01824706  0.00897036]
 [-0.0045282   0.11813825  0.97558236 -0.15804653  0.09634903]
 [-0.04133789 -0.00353322  0.12288921  0.94332784  0.30546594]
 [-0.00138385 -0.01957528 -0.13797651 -0.28886968  0.9471704 ]]",95
9,10,5,,0.8369907736778259,"[[ 0.9993662   0.00171592  0.02743816  0.01568535  0.01628384]
 [ 0.00178086  0.9928423  -0.11099768  0.01506364 -0.04139622]
 [-0.02814513  0.11432603  0.98966014 -0.02972883  0.07633108]
 [-0.01350371 -0.01768394  0.04582809  0.98029166 -0.19087416]
 [-0.01700945  0.02963279 -0.07347979  0.19409142  0.97763073]]",95
10,11,5,,1.1078702211380005,"[[ 0.9108482  -0.05734195 -0.3962062   0.09674646  0.02698747]
 [ 0.11079707  0.95786417  0.1152833  -0.06714968  0.22895592]
 [ 0.33372504 -0.05320826  0.83900523  0.33581632 -0.26285768]
 [-0.10933287 -0.10519073 -0.01909986  0.69196683  0.7055483 ]
 [-0.18642318  0.2555618  -0.35416928  0.6281245  -0.61640763]]",95
0,1,5,,0.7842744588851929,"[[ 0.98841554  0.10876758  0.05108839 -0.06441231 -0.06667358]
 [-0.12093608  0.98263377  0.11600649 -0.07405356 -0.02939557]
 [-0.05322883 -0.13410138  0.97060156 -0.10895628 -0.15888605]
 [ 0.04171597  0.06313324  0.09616207  0.98072124 -0.15235727]
 [ 0.0619326   0.02513391  0.18060474  0.12915708  0.97274506]]",96
1,2,5,,0.7968060374259949,"[[ 0.9939454   0.04908573 -0.08434071 -0.03632871  0.03507192]
 [-0.04938044  0.9983484  -0.00960548 -0.00597275 -0.02709551]
 [ 0.08036368  0.01311766  0.99300903 -0.08537782  0.0036616 ]
 [-0.04209387 -0.00942658 -0.0819754  -0.99545467 -0.02211929]
 [-0.03746912  0.02510366 -0.00275491 -0.02061927  0.9987658 ]]",96
2,3,5,,0.7863877415657043,"[[ 0.91105014 -0.40578192 -0.0313731   0.01641641 -0.06383379]
 [ 0.4067027   0.89275277  0.19075175 -0.00683171  0.0339475 ]
 [-0.04681627 -0.19006984  0.97889614 -0.00112419  0.05867488]
 [ 0.00656094 -0.00711696  0.00491683 -0.99285024 -0.1188719 ]
 [ 0.04843144 -0.04643543 -0.06608814 -0.11802951  0.98853403]]",96
3,4,5,,0.732625424861908,"[[ 0.9960409  -0.02670961  0.06476331 -0.02118336  0.05045971]
 [-0.03309645 -0.99508035  0.0808675   0.03031199  0.03551519]
 [-0.0600632   0.07699627  0.9885951  -0.08419712 -0.07781052]
 [ 0.0243992   0.02992998  0.07181764  0.98622227 -0.14393298]
 [-0.05103247  0.0477226   0.08238953  0.13750958  0.98459196]]",96
4,5,5,,0.6916051506996155,"[[ 0.98789907 -0.12101626 -0.05085949  0.08215241  0.00865889]
 [ 0.13225618  0.96916133  0.19169968 -0.03652009 -0.07177887]
 [-0.0209498   0.18817587 -0.9768873  -0.06804705 -0.07219244]
 [-0.07759658  0.07029497 -0.06337496  0.983016    0.13674986]
 [ 0.01018754  0.07569625 -0.04836684 -0.14479774  0.9853226 ]]",96
5,6,5,,0.7346062660217285,"[[ 0.9859053   0.1192287  -0.09415136  0.04994414 -0.04915719]
 [-0.14398979  0.95816743 -0.23169985  0.04604852 -0.07332625]
 [-0.06510962 -0.24792092 -0.96346676 -0.01425797 -0.07631777]
 [-0.03707495 -0.04269891 -0.01528096  0.98195773  0.1797993 ]
 [ 0.04054552  0.06642    -0.09459875 -0.17590018  0.9767572 ]]",96
6,7,5,,0.6842032670974731,"[[ 0.9962189  -0.08147757 -0.01317555  0.02054255  0.01771099]
 [ 0.08108666  0.9941926  -0.04935717  0.01957923 -0.04676039]
 [ 0.01841899  0.05051893  0.99544406 -0.07501991  0.02390805]
 [-0.02165486 -0.01084791  0.07422152  0.99449605  0.06987205]
 [-0.01283082  0.04767201 -0.03118401 -0.06741083  0.9960151 ]]",96
7,8,5,,0.7425686717033386,"[[ 9.9934012e-01 -7.6261940e-03 -2.7780125e-02  2.1958219e-02
   2.6959579e-03]
 [ 8.8312925e-04  9.7398210e-01 -2.1920000e-01  2.6996169e-02
  -5.0799545e-02]
 [ 2.9765207e-02  2.2180367e-01  9.7293228e-01 -5.0194010e-02
   2.8292987e-02]
 [-2.0051619e-02 -1.9380180e-02  5.9148710e-02  9.9288571e-01
  -9.9507287e-02]
 [-5.5235750e-03  4.1571628e-02 -3.2921314e-02  1.0221313e-01
   9.9333268e-01]]",96
8,9,5,,0.7904453277587891,"[[ 0.997527   -0.06108361 -0.01029136  0.02196097  0.02491036]
 [ 0.05964388  0.99332875 -0.09762242 -0.00665365  0.01289308]
 [ 0.0178806   0.09449598  0.98619664 -0.1295182   0.03731189]
 [-0.02146664  0.01906204  0.12501161  0.98791003  0.08707201]
 [-0.02453581 -0.016552   -0.04639382 -0.08204942  0.9951078 ]]",96
9,10,5,,0.8409246802330017,"[[ 0.9966101  -0.07230923  0.00242349  0.03902946 -0.00324388]
 [ 0.07132159  0.98202914 -0.17126918  0.00600619 -0.03409893]
 [ 0.01207416  0.17163642  0.98364294 -0.04982718  0.01894788]
 [-0.03898228  0.00434777  0.05094052  0.9972625  -0.03652455]
 [ 0.00401803  0.03020152 -0.02264205  0.03775425  0.99856573]]",96
10,11,5,,1.1224082708358765,"[[ 9.55672920e-01 -2.02565253e-01 -1.82585150e-01 -7.41927826e-04
   1.10989846e-01]
 [ 2.14170024e-01  9.24581468e-01  1.07162796e-01 -2.95778781e-01
   1.76457427e-02]
 [ 1.56191647e-01 -1.38452568e-03  8.80967379e-01  4.34198320e-01
   1.04740374e-01]
 [-1.17468156e-01 -9.81980562e-02  6.38139695e-02 -3.13108653e-01
   9.35119867e-01]
 [-5.12436926e-02  3.07362437e-01 -4.18333590e-01  7.91169465e-01
   3.19296449e-01]]",96
0,1,5,,0.7884495854377747,"[[ 0.98873395  0.10528421  0.04818927 -0.06682456 -0.06732506]
 [-0.11757425  0.98309267  0.11174184 -0.07922422 -0.03069648]
 [-0.0512817  -0.13018078  0.97223186 -0.10881883 -0.15279616]
 [ 0.04311327  0.06808986  0.09522206  0.9786169  -0.16354424]
 [ 0.06397567  0.02933711  0.17575374  0.14044715  0.97181875]]",97
1,2,5,,0.7982007265090942,"[[ 0.9943417   0.04497265 -0.08411216 -0.03600079  0.02985028]
 [-0.04551232  0.9983182  -0.0139223  -0.00458913 -0.03277964]
 [ 0.08040392  0.01703523  0.99328184 -0.08139625 -0.00329545]
 [-0.04165837 -0.00825985 -0.07815983 -0.9958121  -0.02110807]
 [-0.03182619  0.03130179  0.00368242 -0.02038844  0.9987883 ]]",97
2,3,5,,0.7933369874954224,"[[ 9.0615803e-01 -4.1570762e-01 -3.3611242e-02  1.6017912e-02
  -6.8398610e-02]
 [ 4.1661656e-01  8.8675416e-01  1.9752133e-01 -1.0159816e-05
   3.2908551e-02]
 [-4.9664766e-02 -1.9655108e-01  9.7748595e-01  7.4602719e-03
   5.8022153e-02]
 [ 9.1550201e-03 -3.6514779e-03  1.3024689e-02 -9.9524814e-01
  -9.5992014e-02]
 [ 5.2514035e-02 -4.6994779e-02 -6.4862296e-02 -9.5755033e-02
   9.9078631e-01]]",97
3,4,5,,0.7426614761352539,"[[ 0.995307   -0.04895414  0.06347762 -0.02170289  0.04967003]
 [-0.05554061 -0.9934831   0.08617765  0.03241081  0.03780687]
 [-0.05639326  0.08320735  0.9884439  -0.07590023 -0.08434457]
 [ 0.02297824  0.03399689  0.06795608  0.9936596  -0.07961651]
 [-0.05070589  0.05015381  0.08309323  0.07320035  0.9912874 ]]",97
4,5,5,,0.6890981197357178,"[[ 0.9877051  -0.1205073  -0.04505906  0.08804882  0.01156268]
 [ 0.130068    0.97282344  0.17625274 -0.02829155 -0.0695078 ]
 [-0.0151435   0.17089589 -0.97802114 -0.08603376 -0.08147364]
 [-0.08490963  0.06587972 -0.08561428  0.9794889   0.14738362]
 [ 0.00905285  0.07447761 -0.05522076 -0.15699276  0.9831963 ]]",97
5,6,5,,0.730902910232544,"[[ 0.9871171   0.10683401 -0.0984854   0.0475737  -0.04715596]
 [-0.1310963   0.9641079  -0.21945855  0.04733067 -0.05392244]
 [-0.07375301 -0.23319735 -0.96671146 -0.01926292 -0.07264556]
 [-0.03694958 -0.04901937 -0.01591946  0.987414    0.14488608]
 [ 0.04010978  0.04794519 -0.08575591 -0.14191218  0.98417443]]",97
6,7,5,,0.6857413649559021,"[[ 0.9960238  -0.08492704 -0.01362945  0.01499134  0.01770825]
 [ 0.08425156  0.9929757  -0.05781046  0.03342256 -0.04941479]
 [ 0.01945144  0.05936026  0.9955793  -0.06854036  0.0149025 ]
 [-0.0175202  -0.02381641  0.06893206  0.9937211   0.08302166]
 [-0.01237108  0.05192114 -0.02329003 -0.08049104  0.9950527 ]]",97
7,8,5,,0.7592983245849609,"[[ 9.9919540e-01 -6.3774991e-03 -3.5090487e-02  1.7385131e-02
   5.8607287e-03]
 [-8.6889369e-04  9.7948408e-01 -1.9503315e-01  2.9498398e-02
  -4.1256521e-02]
 [ 3.6451731e-02  1.9736904e-01  9.7775698e-01 -5.6641608e-02
   2.2354685e-02]
 [-1.4575351e-02 -2.1142136e-02  6.4542562e-02  9.9287242e-01
  -9.6846372e-02]
 [-8.1658624e-03  3.4186941e-02 -2.3584830e-02  9.9114716e-02
   9.9417531e-01]]",97
8,9,5,,0.8410717844963074,"[[ 0.9980219  -0.05305779 -0.00303619  0.01911993  0.02761228]
 [ 0.05274592  0.9953006  -0.08030044 -0.01107341  0.00488091]
 [ 0.00931963  0.07722519  0.98538315 -0.14971408  0.02356013]
 [-0.01904696  0.02348796  0.14662805  0.98648316  0.06660777]
 [-0.02684366 -0.00679649 -0.03260087 -0.06283586  0.99710685]]",97
9,10,5,,0.8356207609176636,"[[ 0.9971234  -0.06407917 -0.00156628  0.04030269  0.00347307]
 [ 0.06306493  0.98275197 -0.17260022 -0.00269121 -0.0205767 ]
 [ 0.01439255  0.17213614  0.98369396 -0.04589486  0.02004756]
 [-0.03913096  0.01182003  0.04647383  0.9952309  -0.07539645]
 [-0.00542202  0.01794325 -0.01982753  0.07600989  0.9967337 ]]",97
10,11,5,,1.0979726314544678,"[[ 0.968601   -0.14885016 -0.15638658  0.05101356  0.11223492]
 [ 0.15450414  0.94593    -0.01080567 -0.28288984  0.03466212]
 [ 0.14343251  0.08204074  0.93253416  0.32009163  0.02485614]
 [-0.10764208 -0.06244303  0.04719446 -0.1493384   0.9797882 ]
 [-0.07603256  0.26912865 -0.32183725  0.8902867   0.15999767]]",97
0,1,5,,0.7878379821777344,"[[ 0.987718    0.11499006  0.05295827 -0.06368016 -0.06580781]
 [-0.12669674  0.9826167   0.11363582 -0.06946791 -0.02595124]
 [-0.05377467 -0.13032492  0.9722849  -0.09491356 -0.16055228]
 [ 0.04235958  0.06163616  0.08329041  0.98361665 -0.14130695]
 [ 0.06062196  0.02140319  0.17890486  0.12086667  0.9742952 ]]",98
1,2,5,,0.7998749613761902,"[[ 9.9230433e-01  8.1321962e-02 -7.8683652e-02 -3.6896661e-02
   3.4153298e-02]
 [-8.2108483e-02  9.9603641e-01 -1.6449086e-02 -5.1867738e-03
  -2.9534424e-02]
 [ 7.3783852e-02  2.2057850e-02  9.9339390e-01 -8.5075535e-02
   4.4015146e-04]
 [-4.1432261e-02 -1.0954201e-02 -8.1889786e-02 -9.9514347e-01
  -3.3866275e-02]
 [-3.7811395e-02  2.6301218e-02 -1.0106635e-03 -3.2609403e-02
   9.9840581e-01]]",98
2,3,5,,0.7773012518882751,"[[ 0.90920854 -0.40927398 -0.03671609  0.01295483 -0.06571666]
 [ 0.41113243  0.89192605  0.18581416  0.00270818  0.03006342]
 [-0.04047706 -0.18743533  0.9796223  -0.00130883  0.05973278]
 [ 0.00775133  0.00174767  0.00559686 -0.9946497  -0.10284662]
 [ 0.0511024  -0.04275072 -0.06658703 -0.10244518  0.99026865]]",98
3,4,5,,0.7138940691947937,"[[ 0.9968727  -0.0153126   0.05971171 -0.02405975  0.04319796]
 [-0.02155715 -0.994404    0.08910689  0.0334654   0.0404478 ]
 [-0.05663712  0.08421372  0.98900145 -0.07827725 -0.07381725]
 [ 0.02389236  0.03585132  0.07070066  0.9930818  -0.08326886]
 [-0.04473895  0.05048723  0.07329338  0.07721603  0.99202585]]",98
4,5,5,,0.6783055067062378,"[[ 0.99035287 -0.10440619 -0.04083987  0.0810621   0.00784635]
 [ 0.11405139  0.97197235  0.19043659 -0.03909781 -0.06683779]
 [-0.01395821  0.1844829  -0.9765888  -0.07623148 -0.07895858]
 [-0.07717843  0.06948055 -0.07085892  0.98707277  0.09940989]
 [ 0.00648981  0.07421319 -0.05761502 -0.10851927  0.9896233 ]]",98
5,6,5,,0.7337667346000671,"[[ 0.9881472   0.106375   -0.09013069  0.04802013 -0.04266087]
 [-0.12832882  0.9647994  -0.21856475  0.04683051 -0.05225037]
 [-0.06613044 -0.23162358 -0.96707237 -0.01324417 -0.08107419]
 [-0.0351577  -0.0447007  -0.01788952  0.97580254  0.21036907]
 [ 0.0385677   0.04689099 -0.0925042  -0.20768958  0.97191656]]",98
6,7,5,,0.6856269240379333,"[[ 0.9969291  -0.0724432  -0.00982778  0.01845914  0.0211402 ]
 [ 0.0721219   0.99345595 -0.06688625  0.02697835 -0.05140176]
 [ 0.0160607   0.06815432  0.99458826 -0.07656572  0.00538431]
 [-0.02036041 -0.01660125  0.07760686  0.9940815   0.07133714]
 [-0.01606822  0.05363469 -0.01418004 -0.06979311  0.99588805]]",98
7,8,5,,0.7552363276481628,"[[ 0.99918413 -0.00193575 -0.03165359  0.0213406   0.0130395 ]
 [-0.00480105  0.976045   -0.21059985  0.02905872 -0.04600437]
 [ 0.03152946  0.21391931  0.974208   -0.0418401   0.04911804]
 [-0.01810098 -0.02317666  0.05380309  0.9920964  -0.10947719]
 [-0.01692183  0.03215228 -0.05166964  0.11266943  0.9916228 ]]",98
8,9,5,,0.7537664771080017,"[[ 0.99799675 -0.05164879 -0.00579234  0.02256172  0.02814812]
 [ 0.05137835  0.9948305  -0.08685318 -0.00910325 -0.00679739]
 [ 0.01254088  0.08438424  0.9865471  -0.13747472  0.0234009 ]
 [-0.02316038  0.02253681  0.13331977  0.98548084  0.10004552]
 [-0.02586665  0.00400958 -0.03706322 -0.09662496  0.9942861 ]]",98
9,10,5,,0.8334510922431946,"[[ 0.99683493 -0.06937704  0.0057577   0.03805212  0.00507453]
 [ 0.06939488  0.98239803 -0.17055859  0.00318897 -0.03127377]
 [ 0.00741033  0.17119494  0.98437554 -0.03390661  0.02219013]
 [-0.03785689  0.00458858  0.03446068  0.9983398  -0.02600121]
 [-0.00404133  0.02742562 -0.02633923  0.02664606  0.9989133 ]]",98
10,11,5,,1.143669605255127,"[[ 0.95733345 -0.17901929 -0.20049578  0.01019407  0.10565145]
 [ 0.1955777   0.915169    0.14178269  0.3222436   0.01648524]
 [ 0.17222214 -0.00544526  0.8582475  -0.47202316  0.10447595]
 [-0.10459448 -0.15050824  0.12569153  0.3899043   0.893635  ]
 [-0.06827527  0.32823065 -0.43279552 -0.7219584   0.42316338]]",98
0,1,5,,0.7925506234169006,"[[ 0.9867037   0.12772489  0.05295025 -0.0645014  -0.05601945]
 [-0.13829726  0.9826235   0.10260765 -0.06513435 -0.02353736]
 [-0.05115572 -0.1181835   0.9761492  -0.08049837 -0.15514065]
 [ 0.04567085  0.06139738  0.07146432  0.9867227  -0.12415966]
 [ 0.05086375  0.02000818  0.16939197  0.10721635  0.9781736 ]]",99
1,2,5,,0.803493857383728,"[[ 0.99298316  0.07528509 -0.08038586 -0.03194771 -0.02888301]
 [-0.07544927  0.99650264 -0.01056043 -0.00125296  0.03430661]
 [ 0.07685909  0.0160503   0.9937586  -0.07902314  0.00583892]
 [-0.03621578 -0.00657373 -0.07652155 -0.99506164  0.0514015 ]
 [-0.03275838  0.0318427   0.00383766 -0.05084859 -0.99765354]]",99
2,3,5,,0.7614564299583435,"[[ 9.3802744e-01  3.4099439e-01 -2.2443969e-02  2.1666007e-03
  -5.7608731e-02]
 [ 3.4162164e-01 -9.1967314e-01  1.8753231e-01  1.3547697e-02
   4.6304110e-02]
 [-4.1126799e-02  1.8741582e-01  9.7970414e-01 -4.3069442e-05
   5.7996623e-02]
 [ 3.3392636e-03 -1.5868431e-02  7.8739841e-03 -9.9662346e-01
  -8.0104612e-02]
 [-4.1187961e-02 -5.0474443e-02  6.6675439e-02  8.0953486e-02
  -9.9234915e-01]]",99
3,4,5,,0.7077895402908325,"[[ 0.99560845  0.06405722  0.05177294  0.02095346  0.03925527]
 [-0.05761333  0.9914766  -0.1059532   0.03438484 -0.03530486]
 [-0.05746024  0.09860502  0.99026656  0.0658905  -0.04478726]
 [ 0.01810188  0.03941278  0.06006595 -0.99467    -0.0717127 ]
 [-0.04260443  0.03993088  0.04310044 -0.06832828  0.9950196 ]]",99
4,5,5,,0.6882185935974121,"[[ 9.8805702e-01 -1.2127093e-01 -5.4934271e-02  7.7580996e-02
   1.2064749e-04]
 [ 1.3410071e-01  9.6835756e-01  1.9284295e-01 -5.7545248e-02
  -6.1650183e-02]
 [-2.4140306e-02  1.8762869e-01 -9.7518188e-01 -8.9665301e-02
  -7.2063290e-02]
 [ 7.1879096e-02 -8.0132104e-02  7.0679866e-02 -9.9071771e-01
   4.3531649e-02]
 [ 3.2974777e-03  7.7144615e-02 -6.1793573e-02  3.3290736e-02
   9.9454063e-01]]",99
5,6,5,,0.7314327359199524,"[[ 0.98776484  0.12522699 -0.07343739  0.04728945 -0.03177178]
 [-0.14146744  0.96317625 -0.2202547   0.0244884  -0.05627272]
 [-0.04523297 -0.23325332 -0.96641284 -0.0040376  -0.09786049]
 [-0.03183016 -0.01324928 -0.04045204  0.9113564   0.408172  ]
 [ 0.03533247  0.04502273 -0.10249155 -0.4081387   0.9053413 ]]",99
6,7,5,,0.6975075602531433,"[[ 0.9967832  -0.07035653  0.0029415   0.01393175  0.03564426]
 [ 0.0719405   0.9917733  -0.08890081  0.01900232 -0.05427485]
 [ 0.00446785  0.09073599  0.9916861  -0.09080094  0.00780927]
 [-0.01862455 -0.00288348  0.08988638  0.98834294  0.12142298]
 [-0.02968216  0.05651778 -0.02381611 -0.11990952  0.99044394]]",99
7,8,5,,0.7579491138458252,"[[ 0.9985094   0.0360461  -0.0321442   0.01561521  0.02006751]
 [-0.04090338  0.9785611  -0.193765    0.02375628 -0.05134051]
 [ 0.02276692  0.19873491  0.97641647 -0.00842749  0.08078373]
 [-0.00920372 -0.02856393  0.03119406  0.97840714 -0.20210356]
 [-0.02651382  0.0284145  -0.08402228  0.20454904  0.9744688 ]]",99
8,9,5,,0.7473121285438538,"[[ 0.9973936  -0.05798298  0.00638038  0.03037036  0.02968006]
 [ 0.05872525  0.9930196  -0.10189106 -0.00299029 -0.00852516]
 [ 0.00356629  0.10016818  0.98016447 -0.16710943  0.03613421]
 [-0.03508225  0.02263026  0.1551558   0.96632737  0.2009856 ]
 [-0.02266866  0.0020632  -0.0691504  -0.19327326  0.9784404 ]]",99
9,10,5,,0.8275493383407593,"[[ 0.99827844 -0.04708095  0.01624509  0.01609417  0.02647051]
 [ 0.04926749  0.98886234 -0.13434418  0.02532548 -0.03215893]
 [-0.01032782  0.13715124  0.98895764 -0.03123763  0.04549607]
 [-0.01836601 -0.01921703  0.03257662  0.99862546  0.03129367]
 [-0.02385306  0.02747435 -0.05088533 -0.02951171  0.9976051 ]]",99
10,11,5,,1.1324102878570557,"[[ 9.4310498e-01 -1.2051372e-01 -2.8351879e-01  5.1056192e-04
   1.2508461e-01]
 [ 1.6355924e-01  9.3283468e-01  1.6060251e-01 -2.7628219e-01
   3.0704727e-02]
 [ 2.2799806e-01 -5.2146547e-02  8.4282178e-01  4.6430638e-01
   1.3917141e-01]
 [-7.3418863e-02 -2.1046579e-01  1.8673627e-01 -5.5925024e-01
   7.7632630e-01]
 [-1.6256621e-01  2.6130596e-01 -3.8549325e-01  6.2874997e-01
   6.0113215e-01]]",99
