layer_from,layer_to,k_used,variance_threshold,residual_fro,rotation,boot_id
0,1,6,0.9,0.8330119252204895,"[[ 0.98679715 -0.06714993  0.14386036  0.00280472  0.02636106 -0.01799447]
 [ 0.08059116  0.99195635 -0.08270854 -0.04255285 -0.02838299  0.00840786]
 [-0.13906875  0.09309277  0.981828   -0.04813691  0.05418008 -0.05248578]
 [-0.00506787  0.04571776  0.04745807  0.9966253  -0.0415667   0.02533819]
 [-0.0179861   0.02749793 -0.06632881  0.04716193  0.98058224 -0.17537144]
 [ 0.0068741  -0.0010163   0.04272593 -0.0194388   0.17970744  0.98257494]]",0
1,2,6,0.9,0.8921859264373779,"[[-0.9849069  -0.05934609 -0.16191387 -0.01059166 -0.00574116 -0.00867326]
 [-0.09120713  0.97416943  0.20137744 -0.03836429  0.00579746 -0.02483516]
 [-0.14660399 -0.21112779  0.96300364  0.03404222  0.06766666  0.0286124 ]
 [-0.0086503   0.04416275 -0.03006795  0.99729216  0.04899294 -0.00887438]
 [ 0.0052844   0.00594036 -0.06584458 -0.05122985  0.9964455  -0.00855218]
 [-0.00664993  0.03018768 -0.02480751  0.00639885  0.00712057  0.99916834]]",0
2,3,6,0.9,0.9162774085998535,"[[-0.9407839  -0.31683114  0.08531664 -0.05419649 -0.01960647 -0.06279382]
 [-0.30440414  0.9449242   0.0685042  -0.07696729 -0.05378181 -0.03077507]
 [ 0.09964288 -0.03839546  0.9877404  -0.05946244  0.06178526  0.07491875]
 [-0.07433397  0.05703268  0.0626515   0.9909196   0.06396823  0.03581792]
 [-0.04360005  0.044405   -0.06665247 -0.06870249  0.9894699   0.08896092]
 [-0.07006094  0.00612918 -0.06347767 -0.03100478 -0.09880866  0.99010104]]",0
3,4,6,0.9,0.8267039060592651,"[[ 0.9823419   0.17959107 -0.02686163  0.02674064 -0.02136434 -0.0292998 ]
 [-0.17931733  0.98245496  0.03149234 -0.02044046 -0.03173669 -0.01451372]
 [ 0.03259553 -0.02503349  0.99705106 -0.0168591   0.05487216 -0.03008174]
 [-0.02808776  0.01698125  0.01635819  0.99793774  0.04692886  0.02393726]
 [ 0.01284889  0.03430896 -0.05718498 -0.0443116   0.9941168  -0.07180545]
 [ 0.02886676  0.02090577  0.02526278 -0.02719496  0.07109807  0.996141  ]]",0
4,5,6,0.9,0.8149358630180359,"[[ 0.9285766   0.35037732  0.10498141  0.06103047 -0.00832518 -0.012887  ]
 [-0.35809052  0.93235713  0.04288103  0.02208455 -0.01001011  0.00738695]
 [-0.07856257 -0.07268845  0.98294413 -0.10487944 -0.05004588 -0.09413178]
 [-0.05618414 -0.0499634   0.10998925  0.98340714  0.07114304  0.10049114]
 [ 0.00509416  0.01191195  0.04837143 -0.08199459  0.9938747   0.05461022]
 [ 0.01272616 -0.00489847  0.08076789 -0.10476247 -0.06691486  0.9888569 ]]",0
5,6,6,0.9,0.8463661670684814,"[[ 9.9872637e-01  4.8871122e-02 -6.1202329e-03 -4.8732860e-03
   9.7433655e-03  1.0194280e-03]
 [-4.7120802e-02  9.8570263e-01  1.5849261e-01  1.9873984e-02
  -1.9280133e-03 -2.5521006e-02]
 [ 1.2928752e-02 -1.5699068e-01  9.8446959e-01 -4.9157467e-02
   5.7695299e-02 -1.6158720e-02]
 [ 8.1056487e-03 -2.7916705e-02  5.4771934e-02  9.8365366e-01
  -1.6711183e-01  2.5576971e-02]
 [-9.5695592e-03  9.0210708e-03 -4.5032602e-02  1.6482288e-01
   9.7504801e-01  1.4111695e-01]
 [-8.7816600e-04  2.2250867e-02  2.5184827e-02 -4.9232025e-02
  -1.3389437e-01  9.8920089e-01]]",0
6,7,6,0.9,0.869072675704956,"[[ 0.9885517   0.08298265  0.10680842  0.03219032 -0.05852875 -0.00309653]
 [-0.10204502  0.98021704  0.16512373  0.01111516 -0.02488352 -0.02743576]
 [-0.08348798 -0.17058513  0.97186065 -0.12259725  0.05600923 -0.03535972]
 [-0.03266401 -0.02938897  0.10716632  0.9827239   0.1435153  -0.01555325]
 [ 0.0656324   0.04341911 -0.06071216 -0.13399476  0.98596174 -0.00677523]
 [-0.00275725  0.02097934  0.04052785  0.01045837  0.01004034  0.99884915]]",0
7,8,7,0.9,0.9462660551071167,"[[ 9.8777783e-01 -1.5271927e-01  2.9334048e-02 -1.0387731e-03
   1.3762114e-03 -8.5791503e-04  1.0371456e-02]
 [ 1.4273442e-01  9.6276659e-01  2.0982388e-01  4.4012811e-02
   7.9650939e-02 -9.2852404e-03 -1.7713504e-02]
 [-6.0062669e-02 -2.0136829e-01  9.7655416e-01 -3.1068832e-02
  -1.1201131e-02  3.2584734e-02 -5.7285274e-03]
 [-7.2512659e-03 -5.0762415e-02  1.7986605e-02  9.9329805e-01
   3.9955720e-02  9.3679659e-02 -5.8052223e-03]
 [-1.2832473e-02 -7.5238317e-02 -8.7910490e-03 -5.0269857e-02
   9.9329466e-01  6.9789916e-02  8.0834953e-03]
 [ 5.6549837e-03  2.5769364e-02 -3.1042239e-02 -8.8698603e-02
  -7.2567172e-02  9.9250907e-01  1.1517564e-02]
 [-8.0666980e-03  1.7507071e-02  9.5429607e-03  7.8093717e-03
  -5.6310212e-03 -1.1424457e-02  9.9965698e-01]]",0
8,9,7,0.9,0.9504668116569519,"[[ 0.9670215  -0.2343465  -0.07855529 -0.02114908 -0.05518596  0.01248977
  -0.01146257]
 [ 0.2245052   0.9688674  -0.08916906 -0.03244958 -0.03220088  0.02551077
  -0.01419584]
 [-0.09719466 -0.06919563 -0.992461   -0.02451442  0.01299696 -0.00230735
  -0.00332333]
 [-0.0097993   0.01064431 -0.02768002  0.86787885 -0.49222973  0.05066083
  -0.03089112]
 [ 0.06444705  0.02666341 -0.00900427  0.48555225  0.86622643  0.09401999
  -0.0102702 ]
 [-0.02299805 -0.0245496   0.00291328 -0.08747487 -0.05559176  0.992659
   0.05239934]
 [ 0.0155451   0.01275323 -0.00657843  0.03566962 -0.004452   -0.04908839
   0.99792314]]",0
9,10,7,0.9,1.0220670700073242,"[[ 0.97387964 -0.1891067  -0.10643401 -0.05303618  0.03637681  0.01469348
  -0.01081278]
 [ 0.16102923  0.9578371  -0.23195203  0.00744547 -0.02304257  0.04094304
  -0.0235173 ]
 [ 0.14476675  0.21058597  0.9611996   0.04047013  0.0915836  -0.01824326
  -0.02081225]
 [-0.03325184 -0.00286291 -0.09398483  0.27819297  0.9454191   0.13597625
  -0.01884079]
 [ 0.055413   -0.02806433 -0.01280671  0.95278484 -0.28722918  0.05845457
   0.04755264]
 [-0.01737841 -0.03129609  0.04247157 -0.09289557 -0.11147647  0.987769
  -0.01305513]
 [ 0.01386885  0.02578596  0.01281663 -0.0409146   0.03183509  0.01344592
   0.9980532 ]]",0
10,11,8,0.9,1.6283899545669556,"[[ 9.7268522e-01 -2.0149508e-01 -4.6822425e-02 -5.5563308e-02
   5.6351803e-02 -1.1918974e-03 -1.6563142e-02 -6.7471065e-02]
 [ 1.7249246e-01  8.9649850e-01 -3.8920778e-01  7.6318247e-04
  -6.1838623e-02  4.6375837e-02  9.5234782e-02  3.0337095e-03]
 [ 1.1833665e-01  3.5337704e-01  9.1027486e-01 -1.0103060e-01
  -8.0379255e-02  4.0507126e-03  1.2577635e-01  4.0802136e-03]
 [-7.3692929e-03 -8.1560872e-02 -8.8471644e-02 -5.9473109e-01
  -7.8461111e-01  3.8814027e-02 -1.0591127e-01  5.8506031e-02]
 [-6.5432861e-02 -2.9424477e-02 -5.6456599e-02 -6.8692899e-01
   5.1438183e-01  3.8387868e-01  3.1431791e-01  9.5114283e-02]
 [ 1.1184163e-02  3.8373347e-02  6.8995796e-02  1.7546831e-01
  -3.7808590e-02  8.2545942e-01 -5.2543449e-01 -6.2917233e-02]
 [ 5.2872047e-02  6.8121761e-02  2.9918866e-02 -8.0826759e-02
   1.6348065e-01 -1.9646098e-01 -4.3944454e-01  8.5246795e-01]
 [ 5.3572431e-02 -1.3108732e-01 -3.2472353e-02  3.5186139e-01
  -2.7960861e-01  3.5914034e-01  6.2899166e-01  5.0228673e-01]]",0
0,1,6,0.9,0.8308464288711548,"[[ 9.8511881e-01 -6.8016811e-03  1.6849896e-01 -5.2201054e-03
   2.4261817e-02 -2.2064289e-02]
 [ 1.8780869e-02  9.9661499e-01 -6.6432141e-02 -3.6756653e-02
  -2.4727792e-02  5.4786634e-03]
 [-1.6979136e-01  6.8204917e-02  9.7855806e-01 -5.3142715e-02
   5.8487717e-02 -5.1943645e-02]
 [-2.5676016e-03  3.9710984e-02  5.3346306e-02  9.9733168e-01
  -2.2992447e-02  1.9274425e-02]
 [-1.5643895e-02  2.1966454e-02 -7.0388921e-02  2.8770603e-02
   9.8221469e-01 -1.6954216e-01]
 [ 1.0379835e-02  9.0619887e-04  4.2644568e-02 -1.7301368e-02
   1.7350672e-01  9.8370165e-01]]",1
1,2,6,0.9,0.8800680041313171,"[[-9.79896963e-01 -1.14416063e-01 -1.62164912e-01 -1.63255315e-02
  -9.15139739e-04 -1.20848306e-02]
 [-1.41604364e-01  9.72184479e-01  1.76610246e-01 -5.38313054e-02
   1.67499501e-02 -2.08801944e-02]
 [-1.38511419e-01 -1.94386184e-01  9.67550039e-01  3.44255641e-02
   6.59366325e-02  3.66430618e-02]
 [-1.87279843e-02  5.73321134e-02 -2.79963575e-02  9.97615576e-01
   1.83329694e-02  2.34993082e-03]
 [ 1.10690575e-02 -4.87748673e-03 -6.62350357e-02 -1.96738224e-02
   9.97470379e-01 -1.15109570e-02]
 [-9.56158340e-03  2.58754529e-02 -3.44582722e-02 -5.15883276e-03
   9.37098265e-03  9.98968124e-01]]",1
2,3,6,0.9,0.9144723415374756,"[[-0.9653521  -0.22572753  0.09362283 -0.06101495 -0.02327653 -0.06412834]
 [-0.21342747  0.9700268   0.05912883 -0.07415143 -0.06349567 -0.02168992]
 [ 0.1003477  -0.03530997  0.98792434 -0.04595293  0.07174192  0.07369206]
 [-0.07471701  0.0591024   0.05107556  0.9930565   0.02973384  0.03564148]
 [-0.04879205  0.05790891 -0.07383537 -0.03646736  0.988814    0.0986471 ]
 [-0.06716374  0.00136168 -0.06069374 -0.0342936  -0.1078999   0.9894367 ]]",1
3,4,6,0.9,0.8401761651039124,"[[ 9.5697260e-01  2.8268641e-01 -2.8528335e-02  3.4855265e-02
  -3.8561910e-02 -2.7860658e-02]
 [-2.7980086e-01  9.5469576e-01  8.5376866e-02 -4.0580638e-02
  -2.8149586e-02 -2.3217259e-02]
 [ 5.3597320e-02 -7.3727220e-02  9.9385035e-01 -3.0008363e-02
   4.7560349e-02 -2.8118320e-02]
 [-4.2584941e-02  2.7642440e-02  3.3158548e-02  9.9782658e-01
   2.5581673e-02 -3.2813817e-03]
 [ 2.5505669e-02  3.7880588e-02 -4.9460363e-02 -2.4083959e-02
   9.9304658e-01 -9.3523175e-02]
 [ 2.4049364e-02  3.1774689e-02  2.4750730e-02  2.0817750e-04
   9.3073145e-02  9.9455357e-01]]",1
4,5,6,0.9,0.8273504972457886,"[[ 0.87334025  0.47317907  0.09402641  0.06286524 -0.02227238 -0.00945447]
 [-0.47932833  0.87665945  0.02288637  0.02233491 -0.0187525   0.01839218]
 [-0.06740808 -0.05830626  0.98446316 -0.12062342 -0.02965098 -0.08636992]
 [-0.05119324 -0.0589379   0.12291078  0.9827023  -0.015047    0.11343817]
 [ 0.00835332  0.02398409  0.03633004  0.00834202  0.99829614  0.03701964]
 [ 0.01693729 -0.01101047  0.07099821 -0.12339216 -0.03810013  0.9888751 ]]",1
5,6,6,0.9,0.843745768070221,"[[ 0.99504083  0.08180995 -0.04269712  0.0134597   0.02735795  0.02117123]
 [-0.07208759  0.97907114  0.18922473  0.00347995  0.00313134 -0.01987725]
 [ 0.05621019 -0.18516771  0.97780615 -0.0429328   0.0665862  -0.01309029]
 [-0.00648946 -0.01274175  0.05288264  0.98402816 -0.16302155  0.04595037]
 [-0.03487687  0.00711756 -0.05422056  0.15767504  0.9750566   0.14211392]
 [-0.01670457  0.0150559   0.02301043 -0.06921396 -0.13227513  0.9882699 ]]",1
6,7,6,0.9,0.8564425706863403,"[[ 9.9679816e-01  3.2715306e-02  3.6302038e-02  1.5084685e-03
  -6.3202567e-02 -2.9263766e-03]
 [-4.3275874e-02  9.6633154e-01  2.4911819e-01  2.4853249e-03
  -3.7843607e-02 -2.8850500e-02]
 [-2.3801237e-02 -2.4791487e-01  9.6312535e-01 -8.6576179e-02
   4.8473969e-02 -2.2718865e-02]
 [ 3.9015624e-03 -1.8147016e-02  7.7907279e-02  9.8928517e-01
   1.2118059e-01 -1.4695753e-02]
 [ 6.2756158e-02  5.3548306e-02 -4.4786058e-02 -1.1676107e-01
   9.8869705e-01  5.7729147e-03]
 [ 8.2344946e-04  2.1784237e-02  3.0602578e-02  1.3332267e-02
  -4.1055880e-03  9.9919647e-01]]",1
7,8,6,0.9,0.8492716550827026,"[[ 9.92962122e-01 -1.12115294e-01 -3.29997726e-02  3.19379265e-03
  -1.79352965e-02  5.96429780e-03]
 [ 9.89235640e-02  9.48700845e-01 -2.84631222e-01  5.78882620e-02
   7.19902068e-02 -2.51449738e-02]
 [-6.35041967e-02 -2.76889741e-01 -9.57579434e-01 -2.66381484e-02
  -1.53975431e-02  3.73411290e-02]
 [-8.86968989e-03 -7.10560009e-02 -5.77258086e-03  9.80780423e-01
   1.64103806e-01  7.73226768e-02]
 [ 1.13431299e-02 -6.30192235e-02  6.88728923e-03 -1.69952288e-01
   9.83262122e-01  1.28199887e-02]
 [-5.25328855e-04  4.13352661e-02  2.92753223e-02 -7.15205893e-02
  -2.28963755e-02  9.95888889e-01]]",1
8,9,6,0.9,0.8610988855361938,"[[ 9.3174207e-01 -3.5719952e-01 -2.4051130e-02 -5.9587378e-02
  -1.1630424e-02  9.3298033e-04]
 [ 3.4839398e-01  9.2455739e-01 -1.4400437e-01 -3.9795648e-02
   1.9581124e-02  3.3330750e-02]
 [ 7.6333009e-02  1.2641959e-01  9.8828334e-01  3.3094652e-02
   1.8777438e-02 -6.2893983e-03]
 [-3.9026316e-03 -2.6621815e-02 -1.1948135e-02 -9.0239316e-02
   9.9485415e-01  3.5432059e-02]
 [ 6.6062354e-02  7.1085896e-03 -4.0407054e-02  9.9071801e-01
   8.7361127e-02  6.9269985e-02]
 [-1.6498845e-02 -2.9342860e-02  1.4311920e-02 -6.4070731e-02
  -4.1976478e-02  9.9639088e-01]]",1
9,10,6,0.9,0.911883533000946,"[[ 0.9666732  -0.23181738 -0.06214247 -0.07784801  0.03916685  0.01864424]
 [ 0.2188663   0.9587892  -0.17803115  0.01460327  0.00539244  0.02972146]
 [ 0.10095861  0.15881012  0.97744715  0.03108407  0.08057965 -0.04152885]
 [ 0.05721088 -0.03964873 -0.04096477  0.9753474   0.1790032   0.10065829]
 [-0.06139459 -0.00342467 -0.06304239 -0.1881632   0.97296554  0.10088269]
 [-0.0201359  -0.01339967  0.05820658 -0.07779635 -0.115064    0.988299  ]]",1
10,11,6,0.9,1.248148798942566,"[[-9.7527212e-01  1.9521627e-01 -7.5418176e-04 -2.8920170e-02
   9.6868128e-02  2.2683417e-02]
 [-1.7742470e-01 -8.5954094e-01 -4.6734515e-01  5.1056501e-02
  -5.9338368e-02  7.1906947e-02]
 [-9.0234682e-02 -4.5034969e-01  8.8161910e-01  7.3337361e-02
   9.2262039e-03  7.9543106e-02]
 [-2.2234570e-02  7.5153254e-02 -3.4329340e-02  9.8728806e-01
  -5.1908955e-02 -1.2347839e-01]
 [ 7.1383908e-02  6.8796977e-02 -5.3406604e-02  1.2814006e-01
   4.0784913e-01  8.9697182e-01]
 [-6.0269799e-02  9.9419169e-02  1.7461605e-02 -4.5794309e-03
  -9.0441972e-01  4.1010064e-01]]",1
0,1,6,0.9,0.8301938772201538,"[[ 9.8755741e-01 -3.4743339e-02  1.4981978e-01  5.8251043e-04
   2.5043914e-02 -2.1206055e-02]
 [ 4.9217701e-02  9.9373418e-01 -8.8402033e-02 -3.8254172e-02
  -2.7527925e-02  5.8280420e-03]
 [-1.4790215e-01  9.4425738e-02  9.8009115e-01 -5.1528718e-02
   5.7496324e-02 -5.1663458e-02]
 [-5.4655927e-03  4.2029135e-02  5.0680522e-02  9.9696302e-01
  -3.6804292e-02  1.8585892e-02]
 [-1.7204635e-02  2.4484139e-02 -6.9349177e-02  4.1819718e-02
   9.8147768e-01 -1.7102051e-01]
 [ 1.0344208e-02  1.7856905e-03  4.2222187e-02 -1.4035984e-02
   1.7508945e-01  9.8349059e-01]]",2
1,2,6,0.9,0.885830283164978,"[[-0.98435956 -0.06480515 -0.16256453 -0.0139133  -0.00462524 -0.01393575]
 [-0.09779149  0.9714879   0.21016471 -0.0435832   0.01039938 -0.02170576]
 [-0.14534366 -0.22110641  0.96088296  0.03211301  0.06862817  0.03082105]
 [-0.0129279   0.0485943  -0.02689163  0.9973983   0.04312759 -0.00921426]
 [ 0.00706131  0.00258537 -0.06784866 -0.04500628  0.9966381  -0.00517666]
 [-0.01145326  0.02748339 -0.02794226  0.00683356  0.00360583  0.99913615]]",2
2,3,6,0.9,0.9189791083335876,"[[-0.9281956  -0.3487784   0.09834364 -0.0513163  -0.02274731 -0.06312077]
 [-0.3359615   0.9339423   0.06789891 -0.07798517 -0.05711365 -0.03045646]
 [ 0.11198507 -0.02958113  0.9871943  -0.05158918  0.06192743  0.07439989]
 [-0.07307653  0.05556758  0.05706481  0.992944    0.03010034  0.03836438]
 [-0.05300857  0.04624254 -0.06395126 -0.03658505  0.99002844  0.09729981]
 [-0.06994302  0.00202076 -0.06180291 -0.03670461 -0.10641106  0.98924905]]",2
3,4,6,0.9,0.8316631317138672,"[[ 0.9744035   0.21770258 -0.02641379  0.03244194 -0.02154182 -0.03048316]
 [-0.21692121  0.97446316  0.04029973 -0.02526601 -0.02928346 -0.01571287]
 [ 0.03512084 -0.03227913  0.9968043  -0.00990403  0.05872195 -0.02365438]
 [-0.0361238   0.01868565  0.00969106  0.99837977  0.03814216  0.00592087]
 [ 0.01171055  0.03267346 -0.06019206 -0.03707594  0.99353737 -0.08173833]
 [ 0.0284166   0.02384533  0.01850786 -0.00862063  0.08160209  0.9957651 ]]",2
4,5,6,0.9,0.827390193939209,"[[ 0.9245333   0.362143    0.09623792  0.06497023 -0.01736248 -0.01750267]
 [-0.37030077  0.92703056  0.05347902  0.02174266 -0.01090075  0.00633568]
 [-0.06515578 -0.07967021  0.982108   -0.11940802 -0.03770119 -0.09587353]
 [-0.05803179 -0.05353687  0.12343253  0.9823549   0.04553973  0.10693771]
 [ 0.01345489  0.01573456  0.03923124 -0.05569218  0.99580747  0.05742997]
 [ 0.01793324 -0.00238077  0.08104062 -0.11368929 -0.0667232   0.9877894 ]]",2
5,6,6,0.9,0.8525313138961792,"[[ 0.997601    0.06138156 -0.02553564 -0.00756516  0.01299283  0.01210001]
 [-0.05518764  0.98055464  0.18584894  0.01550195  0.00344025 -0.02597992]
 [ 0.03535536 -0.18348013  0.97907436 -0.04663476  0.0638641  -0.01565774]
 [ 0.01231461 -0.02372504  0.05406861  0.981314   -0.18074201  0.02678206]
 [-0.01472033  0.00634351 -0.05094287  0.17836282  0.97228     0.14144291]
 [-0.01132295  0.02183655  0.0265153  -0.05231884 -0.13320863  0.989045  ]]",2
6,7,6,0.9,0.869306206703186,"[[ 0.99284214  0.04521285  0.09111933  0.01791404 -0.05990767 -0.00280324]
 [-0.06685438  0.971572    0.22297524  0.01647424 -0.02938378 -0.02693732]
 [-0.07259842 -0.22338036  0.9637104  -0.1039631   0.0645274  -0.03347747]
 [-0.01416599 -0.03274519  0.08561166  0.9817614   0.16509537 -0.01690354]
 [ 0.06574076  0.05187571 -0.06580819 -0.15676092  0.9818698  -0.00376029]
 [-0.00144196  0.01848156  0.03976692  0.01303338  0.00769185  0.9989224 ]]",2
7,8,7,0.9,0.9474261999130249,"[[ 9.9159968e-01 -1.2753554e-01  1.7046398e-02  2.6449966e-04
  -7.0741596e-03  3.2100820e-03  1.0666405e-02]
 [ 1.2176423e-01  9.6764004e-01  2.0117377e-01  4.1326165e-02
   7.8499749e-02 -1.6254324e-02 -1.5525731e-02]
 [-4.2105649e-02 -1.9570698e-01  9.7880870e-01 -2.9826030e-02
  -9.8463325e-03  2.9194133e-02 -4.5252373e-03]
 [-6.6907061e-03 -4.9408589e-02  1.8026754e-02  9.9203455e-01
   6.9060691e-02  9.0956926e-02 -3.7457843e-03]
 [-2.5255899e-03 -7.4108779e-02 -8.7932432e-03 -7.7348903e-02
   9.9284488e-01  5.1397137e-02  7.6629929e-03]
 [ 7.2471943e-04  3.0415121e-02 -2.6672069e-02 -8.5205421e-02
  -5.6092661e-02  9.9394900e-01  4.6976418e-03]
 [-8.8880667e-03  1.5741656e-02  7.6329019e-03  5.2139773e-03
  -5.8376333e-03 -4.8780092e-03  9.9976492e-01]]",2
8,9,7,0.9,0.9543419480323792,"[[ 9.4904882e-01 -3.0347306e-01 -5.8660675e-02  5.4121610e-02
   2.4519458e-02  9.0700146e-03 -1.2519428e-02]
 [ 2.9077637e-01  9.4529068e-01 -1.3802573e-01  4.2982023e-02
   2.0242154e-03  2.7254568e-02 -1.5137773e-02]
 [-9.7051054e-02 -1.1455090e-01 -9.8820490e-01  1.9461138e-05
  -2.9502569e-02  2.9701870e-03 -5.5684289e-03]
 [-6.2919757e-03  8.2254075e-03 -2.8257055e-02 -3.1800249e-01
   9.4562691e-01  5.5201482e-02 -2.6669405e-02]
 [ 6.7566551e-02  2.0231672e-02  8.7224308e-04 -9.4043940e-01
  -3.2112473e-01  8.6357266e-02 -4.4394652e-03]
 [-2.1134557e-02 -2.4539389e-02  8.3546555e-03  9.7057678e-02
  -2.3718461e-02  9.9335289e-01  4.6353310e-02]
 [ 1.6882453e-02  1.1337799e-02 -9.4791828e-03 -1.5852770e-02
   2.5107872e-02 -4.3719079e-02  9.9835044e-01]]",2
9,10,7,0.9,1.0263636112213135,"[[ 0.9698844  -0.21374376 -0.09452273 -0.05186635  0.04182859  0.01206386
  -0.01086401]
 [ 0.18951093  0.9549407  -0.22206339  0.01653243 -0.01465639  0.03816557
  -0.03028222]
 [ 0.13631277  0.19874685  0.96479464  0.04122625  0.09126631 -0.02964139
  -0.01349631]
 [-0.01616953  0.03321278  0.06698409 -0.9060105  -0.39349586 -0.13454163
  -0.01879031]
 [-0.06457774  0.01556357 -0.06118687 -0.4050585   0.9065068   0.06372756
  -0.04422034]
 [-0.01326117 -0.02510499  0.05172741 -0.09571705 -0.10963383  0.98755443
  -0.00854259]
 [ 0.01486937  0.0304306   0.00427222 -0.03532378  0.03305744  0.00963033
   0.99819905]]",2
10,11,8,0.9,1.519248366355896,"[[ 0.9705654   0.21401724 -0.01863246 -0.04142293  0.06108887  0.00696398
  -0.01850973 -0.07754734]
 [ 0.19099815 -0.8827711  -0.4096988  -0.01083208 -0.06405067  0.06018465
   0.09201088 -0.00859307]
 [ 0.1016828  -0.37594613  0.90504366 -0.08546143 -0.06878115  0.04852379
   0.12081203 -0.01537526]
 [-0.01223083  0.0836164  -0.07861567 -0.8035338  -0.57071596  0.06504209
  -0.0481247   0.0935346 ]
 [-0.05814838  0.01963772 -0.03378277 -0.4346546   0.6762246   0.5329264
   0.23811035  0.09044603]
 [ 0.00155387 -0.02918662  0.04220716  0.20055999 -0.17325526  0.6971798
  -0.6572417  -0.09537423]
 [ 0.06254027 -0.09994358  0.05132314 -0.07603914  0.22489211 -0.26068905
  -0.46729675  0.80048895]
 [ 0.06114509  0.12392934 -0.03095813  0.33206308 -0.3519155   0.38950652
   0.5169627   0.5717239 ]]",2
0,1,6,0.9,0.8308552503585815,"[[ 0.9857157  -0.08169464  0.14342254  0.00440339  0.02662219 -0.01981285]
 [ 0.09364101  0.9915672  -0.07171208 -0.04519845 -0.02890214  0.00222444]
 [-0.13837646  0.08360073  0.9826477  -0.04928321  0.0546325  -0.05341249]
 [-0.00596221  0.04817665  0.04846508  0.9965182  -0.04372825  0.0182758 ]
 [-0.01815314  0.02809256 -0.06633253  0.04794086  0.981535   -0.16962281]
 [ 0.00910882  0.00460072  0.04406835 -0.01273252  0.17363185  0.98368883]]",3
1,2,6,0.9,0.8825092911720276,"[[ 0.9875752  -0.00836243 -0.15649194 -0.00954992 -0.00376571 -0.00550271]
 [ 0.03784302  0.97978896  0.1899966  -0.04222967 -0.00129632 -0.02641423]
 [ 0.15228067 -0.19073042  0.9661979   0.04110892  0.06798608  0.02412854]
 [ 0.00439834  0.04990812 -0.03687401  0.99665546  0.05286361 -0.00367418]
 [-0.00683301  0.01172021 -0.0643902  -0.05577465  0.99627036  0.00207213]
 [ 0.0027918   0.03061586 -0.01917022  0.00161863 -0.0035679   0.99933577]]",3
2,3,6,0.9,0.8979863524436951,"[[ 0.93999755  0.32277763 -0.07513812  0.05151403  0.01532279  0.06070359]
 [-0.31057832  0.94266546  0.07001352 -0.0812033  -0.04629143 -0.0358359 ]
 [ 0.08997209 -0.04194032  0.9898096  -0.04156494  0.0526945   0.07693208]
 [-0.07310504  0.0600648   0.04784353  0.99378854  0.02562309  0.02206022]
 [-0.04198511  0.04142145 -0.05873631 -0.03119679  0.98691213  0.13454637]
 [-0.0688739   0.01067438 -0.06316862 -0.02087516 -0.14210372  0.9851512 ]]",3
3,4,6,0.9,0.8112819194793701,"[[ 9.9526817e-01  8.7285981e-02 -2.4799347e-02  2.5078909e-02
  -6.8543400e-03 -2.3054019e-02]
 [-8.7207556e-02  9.9520588e-01  4.0235873e-03 -1.5267991e-02
  -4.0980704e-02 -5.6025255e-03]
 [ 2.4315504e-02  1.4015914e-04  9.9802339e-01  9.4811684e-03
   4.9923733e-02 -2.7851114e-02]
 [-2.5490701e-02  1.5188128e-02 -9.9981846e-03  9.9770600e-01
   4.4953950e-02  3.9767992e-02]
 [ 1.7407278e-03  4.0327817e-02 -5.1097389e-02 -4.3510806e-02
   9.9509770e-01 -6.0390741e-02]
 [ 2.4332458e-02  9.4543640e-03  2.4639718e-02 -4.1684795e-02
   5.9505481e-02  9.9671102e-01]]",3
4,5,7,0.9,0.8829362988471985,"[[ 0.948913    0.2890782   0.10270608  0.06578278 -0.00966288 -0.00874817
  -0.0308539 ]
 [-0.29476     0.95475465  0.03635828  0.00530335 -0.0047128   0.00689501
   0.01184431]
 [-0.08377912 -0.06147702  0.9831753  -0.10147648 -0.02834586 -0.08680226
  -0.06270961]
 [-0.06917906 -0.03087546  0.10276089  0.9850121   0.06095416  0.09638967
  -0.02111869]
 [ 0.01071268  0.0069685   0.02806379 -0.0670178   0.99624133  0.03969301
   0.02203199]
 [ 0.01101478 -0.00718988  0.07973212 -0.10019022 -0.04973929  0.98870754
   0.05843921]
 [ 0.02529326 -0.0066611   0.06157442  0.02384902 -0.01986831 -0.06270765
   0.99530333]]",3
5,6,7,0.9,0.9121059775352478,"[[ 9.97474432e-01  6.86138421e-02  1.57896476e-03 -7.36751594e-03
   2.49789935e-03 -1.14001352e-02  1.19906329e-02]
 [-6.77822828e-02  9.82536256e-01  1.68365240e-01  2.40143090e-02
   1.08517185e-02 -2.58080605e-02 -1.79090239e-02]
 [ 9.44059435e-03 -1.67706192e-01  9.80980158e-01 -5.43706790e-02
   7.70093054e-02 -1.51083805e-02 -1.86736807e-02]
 [ 1.01265227e-02 -3.19584310e-02  6.48185983e-02  9.74679887e-01
  -2.10514992e-01  9.38178133e-03 -1.64066907e-02]
 [-1.87554819e-04 -8.16960703e-04 -6.07282631e-02  2.12396517e-01
   9.64433014e-01  1.23877510e-01  7.56463110e-02]
 [ 1.00338366e-02  2.39251517e-02  2.57494170e-02 -3.60121056e-02
  -1.15400560e-01  9.91527617e-01 -3.03767361e-02]
 [-1.25614749e-02  1.39600858e-02  2.78621837e-02 -1.67299598e-03
  -7.86170587e-02  2.03736536e-02  9.96128738e-01]]",3
6,7,7,0.9,0.9434465765953064,"[[ 0.9840884   0.10162411  0.131023    0.0219136  -0.05714335 -0.01121587
  -0.01429057]
 [-0.1219325   0.98080134  0.14346536  0.00658813 -0.00841176 -0.02642068
  -0.04203148]
 [-0.10734259 -0.15683073  0.9711694  -0.10924662  0.07516027 -0.0355326
  -0.04318814]
 [-0.02558091 -0.02435471  0.09275767  0.9870304   0.11977623 -0.01896315
  -0.03483786]
 [ 0.06698035  0.02795068 -0.07818632 -0.11091861  0.98787653 -0.01199476
  -0.01650403]
 [ 0.00428905  0.02109474  0.04022288  0.01371332  0.01576645  0.99867207
  -0.01167   ]
 [ 0.00457909  0.03586058  0.05239915  0.0286657   0.02279882  0.00801245
   0.9972671 ]]",3
7,8,7,0.9,0.9562399983406067,"[[ 9.91488099e-01 -1.28150761e-01  2.15760600e-02  6.12242147e-03
  -5.44736627e-04 -4.75821551e-03  1.67934143e-03]
 [ 1.21267885e-01  9.71401334e-01  1.84612185e-01  5.32219857e-02
   6.61645457e-02 -2.06041406e-03 -1.94229931e-02]
 [-4.41571251e-02 -1.79307938e-01  9.81594086e-01 -3.95974517e-02
   7.41346646e-03  2.73637734e-02  3.14610457e-04]
 [-1.38074365e-02 -5.81161715e-02  2.64727026e-02  9.94239151e-01
   5.69793349e-03  8.45380574e-02 -6.33842545e-03]
 [-6.50515081e-03 -6.18133284e-02 -2.18415726e-02 -1.53164398e-02
   9.94788170e-01  7.62931779e-02 -9.93917580e-04]
 [ 7.90496543e-03  1.64301209e-02 -2.70576868e-02 -8.20527598e-02
  -7.69100934e-02  9.92882311e-01  2.17360612e-02]
 [ 4.38608171e-04  1.83604192e-02  3.97666497e-03  9.11017414e-03
   3.98201402e-03 -2.10197233e-02  9.99552965e-01]]",3
8,9,8,0.9,1.0563596487045288,"[[ 9.7382748e-01 -1.9717504e-01  9.5818885e-02 -1.9244585e-02
  -5.4354247e-02  6.8573044e-03 -1.5101763e-02  9.4034988e-04]
 [ 1.8534587e-01  9.7596109e-01  9.2207991e-02 -4.3766659e-02
  -3.4475584e-02  2.4330566e-02 -1.2958864e-02  2.7938293e-02]
 [-1.1068913e-01 -7.2171181e-02  9.9071807e-01 -4.3360926e-03
   2.8023655e-02 -2.6487887e-03 -5.1370203e-03  1.3391913e-02]
 [-4.8777615e-03  2.2128824e-02  1.7022172e-02  8.9523757e-01
  -4.4214132e-01  2.1096189e-02 -3.3732824e-02  2.5973046e-02]
 [ 6.5632895e-02  3.4947529e-02 -1.4198394e-02  4.3379852e-01
   8.8921058e-01  9.8356970e-02 -1.8096581e-02  7.3424473e-02]
 [-1.6605614e-02 -2.5192868e-02  1.6294689e-03 -5.6975354e-02
  -7.5727448e-02  9.9253231e-01  6.2232375e-02 -3.3358939e-02]
 [ 1.8873895e-02  1.2970735e-02  8.3200075e-03  4.2106360e-02
   6.0588503e-03 -5.9599444e-02  9.9685436e-01 -1.8052949e-02]
 [-9.5577715e-03 -2.9988982e-02 -1.5193355e-02 -5.5179097e-02
  -5.5820640e-02  2.3713997e-02  2.2818869e-02  9.9575841e-01]]",3
9,10,8,0.9,1.4160114526748657,"[[ 9.73720908e-01 -1.70761719e-01 -1.31789058e-01  2.26758663e-02
   5.85642233e-02  9.61128063e-03 -2.13403720e-02 -2.91172862e-02]
 [ 1.37647957e-01  9.64172244e-01 -2.14074314e-01  2.83960477e-02
  -8.90104286e-03  4.59485129e-02 -3.30311768e-02 -3.88491265e-02]
 [-1.61136955e-01 -1.93401724e-01 -9.60013688e-01  9.31237116e-02
  -7.06700012e-02  2.41966769e-02  2.53175255e-02  1.05656758e-02]
 [-3.72487754e-02  8.31707381e-04 -1.10788442e-01 -7.58104265e-01
   6.26209676e-01  1.36701345e-01 -1.63620412e-02 -2.28510275e-02]
 [ 5.64395934e-02 -4.41471348e-03 -1.09926499e-02 -6.25382245e-01
  -7.71884441e-01  6.49472028e-02  2.19931714e-02 -7.11616501e-02]
 [-1.05910096e-02 -3.83245610e-02  5.09866439e-02  1.42798275e-01
  -3.38336416e-02  9.87011313e-01  9.40440409e-03  1.87696796e-03]
 [ 2.82568671e-02  3.41193490e-02  1.23097477e-02 -1.82419084e-03
   2.97679044e-02 -7.26184808e-03  9.98379886e-01  1.34659493e-02]
 [ 3.83650623e-02  3.39861847e-02 -5.60925202e-03 -6.15447313e-02
  -3.90113182e-02  7.83230737e-03 -1.45025775e-02  9.95871603e-01]]",3
10,11,9,0.9,1.7622286081314087,"[[-9.66042578e-01 -1.76022917e-01 -5.87035455e-02  5.84214330e-02
  -5.51434234e-02  2.32098196e-02 -1.56331267e-02  1.53716013e-01
   3.82876135e-02]
 [-1.54265448e-01  9.27578628e-01 -3.18840474e-01 -2.17269231e-02
   2.45944634e-02 -1.11922398e-01 -2.11777892e-02  4.08083288e-04
   9.41468403e-03]
 [-1.04625992e-01  2.88901746e-01  9.35431957e-01  6.60611913e-02
   2.37836074e-02 -1.10118590e-01 -9.74811837e-02  4.97015659e-03
   6.30326420e-02]
 [-1.21628819e-02  4.29221317e-02  7.39297494e-02 -8.87985885e-01
  -2.50359058e-01  3.06217879e-01 -1.15107879e-01  1.77221984e-01
   5.40252179e-02]
 [ 5.29338792e-02 -3.08616809e-03 -1.59819964e-02  1.61402702e-01
  -9.40983832e-01 -2.86816359e-01 -3.71418707e-02 -2.85828691e-02
  -3.11731808e-02]
 [-1.96579807e-02  2.58757249e-02  7.83464834e-02 -1.36431471e-01
  -2.79587470e-02 -1.36535943e-01  9.69720304e-01  7.34097287e-02
   9.49850008e-02]
 [-7.36713931e-02  8.36088359e-02  2.98644677e-02  1.53739527e-01
  -1.70401022e-01  6.43614113e-01  1.18870005e-01 -6.38472795e-01
   3.13051283e-01]
 [-1.48573428e-01 -4.45228703e-02  3.48464139e-02 -2.75699854e-01
   6.24022260e-02 -2.59153455e-01  3.35551985e-02 -6.41136289e-01
  -6.44579470e-01]
 [ 3.43417861e-02  1.16856851e-01  7.67877400e-02  2.42736965e-01
  -1.18095018e-01  5.46565533e-01  1.39863327e-01  3.46452832e-01
  -6.84160709e-01]]",3
0,1,6,0.9,0.8330086469650269,"[[ 9.8675811e-01 -6.0608231e-02  1.4639071e-01  1.7584915e-03
   2.6545217e-02 -2.2298902e-02]
 [ 6.9300182e-02  9.9505407e-01 -4.8977889e-02 -4.3984495e-02
  -2.6465354e-02  5.5723949e-03]
 [-1.4492139e-01  5.8303893e-02  9.8395813e-01 -4.3536738e-02
   5.3090420e-02 -5.2065279e-02]
 [-3.8879367e-03  4.5235228e-02  4.4450678e-02  9.9675530e-01
  -4.3189328e-02  2.4009408e-02]
 [-1.9238656e-02  2.7359175e-02 -6.4730667e-02  4.8369348e-02
   9.7965539e-01 -1.8062975e-01]
 [ 1.0890633e-02 -4.9994633e-06  4.2794831e-02 -1.7498814e-02
   1.8489572e-01  9.8160958e-01]]",4
1,2,6,0.9,0.8810988068580627,"[[ 0.9860865  -0.04615127 -0.15914038 -0.01107037 -0.00498316 -0.00551227]
 [ 0.07583417  0.97765535  0.19002141 -0.04181902  0.00280432 -0.02396629]
 [ 0.14760594 -0.1966256   0.9653204   0.04452071  0.0693434   0.03027769]
 [ 0.00730144  0.04943203 -0.03927505  0.9973473   0.03455633 -0.00805922]
 [-0.00582522  0.00876067 -0.06691376 -0.03764398  0.99694985 -0.00925877]
 [ 0.0027911   0.02963404 -0.02650903  0.00528247  0.00745543  0.99916357]]",4
2,3,6,0.9,0.9072430729866028,"[[ 0.9644096   0.23238891 -0.09220883  0.05619069  0.0221965   0.06129378]
 [-0.21983682  0.9686795   0.06841486 -0.07625999 -0.04775545 -0.0235599 ]
 [ 0.10232876 -0.04577505  0.9873936  -0.05344502  0.06334783  0.07495326]
 [-0.07033755  0.06116291  0.05816969  0.9922475   0.04537041  0.03625604]
 [-0.04266425  0.04226646 -0.06727364 -0.05051555  0.98983413  0.09769377]
 [-0.06593221  0.00572209 -0.06293914 -0.03261566 -0.10669415  0.9895511 ]]",4
3,4,6,0.9,0.8199257850646973,"[[ 0.98560756  0.16177802 -0.02991366  0.02774288 -0.0164856  -0.02166187]
 [-0.16076556  0.9851769   0.03742094 -0.02561349 -0.03650657 -0.0138456 ]
 [ 0.03582642 -0.03087842  0.9969747  -0.01205639  0.05142243 -0.03185565]
 [-0.02997553  0.02271652  0.01247381  0.9976654   0.04598133  0.03129442]
 [ 0.00857348  0.03823363 -0.05301757 -0.04378181  0.9947876  -0.06430173]
 [ 0.02182905  0.0179698   0.02792488 -0.03429095  0.0635191   0.9965993 ]]",4
4,5,6,0.9,0.8042797446250916,"[[ 0.9248611   0.36358526  0.0933892   0.06034469 -0.00689872 -0.00521763]
 [-0.36839527  0.9291879   0.0211628   0.01422339 -0.01275146  0.00905539]
 [-0.0739985  -0.04987537  0.9851807  -0.10317787 -0.04359879 -0.09438807]
 [-0.05821732 -0.04097912  0.10844188  0.98533845  0.04634552  0.10065841]
 [ 0.00166655  0.01356755  0.04483758 -0.0574825   0.99527705  0.06262611]
 [ 0.00701406 -0.00804286  0.08049533 -0.10636964 -0.07186506  0.98839647]]",4
5,6,6,0.9,0.8311264514923096,"[[ 0.9966867   0.07989358  0.00249702 -0.00511016  0.01270241 -0.006237  ]
 [-0.07932571  0.98361164  0.15906331  0.01971241  0.00318983 -0.02270991]
 [ 0.00902173 -0.15777771  0.98382807 -0.0553173   0.06214558 -0.01360319]
 [ 0.00934165 -0.0277759   0.06137118  0.9841401  -0.16180925  0.02570631]
 [-0.01097097  0.00393827 -0.05007217  0.1603748   0.9764903   0.13454938]
 [ 0.00583073  0.0210805   0.02239006 -0.04768093 -0.12747888  0.9901999 ]]",4
6,7,7,0.9,0.9367006421089172,"[[ 9.87191319e-01  1.05345823e-01  9.68735963e-02  2.59414911e-02
  -6.40190914e-02 -5.69761451e-03 -1.29287811e-02]
 [-1.20363355e-01  9.81445432e-01  1.37836248e-01  7.03941099e-04
  -2.04267688e-02 -2.64096279e-02 -4.65129390e-02]
 [-7.35359341e-02 -1.47661105e-01  9.75791693e-01 -1.14727326e-01
   6.51740655e-02 -3.61928567e-02 -4.35805134e-02]
 [-2.64904164e-02 -1.74655207e-02  1.01148427e-01  9.86141562e-01
   1.22953281e-01 -1.60785019e-02 -3.01811341e-02]
 [ 6.95583895e-02  3.80558819e-02 -6.92092180e-02 -1.14048243e-01
   9.87755299e-01 -3.52360331e-03 -1.56068755e-02]
 [-4.41262528e-04  2.06260346e-02  4.03892063e-02  1.12358248e-02
   6.70812326e-03  9.98789549e-01 -1.38292881e-02]
 [ 4.25188011e-03  4.10433598e-02  5.28678931e-02  2.35723741e-02
   2.03386731e-02  1.04220174e-02  9.97208297e-01]]",4
7,8,7,0.9,0.941855788230896,"[[ 9.86935318e-01 -1.58873305e-01  2.53687911e-02  2.26174854e-03
  -4.96758567e-03  1.27838715e-03  6.55953027e-03]
 [ 1.49953276e-01  9.62138891e-01  2.07123309e-01  5.36678769e-02
   7.46830180e-02 -4.95237997e-03 -2.05050912e-02]
 [-5.70441373e-02 -1.98408872e-01  9.77177322e-01 -4.15414833e-02
  -7.38031138e-03  2.68641021e-02  1.54576893e-03]
 [-1.25939045e-02 -5.90393394e-02  2.74001453e-02  9.94683981e-01
   6.35663106e-04  7.87857100e-02  1.09992106e-03]
 [-6.60035899e-03 -7.29557052e-02 -9.98174213e-03 -1.01244785e-02
   9.94894028e-01  6.74238801e-02  8.47085379e-03]
 [ 2.40001292e-03  2.04125848e-02 -2.68415082e-02 -7.67312422e-02
  -6.70653433e-02  9.94036615e-01  1.90488566e-02]
 [-3.28828814e-03  2.13812739e-02  3.13728768e-03  1.60389009e-03
  -5.57785947e-03 -1.97534245e-02  9.99549150e-01]]",4
8,9,7,0.9,0.9452102780342102,"[[ 9.69927669e-01 -2.20362410e-01 -8.40184912e-02 -2.92327590e-02
  -5.14524393e-02  5.55980997e-03 -9.42951441e-03]
 [ 2.09374115e-01  9.71516609e-01 -9.13118124e-02 -3.43773030e-02
  -3.85340303e-02  3.10804006e-02 -1.86383203e-02]
 [-1.01918735e-01 -7.13274926e-02 -9.91971970e-01 -1.78032108e-02
   1.41263437e-02 -4.02634061e-04 -5.65328992e-05]
 [-6.63784426e-03  4.51322598e-03 -2.24906001e-02  8.22192907e-01
  -5.67471921e-01  2.97424234e-02 -2.27940399e-02]
 [ 6.66690022e-02  3.38467807e-02 -7.73931807e-03  5.61068416e-01
   8.18323910e-01  9.89150405e-02 -1.06678978e-02]
 [-1.76967084e-02 -3.17477174e-02  4.19228710e-03 -7.78079331e-02
  -6.31357580e-02  9.92753267e-01  5.53373396e-02]
 [ 1.46120423e-02  1.82841271e-02 -3.38441902e-03  2.81730555e-02
  -1.91798026e-03 -5.26804253e-02  9.97931957e-01]]",4
9,10,8,0.9,1.178188443183899,"[[ 9.7176689e-01 -1.8740937e-01 -1.2506594e-01 -4.8887517e-02
   4.5520011e-02  1.3478369e-02 -1.6093332e-02 -1.6219713e-03]
 [ 1.5875480e-01  9.6346402e-01 -2.0227769e-01 -1.3272971e-02
  -1.9467078e-02  5.1629163e-02 -2.9144287e-02 -3.9341222e-02]
 [ 1.5704912e-01  1.7945288e-01  9.6324003e-01  6.4140283e-02
   9.9096917e-02 -2.4575841e-02 -2.6644006e-02 -7.2712004e-03]
 [-2.6051009e-02 -3.2105499e-03 -1.1189076e-01  5.6924796e-01
   8.0070436e-01  1.4682439e-01 -7.7657467e-03  1.7232836e-03]
 [ 6.5051772e-02 -1.4052726e-02 -1.8314623e-04  8.0861682e-01
  -5.8078825e-01  4.5608900e-02  3.5443813e-02 -3.2529589e-02]
 [-1.6631410e-02 -4.2340755e-02  5.3213496e-02 -1.1983602e-01
  -8.8740833e-02  9.8616499e-01  1.5274147e-02 -1.0426193e-02]
 [ 2.2423102e-02  3.1681340e-02  1.6098756e-02 -2.1486172e-02
   3.0639211e-02 -1.4258876e-02  9.9816018e-01  1.7516194e-02]
 [ 1.0574850e-02  3.7514538e-02 -6.9818250e-04  2.4352370e-02
  -2.1739528e-02  1.3657684e-02 -1.7551839e-02  9.9845886e-01]]",4
10,11,8,0.9,1.6037044525146484,"[[-0.95663273 -0.21623065 -0.0566154   0.04933028  0.09411415 -0.01698782
  -0.00978408 -0.15237315]
 [-0.17294195  0.86291426 -0.4615241   0.02349202 -0.06105949  0.07815856
   0.04467625 -0.00898956]
 [-0.13545164  0.41841078  0.8709064   0.15560327 -0.04337082  0.06882957
   0.11765469 -0.0585979 ]
 [ 0.01088188 -0.10398313 -0.10356333  0.8627138  -0.45347616  0.02617917
  -0.11410353  0.12133843]
 [ 0.06715383 -0.03088346 -0.05270524  0.34224904  0.7115842   0.585652
   0.10416864  0.12013668]
 [-0.0066605   0.03028818  0.07136247 -0.16531043 -0.1459961   0.466301
  -0.83610845 -0.16967407]
 [-0.09614078  0.11380466  0.07902054  0.04460971  0.30967394 -0.44280875
  -0.43946508  0.6960346 ]
 [-0.15060653 -0.0889978   0.02172933 -0.2864877  -0.39538297  0.48132664
   0.26074523  0.65639824]]",4
0,1,6,0.9,0.833780825138092,"[[ 9.87972021e-01 -4.31466028e-02  1.45333171e-01  2.29107356e-03
   2.05749199e-02 -2.23474707e-02]
 [ 5.62649928e-02  9.93824780e-01 -8.24799836e-02 -4.19202745e-02
  -2.33307462e-02  6.48254994e-03]
 [-1.42759115e-01  8.89599621e-02  9.81001139e-01 -5.38451150e-02
   5.85821643e-02 -5.48773780e-02]
 [-7.01732561e-03  4.61411104e-02  5.19864373e-02  9.97100651e-01
  -2.07052436e-02  2.19270699e-02]
 [-1.31656919e-02  2.01950260e-02 -7.06105009e-02  2.68585086e-02
   9.81590271e-01 -1.73758239e-01]
 [ 1.19522195e-02 -2.80022632e-05  4.49847206e-02 -2.01768205e-02
   1.77910358e-01  9.82738197e-01]]",5
1,2,6,0.9,0.8862870335578918,"[[ 0.9872875  -0.06163664 -0.14520629 -0.0130429  -0.00580752 -0.01325326]
 [ 0.08643032  0.97904956  0.17756692 -0.04490542  0.00803963 -0.01951124]
 [ 0.13226868 -0.186186    0.96960866  0.02703892  0.07518727  0.03625701]
 [ 0.01292851  0.04880011 -0.02566232  0.99610466  0.06716443  0.0075794 ]
 [-0.00590864  0.00224285 -0.07346793 -0.0688976   0.99479955 -0.01376538]
 [ 0.00980651  0.02472329 -0.03446835 -0.01053883  0.01054977  0.9989405 ]]",5
2,3,6,0.9,0.9109441637992859,"[[ 0.9084951   0.39545527 -0.09850874  0.06443711  0.02766224  0.0602527 ]
 [-0.38240528  0.9160725   0.07543249 -0.06749571 -0.06180726 -0.02261556]
 [ 0.11741762 -0.03017223  0.98673636 -0.05346369  0.06383779  0.06870559]
 [-0.08362175  0.03759189  0.05956697  0.992188    0.05442479  0.02543688]
 [-0.05705991  0.04558459 -0.06365211 -0.05875926  0.99144703  0.06476638]
 [-0.06608661 -0.00497955 -0.05794398 -0.02332866 -0.07355309  0.99312437]]",5
3,4,6,0.9,0.8307420611381531,"[[ 0.97681975  0.20698364 -0.02242025  0.03210131 -0.03183034 -0.02084816]
 [-0.20691587  0.97707397  0.03167258 -0.02061092 -0.02759865 -0.0179618 ]
 [ 0.03047025 -0.02603731  0.99687296 -0.03985409  0.0446725  -0.03246398]
 [-0.03316     0.01421004  0.03997185  0.99754286  0.0413821   0.01721689]
 [ 0.02344452  0.03189262 -0.04918766 -0.03706657  0.99192905 -0.10352101]
 [ 0.02076902  0.02423274  0.02685655 -0.02214898  0.10292603  0.99356717]]",5
4,5,6,0.9,0.815585196018219,"[[ 0.92676026  0.35851094  0.09513252  0.05630418 -0.01798278 -0.0064549 ]
 [-0.36687714  0.9278733   0.05711867  0.03031766 -0.01459661  0.007584  ]
 [-0.06344302 -0.08171745  0.9815818  -0.12231597 -0.05790905 -0.08648591]
 [-0.04817873 -0.05880217  0.12598926  0.9831526   0.05624863  0.09270772]
 [ 0.01096316  0.01809816  0.05808139 -0.06891582  0.9934955   0.06630313]
 [ 0.00709058 -0.00761754  0.0702693  -0.09803516 -0.07689519  0.9896617 ]]",5
5,6,6,0.9,0.8409791588783264,"[[ 9.97147560e-01  4.74471375e-02 -5.17968312e-02 -1.86583260e-04
   2.37264261e-02  1.41264945e-02]
 [-3.60903591e-02  9.79579031e-01  1.96595460e-01 -5.23162354e-03
  -4.54278052e-04 -2.10949052e-02]
 [ 5.86316362e-02 -1.94098487e-01  9.74817395e-01 -7.05378205e-02
   5.90503514e-02 -1.25122806e-02]
 [ 7.67921610e-03 -9.57166217e-03  7.79515058e-02  9.86351192e-01
  -1.41912639e-01  2.72954348e-02]
 [-2.81394962e-02  1.19991731e-02 -4.30839919e-02  1.40293717e-01
   9.77562726e-01  1.47975534e-01]
 [-1.02807935e-02  1.62424538e-02  2.15781592e-02 -4.92540076e-02
  -1.42062739e-01  9.88209009e-01]]",5
6,7,6,0.9,0.8518366813659668,"[[ 0.9937604   0.03339105  0.08451832  0.01874614 -0.06146539 -0.00725142]
 [-0.05890147  0.9560033   0.28363103  0.01747599 -0.03464539 -0.02521672]
 [-0.06729147 -0.28353035  0.95006317 -0.10212703  0.03639701 -0.02660149]
 [-0.01510843 -0.03930351  0.08663949  0.9831838   0.15472206 -0.01146074]
 [ 0.06475759  0.05213773 -0.0339499  -0.14903131  0.98466533 -0.01262404]
 [ 0.00457904  0.01702919  0.03363096  0.00725267  0.01386425  0.99915624]]",5
7,8,6,0.9,0.8554299473762512,"[[ 0.99299604 -0.10538463 -0.05186486  0.00859046 -0.00880886  0.00340099]
 [ 0.08707079  0.9532999  -0.2762352   0.04321189  0.07084943 -0.02110324]
 [-0.07868842 -0.26820073 -0.9589902  -0.01391423 -0.01221578  0.04325984]
 [-0.01300791 -0.04835995  0.0024242   0.99142426  0.09399795  0.07568663]
 [ 0.00302428 -0.06546766  0.0093201  -0.10124318  0.9912109   0.0535614 ]
 [ 0.0027017   0.03946139  0.03534361 -0.06850543 -0.05847174  0.9945222 ]]",5
8,9,7,0.9,0.9395700693130493,"[[ 0.9528281  -0.29686004 -0.01530453 -0.0442117  -0.03719928  0.00621159
  -0.01953043]
 [ 0.29002327  0.94767135 -0.11820344 -0.04507428 -0.01683587  0.0348992
  -0.01733238]
 [ 0.05304944  0.10979304  0.9914352   0.0249104   0.03527689 -0.00680723
   0.01661402]
 [-0.01313527 -0.01956717 -0.00316651 -0.72259295  0.690357    0.02323558
  -0.01269208]
 [ 0.06342996  0.01657073 -0.04717863  0.6865643   0.7168447   0.09006786
  -0.01127077]
 [-0.01999095 -0.03119409  0.01437187 -0.04336234 -0.07906913  0.99375117
   0.05241188]
 [ 0.02439928  0.01039761 -0.02018491 -0.00122142  0.01942001 -0.050035
   0.99800146]]",5
9,10,7,0.9,1.007426381111145,"[[ 0.96718764 -0.23437434 -0.03058558 -0.0809983   0.03237417  0.02082624
  -0.02527486]
 [ 0.22125995  0.94943434 -0.21940757 -0.00690102  0.00181716  0.03080459
  -0.02188389]
 [ 0.08298367  0.20589721  0.9687291   0.05592817  0.08646197 -0.04026252
  -0.00771008]
 [ 0.08346056 -0.01982028 -0.03194829  0.9561889  -0.27407548  0.03582133
   0.03038177]
 [-0.02038185 -0.0201933  -0.08825253  0.26546532  0.9493808   0.13987178
  -0.00533497]
 [-0.02358965 -0.01241147  0.06064568 -0.06852502 -0.12141805  0.9878674
   0.01707448]
 [ 0.02771933  0.01716817  0.00136041 -0.02826571  0.0170102  -0.01633912
   0.9987892 ]]",5
10,11,7,0.9,1.412780523300171,"[[-0.9778648   0.17933917  0.02035772 -0.03442201  0.09317794 -0.01523861
  -0.03323107]
 [-0.17578188 -0.83298737 -0.48174983  0.07470222 -0.03820651  0.1313488
   0.13732177]
 [-0.06651926 -0.45770997  0.8705274   0.09538109  0.0731935   0.06798445
   0.09582297]
 [-0.02554492  0.0743179  -0.03601711  0.96885246 -0.10649927 -0.18763895
  -0.08544844]
 [ 0.07387002  0.08565241 -0.0696765   0.18444093  0.75775445  0.6038634
  -0.09742068]
 [-0.04311122  0.02160402  0.05931108  0.01680551 -0.57398677  0.6434592
  -0.5003737 ]
 [ 0.02210227 -0.22615248 -0.00384673 -0.10564607  0.2636401  -0.4049621
  -0.8388625 ]]",5
0,1,6,0.9,0.8308206796646118,"[[ 0.98518044 -0.01093858  0.1684648  -0.00117866  0.0240701  -0.01840803]
 [ 0.02862048  0.993618   -0.09867865 -0.03724037 -0.02754573  0.00459369]
 [-0.16823003  0.10157996  0.97561085 -0.05607372  0.06164344 -0.05118012]
 [-0.00657931  0.04201109  0.05478508  0.99690145 -0.03243797  0.018048  ]
 [-0.01428292  0.02252949 -0.07355706  0.0380144   0.98162407 -0.16984388]
 [ 0.00720337  0.00355911  0.04066335 -0.01449089  0.17385049  0.98379266]]",6
1,2,6,0.9,0.8916531801223755,"[[-9.8037201e-01 -1.2258230e-01 -1.5319169e-01 -1.4938634e-02
  -9.3072403e-04 -1.2354757e-02]
 [-1.5197176e-01  9.6464688e-01  2.0748301e-01 -4.8442744e-02
   1.5175773e-02 -2.7106915e-02]
 [-1.2327344e-01 -2.2516817e-01  9.6301639e-01  3.0148678e-02
   6.8283446e-02  3.3627618e-02]
 [-1.7811151e-02  5.1696114e-02 -2.4550728e-02  9.9711233e-01
   4.6433643e-02 -4.3075904e-03]
 [ 1.0725936e-02 -1.9181106e-03 -6.8030745e-02 -4.7812361e-02
   9.9646038e-01 -5.8042724e-03]
 [-1.2113333e-02  3.2451183e-02 -2.9183241e-02  1.5076878e-03
   4.0916293e-03  9.9896425e-01]]",6
2,3,6,0.9,0.9238907694816589,"[[-8.99648249e-01 -4.16416585e-01  1.02223657e-01 -4.91385311e-02
  -1.28062163e-02 -6.48219585e-02]
 [-4.01975721e-01  9.05663908e-01  8.16198885e-02 -7.98835829e-02
  -6.09957688e-02 -3.77456360e-02]
 [ 1.22042574e-01 -3.08777597e-02  9.85977113e-01 -4.22491804e-02
   6.30376562e-02  7.90100396e-02]
 [-7.57190138e-02  5.22228293e-02  4.95698117e-02  9.93700147e-01
   1.63988639e-02  3.70588824e-02]
 [-5.38582131e-02  5.18539138e-02 -6.64910451e-02 -2.47594938e-02
   9.85666275e-01  1.33560300e-01]
 [-7.42967054e-02  7.82915973e-04 -6.21244572e-02 -3.69598381e-02
  -1.42600238e-01  9.84336853e-01]]",6
3,4,6,0.9,0.8414946794509888,"[[ 9.6269238e-01  2.6366547e-01 -1.7018825e-02  3.9111976e-02
  -2.3745134e-02 -3.6339696e-02]
 [-2.6261106e-01  9.6169907e-01  6.4087480e-02 -2.8353099e-02
  -2.8443128e-02 -2.1218400e-02]
 [ 3.4030925e-02 -5.6338813e-02  9.9579775e-01 -1.3462184e-02
   5.6881480e-02 -2.5257105e-02]
 [-4.4199772e-02  1.7526556e-02  1.3856718e-02  9.9807715e-01
   3.7269272e-02 -3.7582155e-04]
 [ 1.2216691e-02  3.3409510e-02 -5.8107961e-02 -3.6336817e-02
   9.9253571e-01 -9.4395645e-02]
 [ 3.1587180e-02  3.1905647e-02  2.0528939e-02 -2.5900288e-03
   9.4210021e-02  9.9432421e-01]]",6
4,5,6,0.9,0.839698076248169,"[[ 0.92428136  0.36033928  0.1008826   0.06914704 -0.0229555  -0.01933626]
 [-0.36924765  0.927252    0.05648214  0.02098436 -0.01011478  0.01126664]
 [-0.0688111  -0.08381762  0.9830037  -0.11103561 -0.01990353 -0.09601314]
 [-0.06161963 -0.05505405  0.11410046  0.9824545   0.01321044  0.12149835]
 [ 0.01779085  0.01652841  0.02402848 -0.01824603  0.998708    0.03289812]
 [ 0.02261793 -0.0054519   0.08209821 -0.12999898 -0.03717989  0.98713547]]",6
5,6,6,0.9,0.8585630059242249,"[[ 0.9969641   0.05629155 -0.04674849 -0.00251147  0.01407986  0.0224488 ]
 [-0.04503936  0.9768984   0.20719506  0.01753013  0.00540475 -0.019356  ]
 [ 0.05645193 -0.20414941  0.97383314 -0.03056712  0.07450061 -0.01733614]
 [ 0.00860796 -0.02433332  0.04396737  0.9680674  -0.24344873  0.03128526]
 [-0.01915291  0.00517597 -0.06124259  0.2399158   0.95915586  0.13533746]
 [-0.02015836  0.01431407  0.02915533 -0.0635439  -0.12237249  0.9897099 ]]",6
6,7,6,0.9,0.8736854195594788,"[[ 9.9503094e-01  3.2136343e-02  7.5405940e-02  7.2244178e-03
  -5.6056801e-02  1.4929882e-04]
 [-5.2390136e-02  9.6386105e-01  2.5729084e-01  2.2029378e-02
  -2.8514983e-02 -2.7021242e-02]
 [-6.0179923e-02 -2.5654617e-01  9.5898050e-01 -7.4957058e-02
   6.4953282e-02 -3.2882195e-02]
 [-2.6461612e-03 -3.4485925e-02  5.7977375e-02  9.8795873e-01
   1.3853595e-01 -1.3700077e-02]
 [ 5.9405424e-02  5.1302779e-02 -5.9882000e-02 -1.3288546e-01
   9.8619229e-01 -4.4136015e-03]
 [-3.3204539e-03  1.7375618e-02  3.9043840e-02  1.1089239e-02
   7.6319831e-03  9.9899018e-01]]",6
7,8,6,0.9,0.8771714568138123,"[[ 0.9963862  -0.07825351 -0.02999606  0.00308548 -0.0133074   0.00215564]
 [ 0.0719814   0.9759432  -0.1816762   0.06228966  0.07149361 -0.01886488]
 [-0.04353178 -0.17698547 -0.9823692  -0.02625528 -0.00525217  0.03185568]
 [-0.00809638 -0.06764325 -0.01143746  0.9918128   0.06156358  0.08800705]
 [ 0.00844935 -0.0672022   0.00881923 -0.06781311  0.9951883   0.01834053]
 [ 0.00115982  0.03155287  0.02891327 -0.08443819 -0.02223096  0.9952603 ]]",6
8,9,7,0.9,0.9660438299179077,"[[ 9.2666948e-01 -3.6729884e-01 -4.5792595e-02  6.1184634e-02
   1.7036106e-02  1.0645354e-02 -1.1451927e-02]
 [ 3.5531175e-01  9.2145002e-01 -1.5142512e-01  2.8178828e-02
   4.1739978e-03  2.6253924e-02 -1.5907312e-02]
 [ 9.8084867e-02  1.2467639e-01  9.8682755e-01 -3.3373134e-03
   2.8680464e-02 -5.2149422e-03  1.2072779e-02]
 [ 2.0275989e-03 -1.7797652e-03 -2.7636940e-02 -3.4075791e-01
   9.3617749e-01  7.8332484e-02 -2.3425352e-02]
 [ 6.8433188e-02  2.3592457e-03  1.7085009e-05 -9.3495828e-01
  -3.4458566e-01  4.9244247e-02 -3.1670090e-04]
 [-2.1845276e-02 -1.9421127e-02  1.1354001e-02  7.1409941e-02
  -5.6085188e-02  9.9483860e-01  3.2677319e-02]
 [ 1.5880128e-02  9.5502697e-03 -1.5882457e-02 -9.4328607e-03
   2.3594461e-02 -3.0087925e-02  9.9892610e-01]]",6
9,10,7,0.9,1.0319801568984985,"[[ 9.69632328e-01 -2.15289578e-01 -8.39647502e-02 -5.96065968e-02
   5.04507609e-02  1.34672346e-02 -1.15701128e-02]
 [ 1.98708132e-01  9.60602999e-01 -1.85875371e-01  3.25387567e-02
  -6.64087944e-03  2.89476458e-02 -3.55861746e-02]
 [ 1.18739076e-01  1.64263040e-01  9.74210501e-01  3.16237658e-02
   8.55694041e-02 -3.77553590e-02 -9.21558775e-03]
 [-3.34630087e-02  4.88996506e-02  4.03614789e-02 -9.70000982e-01
  -2.01135397e-01 -1.14435546e-01 -2.01760102e-02]
 [-6.84021190e-02  1.09463483e-02 -6.86379969e-02 -2.10402459e-01
   9.68352854e-01  8.72244835e-02 -3.00921574e-02]
 [-1.22845275e-02 -1.41281318e-02  5.45337014e-02 -9.27483141e-02
  -1.05892740e-01  9.88353729e-01  4.12518438e-03]
 [ 1.67249870e-02  3.46301049e-02 -8.43929083e-05 -2.47948766e-02
   2.66920980e-02 -2.92732497e-03  9.98591602e-01]]",6
10,11,7,0.9,1.4407118558883667,"[[ 0.97644055  0.20205133  0.00252387 -0.02058848  0.07105238  0.0089793
  -0.01340839]
 [ 0.18032433 -0.84115595 -0.4889632  -0.01699377 -0.06312587  0.07392582
   0.1054331 ]
 [ 0.09716833 -0.44768757  0.8653688  -0.0474418  -0.09540153  0.10982764
   0.13362944]
 [-0.00842807  0.06783539 -0.04908492 -0.92938995 -0.3558093   0.01774227
  -0.0473002 ]
 [-0.06622811  0.01175121 -0.01420084 -0.28007042  0.74824035  0.5817611
   0.13610688]
 [ 0.01146465  0.01042387 -0.01106777  0.17653848 -0.34013385  0.671575
  -0.63385123]
 [ 0.00408093 -0.21531235  0.09649918 -0.15383656  0.4239225  -0.4388832
  -0.7404846 ]]",6
0,1,6,0.9,0.8324326872825623,"[[ 0.9873838  -0.05786676  0.14326975  0.00557169  0.02368595 -0.02462344]
 [ 0.07047457  0.99348176 -0.07794082 -0.0347935  -0.02695125  0.00394274]
 [-0.13974942  0.08671667  0.9816841  -0.05592998  0.05647219 -0.05412418]
 [-0.01009539  0.03907081  0.05463033  0.9970941  -0.02853998  0.01939049]
 [-0.01665835  0.02431311 -0.06852221  0.03407315  0.9817185  -0.17176747]
 [ 0.01404214  0.00281764  0.04489559 -0.01651262  0.17589188  0.9831422 ]]",7
1,2,6,0.9,0.8793235421180725,"[[ 0.9884151   0.0384719  -0.14612788 -0.01067387 -0.00477199 -0.00808956]
 [-0.01446147  0.9846536   0.16593699 -0.04849362  0.0020979  -0.01889671]
 [ 0.15079422 -0.15974148  0.97165114  0.02691905  0.07646261  0.03265889]
 [ 0.00527244  0.05333818 -0.02566643  0.9953938   0.07513438  0.0037975 ]
 [-0.00729269  0.00571281 -0.07300529 -0.07705528  0.99386257 -0.02973597]
 [ 0.00256394  0.02413105 -0.03189104 -0.00796271  0.02680403  0.99880534]]",7
2,3,6,0.9,0.9010047912597656,"[[ 0.893596    0.42946064 -0.09345585  0.05528371  0.03225978  0.06495266]
 [-0.41641134  0.90094894  0.07859813 -0.0671221  -0.057974   -0.02913118]
 [ 0.11369804 -0.03113663  0.9874563  -0.04762889  0.055434    0.07544434]
 [-0.07701441  0.03744767  0.05376679  0.99353063  0.04767612  0.01998693]
 [-0.06495872  0.03825679 -0.05787617 -0.05299606  0.9877332   0.1119891 ]
 [-0.07077967 -0.00438493 -0.06146397 -0.01606704 -0.12097684  0.9880787 ]]",7
3,4,6,0.9,0.8216139674186707,"[[ 9.91339386e-01  1.25594229e-01 -1.00987591e-02  3.15431245e-02
  -1.29834218e-02 -1.43789267e-02]
 [-1.26032695e-01  9.91288245e-01  2.89532193e-03 -5.32136997e-03
  -3.57905105e-02 -1.20670032e-02]
 [ 1.06087644e-02 -4.13057598e-04  9.98157263e-01 -1.01268273e-02
   4.58919853e-02 -3.68887186e-02]
 [-3.12553570e-02  2.53127725e-03  1.05810957e-02  9.98733997e-01
   2.21802872e-02  3.07109021e-02]
 [ 7.01474538e-03  3.54573242e-02 -4.98220250e-02 -1.80800650e-02
   9.92164075e-01 -1.07213892e-01]
 [ 1.49429655e-02  1.76012758e-02  3.12659033e-02 -3.28277573e-02
   1.07530475e-01  9.92899179e-01]]",7
4,5,7,0.9,0.8752418160438538,"[[ 0.949777    0.29218096  0.08911815  0.06074225 -0.01042813 -0.00412077
  -0.02822208]
 [-0.29860842  0.9528301   0.04541682  0.02278797 -0.01302152  0.00816326
   0.01138294]
 [-0.06820494 -0.06478773  0.9832319  -0.10636214 -0.04195371 -0.08647221
  -0.06209036]
 [-0.05815953 -0.04673536  0.11010352  0.98326665  0.06800538  0.10282416
  -0.01731237]
 [ 0.00815609  0.01515818  0.04277661 -0.07941682  0.9930431   0.07141972
   0.01820377]
 [ 0.00726821 -0.00896407  0.07489559 -0.10494672 -0.08341718  0.9868482
   0.04915168]
 [ 0.02455257 -0.00729583  0.06073172  0.01855021 -0.01561192 -0.05381456
   0.99607813]]",7
5,6,7,0.9,0.912459135055542,"[[ 9.9829692e-01  4.6865437e-02 -2.6241258e-02 -7.1014734e-03
   1.1261906e-02  6.7634275e-03  1.7187871e-02]
 [-4.0501080e-02  9.7943228e-01  1.9485025e-01  7.5488575e-03
   7.8594107e-03 -2.9338405e-02 -1.1216482e-02]
 [ 3.3824135e-02 -1.9321291e-01  9.7512841e-01 -7.4584171e-02
   6.7370787e-02 -1.4844662e-02 -1.8088734e-02]
 [ 1.2063386e-02 -2.1864440e-02  8.0907412e-02  9.8463190e-01
  -1.5174052e-01  9.1566276e-03 -1.4878309e-02]
 [-1.3782120e-02  5.7675261e-03 -5.0082356e-02  1.5399687e-01
   9.7226095e-01  1.5003705e-01  7.5835764e-02]
 [-5.2286447e-03  2.5055585e-02  2.6952671e-02 -3.3378709e-02
  -1.4349958e-01  9.8787129e-01 -3.1974033e-02]
 [-1.6005646e-02  6.7499173e-03  2.6240760e-02  7.6446851e-04
  -7.9774283e-02  1.9706873e-02  9.9612087e-01]]",7
6,7,7,0.9,0.9337351322174072,"[[ 9.89869475e-01  2.79676411e-02  1.20751247e-01  1.97620299e-02
  -6.47817478e-02  5.64896688e-03 -1.32777877e-02]
 [-6.06778823e-02  9.64148521e-01  2.50908583e-01  1.77173223e-02
  -2.61500161e-02  2.58904304e-02 -4.59625386e-02]
 [-1.03905328e-01 -2.53559887e-01  9.51058149e-01 -1.19314514e-01
   5.13184369e-02  4.32598032e-02 -4.07259651e-02]
 [-2.30877493e-02 -4.41507623e-02  1.00685254e-01  9.85463381e-01
   1.23307452e-01  2.07729582e-02 -2.46087052e-02]
 [ 7.14515895e-02  4.52397093e-02 -4.91091013e-02 -1.15544125e-01
   9.88304317e-01  1.33670950e-02 -1.27245849e-02]
 [-1.48100400e-04  1.30736157e-02  4.85759713e-02  1.39140142e-02
   1.66088436e-02 -9.98141289e-01 -2.67195255e-02]
 [ 6.47740345e-03  3.42912860e-02  5.51692024e-02  1.94227956e-02
   1.61257535e-02 -2.30243634e-02  9.97281849e-01]]",7
7,8,7,0.9,0.9350751638412476,"[[ 9.92948711e-01 -1.08971566e-01  4.44988497e-02  1.05996467e-02
  -8.36422853e-03  6.13280747e-04 -3.90962744e-03]
 [ 9.75057706e-02  9.70843732e-01  2.01733679e-01  4.48559113e-02
   6.79937899e-02  1.23012932e-02 -2.17296015e-02]
 [-6.51359335e-02 -1.95095360e-01  9.78047729e-01 -1.34928925e-02
  -7.76975323e-03 -2.94962339e-02  2.32546614e-03]
 [-1.54387793e-02 -4.77804914e-02  1.46324805e-03  9.94651854e-01
   5.51238135e-02 -7.12730065e-02 -5.07347006e-03]
 [ 2.44436739e-03 -6.39885888e-02 -8.13147333e-03 -6.40083700e-02
   9.92330730e-01 -8.37344974e-02  2.12516263e-03]
 [-4.77133505e-03 -2.69662589e-02  2.58850195e-02  6.48724437e-02
   8.65213200e-02  9.93239880e-01 -1.89794768e-02]
 [ 5.98087069e-03  2.05145106e-02  2.80041178e-03  7.46443402e-03
   1.27637316e-03  1.90142002e-02  9.99558270e-01]]",7
8,9,7,0.9,0.9461737871170044,"[[ 9.68964279e-01 -2.32150123e-01 -5.39850295e-02  9.68579855e-03
  -5.96701428e-02 -8.76971241e-03 -2.38535106e-02]
 [ 2.21065760e-01  9.65915740e-01 -1.21994466e-01 -2.67530675e-03
  -4.81312387e-02 -2.62540281e-02 -1.55304940e-02]
 [-8.14132467e-02 -1.06967114e-01 -9.90750551e-01 -1.25497049e-02
  -8.82799365e-03  5.44778351e-03 -8.84360634e-03]
 [-1.46343755e-02  1.16870156e-03 -1.08702220e-02  9.97727573e-01
  -6.08600527e-02 -7.27407075e-03 -2.11946666e-02]
 [ 6.50316998e-02  2.93115117e-02 -1.84732173e-02  6.00158721e-02
   9.90366220e-01 -9.90133062e-02 -1.84321720e-02]
 [ 1.96357276e-02  2.63973176e-02  5.23256313e-04  1.20621473e-02
   9.53872427e-02  9.93055820e-01 -5.92721477e-02]
 [ 2.79514436e-02  1.06749730e-02 -1.25165917e-02  2.31062192e-02
   2.04226375e-02  5.64593188e-02  9.97401357e-01]]",7
9,10,8,0.9,1.4151051044464111,"[[ 0.9723671  -0.20332159 -0.05861374 -0.06743434  0.04452358  0.01371798
  -0.03673935 -0.04073308]
 [ 0.17819746  0.9490341  -0.24893627 -0.02440437 -0.00764226  0.03564964
  -0.03424789 -0.05012976]
 [ 0.10771764  0.23443598  0.95804036  0.07619951  0.09079678 -0.03430807
  -0.0191311   0.00140509]
 [-0.06250575 -0.00586439 -0.0683815  -0.15918455  0.977975    0.09643167
  -0.01277164  0.0120642 ]
 [ 0.04671693 -0.01529805 -0.08758438  0.9718424   0.14297827  0.1318637
  -0.00387076 -0.08711468]
 [ 0.01430106  0.01930968 -0.06190977  0.1101123   0.11106491 -0.9839493
  -0.05364173 -0.00979036]
 [ 0.04304479  0.02971197  0.0036164   0.00405475  0.02210858 -0.05016878
   0.99680984 -0.0244799 ]
 [-0.05475285 -0.03886368  0.023685   -0.0842146  -0.00361134 -0.00186844
  -0.02063752 -0.99367815]]",7
10,11,9,0.9,1.5167200565338135,"[[ 0.95936364  0.17709328  0.0553377   0.03395222  0.06111478 -0.01175719
   0.01272804 -0.18317457  0.08035009]
 [ 0.17283675 -0.7781431  -0.57691896  0.02526182 -0.05455027 -0.12463527
   0.10121086  0.00158641  0.0488997 ]
 [ 0.05331631 -0.54837584  0.8114703   0.08162595 -0.04081762 -0.11126469
   0.12736402  0.02195824  0.02333727]
 [ 0.01235917  0.08780848 -0.04449468  0.86762416 -0.45987573 -0.02226742
  -0.08688872  0.13290623 -0.01379466]
 [-0.05149154  0.05430475 -0.03336262  0.36767122  0.7635906  -0.50963706
   0.01402998  0.12165597 -0.01752057]
 [-0.00249425 -0.02073012  0.03501355 -0.19186659 -0.24834074 -0.5731225
  -0.7383851  -0.16123705 -0.01314937]
 [ 0.08464309 -0.14135301  0.0327553   0.02956139  0.24453051  0.45374548
  -0.55357677  0.5033172   0.38138232]
 [ 0.18712318  0.07712743 -0.00587879 -0.22262755 -0.17445667 -0.22747096
   0.12819277  0.7780015  -0.45336613]
 [ 0.04377539 -0.15936367  0.01384664  0.12783897  0.21251744  0.3544358
  -0.31230304 -0.22110239 -0.79934007]]",7
0,1,6,0.9,0.8323545455932617,"[[ 9.8542166e-01  2.4246521e-02  1.6427058e-01  9.7875879e-04
   2.5690719e-02 -2.6651969e-02]
 [-9.1854278e-03  9.9551952e-01 -8.5986853e-02 -2.4010725e-02
  -2.8839586e-02  7.3882658e-03]
 [-1.6781843e-01  8.3501972e-02  9.7751427e-01 -5.8812227e-02
   5.7288390e-02 -5.0886165e-02]
 [-1.0091402e-02  2.8008219e-02  5.8788188e-02  9.9712712e-01
  -2.9566823e-02  2.2825625e-02]
 [-1.9302910e-02  2.4384066e-02 -6.9803156e-02  3.6324859e-02
   9.8095393e-01 -1.7484356e-01]
 [ 1.4905983e-02  1.1848272e-03  4.1937489e-02 -1.9537564e-02
   1.7911322e-01  9.8262626e-01]]",8
1,2,6,0.9,0.8859944343566895,"[[ 0.98653716 -0.03901695 -0.15782651 -0.01463984 -0.00143367 -0.00981817]
 [ 0.06412232  0.98220414  0.1645891  -0.05905018  0.0138123  -0.01990096]
 [ 0.14925846 -0.17110823  0.96999484  0.02412918  0.07427234  0.03814729]
 [ 0.01417647  0.06134595 -0.01861755  0.9970268   0.03840302 -0.01231923]
 [-0.01133532 -0.00426189 -0.07271855 -0.03977119  0.9957146  -0.03919345]
 [ 0.00500775  0.02632768 -0.03842613  0.00849992  0.03699343  0.9981806 ]]",8
2,3,6,0.9,0.9261651039123535,"[[ 0.89941835  0.41274357 -0.10778926  0.047222    0.03197071  0.07628163]
 [-0.40077996  0.9084935   0.06429157 -0.07323542 -0.06089341 -0.02846015]
 [ 0.11832227 -0.01470533  0.9861101  -0.04996374  0.06494802  0.08158355]
 [-0.07132966  0.04712872  0.05509242  0.9938002   0.01591275  0.0419961 ]
 [-0.07220845  0.04118832 -0.0680122  -0.02484198  0.9846783   0.13511255]
 [-0.07823038 -0.01217792 -0.06460766 -0.04067253 -0.14562665  0.9832071 ]]",8
3,4,6,0.9,0.8472522497177124,"[[ 9.7906148e-01  1.9431065e-01 -3.4005325e-02  4.4982530e-02
  -1.7143756e-02 -1.4426234e-02]
 [-1.9200785e-01  9.7806269e-01  6.1315771e-02 -2.3003288e-02
  -3.7170399e-02 -2.9256336e-02]
 [ 4.5692276e-02 -5.2582812e-02  9.9549466e-01 -5.6254775e-03
   5.3617142e-02 -3.5088234e-02]
 [-4.8242971e-02  1.3583595e-02  8.4554600e-03  9.9870461e-01
   2.3587504e-03  2.0151632e-04]
 [ 6.1196834e-03  3.8900699e-02 -5.5635795e-02 -2.0803630e-03
   9.9114799e-01 -1.1390913e-01]
 [ 1.0900323e-02  3.4263700e-02  3.0125242e-02 -6.6479383e-04
   1.1432314e-01  9.9233538e-01]]",8
4,5,6,0.9,0.833398163318634,"[[ 0.9355181   0.33962327  0.07482528  0.06019901 -0.01311567 -0.00819627]
 [-0.34414104  0.9379387   0.02639002  0.02167415 -0.01990383  0.01659975]
 [-0.05725642 -0.04514284  0.9870799  -0.10044715 -0.02067931 -0.09919572]
 [-0.05316068 -0.04762653  0.10933214  0.9806808   0.00894758  0.14538628]
 [ 0.00561319  0.02198707  0.02574595 -0.01856918  0.9977922   0.05374159]
 [ 0.01539358 -0.01172356  0.08222897 -0.154068   -0.05774849  0.98274726]]",8
5,6,6,0.9,0.8526487946510315,"[[ 0.9984829   0.04723136 -0.01727187 -0.00705285  0.01453601  0.01555034]
 [-0.0414516   0.97133046  0.23159483  0.02057747  0.00497569 -0.02672972]
 [ 0.02649354 -0.22967678  0.96873045 -0.04929977  0.07310392 -0.0182575 ]
 [ 0.01046018 -0.03135182  0.05191529  0.9910415  -0.11285809  0.03622578]
 [-0.01750434  0.01104268 -0.06231721  0.10967464  0.97956777  0.15526317]
 [-0.01400045  0.0207356   0.03237583 -0.05389472 -0.14876083  0.9865553 ]]",8
6,7,6,0.9,0.8628369569778442,"[[ 9.9434787e-01 -2.3020569e-02  7.4366502e-02  1.1557745e-02
  -7.0928358e-02 -6.8938951e-03]
 [-1.5223748e-04  9.6189290e-01  2.7006742e-01  1.9444147e-02
  -3.0243853e-02  2.3083769e-02]
 [-7.1820565e-02 -2.6471645e-01  9.5254540e-01 -1.0900528e-01
   5.5157222e-02  4.9997900e-02]
 [-1.0640812e-02 -4.2746112e-02  9.1756247e-02  9.8719436e-01
   1.1869383e-01  3.1616218e-02]
 [ 7.6622076e-02  4.7696237e-02 -5.0502002e-02 -1.1100757e-01
   9.8839378e-01 -7.6602576e-03]
 [-1.1396382e-02  7.4260859e-03  5.6752183e-02  2.7036801e-02
  -1.2727723e-03 -9.9792862e-01]]",8
7,8,6,0.9,0.8622328639030457,"[[ 9.93328571e-01 -1.08953387e-01  3.24572697e-02  4.77920379e-03
  -1.82767902e-02  4.14249487e-03]
 [ 1.02426626e-01  9.74197447e-01  1.75926924e-01  5.10557070e-02
   8.05158168e-02 -2.02072524e-02]
 [-5.11166751e-02 -1.70177609e-01  9.83703077e-01 -8.97606928e-03
  -1.41501231e-02  2.17716005e-02]
 [-9.99787543e-03 -5.33243939e-02 -1.51435134e-03  9.94970918e-01
   4.77121398e-02  6.93595856e-02]
 [ 9.68785211e-03 -7.93998465e-02 -3.56544653e-04 -5.47677390e-02
   9.94405746e-01  4.19470705e-02]
 [ 6.47552893e-04 -3.09872907e-02  1.79434046e-02  6.57521486e-02
   4.31724489e-02 -9.96258140e-01]]",8
8,9,6,0.9,0.866352915763855,"[[ 0.9636423  -0.2543718  -0.04947299  0.06096479  0.02179119 -0.00702426]
 [ 0.24374355  0.95793843 -0.148596    0.01912203  0.00560534 -0.0215677 ]
 [-0.08489833 -0.1313176  -0.9873709   0.00227824 -0.02450544  0.00639828]
 [-0.00690346 -0.00305635 -0.02374897 -0.27121833  0.9613316  -0.04075843]
 [ 0.06679627  0.00209959 -0.00185748 -0.9580392  -0.27236113 -0.05925089]
 [-0.01629215 -0.01977049 -0.00169187  0.06718571 -0.02354299 -0.99713224]]",8
9,10,7,0.9,1.0337027311325073,"[[ 0.97722024 -0.18943757 -0.06567416  0.04921009  0.04594114  0.00748719
  -0.01589478]
 [ 0.17278291  0.95969695 -0.21500419 -0.02595338 -0.01364333  0.03280045
  -0.03107118]
 [ 0.10172893  0.19960819  0.9684626  -0.04290344  0.09036885 -0.04005692
  -0.01662195]
 [-0.02773195  0.04305176  0.0495315   0.97155637 -0.19037955 -0.11958463
  -0.02139082]
 [-0.06027309  0.00914721 -0.07376178  0.20239541  0.9693103   0.09455206
  -0.0370973 ]
 [ 0.00643892  0.01774002 -0.06007548 -0.09731679  0.11185806 -0.9868881
  -0.01019268]
 [ 0.01986277  0.03162111  0.00609473  0.02660715  0.03489489 -0.00865197
   0.9982825 ]]",8
10,11,7,0.9,1.4409939050674438,"[[ 0.97871864  0.19688492  0.02910922 -0.02346662  0.03036981  0.03001268
   0.01118996]
 [ 0.18262263 -0.8365924  -0.5086245  -0.06022899 -0.02645815  0.02630324
  -0.05517093]
 [ 0.07363409 -0.47449812  0.84195334 -0.03847309 -0.15605284  0.08461994
  -0.1659847 ]
 [ 0.02699186 -0.09642114  0.04862997  0.8922233   0.43046758 -0.00337798
  -0.07895208]
 [-0.04667301  0.00681313  0.03025602 -0.3773932   0.74211717  0.4934381
  -0.24538791]
 [-0.01505966 -0.01781398 -0.00688967  0.16526742 -0.23264502  0.7634319
   0.5789154 ]
 [ 0.01425723 -0.16291194  0.16804923 -0.16893859  0.42879066 -0.4061108
   0.75345093]]",8
0,1,6,0.9,0.8340342044830322,"[[ 0.988673   -0.04365237  0.13999292  0.0044475   0.0240478  -0.02059797]
 [ 0.05874893  0.99218875 -0.0980647  -0.04036531 -0.0278307   0.00946339]
 [-0.136457    0.10499403  0.98074245 -0.05115684  0.0555179  -0.05291992]
 [-0.00807858  0.04463281  0.04963636  0.9966833  -0.03724705  0.02671913]
 [-0.017009    0.02525957 -0.06785886  0.04349794  0.9804073  -0.17713626]
 [ 0.00996841 -0.00147689  0.04313641 -0.0215439   0.18160145  0.9821377 ]]",9
1,2,6,0.9,0.8914538025856018,"[[ 0.9855051  -0.05948814 -0.15774526 -0.01219847 -0.00757814 -0.01228469]
 [ 0.0892398   0.9758488   0.19398734 -0.03967373  0.00701805 -0.02238348]
 [ 0.14344345 -0.20356834  0.9647183   0.02740584  0.07417204  0.03240336]
 [ 0.01129435  0.04376712 -0.02504325  0.99674726  0.06075779 -0.01154174]
 [-0.00458437  0.00492921 -0.07268383 -0.06277592  0.9953047  -0.00996505]
 [ 0.00954998  0.02829004 -0.02989813  0.00896139  0.00828811  0.9990323 ]]",9
2,3,6,0.9,0.9202377796173096,"[[ 9.1829795e-01  3.7369221e-01 -9.7475693e-02  5.3323541e-02
   2.4433605e-02  6.4351097e-02]
 [-3.6105874e-01  9.2479795e-01  6.9371849e-02 -7.5166695e-02
  -5.5127103e-02 -2.9729482e-02]
 [ 1.1322996e-01 -2.8803049e-02  9.8654848e-01 -6.2002383e-02
   6.1351985e-02  7.3912226e-02]
 [-7.5010426e-02  5.0482791e-02  6.6530712e-02  9.9174154e-01
   4.9432915e-02  3.7466269e-02]
 [-5.2306037e-02  4.1527171e-02 -6.3627206e-02 -5.4132912e-02
   9.9124897e-01  7.7369697e-02]
 [-7.1985729e-02  4.7509058e-04 -6.2715925e-02 -3.4360509e-02
  -8.7072469e-02  9.9102092e-01]]",9
3,4,6,0.9,0.8293058276176453,"[[ 0.9843702   0.16806652 -0.02965967  0.02831635 -0.02101395 -0.02541369]
 [-0.16761872  0.9846135   0.03152099 -0.01975904 -0.02776613 -0.01689143]
 [ 0.0352543  -0.02517173  0.9968788  -0.01688513  0.05640747 -0.02981814]
 [-0.02954456  0.01600291  0.01652245  0.99820733  0.04256299  0.01919865]
 [ 0.01340941  0.03003195 -0.05899717 -0.03995457  0.9937515  -0.07936742]
 [ 0.0249741   0.02232342  0.02460875 -0.02254885  0.07906954  0.9957469 ]]",9
4,5,6,0.9,0.822234034538269,"[[ 0.9360415   0.33341908  0.09458485  0.05857394 -0.01223552 -0.01145301]
 [-0.34122464  0.93800515  0.05535719  0.0227429  -0.01066     0.00409507]
 [-0.06578741 -0.07928054  0.9819558  -0.11296126 -0.05017773 -0.0993541 ]
 [-0.05360082 -0.05009355  0.11909401  0.9827445   0.06274775  0.1034899 ]
 [ 0.00879954  0.01303432  0.05066017 -0.07566645  0.99334013  0.06882036]
 [ 0.01065974 -0.00365912  0.08367883 -0.10853305 -0.08097531  0.98718506]]",9
5,6,6,0.9,0.851560115814209,"[[ 0.99910855  0.03715865 -0.01276575 -0.01188746  0.00895283  0.00412001]
 [-0.03372177  0.98070645  0.18994547  0.01664153 -0.00189775 -0.02679481]
 [ 0.01835832 -0.18823619  0.97832656 -0.05784075  0.05878324 -0.01750023]
 [ 0.01480057 -0.02782111  0.06221066  0.9856747  -0.15117419  0.02699027]
 [-0.00859117  0.01174139 -0.04484454  0.14910902  0.9768338   0.14608014]
 [-0.00388826  0.02212342  0.02745398 -0.04947783 -0.13929367  0.9883779 ]]",9
6,7,6,0.9,0.8672691583633423,"[[ 0.9904575   0.04516007  0.11179826  0.02792523 -0.06060551 -0.00169867]
 [-0.07045228  0.9736975   0.21330163  0.01708771 -0.02380078 -0.02436449]
 [-0.09208971 -0.21495336  0.962376   -0.12100954  0.05542063 -0.03784516]
 [-0.02936931 -0.03927504  0.10349584  0.9838949   0.1356176  -0.02102764]
 [ 0.06836814  0.0435415  -0.05676185 -0.12645343  0.98699695 -0.00738728]
 [-0.00363632  0.01518035  0.04362025  0.0156588   0.01157211  0.99873644]]",9
7,8,7,0.9,0.9472793936729431,"[[ 9.92055833e-01 -1.22488193e-01  2.71016024e-02  1.81528259e-04
  -2.77729332e-03  1.96585874e-03  8.70534685e-03]
 [ 1.14154957e-01  9.67402518e-01  2.07487985e-01  3.72755788e-02
   7.90443718e-02 -1.26403701e-02 -1.58903580e-02]
 [-5.16201220e-02 -2.01562092e-01  9.77274418e-01 -1.94940604e-02
  -1.06722275e-02  3.32763083e-02 -6.45123143e-03]
 [-5.53278392e-03 -4.15314697e-02  8.32000282e-03  9.94389653e-01
   3.79957817e-02  8.86040777e-02 -8.37885868e-03]
 [-6.52406598e-03 -7.56506100e-02 -8.51141661e-03 -4.75748107e-02
   9.93195534e-01  7.35882074e-02  6.77313935e-03]
 [ 2.15326925e-03  2.87245587e-02 -3.02241240e-02 -8.40429291e-02
  -7.56762549e-02  9.92686629e-01  6.31824508e-03]
 [-7.17289001e-03  1.51252532e-02  9.68664233e-03  9.65260621e-03
  -4.72042058e-03 -6.03292137e-03  9.99737024e-01]]",9
8,9,7,0.9,0.9516298770904541,"[[ 9.6605861e-01 -2.4423213e-01 -5.5467453e-02 -2.6113478e-02
  -5.4437369e-02  1.3072358e-02 -1.3729273e-02]
 [ 2.3376028e-01  9.6352613e-01 -1.1874346e-01 -3.6062200e-02
  -2.6128741e-02  2.5354756e-02 -1.5732775e-02]
 [-8.2807526e-02 -1.0267362e-01 -9.9080050e-01 -2.6105508e-02
   1.4382232e-02 -4.8968865e-04 -5.1833941e-03]
 [-8.7168738e-03  1.2433575e-02 -3.0310916e-02  8.2792467e-01
  -5.5666023e-01  4.9882248e-02 -3.2134142e-02]
 [ 6.5578185e-02  2.3481559e-02 -1.0418490e-02  5.5073917e-01
   8.2727438e-01  8.5346706e-02 -7.6769097e-03]
 [-2.3017569e-02 -2.3415180e-02  5.2343733e-03 -8.5918702e-02
  -4.2249296e-02  9.9345773e-01  5.2624233e-02]
 [ 1.7985284e-02  1.3113998e-02 -9.1145579e-03  3.4367237e-02
  -1.0420039e-02 -4.9553234e-02  9.9783581e-01]]",9
9,10,7,0.9,1.0252528190612793,"[[ 0.9740408  -0.20266983 -0.07545819 -0.05109651  0.03950123  0.01327624
  -0.01131715]
 [ 0.17605987  0.9446351  -0.27193716  0.01316448 -0.0179309   0.03789932
  -0.02804363]
 [ 0.1255682   0.25275433  0.95352256  0.04774666  0.08856022 -0.02777428
  -0.01576526]
 [-0.02796317 -0.01548493 -0.09230123  0.39908114  0.9019142   0.13264742
  -0.01218984]
 [ 0.05713321 -0.03243373 -0.0049519   0.9095174  -0.40617815  0.03456322
   0.04756156]
 [-0.01458582 -0.02325913  0.05072739 -0.08363371 -0.10419494  0.989351
  -0.00253095]
 [ 0.01487185  0.02952996  0.00580165 -0.03812964  0.03144564  0.00325812
   0.9982083 ]]",9
10,11,8,0.9,1.5022355318069458,"[[ 9.6873897e-01  2.1178061e-01 -1.0169948e-04 -7.6407872e-02
  -3.8232613e-02 -8.8370061e-03 -2.9100765e-02 -9.2026614e-02]
 [ 1.9312318e-01 -8.5790491e-01 -4.5456895e-01  9.5008574e-03
   8.3521262e-02  6.2547430e-02  9.3441784e-02 -1.8978992e-02]
 [ 9.2360057e-02 -4.2215985e-01  8.8365668e-01 -7.3622264e-02
   1.1318051e-01  3.1621020e-02  1.1209598e-01 -2.4620360e-02]
 [-1.6467432e-02  1.0930021e-01 -8.0705293e-02 -4.2379212e-01
   8.8547039e-01  1.5563304e-02 -9.5389903e-02  9.0938978e-02]
 [-5.6117952e-02  2.9214505e-02 -4.2384230e-02 -7.3119092e-01
  -3.5200688e-01  5.1571321e-01  2.4282932e-01  1.0356505e-01]
 [ 3.8810724e-03 -4.0195238e-02  5.1213305e-02  2.2318089e-01
   4.2875584e-02  6.9161284e-01 -6.7385072e-01 -1.0814559e-01]
 [ 6.7421623e-02 -1.1024573e-01  3.9662499e-02 -1.4294666e-01
  -1.7707498e-01 -2.6009566e-01 -4.4627425e-01  8.1432635e-01]
 [-8.7958507e-02 -1.1983126e-01  3.5091978e-03 -4.5184955e-01
  -1.9388683e-01 -4.2758563e-01 -5.0651312e-01 -5.4474425e-01]]",9
0,1,6,0.9,0.831825315952301,"[[ 0.9886952  -0.04358158  0.13908607  0.00401581  0.02432157 -0.02509488]
 [ 0.05606731  0.99411625 -0.08029285 -0.03727549 -0.02689364  0.00545621]
 [-0.13688044  0.08695037  0.9824072  -0.05139931  0.05624097 -0.05267309]
 [-0.0079562   0.04080173  0.05063248  0.9969587  -0.03736301  0.01963464]
 [-0.01808857  0.02461583 -0.0680036   0.0425053   0.9808402  -0.17489456]
 [ 0.01454034  0.00159387  0.04354293 -0.01480104  0.17910498  0.9826456 ]]",10
1,2,6,0.9,0.8818632364273071,"[[ 0.9879705  -0.00386554 -0.1535714  -0.01166406 -0.00628482 -0.01182708]
 [ 0.03364291  0.9787621   0.1964164  -0.04381839  0.00473388 -0.01926329]
 [ 0.15043668 -0.19712053  0.9649046   0.03188871  0.07398871  0.03130651]
 [ 0.00783362  0.04958085 -0.02835569  0.99649966  0.05997061 -0.0082654 ]
 [-0.00567481  0.00665649 -0.07153966 -0.06234523  0.99534005 -0.01472703]
 [ 0.00761114  0.02551011 -0.02955467  0.0053427   0.01286604  0.9991114 ]]",10
2,3,6,0.9,0.9105469584465027,"[[ 9.20914114e-01  3.66148323e-01 -1.00974970e-01  5.27177304e-02
   2.97052003e-02  6.32058010e-02]
 [-3.53423834e-01  9.27941978e-01  6.98124990e-02 -7.40091801e-02
  -5.39176203e-02 -2.75113396e-02]
 [ 1.15744926e-01 -2.87479851e-02  9.87152219e-01 -5.13930321e-02
   5.81620000e-02  7.26854727e-02]
 [-7.35832974e-02  4.96666841e-02  5.75146787e-02  9.93349016e-01
   3.11832428e-02  3.31084393e-02]
 [-5.82813658e-02  3.95614840e-02 -5.90161346e-02 -3.70139740e-02
   9.90923047e-01  9.08669680e-02]
 [-6.92861006e-02 -7.70941901e-04 -6.05805218e-02 -3.14640328e-02
  -9.96336043e-02  9.90258634e-01]]",10
3,4,6,0.9,0.8240017890930176,"[[ 0.985772    0.16182934 -0.02254277  0.03035256 -0.01404951 -0.0209261 ]
 [-0.16166689  0.98595756  0.0158872  -0.01814674 -0.03157312 -0.01315017]
 [ 0.02494943 -0.01074509  0.99769187 -0.00670695  0.05465795 -0.02899054]
 [-0.03210009  0.01428004  0.0064624   0.9986828   0.03185366  0.01849201]
 [ 0.0066433   0.03209989 -0.05700354 -0.02993836  0.993509   -0.08786083]
 [ 0.02050073  0.01868582  0.02364562 -0.0209961   0.0879964   0.9952322 ]]",10
4,5,6,0.9,0.81361323595047,"[[ 0.9389996   0.3266534   0.08766682  0.05988908 -0.01406287 -0.01036165]
 [-0.33338445  0.94123006  0.04926425  0.01915982 -0.011573    0.00358797]
 [-0.06134544 -0.07097108  0.9831316  -0.11683757 -0.04295436 -0.0956874 ]
 [-0.05612198 -0.04598283  0.12252426  0.9827366   0.05747798  0.10319287]
 [ 0.01091918  0.01489002  0.04444075 -0.07059643  0.9932143   0.07890236]
 [ 0.01011881 -0.00325606  0.0797038  -0.10788927 -0.08969317  0.98683804]]",10
5,6,7,0.9,0.919350802898407,"[[ 9.9802750e-01  5.3683754e-02 -1.6832957e-02 -1.3203308e-02
   9.7324699e-03  3.8646616e-03  2.2175616e-02]
 [-4.8798174e-02  9.7915858e-01  1.9371630e-01  1.3185038e-02
   6.5980460e-03 -2.8785657e-02 -1.7183159e-02]
 [ 2.5690489e-02 -1.9214654e-01  9.7637922e-01 -6.5872401e-02
   6.5639876e-02 -1.4816521e-02 -1.5361423e-02]
 [ 1.7294303e-02 -2.5163064e-02  7.1473829e-02  9.8474437e-01
  -1.5400819e-01  1.9000456e-02 -1.2576432e-02]
 [-1.0867225e-02  6.3171624e-03 -5.0089221e-02  1.5433173e-01
   9.7304726e-01  1.4497167e-01  7.5345345e-02]
 [-3.3181980e-03  2.4770526e-02  2.5912980e-02 -4.2095471e-02
  -1.3730162e-01  9.8858154e-01 -2.8047618e-02]
 [-2.1715673e-02  1.2633570e-02  2.4192831e-02 -9.2037075e-04
  -7.8497186e-02  1.6297847e-02  9.9617028e-01]]",10
6,7,7,0.9,0.9413015246391296,"[[ 9.9040896e-01  3.8042728e-02  1.1402370e-01  1.9979917e-02
  -6.4215682e-02 -5.4490506e-03 -9.4283847e-03]
 [-6.5774404e-02  9.7033828e-01  2.2505240e-01  1.7164754e-02
  -2.6190339e-02 -2.4431011e-02 -4.3489788e-02]
 [-9.5725380e-02 -2.2779991e-01  9.5841861e-01 -1.1436475e-01
   6.4068452e-02 -4.0989440e-02 -3.8903378e-02]
 [-2.0817462e-02 -3.8807917e-02  9.5252238e-02  9.8456514e-01
   1.3661367e-01 -1.8523507e-02 -2.4751106e-02]
 [ 7.1801953e-02  4.7566559e-02 -6.3707933e-02 -1.2780409e-01
   9.8582500e-01 -8.9066457e-03 -1.6094394e-02]
 [ 7.0784197e-05  1.3810671e-02  4.5937821e-02  1.2681852e-02
   1.2671936e-02  9.9852914e-01 -1.7807914e-02]
 [ 3.4029782e-03  3.3826530e-02  5.0416760e-02  1.9068377e-02
   2.0268764e-02  1.4505370e-02  9.9765605e-01]]",10
7,8,7,0.9,0.9435751438140869,"[[ 9.92916346e-01 -1.16525762e-01  2.10011061e-02  4.68397001e-03
  -7.86438212e-03 -2.81109847e-03  2.48192810e-03]
 [ 1.10316344e-01  9.70918477e-01  1.93995744e-01  3.98071818e-02
   7.36277476e-02  1.07775405e-02 -1.97854061e-02]
 [-4.29696515e-02 -1.89260036e-01  9.80330646e-01 -2.25046184e-02
  -6.81752805e-03 -2.70757135e-02 -3.01085121e-04]
 [-1.00363018e-02 -4.35861461e-02  1.20206056e-02  9.95330513e-01
   3.00698243e-02 -7.89768770e-02 -5.54290507e-03]
 [-2.78672582e-04 -7.08164871e-02 -9.76961199e-03 -3.90175804e-02
   9.93750393e-01 -7.61302859e-02  5.60508762e-03]
 [ 3.73828021e-04  2.51139067e-02 -2.48326492e-02 -7.50262290e-02
  -7.75673613e-02 -9.93479848e-01  1.02301752e-02]
 [-3.52630741e-04  1.93461124e-02  4.45800601e-03  7.27446238e-03
  -3.13653890e-03  1.03673916e-02  9.99717772e-01]]",10
8,9,7,0.9,0.9503412246704102,"[[ 0.963951   -0.25148013 -0.06048624 -0.02695773 -0.05359106 -0.00747025
  -0.01559381]
 [ 0.23897891  0.9603372  -0.13017488 -0.03994996 -0.03205951 -0.02805557
  -0.01688742]
 [-0.09022514 -0.11133834 -0.9893992  -0.00888567  0.0215076   0.00103911
  -0.00314251]
 [-0.00883626  0.01211477 -0.02052122  0.80810905 -0.5871466  -0.02859978
  -0.02747407]
 [ 0.06837306  0.03132743  0.0024438   0.581072    0.8045109  -0.09658722
  -0.01123547]
 [ 0.01937705  0.02797491 -0.00306995  0.07672185  0.06028242  0.99301106
  -0.05693409]
 [ 0.02046026  0.014257   -0.00697812  0.03205057 -0.00498126  0.05420468
   0.99766695]]",10
9,10,8,0.9,1.1282638311386108,"[[ 9.7179788e-01 -2.0886967e-01 -8.2957350e-02 -4.7456503e-02
   4.7662944e-02  9.9640051e-03 -1.9993005e-02  8.8054901e-03]
 [ 1.8227358e-01  9.4910234e-01 -2.4923564e-01 -8.9256763e-03
  -1.5399825e-02  4.1893099e-02 -2.9500592e-02 -3.0340288e-02]
 [ 1.2998340e-01  2.2925936e-01  9.5725846e-01  7.0461936e-02
   8.8106506e-02 -3.1696036e-02 -2.1630531e-02  8.1630080e-04]
 [-2.4446024e-02 -1.1772015e-02 -1.0493719e-01  5.6979191e-01
   8.0136001e-01  1.4478806e-01 -8.3164433e-03 -1.9455496e-02]
 [ 6.3963659e-02 -1.7495481e-02 -8.4510846e-03  8.0893540e-01
  -5.8165294e-01  3.9018769e-02  3.3118699e-02 -1.4670980e-02]
 [ 1.1811034e-02  2.8919326e-02 -5.8347087e-02  1.1348173e-01
   9.1239810e-02 -9.8655504e-01 -1.6611464e-02  2.9157389e-02]
 [ 2.5362026e-02  3.1134536e-02  9.7557930e-03 -1.8931674e-02
   3.0024711e-02 -1.4157125e-02  9.9729556e-01  4.7260929e-02]
 [-4.2231083e-03  2.7712610e-02 -8.5582510e-03  2.0677319e-02
   2.0239872e-03  3.4112837e-02 -4.7136333e-02  9.9765921e-01]]",10
10,11,9,0.9,1.704331874847412,"[[ 0.9523452   0.22254859  0.00318195  0.04934746  0.04630325  0.02229542
   0.01190397 -0.14610228 -0.13014075]
 [ 0.18428849 -0.8362185  -0.4911732   0.02026516 -0.07385602  0.08986925
   0.08653684 -0.02755382 -0.05775395]
 [ 0.08562639 -0.44812632  0.8620325   0.09471382 -0.09619057  0.08683737
   0.13409464 -0.01939828 -0.06803887]
 [-0.00850061  0.10250923 -0.08047606  0.8044932  -0.54656005  0.06973603
  -0.08630289  0.14293638  0.06529854]
 [-0.04842805  0.01780673 -0.02416373  0.41394055  0.70041627  0.54361135
   0.14892282  0.11873354  0.05509261]
 [-0.00930871 -0.02560479  0.04330443 -0.19762726 -0.15055808  0.58842605
  -0.75316757 -0.14014976 -0.05009663]
 [ 0.06990127 -0.10088637  0.04073949  0.07159667  0.23240115 -0.33448085
  -0.42119518  0.68212414 -0.41178092]
 [ 0.05721738  0.1412343  -0.04115696 -0.34117034 -0.33951876  0.46794868
   0.4154165   0.5800784  -0.12400464]
 [ 0.20268233 -0.09374184  0.0578762  -0.09511894  0.04343752 -0.08006728
  -0.16590504  0.34866002  0.88337374]]",10
0,1,6,0.9,0.8276498317718506,"[[ 9.86402988e-01 -2.19713002e-02  1.58933476e-01 -7.78800531e-05
   2.59903762e-02 -2.43119914e-02]
 [ 3.91781516e-02  9.92990077e-01 -1.01070806e-01 -3.77725810e-02
  -2.81361714e-02  1.49281265e-03]
 [-1.57955348e-01  1.05395824e-01  9.77033496e-01 -5.46416715e-02
   6.06195852e-02 -5.18363267e-02]
 [-6.17869152e-03  4.23699617e-02  5.34268655e-02  9.96676207e-01
  -4.26066294e-02  1.15473475e-02]
 [-1.77474022e-02  2.31792107e-02 -7.24357367e-02  4.66810875e-02
   9.82128859e-01 -1.64756179e-01]
 [ 1.30839627e-02  6.88244123e-03  4.27680463e-02 -6.69904379e-03
   1.68717816e-01  9.84602332e-01]]",11
1,2,6,0.9,0.8853919506072998,"[[-9.85726774e-01 -6.15714826e-02 -1.55458346e-01 -1.49200009e-02
  -7.40500283e-04 -1.26894424e-02]
 [-9.46275815e-02  9.68367577e-01  2.23428488e-01 -5.11836484e-02
   1.06827402e-02 -2.56072581e-02]
 [-1.37718439e-01 -2.32811689e-01  9.59250450e-01  3.69758569e-02
   6.69885725e-02  2.85704304e-02]
 [-1.39345909e-02  5.72478957e-02 -2.91668084e-02  9.96825814e-01
   4.31073122e-02 -1.25657441e-02]
 [ 9.99957789e-03  3.13891680e-03 -6.60124123e-02 -4.49298508e-02
   9.96686637e-01  1.13782436e-02]
 [-1.12965535e-02  3.13812196e-02 -2.32952517e-02  1.04907611e-02
  -1.24605615e-02  9.99039352e-01]]",11
2,3,6,0.9,0.9144899249076843,"[[-0.92532223 -0.3587263   0.09334806 -0.04354532 -0.01401257 -0.06548025]
 [-0.34598762  0.9294317   0.06503237 -0.09004642 -0.05085923 -0.03905232]
 [ 0.10540333 -0.02679696  0.9892439  -0.03027227  0.05316313  0.07632753]
 [-0.07017022  0.06659438  0.03935131  0.99337006 -0.03733255  0.03025059]
 [-0.05108111  0.04781049 -0.05685406  0.02786804  0.9842159   0.14971605]
 [-0.07367643  0.00578181 -0.06060189 -0.03896696 -0.15593582  0.9823601 ]]",11
3,4,6,0.9,0.8256980180740356,"[[ 9.8831511e-01  1.4140527e-01 -3.3916321e-02  3.4536943e-02
  -6.7118546e-03 -2.9148288e-02]
 [-1.3918841e-01  9.8795933e-01  4.7652483e-02 -3.1664815e-02
  -3.3949342e-02 -1.1709771e-02]
 [ 3.9137721e-02 -4.0308889e-02  9.9654806e-01  1.8100785e-02
   5.5084378e-02 -1.9325240e-02]
 [-3.9104532e-02  2.8780185e-02 -1.7503805e-02  9.9783492e-01
   4.0131304e-02  7.1545169e-03]
 [-5.4107507e-04  3.4610715e-02 -5.4093633e-02 -4.1510053e-02
   9.9490023e-01 -6.5774307e-02]
 [ 2.8259583e-02  1.7031053e-02  1.5439528e-02 -8.9091677e-03
   6.5812133e-02  9.9712700e-01]]",11
4,5,7,0.9,0.9134564995765686,"[[ 9.23042238e-01  3.63788009e-01  9.78402197e-02  6.26532733e-02
  -2.49300990e-02 -1.74375214e-02 -3.50373946e-02]
 [-3.69293004e-01  9.28158224e-01  4.18386497e-02 -2.16326537e-03
  -1.31141045e-03  9.40167438e-03  1.73098333e-02]
 [-7.21107423e-02 -7.10586235e-02  9.81251597e-01 -1.19459100e-01
  -3.60110454e-04 -9.14800242e-02 -6.52450174e-02]
 [-6.60930574e-02 -3.04378476e-02  1.22399651e-01  9.83110547e-01
  -1.66170369e-03  1.14206314e-01 -1.31002795e-02]
 [ 2.36542691e-02  9.88440495e-03  6.36874652e-03  8.54046608e-04
   9.99161124e-01  1.94902681e-02  2.44680438e-02]
 [ 2.21561454e-02 -6.15618844e-03  8.17114264e-02 -1.22894503e-01
  -2.14123763e-02  9.87175703e-01  5.21258600e-02]
 [ 3.15757357e-02 -8.31462815e-03  6.42123148e-02  1.37666175e-02
  -2.43405364e-02 -5.74473888e-02  9.95353401e-01]]",11
5,6,7,0.9,0.921252965927124,"[[ 0.99789655  0.05560218 -0.0178394  -0.01223283  0.00525685  0.00190767
   0.02473303]
 [-0.04895549  0.97064126  0.2304174   0.02572872  0.0135707  -0.02624444
  -0.02883982]
 [ 0.02960743 -0.22954749  0.9675717  -0.03302558  0.09274462 -0.01759316
  -0.01531792]
 [ 0.01600956 -0.03257677  0.04757003  0.9701028  -0.23360313  0.02513292
  -0.01086637]
 [-0.00613583  0.00452088 -0.0792682   0.23292488  0.9587136   0.11588869
   0.08271947]
 [-0.00219005  0.02161938  0.0311115  -0.05158113 -0.10343149  0.9924121
  -0.01787542]
 [-0.02510971  0.02286287  0.02967087 -0.00915035 -0.08237939  0.00738621
   0.9955108 ]]",11
6,7,7,0.9,0.9495379328727722,"[[ 9.9132681e-01  3.0858617e-02  1.1362619e-01 -1.8447517e-04
  -5.6712080e-02  4.8021399e-03 -1.2990432e-02]
 [-5.9022162e-02  9.6727675e-01  2.4040426e-01  2.3034757e-02
  -1.2127846e-02  2.7578602e-02 -4.0739495e-02]
 [-9.7784713e-02 -2.4409318e-01  9.5671499e-01 -6.4714186e-02
   8.8696577e-02  3.6590692e-02 -4.6467192e-02]
 [ 1.9321828e-03 -3.5415780e-02  4.5330461e-02  9.9116844e-01
   1.1213304e-01  1.7401585e-02 -3.7358843e-02]
 [ 6.4578623e-02  3.8847629e-02 -8.3094895e-02 -1.0731010e-01
   9.8771459e-01 -2.2134385e-03 -1.7754219e-02]
 [-6.3913729e-04  1.6882706e-02  4.2546019e-02  1.5381125e-02
   2.1172410e-03 -9.9871564e-01 -1.5178572e-02]
 [ 7.1596969e-03  2.8171415e-02  5.6758396e-02  3.3385217e-02
   2.4721460e-02 -1.1696802e-02  9.9703115e-01]]",11
7,8,7,0.9,0.959851861000061,"[[ 9.97014403e-01 -7.52084702e-02  6.05008611e-03  5.76923601e-03
  -1.12193190e-02  1.69865743e-04  1.04986941e-02]
 [ 7.34684467e-02  9.80300605e-01  1.59883976e-01  5.97274564e-02
   6.47743344e-02  1.33511350e-02 -1.04400041e-02]
 [-1.75860263e-02 -1.58499360e-01  9.86343920e-01 -2.85621695e-02
   1.54340705e-02 -2.52763778e-02 -1.16071501e-03]
 [-1.03647429e-02 -6.18106350e-02  1.64243821e-02  9.94327843e-01
   6.03942759e-03 -8.38751793e-02 -6.55196561e-03]
 [ 6.84702909e-03 -6.08732291e-02 -2.64648497e-02 -1.21278744e-02
   9.97140765e-01 -3.32792811e-02  1.73561682e-03]
 [-2.18653213e-03 -2.44651232e-02  2.33792476e-02  8.17981213e-02
   3.33723500e-02  9.95491564e-01 -6.47860300e-03]
 [-9.81621910e-03  1.03837419e-02  3.05602257e-03  7.59676704e-03
  -6.63038460e-04  6.06681639e-03  9.99845743e-01]]",11
8,9,7,0.9,0.965848982334137,"[[ 9.4973910e-01 -2.9904920e-01 -6.8490431e-02 -4.3829259e-02
  -4.0995307e-02 -6.7043104e-03 -1.5093678e-02]
 [ 2.8053087e-01  9.4050026e-01 -1.8738075e-01 -2.9891906e-02
  -7.4383183e-03 -2.1618035e-02 -1.5296898e-02]
 [-1.1728320e-01 -1.5880959e-01 -9.7870880e-01  3.0654129e-02
   4.6502817e-02 -1.1606858e-03 -7.0582712e-03]
 [ 9.1143111e-03  1.2520029e-02 -1.0084233e-02  7.5624597e-01
  -6.5143961e-01 -4.6566334e-02 -3.4766521e-02]
 [ 6.9606490e-02  1.3535287e-02  4.5705497e-02  6.4689589e-01
   7.5568539e-01 -5.7853397e-02 -9.7629364e-04]
 [ 1.6147733e-02  1.9231090e-02 -3.0891777e-03  7.0990048e-02
   1.3816113e-02  9.9636710e-01 -3.7176002e-02]
 [ 1.8812854e-02  9.9309040e-03 -1.1246387e-02  2.8704902e-02
  -2.1835096e-02  3.4979776e-02  9.9844712e-01]]",11
9,10,8,0.9,1.1102087497711182,"[[ 0.9738915  -0.18614683 -0.11248086  0.0198336   0.05542549  0.00983136
  -0.01510485 -0.02104079]
 [ 0.16563593  0.96837157 -0.17554395 -0.02181552 -0.01291045  0.03323168
  -0.03914097  0.0269547 ]
 [ 0.13816822  0.15336792  0.97172445 -0.06522527  0.08246597 -0.04233546
  -0.01323329 -0.01082508]
 [-0.00883989 -0.03480936 -0.06983941 -0.96184933  0.2177774   0.14564781
   0.0050129   0.00360488]
 [ 0.06361973 -0.01558639  0.05968378 -0.22646856 -0.9690086  -0.01809783
   0.02600674 -0.02962982]
 [ 0.0060516   0.02087734 -0.06070782 -0.13509634  0.04784949 -0.9865004
   0.00482572 -0.04577098]
 [ 0.01996298  0.03952545  0.00251732  0.01058202  0.02703865  0.00874005
   0.99617    -0.06898418]
 [-0.02118933  0.02512646 -0.01235514  0.00843527  0.02313908  0.04697121
  -0.07060688 -0.99547416]]",11
10,11,8,0.9,1.4948639869689941,"[[-0.9762373   0.19631909 -0.03683159 -0.00263776  0.02896418 -0.03163588
   0.0204864   0.06925794]
 [-0.16364332 -0.9044505  -0.378447    0.0088563  -0.03137101 -0.0686812
   0.07720659  0.01508686]
 [-0.09995836 -0.3464494   0.9181342   0.0248858  -0.05050402 -0.09196046
   0.12394213  0.00473576]
 [-0.00280736 -0.03476903  0.01730887  0.88721746  0.28092158  0.32704076
  -0.0544215   0.14998202]
 [ 0.03912582 -0.00265086  0.00267656 -0.14536397  0.91206837 -0.35114968
   0.14576267 -0.03004389]
 [-0.00100739 -0.0325991   0.03072051  0.15894864 -0.06107223 -0.5648344
  -0.79938805  0.10458908]
 [-0.09246879 -0.1077531   0.07448743 -0.14596063  0.20386407  0.45441106
  -0.45096385 -0.70821434]
 [ 0.00999003 -0.09752794  0.07517997 -0.38005358  0.19887221  0.47962093
  -0.33415526  0.677532  ]]",11
0,1,6,0.9,0.8278833031654358,"[[ 9.8553985e-01 -4.6282049e-02  1.5957706e-01  5.4055580e-04
   2.5733801e-02 -2.1022329e-02]
 [ 6.0538650e-02  9.9368340e-01 -8.0550052e-02 -4.0986978e-02
  -2.7169766e-02  4.6737129e-03]
 [-1.5697271e-01  8.8564873e-02  9.7911012e-01 -5.2607365e-02
   5.6707911e-02 -5.3628203e-02]
 [-5.4796818e-03  4.4597562e-02  5.1833645e-02  9.9680656e-01
  -3.4870889e-02  2.1330973e-02]
 [-1.6942121e-02  2.4754001e-02 -6.8900332e-02  4.0343720e-02
   9.8197424e-01 -1.6867687e-01]
 [ 9.4296606e-03  2.3954890e-03  4.4230495e-02 -1.7358277e-02
   1.7289986e-01  9.8374462e-01]]",12
1,2,6,0.9,0.8787243962287903,"[[ 9.8531979e-01 -6.5801367e-02 -1.5680268e-01 -1.3245782e-02
  -1.0824605e-03 -7.1637714e-03]
 [ 9.3160942e-02  9.7747570e-01  1.8057561e-01 -4.9986877e-02
   8.3734645e-03 -2.6191216e-02]
 [ 1.4212362e-01 -1.9019620e-01  9.6788257e-01  3.7040100e-02
   6.7021959e-02  3.1074530e-02]
 [ 1.2096079e-02  5.5256445e-02 -3.1511091e-02  9.9721944e-01
   3.6723543e-02 -3.5055778e-03]
 [-9.7148521e-03  2.4509446e-03 -6.5572366e-02 -3.8815152e-02
   9.9703950e-01 -2.3354704e-03]
 [ 5.1063248e-03  3.1266447e-02 -2.6756966e-02  8.5077237e-04
   5.8669952e-04  9.9913925e-01]]",12
2,3,6,0.9,0.8968433141708374,"[[ 0.94675136  0.29864126 -0.08161284  0.0572828   0.01578925  0.06545237]
 [-0.28632817  0.95049894  0.06320585 -0.08109618 -0.05433445 -0.03231234]
 [ 0.09246941 -0.03525685  0.989317   -0.04070044  0.06131126  0.07773491]
 [-0.07718287  0.060342    0.04705357  0.99356556  0.01885926  0.02567568]
 [-0.04498148  0.04942311 -0.06620719 -0.02537102  0.9871498   0.12665847]
 [-0.07174233  0.006185   -0.06323672 -0.02586854 -0.13497828  0.98586386]]",12
3,4,6,0.9,0.811420738697052,"[[ 0.98896027  0.13717566 -0.03600363  0.02957048 -0.02004245 -0.02383466]
 [-0.13544412  0.988076    0.05473416 -0.02605159 -0.0375188  -0.01669458]
 [ 0.0432885  -0.04809618  0.99630713 -0.00430875  0.04718453 -0.03066195]
 [-0.03158452  0.02339475  0.00593215  0.9983059   0.03467918  0.0245471 ]
 [ 0.01209916  0.03999697 -0.04808508 -0.03303926  0.99477345 -0.07263624]
 [ 0.02438544  0.02070079  0.0270699  -0.02687076  0.07202462  0.99615985]]",12
4,5,6,0.9,0.8069872260093689,"[[ 0.92583436  0.35851854  0.10151172  0.06054525 -0.01640537 -0.00746764]
 [-0.3636066   0.9310825   0.02251522  0.00845622 -0.00869851  0.01488358]
 [-0.08133236 -0.05338161  0.9849179  -0.10905509 -0.02392078 -0.08948243]
 [-0.06104065 -0.03697754  0.11254539  0.984699    0.02810747  0.10871074]
 [ 0.01215465  0.01339124  0.02456962 -0.03274476  0.99870175  0.02432752]
 [ 0.01150752 -0.01239208  0.07651906 -0.11689889 -0.02979498  0.9895988 ]]",12
5,6,7,0.9,0.8982802629470825,"[[ 9.9797052e-01  5.8682796e-02 -9.8020630e-03  3.1666982e-04
   9.4056968e-03 -1.5604282e-03  2.0592572e-02]
 [-5.5223286e-02  9.7820979e-01  1.9682668e-01  1.4840855e-02
   3.2748964e-03 -2.5127314e-02 -2.1282446e-02]
 [ 2.0689622e-02 -1.9556049e-01  9.7581047e-01 -4.5731854e-02
   8.0255844e-02 -1.6208883e-02 -1.8078854e-02]
 [ 3.7689281e-03 -2.4841631e-02  5.6446947e-02  9.8004037e-01
  -1.8574263e-01  3.2244384e-02 -1.2782341e-02]
 [-1.1919936e-02  1.1548512e-02 -6.4661629e-02  1.8402307e-01
   9.6780771e-01  1.3679001e-01  7.9471037e-02]
 [ 2.3826610e-03  2.0679314e-02  2.7576828e-02 -5.7676010e-02
  -1.2493388e-01  9.8947859e-01 -2.8341800e-02]
 [-2.0375656e-02  1.5491405e-02  2.8796613e-02 -4.2675384e-03
  -8.1848860e-02  1.6860966e-02  9.9574786e-01]]",12
6,7,7,0.9,0.9289335012435913,"[[ 0.9901344   0.0721612   0.10049636  0.01153903 -0.06080866 -0.00688459
  -0.02118549]
 [-0.09372981  0.9725575   0.20574649  0.00596224 -0.01213625 -0.02961445
  -0.04421749]
 [-0.07876295 -0.21359374  0.9651526  -0.09748241  0.06131408 -0.03099821
  -0.04930933]
 [-0.01201933 -0.02547684  0.08404155  0.98906505  0.11273859 -0.01934846
  -0.02845165]
 [ 0.0656441   0.03172153 -0.06205869 -0.10637075  0.9895579   0.00139979
  -0.01708179]
 [ 0.00106532  0.02164197  0.03752881  0.01619757  0.00159319  0.9987514
  -0.01878397]
 [ 0.01379099  0.03433232  0.06104596  0.02239965  0.02140681  0.01529834
   0.9968503 ]]",12
7,8,7,0.9,0.9277649521827698,"[[ 9.9158949e-01 -1.2190757e-01 -4.1236427e-02  8.3688386e-03
  -5.6432826e-03 -1.3975409e-03  9.1933291e-03]
 [ 1.0873996e-01  9.6248776e-01 -2.3007518e-01  6.1746534e-02
   6.8323895e-02 -1.3518341e-02 -1.3964842e-02]
 [-6.7380868e-02 -2.2226927e-01 -9.7149175e-01 -3.0977000e-02
   1.5005351e-03  3.5925493e-02 -2.7291456e-03]
 [-1.6640313e-02 -6.5687068e-02 -1.2210754e-02  9.9336594e-01
   2.9411985e-02  8.7191939e-02 -3.9614234e-03]
 [-9.5253548e-04 -6.2985718e-02  1.8874193e-02 -3.7408505e-02
   9.9608916e-01  4.5403872e-02  4.5837616e-03]
 [ 6.6742953e-03  2.9811841e-02  3.2020323e-02 -8.3327830e-02
  -4.7244102e-02  9.9427110e-01  1.7057328e-02]
 [-7.9592522e-03  1.3479200e-02 -6.1682081e-03  6.2307380e-03
  -2.6341123e-03 -1.6905388e-02  9.9969268e-01]]",12
8,9,7,0.9,0.9361004829406738,"[[ 0.96480083 -0.2481369  -0.05959053 -0.04697068 -0.03836858 -0.00750446
  -0.01737055]
 [ 0.23529108  0.960112   -0.14351083 -0.02706493 -0.02414024 -0.0250656
  -0.01685233]
 [ 0.0935754   0.12487718  0.9872756   0.02191526 -0.01862088 -0.00327188
   0.00992072]
 [-0.00290357 -0.00577502 -0.02755088  0.64400566 -0.7633255  -0.03426496
  -0.0248188 ]
 [ 0.06540221  0.01740459 -0.01323833  0.75839245  0.6436644  -0.07529847
  -0.01055621]
 [-0.01756056 -0.02339701  0.00223679 -0.07760686 -0.02190971 -0.99552673
   0.03953268]
 [ 0.02114002  0.01161363 -0.01418116  0.02560588 -0.01219073  0.0372457
   0.9985117 ]]",12
9,10,8,0.9,1.0969462394714355,"[[ 0.9762338  -0.17970742 -0.09073427 -0.05111101  0.05411728  0.01792691
  -0.02382815  0.0031686 ]
 [ 0.15904097  0.96580255 -0.19897601  0.01124894 -0.00589509  0.02952256
  -0.02860329 -0.02211037]
 [ 0.12137352  0.1802301   0.96875405  0.06090288  0.09537411 -0.03509218
  -0.01513763  0.0059256 ]
 [-0.00348809 -0.02996296 -0.09332129  0.8245115   0.53728455  0.14666541
  -0.00211072 -0.01928882]
 [ 0.07669363 -0.01482755  0.04035323  0.54845077 -0.8310121  -0.01542791
   0.02361744 -0.00972516]
 [ 0.01618787  0.01563302 -0.0570008   0.11205582  0.08993428 -0.98679703
  -0.01063711  0.04145202]
 [ 0.0279898   0.02743462  0.00464025 -0.00921934  0.02417517 -0.00701281
   0.99777037  0.04667052]
 [-0.00159871  0.01824989 -0.00913615  0.01711472 -0.00344977  0.04482477
  -0.04651783  0.99754846]]",12
10,11,9,0.9,1.540437936782837,"[[-0.96252424  0.18790653 -0.02360342  0.05025294  0.07742631 -0.01106951
   0.01211297 -0.12534449 -0.11480556]
 [-0.15889068 -0.8534137  -0.4599045  -0.02936164 -0.06412868  0.12000542
   0.11707333  0.01390911 -0.04063446]
 [-0.09402613 -0.4304102   0.88267237  0.05886937 -0.01480085  0.06697316
   0.12365251 -0.01896186 -0.05455274]
 [-0.00769304  0.06039044 -0.04266427  0.8185924  -0.5250214   0.18268742
  -0.01274555  0.12054447  0.02577844]
 [ 0.05958876  0.0265828  -0.03602135  0.33509436  0.7445845   0.55961186
   0.05842515  0.09216652  0.05174066]
 [-0.02168585 -0.02765331  0.05329977 -0.23619148 -0.21022946  0.5408506
  -0.75576335 -0.1646128  -0.07173796]
 [-0.06346654 -0.11451967  0.02654402  0.11677624  0.20121716 -0.36636412
  -0.47597134  0.7067     -0.2604445 ]
 [-0.08900819  0.16733614  0.01742313 -0.37480476 -0.27354348  0.44975513
   0.3771877   0.63489485 -0.02874383]
 [-0.15306571 -0.06991979  0.04305055 -0.02938578  0.0104552  -0.07368065
  -0.1651778   0.17634161  0.9513396 ]]",12
0,1,6,0.9,0.8318688273429871,"[[ 9.8715460e-01 -4.4650063e-02  1.5002525e-01  9.3771156e-04
   2.3637420e-02 -2.1561621e-02]
 [ 5.9091672e-02  9.9310571e-01 -8.7832704e-02 -4.2800222e-02
  -2.5196893e-02  8.2331840e-03]
 [-1.4715670e-01  9.5176123e-02  9.8003280e-01 -5.0499190e-02
   5.8077205e-02 -5.3842507e-02]
 [-4.9842433e-03  4.6508931e-02  4.9555294e-02  9.9672437e-01
  -3.6782809e-02  2.3323670e-02]
 [-1.5659476e-02  2.2902383e-02 -7.0129201e-02  4.2634327e-02
   9.8068309e-01 -1.7537147e-01]
 [ 1.0427535e-02 -1.1022544e-03  4.4042453e-02 -1.8439872e-02
   1.7983641e-01  9.8248118e-01]]",13
1,2,6,0.9,0.8928308486938477,"[[-0.9833777  -0.10014647 -0.15039589 -0.01289823 -0.00460013 -0.01151335]
 [-0.12974237  0.9679034   0.20910339 -0.04322861  0.01080027 -0.0249071 ]
 [-0.12570216 -0.22329137  0.9630951   0.03437749  0.06739101  0.03262491]
 [-0.01363352  0.04835705 -0.02974466  0.99679804  0.05430161 -0.00600661]
 [ 0.00614242  0.00142645 -0.06641236 -0.05626172  0.9961747  -0.00450597]
 [-0.01051657  0.03056508 -0.02844889  0.00339028  0.00283498  0.9990627 ]]",13
2,3,6,0.9,0.9131993651390076,"[[-0.94344467 -0.30608687  0.09148875 -0.05932861 -0.01884033 -0.06307168]
 [-0.29279828  0.9481065   0.06904268 -0.08007237 -0.05802552 -0.0285952 ]
 [ 0.10509122 -0.03749035  0.98809105 -0.04778944  0.06486788  0.06880973]
 [-0.07914652  0.05869891  0.05393835  0.99244237  0.03704644  0.03266083]
 [-0.04460006  0.05029516 -0.06550929 -0.042359    0.9921087   0.07152352]
 [-0.06988481  0.0049099  -0.05777759 -0.03238301 -0.08011207  0.99211246]]",13
3,4,6,0.9,0.8238701820373535,"[[ 0.9742275   0.2183806  -0.02987543  0.02488401 -0.02792409 -0.02998667]
 [-0.21704194  0.9735316   0.05462211 -0.03281164 -0.02760118 -0.01752308]
 [ 0.04211553 -0.04640803  0.9960041  -0.02440303  0.05079158 -0.02955101]
 [-0.02920124  0.0271105   0.0252711   0.99795747  0.04084343  0.01365358]
 [ 0.01799531  0.0323711  -0.05335025 -0.03852275  0.9936253  -0.08370672]
 [ 0.02869351  0.02469062  0.02479865 -0.01748149  0.08318196  0.9953528 ]]",13
4,5,6,0.9,0.8133688569068909,"[[ 0.89968807  0.41948318  0.10698557  0.05160289 -0.01929984 -0.01066864]
 [-0.42693725  0.90313756  0.03905215  0.01916964 -0.00972142  0.00895412]
 [-0.07646821 -0.07555462  0.9813372  -0.12281647 -0.04492854 -0.09120859]
 [-0.0465154  -0.04888979  0.12737702  0.9830429   0.04631179  0.10345573]
 [ 0.01266458  0.01541004  0.04561699 -0.05712231  0.99566805  0.05388272]
 [ 0.01069555 -0.00634575  0.07550201 -0.11067745 -0.06336193  0.9888784 ]]",13
5,6,6,0.9,0.8406626582145691,"[[ 9.9882448e-01  3.5620373e-02 -2.7671332e-02 -6.6178036e-04
   1.7130630e-02  4.6110516e-03]
 [-2.9463075e-02  9.8048753e-01  1.9299617e-01  8.2517844e-03
  -3.0969151e-03 -2.1233449e-02]
 [ 3.2737039e-02 -1.9096656e-01  9.7699147e-01 -5.5271327e-02
   6.8336308e-02 -1.4928313e-02]
 [ 5.7672136e-03 -2.0253854e-02  6.3601397e-02  9.8325616e-01
  -1.6444752e-01  4.0932931e-02]
 [-1.9272387e-02  1.4717835e-02 -5.3404044e-02  1.6105486e-01
   9.7500968e-01  1.4134149e-01]
 [-2.2802427e-03  1.6740978e-02  2.4025204e-02 -6.4381577e-02
  -1.3168232e-01  9.8876286e-01]]",13
6,7,6,0.9,0.8550412654876709,"[[ 9.9184597e-01  5.9346810e-02  9.3432233e-02  2.1852782e-02
  -5.9053224e-02 -5.0081415e-03]
 [-8.1572749e-02  9.6899712e-01  2.3006666e-01  1.4645725e-02
  -2.4703922e-02 -2.5199823e-02]
 [-7.2009221e-02 -2.3291630e-01  9.6342945e-01 -9.5826238e-02
   4.7858991e-02 -2.9920816e-02]
 [-1.7596014e-02 -3.1408157e-02  8.0452509e-02  9.8244774e-01
   1.6427933e-01 -6.3228742e-03]
 [ 6.3965581e-02  4.4391342e-02 -4.9164131e-02 -1.5783520e-01
   9.8315233e-01 -4.4899425e-03]
 [ 9.3381788e-04  1.7761827e-02  3.5408713e-02  3.1170321e-03
   5.9715491e-03  9.9919194e-01]]",13
7,8,7,0.9,0.9331845641136169,"[[ 0.9920936  -0.11690094 -0.04221623  0.00748425 -0.00501972  0.00174916
   0.01475684]
 [ 0.10320125  0.9606889  -0.24021545  0.0515022   0.07525146 -0.01479073
  -0.01373994]
 [-0.06845201 -0.23245709 -0.96889806 -0.02419037 -0.00764332  0.04273147
  -0.00670212]
 [-0.01414124 -0.05419631 -0.00689445  0.9937148   0.02664173  0.09283355
  -0.00427786]
 [-0.00285129 -0.07185902  0.01244224 -0.03486043  0.9956044   0.04638051
   0.00888199]
 [ 0.00398187  0.03312564  0.0380881  -0.08934081 -0.0476166   0.99345905
   0.01503409]
 [-0.01378131  0.01328051 -0.0098877   0.00634129 -0.00695896 -0.01489901
   0.9996125 ]]",13
8,9,7,0.9,0.9430627822875977,"[[ 9.5476866e-01 -2.8713891e-01 -4.3939568e-02 -5.1079493e-02
  -3.4582164e-02  9.5011368e-03 -1.1921927e-02]
 [ 2.7699575e-01  9.5102137e-01 -1.2555829e-01 -3.4107294e-02
  -2.4218010e-02  3.1707682e-02 -1.7655579e-02]
 [ 7.9105064e-02  1.0840712e-01  9.9041390e-01  2.6979728e-02
  -1.7038887e-02 -6.1877014e-04  7.2161062e-03]
 [-8.2993628e-03 -7.1652713e-03 -2.6928876e-02  5.0623161e-01
  -8.5979515e-01  5.5537216e-02 -2.3494391e-02]
 [ 6.7542396e-02  1.8024072e-02 -2.1751072e-02  8.5385811e-01
   5.0833255e-01  8.3953790e-02 -1.0780976e-02]
 [-2.2549238e-02 -2.8165173e-02  7.9906760e-03 -9.7996898e-02
   5.6400043e-03  9.9373847e-01  3.8511924e-02]
 [ 1.7126730e-02  1.3714217e-02 -1.1077248e-02  2.3498502e-02
  -1.5674990e-02 -3.5430409e-02  9.9867046e-01]]",13
9,10,7,0.9,1.0149123668670654,"[[ 0.9732779  -0.20105106 -0.0722135  -0.06492026  0.04641972  0.02157498
  -0.01609216]
 [ 0.18418024  0.9614866  -0.19943757  0.01170073 -0.01382007  0.03168599
  -0.02266891]
 [ 0.10886129  0.18186703  0.9706554   0.0510337   0.09528454 -0.03085706
  -0.01631058]
 [ 0.00615937 -0.02540818 -0.0921696   0.76444083  0.6200654   0.1480685
   0.00678304]
 [ 0.07791151 -0.02395375  0.03784825  0.6314265  -0.768643   -0.02673541
   0.04119762]
 [-0.02282707 -0.01791132  0.05303423 -0.09448635 -0.1117661   0.9873062
  -0.01235055]
 [ 0.01810599  0.02249786  0.00988431 -0.03236008  0.02810906  0.01287192
   0.9985316 ]]",13
10,11,8,0.9,1.452551245689392,"[[-9.6826261e-01  1.8697706e-01 -1.4414820e-02  3.3401631e-02
   1.1380125e-01 -2.4481222e-02 -3.3428866e-02 -1.0731334e-01]
 [-1.7004174e-01 -8.2264560e-01 -5.0751364e-01  2.2266923e-02
  -9.3115479e-02  1.0930864e-01  1.2438080e-01  1.3586991e-02]
 [-1.0878180e-01 -4.6473321e-01  8.5440230e-01  1.1887839e-01
  -4.2673096e-02  8.5474163e-02  1.3692422e-01 -1.3385120e-02]
 [-1.1078834e-02  1.0350532e-01 -6.7729384e-02  8.5239744e-01
  -4.9208468e-01 -5.7559263e-02 -8.5258059e-02  7.2567083e-02]
 [ 7.4813657e-02  4.4524308e-02 -5.8938738e-02  4.2260712e-01
   6.8394625e-01  5.6870782e-01  8.0559105e-02  1.1246842e-01]
 [-2.3473976e-02 -1.5956240e-02  4.4041581e-02 -1.8276028e-01
  -2.9840395e-01  6.2518424e-01 -6.8440479e-01 -1.2467209e-01]
 [-6.5703958e-02 -1.3918835e-01  4.6894405e-02 -7.1444019e-04
   1.9922948e-01 -2.9850012e-01 -4.9228036e-01  7.7651483e-01]
 [-1.0550844e-01  1.9998230e-01 -4.3755053e-03 -2.1372074e-01
  -3.7133628e-01  4.1646990e-01  4.9005619e-01  5.9303164e-01]]",13
0,1,6,0.9,0.8323642611503601,"[[ 0.98557    -0.05861155  0.1545427   0.00259319  0.02388276 -0.02749369]
 [ 0.06861606  0.99476296 -0.05643096 -0.0437384  -0.02499841 -0.00400647]
 [-0.15282889  0.06507427  0.9812483  -0.05467866  0.05946153 -0.05509076]
 [-0.00720764  0.04663606  0.05391347  0.99685645 -0.03172131  0.01172398]
 [-0.01609078  0.02267781 -0.07091877  0.03588267  0.98234105 -0.16708012]
 [ 0.01661534  0.00935146  0.04634362 -0.00895183  0.1710812   0.983941  ]]",14
1,2,6,0.9,0.8764050602912903,"[[ 9.9057537e-01 -5.8560162e-03 -1.3628964e-01 -1.1511282e-02
  -4.3248947e-04 -4.3066782e-03]
 [ 2.6379880e-02  9.8563832e-01  1.5494461e-01 -5.6498196e-02
  -7.9805806e-04 -2.4914203e-02]
 [ 1.3387583e-01 -1.5352207e-01  9.7478575e-01  4.3482803e-02
   7.4412949e-02  2.9545343e-02]
 [ 6.4965589e-03  6.3449107e-02 -4.0045690e-02  9.9539500e-01
   5.8647662e-02  8.8117467e-03]
 [-9.9403579e-03  8.4594404e-03 -7.0381582e-02 -6.1914943e-02
   9.9549842e-01 -5.0532776e-03]
 [ 8.6112652e-04  2.8573725e-02 -2.5550412e-02 -1.1835511e-02
   2.2953188e-03  9.9919194e-01]]",14
2,3,6,0.9,0.8893314003944397,"[[ 0.9346237   0.33600187 -0.08027828  0.05416696  0.02011429  0.06162795]
 [-0.32176992  0.93760455  0.08698845 -0.07958274 -0.04877079 -0.03290789]
 [ 0.09972204 -0.05414185  0.9894564  -0.01962068  0.04873328  0.07307705]
 [-0.07507379  0.05540138  0.03053036  0.99506974 -0.01282945  0.00583963]
 [-0.05261275  0.0442061  -0.05249317  0.00690594  0.9830375   0.16159143]
 [-0.06777879  0.00676124 -0.05724293 -0.01166411 -0.16826943  0.9816481 ]]",14
3,4,6,0.9,0.8105654716491699,"[[ 9.9803501e-01  5.0376799e-02 -1.7134771e-02  3.1338472e-02
  -3.2758403e-03 -1.0090923e-02]
 [-4.9723793e-02  9.9754339e-01  1.2619042e-02 -1.8766001e-02
  -4.3724030e-02 -3.3790963e-03]
 [ 1.7059702e-02 -1.0037103e-02  9.9848181e-01  1.1917455e-02
   3.7239984e-02 -3.3368967e-02]
 [-3.1994220e-02  1.8520718e-02 -1.0802170e-02  9.9821466e-01
   2.4401650e-02  3.8582355e-02]
 [ 2.5214412e-04  4.3395713e-02 -3.9198421e-02 -2.2288347e-02
   9.9450487e-01 -8.3926529e-02]
 [ 1.1785490e-02  6.5034679e-03  3.0464025e-02 -3.9928894e-02
   8.3996564e-02  9.9510860e-01]]",14
4,5,7,0.9,0.8773002028465271,"[[ 0.9394562   0.3228986   0.09137269  0.0619221  -0.01735574  0.00229841
  -0.02585985]
 [-0.3254766   0.94523376  0.01514102 -0.01053519 -0.00349071  0.01193723
   0.01016086]
 [-0.07632592 -0.04161863  0.98533994 -0.10597652 -0.0120399  -0.07830684
  -0.06355732]
 [-0.07003976 -0.01588053  0.10746689  0.9863045   0.02644282  0.09844426
  -0.01029304]
 [ 0.01649956  0.00818573  0.01432859 -0.03071184  0.9984543   0.03817886
   0.0119936 ]
 [ 0.00407458 -0.01449233  0.07213564 -0.10422526 -0.04299467  0.9868873
   0.08894845]
 [ 0.02160965 -0.00289083  0.05974131  0.01486057 -0.00911646 -0.09286991
   0.99349225]]",14
5,6,7,0.9,0.9098381996154785,"[[ 9.97244179e-01  7.04141334e-02 -1.69104096e-02 -6.63265167e-03
   1.09940106e-02 -7.02214008e-03  6.76610833e-03]
 [-6.48462772e-02  9.70467210e-01  2.29517832e-01  1.33898351e-02
   1.81101542e-02 -2.58862302e-02 -1.15100481e-02]
 [ 3.09828464e-02 -2.27820843e-01  9.65680659e-01 -6.77706748e-02
   9.67499390e-02 -1.45437643e-02 -2.08226424e-02]
 [ 1.24914572e-02 -2.80102324e-02  8.32325667e-02  9.70563531e-01
  -2.23022252e-01  1.02225579e-02 -1.71638615e-02]
 [-1.00871585e-02  5.00590715e-04 -7.61792138e-02  2.27356046e-01
   9.59719360e-01  1.21671408e-01  8.08626860e-02]
 [ 7.05622649e-03  2.25766823e-02  2.78177671e-02 -3.84926014e-02
  -1.11613393e-01  9.91802812e-01 -3.24747451e-02]
 [-5.61337406e-03  6.18813559e-03  3.14903483e-02 -4.20611398e-03
  -8.32639858e-02  2.20860969e-02  9.95741069e-01]]",14
6,7,7,0.9,0.9345515370368958,"[[ 0.98618853  0.06551496  0.13782719 -0.00202252 -0.05951152  0.01384325
  -0.0201588 ]
 [-0.09576391  0.97031665  0.21570279  0.01306679  0.00118061  0.02269279
  -0.04582747]
 [-0.11580654 -0.22687562  0.95922834 -0.07209833  0.0794346   0.03334527
  -0.04875824]
 [-0.0015673  -0.02926164  0.05951558  0.9946644   0.06449474  0.02173927
  -0.04012372]
 [ 0.06834127  0.02208656 -0.07404108 -0.05980267  0.992771    0.00405033
  -0.01313516]
 [ 0.00764796  0.01413342  0.03856986  0.01852085  0.00690492 -0.99863714
  -0.02423317]
 [ 0.01090495  0.03430897  0.06200922  0.03674913  0.01859035 -0.02040395
   0.9963666 ]]",14
7,8,7,0.9,0.954788327217102,"[[ 9.9563926e-01 -7.8315347e-02 -4.4750795e-02  1.6204389e-02
  -1.6747300e-02  4.0964223e-03 -2.6062983e-03]
 [ 6.8208657e-02  9.7665197e-01 -1.8841666e-01  5.6049742e-02
   4.9950968e-02  6.1779297e-03 -1.7969446e-02]
 [-5.7586964e-02 -1.8381856e-01 -9.8014456e-01 -3.0205686e-02
   1.6869899e-02 -3.0149421e-02  1.0253887e-02]
 [-2.1004051e-02 -5.9317537e-02 -1.6053148e-02  9.9576497e-01
   1.9391784e-02 -6.2034819e-02  3.1834857e-03]
 [ 1.5096196e-02 -4.5068923e-02  2.7463192e-02 -2.5605438e-02
   9.9558520e-01 -6.9768429e-02 -1.6541133e-02]
 [-6.7075747e-03 -1.8924648e-02 -2.7684275e-02  5.8989029e-02
   7.0507452e-02  9.9429506e-01 -4.1914258e-02]
 [ 4.4520451e-03  1.7902939e-02  5.9002573e-03  2.3835231e-04
   2.0067440e-02  4.1200452e-02  9.9876153e-01]]",14
8,9,8,0.9,1.6618835926055908,"[[ 9.71434414e-01 -2.17957690e-01 -6.55871406e-02 -3.40249427e-02
  -5.13943173e-02  1.15136767e-03 -2.49647833e-02  9.17947758e-03]
 [ 2.00128138e-01  9.61004794e-01 -1.80094808e-01 -2.95637045e-02
  -4.08751629e-02 -2.64889169e-02 -1.47544192e-02 -2.28089783e-02]
 [ 1.02273159e-01  1.62987515e-01  9.80702519e-01  5.37309679e-04
  -9.81842354e-03 -4.48558974e-04  1.11551415e-02  3.12508345e-02]
 [-1.45426125e-03  5.96142258e-04 -5.50893927e-03  8.26203406e-01
  -5.62824905e-01  1.29729211e-02 -1.77655835e-02 -9.97670088e-03]
 [ 6.97007552e-02  3.24980356e-02 -3.11255245e-03  5.57850063e-01
   8.18056762e-01 -1.04525432e-01 -2.86677666e-02 -4.37616296e-02]
 [ 1.04173524e-02  2.81192120e-02 -2.46215845e-03  4.43744846e-02
   9.04041156e-02  9.92221057e-01 -5.05178161e-02 -4.35666218e-02]
 [ 2.69132722e-02  1.40874656e-02 -2.32366938e-02  3.88616025e-02
   2.38040313e-02  5.47976531e-02  9.70064044e-01  2.28983194e-01]
 [ 1.05313621e-02 -1.88070051e-02  3.00133824e-02 -2.60775927e-02
  -2.93822344e-02 -2.64108256e-02  2.33068213e-01 -9.70604360e-01]]",14
9,10,8,0.9,1.1024960279464722,"[[ 9.73023772e-01 -1.74321085e-01 -9.31658596e-02 -5.25166094e-02
   7.73800984e-02  1.10657793e-02 -4.78881784e-02 -5.47315516e-02]
 [ 1.49777293e-01  9.70917523e-01 -1.69487163e-01 -3.19987759e-02
   1.86231099e-02  3.35570760e-02 -5.08611239e-02 -3.28074098e-02]
 [ 1.21084325e-01  1.54058158e-01  9.67830122e-01  1.27703905e-01
   7.36307949e-02 -5.39824143e-02 -1.62847880e-02 -6.00920932e-04]
 [-1.67820863e-02 -1.19417757e-02 -1.37072951e-01  8.33028615e-01
   5.11588156e-01  1.48332044e-01 -2.84840614e-02 -4.81035970e-02]
 [ 8.64061564e-02  8.87267664e-03 -1.11268777e-02  5.02657652e-01
  -8.50341976e-01  6.94180951e-02 -6.47642985e-02 -8.70172903e-02]
 [ 7.44217029e-03  1.79366022e-02 -8.06010738e-02  1.46500513e-01
   1.77683849e-02 -9.81791377e-01 -8.03504288e-02 -3.12674865e-02]
 [ 4.67414483e-02  3.94143462e-02 -3.92610859e-03  4.65846583e-02
  -2.31537502e-02 -6.41577318e-02  9.68713164e-01 -2.25873142e-01]
 [-7.83721358e-02 -3.31789292e-02  2.17772927e-02 -9.83663350e-02
   5.08754551e-02  3.13925408e-02 -2.12102592e-01 -9.66460288e-01]]",14
10,11,9,0.9,1.5026421546936035,"[[-0.9670022   0.13332601  0.02461327  0.03678526 -0.01866875  0.05530281
   0.07102046 -0.19127409  0.01163799]
 [-0.1313929  -0.7642011  -0.59388983 -0.09470384 -0.13047312 -0.11907076
   0.05971801  0.03911227  0.02759167]
 [-0.05205934 -0.56970495  0.79942095 -0.01300199 -0.12296271 -0.06462831
   0.11836591  0.00447701  0.01249731]
 [-0.02726681  0.01992196 -0.02803918  0.869848   -0.2931313  -0.30856177
  -0.1158414   0.21385907  0.03386324]
 [ 0.05503214  0.08244157 -0.02205654 -0.10779529 -0.8503619   0.5011789
  -0.05041578 -0.03506661  0.00121862]
 [-0.02707983 -0.03215085  0.05837724 -0.18669887 -0.11074805 -0.32595804
  -0.8601452  -0.31802252 -0.02160815]
 [-0.10596576 -0.18006714  0.02912711  0.15259483  0.32631746  0.6123438
  -0.46043926  0.43148607  0.22930522]
 [-0.15409102  0.0861496   0.0340864  -0.2635851  -0.10589469 -0.19200002
  -0.08737119  0.6774652  -0.61929375]
 [-0.07385436  0.15994942  0.03040463 -0.30599827 -0.16883491 -0.33781448
   0.04393947  0.41063556  0.74915034]]",14
0,1,6,0.9,0.8346525430679321,"[[ 9.8733008e-01 -7.8712501e-02  1.3385025e-01  3.4395580e-03
   2.2693727e-02 -2.3259841e-02]
 [ 8.7515101e-02  9.9329102e-01 -5.5493332e-02 -4.5317788e-02
  -2.3712259e-02  4.3037524e-03]
 [-1.3067770e-01  6.5902568e-02  9.8498785e-01 -4.7967091e-02
   5.4777481e-02 -5.5475872e-02]
 [-4.9834438e-03  4.7847282e-02  4.7324467e-02  9.9715525e-01
  -2.6932226e-02  2.0055218e-02]
 [-1.5889596e-02  2.3330588e-02 -6.6475540e-02  3.1958796e-02
   9.8166776e-01 -1.7346838e-01]
 [ 1.2904777e-02  6.4898730e-04  4.6311930e-02 -1.7135253e-02
   1.7755349e-01  9.8278660e-01]]",15
1,2,6,0.9,0.8814591765403748,"[[ 9.88419414e-01 -1.07323267e-02 -1.50609657e-01 -1.03094606e-02
  -6.75455900e-03 -8.76293983e-03]
 [ 3.55852507e-02  9.84144807e-01  1.67392418e-01 -4.28608730e-02
   3.55410652e-04 -1.83126125e-02]
 [ 1.47246838e-01 -1.68298885e-01  9.70790923e-01  3.68856154e-02
   7.26111457e-02  3.04290354e-02]
 [ 6.09012740e-03  4.92517464e-02 -3.48742604e-02  9.96422946e-01
   5.81643321e-02  8.89941771e-03]
 [-4.44556307e-03  8.76191445e-03 -6.95830435e-02 -6.08496629e-02
   9.95596945e-01 -1.20664537e-02]
 [ 4.72838711e-03  2.27345899e-02 -2.83460524e-02 -1.16085475e-02
   9.24075115e-03  9.99218285e-01]]",15
2,3,6,0.9,0.8999271392822266,"[[ 9.4578308e-01  3.0007708e-01 -8.4786206e-02  6.4922847e-02
   2.9104570e-02  5.6545809e-02]
 [-2.8780141e-01  9.5085913e-01  7.1463287e-02 -6.8142667e-02
  -5.4079141e-02 -1.9034106e-02]
 [ 9.9872187e-02 -4.2994633e-02  9.8865199e-01 -5.0949495e-02
   5.9210144e-02  6.8136796e-02]
 [-8.0719978e-02  4.6190590e-02  5.6372594e-02  9.9211013e-01
   5.9067499e-02  2.0031394e-02]
 [-4.9093626e-02  4.2876821e-02 -6.0297851e-02 -6.2931798e-02
   9.9194020e-01  6.4882800e-02]
 [-6.1355192e-02  3.5524162e-04 -5.8803938e-02 -1.7398629e-02
  -7.2719924e-02  9.9357265e-01]]",15
3,4,6,0.9,0.8209118247032166,"[[ 0.9853387   0.16452396 -0.02355423  0.0256685  -0.02339566 -0.0166913 ]
 [-0.16491953  0.98560864  0.00576409 -0.01609938 -0.03159694 -0.00929446]
 [ 0.02528512 -0.00107281  0.99781585 -0.03089041  0.04175032 -0.03202949]
 [-0.025841    0.01365882  0.03048972  0.99741316  0.04914479  0.03110874]
 [ 0.01665118  0.03337527 -0.04607495 -0.04492855  0.9936141  -0.0848439 ]
 [ 0.01802658  0.01434797  0.02689111 -0.03572191  0.08382789  0.99521   ]]",15
4,5,6,0.9,0.8006496429443359,"[[ 0.9283512   0.35400236  0.09701248  0.05718564 -0.01210782 -0.00425669]
 [-0.36109287  0.9311363   0.03984826  0.02766313 -0.01441247  0.00602437]
 [-0.0713256  -0.06672608  0.9831213  -0.11609846 -0.06242597 -0.08097554]
 [-0.05139677 -0.05375825  0.11980637  0.98439187  0.06863954  0.07985033]
 [ 0.00547076  0.0168639   0.06050235 -0.08075473  0.9925147   0.06647135]
 [ 0.00412789 -0.00639     0.06677718 -0.08328856 -0.07714871  0.9912588 ]]",15
5,6,6,0.9,0.8300510048866272,"[[ 0.99751514  0.06006524 -0.03151716 -0.00163882  0.01893931 -0.00102352]
 [-0.05416644  0.98465014  0.16400504 -0.00198322  0.00151471 -0.02502435]
 [ 0.03952568 -0.16175598  0.98125243 -0.07803231  0.05686221 -0.00970183]
 [ 0.00753061 -0.01097819  0.08437964  0.9869861  -0.13499863  0.01834906]
 [-0.02006346  0.00839037 -0.04237404  0.13510329  0.9790931   0.14441428]
 [ 0.00283953  0.02236853  0.0183653  -0.03885753 -0.13984977  0.98898256]]",15
6,7,6,0.9,0.8484019637107849,"[[ 0.98900664  0.08363046  0.10095423  0.0212571  -0.06380561 -0.0125263 ]
 [-0.10426749  0.9755596   0.18891558  0.00610435 -0.0313669  -0.02648839]
 [-0.07736449 -0.19451796  0.9696849  -0.11395743  0.04724044 -0.02590095]
 [-0.02165586 -0.02465559  0.10283298  0.9861685   0.12533432 -0.01055897]
 [ 0.06686717  0.0484713  -0.04732534 -0.11813563  0.98833746 -0.01314309]
 [ 0.00828058  0.02224728  0.03187717  0.00634236  0.01391933  0.9990927 ]]",15
7,8,7,0.9,0.9309282898902893,"[[ 9.90135431e-01 -1.31282881e-01 -4.82016914e-02  7.76963495e-03
  -2.85455026e-03  7.81920040e-04  2.04051449e-03]
 [ 1.10833146e-01  9.45228279e-01 -2.95599848e-01  4.47136611e-02
   6.41926229e-02 -1.15414085e-02 -2.50394121e-02]
 [-8.41514617e-02 -2.85807878e-01 -9.53292489e-01 -2.71122232e-02
  -9.77872964e-03  4.04362492e-02  2.38872221e-04]
 [-1.49322292e-02 -5.14337718e-02 -8.98298156e-03  9.93669569e-01
   6.33918643e-02  7.51849934e-02  6.33178686e-04]
 [-3.73220956e-03 -5.82582280e-02  1.31429574e-02 -7.24329948e-02
   9.92205679e-01  8.16510841e-02  5.79617918e-03]
 [ 5.39733237e-03  3.22175659e-02  3.47643420e-02 -6.76002279e-02
  -8.53395090e-02  9.92369711e-01  3.27742323e-02]
 [ 6.29670743e-04  2.33387612e-02 -8.29268619e-03  3.11917975e-03
  -1.37985137e-03 -3.33743021e-02  9.99129951e-01]]",15
8,9,7,0.9,0.9391551613807678,"[[ 9.6737295e-01 -2.4178980e-01 -5.0820090e-02  1.5797177e-02
  -5.0772343e-02  1.4875864e-03 -1.7749347e-02]
 [ 2.3239169e-01  9.6512353e-01 -9.3827978e-02  3.3772986e-02
  -5.6269690e-02  3.2434057e-02 -1.9188812e-02]
 [ 7.4192926e-02  8.0759816e-02  9.9344873e-01 -2.2027977e-03
   3.0546684e-02  2.5779920e-04  9.7370911e-03]
 [-1.2405843e-02 -2.1501325e-02 -4.6533463e-04  9.8389262e-01
   1.7664711e-01  2.6086757e-03 -1.1311815e-02]
 [ 6.1571799e-02  4.0274732e-02 -3.8087614e-02 -1.7385653e-01
   9.7471118e-01  1.1201678e-01 -1.7334290e-02]
 [-1.4676816e-02 -3.4793619e-02  6.4116856e-03  1.6393937e-02
  -1.0733339e-01  9.9151033e-01  6.0422823e-02]
 [ 2.2776317e-02  1.6037835e-02 -1.3461372e-02  8.0949543e-03
   2.3157461e-02 -5.7431992e-02  9.9756831e-01]]",15
9,10,7,0.9,0.9958127737045288,"[[ 9.67959166e-01 -2.23302484e-01 -7.46194795e-02 -7.56644309e-02
   2.59131603e-02  1.49408597e-02 -3.16741094e-02]
 [ 2.00617537e-01  9.55897510e-01 -2.05245137e-01 -3.60543169e-02
  -1.14694694e-02  4.01903279e-02 -2.89867539e-02]
 [ 1.19182646e-01  1.86984763e-01  9.67472672e-01  5.29555231e-02
   1.03432119e-01 -3.39616202e-02 -1.31514277e-02]
 [-7.93340206e-02 -8.98055267e-03 -2.21423190e-02 -7.14821279e-01
   6.92921042e-01  4.26611863e-02 -1.43564353e-02]
 [ 2.41023153e-02 -6.87368971e-04 -1.10045388e-01  6.88508749e-01
   7.00167060e-01  1.51757449e-01  3.28330003e-04]
 [-1.76950675e-02 -2.78107598e-02  6.08212315e-02 -7.10237101e-02
  -1.33606955e-01  9.85361338e-01  3.71771567e-02]
 [ 3.76207493e-02  2.40431540e-02  1.87120750e-03 -1.06122401e-02
   1.65635683e-02 -3.49417888e-02  9.98196006e-01]]",15
10,11,8,0.9,1.4600738286972046,"[[-0.95252985  0.16846685  0.0030674  -0.01768525 -0.08776261  0.10383616
   0.06065143 -0.20450146]
 [-0.17698024 -0.7885338  -0.542063    0.05866162 -0.01685113 -0.17145234
  -0.1349032   0.04171527]
 [-0.08618958 -0.5170338   0.8278822   0.12916021 -0.11153665 -0.0200624
  -0.10048725 -0.01534871]
 [-0.04149313  0.07446881 -0.03831061  0.9151178   0.37583795  0.05358666
   0.07551687  0.0632137 ]
 [ 0.06209812  0.11369305 -0.0825158   0.3482544  -0.8853833  -0.2088993
   0.1404694   0.08862048]
 [-0.02480215 -0.0236565   0.08110864 -0.08196329  0.20927143 -0.7124074
   0.6398653  -0.15742347]
 [-0.07479379 -0.1591125   0.00471649 -0.1059404  -0.00876104  0.4295412
   0.6132147   0.63026094]
 [-0.20530267  0.19534901  0.07675955 -0.05385753  0.10268576 -0.4699779
  -0.39639696  0.7227329 ]]",15
0,1,6,0.9,0.8326199650764465,"[[ 0.9863057  -0.05601781  0.15055032  0.00324343  0.02498823 -0.02761883]
 [ 0.06680489  0.9944633  -0.06312088 -0.04264216 -0.02739084 -0.00518666]
 [-0.1485933   0.07127469  0.9815694  -0.05489078  0.05894357 -0.05361113]
 [-0.00774992  0.04571208  0.05389891  0.9967587  -0.03676196  0.00812293]
 [-0.01752995  0.0246404  -0.07021756  0.04011191  0.98248523 -0.16513284]
 [ 0.01705543  0.01130613  0.04512556 -0.00461932  0.1688855   0.98437864]]",16
1,2,6,0.9,0.8775821924209595,"[[ 9.89584327e-01  1.98736209e-02 -1.42001927e-01 -1.09729702e-02
  -2.08129175e-03 -6.21925248e-03]
 [ 3.17663816e-03  9.84490097e-01  1.65173918e-01 -5.41162603e-02
  -3.23391915e-03 -2.34050862e-02]
 [ 1.43538877e-01 -1.60456210e-01  9.72377300e-01  4.12699543e-02
   7.56567493e-02  2.65639443e-02]
 [ 4.56412602e-03  6.12721778e-02 -3.75462100e-02  9.95605230e-01
   5.98174781e-02  2.68316036e-03]
 [-9.09916963e-03  1.18244765e-02 -7.14743659e-02 -6.31830618e-02
   9.95327353e-01  2.93894147e-04]
 [ 2.40785279e-03  2.72778608e-02 -2.27404572e-02 -5.08723641e-03
  -2.55305716e-03  9.99350131e-01]]",16
2,3,6,0.9,0.8997858762741089,"[[ 0.9235917   0.36619553 -0.08202085  0.04461545  0.02068528  0.06110186]
 [-0.3525851   0.92662036  0.08329687 -0.08224361 -0.04466463 -0.03689297]
 [ 0.10167778 -0.04716747  0.9895501  -0.02297913  0.04373748  0.07606898]
 [-0.06827187  0.05835066  0.03337882  0.9949282  -0.02882529  0.01034997]
 [-0.0549577   0.03980157 -0.04898538  0.02207757  0.9801268   0.17849372]
 [-0.06813508  0.00786051 -0.06009279 -0.01865452 -0.18489143  0.9783414 ]]",16
3,4,6,0.9,0.8194910883903503,"[[ 9.9881566e-01  2.7111091e-02 -1.5449556e-02  3.5159402e-02
   5.9435931e-03 -1.1049988e-02]
 [-2.6273202e-02  9.9857044e-01 -9.2209654e-04 -1.6426856e-02
  -4.3538477e-02  7.3787855e-04]
 [ 1.3722067e-02  3.6818439e-03  9.9813342e-01  2.9963741e-02
   4.3252654e-02 -2.7553502e-02]
 [-3.5778712e-02  1.6798984e-02 -2.9796420e-02  9.9747437e-01
   3.1844273e-02  3.9758306e-02]
 [-7.4591800e-03  4.2685583e-02 -4.4217199e-02 -3.1210864e-02
   9.9500638e-01 -7.1801178e-02]
 [ 1.2368499e-02  2.0690716e-03  2.5438938e-02 -4.0828485e-02
   7.1739890e-02  9.9618375e-01]]",16
4,5,7,0.9,0.8954400420188904,"[[ 9.50222492e-01  2.90320337e-01  8.34857151e-02  6.91794306e-02
  -1.65299904e-02 -2.44793855e-03 -2.75020935e-02]
 [-2.93269515e-01  9.55351472e-01  3.04877926e-02 -1.44829806e-02
  -5.80747554e-04  9.76780523e-03  7.84381665e-03]
 [-6.54664785e-02 -5.17381318e-02  9.85560119e-01 -1.03108935e-01
  -6.45200908e-03 -8.29870701e-02 -6.44089952e-02]
 [-7.67036676e-02 -1.28483092e-02  1.05120301e-01  9.86140609e-01
   2.65283007e-02  9.80163813e-02 -1.08137187e-02]
 [ 1.78352501e-02  4.78497334e-03  9.23354924e-03 -3.03271972e-02
   9.98367429e-01  4.12196703e-02  1.47467284e-02]
 [ 8.73143598e-03 -1.22006759e-02  7.75951147e-02 -1.03607133e-01
  -4.59875911e-02  9.86520290e-01  8.76488984e-02]
 [ 2.25056484e-02 -1.99471973e-03  6.01269081e-02  1.56692229e-02
  -1.13445260e-02 -9.21042562e-02  9.93487179e-01]]",16
5,6,7,0.9,0.9239975214004517,"[[ 9.96532321e-01  8.06908682e-02 -6.37411932e-03 -1.46785649e-02
   6.76746294e-03 -7.44651491e-03  7.41949584e-03]
 [-7.68387467e-02  9.68609154e-01  2.31384709e-01  2.58355308e-02
   2.47959383e-02 -2.88699958e-02 -1.54083837e-02]
 [ 2.32748315e-02 -2.30371267e-01  9.65644240e-01 -6.42791167e-02
   9.52697173e-02 -1.60477944e-02 -2.12795492e-02]
 [ 1.95313003e-02 -3.71366143e-02  7.79627264e-02  9.67205346e-01
  -2.37037390e-01  6.50031143e-04 -2.20873095e-02]
 [-2.50165490e-03 -8.36910494e-03 -7.68163130e-02  2.42346063e-01
   9.57899809e-01  1.09104544e-01  7.62594640e-02]
 [ 6.03218097e-03  2.57655457e-02  2.99659092e-02 -2.76773628e-02
  -1.01061568e-01  9.93226051e-01 -3.04030273e-02]
 [-7.30607659e-03  1.00653637e-02  3.27830240e-02  1.18420797e-03
  -7.93146715e-02  2.12449990e-02  9.96005535e-01]]",16
6,7,7,0.9,0.9471383094787598,"[[ 9.8513448e-01  5.2565973e-02  1.5188074e-01  1.8371543e-04
  -5.7560090e-02 -1.2336257e-02 -1.4621570e-02]
 [-8.4021360e-02  9.7429615e-01  2.0193249e-01  2.1073822e-02
   7.3050114e-04 -2.2754496e-02 -4.4137105e-02]
 [-1.3200401e-01 -2.1169324e-01  9.5873904e-01 -7.2609715e-02
   9.7465008e-02 -3.7270807e-02 -4.9190123e-02]
 [-3.0196677e-03 -3.5962254e-02  5.5149663e-02  9.9303955e-01
   8.1588037e-02 -2.5277298e-02 -4.7255643e-02]
 [ 7.0428804e-02  2.5279650e-02 -9.1983862e-02 -7.5890847e-02
   9.8991287e-01 -1.8216069e-03 -1.5790444e-02]
 [ 5.3069452e-03  1.3632501e-02  4.2646386e-02  2.2161698e-02
   6.4837295e-03  9.9855095e-01 -1.8168567e-02]
 [ 5.2878680e-03  3.2425534e-02  6.0446292e-02  4.3653842e-02
   2.3677085e-02  1.3952597e-02  9.9629611e-01]]",16
7,8,7,0.9,0.9701804518699646,"[[ 0.996295   -0.08244715  0.0074722   0.01082276  0.01993554  0.00323012
  -0.00422625]
 [ 0.08063213  0.98235875  0.15050934  0.05136913 -0.05453649  0.00190904
  -0.01414151]
 [-0.01872259 -0.14905138  0.98739415 -0.03759404 -0.02569548 -0.01860446
   0.00814104]
 [-0.01524191 -0.05571395  0.02785675  0.9960929  -0.01153153 -0.05932137
  -0.00589124]
 [ 0.01637604 -0.05033139 -0.03517471 -0.01781405 -0.99466074 -0.07757486
  -0.01661974]
 [ 0.00355319  0.01208295 -0.01726118 -0.05691065  0.07807525 -0.99451727
   0.03382542]
 [ 0.00557029  0.01319508 -0.00572001  0.00858287 -0.01973482  0.03222138
   0.99913   ]]",16
8,9,8,0.9,1.222702145576477,"[[ 9.7046316e-01 -2.1498969e-01 -8.1914075e-02 -3.0001219e-02
  -5.4264106e-02  3.7156089e-04 -2.8855123e-02 -2.4360476e-02]
 [ 1.9357347e-01  9.6170384e-01 -1.8224218e-01 -4.5773432e-02
  -2.5619453e-02  2.4972549e-02 -1.9324364e-02 -2.6350586e-02]
 [-1.1645370e-01 -1.6077653e-01 -9.7908556e-01  2.3196904e-02
   3.2449510e-02  3.0743256e-03 -1.7961560e-02 -7.6014316e-03]
 [-2.1743434e-03  2.3422467e-02 -1.3205973e-03  8.3055395e-01
  -5.5417806e-01 -3.5168650e-03 -4.0067062e-02 -2.9899638e-02]
 [-6.9313295e-02 -3.3601280e-02 -2.8248964e-02 -5.4433864e-01
  -8.2392472e-01 -9.9478371e-02  4.9286604e-02  7.6071769e-02]
 [ 8.9405347e-03  2.5617793e-02 -2.9949071e-03  4.5158375e-02
   8.1785887e-02 -9.9185723e-01 -8.0183148e-02 -1.7794142e-02]
 [ 2.8415516e-02  1.0608568e-02 -2.0367274e-02  5.2039817e-02
   1.6355282e-02 -7.2273731e-02  9.8251176e-01 -1.5854548e-01]
 [ 3.8376406e-02  2.4693174e-02 -1.5677746e-02  7.4798413e-02
   4.9236972e-02 -2.1314962e-02  1.5059240e-01  9.8311764e-01]]",16
9,10,8,0.9,1.1389425992965698,"[[ 9.7307539e-01 -1.7122786e-01 -1.2236603e-01  3.4222379e-02
   6.3546062e-02  9.8930821e-03 -3.5216078e-02 -4.7797028e-02]
 [ 1.4222606e-01  9.6831399e-01 -1.9449908e-01  2.9191177e-02
   1.1325320e-02  4.1282915e-02 -4.0294275e-02 -1.2437621e-03]
 [ 1.5140773e-01  1.7506815e-01  9.6119881e-01 -1.2596677e-01
   6.2686495e-02 -4.7554500e-02 -2.0315258e-02 -7.2367052e-03]
 [-1.6511703e-02 -9.1074770e-03 -1.3208862e-01 -8.9828479e-01
   3.8708547e-01  1.5123728e-01 -2.5215348e-02 -4.4020005e-02]
 [ 6.7771003e-02  7.4762315e-03 -2.1504340e-04 -3.7878284e-01
  -9.1515404e-01  6.6984937e-02 -4.0283576e-02 -9.0873852e-02]
 [-3.8466584e-03 -2.7538382e-02  7.5592436e-02  1.4766406e-01
  -1.2309280e-03  9.7984427e-01  6.7690954e-02  8.3841808e-02]
 [ 3.5737488e-02  3.8555220e-02  9.1276789e-04 -3.2542665e-02
  -1.1850531e-02 -4.5956068e-02  9.7993165e-01 -1.8346119e-01]
 [ 6.1759368e-02  4.0572728e-03 -1.1447972e-02 -9.4092362e-02
  -6.6483311e-02 -7.9811238e-02  1.7209525e-01  9.7302532e-01]]",16
10,11,9,0.9,1.6027898788452148,"[[-9.7707039e-01  1.5499237e-01  3.2613616e-02  9.1327354e-03
   3.3467248e-02 -6.6191208e-04 -1.7412962e-02  1.3446213e-01
  -2.5689948e-02]
 [-1.4352366e-01 -8.1129158e-01 -5.4991674e-01  5.3523321e-02
   5.9851006e-02 -1.0733542e-01 -2.8676275e-02  2.6243632e-03
  -1.2061626e-03]
 [-5.0697941e-02 -5.3051835e-01  8.3159709e-01  6.2989451e-02
   6.1479848e-02 -9.3155317e-02 -8.8912241e-02  9.2766164e-03
  -3.0902824e-03]
 [ 3.2970361e-02  2.1540052e-03 -1.6609956e-02  8.6951065e-01
  -2.3379131e-01  3.5551074e-01 -7.9479948e-02  2.1258120e-01
  -1.0014745e-01]
 [ 4.7232233e-02  4.6398275e-02 -2.0151153e-02  1.1563392e-01
   9.4472414e-01  2.8999755e-01 -5.5882767e-02  4.2436790e-02
  -1.7687578e-02]
 [ 1.1608083e-03 -4.1658640e-02  5.0295260e-02  1.1300180e-01
   7.1714677e-02 -1.0405027e-01  9.7278148e-01  1.3440110e-01
  -5.1257741e-02]
 [-8.0440171e-02 -1.5564741e-01  4.0049937e-02 -2.4854261e-01
  -1.7411926e-01  8.0089819e-01  1.7383124e-01 -2.5722852e-01
   3.7119615e-01]
 [-7.4364647e-02 -1.0916312e-02  1.0661305e-02  3.5552718e-02
  -1.4907989e-02  1.1261512e-01  6.0706764e-02 -6.6099173e-01
  -7.3448849e-01]
 [ 8.2729250e-02 -8.9974068e-02  6.7147729e-03 -3.8452220e-01
  -9.3129262e-02  3.2305992e-01 -3.6370233e-02  6.4319134e-01
  -5.5596709e-01]]",16
0,1,6,0.9,0.8290671110153198,"[[ 0.9866149  -0.00444522  0.15781422 -0.00184751  0.02712984 -0.03043993]
 [ 0.01601464 -0.9913367  -0.12272152 -0.03384137 -0.02764361  0.00500414]
 [-0.15985225 -0.12326653  0.9743841  -0.05658934  0.06190667 -0.05285323]
 [-0.00548413 -0.03955467  0.0558008   0.99631876 -0.04986618  0.01240773]
 [-0.02016922 -0.0212186  -0.07404511  0.05436672  0.9819671  -0.16261984]
 [ 0.01857576 -0.00472153  0.04486977 -0.00649812  0.16709694  0.984711  ]]",17
1,2,6,0.9,0.9033756852149963,"[[-0.9826636  -0.10721073 -0.14961253 -0.01762986  0.00127425 -0.01347773]
 [ 0.1392035  -0.9591597  -0.23657961  0.06028929 -0.01883063  0.02599624]
 [-0.11929482 -0.2515369   0.95732176  0.03694976  0.06174839  0.02923797]
 [-0.02054847  0.06452351 -0.02599599  0.9961461   0.04218196 -0.02554086]
 [ 0.01183037 -0.00440559 -0.06299748 -0.04275955  0.99677503  0.02198186]
 [-0.01418005  0.03263537 -0.02316858  0.02353066 -0.02216388  0.9985751 ]]",17
2,3,6,0.9,0.9293056726455688,"[[-0.94790184 -0.29646143  0.07951938 -0.04101992 -0.01132357 -0.07388096]
 [-0.28450885  0.9495854   0.05141309 -0.10368984 -0.04866024 -0.03974375]
 [ 0.08573207 -0.02439236  0.99213636 -0.017648    0.05357901  0.06736647]
 [-0.06789601  0.08294374  0.02810154  0.98923755 -0.08965819  0.03303334]
 [-0.04623178  0.05344542 -0.05494693  0.07901415  0.9849812   0.12472325]
 [-0.08024633  0.00819107 -0.05375759 -0.04919464 -0.1280888   0.98578733]]",17
3,4,6,0.9,0.8366050720214844,"[[ 9.90361094e-01  1.18985206e-01 -5.96137308e-02  2.52706781e-02
  -6.33679610e-03 -2.81934496e-02]
 [-1.12676650e-01  9.87804711e-01  8.66758451e-02 -5.46336696e-02
  -2.87054777e-02 -1.49752507e-02]
 [ 6.80035800e-02 -7.65320137e-02  9.92673039e-01  2.80027818e-02
   5.40873595e-02 -2.02209987e-02]
 [-3.33241336e-02  5.46635166e-02 -2.41785292e-02  9.96627748e-01
   4.49332297e-02 -5.55719947e-03]
 [-6.91992173e-04  2.98766010e-02 -5.16703986e-02 -4.81087193e-02
   9.95492458e-01 -5.58330640e-02]
 [ 2.74484493e-02  1.86141543e-02  1.67091079e-02  3.32051469e-03
   5.64455949e-02  9.97709215e-01]]",17
4,5,6,0.9,0.8518921732902527,"[[ 0.8698136   0.48183239  0.09559271  0.03261526 -0.02858774 -0.0155836 ]
 [-0.484537    0.87456167  0.0074639  -0.01114314  0.00269576  0.01336297]
 [-0.07606634 -0.0508614   0.9833193  -0.12799957  0.01902726 -0.08924245]
 [-0.04354469 -0.01443514  0.13560264  0.9804526  -0.06163796  0.1200865 ]
 [ 0.02478844  0.01160357 -0.00848809  0.0654564   0.99744076 -0.00248799]
 [ 0.01874723 -0.00703539  0.07368395 -0.12983158  0.01122887  0.98852795]]",17
5,6,6,0.9,0.8626831769943237,"[[ 0.99985266 -0.00138715 -0.00881721 -0.00676971  0.00778439 -0.01041326]
 [ 0.00360109  0.9608367   0.27465138  0.02463224  0.00558489 -0.02662096]
 [ 0.00677842 -0.27333355  0.95486784 -0.03101256  0.11027333 -0.01866008]
 [ 0.00892896 -0.0351776   0.04373499  0.98029226 -0.18202189  0.05162723]
 [-0.00609655  0.02079808 -0.09843288  0.18027811  0.9727672   0.10519109]
 [ 0.01089584  0.02024322  0.03338348 -0.07009085 -0.09132443  0.99252415]]",17
6,7,6,0.9,0.8712273836135864,"[[ 0.9919707  -0.00865476  0.11194827 -0.01068078 -0.0570526   0.00420876]
 [-0.02482507  0.9549895   0.29332632  0.02473379 -0.00359821  0.02671532]
 [-0.10525977 -0.29253092  0.9450369  -0.04808794  0.08040922  0.03838294]
 [ 0.01106757 -0.03582171  0.03378123  0.9956055   0.07840525  0.00869219]
 [ 0.06459614  0.02973838 -0.07099435 -0.075174    0.991886   -0.02033969]
 [-0.00174845  0.01335001  0.04638091  0.00896511 -0.01676566 -0.9986521 ]]",17
7,8,6,0.9,0.8810507655143738,"[[ 9.98638451e-01 -4.45622876e-02 -2.23066807e-02  1.18829133e-02
  -9.82642081e-03 -2.66294315e-04]
 [ 3.92928757e-02  9.77232039e-01 -1.87928885e-01  6.22618198e-02
   6.29853308e-02  1.76871065e-02]
 [-3.00130341e-02 -1.87622517e-01 -9.80959713e-01 -7.27883168e-03
   1.96696147e-02 -3.42788361e-02]
 [-1.45318415e-02 -5.85620776e-02  6.74518663e-03  9.94424224e-01
  -2.17792690e-02 -8.34251419e-02]
 [ 7.65788509e-03 -5.94205745e-02  3.14419270e-02  1.71942804e-02
   9.97481525e-01 -1.25310542e-02]
 [-2.58534099e-03 -2.94850469e-02 -2.94786133e-02  8.21822584e-02
   1.02845021e-02  9.95688379e-01]]",17
8,9,7,0.9,0.9626442790031433,"[[ 0.9583224  -0.2722545  -0.06304464 -0.0398141  -0.04237132 -0.006049
  -0.01019685]
 [ 0.25316614  0.9442328  -0.20832226 -0.01333584 -0.01197443 -0.01729902
  -0.01767886]
 [ 0.11170533  0.1834558   0.97372556 -0.04553257 -0.05889637 -0.01049095
   0.00849943]
 [ 0.01774813  0.00321154  0.011144    0.8878099  -0.45732567 -0.03317209
  -0.03311983]
 [ 0.06593086  0.0135898   0.0641207   0.4530264   0.88571906 -0.03885594
   0.010766  ]
 [ 0.01440061  0.01716027  0.00922218  0.04595184  0.01841613  0.9984297
  -0.01003056]
 [ 0.01333258  0.012501   -0.01284217  0.02475535 -0.02466282  0.00906433
   0.9990985 ]]",17
9,10,7,0.9,1.0436137914657593,"[[ 9.8241508e-01 -1.4764313e-01 -9.7378939e-02 -1.0857650e-03
  -5.6552496e-02 -1.3419974e-02 -1.4141732e-02]
 [ 1.3584706e-01  9.8168772e-01 -1.2140071e-01 -2.6520567e-02
   2.1377273e-02 -2.3084544e-02 -3.7460838e-02]
 [ 1.0959680e-01  1.0727253e-01  9.8210347e-01 -6.0676049e-02
  -7.6480128e-02  4.8969738e-02 -5.0112549e-03]
 [-2.2095021e-02 -3.0416667e-02 -5.9414022e-02 -9.7613448e-01
  -1.5179430e-01 -1.3838775e-01  5.0455397e-03]
 [ 5.9356060e-02 -2.4917705e-02  6.3021131e-02 -1.5728079e-01
   9.8299056e-01  1.2011195e-03  2.9584397e-02]
 [ 8.6534945e-03  1.2875149e-02 -6.1239831e-02 -1.3359076e-01
  -2.0102445e-02  9.8794335e-01  4.1548505e-02]
 [ 1.7564572e-02  3.5656132e-02 -2.3579621e-05  1.3845249e-02
  -2.7921755e-02 -4.1281924e-02  9.9787003e-01]]",17
10,11,7,0.9,1.4841442108154297,"[[-9.7899085e-01  1.8461905e-01 -6.7724891e-02 -9.7394316e-03
   2.5683580e-02  3.8959175e-02  2.5172455e-02]
 [-1.3723935e-01 -8.9782441e-01 -4.0267852e-01 -3.0200003e-02
  -3.4795769e-02  7.4550204e-02  7.2430059e-02]
 [-1.1896272e-01 -3.5134858e-01  8.9426100e-01 -8.9916296e-02
  -7.4941956e-02  1.5488632e-01  1.5813977e-01]
 [-5.8973365e-04 -8.8430746e-03 -5.8197621e-03 -9.0828574e-01
   2.4594951e-01 -3.3265877e-01 -6.1250880e-02]
 [-3.4850735e-02  1.5926974e-02 -1.3499577e-02 -1.2926021e-01
  -9.3183059e-01 -3.1359604e-01 -1.2243563e-01]
 [ 8.5752457e-03  3.0276772e-02 -2.8716484e-02  1.4346974e-01
   4.3349382e-02 -5.1517612e-01  8.4280246e-01]
 [-8.5449502e-02 -1.8743716e-01  1.8033230e-01  3.5865512e-01
   2.4866578e-01 -7.0322388e-01 -4.8995301e-01]]",17
0,1,6,0.9,0.8340469598770142,"[[ 9.86444116e-01 -7.94886947e-02  1.40603632e-01  1.83185810e-04
   2.30887216e-02 -1.75242443e-02]
 [ 9.37447026e-02  9.89668071e-01 -9.31574553e-02 -4.93608713e-02
  -2.43606102e-02  7.80408224e-03]
 [-1.33734703e-01  1.04383752e-01  9.81027305e-01 -4.95849065e-02
   5.71867377e-02 -5.54581806e-02]
 [-1.59410550e-03  5.34667335e-02  4.72696722e-02  9.96844232e-01
  -2.80973818e-02  2.04094872e-02]
 [-1.43118575e-02  2.19888669e-02 -6.92955852e-02  3.31863835e-02
   9.82744098e-01 -1.66200042e-01]
 [ 6.90181600e-03 -7.76518253e-04  4.58426885e-02 -1.74681339e-02
   1.70375124e-01  9.84132826e-01]]",18
1,2,6,0.9,0.8981538414955139,"[[-0.9827845  -0.09078173 -0.15970172 -0.01254623 -0.00575475 -0.01408167]
 [-0.12281474  0.96901333  0.20958094 -0.03781792  0.00873339 -0.02233743]
 [-0.13679634 -0.22404587  0.9619087   0.03241445  0.06322884  0.02781074]
 [-0.01240155  0.04322035 -0.02886808  0.9971898   0.05232278  0.00444626]
 [ 0.00460571  0.00319025 -0.06250976 -0.05421396  0.9965231   0.00797583]
 [-0.01276965  0.02640072 -0.02371024 -0.00592887 -0.00983276  0.9992226 ]]",18
2,3,6,0.9,0.9142879247665405,"[[-0.9527911  -0.28041136  0.07597524 -0.06537253 -0.01695306 -0.05679268]
 [-0.2688106   0.9560325   0.05635061 -0.07935666 -0.05994631 -0.02600297]
 [ 0.08719264 -0.03259337  0.9900587  -0.05373287  0.06247137  0.06579493]
 [-0.0834611   0.0598264   0.05771647  0.9909024   0.06078241  0.02327361]
 [-0.03652014  0.051748   -0.06446009 -0.06448115  0.9926164   0.04886876]
 [-0.06346629  0.00719791 -0.05787778 -0.02227627 -0.0568727   0.99440414]]",18
3,4,6,0.9,0.8293095231056213,"[[ 0.972718    0.22332747 -0.03253295  0.0205938  -0.03691451 -0.03315786]
 [-0.22291026  0.97343993  0.03644461 -0.02763129 -0.02303401 -0.01017347]
 [ 0.0415566  -0.02794042  0.99658066 -0.036906    0.04875709 -0.02408484]
 [-0.02246928  0.02336851  0.03604012  0.99695575  0.05875276  0.01665753]
 [ 0.02775005  0.02947019 -0.05281733 -0.05542738  0.9933453  -0.07592566]
 [ 0.03359928  0.01855642  0.01875757 -0.02138616  0.07444957  0.9960797 ]]",18
4,5,6,0.9,0.8200674057006836,"[[ 0.9019729   0.41094103  0.11810247  0.05454619 -0.02107221 -0.01431239]
 [-0.42095405  0.9050998   0.05201519  0.02741076 -0.00959273  0.00656063]
 [-0.0818742  -0.09052279  0.9787308  -0.12913333 -0.06462443 -0.07960165]
 [-0.0467545  -0.0588246   0.13193838  0.9819994   0.07811533  0.08075399]
 [ 0.01407573  0.01602956  0.05982049 -0.08873855  0.9932055   0.04043198]
 [ 0.0124524  -0.00318356  0.06667769 -0.08602723 -0.05223465  0.9926025 ]]",18
5,6,6,0.9,0.8497637510299683,"[[ 9.9803996e-01  4.3402866e-02 -3.9755385e-02  6.3769538e-03
   1.9547001e-02  5.3968234e-03]
 [-3.6175434e-02  9.8598641e-01  1.6108222e-01 -1.8907237e-03
  -7.7885711e-03 -2.2592748e-02]
 [ 4.5362014e-02 -1.5878960e-01  9.8271823e-01 -5.9675813e-02
   5.7589442e-02 -1.0741611e-02]
 [-2.4249357e-04 -9.6745966e-03  6.7901753e-02  9.8432851e-01
  -1.5872318e-01  3.4642171e-02]
 [-2.3318626e-02  1.7306069e-02 -4.2356335e-02  1.5556207e-01
   9.7636080e-01  1.4100550e-01]
 [-2.4465837e-03  1.8432572e-02  1.8229220e-02 -5.7379607e-02
  -1.3329333e-01  9.8907149e-01]]",18
6,7,6,0.9,0.8679406642913818,"[[ 9.90049779e-01  9.14605558e-02  8.80158320e-02  2.38614008e-02
  -5.46969920e-02 -1.13392333e-02]
 [-1.10342637e-01  9.71656024e-01  2.04147503e-01  1.27541199e-02
  -3.25662866e-02 -2.84531452e-02]
 [-6.23579361e-02 -2.08516046e-01  9.69813228e-01 -1.00586116e-01
   4.22117971e-02 -1.39806820e-02]
 [-1.88774709e-02 -2.72452794e-02  8.66308659e-02  9.79298592e-01
   1.79900199e-01 -2.57160026e-03]
 [ 5.75939938e-02  5.09741567e-02 -4.62293476e-02 -1.73562840e-01
   9.80618894e-01 -1.44849131e-02]
 [ 8.00608937e-03  2.64547374e-02  1.99319236e-02 -7.68996833e-04
   1.37194125e-02  9.99324739e-01]]",18
7,8,6,0.9,0.8660396337509155,"[[ 9.8906010e-01 -1.3876554e-01 -4.9913287e-02  1.5363686e-03
   3.2309440e-03  2.6185773e-04]
 [ 1.1504069e-01  9.3690538e-01 -3.1935352e-01  3.9545722e-02
   7.1701050e-02 -1.6804675e-02]
 [-9.0865053e-02 -3.0813587e-01 -9.4516492e-01 -3.1665813e-02
  -8.6777909e-03  4.8795622e-02]
 [-9.6512586e-03 -5.1005542e-02 -1.1444693e-02  9.8766327e-01
   1.0937980e-01  9.8649174e-02]
 [-1.0808839e-02 -6.2006030e-02  1.8893821e-02 -1.1801742e-01
   9.8938119e-01  5.3649142e-02]
 [ 7.6990160e-03  3.9477285e-02  4.1197561e-02 -8.9578047e-02
  -6.2723026e-02  9.9233389e-01]]",18
8,9,6,0.9,0.8697944283485413,"[[ 0.9515891  -0.29998705 -0.03748807 -0.02843781  0.04725788 -0.00620673]
 [ 0.29187107  0.94873685 -0.10498207 -0.03673286  0.03564182 -0.03269161]
 [ 0.06928291  0.08996784  0.99284124 -0.00143247 -0.03692161  0.00255794]
 [-0.01319133 -0.01851455 -0.0140439  -0.90837723 -0.41518196 -0.04196159]
 [ 0.06211681  0.02287262 -0.03901624  0.41554087 -0.90024984 -0.10474769]
 [-0.02137233 -0.03075624  0.01095662 -0.0040645   0.11093857 -0.99305254]]",18
9,10,7,0.9,1.012021780014038,"[[ 9.7108996e-01 -2.1280178e-01 -7.1197264e-02 -7.1900778e-02
  -2.3301097e-02  2.2568682e-02 -2.0216092e-02]
 [ 1.9488423e-01  9.5980400e-01 -1.9889270e-01 -4.2632825e-04
   7.2809104e-03  3.2081217e-02 -1.2478518e-02]
 [ 1.1156757e-01  1.8024707e-01  9.7233921e-01  3.3658508e-02
  -8.8294350e-02 -2.4939314e-02 -8.3227213e-03]
 [ 7.4506573e-02 -1.6496425e-02  3.5288054e-03  8.9458066e-01
   4.3781006e-01 -6.5474715e-03  4.6574064e-02]
 [ 2.4460128e-03  1.5818054e-02  8.8413291e-02 -4.3426672e-01
   8.8438869e-01 -1.4557078e-01  2.2740138e-03]
 [ 2.5226751e-02  1.9726982e-02 -4.5582201e-02  5.4675478e-02
  -1.3169704e-01 -9.8802972e-01  1.8986825e-02]
 [ 1.9067660e-02  9.5479740e-03  4.6787998e-03 -4.2961691e-02
  -2.1049609e-02  2.0076340e-02  9.9841452e-01]]",18
10,11,7,0.9,1.445848822593689,"[[-0.97589463  0.16807589 -0.03945005 -0.06054717 -0.08665931 -0.04999186
  -0.06441238]
 [-0.15832467 -0.8722186  -0.40018642  0.0665468   0.01862754  0.12404216
   0.18400256]
 [-0.10112949 -0.37866396  0.90739775  0.06225316 -0.11168697 -0.001953
   0.08162449]
 [-0.04597498  0.06167734 -0.02624748  0.98133737  0.09746226 -0.1073321
  -0.09670176]
 [-0.07168132 -0.05898453  0.08527472 -0.12382073  0.9188197  -0.3513856
   0.0328291 ]
 [-0.04196876 -0.00930092  0.07585579  0.00875039  0.31598303  0.8055934
  -0.49345264]
 [ 0.05764194 -0.24541602 -0.03477245 -0.09797453 -0.16154061 -0.4451267
  -0.8375005 ]]",18
0,1,6,0.9,0.8351722955703735,"[[ 0.98674214 -0.05358216  0.15065423  0.00376601  0.02211542 -0.01639761]
 [ 0.07152259  0.9901294  -0.1103417  -0.0392638  -0.02684563  0.00952232]
 [-0.14474006  0.11919613  0.97729796 -0.05761153  0.0585953  -0.05457736]
 [-0.00873913  0.04537319  0.05484737  0.9967837  -0.02358811  0.02688044]
 [-0.01287133  0.02247044 -0.07130769  0.03065936  0.9816772  -0.17208911]
 [ 0.00571658 -0.00117422  0.04385862 -0.02464499  0.17638154  0.98301804]]",19
1,2,6,0.9,0.898822009563446,"[[-9.83888090e-01 -1.00456156e-01 -1.46918669e-01 -1.14936186e-02
  -4.48039221e-03 -1.16455788e-02]
 [-1.25999570e-01  9.73660231e-01  1.83057010e-01 -4.35554944e-02
   1.07010677e-02 -2.42583118e-02]
 [-1.25443235e-01 -1.97496206e-01  9.68735695e-01  1.78538579e-02
   7.26469606e-02  3.48443091e-02]
 [-1.40887024e-02  4.51088659e-02 -1.70072373e-02  9.95595515e-01
   7.91174769e-02  2.70114746e-03]
 [ 7.38419173e-03 -5.98559738e-04 -7.15169981e-02 -8.00265819e-02
   9.93997276e-01 -1.98881775e-02]
 [-9.97022912e-03  2.92315613e-02 -3.24395970e-02 -6.10052934e-03
   1.72513500e-02  9.98828769e-01]]",19
2,3,6,0.9,0.9191320538520813,"[[-0.85277694 -0.5069858   0.08837409 -0.05844324 -0.01884801 -0.06446673]
 [-0.49369135  0.8596459   0.08011468 -0.07153445 -0.06686412 -0.03565478]
 [ 0.11340867 -0.02375513  0.98672664 -0.0588999   0.06290546  0.07428567]
 [-0.0856561   0.03464587  0.06275493  0.99018013  0.08009125  0.02555657]
 [-0.05712837  0.04672321 -0.06669217 -0.08443448  0.98783845  0.08456667]
 [-0.07468612 -0.00515376 -0.06128719 -0.02029924 -0.09474964  0.9905805 ]]",19
3,4,6,0.9,0.8357451558113098,"[[ 0.98021513  0.18993145 -0.01871124  0.03190242 -0.03162464 -0.02713708]
 [-0.19036055  0.9801902   0.03758976 -0.01341398 -0.02919327 -0.02334126]
 [ 0.02708987 -0.03288894  0.9966923  -0.03547351  0.04739303 -0.03583982]
 [-0.03156462  0.00771995  0.03568505  0.99797744  0.03571161  0.02089238]
 [ 0.02269903  0.0329803  -0.05159505 -0.03096526  0.9917524  -0.10584585]
 [ 0.02637788  0.03040056  0.03009877 -0.02502477  0.10513516  0.9928718 ]]",19
4,5,6,0.9,0.823004961013794,"[[ 0.938799    0.32212555  0.10608234  0.05744258 -0.01454788 -0.01125935]
 [-0.33223343  0.9401041   0.0676214   0.03214888 -0.01100558  0.00989124]
 [-0.07431816 -0.09283452  0.9812087  -0.10873676 -0.05621191 -0.09002631]
 [-0.04997207 -0.05956935  0.11352584  0.9817362   0.0794545   0.10462911]
 [ 0.0106183   0.01410776  0.05349512 -0.09036441  0.9931167   0.0487852 ]
 [ 0.01200717 -0.00857839  0.07519093 -0.10895638 -0.06255922  0.98911244]]",19
5,6,6,0.9,0.8507466912269592,"[[ 9.9864274e-01  1.9168068e-02 -4.1090462e-02  7.3504756e-04
   1.8588003e-02  1.7631875e-02]
 [-1.0392171e-02  9.8081648e-01  1.9330148e-01  6.4482572e-03
  -5.9557189e-03 -2.1182241e-02]
 [ 4.3129407e-02 -1.9167891e-01  9.7678459e-01 -5.9510864e-02
   5.8695819e-02 -1.7441388e-02]
 [ 4.8686331e-03 -1.9802384e-02  6.6001780e-02  9.8422897e-01
  -1.6047439e-01  2.7733635e-02]
 [-2.2993378e-02  1.6219515e-02 -4.1994758e-02  1.5778019e-01
   9.7420865e-01  1.5319189e-01]
 [-1.3865009e-02  1.5354793e-02  2.6799535e-02 -5.3056665e-02
  -1.4608026e-01  9.8726863e-01]]",19
6,7,6,0.9,0.8645857572555542,"[[ 0.99282074  0.02763996  0.09831611  0.02925229 -0.05494182 -0.00163031]
 [-0.05603352  0.9596016   0.27176148  0.024808   -0.02950411 -0.02616694]
 [-0.08195188 -0.27150846  0.9517103  -0.10926499  0.02834915 -0.03274465]
 [-0.02761148 -0.04815757  0.09118685  0.98080915  0.16259937 -0.01334911]
 [ 0.06069698  0.04584669 -0.02942387 -0.15663669  0.9842038  -0.01248318]
 [-0.00214426  0.01621085  0.03932602  0.00826527  0.01453844  0.9989526 ]]",19
7,8,6,0.9,0.8623401522636414,"[[ 0.9918498  -0.11210932 -0.06021197  0.00543944 -0.00296172 -0.00130042]
 [ 0.09446953  0.96281517 -0.2361488   0.04196396  0.07836258 -0.01986334]
 [-0.08444469 -0.22718298 -0.969031   -0.00677364 -0.01199581  0.04523608]
 [-0.00982227 -0.0468548   0.00779733  0.98941976  0.10375676  0.08905309]
 [-0.00397481 -0.07196596  0.00845053 -0.11245319  0.98932296  0.05769096]
 [ 0.00814624  0.03784028  0.03814648 -0.08103337 -0.06466404  0.9931257 ]]",19
8,9,6,0.9,0.8708332180976868,"[[ 9.5810032e-01 -2.7791232e-01 -2.9430697e-02 -5.1247437e-02
  -3.2014500e-02  1.7059108e-02]
 [ 2.7107292e-01  9.5499223e-01 -1.1326148e-01 -2.6805684e-02
  -1.6760197e-02  2.6107989e-02]
 [ 6.2079255e-02  1.0120914e-01  9.9192274e-01  1.5951490e-02
   4.1684501e-02 -3.4789115e-04]
 [-1.6194839e-02 -5.7853777e-03 -1.7461391e-02 -6.9233984e-01
   7.1907115e-01  5.4787051e-02]
 [ 6.0646556e-02  7.3907925e-03 -4.4908818e-02  7.1877676e-01
   6.8602633e-01  8.3537169e-02]
 [-2.7731152e-02 -2.0570204e-02  8.5594151e-03 -2.0647060e-02
  -9.6234754e-02  9.9450850e-01]]",19
9,10,7,0.9,1.0285102128982544,"[[ 0.97494245 -0.2015758  -0.03683735 -0.07757167  0.02522297  0.02289344
  -0.01788286]
 [ 0.1885125   0.9526285  -0.23632595  0.01583502 -0.00337146  0.02200519
  -0.01912257]
 [ 0.08415452  0.2233211   0.9665758   0.03765565  0.08065552 -0.02849563
  -0.00645426]
 [ 0.07461428 -0.03611641 -0.01855581  0.97535276 -0.19711646  0.02936135
   0.04187988]
 [-0.02011861 -0.01861072 -0.07811212  0.19124292  0.96790373  0.14003192
  -0.011259  ]
 [-0.02385477 -0.00652832  0.04557205 -0.05319915 -0.12956282  0.9887599
  -0.00698598]
 [ 0.01808882  0.01733374  0.00127834 -0.03996051  0.01918034  0.00791122
   0.9986708 ]]",19
10,11,7,0.9,1.3778272867202759,"[[ 0.9814831   0.16595313  0.02333561 -0.04600346 -0.07318568 -0.01492812
  -0.0301755 ]
 [ 0.16310084 -0.8345605  -0.49375576  0.07212293  0.01587198  0.08537547
   0.14272194]
 [ 0.06344883 -0.468316    0.86642     0.08542357 -0.04740841  0.05428385
   0.11610103]
 [ 0.02135897  0.07659716 -0.03815329  0.9763717  -0.09247454 -0.13391489
  -0.11151107]
 [-0.06705389  0.04951544 -0.04887812 -0.02440886 -0.8963606   0.42876256
   0.05260545]
 [ 0.02591954  0.00114547  0.02533452  0.08573768  0.34526598  0.7938434
  -0.4918721 ]
 [-0.02095156 -0.21983682  0.02215152 -0.15535928 -0.24682344 -0.39696795
  -0.84148693]]",19
0,1,6,0.9,0.8313629627227783,"[[ 9.8737484e-01 -3.7100378e-02  1.5066543e-01  5.8022677e-03
   2.3394518e-02 -2.0822521e-02]
 [ 5.7063308e-02  9.8933977e-01 -1.2312670e-01 -4.3940362e-02
  -2.8095556e-02  8.3973929e-03]
 [-1.4624597e-01  1.2951116e-01  9.7589433e-01 -5.5809814e-02
   5.7486851e-02 -5.5223454e-02]
 [-1.0526052e-02  5.0110254e-02  5.2472819e-02  9.9625057e-01
  -3.6583200e-02  2.7769670e-02]
 [-1.5489020e-02  2.3365647e-02 -7.0452765e-02  4.3182071e-02
   9.8135173e-01 -1.7127362e-01]
 [ 9.8101944e-03  6.9380581e-04  4.5308646e-02 -2.3256570e-02
   1.7598030e-01  9.8302621e-01]]",20
1,2,6,0.9,0.8897756338119507,"[[ 0.9860966  -0.07625954 -0.14673477 -0.01348237 -0.00360055 -0.00849114]
 [ 0.10098072  0.9775219   0.17643534 -0.04707368  0.00709939 -0.02929307]
 [ 0.13082482 -0.18672103  0.9698283   0.0290157   0.07439595  0.03281142]
 [ 0.01373766  0.05054992 -0.02643162  0.9962081   0.06337363 -0.01050835]
 [-0.00773865  0.00382095 -0.07287393 -0.06524251  0.99513596  0.00792534]
 [ 0.00725213  0.03465236 -0.02762933  0.00854942 -0.00949483  0.9989094 ]]",20
2,3,6,0.9,0.9033207297325134,"[[ 0.92283666  0.36546305 -0.08307602  0.05451479  0.01224324  0.06918034]
 [-0.3527363   0.9273182   0.06563935 -0.08604197 -0.05005297 -0.03796069]
 [ 0.09729173 -0.03082716  0.9891219  -0.04404777  0.05740589  0.07737111]
 [-0.0790599   0.05911159  0.05230864  0.993462   -0.00439066  0.02308742]
 [-0.04490506  0.04515103 -0.06056281 -0.0013395   0.98962206  0.11368122]
 [-0.07884827  0.00588236 -0.06343273 -0.02675945 -0.12115376  0.98708177]]",20
3,4,6,0.9,0.8115000128746033,"[[ 9.9604809e-01  6.8815328e-02 -4.4044368e-02  2.3629803e-02
  -1.4146366e-02 -2.1310451e-02]
 [-6.6812217e-02  9.9558067e-01  4.9972348e-02 -2.3449291e-02
  -3.2694444e-02 -1.5464924e-02]
 [ 4.7168460e-02 -4.5720905e-02  9.9615103e-01  1.4012076e-03
   4.8206188e-02 -3.2280754e-02]
 [-2.3964372e-02  2.3951698e-02 -3.2350517e-04  9.9778777e-01
   4.6318967e-02  3.3557266e-02]
 [ 9.2867222e-03  3.3695277e-02 -4.9107768e-02 -4.4586416e-02
   9.9502581e-01 -6.5594211e-02]
 [ 2.3212286e-02  1.6854120e-02  2.8884020e-02 -3.6351901e-02
   6.4694785e-02  9.9641156e-01]]",20
4,5,7,0.9,0.8933892250061035,"[[ 9.43752170e-01  3.09239209e-01  9.95289013e-02  5.09488024e-02
  -1.80652533e-02 -4.71140398e-03 -2.92001236e-02]
 [-3.13911408e-01  9.48613286e-01  3.41986865e-02  6.21915446e-04
  -2.90440698e-03  8.28782003e-03  1.85847580e-02]
 [-8.08042064e-02 -5.99593669e-02  9.81705368e-01 -1.11254312e-01
  -1.81754734e-02 -9.36499014e-02 -6.82046562e-02]
 [-5.67243956e-02 -2.41420250e-02  1.15264885e-01  9.85145450e-01
   3.08395326e-02  1.06161229e-01 -1.34437028e-02]
 [ 1.72265861e-02  7.38866953e-03  2.04350408e-02 -3.50813195e-02
   9.98407006e-01  2.69210413e-02  2.14281101e-02]
 [ 6.39557373e-03 -1.03937201e-02  8.35428461e-02 -1.14540733e-01
  -3.33339460e-02  9.88341212e-01  4.26928774e-02]
 [ 2.65864041e-02 -1.27818137e-02  6.70518354e-02  1.28273005e-02
  -2.13583913e-02 -4.82245944e-02  9.95835066e-01]]",20
5,6,7,0.9,0.9080119729042053,"[[ 9.99633491e-01  1.79652330e-02  7.95842498e-04 -9.54357814e-03
  -3.40770581e-04 -1.17182387e-02  1.34506654e-02]
 [-1.74722429e-02  9.68815386e-01  2.44497150e-01  1.57549996e-02
   5.80724620e-04 -2.52060182e-02 -2.07076035e-02]
 [ 3.06557212e-03 -2.43263245e-01  9.63802516e-01 -5.77775091e-02
   8.78887177e-02 -2.24221367e-02 -1.82456803e-02]
 [ 1.04078678e-02 -3.22982408e-02  6.79668784e-02  9.78748262e-01
  -1.87020406e-01  3.19435894e-02 -1.68439280e-02]
 [ 2.22317060e-03  1.85936838e-02 -6.78247213e-02  1.87525913e-01
   9.67960775e-01  1.27133578e-01  8.22937936e-02]
 [ 1.10684317e-02  1.77679621e-02  3.40206251e-02 -5.66293001e-02
  -1.14698231e-01  9.90572333e-01 -2.84311641e-02]
 [-1.35041615e-02  1.38739375e-02  3.04655563e-02 -1.16096798e-03
  -8.48224610e-02  1.75428260e-02  9.95586753e-01]]",20
6,7,7,0.9,0.9329078197479248,"[[ 9.87712324e-01  4.74541821e-02  1.34224117e-01  1.42406309e-02
  -5.65614551e-02  6.49633352e-03 -2.66848821e-02]
 [-8.00275728e-02  9.66540396e-01  2.39673868e-01  1.19025102e-02
   4.03034827e-03  2.56205369e-02 -3.37225609e-02]
 [-1.14104338e-01 -2.47420967e-01  9.53044176e-01 -9.95340645e-02
   6.33706227e-02  3.41689587e-02 -4.87804413e-02]
 [-1.91617087e-02 -3.63089442e-02  8.32884088e-02  9.90488529e-01
   9.55472440e-02  2.59729251e-02 -2.24980060e-02]
 [ 6.53041676e-02  1.74726695e-02 -6.39551431e-02 -8.88342187e-02
   9.91430104e-01 -1.38823886e-03 -2.26426721e-02]
 [-5.04882308e-04  1.52374795e-02  4.06969190e-02  2.25440059e-02
   2.48185685e-03 -9.98528183e-01 -2.32024100e-02]
 [ 1.91836506e-02  2.17866469e-02  5.96969947e-02  1.67703331e-02
   2.64502969e-02 -1.99691188e-02  9.97102797e-01]]",20
7,8,7,0.9,0.945182204246521,"[[ 9.96193588e-01 -7.11674765e-02 -4.83263582e-02  9.12018400e-03
  -3.59189487e-03  3.32711940e-03  9.54116881e-03]
 [ 5.82966246e-02  9.69496250e-01 -2.21846446e-01  5.36663420e-02
   6.57711178e-02  1.26089631e-02 -9.88317467e-03]
 [-6.24328405e-02 -2.18345806e-01 -9.72777545e-01 -1.24484180e-02
   1.00443093e-02 -4.28025573e-02 -6.57370687e-03]
 [-1.22467643e-02 -5.15770316e-02  3.38978041e-03  9.94615495e-01
  -1.46724852e-02 -8.64834934e-02 -1.49586555e-02]
 [ 6.50089874e-04 -6.11635149e-02  2.64560375e-02  6.36755768e-03
   9.96058524e-01 -5.81770279e-02 -9.15384153e-04]
 [-7.66888075e-03 -2.96436809e-02 -3.69779095e-02  8.54945108e-02
   5.66323698e-02  9.93462324e-01 -1.45310573e-02]
 [-9.63635929e-03  7.56962737e-03 -8.59145727e-03  1.64933000e-02
   2.26629688e-03  1.29049625e-02  9.99666035e-01]]",20
8,9,7,0.9,0.9448555707931519,"[[ 9.7561365e-01 -2.0557849e-01 -3.8031939e-02 -3.2926176e-02
  -5.3005461e-02 -1.2507752e-02 -2.0467332e-02]
 [ 1.9366832e-01  9.6344364e-01 -1.8095802e-01 -2.4844816e-02
  -1.5861779e-02 -1.9971348e-02 -1.5979493e-02]
 [ 7.4040785e-02  1.6999748e-01  9.8184901e-01  2.8964162e-02
  -2.2813359e-02 -6.4669983e-03  1.3787421e-02]
 [-6.2997336e-04  5.3451285e-03 -3.7771259e-02  8.5502738e-01
  -5.1493663e-01 -3.1950407e-02 -3.5942584e-02]
 [ 6.5286845e-02  1.2339167e-02 -2.5571939e-03  5.1196951e-01
   8.5448956e-01 -5.6863550e-02 -8.9524183e-03]
 [ 1.9419080e-02  1.8325966e-02  1.6128921e-03  5.4520063e-02
   3.1510126e-02  9.9685788e-01 -3.9918829e-02]
 [ 2.3424014e-02  9.8969648e-03 -1.8558871e-02  3.6090557e-02
  -1.0644764e-02  3.7722286e-02  9.9808317e-01]]",20
9,10,8,0.9,1.1207585334777832,"[[ 0.9810355  -0.16856265 -0.06233149 -0.01572075  0.06509656  0.01638465
  -0.02154917  0.00728801]
 [ 0.1478238   0.9542325  -0.25563297  0.02020657 -0.01404897  0.01974843
  -0.03312505  0.01212963]
 [ 0.09999695  0.24080928  0.9581745   0.08938375  0.06341536 -0.04276533
  -0.00769843  0.00373414]
 [-0.0275983  -0.0364846  -0.09367784  0.89579743  0.41486242  0.12036511
  -0.00690837  0.00567701]
 [ 0.06352174 -0.0262554   0.02130909  0.4194921  -0.9033893   0.01436766
   0.02604491  0.04302336]
 [ 0.01284806  0.00135963 -0.05843237  0.11210097  0.03357489 -0.9903544
  -0.00480738 -0.04358773]
 [ 0.02554088  0.03071938 -0.00378416 -0.0023313   0.0262876  -0.00160032
   0.9977906  -0.04587488]
 [ 0.01019194  0.00846585  0.00313805  0.01887608 -0.03875865  0.04487856
  -0.04520836 -0.9969445 ]]",20
10,11,8,0.9,1.4558075666427612,"[[ 0.9733657   0.1712522  -0.01717514 -0.07077404 -0.05208123 -0.02788276
   0.01976242 -0.11852218]
 [ 0.15882495 -0.8888146  -0.37295946  0.07893562  0.07378971  0.13301867
   0.12677792 -0.01556077]
 [ 0.06980346 -0.35941467  0.9203303  -0.07967039  0.02327095  0.03046169
   0.1003349  -0.03250861]
 [-0.01266343  0.05100593 -0.06541108 -0.7749993   0.46150276  0.39796883
  -0.00484138  0.14473428]
 [-0.04645372 -0.00767365 -0.02373801 -0.24919926 -0.8387118   0.47256622
   0.08590642  0.0313557 ]
 [ 0.0342682  -0.04482809  0.06699681  0.23020583  0.08134606  0.4374696
  -0.83538955 -0.2084715 ]
 [ 0.08981235 -0.15731128  0.0079414  -0.19335799 -0.19107267 -0.40077835
  -0.45060244  0.72771007]
 [-0.10441503 -0.1486119  -0.06484308 -0.4788596  -0.17819333 -0.49689004
  -0.2552414  -0.6242596 ]]",20
0,1,6,0.9,0.8298571705818176,"[[ 9.8589271e-01 -4.9765889e-02  1.5634920e-01  9.9474727e-04
   2.4122985e-02 -2.2599325e-02]
 [ 6.0900595e-02  9.9486673e-01 -6.3030370e-02 -4.3775450e-02
  -2.5322191e-02  9.6772891e-04]
 [-1.5458232e-01  7.0932761e-02  9.8097152e-01 -5.0424155e-02
   5.8428016e-02 -5.3020690e-02]
 [-5.3628613e-03  4.6459343e-02  4.9996190e-02  9.9691230e-01
  -3.4808733e-02  1.6353242e-02]
 [-1.5733315e-02  2.3414426e-02 -6.9911599e-02  3.9422922e-02
   9.8135734e-01 -1.7233758e-01]
 [ 1.1596404e-02  5.0333496e-03  4.3469872e-02 -1.2324249e-02
   1.7632127e-01  9.8321378e-01]]",21
1,2,6,0.9,0.8767015933990479,"[[ 9.8772281e-01 -4.6677679e-02 -1.4836194e-01 -1.2147409e-02
  -2.4976830e-03 -7.7339513e-03]
 [ 7.3905677e-02  9.7760737e-01  1.8955517e-01 -4.7148161e-02
   4.8554763e-03 -2.5379172e-02]
 [ 1.3697588e-01 -1.9538490e-01  9.6712601e-01  4.2273030e-02
   7.0578381e-02  3.1005042e-02]
 [ 9.3424320e-03  5.4442894e-02 -3.7457187e-02  9.9661607e-01
   4.7925133e-02  2.2895562e-03]
 [-8.0405576e-03  6.3172891e-03 -6.7982607e-02 -5.0729845e-02
   9.9633908e-01 -2.9691937e-03]
 [ 5.2268440e-03  3.0427437e-02 -2.6460774e-02 -5.0378768e-03
   7.6487521e-04  9.9915999e-01]]",21
2,3,6,0.9,0.8977659344673157,"[[ 0.9405494   0.3151154  -0.09407971  0.05696466  0.01877463  0.06017288]
 [-0.30138087  0.9453243   0.07762013 -0.0765663  -0.05272861 -0.02939293]
 [ 0.10960055 -0.04350552  0.98780054 -0.03612806  0.058279    0.07512321]
 [-0.07584991  0.05438403  0.04437266  0.99421936  0.01697971  0.02366124]
 [-0.04828436  0.04679675 -0.06140465 -0.02340535  0.98734057  0.1277455 ]
 [-0.06663065  0.00489439 -0.06028967 -0.02382262 -0.13542902  0.9864041 ]]",21
3,4,6,0.9,0.8144210577011108,"[[ 0.9889163   0.14075746 -0.02081453  0.03217961 -0.01548594 -0.0228759 ]
 [-0.14003167  0.98853046  0.03480795 -0.02350945 -0.0361596  -0.01126189]
 [ 0.02562496 -0.03028449  0.9976147  -0.00788311  0.04749858 -0.0295467 ]
 [-0.03398489  0.02033174  0.00833702  0.9980957   0.03830332  0.02645843]
 [ 0.00848461  0.03750846 -0.04910506 -0.03605611  0.99407417 -0.08140258]
 [ 0.02349649  0.01604434  0.02528634 -0.0292343   0.08090749  0.9955654 ]]",21
4,5,7,0.9,0.8781720995903015,"[[ 0.9246588   0.36054322  0.09802275  0.06490753 -0.01646836 -0.00605856
  -0.02975907]
 [-0.3660479   0.92981744  0.03176024  0.00773989 -0.00745181  0.0098518
   0.01507422]
 [-0.07586531 -0.06072333  0.9826103  -0.11125596 -0.02689671 -0.08669078
  -0.0664641 ]
 [-0.06552493 -0.03834269  0.11254691  0.98485947  0.03125503  0.10128944
  -0.01961785]
 [ 0.01356949  0.0118017   0.03026588 -0.03830551  0.997308    0.04802257
   0.01907437]
 [ 0.01052627 -0.00957334  0.0780292  -0.10711635 -0.05528515  0.9874608
   0.06402944]
 [ 0.02590904 -0.00772729  0.06471779  0.02144204 -0.01712449 -0.06860306
   0.99479705]]",21
5,6,7,0.9,0.9037998914718628,"[[ 0.9965701   0.07514937 -0.02472576 -0.00540625  0.01342607  0.00328333
   0.01921054]
 [-0.06854943  0.9777783   0.1952843   0.01382865  0.01044653 -0.02290839
  -0.01701202]
 [ 0.03776794 -0.1928869   0.9755894  -0.05373175  0.07901277 -0.01301512
  -0.01715152]
 [ 0.01181415 -0.02358374  0.06618892  0.97301066 -0.21829155  0.01924636
  -0.01232781]
 [-0.01540739  0.00231094 -0.06166849  0.2185608   0.9616541   0.13175862
   0.07775989]
 [-0.00231507  0.01981192  0.02395717 -0.04824649 -0.12131847  0.99064296
  -0.02467351]
 [-0.01844818  0.0119469   0.02683674 -0.00679951 -0.07949657  0.01381204
   0.9961124 ]]",21
6,7,7,0.9,0.9341453313827515,"[[ 0.9884718   0.08703991  0.1058846   0.00934326 -0.06046956 -0.00987824
  -0.01716126]
 [-0.10951752  0.9711634   0.20367517  0.0097327  -0.01625053 -0.02659534
  -0.04793689]
 [-0.08077878 -0.21284571  0.9658196  -0.0851642   0.06980362 -0.03123572
  -0.04756942]
 [-0.00831318 -0.02571052  0.07055603  0.98985416  0.1150672  -0.01453634
  -0.03207339]
 [ 0.06509596  0.03829577 -0.0682364  -0.10913761  0.98864233 -0.01063984
  -0.01420543]
 [ 0.00479166  0.01959266  0.0361841   0.01057347  0.01309954  0.9988595
  -0.01673633]
 [ 0.00863672  0.03809207  0.05961341  0.02703648  0.01951993  0.01321172
   0.9968119 ]]",21
7,8,7,0.9,0.9416946172714233,"[[ 9.9368846e-01 -1.0589156e-01 -3.3461403e-02  8.9943660e-03
  -1.1422077e-02 -3.4264478e-04  6.2590484e-03]
 [ 9.7031601e-02  9.7096539e-01 -1.9942573e-01  6.0905624e-02
   6.2608324e-02 -9.7653195e-03 -1.7767787e-02]
 [-5.3196978e-02 -1.9318981e-01 -9.7851354e-01 -3.5735589e-02
   2.6385605e-03  3.2555733e-02  3.8907831e-03]
 [-1.6376413e-02 -6.5388277e-02 -1.9856315e-02  9.9425554e-01
   2.1993756e-02  7.7615857e-02  3.1434046e-03]
 [ 6.0145254e-03 -5.8992319e-02  1.6832367e-02 -2.9575760e-02
   9.9628264e-01  5.2404426e-02  5.5171456e-04]
 [ 3.8712516e-03  2.4558870e-02  3.0712051e-02 -7.4254625e-02
  -5.3624433e-02  9.9460757e-01  2.8374808e-02]
 [-4.3527763e-03  1.8218387e-02 -3.4524113e-04  1.6292173e-04
   2.0776377e-03 -2.8809844e-02  9.9940717e-01]]",21
8,9,8,0.9,1.0382276773452759,"[[ 9.55023348e-01 -2.82449543e-01 -6.49457201e-02 -4.71460931e-02
  -3.81061696e-02  3.09029152e-03 -1.52121233e-02  4.35519312e-03]
 [ 2.68098891e-01  9.50859785e-01 -1.39965355e-01 -3.87786515e-02
  -2.89035272e-02  3.08836214e-02 -1.95055846e-02  2.69225575e-02]
 [ 1.02190994e-01  1.17536344e-01  9.87314403e-01  1.26439203e-02
  -1.42848874e-02 -4.45423415e-03  7.25801196e-03 -2.27142256e-02]
 [-2.39517260e-03 -1.89923123e-03 -1.80646814e-02  6.26281619e-01
  -7.78473496e-01  2.50740629e-02 -1.75666343e-02  2.18514223e-02]
 [ 6.86763898e-02  2.45415047e-02 -8.79667513e-03  7.69559145e-01
   6.24198377e-01  8.98477584e-02 -1.80880502e-02  6.60236180e-02]
 [-1.55012738e-02 -2.87823528e-02  8.75139795e-03 -8.05061311e-02
  -3.51277776e-02  9.93429422e-01  5.19637726e-02 -3.92075069e-02]
 [ 2.14202162e-02  1.59542300e-02 -1.25461677e-02  2.92771645e-02
  -9.64574749e-04 -4.97676097e-02  9.97674763e-01 -2.09606700e-02]
 [-1.37523636e-02 -2.41703708e-02  2.76446622e-02 -6.57664463e-02
  -2.50803661e-02  3.06044184e-02  2.53863446e-02  9.95955348e-01]]",21
9,10,8,0.9,1.4250006675720215,"[[ 9.6789408e-01 -2.0690297e-01 -9.9370658e-02 -6.0090944e-02
   6.0328957e-02  1.4947253e-02 -3.1107215e-02 -4.5343827e-02]
 [ 1.8079887e-01  9.6133417e-01 -1.9251142e-01 -1.0974095e-02
  -1.3347078e-03  4.0571172e-02 -4.2744879e-02 -4.9922656e-02]
 [ 1.3423847e-01  1.6988009e-01  9.6767294e-01  7.7207163e-02
   9.2929669e-02 -3.9934926e-02 -2.2092180e-02 -7.0830993e-03]
 [ 2.5297944e-03 -2.1477589e-02 -1.0487377e-01  8.5789472e-01
   4.7350287e-01  1.5401785e-01 -1.0369813e-02 -6.7204922e-02]
 [ 8.3609186e-02 -7.1123969e-03  3.4129251e-02  4.8101404e-01
  -8.7008792e-01 -8.3201304e-03  2.7419305e-03 -5.7356618e-02]
 [-1.4941294e-02 -2.4848837e-02  6.5589391e-02 -1.2526353e-01
  -7.7850297e-02  9.8555446e-01  4.1136879e-02  9.7975498e-03]
 [ 3.8801122e-02  3.7683517e-02  6.7330925e-03  8.6022597e-03
   1.4979457e-02 -3.7772361e-02  9.9658459e-01 -4.6077359e-02]
 [ 6.1213844e-02  4.0237632e-02 -1.2779047e-02  8.4764048e-02
  -1.3401842e-02  9.0402883e-04  4.1581534e-02  9.9266106e-01]]",21
10,11,9,0.9,1.5270010232925415,"[[-0.95657355  0.19922678 -0.00458066  0.03676543  0.08896227 -0.01275662
   0.02114684 -0.17724104  0.06296488]
 [-0.16977684 -0.79460627 -0.549988   -0.01188688 -0.06488471  0.14765424
   0.0994366   0.01491696  0.03204196]
 [-0.10370546 -0.5121304   0.8299451   0.07026224 -0.01484637  0.12355193
   0.1296995  -0.01421965  0.02668927]
 [-0.01141138  0.08095328 -0.04981421  0.90315425 -0.33997476  0.18245341
  -0.05671908  0.15181495  0.00322005]
 [ 0.06745445  0.04678378 -0.03982055  0.16791973  0.80153745  0.56017536
  -0.02857198  0.07937359 -0.01015924]
 [-0.01946875 -0.01264625  0.04705037 -0.2125525  -0.29060248  0.4794091
  -0.76547515 -0.22763138 -0.00418831]
 [-0.09945574 -0.14408801  0.04127436  0.04901532  0.22487253 -0.41329706
  -0.52694046  0.58733904  0.34817472]
 [-0.17398393  0.0685629   0.02632448 -0.21310407 -0.16043462  0.20950915
   0.06531583  0.6538056  -0.64618975]
 [-0.01292174  0.17963217 -0.00244016 -0.23809902 -0.2623995   0.41369438
   0.31768712  0.33847895  0.67481744]]",21
0,1,6,0.9,0.8294390439987183,"[[ 9.87923980e-01 -4.86373492e-02  1.42309189e-01 -1.08689477e-04
   2.71406453e-02 -2.55379193e-02]
 [ 6.01576939e-02  9.94630635e-01 -7.14455023e-02 -3.48424353e-02
  -2.71178838e-02  6.08830666e-03]
 [-1.40532762e-01  7.91891366e-02  9.82756019e-01 -4.91651408e-02
   5.49949147e-02 -5.22357188e-02]
 [-3.61018698e-03  3.74672115e-02  4.95610237e-02  9.97051954e-01
  -4.16942276e-02  1.66087132e-02]
 [-2.04825420e-02  2.58678310e-02 -6.66813031e-02  4.61489260e-02
   9.81493592e-01 -1.70310110e-01]
 [ 1.43302027e-02  6.32471347e-04  4.39491272e-02 -1.12443175e-02
   1.74457699e-01  9.83514488e-01]]",22
1,2,6,0.9,0.8843347430229187,"[[ 0.9859256  -0.02384156 -0.16448736 -0.01262542 -0.00371941 -0.01236441]
 [ 0.05885502  0.97318476  0.21646239 -0.04657643  0.00921226 -0.01836691]
 [ 0.15579444 -0.2211603   0.9595115   0.03653613  0.06338618  0.02830365]
 [ 0.00916648  0.05312282 -0.02923334  0.99740916  0.03570404 -0.0118121 ]
 [-0.00720229  0.0027865  -0.06224307 -0.03775889  0.997231   -0.01306497]
 [ 0.00888312  0.02452277 -0.02639536  0.00924991  0.01178912  0.9991989 ]]",22
2,3,6,0.9,0.9111306071281433,"[[ 0.9541305   0.27253416 -0.0871536   0.05328714  0.02879511  0.06399743]
 [-0.26062283  0.9584192   0.05722134 -0.07993632 -0.05626401 -0.02604817]
 [ 0.09557997 -0.03157478  0.98949647 -0.04748145  0.06126894  0.06896324]
 [-0.07216606  0.06302252  0.05200486  0.9928055   0.03318022  0.03677153]
 [-0.0520685   0.04663817 -0.06232739 -0.03956845  0.9916314   0.07956443]
 [-0.06823552  0.0037049  -0.05863081 -0.0358869  -0.08841662  0.99135625]]",22
3,4,6,0.9,0.8242449164390564,"[[ 0.9744439   0.21828642 -0.03119812  0.02737236 -0.02005222 -0.02618179]
 [-0.21749394  0.974358    0.03243377 -0.02955476 -0.03453185 -0.0143216 ]
 [ 0.03779463 -0.02335935  0.9971086  -0.00655143  0.05564304 -0.02571617]
 [-0.03251462  0.02371244  0.00717632  0.99887365  0.02349995  0.00530289]
 [ 0.00876998  0.03720105 -0.05717248 -0.02314479  0.9940807  -0.08085994]
 [ 0.02435037  0.02204075  0.02071274 -0.00707226  0.08099747  0.9959325 ]]",22
4,5,6,0.9,0.8112333416938782,"[[ 0.91249484  0.39358145  0.09448671  0.05485534 -0.01625034 -0.01568427]
 [-0.39979365  0.91560405  0.03411673  0.02038218 -0.01391133  0.00783499]
 [-0.06898212 -0.06381989  0.98270345 -0.12529294 -0.041928   -0.08947733]
 [-0.04898082 -0.04819755  0.13055299  0.98190784  0.05382071  0.10580214]
 [ 0.01020435  0.01894825  0.04164823 -0.06522107  0.99489075  0.06116226]
 [ 0.01601729 -0.00280346  0.0736454  -0.11171531 -0.07127498  0.98830736]]",22
5,6,6,0.9,0.842126727104187,"[[ 0.9978217   0.06309484 -0.01014362 -0.00334536  0.01588972  0.00208029]
 [-0.06034395  0.98304766  0.17018405  0.01294775  0.0010886  -0.02905823]
 [ 0.01945173 -0.16849685  0.9817944  -0.05475046  0.06444278 -0.01263837]
 [ 0.00732024 -0.02189826  0.06021181  0.98884106 -0.13034174  0.03233856]
 [-0.01663105  0.00978719 -0.05323196  0.12781876  0.97913027  0.14751394]
 [-0.00138338  0.02587931  0.02356215 -0.05176154 -0.14109749  0.9880209 ]]",22
6,7,6,0.9,0.8604215383529663,"[[ 9.9248421e-01  4.6832696e-02  9.0803266e-02  1.9554878e-02
  -6.4276755e-02 -4.7551803e-03]
 [-6.6668220e-02  9.7695142e-01  1.9796714e-01  1.1675126e-02
  -3.2353010e-02 -2.7335886e-02]
 [-7.3158115e-02 -1.9881991e-01  9.6815372e-01 -1.1235303e-01
   6.1767332e-02 -3.6856666e-02]
 [-1.6356535e-02 -2.7246973e-02  9.6264742e-02  9.8136342e-01
   1.6291310e-01 -1.0405513e-02]
 [ 7.0076697e-02  5.2256096e-02 -6.4436547e-02 -1.5407103e-01
   9.8207176e-01  1.8899168e-03]
 [-1.0214606e-04  1.9240001e-02  4.2697631e-02  6.7815469e-03
   9.2668389e-04  9.9887925e-01]]",22
7,8,7,0.9,0.9339480400085449,"[[ 0.98823935 -0.15159416  0.01765023  0.00137369 -0.00400627  0.00289312
   0.00802066]
 [ 0.14339498  0.95841795  0.22893411  0.04042153  0.07895485 -0.01486286
  -0.01932196]
 [-0.05150403 -0.22209817  0.9727299  -0.02933579 -0.01137872  0.02853888
  -0.00339546]
 [-0.00890659 -0.04677079  0.01663229  0.99363476  0.04296175  0.09098598
  -0.00473502]
 [-0.00752959 -0.075169   -0.00927124 -0.05199708  0.99378794  0.06146542
   0.01053153]
 [ 0.00200248  0.03019132 -0.02548179 -0.0863143  -0.06394506  0.99341625
   0.00448551]
 [-0.005304    0.0194209   0.0078778   0.00631199 -0.00845937 -0.00488745
   0.99969864]]",22
8,9,7,0.9,0.9446676969528198,"[[ 9.60196972e-01 -2.64151186e-01 -6.94752261e-02 -2.97034178e-02
  -4.84918095e-02  5.18247439e-03 -1.25917364e-02]
 [ 2.51262665e-01  9.57964659e-01 -1.25165448e-01 -3.48811075e-02
  -3.51620540e-02  2.81361919e-02 -1.61187984e-02]
 [-9.84653458e-02 -1.02425680e-01 -9.89431322e-01 -4.75336006e-03
   2.80245487e-02 -5.57856308e-03  3.21076455e-04]
 [-9.02269129e-03  3.19974357e-03 -2.12140922e-02  7.74973035e-01
  -6.30023003e-01  3.63358557e-02 -2.50155572e-02]
 [ 6.67530745e-02  3.12760286e-02  8.36361572e-03  6.22675598e-01
   7.71370471e-01  1.08220264e-01 -6.86426414e-03]
 [-1.89353377e-02 -2.93255374e-02 -1.90820755e-03 -9.40760002e-02
  -6.00269139e-02  9.92196620e-01  4.32448909e-02]
 [ 1.72490962e-02  1.37312459e-02 -2.96979956e-03  2.68339273e-02
  -9.06938501e-03 -4.07955013e-02  9.98518169e-01]]",22
9,10,8,0.9,1.1366146802902222,"[[ 0.9719437  -0.19543907 -0.10620898 -0.04851962  0.04078582  0.01262277
  -0.01616544  0.03755559]
 [ 0.17283182  0.9634725  -0.19690901 -0.00332721 -0.02111425  0.04179618
  -0.02131171 -0.02046266]
 [ 0.13872577  0.17594822  0.96790254  0.04496282  0.09898181 -0.02234721
  -0.02290325  0.01091194]
 [-0.02479597 -0.00339679 -0.1021907   0.4931889   0.84909457  0.15643668
  -0.01379591 -0.00842747]
 [ 0.06036107 -0.01750445  0.00792317  0.8587503  -0.50330704  0.04470246
   0.04770092  0.03072104]
 [-0.01318399 -0.03516563  0.04795687 -0.11306281 -0.11114133  0.9828564
  -0.01772712 -0.06952118]
 [ 0.02110901  0.02035153  0.01576773 -0.03448173  0.03561948  0.01439524
   0.99660075 -0.05489563]
 [-0.03649799  0.02444918 -0.00754815 -0.03088245  0.01387785  0.07006942
   0.05260094  0.99458045]]",22
10,11,8,0.9,1.595802903175354,"[[ 9.7363842e-01 -1.9869146e-01 -5.5518411e-02 -3.6730003e-02
   5.3500198e-02  1.7964425e-02  6.1879456e-03 -6.9966778e-02]
 [ 1.7248707e-01  9.2835140e-01 -3.1431982e-01 -6.3753314e-03
  -4.2823005e-02  4.5357782e-02  7.5351812e-02  2.2762476e-03]
 [ 1.0912325e-01  2.7885857e-01  9.3466723e-01 -9.7049043e-02
  -7.3296614e-02  3.1179138e-02  1.4478840e-01  6.8299298e-04]
 [-1.0755748e-02 -6.3716307e-02 -1.0045744e-01 -7.8406310e-01
  -5.9430450e-01  8.1354268e-02 -6.4996496e-02  8.3288893e-02]
 [-6.5562814e-02 -1.6605379e-02 -4.1701369e-02 -4.9331766e-01
   6.9948566e-01  4.1407695e-01  2.8442612e-01  9.3200937e-02]
 [ 4.7587333e-03  2.3118440e-02  6.3185401e-02  1.8829100e-01
  -1.0151665e-01  7.9939258e-01 -5.5299664e-01 -6.9696739e-02]
 [ 6.9714576e-02  6.5448172e-02  6.3203596e-02 -5.9589621e-02
   1.9454063e-01 -2.3125006e-01 -4.8209023e-01  8.1214356e-01]
 [ 3.2737371e-02 -1.0848852e-01 -6.8557583e-02  3.0343044e-01
  -3.1512204e-01  3.5505566e-01  5.9159195e-01  5.6128490e-01]]",22
0,1,6,0.9,0.8301412463188171,"[[ 0.98600084 -0.06455784  0.15048555  0.00229325  0.0252317  -0.01862493]
 [ 0.07837148  0.99210984 -0.08199919 -0.04562565 -0.02731149  0.00496458]
 [-0.14597346  0.09211649  0.980678   -0.04966745  0.05623692 -0.05336162]
 [-0.0051137   0.04907944  0.04847901  0.99663216 -0.03840208  0.02155084]
 [-0.01636567  0.0255285  -0.06822769  0.04349652  0.98143756 -0.1712126 ]
 [ 0.00762073  0.00213631  0.04353859 -0.0166899   0.17538638  0.98336303]]",23
1,2,6,0.9,0.8841074705123901,"[[ 0.98566675 -0.06038552 -0.15682814 -0.01184117 -0.003836   -0.00804564]
 [ 0.09013005  0.97530663  0.19534306 -0.04185112  0.00509107 -0.02678094]
 [ 0.14197807 -0.20432827  0.9650005   0.03821267  0.06774243  0.02858452]
 [ 0.00970646  0.04833816 -0.03387022  0.99710256  0.04687865 -0.00329218]
 [-0.00674367  0.00655215 -0.06571753 -0.04932765  0.9965691   0.00310145]
 [ 0.00634371  0.03163886 -0.02354111  0.00112818 -0.00477123  0.9991899 ]]",23
2,3,6,0.9,0.9023920893669128,"[[ 0.9425912   0.3121066  -0.08329159  0.0566509   0.01473129  0.0612171 ]
 [-0.29956964  0.946287    0.06848729 -0.07978878 -0.05190997 -0.0323681 ]
 [ 0.09715638 -0.03885772  0.98872423 -0.04645348  0.0593889   0.07609322]
 [-0.07670826  0.05846927  0.05234117  0.9929958   0.03445343  0.02701487]
 [-0.04126788  0.04626559 -0.06397898 -0.03988468  0.9889681   0.11141949]
 [-0.06894474  0.00783922 -0.06295644 -0.02519832 -0.11965036  0.988064  ]]",23
3,4,6,0.9,0.8144145607948303,"[[ 0.98916423  0.13732696 -0.02938245  0.02691606 -0.01855368 -0.02762863]
 [-0.13665758  0.98909     0.0351975  -0.0216     -0.03436455 -0.01180128]
 [ 0.03411493 -0.02954945  0.9972612  -0.00868954  0.0504916  -0.02842626]
 [-0.02790026  0.01965747  0.00861519  0.99778146  0.04836584  0.0292233 ]
 [ 0.01142673  0.03615588 -0.05202964 -0.04613951  0.994492   -0.06864308]
 [ 0.02838945  0.01659459  0.02421701 -0.03220126  0.06761517  0.9963551 ]]",23
4,5,6,0.9,0.809299886226654,"[[ 0.9319091   0.34020656  0.10719937  0.06337668 -0.01360853 -0.01056184]
 [-0.3471252   0.93693805  0.03707118  0.01219488 -0.00646755  0.00929753]
 [-0.08267137 -0.0674734   0.98349327 -0.10858317 -0.03585427 -0.09098294]
 [-0.06289574 -0.04114852  0.11161757  0.9846033   0.05248217  0.09846019]
 [ 0.01135465  0.01009719  0.03496753 -0.05982421  0.996726    0.03879141]
 [ 0.01141348 -0.00767293  0.07870041 -0.10498468 -0.04764856  0.9901136 ]]",23
5,6,7,0.9,0.9075998663902283,"[[ 0.9980293   0.05805174 -0.01159757 -0.00399835  0.00770044 -0.00185255
   0.01882525]
 [-0.05465409  0.9817137   0.17881428  0.01659189  0.00357781 -0.02427624
  -0.01998234]
 [ 0.02126771 -0.1774407   0.9796816  -0.04968661  0.0723859  -0.01538983
  -0.01847108]
 [ 0.00796695 -0.02589263  0.05977898  0.97665095 -0.20277767  0.02361817
  -0.01299335]
 [-0.00894633  0.00763407 -0.05596558  0.20196903  0.9654993   0.13328922
   0.0773504 ]
 [ 0.00216026  0.02077769  0.02526675 -0.05077777 -0.12266669  0.9902594
  -0.02619222]
 [-0.01870969  0.01492312  0.02776509 -0.00479242 -0.07958212  0.01526014
   0.99602574]]",23
6,7,7,0.9,0.9392641186714172,"[[ 0.98707527  0.0959352   0.11082794  0.02051817 -0.05775928 -0.00857841
  -0.01911302]
 [-0.11694223  0.97550684  0.17808315  0.00771003 -0.01510026 -0.02815417
  -0.0437846 ]
 [-0.08582034 -0.18836407  0.96924907 -0.10336154  0.0633021  -0.02952311
  -0.04634442]
 [-0.02057533 -0.02584795  0.08767147  0.985868    0.1352573  -0.01558737
  -0.02737035]
 [ 0.06405474  0.03510914 -0.06665953 -0.12779696  0.98666936 -0.00833353
  -0.01740509]
 [ 0.0027874   0.02239615  0.0350453   0.01151466  0.01114062  0.99895144
  -0.01008341]
 [ 0.01037724  0.0360464   0.05658582  0.0208732   0.02221816  0.00675517
   0.9972041 ]]",23
7,8,7,0.9,0.9422835111618042,"[[ 9.91011858e-01 -1.28674790e-01  3.49215530e-02  5.53243700e-03
  -9.08558490e-04 -1.96544616e-03  9.13353264e-03]
 [ 1.17697433e-01  9.65412974e-01  2.14172870e-01  5.42629883e-02
   7.04270303e-02 -9.21902619e-03 -1.62991472e-02]
 [-6.08887225e-02 -2.06627950e-01  9.75199878e-01 -3.59338857e-02
   1.09272565e-04  3.57573628e-02 -3.57521325e-03]
 [-1.37630887e-02 -5.97829707e-02  1.97200887e-02  9.93347228e-01
   2.82689091e-02  9.10876840e-02 -3.58665828e-03]
 [-6.62604673e-03 -6.51246011e-02 -1.78256109e-02 -3.73201743e-02
   9.95280266e-01  5.83715215e-02  3.78223765e-03]
 [ 6.74198428e-03  2.57785097e-02 -3.36574093e-02 -8.69685113e-02
  -6.04623929e-02  9.93231177e-01  2.07340177e-02]
 [-7.51791475e-03  1.56757683e-02  7.49749132e-03  6.21521473e-03
  -1.25329697e-03 -2.05006022e-02  9.99590397e-01]]",23
8,9,7,0.9,0.9453595876693726,"[[ 9.6426946e-01 -2.4760284e-01 -7.1054965e-02 -3.6324199e-02
  -4.7298171e-02  9.1576809e-03 -1.3712117e-02]
 [ 2.3545365e-01  9.6311539e-01 -1.1870261e-01 -3.4605101e-02
  -2.7038267e-02  2.6506213e-02 -1.5776189e-02]
 [-9.8245211e-02 -9.8373562e-02 -9.8987418e-01 -2.1242378e-02
   1.7621830e-02 -7.9246995e-05 -7.6124435e-03]
 [-5.1078745e-03  5.0717965e-03 -2.7621832e-02  7.5501156e-01
  -6.5326875e-01  4.0432911e-02 -2.7346632e-02]
 [ 6.5995999e-02  2.4580702e-02 -9.3670171e-03  6.4730865e-01
   7.5400966e-01  8.5099407e-02 -1.3101335e-02]
 [-1.9729551e-02 -2.5089806e-02  5.0988095e-03 -8.3288841e-02
  -3.7168488e-02  9.9395531e-01  5.1860921e-02]
 [ 1.7973879e-02  1.2838537e-02 -1.1548591e-02  3.2307722e-02
  -7.0139398e-03 -4.8884109e-02  9.9794590e-01]]",23
9,10,8,0.9,1.1137162446975708,"[[ 9.73613560e-01 -1.89058989e-01 -1.03495933e-01 -4.92802002e-02
   5.07488027e-02  1.63368527e-02 -1.85865611e-02  2.38340441e-03]
 [ 1.63226530e-01  9.60906744e-01 -2.16900006e-01  2.74387328e-03
  -1.27551416e-02  3.66777778e-02 -2.91679148e-02 -2.45652292e-02]
 [ 1.38855740e-01  1.95580781e-01  9.63879108e-01  6.10648766e-02
   9.23367441e-02 -2.87180338e-02 -1.80170350e-02 -1.44442383e-04]
 [-1.92987211e-02 -1.80314388e-02 -1.00517064e-01  6.80115283e-01
   7.10843623e-01  1.45034924e-01 -4.83891508e-03 -1.68740228e-02]
 [ 7.05251843e-02 -1.98733360e-02  1.53667107e-02  7.19816208e-01
  -6.88767791e-01  1.65078249e-02  3.34994197e-02 -2.15384141e-02]
 [-1.64614692e-02 -2.44427864e-02  5.24713248e-02 -1.10196725e-01
  -9.02891308e-02  9.87637758e-01  4.67195967e-03 -2.51525193e-02]
 [ 2.31190808e-02  3.00901122e-02  7.56458379e-03 -1.85590237e-02
   2.88212672e-02 -1.88535172e-03  9.96833801e-01  6.03865609e-02]
 [ 1.09555549e-03  2.09788103e-02 -5.45988744e-03  2.55949143e-02
  -7.29313772e-03  2.86972113e-02 -6.02830127e-02  9.97177482e-01]]",23
10,11,9,0.9,1.7236125469207764,"[[-0.9583187   0.2077685  -0.03865432  0.04277581  0.06727337  0.00257543
   0.02518626 -0.11519518 -0.12921658]
 [-0.16569442 -0.85301155 -0.45374072 -0.0244346  -0.07501273  0.13054833
   0.11773894  0.01424949 -0.04127346]
 [-0.10747526 -0.41746217  0.8820647   0.08927359 -0.02312258  0.06454295
   0.12879893 -0.01386832 -0.08175862]
 [-0.00265024  0.07132658 -0.06141284  0.8217604  -0.52806807  0.14347346
  -0.04621769  0.11062175  0.04505595]
 [ 0.06331023  0.02076565 -0.04534473  0.38986105  0.7619708   0.49130642
   0.09613921  0.08404561  0.05678717]
 [-0.02063646 -0.02992834  0.0623637  -0.20135333 -0.13721432  0.56400925
  -0.7713426  -0.12847883 -0.07639099]
 [-0.05705789 -0.08180146  0.00875847  0.07017587  0.17096256 -0.325392
  -0.37289038  0.76321983 -0.3583179 ]
 [-0.10039973  0.15131621  0.03517425 -0.33606866 -0.25890306  0.4744504
   0.35315973  0.60071284  0.27410254]
 [-0.15761614 -0.1375729   0.05963305  0.06254286  0.12153389 -0.26024696
  -0.31431952  0.08465602  0.87195224]]",23
0,1,6,0.9,0.8288531303405762,"[[ 0.98656577 -0.01564408  0.1589224   0.00294021  0.02463344 -0.02390672]
 [ 0.0323572   0.9935945  -0.09718572 -0.03844205 -0.02768816  0.00579686]
 [-0.15844974  0.10057063  0.9774978  -0.05512944  0.05815005 -0.05344637]
 [-0.00943366  0.04293445  0.05381944  0.99657685 -0.03784962  0.02393858]
 [-0.01708035  0.02370572 -0.07054666  0.04404216  0.9809402  -0.17316501]
 [ 0.01241054  0.0023591   0.04385425 -0.01921307  0.17767636  0.9828424 ]]",24
1,2,6,0.9,0.8826170563697815,"[[ 0.9862778  -0.0704316  -0.14845279 -0.01368565 -0.00215341 -0.00807282]
 [ 0.09569766  0.9775473   0.17813385 -0.05181191  0.00900816 -0.02731151]
 [ 0.13338245 -0.18762954  0.96918446  0.03311468  0.07353509  0.03437732]
 [ 0.01354995  0.05591035 -0.02849187  0.9966151   0.05008987 -0.0113136 ]
 [-0.00927554  0.00197573 -0.07198997 -0.05214541  0.99598855 -0.00389339]
 [ 0.00611414  0.0332557  -0.03028633  0.00841736  0.00214748  0.9989314 ]]",24
2,3,6,0.9,0.905680239200592,"[[ 0.92937326  0.3456335  -0.09417967  0.05184064  0.01704979  0.07039022]
 [-0.33246937  0.93485045  0.06879967 -0.08317075 -0.05145474 -0.03493403]
 [ 0.10716054 -0.031946    0.9879654  -0.04024804  0.0595482   0.07908633]
 [-0.07448906  0.05888752  0.04868885  0.9937782  -0.01048946  0.03013003]
 [-0.05168224  0.04576472 -0.06287082  0.00289656  0.9867869   0.13238241]
 [-0.07762936  0.0030704  -0.06322915 -0.03422986 -0.14020482  0.9844477 ]]",24
3,4,6,0.9,0.8154266476631165,"[[ 0.9922475   0.11094505 -0.03963146  0.03154934 -0.01278883 -0.02016342]
 [-0.10838921  0.99114436  0.05942689 -0.02805815 -0.03471906 -0.01898282]
 [ 0.04562751 -0.05342519  0.9957294   0.00405013  0.05072847 -0.03157613]
 [-0.03383471  0.02638306 -0.00215222  0.998165    0.03550608  0.02367415]
 [ 0.00640057  0.03629708 -0.05111431 -0.03458387  0.9949526  -0.07001582]
 [ 0.02071446  0.02135886  0.028345   -0.02591455  0.06975923  0.99638015]]",24
4,5,7,0.9,0.8926590085029602,"[[ 0.93273425  0.34291354  0.09017944  0.05565559 -0.01827445 -0.00467727
  -0.02883425]
 [-0.3465918   0.93738395  0.02501179  0.00110932 -0.00688333  0.01214816
   0.01906945]
 [-0.07290051 -0.0505278   0.9832071  -0.1074539  -0.0122527  -0.09526376
  -0.06829721]
 [-0.05921987 -0.02727581  0.11246277  0.98431057  0.00816309  0.11833983
  -0.01276707]
 [ 0.01510036  0.01171155  0.01697524 -0.0121884   0.9989964   0.02869786
   0.01951798]
 [ 0.00980358 -0.01249521  0.08473892 -0.12713203 -0.03227869  0.9864074
   0.04861132]
 [ 0.02711686 -0.0114584   0.0665512   0.01328794 -0.01914166 -0.05411034
   0.9956071 ]]",24
5,6,7,0.9,0.9051426649093628,"[[ 0.99916065  0.03372934 -0.00332539 -0.00939285  0.00564178 -0.00414731
   0.01979767]
 [-0.03141621  0.9695132   0.23962669  0.02003824  0.005222   -0.0257335
  -0.02335003]
 [ 0.01052775 -0.23861796  0.96538854 -0.05065657  0.08797847 -0.02033362
  -0.01599567]
 [ 0.01197384 -0.03321075  0.06014317  0.9801753  -0.18196058  0.03305528
  -0.01380478]
 [-0.00553799  0.01384037 -0.07120522  0.18151689  0.9687204   0.12945096
   0.0811327 ]
 [ 0.00421783  0.01946356  0.03288222 -0.056955   -0.11727653  0.9903609
  -0.02663987]
 [-0.01970491  0.01716537  0.02871132 -0.00288209 -0.08317511  0.01556034
   0.9956527 ]]",24
6,7,7,0.9,0.9298917651176453,"[[ 9.9048144e-01  3.3793814e-02  1.1560773e-01  8.8677853e-03
  -6.2551983e-02  3.3624927e-03 -2.0901047e-02]
 [-6.2011365e-02  9.6823782e-01  2.3711357e-01  1.4663765e-02
  -3.9851470e-03  2.5861375e-02 -3.9338496e-02]
 [-9.9322267e-02 -2.4193217e-01  9.5629680e-01 -9.1082230e-02
   6.9533773e-02  3.9807059e-02 -4.8834655e-02]
 [-1.1449574e-02 -3.5653908e-02  7.5128451e-02  9.9163020e-01
   9.0045907e-02  2.5580300e-02 -2.9328814e-02]
 [ 6.9907546e-02  2.5554925e-02 -6.7208350e-02 -8.3700217e-02
   9.9122226e-01 -3.3223762e-03 -2.0114461e-02]
 [-3.0773510e-03  1.3954284e-02  4.5467649e-02  2.1925703e-02
   9.2121668e-04 -9.9828821e-01 -2.5836026e-02]
 [ 1.4448706e-02  2.6894404e-02  6.0662165e-02  2.4357321e-02
   2.4611790e-02 -2.2146666e-02  9.9684429e-01]]",24
7,8,7,0.9,0.9387121796607971,"[[ 9.9555469e-01 -8.5393675e-02 -3.6238454e-02  9.4089499e-03
  -1.0844596e-02  5.2235195e-05  7.7177635e-03]
 [ 7.6775670e-02  9.7388887e-01 -1.9239390e-01  6.1452124e-02
   6.7637563e-02  1.2239841e-02 -1.1374980e-02]
 [-5.1590830e-02 -1.8845524e-01 -9.7999001e-01 -1.7850861e-02
   6.5819696e-03 -3.2870781e-02 -4.7613037e-04]
 [-1.4811570e-02 -6.0021427e-02 -3.2955962e-03  9.9477637e-01
  -1.9371592e-02 -7.8365803e-02 -8.4113181e-03]
 [ 5.8245123e-03 -6.5743670e-02  2.0407680e-02  1.1865279e-02
   9.9639881e-01 -4.7614008e-02  3.0057416e-03]
 [-3.5237123e-03 -2.6173813e-02 -2.9260175e-02  7.7470452e-02
   4.5552626e-02  9.9512666e-01 -9.6236803e-03]
 [-7.0119817e-03  1.1090182e-02 -2.7465194e-03  9.6969595e-03
  -1.8635980e-03  9.1855126e-03  9.9981928e-01]]",24
8,9,8,0.9,1.04263174533844,"[[ 9.70082700e-01 -2.27133632e-01 -5.21368720e-02 -4.39539365e-02
  -4.69467416e-02 -9.34526511e-03 -1.80679616e-02  9.05177183e-03]
 [ 2.13050351e-01  9.60430145e-01 -1.71910614e-01 -2.41684504e-02
  -1.26805445e-02 -2.30212063e-02 -1.94097161e-02  3.12846005e-02]
 [ 8.88988227e-02  1.56719983e-01  9.82936919e-01  1.17291501e-02
  -2.96039768e-02 -4.45108209e-03  9.31242574e-03 -1.58179998e-02]
 [ 1.79697550e-03  3.00362799e-03 -2.84239408e-02  7.66763985e-01
  -6.38968408e-01 -3.30968983e-02 -3.33104059e-02  2.76984647e-02]
 [ 6.71263039e-02  9.18122008e-03  8.81068781e-03  6.33465469e-01
   7.66047537e-01 -5.63323312e-02 -7.46077532e-03  6.32122681e-02]
 [ 1.69335902e-02  2.00425461e-02  6.56157732e-04  5.73236868e-02
   2.07133554e-02  9.96491194e-01 -3.45724896e-02  3.74969505e-02]
 [ 2.12176312e-02  1.28459400e-02 -1.34148374e-02  2.83534043e-02
  -1.69560183e-02  3.10573168e-02  9.97592926e-01  4.42398898e-02]
 [-2.00011749e-02 -2.76257899e-02  2.23028902e-02 -6.36463538e-02
  -3.05428114e-02 -3.36866640e-02 -4.07172590e-02  9.95270312e-01]]",24
9,10,8,0.9,1.1267598867416382,"[[ 9.79117334e-01 -1.72270179e-01 -7.89373666e-02  2.83586644e-02
   6.19328991e-02  1.41573586e-02 -2.21270863e-02  9.54758935e-03]
 [ 1.51611552e-01  9.62096453e-01 -2.19476461e-01 -2.13038754e-02
  -1.33746071e-02  2.72220969e-02 -3.57114375e-02  2.37795711e-02]
 [ 1.10880382e-01  2.02743992e-01  9.65267241e-01 -7.79269338e-02
   8.11375007e-02 -4.41835970e-02 -1.57184862e-02  2.09846487e-03]
 [-1.06602032e-02 -3.85548025e-02 -8.78503770e-02 -9.26061332e-01
   3.38638067e-01  1.34113520e-01 -2.47390196e-03  2.05984302e-02]
 [ 6.96247295e-02 -2.05091927e-02  4.66615334e-02 -3.46561790e-01
  -9.33385968e-01 -9.52224713e-03  2.23250687e-02  2.55129766e-02]
 [ 1.13212215e-02  1.02641899e-02 -6.28284737e-02 -1.20030351e-01
   5.06933928e-02 -9.88482475e-01 -1.58796925e-02 -3.86281535e-02]
 [ 2.84046177e-02  3.56339328e-02  3.17586982e-03  5.00233029e-04
   2.33196393e-02 -1.16100376e-02  9.96109188e-01 -7.07172304e-02]
 [ 1.23477969e-02  1.74972322e-02 -2.37365323e-03 -2.38136221e-02
  -2.00846158e-02  4.23884317e-02 -7.06950054e-02 -9.95876849e-01]]",24
10,11,9,0.9,1.5368118286132812,"[[ 0.96201533  0.19194643 -0.00357275 -0.0591053   0.0489556   0.00130316
   0.02399912 -0.14853579 -0.09560176]
 [ 0.1607145  -0.84415483 -0.48280945  0.0175042  -0.08060303  0.0969546
   0.09749906 -0.02585956 -0.04572065]
 [ 0.08263575 -0.4463686   0.8715369  -0.0058406  -0.08148825  0.09132312
   0.12497284 -0.03321779 -0.0511248 ]
 [ 0.00585333 -0.07079899  0.03232584  0.78807724  0.52053964 -0.2625731
   0.02814376 -0.1773889  -0.02602938]
 [-0.04089731 -0.00412711 -0.00405009 -0.2656716   0.73348635  0.6115886
   0.09344044  0.07629311  0.03343604]
 [ 0.00377825 -0.03044786  0.02972847  0.21775675 -0.15396085  0.438252
  -0.82125944 -0.23500717 -0.07275058]
 [ 0.08258568 -0.1334267   0.05094237 -0.15115477  0.25463378 -0.36312255
  -0.43227983  0.66230124 -0.35739183]
 [-0.0770785  -0.14876397  0.03249611 -0.47656885  0.29468733 -0.46299842
  -0.2743705  -0.57570237  0.18929802]
 [ 0.16548742 -0.07365034  0.04134391  0.0844704   0.01093285 -0.03134551
  -0.16782282  0.33700588  0.90305334]]",24
0,1,6,0.9,0.837223470211029,"[[ 9.8627442e-01  1.4459045e-02  1.5999824e-01  5.7527139e-03
   2.7406946e-02 -2.5883468e-02]
 [ 1.0840401e-02  9.8764455e-01 -1.4731835e-01 -3.9566610e-02
  -3.2421026e-02  1.1017340e-02]
 [-1.6233382e-01  1.4686708e-01  9.7108436e-01 -5.5150554e-02
   5.6375682e-02 -5.3415731e-02]
 [-1.2589891e-02  4.5641545e-02  5.2569684e-02  9.9537331e-01
  -5.6556482e-02  3.2065567e-02]
 [-2.1144416e-02  2.6378838e-02 -7.0398822e-02  6.3526712e-02
   9.7941822e-01 -1.7494380e-01]
 [ 1.3685801e-02  4.9823086e-04  4.4424668e-02 -2.3584435e-02
   1.8044607e-01  9.8220259e-01]]",25
1,2,6,0.9,0.9208659529685974,"[[ 0.9814221  -0.12792127 -0.1421457  -0.01485637 -0.00372907 -0.00260267]
 [ 0.15188895  0.96899676  0.18272972 -0.05527884  0.01436024 -0.03637011]
 [ 0.11534036 -0.19882278  0.96925116  0.03319339  0.07430778  0.03308941]
 [ 0.01864866  0.05670704 -0.02681625  0.9959239   0.04616533 -0.04149679]
 [-0.00786316 -0.00120747 -0.07484742 -0.04697806  0.99577844  0.02351637]
 [ 0.00523312  0.04397354 -0.02520795  0.03937751 -0.02350289  0.9976475 ]]",25
2,3,6,0.9,0.9533820152282715,"[[ 0.94975054  0.2886778  -0.0823507   0.02811462  0.0063907   0.0838215 ]
 [-0.27722827  0.9517646   0.05676033 -0.10616355 -0.03085863 -0.04294153]
 [ 0.08899439 -0.03182161  0.9898226  -0.0379568   0.05593867  0.08215036]
 [-0.0562147   0.08969893  0.0474463   0.98618203 -0.10624208  0.05196653]
 [-0.03882108  0.04079883 -0.0582867   0.09564813  0.9828717   0.1350763 ]
 [-0.09236431  0.00928602 -0.06781807 -0.06924327 -0.13621129  0.98154736]]",25
3,4,6,0.9,0.8522489666938782,"[[ 9.96693373e-01 -1.27120735e-02 -7.46972039e-02  2.47555226e-02
  -3.11811571e-04 -1.57559030e-02]
 [ 2.12579891e-02  9.92611885e-01  1.02746151e-01 -4.92633991e-02
  -2.97497530e-02 -2.00258903e-02]
 [ 7.16517270e-02 -1.01045072e-01  9.89444315e-01  3.21802385e-02
   6.21932559e-02 -2.74294838e-02]
 [-2.55042426e-02  5.60540818e-02 -2.88371500e-02  9.93618309e-01
   8.17249492e-02  3.76778021e-02]
 [-1.70475058e-03  3.11973635e-02 -5.68725504e-02 -8.46175700e-02
   9.94169474e-01 -1.60082113e-02]
 [ 1.90578811e-02  1.53170265e-02  2.82401796e-02 -3.85651141e-02
   1.39624253e-02  9.98460054e-01]]",25
4,5,6,0.9,0.875924289226532,"[[ 0.9447811   0.31818235  0.07142134  0.02797773 -0.01554268 -0.00483022]
 [-0.31752676  0.9477873  -0.01084281 -0.024919    0.00321082  0.01127705]
 [-0.06781509 -0.01269934  0.9881793  -0.09033561  0.02690062 -0.09928421]
 [-0.0412554   0.01222275  0.09951242  0.9870961  -0.05570752  0.10384521]
 [ 0.01505808  0.00333685 -0.02300326  0.06190393  0.99736524 -0.0257579 ]
 [ 0.00614968 -0.01172197  0.08860712 -0.11065693  0.03440558  0.98921424]]",25
5,6,6,0.9,0.8820660710334778,"[[ 0.9965817   0.00729016  0.07284012 -0.0118767  -0.00988118 -0.03503479]
 [-0.0286033   0.9545336   0.29300857  0.04159733  0.00419563 -0.02110886]
 [-0.06759983 -0.29201347  0.94679254 -0.04113203  0.10531326 -0.03097629]
 [ 0.00860471 -0.05479857  0.04342531  0.98680854 -0.14276731  0.02938785]
 [ 0.02095733  0.02021603 -0.0924448   0.14452322  0.9812903   0.08239284]
 [ 0.03039436  0.0113624   0.04463588 -0.0419362  -0.07403277  0.99484426]]",25
6,7,6,0.9,0.8873370289802551,"[[ 0.9872551   0.01860183  0.14873773  0.00825304 -0.05275588 -0.00267413]
 [-0.05095512  0.9714511   0.22704242  0.0162      0.03004638  0.03119092]
 [-0.13397288 -0.23271893  0.9541363  -0.08935712  0.08440774  0.04906925]
 [-0.01662844 -0.03759968  0.07619622  0.99480724  0.04450869  0.02968717]
 [ 0.06579603 -0.00651958 -0.08210463 -0.03641165  0.99331546 -0.02976305]
 [-0.01328953  0.01795549  0.05835903  0.02678439 -0.02308229 -0.9974192 ]]",25
7,8,6,0.9,0.9054803252220154,"[[ 9.9978161e-01 -1.2156115e-02 -1.4767348e-02  4.5136781e-04
   6.6120331e-03  5.1956479e-03]
 [ 8.5180886e-03  9.6471244e-01 -2.4387816e-01  6.7886397e-02
  -7.1269497e-02  9.6414797e-03]
 [-1.6980862e-02 -2.4727273e-01 -9.6787280e-01  1.5011178e-02
  -2.6802056e-02 -2.9092252e-02]
 [-7.1929983e-04 -5.7499379e-02  3.0571120e-02  9.9418676e-01
   5.5089541e-02 -6.5699227e-02]
 [ 6.6224593e-03 -6.5009415e-02  4.5811027e-02  4.7727149e-02
  -9.9508578e-01 -3.4024168e-02]
 [-5.6106960e-03 -2.2493938e-02 -2.2234101e-02  6.6936918e-02
  -3.0462805e-02  9.9677461e-01]]",25
8,9,6,0.9,0.8915692567825317,"[[ 0.9856763  -0.14466992 -0.07093732 -0.01993821  0.04480558 -0.00870065]
 [ 0.12391644  0.9628132  -0.23873366 -0.02248105 -0.0070472  -0.00931206]
 [ 0.09989312  0.22700179  0.96665627 -0.00333827  0.06048054 -0.01995549]
 [ 0.00838776  0.01863272 -0.01904221  0.9615932   0.27304816 -0.0017857 ]
 [-0.05378619 -0.0057438  -0.05392217 -0.27279428  0.9590195   0.00560053]
 [ 0.01204314  0.01230604  0.01672275  0.00279633 -0.00335329  0.9997024 ]]",25
9,10,6,0.9,0.9341785907745361,"[[ 9.87458467e-01 -1.29131719e-01 -8.07317421e-02  2.64029857e-02
   2.87306327e-02  1.45178409e-02]
 [ 1.10920876e-01  9.73205507e-01 -1.93527475e-01  4.32262942e-02
  -3.05918716e-02  1.76133662e-02]
 [ 1.01198502e-01  1.82317704e-01  9.73300695e-01  5.48458174e-02
   5.45156822e-02 -5.67874797e-02]
 [-3.85614149e-02 -4.80079651e-02 -3.97555567e-02  9.92271900e-01
   3.94784510e-02  9.20097083e-02]
 [-2.88483463e-02  2.55222470e-02 -5.70802018e-02 -3.91279198e-02
   9.96436656e-01 -2.90040690e-02]
 [ 7.88301881e-03 -2.45719828e-04 -6.22620247e-02  9.10598338e-02
  -2.86736339e-02 -9.93452132e-01]]",25
10,11,6,0.9,1.083430528640747,"[[ 9.8377544e-01  1.6675283e-01 -4.5631278e-02 -4.7210049e-02
   5.6638164e-03 -6.0231038e-03]
 [ 1.3720877e-01 -9.1352075e-01 -3.7996209e-01  2.7642897e-03
  -2.0659478e-02 -4.2987909e-02]
 [ 9.6850216e-02 -3.6075717e-01  9.1330951e-01 -1.3102865e-01
  -3.1279642e-02 -9.0516247e-02]
 [ 5.8632515e-02 -3.4211125e-02  1.1702630e-01  9.8944241e-01
  -3.1037174e-02 -4.1680604e-02]
 [-4.5641349e-04 -2.3956848e-02  1.6599733e-02  2.3545224e-02
   9.9269944e-01 -1.1464593e-01]
 [ 2.3273973e-02 -7.6047860e-02  7.3767915e-02  3.2320101e-02
   1.1021406e-01  9.8744190e-01]]",25
0,1,6,0.9,0.8288790583610535,"[[ 9.8467112e-01 -3.4033183e-02  1.6812885e-01 -5.8965245e-04
   2.6048200e-02 -1.7838819e-02]
 [ 5.0396264e-02  9.9353462e-01 -8.9463711e-02 -3.8580507e-02
  -2.9221658e-02  1.7238294e-03]
 [-1.6598216e-01  9.6039310e-02  9.7673357e-01 -5.5466514e-02
   5.8934160e-02 -5.1654462e-02]
 [-6.0152789e-03  4.2901020e-02  5.4200925e-02  9.9691898e-01
  -3.2946244e-02  1.5897665e-02]
 [-1.5957560e-02  2.5069581e-02 -7.1012370e-02  3.7781157e-02
   9.8267853e-01 -1.6428514e-01]
 [ 6.4774454e-03  6.1716065e-03  4.1713517e-02 -1.2643505e-02
   1.6808267e-01  9.8476815e-01]]",26
1,2,6,0.9,0.8809368014335632,"[[-9.8457319e-01 -6.5339565e-02 -1.6146523e-01 -1.3985179e-02
   1.7637353e-04 -8.9259204e-03]
 [-9.5075056e-02  9.7534114e-01  1.9083010e-01 -4.9390119e-02
   9.6067134e-03 -2.6883578e-02]
 [-1.4568318e-01 -2.0117852e-01  9.6523255e-01  3.3983521e-02
   6.7730948e-02  2.9789088e-02]
 [-1.3128187e-02  5.4349244e-02 -2.8197099e-02  9.9740988e-01
   3.5343528e-02 -1.7210947e-03]
 [ 1.1445199e-02  2.3858300e-03 -6.6406839e-02 -3.7187979e-02
   9.9703056e-01 -6.9409335e-04]
 [-7.0250081e-03  3.1752467e-02 -2.5180385e-02 -7.7479717e-04
  -1.0057961e-03  9.9915308e-01]]",26
2,3,6,0.9,0.9092483520507812,"[[-0.91716725 -0.37949306  0.08987441 -0.04947549 -0.01281694 -0.06402799]
 [-0.36659274  0.92171186  0.07129596 -0.07986791 -0.05557595 -0.03880982]
 [ 0.10516801 -0.03107321  0.9879163  -0.04029984  0.05753576  0.08402941]
 [-0.07395856  0.05497857  0.04703628  0.99414426  0.01091831  0.02920622]
 [-0.05088905  0.04923239 -0.0649444  -0.01904043  0.9815476   0.16422722]
 [-0.07275981  0.00448509 -0.06656215 -0.02939052 -0.17286374  0.97954565]]",26
3,4,6,0.9,0.8267188668251038,"[[ 0.9866045   0.15273377 -0.02409007  0.03947788 -0.0153703  -0.03014764]
 [-0.15172525  0.98624843  0.04776984 -0.02065645 -0.03676265 -0.01527764]
 [ 0.03081106 -0.04187053  0.9969072   0.00259357  0.05361154 -0.02434433]
 [-0.04139623  0.01638989 -0.00234785  0.9980747   0.03965463  0.01693341]
 [ 0.00737287  0.03880009 -0.05382674 -0.03865463  0.99407536 -0.0765694 ]
 [ 0.02955816  0.02143082  0.02027095 -0.01899787  0.07602467  0.9960499 ]]",26
4,5,6,0.9,0.8290237188339233,"[[ 0.9357549   0.32868975  0.099902    0.0758815  -0.01825796 -0.01593937]
 [-0.33595222  0.9406112   0.04516608  0.01038227 -0.00667389  0.01394111]
 [-0.0737248  -0.07122095  0.98503596 -0.10186794 -0.01305829 -0.09299922]
 [-0.07324342 -0.04355308  0.10419231  0.98406994  0.02259437  0.11392257]
 [ 0.01596468  0.01214648  0.01425913 -0.02453796  0.9992735   0.01563987]
 [ 0.02107341 -0.00983631  0.08139083 -0.12149642 -0.01983759  0.9887769 ]]",26
5,6,6,0.9,0.8460459113121033,"[[ 0.9970761   0.07078006 -0.02504761 -0.00445968  0.00685958  0.01162682]
 [-0.06403988  0.97727907  0.1986852   0.0240746   0.00971933 -0.02597063]
 [ 0.03801365 -0.19652598  0.97612315 -0.02695064  0.07808866 -0.01708744]
 [ 0.00880871 -0.02857793  0.0402602   0.9690816  -0.24083418  0.01909571]
 [-0.00883119  0.00115058 -0.06732725  0.23887081  0.9598246   0.1306336 ]
 [-0.01173016  0.02179785  0.03044041 -0.04995829 -0.12040024  0.99069095]]",26
6,7,7,0.9,0.9519193172454834,"[[ 9.91666555e-01  6.12960793e-02  9.64750871e-02  7.71569088e-03
  -5.62082008e-02  3.24373273e-03 -1.74179897e-02]
 [-8.31719339e-02  9.70602989e-01  2.17585072e-01  1.54757043e-02
  -1.70787815e-02  3.09335236e-02 -4.66996431e-02]
 [-7.59325176e-02 -2.23146915e-01  9.63257253e-01 -8.58023763e-02
   7.57394135e-02  3.19733322e-02 -4.95408066e-02]
 [-6.29657647e-03 -3.19454558e-02  6.82353824e-02  9.89069700e-01
   1.19326115e-01  2.26550084e-02 -3.56798992e-02]
 [ 6.13287948e-02  4.03000154e-02 -7.44640827e-02 -1.12984352e-01
   9.87934649e-01  4.84570483e-04 -1.70029122e-02]
 [-1.98331987e-03  2.21294407e-02  3.89091484e-02  1.98952183e-02
   4.71320841e-03 -9.98715460e-01 -1.19165331e-02]
 [ 1.04562556e-02  3.52660529e-02  6.13985099e-02  3.03131770e-02
   2.31640935e-02 -8.02631769e-03  9.96673107e-01]]",26
7,8,7,0.9,0.9509907364845276,"[[ 0.9930878  -0.11437571  0.02238484  0.00290289 -0.00886698  0.00107176
   0.01027198]
 [ 0.10858525  0.9731306   0.17917682  0.0620379   0.07003582  0.01532563
  -0.01154068]
 [-0.04198752 -0.17372954  0.9828432  -0.03716112  0.00301709 -0.02613578
  -0.00110046]
 [-0.01070441 -0.06942618  0.02229816  0.99156976  0.06404367 -0.08513653
  -0.00279422]
 [ 0.00218671 -0.06344963 -0.01776828 -0.07117813  0.9946956  -0.03403288
   0.00312179]
 [-0.00459074 -0.02765585  0.02429195  0.08040512  0.03851873  0.9952728
  -0.01036577]
 [-0.00908005  0.01193386  0.00328967  0.00447237 -0.00162466  0.0103241
   0.99981755]]",26
8,9,7,0.9,0.9590451121330261,"[[ 9.4839561e-01 -3.0251443e-01 -7.0751548e-02  5.4327689e-02
   2.6121518e-02  9.9657569e-03 -1.7087653e-02]
 [ 2.8809249e-01  9.4507354e-01 -1.4959536e-01  2.8477967e-02
   3.7176060e-03  2.1181228e-02 -1.3655753e-02]
 [-1.1179557e-01 -1.2201174e-01 -9.8568344e-01 -9.8080281e-04
  -3.0115657e-02  2.2699328e-03 -1.1398523e-02]
 [ 8.8801119e-04  4.5515830e-03 -2.6697231e-02 -4.6719015e-01
   8.8179004e-01  5.1545247e-02 -2.8081806e-02]
 [ 6.5603428e-02  8.0051580e-03  6.9665485e-03 -8.7858272e-01
  -4.6906057e-01  6.0303323e-02 -4.6555949e-03]
 [ 1.8586900e-02  1.7228838e-02 -6.4799725e-03 -7.5481527e-02
   1.6576523e-02 -9.9578202e-01 -4.1972786e-02]
 [ 2.0008007e-02  7.2454279e-03 -1.5501096e-02 -1.9102389e-02
   2.3465455e-02 -3.9645199e-02  9.9840844e-01]]",26
9,10,8,0.9,1.107448935508728,"[[ 9.7188324e-01 -1.9436540e-01 -1.1016086e-01 -4.6809833e-02
   4.9997985e-02  1.3290314e-02 -1.8314391e-02  1.8071227e-02]
 [ 1.7180187e-01  9.6412480e-01 -1.9318357e-01  2.6423682e-02
  -4.7034007e-03  3.0698821e-02 -3.6272936e-02 -2.5477998e-02]
 [ 1.4143223e-01  1.6905195e-01  9.6943986e-01  4.5153648e-02
   9.0008438e-02 -3.6133803e-02 -1.1966170e-02  3.9320691e-03]
 [-1.6233100e-02  4.3612249e-02  5.7815008e-02 -9.5499921e-01
  -2.5467572e-01 -1.3173445e-01 -9.0062981e-03  1.3175472e-02]
 [-6.8856530e-02  7.7309129e-03 -6.5711848e-02 -2.6600462e-01
   9.5683110e-01  6.0497854e-02 -2.3820050e-02 -1.9218024e-02]
 [-1.0385458e-02 -1.6328612e-02  5.4949142e-02 -1.0997443e-01
  -9.0146631e-02  9.8756063e-01  1.3049847e-02 -3.0641997e-02]
 [ 2.2625111e-02  3.6539536e-02  1.6703719e-04 -1.2329485e-02
   2.5033066e-02 -8.5958606e-03  9.9455893e-01  9.0293430e-02]
 [-1.7304808e-02  2.3310190e-02 -7.1370364e-03  6.5906299e-03
   1.5426196e-02  3.4804750e-02 -9.0771057e-02  9.9467283e-01]]",26
10,11,8,0.9,1.448503851890564,"[[-9.76144195e-01  1.93933219e-01 -1.39335291e-02 -2.42727268e-02
   5.05085848e-02  4.94238688e-03  3.36935685e-04 -7.85713568e-02]
 [-1.71817034e-01 -8.85904372e-01 -4.11717862e-01  1.09238075e-02
  -3.88027020e-02  7.10759014e-02  9.72524434e-02 -2.44847639e-03]
 [-9.01920870e-02 -3.87648225e-01  9.08836007e-01 -1.57635212e-02
  -2.71893982e-02  5.52063175e-02  1.07416570e-01 -6.13818737e-03]
 [ 1.73214576e-04  4.15093638e-02 -2.69714799e-02 -8.72734070e-01
  -4.12003994e-01  2.21952185e-01  3.87987383e-02  1.23973154e-01]
 [ 4.95207533e-02  1.46131339e-02 -1.58647839e-02 -2.45937973e-01
   8.18871081e-01  4.89742070e-01  1.51311651e-01  5.74852563e-02]
 [-8.52340460e-03 -2.86722407e-02  2.97652595e-02  1.97671652e-01
  -1.80629343e-01  6.37197971e-01 -7.12971270e-01 -1.10313140e-01]
 [-6.49246499e-02 -1.08771414e-01  4.17953171e-02 -1.36585861e-01
   2.36319005e-01 -3.70765716e-01 -5.30392289e-01  6.99228883e-01]
 [-5.24081327e-02  1.12704761e-01 -2.64484640e-02  3.45199943e-01
  -2.57746309e-01  3.99095803e-01  4.06151384e-01  6.88490272e-01]]",26
0,1,6,0.9,0.8348973393440247,"[[ 9.8674488e-01 -5.4593269e-02  1.4985263e-01  3.9861212e-03
   2.0489300e-02 -2.1511059e-02]
 [ 6.5903299e-02  9.9411786e-01 -6.7290038e-02 -4.7791786e-02
  -2.3964904e-02 -3.5077447e-04]
 [-1.4712526e-01  7.5098731e-02  9.8151535e-01 -5.2578237e-02
   6.0362440e-02 -5.4164555e-02]
 [-8.0169505e-03  5.1306702e-02  5.0700177e-02  9.9692380e-01
  -2.4438903e-02  1.6687041e-02]
 [-1.2222638e-02  2.0962177e-02 -7.1809530e-02  2.9443776e-02
   9.8140490e-01 -1.7387359e-01]
 [ 1.1485057e-02  6.1355797e-03  4.3780040e-02 -1.4543825e-02
   1.7779019e-01  9.8290026e-01]]",27
1,2,6,0.9,0.8803994059562683,"[[ 0.99001944 -0.02951862 -0.13700254 -0.01128108 -0.00501857 -0.00825901]
 [ 0.05207805  0.98285437  0.16960363 -0.0438052   0.00120649 -0.02448497]
 [ 0.13045101 -0.17227459  0.97189105  0.0363599   0.07943296  0.03316954]
 [ 0.00835561  0.0503546  -0.03593114  0.9952133   0.07400468  0.01331799]
 [-0.00612409  0.00859933 -0.07580642 -0.07695649  0.9940726  -0.00627363]
 [ 0.00497988  0.02894768 -0.02924203 -0.01612485  0.0026068   0.99900717]]",27
2,3,6,0.9,0.9015070199966431,"[[ 9.0426183e-01  4.0603533e-01 -1.0050579e-01  6.0128741e-02
   2.2282634e-02  5.6854017e-02]
 [-3.9102438e-01  9.1102642e-01  9.4452679e-02 -6.7358375e-02
  -5.3882074e-02 -2.7732084e-02]
 [ 1.2647659e-01 -4.5275915e-02  9.8587674e-01 -3.8705211e-02
   5.5206321e-02  7.3858000e-02]
 [-7.9059996e-02  3.6861163e-02  4.8029233e-02  9.9445581e-01
   2.9957429e-02  1.5624785e-02]
 [-5.4728717e-02  4.1922286e-02 -5.6762405e-02 -3.4819264e-02
   9.8810214e-01  1.2027894e-01]
 [-6.4563088e-02 -9.5606018e-05 -5.9123255e-02 -1.3947553e-02
  -1.2770711e-01  9.8784226e-01]]",27
3,4,6,0.9,0.825094997882843,"[[ 0.9912474   0.12500027 -0.00302487  0.03418332 -0.01583221 -0.01937046]
 [-0.1252377   0.9914531   0.01218171 -0.01192457 -0.03127744 -0.00820336]
 [ 0.00517725 -0.01073467  0.9981763  -0.02078698  0.04438233 -0.03316833]
 [-0.03399083  0.0093792   0.01992897  0.99720925  0.05165545  0.03556314]
 [ 0.01139945  0.03197438 -0.04803606 -0.04691025  0.9924586  -0.09677619]
 [ 0.02078418  0.01303895  0.0279624  -0.04037535  0.09570244  0.9938948 ]]",27
4,5,7,0.9,0.8830280303955078,"[[ 0.9434864   0.30812734  0.09487166  0.06984691 -0.01512998 -0.00276213
  -0.02784092]
 [-0.31578472  0.94699526  0.05501854  0.01612737 -0.00704063  0.0056586
   0.01054506]
 [-0.0685903  -0.07710339  0.98196644 -0.10676519 -0.03875604 -0.08548637
  -0.06988232]
 [-0.06832524 -0.04572912  0.10705511  0.9853832   0.04907581  0.0893582
  -0.02015754]
 [ 0.01354495  0.00990013  0.04167176 -0.05842818  0.99487525  0.06717955
   0.01668   ]
 [ 0.0054442  -0.00831194  0.07734439 -0.09277592 -0.0764773   0.9874138
   0.0669104 ]
 [ 0.02296263 -0.00736687  0.06734005  0.0214764  -0.01361813 -0.07189212
   0.9945193 ]]",27
5,6,7,0.9,0.9177525639533997,"[[ 9.95985925e-01  7.01534003e-02 -4.86481711e-02 -1.13670276e-02
   1.42206354e-02  1.05213635e-02  1.67855881e-02]
 [-5.82463443e-02  9.75786150e-01  2.08931893e-01  5.72559750e-03
   1.33930501e-02 -2.18427069e-02 -1.03400303e-02]
 [ 6.05144501e-02 -2.05423534e-01  9.71290290e-01 -6.96816817e-02
   7.33291879e-02 -1.19937453e-02 -1.89159419e-02]
 [ 1.98904239e-02 -1.88455284e-02  8.13715756e-02  9.69287276e-01
  -2.29712695e-01  5.05960919e-03 -1.77871715e-02]
 [-1.62139051e-02 -6.57029566e-04 -5.16981855e-02  2.32660547e-01
   9.58950996e-01  1.31608561e-01  7.76214823e-02]
 [-8.86432733e-03  1.83888543e-02  2.29398999e-02 -3.64100188e-02
  -1.24022283e-01  9.90819335e-01 -2.50381306e-02]
 [-1.48427598e-02  5.22272987e-03  2.74906978e-02 -2.80914037e-03
  -8.06512609e-02  1.41077945e-02  9.96135116e-01]]",27
6,7,7,0.9,0.9450333714485168,"[[ 0.98813784  0.07486649  0.11775713  0.01071166 -0.05899166 -0.01223383
  -0.01916804]
 [-0.1038641   0.96395475  0.23750186  0.01523202 -0.01847379 -0.02466156
  -0.04914118]
 [-0.09190269 -0.24622922  0.95699656 -0.08891893  0.06376903 -0.02958916
  -0.04726578]
 [-0.01060458 -0.0342526   0.07254168  0.9894739   0.11565117 -0.01561061
  -0.02782983]
 [ 0.06379122  0.04124245 -0.06072431 -0.10975578  0.9888455  -0.02199483
  -0.01402072]
 [ 0.00788514  0.01717952  0.0344406   0.01053945  0.02398736  0.99868095
  -0.02015936]
 [ 0.01028399  0.03725735  0.06121926  0.02303527  0.01860153  0.01659813
   0.996798  ]]",27
7,8,7,0.9,0.9567546248435974,"[[ 9.96061087e-01 -7.23213032e-02 -4.80658673e-02  1.18399877e-02
  -1.34507846e-02  7.88557008e-05  8.57186911e-04]
 [ 6.15927540e-02  9.75373209e-01 -1.95045993e-01  5.27712442e-02
   5.87867163e-02 -1.09901261e-02 -2.11893283e-02]
 [-6.07034676e-02 -1.89817235e-01 -9.78873372e-01 -2.79913917e-02
  -6.90958695e-04  3.55937183e-02  6.36488153e-03]
 [-1.60380695e-02 -5.75347766e-02 -1.38175432e-02  9.94659603e-01
   4.73650396e-02  6.79739565e-02  5.48238726e-03]
 [ 1.07699465e-02 -5.43356799e-02  1.31800408e-02 -5.47695085e-02
   9.94549751e-01  6.79429397e-02 -3.56670306e-03]
 [ 3.17121600e-03  2.61048470e-02  3.29870246e-02 -6.27760291e-02
  -7.02510253e-02  9.93832767e-01  4.05064635e-02]
 [ 8.36472493e-04  2.10247375e-02  9.26284061e-04 -1.82140432e-03
   7.40283215e-03 -4.08909135e-02  9.98912573e-01]]",27
8,9,7,0.9,0.9757047295570374,"[[ 0.9529233  -0.2937028  -0.04285956 -0.0467671  -0.03623257  0.00262841
  -0.01821987]
 [ 0.28133988  0.9462656  -0.14548849 -0.04133493 -0.03254016  0.03206601
  -0.02160264]
 [ 0.08539853  0.12813792  0.9877036   0.02250921  0.00352302 -0.00898863
   0.01137553]
 [-0.00798062 -0.00498478 -0.00766641  0.53355134 -0.845622    0.00812474
  -0.00573703]
 [ 0.06748016  0.02668296 -0.02918363  0.8391943   0.5300098   0.08931746
  -0.02734206]
 [-0.01528504 -0.02996701  0.01539167 -0.07637413 -0.03889652  0.99356425
   0.06415343]
 [ 0.02532201  0.01630398 -0.01703853  0.02898944  0.01076377 -0.06058564
   0.9970836 ]]",27
9,10,8,0.9,1.1493006944656372,"[[ 0.9614184  -0.23854958 -0.05866084 -0.07927256  0.05816367  0.01346737
  -0.04784638 -0.05647897]
 [ 0.21170913  0.94466525 -0.23671035 -0.02429052  0.01142312  0.03850486
  -0.05572917 -0.03802836]
 [ 0.11379152  0.21714656  0.9610738   0.08184593  0.08383243 -0.04672538
  -0.01781812 -0.00292566]
 [ 0.01269086 -0.02546497 -0.10691025  0.80524737  0.56059194  0.14248529
  -0.02237084 -0.06535745]
 [ 0.09199043  0.00237698  0.01108389  0.56360537 -0.8176737  -0.00238109
  -0.02671776 -0.06669698]
 [-0.01176734 -0.01573054  0.07042446 -0.10524311 -0.08029302  0.9846114
   0.08510924  0.02069358]
 [ 0.0471132   0.04028264 -0.00307605  0.01857848  0.00507292 -0.07523284
   0.96929866 -0.22489433]
 [ 0.08321037  0.03201289 -0.0185058   0.09450652 -0.01150689 -0.026934
   0.21515055  0.9672795 ]]",27
10,11,8,0.9,1.4415538311004639,"[[-0.9540407   0.170822    0.02195866  0.03317837  0.01381618  0.11262491
   0.03474889 -0.2120388 ]
 [-0.17422308 -0.79626995 -0.53117985 -0.00536727  0.138105   -0.13173856
   0.12211807  0.045595  ]
 [-0.06700018 -0.50896317  0.8411865   0.07686302  0.10747387 -0.01790188
   0.10519307  0.00530252]
 [-0.02623761  0.06733984 -0.04062766  0.93578476 -0.02721761 -0.30127928
  -0.08027674  0.13956632]
 [ 0.06194543  0.08956283 -0.04343859  0.12631315  0.8947332   0.38961726
  -0.12268288  0.05384477]
 [-0.0296035   0.01541717  0.05552633 -0.208801    0.25705197 -0.6593987
  -0.5948169  -0.3122747 ]
 [-0.12048217 -0.17637114  0.01549451 -0.01246057 -0.25794965  0.3613597
  -0.7426858   0.45307925]
 [-0.18720482  0.18392913  0.05394749 -0.239919    0.18783914 -0.40209684
   0.2143113   0.7923119 ]]",27
0,1,6,0.9,0.8283600211143494,"[[ 0.98540103 -0.06160734  0.15527949  0.0015997   0.02671808 -0.01900848]
 [ 0.07638861  0.9921267  -0.08524024 -0.04168359 -0.02878404  0.00417381]
 [-0.15084706  0.09543134  0.97951555 -0.05210279  0.05601862 -0.05324214]
 [-0.00538709  0.04546756  0.05104841  0.9966961  -0.03880041  0.01972472]
 [-0.01751427  0.026523   -0.06818941  0.04372232  0.9821497  -0.16676395]
 [ 0.00768797  0.00334821  0.04377346 -0.01517822  0.17086819  0.9841683 ]]",28
1,2,6,0.9,0.8820808529853821,"[[ 9.8587602e-01 -4.7032379e-02 -1.6012843e-01 -1.1962019e-02
  -1.5576573e-03 -7.0539913e-03]
 [ 7.7012129e-02  9.7692251e-01  1.9179560e-01 -4.6328992e-02
   6.0141459e-03 -2.6894413e-02]
 [ 1.4805403e-01 -1.9911052e-01  9.6542233e-01  3.6847126e-02
   6.5469712e-02  2.7397517e-02]
 [ 9.5317373e-03  5.2314028e-02 -3.1360678e-02  9.9724823e-01
   4.0759712e-02 -4.8493776e-03]
 [-9.0264203e-03  5.0314609e-03 -6.3565128e-02 -4.2923771e-02
   9.9700058e-01  4.9813482e-04]
 [ 5.0238413e-03  3.1672843e-02 -2.2559362e-02  2.5194956e-03
  -1.9434408e-03  9.9922597e-01]]",28
2,3,6,0.9,0.8996446132659912,"[[ 0.93960863  0.32252997 -0.07717365  0.05345282  0.01379917  0.06408291]
 [-0.31038156  0.9427059   0.06439116 -0.08220461 -0.05240488 -0.03631584]
 [ 0.08966719 -0.0355228   0.9896362  -0.0423126   0.05772318  0.07871302]
 [-0.07559594  0.06085495  0.04799002  0.9934689   0.02510494  0.02584887]
 [-0.04336343  0.04734605 -0.06393956 -0.03153223  0.98626584  0.13444343]
 [-0.07185796  0.00855511 -0.0642404  -0.02490194 -0.14276104  0.98470074]]",28
3,4,6,0.9,0.8123999238014221,"[[ 0.9908128   0.12441144 -0.03212613  0.02870995 -0.01549273 -0.02674715]
 [-0.12354713  0.99060196  0.03658901 -0.02084719 -0.03881643 -0.01280344]
 [ 0.03613984 -0.03067353  0.99721557  0.0024115   0.05015973 -0.02814883]
 [-0.03003805  0.01922808 -0.0019237   0.99820566  0.0392337   0.02776042]
 [ 0.00812474  0.0402047  -0.05091821 -0.03784598  0.99483955 -0.06772562]
 [ 0.02741752  0.01739769  0.02437037 -0.02980985  0.06702351  0.9964793 ]]",28
4,5,6,0.9,0.8093438744544983,"[[ 0.9366324   0.32709777  0.10585494  0.0647324  -0.01395716 -0.01167908]
 [-0.33317214  0.9421874   0.03173801  0.008781   -0.0063947   0.01240358]
 [-0.08419385 -0.06094543  0.9845873  -0.10545215 -0.02503888 -0.08965439]
 [-0.06535004 -0.03700147  0.1083615   0.9845248   0.04718256  0.10536971]
 [ 0.0123867   0.0105271   0.02369515 -0.05174011  0.9979687   0.02357455]
 [ 0.01426032 -0.00977786  0.07792125 -0.11245599 -0.03113961  0.9899562 ]]",28
5,6,7,0.9,0.9052396416664124,"[[ 0.9979838   0.05998557 -0.00511238 -0.00226729  0.0049474  -0.00338544
   0.01904825]
 [-0.05765836  0.98078924  0.18180941  0.02064325  0.0052732  -0.02659893
  -0.02262482]
 [ 0.01571185 -0.1809756   0.97904426 -0.04194826  0.07806884 -0.01642618
  -0.01868518]
 [ 0.005552   -0.02862847  0.05280765  0.9769061  -0.20328082  0.02261028
  -0.01345783]
 [-0.00612771  0.00730088 -0.06309617  0.20244832  0.9649408   0.13307786
   0.07824417]
 [ 0.00314486  0.02293109  0.02789717 -0.04959071 -0.12224554  0.9902111
  -0.02765505]
 [-0.01946048  0.01741601  0.02904416 -0.00435651 -0.08046793  0.01650038
   0.9958454 ]]",28
6,7,7,0.9,0.9379501938819885,"[[ 9.8830050e-01  8.0937371e-02  1.1263799e-01  1.7416896e-02
  -5.7728276e-02 -7.1722399e-03 -1.8349478e-02]
 [-1.0264718e-01  9.7627699e-01  1.8274558e-01  7.9615964e-03
  -1.2204058e-02 -3.0049235e-02 -4.2842451e-02]
 [-8.9942217e-02 -1.9198802e-01  9.6774668e-01 -1.0373459e-01
   6.6971764e-02 -3.2485057e-02 -4.7075659e-02]
 [-1.8435115e-02 -2.6757766e-02  8.7733097e-02  9.8667938e-01
   1.2799169e-01 -1.9080924e-02 -3.1065617e-02]
 [ 6.4760126e-02  3.2340057e-02 -6.9750153e-02 -1.2040703e-01
   9.8746669e-01 -3.0595737e-03 -1.7247282e-02]
 [ 8.4080355e-04  2.2994531e-02  3.8738240e-02  1.5255112e-02
   6.6666552e-03  9.9876899e-01 -1.2375300e-02]
 [ 1.0087017e-02  3.4384344e-02  5.7622768e-02  2.4612784e-02
   2.2726409e-02  8.7918639e-03  9.9709374e-01]]",28
7,8,7,0.9,0.9395701289176941,"[[ 0.990869   -0.13049443  0.03215498  0.00587005 -0.00101206 -0.00360093
   0.00820466]
 [ 0.12033027  0.96628153  0.20778355  0.05773614  0.07056678 -0.01037335
  -0.01502977]
 [-0.05776961 -0.20069475  0.9767732  -0.03531094  0.00338629  0.03205368
  -0.00358411]
 [-0.01437194 -0.06293856  0.01898275  0.9930408   0.03008774  0.09163555
  -0.00628684]
 [-0.00643683 -0.06459229 -0.02025109 -0.03887489  0.99548614  0.05348228
   0.00347917]
 [ 0.00828305  0.02558056 -0.0297802  -0.08759818 -0.05575084  0.99366975
   0.01513242]
 [-0.00672353  0.01432046  0.00700246  0.00839941 -0.00135004 -0.01466238
   0.99970657]]",28
8,9,8,0.9,1.0358160734176636,"[[ 9.66992497e-01 -2.34829575e-01 -7.73478076e-02 -3.67249325e-02
  -4.56797220e-02  9.43559594e-03 -1.63202789e-02  2.65412452e-03]
 [ 2.21470520e-01  9.65277016e-01 -1.26775354e-01 -3.38343568e-02
  -2.07877122e-02  2.26486530e-02 -1.39018334e-02  2.89140102e-02]
 [-1.04347609e-01 -1.06263444e-01 -9.88276839e-01 -1.46323405e-02
   2.55254190e-02 -3.38430540e-03 -8.14537331e-03  1.36051020e-02]
 [-4.29253094e-03  7.18901353e-03 -2.79926304e-02  7.47858167e-01
  -6.60863996e-01  3.86132412e-02 -3.19452770e-02  2.45318804e-02]
 [ 6.39103577e-02  2.02702023e-02  1.48624997e-03  6.52877331e-01
   7.46557117e-01  8.17952380e-02 -1.18044745e-02  7.12470487e-02]
 [-1.83838438e-02 -2.06801165e-02  9.71396512e-05 -7.79689699e-02
  -3.40110511e-02  9.94081140e-01  4.66626920e-02 -4.02958915e-02]
 [ 1.92412268e-02  9.55870934e-03 -1.15875164e-02  3.26568224e-02
  -1.23792281e-02 -4.31098714e-02  9.97834444e-01  2.55417041e-02]
 [-1.32906428e-02 -2.86680963e-02  1.82794705e-02 -6.78685233e-02
  -3.78273129e-02  3.39023061e-02 -2.15221364e-02  9.95498717e-01]]",28
9,10,8,0.9,1.0889495611190796,"[[ 9.75719094e-01 -1.74717531e-01 -1.09030254e-01 -3.93676944e-02
   5.36748469e-02  1.54037653e-02 -2.03920566e-02  2.17829626e-02]
 [ 1.50219977e-01  9.65707660e-01 -2.05615014e-01  7.00446218e-03
  -1.28644761e-02  3.35572064e-02 -2.93714367e-02 -1.90206766e-02]
 [ 1.38729423e-01  1.85396194e-01  9.65857387e-01  6.55176118e-02
   8.95747617e-02 -2.82860324e-02 -1.77096222e-02  8.47778562e-03]
 [-1.74620654e-02 -2.13087182e-02 -9.71755087e-02  7.89260745e-01
   5.87475061e-01  1.47159159e-01 -6.44996949e-03 -6.40997617e-03]
 [ 6.80025145e-02 -1.88103765e-02  2.81969458e-02  5.96716285e-01
  -7.98116207e-01  1.15235196e-02  3.06256916e-02  9.80718061e-03]
 [-1.35661010e-02 -2.23968383e-02  5.09326868e-02 -1.22100331e-01
  -7.64499903e-02  9.86784697e-01 -1.48343815e-05 -4.71499637e-02]
 [ 2.37900373e-02  2.92815380e-02  7.04579940e-03 -1.28616495e-02
   3.07720006e-02  3.22417496e-03  9.97999489e-01  3.74331921e-02]
 [-2.19331924e-02  1.85416695e-02 -8.50586873e-03 -5.64641319e-03
   4.67410590e-03  4.78909276e-02 -3.77532728e-02  9.97662425e-01]]",28
10,11,9,0.9,1.8174612522125244,"[[-9.66207445e-01  1.99059263e-01 -4.41767797e-02  2.29748487e-02
   4.43132780e-02  2.43133064e-02  4.98800203e-02 -7.63838068e-02
  -1.16025284e-01]
 [-1.55653492e-01 -8.89691830e-01 -3.94588262e-01 -3.21602970e-02
  -4.35484350e-02  9.38518494e-02  1.21290922e-01  1.68773308e-02
  -4.22511809e-02]
 [-9.67007652e-02 -3.58681083e-01  9.10368443e-01  4.37425114e-02
  -2.40497384e-02  4.40906994e-02  1.42035365e-01  8.36618803e-03
  -9.24455598e-02]
 [ 8.16536485e-04  4.23450954e-02 -4.74078953e-02  8.38975668e-01
  -4.63767409e-01  2.41708845e-01  2.95311306e-02  1.20154127e-01
   5.71494363e-02]
 [ 5.38569540e-02  5.75377932e-03 -2.27205288e-02  3.39832544e-01
   8.43697250e-01  3.68457377e-01  1.59721851e-01  6.06098883e-02
   6.55239224e-02]
 [-1.68315507e-02 -3.30760106e-02  5.82730398e-02 -1.84886172e-01
  -7.13793188e-02  6.74388051e-01 -6.94999039e-01 -8.65487829e-02
  -1.03127785e-01]
 [-5.29460125e-02 -5.67094125e-02  4.72280569e-03  9.30093974e-02
   1.41468376e-01 -3.06168079e-01 -3.80734831e-01  7.85613120e-01
  -3.30769598e-01]
 [-2.21335609e-02  1.45255297e-01 -1.17988959e-02 -3.65737021e-01
  -2.00329736e-01  4.65526998e-01  4.59981591e-01  5.78486204e-01
   2.03547508e-01]
 [-1.62439048e-01 -1.13737941e-01  8.51861089e-02  2.36848257e-02
   5.84451742e-02 -1.70936227e-01 -3.10930014e-01  1.27965644e-01
   8.98427427e-01]]",28
0,1,6,0.9,0.8301212787628174,"[[ 9.86258447e-01 -6.91269338e-02  1.47077918e-01  2.04721568e-04
   2.38962602e-02 -1.76886786e-02]
 [ 8.32109973e-02  9.91293430e-01 -8.74299332e-02 -4.55195308e-02
  -2.62791496e-02  2.61070835e-03]
 [-1.41742021e-01  9.76727530e-02  9.80472326e-01 -5.21629266e-02
   5.85758351e-02 -5.37692383e-02]
 [-3.25532956e-03  4.96785976e-02  5.00817262e-02  9.97000098e-01
  -2.85635442e-02  1.37223043e-02]
 [-1.46384072e-02  2.30286717e-02 -7.02884868e-02  3.27354260e-02
   9.83407736e-01 -1.61717579e-01]
 [ 7.39445491e-03  4.55124583e-03  4.41522822e-02 -1.12368185e-02
   1.65531382e-01  9.85113323e-01]]",29
1,2,6,0.9,0.8845689296722412,"[[-0.9855378  -0.04909806 -0.16110672 -0.01256614 -0.00375243 -0.01330942]
 [-0.08149418  0.9738827   0.20660539 -0.04087713  0.0071276  -0.02244613]
 [-0.14763744 -0.21490481  0.96223193  0.03441228  0.06506139  0.0266785 ]
 [-0.01039127  0.04716348 -0.03019887  0.99715316  0.04907666  0.00571726]
 [ 0.00692302  0.00479712 -0.06361794 -0.05117149  0.99660075  0.00707965]
 [-0.01100517  0.02665587 -0.0225713  -0.00734698 -0.00896847  0.99926203]]",29
2,3,6,0.9,0.9054722189903259,"[[-0.9281964  -0.35312706  0.08198195 -0.05906266 -0.01785163 -0.05678643]
 [-0.34101072  0.9322827   0.064476   -0.07734561 -0.05854572 -0.03152275]
 [ 0.09634724 -0.03076186  0.9895668  -0.04391074  0.05766455  0.07262956]
 [-0.08103662  0.05276972  0.04947696  0.9928978   0.04351069  0.02147957]
 [-0.04589575  0.04885502 -0.06103995 -0.04879473  0.9898634   0.09782909]
 [-0.06486197  0.00571259 -0.0608723  -0.01934616 -0.10585796  0.9901892 ]]",29
3,4,6,0.9,0.8239595890045166,"[[ 0.9810111   0.18605919 -0.02092287  0.02841636 -0.02592055 -0.03289452]
 [-0.18630682  0.98163074  0.01828571 -0.01919589 -0.03034996 -0.00817827]
 [ 0.02488367 -0.01279069  0.997821   -0.01844783  0.05235751 -0.02210966]
 [-0.02956216  0.01525146  0.01716649  0.9979359   0.04936979  0.01689283]
 [ 0.01729321  0.03340043 -0.05483237 -0.04677636  0.99318635 -0.08349697]
 [ 0.0333885   0.01647019  0.016729   -0.02048505  0.08251862  0.99554265]]",29
4,5,6,0.9,0.8205443024635315,"[[ 0.928293    0.3467579   0.11235448  0.06832802 -0.02024942 -0.01812887]
 [-0.35728192  0.931569    0.06250271  0.02309031 -0.00715429  0.00615759]
 [-0.07784256 -0.09245029  0.98073196 -0.12120449 -0.04497442 -0.08273514]
 [-0.06272468 -0.05661401  0.12156547  0.98281974  0.06882738  0.08608347]
 [ 0.01803394  0.01334822  0.04230397 -0.07657597  0.9950752   0.04084601]
 [ 0.01739381 -0.00279331  0.07118242 -0.09115355 -0.05103114  0.99182135]]",29
5,6,6,0.9,0.84651118516922,"[[ 9.9676538e-01  6.4935386e-02 -4.3788679e-02  1.9575683e-04
   1.3905829e-02  1.1458729e-02]
 [-5.6380667e-02  9.8352391e-01  1.6971199e-01  4.7114808e-03
   4.1533355e-03 -2.5696838e-02]
 [ 5.3165972e-02 -1.6653720e-01  9.8089510e-01 -5.3066239e-02
   6.5828457e-02 -1.1589109e-02]
 [ 6.4625721e-03 -1.4136105e-02  6.4836316e-02  9.7312677e-01
  -2.1983454e-01  1.5867449e-02]
 [-1.7638981e-02  5.9757335e-03 -4.9268588e-02  2.1910791e-01
   9.6444315e-01  1.3808310e-01]
 [-1.0023180e-02  2.2224655e-02  2.2231065e-02 -4.6667099e-02
  -1.3030048e-01  9.8982596e-01]]",29
6,7,6,0.9,0.8697366118431091,"[[ 0.9897586   0.08619961  0.09792321  0.01445439 -0.05485956 -0.01182854]
 [-0.10799014  0.96933705  0.21628103  0.013267   -0.0291252  -0.03036696]
 [-0.07186102 -0.22104035  0.96588826 -0.0955726   0.0593232  -0.0195864 ]
 [-0.01030354 -0.02734624  0.07924753  0.98123103  0.17311    -0.0091934 ]
 [ 0.05816074  0.05129551 -0.06098641 -0.1662623   0.9809813  -0.01730169]
 [ 0.00793942  0.02678666  0.02634188  0.0048506   0.01820936  0.9990848 ]]",29
7,8,7,0.9,0.9483352303504944,"[[ 9.9167633e-01 -1.2345446e-01 -3.4894574e-02  2.7627458e-03
   7.1802683e-04 -1.1233502e-03  1.0492714e-02]
 [ 1.1079056e-01  9.5938599e-01 -2.4517356e-01  4.2470030e-02
   6.9519810e-02 -1.7190356e-02 -1.6175942e-02]
 [-6.3376367e-02 -2.3739457e-01 -9.6773845e-01 -3.8084295e-02
  -4.3267352e-03  3.9879713e-02 -7.0739379e-03]
 [-1.0255116e-02 -5.4719374e-02 -2.1211831e-02  9.8645258e-01
   1.1760305e-01  9.7598344e-02 -2.4689017e-03]
 [-7.1411883e-03 -5.9680160e-02  1.7806135e-02 -1.2608802e-01
   9.8861748e-01  5.2891046e-02  3.1669396e-03]
 [ 6.7694676e-03  3.4895722e-02  3.5477031e-02 -8.7888099e-02
  -6.2869966e-02  9.9262053e-01  2.2479901e-02]
 [-9.2207668e-03  1.4411294e-02 -1.1357120e-02  5.2015581e-03
  -3.4102469e-04 -2.2235230e-02  9.9952823e-01]]",29
8,9,7,0.9,0.954447865486145,"[[ 0.94272584 -0.32461596 -0.05148277 -0.05360595 -0.00730729  0.006342
  -0.01657767]
 [ 0.31251693  0.9385313  -0.13370834 -0.04978784 -0.01011613  0.02884164
  -0.01417885]
 [ 0.09285668  0.11081053  0.9891368   0.00447843  0.02246279 -0.00458174
   0.01271381]
 [-0.00848359 -0.00325531 -0.01939403 -0.23204398  0.97150385  0.03727065
  -0.02209441]
 [ 0.06395756  0.02658861 -0.01786907  0.96609175  0.22691227  0.09931141
  -0.01406854]
 [-0.0196212  -0.0267687   0.01038566 -0.08550757 -0.05724236  0.9924188
   0.05750961]
 [ 0.02076765  0.00837814 -0.01664073  0.01175786  0.02746261 -0.05440678
   0.99768186]]",29
9,10,7,0.9,1.0075329542160034,"[[ 9.6754473e-01 -2.2139136e-01 -9.1996200e-02 -6.5688781e-02
   3.7300166e-02  1.5104188e-02 -2.1100171e-02]
 [ 1.9856666e-01  9.5743161e-01 -2.0528778e-01 -1.2576396e-03
  -4.1107992e-03  3.3346090e-02 -2.4946693e-02]
 [ 1.3320582e-01  1.8132679e-01  9.6903431e-01  4.0500835e-02
   8.8685207e-02 -2.7756846e-02 -8.5677728e-03]
 [ 5.1449995e-02 -2.2653835e-02 -5.1466439e-02  9.8541534e-01
   1.1425053e-01  9.7275436e-02  2.5134478e-02]
 [-5.6610998e-02 -4.4678873e-03 -7.2934419e-02 -1.2515604e-01
   9.8100317e-01  1.1280537e-01 -2.6451373e-02]
 [-1.6421298e-02 -2.1157566e-02  4.8963118e-02 -8.0485694e-02
  -1.2128942e-01  9.8777258e-01 -1.2439393e-03]
 [ 2.3728546e-02  2.1218078e-02  6.6618435e-04 -2.9285220e-02
   2.4400908e-02  2.6836970e-03  9.9876231e-01]]",29
10,11,8,0.9,1.5078450441360474,"[[-0.97179353  0.17516407 -0.02131221  0.00957214  0.09903385 -0.04864714
  -0.04652563 -0.10025086]
 [-0.17275707 -0.8712325  -0.4014908  -0.00591686 -0.05584338  0.13250329
   0.16598086  0.04066734]
 [-0.08973479 -0.3835154   0.9089024   0.08464023  0.05109339  0.02271112
   0.09128407  0.01170208]
 [-0.02435056  0.05240021 -0.04876609  0.93299085 -0.3372      0.06905619
  -0.0207404   0.07006165]
 [ 0.06481249  0.04871324 -0.06451291  0.26134324  0.83774686  0.45703027
   0.07740414  0.06539354]
 [-0.03119505 -0.01832898  0.06404798 -0.15400827 -0.26900893  0.713214
  -0.6188801  -0.08256949]
 [-0.04172233 -0.10830818 -0.00976115  0.01548607  0.15968996 -0.30660513
  -0.524888    0.76888144]
 [-0.10105721  0.21448095  0.038857   -0.17314434 -0.26659527  0.40402249
   0.5449876   0.61723393]]",29
0,1,6,0.9,0.8322528600692749,"[[ 0.9868388  -0.0365758   0.15295273  0.00385812  0.02868969 -0.02405995]
 [ 0.05222999  0.9932467  -0.09130077 -0.0373381  -0.03000003  0.01015731]
 [-0.15082994  0.09826528  0.97952086 -0.04964836  0.0536784  -0.0527894 ]
 [-0.00780329  0.04048037  0.04981255  0.995974   -0.05442867  0.02987515]
 [-0.02170457  0.02872403 -0.06644285  0.06086079  0.9790346  -0.179099  ]
 [ 0.01181358 -0.00188082  0.04373187 -0.02139705  0.18418564  0.9816121 ]]",30
1,2,6,0.9,0.8985713124275208,"[[ 0.98532957 -0.07272513 -0.15395063 -0.01115299 -0.00257119 -0.00220616]
 [ 0.10152719  0.9741069   0.19347535 -0.04860363  0.00784602 -0.03084309]
 [ 0.13654606 -0.20375805  0.9658647   0.03812442  0.06768002  0.03015334]
 [ 0.01036133  0.05376856 -0.03163078  0.99675214  0.04251141 -0.02605783]
 [-0.00798511  0.00330766 -0.06590285 -0.04497881  0.9967159  -0.01079255]
 [ 0.00137355  0.03751476 -0.02506519  0.0228449   0.01007383  0.99866873]]",30
2,3,6,0.9,0.9184985756874084,"[[ 0.9544263   0.2731274  -0.08029746  0.0456924   0.01575346  0.07542039]
 [-0.260763    0.9573377   0.06229486 -0.09117707 -0.04484809 -0.03608254]
 [ 0.08937422 -0.03862287  0.9892726  -0.04604385  0.06155619  0.07714247]
 [-0.06793195  0.07445223  0.05167948  0.9926293   0.00342948  0.04297454]
 [-0.04274924  0.04233915 -0.0657352  -0.01119933  0.9889573   0.11788481]
 [-0.08150546  0.00886058 -0.0633987  -0.04517428 -0.12610722  0.9855532 ]]",30
3,4,6,0.9,0.8245323896408081,"[[ 0.9926037   0.10767152 -0.04536902  0.02377164 -0.00868817 -0.02111777]
 [-0.10454041  0.99089116  0.06371455 -0.03476935 -0.03820604 -0.02186201]
 [ 0.0511268  -0.05687624  0.994805    0.00971177  0.0558159  -0.03611679]
 [-0.02698886  0.03489529 -0.00745941  0.9976781   0.04026048  0.03187221]
 [ 0.0018405   0.03964509 -0.05505035 -0.04038968  0.9957106  -0.04820175]
 [ 0.02153157  0.02274466  0.0340431  -0.0337465   0.04784235  0.99721235]]",30
4,5,6,0.9,0.816975474357605,"[[ 9.3264580e-01  3.4588858e-01  9.2453517e-02  4.3146331e-02
  -9.8140789e-03 -5.2488125e-03]
 [-3.4806508e-01  9.3732792e-01  3.8248955e-03  9.0809545e-04
  -8.8333059e-03  1.3177976e-02]
 [-8.1741653e-02 -3.3046335e-02  9.8645288e-01 -9.7014859e-02
  -1.4149597e-02 -9.7595721e-02]
 [-4.7485705e-02 -2.0506270e-02  1.0434009e-01  9.8591447e-01
   1.8595142e-02  1.1859452e-01]
 [ 6.0211015e-03  1.1245095e-02  1.5513208e-02 -2.3096267e-02
   9.9919212e-01  2.6044134e-02]
 [ 7.0661474e-03 -1.1767539e-02  8.4976368e-02 -1.2714145e-01
  -2.9912649e-02  9.8768973e-01]]",30
5,6,6,0.9,0.8426419496536255,"[[ 9.9857062e-01  3.2847781e-02  3.5879806e-02 -2.0506922e-03
  -4.2881814e-04 -2.2047440e-02]
 [-3.9800134e-02  9.7850209e-01  1.9861311e-01  3.0096868e-02
  -2.2931946e-03 -2.4318295e-02]
 [-2.9028077e-02 -1.9799040e-01  9.7488749e-01 -4.5038920e-02
   8.4242977e-02 -2.0642443e-02]
 [ 2.2570540e-03 -3.9933886e-02  5.0248649e-02  9.8773885e-01
  -1.3784097e-01  3.5313159e-02]
 [ 5.4963524e-03  1.6065843e-02 -7.2339222e-02  1.3667974e-01
   9.8008972e-01  1.2337507e-01]
 [ 1.9870384e-02  2.0041630e-02  3.3195123e-02 -5.2459650e-02
  -1.1541915e-01  9.9097329e-01]]",30
6,7,6,0.9,0.8585007786750793,"[[ 9.8838586e-01  5.0708156e-02  1.2639087e-01  2.5481438e-02
  -6.2359590e-02  3.0746339e-03]
 [-7.0620984e-02  9.8461455e-01  1.5764163e-01  4.4744755e-03
   1.3770289e-03 -2.5964024e-02]
 [-1.0845284e-01 -1.6405411e-01  9.7059160e-01 -1.1134637e-01
   6.6933930e-02 -4.8968900e-02]
 [-3.1357497e-02 -2.3324924e-02  9.8897345e-02  9.9015766e-01
   8.7911211e-02 -2.3483383e-02]
 [ 7.2331294e-02  1.4961164e-02 -6.6524364e-02 -7.8643017e-02
   9.9191767e-01  5.7714637e-03]
 [-1.1358036e-02  1.6771760e-02  5.4038737e-02  1.8325081e-02
  -1.5545807e-04  9.9816513e-01]]",30
7,8,7,0.9,0.9439615607261658,"[[ 0.9949545  -0.09652083  0.02425315  0.00835711 -0.00134769  0.0018674
   0.00927131]
 [ 0.08911029  0.9711943   0.19582759  0.06684812  0.07610843  0.00461827
  -0.01449145]
 [-0.04233336 -0.19264072  0.97978765 -0.01807744  0.00374025 -0.02761981
  -0.00315618]
 [-0.01425663 -0.06219041  0.00337387  0.9922098  -0.06760701 -0.08166182
  -0.0140715 ]
 [-0.00613716 -0.07702539 -0.01953812  0.05876153  0.99370676 -0.05145828
   0.00968123]
 [ 0.00497646  0.01870606 -0.02553478 -0.0837058  -0.04556092 -0.99492705
  -0.00329176]
 [-0.00819409  0.01429738  0.0058597   0.01395584 -0.00959729 -0.00396475
   0.99969566]]",30
8,9,7,0.9,0.9434338808059692,"[[ 9.81608868e-01 -1.57810956e-01 -8.72752145e-02 -2.41738707e-02
  -5.51152229e-02 -1.28746871e-02 -1.16124433e-02]
 [ 1.44392371e-01  9.80204940e-01 -1.29882485e-01 -2.87694018e-02
  -9.18697473e-03 -1.81507301e-02 -1.54329808e-02]
 [-1.03887513e-01 -1.14984199e-01 -9.86908793e-01 -8.18050094e-03
   4.10325937e-02  1.53044937e-02  3.50593496e-03]
 [-8.68471980e-04  1.82279591e-02 -2.71806810e-02  9.10788655e-01
  -4.08440292e-01 -3.05296853e-02 -4.04565744e-02]
 [ 6.46806210e-02  1.32150408e-02  2.51949672e-02  4.06384438e-01
   9.09144819e-01 -5.75539134e-02  1.38447888e-03]
 [ 2.02686731e-02  1.85438916e-02  1.22861220e-02  4.97733727e-02
   3.88681628e-02  9.97242987e-01 -2.47512273e-02]
 [ 1.43874055e-02  1.48958089e-02 -3.88838904e-04  3.68693136e-02
  -1.77698340e-02  2.30746977e-02  9.98680830e-01]]",30
9,10,8,0.9,1.117953896522522,"[[ 9.83234346e-01 -1.38185203e-01 -1.01640843e-01  4.49939072e-03
  -5.60192838e-02  1.56433154e-02 -1.26212118e-02 -1.61807742e-02]
 [ 1.13931179e-01  9.66065228e-01 -2.23678544e-01 -1.86257283e-04
   3.53727974e-02  3.61216031e-02 -3.07573974e-02  1.42660085e-02]
 [ 1.25273958e-01  2.10496441e-01  9.61888075e-01  9.70800966e-02
  -5.91438487e-02 -3.21008265e-02 -2.81575620e-02 -4.80208406e-03]
 [-3.30548920e-02 -1.47297932e-02 -1.00280739e-01  9.55149770e-01
  -2.47870311e-01  1.21649615e-01 -6.71714637e-03 -6.29040832e-03]
 [ 5.28644100e-02 -3.34759653e-02  3.74094695e-02  2.49424011e-01
   9.63446915e-01  4.87602539e-02  4.15519588e-02  1.17833018e-02]
 [ 1.39416745e-02  2.45203543e-02 -5.11082187e-02  1.26125202e-01
   1.87506750e-02 -9.88382459e-01  3.02491467e-02 -5.01824990e-02]
 [ 1.70312114e-02  3.41484919e-02  1.83428973e-02 -4.71965922e-03
  -4.40020114e-02  2.78023314e-02  9.97341752e-01  2.80250441e-02]
 [-1.43056568e-02  1.44604817e-02 -2.01902469e-03 -1.00924950e-02
   1.24575282e-02  5.07051125e-02  2.69185901e-02 -9.98012722e-01]]",30
10,11,8,0.9,1.5273215770721436,"[[ 0.9765887  -0.15922552 -0.09284472  0.02864889 -0.01142644  0.01652082
  -0.04754907  0.09389597]
 [ 0.1316223   0.9639708  -0.21928449  0.04883751  0.02737263  0.01939357
  -0.04080372  0.01322232]
 [ 0.11310749  0.19137104  0.9554376  -0.00285938  0.11274027  0.09839346
  -0.12028649  0.02922476]
 [-0.02820812 -0.06468476 -0.03662758  0.8734677   0.30954114 -0.10225188
  -0.28512853 -0.20775798]
 [ 0.02341475 -0.01613341 -0.0589306  -0.221957    0.9118996  -0.08357518
   0.32713014  0.02989719]
 [ 0.0127156   0.03705069  0.08434686 -0.07251251 -0.07497395 -0.97420865
  -0.0870842   0.1542916 ]
 [ 0.11312767  0.05146908  0.11960386  0.12461746 -0.19578807 -0.14609326
   0.67003137 -0.66790736]
 [-0.04304982  0.01784681  0.06480135  0.40470695 -0.12279677  0.04247026
   0.5803165   0.69006616]]",30
0,1,6,0.9,0.8287429213523865,"[[ 9.8740214e-01 -5.5706106e-02  1.4406586e-01  4.3515400e-05
   2.4599914e-02 -2.3953442e-02]
 [ 6.8353683e-02  9.9323446e-01 -7.9585142e-02 -4.2824145e-02
  -2.5202932e-02  3.1725341e-03]
 [-1.4101936e-01  8.7860994e-02  9.8165333e-01 -4.9858373e-02
   5.8222879e-02 -5.3617239e-02]
 [-3.3260589e-03  4.6146035e-02  4.8988149e-02  9.9693376e-01
  -3.7369318e-02  1.3645007e-02]
 [-1.7049558e-02  2.2827564e-02 -6.9743074e-02  4.1412689e-02
   9.8228818e-01 -1.6648969e-01]
 [ 1.3290677e-02  3.4508542e-03  4.4764530e-02 -9.3932264e-03
   1.7053737e-01  9.8419327e-01]]",31
1,2,6,0.9,0.8820456266403198,"[[ 0.98663205 -0.04110182 -0.15653089 -0.01316126 -0.00352753 -0.01342475]
 [ 0.07457487  0.9712652   0.22043358 -0.04442782  0.00740305 -0.02151549]
 [ 0.1439545  -0.22696534  0.9598145   0.03948877  0.06482188  0.02754638]
 [ 0.01030069  0.05194113 -0.03328032  0.9969818   0.04587092 -0.00341507]
 [-0.00680573  0.00523517 -0.06327517 -0.04815244  0.9967732   0.00686552]
 [ 0.01097432  0.02675852 -0.02349446  0.0015161  -0.0083665   0.9992694 ]]",31
2,3,6,0.9,0.9017376899719238,"[[ 0.9484142   0.29306248 -0.08605563  0.05746855  0.02102192  0.05894743]
 [-0.28083637  0.9523223   0.06001163 -0.08261753 -0.05451066 -0.02854347]
 [ 0.09644496 -0.03188379  0.99006337 -0.03789928  0.05761307  0.06856249]
 [-0.0771375   0.06208168  0.04508847  0.9936693   0.01248921  0.02506134]
 [-0.0464614   0.04780861 -0.05852154 -0.01864621  0.99191195  0.08884718]
 [-0.06504601  0.00634565 -0.057532   -0.02662756 -0.09603135  0.9912052 ]]",31
3,4,6,0.9,0.8146969079971313,"[[ 0.9830928   0.17548658 -0.03068835  0.02471223 -0.01967915 -0.02816559]
 [-0.17475869  0.9832037   0.02917965 -0.0287387  -0.03191066 -0.00861501]
 [ 0.0356262  -0.02197637  0.99750686 -0.00657707  0.05185024 -0.02227663]
 [-0.028315    0.02526155  0.00651662  0.9985052   0.03676825  0.01237379]
 [ 0.01086869  0.03406573 -0.05327038 -0.03587237  0.9943508  -0.07657195]
 [ 0.02826463  0.01527582  0.0175132  -0.01485507  0.07629231  0.9963031 ]]",31
4,5,6,0.9,0.8103698492050171,"[[ 0.91398007  0.38666633  0.10538691  0.05727209 -0.02277195 -0.01498524]
 [-0.39415112  0.917904    0.04294783  0.01288238 -0.00680154  0.00635104]
 [-0.07507174 -0.07596972  0.98116314 -0.13121401 -0.03560299 -0.08618021]
 [-0.05558616 -0.04421883  0.13371895  0.98287594  0.04722093  0.09380446]
 [ 0.01899499  0.01429588  0.03573643 -0.05589824  0.99619514  0.05126777]
 [ 0.01410568 -0.00319814  0.07218113 -0.1008326  -0.05943955  0.99039406]]",31
5,6,7,0.9,0.9112029671669006,"[[ 9.97226536e-01  6.42098263e-02 -2.80300025e-02 -4.14726604e-03
   1.30108865e-02  1.39378803e-03  2.10330244e-02]
 [-5.74580580e-02  9.80008662e-01  1.87641278e-01  7.27978861e-03
   5.71655296e-03 -2.58238167e-02 -1.78832598e-02]
 [ 3.85517552e-02 -1.85449675e-01  9.77126896e-01 -5.67222647e-02
   7.56453127e-02 -1.11956084e-02 -1.67424362e-02]
 [ 9.79494862e-03 -1.80532765e-02  6.79180175e-02  9.78632689e-01
  -1.90877527e-01  2.68060789e-02 -9.51262377e-03]
 [-1.58700719e-02  8.30157381e-03 -5.87127358e-02  1.90032363e-01
   9.67057824e-01  1.36637449e-01  7.90509805e-02]
 [-2.60086526e-04  2.25438420e-02  2.18859147e-02 -5.30751087e-02
  -1.26216352e-01  9.89760101e-01 -2.53009275e-02]
 [-2.00964101e-02  1.28644137e-02  2.62513068e-02 -7.81941414e-03
  -8.06852207e-02  1.38727054e-02  9.95980799e-01]]",31
6,7,7,0.9,0.9378386735916138,"[[ 0.99012715  0.07329054  0.10124672  0.01015537 -0.05997241 -0.01212575
  -0.01337899]
 [-0.0964333   0.969683    0.21688879  0.01129046 -0.02365315 -0.02715797
  -0.04416236]
 [-0.07794706 -0.22331722  0.9639167  -0.08935057  0.06702973 -0.02624971
  -0.04186579]
 [-0.00661033 -0.02591777  0.07259987  0.98443985  0.1555729  -0.00742103
  -0.02517813]
 [ 0.06421137  0.04615474 -0.06727289 -0.14924723  0.98315704 -0.00922919
  -0.0162262 ]
 [ 0.00782629  0.02127448  0.03185567  0.00382757  0.01042311  0.99909526
  -0.01251728]
 [ 0.00671486  0.03490353  0.05255302  0.01935414  0.0210116   0.00973284
   0.997529  ]]",31
7,8,7,0.9,0.938557505607605,"[[ 9.93010223e-01 -1.14624090e-01 -2.54509989e-02  7.22699426e-03
  -3.10386950e-03  1.20942213e-03  9.00840107e-03]
 [ 1.05081476e-01  9.62313056e-01 -2.35766798e-01  4.72039543e-02
   6.77107200e-02 -1.44953448e-02 -1.73924435e-02]
 [-5.11806421e-02 -2.30027869e-01 -9.70473349e-01 -3.52392234e-02
   1.14951108e-03  3.73456329e-02 -3.36180953e-03]
 [-1.38565516e-02 -5.35304956e-02 -1.89753398e-02  9.92925882e-01
   4.36942764e-02  9.36453119e-02 -1.39471306e-03]
 [-3.19149788e-03 -6.14488833e-02  1.97867285e-02 -5.16917631e-02
   9.95196283e-01  5.21968715e-02  3.17924656e-03]
 [ 3.57804517e-03  3.14335860e-02  3.36742327e-02 -8.88174474e-02
  -5.54867573e-02  9.93236363e-01  1.94781702e-02]
 [-7.37161282e-03  1.65111814e-02 -7.88221881e-03  3.91814439e-03
  -8.13090766e-04 -1.95268746e-02  9.99606729e-01]]",31
8,9,7,0.9,0.9474644064903259,"[[ 9.50844586e-01 -2.99587160e-01 -5.28946966e-02 -4.08612080e-02
  -3.81271094e-02  2.92553101e-03 -1.45724704e-02]
 [ 2.85836488e-01  9.44549739e-01 -1.48264617e-01 -4.29727100e-02
  -3.26440632e-02  3.02738380e-02 -1.76621601e-02]
 [ 9.40465778e-02  1.26102969e-01  9.87249315e-01  4.65430180e-03
  -2.28207540e-02 -1.36926398e-03  6.89626811e-03]
 [-3.77473515e-03  8.66827759e-05 -1.99951436e-02  6.53206706e-01
  -7.55800962e-01  3.39263044e-02 -2.28213724e-02]
 [ 6.80730343e-02  3.26242074e-02  1.11748942e-03  7.48224199e-01
   6.51253104e-01  1.00556664e-01 -1.47930924e-02]
 [-1.72145963e-02 -3.04226950e-02  6.09552115e-03 -9.52939540e-02
  -3.93703468e-02  9.92799103e-01  4.95986678e-02]
 [ 2.00686287e-02  1.34663759e-02 -1.09606115e-02  2.93709729e-02
  -6.64900010e-03 -4.64806966e-02  9.98112500e-01]]",31
9,10,8,0.9,1.118180513381958,"[[ 9.69607234e-01 -2.10381642e-01 -9.76453945e-02 -5.11643663e-02
   5.14929444e-02  1.32092172e-02 -2.24646628e-02  1.08746262e-02]
 [ 1.89132258e-01  9.62355733e-01 -1.87975258e-01 -7.85368588e-03
  -9.19376872e-03  3.62698659e-02 -2.61188634e-02 -2.49341410e-02]
 [ 1.31879166e-01  1.65843889e-01  9.69670475e-01  6.41761646e-02
   9.67100933e-02 -3.25420760e-02 -1.68212317e-02  5.42573491e-03]
 [-1.09445229e-02 -1.25323469e-02 -1.04708910e-01  7.35594094e-01
   6.50690675e-01  1.54290944e-01 -3.23936646e-03 -2.11169682e-02]
 [ 7.49651119e-02 -1.12610236e-02  2.27421783e-02  6.62295341e-01
  -7.44456470e-01  2.69125775e-03  2.96078417e-02  1.34129240e-03]
 [-1.37360916e-02 -2.64970474e-02  5.70293628e-02 -1.14361756e-01
  -9.75478739e-02  9.85238194e-01 -9.48883942e-04 -5.06689027e-02]
 [ 2.64628939e-02  2.42035985e-02  8.00635666e-03 -1.73547734e-02
   2.68765725e-02  3.68948816e-03  9.98365402e-01  2.96521429e-02]
 [-8.37570615e-03  2.31277067e-02 -8.49557482e-03  9.39953141e-03
   7.70362141e-03  5.41297421e-02 -3.01459525e-02  9.97665405e-01]]",31
10,11,9,0.9,1.6610103845596313,"[[-0.9596199   0.20353384 -0.03463094  0.0397681   0.08422109 -0.005096
   0.01666437 -0.12327822 -0.11103386]
 [-0.17137177 -0.8629318  -0.42908797 -0.03180989 -0.07326154  0.14193515
   0.11777893  0.01224719 -0.03629451]
 [-0.10238804 -0.3935957   0.89378023  0.09646444 -0.01146317  0.0831755
   0.12453382 -0.01209269 -0.0612062 ]
 [-0.00858799  0.06482865 -0.07427773  0.85592407 -0.47120368  0.14484997
  -0.04545815  0.10682192  0.0332964 ]
 [ 0.06828815  0.02661514 -0.05419353  0.31973267  0.77391     0.5267587
   0.04007933  0.08687781  0.06242513]
 [-0.02437618 -0.01371199  0.06203423 -0.2234946  -0.21107152  0.5438233
  -0.76365006 -0.13246404 -0.06645739]
 [-0.06681909 -0.09992319  0.01916681  0.06204603  0.17871502 -0.338173
  -0.40409842  0.7496455  -0.33131495]
 [-0.08836087  0.1830152   0.01680201 -0.31530166 -0.29367784  0.48174024
   0.40181267  0.6024685   0.12750809]
 [-0.14722249 -0.10211111  0.05375077  0.00718611  0.06084095 -0.17965426
  -0.24240178  0.15186907  0.9204118 ]]",31
0,1,6,0.9,0.8406230807304382,"[[ 0.9867849  -0.0723173   0.14012241  0.00768345  0.02176893 -0.02930189]
 [ 0.08098303  0.9940894  -0.05181064 -0.04367653 -0.02491316 -0.00391616]
 [-0.1377116   0.06130995  0.98370457 -0.05525026  0.05862562 -0.05578956]
 [-0.01096097  0.04687615  0.05398428  0.99690026 -0.02741352  0.01437332]
 [-0.01540063  0.02292817 -0.07008021  0.03202971  0.9815618  -0.17273226]
 [ 0.01937887  0.0086292   0.04670388 -0.01203096  0.17678645  0.98283803]]",32
1,2,6,0.9,0.8835137486457825,"[[ 0.990268    0.06096034 -0.12461938 -0.0097664  -0.00480082 -0.002188  ]
 [-0.0454628   0.989125    0.12742817 -0.05312935 -0.00794631 -0.02099939]
 [ 0.13130982 -0.1168564   0.97958696  0.03657055  0.08487248  0.03115853]
 [ 0.00176929  0.05942388 -0.03841333  0.9934121   0.0888517   0.01509087]
 [-0.00690103  0.01240495 -0.0793394  -0.09216712  0.99217474 -0.02445957]
 [-0.00307834  0.02397905 -0.02951326 -0.01954428  0.02012804  0.998878  ]]",32
2,3,6,0.9,0.8994737863540649,"[[ 0.91341203  0.38809425 -0.08748849  0.05218558  0.03103088  0.06099828]
 [-0.37218705  0.91770166  0.10717235 -0.06860961 -0.04772605 -0.02880112]
 [ 0.1173572  -0.06504281  0.98696023 -0.02657793  0.04534182  0.07172159]
 [-0.07127453  0.04152644  0.03760975  0.9958623   0.00592829  0.00202749]
 [-0.06215131  0.03530931 -0.04650446 -0.01032944  0.9854198   0.14686361]
 [-0.06663071  0.00218735 -0.05649979 -0.00381527 -0.1536753   0.9842422 ]]",32
3,4,6,0.9,0.8274202942848206,"[[ 0.99882495  0.03812036  0.00524765  0.02925512  0.002675   -0.00225771]
 [-0.03774864  0.9982759  -0.02422697 -0.00400135 -0.03756432  0.00250594]
 [-0.00662588  0.02541529  0.99824786  0.00783254  0.03480486 -0.03922418]
 [-0.02929676  0.00382359 -0.00719936  0.99760646  0.03294299  0.05264382]
 [-0.00322572  0.03644672 -0.03903734 -0.02841697  0.9938053  -0.09317077]
 [ 0.00335337  0.00178747  0.03620601 -0.05514185  0.09293085  0.9934777 ]]",32
4,5,7,0.9,0.8830429911613464,"[[ 9.52223599e-01  2.86391884e-01  8.18683356e-02  6.30677640e-02
  -9.85877309e-03  7.67210918e-03 -2.03409679e-02]
 [-2.89645344e-01  9.56832469e-01  2.07935739e-02 -3.24748573e-04
  -8.19426030e-03  8.46986100e-03  2.43366882e-03]
 [-6.69211000e-02 -4.10956107e-02  9.86425936e-01 -9.87454429e-02
  -2.66911257e-02 -7.88296387e-02 -6.41826838e-02]
 [-6.76534399e-02 -2.26471946e-02  1.01001203e-01  9.86947179e-01
   5.20555638e-02  8.83596465e-02 -1.12645691e-02]
 [ 8.62475298e-03  9.78092104e-03  2.87086926e-02 -6.11925647e-02
   9.94669199e-01  7.55463913e-02  1.36828357e-02]
 [-3.30009824e-03 -1.22958245e-02  7.29415342e-02 -9.06235650e-02
  -8.36645812e-02  9.84833837e-01  9.69922990e-02]
 [ 1.53285600e-02  1.67488563e-03  5.90186268e-02  1.58036053e-02
  -6.85143005e-03 -1.01207979e-01  9.92844045e-01]]",32
5,6,7,0.9,0.9312601089477539,"[[ 9.97606993e-01  6.26167804e-02 -2.39657070e-02 -1.26197357e-02
   9.92602203e-03 -4.41507623e-03  2.78692716e-03]
 [-5.60131818e-02  9.73111153e-01  2.20416576e-01  7.36738509e-03
   2.12971866e-02 -2.82532480e-02 -5.26693789e-03]
 [ 3.49121541e-02 -2.18521774e-01  9.66564298e-01 -9.58077088e-02
   8.26335251e-02 -1.31461537e-02 -2.45451126e-02]
 [ 1.85458250e-02 -2.62905080e-02  1.06415339e-01  9.73029733e-01
  -2.00990111e-01 -6.03595329e-03 -2.04983912e-02]
 [-7.70407170e-03 -5.72760589e-03 -5.92898689e-02  2.08264425e-01
   9.65397239e-01  1.23225123e-01  7.64344186e-02]
 [ 4.40725498e-03  2.56513394e-02  2.61699501e-02 -2.11012680e-02
  -1.17404304e-01  9.91538405e-01 -3.55012231e-02]
 [-1.09736191e-03  3.98298958e-04  3.27282026e-02  1.00432034e-03
  -8.02930892e-02  2.53027305e-02  9.95911300e-01]]",32
6,7,7,0.9,0.9451412558555603,"[[ 0.9843756   0.04752726  0.15528466  0.00716914 -0.06403551 -0.01295884
  -0.01768184]
 [-0.08371956  0.9693565   0.22533625  0.0130042  -0.00339765 -0.01854216
  -0.04514662]
 [-0.13492532 -0.2345649   0.95331377 -0.09474453  0.07337103 -0.04080568
  -0.04407263]
 [-0.01431247 -0.03495292  0.07969978  0.9924756   0.07316876 -0.02365117
  -0.03606185]
 [ 0.07397088  0.02540035 -0.06771964 -0.06673612  0.9921261  -0.01482486
  -0.01759448]
 [ 0.00626372  0.00778785  0.04468646  0.01823723  0.01803995  0.99824417
  -0.02745367]
 [ 0.00866559  0.03377851  0.05803688  0.03176109  0.02261324  0.02350543
   0.99666595]]",32
7,8,7,0.9,0.9683823585510254,"[[ 9.95487988e-01 -7.35039636e-02  5.11678569e-02  1.99696254e-02
  -2.08040494e-02 -1.88380829e-03 -1.21501526e-02]
 [ 6.38884902e-02  9.81993020e-01  1.63748980e-01  4.46888804e-02
   4.72051650e-02 -7.41981145e-04 -2.38407589e-02]
 [-6.15117028e-02 -1.59187555e-01  9.84648824e-01 -2.33490206e-02
   8.42373725e-03  2.33415309e-02  1.34681668e-02]
 [-2.34538019e-02 -4.70567718e-02  1.31681431e-02  9.97121990e-01
   2.52469182e-02  4.60854620e-02  6.97481306e-03]
 [ 1.89057104e-02 -4.50185910e-02 -1.74546801e-02 -3.11075151e-02
   9.92902756e-01  1.00630991e-01 -1.90000162e-02]
 [ 3.25070228e-03  1.21923909e-02 -2.21589375e-02 -4.27076407e-02
  -1.00908086e-01  9.92492735e-01  4.79732528e-02]
 [ 1.48405712e-02  2.35928949e-02 -8.11091345e-03 -3.88146099e-03
   2.43331045e-02 -4.64613959e-02  9.98194158e-01]]",32
8,9,7,0.9,0.9811944961547852,"[[ 9.78504419e-01 -1.83669478e-01 -6.47497699e-02 -5.24980901e-03
  -6.27755150e-02  4.45016776e-04 -2.51715258e-02]
 [ 1.67153448e-01  9.70230639e-01 -1.60044819e-01 -2.33124550e-02
  -5.81411794e-02  2.80922186e-02 -1.96176842e-02]
 [-9.34692547e-02 -1.46794304e-01 -9.84570503e-01  4.40817652e-03
  -5.62486472e-03 -2.78337952e-03 -1.66445095e-02]
 [-1.42196370e-02  7.48534268e-03  6.60479814e-03  9.44881737e-01
  -3.25099170e-01 -3.28728147e-02 -1.12531623e-02]
 [ 6.77321628e-02  4.51389886e-02 -1.65326465e-02  3.25429589e-01
   9.33880687e-01  1.12638742e-01 -4.87495400e-02]
 [-1.12740435e-02 -3.14537734e-02  2.19642115e-03 -2.94780917e-03
  -1.11682124e-01  9.89764750e-01  8.22372288e-02]
 [ 3.05848289e-02  1.69281587e-02 -2.21869927e-02  2.63633523e-02
   4.84946817e-02 -7.61616230e-02  9.94705200e-01]]",32
9,10,8,0.9,1.1359894275665283,"[[ 0.9717383  -0.18586986 -0.06488281 -0.06555923  0.07647748  0.00768515
  -0.05231727 -0.06343898]
 [ 0.15519391  0.955419   -0.22628884 -0.07214998  0.02151549  0.0398869
  -0.05505839 -0.03989569]
 [ 0.10861854  0.21831527  0.95521146  0.14328703  0.06388891 -0.05253726
  -0.0255983  -0.00911951]
 [-0.04322841 -0.00689426 -0.12010937  0.5052077   0.8468696   0.10500295
   0.00648952 -0.01291563]
 [ 0.08275455  0.02309714 -0.0995592   0.8251932  -0.5190442   0.13000101
  -0.07481167 -0.09928947]
 [-0.00769179 -0.02270856  0.08644317 -0.14579804 -0.02340928  0.9782271
   0.11478607  0.0065951 ]
 [ 0.05145051  0.04522692 -0.00421776  0.0517699  -0.02669849 -0.10252933
   0.9630077  -0.23238018]
 [-0.0917519  -0.04269687  0.01806113 -0.09924382  0.04184091  0.01494438
  -0.21766402 -0.96448505]]",32
10,11,8,0.9,1.4096651077270508,"[[-0.9612245   0.11489669  0.07669087  0.0390199  -0.02312987  0.03158613
   0.08976139 -0.21413177]
 [-0.14153256 -0.692126   -0.67055875 -0.09656415 -0.1574421  -0.11888997
   0.04854505  0.02601989]
 [-0.01091775 -0.652024    0.731302    0.00361554 -0.15305062 -0.06947204
   0.10728639  0.01298334]
 [-0.03042443  0.03010952 -0.04244131  0.8788322  -0.2989755  -0.23672041
  -0.16743386  0.22486329]
 [ 0.05095964  0.10576361 -0.01488273 -0.12380958 -0.8107612   0.5566597
  -0.03703448 -0.04573315]
 [-0.01361716 -0.00991718  0.06033278 -0.20584631 -0.14108641 -0.3307808
  -0.8396075  -0.34560287]
 [-0.11034292 -0.23396362  0.00242554  0.16653131  0.40486804  0.6709212
  -0.4743981   0.25737116]
 [-0.2000333   0.12528081  0.06323041 -0.36243555 -0.1439057  -0.23363073
  -0.1366599   0.8455564 ]]",32
0,1,6,0.9,0.8307229280471802,"[[ 9.8594230e-01 -3.8758676e-02  1.5953754e-01  1.0240729e-03
   2.5239080e-02 -1.8035429e-02]
 [ 5.4837693e-02  9.9301964e-01 -9.2064790e-02 -3.9735477e-02
  -2.8080922e-02  7.8427605e-03]
 [-1.5673831e-01  9.9239804e-02  9.7813511e-01 -5.3116247e-02
   5.6878276e-02 -5.2724250e-02]
 [-6.3813366e-03  4.3887563e-02  5.2029490e-02  9.9673986e-01
  -3.4313522e-02  2.5655452e-02]
 [-1.6113566e-02  2.5202468e-02 -6.9288082e-02  4.0623277e-02
   9.8128957e-01 -1.7240909e-01]
 [ 6.5849265e-03 -3.6113779e-05  4.2610958e-02 -2.1400452e-02
   1.7672771e-01  9.8308206e-01]]",33
1,2,6,0.9,0.8883816003799438,"[[-9.82684016e-01 -9.70915332e-02 -1.57046273e-01 -1.27854105e-02
  -2.75504566e-03 -8.41468014e-03]
 [-1.25022814e-01  9.73099649e-01  1.85701624e-01 -4.60924134e-02
   1.07636983e-02 -2.68486217e-02]
 [-1.35589957e-01 -2.00332627e-01  9.66829181e-01  3.04774661e-02
   6.86325356e-02  3.29250582e-02]
 [-1.38108013e-02  4.97722067e-02 -2.60023698e-02  9.97325540e-01
   4.42911461e-02 -5.99925034e-03]
 [ 8.64436384e-03  5.40812442e-04 -6.76303580e-02 -4.59876806e-02
   9.96562779e-01 -9.94945504e-03]
 [-7.16536678e-03  3.22417356e-02 -2.90266555e-02  3.18027823e-03
   8.19530245e-03  9.98994112e-01]]",33
2,3,6,0.9,0.9125063419342041,"[[-0.92917234 -0.3482304   0.08771617 -0.05507476 -0.01595769 -0.06627493]
 [-0.33537278  0.9338496   0.06972811 -0.07807893 -0.05791969 -0.03372275]
 [ 0.1024905  -0.0344346   0.98754936 -0.05197664  0.06446906  0.07872908]
 [-0.07723232  0.05495868  0.05659609  0.9923365   0.04411402  0.03367155]
 [-0.04711655  0.04940144 -0.06949969 -0.05017199  0.9875419   0.11292942]
 [-0.07399192  0.00374284 -0.06447224 -0.03032962 -0.12267569  0.9871096 ]]",33
3,4,6,0.9,0.8254848122596741,"[[ 0.9814295   0.18272474 -0.0306777   0.03205593 -0.02466836 -0.02881979]
 [-0.1813415   0.9805641   0.05947584 -0.02426817 -0.03219499 -0.02112806]
 [ 0.04169585 -0.05207703  0.9958087  -0.01577919  0.05146766 -0.03188037]
 [-0.0340816   0.01907457  0.016839    0.99814755  0.03902785  0.01921899]
 [ 0.01544071  0.03608893 -0.05327291 -0.03658381  0.99391514 -0.08009727]
 [ 0.02780072  0.02697     0.02765439 -0.02230709  0.079471    0.99545056]]",33
4,5,6,0.9,0.8180412650108337,"[[ 0.92219144  0.36700717  0.10352191  0.06204512 -0.01364216 -0.0107742 ]
 [-0.37398434  0.9263764   0.03625141  0.01858303 -0.01045196  0.01392259]
 [-0.07832838 -0.0669807   0.9839605  -0.10527832 -0.03430791 -0.09454867]
 [-0.05729426 -0.04838772  0.10978927  0.9836739   0.04242236  0.11361492]
 [ 0.00904024  0.01403657  0.03443483 -0.04959475  0.99744934  0.03421622]
 [ 0.0141025  -0.01038079  0.08094054 -0.12102728 -0.04269494  0.98826694]]",33
5,6,6,0.9,0.8407447338104248,"[[ 9.9885851e-01  4.2587508e-02 -1.6106265e-02 -7.0354791e-04
   1.2127507e-02  7.8135859e-03]
 [-3.8516197e-02  9.8055226e-01  1.9016781e-01  1.7178452e-02
  -2.1006283e-03 -2.3881864e-02]
 [ 2.3086376e-02 -1.8837011e-01  9.7835809e-01 -4.2762324e-02
   6.8255574e-02 -1.7658247e-02]
 [ 4.5691766e-03 -2.6451105e-02  5.0894503e-02  9.8130220e-01
  -1.8057220e-01  3.3599004e-02]
 [-1.4207764e-02  1.2507191e-02 -5.4757375e-02  1.7724361e-01
   9.7208506e-01  1.4240317e-01]
 [-6.5204254e-03  1.9080477e-02  2.8349709e-02 -5.9215683e-02
  -1.3279302e-01  9.8876143e-01]]",33
6,7,6,0.9,0.8592113256454468,"[[ 9.91766393e-01  5.81605397e-02  9.49358344e-02  2.25146990e-02
  -5.91250621e-02 -1.17252104e-03]
 [-7.91446641e-02  9.72737134e-01  2.14745790e-01  1.25495680e-02
  -2.05470379e-02 -2.86888685e-02]
 [-7.41995275e-02 -2.17695802e-01  9.65415537e-01 -1.06251121e-01
   5.15812114e-02 -3.35549824e-02]
 [-2.06591971e-02 -3.20232399e-02  9.12334472e-02  9.84501064e-01
   1.43708915e-01 -1.81561764e-02]
 [ 6.47131279e-02  3.97142097e-02 -5.37957698e-02 -1.36345848e-01
   9.86281037e-01 -6.58492499e-04]
 [-3.93442996e-03  2.01378744e-02  4.03336436e-02  1.46228215e-02
   4.33560368e-03  9.98859107e-01]]",33
7,8,7,0.9,0.9338055849075317,"[[ 9.90710139e-01 -1.28842726e-01 -4.09731194e-02  4.33627795e-03
  -4.70464211e-03 -2.94245896e-04  1.31616704e-02]
 [ 1.16760425e-01  9.64395225e-01 -2.16416225e-01  5.49659394e-02
   7.79529363e-02 -1.48458276e-02 -1.24344733e-02]
 [-6.72063753e-02 -2.08012834e-01 -9.74763930e-01 -2.50674747e-02
  -8.45833495e-03  3.62440832e-02 -5.96287288e-03]
 [-1.21570919e-02 -6.00120500e-02 -8.90227593e-03  9.92495477e-01
   5.24881184e-02  9.12682489e-02 -6.28092047e-03]
 [-4.19821870e-03 -7.32022673e-02  1.05050988e-02 -6.11240380e-02
   9.94285226e-01  4.58119847e-02  8.68890807e-03]
 [ 5.69742685e-03  3.09385471e-02  3.25630270e-02 -8.65134373e-02
  -4.92322333e-02  9.93966460e-01  8.50255415e-03]
 [-1.20798843e-02  1.24466671e-02 -8.39052629e-03  7.97959138e-03
  -6.91208709e-03 -8.24293029e-03  9.99724686e-01]]",33
8,9,7,0.9,0.942460834980011,"[[ 0.9606205  -0.26395553 -0.05738582  0.05489453  0.0288939   0.01333545
  -0.01471299]
 [ 0.253203    0.958176   -0.12666976  0.02873997  0.01018086  0.02430836
  -0.01487137]
 [ 0.08958591  0.10775387  0.9894573  -0.02574711  0.02410966  0.00164444
   0.00952871]
 [-0.00791675 -0.00158049 -0.03166594 -0.40383008  0.9119725   0.05800899
  -0.02818507]
 [ 0.06459894  0.00993712 -0.02070691 -0.90833414 -0.40688175  0.06810351
  -0.00614366]
 [-0.02253437 -0.02028205  0.00502263  0.08366627 -0.02513492  0.9949915
   0.03762616]
 [ 0.01809221  0.01013279 -0.01338363 -0.01865601  0.02453086 -0.03489075
   0.99861085]]",33
9,10,7,0.9,1.0099780559539795,"[[ 0.9759847  -0.18645424 -0.08205608 -0.05908032  0.04364541  0.01885231
  -0.01430892]
 [ 0.16649562  0.96087724 -0.2159627   0.02556293 -0.01106021  0.02876616
  -0.02740215]
 [ 0.11776054  0.19758277  0.96757054  0.03902026  0.09114411 -0.02983285
  -0.01344744]
 [-0.01463548  0.03916669  0.06994449 -0.8603094  -0.48534504 -0.13234302
  -0.01236262]
 [-0.07093309  0.02018727 -0.05551285 -0.49573708  0.8609962   0.05322422
  -0.03970769]
 [-0.01813872 -0.01444133  0.04936612 -0.08673549 -0.10924251  0.98871005
  -0.00456899]
 [ 0.01705543  0.02757876  0.00481228 -0.03038057  0.02927828  0.00565972
   0.99855554]]",33
10,11,8,0.9,1.4379302263259888,"[[ 0.97406083  0.18969473 -0.00890054 -0.0481686   0.07650904 -0.01081687
  -0.02143385 -0.07994913]
 [ 0.17068484 -0.8493799  -0.47454518 -0.00307698 -0.07215836  0.07710241
   0.11396369  0.00886824]
 [ 0.09822302 -0.44273373  0.8761564  -0.06555837 -0.05807457  0.05600287
   0.12572587 -0.0086711 ]
 [ 0.00223986  0.08154491 -0.05090918 -0.75605863 -0.6398111   0.01982671
  -0.05283203  0.08115625]
 [-0.06273852  0.02746042 -0.03376186 -0.51520514  0.6302004   0.54136914
   0.16915558  0.09943307]
 [ 0.01607542 -0.03121756  0.03711475  0.21489152 -0.1992868   0.672085
  -0.66838634 -0.11426876]
 [ 0.05045896 -0.11847453  0.04187411 -0.08621213  0.21322852 -0.2962605
  -0.51037985  0.7619104 ]
 [ 0.07535703  0.15537785 -0.01466495  0.32046905 -0.30638942  0.39731565
   0.4817812   0.61920613]]",33
0,1,6,0.9,0.8308089971542358,"[[ 9.8748326e-01 -2.9603895e-02  1.5122733e-01  2.4802384e-03
   2.4751265e-02 -2.2629982e-02]
 [ 4.5065697e-02  9.9353784e-01 -9.3369462e-02 -3.6035709e-02
  -2.7547462e-02  8.7404093e-03]
 [-1.4950554e-01  9.8897025e-02  9.7925532e-01 -5.3773746e-02
   5.6673530e-02 -5.3131316e-02]
 [-7.9176798e-03  4.0261842e-02  5.2919831e-02  9.9678218e-01
  -3.6153160e-02  2.5181031e-02]
 [-1.7386580e-02  2.4574138e-02 -6.9052570e-02  4.2526606e-02
   9.8077750e-01 -1.7490716e-01]
 [ 1.1366354e-02 -8.2946563e-04  4.3619212e-02 -2.0506058e-02
   1.7940186e-01  9.8252833e-01]]",34
1,2,6,0.9,0.8879908919334412,"[[ 9.85398650e-01 -6.97586387e-02 -1.54367968e-01 -1.28766457e-02
  -4.15274361e-03 -1.05232038e-02]
 [ 9.77877975e-02  9.75672483e-01  1.88610017e-01 -4.77286801e-02
   1.03053320e-02 -2.32997686e-02]
 [ 1.38341501e-01 -1.99241459e-01  9.66513515e-01  2.86215618e-02
   7.09776729e-02  3.40451002e-02]
 [ 1.29634105e-02  5.13491929e-02 -2.43030656e-02  9.96838570e-01
   5.29521406e-02 -1.06553445e-02]
 [-7.57424906e-03  6.30743685e-04 -6.97005466e-02 -5.47172502e-02
   9.95891571e-01 -1.70345288e-02]
 [ 7.95605779e-03  2.93725170e-02 -3.16162407e-02  7.47585995e-03
   1.53257372e-02  9.98891175e-01]]",34
2,3,6,0.9,0.9133263826370239,"[[ 9.2221648e-01  3.6409813e-01 -9.3902759e-02  5.3840231e-02
   2.3553897e-02  6.8396561e-02]
 [-3.5122183e-01  9.2824250e-01  6.8105057e-02 -7.7484258e-02
  -5.8294348e-02 -3.1123821e-02]
 [ 1.0804730e-01 -2.9420173e-02  9.8749763e-01 -5.2019011e-02
   6.3562050e-02  7.4582011e-02]
 [-7.6659329e-02  5.3122345e-02  5.7249904e-02  9.9269903e-01
   3.6176972e-02  3.5548724e-02]
 [-5.4619495e-02  4.5943573e-02 -6.5709256e-02 -4.2332072e-02
   9.8992085e-01  9.4089933e-02]
 [-7.5005993e-02 -2.9951309e-05 -6.1620437e-02 -3.3883821e-02
  -1.0370535e-01  9.8927957e-01]]",34
3,4,6,0.9,0.8247804045677185,"[[ 0.98151195  0.18325531 -0.03286944  0.03068797 -0.02159826 -0.02373572]
 [-0.18194087  0.98098016  0.04949858 -0.02507348 -0.03225061 -0.02136878]
 [ 0.04195718 -0.04181639  0.9962366  -0.01347947  0.05249855 -0.03264514]
 [-0.03345377  0.01982222  0.01475363  0.9986292   0.02814047  0.01476356]
 [ 0.01217474  0.03509609 -0.05463325 -0.02618073  0.99359155 -0.08789543]
 [ 0.02245563  0.02687419  0.02792041 -0.01737929  0.08787049  0.9949727 ]]",34
4,5,6,0.9,0.8150458931922913,"[[ 0.92473626  0.3639406   0.0953683   0.05470132 -0.01513129 -0.00967838]
 [-0.37031996  0.9277676   0.03818283  0.01961538 -0.01229934  0.01079515]
 [-0.07054044 -0.06563014  0.9835232  -0.11299253 -0.03781965 -0.09592307]
 [-0.05018792 -0.04646598  0.11922399  0.9826819   0.04505896  0.11581754]
 [ 0.00980283  0.01606383  0.03893659 -0.05545752  0.99608153  0.05362734]
 [ 0.01161836 -0.00837674  0.07999178 -0.12294889 -0.06309336  0.98706585]]",34
5,6,6,0.9,0.8411208987236023,"[[ 0.99922115  0.03386391 -0.01411953 -0.00514719  0.01271595  0.0047729 ]
 [-0.03003282  0.97801554  0.20418064  0.01503902 -0.00210484 -0.02575514]
 [ 0.01956356 -0.20241931  0.9749761  -0.05498549  0.06875198 -0.01775188]
 [ 0.00849416 -0.02693259  0.06058181  0.9869178  -0.1423408   0.03556049]
 [-0.0137085   0.01491593 -0.05498015  0.13951966  0.9773228   0.1481255 ]
 [-0.0035096   0.02043115  0.02897626 -0.05702023 -0.14030777  0.9878224 ]]",34
6,7,6,0.9,0.8548098206520081,"[[ 9.9232036e-01  2.7688220e-02  1.0032856e-01  2.2430075e-02
  -6.2965468e-02  1.6427855e-04]
 [-5.2838154e-02  9.6928346e-01  2.3724264e-01  1.6188094e-02
  -2.2634339e-02  2.5285458e-02]
 [-8.4679730e-02 -2.3742810e-01  9.5927191e-01 -1.1014830e-01
   5.0422482e-02  3.9743911e-02]
 [-2.1744346e-02 -3.7748866e-02  9.3604125e-02  9.8448420e-01
   1.4061345e-01  1.8956212e-02]
 [ 6.9573455e-02  4.1459959e-02 -5.0725739e-02 -1.3295643e-01
   9.8650390e-01  2.0320035e-04]
 [-4.9429880e-03  1.4388407e-02  4.5963839e-02  1.4689295e-02
   4.2928071e-03 -9.9871004e-01]]",34
7,8,7,0.9,0.9301579594612122,"[[ 0.99224937 -0.11798012 -0.0367931   0.00573258 -0.00617303 -0.00137839
   0.00976859]
 [ 0.10738569  0.96648145 -0.21317345  0.0477227   0.07893601  0.0153741
  -0.01393984]
 [-0.06068451 -0.20643272 -0.97576356 -0.01657042 -0.00921273 -0.03465366
  -0.00530158]
 [-0.01159023 -0.04960295 -0.00279631  0.99437433  0.02974025 -0.08742954
  -0.00940944]
 [-0.00243816 -0.07595415  0.00944596 -0.03843783  0.9946681  -0.05667816
   0.00901595]
 [-0.00353644 -0.03104491 -0.03046281  0.08394901  0.05781135  0.9938296
  -0.00296349]
 [-0.00861734  0.01366013 -0.00798899  0.01047585 -0.00740675  0.00267828
   0.99975175]]",34
8,9,7,0.9,0.9396021962165833,"[[ 0.9650469  -0.24888684 -0.04976547 -0.04687247 -0.04119964 -0.01176686
  -0.01517564]
 [ 0.2382387   0.960947   -0.13314627 -0.03071035 -0.01559742 -0.02523466
  -0.01650024]
 [ 0.08140867  0.11720921  0.9892911   0.02112563 -0.02102936 -0.00424072
   0.00559564]
 [-0.00881661  0.00162682 -0.02914162  0.57768637 -0.8137221  -0.04837307
  -0.02941648]
 [ 0.06621201  0.01500606 -0.01249463  0.80894804  0.5787842  -0.07627719
  -0.00532736]
 [ 0.02181759  0.02274611 -0.00180821  0.08809029  0.00455173  0.99496466
  -0.03560731]
 [ 0.01901654  0.0123774  -0.00948886  0.02313463 -0.02148529  0.03307208
   0.9986513 ]]",34
9,10,8,0.9,1.1103602647781372,"[[ 0.97677577 -0.18787476 -0.07057735 -0.0532885   0.04684705  0.01605863
  -0.01645842  0.00824376]
 [ 0.16879772  0.957745   -0.22666185  0.0161211  -0.01562137  0.03072062
  -0.02407884 -0.02878712]
 [ 0.10881947  0.21059148  0.965057    0.05164753  0.0920273  -0.03166143
  -0.01743073  0.00562393]
 [-0.00131884 -0.02885104 -0.08836215  0.7710147   0.6131051   0.14261551
   0.00534766 -0.02506991]
 [ 0.07037477 -0.02512234  0.03828173  0.6235818  -0.7755486  -0.02208928
   0.04377829 -0.0147099 ]
 [ 0.01585139  0.01723241 -0.05303748  0.0959917   0.10328842 -0.9879968
   0.00304072  0.02467836]
 [ 0.01867484  0.02666697  0.0083326  -0.02940393  0.0323333   0.00565521
   0.99600494  0.07002115]
 [-0.00451826  0.02463973 -0.01234226  0.02891045 -0.00221227  0.02826979
  -0.0697524   0.99635077]]",34
10,11,8,0.9,1.4573851823806763,"[[ 0.9718581   0.19223249  0.00745249 -0.06546026  0.05858685 -0.0057787
  -0.02228708 -0.1011704 ]
 [ 0.1758278  -0.8381999  -0.49655086 -0.00470276 -0.07450995  0.06670963
   0.09941018 -0.00601583]
 [ 0.08962591 -0.45937228  0.8613275  -0.05266891 -0.109636    0.06713719
   0.14000264 -0.01252632]
 [-0.00841868  0.10155206 -0.06820583 -0.63831735 -0.74957126  0.02323824
  -0.07107417  0.10033256]
 [-0.05783965  0.02274112 -0.02302704 -0.6052924   0.5347037   0.5407359
   0.1951595   0.11330353]
 [ 0.00689083 -0.03321424  0.03383952  0.23566198 -0.13913445  0.67319554
  -0.67519206 -0.11718661]
 [ 0.07263783 -0.12406045  0.059359   -0.10203864  0.20514362 -0.28746003
  -0.48926368  0.77543616]
 [ 0.08833812  0.14872941 -0.04056622  0.39133424 -0.26417494  0.40280038
   0.4812672   0.59298664]]",34
0,1,6,0.9,0.8273095488548279,"[[ 0.9860649  -0.01153775  0.16262184 -0.00179237  0.0245667  -0.02214056]
 [ 0.02890937  0.9934251  -0.10030517 -0.03814983 -0.02665892  0.00660745]
 [-0.16259463  0.10309667  0.9764766  -0.05607149  0.05843756 -0.05355993]
 [-0.00549617  0.04303822  0.05471552  0.9968974  -0.02932379  0.02143485]
 [-0.01617605  0.02214068 -0.07085863  0.03529602  0.9827579  -0.16482784]
 [ 0.01054896  0.00145199  0.04440539 -0.01863274  0.16910881  0.9843626 ]]",35
1,2,6,0.9,0.8809250593185425,"[[ 9.8083425e-01 -1.0655698e-01 -1.6170588e-01 -1.7081764e-02
  -9.5772475e-04 -1.2977057e-02]
 [ 1.3404398e-01  9.7265333e-01  1.7963599e-01 -5.3833857e-02
   1.5321074e-02 -2.3996841e-02]
 [ 1.3919100e-01 -1.9630802e-01  9.6721131e-01  3.0838173e-02
   6.6741042e-02  3.4437723e-02]
 [ 1.9354310e-02  5.6478478e-02 -2.4702709e-02  9.9751127e-01
   2.7033219e-02 -8.1207864e-03]
 [-1.0875257e-02 -3.2277673e-03 -6.7198806e-02 -2.8252181e-02
   9.9725997e-01  5.4761134e-03]
 [ 1.1379825e-02  2.9224174e-02 -3.0960344e-02  5.6855450e-03
  -7.1920608e-03  9.9898642e-01]]",35
2,3,6,0.9,0.9058024883270264,"[[ 0.94763726  0.29437497 -0.08443262  0.05722104  0.0169294   0.06809743]
 [-0.2825999   0.95179105  0.05289998 -0.08433473 -0.05798884 -0.03094564]
 [ 0.09170368 -0.02489956  0.9895423  -0.04068733  0.06557123  0.0762985 ]
 [-0.07739154  0.06304239  0.04764089  0.99339217 -0.00545082  0.03014513]
 [-0.0480088   0.05319348 -0.06823626 -0.00172668  0.98909336  0.10909067]
 [-0.07360042  0.00364849 -0.06287237 -0.03356873 -0.11711416  0.9878128 ]]",35
3,4,6,0.9,0.8211714029312134,"[[ 0.9824018   0.173482   -0.04871382  0.03030665 -0.02775908 -0.02699505]
 [-0.16950977  0.9807982   0.08140957 -0.03570576 -0.03113645 -0.02072376]
 [ 0.06270243 -0.07085654  0.99393606 -0.00640678  0.04958666 -0.02528096]
 [-0.03463212  0.03083325  0.00919057  0.99823886  0.03541732  0.00551048]
 [ 0.01835444  0.03614678 -0.05024463 -0.03491793  0.9947581  -0.07119592]
 [ 0.02618031  0.02571008  0.02194771 -0.00809855  0.07073089  0.99654573]]",35
4,5,6,0.9,0.8256455063819885,"[[ 0.90804017  0.40254977  0.09698179  0.05733242 -0.02444315 -0.01126703]
 [-0.408151    0.9122106   0.02806614  0.01093748 -0.010048    0.01662297]
 [-0.07241721 -0.05968594  0.98344916 -0.12308037 -0.01721174 -0.09260723]
 [-0.05536351 -0.04258358  0.12714201  0.9826922  -0.00170315  0.11519377]
 [ 0.01706025  0.01770958  0.02119125 -0.00116904  0.9993425   0.01610526]
 [ 0.01659988 -0.01166729  0.0775916  -0.12553598 -0.01780226  0.98868185]]",35
5,6,6,0.9,0.8410798907279968,"[[ 9.9834895e-01  5.0869066e-02 -2.2244226e-02  1.2768138e-03
   1.3417000e-02  5.9297406e-03]
 [-4.4459250e-02  9.7325456e-01  2.2372499e-01  9.2370901e-03
  -4.1334142e-04 -2.5700614e-02]
 [ 3.1985816e-02 -2.2160068e-01  9.7031015e-01 -4.1056428e-02
   8.0051348e-02 -1.6560163e-02]
 [ 2.7928115e-03 -1.9784875e-02  5.1291820e-02  9.8390096e-01
  -1.6290858e-01  4.8679426e-02]
 [-1.6500114e-02  1.7213738e-02 -6.6869825e-02  1.5839003e-01
   9.7488344e-01  1.3955218e-01]
 [-4.4169128e-03  1.9830283e-02  2.9119333e-02 -7.1267113e-02
  -1.2835397e-01  9.8852700e-01]]",35
6,7,6,0.9,0.8547624945640564,"[[ 9.9439597e-01  3.7470307e-02  7.6847486e-02  1.8857255e-03
  -6.1979424e-02  4.6868767e-03]
 [-5.7795350e-02  9.6228391e-01  2.6363677e-01  7.7103763e-03
  -1.6198052e-02  2.9037992e-02]
 [-6.0230192e-02 -2.6468372e-01  9.5627826e-01 -8.8149630e-02
   5.8569044e-02  2.5418269e-02]
 [-2.9606727e-04 -2.7841266e-02  7.6573044e-02  9.9085391e-01
   1.0520204e-01  2.2413332e-02]
 [ 6.4868644e-02  3.6847603e-02 -5.5274073e-02 -9.9600174e-02
   9.9062389e-01 -1.1101516e-02]
 [ 7.2540686e-04  2.0379312e-02  3.4689553e-02  2.1328967e-02
  -7.9200920e-03 -9.9893099e-01]]",35
7,8,7,0.9,0.9273574352264404,"[[ 9.9334937e-01 -1.0736585e-01 -3.7888929e-02  5.6140786e-03
  -8.3295954e-03 -2.6225003e-03  1.3644690e-02]
 [ 9.4234966e-02  9.5770168e-01 -2.5512958e-01  5.6574684e-02
   7.1025386e-02  2.2751715e-02 -8.5537378e-03]
 [-6.3535832e-02 -2.4854320e-01 -9.6540928e-01 -2.5903914e-02
  -3.4780349e-04 -3.7968595e-02 -7.8505985e-03]
 [-1.2112954e-02 -6.2011141e-02 -6.2334649e-03  9.9145639e-01
   6.8357773e-02 -9.0886608e-02 -7.0895720e-03]
 [ 2.4290667e-03 -6.3868679e-02  1.8913407e-02 -7.4781366e-02
   9.9460614e-01 -2.6217613e-02  6.0184491e-03]
 [-2.9511855e-03 -3.9062198e-02 -3.1153183e-02  8.6334251e-02
   3.0825527e-02  9.9452007e-01 -4.5815245e-03]
 [-1.3363583e-02  7.4730637e-03 -9.5471544e-03  8.0803065e-03
  -4.6426933e-03  4.0030661e-03  9.9978578e-01]]",35
8,9,7,0.9,0.9405667185783386,"[[ 0.95459795 -0.2896288  -0.02780396 -0.05870389  0.01633676 -0.00665904
  -0.0180951 ]
 [ 0.2791154   0.9441331  -0.16968977 -0.02585433  0.01713173 -0.02518959
  -0.01778191]
 [ 0.07655051  0.15457805  0.9844027   0.01859631  0.02514956 -0.00179898
   0.01467694]
 [ 0.0020127  -0.01363017 -0.02854713  0.3821494   0.9221605  -0.04565125
  -0.02220569]
 [ 0.06488301  0.00879467 -0.01404426  0.91886324 -0.38423753 -0.05968638
  -0.00221622]
 [ 0.01693601  0.02184062 -0.00431715  0.07122879  0.01924287  0.99643373
  -0.02989238]
 [ 0.02183256  0.00965945 -0.01878379  0.01086881  0.02045503  0.02812944
   0.99887407]]",35
9,10,7,0.9,1.0039554834365845,"[[ 0.9759455  -0.19138373 -0.07072485 -0.05336251  0.0488349   0.01673566
  -0.01970051]
 [ 0.1756924   0.9642947  -0.19275688  0.02873095  0.00118058  0.02310675
  -0.02742038]
 [ 0.10279299  0.17550705  0.9733048   0.03428842  0.09222069 -0.04002119
  -0.00515706]
 [ 0.01808446 -0.04476165 -0.05526219  0.9235584   0.3570124   0.1184326
   0.01308713]
 [-0.07129459  0.00724024 -0.06552887 -0.3670651   0.92210394  0.06895638
  -0.02834362]
 [ 0.0137818   0.00747497 -0.05626924  0.08322025  0.10426471 -0.9893275
   0.00472783]
 [ 0.02227586  0.02435812 -0.00253018 -0.02299565  0.02246487  0.00584514
   0.9989176 ]]",35
10,11,8,0.9,1.439444661140442,"[[-0.9718367   0.18315141 -0.02138114 -0.07285114  0.08293345 -0.01284327
  -0.02346493 -0.09290408]
 [-0.17457037 -0.8903846  -0.37692592  0.05710278 -0.08449724  0.09804238
   0.12086767 -0.00672955]
 [-0.0834697  -0.35969502  0.9212588  -0.0631403  -0.01131181  0.04395992
   0.0868848  -0.0365849 ]
 [-0.00924874  0.04991831 -0.03744368 -0.6847138  -0.71635723  0.07705164
   0.002794    0.08986157]
 [ 0.05874477  0.03019351 -0.04615495 -0.41014558  0.48821604  0.7559531
   0.08999506  0.0858399 ]
 [-0.03039904 -0.0085344   0.05322504  0.3475076  -0.30250552  0.49171975
  -0.7230466  -0.1389756 ]
 [-0.05954585 -0.12103789  0.02665554 -0.1390177   0.1991119  -0.23072748
  -0.45726058  0.8122806 ]
 [-0.10042533  0.16175175  0.04094166  0.4585906  -0.32121113  0.34038892
   0.48713532  0.5435325 ]]",35
0,1,6,0.9,0.8296122550964355,"[[ 9.8609513e-01 -2.7020620e-02  1.6047557e-01 -1.6125655e-04
   2.5718836e-02 -2.1733489e-02]
 [ 4.2385835e-02  9.9397200e-01 -8.7866887e-02 -4.1552648e-02
  -2.6968205e-02  6.9643022e-03]
 [-1.5935089e-01  9.3122505e-02  9.7840476e-01 -5.0372012e-02
   5.8036756e-02 -5.2480005e-02]
 [-5.1023825e-03  4.4960316e-02  5.0007410e-02  9.9651366e-01
  -4.3269027e-02  2.3242543e-02]
 [-1.7325625e-02  2.4410235e-02 -7.0140302e-02  4.8971314e-02
   9.8049033e-01 -1.7442688e-01]
 [ 1.0043333e-02  6.0068758e-04  4.2788569e-02 -1.7275572e-02
   1.7891175e-01  9.8273093e-01]]",36
1,2,6,0.9,0.8897388577461243,"[[-9.81370330e-01 -1.12852030e-01 -1.54546320e-01 -1.44248307e-02
  -2.45000958e-03 -8.83079972e-03]
 [-1.42670050e-01  9.66422379e-01  2.06101298e-01 -4.71106097e-02
   1.23485625e-02 -2.86956578e-02]
 [-1.27149463e-01 -2.22156987e-01  9.63107765e-01  3.88531685e-02
   6.59836531e-02  3.22388820e-02]
 [-1.55636342e-02  5.23285680e-02 -3.22695673e-02  9.97224867e-01
   3.65928151e-02 -1.34793995e-02]
 [ 8.30092281e-03  6.91741880e-04 -6.56057969e-02 -3.85729745e-02
   9.97059822e-01  3.21420864e-03]
 [-8.90719425e-03  3.46377715e-02 -2.67527085e-02  1.08457441e-02
  -4.51085111e-03  9.98933077e-01]]",36
2,3,6,0.9,0.9132390022277832,"[[-0.9545564  -0.27049565  0.09063302 -0.05295734 -0.01352625 -0.0667261 ]
 [-0.25750518  0.9581989   0.06562287 -0.08626219 -0.05244096 -0.03237513]
 [ 0.10082551 -0.03826436  0.98835117 -0.04155817  0.06452011  0.07511379]
 [-0.0724802   0.06810765  0.04863926  0.99312466  0.00427814  0.03777855]
 [-0.04155035  0.05020927 -0.06713473 -0.01156845  0.98964393  0.10824305]
 [-0.07326335  0.00793605 -0.06138736 -0.0399596  -0.11614946  0.9877822 ]]",36
3,4,6,0.9,0.8217394351959229,"[[ 0.98352396  0.17088076 -0.03735666  0.02709502 -0.02051574 -0.03049326]
 [-0.16783234  0.98145455  0.07633929 -0.03759968 -0.03106743 -0.01930274]
 [ 0.04998557 -0.06790471  0.99458593 -0.00605662  0.05349529 -0.02812353]
 [-0.03169573  0.03386674  0.00801738  0.99780846  0.04416572  0.0145509 ]
 [ 0.01186598  0.03477418 -0.05381774 -0.04346593  0.9948436  -0.06442397]
 [ 0.02947797  0.02407111  0.02480204 -0.01744556  0.06393503  0.99676704]]",36
4,5,6,0.9,0.8196267485618591,"[[ 0.9004605   0.41853192  0.1025691   0.05492625 -0.01875681 -0.01062535]
 [-0.42360944  0.9054549   0.0206451   0.00682197 -0.00710781  0.01353618]
 [-0.07982495 -0.0576383   0.983616   -0.11468381 -0.02097062 -0.09598494]
 [-0.05471095 -0.03736976  0.11945821  0.98395216  0.00940224  0.11441033]
 [ 0.01317662  0.01313138  0.02425582 -0.01462363  0.99900687  0.02893153]
 [ 0.0136793  -0.00955882  0.08181811 -0.12413104 -0.03247731  0.9882126 ]]",36
5,6,6,0.9,0.8394991159439087,"[[ 9.9895424e-01  4.3622535e-02 -7.3749055e-03 -2.6346506e-03
   1.1185490e-02 -1.0677726e-03]
 [-4.1121617e-02  9.7726369e-01  2.0590074e-01  1.9474950e-02
  -5.2940776e-04 -2.2135898e-02]
 [ 1.5108451e-02 -2.0428851e-01  9.7465807e-01 -3.8807850e-02
   7.9240121e-02 -1.7164150e-02]
 [ 6.3534398e-03 -2.8710060e-02  4.8948288e-02  9.7951519e-01
  -1.8842176e-01  4.2268202e-02]
 [-1.1324735e-02  1.3275384e-02 -6.6401526e-02  1.8514049e-01
   9.7176945e-01  1.2912595e-01]
 [ 1.6251988e-03  1.7844664e-02  2.8055595e-02 -6.6186652e-02
  -1.1729026e-01  9.9033034e-01]]",36
6,7,6,0.9,0.8567686676979065,"[[ 9.90959406e-01  6.83447644e-02  9.74060521e-02  1.41095277e-02
  -6.02703877e-02 -3.00157326e-03]
 [-8.87895375e-02  9.73074257e-01  2.10381135e-01  1.05942106e-02
  -1.26158968e-02 -2.66715996e-02]
 [-7.51402900e-02 -2.15075359e-01  9.67127085e-01 -8.61482099e-02
   6.51648715e-02 -3.30743827e-02]
 [-1.18964035e-02 -2.62864418e-02  7.25334212e-02  9.89117563e-01
   1.24025159e-01 -1.30658103e-02]
 [ 6.57529607e-02  3.40630300e-02 -6.42700419e-02 -1.17466554e-01
   9.88220334e-01  2.80265626e-03]
 [-2.22089281e-03  1.86247397e-02  3.90574634e-02  1.07391598e-02
   4.89239930e-04  9.99003053e-01]]",36
7,8,7,0.9,0.939456045627594,"[[ 9.92831171e-01 -1.13999024e-01 -3.11011299e-02  7.04968255e-03
  -7.10722012e-03  1.38592708e-03  1.48682930e-02]
 [ 1.04997709e-01  9.68194485e-01 -2.04753563e-01  6.55778646e-02
   7.10124224e-02 -1.27042029e-02 -1.20968949e-02]
 [-5.32009527e-02 -1.98637173e-01 -9.77533400e-01 -2.95098387e-02
   1.24556606e-03  3.53975445e-02 -3.99704929e-03]
 [-1.51992608e-02 -6.55102804e-02 -1.25638051e-02  9.93245840e-01
  -2.21518781e-02  9.09850672e-02 -3.64396605e-03]
 [-6.81892619e-04 -7.00791106e-02  1.62286088e-02  1.48854349e-02
   9.96741772e-01  3.21879834e-02  8.56348313e-03]
 [ 3.14169563e-03  2.79691052e-02  3.27862613e-02 -8.94235447e-02
  -2.94241235e-02  9.94581342e-01  8.86649452e-03]
 [-1.37853920e-02  1.27300601e-02 -6.39892416e-03  4.85654175e-03
  -7.38778105e-03 -8.79775267e-03  9.99725699e-01]]",36
8,9,7,0.9,0.9469737410545349,"[[ 9.59352851e-01 -2.67318457e-01 -6.29577935e-02 -4.92710173e-02
  -3.97669636e-02  1.01698413e-02 -1.03344610e-02]
 [ 2.54125655e-01  9.55132902e-01 -1.45456344e-01 -2.63129603e-02
  -1.53943067e-02  2.67724339e-02 -1.83777772e-02]
 [ 9.87256840e-02  1.23924725e-01  9.86777306e-01  1.34375943e-02
  -3.10338102e-02  1.45827024e-03  4.54240711e-03]
 [ 2.75890483e-03 -3.04338493e-04 -3.21855992e-02  6.93296611e-01
  -7.16892064e-01  5.99231645e-02 -2.77683213e-02]
 [ 6.82675168e-02  1.15768900e-02  3.78668471e-03  7.13353932e-01
   6.94939017e-01  5.80211878e-02 -3.26347048e-03]
 [-2.04824954e-02 -2.33540051e-02  4.56871605e-03 -8.14319253e-02
   2.98301363e-03  9.95683432e-01  3.14412378e-02]
 [ 1.50964437e-02  1.50081292e-02 -8.84104799e-03  2.31120475e-02
  -1.83061510e-02 -2.88940109e-02  9.98881698e-01]]",36
9,10,8,0.9,1.1129944324493408,"[[ 9.76261616e-01 -1.78492576e-01 -9.76960212e-02  3.99644561e-02
   5.79766706e-02  1.83834750e-02 -1.44173205e-02  2.20850692e-03]
 [ 1.59097508e-01  9.67207730e-01 -1.88989326e-01 -2.41375975e-02
  -1.99389234e-02  3.14326100e-02 -3.11592910e-02 -2.32628398e-02]
 [ 1.25326499e-01  1.69971973e-01  9.70260859e-01 -5.83833382e-02
   9.48787481e-02 -3.52902152e-02 -1.83206480e-02 -2.25755549e-03]
 [-3.43842921e-03 -3.43888998e-02 -8.14183652e-02 -9.03266907e-01
   3.95748705e-01  1.39184564e-01  7.31876539e-03 -1.55738033e-02]
 [ 7.24465847e-02 -2.76225731e-02  5.96218891e-02 -4.05314475e-01
  -9.07656193e-01 -2.39322763e-02  3.65461223e-02 -2.01428439e-02]
 [-1.68027524e-02 -1.84808485e-02  5.53214662e-02  1.16043136e-01
  -7.43937343e-02  9.87606227e-01 -8.69533140e-03 -4.32861149e-02]
 [ 1.86954439e-02  3.29250954e-02  9.39524546e-03  2.02262662e-02
   3.07425223e-02  1.14518413e-02  9.97084022e-01  5.30691072e-02]
 [ 1.51863508e-03  1.96967870e-02 -1.61727468e-04 -1.91197768e-02
  -1.74001493e-02  4.45698537e-02 -5.33322580e-02  9.97050881e-01]]",36
10,11,8,0.9,1.4666554927825928,"[[-9.68362510e-01  2.01319352e-01 -3.66041921e-02 -6.52484447e-02
   6.78632483e-02 -3.86455585e-03 -2.49730394e-04 -1.07363865e-01]
 [-1.66287705e-01 -8.57187986e-01 -4.65032995e-01  1.44356983e-02
  -7.59640634e-02  8.11658427e-02  9.31428447e-02 -8.88209790e-03]
 [-1.19882926e-01 -4.22264218e-01  8.77224565e-01 -4.83194292e-02
  -8.92494172e-02  8.41071159e-02  1.37203187e-01 -3.99873368e-02]
 [-1.19334506e-02 -8.46290886e-02  6.54123202e-02  7.50980198e-01
   6.21143639e-01 -1.42747521e-01  2.84331180e-02 -1.32063314e-01]
 [ 6.28939569e-02  4.16890578e-03 -2.02816390e-02 -4.18078333e-01
   6.60393119e-01  5.95665634e-01  1.42978132e-01  9.71950218e-02]
 [-1.80422980e-02 -3.11754346e-02  4.01288047e-02  2.25874797e-01
  -1.55589700e-01  5.46509087e-01 -7.72435248e-01 -1.62899524e-01]
 [-9.17542428e-02 -1.33518055e-01  7.68954754e-02 -1.12724774e-01
   2.18471929e-01 -3.24049115e-01 -4.57165629e-01  7.70322084e-01]
 [-8.60707462e-02  1.42876253e-01 -2.58457977e-02  4.36706305e-01
  -2.96280354e-01  4.55465466e-01  3.81564915e-01  5.83073974e-01]]",36
0,1,6,0.9,0.8300105333328247,"[[ 0.9846409  -0.01437866  0.17111118 -0.00184016  0.02516485 -0.01896931]
 [ 0.03097828  0.9944007  -0.09035998 -0.03509521 -0.02794123  0.00549289]
 [-0.1708619   0.09397885  0.9759859  -0.05646932  0.05966736 -0.05173762]
 [-0.00608527  0.03948442  0.05573444  0.9969854  -0.03001303  0.02042123]
 [-0.01544248  0.02374314 -0.07189178  0.03600425  0.9819385  -0.16890778]
 [ 0.00730154  0.0023697   0.04162788 -0.01732153  0.17297922  0.983863  ]]",37
1,2,6,0.9,0.8872053623199463,"[[-9.8133248e-01 -1.1040009e-01 -1.5650876e-01 -1.4535524e-02
   2.8582971e-04 -9.5845284e-03]
 [-1.3822022e-01  9.7041404e-01  1.8860289e-01 -5.2023452e-02
   1.5056929e-02 -2.6220558e-02]
 [-1.3181441e-01 -2.0511642e-01  9.6643227e-01  2.9900456e-02
   6.7046613e-02  3.4228407e-02]
 [-1.7101422e-02  5.5039484e-02 -2.3980627e-02  9.9735558e-01
   3.7103698e-02 -2.8674363e-03]
 [ 1.1974884e-02 -3.2683443e-03 -6.6531889e-02 -3.8340256e-02
   9.9686998e-01 -1.4131700e-02]
 [-8.4069315e-03  3.1553179e-02 -3.0676313e-02 -2.0900890e-04
   1.2309779e-02  9.9891996e-01]]",37
2,3,6,0.9,0.9166969656944275,"[[-0.9177654  -0.37607265  0.0934756  -0.05260443 -0.01536974 -0.06734173]
 [-0.36265054  0.9229895   0.07295167 -0.07802369 -0.06241203 -0.03564106]
 [ 0.10890739 -0.03139042  0.98718256 -0.04349857  0.06530721  0.08041961]
 [-0.0767027   0.05316113  0.04927468  0.9934274   0.02785337  0.03447887]
 [-0.05343179  0.05336133 -0.07020709 -0.03582656  0.9846783   0.13599093]
 [-0.0747811   0.00102217 -0.06367091 -0.03273254 -0.14572634  0.98389286]]",37
3,4,6,0.9,0.8364137411117554,"[[ 0.9699824   0.23531044 -0.02419288  0.03861516 -0.02655908 -0.03132603]
 [-0.23371752  0.9684735   0.07048253 -0.02869446 -0.03246304 -0.02429257]
 [ 0.0409194  -0.06200665  0.9953218  -0.01485702  0.05200793 -0.02982781]
 [-0.04306249  0.01900642  0.01653578  0.99836713  0.02753902  0.00393299]
 [ 0.01473787  0.03758172 -0.05336574 -0.02621387  0.99294657 -0.09430017]
 [ 0.0276454   0.03270423  0.02569163 -0.00636535  0.09399325  0.99429923]]",37
4,5,6,0.9,0.8289733529090881,"[[ 0.9145809   0.3851679   0.10089806  0.06648982 -0.01944207 -0.01442753]
 [-0.39249456  0.91849595  0.0384248   0.01970046 -0.01281928  0.01685972]
 [-0.07371448 -0.06898988  0.98457223 -0.10671393 -0.020915   -0.09272975]
 [-0.05906415 -0.05306201  0.11036389  0.98277473  0.01157417  0.12464181]
 [ 0.01246769  0.01816553  0.02398154 -0.01577535  0.99905634  0.02402052]
 [ 0.02029676 -0.01027893  0.07877409 -0.13307196 -0.02779684  0.98731774]]",37
5,6,6,0.9,0.8468257784843445,"[[ 0.99760574  0.05385677 -0.03516278  0.00369197  0.0159184   0.01946489]
 [-0.04537905  0.97805053  0.20154056  0.01634807  0.00263604 -0.02156712]
 [ 0.04439301 -0.19898391  0.97551835 -0.03246944  0.07392869 -0.01670361]
 [ 0.00178446 -0.02389933  0.04375221  0.9767006  -0.20550863  0.03651747]
 [-0.02160211  0.00882662 -0.06134481  0.20108852  0.96684295  0.14307489]
 [-0.0168239   0.01652207  0.02883747 -0.06545364 -0.13135895  0.98847   ]]",37
6,7,6,0.9,0.8633608818054199,"[[ 9.9507809e-01  3.3428643e-02  7.1099259e-02  8.9167878e-03
  -5.9726585e-02 -4.4449931e-04]
 [-5.2085325e-02  9.6583289e-01  2.5031328e-01  1.5999245e-02
  -2.7046526e-02  2.8455250e-02]
 [-5.6042757e-02 -2.4990870e-01  9.6046811e-01 -8.7084115e-02
   5.6525949e-02  3.3570699e-02]
 [-5.2127428e-03 -3.2355893e-02  7.2735026e-02  9.8829591e-01
   1.2905617e-01  1.5846347e-02]
 [ 6.2630937e-02  4.6966244e-02 -5.3365923e-02 -1.2317287e-01
   9.8785055e-01 -1.8475936e-03]
 [-4.0085115e-03  1.8499320e-02  4.0630449e-02  1.3430990e-02
   1.3759749e-03 -9.9890369e-01]]",37
7,8,6,0.9,0.8615354895591736,"[[ 0.9932986  -0.10809755 -0.03871078  0.00459985 -0.0122154   0.00195141]
 [ 0.0979591   0.9683525  -0.20703803  0.06376688  0.07328553 -0.01989131]
 [-0.05990136 -0.19998415 -0.9770825  -0.02349823 -0.00832482  0.03326629]
 [-0.01162772 -0.06956448 -0.00657038  0.9906226   0.07785305  0.0871103 ]
 [ 0.00547317 -0.06805047  0.0079044  -0.08468195  0.9937958   0.02180594]
 [-0.00291041 -0.0338314  -0.0290003   0.08280291  0.0268226  -0.99520355]]",37
8,9,7,0.9,0.9493605494499207,"[[ 9.41684484e-01 -3.26257080e-01 -4.90695797e-02 -6.23108484e-02
   1.28399218e-02  1.07582128e-02 -1.46813532e-02]
 [ 3.14941913e-01  9.37272191e-01 -1.44088224e-01 -2.44543087e-02
   9.42917727e-03  2.53678318e-02 -1.55080361e-02]
 [ 9.40516144e-02  1.20568335e-01  9.87719297e-01  1.46348318e-02
   2.57009659e-02  1.05728768e-05  1.23916613e-02]
 [-2.38110800e-03 -8.82786233e-03 -2.72067524e-02  2.47678056e-01
   9.65833843e-01  6.67754039e-02 -2.31925044e-02]
 [ 6.64114952e-02  1.67922024e-03 -1.42601747e-02  9.64009225e-01
  -2.51221687e-01  5.43665066e-02 -1.25609781e-03]
 [-2.12259870e-02 -1.96480732e-02  6.40428439e-03 -6.77791014e-02
  -5.08679189e-02  9.95609581e-01  2.65025347e-02]
 [ 1.81513876e-02  8.57734494e-03 -1.60278808e-02  7.28281308e-03
   2.34706812e-02 -2.42404267e-02  9.99073803e-01]]",37
9,10,7,0.9,1.017086148262024,"[[ 9.73326445e-01 -1.99022248e-01 -7.84530193e-02 -6.40654936e-02
   4.73521724e-02  1.65870078e-02 -1.57837048e-02]
 [ 1.83923393e-01  9.64616954e-01 -1.82187766e-01  3.07793934e-02
  -5.20250481e-03  2.53290553e-02 -2.96280924e-02]
 [ 1.10224605e-01  1.63238302e-01  9.75272417e-01  3.16844136e-02
   8.78234580e-02 -3.49108614e-02 -1.05757099e-02]
 [ 3.78706865e-02 -4.74640951e-02 -4.33875211e-02  9.65222299e-01
   2.22045124e-01  1.14618041e-01  1.83024276e-02]
 [-6.80110902e-02  8.95312242e-03 -6.99411109e-02 -2.32058331e-01
   9.62716937e-01  9.37643424e-02 -3.05890366e-02]
 [-1.51401432e-02 -1.10215833e-02  5.21208942e-02 -8.85068625e-02
  -1.14749022e-01  9.87892449e-01 -5.67677373e-04]
 [ 1.92197245e-02  2.83367056e-02  2.36525969e-03 -2.46096421e-02
   2.68752687e-02  1.97669840e-03  9.98744309e-01]]",37
10,11,7,0.9,1.4275466203689575,"[[ 9.78794098e-01  1.89227924e-01  4.49879654e-03  1.47430710e-02
   7.54096806e-02  6.41861046e-03 -1.37636773e-02]
 [ 1.69886380e-01 -8.42260599e-01 -4.92429942e-01  2.17859000e-02
  -5.34410626e-02  7.09537342e-02  1.04324296e-01]
 [ 9.05838162e-02 -4.55559909e-01  8.64434659e-01  4.61506248e-02
  -7.63492957e-02  9.92606133e-02  1.38566762e-01]
 [-5.37951360e-04  6.15683235e-02 -3.87427099e-02  9.37045336e-01
  -3.37601602e-01 -2.73167389e-03 -5.16891852e-02]
 [-6.77423999e-02  1.86773092e-02 -1.66006889e-02  2.75833845e-01
   7.49486506e-01  5.87329507e-01  1.09617934e-01]
 [ 1.73906647e-02  2.86771939e-03 -1.34358497e-03 -1.66186854e-01
  -3.70816618e-01  6.69189572e-01 -6.21892154e-01]
 [-1.87001785e-03 -2.07623333e-01  9.20157209e-02  1.24184467e-01
   4.15232748e-01 -4.38512921e-01 -7.53849149e-01]]",37
0,1,6,0.9,0.8274092078208923,"[[ 0.9855963  -0.00252761  0.16441844 -0.00296987  0.02818302 -0.02751433]
 [ 0.01809297  0.9951924  -0.08798575 -0.02579074 -0.02902451  0.00396143]
 [-0.16606429  0.08984002  0.9772767  -0.05726255  0.05828783 -0.05104068]
 [-0.00513564  0.02988951  0.05765638  0.9971003  -0.03753417  0.01175655]
 [-0.02071816  0.0245483  -0.07045063  0.04214694  0.9826022  -0.16346714]
 [ 0.01547972  0.00430054  0.04321749 -0.00785475  0.16748147  0.9847651 ]]",38
1,2,6,0.9,0.8843209743499756,"[[ 0.9849589  -0.0475543  -0.16488874 -0.0160902   0.0020372  -0.01197081]
 [ 0.07970656  0.9737484   0.20284241 -0.06058862  0.0158572  -0.0198368 ]
 [ 0.15171552 -0.2112648   0.96251565  0.03273309  0.06224918  0.03109432]
 [ 0.01534389  0.06492931 -0.0230381   0.9971526   0.02214985 -0.01462606]
 [-0.01320727 -0.00400586 -0.06202946 -0.02335171  0.9975897  -0.01521267]
 [ 0.00868636  0.02623022 -0.02918791  0.01182839  0.01391688  0.99902505]]",38
2,3,6,0.9,0.9176748394966125,"[[ 9.3638277e-01  3.2753032e-01 -8.8949181e-02  4.5774177e-02
   2.3979295e-02  7.2999902e-02]
 [-3.1527463e-01  9.4085151e-01  5.7168067e-02 -8.6056933e-02
  -5.9747275e-02 -3.4010071e-02]
 [ 9.6541256e-02 -2.4134103e-02  9.8983294e-01 -3.1399444e-02
   5.9496757e-02  7.6171547e-02]
 [-7.0163131e-02  6.5234199e-02  3.8231999e-02  9.9381942e-01
  -1.8278377e-02  3.6727570e-02]
 [-6.0872864e-02  5.1811270e-02 -6.2794395e-02  7.5069070e-03
   9.8434323e-01  1.4380220e-01]
 [-7.6424189e-02  8.2014623e-05 -6.0378745e-02 -4.2186804e-02
  -1.5182149e-01  9.8269236e-01]]",38
3,4,6,0.9,0.8366778492927551,"[[ 0.9688161   0.23984195 -0.03763269  0.03907361 -0.01616842 -0.02581923]
 [-0.23692621  0.96791136  0.06127419 -0.03756882 -0.03689086 -0.0220617 ]
 [ 0.05047066 -0.04869507  0.99571955  0.01269674  0.05363522 -0.02420741]
 [-0.04772041  0.02761639 -0.00961911  0.99832594  0.00628026 -0.01317141]
 [ 0.00279222  0.03971566 -0.05368133 -0.00884499  0.99418145 -0.08401367]
 [ 0.020708    0.03020373  0.01993695  0.01295183  0.08405246  0.9955043 ]]",38
4,5,6,0.9,0.8327241539955139,"[[ 0.914033    0.39111102  0.08539104  0.05828231 -0.02297987 -0.01895975]
 [-0.39574602  0.91771656  0.02534542  0.01014815 -0.01429977  0.01521677]
 [-0.06421123 -0.05214014  0.98545337 -0.11741942 -0.00246399 -0.09081011]
 [-0.05451224 -0.04025005  0.12346523  0.98080486 -0.01730027  0.13374358]
 [ 0.01468915  0.02118832  0.00820853  0.01566823  0.99932766  0.01915024]
 [ 0.02486933 -0.00639397  0.07507655 -0.14314093 -0.01750417  0.98636127]]",38
5,6,6,0.9,0.8500848412513733,"[[ 9.9758095e-01  6.4661756e-02 -2.0004846e-02  2.9629931e-05
   1.2488943e-02  9.7393971e-03]
 [-5.8575384e-02  9.7366273e-01  2.1719910e-01  2.0677749e-02
   8.5797030e-03 -2.9547352e-02]
 [ 3.2494098e-02 -2.1526536e-01  9.7150517e-01 -3.2935895e-02
   8.6534858e-02 -1.4477024e-02]
 [ 4.0961988e-03 -2.7307801e-02  4.1685857e-02  9.8568976e-01
  -1.5507331e-01  4.3216977e-02]
 [-1.5712848e-02  8.7758964e-03 -7.7164061e-02  1.5076858e-01
   9.7513580e-01  1.4177722e-01]
 [-9.0306103e-03  2.5252854e-02  3.0166741e-02 -6.4592130e-02
  -1.3169870e-01  9.8835921e-01]]",38
6,7,6,0.9,0.8627281188964844,"[[ 0.99524564 -0.01114384  0.07196134 -0.00585287 -0.06438524 -0.00193026]
 [-0.00985525  0.9638107   0.2631038   0.01408636 -0.02722694  0.02843307]
 [-0.06738889 -0.2594779   0.9558559  -0.08155773  0.07771506  0.04216716]
 [ 0.00681612 -0.03089614  0.06807811  0.9923458   0.09599081  0.01999575]
 [ 0.06904029  0.04929895 -0.06925701 -0.08965277  0.9898341  -0.01405345]
 [-0.00588623  0.01519783  0.05006211  0.01810431 -0.009379   -0.998405  ]]",38
7,8,7,0.9,0.9353751540184021,"[[ 9.93293703e-01 -1.12964742e-01  1.68728195e-02  3.81168397e-03
  -1.41942054e-02 -3.37063987e-03  9.72029101e-03]
 [ 1.08148515e-01  9.70787406e-01  1.90593898e-01  6.20218664e-02
   7.11151361e-02  2.17273626e-02 -1.31794903e-02]
 [-3.78262475e-02 -1.86506346e-01  9.81187522e-01 -2.40029432e-02
   1.10633543e-03 -2.17932835e-02 -1.82628771e-03]
 [-1.10911168e-02 -6.48724213e-02  9.64853819e-03  9.93684053e-01
   3.43792439e-02 -8.33874419e-02 -5.66192949e-03]
 [ 6.79631950e-03 -6.75520673e-02 -1.51701514e-02 -4.04809713e-02
   9.96454895e-01 -2.23527141e-02  9.98692121e-03]
 [-6.98647229e-04 -3.24330814e-02  1.78885851e-02  8.05097446e-02
   2.35696398e-02  9.95719373e-01  1.15437414e-02]
 [-8.42368882e-03  1.42375035e-02  4.14059823e-03  5.83918672e-03
  -8.95409565e-03 -1.14670638e-02  9.99731660e-01]]",38
8,9,7,0.9,0.9455254673957825,"[[ 0.9508496  -0.29584128 -0.06621886  0.05556954  0.02599245 -0.00399845
  -0.01408619]
 [ 0.27992588  0.9439248  -0.1716043   0.02089666  0.00948718 -0.01995094
  -0.01657547]
 [-0.11062495 -0.14459562 -0.98212785 -0.03138853 -0.0347949   0.008194
  -0.00400231]
 [ 0.00560736 -0.00231526 -0.01361676 -0.5299454   0.8463025  -0.04571451
  -0.02485983]
 [ 0.06885438  0.00892568  0.03604735 -0.84183514 -0.53014916 -0.06357346
   0.0096889 ]
 [ 0.01479405  0.01924419  0.00613716 -0.07705589  0.00529903  0.99663204
  -0.01149379]
 [ 0.01724478  0.01098447 -0.00833077 -0.00490329  0.02663834  0.01058742
   0.99933314]]",38
9,10,7,0.9,1.0280632972717285,"[[ 0.97625864 -0.18005134 -0.10062995  0.03603848  0.05203874  0.00816141
  -0.01734053]
 [ 0.1641333   0.9726388  -0.15586317 -0.02286324 -0.01501949  0.03105759
  -0.03206005]
 [ 0.12237391  0.13699973  0.97640103 -0.04310087  0.09708558 -0.03728782
  -0.01493604]
 [-0.0138023   0.03492517  0.05136981  0.9715431  -0.17512292 -0.14568377
  -0.01277255]
 [-0.06568641  0.01430864 -0.08029845  0.18784696  0.9735974   0.06696913
  -0.0370063 ]
 [ 0.00671086  0.02051651 -0.0555745  -0.12912601  0.08913049 -0.98555505
   0.0225581 ]
 [ 0.02129855  0.03067487  0.00679205  0.0215604   0.0337134   0.0234723
   0.99820185]]",38
10,11,8,0.9,1.4359759092330933,"[[ 0.97826934 -0.1803762  -0.03839578 -0.01678505  0.03429722  0.02840096
   0.01225534  0.08102053]
 [ 0.15722111  0.9318395  -0.3197893  -0.02415434 -0.01737478  0.0145724
   0.05850795  0.01305947]
 [ 0.09114245  0.29218236  0.93205655  0.0128514  -0.08915981  0.04447355
   0.16561367 -0.00853084]
 [ 0.00595368  0.0461603   0.03304349  0.8878089   0.39512733 -0.17007044
  -0.07427592  0.13405544]
 [-0.04075066 -0.00097859  0.01851341 -0.270228    0.84101844  0.3522017
   0.29492718 -0.08143927]
 [-0.00979487  0.03243859  0.03063457  0.15254317 -0.11229836  0.8310748
  -0.5160658   0.07087836]
 [ 0.08409548  0.06945879  0.09472026 -0.07924148  0.20329913 -0.24634735
  -0.55865127 -0.7474914 ]
 [-0.03315887  0.07589762  0.12722498 -0.3289275   0.27054256 -0.30440226
  -0.54597133  0.63625616]]",38
0,1,6,0.9,0.8271035552024841,"[[ 9.8505861e-01 -2.9563565e-02  1.6510999e-01 -3.7405665e-03
   2.9072918e-02 -2.5786441e-02]
 [ 4.1304708e-02  9.9628812e-01 -6.3504644e-02 -2.8849658e-02
  -2.8954484e-02  5.6597881e-04]
 [-1.6527274e-01  6.9357246e-02  9.7935903e-01 -5.4549839e-02
   5.6096815e-02 -5.1067982e-02]
 [-3.2720580e-03  3.1530280e-02  5.5196743e-02  9.9734086e-01
  -3.4366835e-02  8.8593122e-03]
 [-2.0900108e-02  2.6310002e-02 -6.7963228e-02  3.8172700e-02
   9.8336810e-01 -1.6056788e-01]
 [ 1.3813398e-02  6.2526893e-03  4.3544721e-02 -5.6553110e-03
   1.6424285e-01  9.8532546e-01]]",39
1,2,6,0.9,0.8731042146682739,"[[ 9.8511010e-01 -2.9804257e-03 -1.7101400e-01 -1.4454227e-02
   2.7985082e-03 -9.3038324e-03]
 [ 3.4908783e-02  9.7912753e-01  1.9018522e-01 -5.8772229e-02
   1.0834529e-02 -1.8671693e-02]
 [ 1.6742861e-01 -1.9112672e-01  9.6408617e-01  3.7367020e-02
   6.1399829e-02  2.8457919e-02]
 [ 9.8501220e-03  6.4743206e-02 -2.8177930e-02  9.9735951e-01
   1.2692407e-02 -5.5086073e-03]
 [-1.3632132e-02  4.0714317e-06 -6.0205556e-02 -1.4344815e-02
   9.9788707e-01 -1.4320499e-02]
 [ 4.9151271e-03  2.4067840e-02 -2.6512895e-02  2.9956442e-03
   1.2850709e-02  9.9925947e-01]]",39
2,3,6,0.9,0.9048399329185486,"[[ 0.9494959   0.2895211  -0.08307895  0.04944034  0.02541419  0.06813793]
 [-0.27806953  0.953391    0.05245467 -0.08136924 -0.05793912 -0.03152013]
 [ 0.08877338 -0.02522986  0.99032694 -0.03250525  0.05765342  0.079717  ]
 [-0.06998864  0.06343488  0.03802532  0.99434495  0.00130434  0.03013581]
 [-0.05828019  0.05056829 -0.06397327 -0.01105206  0.9817735   0.16109723]
 [-0.07042182  0.00232239 -0.0637218  -0.03215813 -0.16968304  0.9803818 ]]",39
3,4,6,0.9,0.8273795247077942,"[[ 0.9810966   0.18463345 -0.03197812  0.04053463 -0.01466239 -0.02189362]
 [-0.18289357  0.98058397  0.04498548 -0.02886018 -0.04332428 -0.01648032]
 [ 0.03889666 -0.03625264  0.99693316  0.01496525  0.0497571  -0.02443962]
 [-0.04563874  0.02179898 -0.01273591  0.9986129   0.00707731  0.0014039 ]
 [ 0.00326414  0.04522999 -0.049969   -0.0084093   0.9944048  -0.08083998]
 [ 0.0198225   0.02303342  0.02046514 -0.00130934  0.08087827  0.9960495 ]]",39
4,5,6,0.9,0.8208064436912537,"[[ 0.92350894  0.36698315  0.08449655  0.06888882 -0.0178314  -0.01585009]
 [-0.37128165  0.9279963   0.02081279  0.00842114 -0.01388128  0.01661425]
 [-0.06538761 -0.04586938  0.9867963  -0.11137646 -0.00838938 -0.08589818]
 [-0.06583335 -0.03991903  0.11526211  0.98297507  0.00550856  0.12048502]
 [ 0.01165204  0.01906472  0.01106705 -0.00788026  0.9994439   0.02069266]
 [ 0.0231464  -0.00923231  0.07247394 -0.12836076 -0.02237459  0.98850864]]",39
5,6,6,0.9,0.8377255797386169,"[[ 9.9521750e-01  9.5718220e-02 -1.2954103e-02  2.3026229e-03
   1.2250298e-02  7.5488272e-03]
 [-9.1552123e-02  9.7742122e-01  1.8617967e-01  2.0641882e-02
   1.3126314e-02 -3.1695493e-02]
 [ 2.9640839e-02 -1.8437967e-01  9.7847879e-01 -3.2579627e-02
   8.0662146e-02 -1.1710094e-02]
 [ 2.6141796e-03 -2.5428873e-02  4.2244226e-02  9.8379219e-01
  -1.7031771e-01  2.6585640e-02]
 [-1.4437335e-02  4.8648490e-04 -7.2340488e-02  1.6764052e-01
   9.7252351e-01  1.4371146e-01]
 [-8.1545711e-03  2.9033683e-02  2.7036693e-02 -5.0564788e-02
  -1.3550375e-01  9.8865640e-01]]",39
6,7,7,0.9,0.9392071962356567,"[[ 0.9943162   0.03453177  0.07734135 -0.00363686 -0.06406671  0.00308167
  -0.00582223]
 [-0.05255755  0.97287124  0.21642128  0.00439663 -0.02443018  0.03233329
  -0.04753432]
 [-0.06285606 -0.21880643  0.9641999  -0.09237523  0.08155617  0.0365358
  -0.04440608]
 [ 0.00442466 -0.02205202  0.0788568   0.99040383  0.10062656  0.02475015
  -0.04046921]
 [ 0.06780965  0.04612646 -0.07775906 -0.09368537  0.9890506  -0.01155462
  -0.00979759]
 [-0.0016309   0.02189869  0.04441693  0.02177791 -0.00722596 -0.9982854
  -0.02108907]
 [ 0.00131285  0.03686983  0.05710455  0.03582366  0.01574836 -0.01704223
   0.9967729 ]]",39
7,8,7,0.9,0.9315723776817322,"[[ 9.8926365e-01 -1.4503321e-01  1.1873467e-02  1.6251247e-03
  -1.2304030e-02 -1.4471178e-03  5.0762938e-03]
 [ 1.3981833e-01  9.6426463e-01  2.0390834e-01  5.8218464e-02
   7.0602804e-02  2.0397617e-02 -1.6605524e-02]
 [-4.0767528e-02 -1.9824266e-01  9.7833157e-01 -3.9361496e-02
   1.2032214e-03 -1.8635798e-02  2.6941139e-03]
 [-1.0929596e-02 -6.7664593e-02  2.4103979e-02  9.9089694e-01
   8.1356890e-02 -7.8871541e-02 -2.1669574e-03]
 [ 3.3635385e-03 -6.3257419e-02 -1.8104078e-02 -8.8081084e-02
   9.9333882e-01 -3.3848606e-02  5.7794871e-03]
 [-2.9364312e-03 -3.1203533e-02  1.5439877e-02  7.3547654e-02
   3.8768619e-02  9.9592465e-01 -1.0360668e-03]
 [-2.6367994e-03  1.7472086e-02  8.6299761e-04  3.7977248e-03
  -4.2936644e-03  1.4530957e-03  9.9982595e-01]]",39
8,9,7,0.9,0.9444578886032104,"[[ 9.5345271e-01 -2.8424957e-01 -8.0815330e-02  5.2103218e-02
   2.2030152e-02 -1.8001549e-03 -1.9893339e-02]
 [ 2.6788449e-01  9.5010394e-01 -1.5435870e-01  3.0435611e-02
   1.1808317e-02 -2.0733060e-02 -1.4766312e-02]
 [-1.1881745e-01 -1.2519529e-01 -9.8422468e-01 -2.4471121e-02
  -2.9263625e-02  5.8913580e-03 -4.5220554e-03]
 [-9.7931200e-04 -1.4783557e-03 -1.6578911e-02 -4.1122860e-01
   9.1071850e-01 -2.4302388e-02 -2.4781082e-02]
 [ 6.5941617e-02  1.7448496e-02  2.4012016e-02 -9.0482676e-01
  -4.1043586e-01 -8.7138675e-02 -2.8921538e-03]
 [ 1.3047330e-02  2.1249002e-02  4.4265394e-03 -8.7954044e-02
  -1.3902379e-02  9.9518853e-01 -3.2080151e-02]
 [ 2.2996977e-02  8.5139628e-03 -8.5468795e-03 -1.4270222e-02
   2.1440368e-02  3.0791445e-02  9.9885643e-01]]",39
9,10,8,0.9,1.120470404624939,"[[ 0.97185934 -0.18120848 -0.12660907  0.04416445  0.04695909  0.01007655
  -0.02379088 -0.0424258 ]
 [ 0.16172473  0.9728422  -0.15671238 -0.01017966 -0.00844552  0.03612217
  -0.02968476  0.02243104]
 [ 0.1477906   0.13363154  0.9725086  -0.04645972  0.10245056 -0.03356214
  -0.01863362 -0.01998079]
 [-0.01615665  0.02624903  0.06402916  0.9561374  -0.23279968 -0.1606206
  -0.00218262  0.02742294]
 [-0.06519276  0.00513312 -0.07771491  0.24481596  0.9605879   0.05220866
  -0.02445226  0.06079721]
 [ 0.00605669  0.02754153 -0.05635861 -0.13741243  0.08937309 -0.9807033
  -0.00341516 -0.08583757]
 [ 0.0301484   0.02676866  0.00887611  0.00629493  0.0251557  -0.00368499
   0.99853057  0.02337615]
 [ 0.04512016 -0.02633238  0.0156171  -0.05226796 -0.04101482 -0.08455722
  -0.022978    0.9924388 ]]",39
10,11,8,0.9,1.5774232149124146,"[[-0.97900367 -0.18202996 -0.05441295  0.00643802  0.03416365  0.03751646
   0.03673201 -0.03861205]
 [-0.16169073  0.9552188  -0.23689704 -0.01233618 -0.01039487  0.02674331
   0.06531792  0.00713898]
 [-0.08892014  0.21309628  0.9621582   0.00148505 -0.0309499   0.01835567
   0.13909043  0.01707469]
 [ 0.00193503  0.03351469  0.0202312   0.9142472   0.3096543  -0.2181167
  -0.08913533 -0.10587694]
 [ 0.04994539 -0.009587   -0.00366614 -0.20783445  0.90236926  0.29038116
   0.23061675  0.04928892]
 [ 0.00289851  0.02950898  0.0541403   0.16237986 -0.0844442   0.81765515
  -0.53950936 -0.05532945]
 [-0.06979103  0.0541302   0.07369683 -0.13638605  0.20365426 -0.32825515
  -0.62732184  0.6522327 ]
 [-0.01112354  0.06321393  0.07990893 -0.27530462  0.19749674 -0.29888612
  -0.47885904 -0.74569315]]",39
0,1,6,0.9,0.8314903974533081,"[[ 9.8578787e-01 -4.8717149e-03  1.6423097e-01  4.4846418e-04
   2.5351729e-02 -2.4159413e-02]
 [ 1.9281834e-02  9.9561018e-01 -8.0718532e-02 -3.2658234e-02
  -2.7210129e-02  8.1350664e-03]
 [-1.6529299e-01  8.2719617e-02  9.7814822e-01 -5.4630220e-02
   5.7826396e-02 -5.2280884e-02]
 [-7.8462586e-03  3.6094550e-02  5.4805815e-02  9.9682683e-01
  -3.6201950e-02  2.5641277e-02]
 [-1.7781125e-02  2.4311723e-02 -7.0098028e-02  4.2999621e-02
   9.8020339e-01 -1.7757070e-01]
 [ 1.2281762e-02 -5.1001232e-04  4.2676091e-02 -2.0878771e-02
   1.8210903e-01  9.8205298e-01]]",40
1,2,6,0.9,0.8885998129844666,"[[ 0.984007   -0.09566167 -0.14950892 -0.01307831 -0.00147673 -0.00727624]
 [ 0.12129997  0.97408885  0.18089692 -0.0538463   0.01322543 -0.02528153]
 [ 0.1290955  -0.19421451  0.9686638   0.03169885  0.07035826  0.0367476 ]
 [ 0.01485352  0.05721496 -0.026002    0.9968561   0.04479593 -0.01004912]
 [-0.01007789 -0.00275328 -0.06898084 -0.04653304  0.99608886 -0.0278253 ]
 [ 0.00535926  0.0316118  -0.03434143  0.00611033  0.02594263  0.99854004]]",40
2,3,6,0.9,0.9167563915252686,"[[ 9.31754410e-01  3.37072223e-01 -9.84566584e-02  5.32330014e-02
   2.26992108e-02  7.19251260e-02]
 [-3.23601544e-01  9.37958002e-01  7.05612078e-02 -7.76763186e-02
  -5.97026721e-02 -3.06571610e-02]
 [ 1.11253172e-01 -3.28939669e-02  9.86917853e-01 -4.60939892e-02
   6.71421364e-02  7.68200010e-02]
 [-7.49946907e-02  5.55045642e-02  5.18019982e-02  9.93155301e-01
   2.78056171e-02  3.84849161e-02]
 [-5.62041178e-02  4.95342389e-02 -6.98013678e-02 -3.54745463e-02
   9.87433016e-01  1.15034468e-01]
 [-7.71705061e-02 -8.06975644e-04 -6.13598526e-02 -3.73119116e-02
  -1.24961026e-01  9.86545265e-01]]",40
3,4,6,0.9,0.832939624786377,"[[ 0.974069    0.21912096 -0.03012786  0.03483066 -0.0229675  -0.02296062]
 [-0.21674159  0.97202903  0.0714629  -0.03313427 -0.03455251 -0.0279981 ]
 [ 0.04579227 -0.06279252  0.9949232  -0.01650534  0.049638   -0.03676676]
 [-0.03997504  0.02463531  0.0194282   0.99849     0.01820277  0.01020504]
 [ 0.01150348  0.03827642 -0.05153179 -0.01658665  0.99295825 -0.09749778]
 [ 0.01963082  0.0336249   0.03286899 -0.01261927  0.09755621  0.9938447 ]]",40
4,5,6,0.9,0.8173917531967163,"[[ 0.906843    0.40729186  0.09277491  0.05366872 -0.01495959 -0.00615324]
 [-0.41220087  0.910404    0.02141906  0.01650539 -0.0155043   0.01683427]
 [-0.07210092 -0.05264371  0.98562014 -0.10430575 -0.02668857 -0.09482119]
 [-0.04840566 -0.04453382  0.11109204  0.98281366  0.01410899  0.13118792]
 [ 0.00654145  0.01881819  0.03045587 -0.02261763  0.9980625   0.04511533]
 [ 0.01190884 -0.01300538  0.07885415 -0.139761   -0.04995909  0.9856176 ]]",40
5,6,6,0.9,0.8389065265655518,"[[ 9.9906570e-01  3.5050746e-02 -1.6642243e-02 -5.9204723e-04
   1.7247450e-02  8.0204634e-03]
 [-3.0480169e-02  9.7588599e-01  2.1430439e-01  1.7294589e-02
   4.8652397e-05 -2.2181975e-02]
 [ 2.2467051e-02 -2.1244533e-01  9.7262150e-01 -4.8275374e-02
   7.5576544e-02 -1.8095270e-02]
 [ 4.6367529e-03 -2.8365809e-02  5.4678448e-02  9.8667634e-01
  -1.4426647e-01  4.2911194e-02]
 [-1.9488238e-02  1.3945170e-02 -6.2732063e-02  1.4047170e-01
   9.7697228e-01  1.4588805e-01]
 [-5.7073636e-03  1.6908687e-02  2.9650675e-02 -6.4091802e-02
  -1.3675928e-01  9.8792285e-01]]",40
6,7,6,0.9,0.8530447483062744,"[[ 9.9421453e-01  1.5677750e-02  8.1794135e-02  1.6232353e-02
  -6.5781757e-02 -3.2675271e-03]
 [-3.7058029e-02  9.6843994e-01  2.4367687e-01  1.5145051e-02
  -2.3746962e-02  2.4062717e-02]
 [-7.0210487e-02 -2.4268733e-01  9.6038157e-01 -9.7801395e-02
   4.8873369e-02  4.3438412e-02]
 [-1.4139499e-02 -3.4404144e-02  8.3740674e-02  9.8775899e-01
   1.2513582e-01  1.6649002e-02]
 [ 7.0537560e-02  4.0661111e-02 -4.6800733e-02 -1.1876993e-01
   9.8846406e-01 -3.6488562e-03]
 [-7.6936074e-03  1.2005537e-02  4.8946433e-02  1.2959588e-02
   2.4347042e-04 -9.9861550e-01]]",40
7,8,6,0.9,0.8539105653762817,"[[ 0.9926124  -0.11177117 -0.04415432  0.00861355 -0.01406611 -0.00248716]
 [ 0.10081096  0.9694069  -0.1999168   0.0647398   0.07532456  0.01598788]
 [-0.0653202  -0.1925044  -0.9783348  -0.0147243  -0.01171486 -0.03438569]
 [-0.01594286 -0.06235428  0.00132192  0.9946113  -0.01041122 -0.08059766]
 [ 0.00554386 -0.07672227  0.00406177  0.00269092  0.9963321  -0.03716837]
 [-0.00247949 -0.03041551 -0.03043896  0.07911301  0.03471301  0.9953283 ]]",40
8,9,7,0.9,0.9401764273643494,"[[ 0.96240324 -0.25788602 -0.05163595  0.05797852  0.03103935 -0.01026658
  -0.01334595]
 [ 0.24715763  0.95838267 -0.13656418  0.02110645  0.01568985 -0.0269248
  -0.01869147]
 [ 0.08551402  0.11891945  0.988757   -0.02086926  0.02082004 -0.00428401
   0.00420664]
 [-0.00439083 -0.00866414 -0.02721615 -0.47491845  0.8775081  -0.05499917
  -0.02391764]
 [ 0.0680639   0.00561591 -0.01522051 -0.87408113 -0.47694933 -0.06002142
  -0.00174745]
 [ 0.02048471  0.02334098 -0.00223247 -0.07755621  0.02013235  0.9960656
  -0.02153324]
 [ 0.01757313  0.01428812 -0.00813312 -0.01331085  0.02122473  0.01942131
   0.9992077 ]]",40
9,10,7,0.9,1.0215754508972168,"[[ 0.97730976 -0.18277223 -0.06827711 -0.0568723   0.05430845  0.01685656
  -0.01817048]
 [ 0.16795379  0.9650593  -0.19538754  0.02118432 -0.01603933  0.02931238
  -0.02665989]
 [ 0.09987763  0.18018413  0.97169966  0.05505434  0.09238454 -0.03638419
  -0.02163909]
 [-0.02068066  0.03724124  0.07463148 -0.9263114  -0.33999306 -0.13723655
  -0.01156076]
 [-0.07438812  0.02042989 -0.06286921 -0.35201478  0.9278155   0.06308852
  -0.03688281]
 [ 0.01605035  0.01493974 -0.05720655  0.10396323  0.10349868 -0.9872742
  -0.00397995]
 [ 0.0215107   0.0275915   0.01291289 -0.02258979  0.03331039 -0.00289292
   0.9984893 ]]",40
10,11,7,0.9,1.4409723281860352,"[[ 0.97787374  0.19457918  0.01632673 -0.03510792  0.06387473  0.01735617
  -0.00463615]
 [ 0.1690132  -0.79296046 -0.5728423  -0.03655306 -0.0545724   0.05563085
   0.0842079 ]
 [ 0.09695345 -0.52227944  0.8058708  -0.04953047 -0.14564577  0.11746639
   0.17587528]
 [-0.01488122  0.09862517 -0.05467856 -0.8412401  -0.51917034 -0.03189044
  -0.0939269 ]
 [-0.07199117  0.00967076  0.00179539 -0.45290557  0.6808673   0.5572952
   0.12425351]
 [ 0.0130909  -0.00750261 -0.00198333  0.2214419  -0.28522652  0.67392695
  -0.6443603 ]
 [ 0.01489649 -0.22516707  0.1384213  -0.18202548  0.39655632 -0.46586818
  -0.7228375 ]]",40
0,1,6,0.9,0.8279682397842407,"[[ 0.986178   -0.05482043  0.15272407 -0.00124663  0.02551496 -0.02169214]
 [ 0.06626479  0.9944367  -0.06649841 -0.03986697 -0.02618964  0.00271839]
 [-0.15049046  0.07523839  0.98135775 -0.05113171  0.05663958 -0.052973  ]
 [-0.00311316  0.04273329  0.05075261  0.9972165  -0.03063924  0.01444892]
 [-0.01708657  0.02430925 -0.06829505  0.03496961  0.9828535  -0.16501243]
 [ 0.01063029  0.00354185  0.04415992 -0.0114427   0.16886495  0.98451924]]",41
1,2,6,0.9,0.8757200837135315,"[[ 0.9857414  -0.03510423 -0.16363735 -0.01322008 -0.00219245 -0.01116387]
 [ 0.06596436  0.9776263   0.19275962 -0.04753606  0.00811666 -0.02033622]
 [ 0.15402137 -0.19867924  0.9645465   0.03752438  0.06476359  0.0291799 ]
 [ 0.01014332  0.05381984 -0.0316123   0.9974537   0.03290657  0.00212993]
 [-0.00872913  0.00301865 -0.06344399 -0.03497673  0.9973182  -0.00474785]
 [ 0.00779432  0.0252043  -0.02630473 -0.004503    0.00291792  0.99929136]]",41
2,3,6,0.9,0.9002671837806702,"[[ 0.9478322   0.29461065 -0.08497959  0.05829376  0.02342357  0.06041757]
 [-0.2825866   0.95209837  0.06167848 -0.07573251 -0.05814802 -0.02706839]
 [ 0.09548891 -0.03333855  0.9893287  -0.04287263  0.06094943  0.07379872]
 [-0.07677794  0.0560711   0.04814133  0.99329203  0.03635554  0.02631978]
 [-0.04971073  0.04943491 -0.06421763 -0.04252696  0.98888284  0.10612864]
 [-0.06538144  0.00375127 -0.06133088 -0.02430404 -0.11464851  0.98904735]]",41
3,4,6,0.9,0.8195116519927979,"[[ 0.98048073  0.18889302 -0.02725197  0.03132796 -0.02399575 -0.02602164]
 [-0.18838827  0.9805165   0.03366729 -0.02387143 -0.03529201 -0.01217463]
 [ 0.03379208 -0.02658232  0.99742013 -0.01263049  0.04993334 -0.02552649]
 [-0.03398718  0.01865256  0.01305291  0.99855745  0.03188313  0.01389348]
 [ 0.01421167  0.03850786 -0.05173013 -0.03012977  0.9938557  -0.08356001]
 [ 0.02585452  0.01921606  0.02074741 -0.01625943  0.08318479  0.9956645 ]]",41
4,5,6,0.9,0.8103972673416138,"[[ 0.9189324   0.37511206  0.10008785  0.06586586 -0.01772553 -0.01356692]
 [-0.38228744  0.9229359   0.03685937  0.02030951 -0.01223189  0.01118096]
 [-0.07338024 -0.06652498  0.9836002  -0.11938082 -0.03729876 -0.08412804]
 [-0.06019722 -0.05201425  0.12137372  0.983624    0.04448284  0.09718247]
 [ 0.01242011  0.01748739  0.03729244 -0.05230685  0.9967482   0.04366014]
 [ 0.01602682 -0.00659754  0.07093824 -0.10365977 -0.05156808  0.99058706]]",41
5,6,6,0.9,0.8336240649223328,"[[ 0.9961391   0.08047665 -0.02913836  0.00248823  0.01736205  0.00858494]
 [-0.07421499  0.98207814  0.17092557  0.00736198  0.00498899 -0.02683287]
 [ 0.04132733 -0.16792661  0.9812426  -0.05126589  0.06705192 -0.01146339]
 [ 0.00359893 -0.01615401  0.06099109  0.981156   -0.18115614  0.0228371 ]
 [-0.02061961  0.00539679 -0.0535416   0.17953567  0.9715381   0.14338647]
 [-0.00727558  0.02359222  0.02261953 -0.04910457 -0.13591874  0.98893565]]",41
6,7,6,0.9,0.8553635478019714,"[[ 0.99188054  0.0722321   0.08366366  0.01110733 -0.06122806 -0.00914158]
 [-0.09054128  0.973118    0.20731592  0.00649267 -0.02970356 -0.03064696]
 [-0.06173414 -0.2103114   0.96830195 -0.10027603  0.06049542 -0.02518689]
 [-0.00743875 -0.02150682  0.08682011  0.98399717  0.15331335 -0.01374296]
 [ 0.06390777  0.04997423 -0.06182683 -0.14634371  0.9839488  -0.00489736]
 [ 0.00495308  0.02515909  0.03242762  0.01059114  0.00698592  0.99906456]]",41
7,8,7,0.9,0.9287926554679871,"[[ 9.89568174e-01 -1.40689075e-01 -2.92800609e-02  3.36870062e-03
  -5.45630185e-03  7.98729772e-04  7.89276883e-03]
 [ 1.28795311e-01  9.55327034e-01 -2.50609815e-01  4.72822897e-02
   7.13878348e-02 -1.74376667e-02 -1.79080721e-02]
 [-6.29569590e-02 -2.42143631e-01 -9.66842592e-01 -3.74942571e-02
  -7.60093378e-03  3.39011587e-02 -2.30354001e-03]
 [-1.18477391e-02 -5.90941086e-02 -2.04950813e-02  9.88263965e-01
   1.07101947e-01  8.83774161e-02 -6.57177006e-04]
 [-2.77836691e-03 -6.30892143e-02  1.44153340e-02 -1.15273416e-01
   9.89932001e-01  5.01823500e-02  5.71455946e-03]
 [ 4.69830679e-03  3.38978730e-02  2.95657124e-02 -7.98834935e-02
  -5.80487326e-02  9.93917108e-01  1.82361342e-02]
 [-5.72872721e-03  1.73707791e-02 -7.12169148e-03  3.50009999e-03
  -3.22526856e-03 -1.86014120e-02  9.99622941e-01]]",41
8,9,7,0.9,0.9396037459373474,"[[ 0.95008975 -0.3009427  -0.05816168 -0.05548438  0.00118848  0.00311624
  -0.01704459]
 [ 0.28828287  0.9463108  -0.13320827 -0.05000694  0.00516683  0.0294052
  -0.01588244]
 [ 0.096072    0.11040613  0.98897326  0.00703544  0.01933344 -0.00116181
   0.00937389]
 [-0.00846837 -0.00900235 -0.01712433 -0.04975318  0.9980491   0.02518679
  -0.01850202]
 [ 0.06472048  0.02674089 -0.01701717  0.99129206  0.04719724  0.09886924
  -0.01199773]
 [-0.01661418 -0.0288779   0.00677982 -0.09509023 -0.02916814  0.99321556
   0.0497382 ]
 [ 0.02135646  0.01047477 -0.01325961  0.01392146  0.02044079 -0.04730253
   0.998203  ]]",41
9,10,8,0.9,1.0921975374221802,"[[ 0.9687354  -0.21176676 -0.09923967 -0.06429319  0.0389519   0.01431693
  -0.02454188  0.01999658]
 [ 0.19021754  0.9619491  -0.18935554 -0.00446499 -0.00514161  0.03605634
  -0.02356013 -0.02672466]
 [ 0.13474353  0.16618603  0.97041464  0.04506378  0.09627743 -0.03036715
  -0.01389318  0.01032193]
 [ 0.04295279 -0.02007576 -0.06463556  0.96469635  0.21679051  0.1252033
   0.01497187 -0.00608968]
 [-0.06364807 -0.00259482 -0.07253165 -0.2309001   0.9625284   0.09839314
  -0.0258813  -0.02354818]
 [-0.01499845 -0.02520072  0.05435846 -0.09712178 -0.12164831  0.98505586
   0.00982808 -0.03902001]
 [ 0.02728586  0.02136046  0.00461363 -0.02063657  0.02574503 -0.00651031
   0.9980108   0.04026579]
 [-0.01864613  0.02626538 -0.01329185 -0.00182469  0.01633304  0.04287561
  -0.04041626  0.99751884]]",41
10,11,8,0.9,1.531111240386963,"[[-0.97089905  0.18855396 -0.01471999  0.01725174  0.09468309 -0.02400826
  -0.02924647 -0.10436256]
 [-0.176449   -0.8616127  -0.4386152  -0.00284261 -0.06126958  0.12002009
   0.12297515  0.02857188]
 [-0.09493797 -0.41322732  0.8927388   0.08495699  0.02310954  0.05587662
   0.11122315  0.00170364]
 [-0.01708184  0.06093834 -0.05172152  0.9175482  -0.37286234  0.06716404
  -0.03143593  0.08306304]
 [ 0.06709022  0.04688044 -0.05755377  0.26384315  0.7746421   0.5591254
   0.04890404  0.07274839]
 [-0.02184412 -0.02292965  0.06174075 -0.18138202 -0.31311187  0.60494965
  -0.6981134  -0.1045    ]
 [-0.06007626 -0.10214931  0.01901675  0.02574053  0.20058747 -0.32973948
  -0.49093252  0.7713326 ]
 [-0.09125996  0.18558766  0.01601043 -0.21773092 -0.33072054  0.43597266
   0.48979005  0.60845965]]",41
0,1,6,0.9,0.8312978148460388,"[[ 9.8891443e-01 -3.4565102e-02  1.3956539e-01  2.6330678e-03
   2.5500678e-02 -2.6790844e-02]
 [ 4.8250291e-02  9.9389905e-01 -8.8494621e-02 -3.4618117e-02
  -2.7094539e-02  8.5242102e-03]
 [-1.3797221e-01  9.4273061e-02  9.8157889e-01 -5.1564049e-02
   5.5684157e-02 -5.3099707e-02]
 [-6.8853241e-03  3.8299356e-02  5.1259235e-02  9.9682307e-01
  -4.1469585e-02  2.1962272e-02]
 [-1.9715635e-02  2.4793755e-02 -6.7763492e-02  4.7041535e-02
   9.8064810e-01 -1.7470279e-01]
 [ 1.5737914e-02 -9.1793539e-04  4.4426382e-02 -1.6331734e-02
   1.7923293e-01  9.8254091e-01]]",42
1,2,6,0.9,0.8879535794258118,"[[ 0.9868705  -0.03392642 -0.15678659 -0.01300053 -0.0052204  -0.01253705]
 [ 0.06523667  0.9752668   0.20474486 -0.04714401  0.00902107 -0.01935232]
 [ 0.1469379  -0.21047662  0.9629647   0.03161895  0.06934306  0.03161591]
 [ 0.01083877  0.05215747 -0.02613972  0.9967998   0.05111894 -0.01599091]
 [-0.0063324   0.00259696 -0.06794476 -0.05318071  0.99612784 -0.0154209 ]
 [ 0.00907422  0.02600317 -0.02994449  0.01305786  0.0141097   0.99898714]]",42
2,3,6,0.9,0.9134411215782166,"[[ 9.3876117e-01  3.1903732e-01 -9.3587942e-02  5.2878983e-02
   2.9397409e-02  6.7257047e-02]
 [-3.0674678e-01  9.4446236e-01  6.0351163e-02 -8.0231853e-02
  -5.5424791e-02 -2.7309079e-02]
 [ 1.0405829e-01 -2.8054943e-02  9.8859274e-01 -5.0358899e-02
   6.1363112e-02  6.9049038e-02]
 [-7.3970750e-02  5.9272587e-02  5.5895947e-02  9.9290955e-01
   2.4341686e-02  3.7799679e-02]
 [-5.5445343e-02  4.3643460e-02 -6.1102569e-02 -3.0365931e-02
   9.9257201e-01  7.1876846e-02]
 [-7.2524756e-02  9.0217934e-04 -5.8528539e-02 -3.7936192e-02
  -8.0664530e-02  9.9164909e-01]]",42
3,4,6,0.9,0.8231211304664612,"[[ 0.98116934  0.18573849 -0.03584007  0.02682399 -0.01782799 -0.02205081]
 [-0.18456918  0.9810532   0.03653616 -0.02851911 -0.03206312 -0.0171006 ]
 [ 0.04223846 -0.0280837   0.9967435  -0.00653504  0.05491572 -0.02951561]
 [-0.03089825  0.02390222  0.00750707  0.9988709   0.023972    0.0099956 ]
 [ 0.0083066   0.03404076 -0.05677476 -0.02315395  0.99402636 -0.08321229]
 [ 0.02081657  0.02273587  0.02456133 -0.01205248  0.08351807  0.99565357]]",42
4,5,6,0.9,0.812901496887207,"[[ 0.9213715   0.37450647  0.08980441  0.0484445  -0.01683573 -0.01114778]
 [-0.3801574   0.92393655  0.03610318  0.01768258 -0.01289166  0.0062717 ]
 [-0.06555986 -0.06291549  0.9826214  -0.12438651 -0.04090413 -0.09515113]
 [-0.04490672 -0.04244228  0.13143933  0.98183227  0.05117314  0.11087164]
 [ 0.01113984  0.01758252  0.04182525 -0.06391618  0.9944937   0.06866147]
 [ 0.01077357 -0.00416276  0.07785522 -0.11742505 -0.07899868  0.98680073]]",42
5,6,6,0.9,0.84333735704422,"[[ 0.99915236  0.03787741 -0.00629261 -0.00861863  0.01193889 -0.00183847]
 [-0.03575467  0.97854     0.20038973  0.01353781 -0.00132511 -0.02898244]
 [ 0.01228648 -0.19879432  0.9754039  -0.06262394  0.06898367 -0.01537972]
 [ 0.01139629 -0.02604411  0.06685895  0.98996043 -0.11559379  0.03658193]
 [-0.01139999  0.01532402 -0.05644638  0.11331638  0.98047227  0.14927392]
 [ 0.00230305  0.02434044  0.02711477 -0.05439244 -0.14286122  0.9875724 ]]",42
6,7,6,0.9,0.8557348251342773,"[[ 0.991709    0.0228852   0.10592074  0.0209796  -0.06576499  0.00226539]
 [-0.04909142  0.97100466  0.23092605  0.01563193 -0.02465287  0.02368314]
 [-0.09106576 -0.23054238  0.959531   -0.11329594  0.05725225  0.04175831]
 [-0.02109516 -0.03671027  0.09643135  0.9845374   0.13905886  0.01603208]
 [ 0.07317913  0.04433298 -0.05657914 -0.1304941   0.9861272  -0.00163441]
 [-0.00318069  0.01277662  0.0474769   0.01169921  0.00227849 -0.9987145 ]]",42
7,8,7,0.9,0.9332209825515747,"[[ 0.9922921  -0.12119717  0.02374773  0.00483068 -0.0046764  -0.00327875
   0.00690188]
 [ 0.1128789   0.96459365  0.22031231  0.04022013  0.07868154  0.01376609
  -0.01679233]
 [-0.04961461 -0.21506271  0.9746452  -0.01760427 -0.00789114 -0.03097793
  -0.00461932]
 [-0.01019304 -0.04119971  0.00563684  0.9952444   0.00830563 -0.08658316
  -0.00948171]
 [-0.00454316 -0.07615015 -0.01139752 -0.0172249   0.99453974 -0.0675511
   0.00901916]
 [-0.00102842 -0.02925986  0.02712732  0.08447462  0.0670104   0.9933677
  -0.00110938]
 [-0.00524056  0.01630879  0.00822636  0.01024909 -0.00750167  0.00100128
   0.9997383 ]]",42
8,9,7,0.9,0.9426051378250122,"[[ 9.67528045e-01 -2.38807634e-01 -5.46009503e-02 -2.67339330e-02
  -5.39403446e-02 -8.41047894e-03 -1.35707268e-02]
 [ 2.26825640e-01  9.62747872e-01 -1.36523888e-01 -3.24484706e-02
  -3.08569055e-02 -2.65651718e-02 -1.78093761e-02]
 [-8.41976181e-02 -1.19775757e-01 -9.88770902e-01 -1.27125485e-02
   2.61620320e-02  7.09418859e-03 -2.47199263e-04]
 [-7.56962877e-03  7.37332646e-03 -2.56672949e-02  8.37099075e-01
  -5.44371545e-01 -3.62158790e-02 -2.90297959e-02]
 [ 6.75124452e-02  2.71128342e-02  5.44916047e-03  5.38808525e-01
   8.34151208e-01 -9.23281386e-02 -5.48544619e-03]
 [ 2.01678518e-02  2.67795660e-02  2.66804080e-03  7.84460455e-02
   5.65655753e-02  9.93959785e-01 -3.94904204e-02]
 [ 1.81225184e-02  1.53183239e-02 -4.03257878e-03  2.94536743e-02
  -1.02836452e-02  3.71631384e-02  9.98532116e-01]]",42
9,10,8,0.9,1.129733681678772,"[[ 9.76375699e-01 -1.88283622e-01 -7.96696618e-02 -4.15530913e-02
   4.88686226e-02  1.33073656e-02 -1.73112489e-02  1.73440855e-02]
 [ 1.67065382e-01  9.58272457e-01 -2.25036457e-01  9.53443581e-04
  -2.03908477e-02  3.71872187e-02 -2.37466861e-02 -2.82521378e-02]
 [ 1.16865262e-01  2.08622918e-01  9.63684976e-01  6.38466105e-02
   9.27568451e-02 -3.03970668e-02 -2.23367065e-02  5.20374626e-03]
 [-2.91201100e-02 -9.02913138e-03 -1.05264165e-01  5.56994557e-01
   8.11052501e-01  1.40196845e-01 -1.16685648e-02 -1.22263329e-02]
 [ 5.91163188e-02 -2.40659174e-02  9.62311402e-04  8.18386197e-01
  -5.67402959e-01  4.48733643e-02  4.43857238e-02 -1.54722268e-02]
 [ 1.40069127e-02  2.63152085e-02 -5.44382408e-02  1.14276253e-01
   8.66060480e-02 -9.86712754e-01  9.60948132e-03  4.35185023e-02]
 [ 2.01842319e-02  2.54015326e-02  1.39182126e-02 -2.99760420e-02
   3.62275206e-02  1.04057305e-02  9.98058319e-01  1.77210718e-02]
 [-1.32558541e-02  2.72258688e-02 -9.15746670e-03  1.54745309e-02
  -5.18975593e-03  4.62283753e-02 -1.78484321e-02  9.98136818e-01]]",42
10,11,8,0.9,1.508083462715149,"[[ 0.9707271   0.20088142 -0.0119298  -0.061979    0.04359731  0.00449933
  -0.01000097 -0.10644682]
 [ 0.17603679 -0.8714604  -0.4427745  -0.00697511 -0.0634722   0.05498312
   0.07837713 -0.01658752]
 [ 0.09442733 -0.40400648  0.8849655  -0.0680424  -0.12504539  0.05493958
   0.1444623  -0.02333267]
 [-0.0197444   0.10045765 -0.09655377 -0.6640552  -0.7149161   0.0942793
  -0.06209566  0.12400367]
 [-0.05402339  0.01044407 -0.01764251 -0.57314616  0.5979761   0.48577654
   0.25237775  0.1044784 ]
 [ 0.00225227 -0.03512361  0.05116079  0.20664564 -0.07230981  0.70404416
  -0.66376925 -0.10929261]
 [ 0.09155036 -0.10874972  0.07609387 -0.09704757  0.20339812 -0.27806753
  -0.4659447   0.7929607 ]
 [ 0.07802942  0.11713772 -0.05101828  0.41218165 -0.25130486  0.41960827
   0.49763748  0.5664144 ]]",42
0,1,6,0.9,0.8288788795471191,"[[ 0.98709697 -0.03048095  0.15339851  0.00341759  0.02418085 -0.0241445 ]
 [ 0.04733067  0.99269974 -0.10120497 -0.03572129 -0.02735332  0.00635187]
 [-0.15121335  0.10677622  0.9777891  -0.05752766  0.05818456 -0.05446971]
 [-0.00952707  0.04097792  0.05587246  0.9967713  -0.03259946  0.02219327]
 [-0.01663231  0.02311881 -0.07068164  0.03873587  0.9818259  -0.16944148]
 [ 0.01290231  0.00181245  0.04513631 -0.01869129  0.17388734  0.98346674]]",43
1,2,6,0.9,0.8825446367263794,"[[ 0.9878784  -0.04149146 -0.14866689 -0.01318213 -0.00211217 -0.00973255]
 [ 0.06694305  0.9801479   0.17735516 -0.05226764  0.00855593 -0.02384741]
 [ 0.13906248 -0.1832574   0.9695057   0.02773776  0.07229543  0.03377751]
 [ 0.0121096   0.05595797 -0.02394524  0.9962331   0.06026368 -0.00604788]
 [-0.00938571  0.00107194 -0.07044618 -0.06193688  0.9954572  -0.01330584]
 [ 0.00646874  0.02954265 -0.03107848  0.00289223  0.01136283  0.99899054]]",43
2,3,6,0.9,0.900582492351532,"[[ 9.0914595e-01  3.9645305e-01 -8.8771470e-02  5.5205807e-02
   2.1782981e-02  6.9829032e-02]
 [-3.8352251e-01  9.1510755e-01  6.8239748e-02 -7.9399072e-02
  -5.7658996e-02 -3.4687955e-02]
 [ 1.0371191e-01 -2.7267275e-02  9.8874050e-01 -4.1232511e-02
   5.8790069e-02  7.5736210e-02]
 [-7.9925947e-02  5.0872285e-02  4.8619214e-02  9.9394119e-01
   1.3724487e-02  2.3508245e-02]
 [-5.7288911e-02  4.5513876e-02 -6.1332978e-02 -2.0356983e-02
   9.8828638e-01  1.1730446e-01]
 [-7.7057317e-02 -4.1598323e-04 -6.1068967e-02 -2.4790188e-02
  -1.2588218e-01  9.8684937e-01]]",43
3,4,6,0.9,0.8142213821411133,"[[ 0.9901436   0.13017316 -0.03348853  0.03019495 -0.01618833 -0.01937382]
 [-0.12902008  0.98975235  0.04100853 -0.02143189 -0.03567371 -0.01817813]
 [ 0.03856941 -0.03525352  0.99693346 -0.00320246  0.04747722 -0.03359799]
 [-0.03195203  0.01844885  0.00475521  0.9988422   0.0220764   0.02105014]
 [ 0.00858416  0.0368991  -0.04944789 -0.02024326  0.9938005  -0.0898352 ]
 [ 0.01967924  0.02237188  0.02920084 -0.0228752   0.08991303  0.9948125 ]]",43
4,5,7,0.9,0.8826393485069275,"[[ 0.9366188   0.33089024  0.09503542  0.05399744 -0.01862792 -0.00621398
  -0.03039465]
 [-0.33619344  0.9407651   0.03599277  0.01089623 -0.00964474  0.01153306
   0.01716973]
 [-0.0747629  -0.06094664  0.9822883  -0.11355836 -0.02415529 -0.09040444
  -0.06444928]
 [-0.05475431 -0.03627658  0.11798656  0.9832573   0.03700254  0.11591323
  -0.01285673]
 [ 0.01546381  0.01441734  0.02642446 -0.04371532  0.99751055  0.03942373
   0.01903215]
 [ 0.01012422 -0.01129687  0.07824777 -0.12328879 -0.04728113  0.9871501
   0.04178883]
 [ 0.02810845 -0.01033163  0.06356598  0.01281004 -0.01856168 -0.04690497
   0.99616957]]",43
5,6,7,0.9,0.9040773510932922,"[[ 9.9920505e-01  2.7825901e-02 -1.7999869e-02 -5.2046902e-03
   7.9327049e-03  5.9114059e-04  2.0015746e-02]
 [-2.2507567e-02  9.7223133e-01  2.3024869e-01  1.1555161e-02
   2.6440187e-03 -2.7833890e-02 -1.8160954e-02]
 [ 2.3180528e-02 -2.2893290e-01  9.6739918e-01 -6.0102660e-02
   8.3303481e-02 -1.8666858e-02 -1.7055573e-02]
 [ 8.6523453e-03 -2.6721092e-02  6.8887912e-02  9.8336202e-01
  -1.6215000e-01  3.1335536e-02 -1.3793960e-02]
 [-1.0197505e-02  1.6281359e-02 -6.5229833e-02  1.6169073e-01
   9.7055835e-01  1.4387882e-01  8.0916017e-02]
 [ 7.3205307e-04  2.1314751e-02  3.1609695e-02 -5.5489387e-02
  -1.3311896e-01  9.8839647e-01 -2.8611420e-02]
 [-1.9130018e-02  1.2171264e-02  2.8295770e-02 -1.8254184e-03
  -8.3628543e-02  1.6303990e-02  9.9570197e-01]]",43
6,7,7,0.9,0.9270603060722351,"[[ 0.9910994   0.01777757  0.11331958  0.01234137 -0.06328039  0.0043749
  -0.01971474]
 [-0.04988764  0.96052194  0.2685448   0.01604258 -0.01283216  0.02585777
  -0.04125515]
 [-0.09987292 -0.27097833  0.9484805  -0.10105826  0.05552156  0.03959204
  -0.04602149]
 [-0.01427599 -0.04059764  0.08338586  0.98832065  0.11574929  0.02224462
  -0.02290122]
 [ 0.06972364  0.03288401 -0.05377669 -0.10942904  0.9893723   0.00133018
  -0.01820168]
 [-0.00144679  0.01272633  0.04551531  0.01794413  0.00500146 -0.99836916
  -0.02600639]
 [ 0.01382914  0.02758521  0.05924821  0.01741297  0.02162954 -0.02251999
   0.9971255 ]]",43
7,8,7,0.9,0.9285666942596436,"[[ 9.94358659e-01 -9.37118009e-02 -4.73854281e-02  1.10686235e-02
  -7.68923759e-03  9.64129809e-04  6.40752912e-03]
 [ 8.12434703e-02  9.69565094e-01 -2.13032663e-01  5.22369705e-02
   6.93996996e-02  1.60784479e-02 -1.25095826e-02]
 [-6.58284798e-02 -2.07555234e-01 -9.75214541e-01 -1.26833105e-02
   6.72948780e-04 -3.70134525e-02 -3.58448038e-03]
 [-1.55571038e-02 -5.19887768e-02  2.37691449e-03  9.94809330e-01
   2.04708111e-02 -8.29797387e-02 -9.95233841e-03]
 [ 2.70621153e-03 -6.52758256e-02  1.68935452e-02 -2.85631306e-02
   9.95718002e-01 -5.62767722e-02  2.99015362e-03]
 [-5.82198938e-03 -3.14568020e-02 -3.16076912e-02  7.99914002e-02
   5.69989756e-02  9.94100690e-01 -9.68681183e-03]
 [-5.81151759e-03  1.13607794e-02 -6.19124807e-03  1.13003720e-02
  -1.30194577e-03  9.03623737e-03  9.99793828e-01]]",43
8,9,7,0.9,0.9372402429580688,"[[ 0.9684523  -0.23652807 -0.03938648 -0.04302294 -0.04667841 -0.00987942
  -0.02181751]
 [ 0.22521405  0.95987964 -0.16162716 -0.02438131 -0.01999383 -0.02299983
  -0.01622533]
 [ 0.07631468  0.14812203  0.98558134  0.01823063 -0.01913539 -0.00721767
   0.0107127 ]
 [-0.00556257 -0.00130954 -0.02604391  0.7000772  -0.7124085  -0.02833603
  -0.02919185]
 [ 0.06724276  0.01367369 -0.00720989  0.70819974  0.69890475 -0.0716141
  -0.00980508]
 [ 0.01921546  0.02152071  0.00224101  0.06904979  0.02937432  0.9961635
  -0.0344985 ]
 [ 0.02516338  0.0096799  -0.01481584  0.02827541 -0.01408926  0.03237384
   0.99850273]]",43
9,10,8,0.9,1.1143957376480103,"[[ 0.97912395 -0.17664646 -0.05973461 -0.04603722  0.05935912  0.01500688
  -0.02593368 -0.00184045]
 [ 0.15972842  0.9610146  -0.22141671  0.01089451 -0.00732354  0.02256045
  -0.02682743 -0.02261689]
 [ 0.09501111  0.20740071  0.9662573   0.07394864  0.083574   -0.03897446
  -0.01452347  0.01103154]
 [-0.00871238 -0.03005904 -0.09671696  0.8156346   0.55063313  0.14244603
  -0.0044313  -0.0299853 ]
 [ 0.07510201 -0.01888788  0.02548864  0.5597422  -0.8240697  -0.00480815
   0.02410788 -0.01862358]
 [ 0.01305855  0.00735385 -0.05892774  0.11295891  0.08045626 -0.9876267
  -0.0119729   0.03899141]
 [ 0.02964512  0.0256608   0.00383952 -0.00656269  0.02563336 -0.00802628
   0.9970368   0.06000847]
 [ 0.00322709  0.01609888 -0.01619194  0.03032312 -0.00450568  0.04429554
  -0.0597516   0.99649185]]",43
10,11,9,0.9,1.5236823558807373,"[[ 9.63497043e-01  1.70965433e-01  1.42170256e-02 -6.11508973e-02
   6.19052388e-02 -7.00424612e-03  1.29224723e-02 -1.41761899e-01
  -1.19824842e-01]
 [ 1.54668614e-01 -8.39798331e-01 -4.85180259e-01  2.20096987e-02
  -7.25813508e-02  1.12633675e-01  1.18817486e-01 -9.66601714e-04
  -5.34706376e-02]
 [ 6.48089945e-02 -4.54029590e-01  8.71268630e-01 -2.51376592e-02
  -6.54889718e-02  9.03840736e-02  1.27206758e-01 -1.30393659e-04
  -3.57263200e-02]
 [ 2.59004068e-03  7.07799718e-02 -4.14447747e-02 -7.76503384e-01
  -5.82914412e-01  1.69745281e-01 -2.96839401e-02  1.40580595e-01
   3.25816758e-02]
 [-4.75967117e-02  1.40645904e-02 -1.60575807e-02 -3.85322899e-01
   7.06483901e-01  5.75003207e-01  7.86072239e-02  1.00011170e-01
   5.36235832e-02]
 [ 1.06492350e-02 -2.25722436e-02  3.14613245e-02  2.50353992e-01
  -1.88330114e-01  5.42019427e-01 -7.55309761e-01 -1.74201757e-01
  -7.49515146e-02]
 [ 6.76178336e-02 -1.32625178e-01  3.66766565e-02 -1.32219970e-01
   2.20120326e-01 -3.72952819e-01 -4.86622423e-01  6.72725320e-01
  -2.86537290e-01]
 [ 8.73435512e-02  1.77993611e-01 -2.36944593e-02  3.97866994e-01
  -2.52547294e-01  4.29801762e-01  3.63056630e-01  6.37915075e-01
  -1.20723709e-01]
 [ 1.70188889e-01 -6.61694929e-02  2.04220805e-02  7.24955946e-02
   8.27145472e-04 -4.52181660e-02 -1.52870089e-01  2.45552644e-01
   9.35560822e-01]]",43
0,1,6,0.9,0.8289268016815186,"[[ 9.8652029e-01 -5.3768717e-02  1.5056348e-01  2.0325421e-03
   2.7383801e-02 -2.1524834e-02]
 [ 7.1209826e-02  9.9051434e-01 -1.0574951e-01 -4.1311160e-02
  -2.9029941e-02  8.8399379e-03]
 [-1.4564621e-01  1.1486164e-01  9.7824860e-01 -5.1507980e-02
   5.5137768e-02 -5.4132339e-02]
 [-5.4122633e-03  4.5738086e-02  5.0242238e-02  9.9630821e-01
  -4.5959320e-02  2.4741022e-02]
 [-1.9214874e-02  2.6550312e-02 -6.7905575e-02  5.1559541e-02
   9.8146296e-01 -1.6848344e-01]
 [ 9.7776307e-03 -3.5994587e-04  4.5186225e-02 -1.8647324e-02
   1.7316264e-01  9.8363072e-01]]",44
1,2,6,0.9,0.8922059535980225,"[[ 0.984082   -0.07493638 -0.16039479 -0.0132249  -0.00221893 -0.00780772]
 [ 0.10611483  0.97199756  0.20208274 -0.04727983  0.00936796 -0.02828238]
 [ 0.1415875  -0.21382508  0.9634238   0.03576535  0.06329357  0.02759119]
 [ 0.01256137  0.05233929 -0.0292851   0.99721694  0.03865338 -0.01759452]
 [-0.00821916  0.00254061 -0.06246639 -0.0403757   0.9971614   0.00792735]
 [ 0.00707123  0.03373943 -0.02216112  0.01545378 -0.0087322   0.9990022 ]]",44
2,3,6,0.9,0.9055783748626709,"[[ 0.9544591   0.27664804 -0.0693759   0.05213911  0.01219974  0.06923334]
 [-0.26529482  0.956503    0.05064039 -0.09168782 -0.04939749 -0.0361856 ]
 [ 0.07672343 -0.02935787  0.99114084 -0.0424092   0.05996167  0.07414612]
 [-0.07428845  0.07334911  0.04792744  0.9928974   0.00286921  0.03083305]
 [-0.03806617  0.04706004 -0.06385841 -0.00937345  0.99049926  0.10526949]
 [-0.07597438  0.01054492 -0.06235021 -0.03381231 -0.11277641  0.98811305]]",44
3,4,6,0.9,0.8139015436172485,"[[ 0.9918165   0.11177    -0.04931303  0.02052103 -0.01630674 -0.02624244]
 [-0.10896398  0.9908384   0.06147131 -0.03180145 -0.03638076 -0.01588882]
 [ 0.05551292 -0.05401309  0.99524415  0.00656759  0.05115028 -0.02881862]
 [-0.02311981  0.03179045 -0.00508746  0.99796927  0.04337265  0.02460118]
 [ 0.00897283  0.03844238 -0.05085697 -0.04321182  0.995527   -0.05397981]
 [ 0.02702089  0.01846174  0.02581254 -0.02673208  0.05328057  0.9973512 ]]",44
4,5,6,0.9,0.8136982321739197,"[[ 0.9291186   0.3506      0.10559586  0.04798961 -0.01574783 -0.01080955]
 [-0.3548932   0.93462515  0.01764175  0.00513581 -0.00542722  0.01263009]
 [-0.08832092 -0.05035603  0.98374444 -0.1142136  -0.02056945 -0.09188442]
 [-0.05175759 -0.02856286  0.11900274  0.9846385   0.03498919  0.10773368]
 [ 0.01299283  0.01034045  0.01969495 -0.03878459  0.9987651   0.01732884]
 [ 0.01188446 -0.00984555  0.07896615 -0.11665653 -0.02331028  0.98963326]]",44
5,6,6,0.9,0.8389597535133362,"[[ 0.9989447   0.03986141  0.01526195 -0.00117209  0.00148907 -0.01685464]
 [-0.0424661   0.9788379   0.19745     0.02120696 -0.00379842 -0.02494549]
 [-0.00755259 -0.19638088  0.97582144 -0.04268997  0.08366574 -0.01810069]
 [ 0.00252738 -0.03115478  0.05122337  0.98459345 -0.15930712  0.03995122]
 [ 0.00128135  0.01803296 -0.07079392  0.15694855  0.97630584  0.12982887]
 [ 0.01552708  0.02064247  0.03029004 -0.06057476 -0.12013175  0.9901082 ]]",44
6,7,7,0.9,0.9343765377998352,"[[ 0.98875433  0.06703582  0.11697612  0.01810536 -0.0585794  -0.00523323
  -0.02001883]
 [-0.08934651  0.9775941   0.18521465  0.00386804 -0.00394296 -0.02810191
  -0.03467481]
 [-0.09664814 -0.19391477  0.96669394 -0.10639389  0.06301886 -0.03395805
  -0.04598797]
 [-0.02136616 -0.02442286  0.09249706  0.98830414  0.11217757 -0.01991115
  -0.02580671]
 [ 0.06641044  0.02239536 -0.0656003  -0.10458058  0.98962355  0.00791787
  -0.02074104]
 [-0.00171513  0.02031024  0.04045535  0.01690798 -0.0041586   0.9987246
  -0.0139277 ]
 [ 0.01308597  0.02650569  0.05494786  0.01922316  0.02501427  0.01094691
   0.99749285]]",44
7,8,7,0.9,0.9366488456726074,"[[ 0.9935868  -0.10674807 -0.03417009  0.00725751  0.00290196 -0.00283208
   0.01239155]
 [ 0.09447389  0.96126616 -0.24125038  0.05806452  0.07192813 -0.01129302
  -0.01294314]
 [-0.05829836 -0.23609053 -0.9688695  -0.02515508  0.00660604  0.037306
  -0.00928232]
 [-0.01323633 -0.05805438 -0.00708174  0.9931257  -0.01922917  0.09779393
  -0.01312455]
 [-0.00927208 -0.06726998  0.02529865  0.01066068  0.9960966   0.04896583
   0.00538971]
 [ 0.00778835  0.02858982  0.03293001 -0.09660244 -0.04666187  0.9932158
   0.00710777]
 [-0.01181342  0.01097415 -0.01215984  0.01409627 -0.00433445 -0.00580664
   0.99967045]]",44
8,9,7,0.9,0.9404376149177551,"[[ 9.7474819e-01 -2.0439537e-01 -6.6253677e-02 -2.8872224e-02
  -5.0265715e-02 -1.0840912e-02 -1.4874509e-02]
 [ 1.9081186e-01  9.6936679e-01 -1.4872059e-01 -2.6960708e-02
  -2.1396060e-02 -2.0232502e-02 -1.4389165e-02]
 [ 9.3634695e-02  1.3249911e-01  9.8590505e-01  2.0298690e-02
  -3.3260603e-02 -1.1146569e-02  5.0305938e-03]
 [-9.9808548e-04  6.9844993e-03 -3.5398047e-02  8.7317646e-01
  -4.8291734e-01 -4.1581810e-02 -3.6357906e-02]
 [ 6.3186437e-02  2.0106325e-02  1.0083129e-02  4.7908083e-01
   8.7226456e-01 -7.1423858e-02 -6.0274820e-03]
 [-1.9450441e-02 -2.0320807e-02 -6.8331845e-03 -6.9020413e-02
  -4.1428410e-02 -9.9572849e-01  3.4739155e-02]
 [ 1.7820772e-02  1.1339738e-02 -9.0877116e-03  3.6167338e-02
  -1.1767112e-02  3.2300923e-02  9.9848950e-01]]",44
9,10,8,0.9,1.1097362041473389,"[[ 0.9808212  -0.1572807  -0.09422865  0.01075785  0.05845264  0.01730846
  -0.01767414  0.01513768]
 [ 0.13517322  0.966493   -0.21270521 -0.00873386 -0.02220582  0.03013652
  -0.02652135 -0.01396331]
 [ 0.12110572  0.19701275  0.9655542  -0.08728223  0.07301778 -0.03074185
  -0.01730706  0.00549709]
 [-0.03322974 -0.01928611 -0.10151784 -0.87139815  0.46025023  0.13019554
  -0.00978555  0.00252977]
 [ 0.05598528 -0.02707895  0.02492116 -0.46519    -0.8810863   0.03399564
   0.03694427 -0.01660942]
 [ 0.01489377  0.01855387 -0.05065626 -0.12783764  0.02838962 -0.9880254
   0.02578837  0.05348108]
 [ 0.02058314  0.0263184   0.00889084  0.01038298  0.03853036  0.0248508
   0.9980023  -0.02420735]
 [-0.01293702  0.0140666  -0.00326312  0.00176482 -0.01801827  0.05411862
   0.02345964  0.9979064 ]]",44
10,11,8,0.9,1.4793176651000977,"[[-9.78092253e-01 -1.73288405e-01 -5.40099554e-02 -5.11268862e-02
  -4.03952375e-02 -1.50406957e-02 -1.35729555e-02 -7.57198036e-02]
 [-1.48744047e-01  9.24842775e-01 -3.23293805e-01  4.51049730e-02
   3.51920351e-02  3.81739624e-02 -1.15288377e-01 -7.27628008e-04]
 [-1.00491226e-01  3.00246447e-01  9.39159334e-01 -5.20878807e-02
   3.24289948e-02 -2.57869139e-02 -1.14299819e-01 -1.54668102e-02]
 [-2.25440972e-02  3.36745381e-02  6.12092391e-02  8.07818353e-01
  -4.29191321e-01 -3.15650612e-01  2.08859771e-01 -1.20738514e-01]
 [ 4.87653241e-02  1.11194793e-02 -1.00611746e-02 -3.07973951e-01
  -8.84620428e-01  2.23886698e-01 -2.62108386e-01  3.42041850e-02]
 [-3.19033004e-02  4.61150035e-02  7.59745166e-02  1.55340776e-01
  -8.89164489e-03  8.22092891e-01  5.28984487e-01 -1.05888151e-01]
 [-7.02286288e-02  8.22861344e-02  3.03009935e-02 -1.54393867e-01
  -1.16087995e-01 -1.98553100e-01  4.99018192e-01  8.13401759e-01]
 [-4.77091670e-02 -1.19723745e-01  2.41249474e-03  4.44130391e-01
   1.25555754e-01  3.64185274e-01 -5.76448619e-01  5.52670181e-01]]",44
0,1,6,0.9,0.8354271054267883,"[[ 0.98799527 -0.04300638  0.14463885  0.00484713  0.02296785 -0.02332724]
 [ 0.05445826  0.99486315 -0.06934744 -0.04187592 -0.02535579  0.00871526]
 [-0.14284402  0.07612776  0.9825976  -0.04882409  0.05489045 -0.05390117]
 [-0.00852377  0.04465723  0.04839317  0.99675024 -0.03432776  0.03002842]
 [-0.01644682  0.02453895 -0.06709598  0.04131814  0.9790781  -0.18526861]
 [ 0.01232309 -0.00241222  0.04391696 -0.02491711  0.18985356  0.98043275]]",45
1,2,6,0.9,0.8854253888130188,"[[ 9.8774719e-01 -5.6784976e-02 -1.4465384e-01 -1.0653948e-02
  -6.8348302e-03 -6.7832218e-03]
 [ 8.0758654e-02  9.8080266e-01  1.7051238e-01 -4.3436032e-02
   4.0202029e-03 -2.2954650e-02]
 [ 1.3308740e-01 -1.7769450e-01  9.7067243e-01  3.3395633e-02
   7.7827871e-02  3.6537215e-02]
 [ 9.3160747e-03  4.8487619e-02 -3.1586070e-02  9.9626946e-01
   6.3198209e-02 -4.2087208e-03]
 [-4.6147704e-03  5.9046927e-03 -7.4953325e-02 -6.5814614e-02
   9.9474221e-01 -2.1957152e-02]
 [ 3.6335327e-03  2.8989896e-02 -3.4352913e-02  4.5895579e-04
   1.9333281e-02  9.9879545e-01]]",45
2,3,6,0.9,0.910054087638855,"[[ 9.3828368e-01  3.1761262e-01 -1.0131583e-01  6.0427900e-02
   2.6963599e-02  6.4050093e-02]
 [-3.0429572e-01  9.4526654e-01  7.4934185e-02 -7.0138179e-02
  -5.3194646e-02 -2.2610046e-02]
 [ 1.1674854e-01 -3.9523393e-02  9.8588085e-01 -5.8168173e-02
   6.4267248e-02  7.3026307e-02]
 [-7.6895155e-02  4.7629930e-02  6.3604675e-02  9.9185580e-01
   5.4376315e-02  3.2222364e-02]
 [-5.1390588e-02  4.1975666e-02 -6.6082038e-02 -5.8625594e-02
   9.9078357e-01  7.8365289e-02]
 [-6.9596559e-02 -9.1639481e-04 -6.1209023e-02 -2.8822022e-02
  -8.7772980e-02  9.9140012e-01]]",45
3,4,6,0.9,0.8234755992889404,"[[ 0.98472595  0.16736329 -0.02700962  0.02922277 -0.02088312 -0.01687293]
 [-0.16655748  0.98431087  0.03970034 -0.02156679 -0.03123468 -0.01933394]
 [ 0.03431296 -0.03432148  0.99664736 -0.02820736  0.0454691  -0.03841486]
 [-0.03034418  0.01749609  0.02921115  0.9975761   0.04170001  0.03198195]
 [ 0.01366402  0.03326277 -0.04911938 -0.03742413  0.9935145  -0.08844606]
 [ 0.01698565  0.02304532  0.0335037  -0.0364224   0.08781263  0.9944949 ]]",45
4,5,6,0.9,0.8045048117637634,"[[ 9.25890028e-01  3.62800747e-01  9.12281498e-02  5.20690009e-02
  -8.34170915e-03  1.38186151e-05]
 [-3.68358701e-01  9.28764641e-01  3.19894701e-02  2.05491297e-02
  -1.37497429e-02  8.57274979e-03]
 [-6.85902759e-02 -5.86924590e-02  9.84434187e-01 -1.04519084e-01
  -5.22834472e-02 -9.53002796e-02]
 [-4.82707359e-02 -4.49689515e-02  1.11188300e-01  9.84943151e-01
   5.05630635e-02  1.03030704e-01]
 [ 1.65299105e-03  1.42089492e-02  5.43059036e-02 -6.44195527e-02
   9.93385553e-01  7.66913965e-02]
 [ 1.47399830e-03 -1.01480642e-02  7.89398476e-02 -1.08071722e-01
  -8.73864517e-02  9.87090349e-01]]",45
5,6,6,0.9,0.831988513469696,"[[ 9.98895109e-01  4.22590189e-02 -1.24137392e-02 -6.96406979e-03
   1.48228435e-02 -5.46445488e-04]
 [-3.90243344e-02  9.80379283e-01  1.91736460e-01  9.37903579e-03
  -1.02342386e-03 -2.19485629e-02]
 [ 1.87666565e-02 -1.89951003e-01  9.77000415e-01 -7.09253177e-02
   6.11624643e-02 -1.62923615e-02]
 [ 1.08181145e-02 -2.33040228e-02  7.58348778e-02  9.87256408e-01
  -1.34117022e-01  3.04397214e-02]
 [-1.45973926e-02  1.15540493e-02 -4.67375256e-02  1.32589415e-01
   9.79252696e-01  1.44752666e-01]
 [ 1.79923361e-03  1.76843572e-02  2.48590913e-02 -5.07757030e-02
  -1.38257965e-01  9.88621533e-01]]",45
6,7,6,0.9,0.846721351146698,"[[ 0.9902193   0.05926853  0.10479085  0.02849668 -0.06446245 -0.00209631]
 [-0.08150598  0.9755052   0.20156704  0.01061319 -0.02201953 -0.02279647]
 [-0.08377732 -0.20532258  0.9663889  -0.11521869  0.04562492 -0.03949086]
 [-0.02975883 -0.03210675  0.10204583  0.9868521   0.1160728  -0.01789472]
 [ 0.07005993  0.0386494  -0.04565537 -0.10845269  0.9898002  -0.00685106]
 [-0.00314705  0.01396131  0.04454611  0.01268357  0.01003526  0.9987739 ]]",45
7,8,7,0.9,0.9303299784660339,"[[ 9.91971254e-01 -1.17283359e-01 -4.54674028e-02  8.26734118e-03
  -8.21014959e-03  2.49558059e-03  5.32788737e-03]
 [ 1.04022659e-01  9.64322805e-01 -2.24933222e-01  5.11491485e-02
   7.48830438e-02 -8.50466732e-03 -1.92332007e-02]
 [-7.02908859e-02 -2.17008173e-01 -9.72675264e-01 -1.80872884e-02
  -1.28651615e-02  3.71049717e-02  2.62077985e-04]
 [-1.46959499e-02 -5.19455560e-02 -3.17320717e-03  9.95825946e-01
   7.21137784e-03  7.31212944e-02 -2.77913362e-03]
 [-3.22674605e-04 -7.40332231e-02  6.38615154e-03 -1.62115749e-02
   9.94549930e-01  7.06784055e-02  9.50037129e-03]
 [ 2.05315952e-03  2.61640362e-02  3.41801457e-02 -7.09020719e-02
  -7.02611208e-02  9.93837059e-01  2.16143038e-02]
 [-3.34975705e-03  1.92314871e-02 -4.63957619e-03  5.40112192e-03
  -6.42566103e-03 -2.21465807e-02  9.99518096e-01]]",45
8,9,7,0.9,0.9379845261573792,"[[ 9.7134161e-01 -2.2329748e-01 -5.0076667e-02 -2.0622201e-02
  -5.8550078e-02  9.6174674e-03 -1.3421747e-02]
 [ 2.1365993e-01  9.6902657e-01 -1.0873576e-01 -1.6145185e-02
  -4.2225905e-02  3.1728748e-02 -2.1518746e-02]
 [ 7.4808918e-02  9.6058376e-02  9.9193412e-01  3.1936064e-02
   1.3920557e-02  3.6602258e-04  5.4037976e-03]
 [-1.1367640e-02 -6.0800039e-03 -2.0797612e-02  8.9093357e-01
  -4.5209852e-01  2.9350402e-02 -1.9600729e-02]
 [ 6.5782622e-02  2.4580155e-02 -3.4142833e-02  4.4694707e-01
   8.8663876e-01  8.8737071e-02 -1.1764958e-02]
 [-2.0833453e-02 -2.9863520e-02  6.7719123e-03 -6.4238369e-02
  -6.3746609e-02  9.9380875e-01  5.2747019e-02]
 [ 1.8918252e-02  1.9119410e-02 -9.5577696e-03  2.5363360e-02
   3.1688386e-03 -5.0091032e-02  9.9800950e-01]]",45
9,10,8,0.9,1.1508357524871826,"[[ 0.97325367 -0.20280771 -0.06394827 -0.06653012  0.04408006  0.019493
  -0.02096457 -0.01918641]
 [ 0.1800637   0.9506191  -0.2436858  -0.00510121 -0.01356674  0.04147549
  -0.02931988 -0.04156439]
 [ 0.11060753  0.22738454  0.9594826   0.06521065  0.09737509 -0.03496917
  -0.0217634  -0.00494986]
 [-0.03727413 -0.01088225 -0.10263799  0.26107046  0.94949496  0.13437009
  -0.011609   -0.00830149]
 [ 0.068392   -0.02509685 -0.03646613  0.9546899  -0.27280906  0.06136568
   0.03103539 -0.05269066]
 [-0.02148977 -0.02421626  0.06218642 -0.09238867 -0.10826319  0.9867569
   0.03352579 -0.00386288]
 [ 0.02750241  0.03150092  0.00989223 -0.02158367  0.02554527 -0.03219141
   0.99718034  0.04037441]
 [ 0.02890145  0.03408103 -0.00957061  0.05199147 -0.00720186  0.01142294
  -0.04045471  0.99668926]]",45
10,11,8,0.9,1.4532763957977295,"[[-0.9573968   0.19900285  0.01992234  0.02522357  0.12183539 -0.02185848
  -0.03190308 -0.16253193]
 [-0.18545477 -0.76114494 -0.5955475   0.06530111 -0.09092022  0.09924574
   0.09591863 -0.00271091]
 [-0.10004586 -0.55057937  0.79535663  0.1588673  -0.04149494  0.08879145
   0.13554516 -0.03231007]
 [-0.00500115  0.13486323 -0.06235107  0.8892285  -0.37397045 -0.15439112
  -0.12420034  0.08975375]
 [ 0.06789226  0.06528429 -0.05588647  0.36664426  0.6651191   0.6252214
   0.04012953  0.13668086]
 [-0.00776745 -0.01828554  0.0449927  -0.1290123  -0.35967374  0.5534814
  -0.7120677  -0.19542135]
 [-0.09022699 -0.17467421  0.05418429 -0.05997993  0.27231863 -0.33296162
  -0.5615973   0.67409354]
 [-0.16171922  0.1569175   0.0190488  -0.15640864 -0.43521008  0.38709828
   0.3632372   0.67320365]]",45
0,1,6,0.9,0.8274763822555542,"[[ 9.8717755e-01 -2.3168031e-02  1.5287566e-01 -4.2710867e-04
   2.7567850e-02 -2.8507780e-02]
 [ 3.6049712e-02  9.9541301e-01 -7.6672964e-02 -3.4741860e-02
  -2.7633931e-02  2.0098975e-03]
 [-1.5305673e-01  8.0987655e-02  9.8054910e-01 -5.1037934e-02
   5.7425745e-02 -5.1336214e-02]
 [-4.9890717e-03  3.7610449e-02  5.1360711e-02  9.9679923e-01
  -4.6542328e-02  1.2155248e-02]
 [-2.0988880e-02  2.4789408e-02 -6.9010913e-02  5.0396912e-02
   9.8141283e-01 -1.6873461e-01]
 [ 1.7006455e-02  5.3079221e-03  4.3280799e-02 -6.2765530e-03
   1.7274618e-01  9.8383373e-01]]",46
1,2,6,0.9,0.8798813223838806,"[[ 0.9865341  -0.03177278 -0.15941577 -0.01396704 -0.00140358 -0.01141941]
 [ 0.06548759  0.97211254  0.21763648 -0.05275863  0.00872866 -0.02198538]
 [ 0.1489471  -0.22263281  0.95987326  0.04140415  0.06608979  0.02846998]
 [ 0.01065447  0.05996723 -0.03239623  0.99697083  0.0314214  -0.01739934]
 [-0.00936345  0.0044023  -0.06479914 -0.03366581  0.9972746   0.00203434]
 [ 0.00867683  0.0284068  -0.02481654  0.01492987 -0.00319058  0.99913406]]",46
2,3,6,0.9,0.9109818339347839,"[[ 0.9516914   0.28025535 -0.09320871  0.04557509  0.02217766  0.06696005]
 [-0.26814795  0.9557406   0.05785652 -0.08898803 -0.04880378 -0.03175925]
 [ 0.10064775 -0.029427    0.98961693 -0.03283488  0.05549325  0.07419473]
 [-0.06629815  0.07105314  0.04083689  0.99332595 -0.03030083  0.03568972]
 [-0.05250902  0.04555518 -0.05797759  0.02090506  0.98662764  0.13392214]
 [-0.07139731  0.00521364 -0.05995096 -0.0423372  -0.14033793  0.98478115]]",46
3,4,6,0.9,0.8217381238937378,"[[ 0.98732466  0.14843567 -0.03888986  0.03295386 -0.00622184 -0.02280187]
 [-0.14589272  0.98681545  0.04620409 -0.03526821 -0.03695514 -0.0128945 ]
 [ 0.04404069 -0.03763582  0.99637264  0.02102371  0.0544513  -0.02187593]
 [-0.03852825  0.03208078 -0.01953482  0.99809885  0.02883456  0.00848773]
 [-0.00183415  0.03766037 -0.05355384 -0.03059307  0.9956484  -0.05881017]
 [ 0.02186565  0.01726887  0.0185655  -0.00953665  0.05902101  0.9976495 ]]",46
4,5,7,0.9,0.9016424417495728,"[[ 0.91893464  0.37887037  0.08462787  0.05683582 -0.01977769 -0.01316454
  -0.03255256]
 [-0.3822219   0.9235515   0.02370492 -0.00259553 -0.00621655  0.00958146
   0.01611957]
 [-0.06574532 -0.05077904  0.9828331  -0.12127525 -0.00671357 -0.09229638
  -0.06218322]
 [-0.06035681 -0.02637737  0.12580363  0.98300534  0.00108389  0.11539134
  -0.01479647]
 [ 0.01682122  0.01255317  0.01280821 -0.00516147  0.9987667   0.03538502
   0.02411778]
 [ 0.01824555 -0.0064306   0.08168776 -0.12431803 -0.03830229  0.98611903
   0.0600011 ]
 [ 0.02973603 -0.00604793  0.06043005  0.016559   -0.02284468 -0.06494858
   0.995195  ]]",46
5,6,7,0.9,0.9151289463043213,"[[ 0.99700445  0.0722564   0.00120707 -0.01141134  0.00850959 -0.00508826
   0.02305045]
 [-0.07017443  0.9732907   0.21331392  0.02521659  0.01319792 -0.02853062
  -0.02557212]
 [ 0.01323027 -0.21286848  0.9717155  -0.04346649  0.08951273 -0.01402008
  -0.0135154 ]
 [ 0.01547777 -0.03294488  0.05358825  0.9804708  -0.18313786  0.02914774
  -0.00956126]
 [-0.00760747  0.00420965 -0.07718285  0.18259251  0.9690394   0.12338884
   0.07978142]
 [ 0.00411202  0.02553     0.02755395 -0.05141744 -0.11240619  0.99130964
  -0.02446164]
 [-0.0238422   0.02040633  0.0260141  -0.00615627 -0.08080187  0.01394064
   0.99577975]]",46
6,7,7,0.9,0.9382173418998718,"[[ 9.9144769e-01  3.5126444e-02  1.0771144e-01  1.3744965e-03
  -6.4148925e-02  5.4217805e-03 -7.0312745e-03]
 [-5.9170995e-02  9.7344750e-01  2.1478015e-01  1.3936088e-02
  -1.3811578e-02  2.6281016e-02 -4.1139428e-02]
 [-9.1406271e-02 -2.1837363e-01  9.6220136e-01 -8.0523930e-02
   8.9828514e-02  4.0937841e-02 -4.3556955e-02]
 [-9.0984872e-04 -2.9017651e-02  6.3953497e-02  9.9110711e-01
   1.0451209e-01  1.9229842e-02 -3.8487256e-02]
 [ 7.1913421e-02  3.8121916e-02 -8.5457303e-02 -9.8000042e-02
   9.8803216e-01 -4.6991990e-03 -1.5447755e-02]
 [-3.0321567e-04  1.5637305e-02  4.6474326e-02  1.6083024e-02
  -1.7378237e-05 -9.9848056e-01 -1.9323317e-02]
 [ 1.6302129e-03  3.0644594e-02  5.3697299e-02  3.4115411e-02
   2.2242188e-02 -1.5769294e-02  9.9712968e-01]]",46
7,8,7,0.9,0.9485278725624084,"[[ 9.9360871e-01 -1.1185131e-01 -1.9789513e-03  4.4995649e-03
   1.2804328e-02 -2.8920919e-03  5.8655674e-03]
 [ 1.1073153e-01  9.7395998e-01  1.7551947e-01  5.7557456e-02
  -6.8276562e-02  1.0816184e-02 -1.5555672e-02]
 [-1.7393811e-02 -1.7407097e-01  9.8378205e-01 -3.1970229e-02
  -1.2722312e-02 -1.9571114e-02  1.6449463e-03]
 [-1.1518428e-02 -5.9472632e-02  2.0233557e-02  9.9487054e-01
   1.2413888e-02 -7.7324942e-02 -4.4834167e-03]
 [ 5.2193380e-03 -6.5726615e-02 -2.5106959e-02  5.7253763e-03
  -9.9654305e-01 -4.3333173e-02  3.6959692e-03]
 [ 6.9405488e-04 -2.1881172e-02  1.7894574e-02  7.6233797e-02
  -4.1884746e-02  9.9579674e-01 -4.8472970e-03]
 [-4.1452157e-03  1.5965894e-02  1.3941270e-03  5.7312674e-03
   2.4199148e-03  4.8586177e-03  9.9983180e-01]]",46
8,9,8,0.9,1.0900577306747437,"[[ 9.6056926e-01 -2.5859502e-01 -8.0757506e-02 -3.8445696e-02
  -4.4248387e-02 -2.8603720e-03 -1.4075707e-02 -1.6469026e-02]
 [ 2.3910697e-01  9.5353651e-01 -1.7330669e-01 -3.7111897e-02
  -1.4111197e-02 -2.5213603e-02 -1.8263100e-02 -3.1862468e-02]
 [-1.1829667e-01 -1.4649099e-01 -9.8034370e-01  3.1342514e-02
   4.9849793e-02  2.0396232e-03 -6.5027893e-04  7.4985746e-04]
 [ 5.3497921e-03  1.5587644e-02 -9.0483343e-03  7.8727442e-01
  -6.1289555e-01 -3.2346494e-02 -3.4694113e-02 -4.4211626e-02]
 [-6.8478346e-02 -2.1714864e-02 -4.7473717e-02 -6.0298949e-01
  -7.8517205e-01  7.9800352e-02  5.8514313e-03  7.8048348e-02]
 [ 1.2911064e-02  2.4295697e-02  1.1936415e-03  6.8572178e-02
   4.1833691e-02  9.9455059e-01 -4.1129448e-02 -4.4350542e-02]
 [ 1.7783638e-02  1.4198767e-02 -4.8225247e-03  2.9244756e-02
  -1.7169943e-02  3.7457123e-02  9.9751437e-01 -4.3253418e-02]
 [-3.0652374e-02 -3.0510304e-02  2.9870376e-03 -8.4896967e-02
  -3.4307916e-02 -3.7466172e-02 -3.8774204e-02 -9.9339265e-01]]",46
9,10,8,0.9,1.1577732563018799,"[[ 9.74077761e-01 -1.77223548e-01 -1.22030824e-01  1.99872870e-02
   5.24960533e-02  1.04732672e-02 -1.62076019e-02 -3.66753824e-02]
 [ 1.54922217e-01  9.69888508e-01 -1.77552357e-01 -4.41927044e-03
  -1.65982861e-02  4.18439768e-02 -3.63605544e-02  2.05571745e-02]
 [ 1.45821244e-01  1.56448781e-01  9.68575835e-01 -7.52655417e-02
   8.96568894e-02 -3.89199816e-02 -2.28251442e-02 -1.95406452e-02]
 [-1.50113404e-02 -1.92760285e-02 -9.02670398e-02 -9.31620657e-01
   3.14524621e-01  1.55137107e-01  3.42862826e-04 -1.85605921e-02]
 [ 5.95529675e-02 -1.50703005e-02  5.57976104e-02 -3.20020467e-01
  -9.41134870e-01  1.51877655e-02  3.03719249e-02 -6.17413670e-02]
 [ 6.62915874e-03  3.21959220e-02 -6.17308207e-02 -1.44641787e-01
   3.56007889e-02 -9.82474923e-01  1.00051891e-02 -8.69655609e-02]
 [ 2.41817906e-02  3.54297720e-02  1.31120421e-02  8.30533635e-03
   2.89739482e-02  7.43202632e-03  9.97913301e-01  3.45458500e-02]
 [ 3.88222374e-02 -2.32689679e-02  1.41562466e-02 -5.09477109e-02
  -4.65071648e-02 -8.37508217e-02 -3.22589241e-02  9.92440164e-01]]",46
10,11,9,0.9,1.6261690855026245,"[[ 0.9653752  -0.18876766 -0.08625084 -0.00203307  0.0173455   0.06108537
   0.05003638  0.09358325 -0.09838838]
 [ 0.1538014   0.9525697  -0.24766321 -0.02080274 -0.02676628  0.05028031
   0.05203938  0.02047591 -0.02853647]
 [ 0.10762224  0.21362501  0.9520046  -0.00115388 -0.07369185  0.08625074
   0.14216095  0.02342277 -0.05328741]
 [ 0.00108286  0.04484246  0.0316446   0.89268994  0.28110197 -0.281324
  -0.01530807  0.19063878 -0.07315926]
 [-0.03636993  0.00596766  0.01648206 -0.16109036  0.9044493   0.3357499
   0.19258898 -0.06165414  0.02777753]
 [-0.00956418  0.02305718  0.04988516  0.13569666 -0.01664408  0.5863709
  -0.77862483  0.14808391 -0.07862138]
 [ 0.0989955   0.06925941  0.10316968 -0.14382157  0.22944927 -0.49267545
  -0.47312212 -0.58249795 -0.30911142]
 [ 0.08929944  0.06272627  0.10237239 -0.22688332  0.18432082 -0.39633837
  -0.32564574  0.4082841   0.67995256]
 [-0.11671879 -0.00570172 -0.00501777 -0.2934997   0.09801645 -0.22535743
  -0.03327417  0.6497702  -0.64534897]]",46
0,1,6,0.9,0.8259171843528748,"[[ 9.85787272e-01 -3.89953777e-02  1.59575209e-01 -1.20904966e-04
   2.64879130e-02 -2.31719110e-02]
 [ 5.47220074e-02  9.93303716e-01 -9.01997611e-02 -3.77468914e-02
  -2.79330183e-02  3.49346874e-03]
 [-1.57295376e-01  9.72055569e-02  9.78057146e-01 -5.48889041e-02
   5.76799773e-02 -5.36074303e-02]
 [-5.56685217e-03  4.19925749e-02  5.39697111e-02  9.96820509e-01
  -3.68494838e-02  1.68474410e-02]
 [-1.79667622e-02  2.44381018e-02 -6.99057877e-02  4.17497046e-02
   9.82654989e-01 -1.63826928e-01]
 [ 1.15473093e-02  4.19802452e-03  4.47713137e-02 -1.29671134e-02
   1.67995304e-01  9.84608591e-01]]",47
1,2,6,0.9,0.8782273530960083,"[[ 9.8580736e-01 -5.1434312e-02 -1.5893316e-01 -1.3957942e-02
   1.3769418e-04 -9.1512520e-03]
 [ 8.0784298e-02  9.7639543e-01  1.9122489e-01 -5.3219676e-02
   9.6579380e-03 -2.5165610e-02]
 [ 1.4607826e-01 -1.9914164e-01  9.6571910e-01  3.6035988e-02
   6.5023236e-02  2.9387960e-02]
 [ 1.2395120e-02  5.8500085e-02 -2.9168418e-02  9.9713564e-01
   3.5218902e-02 -7.3208758e-03]
 [-1.0857817e-02  1.5736569e-03 -6.3855737e-02 -3.7032083e-02
   9.9720949e-01  2.0033407e-03]
 [ 6.8795197e-03  3.0403333e-02 -2.5128894e-02  4.8520304e-03
  -3.4092767e-03  9.9918050e-01]]",47
2,3,6,0.9,0.8967502117156982,"[[ 0.94179505  0.3150703  -0.07835653  0.05330683  0.01580063  0.06724337]
 [-0.3029908   0.94509274  0.05835434 -0.08604581 -0.05393617 -0.03574963]
 [ 0.08783302 -0.02985442  0.990469   -0.03355833  0.05760923  0.07694295]
 [-0.07599139  0.06422614  0.04077217  0.99389327 -0.00524284  0.02422348]
 [-0.04808836  0.0497075  -0.06240602 -0.00249523  0.9860137   0.13817693]
 [-0.07359865  0.0065773  -0.06220344 -0.0282565  -0.14584872  0.984175  ]]",47
3,4,6,0.9,0.8103469610214233,"[[ 0.99003357  0.12846969 -0.0399766   0.03018131 -0.01533881 -0.0241816 ]
 [-0.12640125  0.9893411   0.05146036 -0.02872119 -0.03904432 -0.01514867]
 [ 0.04580494 -0.04423437  0.99640226  0.00852315  0.0482858  -0.02690112]
 [-0.03329517  0.02644372 -0.006724    0.9985394   0.02782431  0.01708479]
 [ 0.00729163  0.04084169 -0.04840458 -0.02769116  0.99510545 -0.07024314]
 [ 0.02442178  0.0193866   0.02341131 -0.01854374  0.06999765  0.99661225]]",47
4,5,7,0.9,0.886702299118042,"[[ 0.92697984  0.35477483  0.09917373  0.05877822 -0.01999453 -0.01033008
  -0.03234886]
 [-0.35919303  0.9325894   0.02541017  0.00353139 -0.00654399  0.01440698
   0.01867687]
 [-0.08027399 -0.05475089  0.98272824 -0.11503439 -0.01149482 -0.0871015
  -0.0620639 ]
 [-0.06165214 -0.03196819  0.11753974  0.9838965   0.01775797  0.1128343
  -0.01619467]
 [ 0.01725081  0.01273769  0.01402073 -0.01956931  0.99918926  0.01457518
   0.01921431]
 [ 0.01626909 -0.01177743  0.07706066 -0.1207104  -0.01895319  0.9880346
   0.05015654]
 [ 0.02969222 -0.00955128  0.06175428  0.01713234 -0.01927958 -0.05424637
   0.99579394]]",47
5,6,7,0.9,0.9011989831924438,"[[ 0.9981683   0.05567816 -0.00867352 -0.00182755  0.00675353 -0.00333535
   0.02060864]
 [-0.05217394  0.9751766   0.21124975  0.01741292  0.0065437  -0.02774949
  -0.02379089]
 [ 0.01981125 -0.21029879  0.9722492  -0.04144314  0.08846223 -0.01626293
  -0.01749144]
 [ 0.00539914 -0.02687404  0.0534474   0.97930753 -0.190161    0.03229761
  -0.01201575]
 [-0.00871214  0.01141819 -0.07354043  0.18864077  0.9665232   0.13392475
   0.08183683]
 [ 0.00355793  0.02311986  0.02959951 -0.05758926 -0.12158037  0.98981184
  -0.02740335]
 [-0.0206824   0.01783008  0.02981504 -0.00554647 -0.08352207  0.0157465
   0.99554545]]",47
6,7,7,0.9,0.9302476644515991,"[[ 0.991076    0.05033408  0.10583302  0.00426023 -0.06017914  0.00700585
  -0.01858521]
 [-0.0750925   0.9696029   0.22670946  0.01027798 -0.00990463  0.0297143
  -0.04180342]
 [-0.08716907 -0.23266527  0.96018904 -0.08901298  0.07076532  0.0329007
  -0.04787466]
 [-0.00511104 -0.02920473  0.0743001   0.9905827   0.10444478  0.02031587
  -0.03201384]
 [ 0.06599983  0.0318354  -0.06903318 -0.09835588  0.9898783  -0.00569815
  -0.01730563]
 [ 0.00115929  0.02024416  0.04001334  0.01766193 -0.00228944 -0.9986247
  -0.02047824]
 [ 0.0121466   0.03045342  0.05959919  0.02670124  0.02235121 -0.01700299
   0.99693096]]",47
7,8,7,0.9,0.9307112693786621,"[[ 9.93249893e-01 -1.10586166e-01 -3.21927555e-02  8.75704084e-03
  -5.94446436e-03  1.76388922e-03  8.59035272e-03]
 [ 1.00420676e-01  9.66189742e-01 -2.18838692e-01  6.08399250e-02
   6.64062053e-02  1.54697187e-02 -1.23323193e-02]
 [-5.49413078e-02 -2.13283509e-01 -9.74422932e-01 -2.85995826e-02
   8.46589077e-03 -3.30561213e-02 -3.02669685e-03]
 [-1.58534050e-02 -6.37380481e-02 -1.10697905e-02  9.93499815e-01
   2.40668915e-02 -8.88565704e-02 -6.85217883e-03]
 [ 3.45727109e-04 -6.04166836e-02  2.41367947e-02 -3.13175730e-02
   9.96577740e-01 -4.01606299e-02  2.51292833e-03]
 [-6.46923063e-03 -3.01832631e-02 -2.88782679e-02  8.54977220e-02
   4.16642465e-02  9.94504571e-01 -1.13172941e-02]
 [-7.64455181e-03  1.15956692e-02 -5.83604909e-03  8.44420958e-03
  -9.72451118e-04  1.08250035e-02  9.99791801e-01]]",47
8,9,8,0.9,1.0379217863082886,"[[ 9.6351653e-01 -2.5309157e-01 -5.9923891e-02 -4.4965029e-02
  -3.8783927e-02 -6.3856952e-03 -1.9480361e-02  6.5905913e-03]
 [ 2.3778482e-01  9.5536512e-01 -1.6688515e-01 -2.8163105e-02
  -1.9499656e-02 -2.2410214e-02 -1.6241243e-02  3.0756628e-02]
 [ 9.9024773e-02  1.4710116e-01  9.8352832e-01  4.0644668e-03
  -3.0407904e-02 -5.4848655e-03  9.9669388e-03 -1.2523440e-02]
 [ 1.3379335e-03 -6.0475757e-04 -2.4484076e-02  7.0022422e-01
  -7.1163106e-01 -3.2632172e-02 -3.0773701e-02  2.5568934e-02]
 [ 6.4841501e-02  1.6555643e-02  1.0261946e-02  7.0439309e-01
   6.9917095e-01 -7.4509785e-02 -9.6634403e-03  6.9003858e-02]
 [ 1.5500226e-02  2.0461377e-02  2.4355778e-03  7.1052462e-02
   2.7426748e-02  9.9503940e-01 -3.5764586e-02  4.6387155e-02]
 [ 2.2115745e-02  8.7921992e-03 -1.3492943e-02  2.6577912e-02
  -1.6268197e-02  3.1739935e-02  9.9754709e-01  4.6613768e-02]
 [-1.8784434e-02 -2.8515119e-02  1.8379135e-02 -7.0214413e-02
  -3.0254360e-02 -4.1223060e-02 -4.2868033e-02  9.9454206e-01]]",47
9,10,8,0.9,1.1005523204803467,"[[ 9.77342606e-01 -1.73011974e-01 -9.60154608e-02  3.57414074e-02
   5.81759252e-02  1.47378761e-02 -2.42812373e-02  1.34423897e-02]
 [ 1.53719351e-01  9.69656110e-01 -1.83878705e-01 -1.44777559e-02
  -7.37645943e-03  2.72803418e-02 -2.91035678e-02 -2.16991492e-02]
 [ 1.21852525e-01  1.65361285e-01  9.71061409e-01 -6.96223080e-02
   9.11217481e-02 -3.71043570e-02 -1.38861686e-02  1.12853441e-02]
 [-7.88235757e-03 -3.07311770e-02 -9.05013382e-02 -8.96779299e-01
   4.06046450e-01  1.46875992e-01 -4.59690392e-03 -1.10733462e-02]
 [ 7.18852729e-02 -1.42130489e-02  4.81485017e-02 -4.16687429e-01
  -9.04447436e-01 -1.19444346e-02  2.12236401e-02  8.09743349e-03]
 [ 1.15256589e-02  1.48260826e-02 -5.78022972e-02 -1.25726908e-01
   6.90337867e-02 -9.86232877e-01 -7.21081509e-04  5.54752648e-02]
 [ 2.78944541e-02  2.72503886e-02  3.88732064e-03  4.12697159e-03
   2.38060877e-02  2.96294363e-03  9.98273611e-01  3.63514796e-02]
 [-1.35365389e-02  1.95143744e-02 -1.20171197e-02  2.60276458e-04
   5.16840443e-03  5.72934523e-02 -3.67185064e-02  9.97313380e-01]]",47
10,11,9,0.9,1.5410696268081665,"[[-0.9685449   0.18052675 -0.0240033   0.03831394  0.05706291 -0.0039392
   0.02271927  0.10600402 -0.11073393]
 [-0.15214914 -0.88412654 -0.41208676 -0.0383389  -0.03480951  0.09703299
   0.10841051 -0.00502134 -0.03847549]
 [-0.08609699 -0.38447207  0.907349    0.01497625 -0.01575987  0.05887662
   0.12459819  0.00549146 -0.04463503]
 [ 0.00375269 -0.0338249   0.03064461 -0.84030956  0.4090532  -0.32051405
  -0.0420648   0.1345898  -0.04295333]
 [ 0.05059688  0.01138068 -0.01709517  0.23930162  0.8622686   0.4250374
   0.09499249 -0.06316311  0.05075199]
 [-0.01696594 -0.03243478  0.04779353 -0.2104273  -0.12266399  0.5741603
  -0.7609529   0.14018182 -0.09321751]
 [-0.06498367 -0.10200766  0.03222389  0.15472057  0.16670547 -0.38968006
  -0.45954925 -0.7178166  -0.2330392 ]
 [-0.0370566   0.1547208  -0.02518114 -0.3933421  -0.20158468  0.4711185
   0.39895135 -0.6062311  -0.17340392]
 [-0.15132964 -0.0352391   0.03373549 -0.10254946 -0.03128072  0.01591966
  -0.10961886 -0.25332978  0.94168943]]",47
0,1,6,0.9,0.8309869766235352,"[[ 0.98564965 -0.05586554  0.15664615  0.00213396  0.02379233 -0.01628549]
 [ 0.0718139   0.99156064 -0.09301443 -0.04741659 -0.02699602  0.0046313 ]
 [-0.15190691  0.10216175  0.9785425  -0.05174966  0.0584816  -0.05332609]
 [-0.00592075  0.05169979  0.04965016  0.99656904 -0.03451408  0.02204064]
 [-0.01404304  0.02383459 -0.07052381  0.03996535  0.98158264 -0.17076072]
 [ 0.00544101  0.00292471  0.04273278 -0.01794225  0.17489761  0.9834758 ]]",48
1,2,6,0.9,0.8870853781700134,"[[-9.84268188e-01 -8.83757100e-02 -1.52194336e-01 -1.25534926e-02
  -3.45817883e-03 -8.56238138e-03]
 [-1.16690986e-01  9.72525954e-01  1.94833443e-01 -4.13287431e-02
   7.11220643e-03 -2.92869285e-02]
 [-1.31675348e-01 -2.07346842e-01  9.65734541e-01  3.57454084e-02
   6.94687814e-02  3.03646773e-02]
 [-1.21317208e-02  4.69872504e-02 -3.22536342e-02  9.96911705e-01
   5.26477247e-02  4.21096229e-05]
 [ 7.17019383e-03  5.02779055e-03 -6.77812099e-02 -5.49490862e-02
   9.96123433e-01  6.91568200e-03]
 [-7.90351816e-03  3.40171568e-02 -2.44744681e-02 -2.06721574e-03
  -8.83019436e-03  9.99049067e-01]]",48
2,3,6,0.9,0.9054886102676392,"[[-0.9287828  -0.350248    0.08736391 -0.05725582 -0.01038593 -0.0605825 ]
 [-0.33698255  0.9329523   0.07510158 -0.07955203 -0.05349499 -0.03481992]
 [ 0.10474738 -0.03920837  0.98784685 -0.04513337  0.0597051   0.07776578]
 [-0.07901023  0.05473864  0.05198836  0.9931739   0.03164161  0.02574296]
 [-0.04089253  0.04838335 -0.06458136 -0.03711977  0.9879737   0.11977594]
 [-0.07013112  0.00720525 -0.06334287 -0.02416551 -0.12795538  0.98694515]]",48
3,4,6,0.9,0.8183603286743164,"[[ 0.98863864  0.14031021 -0.02501275  0.029694   -0.02078126 -0.03110552]
 [-0.13961898  0.98844033  0.04323558 -0.02142483 -0.03149812 -0.01310088]
 [ 0.03124267 -0.03827117  0.99700415 -0.01400834  0.05039316 -0.02839307]
 [-0.0302393   0.01885571  0.0137608   0.99738127  0.05426712  0.02874757]
 [ 0.01399198  0.03383859 -0.05220048 -0.05144601  0.993902   -0.07379925]
 [ 0.03184306  0.01825759  0.02394708 -0.03235701  0.0724593   0.99588245]]",48
4,5,6,0.9,0.8174105882644653,"[[ 0.93121165  0.34020257  0.11080997  0.06666583 -0.01603838 -0.01125082]
 [-0.34818906  0.9361985   0.04527745  0.01149868 -0.00421096  0.00984219]
 [-0.08309215 -0.07630081  0.9829691  -0.10715949 -0.03219458 -0.0923362 ]
 [-0.06588692 -0.04273252  0.1094014   0.984707    0.04675917  0.10014854]
 [ 0.01441769  0.00861732  0.03183755 -0.05285745  0.99742675  0.03240578]
 [ 0.01248711 -0.00851655  0.08037753 -0.10723042 -0.04052076  0.9900357 ]]",48
5,6,6,0.9,0.8390878438949585,"[[ 0.9984609   0.0489496  -0.02370741 -0.00456032  0.00880787  0.00441271]
 [-0.04328456  0.9797134   0.19375917  0.01548457  0.00272524 -0.02232414]
 [ 0.03180556 -0.19166984  0.9769642  -0.04530233  0.07400361 -0.01622501]
 [ 0.00900519 -0.02519212  0.05789349  0.9697019  -0.23465525  0.02340464]
 [-0.00974499  0.00764071 -0.05807215  0.23339534  0.9618896   0.12949648]
 [-0.00383989  0.01831199  0.02668915 -0.05377747 -0.11892772  0.9909096 ]]",48
6,7,7,0.9,0.9450622200965881,"[[ 0.9872718   0.09522356  0.11102531  0.018169   -0.05461271 -0.0082155
  -0.0228052 ]
 [-0.11846606  0.97084045  0.2008056   0.01215752 -0.01377274 -0.02857339
  -0.04424465]
 [-0.08446842 -0.21106835  0.9657199  -0.09286877  0.06221917 -0.02664051
  -0.04994718]
 [-0.01692033 -0.02983642  0.07619648  0.9864111   0.13825902 -0.01472915
  -0.0260435 ]
 [ 0.06033841  0.03518827 -0.06452433 -0.13183516  0.9864658  -0.01103653
  -0.01845525]
 [ 0.00282447  0.02269276  0.03250728  0.01100642  0.01363327  0.9990202
  -0.00848206]
 [ 0.01379322  0.03475419  0.06090576  0.01972349  0.02324529  0.00511983
   0.9969638 ]]",48
7,8,7,0.9,0.9493580460548401,"[[ 9.9307585e-01 -1.0872930e-01 -4.2108297e-02  6.4016981e-03
  -2.7691193e-03 -2.3849534e-03  1.2278512e-02]
 [ 9.7391650e-02  9.6949410e-01 -2.0538104e-01  5.8040667e-02
   6.8906195e-02 -1.1244817e-02 -1.3090015e-02]
 [-6.2760167e-02 -1.9828965e-01 -9.7676259e-01 -3.3516906e-02
   1.0673139e-03  3.9165303e-02 -4.3283859e-03]
 [-1.3673294e-02 -6.3213065e-02 -1.6658930e-02  9.9291414e-01
   3.7064563e-02  9.0996370e-02 -2.6568582e-03]
 [-3.0574310e-03 -6.3433230e-02  1.7591672e-02 -4.5266114e-02
   9.9567789e-01  4.7155198e-02  3.2051418e-03]
 [ 7.0918887e-03  2.7618380e-02  3.6594722e-02 -8.6665034e-02
  -4.9938697e-02  9.9362737e-01  2.3401029e-02]
 [-1.1387923e-02  1.2562204e-02 -7.3595792e-03  5.3496482e-03
  -9.8405685e-04 -2.3120161e-02  9.9954700e-01]]",48
8,9,7,0.9,0.9530219435691833,"[[ 0.9566179  -0.27787375 -0.05982755 -0.04768955 -0.0386943   0.0112053
  -0.01385712]
 [ 0.26585326  0.9536407  -0.13264455 -0.03242056 -0.01745652  0.02622557
  -0.01591366]
 [ 0.09499176  0.11181448  0.9886115   0.02488155 -0.01888988 -0.00342564
   0.01156304]
 [-0.00334378  0.00158257 -0.02990105  0.61688954 -0.7844617   0.05009847
  -0.02548768]
 [ 0.06629065  0.01506437 -0.01550051  0.7796324   0.61828405  0.06997317
  -0.01184463]
 [-0.02108422 -0.02222226  0.00941647 -0.0831086  -0.00377833  0.99474305
   0.05037735]
 [ 0.01818597  0.01139301 -0.01582227  0.02773409 -0.0131016  -0.04748744
   0.9980447 ]]",48
9,10,8,0.9,1.1253448724746704,"[[ 9.7298199e-01 -1.9601053e-01 -9.1213182e-02 -5.5634886e-02
   5.2869570e-02  1.8744314e-02 -1.7254667e-02 -5.1527661e-03]
 [ 1.7244324e-01  9.5855790e-01 -2.2048165e-01  1.6313359e-02
  -6.8291929e-03  3.1103499e-02 -3.2948997e-02 -2.1260042e-02]
 [ 1.2927203e-01  1.9909289e-01  9.6522099e-01  5.3691640e-02
   8.8336200e-02 -3.3679832e-02 -1.3363208e-02 -6.5637031e-04]
 [-8.0342212e-04 -3.3987999e-02 -8.4143214e-02  8.1626159e-01
   5.5342203e-01  1.3588583e-01  5.0250953e-03 -2.6740020e-02]
 [ 7.7205285e-02 -1.9420512e-02  3.7196558e-02  5.6252205e-01
  -8.2108301e-01 -2.0968767e-02  3.0384002e-02 -1.7530816e-02]
 [-1.7776504e-02 -1.5588081e-02  5.4049313e-02 -9.8859012e-02
  -9.0966612e-02  9.8885429e-01  1.0119263e-02 -2.3164211e-02]
 [ 2.2771234e-02  3.3155985e-02  2.4091208e-03 -1.7491058e-02
   2.4785018e-02 -6.9754235e-03  9.9547350e-01  8.0249250e-02]
 [ 7.8909146e-03  1.5293489e-02 -5.0847442e-03  3.1029169e-02
  -3.5216212e-03  2.7584694e-02 -8.0123089e-02  9.9575210e-01]]",48
10,11,8,0.9,1.4356210231781006,"[[-0.9681847   0.18492913 -0.02430634  0.04952008  0.09519454 -0.03855766
  -0.01548652 -0.12078106]
 [-0.16803505 -0.84761274 -0.4601796  -0.01932693 -0.07656857  0.13156566
   0.13340914  0.01441517]
 [-0.10302213 -0.43462652  0.8824284   0.07990478 -0.00396432  0.05552195
   0.10931609 -0.01931981]
 [-0.00812923  0.07161712 -0.04833339  0.8515303  -0.4871047   0.13243729
  -0.02065551  0.11012552]
 [ 0.06591248  0.03248508 -0.04535513  0.33794758  0.7605305   0.5343907
   0.08197383  0.08737831]
 [-0.03020569 -0.02384916  0.05243278 -0.20918006 -0.21816875  0.5899926
  -0.72904843 -0.15752089]
 [-0.06831049 -0.14630026  0.01777847  0.08648694  0.21101719 -0.37039804
  -0.53183573  0.7082102 ]
 [-0.1173875   0.1740599   0.03880232 -0.31660825 -0.27794954  0.4355711
   0.38536334  0.6623397 ]]",48
0,1,6,0.9,0.8312234282493591,"[[ 9.8602420e-01 -5.3441152e-02  1.5487701e-01  6.7456253e-04
   2.2735873e-02 -1.9900015e-02]
 [ 6.4604998e-02  9.9445891e-01 -6.4255849e-02 -4.6175700e-02
  -2.4826011e-02  4.8819286e-04]
 [-1.5257761e-01  7.2457388e-02  9.8112279e-01 -5.0671708e-02
   5.9199940e-02 -5.2877493e-02]
 [-4.8604477e-03  4.9107242e-02  4.9626768e-02  9.9703538e-01
  -2.8160047e-02  1.5150802e-02]
 [-1.3807344e-02  2.2450618e-02 -7.0563473e-02  3.2665305e-02
   9.8190123e-01 -1.7067257e-01]
 [ 9.3937060e-03  5.4596798e-03  4.2901609e-02 -1.2377356e-02
   1.7446820e-01  9.8358989e-01]]",49
1,2,6,0.9,0.8774502277374268,"[[ 9.8721743e-01 -5.0177924e-02 -1.5039942e-01 -1.2429887e-02
  -3.8107552e-03 -9.7493110e-03]
 [ 7.7453695e-02  9.7798765e-01  1.8716197e-01 -4.3644715e-02
   4.9601458e-03 -2.4125485e-02]
 [ 1.3857961e-01 -1.9389890e-01  9.6720189e-01  3.9645549e-02
   7.1933545e-02  3.1196503e-02]
 [ 9.8877754e-03  5.0570343e-02 -3.6171999e-02  9.9669474e-01
   5.0643448e-02  8.4440336e-03]
 [-7.1066255e-03  6.4203236e-03 -6.9562510e-02 -5.3386103e-02
   9.9610162e-01 -8.3062961e-04]
 [ 7.0867874e-03  2.8757291e-02 -2.6899753e-02 -1.0880757e-02
  -1.7633118e-03  9.9913847e-01]]",49
2,3,6,0.9,0.9021802544593811,"[[ 0.92943645  0.34584093 -0.09694842  0.05936773  0.01973997  0.05682312]
 [-0.3320641   0.9350234   0.08072948 -0.07170771 -0.05521094 -0.02751297]
 [ 0.11525501 -0.04173582  0.9869972  -0.041019    0.05900383  0.07514623]
 [-0.07801031  0.04696909  0.04863655  0.99382526  0.0334348   0.0231571 ]
 [-0.04951099  0.0465843  -0.06193386 -0.03904898  0.9879468   0.11823366]
 [-0.06372426  0.00264646 -0.0609835  -0.02091518 -0.1261904   0.98785216]]",49
3,4,6,0.9,0.8230838179588318,"[[ 0.98524714  0.16374874 -0.01348985  0.03473388 -0.02060087 -0.02572172]
 [-0.16365217  0.9853672   0.02755353 -0.01915606 -0.03230675 -0.00998007]
 [ 0.0186103  -0.02387262  0.99776745 -0.01956885  0.04879992 -0.02791905]
 [-0.03569291  0.0147856   0.01891142  0.9975731   0.04861636  0.02518256]
 [ 0.01362278  0.03448566 -0.05135217 -0.04522173  0.993063   -0.08814225]
 [ 0.02646006  0.01612712  0.02289631 -0.02909651  0.08725155  0.9950156 ]]",49
4,5,6,0.9,0.8151930570602417,"[[ 0.92899776  0.3484651   0.10017285  0.07161855 -0.01666652 -0.00968195]
 [-0.35655636  0.9327538   0.04903404  0.01735264 -0.00800321  0.00827657]
 [-0.07057955 -0.07618458  0.9838117  -0.11045455 -0.03745724 -0.08789656]
 [-0.06735428 -0.05039314  0.11168231  0.9849851   0.04251607  0.09191195]
 [ 0.01361347  0.01215583  0.03906824 -0.05105013  0.996224    0.05542634]
 [ 0.01128808 -0.00715432  0.075342   -0.09781501 -0.0631278   0.99024844]]",49
5,6,7,0.9,0.911970853805542,"[[ 9.9510682e-01  8.3468892e-02 -4.2878423e-02 -5.2342587e-03
   1.5554218e-02  1.2291044e-02  2.3164306e-02]
 [-7.3613979e-02  9.7934651e-01  1.8570791e-01  8.9935064e-03
   1.1231847e-02 -2.2222510e-02 -1.6526239e-02]
 [ 5.6555849e-02 -1.8195486e-01  9.7737509e-01 -5.4872420e-02
   7.0384584e-02 -1.1410506e-02 -1.8346684e-02]
 [ 1.3282837e-02 -1.7910602e-02  6.6844173e-02  9.7030270e-01
  -2.3058653e-01  1.2484285e-02 -1.4882014e-02]
 [-1.9410441e-02 -3.7655266e-04 -5.2031901e-02  2.3115639e-01
   9.5894492e-01  1.3483734e-01  7.5671211e-02]
 [-1.0599124e-02  1.8980065e-02  2.1855161e-02 -4.4009566e-02
  -1.2580329e-01  9.9031907e-01 -2.3548074e-02]
 [-2.1896930e-02  1.1164825e-02  2.7546190e-02 -4.8435731e-03
  -7.8141302e-02  1.2489120e-02  9.9616843e-01]]",49
6,7,7,0.9,0.9446790814399719,"[[ 0.9890115   0.09242626  0.09695924  0.01010234 -0.05826942 -0.0109904
  -0.01715499]
 [-0.11417751  0.9680491   0.21388565  0.01060668 -0.02437739 -0.02823415
  -0.05092685]
 [-0.07019078 -0.222064    0.964726   -0.08894689  0.06509253 -0.0252833
  -0.0477145 ]
 [-0.00762115 -0.02653194  0.07361452  0.9874484   0.13326173 -0.01381642
  -0.02854867]
 [ 0.06096699  0.04642159 -0.06430215 -0.12726742  0.98657763 -0.0161585
  -0.01413538]
 [ 0.00668195  0.02277936  0.0309693   0.00955301  0.01795049  0.9989553
  -0.01233927]
 [ 0.00855645  0.04059813  0.0603535   0.02305172  0.01889635  0.00889893
   0.99682915]]",49
7,8,7,0.9,0.9464970827102661,"[[ 9.9429053e-01 -1.0026884e-01 -3.3734255e-02  6.1348020e-03
  -1.0384757e-02  6.4641429e-04  6.9823200e-03]
 [ 9.0980530e-02  9.6897525e-01 -2.1251395e-01  5.4498836e-02
   6.4639226e-02 -1.3029706e-02 -1.8144034e-02]
 [-5.3726748e-02 -2.0612733e-01 -9.7570229e-01 -3.7607651e-02
  -2.9256982e-03  3.4674607e-02  2.1777386e-03]
 [-1.2542549e-02 -6.2964328e-02 -2.1642115e-02  9.9202609e-01
   7.1014203e-02  7.8961536e-02  4.0193098e-03]
 [ 5.3880475e-03 -5.8574222e-02  1.3990183e-02 -7.8644276e-02
   9.9369246e-01  5.2275065e-02  1.3509113e-03]
 [ 2.9652694e-03  2.8611537e-02  3.2168280e-02 -7.2642624e-02
  -5.6881562e-02  9.9430960e-01  3.1204414e-02]
 [-5.2276840e-03  1.8182032e-02 -2.4328530e-03 -5.8673968e-04
   1.3997646e-03 -3.1753100e-02  9.9931258e-01]]",49
8,9,7,0.9,0.958814263343811,"[[ 9.4167995e-01 -3.2683185e-01 -5.4018047e-02 -5.4473717e-02
   1.7198039e-02  2.4364218e-03 -1.5256708e-02]
 [ 3.1396464e-01  9.3734086e-01 -1.3710369e-01 -4.8257247e-02
   1.7232370e-02  3.2191798e-02 -1.8942209e-02]
 [ 9.7053111e-02  1.1330733e-01  9.8847586e-01  1.8198663e-02
   1.1890866e-02 -8.9359777e-03  1.0250982e-02]
 [-5.2258214e-03 -5.5213971e-03 -1.5002197e-02  2.6623002e-01
   9.6338457e-01  2.4243305e-02 -1.1879507e-02]
 [ 6.7042366e-02  2.4961971e-02 -2.2865660e-02  9.5663905e-01
  -2.6665518e-01  8.8173829e-02 -1.7928857e-02]
 [-1.6237000e-02 -2.9861594e-02  1.5021899e-02 -8.8210322e-02
   6.0653369e-05  9.9371487e-01  5.8040392e-02]
 [ 2.1450156e-02  1.3753728e-02 -1.5048167e-02  2.3555523e-02
   7.1432907e-03 -5.5193298e-02  9.9773347e-01]]",49
9,10,8,0.9,1.3663513660430908,"[[ 9.6198541e-01 -2.3595712e-01 -8.9565068e-02 -7.3296912e-02
   4.9932655e-02  1.4543096e-02 -3.0233230e-02 -4.3532491e-02]
 [ 2.0912577e-01  9.5245647e-01 -2.0805347e-01 -1.0918513e-02
   3.5513712e-03  3.9751761e-02 -4.1813485e-02 -4.8440203e-02]
 [ 1.3484830e-01  1.8278240e-01  9.6680218e-01  6.1388135e-02
   8.9821815e-02 -3.9944839e-02 -1.6201999e-02 -2.3888550e-03]
 [ 3.2436602e-02 -2.5993176e-02 -8.4794529e-02  9.2097461e-01
   3.4488198e-01  1.3496599e-01 -3.2299813e-03 -7.5617127e-02]
 [-7.9963394e-02 -1.9264922e-03 -4.9863268e-02 -3.5494322e-01
   9.2782491e-01  5.6442447e-02 -7.6867738e-03  3.2050129e-02]
 [-1.4878052e-02 -2.2058574e-02  6.3162029e-02 -1.0080577e-01
  -9.6873745e-02  9.8671943e-01  4.1651394e-02  2.0159798e-02]
 [ 3.7562933e-02  3.4940213e-02  1.7728889e-03 -8.2360621e-04
   1.5373583e-02 -3.8410615e-02  9.9662364e-01 -4.8927870e-02]
 [ 5.9897769e-02  3.6807194e-02 -1.7791092e-02  7.9989865e-02
   1.6187245e-03 -1.0987424e-02  4.4855237e-02  9.9307966e-01]]",49
10,11,8,0.9,1.4598004817962646,"[[-0.9537085   0.18560795 -0.00307271  0.02507636  0.10832527 -0.0679006
  -0.0247692  -0.19594175]
 [-0.18103231 -0.81115663 -0.513418    0.00772517 -0.03756437  0.16532618
   0.12681662  0.0277131 ]
 [-0.09735224 -0.48405805  0.8527691   0.08354063  0.04059774  0.08721685
   0.11257573 -0.00937796]
 [-0.0217504   0.07487457 -0.04474274  0.9455935  -0.25968745  0.11700999
  -0.04662236  0.12028797]
 [ 0.06657398  0.06850787 -0.04966753  0.15762539  0.85553145  0.4715385
  -0.05590321  0.0784485 ]
 [-0.02448826 -0.00211891  0.05193847 -0.16840015 -0.32359332  0.608068
  -0.6706513  -0.2100169 ]
 [-0.08348773 -0.17286493  0.02031043  0.00787045  0.16575404 -0.43589672
  -0.6499236   0.56814796]
 [-0.1889839   0.18186788  0.03998122 -0.21194117 -0.23161978  0.40578014
   0.30521798  0.75711846]]",49
0,1,6,0.9,0.832168698310852,"[[ 9.8766756e-01 -4.1735291e-02  1.4658424e-01  4.3502580e-03
   2.4537856e-02 -2.5750589e-02]
 [ 5.4444026e-02  9.9462289e-01 -7.6964207e-02 -3.2744996e-02
  -2.6759993e-02  7.0239161e-03]
 [-1.4464572e-01  8.3951123e-02  9.8139060e-01 -5.4179598e-02
   5.5717748e-02 -5.3502642e-02]
 [-9.3751885e-03  3.6419321e-02  5.3747568e-02  9.9699503e-01
  -3.3807691e-02  2.3557492e-02]
 [-1.8033894e-02  2.4684072e-02 -6.7877717e-02  4.0019743e-02
   9.8058915e-01 -1.7692186e-01]
 [ 1.4603012e-02 -6.1178725e-05  4.4339582e-02 -1.9308202e-02
   1.8132624e-01  9.8212463e-01]]",50
1,2,6,0.9,0.8827744722366333,"[[ 9.8900121e-01 -1.8819045e-04 -1.4721128e-01 -1.1019351e-02
  -4.3344977e-03 -8.0703227e-03]
 [ 2.5735896e-02  9.8251760e-01  1.7629287e-01 -4.9866181e-02
   5.9237638e-03 -1.9894850e-02]
 [ 1.4523438e-01 -1.7609484e-01  9.6971488e-01  2.8634720e-02
   7.4393541e-02  3.4586232e-02]
 [ 7.5625400e-03  5.4443501e-02 -2.5487160e-02  9.9603075e-01
   6.5049008e-02 -4.5140455e-03]
 [-7.3054801e-03  2.9254695e-03 -7.1476504e-02 -6.7041859e-02
   9.9456877e-01 -3.4168139e-02]
 [ 3.2596802e-03  2.6018735e-02 -3.3824943e-02  1.3424744e-04
   3.1831387e-02  9.9857652e-01]]",50
2,3,6,0.9,0.9064967632293701,"[[ 0.9137841   0.3830956  -0.09760984  0.05533519  0.03189629  0.06803931]
 [-0.37006822  0.9211877   0.07291672 -0.07057082 -0.05852438 -0.0272109 ]
 [ 0.11363787 -0.03035495  0.98710454 -0.05118729  0.06083121  0.07395259]
 [-0.0766973   0.04469077  0.05652149  0.9928536   0.04785947  0.02961121]
 [-0.06260094  0.0414092  -0.06258408 -0.05372712  0.9889279   0.09790118]
 [-0.07302907 -0.00417647 -0.06056867 -0.02632132 -0.10764833  0.98929256]]",50
3,4,6,0.9,0.8229713439941406,"[[ 0.9855102   0.16370012 -0.02102826  0.03208026 -0.01634096 -0.01528749]
 [-0.16348952  0.98524857  0.02508824 -0.01609727 -0.03629983 -0.01871222]
 [ 0.02538466 -0.02043643  0.9975114  -0.01584081  0.0470323  -0.03802536]
 [-0.03340499  0.01139389  0.01706262  0.99882007  0.01647399  0.02345865]
 [ 0.00802246  0.03694614 -0.05048407 -0.01316605  0.9922715  -0.10604649]
 [ 0.01470842  0.02397875  0.03255063 -0.02541663  0.10643817  0.993063  ]]",50
4,5,6,0.9,0.8027890920639038,"[[ 0.93490255  0.3391058   0.08945408  0.05321998 -0.01056354 -0.00430291]
 [-0.34467685  0.9376921   0.03359723  0.0214961  -0.0150461   0.0106822 ]
 [-0.06817029 -0.05753387  0.98501265 -0.10746772 -0.04302703 -0.09160791]
 [-0.04934104 -0.04511999  0.11430899  0.9829231   0.05853562  0.11357328]
 [ 0.00524287  0.01712422  0.04368097 -0.07155487  0.99369645  0.07223946]
 [ 0.00677573 -0.01007572  0.07513064 -0.11789125 -0.08337667  0.9865891 ]]",50
5,6,6,0.9,0.832024097442627,"[[ 0.99902934  0.03820386 -0.01477353 -0.00535471  0.01476609  0.0040026 ]
 [-0.03438458  0.9792361   0.19764103  0.0107921   0.00179753 -0.02706865]
 [ 0.02062417 -0.19596265  0.9754902  -0.06985952  0.06668909 -0.01625624]
 [ 0.00907617 -0.02470837  0.07453275  0.98885256 -0.12371317  0.0248542 ]
 [-0.01563511  0.01122311 -0.05297351  0.12303483  0.97889394  0.15314208]
 [-0.00245636  0.02234551  0.02787868 -0.04480656 -0.14762458  0.9873788 ]]",50
6,7,7,0.9,0.9286397695541382,"[[ 9.9135470e-01  2.0891113e-02  1.0794019e-01  2.3496864e-02
  -6.6470526e-02  9.8127918e-04 -1.2530974e-02]
 [-4.9325448e-02  9.6768463e-01  2.3971240e-01  1.6912201e-02
  -2.7358467e-02  2.4472980e-02 -4.5366395e-02]
 [-9.3641087e-02 -2.4122551e-01  9.5552546e-01 -1.1840347e-01
   4.5893084e-02  4.6653956e-02 -4.1358244e-02]
 [-2.5218965e-02 -4.1439384e-02  1.0114400e-01  9.8503143e-01
   1.2770787e-01  1.8433835e-02 -2.1923980e-02]
 [ 7.2876647e-02  4.4104204e-02 -4.4911865e-02 -1.2015666e-01
   9.8796701e-01  5.4449816e-03 -1.3440920e-02]
 [-4.8314286e-03  1.1162693e-02  5.1011927e-02  1.2061635e-02
   8.7864725e-03 -9.9816442e-01 -2.6362440e-02]
 [ 6.6288454e-03  3.4254655e-02  5.4850027e-02  1.6507139e-02
   1.6177436e-02 -2.2845088e-02  9.9735552e-01]]",50
7,8,7,0.9,0.9252189993858337,"[[ 9.9221736e-01 -1.1610554e-01  4.3080110e-02  9.3077794e-03
  -8.8388678e-03 -7.6637598e-04  1.7065725e-03]
 [ 1.0461263e-01  9.6843266e-01  2.0671506e-01  4.7705986e-02
   7.5240850e-02  1.2568808e-02 -1.9189026e-02]
 [-6.5808699e-02 -1.9959190e-01  9.7704095e-01 -1.0517625e-02
  -1.1982679e-02 -3.1129109e-02 -6.7170222e-05]
 [-1.4697217e-02 -4.8470654e-02 -2.1730962e-03  9.9549794e-01
   2.9535683e-02 -7.4057549e-02 -7.5363489e-03]
 [ 8.1806845e-04 -7.3155761e-02 -5.4156268e-03 -3.8364083e-02
   9.9390519e-01 -7.2295919e-02  8.4969588e-03]
 [-3.6557424e-03 -2.7702935e-02  2.7419101e-02  7.0359327e-02
   7.3215008e-02  9.9401432e-01 -9.5905671e-03]
 [ 1.5700018e-04  1.8764224e-02  4.2526233e-03  9.4048474e-03
  -6.0641048e-03  9.8325992e-03  9.9970388e-01]]",50
8,9,7,0.9,0.9364155530929565,"[[ 9.7035885e-01 -2.2624858e-01 -5.3740487e-02 -1.9390905e-02
  -5.9161820e-02 -9.6787587e-03 -1.8903704e-02]
 [ 2.1583806e-01  9.6781129e-01 -1.1812040e-01 -1.8848628e-02
  -3.7522461e-02 -2.7108146e-02 -1.7454762e-02]
 [-7.9495728e-02 -1.0354133e-01 -9.9119115e-01 -2.0629141e-02
  -6.0252065e-04  7.3963674e-03 -4.3436065e-03]
 [-1.3385863e-02 -1.4549437e-03 -1.6840192e-02  8.7898546e-01
  -4.7517866e-01 -2.2658670e-02 -2.4730898e-02]
 [ 6.5963373e-02  2.3258697e-02 -1.8701954e-02  4.7061962e-01
   8.7428474e-01 -9.3803145e-02 -1.0112222e-02]
 [ 2.0882864e-02  2.6556561e-02  1.8128683e-03  6.2707633e-02
   7.0144698e-02  9.9402279e-01 -4.3836664e-02]
 [ 2.3055175e-02  1.3552094e-02 -7.9222675e-03  2.8508151e-02
  -1.6143466e-03  4.1510597e-02  9.9834043e-01]]",50
9,10,8,0.9,1.1227461099624634,"[[ 0.9760048  -0.19206531 -0.0616949  -0.06112088  0.04568661  0.01527184
  -0.02570707  0.00145416]
 [ 0.17252906  0.9561262  -0.22959332 -0.00874548 -0.01480586  0.03576654
  -0.02453519  0.03415284]
 [ 0.10320568  0.2155333   0.9631274   0.07021118  0.09346892 -0.03205302
  -0.02357045 -0.00554334]
 [-0.03359791 -0.00815038 -0.10384595  0.32955626  0.92592496  0.14622486
  -0.01539372  0.02139403]
 [ 0.06798554 -0.02026234 -0.03423503  0.93223923 -0.34412214  0.06614906
   0.02787374  0.03395254]
 [ 0.01701527  0.02221012 -0.05906418  0.10929953  0.1107936  -0.9851293
  -0.02733266 -0.01674055]
 [ 0.03027155  0.02635749  0.01233323 -0.01600203  0.03019525 -0.02468194
   0.996593   -0.05711551]
 [ 0.00633536  0.02853155 -0.01642187  0.03712804  0.00360018  0.02477583
  -0.05677157 -0.99681884]]",50
10,11,8,0.9,1.4393320083618164,"[[ 0.9689633   0.18133508  0.04338871  0.04241678  0.07150768  0.00179895
  -0.0157923  -0.13849173]
 [ 0.17422646 -0.7709804  -0.59759355  0.04073879 -0.05735548  0.07763869
   0.08442228 -0.00348343]
 [ 0.07598551 -0.55657893  0.7926727   0.09726748 -0.10245088  0.10731786
   0.15654445  0.01165104]
 [-0.00154525  0.11774606 -0.06421866  0.81893283 -0.5370986  -0.03381174
  -0.10062334  0.10777447]
 [-0.05853591  0.04350474 -0.0251984   0.45909247  0.68667376  0.53379995
   0.09918508  0.13030413]
 [-0.00229844 -0.02608486  0.02789866 -0.19128388 -0.23761292  0.6355501
  -0.6951781  -0.1352409 ]
 [ 0.08952117 -0.15491246  0.06828739  0.02803965  0.26145816 -0.38731623
  -0.569049    0.64834225]
 [-0.11633255 -0.1499722   0.04968843  0.26131898  0.31029803 -0.37739706
  -0.3755865  -0.7165472 ]]",50
0,1,6,0.9,0.8314849138259888,"[[ 0.98789805 -0.07108396  0.1337905   0.00201946  0.02469994 -0.02214862]
 [ 0.08303679  0.99210846 -0.07990969 -0.04145283 -0.02664872  0.00342256]
 [-0.1292186   0.08962049  0.9831987  -0.0502134   0.05686843 -0.05325102]
 [-0.00425813  0.04496925  0.04903482  0.9970578  -0.03536894  0.01341468]
 [-0.01734324  0.0245531  -0.06832002  0.03926295  0.9825571  -0.16573688]
 [ 0.01208679  0.00332036  0.04430399 -0.00950362  0.1696359   0.9843848 ]]",51
1,2,6,0.9,0.8849563598632812,"[[ 9.86994743e-01 -2.48811650e-03 -1.59636751e-01 -1.11980801e-02
  -5.75545616e-03 -1.38836065e-02]
 [ 3.65776196e-02  9.74893868e-01  2.15181679e-01 -3.98367196e-02
   4.41461755e-03 -1.82910934e-02]
 [ 1.55949250e-01 -2.16279387e-01  9.60515976e-01  3.42912339e-02
   6.69103637e-02  2.56739724e-02]
 [ 6.87939581e-03  4.68345210e-02 -3.00623588e-02  9.96828794e-01
   5.64505234e-02 -1.08208961e-03]
 [-5.33044385e-03  7.52486894e-03 -6.46767914e-02 -5.86809516e-02
   9.96134162e-01 -2.24388274e-03]
 [ 1.03699230e-02  2.34316587e-02 -2.31321342e-02 -8.18006229e-04
   5.79623855e-04  9.99403417e-01]]",51
2,3,6,0.9,0.9088889360427856,"[[ 0.9278167   0.35312325 -0.08590827  0.05553826  0.02642365  0.05742108]
 [-0.34132656  0.9326942   0.0618154  -0.0761214  -0.05600893 -0.02872538]
 [ 0.09912192 -0.02769973  0.98957527 -0.04732931  0.05553035  0.06945967]
 [-0.07738849  0.05257683  0.0525296   0.9929902   0.04233456  0.02579854]
 [-0.05197128  0.04290057 -0.05715031 -0.04766154  0.99171257  0.08016784]
 [-0.06432092  0.00367321 -0.05927784 -0.02407886 -0.08828981  0.9919479 ]]",51
3,4,6,0.9,0.8251165151596069,"[[ 0.98180187  0.18396173 -0.01910465  0.02588655 -0.01940922 -0.02848555]
 [-0.1843676   0.98219395  0.00109747 -0.01761056 -0.03063861 -0.00732037]
 [ 0.0194208   0.00390949  0.99794704 -0.01065756  0.05566319 -0.02229612]
 [-0.02756337  0.01410686  0.00917717  0.99853164  0.0410432   0.01439191]
 [ 0.01116508  0.03182698 -0.05803668 -0.03924315  0.99348587 -0.08330572]
 [ 0.0284988   0.01502986  0.01681903 -0.01734304  0.08299014  0.99573636]]",51
4,5,6,0.9,0.8162515759468079,"[[ 9.34306741e-01  3.34684730e-01  1.02047697e-01  6.33124262e-02
  -1.79088023e-02 -1.77226625e-02]
 [-3.44173938e-01  9.36385334e-01  6.36791736e-02  2.40219124e-02
  -9.65208933e-03  1.23445317e-03]
 [-6.92724735e-02 -8.93793777e-02  9.80721235e-01 -1.24398105e-01
  -5.11823520e-02 -8.54635164e-02]
 [-5.78035675e-02 -5.43829054e-02  1.27074689e-01  9.81858969e-01
   7.82552138e-02  8.59201774e-02]
 [ 1.56669524e-02  1.48903998e-02  4.85855639e-02 -8.93216431e-02
   9.92461741e-01  6.49129003e-02]
 [ 1.51588283e-02  8.51161545e-04  7.21705332e-02 -8.89613405e-02
  -7.65661150e-02  9.90345657e-01]]",51
5,6,6,0.9,0.8477025032043457,"[[ 0.9974225   0.06237242 -0.03164462 -0.00711574  0.01281695  0.00645546]
 [-0.05616584  0.98433256  0.16441916  0.00694168  0.00499613 -0.02877713]
 [ 0.04011919 -0.1619282   0.9820036  -0.06330907  0.06088698 -0.01110638]
 [ 0.01249876 -0.01680628  0.07110743  0.9813212  -0.1770447   0.01299446]
 [-0.01391499  0.00484746 -0.04590687  0.17718194  0.9726446   0.14228305]
 [-0.00585508  0.02593287  0.02168343 -0.03883706 -0.13682535  0.9892388 ]]",51
6,7,6,0.9,0.8702608346939087,"[[ 0.9896653   0.06949168  0.10840058  0.01843699 -0.05926898 -0.01140508]
 [-0.09341543  0.9730729   0.2057907   0.01590584 -0.03230731 -0.02749738]
 [-0.08549538 -0.20927314  0.96538377 -0.10932048  0.0642812  -0.02909306]
 [-0.01645469 -0.03187272  0.09169597  0.98170805  0.16270447 -0.00904824]
 [ 0.06484977  0.05479662 -0.06567331 -0.15391518  0.9821126  -0.01561627]
 [ 0.00710234  0.02205114  0.03482094  0.00395041  0.01713255  0.9989704 ]]",51
7,8,7,0.9,0.9502440094947815,"[[ 9.9125999e-01 -1.3001965e-01  2.1387938e-02  2.1269815e-03
   2.8354453e-04  9.5199596e-04  5.9612752e-03]
 [ 1.2146898e-01  9.6295083e-01  2.2619724e-01  3.5393875e-02
   7.0197672e-02 -1.3664484e-02 -2.0942675e-02]
 [-4.9804386e-02 -2.2014990e-01  9.7301292e-01 -3.2758225e-02
  -7.3727290e-03  3.3954170e-02 -4.3617762e-03]
 [-8.4112184e-03 -4.3929338e-02  2.0262323e-02  9.9201792e-01
   6.8620108e-02  9.3604200e-02 -4.3428228e-03]
 [-8.3632572e-03 -6.4224869e-02 -1.2698262e-02 -7.8370519e-02
   9.9185896e-01  7.5500533e-02  4.1603083e-03]
 [ 3.7963081e-03  3.0285684e-02 -3.0998183e-02 -8.5929751e-02
  -8.0768958e-02  9.9192959e-01  1.6600661e-02]
 [-3.6487230e-03  1.9563153e-02  9.5129879e-03  6.6490811e-03
  -1.0518098e-03 -1.6524641e-02  9.9959743e-01]]",51
8,9,7,0.9,0.9560768008232117,"[[ 9.53859329e-01 -2.87928909e-01 -6.42309040e-02  1.06557144e-03
  -5.34305386e-02  5.44619514e-03 -1.54314470e-02]
 [ 2.75194526e-01  9.51050162e-01 -1.23172194e-01 -1.62116494e-02
  -5.73309399e-02  2.90290378e-02 -1.44159198e-02]
 [-9.61520597e-02 -9.99479070e-02 -9.90102649e-01 -1.57017615e-02
   1.36111015e-02  3.28815397e-04 -5.48739266e-03]
 [-9.40412842e-03  6.74843183e-03 -1.73805207e-02  9.87172365e-01
  -1.53287038e-01  3.03405710e-02 -2.52450015e-02]
 [ 6.55887350e-02  3.89386825e-02  9.27099667e-04  1.48467988e-01
   9.79071558e-01  1.15442380e-01 -1.51721509e-02]
 [-1.94158908e-02 -3.03101242e-02  4.17893054e-03 -4.52678874e-02
  -1.06459245e-01  9.90617275e-01  6.30983785e-02]
 [ 2.01956164e-02  1.14227701e-02 -8.91205389e-03  2.98061185e-02
   1.61691252e-02 -5.96435927e-02  9.97333944e-01]]",51
9,10,8,0.9,1.1358402967453003,"[[ 0.96673816 -0.22223243 -0.10143243 -0.05488051  0.03839664  0.0091114
  -0.02033568  0.02754759]
 [ 0.1953284   0.95356077 -0.22237518 -0.01581888 -0.01602223  0.03995526
  -0.02393462 -0.02102135]
 [ 0.14538865  0.19794269  0.96327037  0.0497219   0.09177442 -0.02331625
  -0.01710962  0.00772672]
 [-0.05563989  0.00194426 -0.07508474 -0.1508689   0.977461    0.10619108
  -0.03083394 -0.02905261]
 [ 0.0404426  -0.00873255 -0.06489491  0.98042756  0.1373796   0.11474504
   0.02485455  0.01346237]
 [-0.01073154 -0.03252207  0.04883618 -0.09426659 -0.12004171  0.98499477
  -0.00253865 -0.05408226]
 [ 0.02414346  0.02188556  0.00854057 -0.02991671  0.02840388  0.00359676
   0.9985711  -0.0025061 ]
 [-0.02639836  0.02316818 -0.0079894  -0.02201754  0.01807092  0.05573478
   0.00132749  0.9973881 ]]",51
10,11,8,0.9,1.6571043729782104,"[[ 0.97146136  0.20146224 -0.01647214  0.02982559  0.0780173  -0.01240782
  -0.01592544 -0.08955901]
 [ 0.18599899 -0.87958187 -0.40060282 -0.00817527 -0.06521767  0.11131421
   0.11948486  0.01642597]
 [ 0.0930479  -0.3734657   0.9076227   0.11508119 -0.0037593   0.04260756
   0.11352231  0.01122415]
 [ 0.00450969  0.0655814  -0.07941902  0.85783046 -0.4880348   0.06769174
  -0.07157047  0.07493837]
 [-0.06738489  0.03547154 -0.0675434   0.40013936  0.770523    0.45438603
   0.15382235  0.07545716]
 [ 0.01510336 -0.02646777  0.06682806 -0.1805119  -0.14594875  0.6682252
  -0.7001308  -0.06333752]
 [ 0.06864037 -0.08248256  0.01139962  0.02548652  0.17772603 -0.30666614
  -0.4061562   0.8349324 ]
 [ 0.05923529  0.1822334   0.00128847 -0.237868   -0.32384345  0.48375803
   0.5372641   0.5283466 ]]",51
0,1,6,0.9,0.8311107158660889,"[[ 9.8818099e-01  9.7558036e-04  1.4879602e-01  2.1070132e-03
   2.2659358e-02 -2.8967483e-02]
 [ 1.2312409e-02  9.9555236e-01 -8.3050855e-02 -3.4378730e-02
  -2.4895480e-02  4.9698055e-03]
 [-1.5048556e-01  8.3496816e-02  9.8034549e-01 -5.4863691e-02
   5.9400864e-02 -5.2598402e-02]
 [-9.0378877e-03  3.8173143e-02  5.4069337e-02  9.9709511e-01
  -3.1532437e-02  1.8568426e-02]
 [-1.7009752e-02  2.0962916e-02 -7.1138367e-02  3.7180021e-02
   9.8092896e-01 -1.7494757e-01]
 [ 1.8157329e-02  2.4741427e-03  4.3598615e-02 -1.4924113e-02
   1.7922744e-01  9.8255694e-01]]",52
1,2,6,0.9,0.8800030946731567,"[[ 0.9884076  -0.03581317 -0.14605747 -0.01486801 -0.00406167 -0.01405309]
 [ 0.06224682  0.9785598   0.18812613 -0.0520088   0.00983446 -0.01878683]
 [ 0.13725466 -0.19309711  0.96735555  0.03135753  0.07598627  0.03661631]
 [ 0.01317887  0.05657421 -0.02683645  0.99643296  0.0543924  -0.00827229]
 [-0.00789235  0.00154701 -0.07442813 -0.05644174  0.9955038  -0.01349934]
 [ 0.01004708  0.02546746 -0.03520368  0.00515216  0.01124597  0.99892855]]",52
2,3,6,0.9,0.9124770760536194,"[[ 0.918169    0.36853588 -0.11367436  0.05379553  0.03067783  0.06625801]
 [-0.35536027  0.9270274   0.0697858  -0.07534403 -0.05633951 -0.02486737]
 [ 0.12679218 -0.0234554   0.98622304 -0.04272817  0.06141562  0.07169398]
 [-0.07405638  0.04929256  0.05143021  0.9941059  -0.00275638  0.03445041]
 [-0.06414463  0.04232393 -0.0596107  -0.00437687  0.9905988   0.09610224]
 [-0.0707792  -0.00550659 -0.05808261 -0.03657956 -0.104016    0.98966104]]",52
3,4,6,0.9,0.8277090191841125,"[[ 0.98048466  0.18922925 -0.0307823   0.03571183 -0.01719931 -0.01798113]
 [-0.18764666  0.98022103  0.04420748 -0.02759353 -0.03024479 -0.01803031]
 [ 0.03901214 -0.03661309  0.99676615 -0.00731218  0.05209248 -0.02876822]
 [-0.03966505  0.02087629  0.00869917  0.998721    0.02105286  0.00532279]
 [ 0.00839597  0.03226919 -0.05405811 -0.02026511  0.9927626  -0.09988786]
 [ 0.01651407  0.02326906  0.02360865 -0.00744883  0.10027422  0.9942425 ]]",52
4,5,6,0.9,0.8221450448036194,"[[ 0.9290172   0.35666853  0.07765722  0.05616328 -0.02160171 -0.00794001]
 [-0.36183998  0.93122095  0.03824743  0.01447121 -0.01342092  0.00686529]
 [-0.05357982 -0.05899199  0.983911   -0.12401789 -0.02798909 -0.09697691]
 [-0.05284705 -0.04175648  0.13035105  0.9821949   0.01739061  0.11602959]
 [ 0.01549611  0.01886914  0.03409271 -0.02952359  0.9957713   0.07621923]
 [ 0.00975673 -0.00596166  0.07919579 -0.12520908 -0.08189581  0.9855014 ]]",52
5,6,7,0.9,0.9169537425041199,"[[ 0.9972561   0.05605764 -0.03371436 -0.01268779  0.01495489  0.00961958
   0.0269079 ]
 [-0.04564972  0.96897054  0.24060227  0.00675402  0.00935339 -0.02566996
  -0.01818321]
 [ 0.04453963 -0.23839223  0.9646377  -0.06478831  0.0776963  -0.015478
  -0.01362581]
 [ 0.01853207 -0.02190571  0.07253692  0.984505   -0.15326683  0.03197159
  -0.01233742]
 [-0.01873262  0.00919971 -0.06152887  0.15284002  0.9725479   0.1428648
   0.07847796]
 [-0.00774299  0.0200956   0.02789173 -0.05461806 -0.1331929   0.98863745
  -0.02511486]
 [-0.02565814  0.01242575  0.02495244 -0.00164536 -0.0810656   0.0131295
   0.9959006 ]]",52
6,7,7,0.9,0.9343194365501404,"[[ 9.9364561e-01 -2.3236026e-03  8.8928960e-02  4.4390364e-03
  -6.7716330e-02  4.4693854e-03 -1.1375753e-02]
 [-2.6412474e-02  9.5411104e-01  2.9236603e-01  1.7818417e-02
  -2.6219659e-02  2.2677459e-02 -4.4467486e-02]
 [-8.1098855e-02 -2.9121840e-01  9.4490087e-01 -9.0893961e-02
   6.4596094e-02  3.9717965e-02 -4.2016231e-02]
 [-2.9289506e-03 -3.8970515e-02  7.2333515e-02  9.8835486e-01
   1.2370768e-01  2.2304313e-02 -2.4373887e-02]
 [ 7.2960265e-02  4.8445761e-02 -5.8466028e-02 -1.1764036e-01
   9.8732442e-01  3.3624095e-03 -1.5857307e-02]
 [ 6.1432616e-04  8.6427499e-03  4.4708073e-02  1.8018275e-02
   7.2878622e-03 -9.9840254e-01 -2.7216477e-02]
 [ 7.8452062e-03  3.0300964e-02  5.5919163e-02  1.9792920e-02
   1.9701522e-02 -2.3913383e-02  9.9726707e-01]]",52
7,8,7,0.9,0.9361134171485901,"[[ 0.9960837  -0.08082484 -0.02881443  0.00930511 -0.01772411 -0.00586446
   0.00441232]
 [ 0.07436744  0.97397894 -0.19502783  0.04780759  0.07050848  0.01655737
  -0.01635799]
 [-0.04391047 -0.1912171  -0.97995543 -0.01912764 -0.00272159 -0.02860739
   0.00193185]
 [-0.01355063 -0.04974513 -0.00712777  0.99588054  0.02264845 -0.07068487
  -0.00190203]
 [ 0.01248611 -0.06824785  0.01205408 -0.02938805  0.99578553 -0.05068375
   0.00445449]
 [ 0.00307666 -0.02935518 -0.02496064  0.06788154  0.0509753   0.99558544
  -0.01044171]
 [-0.00314366  0.01656475 -0.0014982   0.0035126  -0.00262412  0.0108412
   0.99978834]]",52
8,9,7,0.9,0.9499588012695312,"[[ 9.5573115e-01 -2.8552407e-01 -2.7879544e-02  5.5605128e-02
   3.0091131e-02 -3.2647732e-03 -1.6387850e-02]
 [ 2.7428910e-01  9.4514936e-01 -1.6842537e-01  3.7007205e-02
   1.6480861e-02 -3.0832291e-02 -2.2345487e-02]
 [ 7.4289821e-02  1.5393262e-01  9.8499924e-01 -2.2492500e-03
   2.2218157e-02  2.6754518e-03  7.5104292e-03]
 [-2.8755204e-03 -1.7412262e-03 -2.0363964e-02 -4.5779258e-01
   8.8815433e-01 -2.8242929e-02 -1.9598501e-02]
 [ 7.1081467e-02  1.9190023e-02  2.1987419e-04 -8.8270289e-01
  -4.5739055e-01 -7.8322954e-02 -8.6098816e-03]
 [ 1.6035555e-02  2.8717678e-02 -8.0175344e-03 -8.0385871e-02
  -1.0797000e-02  9.9522871e-01 -4.2368945e-02]
 [ 2.2503285e-02  1.6658084e-02 -1.2374133e-02 -1.8250898e-02
   1.3726636e-02  4.0238339e-02  9.9845999e-01]]",52
9,10,8,0.9,1.203615665435791,"[[ 0.9710127  -0.21626031 -0.05909295 -0.05211537  0.05570287  0.01003547
  -0.0254924   0.01744601]
 [ 0.19811681  0.9545406  -0.21378897  0.00371349 -0.00499322  0.03487003
  -0.03444506  0.03814663]
 [ 0.1013364   0.1968032   0.96699387  0.07158461  0.0905623  -0.04779773
  -0.01762028  0.00119682]
 [-0.01645969  0.03171922  0.08782965 -0.9283001  -0.32827377 -0.13853265
  -0.00632933 -0.04767434]
 [-0.07398674  0.00786436 -0.05409788 -0.33987474  0.9342013   0.04879425
  -0.01975555 -0.02279311]
 [ 0.01077316  0.01827439 -0.07060527  0.11211331  0.08730564 -0.98587894
  -0.03267204 -0.03672052]
 [ 0.03354248  0.03337716  0.00491836 -0.00643508  0.02167429 -0.02929831
   0.9968544  -0.05146406]
 [ 0.02507577  0.02891885 -0.00868075  0.04773988 -0.00911379  0.04484225
  -0.05135017 -0.9957157 ]]",52
10,11,8,0.9,1.4660016298294067,"[[ 0.95963913  0.20337893  0.03083874  0.07003764  0.08083539  0.0097107
  -0.0193008  -0.15770926]
 [ 0.19297603 -0.82127285 -0.51243377  0.01030272 -0.10154721  0.07952494
   0.08648182 -0.03822869]
 [ 0.0756463  -0.47130206  0.85092616  0.05405626 -0.13225113  0.10241852
   0.12655064 -0.03405532]
 [-0.00430987  0.10885725 -0.06554984  0.78612363 -0.5796802   0.0129186
  -0.05985301  0.1614497 ]
 [-0.05374955  0.0285683  -0.0273939   0.31510442  0.48226637  0.80007637
   0.07986765  0.1310409 ]
 [-0.00424175  0.00294631  0.01527476 -0.28288612 -0.35591862  0.43498582
  -0.7485131  -0.2086932 ]
 [ 0.11407581 -0.16979222  0.07536663  0.06829853  0.3003178  -0.25798202
  -0.5195787   0.721876  ]
 [-0.1420975  -0.14324132  0.0377465   0.43600017  0.42448157 -0.29501778
  -0.36869797 -0.60383034]]",52
0,1,6,0.9,0.830527126789093,"[[ 0.9844382  -0.06310889  0.15989989  0.00257855  0.02656981 -0.0248596 ]
 [ 0.07342494  0.99459463 -0.05448847 -0.04100383 -0.02718315 -0.0010504 ]
 [-0.15791509  0.06472898  0.9808457  -0.05217248  0.0564795  -0.05387789]
 [-0.00681718  0.04338288  0.05228484  0.99672097 -0.04002943  0.0168111 ]
 [-0.01817439  0.02608821 -0.06817292  0.04461274  0.981402   -0.17088453]
 [ 0.01327148  0.00680535  0.04498364 -0.01212401  0.17496601  0.9833585 ]]",53
1,2,6,0.9,0.8778900504112244,"[[ 9.89407718e-01 -1.59947369e-02 -1.43899933e-01 -1.04162144e-02
   5.17610111e-04 -7.59373244e-04]
 [ 3.95310111e-02  9.83326435e-01  1.66604742e-01 -5.46205938e-02
   4.32001922e-04 -2.76712142e-02]
 [ 1.39139175e-01 -1.67042121e-01  9.72108066e-01  4.46929559e-02
   7.02119023e-02  2.85624173e-02]
 [ 5.69693279e-03  6.18263036e-02 -3.96272205e-02  9.96033430e-01
   4.99040410e-02  1.30625267e-03]
 [-1.05982274e-02  7.91102089e-03 -6.62638918e-02 -5.29634617e-02
   9.96224523e-01 -1.28820781e-02]
 [-2.27491953e-03  3.20179760e-02 -2.40878277e-02 -4.78340080e-03
   1.07846465e-02  9.99124765e-01]]",53
2,3,6,0.9,0.8917219638824463,"[[ 0.94407576  0.30866796 -0.078844    0.05188788  0.01618548  0.06537849]
 [-0.29513916  0.9467694   0.07956192 -0.08155878 -0.04765626 -0.03559965]
 [ 0.09431443 -0.05047033  0.9894518  -0.0267183   0.05275558  0.0777534 ]
 [-0.07267751  0.06072775  0.0355565   0.9947439   0.00176828  0.01572378]
 [-0.04793613  0.04513013 -0.05916638 -0.00860086  0.9811241   0.17171597]
 [-0.07168485  0.00893068 -0.06061092 -0.01877459 -0.17909843  0.97912157]]",53
3,4,6,0.9,0.80755215883255,"[[ 9.96533394e-01  7.21156746e-02 -2.38377042e-02  3.08847688e-02
  -4.20866441e-03 -1.34387510e-02]
 [-7.11241364e-02  9.95767653e-01  2.56432500e-02 -2.10693888e-02
  -4.67961133e-02 -9.83692147e-03]
 [ 2.46901549e-02 -2.19766852e-02  9.97825980e-01  1.52286990e-02
   4.21697386e-02 -3.52221243e-02]
 [-3.20926160e-02  2.07077488e-02 -1.35280145e-02  9.98029888e-01
   2.39272900e-02  4.14981842e-02]
 [-4.84035467e-04  4.66574430e-02 -4.32168506e-02 -2.24308223e-02
   9.95118022e-01 -7.20560774e-02]
 [ 1.49221234e-02  1.25459814e-02  3.26628387e-02 -4.24679592e-02
   7.19839409e-02  9.95775044e-01]]",53
4,5,7,0.9,0.8729970455169678,"[[ 0.94140774  0.31752422  0.09220668  0.0601212  -0.01214872  0.00147337
  -0.02575472]
 [-0.319262    0.94736373  0.00614077 -0.00918404 -0.00646234  0.0143082
   0.01432139]
 [-0.08122207 -0.03256951  0.98611975 -0.09547551 -0.01020677 -0.0822058
  -0.06271031]
 [-0.06767561 -0.01517693  0.09796941  0.9864172   0.02359148  0.10892367
  -0.01232693]
 [ 0.01058761  0.00944942  0.01193789 -0.02687334  0.99904215  0.02569684
   0.01372651]
 [ 0.00545279 -0.01601861  0.07557916 -0.11470296 -0.03031908  0.9870345
   0.07542215]
 [ 0.02245561 -0.00657659  0.05979479  0.01696425 -0.01206173 -0.07920647
   0.9945703 ]]",53
5,6,7,0.9,0.8988006114959717,"[[ 9.97367382e-01  7.04103261e-02  3.66270728e-03 -9.45104985e-04
   7.68467784e-03 -1.18741738e-02  9.29164793e-03]
 [-6.99333772e-02  9.77208257e-01  1.96682721e-01  2.16387510e-02
   1.36283571e-02 -2.41415426e-02 -1.58879776e-02]
 [ 9.47994459e-03 -1.96192533e-01  9.74242032e-01 -5.45914099e-02
   9.32821184e-02 -1.60946399e-02 -1.81783512e-02]
 [ 4.84174956e-03 -3.19021232e-02  6.79061785e-02  9.75370884e-01
  -2.06227973e-01  1.55935865e-02 -1.50353927e-02]
 [-6.30368525e-03  1.24345161e-03 -7.68402442e-02  2.08511382e-01
   9.64112282e-01  1.22480504e-01  7.78673738e-02]
 [ 1.13123208e-02  2.15326026e-02  2.84015201e-02 -4.13813181e-02
  -1.12047642e-01  9.91588056e-01 -3.29831541e-02]
 [-9.30670090e-03  1.14852227e-02  2.88583804e-02 -3.59035633e-03
  -8.03523883e-02  2.29295529e-02  9.95968580e-01]]",53
6,7,7,0.9,0.9276434183120728,"[[ 0.986254    0.08121303  0.12890372  0.00922838 -0.05998219  0.00869016
  -0.01824207]
 [-0.10330629  0.9794059   0.16522168  0.00735329  0.00125136  0.02543031
  -0.04573108]
 [-0.10787656 -0.17771047  0.9693778  -0.08474302  0.07659866  0.04038108
  -0.04908108]
 [-0.01333285 -0.02364337  0.07227647  0.99327     0.07262086  0.02178745
  -0.04129966]
 [ 0.06886482  0.01823958 -0.07408808 -0.06647238  0.9923739   0.00380246
  -0.01402718]
 [ 0.0014073   0.01733852  0.04472708  0.01758883  0.00760974 -0.9984123
  -0.02241634]
 [ 0.0084498   0.03735203  0.0606536   0.03696296  0.01988467 -0.01819012
   0.9963744 ]]",53
7,8,7,0.9,0.9457839727401733,"[[ 9.93496239e-01 -1.04619928e-01  4.00684141e-02  1.47944726e-02
  -1.28888544e-02 -5.41508337e-03  1.52322158e-04]
 [ 9.52134356e-02  9.75142241e-01  1.78043470e-01  6.89877570e-02
   5.71526475e-02 -1.82550831e-03 -1.74195599e-02]
 [-5.69424257e-02 -1.72035277e-01  9.82439220e-01 -3.30599658e-02
   1.27432654e-02  2.56414730e-02  7.86876492e-03]
 [-2.28127111e-02 -7.04753324e-02  1.82929821e-02  9.94747818e-01
  -1.56174805e-02  6.63965791e-02 -1.54655660e-03]
 [ 8.25075991e-03 -5.54819740e-02 -2.34739333e-02  8.10984895e-03
   9.96098697e-01  6.30447194e-02 -7.03349011e-03]
 [-8.09992850e-03 -1.43886339e-02  2.46258341e-02  6.56844079e-02
   6.20757081e-02 -9.95015025e-01 -2.99701449e-02]
 [ 1.73646631e-03  1.74371917e-02 -4.03665891e-03  5.02698030e-03
   9.74599365e-03 -2.95267850e-02  9.99342024e-01]]",53
8,9,8,0.9,1.0449055433273315,"[[ 0.97589    -0.18528396 -0.09333032 -0.0321482  -0.05444333  0.00388196
  -0.02049868  0.01285295]
 [ 0.16946542  0.9753952  -0.12693903 -0.02793047 -0.03095898  0.02404693
  -0.01952552  0.0327718 ]
 [-0.11428307 -0.10856572 -0.9870666  -0.0024977   0.02152808 -0.00613293
  -0.00987017  0.01573633]
 [-0.00206508  0.00515423 -0.01316727  0.85382724 -0.51894283  0.00409253
  -0.03100608  0.0222488 ]
 [ 0.06773113  0.02541245  0.00734784  0.51169926  0.8472046   0.09694569
  -0.02914824  0.06980609]
 [-0.01342764 -0.02447933 -0.00453881 -0.04914032 -0.07769508  0.993372
   0.05466974 -0.03117229]
 [ 0.0241563   0.01541371 -0.01341362  0.04107573  0.00971829 -0.0501808
   0.9965778   0.03914041]
 [-0.02244981 -0.03127728  0.02115518 -0.05675428 -0.04925196  0.02544928
  -0.03367701  0.9953098 ]]",53
9,10,9,0.9,1.1792389154434204,"[[ 9.75246012e-01 -1.49269849e-01 -1.19473152e-01 -3.76516879e-02
   7.31074885e-02  1.62481926e-02 -4.09386642e-02 -6.02757484e-02
   2.08654348e-03]
 [ 1.25234365e-01  9.77592468e-01 -1.50156781e-01 -2.55743898e-02
   1.82412635e-03  4.14107367e-02 -4.40078937e-02 -3.84273902e-02
  -1.72267333e-02]
 [ 1.36512518e-01  1.34146556e-01  9.70574558e-01  1.12558886e-01
   7.83364549e-02 -3.86591218e-02 -2.97314748e-02 -1.28529845e-02
  -2.08610669e-03]
 [-2.10914947e-02 -4.55022370e-03 -1.28061906e-01  8.79164159e-01
   4.27483737e-01  1.56492755e-01 -2.55958494e-02 -4.75362279e-02
  -7.60483695e-03]
 [ 7.64577538e-02 -2.36878591e-03  1.30722262e-02  4.22474533e-01
  -8.95268679e-01  6.02699332e-02 -3.13280746e-02 -9.44802612e-02
   2.11349037e-02]
 [-1.06523875e-02 -2.95108035e-02  6.62919581e-02 -1.52482882e-01
  -1.61296502e-02  9.79594409e-01  6.54480234e-02  6.26414716e-02
  -5.74220270e-02]
 [ 3.92295308e-02  3.75915766e-02  1.17273303e-02  3.03175654e-02
   1.96144683e-04 -4.56733778e-02  9.79865670e-01 -1.76353231e-01
   5.16521372e-02]
 [-7.71463662e-03  1.20633487e-02  1.98997511e-03 -1.71561707e-02
   2.40379311e-02  6.18336834e-02 -5.47323935e-02 -3.04624066e-02
   9.95576143e-01]
 [ 8.10757056e-02  3.97543870e-02 -7.57422997e-03  9.68501791e-02
  -5.85587695e-02 -5.37548102e-02  1.62637562e-01  9.73440528e-01
   4.53093685e-02]]",53
10,11,9,0.9,1.5195538997650146,"[[-9.67493713e-01  1.68192625e-01  7.20612425e-03 -2.50192620e-02
   5.27108386e-02  5.06553939e-03  4.21808809e-02  1.71989739e-01
   2.87321955e-02]
 [-1.31594211e-01 -7.36302853e-01 -6.51811302e-01  1.27445143e-02
   3.21948603e-02 -1.12949185e-01  3.36773954e-02 -9.58388671e-03
   2.23767180e-02]
 [-9.41596478e-02 -6.17253900e-01  7.53369093e-01  1.45530915e-02
   5.71852624e-02 -1.58051237e-01  1.17819287e-01  2.42027818e-04
   1.49286492e-02]
 [-8.40044580e-03  5.21824621e-02 -8.22442584e-03 -8.93197954e-01
   3.68420593e-02 -3.77976030e-01 -9.94439647e-02 -2.09624380e-01
   3.57992910e-02]
 [ 6.02508299e-02  3.22987773e-02 -1.87621452e-02 -5.63073345e-03
   9.90921259e-01  1.13522075e-01  8.46742187e-03 -2.98814988e-03
   7.08761485e-03]
 [-1.30389761e-02 -4.62076738e-02  4.96679135e-02  1.52251452e-01
   4.04449366e-02 -2.40950480e-01 -9.29821253e-01  2.17791125e-01
  -1.88131388e-02]
 [-1.03511073e-01 -1.57009050e-01  6.48004934e-02 -1.73565879e-01
  -7.33360127e-02  7.34408855e-01 -3.16537172e-01 -4.30960804e-01
   3.15676987e-01]
 [-1.39654696e-01  1.84866916e-02  4.91225999e-03  1.66613534e-01
   2.16630287e-02 -7.62857944e-02 -8.62990990e-02 -6.41600907e-01
  -7.25935698e-01]
 [-6.06974810e-02  1.32936239e-01 -2.03763880e-02  3.46554279e-01
   4.63630967e-02 -4.50833172e-01  3.21485363e-02 -5.30626476e-01
   6.08383596e-01]]",53
0,1,6,0.9,0.8307433128356934,"[[ 0.9868337  -0.01602205  0.1571284   0.0041508   0.02483585 -0.02406675]
 [ 0.03598479  0.9910635  -0.11854575 -0.03986104 -0.02879986  0.0051721 ]
 [-0.15588953  0.1221022   0.97529    -0.05589997  0.06034195 -0.05322517]
 [-0.01033741  0.04541766  0.05376656  0.9961705  -0.04632426  0.02092742]
 [-0.01712471  0.023402   -0.07273775  0.05189136  0.9806586  -0.17170984]
 [ 0.01275693  0.00412468  0.04342011 -0.01485615  0.17628202  0.9831779 ]]",54
1,2,6,0.9,0.8956955671310425,"[[ 0.98644406 -0.07917804 -0.14280981 -0.01347278 -0.00218736 -0.00882703]
 [ 0.10693948  0.97065896  0.20698224 -0.04998448  0.00975783 -0.03082041]
 [ 0.12308837 -0.21726122  0.96449816  0.03308365  0.07286618  0.03140204]
 [ 0.01392093  0.05450471 -0.02791046  0.9958329   0.06379799 -0.01740712]
 [-0.0087093   0.00305303 -0.07139628 -0.06566397  0.995209    0.00803298]
 [ 0.0084604   0.03700803 -0.02511074  0.01518176 -0.00890127  0.9988085 ]]",54
2,3,6,0.9,0.9191397428512573,"[[ 0.91366297  0.3866978  -0.09362851  0.04243501  0.0103697   0.07078266]
 [-0.37300903  0.9182137   0.07357009 -0.09123982 -0.04677872 -0.04268816]
 [ 0.1096933  -0.03169079  0.9884199  -0.03399134  0.05365024  0.07717159]
 [-0.07127357  0.06547286  0.04401151  0.99291515 -0.04269153  0.0315169 ]
 [-0.04872348  0.04497902 -0.05667398  0.03385045  0.9852023   0.14360213]
 [-0.08122611  0.00584993 -0.06081394 -0.04114386 -0.14959861  0.98264813]]",54
3,4,6,0.9,0.8236068487167358,"[[ 0.99550855  0.07712638 -0.0390856   0.03002188 -0.00306921 -0.02399872]
 [-0.07445973  0.994645    0.05345044 -0.03190307 -0.03220521 -0.01500163]
 [ 0.04185679 -0.04847964  0.995911    0.01683811  0.05496262 -0.02746989]
 [-0.03250979  0.03229637 -0.01591627  0.9974314   0.04749308  0.02284312]
 [-0.00159403  0.03255362 -0.05412176 -0.04795928  0.99500537 -0.06060426]
 [ 0.02464068  0.01672381  0.02437511 -0.02505873  0.06034344  0.9971207 ]]",54
4,5,7,0.9,0.9124987125396729,"[[ 9.33409631e-01  3.39538693e-01  9.60183218e-02  5.21953888e-02
  -2.19231788e-02 -9.21671465e-03 -3.08299102e-02]
 [-3.43145132e-01  9.38511014e-01  2.95044258e-02 -9.13320482e-03
   4.75364155e-04  8.50736257e-03  2.05414910e-02]
 [-7.71048814e-02 -5.77693917e-02  9.82341409e-01 -1.09233700e-01
   1.54995685e-03 -9.51610282e-02 -6.87970817e-02]
 [-5.99188805e-02 -1.68292616e-02  1.14621855e-01  9.84464467e-01
  -4.79580695e-03  1.17219247e-01 -7.39561720e-03]
 [ 2.13553756e-02  6.56360947e-03  4.08268999e-03  4.12195502e-03
   9.99341607e-01  1.56002929e-02  2.32414342e-02]
 [ 1.25768930e-02 -9.27262474e-03  8.52664784e-02 -1.26562744e-01
  -1.65255200e-02  9.86923575e-01  4.66497801e-02]
 [ 2.91244332e-02 -1.26856994e-02  6.70095757e-02  7.40380539e-03
  -2.31728088e-02 -5.27758747e-02  9.95551884e-01]]",54
5,6,7,0.9,0.9193679094314575,"[[ 9.99666929e-01  9.20542050e-03  3.55148083e-03 -1.44938175e-02
   5.49221179e-04 -9.28914733e-03  1.64913516e-02]
 [-9.19594616e-03  9.64010835e-01  2.61426508e-01  2.84900330e-02
   7.80510250e-03 -2.58285031e-02 -2.67412011e-02]
 [-1.68249675e-03 -2.60625809e-01  9.59052622e-01 -4.42369990e-02
   9.77297798e-02 -2.38254257e-02 -1.46215465e-02]
 [ 1.48540055e-02 -4.16886508e-02  5.59746809e-02  9.73617256e-01
  -2.14832991e-01  2.62843706e-02 -1.15525806e-02]
 [ 2.39348924e-03  1.29651176e-02 -8.07089806e-02  2.15779543e-01
   9.63303924e-01  1.08543307e-01  8.37587640e-02]
 [ 8.62515718e-03  1.83346346e-02  3.68186794e-02 -4.97187041e-02
  -9.60085914e-02  9.93001938e-01 -2.21677478e-02]
 [-1.66678838e-02  2.07470302e-02  2.93079335e-02 -7.60744140e-03
  -8.40390101e-02  1.23938760e-02  9.95569527e-01]]",54
6,7,7,0.9,0.944142758846283,"[[ 0.9878794   0.01927751  0.14150082  0.00952183 -0.05661736  0.00349703
  -0.0197934 ]
 [-0.05381904  0.9685227   0.23794302  0.02566201  0.00317515  0.02484512
  -0.03412347]
 [-0.12758814 -0.24243666  0.9532971  -0.07324324  0.08115     0.04295543
  -0.04873631]
 [-0.01119003 -0.04186935  0.05280704  0.99171627  0.10182527  0.02045532
  -0.03232789]
 [ 0.06795641  0.02153524 -0.07813264 -0.09645397  0.989434   -0.00230885
  -0.02291808]
 [-0.0039647   0.01248131  0.04772481  0.01760123  0.00268844 -0.9984125
  -0.02015765]
 [ 0.01265196  0.02106937  0.0584318   0.0277811   0.02905051 -0.01655575
   0.9970416 ]]",54
7,8,7,0.9,0.9635823369026184,"[[ 9.9832970e-01 -4.8834372e-02 -2.5079014e-02  9.5350994e-03
   9.8828506e-03  3.2691611e-03  1.1175347e-02]
 [ 4.4180766e-02  9.8208618e-01 -1.5958834e-01  6.0165044e-02
  -6.5630257e-02  8.6202649e-03 -9.2099356e-03]
 [-3.2175399e-02 -1.5895686e-01 -9.8605967e-01 -1.0189381e-02
  -1.5957341e-02 -3.2006744e-02 -9.6663897e-04]
 [-1.2194777e-02 -5.7372902e-02  1.3479103e-03  9.9461472e-01
   3.3593968e-02 -7.7293128e-02 -1.4019624e-02]
 [ 7.3084552e-03 -6.3697860e-02  2.7308755e-02  2.6613761e-02
  -9.9623495e-01 -4.4152092e-02  1.2688672e-03]
 [-5.2579115e-03 -2.0782173e-02 -2.8911397e-02  7.7446461e-02
  -4.1559312e-02  9.9545819e-01 -6.5194247e-03]
 [-1.0997901e-02  8.5799452e-03 -2.3474565e-03  1.4856335e-02
   7.3398184e-04  5.4753828e-03  9.9977434e-01]]",54
8,9,7,0.9,0.9626182317733765,"[[ 0.97119296 -0.21900955 -0.06569535 -0.03506229 -0.0537449  -0.01138104
  -0.01599128]
 [ 0.20196204  0.9597806  -0.19204478 -0.02444889 -0.00256058 -0.01772871
  -0.0152554 ]
 [ 0.10233246  0.17379056  0.97813857 -0.01184908 -0.04828916 -0.00522878
   0.00837118]
 [ 0.00653245  0.01518364 -0.01611041  0.8771042  -0.4767153  -0.03360826
  -0.04205298]
 [-0.06944299 -0.00712383 -0.04024755 -0.4744932  -0.8756863   0.03919007
   0.0010126 ]
 [ 0.01759778  0.01593547  0.00237633  0.04615706  0.01798331  0.9980006
  -0.03117129]
 [ 0.01867944  0.01084514 -0.01275217  0.0380324  -0.01912588  0.02929564
   0.9983488 ]]",54
9,10,8,0.9,1.117108702659607,"[[ 9.81388628e-01 -1.58944637e-01 -8.92413631e-02  2.78598280e-03
  -5.76773062e-02  1.11240186e-02 -1.34858461e-02 -2.97811837e-03]
 [ 1.38447583e-01  9.66829896e-01 -2.05282822e-01 -2.45401878e-02
   2.13567447e-02  2.67836340e-02 -4.07893844e-02  2.21765582e-02]
 [ 1.15725055e-01  1.89390019e-01  9.68620181e-01 -7.94444159e-02
  -6.12987354e-02 -4.74006608e-02 -1.21835144e-02 -7.05615105e-03]
 [-2.22920980e-02 -3.72282825e-02 -7.49467462e-02 -9.70783472e-01
  -1.83205515e-01  1.27862081e-01 -1.86107901e-03  1.27772707e-02]
 [ 5.84569536e-02 -2.44639274e-02  4.53285277e-02 -1.87084183e-01
   9.78826225e-01  1.15807792e-02  2.58492846e-02  5.09494869e-03]
 [ 7.12017249e-03  1.10065946e-02 -6.23870417e-02 -1.24711454e-01
  -9.38350242e-03 -9.89739180e-01  5.01577556e-03 -2.61949152e-02]
 [ 1.85331721e-02  4.20414545e-02  1.28451822e-04  6.37824356e-04
  -2.57119164e-02  8.59352853e-03  9.92934167e-01 -1.05997629e-01]
 [-2.82491534e-03  1.53303677e-02 -1.02928448e-02 -1.02147553e-02
   6.73811510e-03  2.77796593e-02 -1.06728382e-01 -9.93649185e-01]]",54
10,11,8,0.9,1.4908239841461182,"[[ 9.77542698e-01  1.83112189e-01 -1.25858150e-02 -1.43030426e-02
  -2.45216154e-02 -2.13162769e-02  1.87974200e-02  9.54373330e-02]
 [ 1.49244621e-01 -8.52949500e-01 -4.82547909e-01  1.16686411e-02
   5.23037687e-02 -9.11194831e-02  7.47292116e-02  2.43260805e-02]
 [ 9.22120288e-02 -4.45440114e-01  8.68049324e-01  6.11073449e-02
   8.24442953e-02 -1.25795007e-01  1.14877582e-01  4.23579430e-03]
 [ 3.33874603e-03 -3.76271382e-02 -2.00027134e-03  8.68483245e-01
  -2.78389931e-01  3.67392510e-01  8.04297015e-05  1.78403422e-01]
 [ 2.96869483e-02  2.24295184e-02 -1.73097029e-02  1.29820213e-01
   9.08479214e-01  3.78475994e-01 -1.13041036e-01  1.02849519e-02]
 [ 6.68168068e-03 -4.93456870e-02  3.00386902e-02  1.26669064e-01
   1.99285354e-02 -3.62974167e-01 -9.08445179e-01  1.52160868e-01]
 [ 1.07452117e-01 -1.41111553e-01  6.99022338e-02 -1.45919576e-01
  -2.24120051e-01  5.09568095e-01 -3.38624805e-01 -7.19587743e-01]
 [-3.39159481e-02 -1.27529949e-01  8.59487504e-02 -4.32979465e-01
  -1.90796971e-01  5.52980304e-01 -1.67772636e-01  6.46056533e-01]]",54
0,1,6,0.9,0.834935188293457,"[[ 9.87223327e-01 -8.87405425e-02  1.28545597e-01  2.86220154e-03
   2.36965418e-02 -2.05355547e-02]
 [ 9.89497229e-02  9.91320014e-01 -6.89665899e-02 -4.56133075e-02
  -2.48127989e-02  6.39439933e-03]
 [-1.23335116e-01  8.03465694e-02  9.84913707e-01 -4.77860831e-02
   5.42183444e-02 -5.52707687e-02]
 [-3.49265896e-03  4.86275740e-02  4.66743186e-02  9.97106493e-01
  -2.87292376e-02  1.99478995e-02]
 [-1.64285824e-02  2.42722575e-02 -6.60058931e-02  3.35452370e-02
   9.82273281e-01 -1.69700116e-01]
 [ 1.02748172e-02 -5.81026135e-04  4.61465158e-02 -1.67647805e-02
   1.73772931e-01  9.83507276e-01]]",55
1,2,6,0.9,0.8896682262420654,"[[ 0.9869397  -0.01835759 -0.15915032 -0.00997814 -0.00755899 -0.01128985]
 [ 0.047584    0.9805908   0.18550073 -0.03813417  0.00228363 -0.01753655]
 [ 0.15353343 -0.18867701  0.966608    0.03343607  0.06809705  0.02724186]
 [ 0.00640273  0.04431606 -0.03109701  0.9968196   0.0577809   0.00633463]
 [-0.00353005  0.00782149 -0.06578118 -0.06005882  0.9959578  -0.00775892]
 [ 0.00773135  0.02192285 -0.02520545 -0.00847812  0.00546463  0.9993611 ]]",55
2,3,6,0.9,0.9090078473091125,"[[ 0.9447335   0.30554637 -0.07828398  0.06399031  0.02778092  0.05590199]
 [-0.294135    0.9492013   0.06223696 -0.07038262 -0.05672938 -0.02135633]
 [ 0.09177982 -0.03571238  0.98943424 -0.05806847  0.05894463  0.06689294]
 [-0.08148745  0.04920777  0.06140158  0.9903997   0.07589176  0.022738  ]
 [-0.04604399  0.04422801 -0.06115949 -0.07930535  0.9917278   0.04868219]
 [-0.06147647  0.00232045 -0.05922445 -0.01996442 -0.0570255   0.9945136 ]]",55
3,4,6,0.9,0.8274631500244141,"[[ 0.98042893  0.19027087 -0.02532822  0.02319714 -0.02868487 -0.02352995]
 [-0.19094008  0.980998    0.00377274 -0.01666951 -0.02847023 -0.0090708 ]
 [ 0.02693941  0.00192618  0.9975019  -0.03510801  0.0473615  -0.02801594]
 [-0.02330774  0.01405832  0.03382921  0.9973288   0.05364281  0.02392416]
 [ 0.02088572  0.03151939 -0.05177781 -0.04973481  0.9935372  -0.07937035]
 [ 0.02440898  0.01565991  0.02255896 -0.02851517  0.07829304  0.99584496]]",55
4,5,6,0.9,0.8093318939208984,"[[ 0.92636245  0.35704288  0.10410511  0.05694123 -0.01332301 -0.01074002]
 [-0.36594325  0.92844605  0.05236564  0.03342785 -0.01410158  0.00388638]
 [-0.07374388 -0.08090409  0.98109466 -0.11848198 -0.07233069 -0.07873914]
 [-0.04873778 -0.0605179   0.12240509  0.98283356  0.08546692  0.07558276]
 [ 0.00670304  0.01714125  0.06785499 -0.09772307  0.9910151   0.05827755]
 [ 0.0089271  -0.00258885  0.06546637 -0.07804253 -0.07054397  0.9922503 ]]",55
5,6,6,0.9,0.8425854444503784,"[[ 9.9795645e-01  5.2530110e-02 -3.0819694e-02  1.6874311e-04
   1.9265551e-02  1.6108834e-03]
 [-4.7394399e-02  9.8787212e-01  1.4540958e-01 -7.9340709e-04
  -3.6908919e-03 -2.6538132e-02]
 [ 3.7051871e-02 -1.4336951e-01  9.8509675e-01 -7.1795963e-02
   4.8990157e-02 -1.0104136e-02]
 [ 5.1632752e-03 -1.0194850e-02  7.6905787e-02  9.8862910e-01
  -1.2702724e-01  2.0775972e-02]
 [-2.0906873e-02  1.1928191e-02 -3.5549980e-02  1.2586793e-01
   9.8023349e-01  1.4648004e-01]
 [ 4.6955046e-04  2.3414856e-02  1.7673353e-02 -4.0182225e-02
  -1.4220256e-01  9.8858637e-01]]",55
6,7,6,0.9,0.862522542476654,"[[ 0.989167    0.08703183  0.09710857  0.02631332 -0.06091065 -0.01189948]
 [-0.10589644  0.97818476  0.17217524  0.01059281 -0.03753537 -0.02784257]
 [-0.07415406 -0.17680277  0.97269386 -0.12012605  0.0464505  -0.02281895]
 [-0.02598341 -0.02738828  0.10781999  0.98389345  0.13728966 -0.00741129]
 [ 0.06401632  0.0543318  -0.04868351 -0.1292619   0.9867331  -0.01513132]
 [ 0.00791286  0.02487692  0.02823194  0.0032057   0.01525125  0.99913895]]",55
7,8,6,0.9,0.8633067607879639,"[[ 9.8812503e-01 -1.4710227e-01 -4.4249527e-02  1.0553950e-03
   3.1897344e-03  7.1544311e-04]
 [ 1.2580040e-01  9.3954653e-01 -3.0859011e-01  3.6709454e-02
   6.8458475e-02 -1.2829788e-02]
 [-8.6772345e-02 -2.9758376e-01 -9.4930798e-01 -2.8036756e-02
  -1.2655668e-02  4.2220175e-02]
 [-8.7731164e-03 -4.6189338e-02 -1.1247431e-02  9.9147427e-01
   8.4003784e-02  8.7093093e-02]
 [-1.1668589e-02 -6.1272856e-02  1.3603548e-02 -9.4079837e-02
   9.8993474e-01  8.4277116e-02]
 [ 6.3712941e-03  3.4195751e-02  3.6288690e-02 -7.7414483e-02
  -9.0087108e-02  9.9164736e-01]]",55
8,9,7,0.9,0.9422357678413391,"[[ 0.9642233  -0.2534414  -0.05524322  0.01646516 -0.04959784 -0.00444041
  -0.01543247]
 [ 0.24487658  0.96350014 -0.08068924  0.02825491 -0.05567582 -0.03218444
  -0.01607121]
 [ 0.07560019  0.06554551  0.9946036   0.00379249  0.02563695 -0.00155623
   0.00882792]
 [-0.0131257  -0.01700153 -0.00594636  0.98424256  0.17315592 -0.01917624
  -0.02047581]
 [ 0.0606686   0.03898327 -0.03167118 -0.17280462  0.97423035 -0.12050635
  -0.01698788]
 [-0.01828807 -0.03386514  0.00454106  0.00207139 -0.11833367 -0.9901062
   0.06465758]
 [ 0.02014794  0.01353556 -0.01191557  0.01780706  0.02593119  0.06117335
   0.99726486]]",55
9,10,7,0.9,1.0014307498931885,"[[ 9.6880770e-01 -2.1970794e-01 -8.5794032e-02 -6.7871861e-02
   1.7187892e-02  1.5144658e-02 -2.5457062e-02]
 [ 1.9582139e-01  9.5626730e-01 -2.1071063e-01 -2.4534460e-02
  -1.9304734e-02  4.0359359e-02 -1.4297131e-02]
 [ 1.2958646e-01  1.9017579e-01  9.6752119e-01  3.5736986e-02
   9.4870813e-02 -2.1430263e-02 -1.4368208e-02]
 [-7.0422143e-02 -7.8081281e-04 -1.6466256e-02 -8.1255174e-01
   5.7560897e-01  4.2256489e-02 -3.7646867e-02]
 [ 1.5000568e-02 -2.4380878e-04 -9.8000526e-02  5.7400149e-01
   7.9826438e-01  1.5316167e-01  2.9696054e-03]
 [ 1.9234555e-02  3.1495750e-02 -4.6941388e-02  5.1704850e-02
   1.4593722e-01 -9.8610640e-01 -7.5886548e-03]
 [ 2.6808931e-02  1.1035629e-02  8.0300327e-03 -3.3509914e-02
   2.1959439e-02 -5.6998394e-03  9.9872786e-01]]",55
10,11,7,0.9,1.4639363288879395,"[[-0.97529054  0.18829006 -0.00991282 -0.04410676 -0.08287573 -0.04083842
  -0.05268151]
 [-0.1743193  -0.8355096  -0.47788742  0.07053889  0.01642879  0.12784146
   0.14687143]
 [-0.09609105 -0.45242545  0.86754036  0.10459714 -0.11840016  0.0070573
   0.09188376]
 [-0.03515654  0.06734769 -0.0370292   0.951093    0.22242087 -0.13752143
  -0.14105368]
 [ 0.07332962  0.07861172 -0.09906039  0.23969452 -0.9076938   0.30463347
  -0.06683605]
 [-0.02872586 -0.01878892  0.08229879 -0.03326971  0.27911648  0.7731856
  -0.56144446]
 [ 0.04182367 -0.22519636 -0.03069209 -0.13784105 -0.16600631 -0.5219285
  -0.79222965]]",55
0,1,6,0.9,0.8275092840194702,"[[ 9.8423672e-01 -2.5775703e-02  1.7119770e-01 -5.5034518e-05
   2.6954427e-02 -2.4050707e-02]
 [ 4.1176587e-02  9.9468738e-01 -8.2447268e-02 -3.5746418e-02
  -2.8742276e-02  4.9793671e-05]
 [-1.7047878e-01  8.7634102e-02  9.7654414e-01 -5.7695288e-02
   5.8978651e-02 -5.3024296e-02]
 [-7.4655218e-03  3.9821241e-02  5.6998853e-02  9.9679488e-01
  -3.5773855e-02  1.5163683e-02]
 [-1.7892502e-02  2.4699504e-02 -7.1206547e-02  4.0714335e-02
   9.8247844e-01 -1.6455351e-01]
 [ 1.1984344e-02  7.5546922e-03  4.4001125e-02 -1.1654465e-02
   1.6859770e-01  9.8453146e-01]]",56
1,2,6,0.9,0.8779779672622681,"[[ 9.8738182e-01 -4.2229399e-02 -1.5191507e-01 -1.3613947e-02
   2.5295957e-03 -4.8677428e-03]
 [ 6.7505881e-02  9.8052049e-01  1.7247380e-01 -5.8757659e-02
   7.8638755e-03 -2.7585521e-02]
 [ 1.4213441e-01 -1.7787986e-01  9.7008282e-01  3.7369728e-02
   6.9059633e-02  3.0496595e-02]
 [ 1.1607154e-02  6.3957997e-02 -3.0911814e-02  9.9669683e-01
   3.7417207e-02 -3.8115797e-03]
 [-1.3329278e-02  2.1682258e-03 -6.6917658e-02 -3.9504461e-02
   9.9686885e-01 -5.6153396e-03]
 [ 2.3053463e-03  3.2551963e-02 -2.6082506e-02  7.5102667e-04
   3.8669086e-03  9.9911922e-01]]",56
2,3,6,0.9,0.9004474878311157,"[[ 0.92987883  0.34800014 -0.08283125  0.04806666  0.01358677  0.06975182]
 [-0.33507368  0.9335449   0.06917818 -0.08483121 -0.05135519 -0.04000427]
 [ 0.09560015 -0.03494979  0.98951817 -0.02689329  0.05357376  0.08306295]
 [-0.07242907  0.06132384  0.03567766  0.99433213 -0.02378261  0.02141463]
 [-0.05298061  0.04875357 -0.06157587  0.01463452  0.97718805  0.18950973]
 [-0.07654235  0.00556277 -0.06436311 -0.02931758 -0.19709344  0.97481406]]",56
3,4,6,0.9,0.8166154026985168,"[[ 0.99439454  0.09009896 -0.03425772  0.03865508 -0.00728747 -0.01846138]
 [-0.08775709  0.99329376  0.05314729 -0.026319   -0.04359717 -0.01575205]
 [ 0.03769939 -0.04791319  0.9964182   0.0192956   0.04641015 -0.03012656]
 [-0.04104472  0.02518922 -0.01699346  0.9981071   0.02466168  0.02379216]
 [ 0.00131562  0.0444611  -0.0459421  -0.02473313  0.99508244 -0.07148357]
 [ 0.01925102  0.01851175  0.02744222 -0.02472358  0.07137864  0.9964073 ]]",56
4,5,7,0.9,0.8942235112190247,"[[ 0.9369066   0.3297217   0.08959921  0.06493896 -0.01914632 -0.00514291
  -0.02918143]
 [-0.33220747  0.9426201   0.01770348 -0.00905646 -0.00505185  0.01785653
   0.01912081]
 [-0.07483242 -0.04282881  0.9855547  -0.0971588   0.00480015 -0.08738649
  -0.06440868]
 [-0.07086023 -0.0195687   0.10102858  0.9845334  -0.00971027  0.12200652
  -0.01016185]
 [ 0.01628613  0.0109796  -0.00122274  0.01163958  0.99964833 -0.00101776
   0.01339088]
 [ 0.01481935 -0.01739159  0.07901917 -0.12899183  0.00175057  0.9864119
   0.05986175]
 [ 0.02717295 -0.01051388  0.06235567  0.013443   -0.01380648 -0.06421195
   0.9953735 ]]",56
5,6,7,0.9,0.9030234217643738,"[[ 0.9979801   0.06027048 -0.00494933 -0.00414436  0.00474445 -0.00289735
   0.01818306]
 [-0.05698002  0.96976227  0.23232976  0.02710276  0.01413086 -0.02726687
  -0.0256814 ]
 [ 0.01845761 -0.23198998  0.9666883  -0.03312868  0.09805476 -0.01870998
  -0.01707402]
 [ 0.00773851 -0.03459614  0.04703674  0.9742426  -0.21573551  0.02483372
  -0.01495158]
 [-0.00559022  0.00560547 -0.08486468  0.21541046  0.96151227  0.12232892
   0.08284602]
 [ 0.00249239  0.02233048  0.033409   -0.05079937 -0.10962902  0.9914972
  -0.02670522]
 [-0.01873438  0.01955163  0.03133059 -0.00445053 -0.08424331  0.01581996
   0.9954487 ]]",56
6,7,7,0.9,0.934489369392395,"[[ 9.9081755e-01  3.7284467e-02  1.1414290e-01 -3.1816536e-03
  -5.8816787e-02  4.3933527e-03 -1.9313505e-02]
 [-6.3386478e-02  9.7094887e-01  2.2398660e-01  1.8249171e-02
  -2.2022761e-03  2.9258763e-02 -4.3318812e-02]
 [-9.8347202e-02 -2.2980154e-01  9.5963216e-01 -7.2040491e-02
   8.4135331e-02  3.9347090e-02 -5.2993964e-02]
 [-1.6605025e-04 -3.4801397e-02  5.8427766e-02  9.9510384e-01
   5.0797291e-02  2.6860096e-02 -4.2913314e-02]
 [ 6.6604160e-02  2.5062770e-02 -7.8174286e-02 -4.5656811e-02
   9.9317753e-01 -9.2590442e-03 -1.5893530e-02]
 [-2.2680443e-03  1.7728198e-02  4.5737252e-02  2.3999957e-02
  -5.3232145e-03 -9.9813616e-01 -2.6617507e-02]
 [ 1.2217752e-02  3.0097682e-02  6.5502279e-02  3.9684035e-02
   2.1133836e-02 -2.2212399e-02  9.9606198e-01]]",56
7,8,7,0.9,0.9436047077178955,"[[ 9.9515307e-01 -9.1502108e-02  3.0887473e-02  9.6833277e-03
  -1.4566904e-02  2.8288336e-03  5.4631834e-03]
 [ 8.4488221e-02  9.7620976e-01  1.7540540e-01  7.3442318e-02
   5.8932710e-02  1.1589565e-02 -1.0395094e-02]
 [-4.5743417e-02 -1.7142656e-01  9.8332500e-01 -2.5889773e-02
   1.6507268e-02 -2.5057232e-02  4.6575489e-03]
 [-1.6610010e-02 -7.4552380e-02  1.0605156e-02  9.9443513e-01
   8.8660757e-04 -7.1504325e-02 -6.2261033e-03]
 [ 1.0550355e-02 -5.5279531e-02 -2.7045829e-02 -7.3448084e-03
   9.9728024e-01 -3.8366903e-02 -2.7583432e-03]
 [-5.6791673e-03 -2.3042599e-02  2.2362523e-02  6.9443159e-02
   3.8185015e-02  9.9620873e-01 -1.4978808e-02]
 [-4.5057633e-03  1.0486577e-02 -2.5994538e-03  8.0442149e-03
   3.9444934e-03  1.4595914e-02  9.9978483e-01]]",56
8,9,8,0.9,1.0581715106964111,"[[ 0.96686226 -0.23352468 -0.07619713 -0.04634392 -0.04196041 -0.0059095
  -0.02437652  0.01732007]
 [ 0.21578623  0.95996946 -0.17347969 -0.01600679 -0.01367375 -0.0185283
  -0.01830344  0.02604282]
 [-0.11243787 -0.15168856 -0.98129576  0.01010195  0.03279608  0.00667812
  -0.0122409   0.00590955]
 [ 0.0064779  -0.00193973 -0.01309652  0.7730031  -0.6319417  -0.02192971
  -0.03720399  0.03214955]
 [ 0.06518331  0.00770673  0.02377358  0.62530625  0.7715855  -0.05940181
  -0.01495796  0.07086665]
 [ 0.01306606  0.01709684  0.00477932  0.05089905  0.03096413  0.99706626
  -0.03303694  0.02705541]
 [ 0.02539264  0.00878098 -0.0160907   0.03238184 -0.01477255  0.02889653
   0.9943653   0.09030453]
 [-0.02941111 -0.02197456  0.01179117 -0.07289039 -0.03324404 -0.02432028
  -0.08636627  0.9919901 ]]",56
9,10,8,0.9,1.2923504114151,"[[ 0.9775785  -0.15843813 -0.10781177  0.02979065  0.06178153  0.01418225
  -0.03311128 -0.04015268]
 [ 0.13980307  0.9747223  -0.16580272 -0.02198411 -0.00475048  0.02620922
  -0.03663262  0.01860378]
 [ 0.127594    0.14654109  0.9728026  -0.0801543   0.08333404 -0.04414716
  -0.01883358 -0.0150916 ]
 [-0.00449418 -0.03852289 -0.08540805 -0.9592979   0.2166292   0.14909767
  -0.02020635 -0.03717665]
 [ 0.0697183  -0.0091735   0.05536652 -0.22210367 -0.96860474 -0.00783827
  -0.00872981 -0.0657787 ]
 [ 0.00638528  0.0119309  -0.0637988  -0.13488194  0.04102094 -0.98433733
  -0.03618701 -0.07510809]
 [ 0.03465792  0.03564046  0.00389583 -0.01946952  0.00723741 -0.02273967
   0.9891976  -0.1343613 ]
 [-0.04891103  0.01893595 -0.00979105  0.06363755  0.0485529   0.07371774
  -0.13000412 -0.98407865]]",56
10,11,9,0.9,1.5059940814971924,"[[-0.9722687   0.16550866 -0.00130489 -0.01743782  0.0400706  -0.0068601
   0.02717002  0.1363342  -0.07756913]
 [-0.1393365  -0.8477976  -0.4993032   0.00424296 -0.00423571 -0.085917
   0.06973246  0.00624714 -0.0142041 ]
 [-0.08034533 -0.47243044  0.8600925   0.07271711 -0.00409446 -0.10952368
   0.11443604 -0.01263092 -0.00631664]
 [ 0.01453155 -0.02203392 -0.02836548  0.87495065  0.14766796  0.4106995
  -0.00421088  0.20414074 -0.02808982]
 [ 0.04279396  0.01943884 -0.01026588 -0.05584534  0.9718586  -0.21671823
   0.04751995 -0.02820498  0.00609463]
 [-0.00227358 -0.03821832  0.02600513  0.16287947 -0.03938647 -0.4380708
  -0.860685    0.18764533 -0.04337457]
 [-0.0899931  -0.12311155  0.06555554 -0.18074499  0.13672893  0.59652704
  -0.44772243 -0.5618498  -0.22160473]
 [-0.09132881 -0.04335685  0.02027049 -0.0487442   0.04071446  0.1702829
  -0.14990582 -0.02865584  0.9659428 ]
 [ 0.1016681  -0.10628028  0.0681238  -0.40516463  0.10070229  0.4338065
  -0.12378146  0.7661843  -0.09423212]]",56
0,1,6,0.9,0.8267099261283875,"[[ 0.98593175 -0.01044593  0.16268021 -0.00104393  0.02761418 -0.02451439]
 [ 0.02888538  0.99294126 -0.10571901 -0.0340879  -0.02942848  0.00535895]
 [-0.16286585  0.10874757  0.9759424  -0.05545532  0.05810881 -0.05227985]
 [-0.00593453  0.03885767  0.0548179   0.99664205 -0.04285819  0.01782285]
 [-0.01964444  0.02469757 -0.07061622  0.04798689  0.9820868  -0.16498554]
 [ 0.01256042  0.00354551  0.04362836 -0.01278709  0.16930288  0.9844284 ]]",57
1,2,6,0.9,0.8869277238845825,"[[ 9.8274463e-01 -8.4780112e-02 -1.6325603e-01 -1.5938479e-02
   7.6906297e-05 -1.0891983e-02]
 [ 1.1614760e-01  9.7034681e-01  2.0241790e-01 -5.5524893e-02
   1.4420514e-02 -2.5938079e-02]
 [ 1.4218275e-01 -2.1603560e-01  9.6274096e-01  3.4267120e-02
   6.4407267e-02  3.0333383e-02]
 [ 1.6802844e-02  5.9494000e-02 -2.5750473e-02  9.9720579e-01
   2.6290901e-02 -2.0107903e-02]
 [-1.1304447e-02 -1.3977099e-03 -6.4597353e-02 -2.7560044e-02
   9.9744451e-01  6.5148515e-03]
 [ 9.8259300e-03  3.2038562e-02 -2.5855917e-02  1.7597038e-02
  -7.5565036e-03  9.9892026e-01]]",57
2,3,6,0.9,0.9150750041007996,"[[ 0.9454246   0.30309573 -0.08271012  0.04511777  0.01447151  0.0722446 ]
 [-0.29120892  0.94847095  0.05458043 -0.09250721 -0.05133501 -0.03779405]
 [ 0.08982878 -0.02640671  0.99019283 -0.03396399  0.05888633  0.078298  ]
 [-0.06925303  0.07263725  0.04156763  0.9927339  -0.03670541  0.03649799]
 [-0.04871888  0.05021235 -0.06303135  0.02682342  0.9852082   0.14063215]
 [-0.07830029  0.00641414 -0.06322537 -0.04486825 -0.1473264   0.9829101 ]]",57
3,4,6,0.9,0.8246335387229919,"[[ 0.9873619   0.14369789 -0.05057167  0.03198208 -0.01289656 -0.0268456 ]
 [-0.13940191  0.98588073  0.07448759 -0.03833707 -0.03496555 -0.01912036]
 [ 0.05980785 -0.0644523   0.994208    0.01830175  0.05453465 -0.02258971]
 [-0.03773357  0.03608834 -0.01568711  0.99779314  0.03748663  0.00560676]
 [ 0.00466249  0.03741781 -0.0529634  -0.03911725  0.9956872  -0.05338477]
 [ 0.02571006  0.02309907  0.01983044 -0.00715972  0.05328093  0.99775857]]",57
4,5,6,0.9,0.8333823680877686,"[[ 9.16847408e-01  3.83243620e-01  9.35101062e-02  5.51998317e-02
  -2.21981984e-02 -1.52112944e-02]
 [-3.87193799e-01  9.21604991e-01  2.10668892e-02 -9.33627598e-04
  -5.44266310e-03  1.58391595e-02]
 [-7.34251961e-02 -5.18212505e-02  9.84663308e-01 -1.14794657e-01
   7.72565138e-04 -9.58283916e-02]
 [-5.79487123e-02 -2.83096004e-02  1.20761745e-01  9.82801378e-01
  -1.39573077e-02  1.23141192e-01]
 [ 1.74858440e-02  1.31797427e-02  3.06297559e-03  1.51184397e-02
   9.99640882e-01  8.96252284e-04]
 [ 2.04183310e-02 -1.03892870e-02  8.15933049e-02 -1.32842630e-01
   6.53533498e-04  9.87506986e-01]]",57
5,6,6,0.9,0.8491281270980835,"[[ 0.9989544   0.04462316  0.00292554 -0.00639234  0.00505745 -0.00488224]
 [-0.04405121  0.97129464  0.23046926  0.02693785  0.00482362 -0.02795059]
 [ 0.0066822  -0.22962847  0.9683607  -0.0295275   0.09109925 -0.01824203]
 [ 0.00877512 -0.03403468  0.03893645  0.98255324 -0.17353566  0.04150975]
 [-0.00357648  0.01307942 -0.08094727  0.17042762  0.97395396  0.12502755]
 [ 0.0038868   0.02316995  0.03293119 -0.0624911  -0.11380348  0.9907105 ]]",57
6,7,7,0.9,0.9410971999168396,"[[ 9.92736340e-01  2.04158295e-02  1.00447245e-01  1.10668840e-03
  -6.10586889e-02  9.65251762e-04 -1.54223023e-02]
 [-4.50629555e-02  9.69025791e-01  2.37584740e-01  1.43394219e-02
  -7.71566806e-03  2.95180921e-02 -3.70864533e-02]
 [-8.77763629e-02 -2.40061671e-01  9.58009124e-01 -8.30552205e-02
   7.95446783e-02  3.82752232e-02 -4.68371622e-02]
 [-2.33229459e-03 -3.26714627e-02  6.76012039e-02  9.92293537e-01
   8.94281194e-02  2.28567421e-02 -3.45085822e-02]
 [ 6.77676946e-02  3.06185856e-02 -7.58897737e-02 -8.32415149e-02
   9.90504026e-01 -1.67504400e-02 -2.00699251e-02]
 [-5.10655669e-03  1.77931692e-02  4.57267500e-02  2.08636485e-02
  -1.22291725e-02 -9.98291254e-01 -1.98990647e-02]
 [ 1.07369954e-02  2.49222610e-02  5.71161546e-02  2.97322627e-02
   2.52932739e-02 -1.65582076e-02  9.97097492e-01]]",57
7,8,7,0.9,0.9425468444824219,"[[ 9.94647622e-01 -1.00913160e-01 -1.61622837e-02  5.10851713e-03
  -7.37410598e-03 -4.72419953e-04  1.22724604e-02]
 [ 9.56576318e-02  9.71113205e-01 -1.95986047e-01  6.36002570e-02
   7.03823417e-02  1.71750411e-02 -9.20222793e-03]
 [-3.52603532e-02 -1.93168804e-01 -9.79811251e-01 -2.29987316e-02
   1.14385085e-02 -2.68616285e-02 -5.57652302e-03]
 [-1.16474815e-02 -6.33642152e-02 -8.07298999e-03  9.93907809e-01
  -1.05474778e-02 -8.77328366e-02 -1.11004813e-02]
 [ 8.86734459e-04 -6.69469759e-02  2.54081804e-02  4.21903329e-03
   9.97027874e-01 -2.71076374e-02  7.38883717e-03]
 [-3.21450876e-03 -2.93657556e-02 -2.31408235e-02  8.60905722e-02
   2.52691824e-02  9.95239973e-01  6.24729600e-03]
 [-1.16417035e-02  9.07456502e-03 -7.20361900e-03  1.08607681e-02
  -6.84150262e-03 -6.97876699e-03  9.99758363e-01]]",57
8,9,7,0.9,0.9473158717155457,"[[ 0.96373814 -0.25095564 -0.06698931 -0.04423422 -0.03875335 -0.00808213
  -0.01478948]
 [ 0.23432095  0.95438004 -0.1825262  -0.01994341 -0.00572905 -0.01740432
  -0.01425606]
 [ 0.10726206  0.16039537  0.97987443 -0.01585373 -0.04758841 -0.00790142
   0.00599578]
 [ 0.0088786   0.00495195 -0.02027255  0.7707724  -0.63434726 -0.04386351
  -0.03278896]
 [ 0.06463188  0.00862603  0.03869731  0.63165617  0.770043   -0.04710238
   0.00874213]
 [ 0.0158874   0.01634806  0.00515362  0.06252927  0.0081674   0.9975546
  -0.01902628]
 [ 0.01699568  0.00933973 -0.01038314  0.02011689 -0.02777288  0.01765042
   0.9990138 ]]",57
9,10,8,0.9,1.1124271154403687,"[[ 9.79455769e-01 -1.62836239e-01 -1.02697574e-01  1.48419123e-02
   5.27600199e-02  1.23883067e-02 -1.45403277e-02 -1.53351622e-02]
 [ 1.44478202e-01  9.72009957e-01 -1.73150584e-01 -3.23616005e-02
  -1.89887807e-02  2.83307359e-02 -3.70789133e-02  2.74966750e-02]
 [ 1.24213316e-01  1.55766949e-01  9.73165452e-01 -5.84097691e-02
   8.94537196e-02 -4.05914448e-02 -1.01079941e-02 -9.65439901e-03]
 [-1.32933548e-02 -4.10568789e-02 -6.51571304e-02 -9.58881915e-01
   2.36256212e-01  1.35759801e-01  5.25746075e-03  1.27416300e-02]
 [ 6.00630529e-02 -2.17345543e-02  6.92425817e-02 -2.44874299e-01
  -9.64170754e-01 -2.05011405e-02  3.34026441e-02  8.78599763e-04]
 [ 8.21476523e-03  1.61035415e-02 -5.70118651e-02 -1.24969706e-01
   4.95711602e-02 -9.88225520e-01  2.30067056e-02 -3.50586623e-02]
 [ 1.82892829e-02  3.68250161e-02  8.53388512e-04  1.42242033e-02
   3.07593644e-02  2.49094926e-02  9.97660160e-01 -3.48425545e-02]
 [-1.33130802e-02  2.53773239e-02 -1.14029115e-02 -9.11759399e-03
  -2.84654950e-03  3.65381353e-02 -3.62372063e-02 -9.98152912e-01]]",57
10,11,8,0.9,1.4504061937332153,"[[-0.9790238  -0.18110257 -0.04687047 -0.01404244  0.02547391  0.01526904
   0.01967429  0.0710707 ]
 [-0.15422493  0.9303982  -0.32099435 -0.0020578  -0.02431177  0.02156565
   0.07876027  0.01651926]
 [-0.09740776  0.29471877  0.93914187  0.03191465 -0.0496911   0.02052726
   0.13275556  0.01148829]
 [-0.00694441  0.03294587  0.00941143  0.8477993   0.37649837 -0.2978895
  -0.17368089  0.13914011]
 [ 0.03219236  0.00482999  0.01417421 -0.23515886  0.88974     0.2875269
   0.26069415 -0.0341977 ]
 [-0.00543629  0.04413573  0.04431977  0.14847654 -0.03541772  0.780054
  -0.59421545  0.10574593]
 [-0.08302196  0.0723998   0.06369206 -0.11947821  0.15454693 -0.23329405
  -0.47918412 -0.8133914 ]
 [ 0.01523083  0.08002134  0.08042349 -0.43404666  0.19432843 -0.4056601
  -0.5430927   0.54884136]]",57
0,1,6,0.9,0.8366715312004089,"[[ 9.8688877e-01 -8.5666619e-02  1.3193129e-01  7.5605190e-03
   2.3765026e-02 -2.6153432e-02]
 [ 9.3720622e-02  9.9299788e-01 -4.9063459e-02 -4.5531448e-02
  -2.6286198e-02 -6.4478721e-04]
 [-1.2893814e-01  5.9979904e-02  9.8553497e-01 -4.9803354e-02
   5.4224994e-02 -5.5474341e-02]
 [-8.7284483e-03  4.8048735e-02  4.9248550e-02  9.9681449e-01
  -3.5003167e-02  1.8040324e-02]
 [-1.7500853e-02  2.6077848e-02 -6.5669045e-02  3.9440565e-02
   9.8125374e-01 -1.7403115e-01]
 [ 1.6109273e-02  5.4939585e-03  4.6581414e-02 -1.3955360e-02
   1.7810069e-01  9.8266268e-01]]",58
1,2,6,0.9,0.8781046271324158,"[[ 0.989111    0.04199072 -0.1406454  -0.00860832 -0.00578218 -0.00273918]
 [-0.02277085  0.9886497   0.13872232 -0.04789362 -0.00857573 -0.02102401]
 [ 0.1452611  -0.13042237  0.97638524  0.04064543  0.07845607  0.02745357]
 [ 0.00106538  0.05461911 -0.04013664  0.995189    0.07042185  0.00665477]
 [-0.00596198  0.01493337 -0.07355251 -0.07404935  0.99431664 -0.01351877]
 [-0.00184633  0.02433679 -0.02501917 -0.00977718  0.0106309   0.99928457]]",58
2,3,6,0.9,0.8915585875511169,"[[ 0.9401765   0.32039627 -0.07835191  0.05490972  0.02688068  0.05947905]
 [-0.3067036   0.94330573  0.0895078  -0.07322426 -0.04430404 -0.02776378]
 [ 0.09895176 -0.06001211  0.9887301  -0.03619955  0.0488982   0.07292846]
 [-0.07274811  0.05050366  0.04506391  0.99480957  0.01948064  0.01004307]
 [-0.05147082  0.03640861 -0.05160687 -0.02389228  0.9885442   0.12478585]
 [-0.06533074  0.00654227 -0.05973446 -0.00979317 -0.13162263  0.9872692 ]]",58
3,4,6,0.9,0.8140882253646851,"[[ 9.9812537e-01  5.4359235e-02 -1.3566976e-02  2.3609329e-02
  -8.9770672e-04 -6.9622109e-03]
 [-5.4499596e-02  9.9736482e-01 -2.4962828e-02 -8.1664668e-03
  -4.0041201e-02  5.3565789e-05]
 [ 1.1645076e-02  2.7284302e-02  9.9811763e-01  9.5905792e-03
   3.9502885e-02 -3.5052918e-02]
 [-2.3766391e-02  8.2419328e-03 -9.2748012e-03  9.9745792e-01
   4.0061157e-02  5.2477516e-02]
 [-1.3923256e-03  3.8514700e-02 -4.2524975e-02 -3.7037626e-02
   9.9520946e-01 -6.9948368e-02]
 [ 8.5483501e-03  3.5588420e-03  3.2551549e-02 -5.4678328e-02
   6.9201000e-02  9.9552804e-01]]",58
4,5,7,0.9,0.873927652835846,"[[ 9.5274347e-01  2.8359473e-01  8.5991129e-02  6.1198384e-02
  -7.7471607e-03  3.4517031e-03 -2.5344580e-02]
 [-2.8731388e-01  9.5748889e-01  2.2714557e-02  4.3535866e-03
  -8.7580793e-03  5.9249890e-03  4.3565426e-03]
 [-7.1112782e-02 -4.3790948e-02  9.8550862e-01 -1.0028263e-01
  -3.4679547e-02 -8.1668355e-02 -6.2202021e-02]
 [-6.5162227e-02 -2.6357496e-02  1.0238705e-01  9.8646945e-01
   5.9620772e-02  8.6216398e-02 -2.1592882e-02]
 [ 6.4701214e-03  1.0004829e-02  3.5627063e-02 -6.8842180e-02
   9.9437451e-01  6.9523267e-02  1.5335302e-02]
 [-4.9561023e-04 -8.7417113e-03  7.4984886e-02 -8.7640412e-02
  -7.8944184e-02  9.8650455e-01  8.4831230e-02]
 [ 1.9633377e-02  3.1333105e-04  5.9052583e-02  2.5242724e-02
  -9.6401507e-03 -8.8460609e-02  9.9376649e-01]]",58
5,6,7,0.9,0.9203796982765198,"[[ 0.9973995   0.06913377 -0.0057036  -0.0098673   0.00669416 -0.01487577
   0.00433308]
 [-0.06728162  0.9804145   0.18188989  0.01131101  0.01593982 -0.02709158
  -0.00779698]
 [ 0.01659775 -0.18063141  0.97593325 -0.09068258  0.07620871 -0.01260811
  -0.0214718 ]
 [ 0.0133669  -0.02601633  0.09937892  0.9781527  -0.17898312  0.00169133
  -0.02116113]
 [-0.00317353 -0.00361812 -0.05592088  0.18451622  0.9699988   0.12773591
   0.07476258]
 [ 0.01383     0.02593768  0.02350319 -0.02656542 -0.1209816   0.99084663
  -0.03826678]
 [-0.00345458  0.00419564  0.02970078  0.00408764 -0.07952549  0.02809815
   0.9959708 ]]",58
6,7,7,0.9,0.9368881583213806,"[[ 0.98316705  0.0904268   0.14359401  0.01487166 -0.06280387 -0.01473666
  -0.01426913]
 [-0.11398594  0.9802197   0.15426067  0.00192399 -0.00495473 -0.02167151
  -0.04338449]
 [-0.12072074 -0.16835095  0.9676449  -0.11202648  0.07170244 -0.0382055
  -0.03996322]
 [-0.02300701 -0.02188824  0.09942164  0.99015474  0.08343592 -0.0234409
  -0.0344883 ]
 [ 0.07214011  0.02361239 -0.07023859 -0.07516578  0.9915816  -0.01297772
  -0.01588383]
 [ 0.00770291  0.01509025  0.04272456  0.017558    0.016069    0.99829173
  -0.0271042 ]
 [ 0.0048347   0.03722719  0.05103268  0.02933554  0.02087882  0.02343476
   0.9970661 ]]",58
7,8,7,0.9,0.9589402079582214,"[[ 9.93735969e-01 -1.03674173e-01  3.62247191e-02  1.43394759e-02
  -1.05665233e-02 -2.70101335e-03 -1.01829153e-02]
 [ 9.37937498e-02  9.72402334e-01  2.00114980e-01  4.63126823e-02
   5.30308746e-02  8.08373501e-04 -2.51516160e-02]
 [-5.52999638e-02 -1.94777414e-01  9.78394866e-01 -3.05244792e-02
   7.83410482e-03  2.59536300e-02  8.96263774e-03]
 [-1.99588835e-02 -4.98605967e-02  1.83628313e-02  9.96573150e-01
   1.01505155e-02  5.92609122e-02  2.31710984e-03]
 [ 6.54297927e-03 -4.99786362e-02 -2.07820907e-02 -1.82980541e-02
   9.92790878e-01  1.04656652e-01 -1.02861291e-02]
 [ 5.04079461e-03  1.31436531e-02 -2.46698745e-02 -5.67759350e-02
  -1.05105877e-01  9.91765141e-01  3.63920629e-02]
 [ 1.29184965e-02  2.42980178e-02 -2.72851554e-03  1.15453824e-03
   1.51866004e-02 -3.54328863e-02  9.98873353e-01]]",58
8,9,8,0.9,1.1360890865325928,"[[ 9.80693579e-01 -1.66991159e-01 -8.15734714e-02 -1.59258873e-03
  -5.75709194e-02  9.72577254e-04 -1.89744737e-02  4.68092039e-03]
 [ 1.54481456e-01  9.80058193e-01 -9.69406143e-02 -2.66041197e-02
  -6.67074323e-02  2.61382870e-02 -1.91912986e-02 -3.86397773e-03]
 [-9.64539275e-02 -8.24294314e-02 -9.91590619e-01 -1.37372233e-04
   5.82671911e-03 -5.55811916e-03 -9.23560932e-03  2.23533064e-02]
 [-1.06053669e-02  1.22992750e-02 -7.11000815e-04  9.71193194e-01
  -2.35014424e-01 -2.17241030e-02 -1.72802061e-02  2.27398761e-02]
 [ 6.51915297e-02  5.73161803e-02 -5.20495418e-03  2.33751118e-01
   9.60594952e-01  1.14651285e-01 -3.42405327e-02  2.71723662e-02]
 [-1.16042346e-02 -3.13385241e-02 -4.00836626e-03 -2.33069481e-03
  -1.11272223e-01  9.89833236e-01  7.23334029e-02 -3.84481847e-02]
 [ 2.39745658e-02  1.87529568e-02 -1.54706836e-02  2.82456186e-02
   3.78603153e-02 -7.21595585e-02  9.86677885e-01 -1.33651897e-01]
 [ 6.16271223e-04 -5.93862496e-03 -2.03243028e-02  2.51099281e-02
   2.03098152e-02 -2.62916740e-02 -1.37659281e-01 -9.89377022e-01]]",58
9,10,8,0.9,1.1267390251159668,"[[ 0.9727528  -0.17645286 -0.11238642 -0.04196966  0.06648716  0.00525616
  -0.0403608  -0.04633648]
 [ 0.14311193  0.96293896 -0.198818   -0.0742026   0.01000401  0.04604391
  -0.05088248 -0.04923201]
 [ 0.1436916   0.18557672  0.96079916  0.1206051   0.07040374 -0.03947591
  -0.02366168 -0.01258707]
 [-0.05397562  0.0050927  -0.10832798  0.43423718  0.88688934  0.10066998
  -0.0052079   0.00544636]
 [ 0.05818065  0.03328098 -0.088862    0.8738687  -0.44871846  0.12057292
  -0.03126549 -0.08426541]
 [-0.00567289 -0.03917168  0.07052112 -0.14177491 -0.03351871  0.9844309
   0.05591913  0.00231181]
 [ 0.04196785  0.04203991  0.00236441  0.02389482  0.00337396 -0.05016083
   0.9831528  -0.16363919]
 [ 0.06731908  0.05233485 -0.00976685  0.07285143 -0.03829997  0.00116398
   0.15652788  0.98048824]]",58
10,11,9,0.9,1.5601346492767334,"[[ 0.95874584  0.17073967  0.03765139  0.04967171  0.04251675  0.04122787
   0.05352736  0.20337382 -0.00598491]
 [ 0.1608153  -0.67706716 -0.67687994 -0.07816082  0.09428936 -0.1930343
   0.01839617 -0.02882343  0.06419479]
 [ 0.07332528 -0.6547916   0.7182524   0.09427762  0.10230675 -0.13203469
   0.10716002  0.02616943  0.03207344]
 [ 0.00784357  0.081109   -0.07871992  0.89940256  0.04977118 -0.31980842
  -0.16959675 -0.21050821  0.02016472]
 [-0.06350686  0.05333623 -0.02786371  0.04137572  0.95053643  0.2924121
  -0.01515489 -0.00542723 -0.0367459 ]
 [ 0.02082981 -0.04860014  0.0780706  -0.16019532  0.03901504 -0.12856834
  -0.94485134  0.23372465 -0.00483348]
 [ 0.12019146 -0.16084504  0.01217891  0.10024048 -0.1859175   0.6776628
  -0.22702229 -0.4849698   0.41104677]
 [ 0.16735464  0.0329584   0.0704832  -0.24555859  0.05196701 -0.18716422
  -0.10126485 -0.7326286  -0.5664883 ]
 [-0.05085244 -0.21197437 -0.07965598  0.27547893 -0.18452743  0.4950106
  -0.04222218  0.29362008 -0.7093418 ]]",58
0,1,6,0.9,0.831721305847168,"[[ 0.9872614  -0.02146949  0.15429057  0.00355658  0.0238849  -0.02156595]
 [ 0.03899739  0.9925707  -0.10478111 -0.03781484 -0.02753508  0.01074433]
 [-0.15274401  0.10923295  0.9775006  -0.05552542  0.05656979 -0.05428341]
 [-0.00962138  0.04279387  0.05393214  0.99656516 -0.03286752  0.03074177]
 [-0.0163306   0.02395439 -0.06943176  0.04032538  0.98081625 -0.17524853]
 [ 0.01019561 -0.00235741  0.044479   -0.02657197  0.17997326  0.9822503 ]]",59
1,2,6,0.9,0.8899854421615601,"[[ 9.83752429e-01 -9.63591635e-02 -1.50561467e-01 -1.34120751e-02
  -3.93174309e-03 -9.04779695e-03]
 [ 1.20594025e-01  9.76627886e-01  1.68587565e-01 -4.95298281e-02
   1.07592680e-02 -2.57717930e-02]
 [ 1.31662041e-01 -1.82351559e-01  9.70581532e-01  2.54871231e-02
   7.34423548e-02  3.66211049e-02]
 [ 1.53474221e-02  5.16114868e-02 -2.23285891e-02  9.96709764e-01
   5.52547462e-02 -1.08903190e-02]
 [-8.06827936e-03 -7.22691650e-04 -7.23696947e-02 -5.68044558e-02
   9.95631397e-01 -1.37225678e-02]
 [ 7.25217303e-03  3.15654762e-02 -3.38380001e-02  7.75309373e-03
   1.18306950e-02  9.98802245e-01]]",59
2,3,6,0.9,0.9107717275619507,"[[ 9.2168164e-01  3.6581233e-01 -8.9588434e-02  5.6469653e-02
   2.0286741e-02  7.1118906e-02]
 [-3.5331219e-01  9.2758977e-01  6.4241484e-02 -7.9090104e-02
  -5.7689689e-02 -3.2208636e-02]
 [ 1.0265087e-01 -2.7093802e-02  9.8784113e-01 -5.2688457e-02
   6.5149508e-02  7.6668702e-02]
 [-7.9524621e-02  5.3398274e-02  5.8113951e-02  9.9268830e-01
   3.1572200e-02  3.1942956e-02]
 [-5.1902633e-02  4.6616018e-02 -6.7936957e-02 -3.7215173e-02
   9.9005938e-01  9.4420150e-02]
 [-7.8219481e-02 -1.7159476e-04 -6.3436382e-02 -3.1061588e-02
  -1.0393068e-01  9.8898494e-01]]",59
3,4,6,0.9,0.8220987319946289,"[[ 0.9874875   0.14571321 -0.04264801  0.02880141 -0.02348525 -0.02088326]
 [-0.14329837  0.9864197   0.06446937 -0.02575464 -0.03202331 -0.02442956]
 [ 0.05225902 -0.05717429  0.99505436 -0.0157243   0.04827828 -0.03590104]
 [-0.03033337  0.0221526   0.01781563  0.9983063   0.03383936  0.02261234]
 [ 0.01548322  0.03498107 -0.05048213 -0.03125049  0.9941436  -0.08179246]
 [ 0.02105018  0.02758007  0.03202873 -0.02584571  0.08139726  0.995227  ]]",59
4,5,6,0.9,0.8158513903617859,"[[ 0.9275919   0.35722613  0.09573274  0.05042827 -0.01519042 -0.00492646]
 [-0.36279532  0.93102676  0.03170368  0.01582041 -0.01137998  0.01355925]
 [-0.07380864 -0.05942145  0.98411834 -0.10944133 -0.03427476 -0.09685139]
 [-0.04851217 -0.04083023  0.11606032  0.9836176   0.03630054  0.11699639]
 [ 0.00959887  0.01488457  0.03543486 -0.04480849  0.9973555   0.04128909]
 [ 0.00771693 -0.01261536  0.08133569 -0.12537114 -0.04928655  0.98743033]]",59
5,6,6,0.9,0.838826596736908,"[[ 9.9971753e-01  1.9221051e-02 -8.7028863e-03 -3.8261579e-03
   1.0244511e-02 -1.3841240e-04]
 [-1.6676826e-02  9.7422957e-01  2.2307451e-01  1.3459088e-02
  -6.2604356e-03 -2.4823572e-02]
 [ 1.1731630e-02 -2.2127344e-01  9.7050273e-01 -5.7168487e-02
   7.3153250e-02 -2.0131651e-02]
 [ 6.2424466e-03 -2.7706625e-02  6.2789537e-02  9.8762989e-01
  -1.3441975e-01  4.2064164e-02]
 [-1.0417519e-02  2.1321898e-02 -5.7972398e-02  1.3123475e-01
   9.7835058e-01  1.4725372e-01]
 [ 1.2473443e-03  1.7979065e-02  3.1355679e-02 -6.2454976e-02
  -1.3880189e-01  9.8768687e-01]]",59
6,7,6,0.9,0.850756824016571,"[[ 9.91902649e-01  2.98305247e-02  1.03991419e-01  2.20594760e-02
  -6.27561957e-02  1.59297328e-04]
 [-5.62104993e-02  9.66463506e-01  2.48685911e-01  1.17625371e-02
  -1.27557376e-02  2.53563207e-02]
 [-8.74950662e-02 -2.50173748e-01  9.56100762e-01 -1.10913537e-01
   4.35996205e-02  3.77658866e-02]
 [-2.35078856e-02 -3.72518823e-02  9.62982178e-02  9.87126231e-01
   1.17354877e-01  2.44129077e-02]
 [ 6.87981769e-02  2.97486410e-02 -4.38073538e-02 -1.10611245e-01
   9.90061820e-01 -2.34527583e-03]
 [-5.31392824e-03  1.41023304e-02  4.49440330e-02  2.04984471e-02
   1.85860344e-03 -9.98663723e-01]]",59
7,8,7,0.9,0.9270341396331787,"[[ 9.93190050e-01 -1.04139335e-01 -5.01376875e-02  7.44630164e-03
  -5.43680461e-03 -4.51239641e-04  1.13774799e-02]
 [ 8.95213336e-02  9.63944077e-01 -2.32054055e-01  5.15864119e-02
   7.68459812e-02  1.64155494e-02 -1.06129469e-02]
 [-7.24873170e-02 -2.25173488e-01 -9.70621169e-01 -1.11438492e-02
  -6.87949453e-03 -4.12055627e-02 -8.21422692e-03]
 [-1.23281833e-02 -5.06581701e-02  4.95904405e-03  9.94651675e-01
   1.37825776e-02 -8.69109780e-02 -1.34815527e-02]
 [-1.60457462e-03 -7.39199668e-02  1.27389291e-02 -2.23407783e-02
   9.95384097e-01 -5.49819246e-02  7.70169916e-03]
 [-5.17500658e-03 -3.38505618e-02 -3.52760069e-02  8.44138861e-02
   5.47380261e-02  9.93705451e-01 -3.21883941e-03]
 [-1.11189866e-02  9.34555661e-03 -1.00128166e-02  1.42284436e-02
  -6.48507616e-03  2.29189312e-03  9.99719441e-01]]",59
8,9,7,0.9,0.936277449131012,"[[ 9.7142613e-01 -2.2492641e-01 -3.6088612e-02 -4.2734008e-02
  -4.6025828e-02 -1.3385252e-02 -1.7698502e-02]
 [ 2.1571174e-01  9.6493900e-01 -1.4423759e-01 -1.9109746e-02
  -1.8420085e-02 -2.3365820e-02 -1.7499819e-02]
 [ 6.8638474e-02  1.3286410e-01  9.8789406e-01  3.7582178e-02
  -1.2091353e-02 -6.4541604e-03  1.0041104e-02]
 [-8.0162371e-03 -5.2359640e-03 -3.3634089e-02  6.8360901e-01
  -7.2693014e-01 -4.5916151e-02 -3.0334558e-02]
 [ 6.4147800e-02  7.7152201e-03 -2.4977261e-02  7.2304666e-01
   6.8448609e-01 -6.2111218e-02 -5.1110769e-03]
 [ 2.1563558e-02  2.0352861e-02 -1.5372055e-04  7.5060099e-02
   8.6137503e-03  9.9619257e-01 -3.1827290e-02]
 [ 2.1077784e-02  1.2115909e-02 -1.4254318e-02  2.5387406e-02
  -1.9319911e-02  2.9454300e-02  9.9865937e-01]]",59
9,10,7,0.9,1.0123673677444458,"[[ 9.8008507e-01 -1.7444240e-01 -5.5119675e-02 -5.3614084e-02
   4.9107485e-02  1.8893003e-02 -1.7942375e-02]
 [ 1.5785709e-01  9.5700514e-01 -2.3939671e-01  2.4957586e-02
  -1.0581319e-02  2.2956228e-02 -2.5490791e-02]
 [ 9.2980057e-02  2.2592621e-01  9.6347117e-01  4.8629303e-02
   9.0479687e-02 -3.6192842e-02 -1.3193622e-02]
 [-1.1251930e-02 -3.3243794e-02 -8.7333128e-02  6.8725133e-01
   7.0807391e-01  1.3212828e-01  3.7461676e-04]
 [ 7.1135744e-02 -2.9540263e-02  2.8910674e-02  7.1712017e-01
  -6.9085866e-01 -1.0099323e-02  3.9777000e-02]
 [ 1.6755484e-02  6.4909854e-03 -5.3768389e-02  8.2151413e-02
   9.8953694e-02 -9.9007338e-01  1.4693564e-04]
 [ 2.0035217e-02  2.5466995e-02  4.5170640e-03 -2.8517559e-02
   2.9045306e-02  9.4562920e-04  9.9863499e-01]]",59
10,11,8,0.9,1.4457437992095947,"[[ 9.71770406e-01  1.78868830e-01  4.10829391e-03 -9.27193761e-02
  -4.85786647e-02 -2.13285033e-02 -2.02452838e-02 -1.08765036e-01]
 [ 1.70133203e-01 -8.49291027e-01 -4.66920167e-01  4.03256342e-02
   8.90950337e-02  8.97530615e-02  1.18573047e-01 -8.10381677e-03]
 [ 7.79788420e-02 -4.37718540e-01  8.80109608e-01 -3.71795148e-02
   8.92018154e-02  5.69133423e-02  1.19026296e-01 -3.13571207e-02]
 [-5.21991053e-04  9.32365358e-02 -4.99696583e-02 -4.04384822e-01
   9.00553763e-01  5.75794140e-03 -6.48582503e-02  1.00229211e-01]
 [-5.70799410e-02  2.46509537e-02 -3.42325866e-02 -6.91536069e-01
  -3.21560711e-01  6.16438091e-01  1.41727209e-01  1.15136474e-01]
 [ 2.00998429e-02 -2.98381113e-02  3.98843475e-02  3.01755100e-01
   1.01907052e-01  5.91569602e-01 -7.22882688e-01 -1.52183488e-01]
 [ 7.31928796e-02 -1.40253305e-01  4.55393419e-02 -1.56195134e-01
  -1.72452614e-01 -2.86181569e-01 -4.77624685e-01  7.80215323e-01]
 [ 1.07780755e-01  1.58906102e-01  6.50859997e-03  4.80824739e-01
   1.64990827e-01  4.19960499e-01  4.43153858e-01  5.76127768e-01]]",59
0,1,6,0.9,0.8300299048423767,"[[ 0.98437625 -0.02539026  0.17084846 -0.00196512  0.02662847 -0.02136757]
 [ 0.03741562  0.99621314 -0.06339172 -0.03713395 -0.0275187   0.00218923]
 [-0.17084204  0.06847006  0.97852105 -0.05169319  0.05802805 -0.05081213]
 [-0.00467813  0.03961851  0.05213505  0.99703276 -0.03623603  0.01740991]
 [-0.01743943  0.02523667 -0.06976074  0.04123143  0.9812572  -0.172124  ]
 [ 0.00950874  0.00448429  0.04128126 -0.01306589  0.17603306  0.9833753 ]]",60
1,2,6,0.9,0.8791522979736328,"[[ 9.8495388e-01 -6.9672443e-02 -1.5745364e-01 -1.3464150e-02
   4.0958828e-04 -6.2166112e-03]
 [ 9.8400027e-02  9.7516441e-01  1.8951458e-01 -5.1682189e-02
   1.0139957e-02 -2.6119515e-02]
 [ 1.4101894e-01 -1.9964774e-01  9.6593761e-01  4.0388808e-02
   6.7432486e-02  3.2256477e-02]
 [ 1.2341667e-02  5.7744559e-02 -3.3448882e-02  9.9729103e-01
   2.8246308e-02 -2.6797112e-03]
 [-1.1335661e-02  1.6231553e-03 -6.5917708e-02 -3.0443542e-02
   9.9720985e-01 -1.3012595e-02]
 [ 4.0339050e-03  3.1684205e-02 -2.8161248e-02 -4.6058482e-04
   1.1155041e-02  9.9903059e-01]]",60
2,3,6,0.9,0.9099365472793579,"[[ 0.9453907   0.29917246 -0.09739112  0.05193948  0.01746638  0.06515028]
 [-0.28579846  0.95025307  0.07225145 -0.07755037 -0.05571019 -0.03162995]
 [ 0.10946704 -0.03903223  0.9870671  -0.04026236  0.06247864  0.08165412]
 [-0.07101025  0.05839178  0.04671949  0.9938965   0.01741143  0.03509856]
 [-0.05046083  0.05065894 -0.06845101 -0.02603778  0.9826622   0.15459254]
 [-0.0705974   0.00394518 -0.06422628 -0.03404478 -0.16358347  0.98130363]]",60
3,4,6,0.9,0.8284012079238892,"[[ 0.98065203  0.18770519 -0.02228758  0.03949296 -0.01831662 -0.02639195]
 [-0.18609253  0.9792577   0.06212706 -0.02849045 -0.03713868 -0.01931771]
 [ 0.03361414 -0.05557447  0.99609745 -0.00449689  0.05153095 -0.02992973]
 [-0.04329843  0.02183075  0.00610877  0.99826556  0.0293523   0.01469125]
 [ 0.00861806  0.04020165 -0.052062   -0.02820797  0.99402404 -0.08197293]
 [ 0.0247454   0.02529517  0.02618424 -0.01669519  0.08175799  0.9955396 ]]",60
4,5,6,0.9,0.8193622827529907,"[[ 0.913215    0.3900136   0.09334069  0.06985491 -0.01550811 -0.00975376]
 [-0.3950461   0.91814363  0.02196407  0.00862256 -0.01152276  0.01616414]
 [-0.07208873 -0.05225177  0.98644936 -0.1006334  -0.01688796 -0.09261888]
 [-0.06650957 -0.04239126  0.10455908  0.984206    0.00515353  0.11899107]
 [ 0.00927267  0.01560974  0.0204058  -0.0096858   0.9991401   0.0296536 ]
 [ 0.01645358 -0.011433    0.07983533 -0.12713628 -0.03215826  0.9879408 ]]",60
5,6,6,0.9,0.8349844813346863,"[[ 9.9617547e-01  8.3330199e-02 -1.9310886e-02 -6.3866272e-04
   1.4418017e-02  1.0455094e-02]
 [-7.8044578e-02  9.7834086e-01  1.8882136e-01  2.2696974e-02
   8.3248643e-03 -2.2809250e-02]
 [ 3.3583701e-02 -1.8638444e-01  9.7828847e-01 -3.2013807e-02
   7.6427832e-02 -1.4782602e-02]
 [ 6.6366321e-03 -2.8026303e-02  4.3526869e-02  9.7488344e-01
  -2.1479894e-01  2.7195530e-02]
 [-1.6631687e-02  1.3329315e-03 -6.5646134e-02  2.1210013e-01
   9.6562648e-01  1.3413130e-01]
 [-9.7443368e-03  1.9463670e-02  2.6856078e-02 -5.5456180e-02
  -1.2372744e-01  9.9016219e-01]]",60
6,7,7,0.9,0.941408097743988,"[[ 9.92300153e-01  6.79327622e-02  8.16346258e-02  6.47455873e-03
  -6.18948154e-02 -1.69320591e-03 -1.36245489e-02]
 [-8.54407698e-02  9.73608732e-01  2.02268273e-01  9.31882858e-03
  -2.16850452e-02 -2.87808701e-02 -4.98789698e-02]
 [-6.10546581e-02 -2.07666650e-01  9.67994809e-01 -8.33582059e-02
   7.32411370e-02 -3.63051184e-02 -5.00213094e-02]
 [-5.03829820e-03 -2.46923175e-02  6.99493662e-02  9.91737187e-01
   9.65022445e-02 -1.83370691e-02 -3.57803889e-02]
 [ 6.50405213e-02  4.25018258e-02 -7.02357069e-02 -9.05228779e-02
   9.90278721e-01 -9.18004604e-04 -1.35289095e-02]
 [-3.11214244e-03  1.97534487e-02  4.16553058e-02  1.50151607e-02
   4.39711567e-03  9.98688519e-01 -1.55360959e-02]
 [ 6.87891152e-03  3.92340049e-02  6.20350279e-02  3.09834536e-02
   1.87218059e-02  1.16124991e-02  9.96553898e-01]]",60
7,8,7,0.9,0.9399315714836121,"[[ 9.91560578e-01 -1.25749648e-01  2.49349177e-02  3.02083557e-03
  -1.57831926e-02  1.35550508e-03  1.06281936e-02]
 [ 1.19436823e-01  9.70441937e-01  1.84468389e-01  7.21805841e-02
   6.60169795e-02 -1.30299991e-02 -1.45107405e-02]
 [-4.71950024e-02 -1.77605420e-01  9.81935859e-01 -3.71391550e-02
  -1.27446977e-03  2.52642874e-02  3.40711395e-03]
 [-1.31316520e-02 -7.62186572e-02  2.11817212e-02  9.93656814e-01
   1.44445850e-02  7.74558708e-02  2.77372613e-03]
 [ 7.94000179e-03 -6.45087585e-02 -1.16020897e-02 -2.14613527e-02
   9.97111082e-01  3.01907025e-02  6.19441643e-03]
 [ 2.06391024e-03  2.54914630e-02 -2.38317493e-02 -7.47453347e-02
  -3.04974336e-02  9.96026158e-01  1.38906669e-02]
 [-8.68852623e-03  1.62850115e-02 -5.89868054e-04 -4.43209603e-04
  -4.66422644e-03 -1.45310601e-02  9.99712825e-01]]",60
8,9,7,0.9,0.9510912299156189,"[[ 0.9481453  -0.30164695 -0.07670492  0.05660617  0.02720972  0.00595918
  -0.01287989]
 [ 0.28770944  0.94691443 -0.13599305  0.02898466  0.01419215  0.02721298
  -0.01732358]
 [-0.11372007 -0.10722291 -0.9873771   0.00569586 -0.02431713  0.00219826
  -0.00536598]
 [ 0.00268017 -0.00310782 -0.02377726 -0.5148514   0.8552277   0.04978344
  -0.02128232]
 [ 0.06849522  0.01083529 -0.00107798 -0.8509747  -0.5164493   0.0654055
  -0.00585586]
 [-0.0172789  -0.02392991  0.00727353  0.07986307 -0.00875309  0.9955685
   0.03826886]
 [ 0.01772701  0.01287227 -0.00944432 -0.01775665  0.01599738 -0.03614102
   0.998776  ]]",60
9,10,8,0.9,1.0907753705978394,"[[ 0.97095895 -0.19475947 -0.11277504  0.05529936  0.05279965  0.01496707
  -0.02059444  0.00976197]
 [ 0.17398764  0.9668591  -0.17621382 -0.01671225 -0.00985521  0.03725822
  -0.0334719  -0.03123345]
 [ 0.1411078   0.15232798  0.9709842  -0.05269547  0.09693657 -0.03669479
  -0.02343523  0.00231786]
 [-0.02289924  0.03641404  0.06935525  0.951609   -0.25811702 -0.14432847
  -0.00741648  0.01641805]
 [-0.07439842  0.01153008 -0.06984077  0.27102643  0.95483285  0.05995032
  -0.02192934 -0.01477261]
 [-0.01404598 -0.02375217  0.05949885  0.12129308 -0.09273662  0.9851811
   0.0238375  -0.03516293]
 [ 0.02717551  0.03537534  0.01154724  0.00878271  0.02533923 -0.01942044
   0.9952704   0.0788496 ]
 [-0.00776617  0.02782017 -0.0076769  -0.00902775  0.01209098  0.04071498
  -0.0789877   0.995481  ]]",60
10,11,8,0.9,1.4743434190750122,"[[-9.6934348e-01  2.0623659e-01 -1.5271840e-02  2.3927871e-02
   6.7225568e-02  1.7085752e-02 -5.8633181e-05 -1.1055632e-01]
 [-1.7229256e-01 -8.4129697e-01 -4.9911368e-01  2.4154495e-02
  -4.7252394e-02  6.9435038e-02  7.5999320e-02 -2.6217874e-03]
 [-1.1211279e-01 -4.5953983e-01  8.5878736e-01  4.6363384e-02
  -7.4277192e-02  1.0766518e-01  1.3909887e-01 -1.1450654e-02]
 [-1.4925174e-03 -7.8276284e-02  4.4860892e-02 -9.1107005e-01
   3.6524153e-01 -1.0266040e-01  3.0684564e-02 -1.3010533e-01]
 [ 6.1847664e-02  2.3047347e-02 -1.9302063e-02  2.1231689e-01
   7.3790973e-01  6.2285465e-01  9.4084203e-02  9.4245628e-02]
 [-2.7876757e-03 -1.9785305e-02  2.0209292e-02 -1.8412578e-01
  -3.0210239e-01  5.5648518e-01 -7.3560709e-01 -1.5241595e-01]
 [-8.7527074e-02 -1.3163437e-01  8.6412512e-02  6.7535535e-02
   3.0102596e-01 -3.7789461e-01 -5.5473334e-01  6.4948684e-01]
 [-8.1382170e-02  1.1887633e-01 -5.3627770e-02 -2.8827769e-01
  -3.5768184e-01  3.6376911e-01  3.4093291e-01  7.1886432e-01]]",60
0,1,6,0.9,0.8289222121238708,"[[ 0.9857203  -0.00947737  0.16485357  0.00110737  0.02557412 -0.02082453]
 [ 0.02939907  0.9920516  -0.11304725 -0.0357278  -0.02933316  0.00726235]
 [-0.16446427  0.11598907  0.97464025 -0.05758391  0.05879006 -0.05293585]
 [-0.0086364   0.04127178  0.0560175   0.99658    -0.03665455  0.02384936]
 [-0.01687808  0.02415747 -0.07154196  0.04301157  0.98175186 -0.16830519]
 [ 0.00912091  0.00184952  0.04317093 -0.01961266  0.17276873  0.98377645]]",61
1,2,6,0.9,0.889951765537262,"[[ 9.8214549e-01 -1.0434564e-01 -1.5554380e-01 -1.4822998e-02
  -7.6714472e-04 -9.3903281e-03]
 [ 1.3148029e-01  9.7197747e-01  1.8485096e-01 -5.2929528e-02
   1.3822178e-02 -2.8464122e-02]
 [ 1.3269682e-01 -2.0035981e-01  9.6723258e-01  2.8280061e-02
   6.9163516e-02  3.3544406e-02]
 [ 1.7238917e-02  5.5243488e-02 -2.2571821e-02  9.9708796e-01
   4.1863151e-02 -1.4304861e-02]
 [-1.1009918e-02 -2.0137327e-03 -6.8827085e-02 -4.3134812e-02
   9.9662989e-01 -2.4226857e-03]
 [ 8.7435963e-03  3.4231212e-02 -2.9166501e-02  1.1577232e-02
   1.0807683e-03  9.9888229e-01]]",61
2,3,6,0.9,0.9149038195610046,"[[ 9.1786528e-01  3.7704426e-01 -8.7611847e-02  4.8099037e-02
   1.2606573e-02  7.2198801e-02]
 [-3.6422491e-01  9.2246109e-01  6.5912746e-02 -8.6272687e-02
  -5.5003032e-02 -3.9910700e-02]
 [ 1.0059729e-01 -2.7574830e-02  9.8847139e-01 -4.1031007e-02
   6.1348230e-02  8.1221655e-02]
 [-7.4996799e-02  6.0809378e-02  4.8309613e-02  9.9352992e-01
  -8.7734163e-03  3.4133725e-02]
 [-5.0995219e-02  4.9355883e-02 -6.5952025e-02  2.9169064e-04
   9.8565120e-01  1.3822243e-01]
 [-8.0738321e-02  2.9865887e-03 -6.4965293e-02 -3.8184918e-02
  -1.4651576e-01  9.8301935e-01]]",61
3,4,6,0.9,0.8253601789474487,"[[ 0.987768    0.14242756 -0.043626    0.03334202 -0.01686034 -0.02701006]
 [-0.13922352  0.9863541   0.0720497  -0.0299514  -0.03339279 -0.02278338]
 [ 0.05313872 -0.06388524  0.9946882   0.00403284  0.05346279 -0.02856191]
 [-0.036658    0.02685841 -0.00201898  0.9981693   0.03770459  0.01292556]
 [ 0.0087898   0.0360904  -0.05345145 -0.03743835  0.9947803  -0.06909035]
 [ 0.02619846  0.02673489  0.02529523 -0.01520854  0.06879459  0.9964913 ]]",61
4,5,6,0.9,0.8303236365318298,"[[ 0.9278469   0.35438934  0.09746124  0.05865504 -0.02050363 -0.01219675]
 [-0.3597463   0.93234223  0.03129192  0.00630073 -0.00732053  0.0157488 ]
 [-0.07531849 -0.05980096  0.98469645 -0.10689397 -0.00881441 -0.09808055]
 [-0.0587817  -0.0351976   0.11269649  0.9832074   0.00499108  0.12602991]
 [ 0.01622107  0.01360679  0.01130951 -0.00615201  0.99964625  0.00965819]
 [ 0.01706994 -0.01207966  0.08406284 -0.13549481 -0.0114327   0.98691773]]",61
5,6,6,0.9,0.8477961421012878,"[[ 9.9958402e-01  2.6290962e-02 -8.5834134e-03 -6.0210410e-03
   5.2444092e-03  1.7692876e-03]
 [-2.3332587e-02  9.7097117e-01  2.3542473e-01  2.3696583e-02
   9.1354683e-04 -2.6140943e-02]
 [ 1.3843630e-02 -2.3404466e-01  9.6754581e-01 -3.5084751e-02
   8.4993578e-02 -2.0778723e-02]
 [ 8.0602374e-03 -3.3289831e-02  4.4368986e-02  9.8059416e-01
  -1.8390672e-01  3.8361337e-02]
 [-5.2734781e-03  1.5605786e-02 -7.2089277e-02  1.8086176e-01
   9.7165996e-01  1.3303362e-01]
 [-1.7159458e-03  1.9876054e-02  3.4513917e-02 -6.2412910e-02
  -1.2166836e-01  9.8980415e-01]]",61
6,7,6,0.9,0.8614596724510193,"[[ 9.9249279e-01  2.2352435e-02  1.0388848e-01  1.0039961e-02
  -5.9704557e-02 -2.9737363e-04]
 [-4.8600625e-02  9.6640658e-01  2.5005758e-01  1.7553529e-02
  -8.1780655e-03  2.8154068e-02]
 [-8.9559384e-02 -2.5089961e-01  9.5653486e-01 -9.0827703e-02
   6.6235676e-02  3.7851389e-02]
 [-1.0774012e-02 -3.7772350e-02  7.5013749e-02  9.9069661e-01
   1.0376110e-01  2.4167711e-02]
 [ 6.6510648e-02  3.0134164e-02 -6.3286632e-02 -9.6853837e-02
   9.9055290e-01 -9.3473447e-03]
 [-5.9441226e-03  1.6534138e-02  4.5686085e-02  2.1933299e-02
  -4.4632307e-03 -9.9855047e-01]]",61
7,8,7,0.9,0.9415296316146851,"[[ 9.9491471e-01 -9.2534699e-02 -3.5963576e-02  6.4962055e-03
  -7.1003335e-03  9.6226356e-04  1.3971231e-02]
 [ 8.3684638e-02  9.7272456e-01 -1.9314630e-01  6.2989257e-02
   7.1976475e-02  1.7008120e-02 -7.8062438e-03]
 [-5.2709840e-02 -1.8866454e-01 -9.7989041e-01 -1.7202146e-02
   3.6820893e-03 -3.3076171e-02 -6.2177349e-03]
 [-1.2087488e-02 -6.2219489e-02 -1.7558419e-03  9.9398160e-01
  -3.7785125e-05 -8.8530883e-02 -1.1934598e-02]
 [ 1.3146927e-03 -6.9159277e-02  1.8192193e-02 -7.1185026e-03
   9.9683112e-01 -3.3275135e-02  7.3513854e-03]
 [-5.2397186e-03 -3.0629655e-02 -2.8823357e-02  8.6617880e-02
   3.2207292e-02  9.9481165e-01  3.6436464e-03]
 [-1.3712923e-02  7.5924643e-03 -7.1494542e-03  1.1896523e-02
  -6.7636487e-03 -4.5241620e-03  9.9974769e-01]]",61
8,9,7,0.9,0.9477719664573669,"[[ 9.6483743e-01 -2.4881680e-01 -5.3119879e-02 -4.9316671e-02
  -3.8512483e-02 -1.2649254e-02 -1.6787529e-02]
 [ 2.3588134e-01  9.5656163e-01 -1.6898380e-01 -1.6313158e-02
  -4.7133793e-03 -1.7445367e-02 -1.4197989e-02]
 [ 9.2140079e-02  1.5099956e-01  9.8348272e-01  7.4761827e-03
  -3.5542078e-02 -6.7967325e-03  1.0280063e-02]
 [ 2.6873881e-03  2.5072854e-04 -3.1835776e-02  6.8039626e-01
  -7.2943145e-01 -5.3098209e-02 -3.3917014e-02]
 [ 6.5004490e-02  1.3101646e-03  1.2475886e-02  7.2794443e-01
   6.8130475e-01 -3.8898878e-02  4.9767885e-03]
 [ 1.9317212e-02  1.4516469e-02  2.1354351e-03  6.3385054e-02
  -1.2537007e-02  9.9740148e-01 -2.0663932e-02]
 [ 1.8786501e-02  8.1628636e-03 -1.4514879e-02  1.9649090e-02
  -2.8769540e-02  1.8633157e-02  9.9890381e-01]]",61
9,10,8,0.9,1.1193710565567017,"[[ 9.80009079e-01 -1.68433696e-01 -8.18204731e-02  2.92028487e-02
   5.71657307e-02  1.32101187e-02 -1.46989273e-02  2.52239034e-03]
 [ 1.50543183e-01  9.66063738e-01 -2.00277209e-01 -3.70681807e-02
  -1.49166156e-02  2.21389476e-02 -3.43947671e-02 -2.60209460e-02]
 [ 1.09717764e-01  1.84278801e-01  9.70846772e-01 -5.11214212e-02
   8.46163854e-02 -3.99249680e-02 -8.14726390e-03  5.10615949e-03]
 [-3.44274472e-03 -4.69491743e-02 -6.05426170e-02 -9.45238352e-01
   2.90966481e-01  1.24433562e-01  7.33440230e-03 -2.10700501e-02]
 [ 6.66792318e-02 -2.19947975e-02  6.23300932e-02 -2.99313843e-01
  -9.48103547e-01 -3.73777449e-02  3.25445868e-02 -1.54843004e-02]
 [ 9.27448738e-03  7.78224273e-03 -5.49441278e-02 -1.06367029e-01
   6.93365410e-02 -9.89973307e-01  7.86690135e-03  2.45730560e-02]
 [ 1.83548853e-02  3.50689739e-02 -2.05809763e-03  1.43653126e-02
   2.82209683e-02  1.09147020e-02  9.95364130e-01  8.09776857e-02]
 [ 1.31357432e-04  2.03481670e-02 -8.79368652e-03 -2.39803549e-02
  -1.35616427e-02  2.63454374e-02 -8.13019425e-02  9.95713592e-01]]",61
10,11,8,0.9,1.4312340021133423,"[[ 0.97715336  0.18214646 -0.00779571 -0.04781499  0.04050707 -0.00506772
  -0.00189225 -0.08931318]
 [ 0.16178264 -0.8792067  -0.42945436  0.01228276 -0.0506092   0.06133294
   0.09742387 -0.02062954]
 [ 0.08476292 -0.40117463  0.8989578   0.01870991 -0.06903683  0.0646343
   0.11905458 -0.01677337]
 [ 0.00952126 -0.05215345  0.02541608  0.7618475   0.5812155  -0.24155104
  -0.04486927 -0.13401534]
 [-0.04031576 -0.00365727  0.00662334 -0.38309655  0.7427687   0.51061314
   0.18851322  0.05988274]
 [ 0.01136493 -0.0388683   0.02334707  0.2010732  -0.10710368  0.6006031
  -0.7536241  -0.13130032]
 [ 0.07815291 -0.11257257  0.05377445 -0.13341756  0.18740673 -0.30196726
  -0.43422994  0.80353373]
 [ 0.06212773  0.12633462 -0.05706573  0.46022552 -0.2343553   0.4701637
   0.42693725  0.553953  ]]",61
0,1,6,0.9,0.8301458358764648,"[[ 0.986685   -0.00658219  0.15846376  0.00148703  0.02419388 -0.02666621]
 [ 0.02162866  0.99495727 -0.08835589 -0.03249939 -0.02677413  0.00353958]
 [-0.15929918  0.09029166  0.9782131  -0.05676887  0.06057378 -0.0517532 ]
 [-0.00896406  0.03672582  0.05602979  0.9969606  -0.03544654  0.01564331]
 [-0.01700757  0.02229055 -0.07233188  0.04067751  0.9811649  -0.17217095]
 [ 0.01546195  0.00431126  0.04254829 -0.01156977  0.17631699  0.9832143 ]]",62
1,2,6,0.9,0.8844838738441467,"[[ 9.88250315e-01 -4.28616665e-02 -1.45543858e-01 -1.40810395e-02
  -1.67582650e-03 -1.18480567e-02]
 [ 7.08034337e-02  9.75398362e-01  2.00349808e-01 -5.32554165e-02
   1.06943417e-02 -2.22322680e-02]
 [ 1.34213656e-01 -2.06314608e-01  9.65370238e-01  3.17139439e-02
   7.27500916e-02  3.43932733e-02]
 [ 1.28654176e-02  5.80191240e-02 -2.61193998e-02  9.96236682e-01
   5.68759665e-02 -7.96623062e-03]
 [-9.76660848e-03  7.87767174e-04 -7.09790587e-02 -5.87504283e-02
   9.95560229e-01 -1.65579636e-02]
 [ 8.61696992e-03  2.87795775e-02 -3.18901613e-02  4.52678697e-03
   1.46691483e-02  9.98921871e-01]]",62
2,3,6,0.9,0.9161760807037354,"[[ 0.89525187  0.42300713 -0.10980155  0.04791733  0.02402262  0.06825995]
 [-0.40905637  0.9033658   0.07726276 -0.07838716 -0.05800951 -0.03352536]
 [ 0.12678866 -0.02361674  0.9863518  -0.03702607  0.05822759  0.07560202]
 [-0.07362516  0.04995175  0.04573048  0.9944124  -0.00503498  0.03333981]
 [-0.06440602  0.04385373 -0.05923943 -0.00371861  0.98623997  0.1331778 ]
 [-0.07451637 -0.00437591 -0.05902263 -0.03631308 -0.141325    0.9847096 ]]",62
3,4,6,0.9,0.8327648639678955,"[[ 9.7855717e-01  1.9938985e-01 -2.1443516e-02  3.8980346e-02
  -1.2513649e-02 -2.3101350e-02]
 [-1.9817226e-01  9.7808421e-01  4.4775225e-02 -2.5299579e-02
  -3.2750171e-02 -1.9017326e-02]
 [ 2.9671296e-02 -3.8382743e-02  9.9694759e-01  6.5931330e-05
   5.3902458e-02 -2.8920824e-02]
 [-4.3060053e-02  1.7716670e-02  1.0666884e-03  9.9875623e-01
   1.7392172e-02  3.7726606e-03]
 [ 2.8513547e-03  3.3917829e-02 -5.5396795e-02 -1.7318169e-02
   9.9251646e-01 -1.0190074e-01]
 [ 2.0271782e-02  2.5642093e-02  2.3683747e-02 -5.1427409e-03
   1.0234214e-01  9.9391663e-01]]",62
4,5,6,0.9,0.827055037021637,"[[ 0.9344181   0.3391358   0.08614882  0.06148319 -0.02212428 -0.01258804]
 [-0.34512186  0.93739593  0.04252897  0.01257462 -0.01163644  0.0088034 ]
 [-0.06133999 -0.06503381  0.9846754  -0.1142085  -0.0164729  -0.09543327]
 [-0.05873127 -0.04126278  0.11986268  0.98218215  0.01199776  0.1251207 ]
 [ 0.01732763  0.01750863  0.02202511 -0.0202662   0.99766505  0.05622984]
 [ 0.01554142 -0.00609784  0.07957353 -0.1338864  -0.06020156  0.9858192 ]]",62
5,6,7,0.9,0.9185649752616882,"[[ 0.99725986  0.05509061 -0.03432007 -0.01073233  0.01170702  0.0124838
   0.02918564]
 [-0.04457388  0.97036386  0.234421    0.01639686  0.0117563  -0.02450669
  -0.02112594]
 [ 0.04518822 -0.23229447  0.96640843 -0.05003652  0.08406291 -0.01684119
  -0.0140766 ]
 [ 0.01644835 -0.02760364  0.06069306  0.9774465  -0.19762754  0.02647278
  -0.01117527]
 [-0.01592824  0.0058804  -0.06803249  0.196975    0.9649745   0.1367684
   0.08001696]
 [-0.01093627  0.01918896  0.03025871 -0.05363006 -0.12587097  0.9896949
  -0.01951343]
 [-0.02828543  0.01528185  0.02638137 -0.00595439 -0.08113068  0.00757715
   0.9957888 ]]",62
6,7,7,0.9,0.9421812295913696,"[[ 0.9933833  -0.00304829  0.09489617  0.00300651 -0.06378442  0.00167453
  -0.00973767]
 [-0.02576461  0.95837045  0.27760008  0.02396806 -0.02546333  0.02392595
  -0.04477836]
 [-0.08713914 -0.2764852   0.9489315  -0.0797557   0.07211522  0.04389109
  -0.04476292]
 [-0.00143743 -0.04077755  0.05970679  0.98947114  0.12014998  0.01915047
  -0.03023609]
 [ 0.06994612  0.04893935 -0.06495226 -0.11444525  0.9874858   0.00513882
  -0.01553484]
 [-0.00255257  0.00972137  0.04828047  0.01498618  0.00946142 -0.9983842
  -0.02197369]
 [ 0.00562213  0.03033645  0.05785504  0.02607656  0.02070754 -0.01827951
   0.99712485]]",62
7,8,7,0.9,0.9467461109161377,"[[ 9.9677187e-01 -7.2198622e-02  2.7790181e-02  8.2981875e-03
  -1.8163746e-02 -2.6808500e-03  7.4028336e-03]
 [ 6.7402326e-02  9.8028851e-01  1.6158779e-01  5.7805747e-02
   6.7975581e-02  1.4671762e-02 -1.4254559e-02]
 [-3.8878094e-02 -1.5836072e-01  9.8610139e-01 -1.9253884e-02
   4.6928320e-04 -2.5276091e-02  2.1305264e-03]
 [-1.2699885e-02 -5.8919735e-02  7.5648148e-03  9.9528778e-01
   1.3381558e-02 -7.4332505e-02 -2.7785255e-03]
 [ 1.3725923e-02 -6.6206165e-02 -1.2020530e-02 -2.0109987e-02
   9.9658054e-01 -4.1104145e-02  4.1559893e-03]
 [ 3.6161716e-04 -2.5875762e-02  2.2788137e-02  7.2111279e-02
   4.1108150e-02  9.9593484e-01 -5.9029995e-03]
 [-6.4265244e-03  1.4806568e-02  2.0225502e-04  4.0789545e-03
  -2.7599796e-03  6.1271633e-03  9.9983883e-01]]",62
8,9,7,0.9,0.9576124548912048,"[[ 9.5014435e-01 -3.0033228e-01 -4.9593445e-02  5.5336263e-02
   3.5121601e-02 -5.8471723e-03 -1.5392886e-02]
 [ 2.8665489e-01  9.4247818e-01 -1.6583899e-01  2.9837914e-02
   1.0659681e-02 -2.6613796e-02 -1.8678682e-02]
 [-9.5128134e-02 -1.4371754e-01 -9.8454016e-01 -1.2991488e-02
  -2.7838090e-02 -8.5889519e-04 -5.6729931e-03]
 [ 3.3207034e-04  3.0498973e-03 -1.6708691e-02 -5.4646689e-01
   8.3574903e-01 -4.3908730e-02 -2.6095593e-02]
 [ 7.2722100e-02  1.1568456e-02  1.7803121e-02 -8.3124387e-01
  -5.4682803e-01 -6.5147348e-02 -5.4108035e-03]
 [ 1.7253695e-02  2.3755167e-02 -4.8158076e-03 -7.6689124e-02
   9.0270612e-04  9.9599791e-01 -3.4942668e-02]
 [ 2.0471286e-02  1.3155004e-02 -9.9669909e-03 -2.0128025e-02
   1.9488793e-02  3.2754287e-02  9.9872452e-01]]",62
9,10,8,0.9,1.1433099508285522,"[[ 0.9726782  -0.20489873 -0.07628849  0.04501483  0.05892091  0.00821014
  -0.02180476  0.0072679 ]
 [ 0.1867031   0.96065205 -0.19686306 -0.01039793 -0.00966595  0.03323995
  -0.03409112  0.03264968]
 [ 0.11149468  0.17813781  0.970503   -0.06692749  0.08492667 -0.04251749
  -0.02132792 -0.00237201]
 [-0.01714114  0.03282012  0.07480978  0.96094835 -0.21843953 -0.1428985
  -0.00758287 -0.03765043]
 [-0.07260768  0.01117059 -0.06046834  0.23078045  0.9665141   0.05484942
  -0.02293557  0.00177286]
 [ 0.00787295  0.01912724 -0.06393968 -0.12490347  0.0816458  -0.9858116
  -0.02303628 -0.02935625]
 [ 0.02956405  0.03569004  0.00896156  0.00566732  0.02582043 -0.01847841
   0.9933803  -0.09963505]
 [ 0.01030955  0.0242823  -0.01129928 -0.03274154  0.00491245  0.03775664
  -0.09994392 -0.99331063]]",62
10,11,8,0.9,1.4752256870269775,"[[ 9.67318594e-01  1.95082650e-01  2.81352215e-02 -3.82718518e-02
   5.63460924e-02  1.69285629e-02 -2.16649775e-03  1.43231124e-01]
 [ 1.75936252e-01 -8.10718358e-01 -5.43658137e-01 -2.91755535e-02
  -5.86903170e-02  7.00942278e-02  7.77725503e-02  3.09911463e-02]
 [ 8.24384317e-02 -5.01527429e-01  8.27667534e-01 -2.24162973e-02
  -1.36388078e-01  1.33314148e-01  1.40566275e-01 -2.21178401e-03]
 [ 4.45786212e-03 -9.20407102e-02  4.76937965e-02  8.80298495e-01
   4.14286405e-01 -1.09062284e-01  3.66567224e-02  1.71572044e-01]
 [-4.76213582e-02  7.02606607e-03  4.92370396e-04 -2.46421635e-01
   7.23941982e-01  6.21058941e-01  1.22472145e-01 -1.10242337e-01]
 [-1.11633558e-02 -7.44194351e-03 -1.82153122e-03  1.89430624e-01
  -2.58673787e-01  5.52855670e-01 -7.51846671e-01  1.61548346e-01]
 [ 1.14818692e-01 -1.60454586e-01  8.60468745e-02 -5.40079549e-02
   2.94737697e-01 -3.68602097e-01 -5.30048609e-01 -6.68626010e-01]
 [-1.04640312e-01 -1.37211129e-01  9.44897234e-02 -3.50330800e-01
   3.53936791e-01 -3.71351510e-01 -3.34095538e-01  6.81007028e-01]]",62
0,1,6,0.9,0.8293983340263367,"[[ 0.98730874 -0.01162996  0.15429921  0.00193334  0.02504181 -0.02543857]
 [ 0.03213181  0.99054915 -0.12456115 -0.03755695 -0.02803727  0.00823883]
 [-0.15365364  0.12756778  0.97489256 -0.05665347  0.0596665  -0.05414551]
 [-0.00833314  0.04352792  0.054756    0.9963385  -0.04313324  0.02206536]
 [-0.01775866  0.02252238 -0.07230794  0.04905616  0.9814431  -0.16826119]
 [ 0.01395538  0.00130088  0.04510031 -0.01671261  0.17301922  0.98364353]]",63
1,2,6,0.9,0.8960071802139282,"[[ 0.983486   -0.09956496 -0.14983955 -0.01566221 -0.00169235 -0.01191863]
 [ 0.12831385  0.96803945  0.20653075 -0.05314448  0.01436333 -0.02737966]
 [ 0.12550117 -0.22067557  0.9638305   0.03072637  0.06781693  0.03223767]
 [ 0.01770648  0.0561642  -0.0242174   0.9963822   0.05244619 -0.0204305 ]
 [-0.00954127 -0.00173128 -0.06783863 -0.05363122  0.9961656   0.00903697]
 [ 0.01165128  0.03363594 -0.02711745  0.0182311  -0.00975587  0.99878424]]",63
2,3,6,0.9,0.9156298637390137,"[[ 0.93062     0.34497052 -0.08432981  0.04839575  0.0134675   0.07284687]
 [-0.33244848  0.93440115  0.05793027 -0.09393879 -0.05181455 -0.03882567]
 [ 0.09424829 -0.02498935  0.9902836  -0.03377699  0.05891397  0.07224568]
 [-0.07543589  0.06948277  0.04275393  0.99254894 -0.03852709  0.03187227]
 [-0.04791198  0.04905961 -0.05986058  0.03047037  0.989586    0.10726313]
 [-0.08096604  0.00554574 -0.05881984 -0.04013137 -0.11357026  0.98764634]]",63
3,4,6,0.9,0.8217266201972961,"[[ 0.9910084   0.11701318 -0.05258484  0.02473669 -0.01331405 -0.02560758]
 [-0.11295777  0.9896216   0.07151276 -0.03909568 -0.03019747 -0.01831072]
 [ 0.06000893 -0.06346315  0.9943365   0.01055667  0.05317675 -0.02696568]
 [-0.02903264  0.03814204 -0.00828314  0.9979382   0.0404792   0.01069388]
 [ 0.00614055  0.03206726 -0.05285426 -0.04116046  0.99513406 -0.06445414]
 [ 0.02571049  0.02112814  0.02352828 -0.013162    0.06444093  0.99700207]]",63
4,5,6,0.9,0.830430805683136,"[[ 9.1489935e-01  3.8826725e-01  9.8481901e-02  4.2015292e-02
  -2.4756322e-02 -1.1438123e-02]
 [-3.9263186e-01  9.1931343e-01  2.3943793e-02 -5.4795673e-04
  -2.8412717e-03  1.1016439e-02]
 [-7.7118598e-02 -5.7496529e-02  9.8314780e-01 -1.2299416e-01
  -5.6381114e-03 -9.4910152e-02]
 [-4.7287978e-02 -2.4390524e-02  1.2920497e-01  9.8317868e-01
  -1.8619710e-03  1.1760626e-01]
 [ 2.1270696e-02  1.1693451e-02  9.8450668e-03 -3.1912813e-04
   9.9948281e-01  1.8654287e-02]
 [ 1.2786086e-02 -8.5945176e-03  7.9734378e-02 -1.2832159e-01
  -1.9441878e-02  9.8821086e-01]]",63
5,6,6,0.9,0.8495722413063049,"[[ 9.9990231e-01  2.9490681e-03 -3.2276085e-03 -8.0133975e-03
   4.5953984e-03 -9.5324432e-03]
 [-2.1048344e-03  9.6544099e-01  2.5855240e-01  1.9403450e-02
  -7.4509002e-04 -2.6319874e-02]
 [ 2.8555756e-03 -2.5677675e-01  9.6047419e-01 -4.6150882e-02
   9.4830774e-02 -2.0595392e-02]
 [ 9.3574757e-03 -3.3535250e-02  5.5713583e-02  9.8266804e-01
  -1.6723220e-01  4.5616306e-02]
 [-2.2803228e-03  2.2180641e-02 -7.9663157e-02  1.6534619e-01
   9.7471040e-01  1.2552631e-01]
 [ 9.4851106e-03  1.9078027e-02  3.4342632e-02 -6.6735722e-02
  -1.1383526e-01  9.9043149e-01]]",63
6,7,7,0.9,0.937924861907959,"[[ 0.99067277  0.01436886  0.11975227  0.00636183 -0.05961804  0.00375688
  -0.02028495]
 [-0.04806196  0.9593867   0.2743516   0.01750911 -0.00187993  0.02539121
  -0.0323046 ]
 [-0.10702237 -0.2771132   0.94706446 -0.08257589  0.06653808  0.03757738
  -0.04653002]
 [-0.00780778 -0.03814575  0.06492566  0.99093074  0.10670279  0.01848406
  -0.02444755]
 [ 0.06717213  0.02501432 -0.06415826 -0.10125464  0.98984784 -0.01170561
  -0.02361547]
 [-0.00271246  0.01270436  0.04404379  0.0165617  -0.00787547 -0.9985753
  -0.02005999]
 [ 0.01494311  0.01835057  0.05646101  0.01906873  0.0277242  -0.01725579
   0.9974077 ]]",63
7,8,7,0.9,0.9444898962974548,"[[ 9.96789038e-01 -6.82553351e-02 -3.73520032e-02  1.02486433e-02
  -5.29922033e-03  1.03893050e-03  1.49469804e-02]
 [ 5.86606488e-02  9.72154677e-01 -2.08104432e-01  5.54372445e-02
   6.89313710e-02  1.69289932e-02 -7.43703963e-03]
 [-5.03448360e-02 -2.05578998e-01 -9.76423264e-01 -9.65239201e-03
   1.07955979e-02 -3.90210189e-02 -8.25347286e-03]
 [-1.33570265e-02 -5.10853007e-02  5.02363825e-03  9.93837535e-01
  -3.18216197e-02 -9.05103162e-02 -1.63994245e-02]
 [ 1.44894072e-03 -6.59428239e-02  2.59807687e-02  2.51913369e-02
   9.96487796e-01 -3.63231264e-02  5.71514713e-03]
 [-5.21559920e-03 -3.15922312e-02 -3.33521999e-02  9.00928006e-02
   3.27477492e-02  9.94320095e-01  9.32699244e-04]
 [-1.51055558e-02  6.12399960e-03 -9.08622425e-03  1.62550844e-02
  -5.56832412e-03 -2.41658604e-03  9.99675333e-01]]",63
8,9,7,0.9,0.9486545324325562,"[[ 0.9686129  -0.23582935 -0.0446505  -0.03931992 -0.04771818 -0.01075996
  -0.01552565]
 [ 0.22233038  0.9561888  -0.1873708  -0.02098064 -0.01064372 -0.01942792
  -0.01527813]
 [ 0.08498129  0.1718478   0.9804122   0.00148336 -0.04343103 -0.00923789
   0.00804157]
 [ 0.00559302  0.00423597 -0.02687925  0.8338426  -0.5486829  -0.04006203
  -0.035732  ]
 [ 0.06656667  0.01037261  0.02801663  0.5464176   0.83299994 -0.04695218
   0.00328954]
 [ 0.01858351  0.01813959  0.00541796  0.05785615  0.016467    0.9976308
  -0.02026747]
 [ 0.01812956  0.01006157 -0.01239663  0.02825869 -0.02259148  0.01857362
   0.9988806 ]]",63
9,10,8,0.9,1.133900761604309,"[[ 9.8222309e-01 -1.5809187e-01 -7.6269656e-02  1.0726181e-02
   6.1958566e-02  1.4492761e-02 -1.6145244e-02 -1.7506493e-03]
 [ 1.4261092e-01  9.7059315e-01 -1.8603817e-01 -2.5754206e-02
  -2.1511957e-02  2.0257322e-02 -3.2723784e-02  1.9836610e-02]
 [ 9.9951506e-02  1.7234357e-01  9.7321784e-01 -7.4493349e-02
   7.4065275e-02 -4.4380672e-02 -8.4305713e-03 -8.8788457e-03]
 [-2.1089030e-02 -3.4020908e-02 -7.9922140e-02 -9.4595408e-01
   2.8444904e-01  1.2580581e-01  1.4885166e-03  2.0991387e-02]
 [ 6.3146271e-02 -2.8145274e-02  4.9255002e-02 -2.9025531e-01
  -9.5204270e-01 -1.4147551e-03  3.3384059e-02  3.2318179e-02]
 [ 1.0582619e-02  7.0236446e-03 -5.9222646e-02 -1.1764015e-01
   3.4247283e-02 -9.8949844e-01  2.4223194e-02 -4.0315259e-02]
 [ 1.9097198e-02  3.1990137e-02  5.0525554e-04  1.1949536e-02
   3.0683590e-02  2.5648413e-02  9.9801743e-01 -2.8821670e-02]
 [ 8.4482948e-04  1.5204522e-02 -9.9326847e-03 -2.4762120e-02
  -2.8317748e-02  4.2612497e-02 -2.9241590e-02 -9.9778926e-01]]",63
10,11,8,0.9,1.45131516456604,"[[ 0.9769235   0.17811249 -0.02225708  0.04728914 -0.04160345 -0.00837425
   0.0116122   0.09606623]
 [ 0.15378058 -0.8816665  -0.41722304 -0.0462127   0.06300537  0.08947885
   0.10219204  0.01964304]
 [ 0.09142768 -0.3811145   0.9032992  -0.01837444  0.07647527  0.08314419
   0.13019887  0.01981025]
 [ 0.01275402 -0.04277446  0.03759455 -0.80328923 -0.46569145 -0.34233114
  -0.03545802  0.12650834]
 [-0.0393922  -0.02060761  0.00798161  0.26995903 -0.8272185   0.46951887
   0.14014836 -0.0264978 ]
 [ 0.02147681 -0.04010233  0.03944077 -0.19753964  0.07815106  0.50421464
  -0.8231155   0.13962018]
 [ 0.09421235 -0.12042582  0.05559398  0.12318867 -0.16937964 -0.30612457
  -0.364416   -0.83854324]
 [-0.05060765 -0.16530907  0.05793777  0.47216707 -0.22911815 -0.54719937
  -0.37583658  0.5006375 ]]",63
0,1,6,0.9,0.8315445184707642,"[[ 9.8594272e-01 -5.1715601e-02  1.5558577e-01  2.4969068e-03
   2.4565512e-02 -2.0634104e-02]
 [ 6.4607441e-02  9.9393684e-01 -7.3403247e-02 -4.2409126e-02
  -2.6315810e-02  6.0264720e-03]
 [-1.5282404e-01  8.2024805e-02  9.8046613e-01 -5.0279692e-02
   5.6822579e-02 -5.3349186e-02]
 [-6.5477928e-03  4.5489002e-02  4.9795475e-02  9.9669451e-01
  -3.7452385e-02  2.4612073e-02]
 [-1.6086955e-02  2.4845852e-02 -6.8840846e-02  4.3423455e-02
   9.8025972e-01 -1.7773636e-01]
 [ 9.2695840e-03  6.2653603e-04  4.3273862e-02 -1.9538034e-02
   1.8210851e-01  9.8208749e-01]]",64
1,2,6,0.9,0.8856211304664612,"[[ 9.8638535e-01 -7.1515098e-02 -1.4753307e-01 -1.0902354e-02
  -3.3802381e-03 -5.7825921e-03]
 [ 9.8236829e-02  9.7580659e-01  1.8802516e-01 -4.4911496e-02
   6.3622659e-03 -2.7204784e-02]
 [ 1.3125627e-01 -1.9749363e-01  9.6763414e-01  3.7306733e-02
   7.0609525e-02  3.2783527e-02]
 [ 9.8927775e-03  5.0866477e-02 -3.3330433e-02  9.9656850e-01
   5.5219617e-02 -2.4021345e-03]
 [-7.1798912e-03  4.3322183e-03 -6.8136632e-02 -5.7642668e-02
   9.9588412e-01 -1.3393494e-02]
 [ 4.0050466e-03  3.2821171e-02 -2.8482014e-02 -8.8694500e-04
   1.1321254e-02  9.9898279e-01]]",64
2,3,6,0.9,0.9048885703086853,"[[ 0.9371809   0.32471508 -0.09191521  0.05801196  0.01791507  0.0641658 ]
 [-0.3110301   0.9421227   0.0769055  -0.07637492 -0.05471425 -0.03039483]
 [ 0.10811372 -0.04260399  0.9872985  -0.04643009  0.06251534  0.07532608]
 [-0.07776254  0.05391912  0.05263182  0.9927877   0.0426281   0.02882593]
 [-0.0462545   0.04715783 -0.06613982 -0.04830699  0.9883561   0.10991253]
 [-0.07125372  0.00432313 -0.06110777 -0.02616586 -0.11879487  0.98811597]]",64
3,4,6,0.9,0.81804358959198,"[[ 0.9850776   0.16493921 -0.02337113  0.02937132 -0.02010025 -0.02458188]
 [-0.164154    0.98432046  0.0460189  -0.02373439 -0.0342122  -0.01774977]
 [ 0.03110107 -0.04081719  0.9967691  -0.0175889   0.04764198 -0.03520007]
 [-0.03113767  0.0198569   0.01857789  0.997991    0.03839396  0.02882295]
 [ 0.01194833  0.03651744 -0.04995185 -0.0352491   0.99388975 -0.08348135]
 [ 0.02441294  0.02267864  0.03077676 -0.03218671  0.08285383  0.9950084 ]]",64
4,5,6,0.9,0.8040050268173218,"[[ 0.921727    0.36904046  0.10340319  0.05791773 -0.01236225 -0.00538489]
 [-0.37500128  0.92636627  0.02821298  0.01393762 -0.00971898  0.01161144]
 [-0.08077431 -0.06035579  0.9844855  -0.10405459 -0.03715716 -0.09172216]
 [-0.05613821 -0.04173372  0.10858069  0.98482144  0.04390515  0.10731276]
 [ 0.00768296  0.01258608  0.03801262 -0.05303169  0.99653566  0.04941466]
 [ 0.00764018 -0.01056826  0.07788032 -0.11374632 -0.05797382  0.9886685 ]]",64
5,6,7,0.9,0.9026190638542175,"[[ 9.98488963e-01  4.71415184e-02 -1.48432553e-02 -1.91554253e-03
   1.24205686e-02  1.40935986e-03  2.04277001e-02]
 [-4.31679338e-02  9.80893135e-01  1.87215716e-01  1.41946375e-02
   2.24958360e-03 -2.16508489e-02 -1.61278676e-02]
 [ 2.26637404e-02 -1.85648322e-01  9.77855563e-01 -5.47117144e-02
   7.26490691e-02 -1.60862692e-02 -1.70185976e-02]
 [ 6.49638101e-03 -2.52066236e-02  6.39037490e-02  9.79874969e-01
  -1.84766188e-01  2.88262032e-02 -1.06945215e-02]
 [-1.47489915e-02  9.46188252e-03 -5.59459999e-02  1.83407009e-01
   9.68509972e-01  1.37641177e-01  7.72540420e-02]
 [ 1.41679106e-04  1.76351070e-02  2.55678985e-02 -5.45473918e-02
  -1.26989469e-01  9.89594638e-01 -2.52205376e-02]
 [-1.95702314e-02  1.11845573e-02  2.57136449e-02 -5.75052341e-03
  -7.92863816e-02  1.40353525e-02  9.96149778e-01]]",64
6,7,7,0.9,0.9308213591575623,"[[ 0.98913544  0.07708836  0.10539739  0.02274899 -0.06060675 -0.00437632
  -0.0187093 ]
 [-0.09902249  0.97410285  0.19516133  0.01011628 -0.01779573 -0.02629164
  -0.04604356]
 [-0.08265231 -0.20336895  0.96703714 -0.10068023  0.05373056 -0.03653628
  -0.04786018]
 [-0.02215662 -0.02884752  0.08582836  0.98672605  0.12997551 -0.01272256
  -0.02503274]
 [ 0.06612058  0.03621978 -0.05551414 -0.12324149  0.98779565 -0.00768944
  -0.01570145]
 [-0.00119752  0.01800153  0.04091403  0.00807052  0.01025216  0.99879146
  -0.01567865]
 [ 0.01048655  0.0367973   0.05933344  0.01902073  0.01960018  0.01221534
   0.9970559 ]]",64
7,8,7,0.9,0.9336851239204407,"[[ 9.91697967e-01 -1.19105712e-01  4.59400006e-02  9.61831491e-03
  -7.11864932e-03 -9.87212756e-04  9.71013401e-03]
 [ 1.06691346e-01  9.67730820e-01  2.07272664e-01  6.14131987e-02
   7.09429756e-02 -8.76662787e-03 -1.64504983e-02]
 [-6.88930005e-02 -1.99130982e-01  9.76468921e-01 -2.64864918e-02
  -5.55955432e-03  3.70999053e-02 -3.89377907e-04]
 [-1.75164640e-02 -6.28693700e-02  9.78400558e-03  9.94346857e-01
   4.43808036e-03  8.30452889e-02 -1.74387021e-03]
 [-5.42163325e-04 -6.91734254e-02 -1.08819772e-02 -1.32198092e-02
   9.95968819e-01  5.40110059e-02  7.11157639e-03]
 [ 5.81400096e-03  2.52242573e-02 -3.47029530e-02 -8.07096362e-02
  -5.37586994e-02  9.94114399e-01  2.14064177e-02]
 [-8.05589650e-03  1.68483965e-02  4.18301579e-03  4.46424587e-03
  -4.69245994e-03 -2.16493681e-02  9.99561429e-01]]",64
8,9,7,0.9,0.9410308599472046,"[[ 0.96462554 -0.24684468 -0.06527369 -0.04262557 -0.04707333  0.01020222
  -0.01294973]
 [ 0.23561619  0.9635439  -0.11560389 -0.02799816 -0.0275948   0.02906128
  -0.01772132]
 [-0.09257504 -0.0967817  -0.9905412  -0.02748255  0.01016403 -0.00113698
  -0.00560053]
 [-0.00740557 -0.00317443 -0.02558602  0.69677454 -0.71520734  0.04162759
  -0.02304505]
 [ 0.0677177   0.01884387 -0.02072725  0.7094396   0.6962089   0.08028039
  -0.01316343]
 [-0.02130369 -0.026513    0.00526391 -0.08404826 -0.0252616   0.9945748
   0.04398165]
 [ 0.01783446  0.01470082 -0.00955057  0.02793444 -0.00725957 -0.04115111
   0.99842286]]",64
9,10,8,0.9,1.127246618270874,"[[ 0.97436213 -0.18910177 -0.08541831 -0.06011111  0.05536827  0.01981594
  -0.02055493 -0.00827395]
 [ 0.16804807  0.96230245 -0.20635383  0.00280098 -0.0137484   0.03545538
  -0.02865927 -0.02960685]
 [ 0.12026689  0.18794014  0.96720725  0.06728953  0.09293325 -0.03165434
  -0.02354175 -0.00195528]
 [-0.0068063  -0.02065185 -0.10355227  0.74563855  0.6392678   0.15248975
  -0.00176347 -0.03012772]
 [ 0.08095046 -0.02205851  0.0223555   0.64886755 -0.7548469   0.00241837
   0.02976857 -0.02730828]
 [-0.02083405 -0.0216477   0.05649216 -0.11475089 -0.09406251  0.9865372
   0.01740985 -0.01821322]
 [ 0.02648989  0.03062259  0.01288685 -0.01333755  0.02799326 -0.01489194
   0.9967661   0.05889547]
 [ 0.0133812   0.02394802 -0.00718749  0.03872065 -0.00449739  0.02473641
  -0.05888152  0.9967935 ]]",64
10,11,8,0.9,1.4376531839370728,"[[-0.9664984   0.18686189  0.00113421  0.04126221  0.09847277 -0.01940982
  -0.01129278 -0.13805269]
 [-0.16327564 -0.77809733 -0.58272237  0.02046031 -0.07544299  0.10879805
   0.1010018   0.01384133]
 [-0.1085327  -0.53790957  0.8067968   0.09599331 -0.06310848  0.1120539
   0.14887817 -0.00588768]
 [-0.00432927  0.10662521 -0.05728821  0.8687531  -0.46109957  0.02313359
  -0.07620922  0.10790066]
 [ 0.07018507  0.03757817 -0.03700543  0.36024478  0.7356611   0.5535069
   0.0547645   0.10931604]
 [-0.01780684 -0.02631811  0.03953843 -0.18709959 -0.25077796  0.5676596
  -0.7417618  -0.16456977]
 [-0.08394948 -0.16423462  0.05643384  0.03834215  0.25154147 -0.41003248
  -0.54384243  0.6589083 ]
 [-0.12301767  0.17278257 -0.01062045 -0.26015273 -0.3172634   0.4218544
   0.3357442   0.704187  ]]",64
0,1,6,0.9,0.8350468873977661,"[[ 0.987627   -0.00458536  0.15298069  0.00489342  0.02391678 -0.02393422]
 [ 0.01986074  0.99459237 -0.09111195 -0.03444803 -0.02752384  0.01208375]
 [-0.15361246  0.09306821  0.9792197  -0.05432957  0.05521045 -0.05357721]
 [-0.01140937  0.03830414  0.05367932  0.9965728  -0.0336605   0.03508159]
 [-0.01771058  0.02490381 -0.06806531  0.04204151  0.979288   -0.18346897]
 [ 0.01256293 -0.00399412  0.04370442 -0.0302125   0.1883728   0.98057073]]",65
1,2,6,0.9,0.8911499977111816,"[[ 9.85594213e-01 -8.23046044e-02 -1.46992192e-01 -1.21326875e-02
  -5.35612740e-03 -6.87928125e-03]
 [ 1.04444712e-01  9.80533779e-01  1.56249627e-01 -5.05420119e-02
   9.38619766e-03 -2.42552254e-02]
 [ 1.32084608e-01 -1.67559773e-01  9.72698390e-01  2.47168131e-02
   7.83228502e-02  3.98739278e-02]
 [ 1.35564478e-02  5.25702983e-02 -2.22977642e-02  9.96439457e-01
   5.89862019e-02 -1.35858636e-02]
 [-6.99880393e-03 -5.04652737e-04 -7.64144808e-02 -6.08942136e-02
   9.94707942e-01 -3.09761912e-02]
 [ 4.02093492e-03  3.06483880e-02 -3.87419425e-02  9.37208347e-03
   2.87298691e-02  9.98313725e-01]]",65
2,3,6,0.9,0.9181995987892151,"[[ 0.92342985  0.35771707 -0.1005648   0.05510147  0.02768634  0.07348382]
 [-0.34526238  0.9311479   0.06574188 -0.07403431 -0.05667627 -0.02724467]
 [ 0.11291424 -0.0261682   0.9861305  -0.05990648  0.06699905  0.07768276]
 [-0.07595064  0.05002572  0.06424125  0.9920368   0.0449426   0.03801402]
 [-0.05789952  0.04234118 -0.06970745 -0.05037101  0.98953164  0.09102504]
 [-0.07874505 -0.00469226 -0.06422876 -0.03492334 -0.10168389  0.98898566]]",65
3,4,6,0.9,0.8304204344749451,"[[ 0.9865765   0.15296088 -0.03993203  0.0319825  -0.0210794  -0.01441738]
 [-0.15051329  0.98528206  0.06385016 -0.0242169  -0.03319406 -0.02828291]
 [ 0.05022313 -0.05691878  0.99486274 -0.02204465  0.0478058  -0.04140909]
 [-0.03343147  0.01946618  0.02472986  0.9982544   0.02651632  0.02601433]
 [ 0.01305763  0.03553116 -0.05072176 -0.02297748  0.9934359  -0.0924743 ]
 [ 0.01420891  0.03067815  0.03731639 -0.02940671  0.09246854  0.9940066 ]]",65
4,5,6,0.9,0.8155885934829712,"[[ 9.28027987e-01  3.59288663e-01  8.57189521e-02  4.73388694e-02
  -9.32332128e-03  4.08738677e-04]
 [-3.63770634e-01  9.30723548e-01  2.51447596e-02  1.87375266e-02
  -1.52953146e-02  1.43958004e-02]
 [-6.69764802e-02 -4.98986468e-02  9.85610366e-01 -9.99523699e-02
  -3.98041010e-02 -1.00108095e-01]
 [-4.39508073e-02 -4.12384570e-02  1.08756527e-01  9.83792007e-01
   3.65422368e-02  1.23926833e-01]
 [ 2.28886493e-03  1.61259212e-02  4.25805598e-02 -4.87798527e-02
   9.95814681e-01  6.24126382e-02]
 [ 3.50848888e-03 -1.46541875e-02  8.33733603e-02 -1.31116137e-01
  -7.15026110e-02  9.85148668e-01]]",65
5,6,6,0.9,0.8402848243713379,"[[ 9.99722838e-01  1.89870913e-02 -6.20741514e-04 -6.92042476e-03
   1.20550757e-02  1.56863898e-05]
 [-1.81803759e-02  9.74075258e-01  2.23570973e-01  1.57049093e-02
  -5.94549440e-03 -2.40964144e-02]
 [ 3.55511042e-03 -2.21724421e-01  9.70394313e-01 -6.48748875e-02
   6.71490878e-02 -2.10410487e-02]
 [ 8.75809602e-03 -3.09112072e-02  6.73091412e-02  9.90816176e-01
  -1.05409294e-01  4.01179790e-02]
 [-1.15400553e-02  2.00696047e-02 -5.31304367e-02  1.02596000e-01
   9.81366217e-01  1.51775002e-01]
 [ 1.03451416e-03  1.72225870e-02  3.15768234e-02 -5.70444539e-02
  -1.45325869e-01  9.87082303e-01]]",65
6,7,6,0.9,0.8499207496643066,"[[ 9.92061138e-01  1.60784088e-02  1.01325147e-01  2.80530527e-02
  -6.69005588e-02 -5.16157784e-03]
 [-4.13009673e-02  9.70096529e-01  2.37192467e-01  1.31208133e-02
  -1.62968915e-02  2.25593112e-02]
 [-8.78161266e-02 -2.36844495e-01  9.58204329e-01 -1.19989969e-01
   3.82068008e-02  4.66925241e-02]
 [-3.06872074e-02 -3.92815694e-02  1.05480991e-01  9.87011135e-01
   1.07037015e-01  2.72237919e-02]
 [ 7.30300620e-02  3.03684976e-02 -3.78085189e-02 -9.99476537e-02
   9.91123021e-01 -5.62356494e-04]
 [-1.10482667e-02  9.67311673e-03  5.25526181e-02  2.15121601e-02
   4.12535109e-03 -9.98269856e-01]]",65
7,8,6,0.9,0.8532933592796326,"[[ 9.9317402e-01 -1.0594478e-01 -4.7399573e-02  7.2639445e-03
  -8.7871207e-03 -2.0629277e-03]
 [ 9.3600743e-02  9.6819907e-01 -2.1085072e-01  5.0250277e-02
   8.1563428e-02  1.3919631e-02]
 [-6.8484515e-02 -2.0389208e-01 -9.7576380e-01 -4.9854009e-03
  -1.4112185e-02 -3.7401900e-02]
 [-1.2100805e-02 -4.7344942e-02  8.6290305e-03  9.9581081e-01
  -2.2038070e-03 -7.6769061e-02]
 [ 2.6741342e-04 -8.1482999e-02  5.0502680e-03 -6.5303100e-03
   9.9467981e-01 -6.2484547e-02]
 [-2.7433992e-03 -3.0220201e-02 -3.2868031e-02  7.5600460e-02
   6.0648166e-02  9.9428624e-01]]",65
8,9,7,0.9,0.9378824830055237,"[[ 9.75998580e-01 -2.03390539e-01 -4.04116735e-02 -3.64397913e-02
  -5.17391562e-02 -1.35017531e-02 -1.54532501e-02]
 [ 1.94586173e-01  9.71137702e-01 -1.31598875e-01 -1.78034045e-02
  -1.90609861e-02 -2.44123712e-02 -2.08170246e-02]
 [ 6.75223321e-02  1.21157944e-01  9.89484906e-01  3.99595164e-02
  -3.23916879e-03 -6.95958687e-03  5.04950481e-03]
 [-1.09764207e-02 -3.28568905e-03 -3.10265645e-02  7.39067733e-01
  -6.70926630e-01 -4.07444052e-02 -2.97055040e-02]
 [ 6.36391640e-02  8.24915711e-03 -3.03003229e-02  6.67016804e-01
   7.38991916e-01 -6.27551675e-02 -2.26841122e-03]
 [ 2.14631092e-02  2.17728745e-02  2.34449370e-04  7.08690584e-02
   1.84670594e-02  9.96360958e-01 -3.10902316e-02]
 [ 1.93023365e-02  1.70812029e-02 -9.35542583e-03  2.45666150e-02
  -1.88838411e-02  2.89797056e-02  9.98723269e-01]]",65
9,10,7,0.9,1.0196510553359985,"[[ 9.8042130e-01 -1.7439401e-01 -5.0670657e-02 -5.3841610e-02
   4.7819294e-02  1.7886436e-02 -1.6963262e-02]
 [ 1.5706758e-01  9.5203036e-01 -2.5810772e-01  2.2334049e-02
  -1.7008010e-02  2.9450983e-02 -2.6323639e-02]
 [ 9.2086956e-02  2.4557139e-01  9.5822728e-01  5.4097835e-02
   9.0936221e-02 -3.7772767e-02 -1.9807482e-02]
 [-1.5764227e-02 -2.7823593e-02 -9.3944237e-02  6.1843598e-01
   7.6807594e-01  1.3321085e-01 -1.7205825e-03]
 [ 6.8644941e-02 -3.4450017e-02  1.8474905e-02  7.7682626e-01
  -6.2310678e-01  8.4698893e-04  4.5142986e-02]
 [ 1.6510202e-02  1.1587878e-02 -5.7945479e-02  8.2030714e-02
   9.9225707e-02 -9.8964930e-01 -1.5966361e-02]
 [ 1.9763673e-02  2.8711798e-02  9.4226943e-03 -3.2007106e-02
   3.3260431e-02 -1.5307755e-02  9.9816394e-01]]",65
10,11,7,0.9,1.4758837223052979,"[[ 0.977109    0.19494644 -0.02874515  0.07607529 -0.01998491  0.00201725
  -0.01538788]
 [ 0.18076539 -0.80123234  0.5511477  -0.01825348  0.09457034  0.06054186
   0.09297721]
 [ 0.0847087  -0.5050871  -0.8253029  -0.03523969  0.15713166  0.082783
   0.15427646]
 [-0.02235483  0.1231845   0.0614781   0.22085297  0.95273477 -0.08423141
  -0.13027568]
 [-0.06713904  0.0188532   0.00924963  0.80203795 -0.12008238  0.560347
   0.15289831]
 [ 0.01866726 -0.0223058  -0.01870842 -0.32925266  0.04873584  0.66672325
  -0.66595924]
 [-0.00711163 -0.22109309 -0.10034861  0.438394   -0.20363735 -0.4731533
  -0.69531715]]",65
0,1,6,0.9,0.8309875726699829,"[[ 9.8599970e-01 -2.4185581e-02  1.6120528e-01  7.8448665e-04
   2.6769266e-02 -2.2701891e-02]
 [ 3.8135514e-02  9.9512118e-01 -7.7914052e-02 -3.6807872e-02
  -2.7885655e-02  8.7438105e-03]
 [-1.6073422e-01  8.2957007e-02  9.7920799e-01 -5.0997920e-02
   5.5455584e-02 -5.2519046e-02]
 [-6.4443243e-03  3.9729495e-02  5.1320661e-02  9.9662572e-01
  -4.1091934e-02  2.8192654e-02]
 [-1.8994492e-02  2.6203956e-02 -6.7879930e-02  4.7761034e-02
   9.8006165e-01 -1.7760283e-01]
 [ 1.0608224e-02 -1.3844722e-03  4.3040447e-02 -2.2356296e-02
   1.8226615e-01  9.8199403e-01]]",66
1,2,6,0.9,0.8877040147781372,"[[ 9.83351171e-01 -9.37476829e-02 -1.55073792e-01 -1.25194676e-02
  -1.95036130e-03 -4.83503379e-03]
 [ 1.20506890e-01  9.74525809e-01  1.79831177e-01 -5.07589243e-02
   1.08788870e-02 -2.72653960e-02]
 [ 1.35007560e-01 -1.93284377e-01  9.68133748e-01  3.58398482e-02
   6.83621094e-02  3.42529267e-02]
 [ 1.32471025e-02  5.50303422e-02 -2.97992360e-02  9.97233510e-01
   3.53815891e-02 -1.34812873e-02]
 [-9.17657372e-03 -6.86273488e-05 -6.70972988e-02 -3.74904945e-02
   9.96836603e-01 -1.80246681e-02]
 [ 3.43318912e-03  3.35197747e-02 -3.06566823e-02  1.01085054e-02
   1.64103154e-02  9.98775899e-01]]",66
2,3,6,0.9,0.9118896722793579,"[[ 0.95288235  0.2753823  -0.0886059   0.05388893  0.01914729  0.07112086]
 [-0.26276106  0.9572889   0.06371845 -0.08152646 -0.05403998 -0.03045661]
 [ 0.09806108 -0.03672281  0.9880158  -0.04835708  0.06663986  0.07798143]
 [-0.07305861  0.06374655  0.0532757   0.9927174   0.02782897  0.03870603]
 [-0.04693441  0.04826867 -0.07089781 -0.03489308  0.9880373   0.11404199]
 [-0.07625921  0.00452248 -0.06363232 -0.03749098 -0.12361249  0.98662525]]",66
3,4,6,0.9,0.8239766955375671,"[[ 0.98307616  0.1740288  -0.03740402  0.03011495 -0.02082432 -0.02314086]
 [-0.17114542  0.98087156  0.07460031 -0.03313182 -0.03587562 -0.02550258]
 [ 0.05009355 -0.06631589  0.99455637 -0.00958196  0.05052531 -0.03613669]
 [-0.03399615  0.02854112  0.01240592  0.99821943  0.03140366  0.0211534 ]
 [ 0.0113307   0.03935077 -0.05143648 -0.02983462  0.99467814 -0.07350388]
 [ 0.02183803  0.02905567  0.0330719  -0.02390295  0.07318329  0.9958202 ]]",66
4,5,6,0.9,0.8114961981773376,"[[ 0.91182715  0.39579642  0.09465536  0.05288691 -0.01178113 -0.00457612]
 [-0.39969024  0.9162558   0.01182206  0.01133553 -0.01321623  0.01673718]
 [-0.07811474 -0.04417802  0.9858282  -0.10118033 -0.02648931 -0.09565584]
 [-0.05100507 -0.03777413  0.10775024  0.9843077   0.01995623  0.12288889]
 [ 0.00480288  0.01582288  0.0285525  -0.02687771  0.9984822   0.03495932]
 [ 0.00961494 -0.01384085  0.08135128 -0.13135087 -0.04024731  0.98702836]]",66
5,6,6,0.9,0.8335941433906555,"[[ 9.9903935e-01  4.1892465e-02  4.2340499e-03  1.6237050e-04
   1.1760131e-02 -3.0253395e-03]
 [-4.1925088e-02  9.7877169e-01  1.9809997e-01  2.1067167e-02
  -2.6959267e-03 -2.3528159e-02]
 [ 3.1799499e-03 -1.9674306e-01  9.7635752e-01 -4.5097087e-02
   7.5041451e-02 -1.8523635e-02]
 [ 2.7199676e-03 -3.0845122e-02  5.1111210e-02  9.8710585e-01
  -1.4228472e-01  4.2495780e-02]
 [-1.1491293e-02  1.5317949e-02 -6.3008882e-02  1.3878193e-01
   9.7825390e-01  1.3936302e-01]
 [ 3.6210732e-03  1.8897399e-02  2.9699033e-02 -6.2321704e-02
  -1.3037464e-01  9.8887110e-01]]",66
6,7,6,0.9,0.850753664970398,"[[ 0.9918836   0.05043953  0.09494537  0.02103709 -0.06450934 -0.00202073]
 [-0.06962757  0.97733134  0.19749132  0.0069595  -0.01431103  0.02682119]
 [-0.07663701 -0.20074649  0.9684913  -0.10585957  0.0543016   0.04119887]
 [-0.02120571 -0.02636623  0.09373271  0.988395    0.11300412  0.01935472]
 [ 0.07023738  0.03147957 -0.0546707  -0.10551565  0.9899037  -0.00662281]
 [-0.00791599  0.0171463   0.04724921  0.01563399 -0.00238847 -0.9985793 ]]",66
7,8,7,0.9,0.9270697236061096,"[[ 9.90993381e-01 -1.26879171e-01  3.98474894e-02  7.85110984e-03
  -7.84004945e-03 -7.49874685e-04  1.10585392e-02]
 [ 1.15430810e-01  9.65517938e-01  2.09703028e-01  6.57422990e-02
   7.63048232e-02  1.19007332e-02 -1.37597155e-02]
 [-6.49593174e-02 -2.01763079e-01  9.76394176e-01 -2.35692170e-02
  -7.01670302e-03 -3.33997756e-02 -2.45067920e-03]
 [-1.65389795e-02 -6.41160011e-02  6.53854338e-03  9.93818283e-01
  -2.59146281e-02 -8.47406164e-02 -6.76555373e-03]
 [-1.85724406e-03 -7.67862499e-02 -9.90894251e-03  1.73322130e-02
   9.95782614e-01 -4.44982648e-02  1.17809968e-02]
 [-4.27251821e-03 -2.73692813e-02  3.03995349e-02  8.38358030e-02
   4.12195921e-02  9.94770586e-01 -3.52647179e-03]
 [-9.63740144e-03  1.45719554e-02  5.10709686e-03  7.57714361e-03
  -1.06445476e-02  3.55005730e-03  9.99742627e-01]]",66
8,9,7,0.9,0.9361944198608398,"[[ 9.7076452e-01 -2.2116257e-01 -6.6215090e-02 -4.5626391e-02
  -4.4140533e-02 -1.1188984e-02 -1.2789270e-02]
 [ 2.0949763e-01  9.6838301e-01 -1.2902664e-01 -2.1000616e-02
  -1.7833252e-02 -2.4624113e-02 -1.8209260e-02]
 [-9.3013540e-02 -1.1163325e-01 -9.8879969e-01 -2.5125144e-02
   2.1881254e-02  6.8476517e-03 -2.1720633e-03]
 [-4.1752486e-03 -3.5113438e-03 -3.2979585e-02  6.9172627e-01
  -7.1916324e-01 -4.9048197e-02 -2.8209163e-02]
 [ 6.6088185e-02  1.0873062e-02 -1.0727324e-02  7.1535981e-01
   6.9256151e-01 -6.3312903e-02 -3.0695752e-03]
 [ 2.0303417e-02  2.2364823e-02  7.1474316e-04  7.8104302e-02
   7.9884017e-03  9.9608958e-01 -2.6991827e-02]
 [ 1.6678220e-02  1.5115958e-02 -6.2944279e-03  2.2819731e-02
  -1.8806394e-02  2.4756892e-02  9.9898273e-01]]",66
9,10,7,0.9,1.0084846019744873,"[[ 0.97924155 -0.16603816 -0.08845796 -0.04460764  0.055516    0.01859759
  -0.01657604]
 [ 0.14685239  0.9670111  -0.20165783  0.0204754  -0.02184996  0.03229731
  -0.02680083]
 [ 0.1165517   0.18552901  0.96830046  0.06114543  0.09506083 -0.03274653
  -0.02326675]
 [-0.00515466 -0.02986251 -0.09098332  0.8522281   0.49352598  0.14470407
   0.00197396]
 [ 0.07209613 -0.02904835  0.0497391   0.5038659  -0.85780895 -0.01455374
   0.03944035]
 [ 0.01760341  0.01846331 -0.05436596  0.11513194  0.08218065 -0.9881199
   0.00189392]
 [ 0.02004392  0.02869525  0.01400086 -0.02057289  0.03530358  0.00257576
   0.99845004]]",66
10,11,8,0.9,1.4612351655960083,"[[ 0.97101486  0.19492368 -0.01576044 -0.06259958  0.05724308  0.00122729
  -0.00424159 -0.10803533]
 [ 0.16146792 -0.8335244  -0.5152676  -0.01405901 -0.06219883  0.05651033
   0.07988724 -0.00476629]
 [ 0.11031894 -0.47279963  0.8474317  -0.0397092  -0.11658005  0.07836556
   0.15490147 -0.02909148]
 [-0.01230817  0.0998916  -0.06361299 -0.7033752  -0.68146694  0.08698521
  -0.05141204  0.12837426]
 [-0.05899564  0.00999578 -0.00702559 -0.5189078   0.6162017   0.54721737
   0.18643062  0.11487935]
 [ 0.00988092 -0.04217304  0.03786526  0.21414162 -0.1244337   0.623311
  -0.72466516 -0.14728683]
 [ 0.08793705 -0.12658082  0.08925679 -0.11046505  0.22110072 -0.32957333
  -0.4924223   0.74571526]
 [ 0.08617166  0.12578891 -0.05112476  0.41502476 -0.2660689   0.43187442
   0.40569273  0.61643934]]",66
0,1,6,0.9,0.8292553424835205,"[[ 0.98544323 -0.00468054  0.16628802 -0.00205915  0.02642342 -0.02292508]
 [ 0.01926019  0.99542636 -0.08150842 -0.03641044 -0.02760433  0.00490171]
 [-0.16748492  0.08330195  0.9779116  -0.05170571  0.05872001 -0.05076304]
 [-0.00495444  0.03958052  0.05192306  0.99683493 -0.04097526  0.01881206]
 [-0.0181911   0.0243121  -0.07060301  0.04619941  0.9809015  -0.17260113]
 [ 0.01113511  0.00273973  0.04138483 -0.01349838  0.17676283  0.9832235 ]]",67
1,2,6,0.9,0.8854274749755859,"[[-9.81285691e-01 -1.04868785e-01 -1.60409048e-01 -1.55209107e-02
  -1.18807296e-03 -1.03664584e-02]
 [-1.35690585e-01  9.67728198e-01  2.03942239e-01 -5.11639379e-02
   1.41693838e-02 -2.60605142e-02]
 [-1.34887442e-01 -2.19833627e-01  9.62564707e-01  3.82468030e-02
   6.63932189e-02  3.28169651e-02]
 [-1.66810509e-02  5.60630001e-02 -3.03981919e-02  9.97420192e-01
   2.47635599e-02 -1.39423739e-02]
 [ 1.01566864e-02 -6.46914530e-04 -6.63950518e-02 -2.66074706e-02
   9.97384727e-01 -1.96832302e-03]
 [-9.50438436e-03  3.21602076e-02 -2.85204053e-02  1.11161172e-02
   4.87033947e-04  9.98968542e-01]]",67
2,3,6,0.9,0.919924795627594,"[[-0.95206314 -0.27654392  0.09948409 -0.04850186 -0.01694683 -0.06754633]
 [-0.26337904  0.9566069   0.06650589 -0.08460153 -0.05421624 -0.03185804]
 [ 0.10899723 -0.03599418  0.98734677 -0.04092315  0.06429581  0.07849736]
 [-0.06793121  0.06683546  0.04813033  0.9933166  -0.00713822  0.04327897]
 [-0.04867699  0.05136272 -0.06746003 -0.00210917  0.9866224   0.13043572]
 [-0.07309386  0.00510826 -0.06292037 -0.04618635 -0.13843718  0.984568  ]]",67
3,4,6,0.9,0.8324137330055237,"[[ 9.7540009e-01  2.1195552e-01 -3.3610053e-02  3.5077557e-02
  -1.9245677e-02 -3.0646525e-02]
 [-2.0870997e-01  9.7336996e-01  7.8354858e-02 -3.8059298e-02
  -3.1294037e-02 -2.0583432e-02]
 [ 4.9427126e-02 -6.8165436e-02  9.9454278e-01 -4.4337274e-05
   5.6501199e-02 -2.4551742e-02]
 [-4.1770138e-02  3.1126456e-02  2.2122108e-03  9.9795163e-01
   3.6989130e-02  2.4236531e-03]
 [ 9.1708517e-03  3.5579700e-02 -5.6204543e-02 -3.7306689e-02
   9.9473840e-01 -6.7785658e-02]
 [ 2.7623918e-02  2.7283506e-02  2.1255208e-02 -4.6723960e-03
   6.7715257e-02  9.9671137e-01]]",67
4,5,6,0.9,0.8318179249763489,"[[ 0.89864755  0.42327753  0.09294776  0.06326979 -0.02052594 -0.01431849]
 [-0.42844787  0.9030183   0.02505271  0.00747168 -0.00985593  0.01448337]
 [-0.06868428 -0.05754118  0.9846635  -0.11235324 -0.01268691 -0.09810794]
 [-0.05991031 -0.04191247  0.11758282  0.9826596  -0.01146151  0.12278837]
 [ 0.01320203  0.01617372  0.01826131  0.00764274  0.99923253  0.02658273]
 [ 0.01959418 -0.00805153  0.08373631 -0.13281348 -0.02690046  0.9870037 ]]",67
5,6,6,0.9,0.8474018573760986,"[[ 0.9975218   0.06671914 -0.01566389 -0.00500632  0.0128872   0.00789037]
 [-0.06174766  0.97557795  0.20812196  0.02336519  0.00516167 -0.02339754]
 [ 0.0280569  -0.20617512  0.974343   -0.0303116   0.07847914 -0.01681147]
 [ 0.00973369 -0.0294488   0.04040316  0.9784674  -0.1960433   0.0396774 ]
 [-0.01412931  0.00698701 -0.06804874  0.19231053  0.9702528   0.12941045]
 [-0.00747378  0.01928403  0.02885495 -0.06425371 -0.11757895  0.9903466 ]]",67
6,7,6,0.9,0.8630870580673218,"[[ 9.93959367e-01  4.28098887e-02  7.94753432e-02  4.69935313e-03
  -6.22384772e-02 -2.84053385e-04]
 [-6.10280745e-02  9.72254276e-01  2.22912192e-01  1.27899535e-02
  -2.03875117e-02  2.69821584e-02]
 [-6.24198876e-02 -2.23718926e-01  9.65824664e-01 -7.80937970e-02
   7.65095353e-02  3.58337276e-02]
 [-2.36308645e-03 -2.64905225e-02  6.51932135e-02  9.92123246e-01
   1.02118984e-01  1.74814351e-02]
 [ 6.63134083e-02  4.27796021e-02 -7.17327073e-02 -9.57508758e-02
   9.89659548e-01 -5.71623165e-03]
 [-4.59150551e-03  1.75176207e-02  4.22005095e-02  1.54546136e-02
  -1.66468462e-03 -9.98824060e-01]]",67
7,8,7,0.9,0.944623589515686,"[[ 9.9307978e-01 -1.1475066e-01  1.5038430e-02  1.8263938e-03
  -1.4109488e-02 -4.0230649e-03  1.3416227e-02]
 [ 1.1058324e-01  9.7164512e-01  1.8376024e-01  6.8311907e-02
   6.9679096e-02  1.5430577e-02 -1.2227524e-02]
 [-3.5587739e-02 -1.7913960e-01  9.8229939e-01 -3.2418966e-02
   1.3060141e-03 -2.6012706e-02 -1.0578757e-03]
 [-1.0640200e-02 -6.9972858e-02  1.7431766e-02  9.9373752e-01
  -9.0117296e-03 -8.4208339e-02 -4.3801218e-04]
 [ 6.1711241e-03 -6.9243997e-02 -1.4224969e-02  2.5991125e-03
   9.9719012e-01 -2.2275113e-02  8.5862344e-03]
 [ 6.3500740e-04 -2.7699223e-02  2.4023380e-02  8.2196750e-02
   2.0460237e-02  9.9572921e-01 -1.9359387e-03]
 [-1.2067776e-02  1.3743883e-02  3.2612758e-03  1.3488320e-03
  -7.4852905e-03  2.2976256e-03  9.9979585e-01]]",67
8,9,7,0.9,0.9531663060188293,"[[ 0.94742227 -0.30656025 -0.06577688  0.05560158  0.02924326  0.00705184
  -0.00942514]
 [ 0.29200235  0.94266987 -0.15592931  0.02675159  0.00804177  0.02602854
  -0.01834231]
 [-0.10874861 -0.12891677 -0.985041   -0.00576279 -0.03459144  0.001682
  -0.00395643]
 [ 0.00813281  0.00109021 -0.02543251 -0.5956742   0.79979116  0.06471201
  -0.02458635]
 [ 0.0686335   0.00794855  0.01710788 -0.7969298  -0.5977089   0.05069519
   0.00327745]
 [ 0.01779767  0.02233817 -0.00676709 -0.0778373   0.02130376 -0.995898
  -0.02851593]
 [ 0.01435128  0.01454269 -0.00825935 -0.01327362  0.02253775 -0.02644826
   0.9990649 ]]",67
9,10,7,0.9,1.0163325071334839,"[[ 0.9729923  -0.19235489 -0.1075011   0.0408948   0.05213555  0.01345882
  -0.01255323]
 [ 0.17233782  0.9663847  -0.18049    -0.03017809 -0.01732256  0.03578613
  -0.036499  ]
 [ 0.13551809  0.15837497  0.9711639  -0.04427412  0.09824318 -0.03856638
  -0.01712898]
 [-0.01091667  0.04269257  0.05695433  0.9580716  -0.2410497  -0.13639659
  -0.01429761]
 [-0.06802829  0.01925929 -0.07748578  0.25225496  0.9595417   0.05883276
  -0.03439623]
 [-0.01176312 -0.02165411  0.05838719  0.11601227 -0.0868738   0.98740077
  -0.00418208]
 [ 0.01830967  0.03681122  0.00710243  0.02154782  0.03094926  0.0050254
   0.9984046 ]]",67
10,11,8,0.9,1.478554129600525,"[[-0.96839076  0.21297155 -0.03676765 -0.04291671  0.05215995  0.0161924
  -0.00359142 -0.10331016]
 [-0.17740989 -0.8841501  -0.4191749  -0.02001561 -0.0506526   0.04839723
   0.07261401 -0.02269741]
 [-0.11620601 -0.37886143  0.897199   -0.03339872 -0.1018331   0.08228249
   0.13456766 -0.04037348]
 [-0.01362089 -0.0778659   0.06061431  0.8163072   0.5335579  -0.13347645
   0.00924871 -0.14537694]
 [ 0.05192579  0.0064299  -0.00486252 -0.3349341   0.68975055  0.59947586
   0.19845498  0.10269605]
 [ 0.00243289 -0.02712104  0.02155014  0.20359977 -0.19452898  0.60473126
  -0.7290984  -0.14904876]
 [-0.09546682 -0.11520807  0.09812564 -0.0913331   0.24973707 -0.29678947
  -0.48615777  0.7568625 ]
 [-0.07238499  0.09629449 -0.06468332  0.41025516 -0.3517012   0.3995674
   0.41134194  0.60037035]]",67
0,1,6,0.9,0.8293405771255493,"[[ 9.8739719e-01 -3.1026717e-02  1.5058272e-01 -1.0953852e-04
   2.4340246e-02 -2.8574634e-02]
 [ 4.1954610e-02  9.9583036e-01 -6.6055872e-02 -4.0124271e-02
  -2.4255248e-02 -1.5117413e-04]
 [-1.5046228e-01  7.0857003e-02  9.8155916e-01 -5.0603155e-02
   5.9762813e-02 -5.2439194e-02]
 [-4.9798996e-03  4.2788949e-02  5.0470270e-02  9.9699014e-01
  -3.8646281e-02  1.0684731e-02]
 [-1.7615149e-02  2.1630775e-02 -7.0916444e-02  4.2444021e-02
   9.8158818e-01 -1.6992886e-01]
 [ 1.7680831e-02  6.3015907e-03  4.3895476e-02 -6.2047346e-03
   1.7389299e-01  9.8358709e-01]]",68
1,2,6,0.9,0.8765236139297485,"[[ 0.9885654  -0.03070202 -0.14653938 -0.01332448 -0.0021671  -0.01182037]
 [ 0.06057915  0.9740624   0.21085376 -0.05053195  0.00649541 -0.02185616]
 [ 0.13719927 -0.21451849  0.9630506   0.04376872  0.0697217   0.03024611]
 [ 0.00984408  0.0586371  -0.03678272  0.9965002   0.04557775 -0.0046778 ]
 [-0.00824883  0.00605341 -0.06752747 -0.0483288   0.9964881   0.00334312]
 [ 0.00894013  0.02769043 -0.02621904  0.00223898 -0.00511462  0.99921703]]",68
2,3,6,0.9,0.9018014669418335,"[[ 0.94581014  0.29743782 -0.09985585  0.05299568  0.02324795  0.06044617]
 [-0.2839296   0.95089215  0.07046727 -0.08262628 -0.0511923  -0.02783132]
 [ 0.11184126 -0.03731108  0.9885665  -0.02857167  0.05520685  0.07050898]
 [-0.07220468  0.06168211  0.03848764  0.9942143  -0.01947018  0.02567825]
 [-0.05297957  0.04605894 -0.05568792  0.01171755  0.9886743   0.11981801]
 [-0.06556182  0.00406372 -0.05671829 -0.03080044 -0.12623417  0.9877168 ]]",68
3,4,6,0.9,0.8164873719215393,"[[ 0.9876796   0.1489778  -0.02674472  0.03175602 -0.010151   -0.02162971]
 [-0.14750315  0.9872837   0.03487828 -0.03186455 -0.03464369 -0.00903987]
 [ 0.03119482 -0.02890247  0.9975711   0.00502858  0.04945559 -0.02392315]
 [-0.03589149  0.02813181 -0.00421556  0.9984615   0.02864616  0.01252109]
 [ 0.00271337  0.03542733 -0.0501143  -0.02865661  0.9945707  -0.07895576]
 [ 0.02152073  0.01395328  0.01977222 -0.01429914  0.07911655  0.9962365 ]]",68
4,5,7,0.9,0.8863656520843506,"[[ 9.13299143e-01  3.90909731e-01  8.96107778e-02  5.85568585e-02
  -2.26702485e-02 -9.14665870e-03 -3.19009796e-02]
 [-3.95443797e-01  9.17812943e-01  3.08292266e-02  3.47148511e-04
  -5.45265805e-03  7.14038964e-03  1.45707214e-02]
 [-6.61445782e-02 -5.98278679e-02  9.81844187e-01 -1.26524225e-01
  -1.63813364e-02 -8.72337446e-02 -6.43511117e-02]
 [-6.13566190e-02 -3.16410325e-02  1.29132658e-01  9.83587742e-01
   1.26489764e-02  1.03607796e-01 -1.48158316e-02]
 [ 1.96579415e-02  1.28367627e-02  2.27663293e-02 -1.99378654e-02
   9.97344732e-01  5.78633286e-02  2.20954828e-02]
 [ 1.30032012e-02 -6.13924768e-03  7.73889273e-02 -1.11520812e-01
  -6.29697889e-02  9.86028850e-01  7.17578530e-02]
 [ 2.85246633e-02 -5.09333517e-03  6.17970601e-02  1.68314409e-02
  -1.91365220e-02 -7.69413933e-02  9.94370222e-01]]",68
5,6,7,0.9,0.9106309413909912,"[[ 0.9961283   0.07943533 -0.02625561 -0.01082683  0.01479054  0.00178883
   0.01973936]
 [-0.07146996  0.9725335   0.21843593  0.01325984  0.01487925 -0.02514953
  -0.01806683]
 [ 0.04118673 -0.21594676  0.969761   -0.05628722  0.08774496 -0.0117932
  -0.0150923 ]
 [ 0.01764097 -0.02398497  0.06975144  0.97399515 -0.2119632   0.02351592
  -0.0100188 ]
 [-0.01580608  0.0018801  -0.07091176  0.21272211  0.96289134  0.12645286
   0.07948203]
 [-0.00129655  0.02213784  0.02420791 -0.05045405 -0.11545714  0.99123263
  -0.02244953]
 [-0.01900351  0.01290151  0.02608194 -0.00871255 -0.08026329  0.01181649
   0.9960595 ]]",68
6,7,7,0.9,0.9340897798538208,"[[ 0.99074876  0.05474158  0.10620432 -0.00223769 -0.06234287  0.01126381
  -0.01106354]
 [-0.08062261  0.96667874  0.23642235  0.01364734 -0.01773554  0.02447195
  -0.04513376]
 [-0.0852318  -0.2420342   0.95887506 -0.0692248   0.08281267  0.0331603
  -0.04431714]
 [ 0.00397452 -0.02695375  0.05402412  0.99195015  0.10465068  0.01384956
  -0.03507763]
 [ 0.06758279  0.04310516 -0.07657622 -0.09981009  0.9886946   0.00735069
  -0.01332699]
 [ 0.00684243  0.01565835  0.03808697  0.01051629  0.01002201 -0.99882895
  -0.01967391]
 [ 0.00473389  0.03354567  0.05613041  0.03128809  0.01928132 -0.01641708
   0.9970363 ]]",68
7,8,7,0.9,0.9450087547302246,"[[ 9.9653125e-01 -7.9433680e-02 -1.5253925e-02  9.3303891e-03
  -1.6137052e-02 -2.8252380e-03  5.2641681e-03]
 [ 7.5493984e-02  9.7594512e-01 -1.8611853e-01  5.6994241e-02
   5.9397049e-02  1.0784288e-02 -1.7294496e-02]
 [-2.9238347e-02 -1.8317796e-01 -9.8156422e-01 -3.4271937e-02
   1.0818689e-02 -2.8328652e-02  5.3301668e-03]
 [-1.4572555e-02 -6.0486019e-02 -2.0787263e-02  9.9505126e-01
   6.7554293e-03 -7.4269079e-02  2.9022500e-03]
 [ 1.2030685e-02 -5.5954415e-02  2.2942400e-02 -1.3195337e-02
   9.9678004e-01 -4.9448721e-02 -2.8764782e-03]
 [ 7.8099174e-04 -2.3750611e-02 -2.6416643e-02  7.2034113e-02
   4.9520340e-02  9.9523640e-01 -2.4512477e-02]
 [-3.6901757e-03  1.7714052e-02  1.5729242e-03 -4.0893392e-05
   5.1184767e-03  2.4833540e-02  9.9951345e-01]]",68
8,9,8,0.9,1.0872621536254883,"[[ 0.94875634 -0.3045224  -0.055575   -0.04529447 -0.03855769  0.00109427
  -0.01650574  0.01506813]
 [ 0.28660056  0.9384697  -0.17712839 -0.04394831 -0.0287389  -0.03175677
  -0.02391717  0.03771346]
 [ 0.10504614  0.15266386  0.98205316 -0.01447213 -0.02750854  0.00549138
   0.0067259  -0.01374959]
 [ 0.0034071   0.00448845 -0.01049278  0.6883899  -0.72388923 -0.02258558
  -0.02465434  0.02904927]
 [ 0.07095259  0.0294119   0.01930846  0.7130669   0.6852201  -0.09702978
  -0.02393654  0.07582275]
 [ 0.0120957   0.03020698 -0.00795188  0.07914925  0.04850994  0.992373
  -0.05560092  0.04862664]
 [ 0.02307994  0.01758043 -0.01118503  0.03368668 -0.00119895  0.04999689
   0.9965856   0.04705684]
 [-0.03101578 -0.03358108  0.02091063 -0.07786509 -0.0321525  -0.04161021
  -0.0406837   0.99347353]]",68
9,10,9,0.9,1.2023420333862305,"[[ 9.66096044e-01 -2.13784277e-01 -1.02869324e-01  4.70711291e-02
   6.39626458e-02  1.03420457e-02 -3.19681391e-02 -5.40493168e-02
   3.91973509e-03]
 [ 1.90213695e-01  9.63098943e-01 -1.76025823e-01  1.47638619e-02
  -9.17815021e-04  4.10939567e-02 -4.09237146e-02 -2.84390561e-02
   2.97149699e-02]
 [ 1.33976772e-01  1.52456820e-01  9.69183207e-01 -8.98833722e-02
   9.16222408e-02 -4.59105484e-02 -2.51161959e-02 -1.64365973e-02
   2.97769671e-03]
 [-9.29049333e-04 -1.54844252e-02 -1.10192798e-01 -9.07659173e-01
   3.66173804e-01  1.58482477e-01 -1.29291965e-02 -6.33729622e-02
   1.97057761e-02]
 [ 7.65026063e-02 -5.73108625e-03  4.15948369e-02 -3.68925512e-01
  -9.20358717e-01  5.16446121e-03 -7.34970858e-03 -9.49727297e-02
  -1.08484449e-02]
 [ 7.38394773e-03  2.76619662e-02 -7.17284009e-02 -1.37458131e-01
   5.43742590e-02 -9.81126189e-01 -4.28002477e-02 -6.31407574e-02
  -6.12934455e-02]
 [ 3.64411697e-02  3.65565605e-02  9.79651697e-03 -1.07628172e-02
   1.07592689e-02 -3.09958402e-02  9.91511464e-01 -1.04208171e-01
  -4.57508378e-02]
 [-1.05684279e-02  1.86238345e-02 -1.10366521e-03  1.99409034e-02
   2.68029720e-02  7.72068202e-02 -6.65019825e-02 -2.27449000e-01
  -9.67629910e-01]
 [ 7.19697252e-02  2.77944487e-02 -1.49167376e-03 -1.00636736e-01
  -5.07852957e-02 -3.77229750e-02  8.42736289e-02  9.57279801e-01
  -2.37547979e-01]]",68
10,11,9,0.9,1.5384236574172974,"[[-9.5776528e-01  2.0788617e-01 -8.1019970e-03  4.2930607e-02
   7.0792660e-02  2.5262095e-02  3.2463633e-02 -1.6711186e-01
  -5.4132115e-02]
 [-1.7518573e-01 -8.2209003e-01 -5.1627249e-01 -2.5663715e-02
  -9.8969877e-02  1.0259121e-01  7.5158380e-02 -6.7099817e-03
  -1.6380439e-02]
 [-1.0205641e-01 -4.7315314e-01  8.4911877e-01  4.2866051e-02
  -9.3803041e-02  1.2803845e-01  1.2958694e-01 -2.2898549e-02
  -1.8986559e-02]
 [ 6.5929005e-03 -7.3856361e-02  5.8466703e-02 -8.6600035e-01
   4.1451502e-01 -1.6871732e-01  7.1320780e-02 -1.8897611e-01
  -6.3141100e-03]
 [ 6.2873505e-02  2.8618356e-02 -3.2149475e-02  1.1145365e-01
   5.9622794e-01  7.8795540e-01 -4.6542110e-03  7.2503217e-02
   1.1513769e-02]
 [-9.5992414e-03 -7.7804322e-03  3.8845316e-02 -2.2874996e-01
  -3.3801052e-01  3.1044430e-01 -8.1597668e-01 -2.6279339e-01
  -2.2510927e-02]
 [-1.1623693e-01 -1.6084549e-01  7.3525473e-02  1.0535738e-01
   3.9304143e-01 -3.4769771e-01 -5.0130463e-01  5.9083575e-01
  -2.6142508e-01]
 [-1.2945665e-01 -9.1002282e-04  2.2582512e-02 -1.2689553e-01
  -5.6761310e-02  2.3614820e-02 -7.6497756e-02  3.7975517e-01
   9.0154439e-01]
 [ 8.4978841e-02 -1.5770578e-01  2.2749482e-02  3.9211357e-01
   4.2086732e-01 -3.2446384e-01 -2.2004569e-01 -6.0677367e-01
   3.3857995e-01]]",68
0,1,6,0.9,0.8348663449287415,"[[ 0.98760116 -0.02745712  0.1510206   0.00243097  0.02401772 -0.02236154]
 [ 0.03971723  0.99542946 -0.07240889 -0.03879356 -0.02615168  0.0105326 ]
 [-0.15032779  0.07745183  0.98139143 -0.04963684  0.05481711 -0.05296168]
 [-0.00735283  0.04153122  0.04958547  0.9968179  -0.0337016   0.03131424]
 [-0.0171175   0.02507322 -0.06715583  0.04106023  0.97929114 -0.18404153]
 [ 0.0109967  -0.00375502  0.04303511 -0.02633245  0.18864606  0.98067945]]",69
1,2,6,0.9,0.888472855091095,"[[ 0.98421174 -0.09036339 -0.15141945 -0.01171654 -0.00608536 -0.00771321]
 [ 0.11549459  0.9769232   0.17204668 -0.04557644  0.00873344 -0.02298756]
 [ 0.13332258 -0.18485852  0.9695981   0.03094931  0.07460577  0.03752467]
 [ 0.01238318  0.04929557 -0.02770514  0.99702007  0.05039264 -0.00778299]
 [-0.00573592  0.00155536 -0.07285576 -0.05255103  0.9956114  -0.02555279]
 [ 0.00520036  0.0291598  -0.03572256  0.00412313  0.0232186   0.9986443 ]]",69
2,3,6,0.9,0.9180594086647034,"[[ 0.9427443   0.30471888 -0.0990555   0.05856953  0.02674053  0.0664985 ]
 [-0.29195878  0.9493118   0.0686402  -0.07158825 -0.05661331 -0.02292899]
 [ 0.11186272 -0.03572186  0.9860071  -0.0622172   0.0683452   0.07388254]
 [-0.07574647  0.05131927  0.06576056  0.9909257   0.06210866  0.0388977 ]
 [-0.05142737  0.04518875 -0.07109559 -0.06660987  0.98991793  0.07670797]
 [-0.07139727 -0.00133184 -0.06234967 -0.03468484 -0.08725653  0.99105823]]",69
3,4,6,0.9,0.8318116068840027,"[[ 0.9765433   0.20796593 -0.03135227  0.03190986 -0.02653551 -0.02019862]
 [-0.20627102  0.975443    0.06051214 -0.02680783 -0.03100654 -0.02492858]
 [ 0.04471055 -0.05261288  0.9952315  -0.03186392  0.04780985 -0.03802602]
 [-0.03430466  0.01978439  0.03364418  0.9977595   0.0359572   0.0219757 ]
 [ 0.01701994  0.03511388 -0.05115544 -0.03215706  0.9931792  -0.09176797]
 [ 0.01870546  0.02947208  0.03347712 -0.0262627   0.09138238  0.9942939 ]]",69
4,5,6,0.9,0.8121598958969116,"[[ 9.1278023e-01  3.9441741e-01  9.1765419e-02  5.2655119e-02
  -8.2091987e-03 -2.5207221e-03]
 [-4.0008083e-01  9.1544139e-01  2.9499514e-02  2.4940073e-02
  -1.5964484e-02  1.2461765e-02]
 [-6.8468004e-02 -5.8413643e-02  9.8443776e-01 -1.0392910e-01
  -5.2142970e-02 -9.6239969e-02]
 [-4.5225285e-02 -5.0880529e-02  1.1117497e-01  9.8396242e-01
   4.6275787e-02  1.1261591e-01]
 [ 1.0066273e-04  1.6323920e-02  5.4109138e-02 -5.9991710e-02
   9.9416077e-01  6.9649048e-02]
 [ 5.8628498e-03 -1.1600003e-02  7.9394653e-02 -1.1841867e-01
  -8.0384642e-02  9.8642939e-01]]",69
5,6,6,0.9,0.8385930061340332,"[[ 0.9988898   0.04130933 -0.01136679 -0.00372294  0.01854457  0.00508376]
 [-0.03817663  0.9808304   0.18941538  0.01259093 -0.00399207 -0.02148683]
 [ 0.01768626 -0.18762718  0.9783871  -0.06015579  0.05765386 -0.01729639]
 [ 0.00741005 -0.02435388  0.06367274  0.98994195 -0.11764279  0.03837725]
 [-0.01962703  0.01375543 -0.04514325  0.11415274  0.98082143  0.14948605]
 [-0.00297979  0.01670481  0.02567282 -0.05650604 -0.1430581   0.9876206 ]]",69
6,7,6,0.9,0.8518934845924377,"[[ 9.92600799e-01  4.49538529e-02  8.75449255e-02  3.02648284e-02
  -6.43283352e-02  2.16091075e-03]
 [-6.46638349e-02  9.75114644e-01  2.08488762e-01  1.20404325e-02
  -2.77645793e-02 -2.42213532e-02]
 [-6.95698932e-02 -2.09710434e-01  9.66625214e-01 -1.17211424e-01
   3.89874242e-02 -3.94800827e-02]
 [-2.89931837e-02 -3.29676904e-02  1.03979655e-01  9.84409571e-01
   1.33611530e-01 -1.86119266e-02]
 [ 6.95140213e-02  4.30277810e-02 -4.07941118e-02 -1.26262918e-01
   9.87780213e-01  4.65279096e-04]
 [-7.03852158e-03  1.46267293e-02  4.50336225e-02  1.39967110e-02
   3.03670368e-03  9.98750925e-01]]",69
7,8,6,0.9,0.853099524974823,"[[ 0.9903015  -0.13183133 -0.0425116   0.00512177 -0.00890558  0.00324885]
 [ 0.1185312   0.96089256 -0.230965    0.04872515  0.08211646 -0.01318196]
 [-0.07142742 -0.22176577 -0.97145504 -0.0164982  -0.01850198  0.03713224]
 [-0.01200118 -0.05103459 -0.00195211  0.99502563  0.03123844  0.07871286]
 [-0.00174741 -0.08124246  0.00269512 -0.04009616  0.9941055   0.05946336]
 [ 0.00205761  0.03034933  0.03334808 -0.07512428 -0.06011378  0.9943366 ]]",69
8,9,7,0.9,0.9368659257888794,"[[ 9.67441976e-01 -2.40202919e-01 -4.75452617e-02  5.17644286e-02
   3.39405723e-02  1.09332195e-02 -1.21248728e-02]
 [ 2.31199577e-01  9.65193808e-01 -1.10199615e-01  3.07506323e-02
   2.23564841e-02  3.10529135e-02 -1.98491104e-02]
 [ 7.45462626e-02  9.65134054e-02  9.91687894e-01 -3.95587422e-02
   9.55295283e-03  7.81642211e-06  5.18693123e-03]
 [-1.27472943e-02 -8.75580404e-03 -2.39001010e-02 -4.29868340e-01
   9.01046693e-01  4.48914990e-02 -2.24156883e-02]
 [ 6.41671121e-02  1.60773583e-02 -3.79137993e-02 -8.95333171e-01
  -4.31276500e-01  8.07419047e-02 -6.81890314e-03]
 [-2.18022261e-02 -2.77282838e-02  7.74742290e-03  8.98422077e-02
  -5.98719204e-03  9.94363248e-01  4.27790545e-02]
 [ 1.70421712e-02  1.68696102e-02 -9.04668774e-03 -1.81679446e-02
   1.83456503e-02 -4.02915925e-02  9.98525441e-01]]",69
9,10,7,0.9,1.0119105577468872,"[[ 0.97454286 -0.19890381 -0.06499865 -0.06726768  0.03644746  0.02048529
  -0.01433549]
 [ 0.17968939  0.95462537 -0.23254511  0.01359066 -0.01459488  0.03771097
  -0.02247248]
 [ 0.10838222  0.21599908  0.9637468   0.04646614  0.09591813 -0.03249396
  -0.01935768]
 [-0.01036742  0.0296246   0.09066638 -0.7268394  -0.66469306 -0.14337903
  -0.01115248]
 [-0.07313661  0.02309198 -0.03658061 -0.67628044  0.72937083  0.03744655
  -0.04516944]
 [-0.02205998 -0.02153026  0.05661916 -0.07789855 -0.1209007   0.987434
   0.01153215]
 [ 0.01697061  0.0244458   0.01122315 -0.03757802  0.02902694 -0.01080099
   0.9983071 ]]",69
10,11,7,0.9,1.4587680101394653,"[[ 0.9728635   0.20951983  0.01524377 -0.05289254 -0.07522441  0.00170446
  -0.0307643 ]
 [ 0.18677826 -0.7869622  -0.56865674  0.09549028  0.00536322  0.06980692
   0.09172554]
 [ 0.1080901  -0.51929826  0.814027    0.15401602 -0.05166757  0.08265031
   0.15094472]
 [-0.0037074   0.1227234  -0.06691333  0.91329044 -0.30303052 -0.17588669
  -0.15357336]
 [-0.07979639  0.04852374 -0.04889813 -0.16182932 -0.8117387   0.5458746
   0.07615307]
 [ 0.01710046 -0.01182162  0.03236548  0.14870353  0.36114207  0.6747651
  -0.6250408 ]
 [-0.01712857 -0.22263381  0.07642743 -0.28629035 -0.3323735  -0.4517409
  -0.74013215]]",69
0,1,6,0.9,0.8299761414527893,"[[ 9.86798882e-01 -3.25607099e-02  1.54799923e-01 -7.60858820e-05
   2.52433103e-02 -2.38222443e-02]
 [ 4.61299531e-02  9.94676411e-01 -7.94276595e-02 -3.80516648e-02
  -2.59458888e-02  7.81462435e-03]
 [-1.53667152e-01  8.53317082e-02  9.79995191e-01 -5.11666238e-02
   5.70634566e-02 -5.32915294e-02]
 [-5.05329762e-03  4.12780009e-02  5.11232950e-02  9.96836066e-01
  -3.80537882e-02  2.29535140e-02]
 [-1.76607240e-02  2.39316020e-02 -6.91603422e-02  4.39264514e-02
   9.80784893e-01 -1.74538583e-01]
 [ 1.22037865e-02 -7.85385200e-04  4.40549217e-02 -1.79573260e-02
   1.79014757e-01  9.82619345e-01]]",70
1,2,6,0.9,0.8873591423034668,"[[-9.83983278e-01 -8.82413313e-02 -1.53984711e-01 -1.32270632e-02
  -2.89564650e-03 -9.78337880e-03]
 [-1.17362045e-01  9.71393406e-01  1.98798880e-01 -4.88283746e-02
   1.17843598e-02 -2.40201280e-02]
 [-1.32995874e-01 -2.11690590e-01  9.64743733e-01  3.57608050e-02
   6.62268475e-02  3.32255512e-02]
 [-1.36280041e-02  5.38014360e-02 -2.96170060e-02  9.97088611e-01
   4.21451107e-02 -8.97585787e-03]
 [ 8.02599546e-03 -2.64830800e-04 -6.53305203e-02 -4.40571830e-02
   9.96785641e-01 -1.20363226e-02]
 [-8.06063972e-03  3.00129727e-02 -2.98675317e-02  5.93491970e-03
   1.04406970e-02  9.98998463e-01]]",70
2,3,6,0.9,0.9094587564468384,"[[-0.9515043  -0.27990887  0.08989383 -0.0574868  -0.02157591 -0.06662969]
 [-0.26701352  0.9559987   0.06436569 -0.08062598 -0.05786784 -0.02789289]
 [ 0.10032687 -0.03627155  0.98856676 -0.0448644   0.06581134  0.07078666]
 [-0.07642243  0.06171095  0.05070134  0.9928585   0.02847289  0.03466897]
 [-0.04765633  0.05076038 -0.06701504 -0.03482468  0.9909815   0.08604719]
 [-0.07187793  0.00411456 -0.05873949 -0.03465613 -0.0948662   0.99053806]]",70
3,4,6,0.9,0.8222029805183411,"[[ 0.9751094   0.2143259  -0.0336236   0.02712178 -0.02563363 -0.02651161]
 [-0.21229963  0.9737953   0.06265838 -0.03547539 -0.0322306  -0.02069248]
 [ 0.04702599 -0.05345592  0.9955654  -0.01747522  0.04994485 -0.03131644]
 [-0.03245787  0.02922688  0.01954247  0.99837846  0.02869618  0.01128634]
 [ 0.01476307  0.03667139 -0.05170872 -0.02720314  0.99397767 -0.08385647]
 [ 0.02465029  0.02702919  0.02715215 -0.01417734  0.08363374  0.99535376]]",70
4,5,6,0.9,0.8095885515213013,"[[ 0.89705545  0.42695978  0.10008204  0.0507737  -0.01794838 -0.00896874]
 [-0.4326104   0.90090793  0.02462956  0.01676754 -0.01249877  0.01300477]
 [-0.07589069 -0.06028509  0.983292   -0.11909234 -0.03550664 -0.09110156]
 [-0.04630354 -0.04515792  0.12428698  0.98320705  0.02938531  0.11318087]
 [ 0.01002449  0.01765593  0.03757742 -0.03874351  0.9972033   0.04754223]
 [ 0.01166027 -0.00921672  0.07519663 -0.12149379 -0.05461708  0.9881198 ]]",70
5,6,6,0.9,0.8350571393966675,"[[ 9.98776674e-01  4.26427014e-02 -1.76486522e-02  1.30754465e-03
   1.75289158e-02  2.53414968e-03]
 [-3.82701904e-02  9.79469061e-01  1.96225405e-01  1.14501510e-02
  -2.11298186e-03 -2.31454000e-02]
 [ 2.43850369e-02 -1.94273531e-01  9.76454318e-01 -5.20319827e-02
   7.24458992e-02 -1.56311076e-02]
 [ 3.15919542e-03 -2.25808974e-02  5.94757199e-02  9.86337960e-01
  -1.45218596e-01  4.46292497e-02]
 [-1.93877816e-02  1.49472905e-02 -5.92351630e-02  1.41409963e-01
   9.77450311e-01  1.43129587e-01]
 [-4.06446168e-04  1.86115708e-02  2.59774365e-02 -6.55784309e-02
  -1.33949265e-01  9.88299429e-01]]",70
6,7,6,0.9,0.8498451113700867,"[[ 9.9306053e-01  4.5297872e-02  8.6506918e-02  1.8090466e-02
  -6.2938720e-02 -2.6133587e-03]
 [-6.5848313e-02  9.7100782e-01  2.2679694e-01  1.1058536e-02
  -2.4147106e-02 -2.5799854e-02]
 [-6.8729796e-02 -2.2845194e-01  9.6427935e-01 -9.7836658e-02
   4.9827956e-02 -3.4589700e-02]
 [-1.4514617e-02 -2.8380129e-02  8.4053390e-02  9.8461294e-01
   1.4951389e-01 -1.0096374e-02]
 [ 6.7505881e-02  4.2553712e-02 -5.0442196e-02 -1.4305016e-01
   9.8519963e-01  2.4428405e-03]
 [-1.7941680e-03  1.6894408e-02  4.0443353e-02  7.2460375e-03
   3.8984912e-05  9.9901116e-01]]",70
7,8,7,0.9,0.9244047403335571,"[[ 9.91217136e-01 -1.25033334e-01 -3.95355858e-02  8.11607856e-03
  -7.96712562e-03  2.12283619e-03  1.25872986e-02]
 [ 1.12020761e-01  9.60159898e-01 -2.37052575e-01  5.65059409e-02
   7.55876526e-02 -1.54412156e-02 -1.43389041e-02]
 [-6.74749166e-02 -2.29002059e-01 -9.69989121e-01 -2.37295162e-02
  -8.33626930e-03  3.84002849e-02 -4.37186519e-03]
 [-1.57097150e-02 -5.79541326e-02 -6.10856107e-03  9.94047642e-01
   1.45876938e-02  8.94032270e-02 -4.55092778e-03]
 [-8.53573438e-04 -7.33886287e-02  1.10492259e-02 -2.26907376e-02
   9.95983541e-01  4.33545075e-02  1.06554385e-02]
 [ 3.57246678e-03  3.25766988e-02  3.38649340e-02 -8.65694061e-02
  -4.33191508e-02  9.94143069e-01  9.37401224e-03]
 [-1.12648066e-02  1.45576159e-02 -7.60738458e-03  6.18334906e-03
  -8.99520982e-03 -9.45728552e-03  9.99697268e-01]]",70
8,9,7,0.9,0.9366526007652283,"[[ 9.5968539e-01 -2.6897365e-01 -5.0301593e-02 -5.2454267e-02
   3.3830184e-02  7.9688914e-03 -1.2939851e-02]
 [ 2.5788483e-01  9.5562714e-01 -1.3241427e-01 -3.0574521e-02
   2.3984328e-02  2.9944887e-02 -1.8218121e-02]
 [ 8.4487103e-02  1.1449384e-01  9.8937953e-01  2.1691667e-02
   1.9449327e-02  3.0427070e-03  4.8143384e-03]
 [-6.4949221e-03 -8.8468716e-03 -2.6571760e-02  5.1617944e-01
   8.5425067e-01  4.9564969e-02 -2.3050973e-02]
 [ 6.7727394e-02  1.6893787e-02 -1.6384171e-02  8.4868515e-01
  -5.1757556e-01  8.1538409e-02 -7.7203978e-03]
 [-2.0428624e-02 -2.7502369e-02  3.7790316e-03 -9.3450919e-02
  -7.1422500e-04  9.9453378e-01  3.1323217e-02]
 [ 1.7741235e-02  1.4180865e-02 -8.6929174e-03  2.0058634e-02
   1.6516149e-02 -2.8776111e-02  9.9895215e-01]]",70
9,10,7,0.9,1.0123425722122192,"[[ 0.975439   -0.1890482  -0.0775733  -0.05980987  0.04957912  0.01978266
  -0.0183081 ]
 [ 0.17253393  0.9657329  -0.18893617  0.0115325  -0.01493432  0.03217056
  -0.02245421]
 [ 0.10924143  0.17209908  0.9718265   0.05412048  0.09838417 -0.03190199
  -0.01937331]
 [ 0.00811702 -0.02583935 -0.09137172  0.82510364  0.53553766  0.15259124
   0.0060813 ]
 [-0.07685842  0.02160715 -0.04831559 -0.5482272   0.8294734   0.03367878
  -0.03972495]
 [-0.02047192 -0.01907976  0.05482101 -0.10609764 -0.10876745  0.9864379
  -0.00804579]
 [ 0.02061148  0.02245226  0.01226    -0.02747696  0.03134266  0.0088259
   0.99855167]]",70
10,11,8,0.9,1.4484033584594727,"[[ 0.96985805  0.18881169 -0.0100014  -0.05201237  0.09383489 -0.00973601
  -0.0232183  -0.107151  ]
 [ 0.16706279 -0.8256963  -0.5153631  -0.00692537 -0.08007122  0.08752452
   0.10260272  0.00833162]
 [ 0.10680928 -0.47066113  0.8488335  -0.08716553 -0.08508039  0.09535743
   0.14964567 -0.01510727]
 [ 0.00360231  0.09924687 -0.06992163 -0.7852938  -0.5958003  -0.01318408
  -0.07244214  0.09034439]
 [-0.07104874  0.03311858 -0.04216461 -0.47058678  0.62200904  0.59980834
   0.10302895  0.11552157]
 [ 0.01745578 -0.02167277  0.03776285  0.23180543 -0.26025814  0.6030486
  -0.70479107 -0.12622765]
 [ 0.07331643 -0.13323267  0.06762037 -0.04850808  0.21688104 -0.3067366
  -0.48675224  0.7693476 ]
 [ 0.09652083  0.17856787 -0.03342387  0.3089078  -0.34770682  0.40675884
   0.46585274  0.5990697 ]]",70
0,1,6,0.9,0.8318442106246948,"[[ 9.8768753e-01 -1.1219263e-02  1.5112120e-01  6.5495507e-03
   2.5948040e-02 -2.8172974e-02]
 [ 3.0211635e-02  9.9173903e-01 -1.1562705e-01 -3.5043411e-02
  -2.9447919e-02  8.7213386e-03]
 [-1.5074705e-01  1.1861705e-01  9.7664779e-01 -5.6616109e-02
   5.6556206e-02 -5.4409001e-02]
 [-1.2566221e-02  4.0383372e-02  5.5149049e-02  9.9610543e-01
  -4.6526555e-02  2.7912382e-02]
 [-2.0171992e-02  2.5027160e-02 -6.9589868e-02  5.3275682e-02
   9.8006302e-01 -1.7539124e-01]
 [ 1.6467245e-02  7.6443615e-04  4.5471016e-02 -2.1432327e-02
   1.8047880e-01  9.8215514e-01]]",71
1,2,6,0.9,0.8944800496101379,"[[ 0.9887618  -0.04434098 -0.14212763 -0.01214398 -0.00284698 -0.0053041 ]
 [ 0.06816926  0.9804306   0.17395197 -0.05472769  0.00740252 -0.02827542]
 [ 0.13228175 -0.17935312  0.9708493   0.03044326  0.07570271  0.03358698]
 [ 0.01114571  0.05826376 -0.02608596  0.9956048   0.06328538 -0.02380156]
 [-0.00847373  0.002245   -0.07366966 -0.06542458  0.9950579  -0.00866839]
 [ 0.00292469  0.03496252 -0.02974134  0.02052216  0.00779355  0.9987005 ]]",71
2,3,6,0.9,0.9143854379653931,"[[ 0.9321879   0.33858094 -0.08751873  0.04596724  0.01895171  0.07910061]
 [-0.3256229   0.93699616  0.0645007  -0.09138493 -0.04534236 -0.03795477]
 [ 0.09863116 -0.03174566  0.9893177  -0.03833008  0.05574999  0.07705285]
 [-0.07145132  0.06841574  0.04717655  0.9928467  -0.03431817  0.03264955]
 [-0.05255315  0.04120882 -0.05797332  0.02609321  0.9876061   0.12701355]
 [-0.08602414  0.00381913 -0.06199903 -0.04051069 -0.13391529  0.9844628 ]]",71
3,4,6,0.9,0.8198121786117554,"[[ 0.996868    0.05502278 -0.04872889  0.02630145 -0.00302798 -0.01230037]
 [-0.05185568  0.9959149   0.05306543 -0.03234913 -0.03564364 -0.01820955]
 [ 0.0505866  -0.04861385  0.99537355  0.01779673  0.0520951  -0.03575633]
 [-0.02841369  0.03355563 -0.01531425  0.9977967   0.03351676  0.03332422]
 [-0.00135088  0.03615247 -0.05180721 -0.03351467  0.9956749  -0.0592919 ]
 [ 0.01403807  0.01815712  0.03350354 -0.03497902  0.05928459  0.9968012 ]]",71
4,5,6,0.9,0.8229803442955017,"[[ 9.43629920e-01  3.18053991e-01  8.19818527e-02  3.75889726e-02
  -1.64127834e-02 -9.65278596e-04]
 [-3.19587827e-01  9.47408676e-01  6.88029872e-03 -1.01888822e-02
  -4.54379059e-03  1.04242750e-02]
 [-7.12928846e-02 -3.12648900e-02  9.86987650e-01 -1.02124088e-01
  -2.94306409e-03 -9.67329964e-02]
 [-4.62955013e-02 -7.10624736e-03  1.09982945e-01  9.85813439e-01
   7.69246428e-04  1.17818817e-01]
 [ 1.39336158e-02  9.12154745e-03  6.40805438e-03 -3.86225549e-03
   9.99499500e-01  2.58337837e-02]
 [ 2.47031311e-03 -1.21384095e-02  8.33651721e-02 -1.27322033e-01
  -2.64845695e-02  9.87919211e-01]]",71
5,6,7,0.9,0.9138497710227966,"[[ 0.9991585   0.00562798  0.02957771 -0.01055023 -0.00260201 -0.02237084
   0.01253342]
 [-0.01336671  0.9633702   0.26431432  0.02298247  0.00307662 -0.02893158
  -0.02241412]
 [-0.02766317 -0.26273057  0.95670974 -0.06536824  0.09889346 -0.02550953
  -0.014499  ]
 [ 0.00907573 -0.041953    0.07171943  0.98517704 -0.14524575  0.03321961
  -0.01549439]
 [ 0.00801571  0.02099779 -0.0802369   0.1476117   0.97476953  0.12002403
   0.08176892]
 [ 0.02051013  0.01994687  0.03960556 -0.05218432 -0.10848553  0.9908962
  -0.0352867 ]
 [-0.01307387  0.01612308  0.02862437  0.00105763 -0.08463244  0.02504143
   0.99546915]]",71
6,7,7,0.9,0.930022656917572,"[[ 9.87259090e-01  7.42952013e-03  1.43949360e-01  1.15969637e-02
  -6.32103607e-02  7.60082039e-05 -2.03149971e-02]
 [-4.23948467e-02  9.68839109e-01  2.40197495e-01  1.48878060e-02
   1.14073865e-02  2.35416722e-02 -3.08641419e-02]
 [-1.32048592e-01 -2.43397802e-01  9.50497091e-01 -1.01411395e-01
   6.98369667e-02  5.08380271e-02 -4.61524725e-02]
 [-2.01240852e-02 -3.96052711e-02  8.52286890e-02  9.92391825e-01
   6.58302829e-02  2.95223873e-02 -2.67541669e-02]
 [ 7.35437423e-02  8.59637465e-03 -6.75335824e-02 -5.86418100e-02
   9.92905319e-01 -8.16958398e-03 -2.42895689e-02]
 [-9.25163273e-03  8.68266169e-03  5.55339381e-02  2.43908893e-02
  -3.18298745e-03 -9.97532964e-01 -3.28314826e-02]
 [ 1.36376824e-02  1.83080770e-02  5.68360090e-02  2.20065285e-02
   2.81479452e-02 -2.91705504e-02  9.97056186e-01]]",71
7,8,7,0.9,0.9461781978607178,"[[ 9.9785656e-01 -5.5030327e-02 -3.2117087e-02  9.5867626e-03
  -9.7108111e-03  2.2134590e-03  5.5844011e-03]
 [ 4.7189761e-02  9.7318894e-01 -2.0667990e-01  5.5686094e-02
   6.8585612e-02  7.3993271e-03 -1.0006652e-02]
 [-4.2613927e-02 -2.0623221e-01 -9.7690511e-01  1.8128883e-03
   1.3545902e-02 -3.3408094e-02 -2.4437869e-03]
 [-1.2055654e-02 -4.9113788e-02  1.4422666e-02  9.9447918e-01
  -5.4314643e-02 -6.9706805e-02 -2.0896427e-02]
 [ 6.6537149e-03 -6.6315345e-02  2.9622186e-02  4.6530373e-02
   9.9446350e-01 -5.9639402e-02  9.9891331e-04]
 [-4.4610621e-03 -2.1427704e-02 -2.8411444e-02  7.2127640e-02
   5.5754136e-02  9.9518901e-01  1.2499449e-03]
 [-5.4589077e-03  8.6108856e-03 -3.9700195e-03  2.1158673e-02
  -1.4248417e-03 -2.6617199e-03  9.9971175e-01]]",71
8,9,7,0.9,0.9425085783004761,"[[ 9.8300892e-01 -1.6149576e-01 -5.6699615e-02 -2.5791623e-02
  -5.6859519e-02 -9.5664999e-03 -2.0198356e-02]
 [ 1.4561245e-01  9.6736574e-01 -2.0418267e-01 -2.7770439e-02
  -5.6591467e-03 -1.6074974e-02 -1.5755925e-02]
 [ 8.5532397e-02  1.9291881e-01  9.7625399e-01  7.4514979e-03
  -4.4799820e-02 -1.7621493e-02  4.6542329e-03]
 [ 2.4032113e-03  1.7178638e-02 -2.8056998e-02  9.2272246e-01
  -3.8159740e-01 -5.6703300e-03 -4.2969719e-02]
 [ 6.6420645e-02  1.1861670e-02  3.0257603e-02  3.8080201e-01
   9.2032218e-01 -5.0288096e-02 -4.2586619e-04]
 [ 1.6174793e-02  1.7878687e-02  1.4970825e-02  2.3047926e-02
   4.3105666e-02  9.9817365e-01 -2.1321271e-02]
 [ 2.2260884e-02  1.2224542e-02 -9.7941430e-03  3.9368197e-02
  -1.6139317e-02  2.0683611e-02  9.9850935e-01]]",71
9,10,8,0.9,1.1214925050735474,"[[ 0.9861999  -0.13683651 -0.07034526  0.00552801 -0.05600289 -0.01389857
  -0.0193062   0.00203097]
 [ 0.11739635  0.9636681  -0.2344009   0.01018216  0.0247454  -0.02174249
  -0.03417742 -0.0161666 ]
 [ 0.09666714  0.22305931  0.9621558   0.10065871 -0.04750416  0.04923575
  -0.01679707  0.00781331]
 [-0.02966257 -0.0278498  -0.09605838  0.96598256 -0.20646077 -0.11437926
  -0.01132164 -0.01258282]
 [ 0.05255434 -0.02684416  0.03015414  0.2071314   0.97445214 -0.0411975
   0.02418085 -0.02942712]
 [ 0.01067121  0.0047136  -0.06406595  0.11605786  0.01938335  0.99032843
   0.01253301  0.03173387]
 [ 0.02292765  0.03503988  0.00523574  0.00741449 -0.02566149 -0.01488235
   0.9970196   0.05688692]
 [-0.0013337   0.01086146 -0.00977775  0.01355012  0.02788524 -0.03403518
  -0.05708798  0.99719906]]",71
10,11,8,0.9,1.5407410860061646,"[[ 9.78203118e-01  1.62434921e-01 -3.68502666e-03  1.82976797e-02
   1.68876983e-02 -2.16500275e-02  2.50257850e-02  1.22494608e-01]
 [ 1.34478733e-01 -8.49058807e-01 -4.93798852e-01 -1.33206807e-02
  -6.55624345e-02 -9.53473076e-02  5.67570925e-02  1.97226387e-02]
 [ 7.51698539e-02 -4.58086312e-01  8.60701382e-01 -7.81480521e-02
  -1.01527318e-01 -1.24472342e-01  1.07580602e-01  1.47508681e-02]
 [ 6.61561848e-04  2.97427196e-02  1.92647334e-02  8.62501800e-01
  -2.55000949e-01 -3.85513127e-01 -6.15922995e-02 -1.93378001e-01]
 [ 2.26954166e-02  4.34447154e-02 -2.91641951e-02 -1.13383278e-01
  -9.12515283e-01  3.73551637e-01 -1.07636705e-01 -8.97282362e-03]
 [-9.62760486e-03  6.88359067e-02 -4.97746058e-02  9.21879336e-02
  -4.43367474e-02  1.79488987e-01  9.56529319e-01 -1.87249541e-01]
 [ 1.28004014e-01 -1.33550212e-01  7.31266290e-02  1.19280882e-01
   2.28727132e-01  5.23565173e-01 -2.31719643e-01 -7.52378404e-01]
 [ 4.88912798e-02  1.32381335e-01 -7.93442056e-02 -4.62481380e-01
  -1.81980968e-01 -6.16805375e-01  2.36033536e-02 -5.88028312e-01]]",71
0,1,6,0.9,0.8302980065345764,"[[ 0.9865988  -0.04613914  0.15355043  0.00379156  0.02429642 -0.01765373]
 [ 0.06480609  0.9900487  -0.11255611 -0.04553335 -0.02876896  0.00583249]
 [-0.14858046  0.12028219  0.97693133 -0.05398473  0.0570456  -0.0537843 ]
 [-0.00806654  0.05096759  0.05097874  0.9964308  -0.03582303  0.02409912]
 [-0.01536226  0.02452347 -0.06965145  0.04155275  0.9820187  -0.16799963]
 [ 0.00677077  0.00281747  0.04368644 -0.01992509  0.17228979  0.98384804]]",72
1,2,6,0.9,0.8848606944084167,"[[ 0.9847755  -0.07435927 -0.15620717 -0.01379261 -0.00347088 -0.0092184 ]
 [ 0.10180163  0.9764953   0.1824029  -0.0440823   0.00645652 -0.02893814]
 [ 0.13983817 -0.19341049  0.9674185   0.0322088   0.07200348  0.0302836 ]
 [ 0.01315845  0.04849064 -0.02883927  0.9970842   0.04915327 -0.00712904]
 [-0.00786658  0.00550505 -0.07060785 -0.05121362  0.99605364  0.01328528]
 [ 0.00799581  0.03373709 -0.02475158  0.00541603 -0.01492354  0.998966  ]]",72
2,3,6,0.9,0.9041007161140442,"[[ 0.927921    0.35344157 -0.08335954  0.05311802  0.01034782  0.06453106]
 [-0.34102225  0.9318893   0.06632844 -0.08376765 -0.0494389  -0.03775591]
 [ 0.09764163 -0.03255113  0.9886507  -0.0468675   0.05701852  0.08080031]
 [-0.07623812  0.05881682  0.05422161  0.993535    0.00427368  0.02565802]
 [-0.04240866  0.04563982 -0.06231818 -0.010143    0.9876279   0.12931813]
 [-0.07430872  0.00770992 -0.0663176  -0.0273911  -0.1370053   0.98513955]]",72
3,4,6,0.9,0.8138834238052368,"[[ 0.99478453  0.08464966 -0.03920105  0.02782422 -0.01508735 -0.02644956]
 [-0.08318032  0.99469566  0.04397354 -0.02061308 -0.03383414 -0.01257968]
 [ 0.04260333 -0.0390557   0.9966561   0.00204136  0.05111668 -0.02681542]
 [-0.02807033  0.02063018 -0.00191882  0.99744904  0.05347686  0.03191194]
 [ 0.00995572  0.03512996 -0.05155478 -0.05200039  0.9949029  -0.05893347]
 [ 0.02797521  0.01516265  0.02333596 -0.03446848  0.05764773  0.9969612 ]]",72
4,5,6,0.9,0.8227217197418213,"[[ 0.9450462   0.30269253  0.10348955  0.06449172 -0.01692809 -0.0104444 ]
 [-0.30921143  0.94994915  0.04328076  0.00392366 -0.00256385  0.00947263]
 [-0.07964208 -0.06940344  0.9837829  -0.10674763 -0.02035163 -0.09592852]
 [-0.06725864 -0.03190386  0.11000549  0.9850826   0.03645766  0.10315146]
 [ 0.01638836  0.00705795  0.02023525 -0.0401329   0.9985963   0.02161036]
 [ 0.01186554 -0.00945391  0.08412628 -0.11149847 -0.02773129  0.9896927 ]]",72
5,6,7,0.9,0.9125287532806396,"[[ 9.9880189e-01  4.4134706e-02 -4.3212962e-03 -1.0224147e-02
   4.2338707e-04 -4.9337754e-03  1.7296972e-02]
 [-4.1593663e-02  9.7446239e-01  2.1657765e-01  2.1688726e-02
   5.3635221e-03 -2.5614347e-02 -2.5136927e-02]
 [ 1.3486118e-02 -2.1582721e-01  9.7152829e-01 -4.4513538e-02
   8.1366964e-02 -1.9871486e-02 -1.9300977e-02]
 [ 1.2128623e-02 -3.2131087e-02  5.5542156e-02  9.7378445e-01
  -2.1596816e-01  2.3473034e-02 -1.6917877e-02]
 [ 3.3167796e-04  9.5926514e-03 -6.4470589e-02  2.1590346e-01
   9.6284151e-01  1.2518238e-01  8.0017120e-02]
 [ 4.1150027e-03  2.0331502e-02  3.1393491e-02 -5.0675716e-02
  -1.1343810e-01  9.9119455e-01 -2.6101498e-02]
 [-1.7853033e-02  1.8867480e-02  3.1324282e-02 -2.2713218e-03
  -8.2318239e-02  1.5376862e-02  9.9565363e-01]]",72
6,7,7,0.9,0.9439375400543213,"[[ 9.87981677e-01  6.99375048e-02  1.23115815e-01  1.42476726e-02
  -5.46756871e-02  7.05073308e-03 -2.45220847e-02]
 [-9.60867852e-02  9.72401917e-01  2.06897780e-01  1.12584457e-02
  -2.91105616e-03  2.86175385e-02 -3.79612409e-02]
 [-1.00602083e-01 -2.15977222e-01  9.61736381e-01 -9.97622535e-02
   7.12653324e-02  2.91306581e-02 -4.91552725e-02]
 [-1.70668755e-02 -3.23543772e-02  8.30584317e-02  9.88909602e-01
   1.11039177e-01  2.62122694e-02 -2.83570550e-02]
 [ 6.30297363e-02  2.50547398e-02 -7.29711950e-02 -1.03692427e-01
   9.89374936e-01  8.65425041e-04 -2.14276481e-02]
 [ 6.95758732e-04  2.08945032e-02  3.62520032e-02  2.31135115e-02
   5.06308768e-03 -9.98725235e-01 -1.53877595e-02]
 [ 1.65613871e-02  2.80367564e-02  5.96751720e-02  2.21152510e-02
   2.65576690e-02 -1.19508030e-02  9.97016191e-01]]",72
7,8,7,0.9,0.9525420665740967,"[[ 9.9493140e-01 -9.4104581e-02 -3.3643898e-02  4.8636948e-03
  -2.0122973e-03 -2.9924696e-03  9.3380837e-03]
 [ 8.4725223e-02  9.7054279e-01 -2.0716421e-01  5.5389971e-02
   6.7966484e-02 -1.2048222e-02 -1.0898247e-02]
 [-5.1873527e-02 -2.0258465e-01 -9.7675699e-01 -2.8243357e-02
   8.8613918e-03  3.6155570e-02 -5.5732783e-03]
 [-1.0435522e-02 -5.8554146e-02 -1.2544531e-02  9.9398363e-01
   1.5215683e-02  8.9359254e-02 -9.2116930e-03]
 [-2.7531628e-03 -6.2207062e-02  2.4771979e-02 -2.3504104e-02
   9.9599922e-01  5.4241717e-02 -4.9943341e-05]
 [-6.8701636e-03 -2.7653497e-02 -3.2585487e-02  8.6230412e-02
   5.5213869e-02 -9.9368030e-01 -1.5539792e-02]
 [-8.8620065e-03  9.3573378e-03 -8.0102645e-03  1.0898998e-02
   1.8573774e-03 -1.4521697e-02  9.9971825e-01]]",72
8,9,7,0.9,0.9521753787994385,"[[ 9.6900034e-01 -2.3255900e-01 -5.3152252e-02 -3.9517485e-02
  -4.5524485e-02 -1.2059817e-02 -1.8706011e-02]
 [ 2.1910036e-01  9.6064836e-01 -1.6552103e-01 -3.1540837e-02
  -1.1972516e-02 -2.0361714e-02 -1.4129364e-02]
 [ 8.9761078e-02  1.4963880e-01  9.8393488e-01  2.2284951e-02
  -2.7344873e-02 -4.5903493e-04  1.3367961e-02]
 [ 8.7189581e-04  9.6309716e-03 -3.6164157e-02  7.7134329e-01
  -6.3306320e-01 -4.1203935e-02 -3.4078173e-02]
 [ 6.4369693e-02  1.4086126e-02 -7.4486475e-04  6.2955952e-01
   7.7176666e-01 -6.0209695e-02 -7.9522608e-03]
 [-1.9175816e-02 -1.7743604e-02  4.2765038e-03 -6.7308694e-02
  -2.0362897e-02 -9.9597031e-01  4.8961531e-02]
 [ 2.1549355e-02  8.5503254e-03 -1.7973019e-02  3.3177409e-02
  -1.5127470e-02  4.6475295e-02  9.9782264e-01]]",72
9,10,8,0.9,1.1389967203140259,"[[ 9.76714730e-01 -1.85970977e-01 -8.31900463e-02 -2.81655043e-02
   5.62086552e-02  1.47414189e-02 -1.84781756e-02  3.34818801e-03]
 [ 1.58990085e-01  9.51086342e-01 -2.59138882e-01  2.36156564e-02
  -8.01802520e-03  2.79094893e-02 -3.68296653e-02  1.57033950e-02]
 [ 1.24944314e-01  2.39274323e-01  9.56213117e-01  7.05123171e-02
   7.85711780e-02 -3.85450833e-02 -5.99390781e-03  1.12304715e-02]
 [-1.88984629e-02 -4.13408503e-02 -8.46611783e-02  8.69262338e-01
   4.68076795e-01  1.26688555e-01 -1.62588910e-03  8.60400090e-04]
 [ 6.35840744e-02 -2.00842358e-02  3.32698338e-02  4.75449234e-01
  -8.75404000e-01 -2.57919845e-03  2.98026893e-02  3.41748111e-02]
 [ 1.17311580e-02  9.81172640e-03 -5.63261434e-02  1.08051546e-01
   5.85030653e-02 -9.90097344e-01 -7.81672914e-03 -3.37913670e-02]
 [ 2.34545972e-02  3.47808786e-02 -6.20569382e-03 -1.00400066e-02
   2.61838753e-02 -3.85834789e-03  9.95841742e-01 -7.54966065e-02]
 [ 7.18989503e-03  1.33767268e-02  9.86832473e-03  1.52355302e-02
  -3.26603800e-02  3.39665078e-02 -7.49240443e-02 -9.95794058e-01]]",72
10,11,9,0.9,1.5834558010101318,"[[-9.62811649e-01  1.99466750e-01 -2.51402929e-02 -5.62489107e-02
   4.64880839e-02 -1.54256625e-02  2.23258995e-02 -1.17893599e-01
  -1.12314045e-01]
 [-1.72362119e-01 -8.97224009e-01 -3.59863281e-01  5.64394034e-02
  -5.37378863e-02  1.07681163e-01  1.22542307e-01 -2.56134737e-02
  -4.93736491e-02]
 [-7.61364847e-02 -3.44157904e-01  9.24447298e-01 -8.79544467e-02
  -8.45590432e-04  6.93592662e-03  8.78213271e-02 -3.89974043e-02
  -6.43243790e-02]
 [ 4.99425689e-03  4.15735207e-02 -5.54968081e-02 -7.81510830e-01
  -4.85985368e-01  3.54741275e-01  3.06973942e-02  1.39445409e-01
   4.46899310e-02]
 [ 4.31862362e-02  3.62854963e-03 -3.13303247e-02 -2.88991183e-01
   8.28269303e-01  4.58686620e-01  1.15256727e-01  4.60829586e-02
   4.23464291e-02]
 [-1.78780407e-02 -3.68556604e-02  6.12459630e-02  2.13815570e-01
  -8.56173858e-02  5.22070944e-01 -7.89981723e-01 -1.85429037e-01
  -1.02521241e-01]
 [-5.01289964e-02 -1.08574100e-01 -1.50830038e-02 -1.91811264e-01
   1.75105616e-01 -3.63280624e-01 -4.22938079e-01  6.94157541e-01
  -3.53996605e-01]
 [ 7.59564862e-02 -1.21148013e-01 -6.54601678e-02 -4.55893129e-01
   1.84236526e-01 -4.92653787e-01 -3.39388222e-01 -6.06282115e-01
   8.95376280e-02]
 [-1.64305925e-01 -8.48081186e-02  5.42085618e-02  3.59499045e-02
   2.83430424e-02 -6.81567639e-02 -2.10746139e-01  2.80248135e-01
   9.12786126e-01]]",72
0,1,6,0.9,0.8281170129776001,"[[ 9.8478580e-01 -4.8349280e-02  1.6296069e-01  4.0729853e-04
   2.7545514e-02 -2.3328641e-02]
 [ 6.2204164e-02  9.9404806e-01 -7.5560324e-02 -3.8868733e-02
  -2.7515829e-02  4.6780575e-03]
 [-1.6068836e-01  8.4259920e-02  9.7893465e-01 -5.1810309e-02
   5.6588892e-02 -5.3664535e-02]
 [-5.2342829e-03  4.1946948e-02  5.1941328e-02  9.9659055e-01
  -4.3233916e-02  2.1289080e-02]
 [-1.8847255e-02  2.5813937e-02 -6.8796769e-02  4.8605327e-02
   9.8128694e-01 -1.7017303e-01]
 [ 1.1148253e-02  2.2812292e-03  4.4615164e-02 -1.5795913e-02
   1.7460975e-01  9.8343372e-01]]",73
1,2,6,0.9,0.8850466012954712,"[[ 9.8607767e-01 -6.6721059e-02 -1.5180267e-01 -1.1969359e-02
   8.0470293e-04 -3.3380934e-03]
 [ 9.4712012e-02  9.7497666e-01  1.9157431e-01 -5.3008538e-02
   8.8811964e-03 -2.9338514e-02]
 [ 1.3581394e-01 -2.0059720e-01  9.6680176e-01  4.1520074e-02
   6.3419327e-02  2.9391460e-02]
 [ 1.0786100e-02  5.9263803e-02 -3.4192763e-02  9.9686873e-01
   3.7093099e-02 -8.9010522e-03]
 [-1.0688465e-02  1.7405336e-03 -6.1669022e-02 -3.9268363e-02
   9.9724376e-01 -6.5187588e-03]
 [ 2.1068689e-03  3.4848742e-02 -2.4030609e-02  5.8071115e-03
   5.2350997e-03  9.9907082e-01]]",73
2,3,6,0.9,0.8977335095405579,"[[ 0.95441246  0.27470353 -0.07563436  0.05447687  0.01293546  0.06913229]
 [-0.2622244   0.95693886  0.06250768 -0.0875631  -0.05187374 -0.03522744]
 [ 0.08502396 -0.0382663   0.9904265  -0.03187208  0.06014524  0.07568862]
 [-0.07547681  0.06899278  0.03876039  0.99364066  0.00596231  0.02614577]
 [-0.04215433  0.04999752 -0.06532087 -0.01367628  0.9859985   0.1381169 ]
 [-0.07504975  0.0090503  -0.06048526 -0.02898929 -0.14593035  0.9841194 ]]",73
3,4,6,0.9,0.8105446696281433,"[[ 0.9903396   0.12799236 -0.03714265  0.02643962 -0.01507028 -0.02323227]
 [-0.12561512  0.98853046  0.06188927 -0.03360633 -0.04131428 -0.01902207]
 [ 0.04431522 -0.05530325  0.99584246  0.00368536  0.04623688 -0.03352673]
 [-0.02977216  0.03188151 -0.00099885  0.99831754  0.02768241  0.02630454]
 [ 0.00693158  0.04312841 -0.0463476  -0.02699229  0.9952082  -0.06910793]
 [ 0.0234543   0.02214838  0.03064003 -0.02813268  0.06872071  0.9962462 ]]",73
4,5,7,0.9,0.8775295615196228,"[[ 9.19881105e-01  3.73816788e-01  1.01808451e-01  5.13261855e-02
  -1.50915217e-02 -4.34865057e-03 -2.88784504e-02]
 [-3.76305968e-01  9.26056862e-01  5.23447478e-03  2.28842269e-04
  -7.85394665e-03  1.66711919e-02  2.11084932e-02]
 [-8.96792710e-02 -3.91194001e-02  9.83865798e-01 -1.05341949e-01
  -1.21857300e-02 -8.53794366e-02 -6.24522641e-02]
 [-5.62955104e-02 -2.54325625e-02  1.08817391e-01  9.85094488e-01
   1.34655843e-02  1.16586752e-01 -1.25659481e-02]
 [ 1.12803197e-02  1.23369675e-02  1.44905653e-02 -1.55694941e-02
   9.99386728e-01  1.27059445e-02  1.82468742e-02]
 [ 1.07671227e-02 -1.51691111e-02  7.59999081e-02 -1.24139234e-01
  -1.65086631e-02  9.87571657e-01  5.38246259e-02]
 [ 2.75327489e-02 -1.09708235e-02  6.15507737e-02  1.43044489e-02
  -1.82874929e-02 -5.79810329e-02  9.95706916e-01]]",73
5,6,7,0.9,0.8942170739173889,"[[ 0.9985502   0.04892072  0.00464265  0.00440798  0.00758709 -0.01092133
   0.01692613]
 [-0.0488684   0.9782702   0.19810756  0.01928906  0.0026576  -0.02368797
  -0.02030937]
 [ 0.00472236 -0.19740745  0.97495806 -0.041108    0.09049159 -0.01757392
  -0.01665282]
 [-0.0012386  -0.02885629  0.05262766  0.98134905 -0.17841476  0.037886
  -0.00911298]
 [-0.00841427  0.01368194 -0.07598674  0.17642081  0.96923834  0.12981266
   0.08105215]
 [ 0.0113716   0.01949004  0.02956211 -0.06076797 -0.1170624   0.9901667
  -0.02811429]
 [-0.01689634  0.01499183  0.02776737 -0.00746368 -0.08239094  0.01714491
   0.9957815 ]]",73
6,7,7,0.9,0.923855185508728,"[[ 9.8930973e-01  7.1488440e-02  1.0942410e-01  1.1824771e-02
  -6.0264274e-02  5.3912536e-03 -1.9529248e-02]
 [-9.2850827e-02  9.7610384e-01  1.8974438e-01  5.3444668e-03
  -4.7017783e-03  2.8251145e-02 -4.1813612e-02]
 [-8.8922687e-02 -1.9901733e-01  9.6775907e-01 -8.9445390e-02
   6.3297682e-02  3.8111176e-02 -4.9676977e-02]
 [-1.3509526e-02 -2.3040175e-02  7.7034511e-02  9.9127883e-01
   9.7158387e-02  1.4583166e-02 -3.2652911e-02]
 [ 6.6465810e-02  2.3267176e-02 -6.3064255e-02 -9.1280848e-02
   9.9119240e-01 -3.4180023e-03 -1.6049998e-02]
 [-1.2995081e-03  1.9445533e-02  4.3216292e-02  1.1133912e-02
  -3.6668431e-04 -9.9860704e-01 -2.0304462e-02]
 [ 1.1656904e-02  3.2442808e-02  6.0719516e-02  2.7226528e-02
   2.0910975e-02 -1.6728064e-02  9.9682814e-01]]",73
7,8,7,0.9,0.9291911721229553,"[[ 9.92346585e-01 -1.13318861e-01 -4.52684425e-02  1.37557788e-02
  -6.66610990e-03  3.48915439e-03  1.05885426e-02]
 [ 1.00327387e-01  9.67155397e-01 -2.11626187e-01  7.31311589e-02
   6.41968250e-02  9.09547880e-03 -1.43856807e-02]
 [-6.73094466e-02 -2.04557970e-01 -9.75511074e-01 -2.67694090e-02
   6.40467554e-03 -3.52823548e-02 -1.11623562e-03]
 [-2.21603792e-02 -7.18675032e-02 -7.73577206e-03  9.93037403e-01
  -2.84067057e-02 -8.56023133e-02 -5.10622375e-03]
 [ 2.51444551e-04 -6.28204346e-02  2.05398537e-02  2.07863320e-02
   9.96813595e-01 -3.91560197e-02  5.39324293e-03]
 [-8.53984430e-03 -2.45775860e-02 -3.22973914e-02  8.44966099e-02
   3.65155600e-02  9.94772077e-01 -1.53408935e-02]
 [-9.38771199e-03  1.44839492e-02 -4.30103298e-03  7.13347271e-03
  -3.96089163e-03  1.50938677e-02  9.99694526e-01]]",73
8,9,7,0.9,0.9374123215675354,"[[ 9.71363246e-01 -2.14546353e-01 -7.88232461e-02 -3.90829928e-02
  -4.87418585e-02 -8.12122226e-03 -1.55217685e-02]
 [ 2.00402141e-01  9.69044626e-01 -1.37986094e-01 -1.78905968e-02
  -2.49911565e-02 -2.28133928e-02 -1.69179086e-02]
 [ 1.05396263e-01  1.18146591e-01  9.86900866e-01  1.30201876e-02
  -2.57921126e-02 -1.02096368e-02  4.54921648e-03]
 [ 3.23449698e-04 -4.70046327e-03 -2.54389308e-02  8.18372607e-01
  -5.72201669e-01 -3.47890295e-02 -3.11767962e-02]
 [ 6.69831485e-02  1.63406599e-02  4.02640598e-03  5.67775846e-01
   8.16845119e-01 -7.42867365e-02 -1.02991574e-02]
 [ 1.81018971e-02  2.23720986e-02  5.94866043e-03  6.95030540e-02
   3.99483964e-02  9.95950222e-01 -2.81606317e-02]
 [ 1.92211326e-02  1.31943151e-02 -8.64210352e-03  3.23897600e-02
  -9.37499944e-03  2.57625133e-02  9.98789787e-01]]",73
9,10,8,0.9,1.1022063493728638,"[[ 9.8015672e-01 -1.4944941e-01 -1.0221391e-01  3.1642180e-02
   6.7223579e-02  1.9278672e-02 -2.4349427e-02  5.0190650e-03]
 [ 1.3243034e-01  9.7708803e-01 -1.6000760e-01 -6.0913302e-03
  -1.6148441e-02  2.9573627e-02 -2.6966205e-02 -1.6089194e-02]
 [ 1.2033891e-01  1.4447112e-01  9.7349972e-01 -8.6730123e-02
   8.7476656e-02 -3.2966301e-02 -2.4717720e-02  8.5444283e-03]
 [-1.6717199e-02 -1.9055160e-02 -1.0649968e-01 -8.9149618e-01
   4.1149715e-01  1.5397367e-01 -1.1334577e-02 -9.1434307e-03]
 [ 7.6426558e-02 -2.1687621e-02  3.8647257e-02 -4.1972667e-01
  -9.0292215e-01  1.6047759e-02  1.9640692e-02 -1.0625302e-02]
 [ 1.7576266e-02  1.9101933e-02 -5.5828098e-02 -1.4309227e-01
   4.6988338e-02 -9.8507285e-01  5.1177649e-05  5.6192033e-02]
 [ 2.8653959e-02  2.6827997e-02  1.5132897e-02 -3.4875197e-03
   2.5560906e-02  3.2447237e-03  9.9851900e-01  2.2669140e-02]
 [-4.8051835e-03  1.3177892e-02 -8.1657320e-03 -4.0155994e-03
  -1.0417812e-02  5.7640702e-02 -2.2681769e-02  9.9788523e-01]]",73
10,11,8,0.9,1.4497216939926147,"[[-0.97542775  0.16996965 -0.03211294 -0.04524981  0.06696094 -0.00293479
   0.02045898 -0.1079878 ]
 [-0.1336766  -0.84210306 -0.5060489   0.01410016 -0.03852659  0.09664594
   0.07535077  0.01436097]
 [-0.10935566 -0.46633935  0.8544021  -0.00798248 -0.04857226  0.12278361
   0.15186948 -0.00163776]
 [-0.00734384 -0.05844693  0.03616269  0.8590981   0.3903044  -0.2897564
   0.0144921  -0.14375801]
 [ 0.06460198  0.00555547 -0.01046739 -0.24462818  0.8708288   0.41160256
   0.05610789  0.07025488]
 [-0.02754964 -0.0438546   0.05173479  0.18561754 -0.09825952  0.4646195
  -0.8444448  -0.14688118]
 [-0.08960629 -0.1289379   0.0785114  -0.14314938  0.18005648 -0.5059174
  -0.43565863  0.68594366]
 [-0.07547895  0.15001772 -0.05120794  0.38059396 -0.19727428  0.50037587
   0.25415674  0.6858825 ]]",73
0,1,6,0.9,0.8311758041381836,"[[ 0.986608   -0.02871794  0.15649275  0.00338245  0.02368967 -0.02678193]
 [ 0.04120942  0.9953843  -0.07252817 -0.03932802 -0.02650824 -0.00145494]
 [-0.15587033  0.07716912  0.97993183 -0.05569681  0.05977189 -0.05299128]
 [-0.00964568  0.0429065   0.05450936  0.9969059  -0.03279332  0.01406663]
 [-0.01634922  0.02284625 -0.07138587  0.03746271  0.9815778  -0.17092773]
 [ 0.01582742  0.00820619  0.0437719  -0.01071574  0.17490843  0.9833912 ]]",74
1,2,6,0.9,0.8755131363868713,"[[ 0.98990417 -0.00133238 -0.14097506 -0.01232851 -0.00214307 -0.00757673]
 [ 0.02452442  0.9836266   0.16879807 -0.05306419  0.00197541 -0.02376609]
 [ 0.13901876 -0.16759394  0.9716021   0.03672091  0.07858291  0.03242949]
 [ 0.00784647  0.05918987 -0.03354795  0.9957674   0.0612785   0.00133794]
 [-0.00940361  0.00743346 -0.07510324 -0.064116    0.9949938  -0.00960774]
 [ 0.00347698  0.02881955 -0.02926753 -0.00449763  0.00696614  0.9991156 ]]",74
2,3,6,0.9,0.9019684791564941,"[[ 0.9126737   0.3868698  -0.1012741   0.04908745  0.02313104  0.06447811]
 [-0.3724841   0.9190768   0.08439045 -0.07610501 -0.05012351 -0.03357513]
 [ 0.12077873 -0.03866032  0.9869883  -0.03177847  0.05097139  0.0785107 ]
 [-0.07082389  0.04964998  0.04198594  0.9950621  -0.01600738  0.01873989]
 [-0.06024862  0.0408398  -0.05446074  0.00870171  0.9823596   0.16318814]
 [-0.07105573  0.00138053 -0.06121296 -0.02375359 -0.17049372  0.9805967 ]]",74
3,4,6,0.9,0.8208451271057129,"[[ 0.9956714   0.08211491 -0.01581674  0.03806549 -0.00255964 -0.01377875]
 [-0.08131555  0.99554735  0.02243044 -0.01673582 -0.03777748 -0.00794061]
 [ 0.01666714 -0.01937842  0.9980069   0.01245865  0.04701837 -0.03103319]
 [-0.03910115  0.01524304 -0.01196754  0.9981159   0.03008666  0.03090297]
 [-0.00139643  0.03753836 -0.04837289 -0.02853593  0.99407315 -0.0851658 ]
 [ 0.01474968  0.01121421  0.02731063 -0.03265101  0.08525784  0.9952768 ]]",74
4,5,7,0.9,0.8912810683250427,"[[ 0.9458747   0.30501366  0.08105092  0.06834223 -0.01776225 -0.00237196
  -0.02695718]
 [-0.3088058   0.9504132   0.03269223 -0.00287472 -0.00581418  0.00958441
   0.01228543]
 [-0.06231109 -0.0527215   0.9848312  -0.10324677 -0.01152098 -0.0894931
  -0.06814428]
 [-0.07199254 -0.0249368   0.10674097  0.9851705   0.01729904  0.10875706
  -0.01064576]
 [ 0.01636118  0.01005369  0.01657305 -0.02331015  0.99797255  0.05090202
   0.01652081]
 [ 0.00860689 -0.01159822  0.08181419 -0.11555102 -0.05556833  0.98550755
   0.07370737]
 [ 0.02350835 -0.00666115  0.06409054  0.01431332 -0.01347646 -0.0790519
   0.9943136 ]]",74
5,6,7,0.9,0.9161732792854309,"[[ 0.99715286  0.0687361  -0.0206829  -0.01556497  0.00844559  0.00228375
   0.0146622 ]
 [-0.06123776  0.9677198   0.24073918  0.02008543  0.01890711 -0.02717382
  -0.01771313]
 [ 0.03505634 -0.2388956   0.9640556  -0.06056914  0.08965871 -0.01672077
  -0.01760348]
 [ 0.02106331 -0.03262553  0.07283088  0.97078854 -0.22433732  0.00940035
  -0.0184793 ]
 [-0.0074062  -0.00131527 -0.07151056  0.2277002   0.9602298   0.12145571
   0.07867286]
 [-0.00244428  0.02260024  0.03048269 -0.03749274 -0.11212408  0.9919062
  -0.02642895]
 [-0.01423831  0.01207481  0.02943464 -0.00145333 -0.08119177  0.01608937
   0.99595785]]",74
6,7,7,0.9,0.9400490522384644,"[[ 9.89021361e-01  3.34726125e-02  1.28615648e-01  8.36456893e-04
  -6.21303096e-02  7.70761259e-03 -1.59408636e-02]
 [-6.49888739e-02  9.67764676e-01  2.36906648e-01  2.08146498e-02
  -7.95475394e-03  2.33728811e-02 -4.51708063e-02]
 [-1.11592904e-01 -2.42087275e-01  9.54730928e-01 -7.75949657e-02
   8.60608071e-02  4.00017202e-02 -4.90099788e-02]
 [-3.05134524e-03 -3.81011777e-02  6.00942336e-02  9.92904425e-01
   8.22039917e-02  2.73673981e-02 -3.95216607e-02]
 [ 7.12461248e-02  3.32189277e-02 -7.98399150e-02 -7.64950588e-02
   9.90604937e-01  5.97173907e-03 -1.61468107e-02]
 [ 1.81003555e-03  1.17110657e-02  4.46820371e-02  2.34035794e-02
   1.04966490e-02 -9.98289347e-01 -2.49686707e-02]
 [ 8.46638158e-03  3.18204351e-02  6.19660877e-02  3.58693972e-02
   2.24544555e-02 -2.06827763e-02  9.96422291e-01]]",74
7,8,7,0.9,0.9582175612449646,"[[ 9.9678445e-01 -7.2266094e-02  2.4934810e-02  1.0783583e-02
  -2.1307912e-02 -1.6768686e-04 -2.4957918e-03]
 [ 6.7980736e-02  9.8231584e-01  1.5333435e-01  5.6656063e-02
   5.8477942e-02  7.0986156e-03 -1.5586205e-02]
 [-3.4997407e-02 -1.5051354e-01  9.8720473e-01 -2.8375706e-02
   1.3204044e-02 -2.1767195e-02  9.7124651e-03]
 [-1.5237703e-02 -5.9548296e-02  1.7496604e-02  9.9602753e-01
   1.4254401e-02 -6.0340934e-02 -7.7351340e-04]
 [ 1.8038517e-02 -5.5378221e-02 -2.3078136e-02 -2.0851355e-02
   9.9562985e-01 -6.5473050e-02 -8.6637195e-03]
 [-9.3575375e-04 -1.8013513e-02  2.0237885e-02  5.7887003e-02
   6.5895855e-02  9.9534577e-01 -2.9302135e-02]
 [ 4.0068538e-03  1.5548302e-02 -6.7337467e-03  3.4737780e-03
   1.1305030e-02  2.8891943e-02  9.9936092e-01]]",74
8,9,8,0.9,1.264343500137329,"[[ 0.9640797  -0.24713184 -0.06037145 -0.04403117 -0.04913827 -0.00299524
  -0.02690864 -0.02729825]
 [ 0.22904232  0.95439035 -0.18086593 -0.03573038 -0.01958458 -0.02700076
  -0.02401481 -0.03162768]
 [-0.10172705 -0.16129619 -0.98124486  0.00868376  0.02272924 -0.00298025
  -0.01335217 -0.00378884]
 [-0.00192783  0.00956496 -0.01040521  0.72290677 -0.68960315 -0.00826629
  -0.03103205 -0.02487049]
 [ 0.07043308  0.02016838  0.01310787  0.6810803   0.71911055 -0.08390261
  -0.03763956 -0.07080897]
 [ 0.01207015  0.02505138 -0.00563206  0.05831088  0.05340166  0.99393857
  -0.06794327 -0.02032266]
 [ 0.02760322  0.01307065 -0.0175885   0.04015625  0.00289841  0.06094523
   0.985015   -0.15221064]
 [ 0.04323735  0.02742034 -0.01341787  0.07233274  0.03395037  0.02273722
   0.14584368  0.98439145]]",74
9,10,8,0.9,1.2467349767684937,"[[ 9.70434070e-01 -1.94092885e-01 -8.80394280e-02  4.70030643e-02
   6.54723793e-02  1.19188158e-02 -4.56829183e-02 -6.41063154e-02]
 [ 1.67612880e-01  9.58265185e-01 -2.23256081e-01  8.21905583e-03
   5.54701081e-03  3.91125567e-02 -4.61727977e-02 -5.53475274e-03]
 [ 1.26291513e-01  2.03017458e-01  9.61121202e-01 -1.01670891e-01
   7.41327405e-02 -4.95321192e-02 -2.49692965e-02 -1.30731864e-02]
 [ 3.24744527e-04 -2.76296213e-02 -1.10612884e-01 -9.22484636e-01
   3.29720944e-01  1.54628038e-01 -2.46878657e-02 -5.28035387e-02]
 [ 7.35117868e-02 -1.27143192e-03  2.69273613e-02 -3.28572243e-01
  -9.36146855e-01  1.88423563e-02 -3.39811482e-02 -8.96047875e-02]
 [ 4.55432851e-03  1.77814141e-02 -7.54008815e-02 -1.37066886e-01
   3.57760042e-02 -9.80548799e-01 -9.32359397e-02 -6.11680187e-02]
 [ 4.15684693e-02  4.16845679e-02  1.31641410e-03 -2.75158118e-02
  -2.17255205e-03 -7.34806582e-02  9.69281375e-01 -2.25532949e-01]
 [ 8.40303600e-02  4.59438609e-03 -2.13352242e-03 -9.43620056e-02
  -6.17700778e-02 -6.88067302e-02  2.12589204e-01  9.64502394e-01]]",74
10,11,9,0.9,1.5626457929611206,"[[ 9.64532912e-01  1.75519422e-01  3.88009660e-02 -2.96217147e-02
   2.47207768e-02  3.97774391e-02  3.92446555e-02  1.79958105e-01
   1.91783421e-02]
 [ 1.64246470e-01 -7.98638523e-01 -5.56834698e-01  1.84833053e-02
   1.03538811e-01 -9.45532918e-02  7.00765029e-02  1.22042242e-02
   8.54001381e-03]
 [ 6.02403842e-02 -5.28501093e-01  8.26785982e-01  2.71510854e-02
   1.16716981e-01 -8.84399414e-02  1.06248818e-01 -1.20756007e-03
   3.27010360e-03]
 [-1.90213248e-02 -5.34955561e-02  4.53460030e-03  8.57291996e-01
  -2.54990697e-01  3.65786284e-01  7.87515193e-02  2.35286102e-01
  -3.77494767e-02]
 [-4.75471132e-02  3.63609008e-02 -2.13690624e-02 -1.64508000e-02
   7.91919649e-01  6.06461465e-01  1.29301902e-02 -2.42851339e-02
  -8.82668479e-04]
 [-8.65277275e-03 -9.93705727e-03  2.33852770e-02  2.05212086e-01
   2.68975735e-01 -3.15104544e-01 -8.32131386e-01  3.02885085e-01
  -3.66965644e-02]
 [ 1.20516524e-01 -1.68856755e-01  5.39399758e-02 -1.26348719e-01
  -3.59411031e-01  4.79263723e-01 -5.15960515e-01 -4.87057000e-01
   2.75281489e-01]
 [ 1.25289932e-01  3.28549258e-02 -5.23859682e-03  1.94674432e-01
   7.10139573e-02 -1.02055654e-01 -6.18570186e-02 -5.60761869e-01
  -7.82022417e-01]
 [-7.84297660e-02 -1.34838820e-01  2.98907571e-02 -4.08472031e-01
  -2.76263624e-01  3.75047684e-01 -1.15789138e-01  5.17781496e-01
  -5.56270838e-01]]",74
0,1,6,0.9,0.8307380676269531,"[[ 0.98716486 -0.03324312  0.15232578  0.00410059  0.0249652  -0.02360732]
 [ 0.04751177  0.9942211  -0.08442584 -0.03636925 -0.02791118  0.00613163]
 [-0.15064049  0.09037057  0.97994363 -0.05346738  0.05658011 -0.0528301 ]
 [-0.00938504  0.04016188  0.05273799  0.996732   -0.03845303  0.02375802]
 [-0.0177431   0.02524853 -0.06875817  0.04448666  0.9803711  -0.17667289]
 [ 0.01236216  0.00142514  0.04325077 -0.01865663  0.18108043  0.98226076]]",75
1,2,6,0.9,0.8830531239509583,"[[ 0.98809266 -0.03349101 -0.14949273 -0.01141986 -0.00383538 -0.00761253]
 [ 0.06013684  0.97982055  0.18273488 -0.04804718  0.00600637 -0.02446776]
 [ 0.1410457  -0.18728404  0.9681814   0.03176193  0.0743524   0.03344525]
 [ 0.00922915  0.05293886 -0.02804708  0.9963545   0.05938207 -0.00878424]
 [-0.0077178   0.00424531 -0.07178529 -0.06166619  0.9952786  -0.01967079]
 [ 0.00421003  0.03056562 -0.03074087  0.0052202   0.01775047  0.9988798 ]]",75
2,3,6,0.9,0.9083185791969299,"[[ 9.1821706e-01  3.7322530e-01 -9.8385781e-02  5.1705997e-02
   2.3465026e-02  6.8384603e-02]
 [-3.5977671e-01  9.2476475e-01  7.4845508e-02 -7.6165579e-02
  -5.3937506e-02 -3.2534741e-02]
 [ 1.1457449e-01 -3.3060804e-02  9.8684472e-01 -4.8207581e-02
   5.9413441e-02  7.7865861e-02]
 [-7.3961310e-02  5.1243708e-02  5.4767057e-02  9.9358904e-01
   2.5415916e-02  3.2236479e-02]
 [-5.6436546e-02  4.2355109e-02 -6.2672533e-02 -3.2147020e-02
   9.8752069e-01  1.2191232e-01]
 [-7.5202890e-02  3.2747246e-04 -6.2677488e-02 -3.0800471e-02
  -1.3102345e-01  9.8605281e-01]]",75
3,4,6,0.9,0.8201775550842285,"[[ 0.9889153   0.14064619 -0.02578618  0.0325116  -0.01245269 -0.01970352]
 [-0.13981766  0.98854727  0.03585349 -0.01953062 -0.03514475 -0.01797893]
 [ 0.03045269 -0.03071076  0.99711496 -0.00360121  0.05187268 -0.03446037]
 [-0.03415219  0.01618885  0.00457541  0.99855924  0.02793843  0.02548472]
 [ 0.00515047  0.03595665 -0.05379242 -0.02579539  0.99391615 -0.08516002]
 [ 0.01942514  0.02224471  0.02994701 -0.02761508  0.08525907  0.9950876 ]]",75
4,5,7,0.9,0.8857542872428894,"[[ 0.9374101   0.3297937   0.08999544  0.05850855 -0.0123478  -0.00550266
  -0.02816243]
 [-0.33483508  0.941342    0.03409198  0.01223576 -0.01080782  0.00964725
   0.01545439]
 [-0.07054666 -0.0576016   0.9831261  -0.10425983 -0.02845933 -0.09513253
  -0.06661812]
 [-0.05783565 -0.03781592  0.10940788  0.9837811   0.03995655  0.11667974
  -0.01479915]
 [ 0.00941684  0.01334201  0.03195985 -0.04926599  0.9963342   0.05596797
   0.02168768]
 [ 0.00934369 -0.00971115  0.08367852 -0.12269628 -0.06507084  0.9856144
   0.04573719]
 [ 0.02549262 -0.00954166  0.06486859  0.01581784 -0.02020085 -0.0514205
   0.9958658 ]]",75
5,6,7,0.9,0.9089316725730896,"[[ 9.98810589e-01  4.15422246e-02 -7.27659743e-03 -9.51070897e-03
   7.58410851e-03  8.35218700e-04  2.12125294e-02]
 [-3.85320857e-02  9.76612985e-01  2.08006367e-01  1.94826107e-02
   5.21485507e-03 -2.66111847e-02 -1.89920906e-02]
 [ 1.49169797e-02 -2.06770062e-01  9.73367155e-01 -5.79534732e-02
   7.51501173e-02 -1.81066263e-02 -1.56858210e-02]
 [ 1.26749128e-02 -3.16137224e-02  6.48089722e-02  9.82677579e-01
  -1.68088958e-01  2.37414688e-02 -1.29163824e-02]
 [-8.32971558e-03  9.02369339e-03 -5.90715855e-02  1.68002725e-01
   9.70906973e-01  1.39822766e-01  7.69679546e-02]
 [-3.95537994e-04  2.17098724e-02  2.97978334e-02 -4.78281528e-02
  -1.30403623e-01  9.89239573e-01 -2.74420530e-02]
 [-2.09741537e-02  1.39715085e-02  2.56759804e-02 -1.89547904e-03
  -7.96768069e-02  1.59475543e-02  9.96041834e-01]]",75
6,7,7,0.9,0.9326754212379456,"[[ 0.9901831   0.03496927  0.11657417  0.02025955 -0.0640222  -0.00141518
  -0.01462242]
 [-0.0621508   0.9722574   0.21871479  0.01621106 -0.01639296 -0.02485256
  -0.04321503]
 [-0.09960424 -0.22252432  0.95968306 -0.10811667  0.06229868 -0.04506855
  -0.0443693 ]
 [-0.02224561 -0.03794548  0.09011032  0.98724943  0.11846965 -0.02223688
  -0.02746321]
 [ 0.07192428  0.03612386 -0.0618339  -0.11056596  0.9885132  -0.00580409
  -0.01678317]
 [-0.00486376  0.01297022  0.04954171  0.01649526  0.01030704  0.9982383
  -0.02226426]
 [ 0.00788356  0.03259826  0.05643452  0.02188556  0.02125239  0.01847421
   0.9972053 ]]",75
7,8,7,0.9,0.9380981922149658,"[[ 9.9354863e-01 -1.0772013e-01  3.2914642e-02  7.9591861e-03
  -9.6458364e-03 -1.3288834e-04  4.2143622e-03]
 [ 9.9976175e-02  9.7403693e-01  1.8043858e-01  5.4265309e-02
   7.3495731e-02  9.3517033e-03 -1.6276056e-02]
 [-5.1432468e-02 -1.7514142e-01  9.8259997e-01 -1.8790791e-02
  -3.5591344e-03 -2.8473357e-02  9.3397015e-04]
 [-1.4076730e-02 -5.4696262e-02  6.3260938e-03  9.9537241e-01
   1.9038005e-03 -7.7167906e-02 -6.7335288e-03]
 [ 2.2782877e-03 -7.1980692e-02 -1.1130090e-02 -1.0575410e-02
   9.9529517e-01 -6.2685773e-02  5.9888209e-03]
 [ 3.2052610e-03  2.3110686e-02 -2.6208803e-02 -7.5445212e-02
  -6.2122233e-02 -9.9455619e-01  8.6922087e-03]
 [-2.6488139e-03  1.6336527e-02  2.2179512e-03  8.2905283e-03
  -4.1685887e-03  8.6819809e-03  9.9977982e-01]]",75
8,9,7,0.9,0.9443168044090271,"[[ 9.6964920e-01 -2.2609521e-01 -6.4545110e-02 -3.8578194e-02
  -5.1238522e-02  1.0564114e-02 -1.6435690e-02]
 [ 2.1383211e-01  9.6663094e-01 -1.3305975e-01 -3.2395575e-02
  -1.6284769e-02  2.4361601e-02 -1.6953556e-02]
 [-9.2118040e-02 -1.1571488e-01 -9.8865807e-01 -1.2111161e-02
   2.2366339e-02 -3.9723376e-03 -4.0957569e-03]
 [-6.5858448e-03  9.9474480e-03 -2.4839628e-02  7.3621845e-01
  -6.7462033e-01  3.3964213e-02 -3.0931586e-02]
 [ 6.8627611e-02  1.7592348e-02 -2.9605380e-04  6.7012370e-01
   7.3505592e-01  7.4375503e-02 -8.7214187e-03]
 [ 1.9957468e-02  2.2814160e-02 -5.3195335e-04  7.2784781e-02
   3.1448521e-02 -9.9546021e-01 -4.3049224e-02]
 [ 2.0474203e-02  1.3664789e-02 -8.1739444e-03  3.0570216e-02
  -1.4153626e-02 -4.0654585e-02  9.9826825e-01]]",75
9,10,8,0.9,1.1265298128128052,"[[ 9.76800203e-01 -1.83702394e-01 -8.07207748e-02 -4.10251319e-02
   5.74478060e-02  1.31163998e-02 -2.07868144e-02  3.39068542e-03]
 [ 1.60031095e-01  9.56154406e-01 -2.38107458e-01  4.02082969e-03
  -1.66389979e-02  3.60679924e-02 -3.16043124e-02  2.95111090e-02]
 [ 1.19278245e-01  2.20817506e-01  9.60398018e-01  7.78763816e-02
   8.24224502e-02 -3.49927358e-02 -2.37633921e-02  7.95185275e-04]
 [-1.08051663e-02 -2.39915382e-02 -1.00399539e-01  8.32076907e-01
   5.24350166e-01  1.45499960e-01 -2.62329448e-03  2.74836477e-02]
 [ 7.04360008e-02 -2.19878666e-02  2.62903217e-02  5.32528341e-01
  -8.41880322e-01  4.50981734e-03  3.10318582e-02  2.30618976e-02]
 [-1.30544826e-02 -2.10838709e-02  5.88988364e-02 -1.22963041e-01
  -6.98540434e-02  9.87441719e-01  2.03613024e-02  2.14636885e-02]
 [ 2.69090924e-02  3.46270874e-02  1.07687572e-02 -8.25147051e-03
   3.10068931e-02 -1.72752570e-02  9.95483756e-01 -7.51326680e-02]
 [ 7.18481094e-03  2.36473288e-02 -8.26903991e-03  3.33099701e-02
  -9.10170935e-03  2.77912356e-02 -7.50460476e-02 -9.95853484e-01]]",75
10,11,9,0.9,1.5613764524459839,"[[ 9.5702386e-01  2.0269391e-01  1.2154841e-02 -5.1755764e-02
   4.4483751e-02  1.7090786e-02  1.5229584e-02 -1.5329538e-01
  -1.1912846e-01]
 [ 1.6641556e-01 -8.0761516e-01 -5.4608959e-01 -2.5234573e-02
  -6.7747548e-02  7.8800358e-02  8.4013417e-02 -2.6018210e-02
  -5.1755682e-02]
 [ 8.7337248e-02 -5.0398982e-01  8.3039367e-01 -4.0256858e-02
  -1.1669017e-01  1.0353016e-01  1.4226794e-01 -1.1093219e-02
  -4.9939293e-02]
 [-1.0145678e-02  1.0159934e-01 -5.2333970e-02 -8.1392711e-01
  -5.2397925e-01  1.3192974e-01 -5.6561470e-02  1.6543348e-01
   4.2793036e-02]
 [-4.3601241e-02  3.4416618e-04  2.5827091e-03 -3.7077370e-01
   7.3460716e-01  5.3547716e-01  1.4222878e-01  1.1279454e-01
   3.5830330e-02]
 [-7.3212632e-03 -3.3090584e-02  2.8757842e-02  1.8891676e-01
  -1.3505059e-01  5.5975962e-01 -7.7472025e-01 -1.6854729e-01
  -4.6536192e-02]
 [ 7.7056780e-02 -1.2793276e-01  6.1264031e-02 -1.1061057e-01
   2.5463650e-01 -4.0182480e-01 -4.6763897e-01  6.1975211e-01
  -3.6417824e-01]
 [-8.0976136e-02 -1.3304870e-01  5.9114106e-02 -3.7801960e-01
   2.8401896e-01 -4.4439706e-01 -3.1982705e-01 -6.5556169e-01
   1.3835335e-01]
 [ 1.8501544e-01 -8.4740542e-02  3.5560396e-02  6.5500818e-02
   4.3217152e-02 -7.9723343e-02 -1.6695631e-01  3.0552858e-01
   9.0751737e-01]]",75
0,1,6,0.9,0.8332861661911011,"[[ 9.86253142e-01 -6.71679378e-02  1.47542030e-01  5.85604971e-03
   2.44551152e-02 -1.98092647e-02]
 [ 8.36071745e-02  9.90066171e-01 -1.00822054e-01 -4.21445221e-02
  -2.78985836e-02  7.70270312e-03]
 [-1.41087279e-01  1.11392386e-01  9.79051650e-01 -5.33008166e-02
   5.75224087e-02 -5.47192357e-02]
 [-8.86950828e-03  4.70273383e-02  5.14853336e-02  9.96327341e-01
  -4.18286994e-02  2.53201015e-02]
 [-1.59293860e-02  2.52499226e-02 -6.99578822e-02  4.78956923e-02
   9.80412364e-01 -1.75248727e-01]
 [ 8.75948556e-03  3.79543926e-04  4.44895588e-02 -1.96544100e-02
   1.79879576e-01  9.82446373e-01]]",76
1,2,6,0.9,0.8967369794845581,"[[-0.9883937  -0.05338782 -0.14175364 -0.00921709 -0.00374449 -0.00587179]
 [-0.08068382  0.97524405  0.19915318 -0.04279949  0.00489902 -0.02951806]
 [-0.12823373 -0.20605032  0.96657276  0.03185296  0.07031838  0.02961791]
 [-0.00798879  0.04837956 -0.02905505  0.99528795  0.07822028 -0.0059139 ]
 [ 0.00641499  0.00541608 -0.0673399  -0.08039424  0.99438596 -0.01132132]
 [-0.00436611  0.03495805 -0.02453964  0.00271761  0.00976979  0.9990265 ]]",76
2,3,6,0.9,0.9064998626708984,"[[-0.90974814 -0.39762753  0.08162784 -0.05471035 -0.01418948 -0.06628031]
 [-0.3839862   0.9140327   0.0769879  -0.08174788 -0.05449041 -0.03898342]
 [ 0.10174073 -0.03797128  0.9887745  -0.04404791  0.05679155  0.07325733]
 [-0.08100731  0.05382393  0.05066431  0.992931    0.03888141  0.0234565 ]
 [-0.04601949  0.04542099 -0.0604337  -0.04445264  0.98901844  0.10969716]
 [-0.07669298  0.00588449 -0.05929414 -0.02226785 -0.11804665  0.9879964 ]]",76
3,4,6,0.9,0.8159888386726379,"[[ 0.9915966   0.121785   -0.02286196  0.0230632  -0.01389443 -0.02563197]
 [-0.12151246  0.9912984   0.02887707 -0.01871728 -0.0339156  -0.01508563]
 [ 0.02597889 -0.02491064  0.99749726 -0.0076039   0.04839251 -0.03611234]
 [-0.02379455  0.01743875  0.00815154  0.9983125   0.03587764  0.03388723]
 [ 0.00714308  0.03448172 -0.05080793 -0.0329253   0.9940847  -0.08300643]
 [ 0.02605445  0.01954786  0.03153971 -0.0367171   0.08260292  0.99487334]]",76
4,5,6,0.9,0.8044849038124084,"[[ 0.93653494  0.3275907   0.11236176  0.05198397 -0.01414611 -0.00768885]
 [-0.334541    0.94148266  0.0387705   0.01004083 -0.00503522  0.00796176]
 [-0.08878542 -0.07032967  0.9831985  -0.10516389 -0.03421983 -0.0908902 ]
 [-0.05385538 -0.03472544  0.10992274  0.98418206  0.06234357  0.10634696]
 [ 0.01232086  0.00872199  0.03296903 -0.07060362  0.99584633  0.04461424]
 [ 0.00704921 -0.00815439  0.0776035  -0.11197411 -0.05483566  0.9890988 ]]",76
5,6,7,0.9,0.9086936116218567,"[[ 9.9973679e-01  1.3757111e-02 -8.1815915e-03 -3.6521652e-03
   3.8754446e-03 -6.1021508e-03  1.4298650e-02]
 [-1.1735544e-02  9.7949767e-01  1.9849008e-01  1.5974406e-02
  -1.4644740e-04 -2.4153246e-02 -1.4481472e-02]
 [ 1.0301358e-02 -1.9718342e-01  9.7487950e-01 -6.0007248e-02
   7.9528935e-02 -1.9412618e-02 -1.7886018e-02]
 [ 5.6183850e-03 -2.9659633e-02  6.9964021e-02  9.7836542e-01
  -1.9033146e-01  2.4930259e-02 -1.2137274e-02]
 [-4.0676352e-03  1.3667928e-02 -6.0254719e-02  1.9052842e-01
   9.6731818e-01  1.3320436e-01  8.0106385e-02]
 [ 6.6780103e-03  1.8884791e-02  2.9865796e-02 -5.0995529e-02
  -1.2259657e-01  9.9017179e-01 -2.5223831e-02]
 [-1.3772873e-02  9.5202969e-03  2.6964610e-02 -5.4856958e-03
  -8.1851281e-02  1.4054139e-02  9.9602479e-01]]",76
6,7,7,0.9,0.9339005351066589,"[[ 0.98647046  0.06026061  0.13752112  0.02794503 -0.05612741 -0.00495817
  -0.01941079]
 [-0.08932359  0.9743619   0.200486    0.0152057  -0.00927887 -0.02415992
  -0.03930178]
 [-0.1164617  -0.20935701  0.9620404  -0.10230813  0.05379581 -0.04107761
  -0.04512484]
 [-0.03088815 -0.03568808  0.0847578   0.98683524  0.12678438 -0.01219904
  -0.02283598]
 [ 0.06526712  0.02765708 -0.05544669 -0.11975075  0.98848206 -0.01257554
  -0.01748591]
 [-0.00173024  0.01483705  0.04481899  0.00665382  0.01546623  0.9986353
  -0.01456663]
 [ 0.01082005  0.0299764   0.055719    0.01710453  0.02143204  0.01117681
   0.99749833]]",76
7,8,7,0.9,0.9437711238861084,"[[ 9.94452775e-01 -9.04696509e-02  5.09574972e-02  1.29301446e-02
  -7.37627153e-04 -5.34850545e-03  9.27866716e-03]
 [ 7.82543123e-02  9.74164784e-01  1.91105068e-01  5.72417900e-02
   6.92736804e-02 -5.82464179e-03 -1.57683883e-02]
 [-6.66442439e-02 -1.85823232e-01  9.79345083e-01 -1.44841028e-02
   1.30786537e-03  4.10697758e-02 -3.65116703e-03]
 [-1.73719935e-02 -5.54348193e-02 -7.53527391e-04  9.94159877e-01
  -1.49325458e-02  8.91866013e-02 -9.67042893e-03]
 [-4.24813339e-03 -6.69981912e-02 -1.69359818e-02  5.39291650e-03
   9.95500445e-01  6.43579513e-02  3.77843250e-03]
 [ 1.02599030e-02  2.24924441e-02 -3.78292613e-02 -8.84380937e-02
  -6.28654733e-02  9.92904484e-01  1.80299524e-02]
 [-8.57685786e-03  1.48392962e-02  6.85779750e-03  1.19225215e-02
  -1.66903820e-03 -1.71817318e-02  9.99609411e-01]]",76
8,9,7,0.9,0.9460673332214355,"[[ 0.9732339  -0.20880677 -0.06772901 -0.02332554 -0.06012729 -0.015693
  -0.0149259 ]
 [ 0.19774981  0.97225004 -0.11650436 -0.0275598  -0.02424207 -0.02233965
  -0.01432715]
 [-0.08999738 -0.10050404 -0.99046516 -0.02130885  0.01562365  0.00732021
  -0.00513199]
 [-0.00844855  0.01045211 -0.02675486  0.8826955  -0.4658486  -0.04129028
  -0.0351054 ]
 [ 0.06772798  0.01874047 -0.0045666   0.46112192  0.8810954  -0.07654053
  -0.01482898]
 [-0.02458384 -0.02068923 -0.00247873 -0.06971404 -0.0469332  -0.99505866
   0.04191632]
 [ 0.01867014  0.01183089 -0.00868212  0.03996843 -0.00248995  0.03867885
   0.99816644]]",76
9,10,8,0.9,1.1147559881210327,"[[ 9.79360044e-01 -1.67994842e-01 -7.74558634e-02 -2.79740077e-02
   7.14221969e-02  1.84651203e-02 -2.01521702e-02  1.22783775e-03]
 [ 1.47267416e-01  9.61555183e-01 -2.27054432e-01 -4.64317109e-03
  -2.01326348e-02  2.82540563e-02 -2.61939839e-02 -1.60910431e-02]
 [ 1.10991895e-01  2.12537214e-01  9.63631392e-01  9.37032476e-02
   6.04938976e-02 -2.97291819e-02 -2.42324006e-02  3.52753676e-03]
 [-3.19094807e-02 -8.42193980e-03 -1.04335964e-01  7.96664298e-01
   5.78458607e-01  1.34959176e-01 -1.27513940e-02 -1.89704839e-02]
 [ 7.01819211e-02 -2.72498745e-02 -5.34841930e-03  5.80200851e-01
  -8.08281481e-01  4.87421006e-02  3.10997404e-02 -3.17543335e-02]
 [ 1.84440799e-02  1.60352774e-02 -5.16365208e-02  1.34904757e-01
   3.76860537e-02 -9.88076329e-01  3.81211028e-03  2.84129344e-02]
 [ 2.37285215e-02  2.84883231e-02  1.43657774e-02 -4.89447312e-03
   3.36521491e-02  6.49634050e-03  9.96462047e-01  6.54502735e-02]
 [ 3.22901964e-04  1.16228908e-02 -8.60895682e-03  2.97537576e-02
  -1.86540764e-02  3.24030444e-02 -6.51122257e-02  9.96628225e-01]]",76
10,11,8,0.9,1.437014102935791,"[[ 0.97475064  0.16778646  0.00552441 -0.06055238 -0.06098056 -0.01238758
   0.01080018 -0.1184184 ]
 [ 0.1443141  -0.78150004 -0.58357686  0.01325223  0.06339862  0.1144015
   0.10226638  0.01131603]
 [ 0.09340458 -0.5417887   0.8070512  -0.04094147  0.0912476   0.11572582
   0.15101402  0.01445745]
 [-0.0182189   0.09114548 -0.05762725 -0.8407355   0.463379    0.2117861
  -0.03758916  0.1421877 ]
 [-0.06100974 -0.01214929 -0.001741   -0.35865706 -0.8380997   0.38532442
   0.11108697  0.06531447]
 [ 0.0238654  -0.05172143  0.04373612  0.17039463  0.05305202  0.5318219
  -0.8160424  -0.11930614]
 [ 0.08693695 -0.15959874  0.0446111  -0.12459007 -0.19378346 -0.51072794
  -0.45393863  0.6670847 ]
 [ 0.09015743  0.17597847 -0.02913872  0.33831012  0.16259807  0.48616922
   0.28439593  0.7084636 ]]",76
0,1,6,0.9,0.8311209082603455,"[[ 0.98737013 -0.05397104  0.14528914  0.00224552  0.02431402 -0.02195702]
 [ 0.06704849  0.9932056  -0.08108129 -0.04195682 -0.02644737  0.00363569]
 [-0.14201932  0.08933193  0.98141515 -0.05017628  0.05833668 -0.05247824]
 [-0.00569537  0.04540292  0.04922048  0.99682707 -0.03943243  0.01625651]
 [-0.01649586  0.02402211 -0.06985368  0.0438807   0.98119587 -0.1720478 ]
 [ 0.01142839  0.00334261  0.04288556 -0.01127492  0.17608505  0.9833036 ]]",77
1,2,6,0.9,0.8859783411026001,"[[-0.98749256 -0.03776146 -0.15210271 -0.01148134 -0.00498648 -0.01185777]
 [-0.07020508  0.9719898   0.21919273 -0.04106764  0.00603534 -0.02320509]
 [-0.14047273 -0.2249642   0.9605663   0.03651655  0.06936226  0.02874743]
 [-0.00874515  0.04820969 -0.03198393  0.996539    0.05886276 -0.00463767]
 [ 0.00579506  0.00669954 -0.06707164 -0.06126048  0.9958217  -0.00304292]
 [-0.00933039  0.02884063 -0.02470243  0.00229807  0.00139121  0.9992315 ]]",77
2,3,6,0.9,0.9110157489776611,"[[-0.9232902  -0.36240947  0.09661581 -0.05314184 -0.0211543  -0.05990297]
 [-0.34910884  0.9288145   0.07358596 -0.07784531 -0.05442593 -0.03146035]
 [ 0.11311598 -0.03363809  0.98772985 -0.04427764  0.05747312  0.0721062 ]
 [-0.07547419  0.05353199  0.05113623  0.99352807  0.02809497  0.03058895]
 [-0.05081229  0.04416937 -0.05921963 -0.03430875  0.9902246   0.10118496]
 [-0.06771026  0.00387096 -0.05931557 -0.02967164 -0.10933026  0.9894688 ]]",77
3,4,6,0.9,0.8236461877822876,"[[ 0.9820052   0.18271086 -0.01771192  0.02948568 -0.01596615 -0.02906115]
 [-0.18254995  0.98219484  0.02038281 -0.02184502 -0.03091514 -0.01097324]
 [ 0.02129287 -0.01547947  0.9977488  -0.00880696  0.05553111 -0.02535867]
 [-0.03194483  0.01757513  0.0079158   0.99832827  0.04086978  0.01668284]
 [ 0.00783571  0.03211227 -0.05744035 -0.0391301   0.9935017  -0.08385242]
 [ 0.02839183  0.01817583  0.020152   -0.01962996  0.08360425  0.9955312 ]]",77
4,5,6,0.9,0.8161795139312744,"[[ 0.9290585   0.34916097  0.10183641  0.06351238 -0.01753073 -0.01500896]
 [-0.35754937  0.93207663  0.05529284  0.01637    -0.00719845  0.0038143 ]
 [-0.07050686 -0.08313299  0.98185956 -0.11844306 -0.03866798 -0.09244186]
 [-0.06004565 -0.04749336  0.12176997  0.98305154  0.05616447  0.09882423]
 [ 0.01546198  0.01219219  0.03928348 -0.06656728  0.9947786   0.06366649]
 [ 0.01389774 -0.00210627  0.07843924 -0.10415338 -0.07353045  0.98863286]]",77
5,6,7,0.9,0.9188073873519897,"[[ 0.9975566   0.05763841 -0.02773975 -0.0098248   0.01073867  0.00672672
   0.0230667 ]
 [-0.05090352  0.9809519   0.1841474   0.01445701  0.00767068 -0.02497995
  -0.01844476]
 [ 0.03690604 -0.18213075  0.9782788  -0.05539445  0.06997369 -0.01406522
  -0.01655829]
 [ 0.01515868 -0.02394071  0.06509029  0.9755394  -0.20700665  0.01776606
  -0.01075932]
 [-0.01270078  0.00356659 -0.05288443  0.20682788  0.9643903   0.13554749
   0.07635166]
 [-0.00581992  0.02155764  0.02451724 -0.04609925 -0.12632634  0.990112
  -0.02225074]
 [-0.02242002  0.01375017  0.02561608 -0.00677092 -0.07791462  0.01106588
   0.99619937]]",77
6,7,7,0.9,0.946901798248291,"[[ 0.989504    0.06640503  0.11174421  0.01840034 -0.05881586 -0.00794936
  -0.01115305]
 [-0.09174388  0.9709046   0.21274488  0.01823688 -0.02537952 -0.02566477
  -0.04507316]
 [-0.08898092 -0.21868588  0.9630066  -0.09634355  0.06818318 -0.03464915
  -0.0417784 ]
 [-0.01560659 -0.03406875  0.0764624   0.98329777  0.1583021  -0.01021436
  -0.02666566]
 [ 0.06541024  0.04862653 -0.06878988 -0.15070662  0.9825655  -0.01444586
  -0.01638945]
 [ 0.00319492  0.01803844  0.0392445   0.00502804  0.0169491   0.9988649
  -0.00897472]
 [ 0.00387748  0.03550456  0.05246225  0.02084932  0.0215793   0.00577669
   0.9975161 ]]",77
7,8,7,0.9,0.9516649842262268,"[[ 9.93513346e-01 -1.11081511e-01  2.13989075e-02  5.51692862e-03
  -5.89815527e-03  6.14452176e-04  8.28523282e-03]
 [ 1.05074145e-01  9.72863257e-01  1.86441287e-01  4.73059826e-02
   7.11407512e-02 -1.04618408e-02 -1.81044787e-02]
 [-4.12968360e-02 -1.81587324e-01  9.81503367e-01 -3.11005637e-02
  -3.04611493e-03  3.15193906e-02 -1.31588720e-03]
 [-1.15821911e-02 -5.18407524e-02  1.86624359e-02  9.94070530e-01
   2.84641348e-02  8.85262191e-02 -2.60832952e-03]
 [-1.25318591e-03 -6.76625893e-02 -1.26175759e-02 -3.72254923e-02
   9.95051503e-01  6.10669106e-02  4.32373863e-03]
 [ 2.80667911e-03  2.51444448e-02 -2.99934633e-02 -8.47271904e-02
  -6.28788099e-02  9.93514955e-01  1.59986261e-02]
 [-6.45541679e-03  1.80557594e-02  5.07447496e-03  4.88082552e-03
  -1.88991800e-03 -1.60864703e-02  9.99660134e-01]]",77
8,9,7,0.9,0.9572380185127258,"[[ 0.9516715  -0.2933453  -0.06716731 -0.04041168 -0.04371545  0.00753519
  -0.01255184]
 [ 0.27991098  0.9490599  -0.1314639  -0.04605169 -0.02081059  0.02911645
  -0.01583468]
 [-0.10165314 -0.10667544 -0.98874253 -0.00177179  0.02539913  0.00322802
  -0.00405642]
 [-0.00586549  0.01185505 -0.02109062  0.6484084  -0.75919294  0.04330063
  -0.02641527]
 [ 0.06975319  0.02781207  0.00547963  0.7521231   0.6478799   0.09347034
  -0.01251298]
 [-0.02048482 -0.02771243  0.00757556 -0.09583107 -0.02760639  0.9928826
   0.05471154]
 [ 0.017842    0.01311874 -0.00785529  0.03060406 -0.01123624 -0.05155026
   0.99786144]]",77
9,10,8,0.9,1.1222034692764282,"[[ 0.9687663  -0.21426697 -0.09902044 -0.04973648  0.05303607  0.01128201
  -0.01596267  0.01038346]
 [ 0.18930197  0.9560612  -0.21596017 -0.00433584 -0.01501602  0.03980128
  -0.03053044 -0.02669159]
 [ 0.13971514  0.1924663   0.96443367  0.06566847  0.0875431  -0.02981645
  -0.02091835  0.00117277]
 [-0.00517471 -0.01533067 -0.09779252  0.7992015   0.5725525   0.15195408
   0.00284077 -0.02318312]
 [ 0.07377768 -0.01719592  0.02701838  0.5828839  -0.8077119  -0.00495246
   0.03678862 -0.00104641]
 [-0.0130425  -0.02888433  0.05447406 -0.11812107 -0.08981162  0.98638904
   0.00419119 -0.03207058]
 [ 0.02120463  0.0320608   0.01069883 -0.02189148  0.03115883 -0.00158585
   0.9969298   0.05555429]
 [-0.00682801  0.02450422 -0.00697253  0.01693603  0.00678143  0.03631951
  -0.05592291  0.9972587 ]]",77
10,11,9,0.9,1.7529122829437256,"[[ 0.95491695  0.22272548 -0.01934918  0.03559702  0.0592255   0.02394516
   0.02547649 -0.11925177 -0.13391903]
 [ 0.17679478 -0.83465993 -0.4918677   0.00278696 -0.07362302  0.10979679
   0.10241074 -0.00283924 -0.04661685]
 [ 0.10434552 -0.44376075  0.8615756   0.09054632 -0.07015164  0.10440258
   0.14187592 -0.00476968 -0.07552831]
 [-0.00344853  0.08512539 -0.07631101  0.8749286  -0.43359992  0.09676861
  -0.07307357  0.12027115  0.06511939]
 [-0.06015184  0.01341301 -0.02978457  0.32065445  0.7831646   0.50437886
   0.11329912  0.09145606  0.05958059]
 [ 0.00531912 -0.01978507  0.04152154 -0.18755226 -0.17355755  0.5901798
  -0.75240123 -0.12238687 -0.05621155]
 [ 0.05946516 -0.09958077  0.03086826  0.0552237   0.21309839 -0.34199134
  -0.41052145  0.7008878  -0.40050524]
 [ 0.06104559  0.16088551 -0.03076238 -0.2878086  -0.3177706   0.4639043
   0.39349774  0.63988817  0.07827225]
 [ 0.18726477 -0.11486718  0.07103135 -0.0338809   0.09101546 -0.17953204
  -0.2471475   0.21734704  0.89258444]]",77
0,1,6,0.9,0.8305687308311462,"[[ 0.9858128  -0.01607378  0.16448712 -0.00191437  0.02295035 -0.0181239 ]
 [ 0.03301659  0.9936524  -0.09703616 -0.03781895 -0.02642965  0.00447467]
 [-0.16377334  0.10050957  0.97644407 -0.05655555  0.06135358 -0.05167576]
 [-0.0056346   0.04275977  0.05484408  0.9971164  -0.02478225  0.01663746]
 [-0.0133139   0.02132453 -0.07324167  0.03024187  0.98246044 -0.16691515]
 [ 0.00724107  0.00335701  0.04138607 -0.01455827  0.17078617  0.9842986 ]]",78
1,2,6,0.9,0.8882502913475037,"[[-0.980719   -0.11455644 -0.15683813 -0.01554453 -0.00169167 -0.01498383]
 [-0.14416888  0.96716106  0.20187292 -0.04763709  0.0154791  -0.02352076]
 [-0.12955184 -0.21934797  0.96358615  0.02754912  0.06844129  0.03407862]
 [-0.01816549  0.05046257 -0.02271693  0.9972811   0.04512564  0.00124814]
 [ 0.01034027 -0.0025326  -0.06845092 -0.04632665  0.99650687 -0.00538499]
 [-0.01360603  0.02845838 -0.03081011 -0.00379014  0.00331945  0.9990147 ]]",78
2,3,6,0.9,0.9220420718193054,"[[-0.8955461  -0.42507422  0.10106564 -0.05370954 -0.01698496 -0.06262321]
 [-0.41123173  0.90206456  0.07786439 -0.07611864 -0.06460123 -0.03373258]
 [ 0.12014657 -0.02671942  0.98628634 -0.04552418  0.06457388  0.0764718 ]
 [-0.07885844  0.04680667  0.05211825  0.9933837   0.03018374  0.03394206]
 [-0.05663086  0.05180673 -0.0669409  -0.03733666  0.9875007   0.11435138]
 [-0.07088582 -0.00168142 -0.06135775 -0.03230639 -0.1236919   0.98735213]]",78
3,4,6,0.9,0.8433170318603516,"[[ 9.5778781e-01  2.8043967e-01 -1.6582265e-02  3.9256126e-02
  -3.0604837e-02 -3.5261359e-02]
 [-2.7986789e-01  9.5735192e-01  5.7494126e-02 -2.6159773e-02
  -2.7294418e-02 -2.0406425e-02]
 [ 3.3562608e-02 -4.9536552e-02  9.9610299e-01 -2.2247164e-02
   5.5902645e-02 -2.4050824e-02]
 [-4.3628812e-02  1.4130801e-02  2.2356361e-02  9.9803996e-01
   3.6077183e-02 -3.4018119e-03]
 [ 1.8420210e-02  3.4032695e-02 -5.7805907e-02 -3.4579385e-02
   9.9183255e-01 -1.0116010e-01]
 [ 3.0776689e-02  3.1924110e-02  1.8892316e-02  2.1375615e-04
   1.0079611e-01  9.9373883e-01]]",78
4,5,6,0.9,0.8401961326599121,"[[ 0.92866427  0.34940535  0.09875249  0.06921358 -0.02369242 -0.01986665]
 [-0.35931072  0.9302949   0.06588197  0.02905717 -0.01291852  0.00977664]
 [-0.06441495 -0.09017611  0.9820323  -0.11820309 -0.02959277 -0.09210762]
 [-0.05930579 -0.06293309  0.119755    0.9824237   0.02265148  0.11185434]
 [ 0.01790868  0.01888908  0.03337681 -0.02959293  0.99777144  0.04224788]
 [ 0.02216562 -0.00426821  0.07787666 -0.1198371  -0.04832304  0.98829633]]",78
5,6,6,0.9,0.859671413898468,"[[ 0.9953731   0.06851805 -0.05826514  0.00315863  0.0184937   0.02812435]
 [-0.05544048  0.9786347   0.19682461  0.00841115  0.00560805 -0.01893006]
 [ 0.06964645 -0.1926095   0.975539   -0.03858731  0.06822906 -0.01518213]
 [ 0.0044606  -0.01652562  0.05131712  0.97150177 -0.22881116  0.03005486]
 [-0.0260254   0.0045549  -0.05342595  0.22525561  0.9621507   0.14132787]
 [-0.02471891  0.01368043  0.02647988 -0.06224531 -0.129934    0.98880905]]",78
6,7,6,0.9,0.8724205493927002,"[[ 9.96058941e-01  2.94985138e-02  6.19424097e-02  6.53109467e-03
  -5.57902008e-02 -2.11374601e-03]
 [-4.75526489e-02  9.59623635e-01  2.72872835e-01  1.88901052e-02
  -3.53532732e-02 -2.81952396e-02]
 [-4.77517955e-02 -2.71238327e-01  9.55798268e-01 -8.16998705e-02
   5.66848665e-02 -2.66673155e-02]
 [-5.85942471e-04 -3.23995352e-02  6.50047809e-02  9.84282434e-01
   1.60344005e-01 -1.42217595e-02]
 [ 5.76613210e-02  5.69322109e-02 -5.26725687e-02 -1.54862136e-01
   9.83179927e-01 -5.86360181e-03]
 [-1.79140159e-04  1.97763033e-02  3.39585356e-02  1.14678340e-02
   8.44964013e-03  9.99126017e-01]]",78
7,8,6,0.9,0.8710501194000244,"[[ 9.9625039e-01 -7.9335481e-02 -3.1945743e-02  2.9041665e-03
  -1.2151925e-02  3.7855529e-03]
 [ 7.1067356e-02  9.6901792e-01 -2.1733345e-01  4.9295288e-02
   7.5803988e-02 -2.3317093e-02]
 [-4.8346248e-02 -2.1216679e-01 -9.7503549e-01 -2.5789917e-02
  -1.0659511e-02  3.4274571e-02]
 [-6.5168845e-03 -6.2495068e-02 -1.0720383e-02  9.8055834e-01
   1.6357222e-01  8.7671466e-02]
 [ 7.3947073e-03 -6.6390567e-02  8.5406788e-03 -1.6987541e-01
   9.8295212e-01  2.0300493e-02]
 [-3.6168451e-05  3.7176918e-02  2.9383557e-02 -8.0894738e-02
  -3.2275207e-02  9.9507231e-01]]",78
8,9,6,0.9,0.8824460506439209,"[[ 9.1780490e-01 -3.9136717e-01 -2.6965678e-02 -6.0564604e-02
  -6.8964250e-04  8.3813714e-03]
 [ 3.8140011e-01  9.1089284e-01 -1.5068185e-01 -3.5254173e-02
   1.7316046e-03  2.9281039e-02]
 [ 8.4670201e-02  1.2854774e-01  9.8765957e-01  1.1424159e-02
   2.5593614e-02 -7.0225606e-03]
 [-5.1870923e-03 -6.7692124e-03 -2.3745943e-02 -2.6670091e-02
   9.9721855e-01  6.4863779e-02]
 [ 6.6774666e-02  5.3065512e-03 -1.8004168e-02  9.9495035e-01
   2.2069123e-02  6.9105498e-02]
 [-2.2656798e-02 -2.2529092e-02  1.4430531e-02 -6.5734655e-02
  -6.6405155e-02  9.9500763e-01]]",78
9,10,7,0.9,1.0247089862823486,"[[ 9.6546036e-01 -2.3668741e-01 -6.8283230e-02 -7.0819110e-02
   4.1880604e-02  1.5351428e-02 -1.4060161e-02]
 [ 2.2154832e-01  9.5498079e-01 -1.9131041e-01  2.5533780e-02
   7.5801963e-04  2.7690370e-02 -3.0150861e-02]
 [ 1.0967708e-01  1.7003530e-01  9.7497714e-01  2.6995666e-02
   8.0084272e-02 -3.6396958e-02 -3.3800686e-03]
 [ 5.0222460e-02 -4.6705253e-02 -3.3570442e-02  9.8003614e-01
   1.5382706e-01  9.6873119e-02  2.5523571e-02]
 [-6.0825843e-02  6.1993481e-04 -6.5093607e-02 -1.6216277e-01
   9.7647715e-01  1.0687475e-01 -2.8913602e-02]
 [-1.5544353e-02 -1.2361337e-02  5.2662499e-02 -7.7082902e-02
  -1.1843980e-01  9.8836339e-01 -4.4410900e-04]
 [ 1.7600639e-02  2.7280431e-02 -4.4403737e-03 -2.9910540e-02
   2.5169866e-02  1.9868265e-03  9.9869627e-01]]",78
10,11,7,0.9,1.4479361772537231,"[[-9.7603595e-01  1.9541636e-01  8.4503135e-03 -2.2872293e-03
   8.9768752e-02  7.2715327e-04 -3.2102332e-02]
 [-1.8523426e-01 -8.5210007e-01 -4.5942643e-01  3.1718072e-02
  -7.2761826e-02  8.8281162e-02  1.2019640e-01]
 [-8.5325778e-02 -4.2719904e-01  8.8466167e-01  7.3593982e-02
  -4.0281206e-02  9.0992980e-02  1.1079604e-01]
 [-3.5955727e-03  6.4381659e-02 -4.6802860e-02  9.7936749e-01
  -1.7096385e-01 -4.0963426e-02 -5.9867866e-02]
 [ 6.9229126e-02  3.0651478e-02 -3.7764113e-02  1.5459672e-01
   7.1716338e-01  6.6932446e-01  8.1381552e-02]
 [-2.0971747e-02  2.3329282e-02  3.8685880e-03 -9.7973153e-02
  -4.9740180e-01  6.2851995e-01 -5.8902997e-01]
 [ 2.2717882e-02 -2.1819744e-01  5.0969932e-02  3.0215960e-02
   4.4052711e-01 -3.7311614e-01 -7.8427225e-01]]",78
0,1,6,0.9,0.8279541730880737,"[[ 0.9863551  -0.05042778  0.15284385  0.00178347  0.02552888 -0.0233334 ]
 [ 0.06581227  0.9925015  -0.09150043 -0.03832325 -0.02728768  0.00490086]
 [-0.14928342  0.09992024  0.9790202  -0.05431513  0.05794687 -0.05423909]
 [-0.00644519  0.04268035  0.05324372  0.9967445  -0.03825833  0.01840489]
 [-0.01735428  0.02418786 -0.07010453  0.04337962  0.9819859  -0.16739517]
 [ 0.01200192  0.00268537  0.04512578 -0.01402531  0.17171465  0.9839359 ]]",79
1,2,6,0.9,0.8841875195503235,"[[ 0.987441   -0.04343036 -0.15115422 -0.01208766 -0.00135365 -0.00885385]
 [ 0.07264274  0.9755275   0.19966389 -0.04997653  0.00809672 -0.02530192]
 [ 0.13947608 -0.20595798  0.96524674  0.0346264   0.06605991  0.02938729]
 [ 0.01025121  0.0555955  -0.02882925  0.99654746  0.05320794 -0.00591696]
 [-0.00907203  0.00256621 -0.0641761  -0.05513833  0.99635273 -0.00578924]
 [ 0.00649534  0.03071996 -0.02521534  0.00319087  0.00433808  0.9991743 ]]",79
2,3,6,0.9,0.8982496857643127,"[[ 0.9300291   0.34768328 -0.08003411  0.05511133  0.0175098   0.06642959]
 [-0.33499926  0.93390065  0.0646425  -0.08389397 -0.05583798 -0.03564262]
 [ 0.09307206 -0.03216068  0.99016696 -0.03580358  0.05731623  0.0728397 ]
 [-0.079326    0.05950982  0.0428823   0.9937969   0.01316113  0.0228371 ]
 [-0.04915045  0.04837026 -0.06044812 -0.02001844  0.98854744  0.11816786]
 [-0.07382789  0.0055288  -0.05909665 -0.02468969 -0.12605935  0.98718077]]",79
3,4,6,0.9,0.8107425570487976,"[[ 9.8846984e-01  1.4260073e-01 -3.1986326e-02  2.6778992e-02
  -1.5637010e-02 -2.4649365e-02]
 [-1.4155312e-01  9.8804903e-01  3.8419053e-02 -2.5695436e-02
  -3.6996711e-02 -1.4723529e-02]
 [ 3.6905993e-02 -3.2139909e-02  9.9718904e-01  9.3093811e-05
   4.7971316e-02 -3.0294942e-02]
 [-2.9434809e-02  2.2958815e-02  1.1279559e-03  9.9878180e-01
   2.5284596e-02  2.0019004e-02]
 [ 7.2155111e-03  3.8338292e-02 -4.9351208e-02 -2.4145089e-02
   9.9436408e-01 -8.1851006e-02]
 [ 2.4688290e-02  1.9855330e-02  2.6040340e-02 -2.1782864e-02
   8.1768997e-02  9.9556893e-01]]",79
4,5,7,0.9,0.8787165284156799,"[[ 0.92593     0.35680887  0.10476444  0.05373038 -0.0191192  -0.00969211
  -0.03192275]
 [-0.36235386  0.93119454  0.03184529  0.00852212 -0.00713655  0.0110951
   0.01776805]
 [-0.08352157 -0.06297217  0.9816455  -0.11698505 -0.0230071  -0.08594647
  -0.06187896]
 [-0.05547649 -0.03543086  0.11992901  0.9835654   0.04033813  0.10986983
  -0.01359115]
 [ 0.01659426  0.01290869  0.02429458 -0.04575213  0.997703    0.03190865
   0.02109581]
 [ 0.01303448 -0.00939758  0.07510923 -0.11687696 -0.0398769   0.9882686
   0.04663899]
 [ 0.02923306 -0.00940496  0.06138124  0.01416543 -0.02062881 -0.05130136
   0.9960077 ]]",79
5,6,7,0.9,0.901961088180542,"[[ 0.99899304  0.03713871 -0.01474776 -0.0016037   0.00803886 -0.00309138
   0.01842081]
 [-0.03306306  0.97748107  0.2054319   0.01359423  0.00334245 -0.02677261
  -0.0179588 ]
 [ 0.02145576 -0.20415017  0.973292   -0.0525063   0.08511703 -0.01632451
  -0.01722532]
 [ 0.00523032 -0.02557753  0.06378727  0.9800251  -0.1836992   0.03078459
  -0.01036037]
 [-0.01006399  0.01336747 -0.0679784   0.18270795  0.9675176   0.13793524
   0.08124234]
 [ 0.00408619  0.02194211  0.02864979 -0.05636859 -0.12641644  0.98935056
  -0.02660911]
 [-0.01772028  0.01263962  0.0277888  -0.00684962 -0.08283991  0.0147955
   0.9958041 ]]",79
6,7,7,0.9,0.928570032119751,"[[ 0.98997283  0.04797482  0.11615501  0.01322691 -0.06023229 -0.00726751
  -0.01744945]
 [-0.07589167  0.9687365   0.23009518  0.01340137 -0.01371979 -0.02716454
  -0.04171846]
 [-0.09713737 -0.23611133  0.95859253 -0.09388212  0.06093837 -0.03633923
  -0.04547819]
 [-0.01328411 -0.0327116   0.07721627  0.9873344   0.1306655  -0.01337943
  -0.02663743]
 [ 0.06685372  0.03452162 -0.0605896  -0.12438404  0.98737377 -0.00331698
  -0.01668389]
 [ 0.00148911  0.01731641  0.04194348  0.00953865  0.00611125  0.9987327
  -0.0185316 ]
 [ 0.01050851  0.0306224   0.05720033  0.0209791   0.02127309  0.01522516
   0.99727404]]",79
7,8,7,0.9,0.9312580227851868,"[[ 0.9934285  -0.10537364 -0.04193847  0.01168062 -0.0042631  -0.00279342
   0.00865488]
 [ 0.09319402  0.9675746  -0.21659985  0.05716558  0.06747187 -0.01302668
  -0.01444805]
 [-0.06307667 -0.21062171 -0.97456604 -0.02174819  0.00382438  0.03717026
  -0.00340034]
 [-0.01767135 -0.05791347 -0.00500012  0.9939483   0.01268863  0.0903649
  -0.00698125]
 [-0.00119957 -0.06292291  0.01996729 -0.02087604  0.9963117   0.05054471
   0.00358885]
 [ 0.00793307  0.02892347  0.03284108 -0.08760035 -0.051124    0.99374276
   0.01448197]
 [-0.00770216  0.01358179 -0.0066644   0.00893597 -0.00172243 -0.01398353
   0.9997167 ]]",79
8,9,8,0.9,1.0335627794265747,"[[ 9.6532840e-01 -2.4597394e-01 -5.9100803e-02 -3.7838452e-02
  -4.8183959e-02 -8.4034037e-03 -1.7819248e-02  1.8502950e-03]
 [ 2.3235220e-01  9.5935988e-01 -1.4827295e-01 -2.9167974e-02
  -2.6100764e-02 -2.4684841e-02 -1.5930258e-02  3.5511829e-02]
 [ 9.2889152e-02  1.3010415e-01  9.8664773e-01  1.0907164e-02
  -2.4158288e-02 -6.5381676e-03  7.6906797e-03 -1.2892159e-02]
 [-4.4323993e-03  8.6430053e-04 -2.3620669e-02  7.6230377e-01
  -6.4477152e-01 -3.4535393e-02 -3.0408913e-02  2.1607384e-02]
 [ 6.6978529e-02  1.9504245e-02  3.0938643e-03  6.3715261e-01
   7.6004332e-01 -8.3686456e-02 -1.2904384e-02  6.5761812e-02]
 [-1.8716507e-02 -2.2542803e-02 -2.8680793e-03 -7.5614952e-02
  -3.9246619e-02 -9.9417210e-01  3.7542570e-02 -4.5691259e-02]
 [ 2.1325225e-02  1.0249599e-02 -1.1168152e-02  3.1667229e-02
  -1.0278831e-02  3.3861719e-02  9.9817187e-01  2.6707632e-02]
 [-1.4639651e-02 -3.4698136e-02  1.8653311e-02 -6.1704960e-02
  -3.7031554e-02 -3.9450269e-02 -2.2843232e-02  9.9547815e-01]]",79
9,10,8,0.9,1.107361912727356,"[[ 0.9778581  -0.1737842  -0.0841577  -0.04118063  0.06241031  0.01635207
  -0.02429426  0.00784582]
 [ 0.15575106  0.9685241  -0.18914169  0.00236032 -0.01158657  0.02772162
  -0.02527873 -0.01951341]
 [ 0.11212138  0.17306396  0.97078604  0.0781683   0.08593202 -0.03318509
  -0.0186399   0.01043715]
 [-0.01599492 -0.01808778 -0.10404254  0.8107791   0.55463916  0.15186942
  -0.00829839 -0.02171466]
 [ 0.07528641 -0.01873293  0.02307929  0.5634241  -0.821628    0.01432197
   0.02534191 -0.00904506]
 [ 0.01520624  0.01642699 -0.05571273  0.13065149  0.07137614 -0.98586947
   0.00132629  0.04785785]
 [ 0.02744123  0.02457694  0.00932071 -0.00647387  0.02813842  0.00504066
   0.997807    0.04558774]
 [-0.00746864  0.01603155 -0.01300751  0.01634247 -0.00170384  0.05127869
  -0.04573567  0.9972597 ]]",79
10,11,9,0.9,1.533643126487732,"[[ 0.9673716   0.17576915 -0.01121551  0.04442254  0.06472452 -0.00130811
   0.02241941 -0.1142171  -0.11601311]
 [ 0.14677021 -0.8423743  -0.48880383 -0.02673137 -0.04970094  0.11411998
   0.11070596  0.01318783 -0.03601196]
 [ 0.08757971 -0.45259067  0.86756474  0.03252904 -0.04636383  0.09850142
   0.14316715  0.01021556 -0.036214  ]
 [ 0.0011904   0.05939818 -0.04943222  0.84155935 -0.46431616  0.22889951
  -0.01212044  0.12758201  0.03736391]
 [-0.05809236  0.01005305 -0.01818416  0.3226088   0.82763     0.43862063
   0.07768053  0.0784431   0.05069569]
 [ 0.01921775 -0.03138281  0.04397301 -0.2084937  -0.12753065  0.5666789
  -0.7710787  -0.12558319 -0.07429676]
 [ 0.065939   -0.11994562  0.03903633  0.12171568  0.17545915 -0.42204535
  -0.45176873  0.6962391  -0.2591805 ]
 [ 0.07085054  0.17583896 -0.03317388 -0.3538782  -0.2077853   0.47162172
   0.35926902  0.6653799   0.01800535]
 [ 0.14787573 -0.06893391  0.03072933 -0.02100332  0.02013269 -0.10399552
  -0.18119605  0.14489733  0.95233804]]",79
0,1,6,0.9,0.8335483074188232,"[[ 0.98834234 -0.06712126  0.13223995  0.00353391  0.0247121  -0.02374188]
 [ 0.08165876  0.99050975 -0.09960228 -0.03858211 -0.02619524  0.01126287]
 [-0.12642059  0.10914426  0.98147815 -0.05234186  0.0540224  -0.0561066 ]
 [-0.00598409  0.04326849  0.05088206  0.9968629  -0.03317538  0.02582169]
 [-0.0181988   0.0242243  -0.06668233  0.03931458  0.98202044 -0.16948643]
 [ 0.01273583 -0.00369942  0.0475093  -0.021862    0.17412621  0.9832442 ]]",80
1,2,6,0.9,0.8934198021888733,"[[ 0.98647875 -0.03591669 -0.15889914 -0.01210912 -0.00542656 -0.01202779]
 [ 0.06460571  0.97946775  0.1843395  -0.04579048  0.00705151 -0.01848065]
 [ 0.14988053 -0.19057785  0.96700513  0.02611323  0.0673378   0.03001236]
 [ 0.01063591  0.04962042 -0.02266265  0.9967193   0.05849798 -0.00630868]
 [-0.00594142  0.00256183 -0.06588858 -0.06009674  0.9959056  -0.01331053]
 [ 0.0085557   0.02375503 -0.02856947  0.00371543  0.01167854  0.9991977 ]]",80
2,3,6,0.9,0.9057990312576294,"[[ 0.9419334   0.31404778 -0.07290182  0.06174111  0.02768051  0.06513559]
 [-0.30291322  0.9462093   0.04965394 -0.07906327 -0.05957596 -0.0258007 ]
 [ 0.08233714 -0.02477965  0.9906098  -0.05716353  0.06076141  0.06587117]
 [-0.08268098  0.05726245  0.06054878  0.9913051   0.05405179  0.02472509]
 [-0.0487137   0.04652126 -0.06198225 -0.05821087  0.9931285   0.04391213]
 [-0.07082763  0.00214346 -0.05834316 -0.02439414 -0.05260025  0.994089  ]]",80
3,4,6,0.9,0.8201647400856018,"[[ 0.98441637  0.1664332  -0.04083972  0.01970198 -0.02748252 -0.02032385]
 [-0.16596209  0.98476976  0.03047321 -0.02304902 -0.03149099 -0.01528257]
 [ 0.04626199 -0.02261421  0.99684244 -0.02296769  0.04592491 -0.03188925]
 [-0.02112874  0.02044146  0.023599    0.9985469   0.03266256  0.02039827]
 [ 0.01879867  0.03451752 -0.04919135 -0.03000364  0.99423295 -0.08146171]
 [ 0.02100013  0.02019428  0.02705379 -0.02360012  0.08110458  0.9956326 ]]",80
4,5,6,0.9,0.806104302406311,"[[ 0.92305493  0.36829358  0.10092644  0.04211628 -0.01722242 -0.00854626]
 [-0.37494865  0.92574584  0.03847894  0.02596893 -0.01394076  0.00765914]
 [-0.0761959  -0.06833682  0.9813536  -0.12577063 -0.06022323 -0.083811  ]
 [-0.03779118 -0.04790752  0.13242449  0.9816321   0.08037916  0.09315504]
 [ 0.00966563  0.01872551  0.05548533 -0.09230832  0.9926575   0.05086819]
 [ 0.00747231 -0.0062175   0.06828956 -0.09803554 -0.06365928  0.9907465 ]]",80
5,6,6,0.9,0.840928852558136,"[[ 0.9995043   0.02474047 -0.01164802  0.00147371  0.01367177 -0.00737077]
 [-0.02229239  0.9830704   0.17909963  0.00344758 -0.01254433 -0.02880477]
 [ 0.01494769 -0.17750445  0.97944003 -0.06973579  0.06223636 -0.01514843]
 [ 0.0012024  -0.01663918  0.07339865  0.993087   -0.08004849  0.04128774]
 [-0.01362544  0.02559189 -0.0497403   0.07689068  0.98311436  0.1557546 ]
 [ 0.00914874  0.02282258  0.02496722 -0.05466986 -0.15119842  0.98636824]]",80
6,7,6,0.9,0.8547923564910889,"[[ 9.91017222e-01  4.53170277e-02  1.05529308e-01  2.66002603e-02
  -6.29221871e-02 -5.28702047e-03]
 [-6.94071203e-02  9.73581195e-01  2.14245439e-01  9.66168847e-03
  -2.64646150e-02 -2.50502527e-02]
 [-8.72044712e-02 -2.16798857e-01  9.63433743e-01 -1.21863201e-01
   3.72827947e-02 -3.07971593e-02]
 [-2.89093107e-02 -3.29885744e-02  1.09363325e-01  9.85357583e-01
   1.22222513e-01 -1.57408044e-02]
 [ 6.80204853e-02  4.10819203e-02 -3.75502259e-02 -1.15233421e-01
   9.89438951e-01 -2.71468982e-03]
 [ 5.45292569e-04  1.75598413e-02  3.72500382e-02  1.18381176e-02
   4.76692896e-03  9.99069989e-01]]",80
7,8,6,0.9,0.8509739637374878,"[[ 9.9069881e-01 -1.2736975e-01 -4.7618911e-02  4.3345904e-03
   2.5297308e-03  3.1775082e-04]
 [ 1.0439874e-01  9.3621743e-01 -3.2501897e-01  3.7437666e-02
   7.2732568e-02 -1.6398432e-02]
 [-8.5888416e-02 -3.1582171e-01 -9.4367027e-01 -1.3692173e-02
  -1.1142359e-02  4.5328166e-02]
 [-9.3761049e-03 -3.9307270e-02  3.5228205e-03  9.9385500e-01
   4.4535536e-02  9.2862971e-02]
 [-1.0130093e-02 -6.6790834e-02  1.6190844e-02 -5.4763403e-02
   9.9285954e-01  8.0031283e-02]
 [ 7.0330780e-03  3.9044343e-02  3.6152285e-02 -8.7438270e-02
  -8.2618542e-02  9.9128598e-01]]",80
8,9,7,0.9,0.9371315836906433,"[[ 0.97332907 -0.21870676 -0.03451208  0.00758634 -0.05602515 -0.00839471
  -0.01843804]
 [ 0.21082035  0.97005284 -0.10502852  0.01325459 -0.04783832 -0.02733604
  -0.01760565]
 [ 0.0580467   0.0957028   0.9931099   0.02037365  0.02471837 -0.01052559
   0.00821517]
 [-0.01285831 -0.01447409 -0.0182403   0.9988521  -0.00723323 -0.02826919
  -0.0271224 ]
 [ 0.06107125  0.02865446 -0.03214646  0.00425227  0.99083674 -0.11155435
  -0.01399885]
 [-0.02009115 -0.02806329 -0.00375801 -0.0282296  -0.10890248 -0.9917774
   0.05015657]
 [ 0.02274235  0.01370435 -0.01142406  0.02883265  0.01709393  0.0469641
   0.9979155 ]]",80
9,10,7,0.9,1.0154904127120972,"[[ 0.97858644 -0.18343492 -0.05662146 -0.06539422 -0.0153285   0.01968591
  -0.0248045 ]
 [ 0.16512804  0.9577846  -0.2324576  -0.00544262  0.01672427  0.03080305
  -0.00931552]
 [ 0.09713089  0.21991824  0.96406054  0.02487139 -0.10588443 -0.02643238
  -0.01612665]
 [-0.06263615  0.00359678 -0.05253959 -0.69909614 -0.7052671   0.07492527
  -0.03940027]
 [ 0.02646822 -0.01438628 -0.08893687  0.7091749  -0.6851592   0.13626945
   0.01553137]
 [ 0.02110377  0.01867741 -0.05041928  0.04249847 -0.14521143 -0.98679006
   0.00408994]
 [ 0.02444664  0.00821895  0.01151056 -0.04006013 -0.01850997  0.00522776
   0.9986128 ]]",80
10,11,7,0.9,1.4765726327896118,"[[ 0.97942215  0.1692075  -0.00784355 -0.09724077 -0.02082535 -0.02453103
  -0.03934807]
 [ 0.16328587 -0.87001246 -0.42098632  0.0684742   0.05579965  0.1039236
   0.14347155]
 [ 0.07546923 -0.39906582  0.8975118  -0.07861178  0.10426871  0.02061791
   0.10975638]
 [ 0.03297642  0.06069153 -0.02855792  0.3491097   0.9060502  -0.17356361
  -0.14657676]
 [ 0.06855721 -0.05937207  0.10010963  0.7958184  -0.39438376 -0.43571576
  -0.05512908]
 [ 0.02774044 -0.02689599  0.07843118  0.30451292 -0.07328098  0.7253308
  -0.60675573]
 [-0.0426292  -0.21739748 -0.01387584 -0.36296427 -0.06119828 -0.49203208
  -0.7570632 ]]",80
0,1,6,0.9,0.8285839557647705,"[[ 0.9855681  -0.03918394  0.16165511  0.00206457  0.02456321 -0.01949827]
 [ 0.05659751  0.99227667 -0.09914963 -0.03932652 -0.02788073  0.00539855]
 [-0.15838805  0.10630518  0.97673386 -0.05704328  0.05837139 -0.0542436 ]
 [-0.00815234  0.04449525  0.05512813  0.99672955 -0.03053991  0.02262786]
 [-0.01529022  0.02374764 -0.07091254  0.0366296   0.98228407 -0.16718265]
 [ 0.0080775   0.00265137  0.04427601 -0.01958576  0.17145702  0.98396456]]",81
1,2,6,0.9,0.8827091455459595,"[[ 9.8577493e-01 -7.0608668e-02 -1.5176542e-01 -1.3062485e-02
  -7.2634581e-04 -7.6309987e-03]
 [ 9.6050784e-02  9.7822410e-01  1.7447186e-01 -5.0741676e-02
   9.1876583e-03 -2.7428141e-02]
 [ 1.3677180e-01 -1.8458921e-01  9.6973515e-01  2.9729605e-02
   6.9932230e-02  3.2553267e-02]
 [ 1.3175598e-02  5.4471876e-02 -2.5728339e-02  9.9675524e-01
   5.1712435e-02 -1.4425947e-03]
 [-1.0479421e-02  9.0415782e-04 -6.8327360e-02 -5.3365603e-02
   9.9615681e-01 -6.6758315e-03]
 [ 5.6590335e-03  3.2416701e-02 -2.8461246e-02 -1.3788820e-03
   4.6992241e-03  9.9904108e-01]]",81
2,3,6,0.9,0.8994079828262329,"[[ 0.9148698   0.38500416 -0.08284966  0.05615245  0.01426726  0.06756007]
 [-0.3721105   0.9195692   0.06970014 -0.07980306 -0.05741809 -0.03745298]
 [ 0.09856049 -0.03164143  0.9887844  -0.04095102  0.05978184  0.07961907]
 [-0.08061282  0.05225334  0.04778143  0.99374646  0.02184626  0.02187891]
 [-0.05028382  0.04922005 -0.06511434 -0.02819632  0.98567504  0.13586329]
 [-0.07619694  0.00316839 -0.06372038 -0.02177616 -0.14454515  0.9842541 ]]",81
3,4,6,0.9,0.8149685859680176,"[[ 0.9903115   0.12760319 -0.032236    0.03150595 -0.01944478 -0.02430785]
 [-0.12639508  0.98962873  0.05061321 -0.02034992 -0.03656447 -0.0186114 ]
 [ 0.03854508 -0.04505428  0.996581   -0.00588037  0.04684718 -0.03288446]
 [-0.03255258  0.01767228  0.00725573  0.9984458   0.03239816  0.02513404]
 [ 0.01188918  0.03853373 -0.04837647 -0.03009955  0.99406844 -0.08339959]
 [ 0.02491717  0.02291841  0.02885243 -0.02754413  0.082877    0.99518555]]",81
4,5,6,0.9,0.8124256730079651,"[[ 0.9355021   0.33137324  0.10417954  0.06154125 -0.01787456 -0.00820644]
 [-0.33769643  0.94039977  0.03491832  0.0103935  -0.00769251  0.01492923]
 [-0.08144378 -0.06337781  0.9846112  -0.10591346 -0.0218966  -0.09052014]
 [-0.06161614 -0.03859446  0.10949988  0.984189    0.03422405  0.11368574]
 [ 0.01480095  0.0127522   0.02207844 -0.03818368  0.9986145   0.02102203]
 [ 0.01217386 -0.01308116  0.07739832 -0.12165947 -0.02719636  0.98901445]]",81
5,6,7,0.9,0.902234673500061,"[[ 0.9988495   0.03720547 -0.01960232 -0.00117     0.00716745  0.00340382
   0.02160456]
 [-0.03156177  0.9753145   0.21555082  0.01411243  0.00276316 -0.02566014
  -0.02093254]
 [ 0.02687125 -0.21426982  0.971412   -0.04681128  0.08264968 -0.01848203
  -0.0190091 ]
 [ 0.00489927 -0.02587543  0.05835694  0.9775976  -0.19777746  0.029339
  -0.01506943]
 [-0.01070352  0.0138362  -0.06505495  0.19659062  0.96490407  0.13880235
   0.0806721 ]
 [-0.00209737  0.01978397  0.03076794 -0.05703459 -0.12673882  0.9892731
  -0.02608983]
 [-0.02093808  0.01461251  0.03046398 -0.00319862 -0.08301491  0.01415419
   0.9956495 ]]",81
6,7,7,0.9,0.9326112866401672,"[[ 9.9081606e-01  4.8100367e-02  1.0841331e-01  1.2591506e-02
  -5.8980346e-02  5.3482726e-03 -2.3465484e-02]
 [-7.5206876e-02  9.6620220e-01  2.4043547e-01  1.3227196e-02
  -1.0945973e-02  2.9199153e-02 -4.2904492e-02]
 [-8.9495227e-02 -2.4631618e-01  9.5656621e-01 -9.6774966e-02
   5.6633994e-02  3.3624101e-02 -5.0957508e-02]
 [-1.3620008e-02 -3.5188138e-02  8.0853887e-02  9.8888910e-01
   1.1422819e-01  2.1158937e-02 -2.5327537e-02]
 [ 6.4533368e-02  3.0930951e-02 -5.6583792e-02 -1.0821764e-01
   9.8975551e-01  1.2731018e-03 -1.8661521e-02]
 [-3.8636211e-04  1.9003045e-02  4.0393833e-02  1.7685750e-02
   4.5750453e-03 -9.9862850e-01 -2.0354509e-02]
 [ 1.6366707e-02  3.0200904e-02  6.3621692e-02  1.9380197e-02
   2.2561071e-02 -1.6728798e-02  9.9679887e-01]]",81
7,8,7,0.9,0.932161271572113,"[[ 9.93347287e-01 -1.01693496e-01 -5.17751649e-02  9.80576780e-03
  -5.85416146e-03 -2.71979789e-03  1.00622829e-02]
 [ 8.76304433e-02  9.67723668e-01 -2.17056811e-01  6.06384203e-02
   6.83761984e-02 -1.56115387e-02 -1.10542150e-02]
 [-7.19280913e-02 -2.10194126e-01 -9.74023819e-01 -2.03793421e-02
   1.22096261e-03  3.85521539e-02 -4.39370563e-03]
 [-1.58202685e-02 -6.28277883e-02 -2.51275650e-03  9.93252516e-01
   3.93843576e-02  8.73957723e-02 -7.50925438e-03]
 [ 9.05674067e-04 -6.27779067e-02  1.74873248e-02 -4.73347269e-02
   9.95722651e-01  4.51006182e-02  3.73770716e-03]
 [-8.09965841e-03 -3.15795578e-02 -3.35548408e-02  8.32683444e-02
   4.76488881e-02 -9.94183600e-01 -1.43604791e-02]
 [-9.58365109e-03  1.01091405e-02 -6.72588358e-03  9.31580737e-03
  -1.92207424e-03 -1.37686487e-02  9.99740243e-01]]",81
8,9,7,0.9,0.9404948949813843,"[[ 9.6470940e-01 -2.5021979e-01 -4.7667783e-02 -4.9767848e-02
  -3.7762351e-02 -1.1418149e-02 -2.0505218e-02]
 [ 2.3854107e-01  9.5810038e-01 -1.5390214e-01 -2.1754703e-02
  -1.6986221e-02 -2.1777192e-02 -1.4823876e-02]
 [ 8.5158847e-02  1.3754730e-01  9.8625642e-01  2.3955468e-02
  -1.8496577e-02 -4.6032309e-03  1.3784322e-02]
 [-4.4758641e-03 -5.4023121e-03 -2.8151928e-02  5.9568220e-01
  -8.0127090e-01 -3.9015599e-02 -2.7634766e-02]
 [ 6.4998984e-02  8.4959492e-03 -1.5148498e-02  7.9742348e-01
   5.9630072e-01 -6.2706538e-02 -9.0906704e-03]
 [-1.9800236e-02 -1.8772369e-02  8.1599591e-04 -7.1754731e-02
  -5.8387513e-03 -9.9640375e-01  3.5380676e-02]
 [ 2.3345778e-02  7.7794716e-03 -1.7824404e-02  2.4612233e-02
  -1.7312132e-02  3.3160288e-02  9.9853474e-01]]",81
9,10,8,0.9,1.103101372718811,"[[ 9.77970779e-01 -1.78082302e-01 -7.06430450e-02 -5.26198223e-02
   5.65355681e-02  1.78613272e-02 -2.41804235e-02  7.94379564e-04]
 [ 1.60010308e-01  9.62666690e-01 -2.13564187e-01  1.96434949e-02
  -2.85981246e-03  2.11758167e-02 -2.87214387e-02 -1.98101699e-02]
 [ 1.04366601e-01  1.97254851e-01  9.68410969e-01  5.78272901e-02
   8.65336135e-02 -3.63548286e-02 -1.08913444e-02  1.02936225e-02]
 [ 3.05971783e-03 -3.82411182e-02 -8.16314146e-02  8.60174656e-01
   4.82438564e-01  1.36462972e-01 -8.54826612e-06 -2.43922696e-02]
 [ 7.78855979e-02 -1.50976507e-02  4.17645574e-02  4.92560565e-01
  -8.64797771e-01 -2.96990629e-02  2.32330393e-02 -6.98278053e-03]
 [ 1.51484823e-02  5.73030207e-03 -5.45709133e-02  1.02234751e-01
   9.02257115e-02 -9.88305271e-01 -1.04594864e-02  3.62003446e-02]
 [ 2.77909171e-02  2.69102920e-02  2.61552341e-04 -9.09956358e-03
   2.33387649e-02 -6.41556922e-03  9.96806741e-01  6.48931190e-02]
 [-4.16071009e-04  1.42371720e-02 -1.39306216e-02  2.12171134e-02
  -4.40776639e-05  4.02283929e-02 -6.47992343e-02  9.96662199e-01]]",81
10,11,8,0.9,1.414628505706787,"[[ 9.76136327e-01  1.63734362e-01  1.50075124e-03  5.12715243e-02
   7.45067000e-02 -2.20397729e-02 -3.63659492e-04 -1.08077571e-01]
 [ 1.54540077e-01 -8.54298890e-01 -4.60706085e-01 -3.01234592e-02
  -5.90006821e-02  1.14991069e-01  1.27135754e-01  1.62996519e-02]
 [ 7.32758120e-02 -4.37974513e-01  8.85360956e-01  3.30811031e-02
  -2.34044138e-02  6.69374391e-02  1.13168404e-01 -3.88344098e-03]
 [ 7.77136069e-03  5.33018224e-02 -3.13438885e-02  8.05406451e-01
  -5.51210463e-01  1.72698811e-01 -1.08350348e-03  1.17377765e-01]
 [-5.77402487e-02  2.77590528e-02 -2.68621761e-02  3.68107945e-01
   7.33657837e-01  5.55352330e-01  7.35998005e-02  8.70828405e-02]
 [ 2.92358678e-02 -2.45981477e-02  3.75369266e-02 -2.48194382e-01
  -2.17247859e-01  5.78447938e-01 -7.27657676e-01 -1.55712157e-01]
 [ 6.82433024e-02 -1.40305832e-01  2.70052347e-02  1.31168872e-01
   2.06182986e-01 -3.79370213e-01 -5.46168625e-01  6.87742054e-01]
 [ 9.48665887e-02  1.66253760e-01  6.42250106e-03 -3.63841683e-01
  -2.42126077e-01  4.06258196e-01  3.71248215e-01  6.85158372e-01]]",81
0,1,6,0.9,0.828575074672699,"[[ 0.985921   -0.01155442  0.16362144 -0.00448333  0.02343604 -0.02201849]
 [ 0.02598313  0.9951599  -0.08320422 -0.03791623 -0.02449758  0.00457366]
 [-0.16414389  0.0856823   0.9779083  -0.05489723  0.06032778 -0.05251224]
 [-0.00303811  0.04193439  0.05410899  0.9972401  -0.02413369  0.01530541]
 [-0.01471107  0.02042619 -0.0721148   0.02932969  0.9828682  -0.16515352]
 [ 0.01075376  0.00246326  0.04326819 -0.01343569  0.16911192  0.98449314]]",82
1,2,6,0.9,0.88194739818573,"[[-9.80437815e-01 -1.10734485e-01 -1.61037415e-01 -1.72240920e-02
  -9.96388146e-04 -1.57692097e-02]
 [-1.40391916e-01  9.68720496e-01  1.96105227e-01 -5.18940389e-02
   1.69211589e-02 -2.08322648e-02]
 [-1.35459706e-01 -2.13435605e-01  9.64160800e-01  3.29598077e-02
   6.48356676e-02  3.46389674e-02]
 [-1.94927733e-02  5.55107705e-02 -2.64865160e-02  9.97519910e-01
   2.80985143e-02  1.29613071e-03]
 [ 1.07363695e-02 -4.19511879e-03 -6.54687732e-02 -2.93884519e-02
   9.97355103e-01 -4.08139138e-04]
 [-1.36764925e-02  2.57783197e-02 -3.18740793e-02 -3.80283920e-03
  -1.53986679e-03  9.99057412e-01]]",82
2,3,6,0.9,0.9134615063667297,"[[-0.95207983 -0.2769816   0.09462506 -0.05911354 -0.02095306 -0.06275185]
 [-0.26407388  0.956743    0.06294913 -0.07856983 -0.06394494 -0.02613249]
 [ 0.10416061 -0.03311108  0.9882893  -0.04040716  0.0677614   0.0715139 ]
 [-0.076618    0.05914945  0.04738406  0.9935552   0.01411033  0.0321691 ]
 [-0.05026043  0.05763479 -0.06835191 -0.0211657   0.9900042   0.09446625]
 [-0.06755044  0.00266795 -0.05874215 -0.03316355 -0.10282522  0.9901042 ]]",82
3,4,6,0.9,0.8358590006828308,"[[ 0.95565146  0.28716275 -0.02948679  0.03237339 -0.03614207 -0.0323135 ]
 [-0.28487554  0.9545173   0.07215377 -0.03904319 -0.02607402 -0.0182288 ]
 [ 0.05072431 -0.06005923  0.9950409  -0.02337375  0.05152435 -0.0226366 ]
 [-0.04046341  0.02744646  0.02548942  0.99803203  0.02870232 -0.00825037]
 [ 0.02322467  0.03520899 -0.05320462 -0.02797938  0.99317783 -0.09058248]
 [ 0.02875213  0.02888232  0.01837127  0.00553321  0.09018385  0.994906  ]]",82
4,5,6,0.9,0.8316982388496399,"[[ 8.87146592e-01  4.45375860e-01  9.89093259e-02  6.14915304e-02
  -2.81708986e-02 -1.59200989e-02]
 [-4.53056931e-01  8.90072823e-01  4.02246043e-02  2.18011029e-02
  -1.47671765e-02  1.40875811e-02]
 [-6.57741651e-02 -7.37125427e-02  9.82274115e-01 -1.31315902e-01
  -2.56820843e-02 -8.64541456e-02]
 [-5.18802404e-02 -5.82808256e-02  1.32800549e-01  9.82109845e-01
  -6.29594270e-03  1.08150549e-01]
 [ 1.71087831e-02  2.32118648e-02  3.23236100e-02  1.67546794e-04
   9.98352826e-01  3.76218781e-02]
 [ 1.99981648e-02 -6.45977119e-03  7.11030662e-02 -1.18152484e-01
  -3.97601798e-02  9.89425004e-01]]",82
5,6,6,0.9,0.8488351702690125,"[[ 9.9484825e-01  7.8468189e-02 -5.4419227e-02  1.0965233e-02
   2.3697307e-02  2.1826586e-02]
 [-6.5971024e-02  9.7778237e-01  1.9786955e-01  7.5769675e-04
   4.6619000e-03 -2.0365281e-02]
 [ 6.7642555e-02 -1.9334073e-01  9.7518343e-01 -4.3047711e-02
   7.1117721e-02 -1.2255609e-02]
 [-3.3792700e-03 -1.0456818e-02  5.5704258e-02  9.7942859e-01
  -1.8872222e-01  4.3355864e-02]
 [-3.1939279e-02  7.5569805e-03 -5.7196666e-02  1.8408425e-01
   9.7070563e-01  1.3962403e-01]
 [-1.7823549e-02  1.5402419e-02  2.2999067e-02 -6.9703721e-02
  -1.2834899e-01  9.8872852e-01]]",82
6,7,6,0.9,0.8599791526794434,"[[ 9.9682766e-01  2.8375493e-02  4.4503197e-02 -2.5089637e-03
  -5.9304658e-02 -5.0510908e-03]
 [-4.1824456e-02  9.5980257e-01  2.7351499e-01  7.3045352e-03
  -3.6357652e-02 -2.9054385e-02]
 [-3.1972028e-02 -2.7199703e-01  9.5686519e-01 -7.6919831e-02
   5.5478644e-02 -2.0245632e-02]
 [ 7.8389104e-03 -2.1382937e-02  6.5897070e-02  9.8897684e-01
   1.3012011e-01 -1.1505035e-02]
 [ 5.9084937e-02  5.5117179e-02 -4.9727805e-02 -1.2588602e-01
   9.8749727e-01  2.2334635e-04]
 [ 3.2519137e-03  2.2280430e-02  2.8333228e-02  1.0055724e-02
   1.0445067e-03  9.9929380e-01]]",82
7,8,6,0.9,0.8552885055541992,"[[ 9.9524122e-01 -9.1249451e-02 -3.0430034e-02  3.6769700e-03
  -1.3999524e-02  5.7336348e-03]
 [ 8.0121212e-02  9.5431548e-01 -2.7255687e-01  5.2998755e-02
   7.1307689e-02 -2.6109036e-02]
 [-5.4068476e-02 -2.6659280e-01 -9.6105474e-01 -2.9173778e-02
  -9.2390263e-03  3.7974443e-02]
 [-8.0577005e-03 -6.6979632e-02 -8.9716474e-03  9.7842854e-01
   1.7527971e-01  8.5574381e-02]
 [ 9.2816837e-03 -6.0196560e-02  1.2632098e-02 -1.8066432e-01
   9.8152161e-01  1.0312785e-02]
 [-9.7208674e-04  4.2118061e-02  3.0337023e-02 -7.9778038e-02
  -2.2938993e-02  9.9519545e-01]]",82
8,9,6,0.9,0.8678476214408875,"[[ 0.92131394 -0.38392222 -0.01561035 -0.05883815 -0.00874601  0.00149384]
 [ 0.37509075  0.91252637 -0.15376212 -0.04134475  0.01359542  0.03264426]
 [ 0.07497586  0.13637301  0.9874181   0.01913719  0.01943938 -0.00650361]
 [-0.00168638 -0.02015805 -0.01570134 -0.03789471  0.9979256   0.04530798]
 [ 0.06734841  0.0098382  -0.02592796  0.99402684  0.03430595  0.0736812 ]
 [-0.01809705 -0.02826153  0.01414724 -0.07026464 -0.04825374  0.99569476]]",82
9,10,7,0.9,1.0104879140853882,"[[ 0.9652429  -0.23753466 -0.06394397 -0.07274556  0.04277202  0.01700371
  -0.01959581]
 [ 0.22424951  0.9579108  -0.17465101  0.01646659  0.00412599  0.02764817
  -0.02373886]
 [ 0.10212793  0.15449016  0.9778232   0.03210629  0.08326639 -0.03971728
  -0.00479113]
 [ 0.0518086  -0.03971855 -0.0418384   0.97557205  0.17604715  0.1036643
   0.02254299]
 [-0.06417208 -0.00161223 -0.06584013 -0.18509087  0.97276616  0.1009699
  -0.02857875]
 [-0.01785555 -0.01235353  0.05641982 -0.0810908  -0.11559913  0.98810226
  -0.00777258]
 [ 0.02161228  0.01960156 -0.00121552 -0.02882697  0.02429697  0.00903867
   0.9988214 ]]",82
10,11,7,0.9,1.48427414894104,"[[-0.9744881   0.19018143 -0.00756299 -0.00589023  0.11005287  0.01044722
  -0.04348816]
 [-0.18114427 -0.8623063  -0.43252254  0.02281528 -0.10119953  0.09751873
   0.12754199]
 [-0.09154379 -0.40143567  0.8979275   0.06774664 -0.01787726  0.08902486
   0.10658718]
 [-0.01544258  0.05606452 -0.04029536  0.9737494  -0.19520894 -0.08055676
  -0.04701843]
 [ 0.0757433   0.04766086 -0.05376395  0.16549379  0.5034098   0.84120274
  -0.02586906]
 [-0.03935448  0.02527869  0.03361221 -0.13005163 -0.672135    0.41370752
  -0.59736896]
 [ 0.04068251 -0.23033546  0.03080997  0.04863745  0.4837706  -0.31175348
  -0.7815059 ]]",82
0,1,6,0.9,0.8327974081039429,"[[ 0.98697263 -0.03002173  0.15473482  0.00538036  0.02331951 -0.02163579]
 [ 0.04711242  0.9924814  -0.10142584 -0.04088067 -0.02749997  0.00681068]
 [-0.15231492  0.10691687  0.9777678  -0.0544796   0.05923751 -0.05349874]
 [-0.01078519  0.04564153  0.05270607  0.9963545  -0.04040557  0.02583902]
 [-0.01538429  0.02372842 -0.07149766  0.04688866  0.9798471  -0.17829601]
 [ 0.010612    0.00138734  0.04301605 -0.02027103  0.182915    0.9819197 ]]",83
1,2,6,0.9,0.8928642272949219,"[[ 0.9872763  -0.07524759 -0.13934618 -0.01156357 -0.00387409 -0.00755404]
 [ 0.10076359  0.9745177   0.19283015 -0.04534935  0.0073102  -0.02947301]
 [ 0.12208515 -0.20219368  0.96764475  0.03080553  0.07586591  0.03423598]
 [ 0.01169356  0.04988265 -0.02829118  0.99544185  0.07477471 -0.00887468]
 [-0.00713863  0.00393803 -0.07343685 -0.07697125  0.9942452  -0.00962765]
 [ 0.00629022  0.03559689 -0.0294892   0.00562097  0.0078336   0.9988647 ]]",83
2,3,6,0.9,0.9134268164634705,"[[ 0.9014282   0.41215178 -0.10046129  0.05106414  0.01546014  0.0679635 ]
 [-0.3975272   0.9079375   0.08350798 -0.08000596 -0.05307069 -0.03782348]
 [ 0.12151651 -0.03478659  0.98626274 -0.04427969  0.05836979  0.07708321]
 [-0.07643036  0.05133868  0.05265275  0.9937987   0.01381094  0.03039514]
 [-0.05193414  0.04393508 -0.06104457 -0.02051632  0.98799807  0.12282136]
 [-0.07806591  0.0020843  -0.06100093 -0.03121024 -0.13117391  0.9859004 ]]",83
3,4,6,0.9,0.8216174244880676,"[[ 0.99107873  0.12479947 -0.02397122  0.02990728 -0.01188122 -0.02403991]
 [-0.12378553  0.99041253  0.04400327 -0.02269702 -0.03116358 -0.01837024]
 [ 0.02908533 -0.03978873  0.9967989  -0.00597241  0.05221013 -0.03465928]
 [-0.03138363  0.02038021  0.00668673  0.9981483   0.03823143  0.02816879]
 [ 0.00566578  0.03203904 -0.05401871 -0.03586876  0.9939795  -0.08210698]
 [ 0.02402501  0.0219781   0.03030337 -0.03111724  0.08188327  0.9951624 ]]",83
4,5,7,0.9,0.8928939700126648,"[[ 0.9365567   0.33001357  0.09822756  0.05638133 -0.01643298 -0.00572407
  -0.02867569]
 [-0.33563554  0.94089437  0.04004343  0.00644028 -0.00598989  0.00787188
   0.01799607]
 [-0.07645913 -0.0663294   0.98181695 -0.1047107  -0.02303911 -0.09634929
  -0.07079247]
 [-0.05825171 -0.03274938  0.10962287  0.9843483   0.03246437  0.11583138
  -0.01023132]
 [ 0.0145683   0.00984103  0.02715433 -0.03999656  0.99732465  0.04677599
   0.02256897]
 [ 0.00811878 -0.00931725  0.08546337 -0.12315048 -0.05451756  0.9861853
   0.04293655]
 [ 0.02632405 -0.0123752   0.06873735  0.01039455 -0.0219247  -0.0495545
   0.995683  ]]",83
5,6,7,0.9,0.9122754335403442,"[[ 9.9951518e-01  1.7471280e-02 -1.2230805e-02 -1.1383713e-02
   5.4176124e-03 -2.3995289e-04  1.8858708e-02]
 [-1.3608339e-02  9.7217834e-01  2.3102701e-01  1.9490831e-02
   3.5808790e-03 -2.3484994e-02 -1.9141028e-02]
 [ 1.5068613e-02 -2.2974375e-01  9.6768826e-01 -5.6194644e-02
   8.1976756e-02 -2.0926323e-02 -1.5942696e-02]
 [ 1.3864768e-02 -3.3949025e-02  6.6013016e-02  9.7559434e-01
  -2.0429206e-01  2.4853336e-02 -1.2666825e-02]
 [-5.3510093e-03  1.1881264e-02 -6.2873684e-02  2.0457847e-01
   9.6498126e-01  1.2837024e-01  7.9731040e-02]
 [ 7.9433771e-04  1.7349251e-02  3.2091599e-02 -5.1640019e-02
  -1.1714174e-01  9.9084991e-01 -2.2272386e-02]
 [-1.8323187e-02  1.3680144e-02  2.6751289e-02 -5.4335976e-03
  -8.1187412e-02  1.1415399e-02  9.9599707e-01]]",83
6,7,7,0.9,0.937542736530304,"[[ 0.9887935   0.03671424  0.12897922  0.02011079 -0.05924368 -0.00253502
  -0.01957252]
 [-0.0676932   0.96956265  0.22965968  0.02094893 -0.00768883 -0.023042
  -0.03991908]
 [-0.11149419 -0.23495746  0.95701045 -0.09161536  0.06343129 -0.04274654
  -0.0474425 ]
 [-0.0214841  -0.04051647  0.07229824  0.9887759   0.11845051 -0.01813065
  -0.02515406]
 [ 0.06820759  0.02881823 -0.06263938 -0.11188237  0.9887351  -0.0102601
  -0.01932599]
 [-0.00369829  0.01154168  0.04637373  0.01311425  0.01433387  0.99848413
  -0.01882958]
 [ 0.01210336  0.02810944  0.05874082  0.01989549  0.0239676   0.0151918
   0.997202  ]]",83
7,8,7,0.9,0.9513603448867798,"[[ 9.96192873e-01 -7.41440505e-02  4.25533839e-02  1.09549435e-02
  -9.08785313e-03 -1.80137390e-03  9.26482212e-03]
 [ 6.59655854e-02  9.79734004e-01  1.65061057e-01  5.87026998e-02
   6.95394725e-02 -8.19187518e-03 -1.32547431e-02]
 [-5.38311638e-02 -1.61246955e-01  9.84685004e-01 -1.37932645e-02
   1.43991085e-03  3.61190438e-02 -1.86363104e-04]
 [-1.51894484e-02 -5.64648062e-02  9.68854001e-04  9.94780481e-01
  -2.41761114e-02  7.96865597e-02 -7.56264152e-03]
 [ 4.44602827e-03 -6.90248609e-02 -1.42993871e-02  1.60099790e-02
   9.95863378e-01  5.47426194e-02  3.79007612e-03]
 [ 5.15889004e-03  2.22938731e-02 -3.35812904e-02 -7.94580728e-02
  -5.24048246e-02  9.94533360e-01  1.38615938e-02]
 [-8.57068785e-03  1.31720128e-02  2.50476575e-03  9.24033765e-03
  -2.22518994e-03 -1.34793520e-02  9.99737322e-01]]",83
8,9,7,0.9,0.9548600316047668,"[[ 0.9689647  -0.23006979 -0.05707309 -0.03904271 -0.05452483 -0.01417331
  -0.01482256]
 [ 0.21793765  0.96402544 -0.14638807 -0.02735203 -0.01107931 -0.02346466
  -0.01753015]
 [-0.08838177 -0.13014558 -0.9871135  -0.01528575  0.02401592  0.0018854
  -0.00661219]
 [-0.00301714  0.01008716 -0.0280036   0.78905684 -0.61101043 -0.04493027
  -0.03379017]
 [ 0.07024407  0.00923567  0.00223957  0.607631    0.78902924 -0.05564958
  -0.0097913 ]
 [-0.02214027 -0.02011635  0.00310838 -0.06704184 -0.01593703 -0.9963325
   0.04084475]
 [ 0.01912197  0.01390584 -0.01100961  0.03425051 -0.01313606  0.03808919
   0.99826014]]",83
9,10,8,0.9,1.1428414583206177,"[[ 0.9781491  -0.17812926 -0.07232254  0.03135531  0.06726594  0.0144042
  -0.01850173  0.01435608]
 [ 0.15674858  0.9564702  -0.23948331 -0.01354467 -0.01885371  0.02959809
  -0.03561756  0.02363959]
 [ 0.10973907  0.22328857  0.9614493  -0.08258332  0.06960547 -0.03951934
  -0.02192813  0.00267285]
 [-0.01256239 -0.03103293 -0.09195912 -0.9059301   0.3887426   0.13320778
  -0.00160427  0.02907899]
 [ 0.07286974 -0.02749509  0.03101568 -0.39433393 -0.9141284   0.00132051
   0.02944355  0.03120029]
 [ 0.01310565  0.0127745  -0.05927617 -0.12038498  0.04765509 -0.9891194
  -0.01920004 -0.02573147]
 [ 0.02602038  0.03837769  0.00856452  0.00261651  0.02871614 -0.01534425
   0.9935327  -0.09799251]
 [ 0.01717311  0.01489651 -0.00518354 -0.03612935 -0.02068439  0.03187629
  -0.09778961 -0.9935513 ]]",83
10,11,8,0.9,1.461205005645752,"[[ 9.67820227e-01  1.85882792e-01 -1.67371593e-02 -6.40446544e-02
   5.72729744e-02 -5.57907950e-03  1.18762804e-02 -1.44697666e-01]
 [ 1.63751319e-01 -7.94042170e-01  5.61844766e-01  1.25364633e-04
  -8.48041102e-02  9.83741507e-02  9.88932401e-02 -1.90740600e-02]
 [ 8.89014825e-02 -5.18462420e-01 -8.22031081e-01 -1.34099033e-02
  -1.20755382e-01  1.18782796e-01  1.36209026e-01 -1.15851490e-02]
 [ 1.31153818e-02 -9.70121399e-02 -4.38607000e-02  8.09261858e-01
   5.13962388e-01 -1.91356272e-01  4.47411388e-02 -1.75532997e-01]
 [-4.96462472e-02 -1.33250393e-02 -4.52387240e-03 -3.35485160e-01
   7.50152290e-01  5.49270093e-01  1.14626206e-01  8.49810541e-02]
 [ 8.71641468e-03 -3.00465375e-02 -2.01411732e-02  2.00565577e-01
  -1.35413438e-01  5.06282806e-01 -8.00912142e-01 -2.05595970e-01]
 [ 1.11994058e-01 -1.81481600e-01 -6.40925840e-02 -1.23909965e-01
   2.62373328e-01 -4.25441623e-01 -5.03376067e-01  6.57139599e-01]
 [-1.15545012e-01 -1.50711879e-01 -4.30976115e-02 -4.15551811e-01
   2.46746540e-01 -4.47821826e-01 -2.48067692e-01 -6.82955980e-01]]",83
0,1,6,0.9,0.828445315361023,"[[ 9.85707641e-01 -8.60661920e-03  1.63578451e-01  6.73799892e-04
   2.93540973e-02 -2.61996165e-02]
 [ 2.77368482e-02  9.92683887e-01 -1.08048432e-01 -3.36439498e-02
  -3.07662003e-02  7.50399940e-03]
 [-1.63969412e-01  1.11054145e-01  9.75643516e-01 -5.46616465e-02
   5.58969229e-02 -5.28053120e-02]
 [-7.24951643e-03  3.81542742e-02  5.44212088e-02  9.96213853e-01
  -5.01559041e-02  2.39246469e-02]
 [-2.20625773e-02  2.66918950e-02 -6.89425990e-02  5.60263917e-02
   9.81051326e-01 -1.68662786e-01]
 [ 1.36346221e-02  1.80841424e-03  4.44144271e-02 -1.72844399e-02
   1.73464939e-01  9.83590066e-01]]",84
1,2,6,0.9,0.895013689994812,"[[ 9.8336774e-01 -8.7359481e-02 -1.5851338e-01 -1.4346228e-02
   1.1738628e-04 -4.8913010e-03]
 [ 1.1566568e-01  9.7316331e-01  1.8741708e-01 -5.8086418e-02
   1.3411827e-02 -2.9925883e-02]
 [ 1.3865699e-01 -2.0043339e-01  9.6650130e-01  3.6032278e-02
   6.5292433e-02  3.0241055e-02]
 [ 1.5456156e-02  6.1690066e-02 -2.7412893e-02  9.9684018e-01
   2.5733491e-02 -2.9178295e-02]
 [-1.1122597e-02 -1.3564281e-03 -6.5191299e-02 -2.7157599e-02
   9.9743074e-01  4.3553901e-03]
 [ 4.5838784e-03  3.6612220e-02 -2.4944402e-02  2.6341898e-02
  -5.1729395e-03  9.9864691e-01]]",84
2,3,6,0.9,0.9201974868774414,"[[ 0.9560142   0.26938    -0.07313021  0.0416211   0.01202646  0.07903347]
 [-0.25798848  0.95801204  0.05086664 -0.09806882 -0.04370218 -0.03924206]
 [ 0.07807039 -0.02904363  0.990995   -0.03333595  0.05866947  0.08023109]
 [-0.06563318  0.08098928  0.04063065  0.991513   -0.05183278  0.04119983]
 [-0.04441354  0.04659291 -0.0639726   0.04117228  0.98398024  0.14782333]
 [-0.0842825   0.00857373 -0.0651932  -0.05239884 -0.15362158  0.98093194]]",84
3,4,6,0.9,0.8273301720619202,"[[ 0.99359214  0.08800986 -0.06116947  0.02882084 -0.00794734 -0.01983658]
 [-0.08190034  0.99085784  0.08722869 -0.0436066  -0.03798309 -0.02323611]
 [ 0.06720894 -0.07917966  0.9922927   0.02651064  0.05530122 -0.02842017]
 [-0.03352445  0.04537705 -0.02268186  0.9968434   0.04609801  0.02192611]
 [ 0.00187168  0.03994182 -0.05222023 -0.04818663  0.9959817  -0.03705072]
 [ 0.0205579   0.02304556  0.02762682 -0.02337238  0.03648819  0.99820113]]",84
4,5,6,0.9,0.8352327942848206,"[[ 9.30365086e-01  3.53634685e-01  8.46562386e-02  4.34423536e-02
  -1.58896614e-02 -7.54209002e-03]
 [-3.54656935e-01  9.34747040e-01 -9.62194230e-04 -1.05864918e-02
  -5.00646466e-03  1.81213971e-02]
 [-7.55540580e-02 -2.68573985e-02  9.86985087e-01 -9.99637023e-02
   9.46761761e-03 -9.66869667e-02]
 [-5.11650629e-02 -1.06782094e-02  1.07873745e-01  9.84753609e-01
  -2.50450764e-02  1.23549171e-01]
 [ 1.22036673e-02  1.05926292e-02 -6.91620214e-03  2.88049635e-02
   9.99317765e-01 -1.50078582e-02]
 [ 1.28057674e-02 -1.55881187e-02  8.37155357e-02 -1.32054970e-01
   1.92221664e-02  9.87307847e-01]]",84
5,6,6,0.9,0.8498256206512451,"[[ 9.98509109e-01  3.13356556e-02  3.83641943e-02 -4.28654859e-03
  -8.45905219e-04 -2.25140583e-02]
 [-3.99960466e-02  9.69560921e-01  2.37542123e-01  3.50029878e-02
   2.37121526e-03 -2.63609719e-02]
 [-3.01748123e-02 -2.37379879e-01  9.65126276e-01 -3.19268517e-02
   9.88985598e-02 -2.17088815e-02]
 [ 4.98166261e-03 -4.31503430e-02  3.74851376e-02  9.87622142e-01
  -1.39817581e-01  4.19718139e-02]
 [ 6.86076097e-03  1.77516527e-02 -8.86531100e-02  1.37902975e-01
   9.79575753e-01  1.14859164e-01]
 [ 1.99404806e-02  2.10587922e-02  3.69955450e-02 -5.76398410e-02
  -1.05333790e-01  9.91651475e-01]]",84
6,7,6,0.9,0.8632038235664368,"[[ 0.9906622   0.02177194  0.11959238  0.00617952 -0.06141014 -0.00163577]
 [-0.04644365  0.97572404  0.21146509  0.01084362  0.00881209  0.0298826 ]
 [-0.10584003 -0.21461916  0.96208644 -0.09348155  0.07949435  0.0454762 ]
 [-0.01185802 -0.03083088  0.08233567  0.9940081   0.05739952  0.02798076]
 [ 0.07065273  0.01197918 -0.07527834 -0.04923167  0.9930844  -0.02361106]
 [-0.00984269  0.01825533  0.05407324  0.02509228 -0.01790133 -0.99784565]]",84
7,8,7,0.9,0.9450654983520508,"[[ 9.9650550e-01 -7.9739459e-02  1.9548764e-02  7.1731075e-03
  -5.5244691e-03  1.9879492e-03  1.2260061e-02]
 [ 7.3406257e-02  9.6941513e-01  2.1075584e-01  7.1457237e-02
   7.1304202e-02  1.2380937e-02 -9.1657825e-03]
 [-3.5628580e-02 -2.0964275e-01  9.7655088e-01 -1.1660450e-02
   1.5900701e-02 -2.6428875e-02 -6.4489101e-03]
 [-1.2303604e-02 -6.6411614e-02 -4.1876403e-03  9.9287605e-01
  -5.5827539e-02 -7.8463048e-02 -1.8564919e-02]
 [ 1.7965015e-04 -6.9522768e-02 -3.1349659e-02  4.8823390e-02
   9.9534678e-01 -3.1868324e-02  8.3217071e-03]
 [-4.9549281e-03 -2.4814865e-02  2.2018721e-02  7.8787602e-02
   2.6892662e-02  9.9590570e-01  1.0768672e-02]
 [-1.1955549e-02  8.1272572e-03  7.9389662e-03  1.7676836e-02
  -8.7887142e-03 -1.2002218e-02  9.9959707e-01]]",84
8,9,7,0.9,0.9432772397994995,"[[ 0.9788807  -0.1792845  -0.07950598 -0.03108481 -0.04573745 -0.00804117
  -0.01434145]
 [ 0.1613324   0.9686667  -0.18733259 -0.01502239 -0.00193167 -0.01238399
  -0.0134425 ]
 [-0.10776357 -0.1707093  -0.97770447  0.00837016  0.05443333  0.01730264
  -0.00263327]
 [ 0.00838578  0.00755229 -0.01809981  0.90648514 -0.41958326 -0.02017353
  -0.03704838]
 [ 0.0603149   0.00670616  0.04539439  0.41845575  0.90418077 -0.03821667
   0.01216011]
 [ 0.01406941  0.01383063  0.01541929  0.03345813  0.02505548  0.9987571
  -0.01049115]
 [ 0.01566428  0.0103544  -0.0073012   0.02824927 -0.0268427   0.0099693
   0.99898756]]",84
9,10,7,0.9,1.0196876525878906,"[[ 9.84846056e-01 -1.31676480e-01 -1.00189485e-01  7.57894153e-03
   4.76017706e-02 -1.45343561e-02 -1.29181696e-02]
 [ 1.12756141e-01  9.75713611e-01 -1.76793918e-01  2.91495789e-02
  -2.95053497e-02 -2.67400332e-02 -3.97195704e-02]
 [ 1.17117524e-01  1.63331777e-01  9.72631037e-01  7.80328959e-02
   7.37255514e-02  4.39934693e-02 -1.16207320e-02]
 [-2.94211246e-02 -3.81368473e-02 -7.44616538e-02  9.76595283e-01
   1.52699351e-01 -1.22764140e-01 -2.99723656e-03]
 [ 4.90107760e-02 -2.81066019e-02  6.19456135e-02  1.56755731e-01
  -9.83445823e-01 -1.75814964e-02  3.03897671e-02]
 [ 1.01136714e-02  1.33327898e-02 -5.74858114e-02  1.21151425e-01
  -8.08329147e-04  9.90208507e-01  3.49866971e-02]
 [ 1.66642368e-02  3.93047035e-02  2.89763557e-03 -3.92077118e-03
   3.07344738e-02 -3.52877006e-02  9.97979879e-01]]",84
10,11,8,0.9,1.4398990869522095,"[[ 0.9828471  -0.15203159 -0.07159658 -0.0085434  -0.01396037  0.00252384
  -0.04636125  0.05786483]
 [ 0.12597057  0.9544728  -0.26309097  0.02561868  0.01492793  0.02589806
  -0.04716332  0.01104592]
 [ 0.10112948  0.24259607  0.95067286 -0.08251804  0.04635     0.0774728
  -0.11032445  0.00318255]
 [ 0.00193925 -0.02808629  0.0434989   0.89528656  0.18259352 -0.1045316
  -0.35601822 -0.1573563 ]
 [-0.0193343   0.01013249  0.02723075  0.11280649 -0.9672093   0.04476051
  -0.22026862 -0.00641125]
 [-0.01027319 -0.04871247 -0.06958461  0.0670061   0.06324368  0.98597646
  -0.05013124 -0.09760766]
 [ 0.08513071  0.04511278  0.06748086  0.1076412  -0.11512625 -0.04092664
   0.57829416 -0.79071116]
 [ 0.01362073  0.04142043  0.09924193  0.40264344 -0.10651717  0.08103062
   0.68647665  0.5804878 ]]",84
0,1,6,0.9,0.830853283405304,"[[ 9.8601794e-01 -1.4372291e-02  1.6256616e-01  5.1529696e-05
   2.5798488e-02 -2.1648683e-02]
 [ 2.8533839e-02  9.9532747e-01 -7.9699598e-02 -3.6482368e-02
  -2.7866472e-02  7.0439819e-03]
 [-1.6278131e-01  8.3105072e-02  9.7878003e-01 -5.1799666e-02
   5.7106711e-02 -5.1392160e-02]
 [-6.4850538e-03  3.9631531e-02  5.1813155e-02  9.9682295e-01
  -3.8166195e-02  2.4288798e-02]
 [-1.7748196e-02  2.5287233e-02 -6.9224432e-02  4.4316046e-02
   9.8035997e-01 -1.7658986e-01]
 [ 9.9785049e-03  4.5971639e-04  4.1633215e-02 -1.9126918e-02
   1.8092652e-01  9.8237807e-01]]",85
1,2,6,0.9,0.8859701752662659,"[[ 9.82877195e-01 -9.47395414e-02 -1.57219857e-01 -1.35036120e-02
  -2.61745229e-03 -8.33981950e-03]
 [ 1.23027064e-01  9.72716928e-01  1.88351437e-01 -4.90261093e-02
   1.17488718e-02 -2.58504674e-02]
 [ 1.35963649e-01 -2.02463120e-01  9.66063738e-01  3.42015214e-02
   6.98847696e-02  3.44940536e-02]
 [ 1.42969200e-02  5.32204956e-02 -2.83556711e-02  9.97372866e-01
   3.57803889e-02 -1.12335477e-02]
 [-9.00225714e-03  1.55692891e-04 -6.89441115e-02 -3.77631076e-02
   9.96756673e-01 -1.46892546e-02]
 [ 6.72338624e-03  3.19752581e-02 -3.11322864e-02  8.09879880e-03
   1.29295224e-02  9.98864532e-01]]",85
2,3,6,0.9,0.9181355237960815,"[[ 0.94031954  0.31355125 -0.09892163  0.05150878  0.01976768  0.06823058]
 [-0.3003396   0.9458729   0.0699384  -0.07860142 -0.05574894 -0.03070911]
 [ 0.11119512 -0.0353577   0.986557   -0.05007965  0.06572593  0.07913805]
 [-0.07161733  0.05850262  0.05554958  0.9929683   0.02508006  0.04180396]
 [-0.05110838  0.04829435 -0.06957673 -0.03263358  0.98727655  0.12014505]
 [-0.07409347  0.00223484 -0.06404427 -0.04012083 -0.1297594   0.9858784 ]]",85
3,4,6,0.9,0.8308898210525513,"[[ 0.97733504  0.20361356 -0.03081553  0.03534919 -0.02110887 -0.02670231]
 [-0.20137316  0.97580916  0.068772   -0.03024296 -0.03249751 -0.02334673]
 [ 0.04460578 -0.06018222  0.9951539  -0.01022264  0.05449707 -0.03134867]
 [-0.03954058  0.02332289  0.01201188  0.9982534   0.03302364  0.01215964]
 [ 0.01108902  0.03641336 -0.05557534 -0.03165138  0.99401075 -0.0800215 ]
 [ 0.02426914  0.02909068  0.0275074  -0.01481916  0.07987863  0.9955942 ]]",85
4,5,6,0.9,0.8222768902778625,"[[ 0.91353494  0.39076418  0.09278607  0.06204386 -0.01425635 -0.00976107]
 [-0.39629757  0.9173824   0.02775175  0.01503639 -0.01273012  0.01412336]
 [-0.06996717 -0.05716203  0.9851084  -0.10466363 -0.02671539 -0.09864294]
 [-0.05689106 -0.04568425  0.11055578  0.9834055   0.01758934  0.12271167]
 [ 0.00780895  0.01608224  0.03007972 -0.02527997  0.9981836   0.04202185]
 [ 0.01446087 -0.00998566  0.08399242 -0.13131897 -0.04733843  0.98648405]]",85
5,6,6,0.9,0.84232097864151,"[[ 0.9983512   0.05375383 -0.01186449 -0.00467999  0.01339898  0.00794452]
 [-0.0500261   0.97809184  0.19955184  0.02152579  0.00160797 -0.02338669]
 [ 0.02125456 -0.19777891  0.9764649  -0.04047475  0.070713   -0.01758985]
 [ 0.00879874 -0.02975329  0.04763119  0.9827756  -0.17212155  0.03598317]
 [-0.01458607  0.00927236 -0.05882439  0.16871825  0.9738412   0.13931428]
 [-0.0070891   0.01895322  0.02873045 -0.05968841 -0.12971152  0.98912954]]",85
6,7,6,0.9,0.8588536381721497,"[[ 0.9931106   0.04305765  0.0867488   0.01744816 -0.06359764  0.00173191]
 [-0.0626047   0.9739126   0.21498732  0.01308652 -0.02211479 -0.02636276]
 [-0.06924345 -0.2160301   0.96607745 -0.09929868  0.06191131 -0.03921082]
 [-0.01514131 -0.03051319  0.08453847  0.9873109   0.12855178 -0.01961054]
 [ 0.06888412  0.04206833 -0.06126301 -0.12091996  0.9874734   0.0025592 ]
 [-0.00656731  0.01644534  0.04527221  0.01611357  0.00195115  0.9986859 ]]",85
7,8,7,0.9,0.9370747804641724,"[[ 0.9914181  -0.12653224  0.02818098  0.00365366 -0.01163659  0.00262899
   0.01139144]
 [ 0.11908402  0.9689731   0.19212309  0.06054611  0.07710475 -0.0140825
  -0.0137712 ]
 [-0.05158832 -0.18536134  0.9804956  -0.02643778 -0.0081875   0.02899188
  -0.00130266]
 [-0.01206374 -0.06269982  0.01193903  0.99432683  0.01069508  0.08348393
  -0.00331834]
 [ 0.00203671 -0.07613435 -0.00759762 -0.01860563  0.99609023  0.03860789
   0.0104446 ]
 [ 0.00146682  0.02771181 -0.02661172 -0.08105308 -0.03821062  0.9952293
   0.00326636]
 [-0.00978927  0.01504384  0.00380878  0.00451734 -0.00906179 -0.00356396
   0.99977404]]",85
8,9,7,0.9,0.9459385871887207,"[[ 9.5856309e-01 -2.6996571e-01 -6.3213281e-02  5.5506866e-02
   3.1114718e-02  1.0191048e-02 -1.1245618e-02]
 [ 2.5793764e-01  9.5579654e-01 -1.3440409e-01  2.8086143e-02
   8.4111420e-03  2.6073363e-02 -1.7810851e-02]
 [-9.6930414e-02 -1.1304809e-01 -9.8836005e-01  1.3256496e-02
  -2.7839936e-02 -4.7125352e-05 -4.2876336e-03]
 [-2.5631927e-03  9.9934905e-04 -3.0800482e-02 -4.8923588e-01
   8.6922401e-01  5.9015993e-02 -2.5664406e-02]
 [ 6.7642152e-02  9.0758409e-03 -5.4386137e-03 -8.6600190e-01
  -4.9158546e-01  6.0794055e-02 -1.0804358e-03]
 [-2.0067757e-02 -2.2445977e-02  6.0203937e-03  8.0120102e-02
  -2.1341341e-02  9.9553537e-01  3.3043850e-02]
 [ 1.5645850e-02  1.4295891e-02 -8.3469767e-03 -1.4974357e-02
   2.2887887e-02 -3.0771315e-02  9.9889255e-01]]",85
9,10,7,0.9,1.0153528451919556,"[[ 0.9747154  -0.1899873  -0.09190438 -0.0503835   0.04961394  0.01518441
  -0.01255572]
 [ 0.16930605  0.9619836  -0.20661782  0.02606136 -0.01752528  0.03523288
  -0.03169303]
 [ 0.12557143  0.18686394  0.96777815  0.04689329  0.09472751 -0.03455162
  -0.01878917]
 [-0.01413235  0.04024703  0.06759098 -0.9253043  -0.3450901  -0.13465777
  -0.01427644]
 [-0.06922733  0.02091275 -0.06721114 -0.3562173   0.9266102   0.05700808
  -0.0388058 ]
 [-0.01452864 -0.02051398  0.05573668 -0.1041308  -0.09727395  0.9879011
   0.00276158]
 [ 0.01714312  0.03311009  0.00869841 -0.02571286  0.03320085 -0.00178315
   0.99838245]]",85
10,11,8,0.9,1.4630892276763916,"[[ 9.6909761e-01  2.0903629e-01 -1.0259820e-02 -4.8698384e-02
   6.2416304e-02  7.9040648e-03 -1.4435084e-02 -1.0251959e-01]
 [ 1.7875783e-01 -8.4604657e-01 -4.8881248e-01 -2.8356548e-02
  -5.8311176e-02  5.1642034e-02  7.8744434e-02 -1.5535299e-02]
 [ 1.0842546e-01 -4.4791743e-01  8.6329985e-01 -5.6893956e-02
  -1.1172378e-01  7.7642158e-02  1.4038117e-01 -2.9544473e-02]
 [-1.2724081e-02  9.8441705e-02 -6.6685230e-02 -7.9164189e-01
  -5.8271939e-01  4.8936155e-02 -5.2486215e-02  1.1954877e-01]
 [-5.6225695e-02  1.5547611e-02 -1.0064484e-02 -4.3323004e-01
   6.4831126e-01  5.7829386e-01  2.0032385e-01  1.1809510e-01]
 [-8.7106280e-04 -2.9701764e-02  2.3118803e-02  2.0389766e-01
  -1.9663800e-01  6.4393020e-01 -6.9575542e-01 -1.4007153e-01]
 [ 8.2014106e-02 -1.2604596e-01  8.6129956e-02 -7.7630736e-02
   2.4634393e-01 -2.9722038e-01 -5.0935984e-01  7.4529761e-01]
 [ 8.4196888e-02  1.1479016e-01 -5.6296717e-02  3.6276904e-01
  -3.4785137e-01  3.8914999e-01  4.3298554e-01  6.2052292e-01]]",85
0,1,6,0.9,0.8315540552139282,"[[ 0.9865919  -0.01240104  0.15918416  0.00199192  0.02334742 -0.02436953]
 [ 0.02603067  0.99555784 -0.07879154 -0.03572641 -0.02609696  0.00463046]
 [-0.15953854  0.08150922  0.9791195  -0.05452922  0.05959585 -0.05199691]
 [-0.00892257  0.03930528  0.05391656  0.99696183 -0.03345904  0.02039409]
 [-0.01586055  0.02270179 -0.07137719  0.0393549   0.9803579  -0.17744814]
 [ 0.01322929  0.00259905  0.04213871 -0.01625896  0.18166167  0.9822307 ]]",86
1,2,6,0.9,0.8835849165916443,"[[ 9.8770344e-01 -5.8537170e-02 -1.4402185e-01 -1.2857114e-02
  -3.0300955e-03 -9.9313483e-03]
 [ 8.4690414e-02  9.7657186e-01  1.8975972e-01 -4.9758576e-02
   9.4556203e-03 -2.3682261e-02]
 [ 1.3038129e-01 -1.9750315e-01  9.6747500e-01  3.2319251e-02
   7.5071484e-02  3.6124561e-02]
 [ 1.2221812e-02  5.4517202e-02 -2.8243631e-02  9.9626946e-01
   5.9255335e-02 -4.1027749e-03]
 [-8.4890202e-03  1.6430367e-03 -7.2921745e-02 -6.1329886e-02
   9.9519747e-01 -2.0692846e-02]
 [ 6.9878139e-03  2.9974582e-02 -3.3551324e-02  3.4518287e-04
   1.8340612e-02  9.9879456e-01]]",86
2,3,6,0.9,0.914756178855896,"[[ 0.9047053   0.4016232  -0.11163536  0.05249412  0.02407838  0.06640283]
 [-0.38728625  0.91309136  0.08145085 -0.07325152 -0.05798526 -0.03018706]
 [ 0.13010953 -0.02979736  0.9851647  -0.0443525   0.06186314  0.07641871]
 [-0.0746537   0.04583717  0.05207461  0.9939983   0.01995516  0.03439872]
 [-0.06111659  0.04426198 -0.06329454 -0.02736406  0.98722506  0.12221842]
 [-0.07266936 -0.0038678  -0.06029702 -0.03361725 -0.13122259  0.98626506]]",86
3,4,6,0.9,0.831574022769928,"[[ 0.9787752   0.19854937 -0.01768837  0.03814538 -0.01744494 -0.02247214]
 [-0.19767298  0.9780556   0.04821342 -0.02329764 -0.03221925 -0.02067228]
 [ 0.02741666 -0.04290715  0.9967133  -0.01369403  0.05188264 -0.03302608]
 [-0.04112883  0.0158343   0.01466654  0.998533    0.02473964  0.01274544]
 [ 0.00824041  0.03427587 -0.05416551 -0.02265951  0.99218476 -0.1043044 ]
 [ 0.02033122  0.02681243  0.02786272 -0.01526694  0.10451431  0.99344605]]",86
4,5,6,0.9,0.8202605247497559,"[[ 0.9294713   0.35212034  0.0885846   0.06233486 -0.01716045 -0.00818901]
 [-0.3583752   0.93240374  0.04049073  0.01700982 -0.01263101  0.01010756]
 [-0.0635305  -0.06455518  0.9848883  -0.10814876 -0.02839082 -0.09638112]
 [-0.05781887 -0.04607665  0.11364196  0.98318094  0.02357198  0.12007943]
 [ 0.01183651  0.01653208  0.03315154 -0.03415023  0.99656475  0.06465369]
 [ 0.01144994 -0.00841765  0.08058995 -0.12774166 -0.07101465  0.9858713 ]]",86
5,6,7,0.9,0.9139943718910217,"[[ 0.9972752   0.05558921 -0.03281262 -0.00916527  0.01454873  0.01348878
   0.02824573]
 [-0.04630607  0.9742349   0.21825314  0.01433048  0.00862519 -0.02177737
  -0.01826749]
 [ 0.04303198 -0.21595915  0.9707793  -0.05393268  0.07543129 -0.01649762
  -0.01505174]
 [ 0.01529287 -0.02575668  0.06312317  0.9785055  -0.19197176  0.025574
  -0.01175153]
 [-0.01867245  0.00551342 -0.05883867  0.19109239  0.9664205   0.1403773
   0.07725473]
 [-0.0113887   0.01685075  0.02791721 -0.05282708 -0.13017485  0.98925424
  -0.02114173]
 [-0.02709285  0.0126539   0.0255043  -0.00469043 -0.07910015  0.00938032
   0.99603647]]",86
6,7,7,0.9,0.9395977854728699,"[[ 0.9933252   0.020856    0.09202726  0.01148071 -0.06409866 -0.00154876
  -0.01257866]
 [-0.04643932  0.9638132   0.25493437  0.02031559 -0.02654411 -0.02353342
  -0.04738218]
 [-0.07873266 -0.2561576   0.95519763 -0.08958253  0.06200432 -0.04198862
  -0.04636078]
 [-0.00943876 -0.03841637  0.07130975  0.988118    0.12625079 -0.01803822
  -0.02661493]
 [ 0.06927706  0.04746431 -0.05800599 -0.12001728  0.9873627  -0.00855046
  -0.01485331]
 [-0.00256764  0.01110941  0.04609547  0.01318159  0.01229261  0.99849576
  -0.02065178]
 [ 0.00739082  0.03406702  0.05968545  0.02180671  0.01914684  0.0169827
   0.9970416 ]]",86
7,8,7,0.9,0.9415541291236877,"[[ 9.95478749e-01 -8.55556279e-02 -3.54534797e-02  8.09008162e-03
  -1.75884627e-02 -2.92483368e-03  7.87373539e-03]
 [ 7.85970464e-02  9.76698220e-01 -1.76096171e-01  5.91105931e-02
   7.03352019e-02  1.34907560e-02 -1.58143565e-02]
 [-4.97983135e-02 -1.71152249e-01 -9.83323812e-01 -1.96653940e-02
  -6.84935227e-03 -2.93391850e-02  2.62413220e-03]
 [-1.34650478e-02 -6.04217649e-02 -6.62857015e-03  9.95262921e-01
   1.50501328e-02 -7.31386393e-02 -1.54442881e-04]
 [ 1.18586235e-02 -6.94891810e-02  6.34253165e-03 -2.23418809e-02
   9.96234834e-01 -4.43891697e-02  6.07721554e-03]
 [-2.18951354e-05  2.62935814e-02  2.68921535e-02 -7.07234293e-02
  -4.43696305e-02 -9.95710611e-01  1.32424450e-02]
 [-6.54010428e-03  1.66378208e-02 -3.21085536e-04  2.14930950e-03
  -4.19680635e-03  1.37611460e-02  9.99734342e-01]]",86
8,9,7,0.9,0.9534554481506348,"[[ 9.5232922e-01 -2.9373479e-01 -4.7630493e-02  5.7683278e-02
   3.0688589e-02  7.3330072e-03 -1.4050203e-02]
 [ 2.8192422e-01  9.4702828e-01 -1.4546400e-01  3.2415997e-02
   1.2950607e-02  2.9898223e-02 -1.9598216e-02]
 [ 8.8262685e-02  1.2575617e-01  9.8785388e-01 -9.7426213e-03
   1.9870505e-02 -3.3592365e-03  6.2218118e-03]
 [-3.7734851e-03 -9.8545465e-04 -2.1622643e-02 -4.4649544e-01
   8.9312840e-01  4.5400165e-02 -2.0483978e-02]
 [ 7.0896916e-02  1.1935587e-02 -7.3186131e-03 -8.8848609e-01
  -4.4776347e-01  6.9281839e-02 -8.8313418e-03]
 [ 1.9165713e-02  2.6055198e-02 -9.1301771e-03 -8.0031827e-02
   9.5102787e-03 -9.9529618e-01 -4.1958641e-02]
 [ 1.9737858e-02  1.4850423e-02 -1.0572146e-02 -1.8871358e-02
   1.5322935e-02 -3.9566554e-02  9.9855983e-01]]",86
9,10,8,0.9,1.160956859588623,"[[ 0.9705306  -0.21409155 -0.06858482 -0.05838491  0.05642514  0.01245462
  -0.02196111  0.01735712]
 [ 0.19475523  0.95532143 -0.21323866  0.00786616 -0.00870621  0.03616006
  -0.03382483  0.03703031]
 [ 0.11007878  0.19443682  0.9674533   0.06538109  0.08760332 -0.0406777
  -0.02244646  0.00190119]
 [-0.0248569   0.03462935  0.0792154  -0.9443389  -0.28100064 -0.13769786
  -0.00938369 -0.04606303]
 [-0.0756785   0.01077437 -0.05755926 -0.29324254  0.94885176  0.06247791
  -0.0235799  -0.00856764]
 [-0.01323208 -0.01980966  0.06388574 -0.11164776 -0.09537189  0.9860463
   0.03422097  0.01821325]
 [ 0.03095773  0.03573052  0.00939444 -0.00779508  0.0262021  -0.03077836
   0.9944227  -0.08429535]
 [ 0.02334188  0.02712313 -0.01008871  0.04428846  0.00170176  0.02799769
  -0.08472446 -0.9943296 ]]",86
10,11,8,0.9,1.4389652013778687,"[[ 9.6297985e-01  1.9883303e-01  3.5365064e-02  4.1929491e-02
   8.3551057e-02  8.7715564e-03 -1.2336608e-02 -1.5138146e-01]
 [ 1.8439065e-01 -7.8283685e-01 -5.7651991e-01  3.8864534e-02
  -7.0712335e-02  7.7955902e-02  8.8134676e-02 -2.0874463e-02]
 [ 8.7769032e-02 -5.3135014e-01  8.0845004e-01  6.8556435e-02
  -1.2587188e-01  1.2471819e-01  1.4227732e-01 -5.5666557e-03]
 [-3.3777826e-03  1.0984017e-01 -5.4636873e-02  8.9304954e-01
  -4.0412214e-01  7.5355922e-03 -6.6210657e-02  1.4016306e-01]
 [-5.8292840e-02  2.7276359e-02 -1.6686289e-02  2.7201688e-01
   6.5512007e-01  6.8398291e-01  8.6691402e-02  1.3059804e-01]
 [-4.4667036e-03  3.7438876e-03 -5.1094184e-04 -1.9252560e-01
  -3.6498219e-01  5.5055320e-01 -7.0050544e-01 -1.8939638e-01]
 [ 1.0236429e-01 -1.7462376e-01  7.7279598e-02  2.0366820e-02
   2.9888430e-01 -3.2409894e-01 -5.9067696e-01  6.3982022e-01]
 [-1.3060798e-01 -1.4826536e-01  5.9552498e-02  2.8813165e-01
   3.9640176e-01 -3.1977010e-01 -3.4688741e-01 -7.0333093e-01]]",86
0,1,6,0.9,0.8307135701179504,"[[ 9.8447055e-01 -2.5467826e-03  1.7160062e-01 -1.8200393e-04
   2.6415158e-02 -2.5819656e-02]
 [ 1.4580575e-02  9.9679458e-01 -6.4504087e-02 -3.5340194e-02
  -2.7889669e-02  6.3275272e-04]
 [-1.7323577e-01  6.5549999e-02  9.7814459e-01 -5.4323021e-02
   5.7615235e-02 -5.1529091e-02]
 [-7.7827964e-03  3.8010668e-02  5.4494981e-02  9.9697608e-01
  -3.4451082e-02  1.9409709e-02]
 [-1.8656369e-02  2.4743484e-02 -6.9660582e-02  3.9995223e-02
   9.8109591e-01 -1.7331523e-01]
 [ 1.3632330e-02  6.3397684e-03  4.2465895e-02 -1.5463871e-02
   1.7739414e-01  9.8298663e-01]]",87
1,2,6,0.9,0.8744829297065735,"[[ 9.87216413e-01 -4.56187874e-02 -1.52028829e-01 -1.38775576e-02
   1.08176016e-03 -4.00778838e-03]
 [ 6.84683546e-02  9.83305991e-01  1.55660897e-01 -5.89383952e-02
   7.45737785e-03 -2.57254373e-02]
 [ 1.42889723e-01 -1.61139742e-01  9.72222447e-01  3.96447964e-02
   7.49824271e-02  3.47266532e-02]
 [ 1.17227016e-02  6.39247820e-02 -3.37205827e-02  9.96917427e-01
   2.76712850e-02 -5.40703209e-03]
 [-1.26660885e-02  2.68823747e-03 -7.28467926e-02 -3.02265268e-02
   9.96708632e-01 -1.35629587e-02]
 [ 6.48164656e-04  3.11237313e-02 -3.15703675e-02  2.03394983e-03
   1.12720737e-02  9.98950958e-01]]",87
2,3,6,0.9,0.9078392386436462,"[[ 0.94695216  0.29253256 -0.09976395  0.04907238  0.01948173  0.0704684 ]
 [-0.27966     0.9526088   0.06783209 -0.07936374 -0.0493244  -0.03152898]
 [ 0.1092337  -0.03541664  0.9872112  -0.03689035  0.05849884  0.08628238]
 [-0.06699983  0.05968715  0.04541714  0.9941329  -0.02453999  0.03135872]
 [-0.05578085  0.0462564  -0.06564308  0.01480012  0.9779473   0.18395631]
 [-0.07442721  0.00214786 -0.06699427 -0.03759232 -0.19178735  0.9755881 ]]",87
3,4,6,0.9,0.8250364065170288,"[[ 0.993276    0.10041398 -0.03588515  0.04218753 -0.00935264 -0.01283696]
 [-0.09724773  0.99154913  0.0675591  -0.02780971 -0.04095201 -0.01893285]
 [ 0.04159884 -0.06189237  0.9953668   0.01562724  0.04900394 -0.03222219]
 [-0.04487829  0.02609662 -0.01268942  0.9978413   0.02779367  0.02615707]
 [ 0.00362523  0.04270899 -0.04821306 -0.02755147  0.99532753 -0.06634903]
 [ 0.01370991  0.02028616  0.03012467 -0.02750162  0.0662161   0.9966705 ]]",87
4,5,7,0.9,0.8994438052177429,"[[ 9.32318807e-01  3.46759975e-01  7.24681765e-02  6.64291829e-02
  -1.61122698e-02  6.36510609e-04 -2.47908831e-02]
 [-3.48190874e-01  9.36979651e-01  7.63079850e-03 -8.55836459e-03
  -9.92831308e-03  1.70567017e-02  1.76438503e-02]
 [-6.13309816e-02 -2.86590401e-02  9.86759484e-01 -9.07318592e-02
   1.15281564e-05 -9.38516185e-02 -6.84276074e-02]
 [-7.09003657e-02 -2.03899480e-02  9.63661745e-02  9.84493911e-01
  -2.35478152e-02  1.23731174e-01 -1.33662699e-02]
 [ 1.03422422e-02  1.40579585e-02  5.53401979e-03  2.25895401e-02
   9.99365211e-01  1.58108938e-02  1.31762177e-02]
 [ 1.00573543e-02 -1.75273996e-02  8.64540860e-02 -1.31287545e-01
  -1.38509776e-02  9.84899402e-01  6.82809427e-02]
 [ 2.34137215e-02 -9.20653343e-03  6.48407787e-02  1.75083317e-02
  -1.28286406e-02 -7.28997737e-02  9.94674444e-01]]",87
5,6,7,0.9,0.9069048762321472,"[[ 9.96727884e-01  7.71418810e-02  1.85676129e-03 -8.85338988e-03
   8.32306221e-03 -8.50394194e-04  2.07574293e-02]
 [-7.47439861e-02  9.68972266e-01  2.30315283e-01  2.95577012e-02
   1.43745961e-02 -2.57341489e-02 -2.68038455e-02]
 [ 1.51959173e-02 -2.29921699e-01  9.67782199e-01 -3.91228274e-02
   9.05642509e-02 -1.81515235e-02 -1.55183868e-02]
 [ 1.34546198e-02 -3.72891948e-02  4.87269424e-02  9.78846014e-01
  -1.92189783e-01  2.67537609e-02 -1.61904413e-02]
 [-8.03769100e-03  3.24933883e-03 -7.82658532e-02  1.92002654e-01
   9.67201352e-01  1.22713864e-01  7.99817443e-02]
 [ 2.00882787e-04  2.12543495e-02  3.15642990e-02 -5.01265712e-02
  -1.11063235e-01  9.91432130e-01 -2.76877675e-02]
 [-2.16866527e-02  2.06189025e-02  2.92049069e-02 -5.30142803e-04
  -8.22908282e-02  1.71909314e-02  9.95582223e-01]]",87
6,7,7,0.9,0.9361847043037415,"[[ 9.91874397e-01  4.09651399e-02  9.96791124e-02 -4.28800471e-03
  -6.52007982e-02 -1.23217120e-03 -1.73236467e-02]
 [-6.18655086e-02  9.75472689e-01  2.04038501e-01  1.17003424e-02
  -4.38237237e-03 -2.70402804e-02 -4.58993800e-02]
 [-8.38800073e-02 -2.09469929e-01  9.64898288e-01 -7.68436491e-02
   8.74048695e-02 -4.13213149e-02 -5.29707111e-02]
 [-2.74022721e-04 -2.88181510e-02  6.66904077e-02  9.95428085e-01
   2.65230220e-02 -3.49246711e-02 -4.38343212e-02]
 [ 7.19681978e-02  2.56088786e-02 -8.02496076e-02 -2.06683651e-02
   9.93464470e-01  9.61706042e-03 -1.52768735e-02]
 [-4.92399512e-03  1.56293344e-02  4.69388403e-02  3.10625080e-02
  -5.75705431e-03  9.97754633e-01 -3.18729877e-02]
 [ 1.08763203e-02  3.41571495e-02  6.56726807e-02  4.08722013e-02
   1.95375029e-02  2.70798821e-02  9.95799422e-01]]",87
7,8,7,0.9,0.948405921459198,"[[ 9.9433059e-01 -1.0136014e-01  2.2450760e-02  4.8376778e-03
  -2.2267267e-02  1.4561279e-03  2.7502878e-03]
 [ 9.6611373e-02  9.7563499e-01  1.7055489e-01  7.6853596e-02
   5.9422217e-02 -1.0372191e-02 -1.2982587e-02]
 [-3.8804222e-02 -1.6620240e-01  9.8453552e-01 -3.1394642e-02
   1.1971369e-02  1.8540822e-02  9.3822265e-03]
 [-1.3773498e-02 -7.7982560e-02  1.7181532e-02  9.9471557e-01
  -2.2791293e-02  5.8780611e-02  5.4125994e-05]
 [ 1.6619479e-02 -5.9388131e-02 -2.1766501e-02  1.6300840e-02
   9.9683642e-01  4.2125084e-02  1.6918073e-04]
 [ 3.6683041e-04  2.0715538e-02 -1.6766213e-02 -5.7923760e-02
  -4.0326897e-02  9.9703425e-01  1.5195314e-02]
 [-1.1242396e-03  1.4207388e-02 -6.8288278e-03  2.1030905e-03
   1.1660371e-03 -1.5477018e-02  9.9975240e-01]]",87
8,9,7,0.9,0.9648832678794861,"[[ 9.69094932e-01 -2.25777075e-01 -7.22786635e-02 -5.05981557e-02
  -4.03913260e-02 -3.59787606e-03 -2.12372057e-02]
 [ 2.09742948e-01  9.62534487e-01 -1.67507783e-01 -1.72137562e-02
  -1.32571803e-02 -2.31125019e-02 -2.16849204e-02]
 [-1.06668115e-01 -1.47546560e-01 -9.82874572e-01  8.99331935e-04
   2.72196904e-02  1.93678238e-03 -8.00027885e-03]
 [ 8.32492951e-03 -2.05930811e-03 -1.82386711e-02  7.42295504e-01
  -6.68837488e-01 -1.97787918e-02 -2.92647183e-02]
 [ 6.79622665e-02  7.85188936e-03  1.25324614e-02  6.65267110e-01
   7.40957320e-01 -5.89991286e-02 -9.13467724e-03]
 [-1.17950933e-02 -2.16181278e-02  1.34978315e-03 -5.24437800e-02
  -3.05390880e-02 -9.97091591e-01  3.89506333e-02]
 [ 2.56438646e-02  1.57778841e-02 -1.35257924e-02  2.84511447e-02
  -1.25645604e-02  3.72215994e-02  9.98277426e-01]]",87
9,10,8,0.9,1.4697846174240112,"[[ 0.97345424 -0.17397761 -0.10741779  0.03860065  0.05757569  0.01518887
  -0.03753926 -0.06430571]
 [ 0.15008867  0.96678835 -0.19719122 -0.0200415  -0.00466146  0.03821556
  -0.04475493  0.00474732]
 [ 0.13459133  0.17594817  0.9661713  -0.07828473  0.08917335 -0.04992061
  -0.02354548 -0.01770515]
 [ 0.00189331 -0.04264512 -0.08398916 -0.9582771   0.21893501  0.14872935
  -0.01678625 -0.0499385 ]
 [ 0.06546    -0.0068135   0.06074474 -0.22288895 -0.96672434 -0.01200444
  -0.01417607 -0.08601136]
 [ 0.00503468  0.01787553 -0.0726974  -0.1309143   0.0460978  -0.9818217
  -0.06961529 -0.07928764]
 [ 0.03507575  0.04322771  0.00313085 -0.01619835  0.00814091 -0.05185597
   0.98082876 -0.17846157]
 [-0.07874773  0.00641681 -0.00715016  0.08126716  0.06349389  0.08300247
  -0.1693498  -0.9733971 ]]",87
10,11,8,0.9,1.5822868347167969,"[[-0.96114385  0.19179893  0.01049062 -0.05183265  0.0535129   0.01196493
   0.01615957 -0.18262245]
 [-0.16408856 -0.82843196 -0.522883   -0.03396674 -0.06014773  0.06246776
   0.05879744 -0.0351848 ]
 [-0.08936593 -0.49130514  0.843503    0.04246446 -0.10375545  0.10783516
   0.12023642 -0.02195507]
 [ 0.00863846 -0.06734197 -0.00807368  0.8296065   0.44081488 -0.23622991
   0.04433158 -0.23450074]
 [ 0.04051751  0.01724778 -0.01064451 -0.09064119  0.6173906   0.7751489
   0.05702804  0.06672763]
 [ 0.0187402  -0.02736075  0.01805586  0.18011662 -0.25418156  0.3117587
  -0.8429911  -0.30609855]
 [-0.11779452 -0.15241285  0.09725683 -0.16386525  0.44466352 -0.37414
  -0.5109426   0.5725516 ]
 [-0.15921062  0.08198916 -0.0708703   0.48846677 -0.38069752  0.30081818
   0.070079    0.6956825 ]]",87
0,1,6,0.9,0.8301962614059448,"[[ 9.8680830e-01 -2.0027356e-02  1.5662584e-01  1.0130578e-03
   2.5998401e-02 -2.4489479e-02]
 [ 3.4374192e-02  9.9482507e-01 -8.3313078e-02 -3.7303504e-02
  -2.7207687e-02  8.2851881e-03]
 [-1.5642640e-01  8.7501094e-02  9.7942895e-01 -5.1071331e-02
   5.6612879e-02 -5.2725859e-02]
 [-6.5560346e-03  4.0491376e-02  5.1159129e-02  9.9659419e-01
  -4.3062195e-02  2.5416298e-02]
 [-1.8830378e-02  2.5009766e-02 -6.8858251e-02  4.9259551e-02
   9.8003346e-01 -1.7716201e-01]
 [ 1.2691705e-02 -7.3062704e-04  4.3445550e-02 -1.9307325e-02
   1.8182097e-01  9.8209941e-01]]",88
1,2,6,0.9,0.8883047103881836,"[[ 9.8372978e-01 -9.1865167e-02 -1.5358166e-01 -1.3316143e-02
  -2.9164257e-03 -7.9531204e-03]
 [ 1.2019163e-01  9.7192681e-01  1.9395629e-01 -4.9769297e-02
   1.1331367e-02 -2.6226258e-02]
 [ 1.3238718e-01 -2.0708764e-01  9.6563190e-01  3.6519296e-02
   6.8342790e-02  3.3748176e-02]
 [ 1.3857221e-02  5.4471560e-02 -3.0206479e-02  9.9702865e-01
   4.0107019e-02 -1.5928902e-02]
 [-8.1858495e-03  3.8013520e-04 -6.7364872e-02 -4.2216785e-02
   9.9674207e-01 -1.0854869e-02]
 [ 6.6474914e-03  3.2656971e-02 -2.9969301e-02  1.2794159e-02
   9.4365822e-03  9.9886858e-01]]",88
2,3,6,0.9,0.9128631949424744,"[[ 0.95113367  0.28046444 -0.09253477  0.05304737  0.02006016  0.07003815]
 [-0.26756832  0.95578283  0.06422286 -0.08364942 -0.05338043 -0.03025118]
 [ 0.10231157 -0.03568892  0.9881691  -0.04482008  0.06512156  0.07436956]
 [-0.0727415   0.06503153  0.05116023  0.99305725  0.01206041  0.03942133]
 [-0.04792707  0.04791026 -0.06705946 -0.01924304  0.99007946  0.10140534]
 [-0.07547129  0.00455567 -0.06099387 -0.04058215 -0.1100207   0.98833776]]",88
3,4,6,0.9,0.8222750425338745,"[[ 0.9825441   0.17700468 -0.03886537  0.02822922 -0.01919618 -0.02450583]
 [-0.17407714  0.9807351   0.07017849 -0.03618706 -0.03336611 -0.02253865]
 [ 0.05081715 -0.06137092  0.994881   -0.00660338  0.05259542 -0.03245359]
 [-0.03302708  0.03178712  0.00905415  0.9982565   0.03259338  0.01543884]
 [ 0.00983899  0.03657683 -0.05340401 -0.03171378  0.99472237 -0.0723528 ]
 [ 0.02311389  0.02670818  0.02902405 -0.01811393  0.07222849  0.9961751 ]]",88
4,5,6,0.9,0.8140146136283875,"[[ 0.9070664   0.4068513   0.09418138  0.05024176 -0.01596905 -0.00729629]
 [-0.41115347  0.9111776   0.01755579  0.00986877 -0.01114102  0.01336229]
 [-0.07468162 -0.05035167  0.98458683 -0.11173743 -0.02540055 -0.0966735 ]
 [-0.04907907 -0.0366407   0.11822902  0.98368007  0.0160541   0.11994299]
 [ 0.00930342  0.01549557  0.02866068 -0.02379957  0.99826515  0.04185955]
 [ 0.0105259  -0.01046386  0.08130778 -0.1292291  -0.0467406   0.98705816]]",88
5,6,6,0.9,0.8367545008659363,"[[ 9.99229252e-01  3.70922089e-02 -9.66563181e-04 -3.55561473e-03
   1.17990449e-02 -3.50166601e-03]
 [-3.60523835e-02  9.76688027e-01  2.09350988e-01  1.92543957e-02
  -1.39582448e-03 -2.40873396e-02]
 [ 7.50083709e-03 -2.07800105e-01  9.73667800e-01 -4.84649464e-02
   7.78879747e-02 -1.78467277e-02]
 [ 6.57387264e-03 -3.01592294e-02  5.51785417e-02  9.86106515e-01
  -1.47284701e-01  4.36320752e-02]
 [-1.11884242e-02  1.54851135e-02 -6.51264712e-02  1.44144878e-01
   9.77650642e-01  1.37167811e-01]
 [ 4.05641645e-03  1.93494298e-02  2.92600002e-02 -6.39064312e-02
  -1.27666339e-01  9.89126086e-01]]",88
6,7,6,0.9,0.8512751460075378,"[[ 9.91969228e-01  4.23319675e-02  9.86250862e-02  1.75929368e-02
  -6.45655543e-02  1.63417179e-04]
 [-6.40714690e-02  9.74062324e-01  2.14822456e-01  1.03688734e-02
  -1.47066973e-02  2.50034947e-02]
 [-8.10883194e-02 -2.17275351e-01  9.65120196e-01 -9.81049389e-02
   5.93325756e-02  4.01790030e-02]
 [-1.68879516e-02 -2.88841184e-02  8.44760239e-02  9.88461256e-01
   1.20019265e-01  1.68537758e-02]
 [ 7.07312301e-02  3.38102169e-02 -5.84868938e-02 -1.12777404e-01
   9.88781691e-01 -5.03957411e-03]
 [-5.34586189e-03  1.49938911e-02  4.59420867e-02  1.35653690e-02
  -9.55852855e-04 -9.98724699e-01]]",88
7,8,7,0.9,0.9312474727630615,"[[ 9.9254024e-01 -1.1612045e-01 -3.3388063e-02  8.1008980e-03
  -8.2722725e-03 -2.0323540e-03  1.1264288e-02]
 [ 1.0651246e-01  9.6742040e-01 -2.0732099e-01  6.1573558e-02
   7.5077213e-02  1.2372536e-02 -1.3782365e-02]
 [-5.6281406e-02 -2.0110790e-01 -9.7710788e-01 -2.2470338e-02
  -3.4983179e-03 -3.3525746e-02 -2.6568179e-03]
 [-1.5661363e-02 -5.9500284e-02 -6.6320235e-03  9.9386519e-01
  -3.1539232e-02 -8.5825950e-02 -6.4494596e-03]
 [-4.6980553e-04 -7.5254492e-02  1.2881875e-02  2.3467997e-02
   9.9579334e-01 -4.3688510e-02  1.0333499e-02]
 [-2.5284616e-03 -2.7541747e-02 -3.0408595e-02  8.5251026e-02
   3.9981108e-02  9.9470109e-01 -3.7414618e-03]
 [-9.9698417e-03  1.4401420e-02 -5.3682509e-03  7.1857935e-03
  -9.2274984e-03  3.7248032e-03  9.9975687e-01]]",88
8,9,7,0.9,0.9399215579032898,"[[ 9.6759593e-01 -2.3606068e-01 -6.1181314e-02 -4.5058273e-02
  -4.5029074e-02 -9.8691238e-03 -1.1621743e-02]
 [ 2.2359684e-01  9.6334195e-01 -1.4134318e-01 -2.5443844e-02
  -1.7328270e-02 -2.6042197e-02 -1.9313464e-02]
 [ 9.1934860e-02  1.2335682e-01  9.8756558e-01  1.5569927e-02
  -2.7786188e-02 -5.3247851e-03  1.5249823e-03]
 [-1.4190900e-03  4.3400281e-04 -3.0949419e-02  7.1894717e-01
  -6.9205773e-01 -4.9050432e-02 -2.8372340e-02]
 [ 6.8190664e-02  1.3596495e-02  9.9743076e-04  6.8802762e-01
   7.1935773e-01 -6.5551355e-02 -3.0996872e-03]
 [ 1.9923516e-02  2.3998778e-02 -3.2846609e-04  7.9048187e-02
   1.2682202e-02  9.9590057e-01 -2.8280556e-02]
 [ 1.6175179e-02  1.6424546e-02 -5.8373832e-03  2.3752842e-02
  -1.7881466e-02  2.5987836e-02  9.9893707e-01]]",88
9,10,8,0.9,1.1171915531158447,"[[ 9.7826225e-01 -1.7298321e-01 -8.7278992e-02  3.8869370e-02
   5.8204170e-02  1.7136313e-02 -1.6421756e-02  5.2345201e-04]
 [ 1.5392211e-01  9.6595538e-01 -1.9987246e-01 -1.6456719e-02
  -2.2211859e-02  3.2730766e-02 -2.7914375e-02 -2.5970450e-02]
 [ 1.1616418e-01  1.8339233e-01  9.6844989e-01 -6.6968150e-02
   9.3510680e-02 -3.5111327e-02 -2.2692161e-02 -1.0857661e-03]
 [-8.0581475e-03 -2.7571363e-02 -9.2942424e-02 -8.7280345e-01
   4.5597142e-01  1.4317974e-01  3.4429487e-03 -1.8121090e-02]
 [ 7.1104266e-02 -2.8363822e-02  5.0061181e-02 -4.6528620e-01
  -8.7900555e-01 -1.0525305e-02  3.9791845e-02 -2.8238304e-02]
 [ 1.6334850e-02  1.9962851e-02 -5.6611314e-02 -1.2006067e-01
   7.1751669e-02 -9.8738444e-01  4.7521628e-03  4.0204834e-02]
 [ 2.0360138e-02  3.0555241e-02  1.3464715e-02  1.9561348e-02
   3.4570165e-02  7.0958566e-03  9.9723506e-01  4.8628777e-02]
 [ 3.8376043e-03  2.1850200e-02 -2.7508521e-03 -2.5674056e-02
  -2.1693420e-02  4.2576134e-02 -4.8380367e-02  9.9710441e-01]]",88
10,11,8,0.9,1.4690825939178467,"[[ 9.68849361e-01  1.98832542e-01 -1.91617589e-02 -6.71384037e-02
   5.67017570e-02  8.65163398e-04 -1.86583959e-03 -1.17058113e-01]
 [ 1.65028512e-01 -8.41192603e-01 -4.99680340e-01 -5.51343709e-03
  -7.01489672e-02  6.27914444e-02  8.01414251e-02 -1.27852000e-02]
 [ 1.10571094e-01 -4.54248369e-01  8.55579734e-01 -3.90251949e-02
  -1.26897380e-01  8.65953788e-02  1.51319638e-01 -3.73293459e-02]
 [ 1.67235751e-02 -1.00645468e-01  7.16154948e-02  7.21407235e-01
   6.53688967e-01 -1.18406855e-01  4.74446788e-02 -1.43014908e-01]
 [-5.69663607e-02  1.43371944e-04 -4.90058586e-03 -4.69683677e-01
   6.34882927e-01  5.73829412e-01  1.79272518e-01  1.07855305e-01]
 [ 9.45238024e-03 -3.70351709e-02  3.74636650e-02  2.18245775e-01
  -1.25559479e-01  5.84174752e-01 -7.52810895e-01 -1.60482943e-01]
 [ 9.94331315e-02 -1.34906247e-01  9.34778228e-02 -1.09046727e-01
   2.27497563e-01 -3.25354993e-01 -4.70732659e-01  7.56362200e-01]
 [ 9.14851651e-02  1.29684821e-01 -5.13939299e-02  4.39756215e-01
  -2.79025346e-01  4.45130765e-01  3.84672761e-01  5.95664203e-01]]",88
0,1,6,0.9,0.8303208947181702,"[[ 0.9872923  -0.04477518  0.14852445  0.00421594  0.02427761 -0.02413328]
 [ 0.06011044  0.9924642  -0.09440151 -0.04152382 -0.02761553  0.00175771]
 [-0.1452756   0.10144944  0.9794545  -0.05396697  0.0592988  -0.05332085]
 [-0.00863395  0.04602193  0.05218227  0.9965845  -0.04071487  0.01568633]
 [-0.01669991  0.02375231 -0.07109588  0.04524775  0.9814819  -0.16955324]
 [ 0.01349931  0.00598755  0.04381879 -0.01084087  0.17368732  0.983655  ]]",89
1,2,6,0.9,0.8834156394004822,"[[ 0.9890199  -0.02100427 -0.1454541  -0.01161519 -0.00349573 -0.0097107 ]
 [ 0.0497215   0.97658485  0.20240967 -0.04650491  0.00353469 -0.02578752]
 [ 0.1385391  -0.20489147  0.9650684   0.03546025  0.07334886  0.02884207]
 [ 0.00837879  0.05309413 -0.0313971   0.9958137   0.06663655 -0.00629134]
 [-0.00744978  0.00811943 -0.0703541  -0.06916165  0.9950585   0.00202283]
 [ 0.00696404  0.03123237 -0.02410234  0.00407347 -0.0036549   0.9991822 ]]",89
2,3,6,0.9,0.9045607447624207,"[[ 0.911599    0.39220074 -0.09206961  0.04847172  0.01751458  0.06350484]
 [-0.3787389   0.91658634  0.07538802 -0.08295514 -0.04929605 -0.03783185]
 [ 0.10981089 -0.03327282  0.98860866 -0.03513036  0.05091783  0.07523747]
 [-0.07392228  0.05616405  0.04427818  0.99438745 -0.01059991  0.02240044]
 [-0.05230148  0.04193625 -0.05401964  0.00354184  0.9865841   0.1386622 ]
 [-0.07270347  0.00528191 -0.06011753 -0.02675524 -0.14563696  0.9844522 ]]",89
3,4,6,0.9,0.815869927406311,"[[ 0.99465674  0.09344653 -0.02205692  0.03042352 -0.00392856 -0.02232243]
 [-0.09276082  0.9946714   0.01811318 -0.02005874 -0.03495978 -0.00846861]
 [ 0.0226945  -0.01422278  0.9978687   0.01212244  0.05168401 -0.0268757 ]
 [-0.03182536  0.01895503 -0.01237153  0.9981425   0.03806073  0.02716235]
 [-0.00100005  0.03443617 -0.05254708 -0.03724013  0.9945597  -0.0742702 ]
 [ 0.02290432  0.01221609  0.02299979 -0.0291529   0.07411782  0.99621975]]",89
4,5,7,0.9,0.8920644521713257,"[[ 9.43518758e-01  3.08283091e-01  9.67809781e-02  6.25316799e-02
  -1.92200989e-02 -9.34110023e-03 -3.16308402e-02]
 [-3.14021140e-01  9.48167205e-01  4.62088175e-02 -5.00417023e-04
  -2.02241400e-03  5.43990592e-03  1.41618205e-02]
 [-7.35525265e-02 -7.07904324e-02  9.81806636e-01 -1.12849511e-01
  -1.62217561e-02 -9.07402486e-02 -6.63510785e-02]
 [-6.67414069e-02 -2.75662839e-02  1.15657337e-01  9.84299004e-01
   3.53408009e-02  1.05647393e-01 -1.24163562e-02]
 [ 1.98907480e-02  7.16532161e-03  1.93682499e-02 -4.10316363e-02
   9.97514069e-01  4.44244593e-02  2.20570303e-02]
 [ 1.19107785e-02 -6.73286151e-03  8.17645118e-02 -1.12365022e-01
  -5.16355261e-02  9.87179339e-01  5.75513504e-02]
 [ 2.75903624e-02 -8.52721650e-03  6.41613081e-02  1.41583513e-02
  -2.03448012e-02 -6.31774366e-02  9.95210350e-01]]",89
5,6,7,0.9,0.9151034951210022,"[[ 0.99866146  0.04505489 -0.01313352 -0.0149262   0.0039303  -0.00329414
   0.0149575 ]
 [-0.04041335  0.9722494   0.2266263   0.02127962  0.01287643 -0.02720294
  -0.01949006]
 [ 0.02189576 -0.22549036  0.9680003  -0.05693686  0.08832779 -0.01807022
  -0.01673332]
 [ 0.01810196 -0.03362551  0.06949983  0.9705543  -0.22655019  0.01327039
  -0.01531941]
 [-0.00221906  0.00337113 -0.06971458  0.22890972  0.96025443  0.11979282
   0.07927836]
 [ 0.00285504  0.02253063  0.03086858 -0.04105789 -0.10973718  0.9920567
  -0.02503529]
 [-0.01489395  0.01434153  0.02828943 -0.00464058 -0.08100099  0.01481904
   0.9959768 ]]",89
6,7,7,0.9,0.9412694573402405,"[[ 0.9872083   0.04323566  0.14047453  0.01084731 -0.05815198 -0.00857285
  -0.01563442]
 [-0.07609592  0.96979207  0.22567981  0.02222112 -0.00698704 -0.02395436
  -0.04080418]
 [-0.12118889 -0.23233749  0.9560609  -0.08406311  0.08158634 -0.03935214
  -0.04481776]
 [-0.0117461  -0.03932355  0.06328271  0.9890872   0.12054466 -0.01884983
  -0.03363093]
 [ 0.06883582  0.03248077 -0.0788955  -0.11396103  0.98720354 -0.00965335
  -0.01819401]
 [ 0.00220411  0.01362315  0.04391633  0.01446347  0.01400695  0.9985715
  -0.01817616]
 [ 0.00781777  0.02943494  0.05590433  0.02884465  0.02480299  0.01450698
   0.99714065]]",89
7,8,7,0.9,0.9581955671310425,"[[ 9.9683952e-01 -7.5310163e-02  2.0385031e-02  1.0216743e-02
   1.0352015e-02 -2.1227456e-03  2.7728644e-03]
 [ 7.0957430e-02  9.8084104e-01  1.6110958e-01  5.1936861e-02
  -6.3216150e-02 -6.8963901e-03 -1.4771901e-02]
 [-3.1736888e-02 -1.5894884e-01  9.8597455e-01 -2.4247354e-02
  -1.2645697e-02  2.8782697e-02  2.4414256e-03]
 [-1.4340681e-02 -5.3170644e-02  1.3238482e-02  9.9532700e-01
   3.6314824e-03  7.7775240e-02 -7.3425570e-03]
 [ 6.4924336e-03 -6.0043674e-02 -2.4230167e-02 -4.2548617e-03
  -9.9575418e-01  6.4855039e-02 -3.8463937e-03]
 [ 4.2035640e-03  1.9585989e-02 -2.6829038e-02 -7.6317869e-02
   6.4506337e-02  9.9423957e-01  1.9522784e-02]
 [-1.8014290e-03  1.4086863e-02  4.4416284e-04  9.5831687e-03
  -5.9964252e-03 -1.8762486e-02  9.9965900e-01]]",89
8,9,8,0.9,1.0532885789871216,"[[ 9.6494192e-01 -2.4457148e-01 -6.6315755e-02 -3.3537582e-02
  -5.3856600e-02 -7.5896122e-03 -1.9601086e-02  1.4386617e-02]
 [ 2.2720303e-01  9.5653367e-01 -1.7135219e-01 -4.1624807e-02
  -1.7616266e-02 -2.4332192e-02 -1.6373517e-02  3.4021817e-02]
 [-1.0368794e-01 -1.5076382e-01 -9.8232770e-01  8.4809307e-03
   3.6582001e-02 -8.3606143e-04 -8.3843786e-03  8.3695315e-03]
 [-9.2336984e-04  2.0033557e-02 -1.6640736e-02  8.1813079e-01
  -5.7200545e-01 -2.5477773e-02 -3.6966573e-02  2.7873961e-02]
 [-7.0267424e-02 -2.2281630e-02 -2.5264382e-02 -5.6365597e-01
  -8.1467748e-01  7.8484327e-02  2.0121474e-02 -7.7171735e-02]
 [-1.6510746e-02 -2.2401534e-02  2.9966747e-03 -6.0453016e-02
  -4.8026107e-02 -9.9461901e-01  5.6769293e-02 -2.7673561e-02]
 [ 2.3446277e-02  1.1294363e-02 -1.2294396e-02  4.2130094e-02
  -4.3007657e-03  5.3000361e-02  9.9680179e-01  3.0906085e-02]
 [-2.7458871e-02 -3.1164007e-02  1.4052118e-02 -6.7786172e-02
  -4.7288552e-02 -2.1558581e-02 -2.5872104e-02  9.9504375e-01]]",89
9,10,9,0.9,1.186959981918335,"[[ 9.72809136e-01 -1.86074212e-01 -9.38055366e-02  2.80163568e-02
   6.52236044e-02  1.13310171e-02 -2.49362905e-02 -6.58361241e-02
   9.77688096e-03]
 [ 1.59426928e-01  9.58834946e-01 -2.27020040e-01  3.07948887e-03
  -7.18787080e-03  3.57737280e-02 -3.76211628e-02 -1.20436130e-02
   2.79125795e-02]
 [ 1.29053861e-01  2.07415104e-01  9.61452484e-01 -9.38792005e-02
   6.77303970e-02 -4.07130085e-02 -2.06878930e-02 -2.11348385e-02
   6.06752408e-04]
 [-1.91896856e-02 -2.26792134e-02 -1.02913119e-01 -9.06031489e-01
   3.78657192e-01  1.44297913e-01 -1.05910562e-02 -5.02017885e-02
   2.82440931e-02]
 [ 6.49310499e-02 -1.36000551e-02  2.11573448e-02 -3.77102852e-01
  -9.17686582e-01  2.59056538e-02  9.83200874e-03 -9.95612964e-02
   1.07742455e-02]
 [ 6.19283132e-03  2.02281829e-02 -6.41971678e-02 -1.33932710e-01
   3.21351178e-02 -9.85358000e-01 -2.60577202e-02 -6.33663759e-02
  -2.89105866e-02]
 [ 2.84212772e-02  3.75608169e-02  5.21874707e-03 -6.48158183e-03
   2.06982251e-02 -1.78270731e-02  9.93839800e-01 -6.58011883e-02
  -7.01327398e-02]
 [-1.40165314e-02  1.83492992e-02 -8.99810810e-03  6.86312420e-03
   2.00206861e-02  5.11729121e-02 -8.73728544e-02 -3.21238011e-01
  -9.41005528e-01]
 [ 7.70948008e-02  1.16104539e-02  1.85910985e-03 -9.62580740e-02
  -6.09518923e-02 -3.96787710e-02  3.59919667e-02  9.33328629e-01
  -3.27055484e-01]]",89
10,11,9,0.9,1.5360685586929321,"[[ 9.65954244e-01  1.89640015e-01  4.60762391e-03 -2.69019864e-02
  -3.92215475e-02 -1.88026708e-02  2.97205076e-02  1.43373817e-01
  -8.30236599e-02]
 [ 1.62096247e-01 -8.40088367e-01 -4.93804097e-01  2.25339495e-02
   4.56144139e-02 -1.23707056e-01  7.62316585e-02  8.73803999e-03
  -1.88243911e-02]
 [ 8.14447030e-02 -4.62919593e-01  8.66035819e-01 -3.95437516e-03
   4.76463065e-02 -1.18383057e-01  1.11563526e-01 -7.48644641e-04
  -1.75125990e-02]
 [-3.00184428e-03 -5.26784398e-02  3.08674425e-02  8.78197789e-01
  -2.47200727e-01  3.45735490e-01  4.38280925e-02  2.03503400e-01
  -3.24985459e-02]
 [-4.51786406e-02  1.87266478e-03 -4.66472376e-03 -1.09497190e-01
  -9.18329239e-01 -3.68949980e-01  7.42593035e-02 -3.09439749e-02
   4.39451961e-03]
 [ 4.64132009e-03 -3.64387296e-02  3.93405557e-02  1.65037453e-01
   5.55695668e-02 -3.82397979e-01 -8.88025463e-01  1.75217018e-01
  -3.54837775e-02]
 [ 9.24156234e-02 -1.42840326e-01  4.63118479e-02 -1.60751924e-01
  -2.27834791e-01  5.69249392e-01 -3.78970683e-01 -5.63233018e-01
  -3.25985074e-01]
 [ 1.42875925e-01 -2.47209538e-02  1.65054500e-02  9.04887542e-02
  -3.39274853e-02  5.79241589e-02 -1.16387598e-01 -3.67460787e-01
   9.04121101e-01]
 [-5.47555275e-02 -1.37378633e-01  3.43310088e-02 -3.92766118e-01
  -1.83101714e-01  4.90961462e-01 -1.66341469e-01  6.73821986e-01
   2.57701904e-01]]",89
0,1,6,0.9,0.8301793932914734,"[[ 0.986729   -0.00778325  0.15827012  0.00309084  0.02440352 -0.02550881]
 [ 0.02347855  0.99452287 -0.09173219 -0.03422454 -0.02759173  0.00504797]
 [-0.1587769   0.09393175  0.9780402  -0.05621826  0.05911093 -0.05243653]
 [-0.0102266   0.03850659  0.0553117   0.99675876 -0.03716848  0.02106742]
 [-0.01729959  0.02341753 -0.07121993  0.04313266  0.9806381  -0.17483898]
 [ 0.01416293  0.00304249  0.0429135  -0.01643969  0.17921107  0.98263   ]]",90
1,2,6,0.9,0.8842010498046875,"[[ 0.9879212  -0.04903191 -0.14607872 -0.01318666 -0.00245643 -0.00942057]
 [ 0.07514557  0.97789794  0.18612777 -0.05225937  0.00911135 -0.02472016]
 [ 0.13449544 -0.19273391  0.9679653   0.03088813  0.07499146  0.03507198]
 [ 0.01224868  0.05650945 -0.02636323  0.9962301   0.05811562 -0.01047219]
 [-0.00919188  0.00169532 -0.07298441 -0.06015032  0.9953389  -0.01638331]
 [ 0.0064324   0.03112698 -0.03223253  0.00695591  0.01450429  0.9988454 ]]",90
2,3,6,0.9,0.913104236125946,"[[ 0.9061244   0.39989686 -0.10572977  0.04883014  0.0222707   0.07043978]
 [-0.38612098  0.9136589   0.0757018  -0.07887411 -0.05483225 -0.03434416]
 [ 0.12185631 -0.02732647  0.98646265 -0.04128485  0.0588363   0.07829136]
 [-0.0732263   0.05189037  0.04957773  0.9941692  -0.00220941  0.0333194 ]
 [-0.06060519  0.04319091 -0.06110529 -0.00600659  0.9861265   0.13507818]
 [-0.07723337 -0.00224935 -0.06156329 -0.03580065 -0.14347595  0.9840594 ]]",90
3,4,6,0.9,0.8256022930145264,"[[ 9.8730415e-01  1.5028550e-01 -2.8049991e-02  3.6482472e-02
  -1.1014337e-02 -2.0143267e-02]
 [-1.4869717e-01  9.8663419e-01  4.8208669e-02 -2.4271365e-02
  -3.3716708e-02 -1.9802688e-02]
 [ 3.4626476e-02 -4.2269398e-02  9.9658114e-01  1.5792190e-03
   5.3006034e-02 -3.2066286e-02]
 [-3.9323021e-02  1.9802356e-02 -1.7002354e-04  9.9860460e-01
   2.4496224e-02  1.5822286e-02]
 [ 3.3084934e-03  3.4745812e-02 -5.4316152e-02 -2.3534037e-02
   9.9366492e-01 -8.8925682e-02]
 [ 1.9065104e-02  2.4106968e-02  2.7657280e-02 -1.7676577e-02
   8.9231484e-02  9.9499536e-01]]",90
4,5,7,0.9,0.8969919681549072,"[[ 0.93539184  0.3361336   0.08547688  0.05916299 -0.01819792 -0.00701405
  -0.02948816]
 [-0.34072036  0.9392459   0.03416327  0.00780942 -0.01018931  0.01036531
   0.01695539]
 [-0.06589136 -0.05665597  0.98324156 -0.10722741 -0.01608968 -0.09636735
  -0.06812698]
 [-0.05913932 -0.03476416  0.11300419  0.98309594  0.01453386  0.12535305
  -0.01103586]
 [ 0.01456478  0.01458862  0.02190064 -0.02170795  0.997957    0.04756808
   0.02105239]
 [ 0.01208378 -0.00985459  0.08453184 -0.1336114  -0.05271007  0.9848068
   0.04622265]
 [ 0.02747024 -0.01015163  0.06608681  0.01183973 -0.01995756 -0.05230898
   0.995741  ]]",90
5,6,7,0.9,0.9128298759460449,"[[ 0.9986793   0.03906463 -0.01658212 -0.01217339  0.00815347  0.00465481
   0.02454107]
 [-0.03313212  0.96969783  0.2386691   0.01998792  0.00832192 -0.02598462
  -0.02194256]
 [ 0.02443026 -0.23732638  0.9657202  -0.05297844  0.08414727 -0.0191631
  -0.01446714]
 [ 0.01593036 -0.03280096  0.06163216  0.97996163 -0.18340692  0.02739902
  -0.01257769]
 [-0.00976094  0.00968814 -0.06780391  0.18317531  0.9680503   0.13489904
   0.07963202]
 [-0.00390964  0.02006629  0.03224772 -0.05248825 -0.12404553  0.9898694
  -0.02362868]
 [-0.02409776  0.01624358  0.02666324 -0.00354515 -0.08146666  0.01208054
   0.9958159 ]]",90
6,7,7,0.9,0.9359570741653442,"[[ 9.9170119e-01  7.8803664e-03  1.0940376e-01  9.6064825e-03
  -6.4791590e-02  8.7129796e-04 -1.4367407e-02]
 [-3.7715711e-02  9.6444452e-01  2.5561222e-01  2.1752182e-02
  -1.5383874e-02  2.3830855e-02 -4.2533170e-02]
 [-9.8350629e-02 -2.5634512e-01  9.5261413e-01 -9.0026334e-02
   6.9503792e-02  4.5533057e-02 -4.6172567e-02]
 [-1.0430285e-02 -4.1654941e-02  7.0788212e-02  9.8992133e-01
   1.0847560e-01  2.3590727e-02 -2.9619627e-02]
 [ 7.2259404e-02  3.7352819e-02 -6.5301627e-02 -1.0199080e-01
   9.8913723e-01  3.0498302e-03 -1.7753502e-02]
 [-4.7371690e-03  9.8533416e-03  4.9881831e-02  1.8976592e-02
   7.8528542e-03 -9.9817115e-01 -2.4997164e-02]
 [ 8.9852260e-03  2.9060399e-02  5.8788374e-02  2.4965787e-02
   2.2661582e-02 -2.1133196e-02  9.9701315e-01]]",90
7,8,7,0.9,0.9439328908920288,"[[ 9.9584955e-01 -8.3277918e-02  3.1576250e-02  8.9388313e-03
  -1.5268683e-02 -1.3590828e-03  6.0370797e-03]
 [ 7.7286109e-02  9.7891408e-01  1.6472381e-01  5.8307685e-02
   6.9942869e-02  1.2060237e-02 -1.3520839e-02]
 [-4.4599414e-02 -1.6108404e-01  9.8542279e-01 -1.6024115e-02
   1.4492173e-03 -2.7236875e-02  1.9863755e-03]
 [-1.4054613e-02 -5.7523496e-02  4.1349847e-03  9.9546659e-01
  -7.4682212e-03 -7.3682152e-02 -6.1585126e-03]
 [ 9.8422198e-03 -6.9001563e-02 -1.3657049e-02  9.5782845e-05
   9.9626696e-01 -4.8846226e-02  4.6360334e-03]
 [-1.3264172e-03 -2.4097377e-02  2.4639908e-02  7.2502494e-02
   4.7515273e-02  9.9562329e-01 -5.5264677e-03]
 [-5.0187465e-03  1.3893089e-02  3.0414254e-04  7.2982064e-03
  -3.3677006e-03  5.5011585e-03  9.9984342e-01]]",90
8,9,7,0.9,0.9514942765235901,"[[ 9.6408796e-01 -2.5062725e-01 -5.4693010e-02 -4.8517343e-02
  -4.4980764e-02 -8.6791776e-03 -1.6628867e-02]
 [ 2.3729630e-01  9.5694077e-01 -1.6210261e-01 -2.6024170e-02
  -9.2756907e-03 -2.3917444e-02 -1.8500287e-02]
 [-9.1901161e-02 -1.4378391e-01 -9.8486549e-01  8.3546084e-04
   2.9673779e-02  2.4411241e-03 -5.7633631e-03]
 [-7.6108967e-04  6.1474168e-03 -2.2295009e-02  6.7650890e-01
  -7.3444748e-01 -3.7917729e-02 -3.0812947e-02]
 [ 7.0899844e-02  9.4659431e-03  1.2876693e-02  7.3087627e-01
   6.7607421e-01 -5.8611553e-02 -5.1005990e-03]
 [ 1.7783735e-02  2.1482799e-02 -1.7144722e-03  6.6842668e-02
   1.1757776e-02  9.9671805e-01 -3.4152564e-02]
 [ 2.0866808e-02  1.3697886e-02 -1.0278794e-02  2.5608353e-02
  -1.9556431e-02  3.2045227e-02  9.9860209e-01]]",90
9,10,8,0.9,1.13871431350708,"[[ 9.77025509e-01 -1.84507340e-01 -7.59433210e-02  3.64702381e-02
   6.00918569e-02  1.04948170e-02 -2.11934131e-02  1.05071329e-02]
 [ 1.64406613e-01  9.60279465e-01 -2.17358395e-01 -1.48065705e-02
  -1.36236791e-02  3.21338885e-02 -3.52283828e-02  3.01774051e-02]
 [ 1.10711724e-01  2.00393811e-01  9.66069400e-01 -7.37757683e-02
   8.09883848e-02 -4.28985767e-02 -2.12765951e-02 -4.15868592e-04]
 [ 1.69897731e-03 -3.50855738e-02 -8.33873302e-02 -9.38743949e-01
   2.99360663e-01  1.40479669e-01  2.80454685e-03  3.48328054e-02]
 [ 7.10303560e-02 -1.75098851e-02  5.05443253e-02 -3.08929384e-01
  -9.46062624e-01 -2.77057830e-02  2.52985321e-02  1.46211926e-02]
 [ 9.06750094e-03  1.60872657e-02 -6.35943711e-02 -1.23000860e-01
   6.50397018e-02 -9.87434685e-01 -2.33369991e-02 -2.61429586e-02]
 [ 2.87237186e-02  3.74016874e-02  7.94057548e-03  2.97493837e-03
   2.65777856e-02 -1.92165580e-02  9.93737340e-01 -9.54712629e-02]
 [ 1.33816218e-02  2.16200575e-02 -9.07590706e-03 -3.45294401e-02
  -7.50224618e-03  3.34405415e-02 -9.56601426e-02 -9.93857861e-01]]",90
10,11,8,0.9,1.4800950288772583,"[[ 9.68295693e-01  1.90929532e-01 -2.31466312e-02 -4.66876030e-02
   4.78865467e-02  1.14193903e-02  4.30569053e-03 -1.44193515e-01]
 [ 1.69598401e-01 -8.14288080e-01  5.38882136e-01 -2.49161422e-02
  -6.74933568e-02  7.25045577e-02  7.94782415e-02 -3.20550054e-02]
 [ 8.17043781e-02 -4.98819053e-01 -8.32907677e-01 -1.09639761e-04
  -1.33004248e-01  1.21025041e-01  1.35488197e-01 -8.63338914e-03]
 [ 7.70082278e-03 -9.17208344e-02 -3.68758142e-02  8.34436655e-01
   4.82455939e-01 -1.59603283e-01  3.60227972e-02 -1.85335353e-01]
 [-4.17526625e-02 -4.05301852e-03 -9.73034278e-03 -2.88066924e-01
   7.25382268e-01  6.01076066e-01  1.31847143e-01  1.01525411e-01]
 [-7.72887375e-03 -2.25510560e-02 -9.61855520e-03  1.94477007e-01
  -1.82579890e-01  5.17663062e-01 -7.90852427e-01 -1.86439767e-01]
 [ 1.18209451e-01 -1.62189469e-01 -8.33394751e-02 -9.43832546e-02
   2.90143102e-01 -3.93245786e-01 -5.01821637e-01  6.73214138e-01]
 [-1.05491236e-01 -1.28129616e-01 -8.27208310e-02 -4.13766831e-01
   3.14642310e-01 -4.13016468e-01 -2.81698018e-01 -6.67437315e-01]]",90
0,1,6,0.9,0.8310211300849915,"[[ 9.8499250e-01 -3.9675068e-02  1.6507915e-01 -8.0575905e-04
   2.5788186e-02 -1.7286928e-02]
 [ 5.4719862e-02  9.9393946e-01 -8.2727037e-02 -3.7585296e-02
  -2.8134089e-02  6.4931838e-03]
 [-1.6272783e-01  9.0292044e-02  9.7801203e-01 -5.3629670e-02
   5.7232432e-02 -5.2037030e-02]
 [-5.1903222e-03  4.1372161e-02  5.3018905e-02  9.9697816e-01
  -3.0979689e-02  2.2919524e-02]
 [-1.5993709e-02  2.5397461e-02 -6.9495678e-02  3.6982462e-02
   9.8177022e-01 -1.7037944e-01]
 [ 5.6918678e-03  9.5348468e-04  4.1916881e-02 -1.9429162e-02
   1.7445774e-01  9.8356324e-01]]",91
1,2,6,0.9,0.887396514415741,"[[-9.8276567e-01 -9.3124330e-02 -1.5898795e-01 -1.2641346e-02
  -1.1481949e-03 -7.8264009e-03]
 [-1.2152780e-01  9.7340202e-01  1.8604936e-01 -4.7896933e-02
   1.2025184e-02 -2.5814684e-02]
 [-1.3811010e-01 -2.0044535e-01  9.6660203e-01  3.0561771e-02
   6.6549160e-02  3.2634150e-02]
 [-1.3658063e-02  5.1723454e-02 -2.5409967e-02  9.9748337e-01
   3.8964119e-02 -1.0768202e-03]
 [ 1.0181997e-02 -9.6117711e-04 -6.5521821e-02 -4.0437005e-02
   9.9683374e-01 -1.7022282e-02]
 [-6.1693806e-03  3.1012261e-02 -2.9158823e-02 -1.9489960e-03
   1.5155794e-02  9.9895769e-01]]",91
2,3,6,0.9,0.9142246842384338,"[[-0.9278161  -0.35192114  0.08765229 -0.05531308 -0.01686054 -0.06543749]
 [-0.33898365  0.93244576  0.07140972 -0.07510342 -0.06150423 -0.03335159]
 [ 0.10285983 -0.0351745   0.98738045 -0.05117936  0.06548213  0.07971952]
 [-0.07723218  0.0525019   0.05492662  0.99197394  0.05601967  0.0333376 ]
 [-0.04929145  0.0519128  -0.07150718 -0.06239461  0.98528737  0.12279189]
 [-0.07261376  0.00278828 -0.06455494 -0.02784458 -0.13310015  0.9859316 ]]",91
3,4,6,0.9,0.8320845365524292,"[[ 0.974168    0.21796986 -0.0228163   0.0359752  -0.02766313 -0.03009379]
 [-0.21714115  0.97323716  0.05910593 -0.0235906  -0.0333779  -0.02224616]
 [ 0.03613885 -0.05191505  0.9959748  -0.02036835  0.05074956 -0.03228974]
 [-0.03851838  0.01574129  0.0214563   0.99827445  0.03233787  0.01451351]
 [ 0.01669677  0.0381849  -0.05278489 -0.02966686  0.99310905 -0.09127472]
 [ 0.02788943  0.02995586  0.02781183 -0.01739196  0.09073985  0.9944924 ]]",91
4,5,6,0.9,0.819615364074707,"[[ 0.9163547   0.3804219   0.10437947  0.06604694 -0.01284678 -0.01228251]
 [-0.38786185  0.92050064  0.03587374  0.0231563  -0.0127185   0.01602362]
 [-0.07833702 -0.06769228  0.9845225  -0.10277595 -0.03472747 -0.09070589]
 [-0.05811534 -0.05479802  0.10639118  0.98346925  0.04225825  0.11533967]
 [ 0.00728005  0.01617428  0.03470615 -0.04903773  0.9975231   0.03199668]
 [ 0.01703119 -0.01053611  0.07752287 -0.12215678 -0.04036155  0.9884522 ]]",91
5,6,6,0.9,0.8415782451629639,"[[ 9.97971535e-01  5.36251664e-02 -2.50020642e-02  4.63574985e-03
   1.67570077e-02  1.58047788e-02]
 [-4.80621122e-02  9.82593536e-01  1.77255571e-01  1.59386285e-02
  -3.96325457e-04 -2.29423083e-02]
 [ 3.33254747e-02 -1.75065160e-01  9.80952859e-01 -3.82255837e-02
   6.51474670e-02 -1.63584612e-02]
 [ 5.69465919e-04 -2.36915667e-02  4.70078066e-02  9.80100214e-01
  -1.88789412e-01  3.14788967e-02]
 [-2.12689862e-02  9.21569299e-03 -5.24231046e-02  1.84936881e-01
   9.70161140e-01  1.45946056e-01]
 [-1.34012895e-02  1.84489451e-02  2.69967355e-02 -5.88670485e-02
  -1.36458054e-01  9.88263667e-01]]",91
6,7,6,0.9,0.8615221977233887,"[[ 9.9316257e-01  5.7014089e-02  8.0431074e-02  2.1147188e-02
  -5.8830865e-02 -2.8034550e-04]
 [-7.5421594e-02  9.7208476e-01  2.1790095e-01  1.3334670e-02
  -2.8334593e-02 -3.0023852e-02]
 [-6.0604971e-02 -2.1950251e-01  9.6635634e-01 -1.0454196e-01
   4.7903329e-02 -3.2823306e-02]
 [-1.6983975e-02 -3.0741960e-02  8.9809753e-02  9.8236704e-01
   1.5946518e-01 -1.5055891e-02]
 [ 6.2933005e-02  4.6997398e-02 -5.0663508e-02 -1.5252484e-01
   9.8386985e-01 -4.0210868e-04]
 [-4.2103045e-03  2.1576757e-02  3.9659385e-02  1.1716860e-02
   3.5055394e-03  9.9889654e-01]]",91
7,8,6,0.9,0.8581040501594543,"[[ 9.89268124e-01 -1.39873698e-01 -4.14587297e-02  3.54258413e-03
  -7.24226190e-03  1.17847405e-04]
 [ 1.27191678e-01  9.62131858e-01 -2.20302403e-01  5.47322296e-02
   7.94014856e-02 -1.70654655e-02]
 [-7.05935284e-02 -2.10530102e-01 -9.73991692e-01 -2.56825946e-02
  -1.30784297e-02  3.46869081e-02]
 [-1.22031989e-02 -6.35875463e-02 -9.60277487e-03  9.88642514e-01
   1.01223625e-01  8.97513255e-02]
 [-2.37923209e-03 -7.29075894e-02  6.92308554e-03 -1.09634057e-01
   9.90487158e-01  3.93262133e-02]
 [ 5.72333951e-03  3.24933976e-02  3.07910051e-02 -8.30580890e-02
  -4.64861505e-02  9.94436383e-01]]",91
8,9,7,0.9,0.9434964656829834,"[[ 9.5186949e-01 -2.9343146e-01 -6.0652267e-02 -6.0877930e-02
   8.9951949e-03  1.2425196e-02 -1.4909970e-02]
 [ 2.8281757e-01  9.5065534e-01 -1.2013170e-01 -3.0975612e-02
   5.5972608e-03  2.5580818e-02 -1.3853920e-02]
 [ 9.4541445e-02  9.7698644e-02  9.9005115e-01  2.2323091e-02
   2.6496833e-02  4.8826812e-04  1.0720418e-02]
 [-1.1020269e-02 -6.1994884e-03 -2.5858656e-02  4.8426747e-02
   9.9641621e-01  5.8155056e-02 -2.4474854e-02]
 [ 6.3706182e-02  8.1346855e-03 -2.7842522e-02  9.9340850e-01
  -5.2700743e-02  7.3638335e-02 -6.3084555e-03]
 [-2.2685336e-02 -2.0793822e-02  6.4631035e-03 -7.4550092e-02
  -5.3768314e-02  9.9463642e-01  3.5508871e-02]
 [ 1.8056661e-02  8.3960220e-03 -1.4237707e-02  8.5335225e-03
   2.5923034e-02 -3.2936133e-02  9.9878478e-01]]",91
9,10,7,0.9,1.0116947889328003,"[[ 0.9740461  -0.19336516 -0.08423879 -0.06852023  0.03797328  0.01968423
  -0.01494991]
 [ 0.17547454  0.96381354 -0.1955038   0.02401479 -0.00795963  0.02842116
  -0.02454692]
 [ 0.11821858  0.17608486  0.9721518   0.03262861  0.08903913 -0.02788061
  -0.01301911]
 [ 0.04169084 -0.0421838  -0.05050556  0.9521866   0.27044472  0.11665472
   0.02288456]
 [-0.06356285  0.00864255 -0.0690155  -0.281251    0.9493334   0.0976942
  -0.03523837]
 [-0.01986497 -0.01492439  0.04752378 -0.08289549 -0.12405942  0.98734194
  -0.00419755]
 [ 0.0171549   0.02430138  0.00552916 -0.03210389  0.02831409  0.0055541
   0.9986097 ]]",91
10,11,7,0.9,1.4136019945144653,"[[ 0.9785864   0.18890487 -0.00384142 -0.00356567  0.07904366  0.00134184
  -0.02016313]
 [ 0.1664882  -0.8423382  -0.49316922  0.0366841  -0.04376122  0.06647923
   0.10886624]
 [ 0.09742779 -0.45753208  0.8647176   0.07932395 -0.03139695  0.07185174
   0.1448961 ]
 [ 0.00677419  0.0684679  -0.04511717  0.9668024  -0.22565809 -0.03648256
  -0.07918993]
 [-0.0692101   0.02526804 -0.0302053   0.21879101  0.8267385   0.49814612
   0.11892694]
 [ 0.01634155 -0.0149649   0.0236478  -0.0952547  -0.33097786  0.7348696
  -0.5833496 ]
 [-0.00743722 -0.19973835  0.07433416  0.02644272  0.38325822 -0.4482212
  -0.7784827 ]]",91
0,1,6,0.9,0.8299635648727417,"[[ 9.8734063e-01 -5.8672585e-02  1.4305298e-01 -3.6624922e-05
   2.6689719e-02 -2.3229133e-02]
 [ 7.1899563e-02  9.9268228e-01 -8.3199523e-02 -4.1729443e-02
  -2.6776800e-02  5.6415666e-03]
 [-1.3953659e-01  9.2227079e-02  9.8171276e-01 -4.7430132e-02
   5.6892458e-02 -5.2700464e-02]
 [-2.4985278e-03  4.4675268e-02  4.7179170e-02  9.9665189e-01
  -4.6898026e-02  1.6049931e-02]
 [-1.9075898e-02  2.5209764e-02 -6.8579964e-02  5.0973292e-02
   9.8133069e-01 -1.6937895e-01]
 [ 1.2183194e-02  1.4741933e-03  4.3870103e-02 -9.7867362e-03
   1.7356445e-01  9.8371971e-01]]",92
1,2,6,0.9,0.8918784260749817,"[[-0.9851866  -0.05580505 -0.16108017 -0.01295875 -0.00383483 -0.01279872]
 [-0.09341232  0.964496    0.24217378 -0.04179952  0.00915973 -0.02328815]
 [-0.14284557 -0.25159988  0.9540819   0.04051524  0.06103085  0.02557479]
 [-0.01052396  0.04979885 -0.03305727  0.9972362   0.04085325 -0.01294717]
 [ 0.00616199  0.00449021 -0.0600294  -0.04292043  0.9972246   0.00627074]
 [-0.01131503  0.02882091 -0.02089024  0.01101375 -0.00712661  0.9992161 ]]",92
2,3,6,0.9,0.912875771522522,"[[-0.9581088  -0.26110378  0.08305939 -0.05301398 -0.01910271 -0.06146669]
 [-0.24920769  0.9609799   0.05626546 -0.08685958 -0.05278521 -0.03027506]
 [ 0.09153786 -0.03263601  0.9903059  -0.04185447  0.05936109  0.06763441]
 [-0.07243522  0.07013922  0.04768472  0.99304533  0.01609059  0.03408665]
 [-0.04201817  0.04770612 -0.06054266 -0.02240227  0.99255925  0.0813478 ]
 [-0.06731678  0.00905778 -0.05736141 -0.03538764 -0.08883863  0.99143916]]",92
3,4,6,0.9,0.8211184144020081,"[[ 0.9801088   0.19073895 -0.03388038  0.02151148 -0.01861556 -0.03237562]
 [-0.18959004  0.97998816  0.03825445 -0.03335423 -0.03170141 -0.00989677]
 [ 0.0406229  -0.02954194  0.99688953 -0.00281659  0.05657803 -0.02189209]
 [-0.02662022  0.03011208  0.00271478  0.9983411   0.04015746  0.00892971]
 [ 0.00894797  0.03411213 -0.05738388 -0.04004893  0.994695   -0.06664346]
 [ 0.03167615  0.0172849   0.01731045 -0.01131406  0.06645808  0.996922  ]]",92
4,5,6,0.9,0.8152922987937927,"[[ 0.9028902   0.41159633  0.10877645  0.05305983 -0.02005766 -0.01810918]
 [-0.41867134  0.9072971   0.0357694   0.01266586 -0.00652834  0.00661467]
 [-0.07973967 -0.07325719  0.980859   -0.12984896 -0.03590114 -0.08967216]
 [-0.05117144 -0.04296881  0.13357118  0.9825745   0.04876974  0.09931153]
 [ 0.0160048   0.01360793  0.03554287 -0.05771875  0.9963173   0.048122  ]
 [ 0.01645153 -0.00152021  0.07549475 -0.10667417 -0.05691661  0.9896507 ]]",92
5,6,6,0.9,0.8451788425445557,"[[ 9.98334765e-01  5.51231913e-02 -1.15476167e-02 -4.00549173e-03
   1.14406738e-02 -2.99630268e-03]
 [-5.22775203e-02  9.82890308e-01  1.74104109e-01  1.52542945e-02
   4.97768342e-04 -2.54670456e-02]
 [ 1.98006183e-02 -1.72315374e-01  9.80920792e-01 -4.81063612e-02
   7.23875165e-02 -1.24744195e-02]
 [ 8.08796007e-03 -2.40149572e-02  5.74312583e-02  9.81120586e-01
  -1.79863483e-01  3.33340913e-02]
 [-1.12825688e-02  1.01371650e-02 -5.93813062e-02  1.77647024e-01
   9.73018408e-01  1.33867487e-01]
 [ 3.17945750e-03  2.27169655e-02  2.28988808e-02 -5.72807193e-02
  -1.24552056e-01  9.90027785e-01]]",92
6,7,6,0.9,0.8653515577316284,"[[ 0.9896712   0.07848038  0.10212806  0.01870255 -0.05948374 -0.00857143]
 [-0.09868908  0.9764803   0.18809442  0.01236082 -0.02303399 -0.02615017]
 [-0.07919716 -0.1929521   0.97045356 -0.09511723  0.06853644 -0.03118634]
 [-0.01457692 -0.02511453  0.07807818  0.98226255  0.1679219  -0.00480092]
 [ 0.0656748   0.04531791 -0.07076909 -0.1600255   0.981323   -0.00468073]
 [ 0.00367294  0.02029992  0.03613464  0.00148523  0.00643041  0.9991122 ]]",92
7,8,7,0.9,0.9466351866722107,"[[ 9.9025232e-01 -1.3775828e-01  1.5817311e-02  3.9788010e-03
   3.9033458e-04  1.3704370e-03  1.2445334e-02]
 [ 1.3051367e-01  9.6304327e-01  2.1744728e-01  4.7579717e-02
   7.4339233e-02 -1.1812099e-02 -1.7343326e-02]
 [-4.4890624e-02 -2.1192496e-01  9.7502285e-01 -3.4924481e-02
  -1.3518777e-03  3.3901479e-02 -5.6706443e-03]
 [-1.1610741e-02 -5.1757976e-02  2.0294461e-02  9.9325573e-01
   1.0880867e-02  1.0042245e-01 -3.8087307e-03]
 [-9.9597611e-03 -7.0039853e-02 -1.6694287e-02 -1.9377664e-02
   9.9587220e-01  5.0178304e-02  7.8559220e-03]
 [ 3.2929315e-03  2.7827922e-02 -3.1836171e-02 -9.7663507e-02
  -5.0554927e-02  9.9297953e-01  9.9430708e-03]
 [-1.0317170e-02  1.7297193e-02  9.6316319e-03  5.4857978e-03
  -6.0045929e-03 -9.9179391e-03  9.9966848e-01]]",92
8,9,7,0.9,0.9522873759269714,"[[ 9.56258953e-01 -2.77090758e-01 -7.35012889e-02 -3.23920324e-02
  -4.68357019e-02  6.91692857e-03 -9.81838722e-03]
 [ 2.62937009e-01  9.53688383e-01 -1.33554935e-01 -4.01679315e-02
  -2.88897678e-02  2.84208320e-02 -1.58015788e-02]
 [-1.05452016e-01 -1.08085603e-01 -9.87860620e-01  1.57289236e-04
   3.63267511e-02 -2.91203335e-03 -7.66050827e-04]
 [-3.34490510e-03  9.91099793e-03 -2.34721024e-02  7.83275902e-01
  -6.18419766e-01  5.08735590e-02 -2.80589182e-02]
 [ 6.83025271e-02  3.00801061e-02  1.79840028e-02  6.11095846e-01
   7.81784713e-01  9.70214754e-02 -8.23766831e-03]
 [-2.04071701e-02 -2.85723601e-02  7.16883515e-04 -9.72686112e-02
  -4.38525677e-02  9.92744565e-01  4.29028720e-02]
 [ 1.48298359e-02  1.40395071e-02 -4.13630111e-03  3.02784219e-02
  -9.93436389e-03 -3.99108939e-02  9.98477578e-01]]",92
9,10,8,0.9,1.1425937414169312,"[[ 9.72085536e-01 -1.90919876e-01 -1.14980713e-01 -3.72481830e-02
   5.17394505e-02  1.41505338e-02 -1.25522465e-02  3.09290346e-02]
 [ 1.68530777e-01  9.66358066e-01 -1.86380967e-01 -8.32120655e-04
  -2.23278664e-02  3.97556573e-02 -2.55157948e-02 -1.67538356e-02]
 [ 1.43928215e-01  1.64582029e-01  9.69011128e-01  5.74743263e-02
   9.39035341e-02 -2.36890316e-02 -2.12274790e-02  9.05541703e-03]
 [-2.42825989e-02 -4.99992864e-03 -1.00113750e-01  7.07374215e-01
   6.82980180e-01  1.49994195e-01 -4.79378877e-03 -1.04245020e-03]
 [ 6.27808049e-02 -2.17070598e-02  2.44134441e-02  6.91272676e-01
  -7.16413021e-01  2.95477696e-02  5.04937097e-02  2.15205327e-02]
 [-1.39067387e-02 -3.31505053e-02  4.69252244e-02 -1.23819284e-01
  -8.20858106e-02  9.84049916e-01 -3.54035310e-02 -6.94885850e-02]
 [ 1.79170780e-02  2.43512392e-02  1.47138825e-02 -3.36308368e-02
   3.80858220e-02  3.00178491e-02  9.95073736e-01 -7.22157061e-02]
 [-2.97708865e-02  2.06441712e-02 -4.67530498e-03 -2.47007273e-02
   1.04130292e-02  7.09321201e-02  6.88696131e-02  9.94068742e-01]]",92
10,11,8,0.9,1.5732157230377197,"[[-0.97260785 -0.19254622 -0.07892971 -0.04642158  0.05640597  0.00849172
   0.0190108  -0.07042634]
 [-0.16288003  0.932865   -0.2956542   0.02409836 -0.05271292  0.06605437
   0.08988469  0.00443513]
 [-0.12362787  0.25857258  0.94095325 -0.08108777 -0.06641519  0.04184953
   0.14001141 -0.01107218]
 [ 0.01574546 -0.05177787 -0.09676533 -0.78308696 -0.5794625   0.1678964
  -0.01067358  0.10199205]
 [ 0.06939134  0.00206027 -0.03245713 -0.45127797  0.74473166  0.40622067
   0.25269312  0.08355279]
 [-0.02091396  0.02129957  0.06650364  0.18104929 -0.05172374  0.7275288
  -0.64917576 -0.09222009]
 [-0.07527239  0.08377713  0.06460786 -0.10479674  0.18247965 -0.29812515
  -0.47806662  0.78831077]
 [-0.03246178 -0.12518595 -0.04417896  0.36062562 -0.25150046  0.4271207
   0.5079482   0.58955586]]",92
0,1,6,0.9,0.8313964605331421,"[[ 0.9844429  -0.03869205  0.16813993  0.0018129   0.02575675 -0.02091274]
 [ 0.05437095  0.99359834 -0.08442686 -0.04384935 -0.02696731  0.00531293]
 [-0.16589692  0.09174816  0.97729194 -0.051258    0.05918699 -0.05320211]
 [-0.00690432  0.04725738  0.05083304  0.9961547  -0.04671184  0.02507942]
 [-0.01634384  0.02470203 -0.07130277  0.05275419  0.9797404  -0.17709978]
 [ 0.00890978  0.00201863  0.04281854 -0.01842439  0.18174978  0.98219687]]",93
1,2,6,0.9,0.89580237865448,"[[-9.83704865e-01 -1.12874016e-01 -1.39405444e-01 -1.21451374e-02
  -1.78328657e-04 -1.67890068e-03]
 [-1.38585001e-01  9.68343914e-01  1.98496729e-01 -4.83854972e-02
   9.78219137e-03 -3.55864540e-02]
 [-1.13324188e-01 -2.11764857e-01  9.66896415e-01  4.31268029e-02
   6.73447177e-02  3.20818983e-02]
 [-1.32845873e-02  5.46764582e-02 -3.72889303e-02  9.96362090e-01
   5.12199029e-02 -9.09122638e-03]
 [ 9.52294096e-03  2.03128695e-03 -6.54428750e-02 -5.36539033e-02
   9.96365249e-01 -6.03223771e-06]
 [-3.07202502e-03  4.16109078e-02 -2.45587770e-02  5.93904220e-03
  -1.34267856e-03  9.98808682e-01]]",93
2,3,6,0.9,0.9091293811798096,"[[-0.94652915 -0.29857114  0.0865583  -0.05228676 -0.00597313 -0.06838044]
 [-0.2844678   0.9494353   0.07742992 -0.0885411  -0.04875337 -0.03793465]
 [ 0.1010195  -0.04706061  0.9884063  -0.03139424  0.06098762  0.07699551]
 [-0.07479873  0.06806936  0.04024243  0.99362063 -0.00148921  0.02946215]
 [-0.03767464  0.04970931 -0.0657187  -0.00625064  0.9859899   0.13991195]
 [-0.07708082  0.01043399 -0.06022372 -0.03346467 -0.14727351  0.9836226 ]]",93
3,4,6,0.9,0.8186914324760437,"[[ 0.992803    0.10843202 -0.03123754  0.02549414 -0.0131818  -0.02802274]
 [-0.10583644  0.9899424   0.07600708 -0.03660696 -0.03583097 -0.02028727]
 [ 0.03881661 -0.07128482  0.9948763  -0.00270925  0.04892077 -0.03510419]
 [-0.0278838   0.03575805  0.00525683  0.99747014  0.04481306  0.03100626]
 [ 0.00680155  0.03751817 -0.04897513 -0.04351571  0.99487996 -0.06684082]
 [ 0.02846782  0.02210543  0.03228152 -0.03409401  0.06598996  0.9960631 ]]",93
4,5,7,0.9,0.8893786072731018,"[[ 9.13793743e-01  3.87220323e-01  1.06999815e-01  5.06998226e-02
  -1.61094759e-02 -2.76371161e-03 -2.74759009e-02]
 [-3.89643997e-01  9.20509994e-01  4.51170933e-03 -4.66704508e-03
  -3.94242490e-03  1.45695833e-02  2.38530487e-02]
 [-9.42324474e-02 -4.20319661e-02  9.83053803e-01 -1.00382917e-01
  -7.95268547e-03 -8.92930999e-02 -6.96103722e-02]
 [-5.76759614e-02 -2.15440970e-02  1.04172170e-01  9.85740542e-01
  -1.73115463e-04  1.16598450e-01 -8.82416684e-03]
 [ 1.30733261e-02  9.04385373e-03  1.21079925e-02 -1.48542225e-03
   9.99530077e-01  1.28251463e-02  1.93324666e-02]
 [ 8.04294646e-03 -1.47137381e-02  8.07885975e-02 -1.24674298e-01
  -1.48489298e-02  9.87168074e-01  5.41017652e-02]
 [ 2.67732553e-02 -1.38789266e-02  6.79023266e-02  1.00368187e-02
  -1.95171237e-02 -5.95507436e-02  9.95214522e-01]]",93
5,6,7,0.9,0.901335597038269,"[[ 0.9994353   0.02735072  0.00347795  0.00130215  0.00681205 -0.0084901
   0.01577204]
 [-0.02731843  0.9756577   0.21466516  0.02117017  0.00209269 -0.01914662
  -0.02110586]
 [ 0.0019773  -0.21381225  0.9714295  -0.0374129   0.09239876 -0.02002764
  -0.01633096]
 [ 0.00132109 -0.03147018  0.05156353  0.9741982  -0.21423769  0.03618294
  -0.00893244]
 [-0.00725881  0.01399419 -0.07661279  0.212875    0.96362966  0.11576028
   0.08113902]
 [ 0.00903526  0.01409001  0.03053566 -0.06059172 -0.10176639  0.9921349
  -0.02068593]
 [-0.0155826   0.01560679  0.0277607  -0.01004913 -0.08108823  0.01090046
   0.9959658 ]]",93
6,7,7,0.9,0.9344266057014465,"[[ 0.98680574  0.0894083   0.1195319   0.01557062 -0.05601075 -0.00430364
  -0.02312201]
 [-0.11188624  0.9750538   0.18552175  0.00983502  0.0021402  -0.02608284
  -0.03938983]
 [-0.09598383 -0.19783297  0.9684486  -0.07333885  0.06434925 -0.03755276
  -0.05316919]
 [-0.0160905  -0.02505783  0.06002004  0.99269825  0.09452271 -0.01068511
  -0.03181566]
 [ 0.06342486  0.01732328 -0.0640437  -0.08972183  0.9915418  -0.00406319
  -0.01881323]
 [-0.00235888  0.01785771  0.04140351  0.00750146  0.00699321  0.99880916
  -0.01537476]
 [ 0.01399708  0.02985651  0.06311033  0.02694671  0.02405804  0.01185519
   0.9967369 ]]",93
7,8,7,0.9,0.9505599141120911,"[[ 9.9502271e-01 -8.2101010e-02  5.1310193e-02  1.5246347e-02
  -9.1782911e-03 -3.5770161e-03  1.5062745e-02]
 [ 7.1102343e-02  9.7684723e-01  1.7476609e-01  7.9341359e-02
   6.0807671e-02 -5.1483195e-03 -1.2320700e-02]
 [-6.4076632e-02 -1.6936454e-01  9.8237967e-01 -2.3588073e-02
   6.4287302e-03  3.9268956e-02  3.7697935e-04]
 [-2.1988004e-02 -7.6159105e-02  6.3817203e-03  9.9186057e-01
  -5.7259925e-02  8.1204750e-02 -3.9148964e-03]
 [ 4.1272016e-03 -6.3092545e-02 -1.7162399e-02  5.0337113e-02
   9.9608207e-01  3.1084055e-02  5.3156018e-03]
 [ 7.8467904e-03  1.9888574e-02 -3.7620362e-02 -8.0985293e-02
  -2.6494060e-02  9.9521452e-01  2.0375768e-02]
 [-1.4361495e-02  1.2973365e-02  1.8935438e-03  6.0248994e-03
  -4.0958016e-03 -2.0158410e-02  9.9958110e-01]]",93
8,9,7,0.9,0.9576601386070251,"[[ 9.69898939e-01 -2.18801960e-01 -8.09935853e-02 -4.26975563e-02
  -5.24466522e-02  1.31505774e-02 -1.07331062e-02]
 [ 2.05199435e-01  9.68584895e-01 -1.35327041e-01 -1.19437836e-02
  -1.72053464e-02  2.43021678e-02 -1.98469907e-02]
 [-1.07647486e-01 -1.14781909e-01 -9.87028122e-01 -1.72766671e-02
   2.57432479e-02 -6.04251446e-03 -3.88256926e-03]
 [ 4.46746638e-03 -5.62149379e-03 -2.85136029e-02  8.49845588e-01
  -5.22974432e-01  4.80597131e-02 -3.29518989e-02]
 [ 6.97374269e-02  5.87890018e-03  4.51721996e-03  5.19605398e-01
   8.49962473e-01  5.04213125e-02 -1.06620761e-02]
 [-2.17620991e-02 -2.09811926e-02 -6.97688723e-04 -6.55465797e-02
  -1.67461596e-02  9.96789336e-01  3.03279907e-02]
 [ 1.56361125e-02  1.69656277e-02 -8.26853886e-03  3.48156318e-02
  -8.47840589e-03 -2.75457855e-02  9.98677373e-01]]",93
9,10,8,0.9,1.1143032312393188,"[[ 0.97996026 -0.14930667 -0.10155762  0.02525174  0.07376072  0.0218193
  -0.0209155  -0.00891944]
 [ 0.13151053  0.9747293  -0.17198129 -0.01754549 -0.02444498  0.02806158
  -0.03503184 -0.01049543]
 [ 0.12105509  0.15558046  0.9721961  -0.08777823  0.07776397 -0.03729195
  -0.02866875 -0.00320769]
 [-0.01477524 -0.02923777 -0.0961282  -0.9432124   0.28308454  0.14067674
  -0.00723212 -0.00759135]
 [ 0.07912755 -0.03139333  0.04591881 -0.28954434 -0.9517304   0.00671461
   0.01984328 -0.02406538]
 [-0.01963693 -0.01424868  0.05719334  0.13336547 -0.03044003  0.9871366
   0.01030473 -0.05368955]
 [ 0.02775388  0.03648404  0.01774941 -0.00547547  0.02288022 -0.0057093
   0.99676245  0.05884028]
 [ 0.00964871  0.00552823  0.00281939 -0.00691107 -0.02316788  0.05513223
  -0.05853063  0.99640274]]",93
10,11,8,0.9,1.4566352367401123,"[[-0.9701697   0.18227    -0.02284031 -0.05780028  0.07289017 -0.00263157
   0.02754736 -0.12492824]
 [-0.13397421 -0.7683327  -0.6084607   0.00772452 -0.06539926  0.10395826
   0.07955457  0.0042876 ]
 [-0.12374264 -0.5556168   0.7860685  -0.00201868 -0.09551483  0.15766098
   0.15421914 -0.01750553]
 [-0.01228931 -0.0793421   0.0317104   0.85554606  0.413841   -0.24491371
   0.04168654 -0.16614544]
 [ 0.06608382 -0.00563936 -0.00470793 -0.23872927  0.8192792   0.51052386
   0.04673444  0.06745522]
 [-0.0263247  -0.03665071  0.02965316  0.18370904 -0.14172451  0.42290482
  -0.8467456  -0.21776836]
 [-0.10793506 -0.17814061  0.08547107 -0.1201693   0.23867334 -0.4724059
  -0.45924008  0.66621035]
 [-0.09299651  0.16830987 -0.04623748  0.3993182  -0.24850217  0.4916254
   0.1932028   0.67871517]]",93
0,1,6,0.9,0.8284700512886047,"[[ 0.98695517 -0.05225367  0.14724573  0.00214511  0.0289888  -0.02574508]
 [ 0.0641871   0.9944655  -0.07022642 -0.03298958 -0.02963953  0.00445908]
 [-0.14516027  0.07885214  0.9821329  -0.05087893  0.05305222 -0.05217787]
 [-0.00611804  0.03564432  0.05130759  0.99681777 -0.04561492  0.01825638]
 [-0.02216388  0.02851564 -0.06501784  0.05021443  0.98130035 -0.17028344]
 [ 0.01411946  0.00258229  0.04406875 -0.01230308  0.17445777  0.9834963 ]]",94
1,2,6,0.9,0.8788521885871887,"[[ 0.98639923  0.0126945  -0.16339417 -0.01064606 -0.00180403 -0.0064218 ]
 [ 0.01839095  0.9797943   0.19127473 -0.05085882  0.00400789 -0.02182087]
 [ 0.16297755 -0.18917204  0.9649639   0.0372357   0.06613571  0.02713734]
 [ 0.00499333  0.05708983 -0.03021806  0.9971255   0.03647769 -0.01458567]
 [-0.00931845  0.0061029  -0.06357503 -0.03895411  0.99700624 -0.01718676]
 [ 0.00222768  0.02755693 -0.02461717  0.0116959   0.01596254  0.9991186 ]]",94
2,3,6,0.9,0.9027842283248901,"[[ 0.9490267   0.29176056 -0.08014504  0.04852812  0.02504056  0.06941839]
 [-0.28006145  0.9527745   0.05845662 -0.082858   -0.04952794 -0.03241366]
 [ 0.08880992 -0.03286796  0.98994744 -0.04364357  0.05653163  0.07704452]
 [-0.06947666  0.06494539  0.04872942  0.9936052   0.01606264  0.03273036]
 [-0.05263621  0.04204086 -0.06158309 -0.02372266  0.9866911   0.13246657]
 [-0.07368303  0.00555209 -0.06321803 -0.03256987 -0.14109129  0.98467046]]",94
3,4,6,0.9,0.8157593011856079,"[[ 0.9904084   0.1291807  -0.03330298  0.03022602 -0.00679796 -0.01829429]
 [-0.12822041  0.99017835  0.02346643 -0.02260244 -0.04309974 -0.01368321]
 [ 0.03503687 -0.01685742  0.99727106  0.01629859  0.0525193  -0.03024627]
 [-0.03301125  0.02021514 -0.01526729  0.998567    0.02278711  0.02476465]
 [-0.00107929  0.04302099 -0.05325348 -0.02281478  0.9952573  -0.06522533]
 [ 0.01822878  0.01776376  0.02686501 -0.02556129  0.06543267  0.9968428 ]]",94
4,5,7,0.9,0.8852551579475403,"[[ 0.94036716  0.32206827  0.08708174  0.05788859 -0.00956172 -0.00870223
  -0.02966744]
 [-0.32552958  0.94505715  0.02021478  0.00665064 -0.0113545   0.01100028
   0.01394738]
 [-0.07267129 -0.04370177  0.9846822  -0.10513231 -0.02246621 -0.09042586
  -0.05895417]
 [-0.05936501 -0.03028312  0.10996261  0.9837686   0.045105    0.11557855
  -0.01653296]
 [ 0.00759724  0.01363384  0.02357246 -0.05199336  0.99710965  0.04175463
   0.02294403]
 [ 0.01341329 -0.00910856  0.08022793 -0.12114111 -0.05070882  0.98656654
   0.05235   ]
 [ 0.02640335 -0.00656581  0.05766366  0.01930421 -0.02101236 -0.05666618
   0.99594647]]",94
5,6,7,0.9,0.9104986190795898,"[[ 9.9749637e-01  6.4899847e-02  1.6025530e-02 -6.4176563e-03
   4.3921042e-03 -1.0978156e-02  1.8741053e-02]
 [-6.6470921e-02  9.8085588e-01  1.7691769e-01  2.6272541e-02
   8.4498217e-03 -3.1369720e-02 -2.1394469e-02]
 [-4.7709253e-03 -1.7709766e-01  9.7949123e-01 -5.1354960e-02
   7.8267470e-02 -1.4905548e-02 -1.5008255e-02]
 [ 8.7958649e-03 -3.4487072e-02  5.7380211e-02  9.8657835e-01
  -1.4647277e-01  2.2108085e-02 -1.2679387e-02]
 [-2.5671392e-03  5.4951166e-03 -6.5896094e-02  1.4657161e-01
   9.7420955e-01  1.3835710e-01  7.6881893e-02]
 [ 9.4837127e-03  2.8779201e-02  2.7932458e-02 -4.2555299e-02
  -1.2972970e-01  9.8922735e-01 -3.3018060e-02]
 [-1.9646488e-02  1.7272078e-02  2.5003860e-02 -2.5404012e-04
  -8.0095463e-02  2.1705538e-02  9.9589354e-01]]",94
6,7,7,0.9,0.9354545474052429,"[[ 9.8938507e-01  4.9477313e-02  1.1797378e-01  1.8644383e-02
  -6.5864839e-02  3.4912517e-03 -7.3046340e-03]
 [-7.0923261e-02  9.8139143e-01  1.7052889e-01  7.0336764e-03
  -1.4649558e-02  2.8155629e-02 -4.1276611e-02]
 [-9.9731632e-02 -1.7631686e-01  9.6686822e-01 -1.2159024e-01
   7.3885746e-02  4.6666082e-02 -4.1362360e-02]
 [-2.2656593e-02 -2.7490724e-02  1.0551524e-01  9.8652744e-01
   1.1233305e-01  2.3648283e-02 -3.4397244e-02]
 [ 7.4907489e-02  3.3381086e-02 -7.5102314e-02 -1.0233288e-01
   9.8838407e-01 -3.2564716e-03 -1.5765768e-02]
 [-3.9924528e-03  1.8287504e-02  5.2306753e-02  1.7812736e-02
   1.8853738e-03 -9.9808067e-01 -2.0683877e-02]
 [ 4.9489038e-04  3.3625640e-02  5.1557403e-02  2.8161293e-02
   2.1513276e-02 -1.6809030e-02  9.9733269e-01]]",94
7,8,7,0.9,0.940162181854248,"[[ 9.9011451e-01 -1.3947824e-01  1.3400662e-02  3.2320453e-03
  -5.0773141e-03  1.2020449e-03  1.3968750e-03]
 [ 1.3390024e-01  9.6745133e-01  1.9315554e-01  5.2712511e-02
   7.4949816e-02  7.8585884e-03 -1.8485855e-02]
 [-3.9717507e-02 -1.8859954e-01  9.8063231e-01 -2.9475251e-02
   9.8200922e-04 -1.8518157e-02  5.3137296e-04]
 [-1.1206438e-02 -5.5524487e-02  1.7310625e-02  9.9515104e-01
  -1.6088733e-03 -7.8080282e-02 -8.1919041e-03]
 [-4.7271238e-03 -7.2052345e-02 -1.6541848e-02 -7.4051162e-03
   9.9493253e-01 -6.7288429e-02  6.2553757e-03]
 [-4.1972231e-03 -2.0276163e-02  1.6948182e-02  7.6636247e-02
   6.6639453e-02  9.9446523e-01 -2.9855852e-03]
 [ 1.0387874e-03  1.8118626e-02  3.3275082e-03  9.4150472e-03
  -4.6468754e-03  2.9045050e-03  9.9977040e-01]]",94
8,9,7,0.9,0.9461312890052795,"[[ 9.75036263e-01 -1.92889720e-01  9.18523893e-02 -2.15810724e-02
  -5.36604188e-02 -5.80476830e-03 -1.67972147e-02]
 [ 1.79384172e-01  9.75437045e-01  1.17527485e-01 -3.60819697e-02
  -2.46357303e-02 -2.09205877e-02 -1.35960737e-02]
 [-1.09811269e-01 -9.73480046e-02  9.88182306e-01  5.42118493e-03
   4.25285138e-02  1.10394787e-02  6.67320797e-04]
 [-5.22787869e-03  1.86255965e-02  1.70242731e-02  8.79486263e-01
  -4.73603845e-01 -1.68975238e-02 -3.54066268e-02]
 [ 6.62201121e-02  2.86375210e-02 -2.89813709e-02  4.69205409e-01
   8.74606848e-01 -9.38201621e-02 -7.85855856e-03]
 [ 1.59705617e-02  2.29716804e-02 -1.05133634e-02  5.66746444e-02
   7.35250115e-02  9.94192183e-01 -4.55046855e-02]
 [ 1.99906416e-02  1.20401159e-02  2.38254969e-03  3.66198234e-02
  -7.82960746e-03  4.35996018e-02  9.98071373e-01]]",94
9,10,8,0.9,1.1532965898513794,"[[ 9.77362156e-01 -1.58369824e-01 -1.20380670e-01  1.94361135e-02
   5.20496368e-02  1.06284162e-02 -1.97464060e-02 -4.00101282e-02]
 [ 1.31011546e-01  9.67157483e-01 -2.09726244e-01  1.41498223e-02
  -1.79399680e-02  4.51105721e-02 -2.74288300e-02  1.21597545e-02]
 [-1.46204636e-01 -1.92189977e-01 -9.62615788e-01  8.41694400e-02
  -7.91037753e-02  2.51134019e-02  2.88199037e-02  1.59699079e-02]
 [-3.12127993e-02 -3.89897823e-03 -1.08404636e-01 -7.90703237e-01
   5.84623337e-01  1.41564474e-01 -1.49032921e-02  5.30092220e-04]
 [ 5.13917245e-02 -1.25563694e-02  1.13029322e-02 -5.85652471e-01
  -8.03359449e-01  6.94853514e-02  2.96507329e-02 -5.46889529e-02]
 [ 8.25858116e-03  3.75483222e-02 -5.11024706e-02 -1.48306370e-01
   2.86559910e-02 -9.82293606e-01  3.29137850e-03 -9.04596224e-02]
 [ 2.70654391e-02  2.85878200e-02  1.82531122e-02  2.34862952e-03
   3.35496627e-02  1.35894355e-04  9.97449100e-01  4.56201434e-02]
 [-4.25112322e-02  1.37248505e-02 -8.39111023e-03  4.62251045e-02
   3.99250127e-02  8.63245502e-02  4.48367521e-02 -9.92341101e-01]]",94
10,11,9,0.9,1.7844908237457275,"[[ 9.7801429e-01 -1.5464452e-01 -8.5515983e-02 -3.6769163e-02
  -3.5791550e-02  8.7087452e-03 -1.5087873e-02  8.8048637e-02
   3.9637905e-02]
 [ 1.4571141e-01  9.8586565e-01 -4.8292842e-02 -5.1376667e-02
  -1.8460931e-03  2.1847729e-03 -1.5888894e-02  2.8126331e-02
   2.8525213e-02]
 [ 9.4989754e-02  3.2929584e-02  9.7945940e-01 -2.9170932e-02
   6.7083016e-02 -7.0420519e-02 -1.2737173e-01 -1.8467054e-02
  -6.0638975e-02]
 [ 1.9972052e-02  4.3340392e-02  7.6685123e-02  8.6399186e-01
  -3.3570465e-01 -1.3352172e-01  2.7212012e-01  1.9985105e-01
   2.9062886e-02]
 [-3.8152013e-02 -9.4196098e-03  7.4944315e-03 -2.1348453e-01
  -8.9958882e-01 -1.3612661e-02 -3.6668956e-01 -9.1751285e-02
  -2.2336345e-02]
 [-9.4064348e-04  7.7902111e-03  8.0759503e-02  9.4827376e-02
  -6.0553029e-02  9.8511910e-01  4.7745608e-02  5.8728028e-02
  -6.7596875e-02]
 [ 8.1255019e-02  2.2530463e-02  5.1655140e-02 -1.0342968e-01
  -1.6073839e-01 -1.2124783e-02  6.3622278e-01 -6.9140410e-01
  -2.6593465e-01]
 [ 1.8921280e-02  1.5890546e-02 -8.6433508e-02  5.9148576e-02
   5.7258852e-02 -6.4230092e-02 -1.6606730e-01  1.9076823e-01
  -9.5762473e-01]
 [-6.6464484e-02 -1.6786003e-02  9.1739535e-02 -4.2415968e-01
  -1.9868463e-01 -4.7063868e-02  5.8322239e-01  6.5182471e-01
  -1.6083956e-02]]",94
0,1,6,0.9,0.8301076889038086,"[[ 0.9872431  -0.00587077  0.15511332  0.00285241  0.02433591 -0.02561345]
 [ 0.025211    0.99165785 -0.1171932  -0.03799105 -0.02804796  0.00384297]
 [-0.15530354  0.11902288  0.97570074 -0.0565954   0.0612128  -0.05265471]
 [-0.00970718  0.04360735  0.05448134  0.9964869  -0.04203244  0.01682329]
 [-0.01705467  0.02198284 -0.07334597  0.04712841  0.98137665 -0.16889358]
 [ 0.01453151  0.00537232  0.04319666 -0.01175659  0.17322586  0.9837422 ]]",95
1,2,6,0.9,0.8908280730247498,"[[ 0.9864585  -0.06983735 -0.14708978 -0.01489898 -0.00218155 -0.01266396]
 [ 0.09914788  0.97055584  0.21146646 -0.05144145  0.01079715 -0.02664878]
 [ 0.12895645 -0.22121945  0.9628468   0.03172     0.0730845   0.03179083]
 [ 0.01504704  0.0558098  -0.02595791  0.99610543  0.05911203 -0.01627221]
 [-0.00915556  0.00259244 -0.07204383 -0.06080494  0.9954569   0.00936216]
 [ 0.01137827  0.03293316 -0.02661478  0.01422607 -0.01043271  0.99888253]]",95
2,3,6,0.9,0.9200331568717957,"[[ 0.9070064   0.4004766  -0.10073782  0.04256518  0.01456308  0.06918046]
 [-0.3871227   0.91271913  0.07025833 -0.08992466 -0.04949122 -0.04009579]
 [ 0.1153494  -0.02421093  0.98810256 -0.0335778   0.05330107  0.0761137 ]
 [-0.07113399  0.06298958  0.04381997  0.992814   -0.04895652  0.03123814]
 [-0.05425834  0.04474257 -0.05515479  0.03988571  0.98528975  0.14009063]
 [-0.07852367  0.00254012 -0.06005695 -0.04127819 -0.14596222  0.9834693 ]]",95
3,4,6,0.9,0.8272238373756409,"[[ 0.9923314   0.11000828 -0.03758357  0.03358413 -0.00463346 -0.02479505]
 [-0.10749992  0.99190205  0.05010844 -0.03091796 -0.0303374  -0.01367817]
 [ 0.04167597 -0.04386442  0.99617976  0.01775172  0.05584158 -0.02305291]
 [-0.03717243  0.02944073 -0.01710724  0.99769324  0.04384811  0.01200949]
 [-0.00101028  0.03078006 -0.05511391 -0.04480437  0.9947513  -0.06690712]
 [ 0.02454726  0.01704049  0.01929381 -0.01420284  0.06698652  0.9970185 ]]",95
4,5,6,0.9,0.8400747776031494,"[[ 9.3345463e-01  3.4059370e-01  9.2422441e-02  5.6901880e-02
  -2.6247513e-02 -1.3779102e-02]
 [-3.4561241e-01  9.3747294e-01  4.0152982e-02 -5.3304476e-03
  -4.2795515e-04  7.4662841e-03]
 [-6.7362837e-02 -6.6858172e-02  9.8379916e-01 -1.1666980e-01
  -7.9483376e-04 -9.7565107e-02]
 [-6.1955664e-02 -2.3433069e-02  1.2242335e-01  9.8323882e-01
  -6.5236585e-03  1.1757423e-01]
 [ 2.4316587e-02  8.9769633e-03  6.1742426e-03  4.5271041e-03
   9.9930263e-01  2.5762148e-02]
 [ 1.5720077e-02 -6.3834921e-03  8.3423100e-02 -1.2783889e-01
  -2.5727082e-02  9.8779964e-01]]",95
5,6,7,0.9,0.9246321320533752,"[[ 0.99920535  0.02469111 -0.01277151 -0.01825358  0.00316646 -0.00204003
   0.02164773]
 [-0.01936561  0.9620905   0.26780266  0.02552354  0.01158692 -0.02663543
  -0.0281678 ]
 [ 0.01797922 -0.2671089   0.9573069  -0.04409979  0.09632839 -0.02189613
  -0.01377304]
 [ 0.02043391 -0.03802823  0.05628228  0.9727325  -0.21885787  0.02685524
  -0.01183737]
 [-0.00191351  0.01039417 -0.07997889  0.21945432  0.9620772   0.11246756
   0.08420143]
 [ 0.00180401  0.01961147  0.03553142 -0.05143337 -0.09982191  0.9926449
  -0.01989678]
 [-0.02158768  0.0220517   0.02924548 -0.00751462 -0.0843844   0.00963455
   0.9954508 ]]",95
6,7,7,0.9,0.9479945302009583,"[[ 9.8990875e-01  2.8025268e-03  1.2801535e-01  1.9700222e-03
  -5.8226705e-02  3.6219656e-03 -1.6657641e-02]
 [-3.8304657e-02  9.6146369e-01  2.6709035e-01  2.8466538e-02
  -4.7668195e-03  2.4819922e-02 -3.6523618e-02]
 [-1.1760205e-01 -2.6837680e-01  9.4780833e-01 -6.8292648e-02
   8.5218810e-02  4.0921994e-02 -4.6929471e-02]
 [-2.1288535e-03 -4.3624680e-02  4.6516646e-02  9.9129063e-01
   1.0828744e-01  2.1349745e-02 -3.3007022e-02]
 [ 6.8197802e-02  3.2083213e-02 -7.9659589e-02 -1.0330519e-01
   9.8833442e-01 -4.2571542e-03 -2.1887291e-02]
 [-2.7086195e-03  1.1455648e-02  4.6285667e-02  1.9050637e-02
   7.7369233e-04 -9.9845862e-01 -2.0881440e-02]
 [ 1.0969246e-02  2.2134002e-02  5.7292931e-02  2.8807793e-02
   2.8159667e-02 -1.7401151e-02  9.9708652e-01]]",95
7,8,7,0.9,0.964377760887146,"[[ 9.9854386e-01 -4.7915805e-02 -1.6800581e-02  7.8669963e-03
   1.2925877e-02  7.3820265e-04  1.0120234e-02]
 [ 4.5073483e-02  9.8316485e-01 -1.5455493e-01  5.4384489e-02
  -6.5435044e-02  1.2472305e-02 -8.5519999e-03]
 [-2.3636116e-02 -1.5401910e-01 -9.8712379e-01 -1.4996973e-02
  -1.6636930e-02 -2.8348649e-02 -8.4429845e-04]
 [-1.0483714e-02 -5.3508766e-02 -4.5031002e-03  9.9531281e-01
   1.3347249e-02 -7.7773824e-02 -1.1499233e-02]
 [ 1.0342622e-02 -6.2336039e-02  2.7399627e-02  6.9114235e-03
  -9.9668360e-01 -4.2779896e-02  6.0478610e-04]
 [-2.3123892e-03 -2.3558842e-02 -2.5325172e-02  7.6887444e-02
  -4.1448340e-02  9.9556255e-01 -4.8728003e-03]
 [-9.8796831e-03  8.0718221e-03 -2.1772629e-03  1.2190656e-02
  -1.5021475e-04  4.0586730e-03  9.9983364e-01]]",95
8,9,7,0.9,0.9662736058235168,"[[ 9.61505234e-01 -2.61264414e-01 -5.37276715e-02 -4.03162055e-02
  -4.89056855e-02 -8.47081654e-03 -1.65191386e-02]
 [ 2.44245291e-01  9.47392046e-01 -2.03497723e-01 -2.67083589e-02
  -4.83161351e-03 -1.98096726e-02 -1.58784632e-02]
 [ 1.00990802e-01  1.82949528e-01  9.76386070e-01 -2.21327171e-02
  -4.92212139e-02 -1.01287803e-03  9.33101121e-03]
 [ 7.85323232e-03  1.40778655e-02 -1.29802171e-02  8.22778523e-01
  -5.65469563e-01 -3.74059826e-02 -3.81076299e-02]
 [-7.03592226e-02 -1.06135560e-02 -4.48472351e-02 -5.62376380e-01
  -8.21415365e-01  4.39910069e-02  2.32778257e-04]
 [ 1.58891845e-02  1.74536072e-02 -1.57752901e-03  5.37253991e-02
   1.51337786e-02  9.97596562e-01 -3.35552804e-02]
 [ 1.96993966e-02  1.01609891e-02 -1.37885967e-02  3.24560404e-02
  -2.13090423e-02  3.16444375e-02  9.98403549e-01]]",95
9,10,8,0.9,1.1212109327316284,"[[ 0.9784054  -0.17700446 -0.08841082  0.01112386  0.05615408  0.008422
  -0.01422567 -0.0050346 ]
 [ 0.15725532  0.96550566 -0.19755623 -0.0266089  -0.01454314  0.02880563
  -0.04030428  0.0258328 ]
 [ 0.11727961  0.17980026  0.97026795 -0.07139394  0.0693712  -0.04933319
  -0.00943307 -0.00807051]
 [-0.01517733 -0.0396484  -0.06945074 -0.96614885  0.20368984  0.13463245
   0.00317853  0.01746185]
 [ 0.05985891 -0.01859432  0.05039452 -0.20979023 -0.9740927  -0.00448065
   0.02493091 -0.0046156 ]
 [ 0.00463374  0.01308311 -0.06500419 -0.12814091  0.0289285  -0.98867005
  -0.00107492 -0.02924485]
 [ 0.01954684  0.04112824 -0.00251644  0.00516175  0.02508652  0.00307052
   0.992439   -0.11099378]
 [-0.00469     0.01896336 -0.01183857 -0.01298803  0.00322723  0.03227515
  -0.1118766  -0.99284494]]",95
10,11,8,0.9,1.5012338161468506,"[[ 9.75703061e-01  1.93387210e-01 -8.87092203e-03 -8.88823066e-03
   2.23324448e-02 -2.37907562e-02  1.31273018e-02  9.59693789e-02]
 [ 1.63638219e-01 -8.70042980e-01 -4.45488304e-01  1.22324787e-02
  -5.54150008e-02 -8.69871229e-02  7.80493319e-02  3.01471148e-02]
 [ 8.69139284e-02 -4.10248369e-01  8.87895286e-01  4.62668128e-02
  -8.35863873e-02 -1.18648894e-01  1.12082228e-01  4.11477871e-03]
 [ 8.00166861e-04 -4.40774634e-02  1.20003987e-02  8.62738609e-01
   3.17633957e-01  3.48586380e-01 -1.37290070e-02  1.76074743e-01]
 [-2.88224369e-02 -1.53653529e-02  1.19621530e-02 -1.42194778e-01
   8.78624260e-01 -4.37154144e-01  1.23172298e-01 -1.77466255e-02]
 [-2.77001294e-03 -3.50358337e-02  2.13293936e-02  1.54645279e-01
  -6.64888844e-02 -4.33621019e-01 -8.72734487e-01  1.42412558e-01]
 [ 1.09605998e-01 -1.34669900e-01  6.68051466e-02 -1.30125955e-01
   2.38627195e-01  4.45215374e-01 -3.76906455e-01 -7.42453218e-01]
 [-2.86266096e-02 -1.25619859e-01  8.88732076e-02 -4.38458085e-01
   2.34964013e-01  5.28137803e-01 -2.49178171e-01  6.22116387e-01]]",95
0,1,6,0.9,0.8329028487205505,"[[ 9.8629493e-01  9.9166622e-03  1.6116978e-01 -1.3271205e-03
   2.3204820e-02 -2.4658678e-02]
 [ 2.1498029e-03  9.9668050e-01 -7.0033595e-02 -3.2061532e-02
  -2.5349621e-02  6.9393939e-03]
 [-1.6349074e-01  6.9281049e-02  9.7953683e-01 -5.4207653e-02
   5.8451496e-02 -5.1218424e-02]
 [-6.7328862e-03  3.5109133e-02  5.4238807e-02  9.9732697e-01
  -2.5477447e-02  2.1674421e-02]
 [-1.6205782e-02  2.2296974e-02 -7.0335545e-02  3.1846792e-02
   9.8063904e-01 -1.7783707e-01]
 [ 1.3435781e-02  8.2393919e-05  4.1690741e-02 -1.8876499e-02
   1.8193506e-01  9.8215306e-01]]",96
1,2,6,0.9,0.8837511539459229,"[[ 9.84070837e-01 -8.69639739e-02 -1.53793558e-01 -1.47644617e-02
  -3.48502398e-03 -1.26191629e-02]
 [ 1.13049105e-01  9.75834310e-01  1.77851468e-01 -5.25407642e-02
   1.44947506e-02 -1.91200729e-02]
 [ 1.35643005e-01 -1.90912709e-01  9.68206048e-01  2.94506699e-02
   7.31210411e-02  3.89404446e-02]
 [ 1.61579791e-02  5.56438491e-02 -2.44646352e-02  9.97249424e-01
   3.91105972e-02 -2.85807252e-03]
 [-9.02694650e-03 -3.31788161e-03 -7.22532570e-02 -4.05878983e-02
   9.96117115e-01 -2.81132851e-02]
 [ 9.10295919e-03  2.50962395e-02 -3.83983329e-02 -6.29444257e-04
   2.55379695e-02  9.98579144e-01]]",96
2,3,6,0.9,0.9246558547019958,"[[ 0.9265868   0.34744412 -0.11093928  0.0552814   0.03057733  0.06649041]
 [-0.33435538  0.9348963   0.07064623 -0.06896404 -0.06291714 -0.02167604]
 [ 0.12391105 -0.02765331  0.9852601  -0.05320304  0.06980498  0.07376033]
 [-0.07377263  0.04596221  0.05834264  0.9928882   0.03757467  0.04245306]
 [-0.06321025  0.04816732 -0.07019415 -0.0442481   0.98891354  0.09407088]
 [-0.06965292 -0.00735713 -0.0602747  -0.03965318 -0.1042686   0.98945284]]",96
3,4,6,0.9,0.8476974964141846,"[[ 9.57665861e-01  2.81358659e-01 -2.45091673e-02  4.12620865e-02
  -3.06350607e-02 -2.17162892e-02]
 [-2.79541492e-01  9.56422269e-01  6.71757683e-02 -3.06769628e-02
  -3.06911860e-02 -2.67846603e-02]
 [ 4.44272086e-02 -5.71206473e-02  9.95103061e-01 -2.95933560e-02
   5.11287488e-02 -3.23043019e-02]
 [-4.66203243e-02  1.65861100e-02  3.17592584e-02  9.98128712e-01
   1.64135620e-02 -3.51772853e-03]
 [ 1.74522884e-02  3.69201116e-02 -5.38020171e-02 -1.47905787e-02
   9.90719974e-01 -1.17016196e-01]
 [ 1.67569518e-02  3.45371924e-02  2.74487883e-02  9.06088157e-04
   1.17089197e-01  9.91999090e-01]]",96
4,5,6,0.9,0.8295747637748718,"[[ 0.91143215  0.39813763  0.08216863  0.06077882 -0.0158787  -0.0089385 ]
 [-0.4043671   0.9130387   0.03657556  0.03000264 -0.02072794  0.01341612]
 [-0.05647745 -0.06020109  0.98483425 -0.11392526 -0.0380379  -0.09413737]
 [-0.04858986 -0.06014353  0.11930179  0.9821207   0.0103362   0.12296801]
 [ 0.0055602   0.02299332  0.04440635 -0.0232391   0.99584484  0.07225947]
 [ 0.01403681 -0.00875357  0.07620545 -0.13162772 -0.07783005  0.9851577 ]]",96
5,6,6,0.9,0.849751889705658,"[[ 9.96128142e-01  6.92750514e-02 -4.11329567e-02  3.56921402e-04
   2.64006462e-02  2.32495982e-02]
 [-5.92483357e-02  9.77077842e-01  2.03392819e-01  7.54979579e-03
   5.09391166e-03 -1.88909937e-02]
 [ 5.28869405e-02 -1.99933887e-01  9.74865735e-01 -5.27809188e-02
   6.20556548e-02 -1.51461195e-02]
 [ 6.16306067e-03 -1.80633944e-02  5.89153692e-02  9.87513304e-01
  -1.39869481e-01  3.76654901e-02]
 [-3.18665169e-02  5.17203426e-03 -4.97441441e-02  1.36000991e-01
   9.77518737e-01  1.49813533e-01]
 [-1.91770680e-02  1.38994334e-02  2.51130927e-02 -5.89766279e-02
  -1.42547324e-01  9.87426162e-01]]",96
6,7,6,0.9,0.8588001728057861,"[[ 0.9964812   0.0036424   0.05012582  0.01192259 -0.06599203 -0.00152061]
 [-0.01989275  0.9622865   0.26647502  0.01493499 -0.04270445  0.02352547]
 [-0.04287931 -0.26319873  0.95695746 -0.09822145  0.04628821  0.03647017]
 [-0.00579755 -0.0323395   0.08377862  0.984135    0.15166008  0.01947478]
 [ 0.0688682   0.05933745 -0.04306818 -0.14560972  0.98421293 -0.00204121]
 [-0.00380488  0.01229682  0.0428613   0.01623247  0.00173038 -0.99886477]]",96
7,8,6,0.9,0.855233907699585,"[[ 0.9939556  -0.10243327 -0.0324484   0.00490907 -0.02074947 -0.007219  ]
 [ 0.0934744   0.9642953  -0.22859131  0.0495214   0.07867774  0.02237415]
 [-0.05521347 -0.22200741 -0.9726343  -0.01551893 -0.02065862 -0.03129084]
 [-0.00919714 -0.05738265 -0.00211779  0.99019694  0.10509555 -0.07129493]
 [ 0.01311377 -0.07603095 -0.00166724 -0.11157797  0.99029    -0.03034324]
 [ 0.00311023 -0.03579479 -0.02585343  0.06590109  0.0351174   0.9962251 ]]",96
8,9,6,0.9,0.8663509488105774,"[[ 0.94270974 -0.32659832 -0.02754006 -0.06204512 -0.00263347  0.00412258]
 [ 0.31793553  0.93667966 -0.13775529 -0.03694025  0.00985932  0.03331629]
 [ 0.07275547  0.12174867  0.9893493   0.02412059  0.02129289 -0.00605934]
 [-0.00875711 -0.01491162 -0.01655655 -0.08652351  0.99499136  0.04396411]
 [ 0.06703489  0.00816708 -0.03142263  0.9909319   0.08305094  0.07489087]
 [ 0.0187551   0.02920602 -0.01383935  0.06907649  0.05037198 -0.9956379 ]]",96
9,10,7,0.9,1.022088885307312,"[[ 9.65745687e-01 -2.39385173e-01 -5.25572672e-02 -7.19780475e-02
   4.00829650e-02  1.44379158e-02 -1.64882671e-02]
 [ 2.25057900e-01  9.51653183e-01 -2.03844309e-01  1.39463702e-02
  -4.61388379e-03  3.58862989e-02 -2.54783854e-02]
 [ 9.88302827e-02  1.85848296e-01  9.71918464e-01  4.10694145e-02
   8.64880905e-02 -4.15884405e-02 -1.30761238e-02]
 [ 5.40812649e-02 -3.96051779e-02 -4.68592420e-02  9.81563687e-01
   1.36886910e-01  1.01413071e-01  2.86522117e-02]
 [-5.76347858e-02  2.08639874e-04 -7.02722669e-02 -1.47737443e-01
   9.77273047e-01  1.17886186e-01 -3.08871511e-02]
 [-1.66069362e-02 -1.89656876e-02  6.24532178e-02 -8.13678354e-02
  -1.27338067e-01  9.86137033e-01  1.27369780e-02]
 [ 1.98618043e-02  2.41491031e-02  5.03301388e-03 -3.19936685e-02
   2.96040960e-02 -1.12334164e-02  9.98484313e-01]]",96
10,11,7,0.9,1.4599062204360962,"[[-0.97185105  0.21212493  0.03596771 -0.02003665  0.08174466  0.01977207
   0.04171595]
 [-0.20260647 -0.80433404 -0.5418156   0.07418757 -0.03684255  0.06485362
  -0.08582485]
 [-0.08924317 -0.49791858  0.8306514   0.14030275 -0.05181037  0.10481642
  -0.1441366 ]
 [ 0.00662749  0.10295185 -0.06086048  0.9740618   0.05564843 -0.14610077
   0.1114201 ]
 [ 0.07606341  0.04526582 -0.03590468  0.07000628  0.6664219   0.7345685
  -0.04760592]
 [-0.00983315  0.02190461 -0.00503045  0.05036316 -0.58901     0.5661834
   0.5739036 ]
 [ 0.02377983 -0.21679218  0.10070726 -0.13481902  0.4417334  -0.32080638
   0.7912473 ]]",96
0,1,6,0.9,0.8362528681755066,"[[ 0.9863885  -0.02882153  0.15882075  0.00142222  0.02450155 -0.01951323]
 [ 0.04125985  0.99574566 -0.06991767 -0.03252482 -0.02766008  0.00876291]
 [-0.15792416  0.0756119   0.9802271  -0.05327985  0.05505357 -0.051264  ]
 [-0.00776422  0.03567994  0.05307284  0.99721414 -0.02497494  0.02811042]
 [-0.01636177  0.02581611 -0.06736305  0.03216615  0.9803113  -0.18023102]
 [ 0.00821019 -0.00179493  0.04108311 -0.02511414  0.18430896  0.98165214]]",97
1,2,6,0.9,0.8888617753982544,"[[ 9.8592627e-01 -5.9757963e-02 -1.5550195e-01 -1.1190995e-02
  -4.3472783e-03 -7.3154205e-03]
 [ 8.4815726e-02  9.8123217e-01  1.6481216e-01 -4.7930390e-02
   1.0187711e-02 -2.0627668e-02]
 [ 1.4335144e-01 -1.7421740e-01  9.7028136e-01  2.3366956e-02
   7.5490445e-02  3.7522350e-02]
 [ 1.1355122e-02  5.0685305e-02 -2.0788277e-02  9.9700743e-01
   5.3333268e-02  1.3275901e-03]
 [-8.1770131e-03 -8.6948829e-04 -7.3369212e-02 -5.4552678e-02
   9.9484479e-01 -4.3095537e-02]
 [ 3.2217172e-03  2.6284935e-02 -3.7349407e-02 -5.6324867e-03
   4.0223714e-02  9.9812526e-01]]",97
2,3,6,0.9,0.9275158643722534,"[[ 0.90012324  0.4137942  -0.10111835  0.05464978  0.03003851  0.06662308]
 [-0.40120652  0.90814906  0.07578384 -0.06261275 -0.06333406 -0.0249782 ]
 [ 0.11921904 -0.02734672  0.984626   -0.06859488  0.06729579  0.07947731]
 [-0.07470616  0.03651173  0.06997825  0.989508    0.08742685  0.03767326]
 [-0.06318729  0.04338759 -0.07330246 -0.09215967  0.98453194  0.10466678]
 [-0.07088454 -0.00873195 -0.06537069 -0.02771627 -0.11666713  0.98805183]]",97
3,4,6,0.9,0.8499906063079834,"[[ 0.97470313  0.21644327 -0.01609123  0.04203847 -0.02725215 -0.01836695]
 [-0.21636789  0.97400796  0.04904898 -0.01341747 -0.03403431 -0.02737322]
 [ 0.02836885 -0.04381492  0.99592817 -0.03731046  0.04849525 -0.04072624]
 [-0.04225171  0.00374513  0.03833591  0.9979333   0.02341466  0.01766101]
 [ 0.01703258  0.03738417 -0.05269788 -0.01848781  0.9902319  -0.12097226]
 [ 0.01608462  0.03360765  0.03486525 -0.02116372  0.12099499  0.99111474]]",97
4,5,6,0.9,0.8231310248374939,"[[ 0.92781776  0.3565632   0.0898858   0.06247115 -0.00197609 -0.00554881]
 [-0.36355752  0.9296776   0.03951593  0.03720876 -0.01836362  0.01556602]
 [-0.06563208 -0.06340189  0.98585564 -0.09172752 -0.05312536 -0.09233145]
 [-0.05027963 -0.06399486  0.09822618  0.98302335  0.05885009  0.11802519]
 [-0.00445756  0.01726124  0.05433783 -0.07266607  0.99308765  0.07229217]
 [ 0.0111611  -0.01221365  0.0764641  -0.12117587 -0.0845588   0.98592377]]",97
5,6,6,0.9,0.847727358341217,"[[ 9.9782574e-01  5.1652733e-02 -2.3716731e-02 -5.6116842e-04
   2.4600148e-02  2.2536963e-02]
 [-4.6366327e-02  9.8368120e-01  1.7197001e-01  1.4938619e-02
   2.8375332e-04 -2.0604599e-02]
 [ 3.1308144e-02 -1.6982640e-01  9.8229587e-01 -5.2018143e-02
   4.7831181e-02 -1.6733518e-02]
 [ 5.6804316e-03 -2.3790723e-02  5.4717414e-02  9.8978895e-01
  -1.2708658e-01  2.3972576e-02]
 [-2.8779052e-02  6.1251908e-03 -3.6435168e-02  1.2419647e-01
   9.7870106e-01  1.5660848e-01]
 [-1.8797494e-02  1.6086547e-02  2.5243815e-02 -4.4314887e-02
  -1.5198745e-01  9.8675561e-01]]",97
6,7,6,0.9,0.8642818331718445,"[[ 9.9426764e-01  2.9446961e-02  7.4791677e-02  3.2477446e-02
  -6.2312465e-02  5.7595652e-03]
 [-4.8644047e-02  9.7230977e-01  2.2232106e-01  1.9805579e-02
  -4.1915957e-02 -2.5912976e-02]
 [-5.9666820e-02 -2.2059382e-01  9.6386904e-01 -1.2656829e-01
   3.0745842e-02 -4.2070813e-02]
 [-2.9307032e-02 -4.0820006e-02  1.1158747e-01  9.7994071e-01
   1.5571624e-01 -2.2171905e-02]
 [ 6.7408890e-02  5.6539640e-02 -3.3779010e-02 -1.4822842e-01
   9.8445225e-01 -5.7237619e-04]
 [-1.0123507e-02  1.4894688e-02  4.8407666e-02  1.6668368e-02
   4.5890240e-03  9.9851561e-01]]",97
7,8,6,0.9,0.857792854309082,"[[ 0.9888204  -0.14196241  0.04353147  0.00218213 -0.01323965  0.00243075]
 [ 0.129825    0.9628949   0.21612473  0.04047317  0.08536311 -0.01854709]
 [-0.07288534 -0.20580345  0.9749893  -0.00635102 -0.02633155  0.03154313]
 [-0.0076171  -0.04986863 -0.00348156  0.9875212   0.13042329  0.07235038]
 [ 0.00127618 -0.08213742  0.00666685 -0.13833486  0.9853778   0.05569115]
 [ 0.00279693  0.03303831 -0.02710246 -0.06310402 -0.06216864  0.99514776]]",97
8,9,6,0.9,0.8663947582244873,"[[ 0.95944405 -0.2699287  -0.05343065 -0.05638894 -0.02028212  0.0126356 ]
 [ 0.26193696  0.9592124  -0.09615169 -0.03370037 -0.01016925  0.02857272]
 [-0.07986993 -0.07907564 -0.99273074 -0.02742549 -0.0331237   0.00200819]
 [-0.01865248 -0.00798145 -0.00999301 -0.55828667  0.82829434  0.04163054]
 [ 0.05966678  0.0113492  -0.04678326  0.8253479   0.55292577  0.08483031]
 [-0.02385052 -0.0245904   0.00984962 -0.0452671  -0.08117706  0.99503297]]",97
9,10,6,0.9,0.9212963581085205,"[[ 0.9710148  -0.21696821 -0.05983407 -0.07490981  0.0233374   0.01785252]
 [ 0.19889046  0.95135283 -0.23188137  0.01362201 -0.00930546  0.03646001]
 [ 0.10881557  0.21405984  0.96599025  0.03810199  0.08329964 -0.02845611]
 [ 0.06679573 -0.03838778 -0.03055572  0.9926317  -0.0697621   0.05428316]
 [-0.02870393 -0.00981911 -0.07737207  0.06012582  0.98346406  0.14925306]
 [-0.02112632 -0.02147152  0.05092742 -0.06179349 -0.14269389  0.98606247]]",97
10,11,7,0.9,1.3823124170303345,"[[ 9.7537577e-01  2.0221379e-01  4.3573435e-02 -3.1656347e-02
   5.7175256e-02  1.2932994e-02 -3.7611082e-02]
 [ 1.9137017e-01 -7.7760887e-01 -5.8805817e-01  6.9808118e-02
   1.3388513e-02  4.3232240e-02  7.7253841e-02]
 [ 8.6768322e-02 -5.5034089e-01  7.9929495e-01  1.4854456e-01
   2.3791267e-02  6.9712929e-02  1.5242125e-01]
 [ 3.2472599e-04  1.1011360e-01 -6.1669666e-02  9.5881277e-01
   1.1620882e-01 -1.6276774e-01 -1.5732770e-01]
 [-6.5299526e-02  5.4376107e-02 -3.2032065e-02 -2.4293054e-02
   8.8015252e-01  4.5870945e-01  7.7975199e-02]
 [-2.8077734e-03 -7.5316671e-03  8.6101452e-03  1.0243953e-01
  -3.6748451e-01  7.9249412e-01 -4.7568437e-01]
 [-1.4790593e-02 -1.9084156e-01  9.2266671e-02 -2.0409134e-01
   2.6975521e-01 -3.5797930e-01 -8.4396517e-01]]",97
0,1,6,0.9,0.8339046835899353,"[[ 9.8659617e-01 -1.4259890e-02  1.5923211e-01  2.1309322e-03
   2.3231028e-02 -2.2927459e-02]
 [ 2.5767399e-02  9.9650586e-01 -6.5112151e-02 -3.6701247e-02
  -2.5993383e-02  7.0646536e-03]
 [-1.5967740e-01  6.8087228e-02  9.8040652e-01 -5.2569058e-02
   5.6015823e-02 -5.2622490e-02]
 [-8.7531209e-03  3.9492056e-02  5.2299548e-02  9.9706990e-01
  -2.5711350e-02  2.8621642e-02]
 [-1.6005628e-02  2.4019746e-02 -6.8248242e-02  3.2972742e-02
   9.8002124e-01 -1.8160489e-01]
 [ 1.1596738e-02 -5.6274200e-04  4.2609937e-02 -2.5485752e-02
   1.8586099e-01  9.8125219e-01]]",98
1,2,6,0.9,0.8787454962730408,"[[ 9.8699337e-01 -6.0315263e-02 -1.4831087e-01 -1.2325202e-02
  -4.0616104e-03 -6.4507900e-03]
 [ 8.2081519e-02  9.8349476e-01  1.5124232e-01 -5.0742004e-02
   7.7897827e-03 -2.2159612e-02]
 [ 1.3745663e-01 -1.5930390e-01  9.7316355e-01  3.0108482e-02
   7.8778662e-02  3.9599203e-02]
 [ 1.1822953e-02  5.4321967e-02 -2.7635375e-02  9.9685603e-01
   4.9224116e-02  7.7418197e-04]
 [-8.1486404e-03  1.2088435e-03 -7.6383054e-02 -5.1207915e-02
   9.9525410e-01 -3.0736789e-02]
 [ 2.4868136e-03  2.7750464e-02 -3.8526893e-02 -4.7491561e-03
   2.7621761e-02  9.9847579e-01]]",98
2,3,6,0.9,0.9115798473358154,"[[ 0.9309624   0.33692363 -0.10474862  0.05937229  0.02836519  0.06700443]
 [-0.32435548  0.9389984   0.07075681 -0.06576297 -0.05711166 -0.02196638]
 [ 0.11822482 -0.03152553  0.9853678  -0.05770149  0.0670568   0.07907737]
 [-0.07550061  0.04247893  0.06254921  0.9925122   0.04918418  0.03291128]
 [-0.05849143  0.04395827 -0.07086642 -0.05446811  0.9870546   0.11126857]
 [-0.07073803 -0.00581748 -0.06431976 -0.02780963 -0.12141283  0.9875782 ]]",98
3,4,6,0.9,0.8323377370834351,"[[ 0.98327607  0.17368725 -0.02753756  0.03856008 -0.0237001  -0.01393146]
 [-0.17225     0.9822032   0.05874846 -0.01970973 -0.03415565 -0.02450504]
 [ 0.03877155 -0.05275274  0.9956783  -0.02712605  0.04456672 -0.04020683]
 [-0.03952559  0.01305608  0.02909512  0.99791145  0.03047279  0.02578741]
 [ 0.01560117  0.03701635 -0.04793855 -0.02610807  0.99236065 -0.10308744]
 [ 0.01375852  0.02803961  0.03564196 -0.02966536  0.10284591  0.9931248 ]]",98
4,5,6,0.9,0.8131503462791443,"[[ 9.24541056e-01  3.66545171e-01  8.47869739e-02  6.00891374e-02
  -8.19802191e-03  1.32697180e-03]
 [-3.71614963e-01  9.27497745e-01  2.47151814e-02  2.23862529e-02
  -1.73681639e-02  1.53849842e-02]
 [-6.48968518e-02 -4.91422080e-02  9.86537576e-01 -9.72619057e-02
  -4.11252305e-02 -9.46884900e-02]
 [-5.37875593e-02 -4.94739339e-02  1.03375345e-01  9.84760106e-01
   2.79232971e-02  1.15933411e-01]
 [ 2.95893115e-04  1.74529068e-02  4.47468795e-02 -3.97194698e-02
   9.95924234e-01  6.51949942e-02]
 [ 4.62452462e-03 -1.50145870e-02  7.90898651e-02 -1.22874439e-01
  -7.27677047e-02  9.86460745e-01]]",98
5,6,6,0.9,0.8325921893119812,"[[ 0.99793845  0.05626256 -0.02112887 -0.00390077  0.01928193  0.01094469]
 [-0.05062858  0.9778825   0.2015079   0.01069222  0.00206273 -0.02141692]
 [ 0.03059563 -0.19922964  0.97536594 -0.06103859  0.06356302 -0.01633044]
 [ 0.0089863  -0.02308857  0.06649273  0.9869184  -0.14178552  0.0292194 ]
 [-0.02151604  0.00882996 -0.05000703  0.13984746  0.9775713   0.14749683]
 [-0.00869845  0.01664249  0.02621733 -0.05078847 -0.14083602  0.9882033 ]]",98
6,7,6,0.9,0.8483633399009705,"[[ 9.93395209e-01  3.79806422e-02  8.19918066e-02  2.05986351e-02
  -6.76477700e-02 -5.25536248e-04]
 [-5.78624047e-02  9.71529841e-01  2.26612285e-01  9.98029392e-03
  -2.67273132e-02  2.47943159e-02]
 [-6.55134544e-02 -2.27259293e-01  9.63349938e-01 -1.12169638e-01
   4.35114019e-02  3.92796062e-02]
 [-1.97011717e-02 -3.21308933e-02  9.98261198e-02  9.87375498e-01
   1.14095345e-01  2.61946935e-02]
 [ 7.15104789e-02  4.24325950e-02 -4.24187034e-02 -1.07338645e-01
   9.89828408e-01  2.11796886e-03]
 [-4.90165642e-03  1.44105414e-02  4.60062772e-02  2.14979071e-02
   6.17586775e-03 -9.98574674e-01]]",98
7,8,7,0.9,0.9245444536209106,"[[ 9.9181110e-01 -1.1726318e-01 -4.6945296e-02  7.5091338e-03
  -1.6160589e-02  3.3949798e-03  5.2252980e-03]
 [ 1.0430857e-01  9.6407127e-01 -2.2419690e-01  5.6922834e-02
   7.5229488e-02 -1.5021249e-02 -1.7227704e-02]
 [-7.1845420e-02 -2.1563025e-01 -9.7296590e-01 -1.5507237e-02
  -1.7782517e-02  3.3437550e-02  2.1005131e-03]
 [-1.4077328e-02 -5.9887692e-02 -1.3831707e-04  9.9484032e-01
   4.6658810e-02  6.5796979e-02 -1.3079669e-03]
 [ 7.6312185e-03 -7.4111037e-02  3.5951924e-04 -5.4398336e-02
   9.9432373e-01  5.1790498e-02  1.1320064e-02]
 [-1.0769529e-03 -3.0324871e-02 -2.9406071e-02  6.1488286e-02
   5.3179067e-02 -9.9564332e-01 -1.7320998e-02]
 [-3.3593308e-03  1.7916502e-02 -2.0877663e-03  3.9575375e-03
  -8.8591808e-03 -1.8099381e-02  9.9962074e-01]]",98
8,9,7,0.9,0.9363873600959778,"[[ 0.9651273  -0.25020635 -0.04120034 -0.06105941  0.0126751   0.00803981
  -0.01658671]
 [ 0.24067634  0.96068716 -0.12818734 -0.03290081  0.01674794  0.0307935
  -0.02029395]
 [ 0.07446564  0.11475839  0.9896584   0.03907407  0.01505344 -0.00219737
   0.01016296]
 [-0.01076671 -0.01411766 -0.01689168  0.11210308  0.99298465  0.0253128
  -0.01315664]
 [ 0.06441329  0.01147839 -0.04323464  0.9878602  -0.1133026   0.07145534
  -0.00623757]
 [-0.01849497 -0.02723554  0.00939137 -0.07176449 -0.01711019  0.9956675
   0.04506927]
 [ 0.02126174  0.01531635 -0.01427951  0.00880693  0.01354644 -0.04338051
   0.9984821 ]]",98
9,10,7,0.9,1.002691626548767,"[[ 9.72172141e-01 -2.10380733e-01 -5.38098589e-02 -7.14547262e-02
   4.19036485e-02  1.81200393e-02 -2.31460594e-02]
 [ 1.91871241e-01  9.50924993e-01 -2.37627923e-01  8.33123829e-03
  -1.75023323e-03  3.73132750e-02 -3.15477289e-02]
 [ 1.01566210e-01  2.21059591e-01  9.63288188e-01  5.26138134e-02
   8.96044150e-02 -4.27292623e-02 -1.64287090e-02]
 [ 4.23915684e-02 -3.76607403e-02 -7.00151846e-02  9.41461861e-01
   3.03124547e-01  1.15381956e-01  1.82899870e-02]
 [-6.91515207e-02 -4.90698556e-04 -5.95274381e-02 -3.14291000e-01
   9.40834761e-01  8.52659568e-02 -2.13320274e-02]
 [-1.84588637e-02 -1.67851225e-02  6.51865527e-02 -8.05307403e-02
  -1.12612233e-01  9.86966789e-01  4.31062728e-02]
 [ 2.88330931e-02  3.02309860e-02  4.29381197e-03 -2.10259333e-02
   2.18154006e-02 -4.20349240e-02  9.97773170e-01]]",98
10,11,7,0.9,1.4294719696044922,"[[-9.74572837e-01  2.05003649e-01  3.70936021e-02 -1.20341983e-02
   7.81663433e-02  1.94269605e-02 -1.31607261e-02]
 [-1.91896766e-01 -7.83618271e-01 -5.68097711e-01  8.09629411e-02
  -6.02085665e-02  8.42391700e-02  9.54289436e-02]
 [-8.45040977e-02 -5.29847145e-01  8.17624807e-01  1.20464541e-01
  -3.59009355e-02  1.00211434e-01  1.33296341e-01]
 [ 7.28349609e-04  1.02489397e-01 -4.03599441e-02  9.70260739e-01
  -6.60608187e-02 -1.74351439e-01 -1.08158015e-01]
 [ 7.50624612e-02  5.59561253e-02 -4.04147767e-02  1.67388052e-01
   6.49817646e-01  7.34310031e-01 -1.03988033e-02]
 [-2.44097896e-02  1.61350574e-02  2.05436703e-02 -1.59444511e-02
  -5.91707706e-01  5.20960093e-01 -6.13962650e-01]
 [-3.43199866e-03 -2.21996322e-01  6.07824363e-02 -9.54444185e-02
   4.60685313e-01 -3.76131505e-01 -7.64327109e-01]]",98
0,1,6,0.9,0.8293322920799255,"[[ 0.9852183  -0.04375997  0.16244097  0.0036189   0.02473148 -0.02045226]
 [ 0.05980387  0.99295753 -0.08968561 -0.04007898 -0.02832211  0.00264058]
 [-0.15922877  0.09739517  0.9775402  -0.05691883  0.05839643 -0.05409052]
 [-0.00950351  0.04479193  0.05514643  0.99666643 -0.03274148  0.02112188]
 [-0.01554258  0.02455633 -0.07074352  0.03849983  0.98189235 -0.16898477]
 [ 0.00910199  0.00503688  0.04403355 -0.01773373  0.17318022  0.9836905 ]]",99
1,2,6,0.9,0.8802023530006409,"[[ 9.88224208e-01 -4.20140214e-02 -1.46570057e-01 -1.19312815e-02
  -5.85737173e-04 -4.71748598e-03]
 [ 6.56806827e-02  9.82105851e-01  1.66395351e-01 -5.12665510e-02
   4.79839742e-03 -2.85555143e-02]
 [ 1.37418330e-01 -1.71547651e-01  9.71709669e-01  3.27844135e-02
   7.33762011e-02  3.17662582e-02]
 [ 1.00556575e-02  5.60957305e-02 -2.96475738e-02  9.96168196e-01
   5.93342297e-02  1.18304091e-03]
 [-1.04791336e-02  4.28648246e-03 -7.05327988e-02 -6.15171343e-02
   9.95496571e-01 -9.95499920e-03]
 [ 2.05796678e-03  3.33045200e-02 -2.75013782e-02 -4.35682340e-03
   7.65080238e-03  9.99025881e-01]]",99
2,3,6,0.9,0.8969292044639587,"[[ 0.9106876   0.39481992 -0.08501592  0.05311414  0.0142939   0.06717286]
 [-0.38115892  0.91538763  0.0792655  -0.07830425 -0.05315451 -0.03928596]
 [ 0.10426014 -0.03862645  0.9881894  -0.03717974  0.05502589  0.08191067]
 [-0.0772025   0.05051114  0.04532691  0.99445695  0.01269165  0.01811636]
 [-0.0520142   0.04605353 -0.06159683 -0.01906633  0.9821261   0.16261603]
 [-0.07635542  0.00428613 -0.06420504 -0.01889136 -0.17090768  0.9800321 ]]",99
3,4,6,0.9,0.8124752640724182,"[[ 0.9950158   0.08796223 -0.02434804  0.03328991 -0.01056626 -0.01984029]
 [-0.08722201  0.9944933   0.0366248  -0.0153044  -0.03983026 -0.01460873]
 [ 0.02699099 -0.03295577  0.99740034  0.00386161  0.04643503 -0.03473946]
 [-0.03368529  0.01429164 -0.00271793  0.99820036  0.03157248  0.03539725]
 [ 0.00517669  0.04039976 -0.04780429 -0.02911147  0.9943087  -0.08098526]
 [ 0.02111832  0.01798127  0.03107582 -0.03730002  0.08061732  0.99517566]]",99
4,5,7,0.9,0.8829216957092285,"[[ 0.9461669   0.29967824  0.09825207  0.06521665 -0.01516805 -0.00365632
  -0.02847754]
 [-0.30441302  0.9517439   0.0314731   0.00249571 -0.00611616  0.01366824
   0.01718051]
 [-0.08050126 -0.05564792  0.98414946 -0.09657545 -0.01415567 -0.08860969
  -0.06703587]
 [-0.06848681 -0.02896904  0.09923796  0.985164    0.0311376   0.1137348
  -0.01299492]
 [ 0.01414484  0.00990251  0.01583071 -0.03436638  0.99875045  0.02320423
   0.01513957]
 [ 0.00949714 -0.01460358  0.0801779  -0.12025291 -0.02912812  0.9875595
   0.05181761]
 [ 0.02529181 -0.01136685  0.06541049  0.01495906 -0.01454578 -0.05657144
   0.99564904]]",99
5,6,7,0.9,0.9016901850700378,"[[ 9.9875891e-01  4.4807974e-02 -1.2954322e-02 -5.4127616e-03
   4.3447572e-03 -5.2456860e-04  1.6016871e-02]
 [-4.0448800e-02  9.7365737e-01  2.2100365e-01  1.9578993e-02
   9.0051750e-03 -2.5824370e-02 -1.9526647e-02]
 [ 2.2081688e-02 -2.1989100e-01  9.6971071e-01 -4.9387995e-02
   8.7554134e-02 -1.9286742e-02 -1.8563736e-02]
 [ 8.7107858e-03 -3.1138869e-02  6.2021095e-02  9.7308874e-01
  -2.1814668e-01  1.7862150e-02 -1.7294146e-02]
 [-5.4426477e-03  7.3260618e-03 -6.9741584e-02  2.1927612e-01
   9.6123505e-01  1.2879802e-01  8.0056131e-02]
 [ 7.2696933e-04  2.0493329e-02  3.2057077e-02 -4.6456762e-02
  -1.1765567e-01  9.9083948e-01 -2.8068053e-02]
 [-1.5837427e-02  1.3721057e-02  3.0208359e-02 -2.4879873e-03
  -8.2647316e-02  1.7027216e-02  9.9575180e-01]]",99
6,7,7,0.9,0.93254554271698,"[[ 9.8876137e-01  5.1816836e-02  1.2482043e-01  1.1626580e-02
  -5.8318783e-02  5.7125026e-03 -2.2734836e-02]
 [-8.0074281e-02  9.7099525e-01  2.1878761e-01  1.5593203e-02
  -3.9799651e-03  2.7850658e-02 -4.3052800e-02]
 [-1.0550980e-01 -2.2645260e-01  9.5928222e-01 -9.2706949e-02
   6.8366058e-02  3.8264979e-02 -5.1302355e-02]
 [-1.4751153e-02 -3.6080923e-02  7.6222949e-02  9.9106109e-01
   9.3755171e-02  2.4567714e-02 -3.2789446e-02]
 [ 6.6198558e-02  2.5106791e-02 -6.7013338e-02 -8.7416880e-02
   9.9121892e-01  4.3286025e-03 -1.7918801e-02]
 [-9.8114146e-04  1.7306563e-02  4.3898087e-02  2.0407334e-02
   8.3210524e-03 -9.9835461e-01 -2.3975525e-02]
 [ 1.4348064e-02  3.1155130e-02  6.4045355e-02  2.7695531e-02
   2.3125997e-02 -1.9830218e-02  9.9650717e-01]]",99
7,8,7,0.9,0.9424210786819458,"[[ 9.94588196e-01 -9.08453166e-02  4.77058738e-02  1.18285734e-02
  -9.65777785e-03  4.05814359e-03  4.00320347e-03]
 [ 8.01426470e-02  9.75354731e-01  1.83784157e-01  6.42768741e-02
   6.39516562e-02  9.66888946e-03 -1.29964119e-02]
 [-6.28963709e-02 -1.78316131e-01  9.81138706e-01 -2.21766029e-02
   6.50381902e-03 -3.27885859e-02  2.23589176e-03]
 [-1.76783223e-02 -6.55051321e-02  6.79523312e-03  9.94591713e-01
   1.25071155e-02 -7.71211982e-02 -5.78789227e-03]
 [ 5.58067020e-03 -6.02328181e-02 -1.94859095e-02 -2.05223989e-02
   9.96259093e-01 -5.48235923e-02 -1.46945938e-03]
 [-7.90901762e-03 -2.36472171e-02  2.97998004e-02  7.44073391e-02
   5.54367453e-02  9.94700849e-01 -2.12324914e-02]
 [-3.06243333e-03  1.24729527e-02  6.47457666e-04  8.14663991e-03
   3.56988609e-03  2.07827929e-02  9.99661803e-01]]",99
8,9,8,0.9,1.0341588258743286,"[[ 9.7004956e-01 -2.2411188e-01 -6.3282900e-02 -4.2041168e-02
  -4.8359010e-02 -1.0287567e-02 -2.2207048e-02  8.2399473e-03]
 [ 2.1000318e-01  9.6421856e-01 -1.5434957e-01 -2.3750391e-02
  -1.6455565e-02 -2.1159995e-02 -1.6491262e-02  2.8333874e-02]
 [-9.6174441e-02 -1.3743889e-01 -9.8531550e-01 -1.5772589e-02
   1.8585512e-02  3.9341599e-03 -1.2976148e-02  1.5372336e-02]
 [-3.2811658e-03  2.1713509e-03 -2.3874942e-02  7.4255967e-01
  -6.6794705e-01 -2.4624651e-02 -2.9950738e-02  1.9056540e-02]
 [ 6.6113889e-02  1.0329914e-02 -3.5328637e-03  6.6186237e-01
   7.4069244e-01 -6.5513797e-02 -1.7709743e-02  6.4938270e-02]
 [ 1.7628005e-02  1.8394584e-02  3.8872263e-04  5.8095526e-02
   3.0645972e-02  9.9609619e-01 -4.3559060e-02  3.0521717e-02]
 [ 2.5003690e-02  9.3086306e-03 -1.6766835e-02  3.2913327e-02
  -7.9619810e-03  4.0105972e-02  9.9732417e-01  3.9955515e-02]
 [-1.8308107e-02 -2.5109557e-02  2.1472236e-02 -5.9200890e-02
  -3.5555091e-02 -2.6767744e-02 -3.6097180e-02  9.9588388e-01]]",99
9,10,9,0.9,1.1835806369781494,"[[ 9.75021303e-01 -1.73325986e-01 -8.20623934e-02 -4.34516445e-02
   6.70124516e-02  1.68264229e-02 -3.53421643e-02 -6.54120371e-02
   1.91713497e-02]
 [ 1.48925677e-01  9.61342752e-01 -2.23974392e-01  1.02560325e-02
  -2.71854014e-03  2.63065211e-02 -3.91830392e-02 -3.15898694e-02
  -1.17841242e-02]
 [ 1.15401022e-01  2.06225112e-01  9.63967741e-01  8.27888325e-02
   7.71623924e-02 -4.01902981e-02 -1.77171361e-02 -9.54265799e-03
   9.57541447e-03]
 [-8.90999380e-03 -3.57511006e-02 -9.53300670e-02  8.97004902e-01
   4.01059002e-01  1.42988056e-01 -1.60510894e-02 -5.81819378e-02
  -5.65694063e-04]
 [ 7.52798095e-02 -1.34548601e-02  3.08258943e-02  4.04563278e-01
  -9.07596052e-01  2.85492977e-04 -1.43411104e-04 -7.22421780e-02
   2.40949970e-02]
 [ 1.02289338e-02  7.91518856e-03 -6.07118458e-02  1.22848161e-01
   5.70033081e-02 -9.86283243e-01 -4.15418670e-02 -3.29329967e-02
   4.73369993e-02]
 [ 3.43344472e-02  3.45419459e-02  1.20200217e-03  1.15788318e-02
   1.67926997e-02 -3.09710149e-02  9.89282668e-01 -8.42142329e-02
   1.02367133e-01]
 [-5.76267019e-04  1.47989150e-02 -1.04574487e-02  8.91335681e-03
   5.26579563e-03  4.11226861e-02 -7.28903934e-02  2.93762445e-01
   9.51978803e-01]
 [ 8.25033560e-02  1.77597646e-02 -5.70853334e-03  8.69395584e-02
  -3.75482664e-02 -3.94840352e-02  1.04523234e-01  9.44222033e-01
  -2.82555342e-01]]",99
10,11,9,0.9,1.488531470298767,"[[ 9.66218710e-01  1.67672157e-01 -1.44037269e-02 -4.15696986e-02
   5.50816730e-02  5.37920557e-03  3.41878235e-02 -1.59796759e-01
  -8.12722743e-02]
 [ 1.49881437e-01 -8.20278049e-01  5.24391711e-01  2.45211963e-02
  -3.76090743e-02 -1.28718376e-01  1.01435907e-01  9.96844284e-03
  -2.68367063e-02]
 [ 7.10155442e-02 -4.99205470e-01 -8.49834740e-01 -4.26344603e-04
  -1.98713858e-02 -9.85099748e-02  1.14811786e-01  4.43184096e-03
  -1.51999434e-02]
 [ 6.80717733e-03  4.86126021e-02  1.45479264e-02 -8.68231237e-01
  -3.25033188e-01 -3.21860909e-01 -2.65314244e-02  1.83048993e-01
   1.00694001e-02]
 [-5.00896424e-02  2.31985413e-02  1.38557013e-02 -1.66974857e-01
   8.90184820e-01 -4.14748847e-01  3.11300755e-02  5.79574890e-02
   1.03161503e-02]
 [ 1.54089564e-02 -3.16569805e-02 -3.15941498e-02  2.06755087e-01
  -1.39851749e-01 -4.79886562e-01 -8.10802221e-01 -2.17395365e-01
  -2.24488247e-02]
 [ 8.55410397e-02 -1.42714113e-01 -3.16450261e-02 -1.44395515e-01
   2.03375399e-01  5.06424844e-01 -5.01549482e-01  5.48639119e-01
  -3.16353410e-01]
 [ 1.69706076e-01  5.67597374e-02 -3.32354847e-03  2.51429439e-01
  -8.42124447e-02 -1.92274705e-01  1.57040870e-03  6.47514939e-01
   6.64387703e-01]
 [ 1.88789866e-03  1.49437219e-01  1.31396148e-02  2.98579633e-01
  -1.70497075e-01 -4.17565078e-01  2.54426032e-01  4.12236214e-01
  -6.71000302e-01]]",99
