layer,total_components,pc1,pc2,pc3,pc4,pc5,pc6,pc7,pc8,pc9,pc10,k85,k90,k95,boot_id
0,90,0.2427583932876587,0.19575485587120056,0.18260300159454346,0.13832560181617737,0.11490003764629364,0.07383230328559875,0.03319557011127472,0.01200052909553051,0.0007289181230589747,0.0005245147040113807,5,6,7,0
1,90,0.2533663809299469,0.19192582368850708,0.1755799502134323,0.14392414689064026,0.10819919407367706,0.07186564803123474,0.03542955219745636,0.012668387033045292,0.000767961610108614,0.0006669362192042172,5,6,7,0
2,90,0.2515071928501129,0.1921844333410263,0.16874131560325623,0.14063873887062073,0.11132685095071793,0.07292818278074265,0.03555653616786003,0.014943704009056091,0.0012222715886309743,0.000997354043647647,5,6,7,0
3,90,0.2691980302333832,0.18793754279613495,0.1650838553905487,0.13055960834026337,0.10506094992160797,0.0687396302819252,0.03532750904560089,0.017715442925691605,0.0028354853857308626,0.001986004179343581,5,6,7,0
4,90,0.2921052873134613,0.18299278616905212,0.1551966518163681,0.1187029480934143,0.10498547554016113,0.06948846578598022,0.03179875388741493,0.01733139529824257,0.003537613432854414,0.0027853618375957012,5,6,7,0
5,90,0.30202817916870117,0.17670033872127533,0.15278127789497375,0.11595647037029266,0.10355427861213684,0.06871054321527481,0.03142640367150307,0.016827648505568504,0.003942789509892464,0.0030753284227102995,5,6,7,0
6,90,0.31174561381340027,0.17081347107887268,0.14785952866077423,0.11885574460029602,0.09942671656608582,0.06564155220985413,0.030947992578148842,0.01572786085307598,0.005127231124788523,0.0036226643715053797,6,6,8,0
7,90,0.3349235951900482,0.16034787893295288,0.13959355652332306,0.12119441479444504,0.0933624804019928,0.060311537235975266,0.030082356184720993,0.01515957061201334,0.005736400838941336,0.004554152488708496,6,6,8,0
8,90,0.33468207716941833,0.15310651063919067,0.13980135321617126,0.12334008514881134,0.09137766063213348,0.06005873531103134,0.02956710383296013,0.015373329631984234,0.007050506770610809,0.005341226700693369,6,6,9,0
9,90,0.30749940872192383,0.15524128079414368,0.1487826257944107,0.12524519860744476,0.09597258269786835,0.05881641060113907,0.02951827459037304,0.015759382396936417,0.008210363797843456,0.006357603240758181,6,7,10,0
10,90,0.29265058040618896,0.16176199913024902,0.1412089765071869,0.11976965516805649,0.10478643327951431,0.059194087982177734,0.02701297402381897,0.017699159681797028,0.010511654429137707,0.007622473873198032,6,7,12,0
11,90,0.44045716524124146,0.1324463188648224,0.10896521806716919,0.09570859372615814,0.06986404955387115,0.04425978288054466,0.020136404782533646,0.017400074750185013,0.008904119953513145,0.007776154670864344,6,7,11,0
0,90,0.24344779551029205,0.1944894939661026,0.1833099126815796,0.1382492482662201,0.11538995057344437,0.07316769659519196,0.03312700241804123,0.01198673341423273,0.0012679871870204806,0.0009281547972932458,5,6,7,1
1,90,0.25477367639541626,0.19148023426532745,0.17557398974895477,0.1436532735824585,0.10903968662023544,0.07155878841876984,0.0351417176425457,0.012623731046915054,0.0009740439127199352,0.000597950245719403,5,6,7,1
2,90,0.25263088941574097,0.19314657151699066,0.16821037232875824,0.13969117403030396,0.11275483667850494,0.0733075886964798,0.03522363677620888,0.014950914308428764,0.0013854019343852997,0.0012808130122721195,5,6,7,1
3,90,0.2674100995063782,0.19096305966377258,0.16464963555335999,0.13136525452136993,0.10696477442979813,0.06903903931379318,0.03570143133401871,0.01740877702832222,0.0027131305541843176,0.0021496752742677927,5,6,7,1
4,90,0.2884230315685272,0.18642759323120117,0.156795933842659,0.12036861479282379,0.10657510161399841,0.07075899094343185,0.03206310048699379,0.017089176923036575,0.0035140442196279764,0.0028540410567075014,5,6,7,1
5,90,0.29845014214515686,0.17794610559940338,0.15427511930465698,0.1186085194349289,0.10601025074720383,0.07016679644584656,0.0319078266620636,0.016550354659557343,0.004006371833384037,0.003103714669123292,5,6,7,1
6,90,0.30438315868377686,0.17222872376441956,0.15019360184669495,0.12385270744562149,0.10348228365182877,0.06746917217969894,0.031489502638578415,0.016135646030306816,0.0048419032245874405,0.0033346510026603937,5,6,7,1
7,90,0.327193021774292,0.16007192432880402,0.14429843425750732,0.12468834221363068,0.09987987577915192,0.06301901489496231,0.031037168577313423,0.0158188808709383,0.004904889967292547,0.0038971947506070137,5,6,7,1
8,90,0.32709458470344543,0.15409879386425018,0.145244762301445,0.12702171504497528,0.09825680404901505,0.062360771000385284,0.030692948028445244,0.016323089599609375,0.005478203762322664,0.0047478755004704,5,6,8,1
9,90,0.2958890199661255,0.17019949853420258,0.14699973165988922,0.12991704046726227,0.10134349018335342,0.06032590940594673,0.030460570007562637,0.01702684909105301,0.0068848892115056515,0.0061261774972081184,6,6,8,1
10,90,0.2810928523540497,0.18030712008476257,0.14100605249404907,0.12437771260738373,0.11040682345628738,0.05893373861908913,0.027922403067350388,0.0192897766828537,0.008131392300128937,0.00700406776741147,6,7,9,1
11,90,0.4205111861228943,0.145089790225029,0.12233854830265045,0.09821755439043045,0.0741165429353714,0.04394512623548508,0.021200031042099,0.01916203647851944,0.008404940366744995,0.006998635828495026,5,6,9,1
0,90,0.24272865056991577,0.1950692981481552,0.18266932666301727,0.13829851150512695,0.11500295251607895,0.07360461354255676,0.0332397036254406,0.011967673897743225,0.0007291492656804621,0.0005707544041797519,5,6,7,2
1,90,0.2539430856704712,0.1918567270040512,0.1749357134103775,0.14381495118141174,0.10812564939260483,0.0716920793056488,0.03533423691987991,0.012642350047826767,0.000787235505413264,0.0006503241020254791,5,6,7,2
2,90,0.2520236074924469,0.19216617941856384,0.16771529614925385,0.13960005342960358,0.1116987019777298,0.07310876995325089,0.03551929071545601,0.015063416212797165,0.0013107601553201675,0.0011217447463423014,5,6,7,2
3,90,0.2695428133010864,0.18828967213630676,0.16362181305885315,0.13023754954338074,0.10556202381849289,0.06895895302295685,0.03542598709464073,0.017638463526964188,0.002140651922672987,0.0019503122894093394,5,6,7,2
4,90,0.2924403250217438,0.18305090069770813,0.1543833464384079,0.1192564144730568,0.1046295017004013,0.0698324516415596,0.03173967823386192,0.017163917422294617,0.0031956154853105545,0.0024887833278626204,5,6,7,2
5,90,0.3043591380119324,0.17588451504707336,0.1507674753665924,0.11553939431905746,0.10387295484542847,0.06897008419036865,0.03121361695230007,0.016576895490288734,0.003789494512602687,0.002767970785498619,5,6,7,2
6,90,0.3145553171634674,0.1701987236738205,0.14571811258792877,0.11738110333681107,0.10050090402364731,0.06586470454931259,0.030323363840579987,0.01578545942902565,0.005110705271363258,0.003220852231606841,6,6,8,2
7,90,0.33718666434288025,0.15968844294548035,0.13810022175312042,0.11973580718040466,0.0942559614777565,0.0605698823928833,0.02950933948159218,0.015361284837126732,0.005708596669137478,0.004080580081790686,6,6,8,2
8,90,0.3368534445762634,0.15240301191806793,0.13837601244449615,0.12177567929029465,0.09210757911205292,0.06028810888528824,0.029255397617816925,0.015657171607017517,0.006817948073148727,0.0049285623244941235,6,6,9,2
9,90,0.3094625174999237,0.15493381023406982,0.14841251075267792,0.12247155606746674,0.09623745828866959,0.05868561565876007,0.029105206951498985,0.016027037054300308,0.00821997132152319,0.005807157140225172,6,7,11,2
10,90,0.2942362129688263,0.16108065843582153,0.14185190200805664,0.11682122200727463,0.10426736623048782,0.05890756472945213,0.0267848651856184,0.01827007159590721,0.010365677066147327,0.007112100720405579,6,7,12,2
11,90,0.4449002742767334,0.12998372316360474,0.10870857536792755,0.09273877739906311,0.06977862864732742,0.0427747406065464,0.0197617094963789,0.018666576594114304,0.009200043976306915,0.007287919521331787,6,7,12,2
0,90,0.2433283030986786,0.19573181867599487,0.18234315514564514,0.1379910707473755,0.115053191781044,0.07370056957006454,0.03324050083756447,0.012028629891574383,0.0007165315910242498,0.0006011076620779932,5,6,7,3
1,90,0.25347504019737244,0.19207051396369934,0.17541584372520447,0.1438404768705368,0.10784479975700378,0.07162286341190338,0.035417575389146805,0.012675009667873383,0.0008149664499796927,0.0006700410158373415,5,6,7,3
2,90,0.25267794728279114,0.19119895994663239,0.16865545511245728,0.13976511359214783,0.110538549721241,0.07263505458831787,0.03524604067206383,0.014605198986828327,0.0016211693873628974,0.001375079620629549,5,6,7,3
3,90,0.2710039019584656,0.18496572971343994,0.16433824598789215,0.1307942420244217,0.10354822874069214,0.06808746606111526,0.034456051886081696,0.017729951068758965,0.0031531434506177902,0.0027319923974573612,5,6,7,3
4,90,0.295082151889801,0.178814098238945,0.15298566222190857,0.1194223165512085,0.10312051326036453,0.06849639862775803,0.03125390782952309,0.017323581501841545,0.0037961388006806374,0.0035152616910636425,6,6,8,3
5,90,0.30561888217926025,0.1749972552061081,0.1505054086446762,0.11219482123851776,0.10389049351215363,0.06751598417758942,0.03075009398162365,0.01657966524362564,0.003990386612713337,0.0037909129168838263,6,6,8,3
6,90,0.3122267723083496,0.1714729517698288,0.14614742994308472,0.11394740641117096,0.0994921624660492,0.0645475909113884,0.03050258196890354,0.01565704308450222,0.005465373862534761,0.004536827560514212,6,6,8,3
7,90,0.33229196071624756,0.16185081005096436,0.13879676163196564,0.11669734120368958,0.09412756562232971,0.05924604460597038,0.02967490442097187,0.015086472034454346,0.006795801687985659,0.004715020302683115,6,6,9,3
8,90,0.3329123258590698,0.15514884889125824,0.13662222027778625,0.12031713128089905,0.09139688313007355,0.05893739312887192,0.028828097507357597,0.015180881135165691,0.008252636529505253,0.005581587087363005,6,7,10,3
9,90,0.30681726336479187,0.15337863564491272,0.14702822268009186,0.1222136914730072,0.09603465348482132,0.057135581970214844,0.028671234846115112,0.015820711851119995,0.00975291058421135,0.007305101957172155,6,7,12,3
10,90,0.2923474609851837,0.1563849300146103,0.1411178857088089,0.11643887311220169,0.10431507974863052,0.05806555598974228,0.026382368057966232,0.017686959356069565,0.01136565487831831,0.00882038101553917,6,8,13,3
11,90,0.449755996465683,0.12770825624465942,0.10544006526470184,0.08992984890937805,0.06855656206607819,0.04253488406538963,0.01937093958258629,0.01598026603460312,0.010143397375941277,0.008002320304512978,6,7,13,3
0,90,0.24324917793273926,0.19519035518169403,0.18265315890312195,0.13854318857192993,0.11492226272821426,0.07348404824733734,0.033148180693387985,0.011945834383368492,0.0008813337772153318,0.0005543591105379164,5,6,7,4
1,90,0.25457704067230225,0.19109533727169037,0.17530444264411926,0.14404842257499695,0.10819956660270691,0.07150168716907501,0.035333018749952316,0.012592350132763386,0.0008434701594524086,0.0005746828974224627,5,6,7,4
2,90,0.25254666805267334,0.1912371665239334,0.16835318505764008,0.14055569469928741,0.1111188754439354,0.07270626723766327,0.035303473472595215,0.014746971428394318,0.0012576380977407098,0.0011394864413887262,5,6,7,4
3,90,0.2691769301891327,0.18651370704174042,0.16394443809986115,0.1310890167951584,0.1046656146645546,0.06839334964752197,0.03497719764709473,0.01755579374730587,0.003094349056482315,0.0024195308797061443,5,6,7,4
4,90,0.29169797897338867,0.18110248446464539,0.15350927412509918,0.11950063705444336,0.10463333874940872,0.06934300810098648,0.031333763152360916,0.01718299649655819,0.003725270973518491,0.0034433293621987104,5,6,7,4
5,90,0.30174577236175537,0.17572014033794403,0.15142402052879333,0.11504855006933212,0.10450298339128494,0.06831744313240051,0.030945559963583946,0.01647713966667652,0.004009515978395939,0.0038634941447526217,6,6,8,4
6,90,0.3082766830921173,0.1709248125553131,0.14677204191684723,0.11863115429878235,0.10064708441495895,0.06531158834695816,0.030918492004275322,0.015668146312236786,0.0050895437598228455,0.0046887947246432304,6,6,8,4
7,90,0.3285733461380005,0.16128066182136536,0.13937975466251373,0.12154334783554077,0.09514990448951721,0.060082048177719116,0.030185598880052567,0.015300572849810123,0.006171111017465591,0.005160643719136715,6,6,8,4
8,90,0.3293474614620209,0.15418705344200134,0.13819867372512817,0.1252104640007019,0.09252700954675674,0.05956846475601196,0.029352743178606033,0.015605099499225616,0.007475519087165594,0.006079107988625765,6,7,9,4
9,90,0.30231091380119324,0.15280364453792572,0.14943785965442657,0.12778161466121674,0.09741772711277008,0.05814562365412712,0.02910386025905609,0.016198795288801193,0.008752782829105854,0.00716571556404233,6,7,11,4
10,90,0.28877636790275574,0.15934695303440094,0.14151553809642792,0.12258888781070709,0.10529042780399323,0.05806422978639603,0.026489850133657455,0.01822946034371853,0.010665574111044407,0.008477704599499702,6,7,12,4
11,90,0.4398496448993683,0.13164319097995758,0.1108517274260521,0.09541749209165573,0.06933391094207764,0.0423424132168293,0.01942179910838604,0.01685250736773014,0.009710738435387611,0.008253552950918674,6,7,12,4
0,90,0.24142922461032867,0.19568628072738647,0.1838688999414444,0.138400137424469,0.115412138402462,0.07384756207466125,0.0334068238735199,0.012006756849586964,0.000654798757750541,0.0004806804936379194,5,6,7,5
1,90,0.25237777829170227,0.1921083778142929,0.17574673891067505,0.14396874606609344,0.10863535851240158,0.0722205638885498,0.03530040755867958,0.012655765749514103,0.0011235561687499285,0.000491504033561796,5,6,7,5
2,90,0.2494361400604248,0.19542403519153595,0.16844037175178528,0.13876144587993622,0.11183489114046097,0.07357357442378998,0.03525056689977646,0.015007062815129757,0.0014266957296058536,0.001109592616558075,5,6,7,5
3,90,0.265998899936676,0.18996378779411316,0.16442522406578064,0.13160519301891327,0.10581494867801666,0.06958375871181488,0.035011161118745804,0.01799205131828785,0.0019553983584046364,0.0017435535555705428,5,6,7,5
4,90,0.290495365858078,0.18381093442440033,0.15519674122333527,0.1214219257235527,0.10465492308139801,0.0702948048710823,0.031629931181669235,0.01760505884885788,0.002371325623244047,0.002139423042535782,5,6,7,5
5,90,0.3008996248245239,0.17578165233135223,0.15390029549598694,0.1155252680182457,0.10585280507802963,0.06973329186439514,0.03129914030432701,0.0172621700912714,0.0026984401047229767,0.0025654856581240892,5,6,7,5
6,90,0.3074859380722046,0.16916027665138245,0.1498607099056244,0.12030844390392303,0.10261524468660355,0.06678500771522522,0.03111969493329525,0.016705656424164772,0.0034009634982794523,0.0032120251562446356,6,6,8,5
7,90,0.3295455276966095,0.15778931975364685,0.14378520846366882,0.1234525516629219,0.0964219942688942,0.06158003956079483,0.03080659732222557,0.016131294891238213,0.003791800467297435,0.0033843726851046085,5,6,8,5
8,90,0.32610833644866943,0.15277718007564545,0.14482295513153076,0.1269640177488327,0.09456979483366013,0.06073548272252083,0.029965540394186974,0.016437368467450142,0.0045883143320679665,0.004183192737400532,6,6,8,5
9,90,0.2940129339694977,0.16774795949459076,0.1449373960494995,0.12977755069732666,0.09897265583276749,0.05863630399107933,0.029355840757489204,0.017261838540434837,0.005902494303882122,0.005230695474892855,6,7,10,5
10,90,0.278362900018692,0.17674216628074646,0.1370493769645691,0.1263377070426941,0.10504651814699173,0.05862556770443916,0.026746716350317,0.01994844526052475,0.007452793885022402,0.006387594621628523,6,7,12,5
11,90,0.4067244529724121,0.1429670751094818,0.11827640235424042,0.10325366258621216,0.07174918800592422,0.044477880001068115,0.020966921001672745,0.019927917048335075,0.008102219551801682,0.006662341300398111,6,7,12,5
0,90,0.2430156171321869,0.1952294409275055,0.18276162445545197,0.13766419887542725,0.11530893296003342,0.07326795905828476,0.033072467893362045,0.011974372901022434,0.001052621635608375,0.0007602284313179553,5,6,7,6
1,90,0.2536962926387787,0.19194395840168,0.1752815842628479,0.14365056157112122,0.10870762914419174,0.07138845324516296,0.03517112135887146,0.012614625506103039,0.0008996997494250536,0.0007762968889437616,5,6,7,6
2,90,0.252856969833374,0.1912800371646881,0.16792476177215576,0.13964688777923584,0.11236780136823654,0.07267484813928604,0.03525158390402794,0.015088743530213833,0.0013574629556387663,0.001248540123924613,5,6,7,6
3,90,0.27043282985687256,0.18848516047000885,0.16398297250270844,0.12980805337429047,0.10598476231098175,0.06839238852262497,0.03549767658114433,0.017338257282972336,0.0019645155407488346,0.001828747452236712,5,6,7,6
4,90,0.2914861738681793,0.18383893370628357,0.15558269619941711,0.11847192049026489,0.1055992990732193,0.06988801807165146,0.03204454481601715,0.01698813959956169,0.002798106288537383,0.0023030175361782312,5,6,7,6
5,90,0.30408912897109985,0.1757175177335739,0.1513386070728302,0.1170930340886116,0.10396348685026169,0.06874393671751022,0.031837716698646545,0.016386374831199646,0.0031077407766133547,0.002576678292825818,5,6,7,6
6,90,0.31411615014076233,0.17064470052719116,0.1467052698135376,0.11826638132333755,0.10120309144258499,0.06597137451171875,0.03092087432742119,0.015847718343138695,0.004437437746673822,0.003114502876996994,5,6,8,6
7,90,0.3384712040424347,0.15915951132774353,0.13910502195358276,0.12035197764635086,0.09652841836214066,0.06094091013073921,0.030188467353582382,0.0153910918161273,0.005009766668081284,0.0031629076693207026,5,6,8,6
8,90,0.33672139048576355,0.15282182395458221,0.1398927867412567,0.1228211373090744,0.09481299668550491,0.06106731668114662,0.030217785388231277,0.015771541744470596,0.0054928925819695,0.004055630881339312,6,6,8,6
9,90,0.30972886085510254,0.15741924941539764,0.14984463155269623,0.12413313239812851,0.09748220443725586,0.05883535370230675,0.029831351712346077,0.016336416825652122,0.006972640287131071,0.004722734913229942,6,7,9,6
10,90,0.29575222730636597,0.16496533155441284,0.14311574399471283,0.11821483820676804,0.10626170039176941,0.05796874687075615,0.027648339048027992,0.018524017184972763,0.008742150850594044,0.006327253300696611,6,7,11,6
11,90,0.4519137144088745,0.1318844109773636,0.11140511184930801,0.09153446555137634,0.07140468060970306,0.0424632728099823,0.020150313153862953,0.017440127208828926,0.008097212761640549,0.005331630352884531,5,6,10,6
0,90,0.2412133365869522,0.1957889050245285,0.18299326300621033,0.13803496956825256,0.11556972563266754,0.07353834807872772,0.03345326706767082,0.012014039792120457,0.000988180167041719,0.0005647874204441905,5,6,7,7
1,90,0.2517109811306,0.191972017288208,0.1755191534757614,0.14363881945610046,0.10852973163127899,0.07169430702924728,0.03552956134080887,0.0126724224537611,0.0014698156155645847,0.0007688694749958813,5,6,7,7
2,90,0.24909304082393646,0.19408780336380005,0.16817256808280945,0.13823199272155762,0.11120548099279404,0.07297229021787643,0.035318419337272644,0.014800476841628551,0.0021961776074022055,0.0018003040459007025,5,6,7,7
3,90,0.26699280738830566,0.18791282176971436,0.1632905900478363,0.1308835744857788,0.10466869175434113,0.06866388022899628,0.034440018236637115,0.017940867692232132,0.0032605214510113,0.0026773258578032255,5,6,7,7
4,90,0.291655570268631,0.1822972446680069,0.15256652235984802,0.12037750333547592,0.10302349179983139,0.06912428885698318,0.03107416070997715,0.01737920008599758,0.00403099600225687,0.0033808236476033926,6,6,7,7
5,90,0.30166757106781006,0.1753557324409485,0.150264710187912,0.11363208293914795,0.10504759848117828,0.06855689734220505,0.03051936998963356,0.016718517988920212,0.00452325539663434,0.0038142972625792027,6,6,8,7
6,90,0.3099817931652069,0.16867272555828094,0.145565927028656,0.11697454750537872,0.10089389234781265,0.06557577103376389,0.03021695651113987,0.016052208840847015,0.005881768651306629,0.004130056593567133,6,6,8,7
7,90,0.33121854066848755,0.15895485877990723,0.13891060650348663,0.11932571232318878,0.09452265501022339,0.06010616198182106,0.029659470543265343,0.015494261868298054,0.0062123555690050125,0.004103704821318388,6,6,9,7
8,90,0.3302009105682373,0.15150494873523712,0.13934199512004852,0.12201414257287979,0.09226800501346588,0.05955270305275917,0.028752101585268974,0.015703627839684486,0.007552150636911392,0.004989494103938341,6,7,10,7
9,90,0.2996295690536499,0.1556382030248642,0.14660610258579254,0.12444844096899033,0.09602047502994537,0.057589415460824966,0.028039919212460518,0.01671760156750679,0.009468674659729004,0.0063325571827590466,6,7,12,7
10,90,0.28609368205070496,0.162353977560997,0.13753318786621094,0.11995227634906769,0.10197288542985916,0.057615976780653,0.025903543457388878,0.01912703365087509,0.010354754514992237,0.007864492014050484,6,8,14,7
11,90,0.4339059293270111,0.12833870947360992,0.1082991510629654,0.09554710239171982,0.06803438067436218,0.04194680601358414,0.018923550844192505,0.017697369679808617,0.010202617384493351,0.008118193596601486,6,8,14,7
0,90,0.24184750020503998,0.19452974200248718,0.1829320639371872,0.13821277022361755,0.11576007306575775,0.07309355586767197,0.033342961221933365,0.011969907209277153,0.00157135387416929,0.0010487015824764967,5,6,7,8
1,90,0.2532525360584259,0.19202877581119537,0.17449526488780975,0.14336659014225006,0.10936218500137329,0.07137079536914825,0.035513389855623245,0.012676041573286057,0.0016193519113585353,0.000831932236906141,5,6,7,8
2,90,0.2515333592891693,0.19238515198230743,0.16681788861751556,0.1391732543706894,0.11281289160251617,0.07312110811471939,0.03547638654708862,0.015116934664547443,0.0022981043439358473,0.0014883704716339707,5,6,7,8
3,90,0.2695547342300415,0.1909252405166626,0.16173380613327026,0.1294177770614624,0.10678382962942123,0.0686352476477623,0.03541010245680809,0.017240246757864952,0.002795568434521556,0.0022666689474135637,5,6,7,8
4,90,0.29008203744888306,0.18859578669071198,0.15369348227977753,0.11809568852186203,0.10536584258079529,0.07021548599004745,0.031505342572927475,0.016711696982383728,0.0032027142588049173,0.0028748749755322933,5,6,7,8
5,90,0.3013145327568054,0.17952972650527954,0.14934596419334412,0.11778426170349121,0.10444047302007675,0.06963648647069931,0.03144806995987892,0.01596100814640522,0.003753477241843939,0.003443932393565774,5,6,7,8
6,90,0.3133845031261444,0.17214933037757874,0.1449742168188095,0.11967591196298599,0.10203052312135696,0.06699728220701218,0.030560072511434555,0.015482626855373383,0.004571152850985527,0.0034942252095788717,5,6,8,8
7,90,0.33697110414505005,0.1612422913312912,0.1375192552804947,0.12200804054737091,0.09650202840566635,0.062285445630550385,0.02981938235461712,0.015185309574007988,0.005154922138899565,0.0039320578798651695,5,6,8,8
8,90,0.3394095301628113,0.15262338519096375,0.1407899111509323,0.12156207859516144,0.09440705180168152,0.06191388517618179,0.029792651534080505,0.015477033331990242,0.005665014963597059,0.004952164366841316,6,6,8,8
9,90,0.30934765934944153,0.16167791187763214,0.14902463555335999,0.12318599969148636,0.0973493680357933,0.06024739518761635,0.029286380857229233,0.01584741473197937,0.00749339209869504,0.006026410963386297,6,6,9,8
10,90,0.3000353276729584,0.16970038414001465,0.14111123979091644,0.11797243356704712,0.10447897017002106,0.058555394411087036,0.027224216610193253,0.017974253743886948,0.008332902565598488,0.006855552550405264,6,7,10,8
11,90,0.46923166513442993,0.12855644524097443,0.10596352815628052,0.09052500873804092,0.06993376463651657,0.04095706343650818,0.018778780475258827,0.01735490933060646,0.00895195547491312,0.006183747202157974,5,6,9,8
0,90,0.24200880527496338,0.19564887881278992,0.1830310970544815,0.13859203457832336,0.11500266939401627,0.07405383139848709,0.03336497023701668,0.011976637877523899,0.0007332934765145183,0.0004132431058678776,5,6,7,9
1,90,0.2529011070728302,0.192338764667511,0.1749996691942215,0.1439255326986313,0.10825958102941513,0.07215818017721176,0.035459913313388824,0.01268345769494772,0.0012269202852621675,0.000565092486795038,5,6,7,9
2,90,0.25118762254714966,0.193060502409935,0.16772064566612244,0.13968586921691895,0.11138035356998444,0.07332789897918701,0.03559237718582153,0.015074733644723892,0.0015856224345043302,0.001271418179385364,5,6,7,9
3,90,0.2694087028503418,0.1887441873550415,0.16369569301605225,0.1297902911901474,0.10531123727560043,0.06919384002685547,0.035219669342041016,0.017748739570379257,0.0029173563234508038,0.0018181789200752974,5,6,7,9
4,90,0.29297199845314026,0.18358199298381805,0.15410920977592468,0.11873341351747513,0.10452670603990555,0.06973394006490707,0.03159197047352791,0.017277127131819725,0.003735943464562297,0.002526574768126011,5,6,7,9
5,90,0.30359774827957153,0.1766212284564972,0.15130940079689026,0.11552682518959045,0.10315720736980438,0.06913620978593826,0.031189724802970886,0.016818061470985413,0.00431276299059391,0.0028457457665354013,5,6,7,9
6,90,0.31453296542167664,0.16965192556381226,0.14666131138801575,0.11766795068979263,0.09975088387727737,0.06598496437072754,0.030469132587313652,0.01580306887626648,0.005390999373048544,0.0035014492459595203,6,6,8,9
7,90,0.33757734298706055,0.15907184779644012,0.13851357996463776,0.12109581381082535,0.09240397810935974,0.06053822115063667,0.029608426615595818,0.015265791676938534,0.006473552901297808,0.0038702283054590225,6,6,8,9
8,90,0.3366974890232086,0.15189555287361145,0.14010146260261536,0.12233958393335342,0.09028960764408112,0.060006409883499146,0.029123617336153984,0.015491991303861141,0.008213606663048267,0.004670776426792145,6,6,9,9
9,90,0.30799442529678345,0.15730129182338715,0.146645188331604,0.1238996684551239,0.09529301524162292,0.05866755545139313,0.028941061347723007,0.015881462022662163,0.010246959514915943,0.0053204745054244995,6,7,10,9
10,90,0.29404157400131226,0.16314592957496643,0.13921816647052765,0.11945805698633194,0.10230647772550583,0.05913074314594269,0.026555411517620087,0.018135953694581985,0.012959741987287998,0.00617171311751008,6,7,12,9
11,90,0.4446965157985687,0.12946535646915436,0.10645866394042969,0.09575491398572922,0.06875137984752655,0.04353748634457588,0.019741488620638847,0.019394714385271072,0.011171024292707443,0.006181064527481794,6,7,11,9
0,90,0.24185648560523987,0.19522249698638916,0.18305502831935883,0.1385110318660736,0.11525008827447891,0.07370742410421371,0.03341628611087799,0.01197193656116724,0.0007579618250019848,0.0005042515113018453,5,6,7,10
1,90,0.25317707657814026,0.19193054735660553,0.1747507005929947,0.1438990980386734,0.10812031477689743,0.07179474830627441,0.035474296659231186,0.012656714767217636,0.0011518740793690085,0.0005955329397693276,5,6,7,10
2,90,0.2506715953350067,0.19295580685138702,0.16731491684913635,0.13909241557121277,0.11122681200504303,0.07315962761640549,0.03543505072593689,0.015001741237938404,0.00155332637950778,0.0012012994848191738,5,6,7,10
3,90,0.26890525221824646,0.18757322430610657,0.1623292714357376,0.1305152028799057,0.10488270968198776,0.06899261474609375,0.034832727164030075,0.01782798394560814,0.0021792990155518055,0.00202563195489347,5,6,7,10
4,90,0.2932615578174591,0.1817929595708847,0.15221856534481049,0.12006308138370514,0.10325399041175842,0.06948237121105194,0.03115612268447876,0.01726994663476944,0.0029028027784079313,0.0024212549906224012,5,6,7,10
5,90,0.3049846291542053,0.17518939077854156,0.14907827973365784,0.11372456699609756,0.10419159382581711,0.06864331662654877,0.03054477646946907,0.016601070761680603,0.0034879958257079124,0.0029425511602312326,6,6,8,10
6,90,0.314683198928833,0.16910967230796814,0.1440919190645218,0.11591675877571106,0.10061999410390854,0.06553255021572113,0.02991940639913082,0.01583677902817726,0.0044275070540606976,0.003519794438034296,6,6,8,10
7,90,0.3355405032634735,0.15958251059055328,0.13679732382297516,0.11952970921993256,0.093499094247818,0.060025569051504135,0.02920171245932579,0.0153699005022645,0.005103778094053268,0.004031463526189327,6,6,9,10
8,90,0.3353268802165985,0.15203775465488434,0.1375422179698944,0.1216450035572052,0.09107839316129684,0.05944695323705673,0.02859167382121086,0.015591940842568874,0.006321062799543142,0.004863885696977377,6,7,10,10
9,90,0.30717360973358154,0.15425612032413483,0.14625757932662964,0.12282095849514008,0.0957692414522171,0.05785251408815384,0.028211437165737152,0.01613428443670273,0.007756343111395836,0.006168107967823744,6,7,12,10
10,90,0.29366227984428406,0.1592870056629181,0.13922323286533356,0.11815521121025085,0.10188373923301697,0.05846737325191498,0.025975355878472328,0.018351078033447266,0.009853621013462543,0.00694325752556324,6,8,14,10
11,90,0.44525131583213806,0.12656976282596588,0.10667722672224045,0.093915656208992,0.06807354837656021,0.041919220238924026,0.01884595677256584,0.018135730177164078,0.009072569198906422,0.006959149613976479,6,7,13,10
0,90,0.24323329329490662,0.19449609518051147,0.1828305870294571,0.13800100982189178,0.11551377177238464,0.07342743128538132,0.033265188336372375,0.012037326581776142,0.0007106867851689458,0.0006027024355717003,5,6,7,11
1,90,0.2544129490852356,0.19255425035953522,0.17411060631275177,0.14365114271640778,0.10815013200044632,0.07147027552127838,0.03529459238052368,0.012710079550743103,0.0007292425725609064,0.0005341001087799668,5,6,7,11
2,90,0.25425422191619873,0.19057892262935638,0.16641393303871155,0.13925418257713318,0.11180462688207626,0.072886161506176,0.03511841967701912,0.015025787055492401,0.0013542482629418373,0.0012650260468944907,5,6,7,11
3,90,0.273229718208313,0.1860719472169876,0.1611022651195526,0.1299847513437271,0.1047728881239891,0.0682830959558487,0.0349525585770607,0.017420105636119843,0.0024310522712767124,0.0020070220343768597,5,6,7,11
4,90,0.29569023847579956,0.18066416680812836,0.15156535804271698,0.11914077401161194,0.10328537225723267,0.06919341534376144,0.03135349228978157,0.01695566065609455,0.003201452549546957,0.002775933826342225,5,6,7,11
5,90,0.3100861608982086,0.17505484819412231,0.14673231542110443,0.11243247985839844,0.10322439670562744,0.06781649589538574,0.031090982258319855,0.016118623316287994,0.0038617418613284826,0.00316370720975101,6,6,8,11
6,90,0.3183968961238861,0.17169737815856934,0.142023965716362,0.11191944777965546,0.10033762454986572,0.06518155336380005,0.03002927079796791,0.015753522515296936,0.00491614593192935,0.003914532717317343,6,6,8,11
7,90,0.3389320373535156,0.16128507256507874,0.1349937617778778,0.11577419191598892,0.09483210742473602,0.060251787304878235,0.029121441766619682,0.015353439375758171,0.005528473760932684,0.003970762714743614,6,6,8,11
8,90,0.33944815397262573,0.15386217832565308,0.13594527542591095,0.11733779311180115,0.09192223101854324,0.0598631277680397,0.02881753072142601,0.015629705041646957,0.0063475631177425385,0.004607193171977997,6,7,10,11
9,90,0.31383785605430603,0.15466484427452087,0.14715147018432617,0.1170760840177536,0.0953625962138176,0.057182811200618744,0.028542716056108475,0.01631668210029602,0.008050120435655117,0.005854805000126362,6,7,12,11
10,90,0.3010905385017395,0.15770122408866882,0.14187300205230713,0.11166201531887054,0.10233409702777863,0.057081785053014755,0.026227174326777458,0.018359575420618057,0.010197174735367298,0.006749638821929693,6,8,14,11
11,90,0.4709770381450653,0.12117478996515274,0.10411172360181808,0.08417553454637527,0.0678735077381134,0.04004579782485962,0.018502436578273773,0.017244791612029076,0.008892540819942951,0.006269351113587618,6,7,12,11
0,90,0.2429041862487793,0.19487616419792175,0.18293265998363495,0.13795895874500275,0.11528143286705017,0.07350897043943405,0.03319794684648514,0.012040428817272186,0.0010555317858234048,0.0007358232978731394,5,6,7,12
1,90,0.25332167744636536,0.19211293756961823,0.17519578337669373,0.14348416030406952,0.10853760689496994,0.07169441878795624,0.0352882519364357,0.012699088081717491,0.0008355227764695883,0.0005260990583337843,5,6,7,12
2,90,0.2524638772010803,0.19153925776481628,0.1678023338317871,0.1395093947649002,0.1114594116806984,0.0728849470615387,0.035073500126600266,0.014767098240554333,0.0013375093694776297,0.001221013953909278,5,6,7,12
3,90,0.2690565288066864,0.18701717257499695,0.1634347140789032,0.13014404475688934,0.10465704649686813,0.06813830137252808,0.03482606261968613,0.017447788268327713,0.0029431104194372892,0.002146231709048152,5,6,7,12
4,90,0.29077503085136414,0.18165305256843567,0.15365704894065857,0.11841648817062378,0.1041916012763977,0.06906653195619583,0.03141164407134056,0.017063118517398834,0.003317183116450906,0.0029140780679881573,6,6,8,12
5,90,0.3006206750869751,0.1758127510547638,0.1510644108057022,0.11397938430309296,0.10332068800926208,0.06822767853736877,0.03139995038509369,0.016462398692965508,0.003546449588611722,0.0033602474723011255,6,6,8,12
6,90,0.30580422282218933,0.17074531316757202,0.14705762267112732,0.11693593114614487,0.09986019134521484,0.06551400572061539,0.031027715653181076,0.015926150605082512,0.004450939130038023,0.004015805199742317,6,6,8,12
7,90,0.326973021030426,0.15922963619232178,0.14007961750030518,0.11919726431369781,0.09525847434997559,0.060818906873464584,0.030272020027041435,0.015395133756101131,0.004854755941778421,0.004022182431071997,6,6,9,12
8,90,0.32670843601226807,0.15178480744361877,0.1413596272468567,0.12097147852182388,0.09267837554216385,0.060163334012031555,0.029459530487656593,0.015670640394091606,0.005617531016469002,0.004609753377735615,6,7,11,12
9,90,0.2965124845504761,0.15968716144561768,0.14637026190757751,0.1230226382613182,0.0963653102517128,0.05777928605675697,0.029147805646061897,0.01649041660130024,0.006673381198197603,0.005858522839844227,6,7,13,12
10,90,0.28217825293540955,0.16666696965694427,0.13807269930839539,0.11744029074907303,0.1046644076704979,0.05701032280921936,0.026362262666225433,0.018585721030831337,0.008315465413033962,0.006993643008172512,6,8,15,12
11,90,0.43745583295822144,0.12957175076007843,0.10953805595636368,0.09081698209047318,0.06896891444921494,0.04231346771121025,0.019361462444067,0.018217824399471283,0.008662679232656956,0.006716517731547356,6,8,14,12
0,90,0.24207523465156555,0.19514130055904388,0.1838020384311676,0.13842864334583282,0.11548899114131927,0.07381351292133331,0.033260639756917953,0.012046769261360168,0.0005538962432183325,0.0004399745666887611,5,6,7,13
1,90,0.2532115578651428,0.19231374561786652,0.17519228160381317,0.14403168857097626,0.10862898826599121,0.07207928597927094,0.0353025458753109,0.012707087211310863,0.0007472852012142539,0.0004588179290294647,5,6,7,13
2,90,0.25105878710746765,0.19294725358486176,0.16787132620811462,0.14040513336658478,0.11203605681657791,0.07320893555879593,0.03516624867916107,0.015182171948254108,0.001358558307401836,0.001020836760289967,5,6,7,13
3,90,0.2685253620147705,0.18848761916160583,0.16331841051578522,0.1310107707977295,0.10558827221393585,0.06902087479829788,0.035197675228118896,0.017756320536136627,0.0029672638047486544,0.0019640016835182905,5,6,7,13
4,90,0.29126349091529846,0.18281283974647522,0.15449349582195282,0.11964256316423416,0.1048031896352768,0.06997042894363403,0.03162893280386925,0.017382265999913216,0.0036653270944952965,0.0027558603323996067,5,6,7,13
5,90,0.3025626838207245,0.17556118965148926,0.1520768254995346,0.1150449886918068,0.10426493734121323,0.06887718290090561,0.031582463532686234,0.016912145540118217,0.0038639747072011232,0.0030541287269443274,6,6,8,13
6,90,0.30994901061058044,0.16985589265823364,0.1479814201593399,0.11848267167806625,0.10096121579408646,0.06620670109987259,0.0312015600502491,0.01627246104180813,0.004852748941630125,0.003013778245076537,6,6,8,13
7,90,0.3318236768245697,0.1584751456975937,0.1407536119222641,0.12228427082300186,0.0951707735657692,0.061255618929862976,0.030599292367696762,0.015687933191657066,0.005269905552268028,0.003398999571800232,6,6,8,13
8,90,0.32941606640815735,0.15221469104290009,0.1436961442232132,0.12404581904411316,0.09329815953969955,0.060642536729574203,0.029909923672676086,0.016000449657440186,0.005941678769886494,0.003989845514297485,6,6,9,13
9,90,0.2998649775981903,0.1645524799823761,0.14558355510234833,0.1262558549642563,0.0977674275636673,0.05846843868494034,0.029596934095025063,0.016598543152213097,0.006945867091417313,0.004726014565676451,6,7,10,13
10,90,0.28569093346595764,0.1719210147857666,0.1379770040512085,0.12211703509092331,0.10559291392564774,0.05842546373605728,0.02667302079498768,0.018734559416770935,0.008153221569955349,0.005425363313406706,6,7,12,13
11,90,0.4275319278240204,0.13693740963935852,0.11381778866052628,0.09886173903942108,0.07129796594381332,0.04387226328253746,0.020046619698405266,0.018572349101305008,0.007863051258027554,0.005493619479238987,6,7,12,13
0,90,0.24281474947929382,0.19485798478126526,0.18321380019187927,0.13778787851333618,0.11587031930685043,0.07323285937309265,0.03335178643465042,0.012045037932693958,0.0007792804390192032,0.000640271115116775,5,6,7,14
1,90,0.253528892993927,0.1920338124036789,0.1750362515449524,0.1437239795923233,0.10843363404273987,0.07136604934930801,0.035277850925922394,0.012663190253078938,0.0010856708977371454,0.0008403880055993795,5,6,7,14
2,90,0.25324004888534546,0.1919722855091095,0.16769611835479736,0.13820655643939972,0.11087963730096817,0.07266341894865036,0.03470301255583763,0.014530632644891739,0.0022542111109942198,0.0019396657589823008,5,6,7,14
3,90,0.27112653851509094,0.18453839421272278,0.16190876066684723,0.13173849880695343,0.10350174456834793,0.0679146870970726,0.033703602850437164,0.017739582806825638,0.0038113947957754135,0.0032896234188228846,5,6,7,14
4,90,0.2955125868320465,0.17753635346889496,0.15042053163051605,0.12163595855236053,0.101984903216362,0.06865183264017105,0.030663790181279182,0.0173039510846138,0.005629465449601412,0.0037981225177645683,6,6,8,14
5,90,0.3071001470088959,0.17325462400913239,0.14785164594650269,0.11069756001234055,0.10536736994981766,0.06739497929811478,0.030434558168053627,0.016321823000907898,0.006085115950554609,0.004157307557761669,6,6,8,14
6,90,0.30893170833587646,0.17056819796562195,0.14484179019927979,0.1128339022397995,0.10244791209697723,0.064877949655056,0.030661020427942276,0.016326330602169037,0.007810263894498348,0.004856355953961611,6,6,8,14
7,90,0.32630860805511475,0.16223397850990295,0.13951995968818665,0.11678353697061539,0.09774477779865265,0.05998039245605469,0.03030707873404026,0.015879107639193535,0.007882931269705296,0.0049582356587052345,6,6,9,14
8,90,0.3263199031352997,0.15610235929489136,0.138966366648674,0.12152237445116043,0.09448667615652084,0.05923377349972725,0.028955264016985893,0.016181984916329384,0.009341312572360039,0.005622292868793011,6,7,9,14
9,90,0.2985529899597168,0.15553919970989227,0.15069961547851562,0.12435327470302582,0.09887048602104187,0.0560130700469017,0.028140699490904808,0.017475953325629234,0.011453145183622837,0.007224577013403177,6,7,11,14
10,90,0.28721320629119873,0.1612156182527542,0.14289042353630066,0.11896758526563644,0.10512270033359528,0.05564625561237335,0.025617344304919243,0.01976758986711502,0.013122997246682644,0.009081609547138214,6,8,12,14
11,90,0.4450419545173645,0.12780851125717163,0.11269738525152206,0.09007653594017029,0.07013200968503952,0.03944782540202141,0.018709182739257812,0.017134958878159523,0.012084582820534706,0.009105660021305084,6,7,11,14
0,90,0.24211129546165466,0.19574126601219177,0.18354852497577667,0.13860216736793518,0.1152598038315773,0.07386910170316696,0.03343125805258751,0.012024464085698128,0.0005551190115511417,0.0005392794846557081,5,6,7,15
1,90,0.2530173361301422,0.1916954070329666,0.17612192034721375,0.14418019354343414,0.10822182893753052,0.0721559002995491,0.03540511056780815,0.012651153840124607,0.0007478805491700768,0.0007263933075591922,5,6,7,15
2,90,0.24979320168495178,0.1952100247144699,0.16942520439624786,0.13911259174346924,0.11112022399902344,0.07348187267780304,0.035303667187690735,0.014726527035236359,0.0016552568413317204,0.0013341046869754791,5,6,7,15
3,90,0.26614436507225037,0.18833096325397491,0.1655426025390625,0.13275881111621857,0.1048315167427063,0.06947359442710876,0.034645162522792816,0.018161848187446594,0.0030045968014746904,0.0023799214977771044,5,6,7,15
4,90,0.2918267250061035,0.18124966323375702,0.15485148131847382,0.12243160605430603,0.1038893312215805,0.06987544894218445,0.03133397921919823,0.017793400213122368,0.0038958147633820772,0.0029221661388874054,5,6,7,15
5,90,0.30141621828079224,0.1754356026649475,0.15429528057575226,0.11384408921003342,0.10671070963144302,0.06932557374238968,0.03085235506296158,0.017371289432048798,0.004029449541121721,0.003279570722952485,5,6,7,15
6,90,0.3060133457183838,0.16982732713222504,0.15030328929424286,0.11952944844961166,0.10234040766954422,0.06622811406850815,0.031098803505301476,0.016684357076883316,0.005426847375929356,0.00373672554269433,6,6,8,15
7,90,0.32587873935699463,0.15962591767311096,0.14452406764030457,0.12218563258647919,0.09636008739471436,0.06087760999798775,0.030729182064533234,0.016116002574563026,0.0059767249040305614,0.00406971899792552,6,6,8,15
8,90,0.32435181736946106,0.15291190147399902,0.1446288675069809,0.12684839963912964,0.09399373084306717,0.05993432179093361,0.029489895328879356,0.01633554697036743,0.007208698429167271,0.004998139105737209,6,6,9,15
9,90,0.2934986352920532,0.16176638007164001,0.14661343395709991,0.1303451955318451,0.09945296496152878,0.0580957867205143,0.029063120484352112,0.017211074009537697,0.008907889015972614,0.0062760598957538605,6,7,10,15
10,90,0.2772870361804962,0.16997839510440826,0.1390409767627716,0.12631550431251526,0.10540672391653061,0.05877210572361946,0.02626057341694832,0.01984010450541973,0.010104711167514324,0.007391710299998522,6,7,12,15
11,90,0.4044535160064697,0.14004725217819214,0.11939872056245804,0.10378363728523254,0.07171770930290222,0.04442250356078148,0.02039363421499729,0.019028929993510246,0.009873857721686363,0.007884232327342033,6,7,12,15
0,90,0.2432631403207779,0.1949600726366043,0.18248407542705536,0.13781070709228516,0.11561407893896103,0.07325422763824463,0.03337878733873367,0.01200253888964653,0.000921377562917769,0.000675844494253397,5,6,7,16
1,90,0.2541004419326782,0.1921975165605545,0.1745097041130066,0.14369097352027893,0.10795170813798904,0.07119911164045334,0.03534760698676109,0.012654608115553856,0.0011827874695882201,0.000817431544419378,5,6,7,16
2,90,0.25446102023124695,0.19131334125995636,0.16715872287750244,0.13798482716083527,0.11053536832332611,0.07262885570526123,0.034954190254211426,0.01450208481401205,0.0023102802224457264,0.0020391009747982025,5,6,7,16
3,90,0.2733655571937561,0.18408706784248352,0.16144677996635437,0.13112744688987732,0.1032809317111969,0.06791354715824127,0.0338507704436779,0.017696598544716835,0.0037802227307111025,0.0033710626885294914,5,6,7,16
4,90,0.2982157766819,0.17735302448272705,0.1495206505060196,0.1214117705821991,0.10149379074573517,0.06852646917104721,0.030705701559782028,0.01719122938811779,0.005812980234622955,0.003785237204283476,6,6,8,16
5,90,0.31095603108406067,0.17375513911247253,0.14603851735591888,0.1104864776134491,0.10454665124416351,0.06724003702402115,0.03011889010667801,0.01609068550169468,0.006468509323894978,0.003951262682676315,6,6,8,16
6,90,0.3154087960720062,0.17154011130332947,0.1424289494752884,0.11030645668506622,0.10181374847888947,0.06449448317289352,0.029905710369348526,0.015879666432738304,0.007930608466267586,0.004767483100295067,6,6,8,16
7,90,0.3323989808559418,0.16385285556316376,0.13640843331813812,0.11419281363487244,0.09622327238321304,0.05934201553463936,0.029363958165049553,0.01568748988211155,0.00802674051374197,0.005303798243403435,6,6,9,16
8,90,0.3341001272201538,0.15798011422157288,0.13327240943908691,0.11885198950767517,0.09248046576976776,0.0587121844291687,0.028325434774160385,0.016075458377599716,0.009227538481354713,0.005904481280595064,6,7,10,16
9,90,0.308510422706604,0.15721429884433746,0.14341886341571808,0.11994218081235886,0.09702011197805405,0.05586409196257591,0.0276865903288126,0.017401425167918205,0.011658170260488987,0.00754325557500124,6,7,11,16
10,90,0.29703155159950256,0.15512016415596008,0.14135481417179108,0.1147426962852478,0.10301609337329865,0.056235264986753464,0.02580259181559086,0.019544165581464767,0.013290650211274624,0.008814055472612381,6,8,12,16
11,90,0.4662882089614868,0.12294524163007736,0.10294384509325027,0.085295170545578,0.06819343566894531,0.03861932456493378,0.01844300888478756,0.016816938295960426,0.011590839363634586,0.009442073293030262,6,7,12,16
0,90,0.24254265427589417,0.1934688240289688,0.18451552093029022,0.138639897108078,0.11649709939956665,0.07371443510055542,0.03349246457219124,0.012199598364531994,0.0008850274607539177,0.0005660540191456676,5,6,7,17
1,90,0.25470849871635437,0.19410623610019684,0.17302902042865753,0.14377427101135254,0.10887982696294785,0.0720503032207489,0.03544613718986511,0.012920623645186424,0.0007268923218362033,0.0005663836491294205,5,6,7,17
2,90,0.2550414204597473,0.19156086444854736,0.16486403346061707,0.14039860665798187,0.11312733590602875,0.073632150888443,0.03491325303912163,0.015497155487537384,0.0015049008652567863,0.0012860543793067336,5,6,7,17
3,90,0.2760862708091736,0.1879744976758957,0.15831489861011505,0.1307021677494049,0.1056702733039856,0.06894400715827942,0.03525938466191292,0.017466774210333824,0.003535412484779954,0.002017729450017214,5,6,7,17
4,90,0.29804450273513794,0.1837666779756546,0.1507958173751831,0.11959543079137802,0.1033468171954155,0.07000746577978134,0.03134240210056305,0.017017291858792305,0.0041977413929998875,0.0031454777345061302,5,6,7,17
5,90,0.31453487277030945,0.1779017448425293,0.1456451267004013,0.1114346832036972,0.10296987742185593,0.06838573515415192,0.03186049684882164,0.016138561069965363,0.004625708796083927,0.003423867980018258,5,6,7,17
6,90,0.3227073848247528,0.17470736801624298,0.14275698363780975,0.11008159816265106,0.1008298397064209,0.06662407517433167,0.030557962134480476,0.016133274883031845,0.005463744979351759,0.0039401245303452015,5,6,8,17
7,90,0.3418829143047333,0.16349658370018005,0.13777630031108856,0.11527528613805771,0.09506053477525711,0.0624777153134346,0.029582887887954712,0.015711208805441856,0.0057607791386544704,0.004101823084056377,5,6,8,17
8,90,0.3433082699775696,0.15578562021255493,0.1437939703464508,0.11383834481239319,0.09231105446815491,0.06147902086377144,0.029136300086975098,0.016022760421037674,0.006491190288215876,0.004585627932101488,6,6,8,17
9,90,0.3170846104621887,0.16822408139705658,0.14776116609573364,0.11403074860572815,0.09563475847244263,0.05802867189049721,0.02885489910840988,0.01662725955247879,0.007326698862016201,0.005688019562512636,6,6,9,17
10,90,0.30871447920799255,0.17336563766002655,0.14147838950157166,0.11094552278518677,0.10155652463436127,0.05760722607374191,0.02602982148528099,0.018312152475118637,0.008154118433594704,0.0065559688955545425,6,7,10,17
11,90,0.4866933524608612,0.12580592930316925,0.10327132791280746,0.0836629718542099,0.06912480294704437,0.04062521085143089,0.018151987344026566,0.01628410816192627,0.0075241741724312305,0.006464230827987194,5,6,9,17
0,90,0.2428428679704666,0.19574661552906036,0.1838468760251999,0.13857093453407288,0.11520954966545105,0.07430070638656616,0.0333380326628685,0.01211094856262207,0.0003937201981898397,0.0003798042016569525,5,6,6,18
1,90,0.25336840748786926,0.19282908737659454,0.17623794078826904,0.14423492550849915,0.10822728276252747,0.07268109172582626,0.03531987965106964,0.012754039838910103,0.0003927797661162913,0.0003843827871605754,5,6,7,18
2,90,0.2509113550186157,0.19524075090885162,0.16967080533504486,0.14042271673679352,0.11181818693876266,0.07388480752706528,0.035419829189777374,0.015055268071591854,0.0007612790213897824,0.0006520897150039673,5,6,7,18
3,90,0.267678439617157,0.1899099498987198,0.16696029901504517,0.13239812850952148,0.10577727854251862,0.06992145627737045,0.03543488308787346,0.01814805343747139,0.001961132511496544,0.001182550098747015,5,6,7,18
4,90,0.2922809422016144,0.18333159387111664,0.1579236537218094,0.12149809300899506,0.10529937595129013,0.07054563611745834,0.032211750745773315,0.01786768063902855,0.0021785064600408077,0.0018292333697900176,5,6,7,18
5,90,0.302466481924057,0.17732073366641998,0.15697546303272247,0.11552421003580093,0.10530106723308563,0.06996749341487885,0.032033536583185196,0.017757151275873184,0.0023634780663996935,0.0021992388647049665,5,6,7,18
6,90,0.3087741732597351,0.17164035141468048,0.15336158871650696,0.12059400230646133,0.10154519230127335,0.0671847015619278,0.03174513205885887,0.016902081668376923,0.00336869852617383,0.002826858079060912,5,6,7,18
7,90,0.3313944637775421,0.15982457995414734,0.14657962322235107,0.12277000397443771,0.09607503563165665,0.06225725635886192,0.031222723424434662,0.01625065505504608,0.004164364654570818,0.0033945494797080755,5,6,7,18
8,90,0.32887062430381775,0.1559021770954132,0.1465459167957306,0.1261245310306549,0.09428104013204575,0.06157621741294861,0.030435821041464806,0.016500957310199738,0.005248070694506168,0.004299739375710487,5,6,8,18
9,90,0.2987707555294037,0.17061306536197662,0.1462387591600418,0.12865962088108063,0.09977351129055023,0.05968616530299187,0.030551567673683167,0.01686723902821541,0.0067394389770925045,0.005909930914640427,6,6,8,18
10,90,0.2805507779121399,0.17925122380256653,0.14010831713676453,0.12417992204427719,0.10787530988454819,0.060930702835321426,0.027506187558174133,0.019130859524011612,0.009002392180263996,0.006639053113758564,6,7,10,18
11,90,0.40279391407966614,0.14836126565933228,0.12004036456346512,0.10517802089452744,0.07462530583143234,0.04795769602060318,0.0221375934779644,0.01924339309334755,0.008212237618863583,0.007458736188709736,5,7,10,18
0,90,0.24134574830532074,0.19651593267917633,0.1834784597158432,0.13798020780086517,0.11551176011562347,0.07399733364582062,0.03332759067416191,0.012067540548741817,0.0009822570718824863,0.0006423094891943038,5,6,7,19
1,90,0.2511312663555145,0.19297252595424652,0.17613865435123444,0.14375361800193787,0.10901425033807755,0.07228998094797134,0.03540476784110069,0.012729101814329624,0.0016432433621957898,0.0005775002064183354,5,6,7,19
2,90,0.24921724200248718,0.1949218511581421,0.1688905507326126,0.1395895928144455,0.11208311468362808,0.0732455924153328,0.035407036542892456,0.015113309025764465,0.002026510424911976,0.001124230562709272,5,6,7,19
3,90,0.2670130133628845,0.19073618948459625,0.16553114354610443,0.13036192953586578,0.1059267446398735,0.06913141906261444,0.03526240959763527,0.017867974936962128,0.0024116700515151024,0.0018994041020050645,5,6,7,19
4,90,0.29006463289260864,0.18603476881980896,0.15654034912586212,0.11903214454650879,0.10539790987968445,0.06997862458229065,0.03204440698027611,0.017452863976359367,0.0026641448494046926,0.002202614676207304,5,6,7,19
5,90,0.2994014322757721,0.17755074799060822,0.15486793220043182,0.11716695129871368,0.10400375723838806,0.06951357424259186,0.031953491270542145,0.017200862988829613,0.0035955985076725483,0.0024413878563791513,5,6,7,19
6,90,0.30933183431625366,0.16967912018299103,0.15093615651130676,0.12040944397449493,0.10052334517240524,0.06668643653392792,0.0314738005399704,0.016260739415884018,0.00449212035164237,0.003255805466324091,5,6,8,19
7,90,0.33461570739746094,0.1577245444059372,0.143098384141922,0.12241079658269882,0.09443677961826324,0.06155095249414444,0.030850272625684738,0.01555385161191225,0.0050216056406497955,0.003944677766412497,5,6,8,19
8,90,0.33061960339546204,0.15262410044670105,0.14423072338104248,0.12456804513931274,0.09328402578830719,0.061167456209659576,0.030345862731337547,0.015843765810132027,0.006114044692367315,0.005376080051064491,6,6,8,19
9,90,0.2990437150001526,0.1670360416173935,0.1451522558927536,0.12751036882400513,0.09692645072937012,0.05920552462339401,0.02984253689646721,0.016485124826431274,0.00754412729293108,0.006756885908544064,6,7,10,19
10,90,0.2838493883609772,0.17533408105373383,0.13658984005451202,0.12310990691184998,0.10491514205932617,0.05902954190969467,0.027382856234908104,0.01881585456430912,0.009985597804188728,0.007582284510135651,6,7,11,19
11,90,0.42231735587120056,0.13952577114105225,0.11228934675455093,0.10030707716941833,0.07163181900978088,0.045784901827573776,0.020910445600748062,0.018957650288939476,0.009864678606390953,0.007225210312753916,6,7,11,19
0,90,0.2419775277376175,0.19543486833572388,0.1836508810520172,0.13824716210365295,0.11549580842256546,0.0742567777633667,0.03344479948282242,0.012089596129953861,0.0005903560668230057,0.0005099724512547255,5,6,7,20
1,90,0.25202059745788574,0.19365444779396057,0.17465218901634216,0.14353477954864502,0.10866054147481918,0.07248397916555405,0.0354144349694252,0.012817823328077793,0.0008069695322774351,0.0006267847493290901,5,6,7,20
2,90,0.25297144055366516,0.19224753975868225,0.16684900224208832,0.1390201300382614,0.11121891438961029,0.07334353774785995,0.03502364456653595,0.014923855662345886,0.001795933349058032,0.0013572047464549541,5,6,7,20
3,90,0.27198630571365356,0.18721257150173187,0.16238902509212494,0.12879173457622528,0.1041429191827774,0.06851152330636978,0.03450494259595871,0.017523890361189842,0.004088064190000296,0.0023338363971561193,5,6,7,20
4,90,0.29478585720062256,0.18181666731834412,0.15267260372638702,0.11747663468122482,0.10349340736865997,0.0689534842967987,0.031249452382326126,0.017124800011515617,0.005145670846104622,0.003433011006563902,5,6,7,20
5,90,0.30501559376716614,0.17674970626831055,0.1501690298318863,0.11235563457012177,0.10143627226352692,0.06820591539144516,0.03150610253214836,0.016662904992699623,0.005734890233725309,0.0035029437858611345,6,6,8,20
6,90,0.3115543723106384,0.1709199845790863,0.14749187231063843,0.1135391891002655,0.09852215647697449,0.0656316876411438,0.030842341482639313,0.016043148934841156,0.006997318007051945,0.003958094399422407,6,6,8,20
7,90,0.33267509937286377,0.15889497101306915,0.14056256413459778,0.11772260814905167,0.09226153790950775,0.060941413044929504,0.02992573007941246,0.015383840538561344,0.008222897537052631,0.0045132883824408054,6,6,9,20
8,90,0.3315175473690033,0.1530524045228958,0.14307783544063568,0.11786084622144699,0.08964822441339493,0.059860099107027054,0.02900637686252594,0.015540827997028828,0.0097070736810565,0.0052997153252363205,6,7,10,20
9,90,0.299873948097229,0.1647162139415741,0.1441609263420105,0.12038150429725647,0.09421011060476303,0.05726070702075958,0.028782783076167107,0.016385335475206375,0.012103965505957603,0.00634014094248414,6,7,12,20
10,90,0.28746482729911804,0.1704714149236679,0.13496951758861542,0.11734403669834137,0.10057593137025833,0.05697837844491005,0.02605954185128212,0.018579624593257904,0.014050639234483242,0.007070422638207674,6,8,13,20
11,90,0.4520654082298279,0.1273207813501358,0.10252925008535385,0.08975817263126373,0.06735357642173767,0.04232878237962723,0.020190944895148277,0.01867184042930603,0.011754804290831089,0.007333242800086737,6,7,13,20
0,90,0.2429811954498291,0.19505633413791656,0.1828872412443161,0.13791877031326294,0.11525888741016388,0.07329799979925156,0.03316199779510498,0.011975607834756374,0.0006659909849986434,0.0005615644040517509,5,6,7,21
1,90,0.25388598442077637,0.19139458239078522,0.1753189116716385,0.14381088316440582,0.10824322700500488,0.07138393819332123,0.03518692031502724,0.012591629289090633,0.0007794781704433262,0.0006359213730320334,5,6,7,21
2,90,0.25244903564453125,0.1914309859275818,0.16808247566223145,0.13920432329177856,0.11120331287384033,0.07260528206825256,0.03497597575187683,0.014714017510414124,0.001607265672646463,0.0013329638168215752,5,6,7,21
3,90,0.2692805528640747,0.18560902774333954,0.16327519714832306,0.1310219168663025,0.1043311133980751,0.06814441084861755,0.034543007612228394,0.01757882907986641,0.002904621185734868,0.0024508011993020773,5,6,7,21
4,90,0.29225319623947144,0.17915278673171997,0.15286098420619965,0.12016138434410095,0.10359181463718414,0.06906253844499588,0.03119387850165367,0.017198562622070312,0.003959150984883308,0.0026753582060337067,6,6,8,21
5,90,0.3037341237068176,0.17344112694263458,0.15024161338806152,0.11322148144245148,0.10471643507480621,0.06783918291330338,0.03083946369588375,0.016458896920084953,0.00422800425440073,0.0030054589733481407,6,6,8,21
6,90,0.30846092104911804,0.1695152372121811,0.1461821347475052,0.11582890152931213,0.10125064849853516,0.06501582264900208,0.03075980395078659,0.016056207939982414,0.005518005695194006,0.0033445623703300953,6,6,8,21
7,90,0.32840368151664734,0.15964825451374054,0.13970749080181122,0.11867088824510574,0.09637853503227234,0.05990341678261757,0.03024967573583126,0.015594789758324623,0.005626890808343887,0.0035515157505869865,6,6,9,21
8,90,0.32710811495780945,0.15342697501182556,0.13882054388523102,0.12326164543628693,0.09356735646724701,0.05945458263158798,0.02938295155763626,0.01589588075876236,0.006874977145344019,0.004077114164829254,6,7,10,21
9,90,0.2993735671043396,0.15410389006137848,0.14905591309070587,0.12581591308116913,0.09748892486095428,0.05704918131232262,0.028863806277513504,0.016839712858200073,0.00812825933098793,0.005435440223664045,6,7,12,21
10,90,0.2853333652019501,0.16103744506835938,0.14100563526153564,0.12041311711072922,0.10476388037204742,0.056806668639183044,0.026317348703742027,0.019067928194999695,0.0090894540771842,0.006718772929161787,6,8,14,21
11,90,0.4355185329914093,0.13100792467594147,0.11286132782697678,0.09243613481521606,0.06963551789522171,0.0413876436650753,0.01925269328057766,0.01731155999004841,0.008929773233830929,0.006949546746909618,6,7,13,21
0,90,0.2424279749393463,0.19459757208824158,0.1830940544605255,0.1386692076921463,0.11538686603307724,0.0735403373837471,0.03334147483110428,0.012042024172842503,0.0007674304652027786,0.0005757907056249678,5,6,7,22
1,90,0.254130095243454,0.19191670417785645,0.17478182911872864,0.1439322531223297,0.10821890830993652,0.07170923799276352,0.03549452871084213,0.012717753648757935,0.0007633721688762307,0.0006477721617557108,5,6,7,22
2,90,0.250975638628006,0.19269348680973053,0.16765446960926056,0.14027854800224304,0.11189056932926178,0.07324062287807465,0.03547605872154236,0.015142490155994892,0.0013298580888658762,0.001213347539305687,5,6,7,22
3,90,0.26855120062828064,0.18848302960395813,0.16271883249282837,0.1313917189836502,0.10557778924703598,0.0690297782421112,0.035311195999383926,0.01782401092350483,0.0024022753350436687,0.0022479272447526455,5,6,7,22
4,90,0.29187721014022827,0.18335050344467163,0.15328222513198853,0.1202099621295929,0.10400262475013733,0.06983838230371475,0.03144174814224243,0.017284812405705452,0.0037323760334402323,0.0027712839655578136,5,6,7,22
5,90,0.3035300672054291,0.17663545906543732,0.1499139815568924,0.11428198218345642,0.10474830865859985,0.06891705095767975,0.030972223728895187,0.01660151593387127,0.0044486974366009235,0.0029815903399139643,6,6,8,22
6,90,0.31264063715934753,0.17105957865715027,0.14472711086273193,0.1175747886300087,0.10070128738880157,0.06602741032838821,0.030255235731601715,0.01586521603167057,0.00598501693457365,0.0033413537312299013,6,6,8,22
7,90,0.3336888253688812,0.16120114922523499,0.13773632049560547,0.12007361650466919,0.0946880355477333,0.06094059720635414,0.029471678659319878,0.015415037050843239,0.00694531574845314,0.003906050231307745,6,6,8,22
8,90,0.33501604199409485,0.1528104841709137,0.1394827514886856,0.12101161479949951,0.09237649291753769,0.06043079122900963,0.028917012736201286,0.01570959761738777,0.00822293572127819,0.004942860919982195,6,6,9,22
9,90,0.30740290880203247,0.15732306241989136,0.14775827527046204,0.1215856745839119,0.09677295386791229,0.05878211930394173,0.028812935575842857,0.016046207398176193,0.009617792442440987,0.005909525323659182,6,7,10,22
10,90,0.29260900616645813,0.16409491002559662,0.14098119735717773,0.11593743413686752,0.10457264631986618,0.05920827388763428,0.026226243004202843,0.01812668889760971,0.01176885049790144,0.007019855547696352,6,7,12,22
11,90,0.4405147433280945,0.13115034997463226,0.1103496104478836,0.09428129345178604,0.06969963759183884,0.04285828024148941,0.01934853568673134,0.018294040113687515,0.010578923858702183,0.006327884737402201,6,7,12,22
0,90,0.24305495619773865,0.19548413157463074,0.18274495005607605,0.138046994805336,0.11499679088592529,0.07374029606580734,0.033180855214595795,0.012014246545732021,0.0006931115058250725,0.00046637572813779116,5,6,7,23
1,90,0.2534466087818146,0.19199971854686737,0.1755131334066391,0.1437877118587494,0.10813835263252258,0.07181062549352646,0.035292595624923706,0.012663264758884907,0.0006028677453286946,0.0005414675688371062,5,6,7,23
2,90,0.2523944675922394,0.1916470229625702,0.1684921234846115,0.13987010717391968,0.11108628660440445,0.07284752279520035,0.03521816059947014,0.014768899418413639,0.0011672222753986716,0.0010168241569772363,5,6,7,23
3,90,0.2695750892162323,0.18641594052314758,0.16452553868293762,0.13046212494373322,0.10439170897006989,0.06837450712919235,0.034861739724874496,0.01762649603188038,0.002873689401894808,0.0019625681452453136,5,6,7,23
4,90,0.29246824979782104,0.18041551113128662,0.15430374443531036,0.11888177692890167,0.10418978333473206,0.06904719769954681,0.0315348245203495,0.01726720854640007,0.003360356669872999,0.0024381305556744337,5,6,7,23
5,90,0.30274608731269836,0.17506736516952515,0.15198242664337158,0.11396332830190659,0.10345778614282608,0.06811454892158508,0.03127026930451393,0.01672021672129631,0.00369794899597764,0.002730034524574876,6,6,8,23
6,90,0.30916592478752136,0.1703847497701645,0.14770455658435822,0.11652182787656784,0.09959220886230469,0.06519052386283875,0.030951593071222305,0.015918945893645287,0.004693128168582916,0.003435563063248992,6,6,8,23
7,90,0.330593466758728,0.1594851315021515,0.14015978574752808,0.11913537234067917,0.0942973792552948,0.06008685380220413,0.030186980962753296,0.015340445563197136,0.005188344046473503,0.004173665773123503,6,6,9,23
8,90,0.3295326828956604,0.15264639258384705,0.14011074602603912,0.12215474992990494,0.09184838086366653,0.05967435985803604,0.029437605291604996,0.015528862364590168,0.006197270471602678,0.00487682968378067,6,7,10,23
9,90,0.3013535737991333,0.155617818236351,0.14791277050971985,0.12440034002065659,0.09616197645664215,0.05772993341088295,0.029273273423314095,0.01614123396575451,0.007207999937236309,0.006062852684408426,6,7,12,23
10,90,0.285968154668808,0.16208146512508392,0.13991887867450714,0.11892645061016083,0.10451358556747437,0.057959217578172684,0.026603110134601593,0.018148737028241158,0.009295663796365261,0.007079251576215029,6,8,15,23
11,90,0.4359745979309082,0.13073478639125824,0.1097785085439682,0.09306488186120987,0.06934258341789246,0.04331383481621742,0.019793203100562096,0.01742236502468586,0.008323732763528824,0.006906114052981138,6,7,14,23
0,90,0.24206794798374176,0.19471734762191772,0.18319888412952423,0.1380624771118164,0.11547138541936874,0.073599673807621,0.033306993544101715,0.01201722864061594,0.0006688230205327272,0.0005088128382340074,5,6,7,24
1,90,0.2528856098651886,0.1925707459449768,0.17429569363594055,0.14342768490314484,0.1086977869272232,0.07177713513374329,0.03533829376101494,0.01271807961165905,0.0007366260979324579,0.0005269378889352083,5,6,7,24
2,90,0.25285929441452026,0.19119793176651,0.1663285791873932,0.1390058398246765,0.11155503988265991,0.07294170558452606,0.03501101955771446,0.014924789778888226,0.00139897083863616,0.0011781732318922877,5,6,7,24
3,90,0.27117812633514404,0.1868792623281479,0.1612251251935959,0.1290670484304428,0.10454221814870834,0.06813564896583557,0.03465399146080017,0.01731615699827671,0.003234259085729718,0.001991875935345888,5,6,7,24
4,90,0.29275965690612793,0.18204696476459503,0.15172813832759857,0.11775217205286026,0.10352475196123123,0.06905128806829453,0.03111480362713337,0.016880644485354424,0.004126344341784716,0.0028529136907309294,6,6,8,24
5,90,0.30404341220855713,0.17583632469177246,0.14827001094818115,0.11329527199268341,0.102179616689682,0.06804638355970383,0.031248457729816437,0.016186192631721497,0.004549090750515461,0.0029185705352574587,6,6,8,24
6,90,0.311175674200058,0.17043957114219666,0.14451704919338226,0.11433065682649612,0.0996098518371582,0.06543130427598953,0.03059588558971882,0.015754334628582,0.005461759865283966,0.0034715619403868914,6,6,8,24
7,90,0.33213502168655396,0.15910392999649048,0.13734732568264008,0.11845635622739792,0.09384971112012863,0.06067446246743202,0.02977270446717739,0.01527144480496645,0.006523397285491228,0.0037232544273138046,6,6,9,24
8,90,0.3320121169090271,0.15159298479557037,0.14049655199050903,0.11877207458019257,0.09102487564086914,0.059818413108587265,0.029070701450109482,0.015530447475612164,0.007616368122398853,0.004426970612257719,6,7,10,24
9,90,0.30174556374549866,0.15928031504154205,0.1458248496055603,0.12050241231918335,0.09472689777612686,0.05722736194729805,0.028576264157891273,0.016362003982067108,0.009679210372269154,0.005539834499359131,6,7,13,24
10,90,0.29071342945098877,0.1650538444519043,0.13689537346363068,0.11629045009613037,0.10128911584615707,0.056234005838632584,0.02600027248263359,0.018445691093802452,0.01142354030162096,0.005885614547878504,6,8,16,24
11,90,0.45896580815315247,0.12377405166625977,0.10366290807723999,0.08770466595888138,0.0669393464922905,0.04046206548810005,0.018419668078422546,0.018040094524621964,0.010254881344735622,0.0063277422450482845,6,8,14,24
0,90,0.2430846095085144,0.1951441764831543,0.1833248883485794,0.13885261118412018,0.11598002910614014,0.07441892474889755,0.03356264904141426,0.01215581875294447,0.00043927901424467564,0.0003959940804634243,5,6,6,25
1,90,0.2541564702987671,0.19527241587638855,0.1728287786245346,0.14355605840682983,0.10924212634563446,0.0726446732878685,0.035623639822006226,0.012995069846510887,0.0003994041180703789,0.0003543132042977959,5,6,7,25
2,90,0.2595078647136688,0.19101488590240479,0.16478392481803894,0.14041587710380554,0.11246245354413986,0.07381407916545868,0.035159241408109665,0.015189306810498238,0.0010894376318901777,0.0008177937124855816,5,6,7,25
3,90,0.28359052538871765,0.18826830387115479,0.16102860867977142,0.12855231761932373,0.10484468936920166,0.06892338395118713,0.035449497401714325,0.01705804094672203,0.0022968919947743416,0.00119272421579808,5,6,7,25
4,90,0.3041594624519348,0.18697060644626617,0.15325288474559784,0.11683963239192963,0.10434996336698532,0.06979315727949142,0.03174423426389694,0.016801318153738976,0.003019153606146574,0.0017973949434235692,5,6,7,25
5,90,0.3174600899219513,0.18371783196926117,0.14927895367145538,0.11357748508453369,0.09945850819349289,0.06874530762434006,0.032738275825977325,0.01603527180850506,0.0036341645754873753,0.0018983507761731744,5,6,7,25
6,90,0.32754841446876526,0.17992514371871948,0.1478070765733719,0.11113115400075912,0.09718836098909378,0.06694293767213821,0.03129296004772186,0.015287280082702637,0.004645619075745344,0.0022552425507456064,5,6,7,25
7,90,0.34875422716140747,0.16818362474441528,0.1424330621957779,0.11510948091745377,0.09153943508863449,0.06316874921321869,0.029844578355550766,0.014887877739965916,0.005708421114832163,0.002541234716773033,5,6,7,25
8,90,0.35384073853492737,0.16213344037532806,0.14691999554634094,0.11178252846002579,0.08832310885190964,0.061577972024679184,0.029385235160589218,0.015081878751516342,0.007024760823696852,0.0032416721805930138,5,6,7,25
9,90,0.32590797543525696,0.17381365597248077,0.14944007992744446,0.11534363776445389,0.09200538694858551,0.05884367600083351,0.029350515455007553,0.015718458220362663,0.009334569796919823,0.003998928237706423,5,6,8,25
10,90,0.3221494257450104,0.17708063125610352,0.14088976383209229,0.11571069061756134,0.09628318250179291,0.058079060167074203,0.02649720571935177,0.01680736243724823,0.010510146617889404,0.005150416400283575,5,6,8,25
11,90,0.5267918705940247,0.12353843450546265,0.09446582198143005,0.07838179916143417,0.0636855810880661,0.041377391666173935,0.01779390126466751,0.013914688490331173,0.009688167832791805,0.004463541321456432,5,6,8,25
0,90,0.24387070536613464,0.19527333974838257,0.182057186961174,0.13754691183567047,0.11506558954715729,0.07324658334255219,0.03308269754052162,0.01198210846632719,0.0014247640501707792,0.0009316802024841309,5,6,7,26
1,90,0.2539181411266327,0.19186891615390778,0.17542150616645813,0.14338769018650055,0.10832644999027252,0.07125403732061386,0.03522804006934166,0.012628327123820782,0.0011077140225097537,0.0006609024712815881,5,6,7,26
2,90,0.2537674903869629,0.19062811136245728,0.16820573806762695,0.13913404941558838,0.11149580031633377,0.07257121801376343,0.035277996212244034,0.014707660302519798,0.0016505953390151262,0.001233406481333077,5,6,7,26
3,90,0.270731657743454,0.18686309456825256,0.16448450088500977,0.12960685789585114,0.1049107164144516,0.06788862496614456,0.03512992337346077,0.017264999449253082,0.00253016478382051,0.0022867771331220865,5,6,7,26
4,90,0.2919985055923462,0.18191254138946533,0.15473385155200958,0.11813754588365555,0.10471140593290329,0.0690058171749115,0.031789202243089676,0.016908099874854088,0.003646326716989279,0.002729179570451379,5,6,7,26
5,90,0.3031747341156006,0.1756405234336853,0.15086814761161804,0.11538664996623993,0.10322991758584976,0.0681748315691948,0.031439051032066345,0.01625620201230049,0.004305168054997921,0.003044018056243658,6,6,8,26
6,90,0.311000794172287,0.17139244079589844,0.14629152417182922,0.11628006398677826,0.09976477175951004,0.06523720920085907,0.030636955052614212,0.015675045549869537,0.005645879544317722,0.003628449747338891,6,6,8,26
7,90,0.3339439630508423,0.16022031009197235,0.13896965980529785,0.1169595867395401,0.09556078910827637,0.06021806225180626,0.029787328094244003,0.015230774879455566,0.005963462870568037,0.003982735797762871,6,6,8,26
8,90,0.3341764807701111,0.1537875086069107,0.13719817996025085,0.11928801238536835,0.0931362733244896,0.06022712588310242,0.0295293927192688,0.015496665611863136,0.00671349884942174,0.005063892342150211,6,7,10,26
9,90,0.30699634552001953,0.153734490275383,0.14975380897521973,0.1199975237250328,0.09580090641975403,0.057973410934209824,0.029257075861096382,0.016272427514195442,0.008472821675240993,0.006426949054002762,6,7,11,26
10,90,0.29176783561706543,0.15959970653057098,0.14300432801246643,0.11363466829061508,0.10464850068092346,0.057192083448171616,0.027071664109826088,0.01843797042965889,0.010341373272240162,0.008172929286956787,6,8,13,26
11,90,0.4545198082923889,0.1272270381450653,0.10659751296043396,0.08598919212818146,0.06913740932941437,0.04162446781992912,0.019598549231886864,0.017316272482275963,0.009525547735393047,0.007632730063050985,6,7,12,26
0,90,0.24240531027317047,0.19597017765045166,0.18310506641864777,0.13782697916030884,0.11524149030447006,0.07349460572004318,0.03326273709535599,0.011935047805309296,0.000790816149674356,0.0005748191033490002,5,6,7,27
1,90,0.2529311180114746,0.19143621623516083,0.17593012750148773,0.1439843624830246,0.10821322351694107,0.07159649580717087,0.03516506403684616,0.012543460354208946,0.0010648696916177869,0.0008433570619672537,5,6,7,27
2,90,0.2514733374118805,0.19310545921325684,0.16878560185432434,0.13817471265792847,0.11089138686656952,0.07275260239839554,0.03499303013086319,0.01461890060454607,0.0023207450285553932,0.0017666163621470332,5,6,7,27
3,90,0.2685736119747162,0.1857902556657791,0.16443726420402527,0.13144227862358093,0.10422824323177338,0.06857337057590485,0.03427692502737045,0.017850754782557487,0.00395014276728034,0.0031765250023454428,5,6,7,27
4,90,0.2934892475605011,0.17838473618030548,0.15354207158088684,0.12162729352712631,0.10336774587631226,0.06926027685403824,0.031257759779691696,0.017518598586320877,0.005393912550061941,0.0037388040218502283,5,6,7,27
5,90,0.3050481975078583,0.17223641276359558,0.15174125134944916,0.11347746849060059,0.10563386976718903,0.06823353469371796,0.03068937174975872,0.016881749033927917,0.005585139151662588,0.0038579495158046484,6,6,8,27
6,90,0.3097480237483978,0.16788510978221893,0.14814068377017975,0.11612503975629807,0.10232190787792206,0.06523101031780243,0.030876992270350456,0.01648796908557415,0.007442162372171879,0.004178352653980255,6,6,8,27
7,90,0.33003365993499756,0.15868330001831055,0.1420438438653946,0.11938054859638214,0.09655106067657471,0.05968192592263222,0.03064853325486183,0.01598474569618702,0.0077108959667384624,0.004310957156121731,6,6,8,27
8,90,0.32661712169647217,0.15398818254470825,0.140074223279953,0.1259632706642151,0.09388315677642822,0.05918020009994507,0.029636749997735023,0.016212640330195427,0.009191690944135189,0.005038709845393896,6,7,9,27
9,90,0.29822200536727905,0.15473221242427826,0.14954781532287598,0.12966004014015198,0.09824013710021973,0.05678657442331314,0.028851019218564034,0.017446108162403107,0.0109553262591362,0.0068399556912481785,6,7,10,27
10,90,0.2837693989276886,0.16211596131324768,0.14143209159374237,0.12530969083309174,0.10408397018909454,0.05708283931016922,0.026570342481136322,0.020094050094485283,0.012248741462826729,0.007765806745737791,6,7,12,27
11,90,0.4247981011867523,0.13467992842197418,0.11604873090982437,0.09676598012447357,0.07063942402601242,0.04217497631907463,0.019785771146416664,0.018208373337984085,0.011371447704732418,0.007827742956578732,6,7,12,27
0,90,0.24321602284908295,0.1952953040599823,0.18251363933086395,0.13786645233631134,0.11512722074985504,0.07359732687473297,0.03318703547120094,0.012048543430864811,0.001110337907448411,0.0007460141787305474,5,6,7,28
1,90,0.25331708788871765,0.1922176629304886,0.17537671327590942,0.14354391396045685,0.10823486745357513,0.07165451347827911,0.035356152802705765,0.012704416178166866,0.000885985791683197,0.0005700808251276612,5,6,7,28
2,90,0.25260308384895325,0.19124314188957214,0.1682814061641693,0.1397607922554016,0.11116781085729599,0.07276429235935211,0.035231031477451324,0.014737134799361229,0.0013761111767962575,0.0012398803373798728,5,6,7,28
3,90,0.2699536383152008,0.18644441664218903,0.16420023143291473,0.13013777136802673,0.1043330729007721,0.06807379424571991,0.03487153351306915,0.017525169998407364,0.0029279091395437717,0.002298047300428152,5,6,7,28
4,90,0.2922229766845703,0.1810159832239151,0.1539497673511505,0.11830097436904907,0.10397448390722275,0.0687941312789917,0.031528834253549576,0.01713978499174118,0.0034366401378065348,0.0029622307047247887,6,6,8,28
5,90,0.30231520533561707,0.1757798194885254,0.1511044055223465,0.1137261763215065,0.10301227122545242,0.06794294714927673,0.03131655603647232,0.016521865501999855,0.00388351920992136,0.0033247116953134537,6,6,8,28
6,90,0.3089201748371124,0.17115962505340576,0.14668917655944824,0.11581431329250336,0.09901037812232971,0.06509509682655334,0.03079838678240776,0.015761198475956917,0.005207634065300226,0.003733133664354682,6,6,8,28
7,90,0.3305472731590271,0.16013631224632263,0.13920116424560547,0.11767733097076416,0.09419997036457062,0.060167260468006134,0.02992079220712185,0.015174792148172855,0.0057180956937372684,0.004189175553619862,6,6,9,28
8,90,0.33071452379226685,0.15270960330963135,0.1390829086303711,0.1196577176451683,0.09169453382492065,0.05980996415019035,0.029226887971162796,0.015364759601652622,0.006715431809425354,0.0049671269953250885,6,7,11,28
9,90,0.30244961380958557,0.15499942004680634,0.14802421629428864,0.12128083407878876,0.09543675184249878,0.05770881474018097,0.029070734977722168,0.01601368561387062,0.007941117510199547,0.00637966999784112,6,7,13,28
10,90,0.2872868478298187,0.16121730208396912,0.1398511677980423,0.11509784311056137,0.10432585328817368,0.05757156014442444,0.02649099938571453,0.017946891486644745,0.010074092075228691,0.007756752893328667,6,8,15,28
11,90,0.4447920322418213,0.12750127911567688,0.10681809484958649,0.08915777504444122,0.06857553124427795,0.04265027865767479,0.019518369808793068,0.017106838524341583,0.008653872646391392,0.007670585997402668,6,8,14,28
0,90,0.2432268112897873,0.19571302831172943,0.18282553553581238,0.137986958026886,0.11501764506101608,0.07381316274404526,0.03324577212333679,0.01204078458249569,0.0007189724710769951,0.000514924933668226,5,6,7,29
1,90,0.2535173296928406,0.19214315712451935,0.17607277631759644,0.14389744400978088,0.10789161920547485,0.07196667790412903,0.03526145592331886,0.01266520470380783,0.0006593408761546016,0.0005436795181594789,5,6,7,29
2,90,0.25158601999282837,0.19342514872550964,0.1694318801164627,0.13922478258609772,0.11128087341785431,0.07325615733861923,0.035370394587516785,0.01481975894421339,0.0011169423814862967,0.0008968551410362124,5,6,7,29
3,90,0.26850175857543945,0.1875939667224884,0.16627445816993713,0.1314636915922165,0.10487228631973267,0.06909532845020294,0.035101380199193954,0.017957676202058792,0.0020355135202407837,0.0015392914647236466,5,6,7,29
4,90,0.292826384305954,0.18074612319469452,0.15637877583503723,0.12077810615301132,0.10413869470357895,0.06961456686258316,0.031928349286317825,0.017565825954079628,0.002518267370760441,0.002293612342327833,5,6,7,29
5,90,0.3039485216140747,0.17492102086544037,0.15421031415462494,0.11422979086637497,0.10461103916168213,0.06893223524093628,0.031304746866226196,0.01718100719153881,0.0030098885763436556,0.002320987405255437,5,6,7,29
6,90,0.31084370613098145,0.17021766304969788,0.14997169375419617,0.11708933115005493,0.10052929073572159,0.06594271957874298,0.030801326036453247,0.01640189066529274,0.0038545893039554358,0.003300407901406288,6,6,8,29
7,90,0.3330242931842804,0.15926826000213623,0.14329835772514343,0.11815125495195389,0.09540744125843048,0.06066586822271347,0.03022007644176483,0.015807734802365303,0.004516054410487413,0.0035658760461956263,6,6,8,29
8,90,0.3310812711715698,0.15300318598747253,0.14269013702869415,0.12205809354782104,0.09321700781583786,0.06039727106690407,0.029651382938027382,0.016015993431210518,0.005342624615877867,0.004193792585283518,6,6,9,29
9,90,0.30296456813812256,0.15907476842403412,0.14813728630542755,0.1243603304028511,0.09735944122076035,0.058416690677404404,0.02957122214138508,0.016554316505789757,0.006449960172176361,0.005127095617353916,6,7,11,29
10,90,0.2843746542930603,0.16647712886333466,0.14161668717861176,0.11857540160417557,0.10561633110046387,0.05945589020848274,0.027079017832875252,0.018876804038882256,0.008006490767002106,0.006532847881317139,6,7,13,29
11,90,0.41870084404945374,0.13833631575107574,0.11505571752786636,0.09573682397603989,0.07165250182151794,0.04533768445253372,0.02103623002767563,0.018230721354484558,0.007414030376821756,0.006449124775826931,6,7,13,29
0,90,0.24233655631542206,0.19484612345695496,0.1832168847322464,0.1385183036327362,0.11568129807710648,0.07373827695846558,0.033293768763542175,0.012082274071872234,0.0006755059584975243,0.0005245161592029035,5,6,7,30
1,90,0.25325432419776917,0.1929132491350174,0.1741451919078827,0.1437375545501709,0.10891116410493851,0.07184729725122452,0.035573750734329224,0.012815511785447598,0.0007098357891663909,0.0006298954831436276,5,6,7,30
2,90,0.25336912274360657,0.19054420292377472,0.16672755777835846,0.14120493829250336,0.11184480041265488,0.07284435629844666,0.0351867638528347,0.015078912489116192,0.0016772941453382373,0.0013360510347411036,5,6,7,30
3,90,0.273577481508255,0.18713800609111786,0.16151292622089386,0.12967893481254578,0.10481423139572144,0.0680978074669838,0.03507925570011139,0.01735740341246128,0.003953494597226381,0.002449314808472991,5,6,7,30
4,90,0.2944469451904297,0.18402831256389618,0.15218457579612732,0.1171625629067421,0.10441247373819351,0.06914246082305908,0.031345490366220474,0.016969885677099228,0.005060327239334583,0.003416836028918624,5,6,7,30
5,90,0.30514076352119446,0.17889466881752014,0.14868436753749847,0.11434467881917953,0.10208644717931747,0.06798969954252243,0.031717196106910706,0.01615488901734352,0.00549329025670886,0.003720060456544161,6,6,8,30
6,90,0.31406599283218384,0.17362253367900848,0.14463290572166443,0.11513729393482208,0.098860964179039,0.06551400572061539,0.031068015843629837,0.015302152372896671,0.0066466424614191055,0.00416697608307004,6,6,8,30
7,90,0.33513396978378296,0.16288480162620544,0.13673636317253113,0.11926671117544174,0.09313590079545975,0.06095728650689125,0.029947131872177124,0.014723827131092548,0.007448890712112188,0.005050220992416143,6,6,8,30
8,90,0.33722904324531555,0.15426893532276154,0.14158573746681213,0.1170869916677475,0.09039731323719025,0.06022851914167404,0.029204124584794044,0.014926348812878132,0.008905265480279922,0.005813963245600462,6,6,9,30
9,90,0.30938807129859924,0.16027571260929108,0.14775007963180542,0.11924171447753906,0.09481547027826309,0.05820697173476219,0.029038965702056885,0.015406038612127304,0.010221226140856743,0.007011360954493284,6,7,10,30
10,90,0.3005790412425995,0.16507568955421448,0.1385052502155304,0.11549428850412369,0.10249757766723633,0.05753405764698982,0.026292888447642326,0.016953088343143463,0.012593488208949566,0.008001413196325302,6,7,12,30
11,90,0.47820618748664856,0.12287821620702744,0.10129087418317795,0.08728417009115219,0.06695723533630371,0.0412026010453701,0.018467042595148087,0.016062062233686447,0.009618273004889488,0.007683234289288521,5,7,11,30
0,90,0.2427489310503006,0.1947912871837616,0.1834380030632019,0.13841740787029266,0.1153881624341011,0.07373692840337753,0.03333602100610733,0.012054857797920704,0.0005840700468979776,0.00042663837666623294,5,6,7,31
1,90,0.25407445430755615,0.19218134880065918,0.17499686777591705,0.1440325528383255,0.10798844695091248,0.07192523777484894,0.035311996936798096,0.01270194724202156,0.0006159153417684138,0.00044778818846680224,5,6,7,31
2,90,0.2517935037612915,0.1927412897348404,0.1678776890039444,0.13961364328861237,0.11146127432584763,0.07329700142145157,0.035170573741197586,0.015003933571279049,0.0012466555926948786,0.0010909585980698466,5,6,7,31
3,90,0.2693072259426117,0.18695177137851715,0.16309167444705963,0.13152793049812317,0.10481110215187073,0.06902120262384415,0.03484317287802696,0.01788702793419361,0.0022541582584381104,0.0020378853660076857,5,6,7,31
4,90,0.2935558259487152,0.18006326258182526,0.15334895253181458,0.12090051919221878,0.1033044159412384,0.06957004964351654,0.03130520507693291,0.017424684017896652,0.0029253007378429174,0.0024564554914832115,5,6,7,31
5,90,0.3060040771961212,0.17437367141246796,0.15050408244132996,0.11225872486829758,0.10474380105733871,0.0684584528207779,0.03084917739033699,0.016828391700983047,0.0034958694595843554,0.002770333783701062,6,6,8,31
6,90,0.3121740221977234,0.17003615200519562,0.14612546563148499,0.11506813764572144,0.10098185390233994,0.06567733734846115,0.0303629320114851,0.016315115615725517,0.004506667610257864,0.0033274211455136538,6,6,8,31
7,90,0.33200785517692566,0.15972068905830383,0.13964033126831055,0.11839248239994049,0.09523563832044601,0.0606064572930336,0.029748158529400826,0.015776926651597023,0.005217604339122772,0.0033380521927028894,6,6,8,31
8,90,0.3309420645236969,0.1524054855108261,0.14094120264053345,0.12121538817882538,0.09269420057535172,0.0599539577960968,0.029009543359279633,0.016024181619286537,0.006096831522881985,0.004183114040642977,6,7,10,31
9,90,0.3029559254646301,0.15823332965373993,0.1468878984451294,0.12257584929466248,0.09730590134859085,0.05769367516040802,0.0288703590631485,0.01662827655673027,0.007157637272030115,0.005268973298370838,6,7,12,31
10,90,0.286847859621048,0.1647115796804428,0.14008000493049622,0.11729607731103897,0.10460684448480606,0.05844060704112053,0.02611837163567543,0.018902858719229698,0.0087758032605052,0.006436586380004883,6,8,14,31
11,90,0.4294123649597168,0.1325567662715912,0.11259499937295914,0.09441597014665604,0.07042928785085678,0.04296856001019478,0.019604342058300972,0.01862751878798008,0.008392121642827988,0.006373030599206686,6,7,13,31
0,90,0.24188096821308136,0.19583134353160858,0.1833125352859497,0.13794629275798798,0.11597730219364166,0.0733821839094162,0.03353618085384369,0.011991120874881744,0.0009518967708572745,0.0006170623237267137,5,6,7,32
1,90,0.2526264786720276,0.19194245338439941,0.1755330115556717,0.14400412142276764,0.10851601511240005,0.071477510035038,0.03545287251472473,0.012626064009964466,0.0014091881457716227,0.0010468823602423072,5,6,7,32
2,90,0.2517003118991852,0.19407041370868683,0.16836681962013245,0.13754042983055115,0.11051931232213974,0.07279559224843979,0.03493700921535492,0.014478625729680061,0.002782134572044015,0.0024997040163725615,5,6,7,32
3,90,0.2703355550765991,0.1853111982345581,0.16278575360774994,0.13256414234638214,0.10358200967311859,0.06846845895051956,0.03350411728024483,0.0181406382471323,0.004672436974942684,0.003987820353358984,5,6,7,32
4,90,0.2972668707370758,0.17792297899723053,0.1503221094608307,0.12346851825714111,0.10171378403902054,0.0689939558506012,0.03059907630085945,0.01771269179880619,0.006213934626430273,0.004783633630722761,5,6,7,32
5,90,0.30827975273132324,0.17316441237926483,0.1485304832458496,0.11201150715351105,0.1063629537820816,0.0680050477385521,0.030015824362635612,0.016662511974573135,0.006758981384336948,0.005032210610806942,6,6,8,32
6,90,0.3120022118091583,0.16941246390342712,0.14551807940006256,0.11415188759565353,0.10352586209774017,0.06518952548503876,0.030526505783200264,0.016524365171790123,0.008669313043355942,0.005405439529567957,6,6,8,32
7,90,0.3292151391506195,0.1629416048526764,0.14013777673244476,0.11838558316230774,0.0973578691482544,0.059654612094163895,0.030381128191947937,0.01609736680984497,0.008732817135751247,0.0050125434063375,6,6,8,32
8,90,0.32875746488571167,0.15795819461345673,0.13754276931285858,0.12475501000881195,0.09471310675144196,0.05874998867511749,0.028854379430413246,0.016323933377861977,0.010447167791426182,0.0059196436777710915,6,6,9,32
9,90,0.3007839322090149,0.15674400329589844,0.14837302267551422,0.12875628471374512,0.09988193958997726,0.05608265474438667,0.027765313163399696,0.01773800142109394,0.012709534727036953,0.007788487244397402,6,7,10,32
10,90,0.2905769646167755,0.15898497402668,0.14366304874420166,0.12473670393228531,0.10480491816997528,0.05637842416763306,0.025699013844132423,0.02014661394059658,0.014072919264435768,0.00956384465098381,6,7,11,32
11,90,0.4432566165924072,0.1298733949661255,0.11205028742551804,0.09641347080469131,0.07097762078046799,0.03963537514209747,0.018741266801953316,0.016822827979922295,0.012778029777109623,0.009332927875220776,5,7,11,32
0,90,0.24259935319423676,0.19538390636444092,0.18282848596572876,0.1379559189081192,0.11515837162733078,0.07360298931598663,0.03314939886331558,0.01201102789491415,0.0010953955352306366,0.000728650891687721,5,6,7,33
1,90,0.25294986367225647,0.19215984642505646,0.1754501610994339,0.14356662333011627,0.1087198480963707,0.07176394760608673,0.035310354083776474,0.012679223902523518,0.0008395530167035758,0.0007318913121707737,5,6,7,33
2,90,0.2518864572048187,0.1919388622045517,0.16815370321273804,0.14001058042049408,0.11180518567562103,0.07287345081567764,0.035310953855514526,0.014938312582671642,0.0012313320767134428,0.0011574081145226955,5,6,7,33
3,90,0.2688671350479126,0.18861955404281616,0.164403036236763,0.12974388897418976,0.10542599856853485,0.06839843094348907,0.03528955578804016,0.017434917390346527,0.0027019199915230274,0.0019362856401130557,5,6,7,33
4,90,0.29009461402893066,0.1840459704399109,0.15526524186134338,0.11775946617126465,0.10533491522073746,0.06951095908880234,0.03181621804833412,0.01707192324101925,0.0032937100622802973,0.002720464486628771,5,6,7,33
5,90,0.29979270696640015,0.17671960592269897,0.15249928832054138,0.11650268733501434,0.1030544638633728,0.06875029951334,0.03177597001194954,0.01657591201364994,0.003612774657085538,0.0031310743652284145,6,6,8,33
6,90,0.3081537187099457,0.17044097185134888,0.14812885224819183,0.11914388090372086,0.09968829154968262,0.06588394194841385,0.03121425025165081,0.015780778601765633,0.004629491362720728,0.0037468376103788614,6,6,8,33
7,90,0.33173859119415283,0.15871156752109528,0.14009113609790802,0.12114183604717255,0.09446001052856445,0.060990266501903534,0.030388087034225464,0.015231557190418243,0.005123456474393606,0.004026506561785936,6,6,8,33
8,90,0.3306477665901184,0.15152572095394135,0.1414933055639267,0.12252355366945267,0.09255041182041168,0.06058252975344658,0.029923174530267715,0.015525341033935547,0.00592381227761507,0.004705583211034536,6,7,9,33
9,90,0.30083367228507996,0.1597047746181488,0.14694860577583313,0.12471295148134232,0.09604761749505997,0.05865633487701416,0.029641225934028625,0.016111575067043304,0.0071892510168254375,0.0058659776113927364,6,7,11,33
10,90,0.2865335941314697,0.16697125136852264,0.1388397514820099,0.11918788403272629,0.10492486506700516,0.057841040194034576,0.02701655402779579,0.018175197765231133,0.009253212250769138,0.006990478839725256,6,7,14,33
11,90,0.4400113523006439,0.13141845166683197,0.10916291177272797,0.09327014535665512,0.06986858695745468,0.043310534209012985,0.01982816308736801,0.018091434612870216,0.008830652572214603,0.006685887463390827,6,7,13,33
0,90,0.24165312945842743,0.1950647085905075,0.18327489495277405,0.13830852508544922,0.11541777104139328,0.07368386536836624,0.03331875056028366,0.012020785361528397,0.0007836078875698149,0.000570745556615293,5,6,7,34
1,90,0.2526208460330963,0.1923626959323883,0.17484372854232788,0.14365461468696594,0.10873796045780182,0.0719040259718895,0.035434942692518234,0.01271629799157381,0.0011106255697086453,0.0005363235250115395,5,6,7,34
2,90,0.2508029043674469,0.19266290962696075,0.1673014611005783,0.13971664011478424,0.11191504448652267,0.07312852889299393,0.03533664718270302,0.015115424990653992,0.0014836492482572794,0.0011655979324132204,5,6,7,34
3,90,0.26868709921836853,0.1889737993478775,0.16259616613388062,0.1298179030418396,0.10551726073026657,0.06873925775289536,0.03514504432678223,0.01758367009460926,0.002683943137526512,0.0019095962634310126,5,6,7,34
4,90,0.29083460569381714,0.1844034343957901,0.15354806184768677,0.11832992732524872,0.10447408258914948,0.06965576857328415,0.03146572783589363,0.01710747927427292,0.003272445173934102,0.002573312958702445,5,6,7,34
5,90,0.3014202415943146,0.17684131860733032,0.15049295127391815,0.11530155688524246,0.10332469642162323,0.06887724250555038,0.03137220814824104,0.016546733677387238,0.003516519209370017,0.0029798923060297966,6,6,8,34
6,90,0.3109144866466522,0.1700134575366974,0.14619328081607819,0.11766821891069412,0.10011620819568634,0.06606096774339676,0.030705086886882782,0.015805162489414215,0.004403428174555302,0.0032829453703016043,6,6,8,34
7,90,0.3334834575653076,0.158841073513031,0.13858677446842194,0.12073933333158493,0.09381082653999329,0.06107906997203827,0.02991061843931675,0.015275507234036922,0.004997330717742443,0.0034524707589298487,6,6,8,34
8,90,0.3327561020851135,0.1513732671737671,0.141393780708313,0.12114772200584412,0.09166094660758972,0.06045466288924217,0.029350077733397484,0.015549860894680023,0.005671966355293989,0.004279703367501497,6,7,10,34
9,90,0.30240535736083984,0.16120553016662598,0.14562533795833588,0.12284968048334122,0.09567832946777344,0.05853473022580147,0.028957495465874672,0.01606995426118374,0.006688782945275307,0.005090589169412851,6,7,12,34
10,90,0.28942134976387024,0.16818003356456757,0.13716648519039154,0.11832798272371292,0.10312192142009735,0.057972025126218796,0.026376767084002495,0.018137218430638313,0.008547491393983364,0.005573135334998369,6,7,14,34
11,90,0.44416946172714233,0.13020378351211548,0.10672952979803085,0.09407784044742584,0.06883527338504791,0.04244081676006317,0.01909385621547699,0.018233265727758408,0.00830295030027628,0.005640643183141947,6,7,13,34
0,90,0.2427247315645218,0.19431665539741516,0.18335646390914917,0.13821275532245636,0.11531799286603928,0.07367219775915146,0.03328738734126091,0.012049063108861446,0.0010742092272266746,0.000743538374081254,5,6,7,35
1,90,0.25366073846817017,0.1927141547203064,0.17467884719371796,0.14338566362857819,0.10871919989585876,0.07203599065542221,0.03525206819176674,0.01275203563272953,0.0008365911198779941,0.0005438761436380446,5,6,7,35
2,90,0.2531302869319916,0.19236618280410767,0.16696324944496155,0.1390734612941742,0.11213254928588867,0.07353672385215759,0.035177670419216156,0.014996199868619442,0.0014863910619169474,0.0012611704878509045,5,6,7,35
3,90,0.26938340067863464,0.18923263251781464,0.16281630098819733,0.12957383692264557,0.10571814328432083,0.06878292560577393,0.035284604877233505,0.017378995195031166,0.003200656035915017,0.002037670463323593,5,6,7,35
4,90,0.29071328043937683,0.1844078004360199,0.1544540673494339,0.11823823302984238,0.10483666509389877,0.06988317519426346,0.03167350962758064,0.01696745492517948,0.0038836339954286814,0.003165851579979062,5,6,7,35
5,90,0.30128011107444763,0.1775488406419754,0.1513902097940445,0.11483611166477203,0.10298077762126923,0.06935682147741318,0.0317787267267704,0.016505634412169456,0.00428365683183074,0.0034115081652998924,6,6,8,35
6,90,0.3076257109642029,0.17167827486991882,0.14814439415931702,0.11731002479791641,0.1006522923707962,0.06676015257835388,0.030964462086558342,0.016122739762067795,0.005347744096070528,0.004035222809761763,6,6,8,35
7,90,0.3298039734363556,0.15916553139686584,0.14157328009605408,0.11978251487016678,0.09561457484960556,0.062380194664001465,0.030194351449608803,0.01569838635623455,0.006409100256860256,0.0042741685174405575,6,6,8,35
8,90,0.32992124557495117,0.15343895554542542,0.14294545352458954,0.12046724557876587,0.09313997626304626,0.06135060638189316,0.02966253086924553,0.01609986089169979,0.007732341531664133,0.004925379995256662,6,6,9,35
9,90,0.2981228530406952,0.16876336932182312,0.14467830955982208,0.12156274169683456,0.09691224992275238,0.05892908573150635,0.029497645795345306,0.01683451421558857,0.009433222934603691,0.006119837984442711,6,7,10,35
10,90,0.2833386957645416,0.17711707949638367,0.1373651772737503,0.1168762817978859,0.10486722737550735,0.0579679049551487,0.026824355125427246,0.019384553655982018,0.011210472323000431,0.0068818265572190285,6,7,12,35
11,90,0.4379737675189972,0.13559725880622864,0.10810495913028717,0.0917559266090393,0.07018639892339706,0.043145861476659775,0.022135412320494652,0.01974375545978546,0.010685139335691929,0.006195784546434879,6,7,11,35
0,90,0.24286982417106628,0.19463886320590973,0.18324795365333557,0.13822612166404724,0.11535383760929108,0.07356023043394089,0.03314678370952606,0.012020905502140522,0.0006711592432111502,0.0005167120252735913,5,6,7,36
1,90,0.2540860176086426,0.19218584895133972,0.17467665672302246,0.1437801569700241,0.10862789303064346,0.07173112034797668,0.03524409607052803,0.012696304358541965,0.000652044836897403,0.0004918430931866169,5,6,7,36
2,90,0.25340989232063293,0.19084081053733826,0.16722367703914642,0.14044053852558136,0.11200971156358719,0.07290586829185486,0.03508932515978813,0.01506238617002964,0.001486157882027328,0.0011240949388593435,5,6,7,36
3,90,0.2710019648075104,0.18730391561985016,0.16250047087669373,0.13003619015216827,0.10529854893684387,0.06836995482444763,0.03523511439561844,0.01737869344651699,0.003405344672501087,0.002159255789592862,5,6,7,36
4,90,0.2920621335506439,0.18246136605739594,0.15363933145999908,0.11811705678701401,0.10485962778329849,0.06956789642572403,0.03157690912485123,0.017027150839567184,0.0044105155393481255,0.0030378876253962517,5,6,7,36
5,90,0.30368587374687195,0.17601017653942108,0.15016423165798187,0.11490008234977722,0.10298550873994827,0.06829222291707993,0.031681325286626816,0.016381066292524338,0.00478179519996047,0.0031543602235615253,6,6,8,36
6,90,0.3108365535736084,0.17120522260665894,0.1459687054157257,0.11676318198442459,0.10006795823574066,0.0656835213303566,0.03107975237071514,0.01583566889166832,0.005783217493444681,0.0035725682973861694,6,6,8,36
7,90,0.33242130279541016,0.1597110629081726,0.13829800486564636,0.12065053731203079,0.0949123427271843,0.06099437177181244,0.030253345146775246,0.015348761342465878,0.006331115495413542,0.00395868718624115,6,6,8,36
8,90,0.33174559473991394,0.15236029028892517,0.14136844873428345,0.12152185291051865,0.0926227867603302,0.060450419783592224,0.029712606221437454,0.01568804867565632,0.0071712760254740715,0.0045778220519423485,6,6,9,36
9,90,0.303518146276474,0.15987041592597961,0.14737747609615326,0.12325970083475113,0.09651526808738708,0.05813216418027878,0.029477577656507492,0.016287419945001602,0.008364583365619183,0.005316753871738911,6,7,11,36
10,90,0.29081225395202637,0.1663060039281845,0.13970988988876343,0.11825191229581833,0.10496462136507034,0.05746982991695404,0.02662002667784691,0.01827215403318405,0.010164053179323673,0.005922666750848293,6,7,13,36
11,90,0.45003363490104675,0.1292906105518341,0.10922711342573166,0.09166523814201355,0.06951188296079636,0.04212213680148125,0.019263798370957375,0.017990436404943466,0.008904584683477879,0.005752792116254568,6,7,12,36
0,90,0.2430022656917572,0.1950521469116211,0.18279539048671722,0.13767951726913452,0.11542268097400665,0.07319481670856476,0.033082835376262665,0.012003326788544655,0.001331430277787149,0.0009301328100264072,5,6,7,37
1,90,0.2534376382827759,0.19194908440113068,0.17542704939842224,0.14344485104084015,0.10898680239915848,0.07139329612255096,0.03523115813732147,0.012650983408093452,0.0009946645004674792,0.0007328983629122376,5,6,7,37
2,90,0.25234106183052063,0.1916445791721344,0.16801521182060242,0.13977323472499847,0.11241188645362854,0.07272370904684067,0.035227205604314804,0.014986603520810604,0.00143844832200557,0.0011257862206548452,5,6,7,37
3,90,0.26909497380256653,0.18922798335552216,0.16411279141902924,0.12993690371513367,0.10610301792621613,0.06823423504829407,0.035459499806165695,0.01728855073451996,0.002128619933500886,0.00202353042550385,5,6,7,37
4,90,0.28950831294059753,0.1851678341627121,0.15575191378593445,0.1181853711605072,0.10583478212356567,0.06979849934577942,0.03197094798088074,0.016928933560848236,0.0029477968346327543,0.0024585560895502567,5,6,7,37
5,90,0.30032581090927124,0.176877960562706,0.15209510922431946,0.11763392388820648,0.10396610200405121,0.06891422718763351,0.03190777450799942,0.01632978394627571,0.003433995647355914,0.0026485163252800703,5,6,7,37
6,90,0.3089768886566162,0.17105421423912048,0.14765869081020355,0.12013933807611465,0.10095161944627762,0.06622525304555893,0.031192805618047714,0.015785228461027145,0.004461493343114853,0.00306018372066319,6,6,8,37
7,90,0.33319446444511414,0.1591847836971283,0.1401842087507248,0.12131866812705994,0.09686122089624405,0.06150368973612785,0.0304682869464159,0.015306847169995308,0.004612820688635111,0.003114262130111456,5,6,8,37
8,90,0.33241239190101624,0.15207596123218536,0.14148834347724915,0.12276022136211395,0.09537789225578308,0.061370909214019775,0.030326571315526962,0.015678558498620987,0.0049605173990130424,0.0038492914754897356,6,6,8,37
9,90,0.3033885955810547,0.16087037324905396,0.1481146514415741,0.12456418573856354,0.09770995378494263,0.05913281440734863,0.029913220554590225,0.0163133442401886,0.00631245831027627,0.005064610857516527,6,7,10,37
10,90,0.28971731662750244,0.16881468892097473,0.14110271632671356,0.11819235235452652,0.10685120522975922,0.05767058953642845,0.027551155537366867,0.01843087375164032,0.007569030858576298,0.006762925535440445,6,7,12,37
11,90,0.4454343318939209,0.13288646936416626,0.11186791211366653,0.0914311632514,0.0714101493358612,0.0426078662276268,0.01999429427087307,0.017514875158667564,0.0072967312298715115,0.006618381477892399,5,7,11,37
0,90,0.24288909137248993,0.19383002817630768,0.18302975594997406,0.13820567727088928,0.11590783298015594,0.07305578887462616,0.033318083733320236,0.012075024656951427,0.0012842115247622132,0.0010347715578973293,5,6,7,38
1,90,0.25438252091407776,0.19234344363212585,0.17414531111717224,0.143434077501297,0.10882605612277985,0.07128022611141205,0.03546922653913498,0.012756725773215294,0.0009971527615562081,0.0006898700958117843,5,6,7,38
2,90,0.25277119874954224,0.19146022200584412,0.1665356159210205,0.13970187306404114,0.11284225434064865,0.07309125363826752,0.03532952442765236,0.015183100476861,0.0014158823760226369,0.0011793767334893346,5,6,7,38
3,90,0.27068042755126953,0.18899214267730713,0.16096818447113037,0.13052470982074738,0.10631272196769714,0.0684128999710083,0.03549405187368393,0.01738772727549076,0.002181445015594363,0.0021355284843593836,5,6,7,38
4,90,0.291705459356308,0.185559943318367,0.1525806188583374,0.11916175484657288,0.10444791615009308,0.0698430985212326,0.03156314417719841,0.016842743381857872,0.0032063222024589777,0.0025177006609737873,5,6,7,38
5,90,0.3048548698425293,0.17803464829921722,0.147416353225708,0.11502773314714432,0.10448534786701202,0.06883380562067032,0.03145129606127739,0.015968745574355125,0.0038183555006980896,0.0029543377459049225,6,6,7,38
6,90,0.3143617510795593,0.17294101417064667,0.14264130592346191,0.11659704893827438,0.10121195763349533,0.06637274473905563,0.030316313728690147,0.01566772535443306,0.004882060457020998,0.003154541365802288,6,6,8,38
7,90,0.3359176218509674,0.16216130554676056,0.13604512810707092,0.11810347437858582,0.09679216146469116,0.061880990862846375,0.029418468475341797,0.015317476354539394,0.0052864160388708115,0.0033965022303164005,6,6,8,38
8,90,0.33880680799484253,0.1529904305934906,0.13868826627731323,0.11742807924747467,0.09455998986959457,0.06152600795030594,0.029265781864523888,0.01561138778924942,0.0059414091520011425,0.0040163747034966946,6,6,9,38
9,90,0.31134742498397827,0.15915869176387787,0.1486264318227768,0.1167270615696907,0.09704864025115967,0.05915684252977371,0.0289229154586792,0.016001924872398376,0.007123997900635004,0.005277462303638458,6,7,11,38
10,90,0.2993961572647095,0.16607843339443207,0.1423090249300003,0.1100059226155281,0.10531451553106308,0.058040767908096313,0.026622654870152473,0.018077025189995766,0.008333208970725536,0.0067588211968541145,6,7,12,38
11,90,0.46845555305480957,0.1256628781557083,0.10606884956359863,0.08596384525299072,0.0692635104060173,0.04050865024328232,0.01853312738239765,0.017242366448044777,0.007762437220662832,0.006667004432529211,5,7,11,38
0,90,0.24401840567588806,0.1940942108631134,0.18232327699661255,0.13807053864002228,0.11556932330131531,0.07291005551815033,0.033237650990486145,0.012042677961289883,0.0015191523125395179,0.0011882339604198933,5,6,7,39
1,90,0.2549489140510559,0.1916361004114151,0.17478950321674347,0.14339125156402588,0.10845724493265152,0.0710037499666214,0.03542283549904823,0.012691917829215527,0.0012534084962680936,0.0007700222777202725,5,6,7,39
2,90,0.2532987892627716,0.1911897510290146,0.16760267317295074,0.13938270509243011,0.11203786730766296,0.07284941524267197,0.03535071760416031,0.01478783693164587,0.0018169867107644677,0.0014774553710594773,5,6,7,39
3,90,0.26968851685523987,0.18778838217258453,0.16278977692127228,0.1310247778892517,0.10553517937660217,0.06808418035507202,0.03525421395897865,0.017396625131368637,0.003183940425515175,0.002683935919776559,5,6,7,39
4,90,0.2911306321620941,0.18371811509132385,0.15306530892848969,0.11985242366790771,0.10417851060628891,0.06932494044303894,0.03149919956922531,0.016871754080057144,0.004687876906245947,0.0032840825151652098,5,6,7,39
5,90,0.30248141288757324,0.1773650348186493,0.14868801832199097,0.1149691715836525,0.10483420640230179,0.06854172050952911,0.031052105128765106,0.015983790159225464,0.005645768716931343,0.003644262906163931,6,6,8,39
6,90,0.30953559279441833,0.1728454977273941,0.1435680240392685,0.1179254874587059,0.10061129182577133,0.06580179929733276,0.030218301340937614,0.0156406220048666,0.007301590871065855,0.0038484300021082163,6,6,8,39
7,90,0.33024898171424866,0.16269196569919586,0.13746348023414612,0.11730650812387466,0.09710655361413956,0.06113352254033089,0.02937847003340721,0.015349055640399456,0.00770478555932641,0.004190845414996147,6,6,8,39
8,90,0.333917498588562,0.15410897135734558,0.1368444412946701,0.11746395379304886,0.09478149563074112,0.06088705733418465,0.028995834290981293,0.01568702980875969,0.008933445438742638,0.005318538751453161,6,7,9,39
9,90,0.30650344491004944,0.15429842472076416,0.15004366636276245,0.11748259514570236,0.09706681221723557,0.058720529079437256,0.028720306232571602,0.016383381560444832,0.010800355114042759,0.00657262047752738,6,7,11,39
10,90,0.29191529750823975,0.16098423302173615,0.14359994232654572,0.109916090965271,0.10585708171129227,0.05761999636888504,0.026464561000466347,0.018583090975880623,0.013038134202361107,0.00782257504761219,6,8,13,39
11,90,0.45591920614242554,0.1259302943944931,0.1077314093708992,0.08477048575878143,0.0687333419919014,0.04036654904484749,0.01887679472565651,0.017298495396971703,0.012077338993549347,0.007844051346182823,6,7,12,39
0,90,0.24189898371696472,0.19473877549171448,0.18340294063091278,0.13813164830207825,0.1158108040690422,0.07324028760194778,0.03320763260126114,0.012014863081276417,0.0011090829502791166,0.0007549647707492113,5,6,7,40
1,90,0.25306689739227295,0.19201134145259857,0.17484232783317566,0.14360713958740234,0.10933703184127808,0.07150506228208542,0.03536850959062576,0.01268735807389021,0.0011298925383016467,0.0007347256760112941,5,6,7,40
2,90,0.25124987959861755,0.19186243414878845,0.1672305315732956,0.14015130698680878,0.11259818822145462,0.07281309366226196,0.03513306751847267,0.015130676329135895,0.0016021818155422807,0.0013491000281646848,5,6,7,40
3,90,0.26893362402915955,0.1893162727355957,0.1620844006538391,0.1300373524427414,0.10607948154211044,0.0683402419090271,0.03522789105772972,0.017343847081065178,0.0029367341194301844,0.0021464971359819174,5,6,7,40
4,90,0.28930267691612244,0.18576455116271973,0.15370376408100128,0.11814802885055542,0.10525811463594437,0.06988938897848129,0.03150418773293495,0.016926299780607224,0.0037090862169861794,0.00292649632319808,5,6,7,40
5,90,0.30010053515434265,0.1774187982082367,0.15021252632141113,0.11670330166816711,0.1041175127029419,0.06885360181331635,0.03165740147233009,0.01622960716485977,0.003913064021617174,0.003320269286632538,6,6,8,40
6,90,0.30904653668403625,0.17105431854724884,0.14606469869613647,0.11950080096721649,0.10130771994590759,0.06639519333839417,0.031179023906588554,0.015728013589978218,0.004608290735632181,0.003527293214574456,6,6,8,40
7,90,0.33183005452156067,0.15963135659694672,0.13861611485481262,0.12282361090183258,0.09636368602514267,0.06175059452652931,0.030518485233187675,0.01527442503720522,0.00520315719768405,0.00348137435503304,6,6,8,40
8,90,0.3315637409687042,0.15186707675457,0.14272747933864594,0.12297660857439041,0.0945044532418251,0.0612630657851696,0.030076533555984497,0.015643015503883362,0.005925741046667099,0.0040683867409825325,6,6,8,40
9,90,0.3014855980873108,0.16395069658756256,0.14680060744285583,0.12543679773807526,0.09751465916633606,0.05905083939433098,0.02945754863321781,0.016320090740919113,0.00716536957770586,0.005039480980485678,6,7,10,40
10,90,0.29148364067077637,0.1715976893901825,0.13858388364315033,0.1207704171538353,0.1054089143872261,0.057449012994766235,0.026901645585894585,0.018263252452015877,0.008019267581403255,0.005565355997532606,6,7,12,40
11,90,0.4507557153701782,0.13207177817821503,0.11080612242221832,0.09334253519773483,0.07005809247493744,0.04168413579463959,0.019089434295892715,0.01725870370864868,0.007860437035560608,0.005957438610494137,5,7,11,40
0,90,0.24313637614250183,0.1949198842048645,0.18271169066429138,0.13810043036937714,0.1151161715388298,0.07340545207262039,0.03322070091962814,0.012014067731797695,0.001086411182768643,0.0007872268324717879,5,6,7,41
1,90,0.2539996802806854,0.1915522962808609,0.175582155585289,0.14369083940982819,0.10814890265464783,0.07158154994249344,0.035291511565446854,0.012645294889807701,0.0009033623500727117,0.0005400458467192948,5,6,7,41
2,90,0.2516627013683319,0.19274935126304626,0.16864870488643646,0.1392596960067749,0.11149325221776962,0.07307877391576767,0.035311199724674225,0.014783134683966637,0.0013476104941219091,0.0011458380613476038,5,6,7,41
3,90,0.26762494444847107,0.18780134618282318,0.16477522253990173,0.13138175010681152,0.10509692132472992,0.06873667240142822,0.03509930893778801,0.017724867910146713,0.0025550539139658213,0.0020519772078841925,5,6,7,41
4,90,0.2907344102859497,0.18182748556137085,0.15490961074829102,0.12045165151357651,0.10419001430273056,0.06956157088279724,0.031612809747457504,0.017290538176894188,0.0035071552265435457,0.0025328497868031263,5,6,7,41
5,90,0.3012167513370514,0.1755206137895584,0.15245665609836578,0.11460000276565552,0.10488501936197281,0.06883959472179413,0.031102022156119347,0.01671413704752922,0.004128891974687576,0.002739153802394867,6,6,8,41
6,90,0.3072025179862976,0.1704796701669693,0.14795619249343872,0.11835575848817825,0.1008576825261116,0.06585893034934998,0.03067278303205967,0.01611490547657013,0.00522703118622303,0.0031669808086007833,6,6,8,41
7,90,0.32835695147514343,0.1598120927810669,0.1416478455066681,0.11904022842645645,0.09617352485656738,0.06083232909440994,0.030069537460803986,0.01565607637166977,0.0056433225981891155,0.0033961005974560976,6,6,8,41
8,90,0.32826536893844604,0.15256400406360626,0.14133545756340027,0.12187650799751282,0.09376180171966553,0.060371220111846924,0.029389450326561928,0.015976592898368835,0.006548834964632988,0.004366982728242874,6,7,9,41
9,90,0.299025297164917,0.15829762816429138,0.1476699560880661,0.12393937259912491,0.09750890731811523,0.0583840012550354,0.029168596491217613,0.016653137281537056,0.007895516231656075,0.005188204813748598,6,7,12,41
10,90,0.28194233775138855,0.16583335399627686,0.140557199716568,0.11777372658252716,0.10589920729398727,0.058324895799160004,0.026564938947558403,0.018983332440257072,0.00945656280964613,0.006339786574244499,6,8,14,41
11,90,0.42321082949638367,0.13500918447971344,0.11410637944936752,0.09389738738536835,0.0704430416226387,0.043239299207925797,0.019978996366262436,0.018423402681946754,0.009092981927096844,0.006666701752692461,6,8,13,41
0,90,0.24155615270137787,0.19469884037971497,0.18363602459430695,0.1388295441865921,0.11557051539421082,0.07381756603717804,0.03346783295273781,0.012044421397149563,0.0007397545268759131,0.0004973309696651995,5,6,7,42
1,90,0.25322267413139343,0.1925276666879654,0.1743720918893814,0.14389871060848236,0.10847459733486176,0.07204896956682205,0.03555700555443764,0.01275955606251955,0.0010641233529895544,0.000600371218752116,5,6,7,42
2,90,0.2506025731563568,0.1931755244731903,0.16679304838180542,0.13992904126644135,0.11185373365879059,0.07345132529735565,0.03541706129908562,0.015250005759298801,0.001486014574766159,0.001317630405537784,5,6,7,42
3,90,0.26916268467903137,0.1888824999332428,0.16135384142398834,0.13050395250320435,0.10551097989082336,0.06918147951364517,0.03509616106748581,0.017798636108636856,0.0027862233109772205,0.0020922329276800156,5,6,7,42
4,90,0.29266852140426636,0.18383221328258514,0.15219436585903168,0.11951223760843277,0.10365356504917145,0.06979870051145554,0.031208375468850136,0.017237016931176186,0.0034892605617642403,0.0027562056202441454,5,6,7,42
5,90,0.30435481667518616,0.17692698538303375,0.14887268841266632,0.11384310573339462,0.10382679104804993,0.06896298378705978,0.030947620049118996,0.01660042256116867,0.0038161107804626226,0.0033534441608935595,6,6,8,42
6,90,0.31428956985473633,0.17046323418617249,0.1444011777639389,0.11610590666532516,0.1004456952214241,0.06615646183490753,0.03017057664692402,0.01587608829140663,0.00496142590418458,0.003548330394551158,6,6,8,42
7,90,0.33531683683395386,0.1602337658405304,0.13734228909015656,0.11998291313648224,0.09332802891731262,0.06107661500573158,0.029351048171520233,0.01537136547267437,0.0057478975504636765,0.003998763859272003,6,6,8,42
8,90,0.33578550815582275,0.15236055850982666,0.14084134995937347,0.11977503448724747,0.0908907800912857,0.0602930411696434,0.02870628423988819,0.015610250644385815,0.006769395433366299,0.004632807802408934,6,7,9,42
9,90,0.30662596225738525,0.16116881370544434,0.14551807940006256,0.12067815661430359,0.0957353264093399,0.05851324647665024,0.02844199724495411,0.015990810468792915,0.00783432275056839,0.005702935624867678,6,7,11,42
10,90,0.29385247826576233,0.16755522787570953,0.1379438191652298,0.11644291132688522,0.10230407118797302,0.058803778141736984,0.025846464559435844,0.017985353246331215,0.009761945344507694,0.00642340537160635,6,7,13,42
11,90,0.4480803906917572,0.12947216629981995,0.10631413012742996,0.09423915296792984,0.06856688857078552,0.0422828234732151,0.01877688802778721,0.018214575946331024,0.008645596913993359,0.006441534496843815,6,7,12,42
0,90,0.24135500192642212,0.1949949413537979,0.18352939188480377,0.13805517554283142,0.11572683602571487,0.07369678467512131,0.03341628238558769,0.012073506601154804,0.0007768647046759725,0.0005232327966950834,5,6,7,43
1,90,0.2518851161003113,0.19286370277404785,0.17472821474075317,0.14342857897281647,0.10880912095308304,0.07196319848299026,0.03544792905449867,0.012766453437507153,0.0011005168780684471,0.0005165236070752144,5,6,7,43
2,90,0.2506999969482422,0.19283133745193481,0.16688336431980133,0.13875623047351837,0.11167456209659576,0.07313162833452225,0.03508531302213669,0.014999537728726864,0.0015399104449898005,0.0011925799772143364,5,6,7,43
3,90,0.2689579725265503,0.18801988661289215,0.16168256103992462,0.12961836159229279,0.1047787219285965,0.06843768805265427,0.03459049388766289,0.01760048046708107,0.002749611623585224,0.0021755530033260584,5,6,7,43
4,90,0.2916330397129059,0.18290504813194275,0.15221481025218964,0.118494413793087,0.10327617079019547,0.06913594901561737,0.031121425330638885,0.017094848677515984,0.0032204589806497097,0.002789870835840702,6,6,8,43
5,90,0.3023194968700409,0.1761498600244522,0.1493314802646637,0.11289193481206894,0.10311480611562729,0.06836285442113876,0.031141994521021843,0.016502320766448975,0.003381291637197137,0.0032465937547385693,6,6,8,43
6,90,0.30983585119247437,0.16986246407032013,0.145737886428833,0.11483481526374817,0.09998645633459091,0.06578700244426727,0.030524535104632378,0.016021527349948883,0.004296754486858845,0.0036951997317373753,6,6,8,43
7,90,0.3312811255455017,0.15852145850658417,0.13911102712154388,0.11812669783830643,0.09399398416280746,0.060964860022068024,0.029786840081214905,0.015414541587233543,0.004838941618800163,0.0038741568569093943,6,6,9,43
8,90,0.33040961623191833,0.15132348239421844,0.14193588495254517,0.11876329034566879,0.09151674062013626,0.06013038381934166,0.028992999345064163,0.01563279889523983,0.005437081679701805,0.004767136182636023,6,7,11,43
9,90,0.29883188009262085,0.16325855255126953,0.1442001610994339,0.12048929184675217,0.09518628567457199,0.057591721415519714,0.028440045192837715,0.016490871086716652,0.006710256449878216,0.0060590580105781555,6,7,13,43
10,90,0.2864748239517212,0.16998662054538727,0.13505500555038452,0.11628344655036926,0.10193073749542236,0.05686333030462265,0.02589425817131996,0.018650488927960396,0.008171590976417065,0.006587240379303694,6,8,16,43
11,90,0.4449634552001953,0.1286337971687317,0.10477054119110107,0.09102332592010498,0.06782073527574539,0.04154912009835243,0.01872541569173336,0.018216608092188835,0.008486505597829819,0.006696414668112993,6,8,15,43
0,90,0.2427191585302353,0.19481584429740906,0.18333755433559418,0.13841304183006287,0.11544143408536911,0.07402525097131729,0.03333715721964836,0.012132246047258377,0.0006428076303564012,0.0005125765455886722,5,6,7,44
1,90,0.25325673818588257,0.1933092176914215,0.17459288239479065,0.14363981783390045,0.10850801318883896,0.07223698496818542,0.0354795828461647,0.012850219383835793,0.0006662021623924375,0.0005345745594240725,5,6,7,44
2,90,0.2531460225582123,0.19161748886108398,0.16727329790592194,0.14053121209144592,0.11162710934877396,0.07330434024333954,0.035205066204071045,0.015029744245111942,0.0017524947179481387,0.001310437684878707,5,6,7,44
3,90,0.27182695269584656,0.18757589161396027,0.1627369076013565,0.12983518838882446,0.10472629964351654,0.06851653009653091,0.035068728029727936,0.017559172585606575,0.004110117442905903,0.002421753015369177,5,6,7,44
4,90,0.2939903736114502,0.18284860253334045,0.1534309685230255,0.1176222488284111,0.10416217893362045,0.06919433176517487,0.031497035175561905,0.01715945079922676,0.004957649856805801,0.003403119742870331,5,6,7,44
5,90,0.304240345954895,0.17807716131210327,0.15046148002147675,0.11308103054761887,0.10215939581394196,0.06833527237176895,0.0317184254527092,0.016585731878876686,0.005444217473268509,0.0035460847429931164,6,6,8,44
6,90,0.31121087074279785,0.17288321256637573,0.14695574343204498,0.11477407068014145,0.09869974851608276,0.06584955006837845,0.030970295891165733,0.01582350954413414,0.006735821254551411,0.0039011677727103233,6,6,8,44
7,90,0.3324057161808014,0.16122344136238098,0.13949397206306458,0.11816130578517914,0.09318265318870544,0.0614192821085453,0.029919488355517387,0.015184609219431877,0.007367745041847229,0.0046020979061722755,6,6,8,44
8,90,0.3332788348197937,0.15376828610897064,0.14235208928585052,0.11754782497882843,0.09050047397613525,0.060559168457984924,0.02912105992436409,0.015367608517408371,0.008648361079394817,0.0055718496441841125,6,7,9,44
9,90,0.3037540912628174,0.16354575753211975,0.14580604434013367,0.11891159415245056,0.0951642170548439,0.058311283588409424,0.02925444021821022,0.01590130850672722,0.009884337894618511,0.006676590070128441,6,7,11,44
10,90,0.2901586592197418,0.169448122382164,0.13766396045684814,0.11430313438177109,0.10368738323450089,0.05820581316947937,0.026312105357646942,0.01771714724600315,0.012118085287511349,0.00774015998467803,6,8,13,44
11,90,0.4533298909664154,0.12814992666244507,0.10411137342453003,0.08972209692001343,0.06858254969120026,0.04317113384604454,0.0196369756013155,0.01828390546143055,0.009826119057834148,0.0073711201548576355,6,7,12,44
0,90,0.24163411557674408,0.19551560282707214,0.18355582654476166,0.13858722150325775,0.11531152576208115,0.07373645901679993,0.03331759572029114,0.011963293887674809,0.0006741012912243605,0.0006317098159343004,5,6,7,45
1,90,0.2527424395084381,0.19166100025177002,0.17529061436653137,0.14399367570877075,0.10875345021486282,0.07192975282669067,0.03538372367620468,0.012631889432668686,0.0011006415588781238,0.0006165332160890102,5,6,7,45
2,90,0.25039544701576233,0.19309654831886292,0.16780099272727966,0.1397784948348999,0.11142749339342117,0.07302503287792206,0.035198330879211426,0.014923577196896076,0.001503397012129426,0.0011557787656784058,5,6,7,45
3,90,0.267539918422699,0.18818068504333496,0.16308586299419403,0.13066700100898743,0.10507775098085403,0.06879071146249771,0.03475353494286537,0.01768333464860916,0.0030171892140060663,0.00195499905385077,5,6,7,45
4,90,0.2905104160308838,0.18280164897441864,0.15314413607120514,0.1195300966501236,0.10451941192150116,0.06964723765850067,0.031198590993881226,0.01728142984211445,0.003732660785317421,0.0027449168264865875,5,6,7,45
5,90,0.30008071660995483,0.17571842670440674,0.15149594843387604,0.11570306867361069,0.10437077283859253,0.06885110586881638,0.03103122115135193,0.01672676019370556,0.0040310220792889595,0.002991357585415244,6,6,8,45
6,90,0.3072645366191864,0.16910552978515625,0.14716507494449615,0.11989322304725647,0.10109099000692368,0.06591614335775375,0.031070930883288383,0.015998942777514458,0.004904588684439659,0.0034781016875058413,6,6,8,45
7,90,0.3283790647983551,0.15852321684360504,0.13967572152614594,0.12416843324899673,0.09465479105710983,0.06064603850245476,0.030529208481311798,0.015515873208642006,0.005417859647423029,0.003835921175777912,6,6,8,45
8,90,0.32660380005836487,0.15155529975891113,0.1424015462398529,0.12615849077701569,0.09241488575935364,0.05980292707681656,0.029537510126829147,0.01578553393483162,0.006374482996761799,0.004558078944683075,6,7,9,45
9,90,0.29579371213912964,0.16001130640506744,0.1460241973400116,0.1295933872461319,0.0973409116268158,0.058020513504743576,0.02892787754535675,0.016560601070523262,0.007415133062750101,0.005982919130474329,6,7,12,45
10,90,0.2835731506347656,0.16735109686851501,0.13692982494831085,0.12656016647815704,0.10350945591926575,0.05751250311732292,0.026229580864310265,0.018780240789055824,0.00900826696306467,0.006396781653165817,6,7,14,45
11,90,0.4294802248477936,0.13272954523563385,0.11335011571645737,0.09935921430587769,0.06929970532655716,0.042388226836919785,0.019203057512640953,0.018318884074687958,0.009109278209507465,0.0064061167649924755,6,7,13,45
0,90,0.243106409907341,0.1939883828163147,0.18289099633693695,0.13844722509384155,0.11553385108709335,0.07329896837472916,0.03332279250025749,0.012019993737339973,0.000729172897990793,0.00064708391437307,5,6,7,46
1,90,0.25504404306411743,0.19211935997009277,0.17373345792293549,0.1437399685382843,0.10812593996524811,0.07135355472564697,0.03538752719759941,0.012702115811407566,0.0007085432880558074,0.0005573875969275832,5,6,7,46
2,90,0.25387436151504517,0.19072853028774261,0.16598351299762726,0.13964180648326874,0.1117204874753952,0.07296872138977051,0.035182248800992966,0.015018143691122532,0.0013928978005424142,0.0012633982114493847,5,6,7,46
3,90,0.27237334847450256,0.18624438345432281,0.1600624918937683,0.13056087493896484,0.10483764111995697,0.06837747991085052,0.034938666969537735,0.01746637001633644,0.002648741938173771,0.002221896778792143,5,6,7,46
4,90,0.2950421869754791,0.1811692863702774,0.15032356977462769,0.11972019076347351,0.1030210480093956,0.06928715854883194,0.0310332290828228,0.01693142205476761,0.003572351299226284,0.0029949070885777473,6,6,8,46
5,90,0.3088436424732208,0.1757725030183792,0.14566665887832642,0.11233489960432053,0.10378129035234451,0.06790141761302948,0.030722156167030334,0.01598670892417431,0.004358991514891386,0.003289915155619383,6,6,8,46
6,90,0.31663939356803894,0.17205145955085754,0.14062826335430145,0.11284147948026657,0.10077892988920212,0.06520678102970123,0.029837746173143387,0.015637990087270737,0.005664841737598181,0.004034694284200668,6,6,8,46
7,90,0.3355858623981476,0.16256138682365417,0.13370750844478607,0.11684723198413849,0.09508651494979858,0.06035202369093895,0.028937499970197678,0.015332035720348358,0.006324896588921547,0.00457919854670763,6,6,9,46
8,90,0.337792307138443,0.1542801409959793,0.13494297862052917,0.11776858568191528,0.09193482995033264,0.05973850190639496,0.0284524317830801,0.015654431656003,0.007578594144433737,0.005024286452680826,6,7,10,46
9,90,0.3120757043361664,0.15441550314426422,0.14647738635540009,0.11746156960725784,0.09589866548776627,0.057429756969213486,0.028180615976452827,0.01625128649175167,0.009065101854503155,0.0061818999238312244,6,7,12,46
10,90,0.3001614212989807,0.1572069525718689,0.1413372904062271,0.11178991943597794,0.10277169942855835,0.05741831287741661,0.025784121826291084,0.01826920174062252,0.011113088577985764,0.007045152597129345,6,8,14,46
11,90,0.4702022671699524,0.12089641392230988,0.10389197617769241,0.08490452170372009,0.06740059703588486,0.03946709260344505,0.018172267824411392,0.017241133376955986,0.009840789251029491,0.006516954395920038,6,7,12,46
0,90,0.24284295737743378,0.19449131190776825,0.18297114968299866,0.1379515826702118,0.11547473073005676,0.07348589599132538,0.0332752987742424,0.012079723179340363,0.0010499967029318213,0.0007525276741944253,5,6,7,47
1,90,0.25342872738838196,0.19252000749111176,0.17467530071735382,0.14339034259319305,0.10843666642904282,0.07167212665081024,0.035346318036317825,0.012753392569720745,0.0008229771628975868,0.0005252343835309148,5,6,7,47
2,90,0.25277528166770935,0.19136080145835876,0.16712184250354767,0.1392291784286499,0.1115894615650177,0.0729924812912941,0.035067152231931686,0.014856654219329357,0.0013665867736563087,0.0012822790304198861,5,6,7,47
3,90,0.2701653838157654,0.1868225336074829,0.16221612691879272,0.1299910694360733,0.10460016876459122,0.0681203231215477,0.034789033234119415,0.017460566014051437,0.0028639151714742184,0.0021688591223210096,5,6,7,47
4,90,0.2921156883239746,0.18149997293949127,0.15257544815540314,0.11846815794706345,0.10347646474838257,0.06895432621240616,0.031287286430597305,0.017002910375595093,0.0032656448893249035,0.002889180788770318,6,6,8,47
5,90,0.3031731843948364,0.17590056359767914,0.14914603531360626,0.11260917782783508,0.10306210815906525,0.06804908066987991,0.03124566748738289,0.016319716349244118,0.003670535748824477,0.0032766773365437984,6,6,8,47
6,90,0.30891454219818115,0.17123693227767944,0.1451173722743988,0.114490807056427,0.09966326504945755,0.06546628475189209,0.03055877611041069,0.015912065282464027,0.004689431749284267,0.00378228141926229,6,6,8,47
7,90,0.32955247163772583,0.15991027653217316,0.13842110335826874,0.11689335107803345,0.09497403353452682,0.060872312635183334,0.029710419476032257,0.015384762547910213,0.004984119441360235,0.003900715382769704,6,6,9,47
8,90,0.3301938772201538,0.1518692821264267,0.140166774392128,0.11778619140386581,0.09218580275774002,0.06019646301865578,0.028984326869249344,0.015645775943994522,0.0056189922615885735,0.0046345507726073265,6,7,11,47
9,90,0.300652414560318,0.15899743139743805,0.14624276757240295,0.11868366599082947,0.09562205523252487,0.057566821575164795,0.028712648898363113,0.016448073089122772,0.006623710040003061,0.006153174210339785,6,7,13,47
10,90,0.28656452894210815,0.16533036530017853,0.13816022872924805,0.11296194791793823,0.10357815772294998,0.0568854846060276,0.02605239488184452,0.018539078533649445,0.008328036405146122,0.007264670450240374,6,8,16,47
11,90,0.44815441966056824,0.1260582059621811,0.1059935986995697,0.08713417500257492,0.06816401332616806,0.04141165316104889,0.01905486360192299,0.018031848594546318,0.008308425545692444,0.0068483720533549786,6,8,15,47
0,90,0.24313664436340332,0.19576430320739746,0.1828043907880783,0.1378093957901001,0.11499463766813278,0.07375425845384598,0.03312484174966812,0.01200332585722208,0.0007053472800180316,0.0004599144740495831,5,6,7,48
1,90,0.2532256543636322,0.19213294982910156,0.1757487803697586,0.14375506341457367,0.1082727462053299,0.07183355838060379,0.035187821835279465,0.012642458081245422,0.0006361132836900651,0.0005155674880370498,5,6,7,48
2,90,0.2527928650379181,0.19154146313667297,0.16863417625427246,0.1396360993385315,0.11122807115316391,0.0727740004658699,0.035131823271512985,0.014773089438676834,0.0011561730643734336,0.0010511813452467322,5,6,7,48
3,90,0.2699137330055237,0.18646642565727234,0.164994478225708,0.13006001710891724,0.10452227294445038,0.06829545646905899,0.03489227220416069,0.017542630434036255,0.002792184706777334,0.001882375800050795,5,6,7,48
4,90,0.2923606038093567,0.18034222722053528,0.1550678312778473,0.11852523684501648,0.10459630191326141,0.06908898800611496,0.03173500671982765,0.017242424190044403,0.0034107842948287725,0.0025420761667191982,5,6,7,48
5,90,0.30290278792381287,0.17452141642570496,0.15269622206687927,0.11456259340047836,0.10316596180200577,0.06811963021755219,0.03156200423836708,0.01677723415195942,0.0037357299588620663,0.0026591031346470118,6,6,8,48
6,90,0.3092888295650482,0.169951394200325,0.14871597290039062,0.11659920960664749,0.0996672660112381,0.06523645669221878,0.031209362670779228,0.0160481259226799,0.004850100725889206,0.0031950308475643396,6,6,8,48
7,90,0.3317069113254547,0.15852153301239014,0.14108288288116455,0.11929064244031906,0.09459739178419113,0.06012755259871483,0.030488813295960426,0.015439609996974468,0.005419980734586716,0.0036472247447818518,6,6,8,48
8,90,0.3292897939682007,0.15245594084262848,0.1411266326904297,0.122843436896801,0.0923043042421341,0.059856340289115906,0.02985474467277527,0.015648042783141136,0.006290160585194826,0.0043046968057751656,6,7,10,48
9,90,0.3010452687740326,0.1569984406232834,0.1481565535068512,0.12546662986278534,0.09618084877729416,0.057703759521245956,0.029613716527819633,0.01634196937084198,0.007505297660827637,0.005450412165373564,6,7,12,48
10,90,0.28562456369400024,0.16389384865760803,0.14023609459400177,0.12021972239017487,0.10452179610729218,0.05781429633498192,0.026982273906469345,0.018426060676574707,0.009550769813358784,0.006433282047510147,6,8,14,48
11,90,0.4353049099445343,0.13216865062713623,0.11113813519477844,0.09310620278120041,0.06988294422626495,0.0437110997736454,0.020181452855467796,0.017674753442406654,0.008769197389483452,0.006048057693988085,6,7,13,48
0,90,0.2431902438402176,0.19552549719810486,0.18269333243370056,0.1378510743379593,0.11498495191335678,0.07337174564599991,0.0331391841173172,0.011939752846956253,0.0007181534310802817,0.0005905304569751024,5,6,7,49
1,90,0.25389429926872253,0.19118869304656982,0.17589302361011505,0.14388221502304077,0.10806798189878464,0.07145795226097107,0.035122036933898926,0.01254244614392519,0.0008253459818661213,0.0006378126563504338,5,6,7,49
2,90,0.2522432506084442,0.19226907193660736,0.16895246505737305,0.1388065218925476,0.111114501953125,0.07273353636264801,0.03512076660990715,0.014654658734798431,0.0016930907731875777,0.001299238414503634,5,6,7,49
3,90,0.26851916313171387,0.18624110519886017,0.16504301130771637,0.13123631477355957,0.10457906126976013,0.0685088261961937,0.03474646061658859,0.017687132582068443,0.002955707721412182,0.0024477073457092047,5,6,7,49
4,90,0.2921384572982788,0.17935623228549957,0.15473024547100067,0.12077224254608154,0.10411965101957321,0.06936393678188324,0.031530652195215225,0.01734875701367855,0.004059724044054747,0.00277039036154747,5,6,7,49
5,90,0.30345314741134644,0.173240527510643,0.15262049436569214,0.11421532183885574,0.10528034716844559,0.06836158782243729,0.030955003574490547,0.016747882589697838,0.004282073583453894,0.0029767348896712065,6,6,8,49
6,90,0.30860579013824463,0.16908296942710876,0.14869175851345062,0.1169562041759491,0.10167961567640305,0.06532185524702072,0.030869489535689354,0.016239654272794724,0.005628163926303387,0.0032627659384161234,6,6,8,49
7,90,0.3295380175113678,0.15901361405849457,0.1424470841884613,0.11874041706323624,0.09668713063001633,0.059966783970594406,0.030459122732281685,0.015785954892635345,0.005891331937164068,0.0035121594555675983,6,6,8,49
8,90,0.3272649645805359,0.15372046828269958,0.14038033783435822,0.12438858300447464,0.09389711916446686,0.059654995799064636,0.02970917336642742,0.016075121238827705,0.00708825932815671,0.004084896761924028,6,7,9,49
9,90,0.2994024157524109,0.15509293973445892,0.14962303638458252,0.12747767567634583,0.09780306369066238,0.05750569328665733,0.0292193666100502,0.017030317336320877,0.008426602929830551,0.0056556216441094875,6,7,11,49
10,90,0.2832421362400055,0.1627357006072998,0.14208583533763885,0.12233483791351318,0.10502617806196213,0.05764855071902275,0.026821007952094078,0.019494887441396713,0.009496290236711502,0.006730067078024149,6,8,13,49
11,90,0.42406776547431946,0.13619258999824524,0.115631602704525,0.0949929803609848,0.07056700438261032,0.042790740728378296,0.020071055740118027,0.017938414588570595,0.009186808951199055,0.006589171942323446,6,7,13,49
0,90,0.24108587205410004,0.19530512392520905,0.18330729007720947,0.13829205930233002,0.11570059508085251,0.07348928600549698,0.03340615704655647,0.012019745074212551,0.0009587823878973722,0.0005305215017870069,5,6,7,50
1,90,0.25211986899375916,0.19198302924633026,0.17510688304901123,0.14368318021297455,0.10886017978191376,0.07170334458351135,0.035535700619220734,0.01269430760294199,0.0013609144371002913,0.0005676635191775858,5,6,7,50
2,90,0.24920642375946045,0.19348327815532684,0.16756461560726166,0.13924701511859894,0.11174570769071579,0.07298111170530319,0.03528223931789398,0.015009812079370022,0.0019271675264462829,0.0012836202513426542,5,6,7,50
3,90,0.2671451270580292,0.18871323764324188,0.16222089529037476,0.13062286376953125,0.10525750368833542,0.06864114105701447,0.03473232313990593,0.017757564783096313,0.002570173004642129,0.0020851390436291695,5,6,7,50
4,90,0.2902968227863312,0.18400920927524567,0.1524016261100769,0.11951574683189392,0.10373051464557648,0.0694388747215271,0.03110724873840809,0.017204275354743004,0.0027930038049817085,0.0027378122322261333,6,6,7,50
5,90,0.3004298210144043,0.17644667625427246,0.14980921149253845,0.11470907181501389,0.10463166981935501,0.0687108114361763,0.030840406194329262,0.016529936343431473,0.0034775619860738516,0.0030147975776344538,6,6,8,50
6,90,0.30946084856987,0.16950446367263794,0.14523272216320038,0.11814391613006592,0.10089373588562012,0.06591377407312393,0.03049183264374733,0.015866486355662346,0.004127650521695614,0.003446798073127866,6,6,8,50
7,90,0.3310244381427765,0.1592475324869156,0.13820640742778778,0.1213126927614212,0.09457053244113922,0.06072745844721794,0.02987719513475895,0.015341379679739475,0.00461762398481369,0.003727415343746543,6,6,8,50
8,90,0.33044272661209106,0.15122169256210327,0.14109772443771362,0.1223020926117897,0.09236160665750504,0.060105424374341965,0.02905985340476036,0.01560305431485176,0.005496627185493708,0.004340753890573978,6,7,10,50
9,90,0.29965266585350037,0.15966267883777618,0.1459377408027649,0.12461748719215393,0.09615302830934525,0.05820533633232117,0.028392799198627472,0.016332043334841728,0.006925882305949926,0.005306936334818602,6,7,13,50
10,90,0.2877665162086487,0.16684724390506744,0.13674186170101166,0.12076667696237564,0.10239440202713013,0.057663433253765106,0.026008056476712227,0.01845318078994751,0.007189769297838211,0.006471285596489906,6,8,15,50
11,90,0.439121276140213,0.12981678545475006,0.10866209864616394,0.09609605371952057,0.06828361004590988,0.041720930486917496,0.018652215600013733,0.017337622120976448,0.007364335004240274,0.006683165207505226,6,7,14,50
0,90,0.24264822900295258,0.19557271897792816,0.1829998642206192,0.1384643018245697,0.11517909914255142,0.07388860732316971,0.03340092673897743,0.012035383842885494,0.0005753375589847565,0.0005251053371466696,5,6,7,51
1,90,0.25358638167381287,0.19211752712726593,0.1754906326532364,0.14413920044898987,0.10773678123950958,0.071989044547081,0.03544053062796593,0.012684633955359459,0.000785517506301403,0.0006318464875221252,5,6,7,51
2,90,0.25063556432724,0.1937609612941742,0.16879652440547943,0.13936664164066315,0.111164391040802,0.07337087392807007,0.035520780831575394,0.014966667629778385,0.0012104238849133253,0.0011500101536512375,5,6,7,51
3,90,0.26875972747802734,0.18760274350643158,0.16479094326496124,0.13177454471588135,0.10482504218816757,0.06939264386892319,0.034978240728378296,0.018145782873034477,0.0020350415725260973,0.0017857265193015337,5,6,7,51
4,90,0.2943303883075714,0.18083275854587555,0.1545097678899765,0.1214437410235405,0.10329796373844147,0.06967910379171371,0.03153647109866142,0.017621347680687904,0.0029597680550068617,0.0024042523000389338,5,6,7,51
5,90,0.3062930405139923,0.17498086392879486,0.15187010169029236,0.11304530501365662,0.10516815632581711,0.06890267133712769,0.03068271279335022,0.017093678936362267,0.003693610429763794,0.002577825915068388,5,6,7,51
6,90,0.3152051568031311,0.1699199676513672,0.14695009589195251,0.11579180508852005,0.10077379643917084,0.06580839306116104,0.030083924531936646,0.01620079018175602,0.004765455145388842,0.0031376469414681196,6,6,8,51
7,90,0.33634862303733826,0.16025392711162567,0.14018161594867706,0.11802186071872711,0.09432090073823929,0.06025330722332001,0.02944476529955864,0.01564430072903633,0.005660933442413807,0.0034258828964084387,6,6,8,51
8,90,0.3356821835041046,0.15308915078639984,0.1395973563194275,0.12149573117494583,0.09210268408060074,0.05981362238526344,0.028882555663585663,0.01579994522035122,0.006802485790103674,0.004245867021381855,6,6,9,51
9,90,0.3087213635444641,0.15506386756896973,0.14809925854206085,0.12264658510684967,0.09685760736465454,0.05818282812833786,0.028808502480387688,0.016230640932917595,0.008012228645384312,0.005227460991591215,6,7,11,51
10,90,0.29169130325317383,0.16107575595378876,0.14215728640556335,0.11686874181032181,0.10412885248661041,0.05979510024189949,0.02648359350860119,0.018521033227443695,0.009640205651521683,0.006319855805486441,6,7,13,51
11,90,0.428527295589447,0.1336691677570343,0.11202908307313919,0.09550224989652634,0.070462167263031,0.044452231377363205,0.020165089517831802,0.01824149116873741,0.009023751132190228,0.0059712128713727,6,7,13,51
0,90,0.24149198830127716,0.19444575905799866,0.18376603722572327,0.13855037093162537,0.11561442911624908,0.0735037550330162,0.03346439450979233,0.011967272497713566,0.0009191088029183447,0.0006242295494303107,5,6,7,52
1,90,0.2535162568092346,0.19206948578357697,0.1742134541273117,0.14377157390117645,0.10859768092632294,0.07176700979471207,0.035373393446207047,0.012655497528612614,0.0011561177670955658,0.0006756347138434649,5,6,7,52
2,90,0.25133246183395386,0.19310317933559418,0.16616623103618622,0.138567253947258,0.11190018802881241,0.07341355830430984,0.03519798442721367,0.015149722807109356,0.0016423515044152737,0.001431009965017438,5,6,7,52
3,90,0.26920849084854126,0.1884617954492569,0.16042032837867737,0.13031558692455292,0.10551360249519348,0.06914521008729935,0.03486812487244606,0.01763402856886387,0.0024256042670458555,0.0023489820305258036,5,6,7,52
4,90,0.2925995886325836,0.18300336599349976,0.15138445794582367,0.12033866345882416,0.1033022403717041,0.0699620246887207,0.031043600291013718,0.01708429493010044,0.003423550631850958,0.002698757452890277,5,6,7,52
5,90,0.30557355284690857,0.17532072961330414,0.1477353721857071,0.11402624845504761,0.10421068966388702,0.06896254420280457,0.030717751011252403,0.01637088879942894,0.0035494717303663492,0.0033863678108900785,6,6,8,52
6,90,0.31416523456573486,0.16927596926689148,0.14345188438892365,0.11591356247663498,0.1019507646560669,0.06618379056453705,0.029990194365382195,0.016126086935400963,0.004136581905186176,0.003648982150480151,6,6,8,52
7,90,0.3344328701496124,0.1590106338262558,0.13697238266468048,0.12071533501148224,0.09507536888122559,0.06107049062848091,0.029454946517944336,0.01578671485185623,0.005131090991199017,0.0040648155845701694,6,6,8,52
8,90,0.33374515175819397,0.15164083242416382,0.14047710597515106,0.12194234132766724,0.09246426820755005,0.060193683952093124,0.028902167454361916,0.016131142154335976,0.005745523143559694,0.004900832660496235,6,6,9,52
9,90,0.30372941493988037,0.1604158729314804,0.14604070782661438,0.12333088368177414,0.09660457819700241,0.05798165500164032,0.02825937233865261,0.016877613961696625,0.0070541719906032085,0.006486835889518261,6,7,11,52
10,90,0.2919400632381439,0.16727451980113983,0.13832511007785797,0.11929614096879959,0.10206368565559387,0.05761765316128731,0.025921517983078957,0.019216159358620644,0.008980573154985905,0.006850388366729021,6,7,13,52
11,90,0.4468080699443817,0.12893719971179962,0.10871098935604095,0.0934392511844635,0.06853454560041428,0.04062068834900856,0.019155310466885567,0.018227888271212578,0.008650705218315125,0.006698008626699448,6,7,12,52
0,90,0.24316859245300293,0.1949196457862854,0.18274280428886414,0.13774612545967102,0.11571021378040314,0.07312887161970139,0.03320558741688728,0.012050433084368706,0.0010154438205063343,0.0008267400553449988,5,6,7,53
1,90,0.2534853518009186,0.19178172945976257,0.17506201565265656,0.14361229538917542,0.10855703055858612,0.07116540521383286,0.035338789224624634,0.012671878561377525,0.0010619978420436382,0.00086065789218992,5,6,7,53
2,90,0.2530851662158966,0.19054682552814484,0.16779963672161102,0.13941504061222076,0.11102495342493057,0.07227369397878647,0.03479856252670288,0.014547008089721203,0.0020362527575343847,0.00202355720102787,5,6,7,53
3,90,0.27103129029273987,0.18442851305007935,0.16228096187114716,0.1310988813638687,0.10361102968454361,0.0673886388540268,0.03403626009821892,0.0174977146089077,0.003473344724625349,0.0032482671085745096,5,6,7,53
4,90,0.2934070825576782,0.17881105840206146,0.15091045200824738,0.11975298076868057,0.10292550921440125,0.06835897266864777,0.030858809128403664,0.017081955447793007,0.004918131045997143,0.0036553635727614164,6,6,8,53
5,90,0.3039086163043976,0.17450277507305145,0.14811275899410248,0.11183629184961319,0.1047118604183197,0.06711322069168091,0.030816609039902687,0.016083333641290665,0.00538452435284853,0.004025119356811047,6,6,8,53
6,90,0.30722829699516296,0.17145971953868866,0.14429153501987457,0.11434406042098999,0.10100799053907394,0.06457416713237762,0.03093837760388851,0.015746919438242912,0.006729003041982651,0.004345891997218132,6,6,9,53
7,90,0.3258015811443329,0.1623559445142746,0.1378866285085678,0.11728762835264206,0.0969543531537056,0.05976501479744911,0.03031187877058983,0.015258075669407845,0.0067378440871834755,0.004305262118577957,6,6,9,53
8,90,0.3267965018749237,0.1555662602186203,0.13701683282852173,0.12078447639942169,0.09387500584125519,0.05926493927836418,0.0291103795170784,0.015544512309134007,0.008074862882494926,0.004952738527208567,6,7,10,53
9,90,0.2996320426464081,0.15349315106868744,0.14979781210422516,0.1233622208237648,0.0975797101855278,0.05641821026802063,0.028446219861507416,0.01654091104865074,0.009689809754490852,0.0064924354664981365,6,7,12,53
10,90,0.2890031337738037,0.158579021692276,0.14167754352092743,0.1172671988606453,0.10506624728441238,0.05567138269543648,0.025927269831299782,0.0184292234480381,0.01093530934303999,0.008192046545445919,6,8,13,53
11,90,0.4544762372970581,0.12509669363498688,0.10855475068092346,0.08799044787883759,0.06857389211654663,0.03969303518533707,0.018573159351944923,0.015627678483724594,0.010556819848716259,0.008259858936071396,6,7,12,53
0,90,0.24223892390727997,0.19494715332984924,0.18340399861335754,0.13805972039699554,0.11577944457530975,0.07379713654518127,0.03335773944854736,0.012069287709891796,0.0005802919040434062,0.0005268665845505893,5,6,7,54
1,90,0.25305527448654175,0.19337685406208038,0.17389065027236938,0.14363059401512146,0.10861413180828094,0.07188381254673004,0.035398516803979874,0.012780232354998589,0.0008205638150684536,0.0005549186025746167,5,6,7,54
2,90,0.254092812538147,0.19075021147727966,0.16583490371704102,0.13948149979114532,0.11176151782274246,0.07290364056825638,0.034961167722940445,0.01509945373982191,0.0014442813117057085,0.0011963905999436975,5,6,7,54
3,90,0.2749249041080475,0.18615470826625824,0.16045621037483215,0.12915076315402985,0.10434451699256897,0.06820087879896164,0.03467051684856415,0.017345594242215157,0.00330942589789629,0.0019338327692821622,5,6,7,54
4,90,0.29696038365364075,0.18134351074695587,0.15108388662338257,0.11808264255523682,0.10305356234312057,0.06900770217180252,0.031204374507069588,0.016937799751758575,0.004198032896965742,0.0027836186345666647,5,6,7,54
5,90,0.31066077947616577,0.17585767805576324,0.14674340188503265,0.11239717155694962,0.10164232552051544,0.06758122146129608,0.03141707926988602,0.016154130920767784,0.0046599325723946095,0.0029673147946596146,6,6,8,54
6,90,0.31957489252090454,0.1717352271080017,0.14294692873954773,0.11139636486768723,0.09908705949783325,0.0651475042104721,0.030431654304265976,0.015691986307501793,0.005681039299815893,0.003527319058775902,6,6,8,54
7,90,0.3403173089027405,0.16081146895885468,0.13589824736118317,0.11644643545150757,0.0930081382393837,0.06033480912446976,0.029466191306710243,0.015147441066801548,0.006652576383203268,0.003747205249965191,6,6,8,54
8,90,0.34021636843681335,0.15333130955696106,0.14000503718852997,0.11598999053239822,0.09044361114501953,0.05963883548974991,0.028947966173291206,0.015383269637823105,0.007638623006641865,0.004427087493240833,6,7,9,54
9,90,0.31285205483436584,0.1581329107284546,0.1468084752559662,0.11764034628868103,0.09407512098550797,0.056805118918418884,0.028566446155309677,0.01608431152999401,0.009891900233924389,0.005546703469008207,6,7,11,54
10,90,0.3038094639778137,0.16144445538520813,0.13877075910568237,0.11395435035228729,0.10021185874938965,0.05638952925801277,0.026079803705215454,0.01782030239701271,0.01189304981380701,0.006153954658657312,6,7,13,54
11,90,0.4820297360420227,0.11891128867864609,0.10117853432893753,0.0843813493847847,0.0666365846991539,0.03998466208577156,0.01807345822453499,0.016269242390990257,0.010234192945063114,0.006002676673233509,5,7,12,54
0,90,0.2423119992017746,0.19598188996315002,0.18342556059360504,0.13871468603610992,0.11510366946458817,0.0741443783044815,0.033441029489040375,0.012061369605362415,0.0004921677755191922,0.00046236906200647354,5,6,7,55
1,90,0.253022700548172,0.19210413098335266,0.17631614208221436,0.14425720274448395,0.1080167219042778,0.07243020087480545,0.035475537180900574,0.012703003361821175,0.0007063861703500152,0.0004435730807017535,5,6,7,55
2,90,0.2495279759168625,0.19574323296546936,0.1699407547712326,0.13973651826381683,0.11125069111585617,0.07374269515275955,0.03556716814637184,0.014862368814647198,0.0009514698758721352,0.0008884678827598691,5,6,7,55
3,90,0.266443133354187,0.18938855826854706,0.16683407127857208,0.13290084898471832,0.10519083589315414,0.0698825865983963,0.03506864979863167,0.018314916640520096,0.0017148181796073914,0.0014361360808834434,5,6,7,55
4,90,0.2923416793346405,0.18270047008991241,0.15653565526008606,0.1223229169845581,0.1043170616030693,0.07018731534481049,0.031760554760694504,0.017927249893546104,0.002403965452685952,0.0021704719401896,5,6,7,55
5,90,0.30194270610809326,0.176940456032753,0.155847430229187,0.11470838636159897,0.10621969401836395,0.06979254633188248,0.03120426833629608,0.01766548678278923,0.0027775445487350225,0.0022308053448796272,5,6,7,55
6,90,0.30871644616127014,0.17087173461914062,0.15151585638523102,0.12024722993373871,0.10166685283184052,0.06665801256895065,0.03112541139125824,0.01668916642665863,0.0038003926165401936,0.0029581610579043627,5,6,7,55
7,90,0.33012738823890686,0.16029706597328186,0.14501869678497314,0.12219312787055969,0.09544306993484497,0.061275918036699295,0.030625255778431892,0.016076941043138504,0.004705727566033602,0.00382588105276227,5,6,8,55
8,90,0.32885944843292236,0.15388840436935425,0.1449650079011917,0.1260431706905365,0.0933467373251915,0.06049560755491257,0.029628783464431763,0.016271548345685005,0.006009160075336695,0.004453915171325207,6,6,8,55
9,90,0.29883748292922974,0.1632373034954071,0.14693403244018555,0.1285696178674698,0.09899219125509262,0.05898767337203026,0.029537003487348557,0.016748612746596336,0.007387508638203144,0.006140462588518858,6,7,10,55
10,90,0.28108641505241394,0.1713384985923767,0.140496626496315,0.12369242310523987,0.10576459765434265,0.06034396216273308,0.026770811527967453,0.019161051139235497,0.009207011200487614,0.007466375362128019,6,7,11,55
11,90,0.4031895101070404,0.14297054708003998,0.11861224472522736,0.10485229641199112,0.07238637655973434,0.0465506911277771,0.021235188469290733,0.01862459070980549,0.00880186166614294,0.007456958759576082,6,7,11,55
0,90,0.24336712062358856,0.19448430836200714,0.18256060779094696,0.1375827193260193,0.11566156148910522,0.07308799028396606,0.03320922702550888,0.01204927172511816,0.0012849398190155625,0.0009687807760201395,5,6,7,56
1,90,0.2536172568798065,0.19225305318832397,0.17455865442752838,0.1432003229856491,0.10867605358362198,0.07117942720651627,0.035309117287397385,0.012709757313132286,0.0010617183288559318,0.0008313041762448847,5,6,7,56
2,90,0.254109263420105,0.19012509286403656,0.16684170067310333,0.13877807557582855,0.1115620881319046,0.07251828163862228,0.03491246700286865,0.01466869842261076,0.0019344586180523038,0.0016197484219446778,5,6,7,56
3,90,0.2720087170600891,0.18568068742752075,0.16161078214645386,0.129659503698349,0.10428623110055923,0.06739281117916107,0.034519266337156296,0.01718706265091896,0.00294019584544003,0.0027718297205865383,5,6,7,56
4,90,0.2928355038166046,0.18115143477916718,0.1514938622713089,0.11818277090787888,0.10339727252721786,0.06856074929237366,0.031157804653048515,0.016771314665675163,0.004383775871247053,0.003332393243908882,6,6,8,56
5,90,0.30427730083465576,0.1757424771785736,0.14741151034832,0.1125948429107666,0.10326727479696274,0.06750461459159851,0.031230619177222252,0.01590234972536564,0.005063781514763832,0.0036492682993412018,6,6,8,56
6,90,0.3094901740550995,0.1720472127199173,0.14334316551685333,0.1136065348982811,0.10023750364780426,0.06505925953388214,0.030650537461042404,0.01573345810174942,0.006311370991170406,0.0039726365357637405,6,6,8,56
7,90,0.3299673795700073,0.16129352152347565,0.13667628169059753,0.1159193366765976,0.09646373242139816,0.06051693856716156,0.02985226735472679,0.015334178693592548,0.0061696371994912624,0.004576344043016434,6,6,9,56
8,90,0.33176854252815247,0.1536753624677658,0.13706888258457184,0.11731943488121033,0.09328952431678772,0.060052648186683655,0.029159775003790855,0.015663305297493935,0.007357195019721985,0.005432160571217537,6,7,10,56
9,90,0.30371156334877014,0.15492191910743713,0.14875528216362,0.1179279237985611,0.0957738384604454,0.05699934810400009,0.028568269684910774,0.01685447432100773,0.009021344594657421,0.007340170443058014,6,7,12,56
10,90,0.29273006319999695,0.1603025645017624,0.14067639410495758,0.11183556169271469,0.102904312312603,0.055479127913713455,0.02622659131884575,0.018892252817749977,0.010312669910490513,0.008996357209980488,6,8,14,56
11,90,0.46711409091949463,0.12065137922763824,0.10429444164037704,0.08225454390048981,0.06705126911401749,0.03938102349638939,0.018513740971684456,0.01680123060941696,0.010069477371871471,0.008797386661171913,6,8,13,56
0,90,0.2430456429719925,0.1940934807062149,0.18292318284511566,0.1381986141204834,0.11552631855010986,0.07351100444793701,0.033292803913354874,0.012075137346982956,0.001052323030307889,0.0007408293895423412,5,6,7,57
1,90,0.25420302152633667,0.19293972849845886,0.1738869994878769,0.14338910579681396,0.10855709761381149,0.07169904559850693,0.03538968414068222,0.012792925350368023,0.000790865276940167,0.0004990539746358991,5,6,7,57
2,90,0.2543642818927765,0.19071850180625916,0.16612198948860168,0.1396695375442505,0.11220431327819824,0.0731886550784111,0.03522385284304619,0.015083062462508678,0.0013839263701811433,0.0012712570605799556,5,6,7,57
3,90,0.2728320062160492,0.18771828711032867,0.16107392311096191,0.12935611605644226,0.10535779595375061,0.0683189108967781,0.0352986641228199,0.01726560853421688,0.0030322708189487457,0.0018955220002681017,5,6,7,57
4,90,0.29381245374679565,0.18363617360591888,0.15240083634853363,0.11763305962085724,0.10414701700210571,0.06940992176532745,0.03148903697729111,0.01681382954120636,0.0038380834739655256,0.0029332865960896015,5,6,7,57
5,90,0.306450217962265,0.17759926617145538,0.14773960411548615,0.11349307745695114,0.10232566297054291,0.06843636929988861,0.03161596134305,0.01605873741209507,0.004295087419450283,0.0033388317096978426,6,6,8,57
6,90,0.31481030583381653,0.17295140027999878,0.14365524053573608,0.11353512108325958,0.099587582051754,0.06594054400920868,0.03044820763170719,0.015634065493941307,0.005078533198684454,0.004326059017330408,6,6,8,57
7,90,0.3362269401550293,0.16141097247600555,0.1365576535463333,0.11667138338088989,0.0943506509065628,0.06151069328188896,0.029374772682785988,0.015203719958662987,0.005895481910556555,0.0046317181549966335,6,6,8,57
8,90,0.33840787410736084,0.15287701785564423,0.13938561081886292,0.1159992665052414,0.09153761714696884,0.06074896082282066,0.029016857966780663,0.015460796654224396,0.007075027097016573,0.0051990351639688015,6,7,9,57
9,90,0.31027793884277344,0.15948033332824707,0.1471334993839264,0.11569485068321228,0.09495729953050613,0.05818793177604675,0.028855295851826668,0.01598196104168892,0.008751390501856804,0.0063069355674088,6,7,11,57
10,90,0.298123836517334,0.16499070823192596,0.1400676816701889,0.11059320718050003,0.10245175659656525,0.057314012199640274,0.026309499517083168,0.01796330139040947,0.010506884194910526,0.007368104066699743,6,8,14,57
11,90,0.47299838066101074,0.12249911576509476,0.10172678530216217,0.08377769589424133,0.06770136207342148,0.04069745913147926,0.018669942393898964,0.017674988135695457,0.009423582814633846,0.006847424432635307,6,7,12,57
0,90,0.24239706993103027,0.19576072692871094,0.18299895524978638,0.13826893270015717,0.11544053256511688,0.07367873936891556,0.03348318487405777,0.012001726776361465,0.0007559639634564519,0.00048736948519945145,5,6,7,58
1,90,0.25296247005462646,0.19191433489322662,0.17545516788959503,0.14403048157691956,0.10807135701179504,0.07172252982854843,0.03549271449446678,0.012649791315197945,0.0010736569529399276,0.0008741708006709814,5,6,7,58
2,90,0.251759797334671,0.19328248500823975,0.16859525442123413,0.1384381204843521,0.11014027893543243,0.07288955897092819,0.03510003536939621,0.014428472146391869,0.0023889269214123487,0.0019143061945214868,5,6,7,58
3,90,0.2697683870792389,0.18508301675319672,0.16356860101222992,0.13206741213798523,0.10321374237537384,0.06846903264522552,0.03369411453604698,0.018078094348311424,0.004141667857766151,0.003317001275718212,5,6,7,58
4,90,0.29627248644828796,0.17771387100219727,0.15113645792007446,0.12210944294929504,0.10197565704584122,0.06872974336147308,0.03064856305718422,0.017603138461709023,0.005385751370340586,0.004033956211060286,6,6,8,58
5,90,0.30615589022636414,0.17412608861923218,0.1498079150915146,0.11136739701032639,0.1057170033454895,0.06791260093450546,0.030038975179195404,0.01669890619814396,0.005617340095341206,0.0042668175883591175,6,6,8,58
6,90,0.31006166338920593,0.17020989954471588,0.14630238711833954,0.11431299895048141,0.10184750705957413,0.064874067902565,0.030420945957303047,0.016069680452346802,0.007369086146354675,0.00461535295471549,6,6,8,58
7,90,0.3270737826824188,0.16237522661685944,0.1401781290769577,0.11813658475875854,0.09560135751962662,0.05936143547296524,0.029932590201497078,0.015623221173882484,0.008504003286361694,0.004676559008657932,6,6,9,58
8,90,0.32746419310569763,0.15600359439849854,0.1376410275697708,0.12339533120393753,0.09266575425863266,0.05841542035341263,0.028460772708058357,0.015737876296043396,0.010219531133770943,0.005558861885219812,6,7,9,58
9,90,0.2991132438182831,0.15409570932388306,0.14703872799873352,0.12685327231884003,0.0984504446387291,0.05634404346346855,0.027796166017651558,0.01683126389980316,0.012783787213265896,0.007340214215219021,6,7,11,58
10,90,0.2864306569099426,0.15717238187789917,0.1409534215927124,0.12251865863800049,0.10406719148159027,0.05724875628948212,0.025558484718203545,0.019047768786549568,0.014140922576189041,0.008919264189898968,6,8,12,58
11,90,0.43853461742401123,0.1281355619430542,0.10936634987592697,0.09542469680309296,0.06970787793397903,0.0409703403711319,0.018794337287545204,0.01646064780652523,0.012812141329050064,0.009129992686212063,6,7,12,58
0,90,0.24144387245178223,0.1951715499162674,0.18365611135959625,0.13833236694335938,0.11551971733570099,0.07392583787441254,0.03336786478757858,0.012050529941916466,0.0007396942237392068,0.0005875934148207307,5,6,7,59
1,90,0.25198894739151,0.19297951459884644,0.1748591959476471,0.14353018999099731,0.10909519344568253,0.07224667817354202,0.03542683646082878,0.012769203633069992,0.001117444597184658,0.0005386238917708397,5,6,7,59
2,90,0.251221239566803,0.19297786056995392,0.16716261208057404,0.13952435553073883,0.11193118244409561,0.073332279920578,0.03521634638309479,0.015078513883054256,0.0015861615538597107,0.0014171068323776126,5,6,7,59
3,90,0.2690463960170746,0.18953481316566467,0.16274471580982208,0.12914004921913147,0.10540476441383362,0.06872577965259552,0.03501847758889198,0.01748248189687729,0.0035792002454400063,0.0021758489310741425,5,6,7,59
4,90,0.29063352942466736,0.18535089492797852,0.1538720279932022,0.11743177473545074,0.10472553968429565,0.06964963674545288,0.0314679890871048,0.01705651916563511,0.00447571836411953,0.0032197425607591867,5,6,7,59
5,90,0.30003052949905396,0.17806200683116913,0.15153005719184875,0.1151893362402916,0.1024930477142334,0.06907958537340164,0.031720831990242004,0.016618764027953148,0.004882441833615303,0.0033563754986971617,6,6,8,59
6,90,0.30837875604629517,0.1708032786846161,0.1483752727508545,0.11752857267856598,0.09972714632749557,0.06643635779619217,0.031153690069913864,0.01591254025697708,0.005910629406571388,0.0036955676041543484,6,6,8,59
7,90,0.33128321170806885,0.15872502326965332,0.14099417626857758,0.12081120163202286,0.09347110986709595,0.06175306439399719,0.030364451929926872,0.015347391366958618,0.006792222615331411,0.00394807243719697,6,6,8,59
8,90,0.3302467465400696,0.1536814570426941,0.14296725392341614,0.12083180248737335,0.09119861572980881,0.06076308339834213,0.02964516542851925,0.015622051432728767,0.007805625908076763,0.004713498055934906,6,7,9,59
9,90,0.2975353002548218,0.1686236411333084,0.14384880661964417,0.1232551708817482,0.0954582616686821,0.05859154835343361,0.02922753244638443,0.01633557304739952,0.009240574203431606,0.005516178905963898,6,7,11,59
10,90,0.28531038761138916,0.1762353628873825,0.13473224639892578,0.11976048350334167,0.10284639894962311,0.057600222527980804,0.02648378536105156,0.01849701814353466,0.010788235813379288,0.005655465181916952,6,7,13,59
11,90,0.44251346588134766,0.13403953611850739,0.10526015609502792,0.09421414881944656,0.06872252374887466,0.04301298409700394,0.01989924907684326,0.019177017733454704,0.010256538167595863,0.005887312814593315,6,7,12,59
0,90,0.2438182681798935,0.19478681683540344,0.1823619306087494,0.1377861052751541,0.1152757927775383,0.07291724532842636,0.03301306813955307,0.011952388100326061,0.0012085075723007321,0.0009005488245747983,5,6,7,60
1,90,0.25462645292282104,0.1911105513572693,0.1752861887216568,0.14356976747512817,0.10863708704710007,0.07096712291240692,0.035191185772418976,0.012578330002725124,0.000954030838329345,0.0005950401537120342,5,6,7,60
2,90,0.2535303831100464,0.19027619063854218,0.1680528074502945,0.13985876739025116,0.11185605078935623,0.07235530018806458,0.03513716533780098,0.014750138856470585,0.0014526918530464172,0.0010642134584486485,5,6,7,60
3,90,0.26996558904647827,0.18698832392692566,0.1636253297328949,0.13037818670272827,0.10530824214220047,0.06778669357299805,0.03514260798692703,0.017210012301802635,0.0022995949257165194,0.0022522935178130865,5,6,7,60
4,90,0.2904973328113556,0.18243643641471863,0.15410633385181427,0.11872601509094238,0.10517694801092148,0.06932348012924194,0.03158462792634964,0.016874054446816444,0.0033910279162228107,0.0025930460542440414,5,6,7,60
5,90,0.3016212284564972,0.17574642598628998,0.15032894909381866,0.11610472202301025,0.10450855642557144,0.06816685199737549,0.03133875131607056,0.016088632866740227,0.004042654763907194,0.002938522957265377,6,6,8,60
6,90,0.30837482213974,0.1714218258857727,0.1456167995929718,0.11859223246574402,0.10109362751245499,0.0654023140668869,0.030903413891792297,0.015651920810341835,0.005085280165076256,0.0033832385670393705,6,6,8,60
7,90,0.3302417993545532,0.1609058976173401,0.13871623575687408,0.11961071938276291,0.09739328920841217,0.06055918708443642,0.030170362442731857,0.015302891843020916,0.005002545192837715,0.0038112271577119827,6,6,8,60
8,90,0.33078834414482117,0.1543651968240738,0.1372252255678177,0.12260323017835617,0.09504498541355133,0.06046067178249359,0.0297976303845644,0.015688754618167877,0.00581648712977767,0.00473765516653657,6,6,9,60
9,90,0.30400586128234863,0.15344589948654175,0.15091721713542938,0.12432980537414551,0.0976455956697464,0.058279410004615784,0.029357634484767914,0.016453878954052925,0.007096378598362207,0.005638048518449068,6,7,11,60
10,90,0.29095736145973206,0.1607532501220703,0.143628790974617,0.11773160099983215,0.10635866969823837,0.056889794766902924,0.02698424458503723,0.018464406952261925,0.008482717908918858,0.0067920503206551075,6,7,13,60
11,90,0.45179688930511475,0.12987907230854034,0.11067697405815125,0.08886290341615677,0.06983022391796112,0.04077611863613129,0.019167708232998848,0.01638137362897396,0.008424061350524426,0.006894182879477739,5,7,12,60
0,90,0.24244585633277893,0.1948385387659073,0.1830318570137024,0.13792671263217926,0.11548096686601639,0.07363162189722061,0.03325942903757095,0.012054603546857834,0.0010925852693617344,0.0007217504899017513,5,6,7,61
1,90,0.25290361046791077,0.19301524758338928,0.17452076077461243,0.1433427333831787,0.1088855117559433,0.07183994352817535,0.03536081314086914,0.012763135135173798,0.000814997183624655,0.0007457101601175964,5,6,7,61
2,90,0.25325775146484375,0.1912253201007843,0.16679544746875763,0.13941489160060883,0.11211736500263214,0.07304400205612183,0.03520307317376137,0.015049292705953121,0.0013619221281260252,0.0012929526856169105,5,6,7,61
3,90,0.2716521918773651,0.1883430778980255,0.16238723695278168,0.12868407368659973,0.10530944913625717,0.06823405623435974,0.03518655523657799,0.017230557277798653,0.003092203289270401,0.0017519340617582202,5,6,7,61
4,90,0.2922320067882538,0.1843639314174652,0.15372610092163086,0.11681389808654785,0.1046258881688118,0.06937048584222794,0.031621817499399185,0.016830356791615486,0.00405207509174943,0.002755463356152177,5,6,7,61
5,90,0.3035264015197754,0.1773831844329834,0.14981049299240112,0.11471269279718399,0.10189449787139893,0.06854940205812454,0.0318545363843441,0.016236765310168266,0.004525529220700264,0.0028761301655322313,6,6,8,61
6,90,0.31252214312553406,0.1715449094772339,0.14620085060596466,0.11506660282611847,0.0993000864982605,0.06597519665956497,0.030854439362883568,0.01568561978638172,0.005505699198693037,0.0035998153034597635,6,6,8,61
7,90,0.3357302248477936,0.15939348936080933,0.1386301964521408,0.11803922802209854,0.0938781201839447,0.061391763389110565,0.02987717278301716,0.015147143974900246,0.006511910818517208,0.003650943748652935,6,6,8,61
8,90,0.33606433868408203,0.15182648599147797,0.14125917851924896,0.11796660721302032,0.09152430295944214,0.060727208852767944,0.02952895499765873,0.01541043259203434,0.007679867558181286,0.004407399799674749,6,7,9,61
9,90,0.3061569333076477,0.16158904135227203,0.14637240767478943,0.11895644664764404,0.09473589807748795,0.05825525522232056,0.02920573577284813,0.016060717403888702,0.009586650878190994,0.0053541469387710094,6,7,11,61
10,90,0.2942051887512207,0.1679021269083023,0.1382884383201599,0.11401072144508362,0.10250314325094223,0.05707058310508728,0.026691677048802376,0.018152708187699318,0.011572581715881824,0.006332231219857931,6,7,13,61
11,90,0.46457844972610474,0.12553152441978455,0.1023084968328476,0.08694713562726974,0.0681111142039299,0.041704852133989334,0.018913742154836655,0.018502458930015564,0.010409657843410969,0.005589834414422512,6,7,12,61
0,90,0.24190345406532288,0.1946725696325302,0.18323835730552673,0.13802601397037506,0.1157490462064743,0.07321786135435104,0.033321648836135864,0.011988497339189053,0.000936433847527951,0.0006367880268953741,5,6,7,62
1,90,0.25336024165153503,0.19202211499214172,0.17438459396362305,0.14365831017494202,0.10868483036756516,0.07135938853025436,0.035358577966690063,0.012648578733205795,0.0011852642055600882,0.0006126691005192697,5,6,7,62
2,90,0.25168609619140625,0.19180040061473846,0.16653621196746826,0.13893885910511017,0.11212166398763657,0.07282953709363937,0.03515131399035454,0.015130254440009594,0.0017006929265335202,0.0012793234782293439,5,6,7,62
3,90,0.2703627049922943,0.18757833540439606,0.16086021065711975,0.13013558089733124,0.10536710917949677,0.06846968084573746,0.034920189529657364,0.017483551055192947,0.002325475448742509,0.0020639412105083466,5,6,7,62
4,90,0.29274624586105347,0.18273819983005524,0.15170826017856598,0.11956793069839478,0.10352764278650284,0.06959576159715652,0.03123188205063343,0.016972389072179794,0.0031300412956625223,0.0025268157478421926,5,6,7,62
5,90,0.3063824772834778,0.17513178288936615,0.147185280919075,0.11422435939311981,0.10428155958652496,0.06830104440450668,0.030973190441727638,0.01615750789642334,0.0033529645297676325,0.0033051681239157915,6,6,8,62
6,90,0.31612059473991394,0.16983385384082794,0.14245381951332092,0.11518622934818268,0.10164707154035568,0.06565295159816742,0.030139952898025513,0.015857473015785217,0.003920906689018011,0.003682028269395232,6,6,8,62
7,90,0.33743739128112793,0.15974707901477814,0.13546805083751678,0.1190141811966896,0.0958256796002388,0.06056659296154976,0.029500355944037437,0.015470237471163273,0.004533776082098484,0.003746144939213991,6,6,8,62
8,90,0.3369635343551636,0.15241874754428864,0.137641042470932,0.1206011101603508,0.09340070933103561,0.06023228168487549,0.029179099947214127,0.015817323699593544,0.0049059269949793816,0.004377747420221567,6,6,9,62
9,90,0.3093167543411255,0.1557668298482895,0.1479557752609253,0.12151049822568893,0.09652511030435562,0.057822324335575104,0.028484199196100235,0.01657039113342762,0.006169023457914591,0.005631742998957634,6,7,11,62
10,90,0.2984068691730499,0.16155824065208435,0.14054730534553528,0.11633174866437912,0.10295248031616211,0.05713648721575737,0.026305684819817543,0.0187055841088295,0.0073867118917405605,0.006274861749261618,6,7,13,62
11,90,0.46116918325424194,0.12480880320072174,0.10747423768043518,0.08939775824546814,0.06850180774927139,0.04010748118162155,0.018439002335071564,0.01709461212158203,0.0072199394926428795,0.0064990767277777195,5,7,12,62
0,90,0.24183210730552673,0.19439800083637238,0.18411347270011902,0.13845491409301758,0.11595036834478378,0.07400631904602051,0.033463004976511,0.012136772274971008,0.0005841631791554391,0.0004854901344515383,5,6,7,63
1,90,0.25296056270599365,0.19388574361801147,0.17379795014858246,0.1436062455177307,0.10884039849042892,0.07232284545898438,0.035453230142593384,0.012873474508523941,0.0006873276433907449,0.0005525064188987017,5,6,7,63
2,90,0.25318238139152527,0.19208039343357086,0.16578614711761475,0.1397322714328766,0.11224901676177979,0.07351493090391159,0.03503352403640747,0.015308371745049953,0.0015390124171972275,0.0012621397618204355,5,6,7,63
3,90,0.2731752395629883,0.18820355832576752,0.1603315770626068,0.12932877242565155,0.10509991645812988,0.06879733502864838,0.03498953580856323,0.0174850020557642,0.0036934446543455124,0.002189290476962924,5,6,7,63
4,90,0.2952862083911896,0.18355195224285126,0.15206073224544525,0.11799915134906769,0.10352075099945068,0.06956325471401215,0.03130852431058884,0.017040131613612175,0.004490464460104704,0.0032893712632358074,5,6,7,63
5,90,0.3082519471645355,0.17746298015117645,0.14824095368385315,0.1122235581278801,0.1018829196691513,0.06846777349710464,0.03169912472367287,0.01641261577606201,0.0048443470150232315,0.0035939663648605347,6,6,8,63
6,90,0.31665995717048645,0.17217084765434265,0.1456577628850937,0.11212451756000519,0.09934913367033005,0.06626340001821518,0.03063032776117325,0.016009636223316193,0.0059755765832960606,0.0037273108027875423,6,6,8,63
7,90,0.3376148045063019,0.16039475798606873,0.1395726203918457,0.11647092550992966,0.09301505982875824,0.061839573085308075,0.02967672608792782,0.015430699102580547,0.006774143781512976,0.004127903841435909,6,6,8,63
8,90,0.3376491665840149,0.15450270473957062,0.14319272339344025,0.11549831926822662,0.09048224240541458,0.06078064814209938,0.029068399220705032,0.01567132957279682,0.007516938727349043,0.004876669030636549,6,6,9,63
9,90,0.30783841013908386,0.16844938695430756,0.14465922117233276,0.1167210265994072,0.09452125430107117,0.05792252719402313,0.028823556378483772,0.016305716708302498,0.008594362065196037,0.006009477190673351,6,7,11,63
10,90,0.2972182333469391,0.17433218657970428,0.13668560981750488,0.11340438574552536,0.10118404775857925,0.057446785271167755,0.026003863662481308,0.018181541934609413,0.0097815515473485,0.006340569816529751,6,7,12,63
11,90,0.46718740463256836,0.12868140637874603,0.10122055560350418,0.0875779464840889,0.06816773861646652,0.04167705774307251,0.01853613555431366,0.01786160282790661,0.008990924805402756,0.006542467512190342,5,7,11,63
0,90,0.2423367202281952,0.19541621208190918,0.18313893675804138,0.13801760971546173,0.11537443101406097,0.07348770648241043,0.033154141157865524,0.012006673961877823,0.0006579395267181098,0.0005418679211288691,5,6,7,64
1,90,0.2529279887676239,0.1917225569486618,0.17547036707401276,0.1438118815422058,0.10867062956094742,0.07161828875541687,0.03528878092765808,0.012642715126276016,0.000736728310585022,0.0005725912633351982,5,6,7,64
2,90,0.2512702941894531,0.19173972308635712,0.16816498339176178,0.14010371267795563,0.11154917627573013,0.07260331511497498,0.03505430370569229,0.014875334687530994,0.0012842502910643816,0.0010331786470487714,5,6,7,64
3,90,0.268535315990448,0.18690195679664612,0.16356991231441498,0.1306464523077011,0.10479698330163956,0.06819140911102295,0.03478698059916496,0.017558204010128975,0.0029810757841914892,0.002002807566896081,5,6,7,64
4,90,0.29059621691703796,0.1814500093460083,0.1536947637796402,0.11894123256206512,0.1045295000076294,0.06922570616006851,0.03138638287782669,0.017202937975525856,0.003595613408833742,0.002689954126253724,6,6,8,64
5,90,0.3008396625518799,0.17484521865844727,0.15137986838817596,0.11496013402938843,0.10408637672662735,0.06811326742172241,0.03132185712456703,0.016575349494814873,0.003827155800536275,0.0028227660804986954,6,6,8,64
6,90,0.307240754365921,0.16953380405902863,0.14701329171657562,0.11832918971776962,0.10046736896038055,0.06535022705793381,0.03124420717358589,0.015917619690299034,0.004709081258624792,0.00331670930609107,6,6,8,64
7,90,0.32884982228279114,0.15878786146640778,0.1395273059606552,0.1215362399816513,0.09535129368305206,0.06030578166246414,0.03060898557305336,0.015338249504566193,0.005052595864981413,0.0033689469564706087,6,6,8,64
8,90,0.3270445168018341,0.1518881469964981,0.14104384183883667,0.12432252615690231,0.09321416169404984,0.059852294623851776,0.02978639490902424,0.01559820119291544,0.005914402659982443,0.003960245754569769,6,7,10,64
9,90,0.29806020855903625,0.15758353471755981,0.14728127419948578,0.12741567194461823,0.09709198027849197,0.05768287554383278,0.029270872473716736,0.01637551560997963,0.006950212176889181,0.00465099373832345,6,7,12,64
10,90,0.2852533757686615,0.16463014483451843,0.13857696950435638,0.12262735515832901,0.10489991307258606,0.057111773639917374,0.026542354375123978,0.01837857812643051,0.007988300174474716,0.005455946084111929,6,8,15,64
11,90,0.4355098605155945,0.13142690062522888,0.11261121183633804,0.09504736214876175,0.06970211863517761,0.04242686927318573,0.019407011568546295,0.016856325790286064,0.007765410467982292,0.005734729114919901,6,7,13,64
0,90,0.2410687506198883,0.19521571695804596,0.18367011845111847,0.1385505050420761,0.11563142389059067,0.07376020401716232,0.03338208422064781,0.011997618712484837,0.0009199567721225321,0.0006575942970812321,5,6,7,65
1,90,0.2520767152309418,0.19252288341522217,0.1747836470603943,0.14363722503185272,0.10942232608795166,0.07207178324460983,0.03549537807703018,0.012724296189844608,0.0013970349682494998,0.0006491975509561598,5,6,7,65
2,90,0.2507459223270416,0.19303546845912933,0.16708309948444366,0.13974879682064056,0.11210296303033829,0.07324784994125366,0.03528158739209175,0.015105954371392727,0.0019660741090774536,0.0014916410436853766,5,6,7,65
3,90,0.2688348889350891,0.19022902846336365,0.16229045391082764,0.12915924191474915,0.10577455908060074,0.06876801699399948,0.03501899540424347,0.017409006133675575,0.003690405748784542,0.002499296795576811,5,6,7,65
4,90,0.2898934781551361,0.18691490590572357,0.15345358848571777,0.11744293570518494,0.10503273457288742,0.06989207863807678,0.031324245035648346,0.016958167776465416,0.004725080449134111,0.0034382047597318888,5,6,7,65
5,90,0.29901015758514404,0.17889398336410522,0.15113011002540588,0.11658966541290283,0.10294368118047714,0.0693606287240982,0.03154589235782623,0.01642392762005329,0.005143141373991966,0.0037542469799518585,6,6,8,65
6,90,0.30883342027664185,0.17103414237499237,0.1476660817861557,0.11917020380496979,0.10034193098545074,0.06668529659509659,0.031134232878684998,0.01566370762884617,0.006115784868597984,0.003986038267612457,6,6,8,65
7,90,0.3318828046321869,0.15943972766399384,0.140153169631958,0.1229332759976387,0.09372932463884354,0.061842553317546844,0.030421733856201172,0.015205200761556625,0.00706848967820406,0.00401355279609561,6,6,8,65
8,90,0.3315266966819763,0.15368720889091492,0.1435903012752533,0.1223340630531311,0.09140080958604813,0.06088806688785553,0.02972392924129963,0.015482781454920769,0.007939022034406662,0.004984745755791664,6,6,9,65
9,90,0.29876238107681274,0.16824521124362946,0.144935742020607,0.1257263720035553,0.09584596753120422,0.05905849114060402,0.02911159209907055,0.016151903197169304,0.009352991357445717,0.005923572462052107,6,7,10,65
10,90,0.289005845785141,0.17608292400836945,0.1352190375328064,0.12303144484758377,0.10253836214542389,0.05768401920795441,0.026499902829527855,0.018201956525444984,0.010797669179737568,0.0059113092720508575,6,7,11,65
11,90,0.44959285855293274,0.1340215802192688,0.10631494969129562,0.09522373974323273,0.0684870108962059,0.04221537709236145,0.019005563110113144,0.01859275810420513,0.010160618461668491,0.005976556334644556,5,7,11,65
0,90,0.24242156744003296,0.1947382688522339,0.18316680192947388,0.13825784623622894,0.11552471667528152,0.073421411216259,0.0331745445728302,0.012023470364511013,0.0010490361601114273,0.0007190747419372201,5,6,7,66
1,90,0.253367155790329,0.19206169247627258,0.1748383641242981,0.14360938966274261,0.10907717049121857,0.07162878662347794,0.03537847846746445,0.012710715644061565,0.0008149610366672277,0.000699511612765491,5,6,7,66
2,90,0.2522291839122772,0.1911771446466446,0.1673751324415207,0.1405743509531021,0.11210911720991135,0.0728088766336441,0.03515665978193283,0.014994435012340546,0.0015022408915683627,0.0012335150968283415,5,6,7,66
3,90,0.26967403292655945,0.18832293152809143,0.1625799536705017,0.12988579273223877,0.10550876706838608,0.06817728281021118,0.0351911261677742,0.017310861498117447,0.0035061859525740147,0.002099769888445735,5,6,7,66
4,90,0.28991541266441345,0.184577077627182,0.15359967947006226,0.11752663552761078,0.1052231639623642,0.06954266875982285,0.03148510679602623,0.01692882925271988,0.0045112851075828075,0.003104941453784704,5,6,7,66
5,90,0.2997523546218872,0.17756429314613342,0.15052205324172974,0.11604812741279602,0.10322218388319016,0.06857522577047348,0.0316980741918087,0.016250960528850555,0.004844724200665951,0.003187323221936822,6,6,8,66
6,90,0.3073977828025818,0.17152398824691772,0.14627715945243835,0.11894365400075912,0.10009646415710449,0.0660017654299736,0.03128919377923012,0.015595239587128162,0.005583217833191156,0.0038452018052339554,6,6,8,66
7,90,0.329456627368927,0.16007712483406067,0.13841967284679413,0.12215656787157059,0.09507770091295242,0.061406418681144714,0.030449019744992256,0.015132936649024487,0.0061066169291734695,0.004283287562429905,6,6,8,66
8,90,0.3299580216407776,0.15208077430725098,0.14191362261772156,0.12201360613107681,0.09281117469072342,0.060736410319805145,0.029808688908815384,0.01545054093003273,0.006947552785277367,0.0049309213645756245,6,7,9,66
9,90,0.3000064790248871,0.16152356564998627,0.14681781828403473,0.12439916282892227,0.09648137539625168,0.0586450956761837,0.029410379007458687,0.016096942126750946,0.008158328011631966,0.005811163689941168,6,7,11,66
10,90,0.28899168968200684,0.16851677000522614,0.13828736543655396,0.11960002034902573,0.10480552166700363,0.057257384061813354,0.02661978080868721,0.017985519021749496,0.009446130134165287,0.006782162468880415,6,7,13,66
11,90,0.45149099826812744,0.12917524576187134,0.10834112763404846,0.09214017540216446,0.06898608058691025,0.04185666888952255,0.018960589542984962,0.017407789826393127,0.009019904769957066,0.0062814736738801,5,7,12,66
0,90,0.2433941513299942,0.1943407505750656,0.1827196478843689,0.13814404606819153,0.11527137458324432,0.07319528609514236,0.03310432657599449,0.011965618468821049,0.0009828907204791903,0.0007397767039947212,5,6,7,67
1,90,0.2549280822277069,0.191709965467453,0.17447888851165771,0.14365920424461365,0.10857897996902466,0.07131338119506836,0.035218577831983566,0.012638729065656662,0.0007781603490002453,0.0005683328490704298,5,6,7,67
2,90,0.25417253375053406,0.1903613954782486,0.16698412597179413,0.1400330513715744,0.11223722249269485,0.07280667871236801,0.03523325175046921,0.015031825751066208,0.0012797927483916283,0.0011550222989171743,5,6,7,67
3,90,0.2714020311832428,0.1877271831035614,0.1622852236032486,0.12990713119506836,0.10578350722789764,0.06829886138439178,0.03546496108174324,0.01722620613873005,0.002567401621490717,0.001972164260223508,5,6,7,67
4,90,0.2919802665710449,0.18345387279987335,0.1536242514848709,0.11829125881195068,0.10517499595880508,0.06978128105401993,0.03165854141116142,0.016848452389240265,0.0034639835357666016,0.002730648498982191,5,6,7,67
5,90,0.3045363128185272,0.17650388181209564,0.14911037683486938,0.11586642265319824,0.10360894352197647,0.06853004544973373,0.03154497221112251,0.01610143482685089,0.0038015556056052446,0.003105539595708251,6,6,8,67
6,90,0.3130010962486267,0.1719062626361847,0.1443060040473938,0.11716827005147934,0.10095736384391785,0.06579513847827911,0.0306733176112175,0.01566172204911709,0.0045953597873449326,0.004011890385299921,6,6,8,67
7,90,0.33488184213638306,0.1607925444841385,0.13672497868537903,0.12015552073717117,0.09611440449953079,0.061056070029735565,0.029801202937960625,0.015335062518715858,0.005357625428587198,0.004366537556052208,6,6,8,67
8,90,0.3355449438095093,0.15325713157653809,0.13802240788936615,0.12144754827022552,0.09372740983963013,0.06071697175502777,0.02961135469377041,0.01573125645518303,0.006211363710463047,0.004999892320483923,6,6,9,67
9,90,0.3086133599281311,0.15563678741455078,0.1494493931531906,0.12208763509988785,0.09705924242734909,0.05856183171272278,0.029355255886912346,0.016242902725934982,0.007522065658122301,0.00611219834536314,6,7,10,67
10,90,0.2959606349468231,0.16207048296928406,0.1427210420370102,0.11611060798168182,0.10548059642314911,0.057537682354450226,0.026840046048164368,0.018363740295171738,0.009453510865569115,0.006995439995080233,6,7,12,67
11,90,0.4610515534877777,0.1269330233335495,0.10816548019647598,0.08865310996770859,0.0695730522274971,0.04087225720286369,0.019046131521463394,0.017606044188141823,0.008303913287818432,0.007135471329092979,5,7,11,67
0,90,0.24278734624385834,0.19428589940071106,0.18345287442207336,0.13834281265735626,0.11562951654195786,0.07331887632608414,0.03333422914147377,0.012000232003629208,0.0007964607793837786,0.0006261459202505648,5,6,7,68
1,90,0.25476205348968506,0.19178004562854767,0.17434574663639069,0.14397886395454407,0.10813695937395096,0.07143519073724747,0.03524908050894737,0.012635973282158375,0.0007913304725661874,0.0006608674884773791,5,6,7,68
2,90,0.2530103623867035,0.19169113039970398,0.16670425236225128,0.1391191929578781,0.11146252602338791,0.0729762464761734,0.03494912385940552,0.01494629681110382,0.0016395942075178027,0.001375123392790556,5,6,7,68
3,90,0.27083060145378113,0.18570607900619507,0.16070206463336945,0.13145560026168823,0.10452047735452652,0.06857413798570633,0.034530159085989,0.017675146460533142,0.0028228245209902525,0.002395777963101864,5,6,7,68
4,90,0.29465797543525696,0.17907924950122833,0.15060292184352875,0.12137691676616669,0.10253757238388062,0.0693843737244606,0.030871888622641563,0.01716877892613411,0.00413900800049305,0.0029105329886078835,6,6,8,68
5,90,0.3085844814777374,0.17344041168689728,0.1469678282737732,0.1118370071053505,0.10473581403493881,0.06784965097904205,0.030425600707530975,0.01627727784216404,0.004671153612434864,0.0030676338355988264,6,6,8,68
6,90,0.3138652443885803,0.169978067278862,0.14267174899578094,0.11330951005220413,0.10199634730815887,0.06518745422363281,0.03002808429300785,0.01617242954671383,0.005685120355337858,0.004117410629987717,6,6,8,68
7,90,0.33189672231674194,0.16089732944965363,0.13648250699043274,0.11791945993900299,0.09623710811138153,0.06016599014401436,0.029527811333537102,0.01584247499704361,0.005447664298117161,0.004788133315742016,6,6,9,68
8,90,0.33141273260116577,0.15378889441490173,0.13734251260757446,0.1213189959526062,0.0931834802031517,0.05944554880261421,0.028742630034685135,0.016232402995228767,0.006537130568176508,0.00542171997949481,6,7,10,68
9,90,0.3046671152114868,0.1544099897146225,0.14820584654808044,0.12240970879793167,0.09746897220611572,0.05680199712514877,0.02825290709733963,0.01721329055726528,0.007755402009934187,0.006798275280743837,6,7,12,68
10,90,0.29174408316612244,0.1596502661705017,0.14152511954307556,0.11731349676847458,0.1036824882030487,0.056883230805397034,0.025776898488402367,0.01952781155705452,0.008734889328479767,0.008336088620126247,6,8,13,68
11,90,0.4465804100036621,0.1268383264541626,0.11111293733119965,0.09032312780618668,0.069289430975914,0.03988177329301834,0.018645118921995163,0.01808277703821659,0.009046412073075771,0.008228513412177563,6,7,12,68
0,90,0.24178996682167053,0.19528675079345703,0.1833973228931427,0.13857685029506683,0.11529659479856491,0.07361996173858643,0.03324500843882561,0.011965113691985607,0.0007837584707885981,0.0006714100018143654,5,6,7,69
1,90,0.25304484367370605,0.19168752431869507,0.17527525126934052,0.14387869834899902,0.10901153832674026,0.07186708599328995,0.035374969244003296,0.01264558918774128,0.0010915647726505995,0.0006821013521403074,5,6,7,69
2,90,0.25067922472953796,0.19297942519187927,0.16786274313926697,0.14024873077869415,0.1120004877448082,0.07309303432703018,0.035329051315784454,0.015035925433039665,0.001432988909073174,0.001183330430649221,5,6,7,69
3,90,0.26746001839637756,0.18980123102664948,0.16348928213119507,0.1303585022687912,0.10594268143177032,0.06888855993747711,0.03524810075759888,0.017541654407978058,0.0029043799731880426,0.0017919177189469337,5,6,7,69
4,90,0.2890726327896118,0.1854666769504547,0.15445655584335327,0.11868388950824738,0.1056273877620697,0.070081427693367,0.031543832272291183,0.017147008329629898,0.0036830189637839794,0.002605342073366046,5,6,7,69
5,90,0.2983047664165497,0.1773824691772461,0.15239575505256653,0.11748521775007248,0.10427932441234589,0.06939240545034409,0.03147774189710617,0.01662938855588436,0.004018875304609537,0.002745221136137843,6,6,7,69
6,90,0.3068266808986664,0.17016440629959106,0.1479068100452423,0.12177153676748276,0.10121583938598633,0.06651622802019119,0.03128232806921005,0.015842027962207794,0.004761038813740015,0.0033084452152252197,6,6,8,69
7,90,0.3294084072113037,0.15894024074077606,0.14006170630455017,0.12526902556419373,0.09512348473072052,0.06148529425263405,0.030644869431853294,0.015426229685544968,0.005385330878198147,0.003561541438102722,6,6,8,69
8,90,0.3283824026584625,0.1519470363855362,0.14304234087467194,0.12632498145103455,0.09309615939855576,0.0607493631541729,0.029940439388155937,0.0157733503729105,0.006233136635273695,0.004152365028858185,6,6,9,69
9,90,0.29723456501960754,0.16308319568634033,0.1462232619524002,0.12953196465969086,0.09757917374372482,0.059130653738975525,0.029444895684719086,0.016380449756979942,0.007383159827440977,0.004767166916280985,6,7,10,69
10,90,0.284967303276062,0.17111973464488983,0.1375236213207245,0.1259591430425644,0.10484645515680313,0.058140162378549576,0.026731101796030998,0.018522074446082115,0.008904298767447472,0.005713426973670721,6,7,12,69
11,90,0.4322034418582916,0.13531380891799927,0.1134081482887268,0.09935518354177475,0.07016648352146149,0.043009888380765915,0.019612954929471016,0.018546080216765404,0.009252206422388554,0.00512866722419858,5,7,11,69
0,90,0.24207600951194763,0.19465868175029755,0.18361951410770416,0.13838790357112885,0.11561276763677597,0.07353340834379196,0.03324918821454048,0.012048767879605293,0.0006655993638560176,0.0005638768197968602,5,6,7,70
1,90,0.25340545177459717,0.19213302433490753,0.1749105006456375,0.14380556344985962,0.10883034020662308,0.07181844860315323,0.0353466160595417,0.01271746028214693,0.0007015321170911193,0.0005678462330251932,5,6,7,70
2,90,0.2511923909187317,0.19240891933441162,0.16744613647460938,0.1403542459011078,0.11222991347312927,0.07310077548027039,0.035140108317136765,0.015142331831157207,0.0013479831395670772,0.00102646101731807,5,6,7,70
3,90,0.2683858871459961,0.18863412737846375,0.16246238350868225,0.13082294166088104,0.105704665184021,0.06871660053730011,0.03520452603697777,0.01760135032236576,0.0030110818333923817,0.0019806225318461657,5,6,7,70
4,90,0.2901878356933594,0.18371878564357758,0.15370486676692963,0.11916621029376984,0.10474681109189987,0.06986869871616364,0.03148605674505234,0.017183884978294373,0.003647275734692812,0.002771910512819886,5,6,7,70
5,90,0.30112582445144653,0.17638447880744934,0.15086334943771362,0.11512316018342972,0.10422684997320175,0.06881880015134811,0.03151683136820793,0.016583606600761414,0.003818388096988201,0.003107200376689434,6,6,8,70
6,90,0.3082975149154663,0.17063093185424805,0.14669528603553772,0.11862269043922424,0.10098228603601456,0.06624989956617355,0.031094804406166077,0.016040245071053505,0.0047319550067186356,0.0033913464285433292,6,6,8,70
7,90,0.3297845423221588,0.15930607914924622,0.13966189324855804,0.1220347210764885,0.09567368775606155,0.06152644380927086,0.03043825551867485,0.015535064972937107,0.005251813679933548,0.003572103101760149,6,6,8,70
8,90,0.32897013425827026,0.15213224291801453,0.1430244892835617,0.12287932634353638,0.09359462559223175,0.06085320934653282,0.029744062572717667,0.015889370813965797,0.005987770855426788,0.004217965062707663,6,6,9,70
9,90,0.2989221215248108,0.16464625298976898,0.14556743204593658,0.12486415356397629,0.09759833663702011,0.05862068757414818,0.029378753155469894,0.016529062762856483,0.007027367129921913,0.004892381373792887,6,7,11,70
10,90,0.2859622836112976,0.17211255431175232,0.13772143423557281,0.12044837325811386,0.10566384345293045,0.057957276701927185,0.026493089273571968,0.01858028955757618,0.008129116147756577,0.005468044895678759,6,7,13,70
11,90,0.434906929731369,0.1347585916519165,0.1122109442949295,0.09631552547216415,0.0704883337020874,0.04276767373085022,0.01943221315741539,0.018320539966225624,0.00796409510076046,0.005948489531874657,6,7,12,70
0,90,0.24125100672245026,0.1946869045495987,0.1839129626750946,0.13849277794361115,0.11610497534275055,0.0739709883928299,0.03356434032320976,0.012114543467760086,0.0006614820449613035,0.0005221087485551834,5,6,7,71
1,90,0.25215965509414673,0.19389930367469788,0.1735398769378662,0.1434319168329239,0.10909511148929596,0.07221369445323944,0.03563329204916954,0.012881345115602016,0.0011084433645009995,0.0005756780738011003,5,6,7,71
2,90,0.2531428933143616,0.19178393483161926,0.16528314352035522,0.1394510418176651,0.11164750158786774,0.07325688749551773,0.034971684217453,0.015119113959372044,0.0017922734841704369,0.0015549269737675786,5,6,7,71
3,90,0.27459216117858887,0.18735921382904053,0.15943801403045654,0.1288951188325882,0.10417740792036057,0.06833238899707794,0.03444414958357811,0.01738046482205391,0.0037859876174479723,0.002573436126112938,5,6,7,71
4,90,0.2965964078903198,0.1836482137441635,0.15027013421058655,0.11763565242290497,0.102596715092659,0.06900409609079361,0.0308371614664793,0.016889365389943123,0.004697846714407206,0.003422789741307497,5,6,7,71
5,90,0.30819687247276306,0.1786217987537384,0.14702387154102325,0.11174770444631577,0.10116243362426758,0.06799515336751938,0.03134894371032715,0.016081076115369797,0.005042150150984526,0.0038697663694620132,6,6,8,71
6,90,0.31684863567352295,0.17306028306484222,0.14461641013622284,0.11137460917234421,0.09862402081489563,0.06576090306043625,0.03048061579465866,0.015542961657047272,0.005927403923124075,0.003985802177339792,6,6,8,71
7,90,0.3366267681121826,0.16214731335639954,0.1387564241886139,0.11565398424863815,0.09208492934703827,0.061268389225006104,0.02948891744017601,0.014999231323599815,0.006912347860634327,0.00401250459253788,6,6,8,71
8,90,0.3385438919067383,0.15513144433498383,0.14355602860450745,0.11368323862552643,0.08894087374210358,0.05999765917658806,0.028594404458999634,0.01513989269733429,0.00751134566962719,0.005187819246202707,6,7,9,71
9,90,0.30787262320518494,0.16690883040428162,0.1451549381017685,0.11616425961256027,0.09316793084144592,0.0572868250310421,0.028129499405622482,0.01588434725999832,0.009356459602713585,0.006743249483406544,6,7,11,71
10,90,0.30119889974594116,0.17182549834251404,0.1351633369922638,0.11431174725294113,0.09852278232574463,0.05643405392765999,0.025534017011523247,0.01738453470170498,0.010136744938790798,0.006757680326700211,6,7,13,71
11,90,0.4846143126487732,0.12373814731836319,0.09734582155942917,0.08407202363014221,0.06551677733659744,0.0398312471807003,0.017591413110494614,0.014919532462954521,0.008734837174415588,0.006893632933497429,5,7,12,71
0,90,0.24310478568077087,0.19563336670398712,0.18268069624900818,0.13801124691963196,0.11496385931968689,0.07404311001300812,0.03328004106879234,0.012025745585560799,0.000692664529196918,0.0005485779256559908,5,6,7,72
1,90,0.25307127833366394,0.1929207444190979,0.1750907152891159,0.14352984726428986,0.10821155458688736,0.07212147861719131,0.035303037613630295,0.012723295949399471,0.0006602311041206121,0.0006109162932261825,5,6,7,72
2,90,0.2539113759994507,0.1914370357990265,0.1676952987909317,0.13898977637290955,0.11097776889801025,0.07312902063131332,0.03522486239671707,0.01473613828420639,0.0017331374110653996,0.0012570199323818088,5,6,7,72
3,90,0.2716776728630066,0.18661825358867645,0.16400820016860962,0.128876730799675,0.10419577360153198,0.06835643947124481,0.03478974103927612,0.017441045492887497,0.0037373905070126057,0.002206358825787902,5,6,7,72
4,90,0.2942400574684143,0.1808485984802246,0.1538759469985962,0.11744657158851624,0.10401979833841324,0.06885258853435516,0.0315556526184082,0.017078490927815437,0.004784606397151947,0.003051909850910306,5,6,7,72
5,90,0.30444204807281494,0.17591963708400726,0.15103809535503387,0.11339079588651657,0.10168464481830597,0.06820724904537201,0.031457092612981796,0.016609754413366318,0.0055638207122683525,0.0031542854849249125,6,6,8,72
6,90,0.31129002571105957,0.17091472446918488,0.1473677009344101,0.11429554224014282,0.0985434353351593,0.06532428413629532,0.030750567093491554,0.015874752774834633,0.006944973021745682,0.0037742783315479755,6,6,8,72
7,90,0.3332401514053345,0.1590721756219864,0.1395414024591446,0.11763473600149155,0.09279850125312805,0.06038181856274605,0.029787873849272728,0.015287837013602257,0.008480812422931194,0.00423469627276063,6,6,9,72
8,90,0.3324666917324066,0.15222294628620148,0.14018966257572174,0.11928752809762955,0.09002962708473206,0.05971946939826012,0.02910679765045643,0.015458419919013977,0.010533004067838192,0.005123622249811888,6,7,10,72
9,90,0.3027999997138977,0.1572723090648651,0.14674533903598785,0.12094251811504364,0.09421081095933914,0.05750090628862381,0.029018277302384377,0.016265958547592163,0.013358253054320812,0.005983286537230015,6,7,12,72
10,90,0.2879873812198639,0.16260498762130737,0.13873107731342316,0.11643210798501968,0.1015617847442627,0.05753863602876663,0.026501106098294258,0.018792161718010902,0.015941733494400978,0.0072504025883972645,6,8,14,72
11,90,0.45015037059783936,0.1252347081899643,0.10418026894330978,0.08873442560434341,0.06750679761171341,0.04286881163716316,0.020921578630805016,0.019400566816329956,0.012623094953596592,0.007069990038871765,6,8,13,72
0,90,0.24284444749355316,0.19458217918872833,0.1833006888628006,0.1379736065864563,0.11582155525684357,0.0733666941523552,0.03318670392036438,0.01211058534681797,0.0010181321995332837,0.0007366951322183013,5,6,7,73
1,90,0.2533702254295349,0.19235853850841522,0.17489436268806458,0.14357824623584747,0.108882375061512,0.0715598464012146,0.03535972163081169,0.01276411209255457,0.0008285223157145083,0.000539734261110425,5,6,7,73
2,90,0.25264203548431396,0.19072355329990387,0.16750113666057587,0.14050693809986115,0.11187247186899185,0.07265075296163559,0.034868691116571426,0.014887754805386066,0.001603813492693007,0.0013418475864455104,5,6,7,73
3,90,0.27049702405929565,0.18631306290626526,0.16218096017837524,0.13068455457687378,0.10463650524616241,0.06777537614107132,0.034728776663541794,0.017422858625650406,0.0036157630383968353,0.002350845606997609,5,6,7,73
4,90,0.29143616557121277,0.1816588193178177,0.15253573656082153,0.1183772087097168,0.10409410297870636,0.06893633306026459,0.031265512108802795,0.01703207567334175,0.004320752341300249,0.003133017336949706,6,6,8,73
5,90,0.301946222782135,0.17623798549175262,0.14949749410152435,0.11328048259019852,0.10356726497411728,0.06769264489412308,0.031573858112096786,0.016246242448687553,0.004588073119521141,0.003309983294457197,6,6,8,73
6,90,0.30666619539260864,0.1720363050699234,0.14559675753116608,0.11609604209661484,0.09993307292461395,0.06536558270454407,0.03130365535616875,0.015812791883945465,0.005359479691833258,0.004182474687695503,6,6,8,73
7,90,0.32701578736305237,0.160878524184227,0.13865847885608673,0.11933168768882751,0.09593988209962845,0.06095016002655029,0.03051937185227871,0.015221470966935158,0.0058731865137815475,0.004090968985110521,6,6,9,73
8,90,0.32752901315689087,0.152688130736351,0.14195920526981354,0.12000898271799088,0.09348077327013016,0.06036295369267464,0.02959878370165825,0.015500145964324474,0.006816857494413853,0.004715049639344215,6,7,10,73
9,90,0.29879331588745117,0.1608784943819046,0.14722314476966858,0.12213075160980225,0.09693729877471924,0.057579413056373596,0.029229866340756416,0.016336657106876373,0.007931552827358246,0.005662375595420599,6,7,12,73
10,90,0.2875595688819885,0.16716285049915314,0.1387709677219391,0.11665860563516617,0.10557767748832703,0.05655580013990402,0.026299744844436646,0.018108081072568893,0.009128609672188759,0.006626110523939133,6,8,14,73
11,90,0.4504271149635315,0.1275903433561325,0.10943832248449326,0.08947694301605225,0.06905403733253479,0.04150562360882759,0.01898251287639141,0.0165972039103508,0.00888296402990818,0.00658364687114954,6,7,13,73
0,90,0.24246519804000854,0.1948876678943634,0.1827184110879898,0.13778801262378693,0.11549733579158783,0.07319149374961853,0.03332469239830971,0.011951169930398464,0.0007992282044142485,0.0006856814143247902,5,6,7,74
1,90,0.2534341514110565,0.1918032318353653,0.17452944815158844,0.14353638887405396,0.10829123109579086,0.07122216373682022,0.035294078290462494,0.012605680152773857,0.0010459066834300756,0.0008339014020748436,5,6,7,74
2,90,0.25306984782218933,0.19137762486934662,0.16672009229660034,0.1378614455461502,0.11096622794866562,0.07261110097169876,0.034966446459293365,0.014654448255896568,0.0021646765526384115,0.0018799403915181756,5,6,7,74
3,90,0.2713117301464081,0.18514202535152435,0.16117367148399353,0.13021425902843475,0.10391406714916229,0.06795836985111237,0.03413691744208336,0.01750001683831215,0.0035724202170968056,0.0031361335422843695,5,6,7,74
4,90,0.29484668374061584,0.17911922931671143,0.1501789391040802,0.120262511074543,0.1022980660200119,0.06881047785282135,0.03080308996140957,0.017025915905833244,0.005336579401046038,0.0034978771582245827,6,6,8,74
5,90,0.30731090903282166,0.17361655831336975,0.14653368294239044,0.11219051480293274,0.10406669229269028,0.06762254238128662,0.03039146587252617,0.01608709618449211,0.005954117979854345,0.003602426964789629,6,6,8,74
6,90,0.3132743537425995,0.16967464983463287,0.14244136214256287,0.11292726546525955,0.10154653340578079,0.06486331671476364,0.030057333409786224,0.015929164364933968,0.007471801247447729,0.004467069637030363,6,6,8,74
7,90,0.3323485255241394,0.16087597608566284,0.1359570026397705,0.11685968935489655,0.09583337604999542,0.05966309830546379,0.029550354927778244,0.01566091738641262,0.007355175446718931,0.005134520120918751,6,6,9,74
8,90,0.3325384557247162,0.1548060178756714,0.13465996086597443,0.1207154393196106,0.09247098863124847,0.05906258895993233,0.028713254258036613,0.016034310683608055,0.008781402371823788,0.005793099757283926,6,7,10,74
9,90,0.30488020181655884,0.15436561405658722,0.14602956175804138,0.12210003286600113,0.09629089385271072,0.05636686086654663,0.02797822840511799,0.0174112506210804,0.011007438413798809,0.007576999720185995,6,7,11,74
10,90,0.2939014732837677,0.15612934529781342,0.14077627658843994,0.11713169515132904,0.10196171700954437,0.05588438734412193,0.02597811631858349,0.019736509770154953,0.012428001500666142,0.008923652581870556,6,8,13,74
11,90,0.45990613102912903,0.12225095927715302,0.10554363578557968,0.08719361573457718,0.06743637472391129,0.03882481902837753,0.018498681485652924,0.017359325662255287,0.011193076148629189,0.009170258417725563,6,8,12,74
0,90,0.24178250133991241,0.19517497718334198,0.18292495608329773,0.13809315860271454,0.11540136486291885,0.07349082082509995,0.03329448774456978,0.011986220255494118,0.0007957079797051847,0.0005687795928679407,5,6,7,75
1,90,0.2526117265224457,0.19200122356414795,0.17474231123924255,0.14360295236110687,0.10859312862157822,0.0715811625123024,0.03542935848236084,0.01266635674983263,0.0011302981292828918,0.0005429074517451227,5,6,7,75
2,90,0.2511484622955322,0.19174501299858093,0.1670932173728943,0.1393033266067505,0.11143672466278076,0.07273248583078384,0.03521794453263283,0.01492989994585514,0.0015645191306248307,0.0011453733313828707,5,6,7,75
3,90,0.2694675922393799,0.18717560172080994,0.16202260553836823,0.1296773999929428,0.10471626371145248,0.0682285875082016,0.0347171388566494,0.017497781664133072,0.002663063583895564,0.002065755194053054,5,6,7,75
4,90,0.2918102443218231,0.18233779072761536,0.15207228064537048,0.11840543150901794,0.10366249084472656,0.06909102946519852,0.03113877773284912,0.017021793872117996,0.003213557181879878,0.002658108016476035,6,6,8,75
5,90,0.3027121424674988,0.17555631697177887,0.14877009391784668,0.11427810043096542,0.10328183323144913,0.06812980771064758,0.03094736486673355,0.01630454696714878,0.00345962424762547,0.0030821748077869415,6,6,8,75
6,90,0.3116724491119385,0.1694968193769455,0.14410576224327087,0.11613959819078445,0.0999840497970581,0.0652606338262558,0.030430780723690987,0.01563381589949131,0.004249051213264465,0.003700013505294919,6,6,8,75
7,90,0.33318036794662476,0.1592002809047699,0.13641566038131714,0.11962778121232986,0.09383612871170044,0.06008671596646309,0.029650608077645302,0.01512745302170515,0.004892382305115461,0.0038263765163719654,6,6,9,75
8,90,0.33285871148109436,0.15156371891498566,0.13821475207805634,0.12071859836578369,0.09136258810758591,0.0595690943300724,0.028989899903535843,0.015374654904007912,0.0056565897539258,0.0047288089990615845,6,7,11,75
9,90,0.30371031165122986,0.15476171672344208,0.1467161625623703,0.12267835438251495,0.09517480432987213,0.057581983506679535,0.02844579890370369,0.016067486256361008,0.00704596471041441,0.006049463525414467,6,7,13,75
10,90,0.2921963036060333,0.1604691594839096,0.137798473238945,0.11808091402053833,0.10192907601594925,0.05701422318816185,0.02608450874686241,0.018093330785632133,0.008895346894860268,0.006341463420540094,6,8,16,75
11,90,0.45412877202033997,0.1241888478398323,0.10504685342311859,0.09086710959672928,0.0673217847943306,0.0408511646091938,0.01846361719071865,0.016966015100479126,0.00830165296792984,0.006588800344616175,6,7,14,75
0,90,0.24166883528232574,0.19598673284053802,0.18359023332595825,0.13802646100521088,0.11579285562038422,0.07392396032810211,0.03331829607486725,0.012109351344406605,0.0006928417133167386,0.0004939088830724359,5,6,7,76
1,90,0.25162723660469055,0.19294384121894836,0.17540211975574493,0.1438988298177719,0.10873863101005554,0.07204629480838776,0.03547798469662666,0.012772960588335991,0.0011960738338530064,0.0005212368560023606,5,6,7,76
2,90,0.25056585669517517,0.1923266500234604,0.16808073222637177,0.14031679928302765,0.11147893220186234,0.07273636758327484,0.03505317494273186,0.015036503784358501,0.0017496314831078053,0.0014315962325781584,5,6,7,76
3,90,0.2702253460884094,0.18671520054340363,0.16318508982658386,0.13045671582221985,0.10436912626028061,0.06827369332313538,0.03452373296022415,0.017775021493434906,0.003570258617401123,0.002397668082267046,5,6,7,76
4,90,0.29336684942245483,0.1812439262866974,0.15311011672019958,0.11871638894081116,0.10371233522891998,0.0689048320055008,0.03130423277616501,0.017384065315127373,0.004365564323961735,0.0033344037365168333,5,6,7,76
5,90,0.3041384816169739,0.17532993853092194,0.1506260633468628,0.11325600743293762,0.10339255630970001,0.06773753464221954,0.03137259930372238,0.016805682331323624,0.0046414765529334545,0.0037590842694044113,6,6,8,76
6,90,0.3121766149997711,0.1698465645313263,0.14663556218147278,0.11535217612981796,0.0994543507695198,0.06514421105384827,0.031067173928022385,0.015976252034306526,0.005708170123398304,0.004005863796919584,6,6,8,76
7,90,0.3339243233203888,0.15899012982845306,0.13891977071762085,0.11933638900518417,0.09359753131866455,0.06006350740790367,0.03029361367225647,0.015161897987127304,0.006346115842461586,0.003930926322937012,6,6,8,76
8,90,0.3315092623233795,0.15182437002658844,0.14219015836715698,0.12057755142450333,0.09176841378211975,0.05963147059082985,0.029416773468255997,0.015279260464012623,0.007130255922675133,0.004607888869941235,6,7,10,76
9,90,0.30284014344215393,0.15905334055423737,0.1462094783782959,0.12353798747062683,0.09596928209066391,0.057295553386211395,0.02902783453464508,0.01596771739423275,0.008338116109371185,0.00581353111192584,6,7,12,76
10,90,0.2908443808555603,0.1648108810186386,0.13680462539196014,0.11937032639980316,0.10358209162950516,0.05745740234851837,0.02630389668047428,0.01781054213643074,0.00964753981679678,0.007053301203995943,6,8,14,76
11,90,0.4464013874530792,0.12817469239234924,0.10763196647167206,0.09367768466472626,0.06928285956382751,0.04285015910863876,0.019185075536370277,0.016211122274398804,0.00842546671628952,0.007047856226563454,6,7,13,76
0,90,0.24256829917430878,0.19540198147296906,0.18296635150909424,0.13820388913154602,0.11523772031068802,0.07363389432430267,0.03326139599084854,0.011991743929684162,0.0005779762286692858,0.0005393942701630294,5,6,7,77
1,90,0.25362133979797363,0.19183476269245148,0.1751362532377243,0.1440441757440567,0.10800833255052567,0.0716651901602745,0.03532938286662102,0.01263538096100092,0.0008006226271390915,0.0005986954201944172,5,6,7,77
2,90,0.25146690011024475,0.19212517142295837,0.16799333691596985,0.13967950642108917,0.11133600026369095,0.07286873459815979,0.03528835251927376,0.014998849481344223,0.0012549400562420487,0.0011366326361894608,5,6,7,77
3,90,0.2697347402572632,0.18653027713298798,0.16332879662513733,0.13098853826522827,0.10473461449146271,0.06876037269830704,0.034913789480924606,0.017813226208090782,0.0021499651484191418,0.00189977849368006,5,6,7,77
4,90,0.2937333583831787,0.18023426830768585,0.15328313410282135,0.12025602161884308,0.10358678549528122,0.06940887123346329,0.031417738646268845,0.0173491183668375,0.002824725117534399,0.002439643256366253,5,6,7,77
5,90,0.3063550889492035,0.1739816814661026,0.15007591247558594,0.11355312913656235,0.10445988178253174,0.06820280104875565,0.030826378613710403,0.016690492630004883,0.0034758972469717264,0.0025967098772525787,6,6,8,77
6,90,0.31511667370796204,0.16935330629348755,0.1451721340417862,0.1153709813952446,0.10064823925495148,0.06523726880550385,0.030297042801976204,0.015952445566654205,0.004500001668930054,0.003467805217951536,6,6,8,77
7,90,0.33623790740966797,0.1596115231513977,0.1379142850637436,0.1186409443616867,0.09447085112333298,0.059781525284051895,0.029633063822984695,0.015431463718414307,0.0052842614240944386,0.0033845819998532534,6,6,8,77
8,90,0.334753155708313,0.15295757353305817,0.1376405507326126,0.12217830121517181,0.09223005175590515,0.059516627341508865,0.029112325981259346,0.015669099986553192,0.006229424849152565,0.004029588308185339,6,7,9,77
9,90,0.3084651827812195,0.15335418283939362,0.14791874587535858,0.12361988425254822,0.09646350890398026,0.057676978409290314,0.028814565390348434,0.01623111218214035,0.007408450357615948,0.004832403734326363,6,7,12,77
10,90,0.29379674792289734,0.15878720581531525,0.14129984378814697,0.11831735819578171,0.10384690016508102,0.058430980890989304,0.026478983461856842,0.01837196573615074,0.009150844067335129,0.0054244184866547585,6,7,14,77
11,90,0.44171151518821716,0.13012047111988068,0.10956510901451111,0.09376534819602966,0.06958387047052383,0.04258277267217636,0.019506528973579407,0.017485320568084717,0.008440620265901089,0.005446919705718756,6,7,13,77
0,90,0.24292634427547455,0.1953042894601822,0.1828363686800003,0.13777388632297516,0.11517777293920517,0.07337310165166855,0.03312908113002777,0.011971465311944485,0.001082441653124988,0.0007833249401301146,5,6,7,78
1,90,0.25361692905426025,0.19190721213817596,0.17556099593639374,0.14364789426326752,0.10858644545078278,0.07157736271619797,0.03515249118208885,0.012610498815774918,0.0009029697976075113,0.0007926123798824847,5,6,7,78
2,90,0.2521630823612213,0.1926262527704239,0.16827261447906494,0.13917270302772522,0.11232078820466995,0.07301349937915802,0.03534294664859772,0.015063646249473095,0.0013605322455987334,0.0012403985019773245,5,6,7,78
3,90,0.2688947021961212,0.1895177662372589,0.1648322194814682,0.1303139626979828,0.10627283900976181,0.06886351853609085,0.0356040857732296,0.017516592517495155,0.001958307111635804,0.001830446650274098,5,6,7,78
4,90,0.2908635139465332,0.18446780741214752,0.15656179189682007,0.11948887258768082,0.10575485229492188,0.07021647691726685,0.0321931354701519,0.017126623541116714,0.002951397793367505,0.002346017863601446,5,6,7,78
5,90,0.30279263854026794,0.17592787742614746,0.15306170284748077,0.11759306490421295,0.10460623353719711,0.06941522657871246,0.031802527606487274,0.016622720286250114,0.0033425872679799795,0.0025446016807109118,5,6,7,78
6,90,0.3121967613697052,0.17021827399730682,0.1485573798418045,0.11982208490371704,0.1018572747707367,0.06650205701589584,0.03091595321893692,0.01605900190770626,0.0044992356561124325,0.003065770026296377,5,6,7,78
7,90,0.33655592799186707,0.15855008363723755,0.14142479002475739,0.12097308039665222,0.09704188257455826,0.06142283231019974,0.030305763706564903,0.01561949122697115,0.004853831138461828,0.0032546473667025566,5,6,8,78
8,90,0.33427417278289795,0.15235747396945953,0.14200690388679504,0.12376143783330917,0.09537781774997711,0.06138230487704277,0.030278785154223442,0.016000479459762573,0.0053657060489058495,0.004188502207398415,6,6,8,78
9,90,0.3056509494781494,0.1608366221189499,0.14870569109916687,0.12534786760807037,0.09822674095630646,0.05926977097988129,0.029935762286186218,0.016519183292984962,0.006822919938713312,0.005062360782176256,6,7,9,78
10,90,0.2893977761268616,0.16921940445899963,0.14227059483528137,0.11955978721380234,0.10674671828746796,0.05867090821266174,0.02779216691851616,0.0189493577927351,0.00859070848673582,0.0068319207057356834,6,7,11,78
11,90,0.4342670738697052,0.13698744773864746,0.1144898533821106,0.09449226409196854,0.0724921002984047,0.043655846267938614,0.020983481779694557,0.01859292760491371,0.008258470334112644,0.005958627909421921,5,7,10,78
0,90,0.24203629791736603,0.19492226839065552,0.18342004716396332,0.1380200833082199,0.11572659015655518,0.07361866533756256,0.033324144780635834,0.012106440961360931,0.000659274694044143,0.000470389291876927,5,6,7,79
1,90,0.252606064081192,0.1926647573709488,0.17490187287330627,0.1436244547367096,0.10855945199728012,0.07182253152132034,0.03541181609034538,0.012768964283168316,0.0006686535198241472,0.0005295865703374147,5,6,7,79
2,90,0.25113266706466675,0.19217906892299652,0.1674041599035263,0.13961444795131683,0.11165837198495865,0.07294930517673492,0.0350319966673851,0.014997192658483982,0.0012734447373077273,0.001114823971875012,5,6,7,79
3,90,0.2693944275379181,0.18698522448539734,0.16219015419483185,0.1305435448884964,0.1046026423573494,0.06830544024705887,0.03464382514357567,0.017685120925307274,0.002879674779251218,0.0020400024950504303,5,6,7,79
4,90,0.2922186851501465,0.1813359558582306,0.15249347686767578,0.11909113079309464,0.10328777134418488,0.06902622431516647,0.031197957694530487,0.017219804227352142,0.003289255313575268,0.0026343127246946096,6,6,8,79
5,90,0.3035038709640503,0.17534324526786804,0.1494399458169937,0.11243530362844467,0.1036422923207283,0.06794919073581696,0.031160986050963402,0.01656431518495083,0.0035098581574857235,0.003020698204636574,6,6,8,79
6,90,0.3100244402885437,0.1703232377767563,0.1453905701637268,0.11475153267383575,0.09992623329162598,0.06542874872684479,0.030646193772554398,0.01605304144322872,0.004497663117945194,0.003503187792375684,6,6,8,79
7,90,0.3307446241378784,0.15936040878295898,0.13864290714263916,0.11787817627191544,0.09468981623649597,0.060639869421720505,0.029889989644289017,0.015397663228213787,0.005117124877870083,0.003528330707922578,6,6,9,79
8,90,0.32997965812683105,0.1515783667564392,0.14132843911647797,0.11901682615280151,0.09232079237699509,0.060038771480321884,0.029068557545542717,0.015621589496731758,0.005799592472612858,0.003991973586380482,6,7,11,79
9,90,0.3005962073802948,0.16019459068775177,0.14561957120895386,0.12066476047039032,0.09604956209659576,0.05743955075740814,0.028707832098007202,0.016377320513129234,0.006774888373911381,0.005112058948725462,6,7,13,79
10,90,0.2872292101383209,0.16648148000240326,0.13714298605918884,0.11550123989582062,0.10379014909267426,0.057170987129211426,0.025957051664590836,0.0183991938829422,0.007917207665741444,0.006323530338704586,6,8,16,79
11,90,0.44264841079711914,0.12832169234752655,0.1076565608382225,0.09105712920427322,0.06892552971839905,0.04198344424366951,0.01896059513092041,0.0173871461302042,0.007664420176297426,0.006162733770906925,6,8,15,79
0,90,0.2412525862455368,0.1953025758266449,0.18424168229103088,0.1389768123626709,0.11570741981267929,0.07436420768499374,0.03360563889145851,0.012162765488028526,0.0006143669597804546,0.00041653061634860933,5,6,7,80
1,90,0.25195279717445374,0.19350701570510864,0.17531320452690125,0.14392785727977753,0.10867924243211746,0.0728224515914917,0.0356549397110939,0.012886467389762402,0.0010193405905738473,0.00044533435720950365,5,6,7,80
2,90,0.24919556081295013,0.19576837122440338,0.16818605363368988,0.14000172913074493,0.11180278658866882,0.07406512647867203,0.03546183183789253,0.015171556733548641,0.001341937342658639,0.0012163411593064666,5,6,7,80
3,90,0.26715829968452454,0.19091014564037323,0.1638868749141693,0.13137297332286835,0.10561887919902802,0.06975057721138,0.03501921892166138,0.018155327066779137,0.0030163777992129326,0.0017617224948480725,5,6,7,80
4,90,0.29193904995918274,0.18553005158901215,0.1545376032590866,0.12027952820062637,0.10404068231582642,0.07011860609054565,0.03147568926215172,0.017677178606390953,0.0034567650873214006,0.0025968991685658693,5,6,7,80
5,90,0.3009430170059204,0.17982596158981323,0.1532173603773117,0.1137317344546318,0.1045263335108757,0.06986838579177856,0.0314401350915432,0.017440129071474075,0.0037018735893070698,0.002993846544995904,5,6,7,80
6,90,0.3086051642894745,0.17284832894802094,0.14988267421722412,0.11824260652065277,0.10078005492687225,0.0672634020447731,0.03096885047852993,0.016575869172811508,0.004494725726544857,0.0035273609682917595,5,6,8,80
7,90,0.33026719093322754,0.16159285604953766,0.14333562552928925,0.1211429312825203,0.09395650774240494,0.0625600814819336,0.03021674044430256,0.015919042751193047,0.004964265041053295,0.003969563636928797,5,6,8,80
8,90,0.32987460494041443,0.1582765430212021,0.14362572133541107,0.12137581408023834,0.09154649823904037,0.0613807812333107,0.02914145216345787,0.016143500804901123,0.005894212517887354,0.005148578435182571,6,6,8,80
9,90,0.2971336543560028,0.17442680895328522,0.14350932836532593,0.12290342152118683,0.09738338738679886,0.059485141187906265,0.029177509248256683,0.016625192016363144,0.006961654871702194,0.006472849287092686,6,7,10,80
10,90,0.2815885841846466,0.18299628794193268,0.1359606683254242,0.11964493244886398,0.10442544519901276,0.06006728857755661,0.026207972317934036,0.01881297677755356,0.008535887114703655,0.00755023630335927,6,7,11,80
11,90,0.4193366467952728,0.14332735538482666,0.10980957746505737,0.10229327529668808,0.07111994177103043,0.04580559581518173,0.02070791833102703,0.01944521814584732,0.008808953687548637,0.007310974877327681,6,7,11,80
0,90,0.242313951253891,0.1953011006116867,0.1830606609582901,0.13771311938762665,0.11545144766569138,0.0736088976264,0.0332488976418972,0.01206331979483366,0.0010909490520134568,0.0007464684313163161,5,6,7,81
1,90,0.2521728575229645,0.19263629615306854,0.1753106415271759,0.14334255456924438,0.10876944661140442,0.07181642204523087,0.035324499011039734,0.012729857116937637,0.0008269852842204273,0.0007397110457532108,5,6,7,81
2,90,0.2517203390598297,0.1920415759086609,0.1677141636610031,0.1390184909105301,0.11157100647687912,0.07287297397851944,0.03505953773856163,0.014822658151388168,0.001320465817116201,0.0011926883598789573,5,6,7,81
3,90,0.26906082034111023,0.18754546344280243,0.16346703469753265,0.12949763238430023,0.10467754304409027,0.06808344274759293,0.034737031906843185,0.017449505627155304,0.0027950278017669916,0.0019726313184946775,5,6,7,81
4,90,0.29077476263046265,0.18245871365070343,0.15387308597564697,0.11784954369068146,0.10412006825208664,0.06897031515836716,0.031482528895139694,0.017055993899703026,0.003214598400518298,0.0027234861627221107,6,6,8,81
5,90,0.3006059527397156,0.17594648897647858,0.15121163427829742,0.11408604681491852,0.10280978679656982,0.06823804974555969,0.03155980259180069,0.01653430052101612,0.0034647532738745213,0.0030230374541133642,6,6,8,81
6,90,0.3069354295730591,0.17015334963798523,0.14749807119369507,0.1162940263748169,0.09955614060163498,0.06559056788682938,0.03105195425450802,0.015993058681488037,0.004483888391405344,0.0035512521862983704,6,6,8,81
7,90,0.3294336497783661,0.1582241803407669,0.14038024842739105,0.11857380717992783,0.09468279778957367,0.060853492468595505,0.030286090448498726,0.015358557924628258,0.00495475297793746,0.003767004469409585,6,6,9,81
8,90,0.3282169699668884,0.15113921463489532,0.14203494787216187,0.12007734179496765,0.09239988029003143,0.06026709824800491,0.029570939019322395,0.015602226369082928,0.0057056057266891,0.00456355232745409,6,7,11,81
9,90,0.29718682169914246,0.16144874691963196,0.1454845517873764,0.12222027033567429,0.09563052654266357,0.05771629139780998,0.02911411225795746,0.016518032178282738,0.007135092746466398,0.005861293990164995,6,7,13,81
10,90,0.2835053503513336,0.16842585802078247,0.13669155538082123,0.11688248813152313,0.10358187556266785,0.05683355778455734,0.026486841961741447,0.01869729533791542,0.009148509241640568,0.006872144062072039,6,8,15,81
11,90,0.4407978653907776,0.1290663629770279,0.1073884516954422,0.09009774029254913,0.06870512664318085,0.04259723424911499,0.01935354806482792,0.01855449751019478,0.009158610366284847,0.006655711680650711,6,8,14,81
0,90,0.24305284023284912,0.19443650543689728,0.18339021503925323,0.1381627917289734,0.11534471064805984,0.0733562782406807,0.033198412507772446,0.012009263969957829,0.0010319839930161834,0.0008088513277471066,5,6,7,82
1,90,0.25442323088645935,0.19188980758190155,0.17525069415569305,0.1436755210161209,0.10864825546741486,0.07172857224941254,0.03513573482632637,0.012654515914618969,0.0008312741992995143,0.0005932729691267014,5,6,7,82
2,90,0.25243622064590454,0.1931876242160797,0.16787046194076538,0.13922838866710663,0.1125585064291954,0.07343576103448868,0.035217344760894775,0.015070993453264236,0.0013257483951747417,0.0012173651484772563,5,6,7,82
3,90,0.2680143415927887,0.19000878930091858,0.16406701505184174,0.13114827871322632,0.10655342042446136,0.06916327029466629,0.03560972586274147,0.017561940476298332,0.0024063445162028074,0.001991256373003125,5,6,7,82
4,90,0.2900271713733673,0.18473869562149048,0.1561221033334732,0.12050823122262955,0.10561519116163254,0.0705648809671402,0.032028764486312866,0.017190231010317802,0.0033303990494459867,0.0026879459619522095,5,6,7,82
5,90,0.3016589879989624,0.17663371562957764,0.15317481756210327,0.11666542291641235,0.10534923523664474,0.06983646005392075,0.03178064525127411,0.01668902486562729,0.0037698657251894474,0.002952924696728587,5,6,7,82
6,90,0.3081371784210205,0.1712346076965332,0.14920814335346222,0.12052476406097412,0.10286810249090195,0.06710825860500336,0.031076569110155106,0.01635376736521721,0.004595661070197821,0.0033312570303678513,5,6,7,82
7,90,0.3306771516799927,0.15920284390449524,0.14324088394641876,0.12203045934438705,0.09853794425725937,0.06247393414378166,0.030592789873480797,0.015971079468727112,0.0047723534516990185,0.0037565066013485193,5,6,8,82
8,90,0.32953158020973206,0.15326933562755585,0.14455895125865936,0.12445458024740219,0.09657619148492813,0.061876047402620316,0.030277326703071594,0.016440030187368393,0.005242462735623121,0.004556172527372837,6,6,8,82
9,90,0.29909253120422363,0.16848339140415192,0.14648595452308655,0.1262030303478241,0.09992623329162598,0.059588946402072906,0.03004451096057892,0.017077723518013954,0.006426964420825243,0.005614281632006168,6,7,9,82
10,90,0.28284773230552673,0.1778433471918106,0.14035844802856445,0.12084517627954483,0.10834150016307831,0.058912795037031174,0.027518853545188904,0.019632142037153244,0.007585770450532436,0.007077916990965605,6,7,10,82
11,90,0.421612411737442,0.14276842772960663,0.11838903278112411,0.09679669141769409,0.07324224710464478,0.043945204466581345,0.021511882543563843,0.01985069550573826,0.008147099986672401,0.0064272694289684296,5,7,10,82
0,90,0.24169036746025085,0.19555073976516724,0.18341517448425293,0.13798750936985016,0.1156029999256134,0.07372701168060303,0.03328191861510277,0.012012087740004063,0.000717312388587743,0.000442745367763564,5,6,7,83
1,90,0.25222545862197876,0.19256241619586945,0.17477738857269287,0.14377279579639435,0.10876055806875229,0.07181448489427567,0.03536134958267212,0.012689723633229733,0.0012366330483928323,0.0005193728138692677,5,6,7,83
2,90,0.25177139043807983,0.19148068130016327,0.1670280247926712,0.13958314061164856,0.11156170070171356,0.07267466932535172,0.03502020612359047,0.01503776852041483,0.0017277727602049708,0.0013063183287158608,5,6,7,83
3,90,0.2712174952030182,0.18661822378635406,0.16201327741146088,0.12944123148918152,0.10452102869749069,0.06819964945316315,0.0346054770052433,0.017475266009569168,0.0032984334975481033,0.002242080634459853,5,6,7,83
4,90,0.29340100288391113,0.18147608637809753,0.15229076147079468,0.11822374165058136,0.10364540666341782,0.0690700113773346,0.031239094212651253,0.017082497477531433,0.004217319656163454,0.0031223807018250227,6,6,8,83
5,90,0.30525341629981995,0.17482483386993408,0.1489509791135788,0.11401361972093582,0.10258913785219193,0.0677962377667427,0.031290750950574875,0.016430707648396492,0.004518852569162846,0.003461268497630954,6,6,8,83
6,90,0.3142070174217224,0.16932174563407898,0.1448676586151123,0.11491140723228455,0.09965496510267258,0.0651017352938652,0.030771082267165184,0.01579895056784153,0.005521393846720457,0.0038011015858501196,6,6,8,83
7,90,0.3361085057258606,0.1585351824760437,0.13707567751407623,0.11958228051662445,0.09347634762525558,0.05995366349816322,0.030032826587557793,0.015176293440163136,0.006188656203448772,0.004038694780319929,6,6,9,83
8,90,0.33390793204307556,0.15168075263500214,0.14054833352565765,0.12043517082929611,0.09137806296348572,0.05948320031166077,0.02938498556613922,0.015411621890962124,0.006822936236858368,0.005048838444054127,6,7,10,83
9,90,0.3052578866481781,0.15706197917461395,0.1468060314655304,0.1231900006532669,0.09522125124931335,0.05710214748978615,0.028808949515223503,0.016180386766791344,0.008256910368800163,0.0065278057008981705,6,7,12,83
10,90,0.2948909401893616,0.1623668223619461,0.13759922981262207,0.11926954984664917,0.10200674831867218,0.0566461943089962,0.026321042329072952,0.018147699534893036,0.0102682551369071,0.006773654837161303,6,8,14,83
11,90,0.4585929214954376,0.12452851235866547,0.10611798614263535,0.09072274714708328,0.06790287047624588,0.04118451848626137,0.01869203895330429,0.016860580071806908,0.00910180900245905,0.006804466713219881,6,7,13,83
0,90,0.24286358058452606,0.19407249987125397,0.18309231102466583,0.13838326930999756,0.11579016596078873,0.0736481249332428,0.03335950896143913,0.012125752866268158,0.001096053747460246,0.0007023949292488396,5,6,7,84
1,90,0.2539299428462982,0.19355636835098267,0.17344167828559875,0.14332345128059387,0.1089368462562561,0.07186778634786606,0.03552573546767235,0.012885067611932755,0.000818651111330837,0.0005336313624866307,5,6,7,84
2,90,0.2553539276123047,0.19029560685157776,0.16562092304229736,0.14029940962791443,0.11226250231266022,0.07322315126657486,0.03513439744710922,0.015071948990225792,0.0016346441116183996,0.0012651939177885652,5,6,7,84
3,90,0.27547240257263184,0.18757519125938416,0.16038648784160614,0.12907952070236206,0.10504414141178131,0.06811811774969101,0.035245008766651154,0.017151426523923874,0.003493893425911665,0.001875704270787537,5,6,7,84
4,90,0.29556599259376526,0.1848497837781906,0.15184377133846283,0.11670903861522675,0.10413364320993423,0.06926820427179337,0.0313999280333519,0.0167437382042408,0.004569564945995808,0.002833870006725192,5,6,7,84
5,90,0.3074861466884613,0.17990049719810486,0.1474730670452118,0.11302415281534195,0.10142681002616882,0.06827065348625183,0.03198866546154022,0.01591707579791546,0.005023747682571411,0.002932008821517229,6,6,8,84
6,90,0.31552791595458984,0.1754196584224701,0.14423294365406036,0.11235363781452179,0.09883953630924225,0.06610018759965897,0.030890725553035736,0.01539649534970522,0.0056477985344827175,0.0037626363337039948,6,6,8,84
7,90,0.33627110719680786,0.16382278501987457,0.13735027611255646,0.11599661409854889,0.09373485296964645,0.06208896264433861,0.029670989140868187,0.014958626590669155,0.006404789164662361,0.004254255909472704,6,6,8,84
8,90,0.34026408195495605,0.15504485368728638,0.14162534475326538,0.11368536949157715,0.0904739573597908,0.060982294380664825,0.029082413762807846,0.015185549855232239,0.0076315030455589294,0.00484263151884079,6,6,9,84
9,90,0.3117627501487732,0.1639675498008728,0.14731349050998688,0.11426501721143723,0.0940668135881424,0.058304738253355026,0.028918754309415817,0.015755852684378624,0.009340504184365273,0.005803032778203487,6,7,11,84
10,90,0.3031599521636963,0.16909131407737732,0.1391647607088089,0.11077644675970078,0.10085681080818176,0.057076968252658844,0.026267798617482185,0.017391463741660118,0.010445981286466122,0.006917973048985004,6,7,12,84
11,90,0.4910900592803955,0.12141503393650055,0.09768222272396088,0.08107581734657288,0.0662035271525383,0.04042467847466469,0.01845667138695717,0.016112739220261574,0.009548286907374859,0.006105705630034208,5,7,11,84
0,90,0.24271419644355774,0.19483481347560883,0.1827450692653656,0.13812056183815002,0.11522721499204636,0.07330070436000824,0.03312433511018753,0.011957742273807526,0.0010354070691391826,0.0007271771319210529,5,6,7,85
1,90,0.25386321544647217,0.1916598677635193,0.1748623102903366,0.1436295360326767,0.10876387357711792,0.07142943888902664,0.03529157117009163,0.012632418423891068,0.0007810390670783818,0.0007214630604721606,5,6,7,85
2,90,0.25262635946273804,0.19105538725852966,0.16741827130317688,0.1400577574968338,0.11204676330089569,0.07274900376796722,0.03529304638504982,0.014991922304034233,0.0012182758655399084,0.001169436378404498,5,6,7,85
3,90,0.26981204748153687,0.18837374448776245,0.16298429667949677,0.12970073521137238,0.10571157932281494,0.06830933690071106,0.03534938022494316,0.01728268340229988,0.0026480313390493393,0.0018187599489465356,5,6,7,85
4,90,0.29046565294265747,0.18425016105175018,0.15409769117832184,0.11787823587656021,0.10534699261188507,0.06969792395830154,0.03162297233939171,0.016899732872843742,0.003472749376669526,0.002618278143927455,5,6,7,85
5,90,0.30141377449035645,0.17670533061027527,0.15035702288150787,0.11670520901679993,0.10350577533245087,0.06868292391300201,0.031529299914836884,0.016232596710324287,0.003808317705988884,0.0029224304016679525,6,6,8,85
6,90,0.3104536831378937,0.1708393692970276,0.14555643498897552,0.1189216822385788,0.10057631134986877,0.06584390997886658,0.030884284526109695,0.01559782400727272,0.0045166932977736,0.003872946137562394,6,6,8,85
7,90,0.3331384062767029,0.15973585844039917,0.13757209479808807,0.12165457755327225,0.09534520655870438,0.060959912836551666,0.030047249048948288,0.015201764181256294,0.0052124313078820705,0.004221653565764427,6,6,8,85
8,90,0.3332315683364868,0.15218625962734222,0.13912992179393768,0.12273971736431122,0.09321312606334686,0.06058957427740097,0.029723266139626503,0.015558053739368916,0.0060152471996843815,0.004863695707172155,6,6,9,85
9,90,0.30471211671829224,0.15639853477478027,0.14852623641490936,0.12451129406690598,0.09664403647184372,0.05872216820716858,0.02935665287077427,0.016088886186480522,0.007245820946991444,0.005948963575065136,6,7,11,85
10,90,0.29238754510879517,0.16338203847408295,0.14063760638237,0.11899975687265396,0.10491230338811874,0.057550154626369476,0.02685321494936943,0.018154053017497063,0.009035712108016014,0.006960222963243723,6,7,13,85
11,90,0.4534076750278473,0.12824852764606476,0.10842713713645935,0.09143507480621338,0.06942965090274811,0.04151289910078049,0.01914663054049015,0.01749121956527233,0.008407946676015854,0.0068356189876794815,5,7,12,85
0,90,0.2419179379940033,0.19503550231456757,0.1831265091896057,0.1379961520433426,0.11550726741552353,0.07322365790605545,0.0332302562892437,0.01194625161588192,0.0008725065272301435,0.0006148660322651267,5,6,7,86
1,90,0.2531963288784027,0.19156432151794434,0.17485466599464417,0.1437242180109024,0.10875001549720764,0.07135787606239319,0.035285599529743195,0.012593933381140232,0.001160232350230217,0.0006020788569003344,5,6,7,86
2,90,0.2512899935245514,0.1918734461069107,0.16715531051158905,0.13913805782794952,0.11193767935037613,0.07268809527158737,0.0351337194442749,0.01502425130456686,0.001612057676538825,0.001194302225485444,5,6,7,86
3,90,0.26913851499557495,0.18771696090698242,0.16201403737068176,0.1301368623971939,0.10536150634288788,0.06840863823890686,0.034911416471004486,0.017461873590946198,0.002327342052012682,0.001979822525754571,5,6,7,86
4,90,0.2912468910217285,0.18274545669555664,0.15274085104465485,0.11933441460132599,0.10417333245277405,0.06962575018405914,0.03130682557821274,0.01701972633600235,0.0028197658248245716,0.0026932109612971544,5,6,7,86
5,90,0.30347388982772827,0.17486898601055145,0.1489994078874588,0.11545660346746445,0.10441063344478607,0.06843000650405884,0.03104245848953724,0.016292544081807137,0.003143088659271598,0.002887887414544821,6,6,8,86
6,90,0.31243884563446045,0.1691441386938095,0.14430971443653107,0.11751551181077957,0.10169194638729095,0.0656571313738823,0.03053036704659462,0.01588299684226513,0.0038314249832183123,0.0034500909969210625,6,6,8,86
7,90,0.3343198597431183,0.15887869894504547,0.13702230155467987,0.12116772681474686,0.0960487648844719,0.06049324572086334,0.02997560054063797,0.01546675805002451,0.004347126930952072,0.0035947980359196663,6,6,8,86
8,90,0.33283454179763794,0.1521049439907074,0.1386037915945053,0.12357744574546814,0.09382624924182892,0.06016268953680992,0.0295309629291296,0.015839802101254463,0.005144091788679361,0.004113910254091024,6,6,9,86
9,90,0.30431514978408813,0.15577350556850433,0.14825557172298431,0.12567231059074402,0.09710198640823364,0.057983946055173874,0.028813976794481277,0.016642089933156967,0.0063494909554719925,0.005400325171649456,6,7,11,86
10,90,0.2928851544857025,0.16270354390144348,0.14003628492355347,0.12086965143680573,0.10378746688365936,0.05710626393556595,0.026558542624115944,0.0188530795276165,0.007433448452502489,0.006339140236377716,6,7,13,86
11,90,0.4489413797855377,0.12845812737941742,0.11072549223899841,0.09271214157342911,0.06917812675237656,0.040820904076099396,0.018920961767435074,0.01744522526860237,0.007276721764355898,0.006452138535678387,5,7,12,86
0,90,0.2436559647321701,0.19435054063796997,0.1823170781135559,0.13792257010936737,0.11538500338792801,0.07292909175157547,0.03316604718565941,0.011935477145016193,0.0012231619330123067,0.000924854539334774,5,6,7,87
1,90,0.25460922718048096,0.19152617454528809,0.174336776137352,0.14330101013183594,0.1087556853890419,0.07100524753332138,0.03524364158511162,0.012606657110154629,0.0010558392386883497,0.0008449371671304107,5,6,7,87
2,90,0.25507086515426636,0.1898370236158371,0.16650718450546265,0.13869117200374603,0.11153042316436768,0.07254821807146072,0.03501849249005318,0.01458254735916853,0.001983138034120202,0.0017036513891071081,5,6,7,87
3,90,0.2721613943576813,0.18618924915790558,0.16152094304561615,0.12936578691005707,0.10467865318059921,0.06754118204116821,0.03463675454258919,0.016994185745716095,0.003099499037489295,0.0029244644101709127,5,6,7,87
4,90,0.29245349764823914,0.18212047219276428,0.15140973031520844,0.11822574585676193,0.10408541560173035,0.06902828812599182,0.03104880452156067,0.01661517657339573,0.004603293724358082,0.0037961560301482677,6,6,8,87
5,90,0.3035450279712677,0.1764209121465683,0.14724893867969513,0.11443464457988739,0.10352391004562378,0.06805703043937683,0.031040942296385765,0.015723278746008873,0.005219197366386652,0.004286557901650667,6,6,8,87
6,90,0.30917298793792725,0.17229077219963074,0.1429453045129776,0.11577188968658447,0.10136584937572479,0.06545911729335785,0.030608419328927994,0.01556787732988596,0.00657154805958271,0.005194487050175667,6,6,8,87
7,90,0.3293619453907013,0.1618943065404892,0.1360490918159485,0.11856967210769653,0.09721922129392624,0.060836177319288254,0.02985035628080368,0.015400220640003681,0.006785191595554352,0.0062173339538276196,6,6,9,87
8,90,0.3318917751312256,0.15481136739253998,0.1353379487991333,0.12066291272640228,0.0936444029211998,0.06015468016266823,0.02926940843462944,0.015810377895832062,0.008112720213830471,0.007662187330424786,6,7,10,87
9,90,0.30358779430389404,0.15454863011837006,0.1487385630607605,0.12159702926874161,0.09657654166221619,0.057572174817323685,0.028674013912677765,0.016997670754790306,0.011111957021057606,0.008985022082924843,6,7,11,87
10,90,0.2938481569290161,0.15885241329669952,0.14223845303058624,0.11588648706674576,0.1031118705868721,0.05565141513943672,0.0264421459287405,0.019233739003539085,0.012678700499236584,0.010409950278699398,6,8,12,87
11,90,0.4709136486053467,0.12101007252931595,0.10469552129507065,0.08377806842327118,0.06716453284025192,0.03862323239445686,0.01842949539422989,0.01747089810669422,0.01092297863215208,0.010510379448533058,6,7,11,87
0,90,0.24214419722557068,0.194517120718956,0.18343617022037506,0.13841184973716736,0.11555896699428558,0.0735253244638443,0.0332452617585659,0.012026301585137844,0.0006707899738103151,0.0005846773274242878,5,6,7,88
1,90,0.2535400688648224,0.19222523272037506,0.1744372546672821,0.14372500777244568,0.10885290801525116,0.07174130529165268,0.03537462279200554,0.012720558792352676,0.0007279140409082174,0.0005629021325148642,5,6,7,88
2,90,0.25223416090011597,0.19138681888580322,0.16680604219436646,0.14036577939987183,0.11209627240896225,0.07297945022583008,0.03513415902853012,0.01511810626834631,0.0014769650297239423,0.001164312707260251,5,6,7,88
3,90,0.27020612359046936,0.18798179924488068,0.16157959401607513,0.13000039756298065,0.10541229695081711,0.06843890994787216,0.03514312580227852,0.017414480447769165,0.0034551299177110195,0.002146307611837983,5,6,7,88
4,90,0.2913297712802887,0.1836598515510559,0.1527186781167984,0.11813974380493164,0.10455219447612762,0.06961511075496674,0.03135016933083534,0.016993265599012375,0.004380929283797741,0.0031007484067231417,5,6,7,88
5,90,0.3025166392326355,0.17677542567253113,0.14929263293743134,0.1149197593331337,0.10316795110702515,0.06847993284463882,0.0314866341650486,0.01630026288330555,0.004685292486101389,0.003294767811894417,6,6,8,88
6,90,0.31047871708869934,0.17108191549777985,0.1451214849948883,0.1170988455414772,0.10025818645954132,0.06591097265481949,0.030927374958992004,0.01573537103831768,0.00556770758703351,0.0035257823765277863,6,6,8,88
7,90,0.33174100518226624,0.15990956127643585,0.13761532306671143,0.12109629809856415,0.09464637190103531,0.06122030317783356,0.030116021633148193,0.01526899728924036,0.006151416338980198,0.00396760692819953,6,6,8,88
8,90,0.33182406425476074,0.15212692320346832,0.14164738357067108,0.12085889279842377,0.09226083755493164,0.060514312237501144,0.02947537787258625,0.01559376996010542,0.006986591499298811,0.0045853727497160435,6,7,9,88
9,90,0.30244672298431396,0.16149012744426727,0.1463983654975891,0.12272362411022186,0.09628371894359589,0.05831358581781387,0.029096638783812523,0.01618736982345581,0.008102011866867542,0.005291163921356201,6,7,11,88
10,90,0.29124191403388977,0.16805680096149445,0.13807599246501923,0.11831549555063248,0.10403767228126526,0.05741892009973526,0.026287797838449478,0.018119918182492256,0.009537221863865852,0.005825898610055447,6,7,13,88
11,90,0.452741801738739,0.1287270486354828,0.10749053955078125,0.09212219715118408,0.06878659129142761,0.04154593497514725,0.018759991973638535,0.017704110592603683,0.00865609385073185,0.0060598705895245075,6,7,12,88
0,90,0.24236494302749634,0.19523075222969055,0.18302538990974426,0.13798494637012482,0.11552222818136215,0.07365631312131882,0.03335510939359665,0.012024219147861004,0.00063947809394449,0.0005426930147223175,5,6,7,89
1,90,0.2530897259712219,0.1925385594367981,0.17452603578567505,0.14375419914722443,0.10810889303684235,0.0716661885380745,0.03537474945187569,0.012695644982159138,0.000886457331944257,0.0007168906158767641,5,6,7,89
2,90,0.252551406621933,0.19146834313869476,0.1668563336133957,0.13887886703014374,0.11104081571102142,0.07278508692979813,0.035045843571424484,0.014874663203954697,0.0017176085384562612,0.0014338578330352902,5,6,7,89
3,90,0.27197763323783875,0.1853160411119461,0.16145481169223785,0.1301431804895401,0.10391359776258469,0.06825597584247589,0.03432970494031906,0.017654510214924812,0.0028135008178651333,0.002712750108912587,5,6,7,89
4,90,0.295956015586853,0.17896313965320587,0.15087054669857025,0.11966663599014282,0.10235822945833206,0.06875699758529663,0.03098258562386036,0.017166228964924812,0.0039714970625936985,0.0030749505385756493,6,6,8,89
5,90,0.3089298903942108,0.17380397021770477,0.1471673846244812,0.11156061291694641,0.10330578684806824,0.06747949868440628,0.03059460036456585,0.01635470800101757,0.004333405755460262,0.003320852527394891,6,6,8,89
6,90,0.3165835440158844,0.16983340680599213,0.14272674918174744,0.11188779771327972,0.1000828966498375,0.06471437960863113,0.0299818217754364,0.015829477459192276,0.0053494456224143505,0.004459830932319164,6,6,8,89
7,90,0.33623918890953064,0.1602434664964676,0.1355443000793457,0.11635510623455048,0.09384878724813461,0.05945746973156929,0.029230957850813866,0.015326817519962788,0.005665536969900131,0.005239960737526417,6,6,9,89
8,90,0.3355807363986969,0.15336596965789795,0.13603228330612183,0.11874625831842422,0.09111598134040833,0.05892906337976456,0.028530828654766083,0.015525446273386478,0.006626955699175596,0.006136931944638491,6,7,10,89
9,90,0.3086988627910614,0.15380416810512543,0.14556749165058136,0.1200435608625412,0.0952456071972847,0.056451357901096344,0.0281135905534029,0.01635618321597576,0.008726613596081734,0.007614856120198965,6,7,12,89
10,90,0.29649701714515686,0.1562880277633667,0.1391858160495758,0.11522869020700455,0.10160955786705017,0.05685993656516075,0.02589169330894947,0.01842079870402813,0.010390282608568668,0.008974053896963596,6,8,14,89
11,90,0.460839182138443,0.12159303575754166,0.10392099618911743,0.087673619389534,0.06757756322622299,0.04029570147395134,0.018441660329699516,0.016937818378210068,0.009312770329415798,0.008221790194511414,6,7,13,89
0,90,0.2417476922273636,0.19479097425937653,0.1831471174955368,0.1380225419998169,0.11561819165945053,0.07336971163749695,0.03331644833087921,0.011985990218818188,0.0008539077825844288,0.0005711655830964446,5,6,7,90
1,90,0.2528894543647766,0.1922094225883484,0.17431657016277313,0.143534317612648,0.10874946415424347,0.07150527089834213,0.03538309782743454,0.012669581919908524,0.001159327570348978,0.0005368474521674216,5,6,7,90
2,90,0.2518922686576843,0.19148360192775726,0.1663668006658554,0.1389530450105667,0.11182236671447754,0.07279850542545319,0.03512083739042282,0.015034359879791737,0.0016342506278306246,0.0011845924891531467,5,6,7,90
3,90,0.27066734433174133,0.18731196224689484,0.16090452671051025,0.1294161081314087,0.10496417433023453,0.06824743002653122,0.034756455570459366,0.017374107614159584,0.002570370677858591,0.002159879310056567,5,6,7,90
4,90,0.2925492525100708,0.1827036440372467,0.15152430534362793,0.11848727613687515,0.10348323732614517,0.06929239630699158,0.031117552891373634,0.016892237588763237,0.0032023685052990913,0.0028416207060217857,6,6,8,90
5,90,0.30494219064712524,0.17551887035369873,0.14744137227535248,0.1140829473733902,0.10316043347120285,0.06815069168806076,0.031039606779813766,0.01612110249698162,0.003414891893044114,0.0032049533911049366,6,6,8,90
6,90,0.3142956495285034,0.16983243823051453,0.14302445948123932,0.11492069065570831,0.10057829320430756,0.0654682070016861,0.030298542231321335,0.01570473052561283,0.0041723353788256645,0.003646897617727518,6,6,8,90
7,90,0.3357412815093994,0.15934978425502777,0.1356872320175171,0.11900822073221207,0.09452943503856659,0.0604398287832737,0.029563743621110916,0.01526889018714428,0.004956014454364777,0.003860958619043231,6,6,9,90
8,90,0.3355330526828766,0.15179941058158875,0.13848333060741425,0.11973383277654648,0.09195421636104584,0.05990482121706009,0.029086917638778687,0.015567938797175884,0.005523979663848877,0.004738508258014917,6,7,10,90
9,90,0.30666905641555786,0.15628866851329803,0.14699482917785645,0.12125393748283386,0.0953371599316597,0.05754673853516579,0.028428368270397186,0.016338041052222252,0.00704960199072957,0.006092179100960493,6,7,12,90
10,90,0.29651927947998047,0.1618034392595291,0.13853614032268524,0.1166519969701767,0.10166497528553009,0.056641627103090286,0.026135029271245003,0.018368016928434372,0.008799050003290176,0.006218671333044767,6,8,15,90
11,90,0.46403539180755615,0.1228908896446228,0.10467644035816193,0.0884416401386261,0.06730593740940094,0.03997313231229782,0.01817617006599903,0.01694362238049507,0.008234965614974499,0.006520924624055624,6,7,13,90
0,90,0.24301643669605255,0.1954549103975296,0.1826133280992508,0.13776275515556335,0.11522999405860901,0.07332845777273178,0.03307061642408371,0.012006840668618679,0.0014008054276928306,0.0009430524660274386,5,6,7,91
1,90,0.2532104551792145,0.19179324805736542,0.17588397860527039,0.1435122787952423,0.10885316878557205,0.07148610800504684,0.03528757020831108,0.01264821458607912,0.0010677572572603822,0.0007137031643651426,5,6,7,91
2,90,0.2516525089740753,0.19209714233875275,0.16871674358844757,0.14021027088165283,0.11204864084720612,0.07270314544439316,0.0353413000702858,0.014895920641720295,0.0015178394969552755,0.0011593978852033615,5,6,7,91
3,90,0.26803281903266907,0.18924559652805328,0.16526295244693756,0.13033676147460938,0.10585597902536392,0.06831930577754974,0.03546949103474617,0.017418302595615387,0.0024435247760266066,0.002267934149131179,5,6,7,91
4,90,0.28886470198631287,0.18500259518623352,0.15634387731552124,0.11835228651762009,0.10590018332004547,0.06968306750059128,0.032030027359724045,0.017068175598978996,0.0034089009277522564,0.0026935269124805927,5,6,7,91
5,90,0.2983334958553314,0.17705196142196655,0.15355581045150757,0.11805600672960281,0.1038983091711998,0.06894480437040329,0.03189021348953247,0.01653381437063217,0.003960582427680492,0.0028872175607830286,5,6,7,91
6,90,0.30671387910842896,0.17083144187927246,0.14885780215263367,0.12146506458520889,0.10021094977855682,0.06608367711305618,0.031383030116558075,0.015757083892822266,0.00512628722935915,0.0031492714770138264,6,6,8,91
7,90,0.33097338676452637,0.15923498570919037,0.14110364019870758,0.12203019857406616,0.09582527726888657,0.0612172931432724,0.030628249049186707,0.015243112109601498,0.005361783318221569,0.0032136214431375265,6,6,8,91
8,90,0.3301122784614563,0.15213419497013092,0.14169536530971527,0.1236826628446579,0.09441687911748886,0.06106311082839966,0.03030332364141941,0.015586194582283497,0.00596820842474699,0.0039391894824802876,6,6,9,91
9,90,0.30077922344207764,0.15987779200077057,0.1479434072971344,0.12625402212142944,0.09715616703033447,0.05918334051966667,0.029977625235915184,0.016179872676730156,0.007472278084605932,0.005095056723803282,6,7,11,91
10,90,0.28603315353393555,0.16777288913726807,0.14051100611686707,0.1199713721871376,0.10672897845506668,0.05802900344133377,0.027483521029353142,0.018205510452389717,0.009002725593745708,0.006587678100913763,6,7,13,91
11,90,0.43615609407424927,0.1344505101442337,0.11251233518123627,0.09380878508090973,0.0713120549917221,0.04350218549370766,0.020250460132956505,0.017170799896121025,0.00837794691324234,0.006874834652990103,6,7,12,91
0,90,0.24302716553211212,0.19477182626724243,0.18334145843982697,0.13862095773220062,0.11539655178785324,0.07378561794757843,0.03328173607587814,0.01207235362380743,0.0005704776267521083,0.00046672133612446487,5,6,7,92
1,90,0.2545456290245056,0.19231460988521576,0.17480406165122986,0.14417612552642822,0.10804252326488495,0.0719110444188118,0.03539254143834114,0.012737111188471317,0.0006890844670124352,0.00047578325029462576,5,6,7,92
2,90,0.25233393907546997,0.19200879335403442,0.16780105233192444,0.14085932075977325,0.11179202795028687,0.07321065664291382,0.03531571850180626,0.015181757509708405,0.0014517924282699823,0.0011605810141190886,5,6,7,92
3,90,0.27066895365715027,0.18725337088108063,0.16296789050102234,0.13148802518844604,0.10519715398550034,0.06901708990335464,0.035242073237895966,0.01783420890569687,0.0029325918294489384,0.0022774124518036842,5,6,7,92
4,90,0.2942306399345398,0.1813785433769226,0.15360863506793976,0.12017443776130676,0.10401556640863419,0.06972812116146088,0.03152356669306755,0.017384301871061325,0.0038460534997284412,0.002927483757957816,5,6,7,92
5,90,0.30694907903671265,0.17564700543880463,0.15021385252475739,0.11326897889375687,0.10431449115276337,0.06845532357692719,0.031167740002274513,0.016734151169657707,0.004387659952044487,0.003327941056340933,5,6,7,92
6,90,0.3152223229408264,0.17137081921100616,0.14532749354839325,0.11557221412658691,0.10036375373601913,0.06573490053415298,0.030493009835481644,0.016002792865037918,0.005926544778048992,0.003656328422948718,6,6,8,92
7,90,0.33602574467658997,0.16119030117988586,0.13806095719337463,0.1191842257976532,0.09449093788862228,0.06068958714604378,0.02969261072576046,0.015447920188307762,0.006931604817509651,0.003787396941334009,6,6,8,92
8,90,0.3359788954257965,0.1535453498363495,0.14000841975212097,0.12077940255403519,0.09223780035972595,0.06025053560733795,0.029153285548090935,0.01568988710641861,0.00817276444286108,0.0047346362844109535,6,6,9,92
9,90,0.3100096583366394,0.15737199783325195,0.14811326563358307,0.12156718224287033,0.09692833572626114,0.05834556370973587,0.02922738902270794,0.01604592800140381,0.00946054421365261,0.005555836949497461,6,7,10,92
10,90,0.2949267029762268,0.16328050196170807,0.14182694256305695,0.11597204208374023,0.10536816716194153,0.05923040956258774,0.026452215388417244,0.01799086295068264,0.011855768039822578,0.006673990748822689,6,7,12,92
11,90,0.44306623935699463,0.13161584734916687,0.11075399816036224,0.09385887533426285,0.07053826749324799,0.04336731880903244,0.019717544317245483,0.0181008018553257,0.010076463222503662,0.005769345909357071,6,7,11,92
0,90,0.24288176000118256,0.19503100216388702,0.18353159725666046,0.13782571256160736,0.11584272235631943,0.07342752069234848,0.033076606690883636,0.012072633020579815,0.0006611454300582409,0.0006084570195525885,5,6,7,93
1,90,0.2533722221851349,0.19237284362316132,0.17498409748077393,0.14381957054138184,0.10904902964830399,0.07155809551477432,0.03522088751196861,0.012713756412267685,0.0007677112589590251,0.0005903320852667093,5,6,7,93
2,90,0.25370946526527405,0.18985693156719208,0.16763068735599518,0.14087602496147156,0.11201031506061554,0.0723644569516182,0.0346890352666378,0.014952669851481915,0.0018564447527751327,0.0013429331593215466,5,6,7,93
3,90,0.2725726068019867,0.18551421165466309,0.16243267059326172,0.13038912415504456,0.1045977771282196,0.0676141306757927,0.03469960391521454,0.01730530522763729,0.004033507779240608,0.00257113971747458,5,6,7,93
4,90,0.2928884029388428,0.18093012273311615,0.15299150347709656,0.11808188259601593,0.10459741950035095,0.06901600956916809,0.031428296118974686,0.017029091715812683,0.005317052360624075,0.003592583816498518,6,6,8,93
5,90,0.30447956919670105,0.17536363005638123,0.14976246654987335,0.11417169123888016,0.10306103527545929,0.06734276562929153,0.03192003443837166,0.016251614317297935,0.0056755803525447845,0.0037089865654706955,6,6,8,93
6,90,0.3096083402633667,0.1718738079071045,0.14606758952140808,0.1158706322312355,0.10012310743331909,0.06505349278450012,0.03175012394785881,0.0158307496458292,0.006704206578433514,0.003898633411154151,6,6,8,93
7,90,0.33076727390289307,0.16075362265110016,0.13844601809978485,0.12073776870965958,0.09605386853218079,0.06052487716078758,0.031031882390379906,0.015187135897576809,0.007103001233190298,0.004194656386971474,6,6,8,93
8,90,0.32944729924201965,0.15377195179462433,0.1428384929895401,0.12191423773765564,0.09401757270097733,0.06017788127064705,0.030225949361920357,0.01545511744916439,0.008028666488826275,0.004524707328528166,6,6,9,93
9,90,0.30249500274658203,0.16017763316631317,0.14938995242118835,0.12500949203968048,0.09752126038074493,0.05715383589267731,0.02974327839910984,0.01627277582883835,0.009504467248916626,0.005665233358740807,6,7,10,93
10,90,0.2933932840824127,0.16595277190208435,0.14100049436092377,0.12006362527608871,0.10594848543405533,0.0562155656516552,0.026826508343219757,0.01798841543495655,0.010717904195189476,0.006351630203425884,6,7,12,93
11,90,0.45861127972602844,0.12766073644161224,0.11198481172323227,0.08979474008083344,0.06989116221666336,0.04160883277654648,0.01916838437318802,0.01614367961883545,0.009391477331519127,0.005879080388695002,5,7,10,93
0,90,0.24264726042747498,0.19468869268894196,0.1824854612350464,0.13831371068954468,0.11540080606937408,0.07339055836200714,0.0333293154835701,0.012045705690979958,0.0011360481148585677,0.000782013579737395,5,6,7,94
1,90,0.25360554456710815,0.1920839548110962,0.1744648665189743,0.14357323944568634,0.10825623571872711,0.07140719145536423,0.03558112308382988,0.012731953524053097,0.0009477775311097503,0.0006522303447127342,5,6,7,94
2,90,0.2518783211708069,0.19122226536273956,0.1671302616596222,0.13988015055656433,0.11128924041986465,0.07277871668338776,0.03536675497889519,0.014845512807369232,0.0014995017554610968,0.0013761479640379548,5,6,7,94
3,90,0.2701854407787323,0.18670184910297394,0.16181616485118866,0.13035953044891357,0.10447486490011215,0.0680725947022438,0.03480622172355652,0.017555195838212967,0.0029861244838684797,0.0026231412775814533,5,6,7,94
4,90,0.2928800582885742,0.18226979672908783,0.1513679474592209,0.11878600716590881,0.10320215672254562,0.06882106512784958,0.031075656414031982,0.017024604603648186,0.004080281127244234,0.0031395996920764446,6,6,8,94
5,90,0.3035646975040436,0.1769954264163971,0.14776061475276947,0.11303423345088959,0.10369324684143066,0.06795331090688705,0.030739733949303627,0.016146769747138023,0.0047551169991493225,0.003420294262468815,6,6,8,94
6,90,0.3121527433395386,0.17192749679088593,0.14259567856788635,0.11525681614875793,0.09949943423271179,0.06511783599853516,0.03007914498448372,0.015388266183435917,0.006409524939954281,0.0038371470291167498,6,6,8,94
7,90,0.33249926567077637,0.16250312328338623,0.13529665768146515,0.11771487444639206,0.09392469376325607,0.060104500502347946,0.029091261327266693,0.014926550909876823,0.007400783710181713,0.004161647986620665,6,6,9,94
8,90,0.3357701003551483,0.15369240939617157,0.13576889038085938,0.11805812269449234,0.09099985659122467,0.0595976747572422,0.02839457243680954,0.015161791816353798,0.008889172226190567,0.005139649845659733,6,7,10,94
9,90,0.3086112141609192,0.15362252295017242,0.1467375010251999,0.1185842752456665,0.09500216692686081,0.057860031723976135,0.02817017026245594,0.01569472998380661,0.010455739684402943,0.006144919898360968,6,7,12,94
10,90,0.29625388979911804,0.15781009197235107,0.13972055912017822,0.1127435564994812,0.10258904099464417,0.05776560679078102,0.025898538529872894,0.01759917475283146,0.012868310324847698,0.007692357059568167,6,8,14,94
11,90,0.46366608142852783,0.12214560806751251,0.1022704690694809,0.08699075132608414,0.06676434725522995,0.0407366007566452,0.018582046031951904,0.01649240404367447,0.010866113007068634,0.00728626037016511,6,7,13,94
0,90,0.24234314262866974,0.1946965605020523,0.18335850536823273,0.13816435635089874,0.11571614444255829,0.0737278014421463,0.033401988446712494,0.012043355964124203,0.0007281583966687322,0.0005914176581427455,5,6,7,95
1,90,0.2535281479358673,0.19321897625923157,0.1737491637468338,0.14363068342208862,0.10843057185411453,0.07183483988046646,0.03537292405962944,0.012752211652696133,0.0008351686992682517,0.0006820811540819705,5,6,7,95
2,90,0.25402337312698364,0.19120486080646515,0.16557198762893677,0.13895075023174286,0.11183884739875793,0.0731179416179657,0.03506843000650406,0.015135856345295906,0.00135532405693084,0.0013265230227261782,5,6,7,95
3,90,0.27421632409095764,0.18659570813179016,0.1600678712129593,0.12927085161209106,0.10467924922704697,0.06853518635034561,0.03477964550256729,0.017394989728927612,0.0029632721561938524,0.0019281052518635988,5,6,7,95
4,90,0.29686596989631653,0.18135592341423035,0.15083327889442444,0.11877158284187317,0.10292047262191772,0.06928639113903046,0.03118903748691082,0.016923945397138596,0.003698397660627961,0.0028885293286293745,5,6,7,95
5,90,0.3114534318447113,0.17543654143810272,0.1461489349603653,0.11238006502389908,0.10214366018772125,0.06797077506780624,0.03116314671933651,0.016130056232213974,0.004174929112195969,0.0033108277712017298,6,6,8,95
6,90,0.3208639323711395,0.17116673290729523,0.14203983545303345,0.11133868992328644,0.0997936949133873,0.0654502660036087,0.030023925006389618,0.015776360407471657,0.005188010632991791,0.003806645516306162,6,6,8,95
7,90,0.3415273129940033,0.16047590970993042,0.13519001007080078,0.11642744392156601,0.09327912330627441,0.06049977242946625,0.029096851125359535,0.015336846001446247,0.006333681754767895,0.0037264348939061165,6,6,8,95
8,90,0.34158143401145935,0.15306073427200317,0.13856962323188782,0.11660899221897125,0.09052315354347229,0.059755839407444,0.02873501367866993,0.01558696012943983,0.007472551893442869,0.004308842588216066,6,6,9,95
9,90,0.3143573999404907,0.1574229598045349,0.14627744257450104,0.11739738285541534,0.09421411901712418,0.05699579790234566,0.028318408876657486,0.01630963385105133,0.009836891666054726,0.005587497726082802,6,7,11,95
10,90,0.3042019307613373,0.1605978012084961,0.13947704434394836,0.11343123018741608,0.09983088076114655,0.05676198750734329,0.02599257044494152,0.018217306584119797,0.011890863999724388,0.006411969196051359,6,7,13,95
11,90,0.47980114817619324,0.11891818791627884,0.1016179621219635,0.08457448333501816,0.06676910817623138,0.039794497191905975,0.018037263303995132,0.01688874512910843,0.010415195487439632,0.006254957523196936,5,7,12,95
0,90,0.24217362701892853,0.1947435736656189,0.18324488401412964,0.1383575052022934,0.1154332160949707,0.07313519716262817,0.033230748027563095,0.01192835345864296,0.0011281747138127685,0.0008139652782119811,5,6,7,96
1,90,0.25399768352508545,0.1912950724363327,0.17511314153671265,0.14374399185180664,0.10907452553510666,0.07144877314567566,0.03527373820543289,0.012586032971739769,0.0011673459084704518,0.0007110712467692792,5,6,7,96
2,90,0.25122150778770447,0.19323600828647614,0.1676040142774582,0.1393941342830658,0.11273619532585144,0.07318951934576035,0.03536748141050339,0.01512105856090784,0.0016140044899657369,0.001211720984429121,5,6,7,96
3,90,0.2676030099391937,0.19110777974128723,0.16316024959087372,0.13074786961078644,0.10700484365224838,0.06914617866277695,0.03559338301420212,0.01747150719165802,0.0020771166309714317,0.0019034009892493486,5,6,7,96
4,90,0.2891828417778015,0.18707899749279022,0.1551866978406906,0.11994415521621704,0.10604781657457352,0.07074178755283356,0.03177580237388611,0.017034396529197693,0.0028039037715643644,0.0022501146886497736,5,6,7,96
5,90,0.3002876341342926,0.17760294675827026,0.1518097221851349,0.11868175864219666,0.10590964555740356,0.06999082863330841,0.03146269544959068,0.016404936090111732,0.00296981749124825,0.0027484307065606117,5,6,7,96
6,90,0.3096831440925598,0.170842707157135,0.14705251157283783,0.1227269321680069,0.10355805605649948,0.06716564297676086,0.030891655012965202,0.015959979966282845,0.003698615124449134,0.003079119836911559,5,6,7,96
7,90,0.33259883522987366,0.1596805453300476,0.14016234874725342,0.12518730759620667,0.09837670624256134,0.062295231968164444,0.030415799468755722,0.015677880495786667,0.004139241762459278,0.0033669208642095327,5,6,8,96
8,90,0.33207523822784424,0.15247990190982819,0.1423865556716919,0.1271117478609085,0.09669850766658783,0.061856478452682495,0.030210820958018303,0.01612001471221447,0.004536308813840151,0.004085392225533724,5,6,8,96
9,90,0.3015560507774353,0.1636030226945877,0.14820483326911926,0.12960439920425415,0.09995532035827637,0.06012958660721779,0.029722910374403,0.016589757055044174,0.005701351910829544,0.0050683110021054745,6,6,9,96
10,90,0.28875184059143066,0.17294178903102875,0.1410214602947235,0.12471885234117508,0.10744872689247131,0.05884038284420967,0.027485841885209084,0.01888500526547432,0.007495325990021229,0.005667443387210369,6,7,10,96
11,90,0.43427595496177673,0.13827815651893616,0.1172381192445755,0.0981370285153389,0.07247983664274216,0.042487166821956635,0.02043653093278408,0.018300024792551994,0.007831220515072346,0.005493714474141598,5,6,10,96
0,90,0.24215011298656464,0.19588223099708557,0.18252909183502197,0.1380838006734848,0.1152406707406044,0.0732264295220375,0.03315567225217819,0.01192883774638176,0.0016071556601673365,0.0009922819444909692,5,6,7,97
1,90,0.25284603238105774,0.19119256734848022,0.17607539892196655,0.1436278074979782,0.10920053720474243,0.0714103952050209,0.03540731966495514,0.012580924667418003,0.001635330030694604,0.0008685500943101943,5,6,7,97
2,90,0.24999462068080902,0.19363537430763245,0.16896669566631317,0.13999195396900177,0.11229311674833298,0.07281115651130676,0.03559078276157379,0.014912551268935204,0.0021594571880996227,0.0014095637015998363,5,6,7,97
3,90,0.26646119356155396,0.19168971478939056,0.16552625596523285,0.13060343265533447,0.1067548543214798,0.0688222274184227,0.03558025509119034,0.01749574951827526,0.002598027465865016,0.002328400034457445,5,6,7,97
4,90,0.28776222467422485,0.18857744336128235,0.1567113846540451,0.11900332570075989,0.10675019770860672,0.0703338235616684,0.031988635659217834,0.01707391068339348,0.003257989650592208,0.0026863052044063807,5,6,7,97
5,90,0.29620400071144104,0.17893625795841217,0.15438607335090637,0.12086386233568192,0.10541137307882309,0.06996210664510727,0.03164033964276314,0.01652824692428112,0.003836235497146845,0.0031784181483089924,5,6,7,97
6,90,0.3071132302284241,0.17077213525772095,0.14902742207050323,0.1257380247116089,0.10182152688503265,0.0668853148818016,0.03133232146501541,0.015627596527338028,0.004951045848429203,0.003681601956486702,5,6,7,97
7,90,0.3321128785610199,0.15993410348892212,0.1410871148109436,0.1263347864151001,0.09645012766122818,0.06172637641429901,0.030702585354447365,0.015259750187397003,0.0051841433160007,0.0040582516230642796,5,6,8,97
8,90,0.3315463066101074,0.15259507298469543,0.14180070161819458,0.1278143674135208,0.09535179287195206,0.06156112998723984,0.03043033368885517,0.015635699033737183,0.00590865733101964,0.004788251128047705,6,6,8,97
9,90,0.30094119906425476,0.15943358838558197,0.1493336707353592,0.13174699246883392,0.098378024995327,0.06037169694900513,0.029926171526312828,0.016114158555865288,0.007551104761660099,0.005822714883834124,6,6,9,97
10,90,0.28800103068351746,0.16828987002372742,0.1409725844860077,0.12668681144714355,0.10652759671211243,0.058819763362407684,0.02777586318552494,0.018343057483434677,0.00862924288958311,0.0074502257630229,6,7,10,97
11,90,0.433488667011261,0.136585533618927,0.11500615626573563,0.09925725311040878,0.07219330221414566,0.04330940172076225,0.020167240872979164,0.017572645097970963,0.008868545293807983,0.00737135810777545,5,7,10,97
0,90,0.24206461012363434,0.19525612890720367,0.18305480480194092,0.13821403682231903,0.11527436226606369,0.07328915596008301,0.03321452811360359,0.011922700330615044,0.0011236555874347687,0.0007493102457374334,5,6,7,98
1,90,0.25302407145500183,0.19126856327056885,0.1754307597875595,0.14360763132572174,0.1091034859418869,0.0715247318148613,0.035292789340019226,0.0125783272087574,0.0011444396805018187,0.0007473448058590293,5,6,7,98
2,90,0.250997394323349,0.19282035529613495,0.1678280234336853,0.13908135890960693,0.11185921728610992,0.07289201766252518,0.03520970419049263,0.014786490239202976,0.0015315378550440073,0.0011683019110932946,5,6,7,98
3,90,0.26706016063690186,0.18949146568775177,0.1635657697916031,0.1300731748342514,0.10573509335517883,0.06853214651346207,0.03494105488061905,0.017371460795402527,0.0022726322058588266,0.001971508376300335,5,6,7,98
4,90,0.2885081470012665,0.18510235846042633,0.15417546033859253,0.11887725442647934,0.10543552786111832,0.06986242532730103,0.03137720003724098,0.016989290714263916,0.002831079065799713,0.002336425706744194,5,6,7,98
5,90,0.29736292362213135,0.1768113076686859,0.152045339345932,0.11753790825605392,0.10479503870010376,0.06932041049003601,0.03121812269091606,0.016387686133384705,0.003169349394738674,0.0026697965804487467,6,6,8,98
6,90,0.3046240508556366,0.16981540620326996,0.14752893149852753,0.12195886671543121,0.10202718526124954,0.06643936038017273,0.031148558482527733,0.01581835187971592,0.003914139233529568,0.003354400862008333,6,6,8,98
7,90,0.32710886001586914,0.15869095921516418,0.14040690660476685,0.1245785504579544,0.09668541699647903,0.06142392009496689,0.030625851824879646,0.015461359173059464,0.004424811340868473,0.0037162587977945805,6,6,8,98
8,90,0.32625076174736023,0.15173716843128204,0.14182569086551666,0.12693314254283905,0.09444529563188553,0.06067995727062225,0.029940089210867882,0.015812234953045845,0.005508445203304291,0.004572852980345488,6,6,9,98
9,90,0.29428184032440186,0.16077104210853577,0.14723443984985352,0.13065238296985626,0.09797851741313934,0.058857403695583344,0.029245488345623016,0.016686882823705673,0.007120848633348942,0.0056551662273705006,6,7,11,98
10,90,0.2824346423149109,0.169386625289917,0.1384042203426361,0.12633883953094482,0.10489583760499954,0.0572161041200161,0.026822419837117195,0.0189810860902071,0.008672482334077358,0.0062650041654706,6,7,13,98
11,90,0.4322386384010315,0.13364070653915405,0.11474680155515671,0.09657702594995499,0.06995712965726852,0.041809868067502975,0.01930597983300686,0.0185804832726717,0.009369147941470146,0.006588440854102373,6,7,12,98
0,90,0.2424752563238144,0.19542887806892395,0.18271060287952423,0.1375277191400528,0.11545499414205551,0.07342194020748138,0.033227719366550446,0.012032008729875088,0.0010722673032432795,0.000762946845497936,5,6,7,99
1,90,0.2522050142288208,0.19230081140995026,0.1752481609582901,0.14332222938537598,0.10864599049091339,0.0715094581246376,0.03532443940639496,0.012686843052506447,0.0008835055050440133,0.000822242465801537,5,6,7,99
2,90,0.25221535563468933,0.19120611250400543,0.16764287650585175,0.138662189245224,0.11115089803934097,0.07250482589006424,0.03496132418513298,0.014651477336883545,0.0017004337860271335,0.0016152200987562537,5,6,7,99
3,90,0.27010998129844666,0.18591977655887604,0.16303741931915283,0.1294686645269394,0.10399889945983887,0.06762740015983582,0.034341584891080856,0.017391767352819443,0.002861747285351157,0.0027703929226845503,5,6,7,99
4,90,0.29201996326446533,0.18061046302318573,0.15253666043281555,0.11803025007247925,0.10344895720481873,0.06847511231899261,0.031211156398057938,0.01700729690492153,0.003956056199967861,0.0031900512985885143,6,6,8,99
5,90,0.3021646738052368,0.17479310929775238,0.14961600303649902,0.11309020966291428,0.10300138592720032,0.0675790086388588,0.03120090439915657,0.016315460205078125,0.004346074536442757,0.0033918069675564766,6,6,8,99
6,90,0.3079708516597748,0.16990606486797333,0.14563263952732086,0.1147550567984581,0.09964275360107422,0.06488141417503357,0.030856650322675705,0.015838569030165672,0.005616263020783663,0.00415434455499053,6,6,9,99
7,90,0.32945600152015686,0.15898725390434265,0.13844692707061768,0.11738011240959167,0.09487920254468918,0.05995301902294159,0.030121995136141777,0.015254314988851547,0.005834600422531366,0.0047606113366782665,6,7,9,99
8,90,0.32874518632888794,0.1520877331495285,0.13882990181446075,0.11965023726224899,0.09220040589570999,0.05950416624546051,0.02927621826529503,0.015462194569408894,0.0069399685598909855,0.00565516809001565,6,7,11,99
9,90,0.29904186725616455,0.15513716638088226,0.1475692242383957,0.1218758225440979,0.09534122794866562,0.056806523352861404,0.02865881286561489,0.016537023708224297,0.008854036219418049,0.007090284023433924,6,7,13,99
10,90,0.2868328392505646,0.16121630370616913,0.13821947574615479,0.11632680147886276,0.10265950113534927,0.05592833459377289,0.026229823008179665,0.0186499934643507,0.010194224305450916,0.008608721196651459,6,8,15,99
11,90,0.451013445854187,0.1238909661769867,0.10602416843175888,0.08746634423732758,0.0674820989370346,0.0409904420375824,0.018815509974956512,0.017184048891067505,0.009370602667331696,0.00883613619953394,6,8,14,99
