layer_from,layer_to,k_used,variance_threshold,mean_angle,max_angle,angles,boot_id
0,1,6,0.9,0.3393312990665436,0.3828476667404175,[0.29427385 0.3088918  0.33807063 0.3520729  0.35983095 0.38284767],0
1,2,6,0.9,0.3606736361980438,0.45459774136543274,[0.29972005 0.32248214 0.3465229  0.34926257 0.39145625 0.45459774],0
2,3,6,0.9,0.3677855432033539,0.43401771783828735,[0.30723643 0.31458652 0.34515208 0.39043733 0.41528317 0.43401772],0
3,4,6,0.9,0.3393270969390869,0.4082450270652771,[0.26844177 0.29253545 0.3399833  0.3524274  0.3743295  0.40824503],0
4,5,6,0.9,0.33569052815437317,0.40083032846450806,[0.29696038 0.30379534 0.31987315 0.34173012 0.3509541  0.40083033],0
5,6,6,0.9,0.3412667214870453,0.3925882577896118,[0.28721544 0.30515683 0.32722205 0.35809425 0.3773232  0.39258826],0
6,7,6,0.9,0.3460787832736969,0.41666901111602783,[0.2984221  0.30033374 0.33448    0.35208118 0.37448663 0.416669  ],0
7,8,6,0.9,0.3488497734069824,0.4069797396659851,[0.29053697 0.31978935 0.34388143 0.35526428 0.37664688 0.40697974],0
8,9,7,0.9,0.35190096497535706,0.41915056109428406,"[0.304958   0.3109998  0.3256253  0.3462634  0.36599445 0.39031503
 0.41915056]",0
9,10,7,0.9,0.3822227120399475,0.5182485580444336,"[0.31424385 0.3396346  0.3507878  0.36160046 0.37587848 0.41516528
 0.51824856]",0
10,11,7,0.9,0.501160740852356,1.112097144126892,"[0.32666022 0.34667397 0.35158393 0.39109644 0.42772406 0.55228966
 1.1120971 ]",0
0,1,6,0.9,0.3409059941768646,0.3891769051551819,[0.29188886 0.3101547  0.3407129  0.35230407 0.36119843 0.3891769 ],1
1,2,6,0.9,0.3587883710861206,0.4448745548725128,[0.2903351  0.3207742  0.34735116 0.34998068 0.39941448 0.44487455],1
2,3,6,0.9,0.36714157462120056,0.4281476140022278,[0.30595395 0.3195515  0.3500634  0.38464585 0.41448703 0.4281476 ],1
3,4,6,0.9,0.3346942663192749,0.4034951329231262,[0.26218492 0.2924168  0.33115333 0.34214395 0.37677148 0.40349513],1
4,5,6,0.9,0.32966679334640503,0.399959921836853,[0.2866915  0.30226934 0.30782124 0.33796674 0.34329206 0.39995992],1
5,6,6,0.9,0.3340553939342499,0.3830995261669159,[0.28703338 0.29972166 0.31991276 0.34690616 0.36765867 0.38309953],1
6,7,6,0.9,0.33811402320861816,0.422396183013916,[0.27863336 0.2872897  0.3185076  0.3534477  0.36840948 0.42239618],1
7,8,7,0.9,0.33876127004623413,0.40662214159965515,"[0.2719124  0.3049806  0.32416812 0.34131885 0.3482516  0.37407514
 0.40662214]",1
8,9,7,0.9,0.34789350628852844,0.4088769257068634,"[0.29329118 0.30453786 0.31926394 0.3469007  0.36919963 0.39318436
 0.40887693]",1
9,10,8,0.9,0.4352494180202484,0.8566855788230896,"[0.29271007 0.32556215 0.34697187 0.36379048 0.36909062 0.42075282
 0.5064316  0.8566856 ]",1
10,11,8,0.9,0.5017773509025574,1.0411711931228638,"[0.30618185 0.31040263 0.33029357 0.37430423 0.42112797 0.48068255
 0.7500548  1.0411712 ]",1
0,1,6,0.9,0.3385474979877472,0.3830258548259735,[0.2939959  0.30708247 0.3375768  0.3501491  0.359455   0.38302585],2
1,2,6,0.9,0.3620564043521881,0.4561021625995636,[0.29769912 0.32439557 0.34741035 0.35273963 0.39399177 0.45610216],2
2,3,6,0.9,0.36807510256767273,0.4365851879119873,[0.30413625 0.3167566  0.3461248  0.39006883 0.41477895 0.4365852 ],2
3,4,6,0.9,0.33751794695854187,0.4046271741390228,[0.267485   0.29217312 0.336141   0.3523856  0.37229592 0.40462717],2
4,5,6,0.9,0.33473947644233704,0.4060653746128082,[0.2942058  0.3008282  0.3194344  0.33912253 0.34878048 0.40606537],2
5,6,6,0.9,0.34019675850868225,0.39124011993408203,[0.28650784 0.30528954 0.32675216 0.35837305 0.37301803 0.39124012],2
6,7,6,0.9,0.34645166993141174,0.41854822635650635,[0.29820183 0.30142605 0.33313048 0.352397   0.37500674 0.41854823],2
7,8,7,0.9,0.35076794028282166,0.415874183177948,"[0.2821669  0.3191511  0.34412605 0.35174087 0.3611652  0.38115135
 0.41587418]",2
8,9,7,0.9,0.3522617816925049,0.42015746235847473,"[0.30619094 0.31141636 0.32424462 0.34754232 0.36994267 0.38633817
 0.42015746]",2
9,10,8,0.9,0.3929470181465149,0.532394289970398,"[0.30914423 0.33737302 0.34827572 0.3610044  0.3681603  0.41300777
 0.4742164  0.5323943 ]",2
10,11,8,0.9,0.4712887704372406,0.9573295712471008,"[0.3055706  0.31555095 0.34815082 0.35632226 0.38328972 0.43136054
 0.6727356  0.9573296 ]",2
0,1,6,0.9,0.33962368965148926,0.3837616741657257,[0.29314333 0.31013402 0.33811808 0.35198906 0.36059597 0.38376167],3
1,2,6,0.9,0.3597981929779053,0.4537931978702545,[0.297128   0.32218128 0.34527293 0.3495389  0.39087483 0.4537932 ],3
2,3,6,0.9,0.3671289384365082,0.43205657601356506,[0.30437243 0.31414124 0.34459692 0.3923166  0.41528967 0.43205658],3
3,4,6,0.9,0.33962681889533997,0.4121025800704956,[0.27036545 0.29149112 0.33861402 0.34904233 0.3761455  0.41210258],3
4,5,6,0.9,0.3361894190311432,0.397786945104599,[0.3019887  0.30496594 0.31661135 0.34383157 0.35195222 0.39778695],3
5,6,6,0.9,0.34248194098472595,0.3916128873825073,[0.28703338 0.3075894  0.32702726 0.36374158 0.37788695 0.3916129 ],3
6,7,6,0.9,0.34922313690185547,0.4212839603424072,[0.3020438  0.30269912 0.33714786 0.35621664 0.37594733 0.42128396],3
7,8,6,0.9,0.3525342643260956,0.40710756182670593,[0.29578155 0.3254585  0.34503615 0.35859695 0.383225   0.40710756],3
8,9,7,0.9,0.35669150948524475,0.4278428852558136,"[0.30617985 0.31451604 0.3279606  0.3545425  0.37072098 0.39507756
 0.4278429 ]",3
9,10,7,0.9,0.3807412087917328,0.5048831105232239,"[0.31382647 0.33937365 0.35627136 0.361377   0.37600642 0.4134504
 0.5048831 ]",3
10,11,7,0.9,0.49171262979507446,1.0869587659835815,"[0.31551448 0.34182402 0.34770608 0.38762978 0.4277209  0.5346344
 1.0869588 ]",3
0,1,6,0.9,0.3385032117366791,0.38473081588745117,[0.28979722 0.30825377 0.33770564 0.35047197 0.36005992 0.38473082],4
1,2,6,0.9,0.35886552929878235,0.44874143600463867,[0.29520538 0.32102364 0.3450515  0.34962434 0.39354685 0.44874144],4
2,3,6,0.9,0.3632220923900604,0.42697134613990784,[0.30044776 0.3150812  0.34406897 0.38003844 0.41272476 0.42697135],4
3,4,6,0.9,0.33232688903808594,0.4045105576515198,[0.26210532 0.2886501  0.3320702  0.33633465 0.37029037 0.40451056],4
4,5,6,0.9,0.32777833938598633,0.3896063268184662,[0.28991672 0.30021122 0.31007326 0.33574936 0.34111312 0.38960633],4
5,6,6,0.9,0.33323538303375244,0.38460707664489746,[0.2830569  0.29691455 0.32004598 0.34697083 0.367817   0.38460708],4
6,7,6,0.9,0.34041765332221985,0.4166455864906311,[0.28580508 0.29301625 0.32436547 0.35112274 0.3715508  0.4166456 ],4
7,8,7,0.9,0.3421737551689148,0.41400012373924255,"[0.2800243  0.30984718 0.3285559  0.3417079  0.348351   0.3727299
 0.41400012]",4
8,9,7,0.9,0.3512779176235199,0.4140247404575348,"[0.2982913  0.30578905 0.32125515 0.35056448 0.36838698 0.40063384
 0.41402474]",4
9,10,8,0.9,0.40705206990242004,0.601771354675293,"[0.29906002 0.33604193 0.35298508 0.35977188 0.36743838 0.42360324
 0.51574475 0.60177135]",4
10,11,8,0.9,0.505866527557373,1.082936406135559,"[0.30815512 0.32538673 0.33960113 0.3725773  0.41537094 0.46834132
 0.7345633  1.0829364 ]",4
0,1,6,0.9,0.3396301567554474,0.386392742395401,[0.29376274 0.3084802  0.33844602 0.3489864  0.36171284 0.38639274],5
1,2,6,0.9,0.3598976135253906,0.4457128643989563,[0.29511687 0.32048976 0.34670168 0.35235193 0.39901242 0.44571286],5
2,3,6,0.9,0.3669936954975128,0.43105366826057434,[0.30780512 0.3165225  0.34824532 0.3854696  0.41286606 0.43105367],5
3,4,6,0.9,0.33498409390449524,0.4035947024822235,[0.262284   0.2924784  0.32919002 0.34156626 0.38079116 0.4035947 ],5
4,5,6,0.9,0.3312802016735077,0.4027653634548187,[0.28630552 0.30516952 0.3080419  0.33931616 0.3460828  0.40276536],5
5,6,6,0.9,0.3338398039340973,0.3783791959285736,[0.28730506 0.29807034 0.3163137  0.35244778 0.3705227  0.3783792 ],5
6,7,6,0.9,0.3435854911804199,0.4242532551288605,[0.2839091  0.29292294 0.32826376 0.35900363 0.3731603  0.42425326],5
7,8,6,0.9,0.3386349380016327,0.39898449182510376,[0.2779712  0.31310782 0.32612073 0.34916833 0.36645716 0.3989845 ],5
8,9,7,0.9,0.34954696893692017,0.411150187253952,"[0.29797068 0.31289235 0.3230793  0.3479717  0.37016648 0.383598
 0.4111502 ]",5
9,10,7,0.9,0.3787984251976013,0.5182966589927673,"[0.29145896 0.33403265 0.34448892 0.36436912 0.37745827 0.4214842
 0.51829666]",5
10,11,7,0.9,0.4980354905128479,1.1134307384490967,"[0.30715445 0.32697642 0.34179184 0.3664121  0.42254663 0.6079363
 1.1134307 ]",5
0,1,6,0.9,0.33961185812950134,0.38282883167266846,[0.29707137 0.30772603 0.33717418 0.35051328 0.36235756 0.38282883],6
1,2,6,0.9,0.36489924788475037,0.45713508129119873,[0.29926872 0.3300211  0.34792346 0.35579595 0.39925107 0.45713508],6
2,3,6,0.9,0.3730565011501312,0.443026065826416,[0.30888474 0.32100192 0.35314366 0.39516225 0.4171203  0.44302607],6
3,4,6,0.9,0.34250667691230774,0.40486055612564087,[0.2726263  0.2961153  0.34306654 0.3606779  0.37769368 0.40486056],6
4,5,6,0.9,0.34057721495628357,0.4186250567436218,[0.29757777 0.30454302 0.32224584 0.345641   0.35483047 0.41862506],6
5,6,6,0.9,0.34534040093421936,0.3939279615879059,[0.29237318 0.31196097 0.3294346  0.36224335 0.3821023  0.39392796],6
6,7,6,0.9,0.34913381934165955,0.4207215905189514,[0.2981998  0.30507153 0.33864272 0.35664985 0.37551737 0.4207216 ],6
7,8,6,0.9,0.35302361845970154,0.40988412499427795,[0.2904369  0.3264341  0.35081604 0.36327922 0.37729135 0.40988412],6
8,9,7,0.9,0.35344403982162476,0.420930951833725,"[0.3092547  0.31943232 0.32732663 0.35035634 0.3671992  0.37960806
 0.42093095]",6
9,10,7,0.9,0.38559430837631226,0.5248520970344543,"[0.31741306 0.33625516 0.35311642 0.370021   0.3774528  0.4200496
 0.5248521 ]",6
10,11,7,0.9,0.48101043701171875,1.0476198196411133,"[0.3138562  0.33076447 0.35053706 0.37750065 0.4171715  0.52962345
 1.0476198 ]",6
0,1,6,0.9,0.33888426423072815,0.3828253149986267,[0.29444623 0.30819246 0.3379716  0.3493747  0.36049545 0.38282531],7
1,2,6,0.9,0.35956165194511414,0.45178696513175964,[0.29579034 0.32005942 0.34520054 0.35140163 0.39313114 0.45178697],7
2,3,6,0.9,0.36854514479637146,0.43859365582466125,[0.30765498 0.31537881 0.34536538 0.3899525  0.41432554 0.43859366],7
3,4,6,0.9,0.3387281000614166,0.40559762716293335,[0.26898462 0.2910893  0.3379022  0.34830105 0.38049403 0.40559763],7
4,5,6,0.9,0.3384416103363037,0.40882056951522827,[0.30293277 0.30608195 0.31424    0.34387508 0.3546994  0.40882057],7
5,6,6,0.9,0.34240588545799255,0.39036184549331665,[0.29106292 0.30680075 0.3215578  0.3653098  0.37934208 0.39036185],7
6,7,6,0.9,0.349411278963089,0.42697247862815857,[0.29678535 0.30213916 0.33916086 0.35632637 0.37508354 0.42697248],7
7,8,6,0.9,0.3497880697250366,0.40393680334091187,[0.2887623  0.32404065 0.34146804 0.36117294 0.3793477  0.4039368 ],7
8,9,7,0.9,0.3538772165775299,0.4229275584220886,"[0.30662823 0.31649685 0.32575068 0.35427612 0.3680442  0.38301677
 0.42292756]",7
9,10,7,0.9,0.37939220666885376,0.5023704767227173,"[0.30821407 0.3354614  0.3558815  0.36277232 0.3761283  0.41491738
 0.5023705 ]",7
10,11,7,0.9,0.4870469272136688,1.081074833869934,"[0.30897334 0.33159944 0.35075638 0.37909445 0.42045078 0.5373791
 1.0810748 ]",7
0,1,6,0.9,0.33996152877807617,0.38407278060913086,[0.29516768 0.3080659  0.34000602 0.3513083  0.36114866 0.38407278],8
1,2,6,0.9,0.3619295358657837,0.45527568459510803,[0.29713306 0.32356912 0.34785107 0.35175332 0.39599505 0.45527568],8
2,3,6,0.9,0.3711036145687103,0.4460192918777466,[0.307872   0.3183734  0.34740385 0.39029276 0.41666016 0.4460193 ],8
3,4,6,0.9,0.3398396968841553,0.4017174243927002,[0.26950043 0.29449263 0.3476522  0.34931377 0.37636173 0.40171742],8
4,5,6,0.9,0.3404378890991211,0.4114857614040375,[0.3009199  0.3073385  0.3213416  0.34401417 0.35752735 0.41148576],8
5,6,6,0.9,0.3455364406108856,0.3991581201553345,[0.29226974 0.30969545 0.3271395  0.36313948 0.38181624 0.39915812],8
6,7,6,0.9,0.34823861718177795,0.4241243600845337,[0.2934944  0.30439848 0.33626926 0.35458988 0.37655547 0.42412436],8
7,8,7,0.9,0.3531349301338196,0.41102132201194763,"[0.28372264 0.32101816 0.34762475 0.35587054 0.36492905 0.3877581
 0.41102132]",8
8,9,7,0.9,0.35445311665534973,0.4241481125354767,"[0.30602834 0.31524658 0.32570764 0.35352278 0.37102902 0.38548926
 0.4241481 ]",8
9,10,8,0.9,0.39713582396507263,0.5463407635688782,"[0.31658396 0.34122658 0.35082594 0.3636251  0.36808214 0.4133005
 0.47710156 0.54634076]",8
10,11,8,0.9,0.47703513503074646,0.9648265242576599,"[0.30314308 0.3137083  0.3484074  0.35448274 0.38397303 0.43986455
 0.7078755  0.9648265 ]",8
0,1,6,0.9,0.33876049518585205,0.3835427165031433,[0.29437083 0.30715522 0.3378835  0.3496257  0.35998496 0.38354272],9
1,2,6,0.9,0.36036214232444763,0.45338132977485657,[0.29890358 0.3210174  0.34729847 0.34982944 0.3917425  0.45338133],9
2,3,6,0.9,0.36509397625923157,0.4354640543460846,[0.30410123 0.31215432 0.339917   0.38571396 0.41321325 0.43546405],9
3,4,6,0.9,0.3355923593044281,0.40342772006988525,[0.26414645 0.2904914  0.33475366 0.3467085  0.3740262  0.40342772],9
4,5,6,0.9,0.33355316519737244,0.3985620439052582,[0.29471925 0.30067688 0.31824258 0.3393946  0.34972367 0.39856204],9
5,6,6,0.9,0.3382434546947479,0.38768038153648376,[0.28491938 0.3019007  0.32203856 0.35995197 0.37296978 0.38768038],9
6,7,6,0.9,0.3460328280925751,0.41903015971183777,[0.29571918 0.2999608  0.33457547 0.35326204 0.37364918 0.41903016],9
7,8,7,0.9,0.3488484025001526,0.41264110803604126,"[0.2796771  0.3197232  0.33871323 0.3525127  0.35899857 0.3796732
 0.4126411 ]",9
8,9,7,0.9,0.3549850285053253,0.43077197670936584,"[0.3059676  0.31038097 0.32366246 0.34743118 0.3771734  0.38950744
 0.43077198]",9
9,10,7,0.9,0.3808870017528534,0.5114707946777344,"[0.30868685 0.3403131  0.3537536  0.36246648 0.37297484 0.41654336
 0.5114708 ]",9
10,11,8,0.9,0.47258996963500977,0.9863010048866272,"[0.30539957 0.31962985 0.35028598 0.357312   0.38902402 0.42753032
 0.64523715 0.986301  ]",9
0,1,6,0.9,0.3380228579044342,0.3825906813144684,[0.29324067 0.30673683 0.33694544 0.3489198  0.3597038  0.38259068],10
1,2,6,0.9,0.36137720942497253,0.4548439085483551,[0.2979128  0.32227877 0.3473002  0.35245657 0.39347082 0.4548439 ],10
2,3,6,0.9,0.36624792218208313,0.435215026140213,[0.30177137 0.31543493 0.34445062 0.3868524  0.41376314 0.43521503],10
3,4,6,0.9,0.3343311846256256,0.40382716059684753,[0.26463798 0.28900018 0.33071658 0.34641862 0.37138674 0.40382716],10
4,5,6,0.9,0.33255675435066223,0.40155303478240967,[0.29521605 0.29881412 0.3153988  0.3377452  0.34661344 0.40155303],10
5,6,6,0.9,0.3376747667789459,0.38762882351875305,[0.285089   0.3018223  0.32264197 0.35862428 0.37024242 0.38762882],10
6,7,6,0.9,0.34612762928009033,0.4187137484550476,[0.29731238 0.29864338 0.33311334 0.35415033 0.37483272 0.41871375],10
7,8,7,0.9,0.34972402453422546,0.41596564650535583,"[0.2812297  0.31939209 0.33897164 0.35188633 0.35978153 0.38084134
 0.41596565]",10
8,9,7,0.9,0.35392943024635315,0.4259726405143738,"[0.30583084 0.3100381  0.32433516 0.34950408 0.37416908 0.3876561
 0.42597264]",10
9,10,8,0.9,0.38956141471862793,0.516762375831604,"[0.29783502 0.336713   0.34552363 0.3591229  0.36591166 0.4144993
 0.48012355 0.5167624 ]",10
10,11,8,0.9,0.4701150059700012,0.9921658039093018,"[0.2995779  0.31342694 0.342845   0.35443774 0.37768674 0.42595506
 0.6548251  0.9921658 ]",10
0,1,6,0.9,0.3397507667541504,0.383661687374115,[0.2950482  0.30915657 0.33763888 0.35140112 0.36159828 0.3836617 ],11
1,2,6,0.9,0.3656671941280365,0.46051037311553955,[0.2992123  0.33029303 0.3478035  0.35846633 0.3977177  0.46051037],11
2,3,6,0.9,0.3716449737548828,0.4399564862251282,[0.30262992 0.32011682 0.3526392  0.39717552 0.41735184 0.4399565 ],11
3,4,6,0.9,0.33932480216026306,0.40811195969581604,[0.27224043 0.29222238 0.33296058 0.35774717 0.3726662  0.40811196],11
4,5,6,0.9,0.3364999294281006,0.4085235893726349,[0.29802123 0.30153644 0.31968638 0.3412257  0.35000625 0.4085236 ],11
5,6,6,0.9,0.3438233435153961,0.3950255215167999,[0.28789932 0.31048733 0.33133423 0.36410543 0.37408835 0.39502552],11
6,7,6,0.9,0.3503887951374054,0.41952210664749146,[0.30289182 0.30669752 0.3361016  0.35817537 0.3789445  0.4195221 ],11
7,8,7,0.9,0.3575633466243744,0.4228934347629547,"[0.28897676 0.32604203 0.34841368 0.35725984 0.37042508 0.38893256
 0.42289343]",11
8,9,7,0.9,0.35772934556007385,0.431967169046402,"[0.30662388 0.31640798 0.32977253 0.35454386 0.37515202 0.38963786
 0.43196717]",11
9,10,7,0.9,0.38279369473457336,0.5126606225967407,"[0.31634992 0.33840492 0.34998155 0.36669248 0.37605608 0.41941044
 0.5126606 ]",11
10,11,8,0.9,0.4525253176689148,0.981296956539154,"[0.2916852  0.31399038 0.34159777 0.35257915 0.3756363  0.40991747
 0.55349934 0.98129696]",11
0,1,6,0.9,0.3404812514781952,0.3867814838886261,[0.29220167 0.31112036 0.3396854  0.35211006 0.36098838 0.38678148],12
1,2,6,0.9,0.3573266267776489,0.44771552085876465,[0.29119563 0.31953594 0.3451579  0.3469766  0.39337817 0.44771552],12
2,3,6,0.9,0.3654342591762543,0.42899957299232483,[0.30448556 0.31298858 0.34427688 0.38763466 0.41422024 0.42899957],12
3,4,6,0.9,0.33589255809783936,0.40737995505332947,[0.26482478 0.2896464  0.33537486 0.3404297  0.37769982 0.40737996],12
4,5,6,0.9,0.33170023560523987,0.3948354125022888,[0.29670116 0.30358905 0.30738243 0.34035578 0.3473377  0.3948354 ],12
5,6,6,0.9,0.3367580473423004,0.3852977156639099,[0.28467268 0.3027395  0.3196418  0.35567546 0.3725213  0.38529772],12
6,7,6,0.9,0.34212812781333923,0.41987740993499756,[0.28838634 0.2932345  0.32709295 0.35364002 0.37053734 0.4198774 ],12
7,8,7,0.9,0.34375128149986267,0.40875592827796936,"[0.27903357 0.31248218 0.33086944 0.34477702 0.35445166 0.3758892
 0.40875593]",12
8,9,7,0.9,0.3486352264881134,0.4122292101383209,"[0.29893517 0.3063809  0.3168167  0.35007352 0.36549696 0.39051408
 0.4122292 ]",12
9,10,8,0.9,0.40585142374038696,0.627130925655365,"[0.29997632 0.3348966  0.34578064 0.35542327 0.3694757  0.41017672
 0.5039511  0.6271309 ]",12
10,11,8,0.9,0.48167574405670166,0.9956808090209961,"[0.3035306  0.31449637 0.3338441  0.3585577  0.4119113  0.43708745
 0.6982978  0.9956808 ]",12
0,1,6,0.9,0.3392777740955353,0.38392528891563416,[0.29379383 0.3095376  0.33677503 0.3506514  0.36098364 0.3839253 ],13
1,2,6,0.9,0.36094531416893005,0.4508642554283142,[0.2968532  0.32418028 0.3469151  0.35047248 0.3963866  0.45086426],13
2,3,6,0.9,0.36650577187538147,0.42945215106010437,[0.30323294 0.31558362 0.35124904 0.3858749  0.41364217 0.42945215],13
3,4,6,0.9,0.33323901891708374,0.4048336446285248,[0.26186737 0.2886193  0.3260666  0.34548736 0.3725598  0.40483364],13
4,5,6,0.9,0.3278171718120575,0.399995893239975,[0.28517756 0.29946235 0.30754867 0.3345368  0.34018183 0.3999959 ],13
5,6,6,0.9,0.3335123062133789,0.3814217150211334,[0.284165   0.2999063  0.3197793  0.3486636  0.36713794 0.38142172],13
6,7,6,0.9,0.33992746472358704,0.4126620590686798,[0.2834798  0.29364517 0.32330337 0.35536692 0.3711076  0.41266206],13
7,8,7,0.9,0.3419933021068573,0.41410666704177856,"[0.27325338 0.30739012 0.32668272 0.34476906 0.3529916  0.3747596
 0.41410667]",13
8,9,7,0.9,0.34791240096092224,0.41114720702171326,"[0.3010158  0.30260712 0.32382718 0.34295437 0.36944383 0.38439146
 0.4111472 ]",13
9,10,8,0.9,0.40044328570365906,0.552102267742157,"[0.2917795  0.32988533 0.34445837 0.3560457  0.37506562 0.41834682
 0.5358627  0.55210227]",13
10,11,8,0.9,0.47072163224220276,0.9666151404380798,"[0.2990331  0.3114537  0.32925805 0.3580473  0.38600427 0.43072888
 0.68463254 0.96661514]",13
0,1,6,0.9,0.3404676914215088,0.38773083686828613,[0.2920301  0.31113535 0.33880597 0.34976995 0.3633339  0.38773084],14
1,2,6,0.9,0.3605215847492218,0.44794514775276184,[0.291771   0.32410896 0.34752342 0.35159847 0.4001826  0.44794515],14
2,3,6,0.9,0.36884626746177673,0.43136540055274963,[0.30634454 0.3194779  0.34994122 0.39046004 0.41548833 0.4313654 ],14
3,4,6,0.9,0.3360181152820587,0.4086489975452423,[0.26552618 0.29132494 0.3300384  0.3401554  0.38041472 0.408649  ],14
4,5,6,0.9,0.33310869336128235,0.3954800069332123,[0.29557005 0.30548242 0.31075117 0.34265664 0.3487119  0.39548   ],14
5,6,6,0.9,0.33845818042755127,0.3830518424510956,[0.28597438 0.30548996 0.3208876  0.35795954 0.37738582 0.38305184],14
6,7,6,0.9,0.3481046259403229,0.42754167318344116,[0.29062498 0.29785696 0.33107615 0.36515695 0.37637115 0.42754167],14
7,8,6,0.9,0.34701618552207947,0.4052196741104126,[0.2903097  0.3212525  0.33446038 0.3549804  0.37587428 0.40521967],14
8,9,7,0.9,0.3537326455116272,0.4148298501968384,"[0.30391225 0.31585044 0.3215061  0.36079106 0.3687192  0.3905197
 0.41482985]",14
9,10,7,0.9,0.3761625587940216,0.5045397877693176,"[0.29262868 0.33308783 0.3498842  0.3639119  0.37099433 0.4180913
 0.5045398 ]",14
10,11,7,0.9,0.49482133984565735,1.1099481582641602,"[0.29755947 0.32727155 0.33728117 0.37157327 0.4196488  0.60046715
 1.1099482 ]",14
0,1,6,0.9,0.339664489030838,0.38711318373680115,[0.29096135 0.31004494 0.33935627 0.34989673 0.3606144  0.38711318],15
1,2,6,0.9,0.35804644227027893,0.4447256326675415,[0.29149982 0.31839797 0.34785107 0.34912652 0.3966775  0.44472563],15
2,3,6,0.9,0.36634454131126404,0.427447646856308,[0.30841914 0.31672964 0.34621194 0.38468444 0.41457435 0.42744765],15
3,4,6,0.9,0.3357270061969757,0.408378928899765,[0.2636737  0.29244554 0.32939848 0.34018952 0.38027585 0.40837893],15
4,5,6,0.9,0.33009615540504456,0.39489245414733887,[0.28793016 0.3041916  0.3084702  0.33927658 0.345816   0.39489245],15
5,6,6,0.9,0.33300504088401794,0.3781353235244751,[0.28425193 0.2973378  0.3168733  0.34961718 0.3718147  0.37813532],15
6,7,6,0.9,0.34282270073890686,0.4245138168334961,[0.28246817 0.29235744 0.32517505 0.3589429  0.37347883 0.42451382],15
7,8,6,0.9,0.3383667767047882,0.3993655741214752,[0.28199753 0.31074533 0.32564935 0.345832   0.36661085 0.39936557],15
8,9,6,0.9,0.34645316004753113,0.4025490880012512,[0.300393   0.31385466 0.32002836 0.35303748 0.3888563  0.4025491 ],15
9,10,7,0.9,0.3774571418762207,0.5125121474266052,"[0.29207563 0.3356569  0.34261194 0.36434504 0.3738939  0.42110437
 0.51251215]",15
10,11,7,0.9,0.5008153915405273,1.0992997884750366,"[0.30616403 0.32416266 0.34492847 0.3755897  0.44179255 0.6137704
 1.0992998 ]",15
0,1,6,0.9,0.33905336260795593,0.38562095165252686,[0.2915442  0.3087006  0.33772057 0.34895536 0.36177853 0.38562095],16
1,2,6,0.9,0.3606359660625458,0.45247212052345276,[0.29314023 0.32440978 0.34531167 0.35304713 0.39543483 0.45247212],16
2,3,6,0.9,0.36685189604759216,0.435085654258728,[0.2999398  0.31727478 0.34444726 0.39007056 0.41429326 0.43508565],16
3,4,6,0.9,0.33649396896362305,0.4085685908794403,[0.26773137 0.2906672  0.33393174 0.34102312 0.3770418  0.4085686 ],16
4,5,6,0.9,0.33539846539497375,0.3982957899570465,[0.29838517 0.30703002 0.31456015 0.34351194 0.3506077  0.3982958 ],16
5,6,6,0.9,0.34214136004447937,0.3899136185646057,[0.28749326 0.30857363 0.32317504 0.36668286 0.37700972 0.38991362],16
6,7,6,0.9,0.3527769148349762,0.42881324887275696,[0.30293658 0.30525643 0.33861008 0.3627906  0.37825462 0.42881325],16
7,8,7,0.9,0.3569590151309967,0.41702908277511597,"[0.2908375  0.3297657  0.34378383 0.35789353 0.36735773 0.39204556
 0.41702908]",16
8,9,7,0.9,0.35982900857925415,0.4300335645675659,"[0.3087155  0.31551465 0.32842308 0.36546245 0.3755684  0.3950856
 0.43003356]",16
9,10,7,0.9,0.37806400656700134,0.49763721227645874,"[0.30453625 0.3353745  0.35870665 0.3640882  0.37441036 0.4116948
 0.4976372 ]",16
10,11,7,0.9,0.4881320595741272,1.0968941450119019,"[0.29968655 0.33370927 0.34423608 0.37055612 0.41113573 0.5607066
 1.0968941 ]",16
0,1,6,0.9,0.34299275279045105,0.38598889112472534,[0.29727575 0.31459963 0.34017506 0.35572612 0.36419097 0.3859889 ],17
1,2,6,0.9,0.37140581011772156,0.4655633270740509,[0.30426005 0.3360649  0.35098374 0.3676371  0.4039256  0.46556333],17
2,3,6,0.9,0.3763335049152374,0.4441421329975128,[0.30528575 0.32363287 0.361587   0.40348434 0.41986892 0.44414213],17
3,4,6,0.9,0.3392157554626465,0.41189301013946533,[0.2740727  0.29270303 0.32469335 0.36037934 0.3715529  0.411893  ],17
4,5,6,0.9,0.3338419198989868,0.4063381254673004,[0.29424733 0.2971644  0.3202776  0.33950326 0.3455208  0.40633813],17
5,6,6,0.9,0.3436257839202881,0.39909201860427856,[0.28651524 0.31102785 0.33305883 0.35610828 0.37595236 0.39909202],17
6,7,6,0.9,0.348043829202652,0.4130741357803345,[0.29557905 0.30793318 0.3284497  0.3618642  0.38136265 0.41307414],17
7,8,6,0.9,0.35393226146698,0.4232906401157379,[0.29607117 0.32438752 0.3413687  0.3592787  0.3791967  0.42329064],17
8,9,7,0.9,0.3570723831653595,0.42898136377334595,"[0.30213115 0.31398052 0.33167797 0.35100627 0.37970713 0.39202246
 0.42898136]",17
9,10,7,0.9,0.3889315724372864,0.5390614867210388,"[0.31257367 0.33758688 0.34489867 0.36520085 0.3866563  0.4365432
 0.5390615 ]",17
10,11,7,0.9,0.4862360954284668,1.0816625356674194,"[0.30790916 0.32670888 0.33837727 0.36160165 0.39271817 0.5946752
 1.0816625 ]",17
0,1,6,0.9,0.3409954607486725,0.38689619302749634,[0.29372075 0.31243214 0.33990932 0.35267475 0.36033964 0.3868962 ],18
1,2,6,0.9,0.35818934440612793,0.44712477922439575,[0.29279804 0.3195071  0.34705704 0.3488246  0.39382452 0.44712478],18
2,3,6,0.9,0.36656877398490906,0.4259309470653534,[0.30785036 0.31348476 0.34881327 0.3891271  0.41420618 0.42593095],18
3,4,6,0.9,0.3375281095504761,0.4122248888015747,[0.2654269  0.2920334  0.32895264 0.34712014 0.37941065 0.4122249 ],18
4,5,6,0.9,0.32928767800331116,0.39911749958992004,[0.28715083 0.3018947  0.30719858 0.3369368  0.3434277  0.3991175 ],18
5,6,6,0.9,0.3335086405277252,0.37987032532691956,[0.28366494 0.29985267 0.318997   0.35012373 0.36854318 0.37987033],18
6,7,6,0.9,0.34120678901672363,0.41880127787590027,[0.28194013 0.29647887 0.3226912  0.35651258 0.37081674 0.41880128],18
7,8,6,0.9,0.3386590778827667,0.4018358290195465,[0.28125763 0.31064472 0.32507408 0.34665203 0.36649013 0.40183583],18
8,9,6,0.9,0.34418150782585144,0.4029756188392639,[0.30069217 0.31145528 0.3218743  0.34415996 0.38393167 0.40297562],18
9,10,7,0.9,0.3823580741882324,0.5312929749488831,"[0.29899547 0.3349713  0.34186208 0.36471337 0.38158903 0.42308235
 0.531293  ]",18
10,11,7,0.9,0.5033020973205566,1.1179399490356445,"[0.31358832 0.3259771  0.3504874  0.3735992  0.43909207 0.60243076
 1.11794   ]",18
0,1,6,0.9,0.34096917510032654,0.3835669457912445,[0.29877117 0.3101559  0.3394755  0.3514309  0.36241454 0.38356695],19
1,2,6,0.9,0.36192646622657776,0.4521292448043823,[0.29953143 0.3240369  0.34496194 0.35495245 0.39594668 0.45212924],19
2,3,6,0.9,0.3723451793193817,0.4421118199825287,[0.31442642 0.31701943 0.34923017 0.39475593 0.4165273  0.44211182],19
3,4,6,0.9,0.34538736939430237,0.41048645973205566,[0.27360016 0.29726273 0.3432221  0.3587844  0.38896838 0.41048646],19
4,5,6,0.9,0.3429902493953705,0.4161762297153473,[0.30141842 0.31242806 0.31834105 0.34952703 0.36005062 0.41617623],19
5,6,6,0.9,0.3452448844909668,0.39646533131599426,[0.2949787  0.3098669  0.3229965  0.36275652 0.3844053  0.39646533],19
6,7,6,0.9,0.3499889373779297,0.42573702335357666,[0.29574353 0.30451936 0.34224945 0.3569845  0.37469986 0.42573702],19
7,8,6,0.9,0.3497132956981659,0.4054568111896515,[0.2875227  0.32229984 0.3427716  0.36399648 0.3762323  0.4054568 ],19
8,9,6,0.9,0.3483707904815674,0.40480518341064453,[0.3091803  0.32112715 0.32900357 0.34734488 0.37876368 0.40480518],19
9,10,6,0.9,0.37310710549354553,0.4441182613372803,[0.316592   0.3414958  0.3604696  0.37305713 0.40290996 0.44411826],19
10,11,6,0.9,0.475590318441391,0.8700655698776245,[0.32559457 0.3374636  0.37115213 0.41950145 0.5297645  0.87006557],19
0,1,6,0.9,0.34167465567588806,0.388334184885025,[0.29485774 0.31177643 0.34042168 0.35174882 0.36290902 0.38833418],20
1,2,6,0.9,0.3596150577068329,0.44938796758651733,[0.29597148 0.32124987 0.3466092  0.34975725 0.3947144  0.44938797],20
2,3,6,0.9,0.3656156063079834,0.4339683949947357,[0.30493218 0.3111406  0.33975375 0.38970563 0.414193   0.4339684 ],20
3,4,6,0.9,0.3370834290981293,0.40744146704673767,[0.26548985 0.29089257 0.33421788 0.34127146 0.3831872  0.40744147],20
4,5,6,0.9,0.33385786414146423,0.39180898666381836,[0.2962419  0.30456072 0.3138761  0.3425878  0.35407177 0.391809  ],20
5,6,6,0.9,0.33912384510040283,0.38395044207572937,[0.28550643 0.3035651  0.3191076  0.36536503 0.37724864 0.38395044],20
6,7,6,0.9,0.34792593121528625,0.4233514368534088,[0.294176   0.29901165 0.33723253 0.35901484 0.37476924 0.42335144],20
7,8,6,0.9,0.3473203182220459,0.40167319774627686,[0.2876885  0.32082316 0.33707488 0.3588331  0.37782893 0.4016732 ],20
8,9,6,0.9,0.34952080249786377,0.4002112150192261,[0.30270272 0.31852093 0.32442102 0.35836047 0.39290842 0.40021122],20
9,10,7,0.9,0.3811022639274597,0.5066614747047424,"[0.30110386 0.34256297 0.35402533 0.36290598 0.37920347 0.42125264
 0.5066615 ]",20
10,11,7,0.9,0.4903837740421295,1.0535451173782349,"[0.3059108  0.34090585 0.34783098 0.37879977 0.4196579  0.58603585
 1.0535451 ]",20
0,1,6,0.9,0.338472455739975,0.38469380140304565,[0.29129237 0.30817142 0.33650455 0.34904444 0.3611279  0.3846938 ],21
1,2,6,0.9,0.35930880904197693,0.4483480453491211,[0.2930571  0.32338312 0.3454687  0.34910855 0.39648724 0.44834805],21
2,3,6,0.9,0.3649202287197113,0.42782118916511536,[0.30062997 0.316412   0.34781137 0.3841566  0.41269013 0.4278212 ],21
3,4,6,0.9,0.3322475552558899,0.403992623090744,[0.26196474 0.2877328  0.3289672  0.33789915 0.3729287  0.40399262],21
4,5,6,0.9,0.32903817296028137,0.3972000181674957,[0.29075557 0.30160347 0.30562013 0.33685476 0.3421951  0.39720002],21
5,6,6,0.9,0.3341291844844818,0.3808501660823822,[0.28386208 0.3008644  0.3184332  0.35136995 0.36939532 0.38085017],21
6,7,6,0.9,0.3422681987285614,0.4192518889904022,[0.28704792 0.2931485  0.32613432 0.3565433  0.3714833  0.4192519 ],21
7,8,7,0.9,0.34362295269966125,0.410362184047699,"[0.27739283 0.3132384  0.328726   0.34595522 0.35279414 0.376892
 0.41036218]",21
8,9,7,0.9,0.3495301604270935,0.41428467631340027,"[0.3021642  0.30642852 0.319371   0.35102466 0.36480594 0.38863206
 0.41428468]",21
9,10,8,0.9,0.3954979479312897,0.5566757917404175,"[0.29233986 0.3295825  0.34726343 0.35689408 0.367028   0.41386527
 0.5003346  0.5566758 ]",21
10,11,8,0.9,0.47390016913414,0.9696623682975769,"[0.29802203 0.30336624 0.33038712 0.35125425 0.3908994  0.4406328
 0.7069773  0.96966237]",21
0,1,6,0.9,0.3395341634750366,0.3827238380908966,[0.2933788  0.30989447 0.3390573  0.35298267 0.35916784 0.38272384],22
1,2,6,0.9,0.36403974890708923,0.4586397111415863,[0.29982886 0.32514387 0.34735957 0.35758168 0.39568496 0.4586397 ],22
2,3,6,0.9,0.3721126616001129,0.43793365359306335,[0.30658478 0.32109183 0.3543103  0.39592567 0.41682994 0.43793365],22
3,4,6,0.9,0.33879542350769043,0.40961092710494995,[0.27079695 0.29259747 0.3342048  0.3545255  0.37103692 0.40961093],22
4,5,6,0.9,0.3339041769504547,0.4061432182788849,[0.2925189  0.30089396 0.32034367 0.33756223 0.34596312 0.40614322],22
5,6,6,0.9,0.340889573097229,0.39575421810150146,[0.28654137 0.3057968  0.33145165 0.354206   0.3715874  0.39575422],22
6,7,6,0.9,0.34464141726493835,0.4128772020339966,[0.29597902 0.30089638 0.3279284  0.3529911  0.37717628 0.4128772 ],22
7,8,7,0.9,0.35043129324913025,0.42752039432525635,"[0.28441447 0.3117871  0.34259722 0.34643126 0.36143988 0.37882894
 0.4275204 ]",22
8,9,7,0.9,0.35077404975891113,0.41513821482658386,"[0.30254892 0.3095286  0.32681882 0.34390193 0.36810103 0.3893809
 0.4151382 ]",22
9,10,7,0.9,0.38432517647743225,0.5300862193107605,"[0.30977172 0.33725038 0.34864736 0.3612588  0.37806508 0.4251965
 0.5300862 ]",22
10,11,8,0.9,0.4744955003261566,0.939369261264801,"[0.3089657  0.31733897 0.33780727 0.36125425 0.3845661  0.42717135
 0.71949106 0.93936926]",22
0,1,6,0.9,0.33923712372779846,0.38461819291114807,[0.29237214 0.30946457 0.33779034 0.35092443 0.36025307 0.3846182 ],23
1,2,6,0.9,0.358089417219162,0.44961389899253845,[0.2942126  0.32074434 0.34492    0.34719723 0.39184818 0.4496139 ],23
2,3,6,0.9,0.3644437789916992,0.42860305309295654,[0.3027761  0.3122638  0.34307206 0.3867336  0.41321415 0.42860305],23
3,4,6,0.9,0.3356221616268158,0.40754902362823486,[0.26478037 0.2892939  0.33442205 0.34242347 0.37526393 0.40754902],23
4,5,6,0.9,0.33144599199295044,0.39557376503944397,[0.29537356 0.3014923  0.31056085 0.33922678 0.34644863 0.39557377],23
5,6,6,0.9,0.3366471230983734,0.3848661184310913,[0.28402954 0.30235222 0.3205242  0.35603732 0.37207317 0.38486612],23
6,7,6,0.9,0.34345218539237976,0.41839712858200073,[0.29197812 0.296226   0.32971546 0.3530504  0.37134585 0.41839713],23
7,8,7,0.9,0.34527429938316345,0.41074612736701965,"[0.28003788 0.31476524 0.33302492 0.34571874 0.35612708 0.37650037
 0.41074613]",23
8,9,7,0.9,0.34999316930770874,0.41656309366226196,"[0.3038276  0.30531907 0.31963554 0.34818384 0.36639395 0.39002916
 0.4165631 ]",23
9,10,8,0.9,0.39655399322509766,0.5594215989112854,"[0.3011754  0.33444256 0.3462253  0.35489208 0.36871523 0.4111669
 0.49639276 0.5594216 ]",23
10,11,8,0.9,0.4730150103569031,0.9859346747398376,"[0.30354157 0.31502467 0.33898437 0.35380074 0.40176496 0.4291543
 0.65591496 0.9859347 ]",23
0,1,6,0.9,0.3398919105529785,0.3861437141895294,[0.29306743 0.30941388 0.33849162 0.35032925 0.36190546 0.3861437 ],24
1,2,6,0.9,0.35947003960609436,0.4500899612903595,[0.2946421  0.32226276 0.34578678 0.34906185 0.39497674 0.45008996],24
2,3,6,0.9,0.36460745334625244,0.4331754446029663,[0.30129832 0.3122407  0.3422221  0.38532275 0.41338554 0.43317544],24
3,4,6,0.9,0.3329527676105499,0.4025312662124634,[0.26245016 0.28733113 0.3325542  0.33772883 0.37512094 0.40253127],24
4,5,6,0.9,0.3309533894062042,0.39374247193336487,[0.29531866 0.30070263 0.31000665 0.33852392 0.34742594 0.39374247],24
5,6,6,0.9,0.3368006646633148,0.38470396399497986,[0.28417096 0.30218664 0.31863683 0.35908931 0.37201625 0.38470396],24
6,7,6,0.9,0.3443814516067505,0.4198414385318756,[0.2923347  0.2940434  0.33175376 0.35612726 0.37218806 0.41984144],24
7,8,7,0.9,0.34701046347618103,0.4110654592514038,"[0.2788264  0.31746596 0.3332544  0.35201776 0.35695308 0.37949014
 0.41106546]",24
8,9,7,0.9,0.35244956612586975,0.4211839735507965,"[0.30064026 0.3077215  0.32025868 0.35265768 0.37439764 0.39028713
 0.42118397]",24
9,10,8,0.9,0.3921196460723877,0.5353149175643921,"[0.2969113  0.33560425 0.34384748 0.35617632 0.36735657 0.41429785
 0.48744848 0.5353149 ]",24
10,11,8,0.9,0.47103479504585266,1.0003172159194946,"[0.29807746 0.30666554 0.33941197 0.3499579  0.3876796  0.42434576
 0.66182286 1.0003172 ]",24
0,1,6,0.9,0.3435569703578949,0.39065825939178467,[0.2951429  0.31347102 0.34231266 0.35498485 0.3647722  0.39065826],25
1,2,6,0.9,0.36417198181152344,0.4566357135772705,[0.30070466 0.32800186 0.34831205 0.35549006 0.39588764 0.4566357 ],25
2,3,6,0.9,0.3656662404537201,0.43889081478118896,[0.3005839  0.31003693 0.33824077 0.3898131  0.41643196 0.4388908 ],25
3,4,6,0.9,0.33666542172431946,0.4081670939922333,[0.26676422 0.2906046  0.33762378 0.34009627 0.37673667 0.4081671 ],25
4,5,6,0.9,0.3339388370513916,0.38148802518844604,[0.29727554 0.30400229 0.3221263  0.34358996 0.355151   0.38148803],25
5,6,6,0.9,0.3434087038040161,0.39506393671035767,[0.28486064 0.3069752  0.32701465 0.36597845 0.38055918 0.39506394],25
6,7,6,0.9,0.352236270904541,0.42323243618011475,[0.3025363  0.3047173  0.34008375 0.36541325 0.3774345  0.42323244],25
7,8,6,0.9,0.3575676679611206,0.4141250252723694,[0.29970714 0.33156043 0.34444743 0.36621872 0.3893473  0.41412503],25
8,9,6,0.9,0.3580796420574188,0.41382527351379395,[0.30685207 0.32087514 0.33862588 0.37103987 0.39725962 0.41382527],25
9,10,7,0.9,0.3885038197040558,0.5052220821380615,"[0.31014144 0.3529487  0.3592131  0.3768494  0.38637945 0.42877254
 0.5052221 ]",25
10,11,7,0.9,0.49577102065086365,1.0520870685577393,"[0.31579056 0.34045845 0.36113432 0.38609022 0.4233652  0.5914714
 1.0520871 ]",25
0,1,6,0.9,0.34019210934638977,0.38508641719818115,[0.29494593 0.3090737  0.3391442  0.35156888 0.3613335  0.38508642],26
1,2,6,0.9,0.3605797290802002,0.45365557074546814,[0.29500598 0.32483193 0.34506294 0.3510437  0.39387825 0.45365557],26
2,3,6,0.9,0.3698982000350952,0.44034650921821594,[0.30678892 0.31688365 0.34521428 0.39398757 0.41616827 0.4403465 ],26
3,4,6,0.9,0.34368765354156494,0.4089486002922058,[0.27368772 0.2960391  0.3486266  0.35490614 0.37991774 0.4089486 ],26
4,5,6,0.9,0.34215235710144043,0.40992406010627747,[0.30510685 0.30937338 0.32087135 0.34857896 0.35905945 0.40992406],26
5,6,6,0.9,0.34743180871009827,0.39796432852745056,[0.29208952 0.31348938 0.32870403 0.36609152 0.38625225 0.39796433],26
6,7,6,0.9,0.3513413965702057,0.4265891909599304,[0.29886818 0.30945852 0.3404697  0.35608912 0.3765738  0.4265892 ],26
7,8,6,0.9,0.3554137945175171,0.404182106256485,[0.29606935 0.32862297 0.3530473  0.36432967 0.38623136 0.4041821 ],26
8,9,7,0.9,0.35663238167762756,0.4267684817314148,"[0.30684733 0.32245317 0.32706937 0.35709277 0.3675278  0.3886676
 0.42676848]",26
9,10,7,0.9,0.3831488788127899,0.504231333732605,"[0.32174104 0.3396577  0.3581813  0.36780274 0.37503195 0.41539574
 0.50423133]",26
10,11,7,0.9,0.482992023229599,1.0508486032485962,"[0.31479067 0.33902594 0.35136995 0.38596088 0.42182586 0.5171224
 1.0508486 ]",26
0,1,6,0.9,0.338878870010376,0.3856591284275055,[0.2934089  0.30705112 0.3366408  0.34713468 0.36337835 0.38565913],27
1,2,6,0.9,0.3614833652973175,0.4469171166419983,[0.2968734  0.3244167  0.34621808 0.3536531  0.40082178 0.44691712],27
2,3,6,0.9,0.3668559789657593,0.4324316382408142,[0.30492464 0.31884435 0.34699273 0.38568574 0.41225672 0.43243164],27
3,4,6,0.9,0.33493340015411377,0.402961790561676,[0.2630374  0.29262763 0.3297197  0.3406469  0.38060716 0.4029618 ],27
4,5,6,0.9,0.3336245119571686,0.4025801122188568,[0.28952843 0.30768153 0.31077513 0.3424247  0.34875727 0.4025801 ],27
5,6,6,0.9,0.33660104870796204,0.3785698711872101,[0.2879585  0.301179   0.3173743  0.35856688 0.37595788 0.37856987],27
6,7,6,0.9,0.3482953608036041,0.42795389890670776,[0.29113686 0.29802266 0.33447978 0.3628022  0.37537676 0.4279539 ],27
7,8,6,0.9,0.3440251052379608,0.4019542336463928,[0.28336322 0.3203304  0.33330598 0.35439205 0.37080473 0.40195423],27
8,9,7,0.9,0.3532586991786957,0.41736212372779846,"[0.30529827 0.3172255  0.32229438 0.35420033 0.37086394 0.38556644
 0.41736212]",27
9,10,7,0.9,0.37735050916671753,0.5093563199043274,"[0.29322025 0.33557457 0.3497035  0.36471772 0.37331182 0.41556954
 0.5093563 ]",27
10,11,7,0.9,0.496204137802124,1.1206293106079102,"[0.2999489  0.33323818 0.33994418 0.36834955 0.41633943 0.5949795
 1.1206293 ]",27
0,1,6,0.9,0.34042203426361084,0.38487786054611206,[0.29364148 0.3109778  0.33935824 0.3530223  0.36065444 0.38487786],28
1,2,6,0.9,0.35882118344306946,0.45226404070854187,[0.2945846  0.3214301  0.3452428  0.34805104 0.39135468 0.45226404],28
2,3,6,0.9,0.3676129877567291,0.4331775903701782,[0.30582964 0.31356224 0.345095   0.39256036 0.4154529  0.4331776 ],28
3,4,6,0.9,0.3401242792606354,0.4111354351043701,[0.2703052  0.29178113 0.34123603 0.34841856 0.3778695  0.41113544],28
4,5,6,0.9,0.3364649713039398,0.4000072181224823,[0.30198848 0.30576947 0.31436244 0.3438259  0.35283625 0.40000722],28
5,6,6,0.9,0.3422187864780426,0.3921341598033905,[0.28731707 0.30782124 0.32554144 0.36097437 0.3795246  0.39213416],28
6,7,6,0.9,0.34686651825904846,0.420807808637619,[0.29872218 0.29975355 0.33416972 0.35375255 0.3739934  0.4208078 ],28
7,8,6,0.9,0.3498314321041107,0.4037114083766937,[0.29303172 0.32195625 0.3427496  0.35717717 0.38036254 0.4037114 ],28
8,9,7,0.9,0.3526467978954315,0.42043647170066833,"[0.3039999  0.31165108 0.32312793 0.35173723 0.36594582 0.39162913
 0.42043647]",28
9,10,7,0.9,0.38069063425064087,0.5076019167900085,"[0.31331578 0.3381675  0.35390222 0.36021754 0.37602362 0.41560572
 0.5076019 ]",28
10,11,7,0.9,0.49181079864501953,1.0809643268585205,"[0.31373456 0.33859769 0.3460763  0.38937008 0.42714417 0.54678845
 1.0809643 ]",28
0,1,6,0.9,0.3392380475997925,0.3842114806175232,[0.29351482 0.30935436 0.3381504  0.35083514 0.35936213 0.38421148],29
1,2,6,0.9,0.35887905955314636,0.45085152983665466,[0.29301253 0.3214384  0.3447532  0.3507609  0.3924578  0.45085153],29
2,3,6,0.9,0.3671153485774994,0.431112140417099,[0.30508363 0.31479257 0.34645197 0.3917912  0.4134606  0.43111214],29
3,4,6,0.9,0.3391304314136505,0.4107149541378021,[0.26933497 0.2916974  0.33358425 0.35143125 0.37801987 0.41071495],29
4,5,6,0.9,0.33444809913635254,0.406553715467453,[0.29638132 0.30375925 0.310735   0.34032723 0.348932   0.40655372],29
5,6,6,0.9,0.33881041407585144,0.38550302386283875,[0.28646332 0.30575737 0.32263634 0.35813132 0.37437108 0.38550302],29
6,7,6,0.9,0.34612026810646057,0.42247989773750305,[0.29613286 0.30016547 0.3311077  0.35393575 0.37289992 0.4224799 ],29
7,8,6,0.9,0.34683188796043396,0.4052509665489197,[0.2887014  0.31925347 0.33916304 0.3556373  0.37298498 0.40525097],29
8,9,7,0.9,0.3499833643436432,0.4168955981731415,"[0.3055183  0.31282264 0.32097    0.34825423 0.36305338 0.3823692
 0.4168956 ]",29
9,10,7,0.9,0.380082905292511,0.5131580233573914,"[0.30881357 0.33321488 0.35116744 0.36348715 0.37411347 0.41662586
 0.513158  ]",29
10,11,7,0.9,0.485322505235672,1.0510365962982178,"[0.31451043 0.33106038 0.34868523 0.37602443 0.42056525 0.5553752
 1.0510366 ]",29
0,1,6,0.9,0.34143874049186707,0.38446375727653503,[0.2950345  0.3120868  0.33961082 0.35486358 0.36257288 0.38446376],30
1,2,6,0.9,0.36343273520469666,0.4574044346809387,[0.3031481  0.3254697  0.34533015 0.35532784 0.3939163  0.45740443],30
2,3,6,0.9,0.36925795674324036,0.4374365210533142,[0.3055704  0.3145869  0.34900242 0.39206663 0.41688484 0.43743652],30
3,4,6,0.9,0.33670341968536377,0.40821048617362976,[0.26765454 0.2895416  0.33729467 0.3466966  0.37082267 0.4082105 ],30
4,5,6,0.9,0.3333871364593506,0.39147311449050903,[0.298445   0.30301908 0.31831723 0.340279   0.34878936 0.3914731 ],30
5,6,6,0.9,0.34159108996391296,0.39551374316215515,[0.2861966  0.30577067 0.32963428 0.3582517  0.3741795  0.39551374],30
6,7,6,0.9,0.34504029154777527,0.4113902449607849,[0.2945068  0.30051643 0.332308   0.35575455 0.37576562 0.41139024],30
7,8,6,0.9,0.34969624876976013,0.4095154106616974,[0.29199716 0.321918   0.3394202  0.3552449  0.3800818  0.4095154 ],30
8,9,7,0.9,0.3553827702999115,0.42689231038093567,"[0.3013943  0.30653107 0.32807642 0.3484711  0.37538376 0.40093055
 0.4268923 ]",30
9,10,7,0.9,0.3843414783477783,0.5254315733909607,"[0.31030953 0.3424973  0.35010564 0.35880613 0.3817009  0.42153928
 0.5254316 ]",30
10,11,7,0.9,0.5048312544822693,1.1296460628509521,"[0.31728587 0.34155738 0.34779477 0.39460805 0.42459252 0.5783344
 1.1296461 ]",30
0,1,6,0.9,0.33908769488334656,0.3841777741909027,[0.29229167 0.30988255 0.33752173 0.350956   0.35969636 0.38417777],31
1,2,6,0.9,0.3614090383052826,0.4531296491622925,[0.29519597 0.32406798 0.3464223  0.35434914 0.39528888 0.45312965],31
2,3,6,0.9,0.3671196401119232,0.4290037155151367,[0.30148646 0.316937   0.35126862 0.38979018 0.4142318  0.42900372],31
3,4,6,0.9,0.3342114984989166,0.40891367197036743,[0.2658499  0.28800216 0.3247251  0.3463231  0.37145507 0.40891367],31
4,5,6,0.9,0.3284602463245392,0.3996467888355255,[0.2901893  0.29835942 0.30741534 0.33457166 0.3405791  0.3996468 ],31
5,6,6,0.9,0.3345881998538971,0.38334834575653076,[0.28240293 0.30145174 0.32283533 0.34959352 0.36789757 0.38334835],31
6,7,6,0.9,0.34237173199653625,0.41519495844841003,[0.28866202 0.29721713 0.3238077  0.35595265 0.37339616 0.41519496],31
7,8,7,0.9,0.3459952473640442,0.41955867409706116,"[0.28074372 0.31102842 0.3308177  0.34655905 0.35641778 0.3768415
 0.41955867]",31
8,9,7,0.9,0.3493961989879608,0.41370531916618347,"[0.30258694 0.3060778  0.32150742 0.346367   0.36926436 0.38626444
 0.41370532]",31
9,10,8,0.9,0.39258211851119995,0.5312470197677612,"[0.29064453 0.33106205 0.3432761  0.355188   0.36952308 0.41820154
 0.50151443 0.531247  ]",31
10,11,8,0.9,0.4739673137664795,0.9875974655151367,"[0.2948327  0.31027538 0.32906222 0.3543957  0.38375562 0.42371833
 0.70810103 0.98759747]",31
0,1,6,0.9,0.339470237493515,0.3862895965576172,[0.29275385 0.30880022 0.3377105  0.3473349  0.36393234 0.3862896 ],32
1,2,6,0.9,0.3616636097431183,0.4481998085975647,[0.2959913  0.3232471  0.34796226 0.353592   0.40098932 0.4481998 ],32
2,3,6,0.9,0.36966919898986816,0.436968594789505,[0.30851042 0.32054558 0.34706318 0.39015535 0.414772   0.4369686 ],32
3,4,6,0.9,0.33740267157554626,0.40650472044944763,[0.2661358  0.29381484 0.3317748  0.34142637 0.3847594  0.40650472],32
4,5,6,0.9,0.33710095286369324,0.40033143758773804,[0.29606974 0.3096444  0.3160766  0.34626517 0.35421836 0.40033144],32
5,6,6,0.9,0.34141525626182556,0.38707053661346436,[0.29057068 0.30497208 0.3204209  0.36573237 0.37972498 0.38707054],32
6,7,6,0.9,0.3538992404937744,0.4343630075454712,[0.29866344 0.3018905  0.33993006 0.3682254  0.3803232  0.434363  ],32
7,8,6,0.9,0.3503745496273041,0.40590569376945496,[0.29076847 0.32630637 0.33899045 0.3599222  0.3803542  0.4059057 ],32
8,9,6,0.9,0.35388365387916565,0.4055010974407196,[0.30948728 0.3245156  0.32662418 0.36816165 0.38901207 0.4055011 ],32
9,10,7,0.9,0.3760247528553009,0.49724599719047546,"[0.29430982 0.33673084 0.35425943 0.36384878 0.3728546  0.41292384
 0.497246  ]",32
10,11,7,0.9,0.49198129773139954,1.0896151065826416,"[0.29715812 0.33369416 0.34392864 0.37180483 0.41691148 0.59075683
 1.0896151 ]",32
0,1,6,0.9,0.33981409668922424,0.38447409868240356,[0.2941489  0.3093438  0.33854833 0.35162738 0.3607421  0.3844741 ],33
1,2,6,0.9,0.3585664927959442,0.4503912925720215,[0.29503265 0.3214614  0.344795   0.34715727 0.3925613  0.4503913 ],33
2,3,6,0.9,0.3665606677532196,0.43414753675460815,[0.30628365 0.31297523 0.34375447 0.3880211  0.4141819  0.43414754],33
3,4,6,0.9,0.33817052841186523,0.4059075117111206,[0.26661745 0.29146063 0.34103954 0.34653676 0.37746134 0.4059075 ],33
4,5,6,0.9,0.33531424403190613,0.4018160402774811,[0.29743505 0.304901   0.31408936 0.34228727 0.35135663 0.40181604],33
5,6,6,0.9,0.34001994132995605,0.3903735876083374,[0.28754938 0.30521992 0.32183567 0.3576389  0.37750226 0.3903736 ],33
6,7,6,0.9,0.3438474237918854,0.41893360018730164,[0.2922741  0.29667547 0.33220384 0.35165194 0.37134567 0.4189336 ],33
7,8,7,0.9,0.3463304936885834,0.40848052501678467,"[0.27891928 0.31480414 0.33692327 0.3474163  0.3592465  0.3785234
 0.40848053]",33
8,9,7,0.9,0.3493160605430603,0.41580644249916077,"[0.30314448 0.3075278  0.32035407 0.3469291  0.36468813 0.38676235
 0.41580644]",33
9,10,8,0.9,0.404011994600296,0.598685085773468,"[0.3083115  0.33627576 0.34919637 0.35725337 0.3707251  0.40906563
 0.5025831  0.5986851 ]",33
10,11,8,0.9,0.47677409648895264,0.9757474660873413,"[0.3105706  0.3123057  0.34265754 0.35916173 0.40395668 0.43568853
 0.6741045  0.97574747]",33
0,1,6,0.9,0.3392617702484131,0.38353222608566284,[0.29418567 0.30865625 0.33805123 0.35080478 0.36034048 0.38353223],34
1,2,6,0.9,0.3600495159626007,0.45270806550979614,[0.29664713 0.32194927 0.34656817 0.3490725  0.39335203 0.45270807],34
2,3,6,0.9,0.36676669120788574,0.4354325532913208,[0.30463105 0.31367797 0.3453319  0.3873493  0.41417715 0.43543255],34
3,4,6,0.9,0.3353114426136017,0.4035385549068451,[0.2644814  0.28932357 0.33468145 0.34575215 0.37409163 0.40353855],34
4,5,6,0.9,0.33279287815093994,0.4013916850090027,[0.2942948  0.3013911  0.3134057  0.3381752  0.34809875 0.40139169],34
5,6,6,0.9,0.33803844451904297,0.3881775140762329,[0.28616154 0.30310217 0.32148272 0.3568939  0.3724129  0.3881775 ],34
6,7,6,0.9,0.343295693397522,0.41657811403274536,[0.29323614 0.2944224  0.33072078 0.3524811  0.37233555 0.4165781 ],34
7,8,7,0.9,0.346467524766922,0.41221314668655396,"[0.27740502 0.31448135 0.3353725  0.34929043 0.3584223  0.37808803
 0.41221315]",34
8,9,7,0.9,0.3495984673500061,0.41691797971725464,"[0.3030706  0.305677   0.321435   0.34603116 0.36920112 0.38485643
 0.41691798]",34
9,10,8,0.9,0.39669859409332275,0.5464268922805786,"[0.30228516 0.33569416 0.34593728 0.35650966 0.3696856  0.41279697
 0.50425303 0.5464269 ]",34
10,11,8,0.9,0.474032461643219,0.9817887544631958,"[0.30337822 0.3122434  0.33910838 0.3570481  0.38571697 0.42872307
 0.684253   0.98178875]",34
0,1,6,0.9,0.3417442739009857,0.38984039425849915,[0.29293162 0.31163123 0.34197494 0.35285607 0.3612313  0.3898404 ],35
1,2,6,0.9,0.35844066739082336,0.4473465383052826,[0.29100955 0.31987977 0.34691158 0.349896   0.39560083 0.44734654],35
2,3,6,0.9,0.36558520793914795,0.4304429888725281,[0.30490437 0.3130271  0.34300914 0.38769835 0.41442916 0.430443  ],35
3,4,6,0.9,0.33542513847351074,0.40559929609298706,[0.26404142 0.2909144  0.3328287  0.34065527 0.37851182 0.4055993 ],35
4,5,6,0.9,0.3307391107082367,0.3938181400299072,[0.2930862  0.3039561  0.30676287 0.33898795 0.34782344 0.39381814],35
5,6,6,0.9,0.33579668402671814,0.3837077021598816,[0.28466016 0.3015501  0.31935185 0.35489225 0.370618   0.3837077 ],35
6,7,6,0.9,0.34184351563453674,0.42301177978515625,[0.28711295 0.29165575 0.3255763  0.3536061  0.37009826 0.42301178],35
7,8,7,0.9,0.3434578776359558,0.4088922142982483,"[0.27754253 0.31119803 0.3307052  0.3472974  0.3528309  0.37573883
 0.4088922 ]",35
8,9,7,0.9,0.348838746547699,0.40986618399620056,"[0.29504967 0.3073326  0.31630605 0.3510952  0.3728536  0.38936788
 0.40986618]",35
9,10,8,0.9,0.40441668033599854,0.6345634460449219,"[0.29687014 0.33667293 0.3452759  0.35894206 0.3685695  0.40678412
 0.48765537 0.63456345]",35
10,11,8,0.9,0.4796513020992279,0.9414079189300537,"[0.3047644  0.31054175 0.3355693  0.35557327 0.40298763 0.45267045
 0.7336956  0.9414079 ]",35
0,1,6,0.9,0.33952656388282776,0.3847038149833679,[0.29283914 0.30957866 0.33743712 0.35143158 0.36116907 0.38470381],36
1,2,6,0.9,0.36082491278648376,0.45178136229515076,[0.29623887 0.32497105 0.34548876 0.35093224 0.39553726 0.45178136],36
2,3,6,0.9,0.3655071258544922,0.42995548248291016,[0.30074066 0.31445572 0.34856692 0.38546214 0.41386202 0.42995548],36
3,4,6,0.9,0.33222076296806335,0.4035654067993164,[0.26207498 0.2873217  0.32938394 0.34108746 0.36989108 0.4035654 ],36
4,5,6,0.9,0.32769665122032166,0.39470401406288147,[0.28921387 0.29791972 0.3091268  0.33460325 0.3406123  0.394704  ],36
5,6,6,0.9,0.3344985246658325,0.3846622109413147,[0.28304285 0.3009597  0.32151705 0.3491448  0.36766464 0.3846622 ],36
6,7,7,0.9,0.3454831540584564,0.44011083245277405,"[0.28581038 0.2907429  0.32150707 0.34007964 0.3631591  0.37697232
 0.44011083]",36
7,8,7,0.9,0.3432683050632477,0.4144347906112671,"[0.27610466 0.30970484 0.32965434 0.345481   0.3524678  0.37503067
 0.4144348 ]",36
8,9,7,0.9,0.3484484851360321,0.41319024562835693,"[0.29823938 0.30226353 0.3208088  0.34566984 0.36838597 0.3905817
 0.41319025]",36
9,10,8,0.9,0.3999955952167511,0.542094349861145,"[0.29610917 0.33254653 0.34595117 0.3538687  0.37004042 0.41949576
 0.53985864 0.54209435]",36
10,11,8,0.9,0.4756620526313782,0.9720792770385742,"[0.3020997  0.30757543 0.3362682  0.35448653 0.39517775 0.43302733
 0.7045823  0.9720793 ]",36
0,1,6,0.9,0.3400109112262726,0.38401201367378235,[0.2953246  0.3091413  0.33839738 0.35171977 0.36147037 0.384012  ],37
1,2,6,0.9,0.3607984781265259,0.4522479474544525,[0.2949705  0.325358   0.34562814 0.3503228  0.39626354 0.45224795],37
2,3,6,0.9,0.370556116104126,0.4390958547592163,[0.30815098 0.31766888 0.35028356 0.39228338 0.41585398 0.43909585],37
3,4,6,0.9,0.34105947613716125,0.40593451261520386,[0.2704179  0.29427058 0.34499756 0.3523274  0.37840888 0.4059345 ],37
4,5,6,0.9,0.33892008662223816,0.4127785563468933,[0.29829353 0.3068501  0.3166617  0.34480187 0.3541345  0.41277856],37
5,6,6,0.9,0.34368813037872314,0.39400961995124817,[0.29130542 0.30992028 0.32613692 0.35874432 0.38201216 0.39400962],37
6,7,6,0.9,0.34554409980773926,0.4207736849784851,[0.29290295 0.29976627 0.33331946 0.35351247 0.3729897  0.42077368],37
7,8,7,0.9,0.34974145889282227,0.41022858023643494,"[0.28071854 0.31610918 0.34328815 0.3518514  0.36352822 0.382466
 0.41022858]",37
8,9,7,0.9,0.3498578667640686,0.416984498500824,"[0.3050215  0.31253916 0.32305133 0.348285   0.3620987  0.3810249
 0.4169845 ]",37
9,10,8,0.9,0.4082694947719574,0.6192328333854675,"[0.3133148  0.33495444 0.35059416 0.36273232 0.37191394 0.40937918
 0.5040344  0.61923283]",37
10,11,8,0.9,0.47298765182495117,0.9420356750488281,"[0.30156696 0.3153127  0.3383692  0.360112   0.393208   0.43883723
 0.6944593  0.9420357 ]",37
0,1,6,0.9,0.34147682785987854,0.38400930166244507,[0.29601663 0.31136948 0.34119365 0.35489258 0.36137936 0.3840093 ],38
1,2,6,0.9,0.3667713701725006,0.4619186520576477,[0.29937282 0.33007243 0.34964138 0.3590839  0.40053922 0.46191865],38
2,3,6,0.9,0.3781784772872925,0.4489315450191498,[0.310299   0.32537144 0.35960016 0.40426075 0.420608   0.44893155],38
3,4,6,0.9,0.34489235281944275,0.41042178869247437,[0.2781004  0.29767656 0.34539232 0.36159474 0.37616822 0.4104218 ],38
4,5,6,0.9,0.3422671854496002,0.4196428060531616,[0.29826027 0.30772504 0.32551965 0.3445828  0.3578726  0.4196428 ],38
5,6,6,0.9,0.34941330552101135,0.40558403730392456,[0.29278895 0.31504488 0.33855426 0.36393687 0.3805709  0.40558404],38
6,7,6,0.9,0.35041746497154236,0.4204750061035156,[0.30104113 0.30699176 0.33474332 0.35714036 0.38211334 0.420475  ],38
7,8,6,0.9,0.3573625087738037,0.4152672290802002,[0.29968128 0.3271052  0.35470608 0.36435658 0.3830587  0.41526723],38
8,9,7,0.9,0.35579919815063477,0.4218434691429138,"[0.3085442  0.31807736 0.3310635  0.353348   0.36928385 0.3884338
 0.42184347]",38
9,10,7,0.9,0.38763856887817383,0.5194154977798462,"[0.32140934 0.34164706 0.35388985 0.3680361  0.38241294 0.42665932
 0.5194155 ]",38
10,11,7,0.9,0.4685620665550232,0.9933517575263977,"[0.31537557 0.32620502 0.3492333  0.37743953 0.4131062  0.5052232
 0.99335176]",38
0,1,6,0.9,0.3413400650024414,0.38555043935775757,[0.29352635 0.31154063 0.3421713  0.35485005 0.36040166 0.38555044],39
1,2,6,0.9,0.36206164956092834,0.456104040145874,[0.29437616 0.3241114  0.34793308 0.35396877 0.39587653 0.45610404],39
2,3,6,0.9,0.3747861385345459,0.44204384088516235,[0.3087461  0.32275605 0.35494182 0.4009351  0.4192939  0.44204384],39
3,4,6,0.9,0.3450131118297577,0.41303494572639465,[0.27769086 0.29716015 0.35020104 0.3538169  0.37817472 0.41303495],39
4,5,6,0.9,0.342079758644104,0.4127090275287628,[0.30213216 0.3129183  0.32049695 0.34678164 0.35744065 0.41270903],39
5,6,6,0.9,0.34808149933815,0.40346112847328186,[0.2919775  0.31399345 0.3352794  0.36232594 0.38145152 0.40346113],39
6,7,6,0.9,0.3495257794857025,0.42407265305519104,[0.29967666 0.30614388 0.33230507 0.3551664  0.37978995 0.42407265],39
7,8,6,0.9,0.35577377676963806,0.409067302942276,[0.30129632 0.32605898 0.35337833 0.35968316 0.38515845 0.4090673 ],39
8,9,7,0.9,0.35547420382499695,0.42237770557403564,"[0.30703494 0.3164095  0.3278192  0.35696417 0.36516213 0.39255178
 0.4223777 ]",39
9,10,7,0.9,0.3852059543132782,0.5123392343521118,"[0.3236861  0.34191912 0.3545176  0.36561403 0.377678   0.4206877
 0.51233923]",39
10,11,8,0.9,0.4640774130821228,0.9600439667701721,"[0.30585995 0.31476468 0.339553   0.35020956 0.39090127 0.4346544
 0.61663264 0.96004397]",39
0,1,6,0.9,0.3394869565963745,0.3833737075328827,[0.2941717  0.30902568 0.33752477 0.3511827  0.36164325 0.3833737 ],40
1,2,6,0.9,0.36078521609306335,0.4519614279270172,[0.29627928 0.32456478 0.346311   0.3488961  0.39669862 0.45196143],40
2,3,6,0.9,0.36856016516685486,0.43608224391937256,[0.30486608 0.31702554 0.3514915  0.38697264 0.41492286 0.43608224],40
3,4,6,0.9,0.33476004004478455,0.401653528213501,[0.26403296 0.289628   0.33639964 0.343807   0.37303913 0.40165353],40
4,5,6,0.9,0.3325210511684418,0.40477854013442993,[0.29181513 0.30188686 0.31234914 0.33818418 0.34611234 0.40477854],40
5,6,6,0.9,0.33836284279823303,0.3893199861049652,[0.2883985  0.3038557  0.3224402  0.3543182  0.37184453 0.38932   ],40
6,7,6,0.9,0.3410496711730957,0.4142027795314789,[0.28932023 0.29071566 0.3274684  0.35330442 0.37128654 0.41420278],40
7,8,7,0.9,0.34459927678108215,0.41228675842285156,"[0.27480268 0.3100004  0.33326223 0.34716955 0.3565054  0.37816793
 0.41228676]",40
8,9,7,0.9,0.34799453616142273,0.41399717330932617,"[0.30035168 0.3031419  0.32300627 0.3453798  0.36593765 0.38414723
 0.41399717]",40
9,10,8,0.9,0.4069848656654358,0.5711005330085754,"[0.30207565 0.3324273  0.3482298  0.35761946 0.37140498 0.4195006
 0.5535207  0.57110053]",40
10,11,8,0.9,0.4768466055393219,0.9684021472930908,"[0.3076967  0.31345904 0.33473134 0.3596     0.38630858 0.44367594
 0.700899   0.96840215]",40
0,1,6,0.9,0.33918264508247375,0.3852088749408722,[0.29116863 0.30950704 0.33900532 0.3512712  0.35893476 0.38520887],41
1,2,6,0.9,0.35741832852363586,0.4488373100757599,[0.29043856 0.31913456 0.3449676  0.34869605 0.392436   0.4488373 ],41
2,3,6,0.9,0.3659767210483551,0.42865222692489624,[0.30351585 0.31528774 0.34653568 0.38813436 0.41373453 0.42865223],41
3,4,6,0.9,0.3359639644622803,0.4078943133354187,[0.26614013 0.29009202 0.33515692 0.3414666  0.37503374 0.4078943 ],41
4,5,6,0.9,0.33142685890197754,0.40075960755348206,[0.29445997 0.30293217 0.3073606  0.33776715 0.34528172 0.4007596 ],41
5,6,6,0.9,0.33625924587249756,0.3856581747531891,[0.2847145  0.30273092 0.32129574 0.35306057 0.37009546 0.38565817],41
6,7,6,0.9,0.3419816195964813,0.4202251136302948,[0.29044604 0.29391176 0.32430077 0.352029   0.3709769  0.4202251 ],41
7,8,7,0.9,0.3441328704357147,0.4114227294921875,"[0.27982065 0.31136677 0.33218318 0.34458843 0.35385028 0.37569806
 0.41142273]",41
8,9,7,0.9,0.34761661291122437,0.4127938747406006,"[0.30192155 0.30472663 0.31713107 0.3479988  0.36209935 0.38664493
 0.41279387]",41
9,10,8,0.9,0.4080609679222107,0.6332972049713135,"[0.30109078 0.33322507 0.34655395 0.35519505 0.3680699  0.41118702
 0.51586896 0.6332972 ]",41
10,11,8,0.9,0.4894084334373474,1.0067763328552246,"[0.3059213  0.31139478 0.33244592 0.35967588 0.40913308 0.43754822
 0.75237185 1.0067763 ]",41
0,1,6,0.9,0.339200884103775,0.38318657875061035,[0.29369995 0.30903098 0.3382334  0.3513426  0.35971195 0.38318658],42
1,2,6,0.9,0.36266419291496277,0.4566950798034668,[0.29920888 0.32345268 0.34740385 0.35481745 0.39440706 0.45669508],42
2,3,6,0.9,0.36819276213645935,0.43611598014831543,[0.30327725 0.31642944 0.34851405 0.3894693  0.4153507  0.43611598],42
3,4,6,0.9,0.33443284034729004,0.40563902258872986,[0.26501966 0.28901672 0.32898495 0.3477743  0.37016237 0.40563902],42
4,5,6,0.9,0.33071663975715637,0.3994121849536896,[0.2921135  0.29820427 0.31488633 0.33550704 0.34417656 0.39941218],42
5,6,6,0.9,0.3371378183364868,0.38953694701194763,[0.28430378 0.30164823 0.3247307  0.35367167 0.3689356  0.38953695],42
6,7,6,0.9,0.34327343106269836,0.41320523619651794,[0.29297766 0.29741144 0.32792193 0.35324103 0.37488335 0.41320524],42
7,8,7,0.9,0.3480757176876068,0.42159098386764526,"[0.28035364 0.3129754  0.3360884  0.349042   0.35860053 0.37787902
 0.42159098]",42
8,9,7,0.9,0.35096433758735657,0.4178537130355835,"[0.3016149  0.3066786  0.32420853 0.34504303 0.37364706 0.38770467
 0.4178537 ]",42
9,10,8,0.9,0.3949473202228546,0.5265355706214905,"[0.29708686 0.3367839  0.34418717 0.35575968 0.37010223 0.41792995
 0.5111932  0.5265356 ]",42
10,11,8,0.9,0.47666218876838684,0.9908897876739502,"[0.3019981  0.31448615 0.33726767 0.35610402 0.37920588 0.42282575
 0.71052015 0.9908898 ]",42
0,1,6,0.9,0.3403245210647583,0.3851449489593506,[0.29476336 0.31047055 0.338977   0.351108   0.36148337 0.38514495],43
1,2,6,0.9,0.35948291420936584,0.4511694610118866,[0.2947607  0.3211904  0.34566894 0.35007143 0.3940368  0.45116946],43
2,3,6,0.9,0.36735859513282776,0.43589723110198975,[0.3054735  0.3130422  0.34553945 0.38984713 0.41435203 0.43589723],43
3,4,6,0.9,0.33627498149871826,0.4055192172527313,[0.26646605 0.28888264 0.33350104 0.34446597 0.37881508 0.40551922],43
4,5,6,0.9,0.33414027094841003,0.40146854519844055,[0.29921332 0.30365682 0.30965066 0.34021953 0.35063285 0.40146855],43
5,6,6,0.9,0.33934247493743896,0.38686394691467285,[0.28742158 0.30485612 0.32002893 0.36214495 0.3747393  0.38686395],43
6,7,6,0.9,0.34588873386383057,0.4216642379760742,[0.2946536  0.2956787  0.33359116 0.35598567 0.37375906 0.42166424],43
7,8,6,0.9,0.34638604521751404,0.4018608331680298,[0.2858738  0.32110128 0.3355045  0.3575902  0.37638572 0.40186083],43
8,9,7,0.9,0.3518518805503845,0.4206227660179138,"[0.30207607 0.3108424  0.32149217 0.35196882 0.37202987 0.38393086
 0.42062277]",43
9,10,7,0.9,0.3795132339000702,0.5104541778564453,"[0.30243388 0.33553672 0.3513017  0.36113483 0.37637275 0.41935846
 0.5104542 ]",43
10,11,7,0.9,0.4889652132987976,1.0831530094146729,"[0.30605564 0.33003858 0.34396222 0.37536198 0.41305277 0.5711321
 1.083153  ]",43
0,1,6,0.9,0.34222841262817383,0.3867754638195038,[0.29435953 0.3139205  0.3412134  0.35556298 0.36153862 0.38677546],44
1,2,6,0.9,0.36044010519981384,0.4537798762321472,[0.29686016 0.32199165 0.34625462 0.35179883 0.39195538 0.45377988],44
2,3,6,0.9,0.3675096035003662,0.4320678114891052,[0.30578312 0.3118625  0.34637314 0.39268124 0.41628975 0.4320678 ],44
3,4,6,0.9,0.3377746641635895,0.41209009289741516,[0.26875868 0.28948835 0.33553725 0.34533703 0.3754366  0.4120901 ],44
4,5,6,0.9,0.33185121417045593,0.39088937640190125,[0.29877505 0.30259034 0.31143484 0.33924848 0.34816918 0.39088938],44
5,6,6,0.9,0.3388291597366333,0.38969355821609497,[0.28343996 0.30419436 0.32509947 0.35718587 0.37336183 0.38969356],44
6,7,6,0.9,0.34379005432128906,0.41521966457366943,[0.29188368 0.29915914 0.32909358 0.3541816  0.37320262 0.41521966],44
7,8,6,0.9,0.3469690978527069,0.4058649241924286,[0.29069278 0.3193114  0.3353102  0.35327598 0.37735912 0.40586492],44
8,9,7,0.9,0.3522549569606781,0.41796180605888367,"[0.30158824 0.30579898 0.32191592 0.34862906 0.3739792  0.3959116
 0.4179618 ]",44
9,10,7,0.9,0.3826168179512024,0.5212128758430481,"[0.30732808 0.33940157 0.34898603 0.35895157 0.38036898 0.42206877
 0.5212129 ]",44
10,11,7,0.9,0.4974610507488251,1.086330771446228,"[0.31420934 0.33648017 0.34668502 0.39046538 0.4249774  0.5830794
 1.0863308 ]",44
0,1,6,0.9,0.33872660994529724,0.3851492404937744,[0.2917598  0.30780748 0.3371374  0.34874994 0.3617558  0.38514924],45
1,2,6,0.9,0.35915061831474304,0.44628822803497314,[0.29630092 0.32072484 0.346341   0.34814665 0.397102   0.44628823],45
2,3,6,0.9,0.3639133870601654,0.42956194281578064,[0.303601   0.31464452 0.34356007 0.37944734 0.4126655  0.42956194],45
3,4,6,0.9,0.33164599537849426,0.4009557366371155,[0.25889    0.28857094 0.32960406 0.33682102 0.3750344  0.40095574],45
4,5,6,0.9,0.32861292362213135,0.393039345741272,[0.2860591  0.3030604  0.30812642 0.33732006 0.34407213 0.39303935],45
5,6,6,0.9,0.3322606384754181,0.3796318769454956,[0.28457186 0.2951636  0.31484765 0.34935677 0.36999214 0.37963188],45
6,7,6,0.9,0.34078025817871094,0.41794654726982117,[0.28205922 0.28955308 0.327314   0.35585856 0.37195018 0.41794655],45
7,8,7,0.9,0.34026387333869934,0.4077044725418091,"[0.27184024 0.31054097 0.32455766 0.3446733  0.3494043  0.37312612
 0.40770447]",45
8,9,7,0.9,0.350506454706192,0.41144925355911255,"[0.2983495  0.30793276 0.32230717 0.3493336  0.37148923 0.39268374
 0.41144925]",45
9,10,7,0.9,0.37998348474502563,0.5234470367431641,"[0.29445136 0.33449832 0.34782276 0.36359996 0.37341428 0.42265084
 0.52344704]",45
10,11,7,0.9,0.5117496848106384,1.165411353111267,"[0.3033467  0.33346462 0.34288132 0.38518953 0.4372533  0.61470103
 1.1654114 ]",45
0,1,6,0.9,0.33949342370033264,0.3839552104473114,[0.29255325 0.30934107 0.33853057 0.35194704 0.3606333  0.3839552 ],46
1,2,6,0.9,0.36528944969177246,0.4595686197280884,[0.2993338  0.32865566 0.34691948 0.359976   0.39728335 0.45956862],46
2,3,6,0.9,0.3706420660018921,0.4379745423793793,[0.30119526 0.32055464 0.35306162 0.39417604 0.4168903  0.43797454],46
3,4,6,0.9,0.33623263239860535,0.40812864899635315,[0.27041835 0.29051888 0.3309267  0.34868836 0.36871472 0.40812865],46
4,5,6,0.9,0.3326474130153656,0.4002171754837036,[0.2962113  0.29944658 0.31831172 0.33760542 0.34409228 0.40021718],46
5,6,6,0.9,0.34040117263793945,0.39606890082359314,[0.2851907  0.3063163  0.33000785 0.3542498  0.37057355 0.3960689 ],46
6,7,6,0.9,0.3465379774570465,0.41574519872665405,[0.29681042 0.30361992 0.3297129  0.35554963 0.37778968 0.4157452 ],46
7,8,7,0.9,0.35373157262802124,0.42678117752075195,"[0.28907695 0.31901184 0.3423045  0.35082993 0.36368796 0.38442847
 0.42678118]",46
8,9,7,0.9,0.3557194173336029,0.4276276230812073,"[0.30278528 0.3091797  0.32766366 0.35129148 0.3750082  0.3964803
 0.42762762]",46
9,10,8,0.9,0.3916116952896118,0.519902229309082,"[0.30022675 0.3381921  0.34454945 0.3593072  0.3653744  0.4212165
 0.48412487 0.5199022 ]",46
10,11,8,0.9,0.47389358282089233,0.9930022954940796,"[0.29555756 0.30948612 0.34048772 0.3528623  0.37636012 0.423176
 0.70021653 0.9930023 ]",46
0,1,6,0.9,0.34084978699684143,0.3862297832965851,[0.2931448  0.3117867  0.34006447 0.35300335 0.36086974 0.38622978],47
1,2,6,0.9,0.3589850962162018,0.4515472948551178,[0.29226023 0.32154724 0.34539142 0.3500191  0.3931453  0.4515473 ],47
2,3,6,0.9,0.36743631958961487,0.43244442343711853,[0.30386287 0.31399462 0.3469959  0.39199814 0.41532204 0.43244442],47
3,4,6,0.9,0.33710744976997375,0.4092087149620056,[0.26830128 0.2894073  0.33592823 0.3435121  0.37628713 0.40920871],47
4,5,6,0.9,0.3331427574157715,0.3982612192630768,[0.30058348 0.30280507 0.3088069  0.33973783 0.34866202 0.39826122],47
5,6,6,0.9,0.3393367826938629,0.38885411620140076,[0.28534213 0.30618915 0.32340205 0.35873517 0.37349808 0.38885412],47
6,7,6,0.9,0.34448352456092834,0.4199104309082031,[0.29369667 0.29686707 0.328932   0.3544247  0.3730705  0.41991043],47
7,8,7,0.9,0.3486562669277191,0.4140876829624176,"[0.28334042 0.3164618  0.33621162 0.34931535 0.360402   0.38077495
 0.41408768]",47
8,9,7,0.9,0.35076966881752014,0.4167729616165161,"[0.30177018 0.30708286 0.31978613 0.35242411 0.36819658 0.38935485
 0.41677296]",47
9,10,8,0.9,0.3968465328216553,0.5478259325027466,"[0.30262613 0.33420932 0.34257182 0.3559542  0.36891395 0.41444662
 0.50822425 0.54782593]",47
10,11,8,0.9,0.47406578063964844,1.012466311454773,"[0.30563203 0.30914247 0.33579692 0.35529256 0.39228323 0.42444855
 0.6574642  1.0124663 ]",47
0,1,6,0.9,0.3394061326980591,0.38496485352516174,[0.2936771  0.30897668 0.33735338 0.35007212 0.36139268 0.38496485],48
1,2,6,0.9,0.3586285412311554,0.4487888216972351,[0.2947174  0.3225297  0.34396258 0.34817353 0.39359936 0.44878882],48
2,3,6,0.9,0.3648258447647095,0.4304315447807312,[0.3031403  0.3129034  0.34288082 0.38693836 0.41266072 0.43043154],48
3,4,6,0.9,0.3363913297653198,0.40628954768180847,[0.26486441 0.29043543 0.33463973 0.34444177 0.37767702 0.40628955],48
4,5,6,0.9,0.33301299810409546,0.3989452123641968,[0.29514986 0.30310595 0.31136715 0.34115177 0.34835798 0.3989452 ],48
5,6,6,0.9,0.3375447988510132,0.3842199146747589,[0.28563717 0.3037708  0.31940576 0.35851982 0.37371546 0.3842199 ],48
6,7,6,0.9,0.3446137607097626,0.42026951909065247,[0.29214105 0.29739252 0.33228424 0.35447913 0.37111613 0.42026952],48
7,8,7,0.9,0.34568580985069275,0.4067675471305847,"[0.2784684  0.31654394 0.3338308  0.34856153 0.3580791  0.37754932
 0.40676755]",48
8,9,7,0.9,0.35037487745285034,0.4178626835346222,"[0.30450803 0.30837318 0.31986937 0.3483129  0.3670109  0.38668713
 0.41786268]",48
9,10,7,0.9,0.37903860211372375,0.5132714509963989,"[0.30401203 0.3355436  0.352062   0.36071488 0.37230426 0.41536206
 0.51327145]",48
10,11,8,0.9,0.46787229180336,0.9738208651542664,"[0.3013385  0.3141729  0.33983493 0.35403568 0.39736453 0.43089357
 0.6315174  0.97382087]",48
0,1,6,0.9,0.33815738558769226,0.3850019872188568,[0.29152742 0.3069397  0.33646807 0.34814453 0.36086264 0.385002  ],49
1,2,6,0.9,0.3589249551296234,0.44700193405151367,[0.29283336 0.3225489  0.34473664 0.3499016  0.39652735 0.44700193],49
2,3,6,0.9,0.3644220530986786,0.4283319115638733,[0.30150816 0.31643727 0.34511563 0.38360086 0.4115385  0.4283319 ],49
3,4,6,0.9,0.33339905738830566,0.40331611037254333,[0.26204276 0.28995654 0.33056235 0.3389046  0.37561196 0.4033161 ],49
4,5,6,0.9,0.33071663975715637,0.4004718065261841,[0.2898233  0.30339658 0.30745593 0.3386944  0.34445783 0.4004718 ],49
5,6,6,0.9,0.33459755778312683,0.3797169327735901,[0.28517544 0.3009034  0.3175265  0.35394934 0.37031376 0.37971693],49
6,7,6,0.9,0.3437868058681488,0.4229804277420044,[0.28919464 0.29444376 0.3281543  0.3564147  0.37153274 0.42298043],49
7,8,7,0.9,0.34354475140571594,0.4060172438621521,"[0.27647784 0.31471384 0.33021986 0.3468993  0.353195   0.37729022
 0.40601724]",49
8,9,7,0.9,0.3496728539466858,0.4148181676864624,"[0.30305463 0.3095495  0.31862903 0.35019374 0.36499986 0.386465
 0.41481817]",49
9,10,8,0.9,0.4029790759086609,0.6250017881393433,"[0.29511586 0.33132893 0.348613   0.35861325 0.36742014 0.40722662
 0.49051282 0.6250018 ]",49
10,11,8,0.9,0.4702546000480652,0.9344388246536255,"[0.29880682 0.3008139  0.33374858 0.3527707  0.39181057 0.443236
 0.70641136 0.9344388 ]",49
0,1,6,0.9,0.3387993276119232,0.38249966502189636,[0.2939144  0.30837476 0.3375516  0.35003006 0.3604255  0.38249967],50
1,2,6,0.9,0.35997703671455383,0.45233413577079773,[0.29658493 0.32116094 0.34669536 0.3490838  0.3940031  0.45233414],50
2,3,6,0.9,0.367999792098999,0.4363490343093872,[0.3057942  0.31579056 0.3477285  0.38782352 0.41451293 0.43634903],50
3,4,6,0.9,0.3356325328350067,0.4035951495170593,[0.26543668 0.2891129  0.33507738 0.34534618 0.37522668 0.40359515],50
4,5,6,0.9,0.3342149555683136,0.4050297141075134,[0.29674867 0.30286404 0.3123848  0.33920798 0.34905455 0.4050297 ],50
5,6,6,0.9,0.33890512585639954,0.38872280716896057,[0.28834465 0.3034989  0.32106727 0.35870868 0.3730885  0.3887228 ],50
6,7,6,0.9,0.3442796468734741,0.4183805584907532,[0.293311   0.29422042 0.3323398  0.35432455 0.37310144 0.41838056],50
7,8,7,0.9,0.34708788990974426,0.41288167238235474,"[0.27756363 0.31483975 0.33531147 0.34919792 0.3603677  0.3794533
 0.41288167]",50
8,9,7,0.9,0.34978893399238586,0.41690677404403687,"[0.3041303  0.3074378  0.3229366  0.34832445 0.36556616 0.38322037
 0.41690677]",50
9,10,8,0.9,0.39345914125442505,0.5372667908668518,"[0.30006203 0.33462265 0.3472468  0.3570563  0.36841628 0.4134443
 0.48955792 0.5372668 ]",50
10,11,8,0.9,0.4722372889518738,0.986996591091156,"[0.30184537 0.3110403  0.3326712  0.3581291  0.38191795 0.43080837
 0.67448926 0.9869966 ]",50
0,1,6,0.9,0.3386106491088867,0.3821982145309448,[0.29391217 0.308542   0.33756042 0.35071424 0.3587367  0.3821982 ],51
1,2,6,0.9,0.36234021186828613,0.4568610191345215,[0.29757494 0.32348907 0.347903   0.3545114  0.39370194 0.45686102],51
2,3,6,0.9,0.3695652186870575,0.4342453181743622,[0.30537817 0.31826523 0.34955612 0.39454603 0.41540033 0.43424532],51
3,4,6,0.9,0.339580774307251,0.41072404384613037,[0.27071294 0.29165512 0.33193853 0.3576319  0.37482214 0.41072404],51
4,5,6,0.9,0.3352085053920746,0.4090235233306885,[0.296025   0.30122784 0.31691596 0.33961725 0.34844142 0.40902352],51
5,6,6,0.9,0.3404260575771332,0.3894559442996979,[0.28654602 0.3056625  0.32814318 0.3597138  0.37303486 0.38945594],51
6,7,6,0.9,0.3480602204799652,0.41918453574180603,[0.30144212 0.3025077  0.33356148 0.3548068  0.37685865 0.41918454],51
7,8,6,0.9,0.35098350048065186,0.41367995738983154,[0.2924478  0.32231566 0.34487733 0.35729343 0.3752867  0.41367996],51
8,9,7,0.9,0.3527280390262604,0.41950833797454834,"[0.30673268 0.3161558  0.32636085 0.34856972 0.36729202 0.38447678
 0.41950834]",51
9,10,7,0.9,0.381253182888031,0.5134285688400269,"[0.3133873  0.3353718  0.3495601  0.36368376 0.37634033 0.41700038
 0.51342857]",51
10,11,7,0.9,0.48015472292900085,1.0318241119384766,"[0.3206579  0.33354363 0.35343325 0.3739107  0.4139185  0.53379506
 1.0318241 ]",51
0,1,6,0.9,0.3386453092098236,0.3850138783454895,[0.29273194 0.30692035 0.3372156  0.34852242 0.3614675  0.38501388],52
1,2,6,0.9,0.3625882565975189,0.45238062739372253,[0.29692432 0.32429066 0.34833544 0.35476202 0.3988364  0.45238063],52
2,3,6,0.9,0.36583685874938965,0.4346409738063812,[0.29958394 0.31709647 0.34757593 0.38295886 0.413165   0.43464097],52
3,4,6,0.9,0.33018574118614197,0.3999847173690796,[0.26100236 0.28726804 0.32493502 0.33744234 0.37048188 0.39998472],52
4,5,6,0.9,0.32851317524909973,0.39902743697166443,[0.28886694 0.29854107 0.30703378 0.3350507  0.34255907 0.39902744],52
5,6,6,0.9,0.3336400091648102,0.38212549686431885,[0.28368327 0.2978399  0.31774712 0.35086808 0.36957604 0.3821255 ],52
6,7,7,0.9,0.34869638085365295,0.4397885203361511,"[0.28996864 0.29215407 0.32362255 0.34672764 0.36696637 0.3816468
 0.43978852]",52
7,8,7,0.9,0.3466157019138336,0.4144211709499359,"[0.2770777  0.31540382 0.3305056  0.34999824 0.3548375  0.3840658
 0.41442117]",52
8,9,7,0.9,0.3530341684818268,0.4238315522670746,"[0.30302188 0.30703476 0.32278404 0.350764   0.3786258  0.38517717
 0.42383155]",52
9,10,8,0.9,0.3946123719215393,0.5293271541595459,"[0.29017472 0.3321106  0.3481283  0.35813573 0.3691048  0.4172674
 0.5126503  0.52932715]",52
10,11,8,0.9,0.4783906042575836,0.9933084845542908,"[0.29656556 0.30331936 0.33508462 0.349065   0.37525758 0.43362677
 0.74089736 0.9933085 ]",52
0,1,6,0.9,0.3400525748729706,0.38534513115882874,[0.2917882  0.3113794  0.33815905 0.35127193 0.36237168 0.38534513],53
1,2,6,0.9,0.35870876908302307,0.4491569995880127,[0.29237503 0.32234576 0.34500742 0.34813964 0.39522776 0.449157  ],53
2,3,6,0.9,0.3676109313964844,0.4300973117351532,[0.3041872  0.31644857 0.3495173  0.38999122 0.41542396 0.4300973 ],53
3,4,6,0.9,0.3360483646392822,0.40868738293647766,[0.2661109  0.28934988 0.3350344  0.3403997  0.37670782 0.40868738],53
4,5,6,0.9,0.33332180976867676,0.39582008123397827,[0.30090743 0.30573046 0.30766383 0.34243962 0.34736937 0.39582008],53
5,6,6,0.9,0.33936867117881775,0.3870898187160492,[0.28626436 0.3064386  0.32241347 0.35943228 0.37457347 0.38708982],53
6,7,6,0.9,0.3451062738895416,0.420759379863739,[0.29060626 0.29666507 0.33025938 0.35916054 0.3731871  0.42075938],53
7,8,7,0.9,0.3481282591819763,0.4141349494457245,"[0.28403783 0.31746578 0.33360136 0.3470837  0.35956052 0.3810137
 0.41413495]",53
8,9,7,0.9,0.3526098430156708,0.41858208179473877,"[0.30382383 0.30841303 0.32239375 0.35533264 0.365599   0.39412436
 0.41858208]",53
9,10,8,0.9,0.3940305709838867,0.5372885465621948,"[0.2963654  0.33250234 0.34523523 0.35476992 0.36656478 0.41473755
 0.50478095 0.53728855]",53
10,11,8,0.9,0.474584698677063,1.0241249799728394,"[0.29862556 0.31456748 0.32879966 0.35152456 0.39803198 0.43461663
 0.646387   1.024125  ]",53
0,1,6,0.9,0.3403261601924896,0.38418683409690857,[0.29627562 0.30985245 0.33731934 0.35096398 0.3633587  0.38418683],54
1,2,6,0.9,0.3644631803035736,0.4581192433834076,[0.3007008  0.32856423 0.3476928  0.35514978 0.3965522  0.45811924],54
2,3,6,0.9,0.36863255500793457,0.43884116411209106,[0.30128828 0.31531963 0.34809527 0.3924237  0.41582713 0.43884116],54
3,4,6,0.9,0.3360649347305298,0.40569671988487244,[0.26754677 0.28888515 0.3294687  0.35150483 0.37328747 0.40569672],54
4,5,6,0.9,0.3342916965484619,0.40028250217437744,[0.2976359  0.30135497 0.31641504 0.34088963 0.34917215 0.4002825 ],54
5,6,6,0.9,0.3417545258998871,0.39020204544067383,[0.28636944 0.30807334 0.325919   0.36533034 0.37463292 0.39020205],54
6,7,6,0.9,0.349535197019577,0.4180148243904114,[0.30069378 0.3033076  0.33727163 0.3608672  0.37705603 0.41801482],54
7,8,7,0.9,0.35590770840644836,0.42119255661964417,"[0.28525022 0.32685095 0.34155256 0.36009783 0.36863118 0.38777843
 0.42119256]",54
8,9,7,0.9,0.36159548163414,0.4558524191379547,"[0.30521932 0.31469402 0.32877105 0.35443586 0.38230193 0.38989386
 0.45585242]",54
9,10,7,0.9,0.3825226128101349,0.5102983117103577,"[0.30985948 0.3390392  0.35590374 0.36505145 0.3775102  0.4199958
 0.5102983 ]",54
10,11,7,0.9,0.48265478014945984,1.070977807044983,"[0.30889258 0.33189994 0.34365207 0.3725652  0.40149114 0.54910463
 1.0709778 ]",54
0,1,6,0.9,0.33937522768974304,0.38534051179885864,[0.29160288 0.31034935 0.3391392  0.3510709  0.3587484  0.3853405 ],55
1,2,6,0.9,0.35686907172203064,0.4470459222793579,[0.29224783 0.3162658  0.34654167 0.34778044 0.39133266 0.44704592],55
2,3,6,0.9,0.36516764760017395,0.4263300895690918,[0.30693948 0.3132183  0.34463483 0.38641202 0.41347128 0.4263301 ],55
3,4,6,0.9,0.3363919258117676,0.4104722738265991,[0.26507768 0.2910218  0.33099124 0.34238228 0.37840647 0.41047227],55
4,5,6,0.9,0.3299235999584198,0.39729073643684387,[0.28994069 0.30409107 0.30647752 0.33712947 0.3446121  0.39729074],55
5,6,6,0.9,0.33343514800071716,0.3804795742034912,[0.28365365 0.29804295 0.3177267  0.3516002  0.36910778 0.38047957],55
6,7,6,0.9,0.3421100676059723,0.4209563434123993,[0.28572538 0.2949451  0.32491916 0.3545923  0.37152222 0.42095634],55
7,8,6,0.9,0.3394772708415985,0.40126654505729675,[0.2830567  0.31128094 0.3273168  0.34645954 0.36748302 0.40126655],55
8,9,7,0.9,0.3483549952507019,0.4109932780265808,"[0.301314   0.30780807 0.31907472 0.3454856  0.36640942 0.3873998
 0.41099328]",55
9,10,7,0.9,0.3796546459197998,0.5227470397949219,"[0.29897603 0.33551192 0.34362322 0.36153036 0.3754938  0.41970015
 0.52274704]",55
10,11,7,0.9,0.5021877884864807,1.1027305126190186,"[0.31086734 0.32828113 0.3508119  0.37908545 0.43957105 0.60396713
 1.1027305 ]",55
0,1,6,0.9,0.3408445119857788,0.3864705562591553,[0.29335263 0.31118655 0.3396058  0.3521923  0.36225933 0.38647056],56
1,2,6,0.9,0.35927727818489075,0.45132431387901306,[0.29196528 0.32313693 0.34490255 0.34954044 0.3947942  0.4513243 ],56
2,3,6,0.9,0.36850976943969727,0.4361851215362549,[0.30371323 0.31577098 0.3468988  0.39255226 0.4159382  0.43618512],56
3,4,6,0.9,0.3387366533279419,0.4077133536338806,[0.26940438 0.2912992  0.34066135 0.34424984 0.3790919  0.40771335],56
4,5,6,0.9,0.3372291624546051,0.40144291520118713,[0.3033886  0.30817458 0.3125816  0.34463978 0.35314763 0.40144292],56
5,6,6,0.9,0.34361371397972107,0.3925091028213501,[0.28933045 0.31053218 0.32488292 0.3654331  0.37899444 0.3925091 ],56
6,7,6,0.9,0.34819695353507996,0.42452409863471985,[0.2977556  0.30013362 0.33445236 0.35739312 0.37492293 0.4245241 ],56
7,8,7,0.9,0.35277748107910156,0.41151392459869385,"[0.28635806 0.32262936 0.34225106 0.3534591  0.36578086 0.3874498
 0.41151392]",56
8,9,7,0.9,0.3544839322566986,0.422505646944046,"[0.30344483 0.31178477 0.32347146 0.35820103 0.37021822 0.39176187
 0.42250565]",56
9,10,8,0.9,0.3950071334838867,0.5381941795349121,"[0.30683786 0.33439025 0.34378153 0.35991696 0.3685948  0.41164342
 0.49669817 0.5381942 ]",56
10,11,8,0.9,0.46701130270957947,1.023742914199829,"[0.30130556 0.3102168  0.336768   0.34856048 0.39406568 0.42509
 0.59634084 1.0237429 ]",56
0,1,6,0.9,0.3411765396595001,0.38605064153671265,[0.2942342  0.31129807 0.34058034 0.35384014 0.36105588 0.38605064],57
1,2,6,0.9,0.36230409145355225,0.4567323625087738,[0.296306   0.32544938 0.3465736  0.3543084  0.394455   0.45673236],57
2,3,6,0.9,0.369211345911026,0.43823376297950745,[0.30310136 0.31545568 0.34789777 0.39399177 0.4165877  0.43823376],57
3,4,6,0.9,0.33792874217033386,0.4077468812465668,[0.2700296  0.2909601  0.33781913 0.34775227 0.37326458 0.40774688],57
4,5,6,0.9,0.33436644077301025,0.39916762709617615,[0.29812557 0.30361235 0.3160369  0.33929253 0.3499638  0.39916763],57
5,6,6,0.9,0.34189414978027344,0.3951498568058014,[0.28597862 0.3080647  0.32871196 0.36021248 0.37324727 0.39514986],57
6,7,6,0.9,0.3466448485851288,0.4189434051513672,[0.29806486 0.30132285 0.33130932 0.35438433 0.37584424 0.4189434 ],57
7,8,7,0.9,0.35326269268989563,0.4198892414569855,"[0.28714746 0.32056996 0.34273133 0.35361043 0.3639531  0.38493738
 0.41988924]",57
8,9,7,0.9,0.3552992641925812,0.4287797212600708,"[0.30293077 0.30840442 0.32408556 0.35251063 0.37762254 0.39276114
 0.42877972]",57
9,10,8,0.9,0.3947426676750183,0.5139216780662537,"[0.30715483 0.33847672 0.3426946  0.359325   0.369613   0.41869587
 0.50805956 0.5139217 ]",57
10,11,8,0.9,0.4678173363208771,1.002555012702942,"[0.29653823 0.31376702 0.3445503  0.3519951  0.37931973 0.41969767
 0.6341156  1.002555  ]",57
0,1,6,0.9,0.339333176612854,0.38649633526802063,[0.2906302  0.30957574 0.33870715 0.34894803 0.3616416  0.38649634],58
1,2,6,0.9,0.35881826281547546,0.4474743902683258,[0.29265946 0.3202812  0.34734452 0.34934267 0.39580712 0.4474744 ],58
2,3,6,0.9,0.366197794675827,0.43145832419395447,[0.30635086 0.31614888 0.34127948 0.38737378 0.4145754  0.43145832],58
3,4,6,0.9,0.33682873845100403,0.409300833940506,[0.26551527 0.292472   0.33180645 0.34007126 0.38180664 0.40930083],58
4,5,6,0.9,0.3340504467487335,0.39213088154792786,[0.29544112 0.306973   0.31335482 0.34388885 0.35251406 0.39213088],58
5,6,6,0.9,0.33842310309410095,0.38411861658096313,[0.28569916 0.30269492 0.3188299  0.3612148  0.37798128 0.38411862],58
6,7,6,0.9,0.349668949842453,0.42837411165237427,[0.295702   0.2986987  0.3352265  0.36263457 0.37737772 0.4283741 ],58
7,8,6,0.9,0.3473857343196869,0.40317150950431824,[0.29155582 0.32092312 0.33653885 0.3548147  0.37731043 0.4031715 ],58
8,9,6,0.9,0.3520601689815521,0.40375781059265137,[0.30783463 0.31785107 0.32344857 0.36447382 0.394995   0.4037578 ],58
9,10,7,0.9,0.37606319785118103,0.4957192540168762,"[0.29724035 0.3387068  0.35134    0.36319417 0.3709307  0.41531125
 0.49571925]",58
10,11,7,0.9,0.4966348707675934,1.0872409343719482,"[0.30015498 0.33336025 0.34670815 0.38142076 0.43146846 0.5960905
 1.0872409 ]",58
0,1,6,0.9,0.34072184562683105,0.38662880659103394,[0.29424015 0.31046098 0.3398437  0.35146588 0.3616916  0.3866288 ],59
1,2,6,0.9,0.35839566588401794,0.44833362102508545,[0.295215   0.31947902 0.34541905 0.34797975 0.3939475  0.44833362],59
2,3,6,0.9,0.3653363883495331,0.4338220953941345,[0.30630007 0.3108153  0.3413477  0.3859365  0.4137965  0.4338221 ],59
3,4,6,0.9,0.3353481590747833,0.4036308228969574,[0.2630931  0.28967246 0.3354616  0.3405816  0.37964925 0.40363082],59
4,5,6,0.9,0.3324938416481018,0.3951021730899811,[0.2945183  0.30441856 0.310348   0.34037918 0.35019687 0.39510217],59
5,6,6,0.9,0.33691859245300293,0.38520824909210205,[0.28601345 0.30095428 0.31740487 0.35864347 0.37328747 0.38520825],59
6,7,6,0.9,0.34286341071128845,0.4195140600204468,[0.2884603  0.2926204  0.33139157 0.35386422 0.3713299  0.41951406],59
7,8,6,0.9,0.34173783659935,0.3968764543533325,[0.28140533 0.31573144 0.33111942 0.35303473 0.3722597  0.39687645],59
8,9,7,0.9,0.3504832088947296,0.4166482388973236,"[0.2979307  0.3087443  0.319016   0.34824255 0.37452036 0.38828033
 0.41664824]",59
9,10,7,0.9,0.3798571228981018,0.5127374529838562,"[0.29984963 0.33987606 0.34843463 0.36079526 0.3758676  0.42143917
 0.51273745]",59
10,11,7,0.9,0.49672815203666687,1.0873160362243652,"[0.30653363 0.33857974 0.34340873 0.38162327 0.42340147 0.59623426
 1.087316  ]",59
0,1,6,0.9,0.33888670802116394,0.3840646743774414,[0.29220644 0.30804524 0.3373062  0.35084745 0.36085016 0.38406467],60
1,2,6,0.9,0.3597676455974579,0.4509813189506531,[0.29373744 0.32452235 0.34529036 0.348546   0.3955283  0.45098132],60
2,3,6,0.9,0.36770424246788025,0.4331328570842743,[0.30297273 0.3180114  0.34950146 0.38794628 0.41466075 0.43313286],60
3,4,6,0.9,0.3363889455795288,0.40357664227485657,[0.26637775 0.2911491  0.34072164 0.343416   0.3730926  0.40357664],60
4,5,6,0.9,0.33431246876716614,0.40445196628570557,[0.29740676 0.302169   0.3138512  0.3408488  0.3471471  0.40445197],60
5,6,6,0.9,0.33992132544517517,0.3912293314933777,[0.28808022 0.30633822 0.32467315 0.3560127  0.3731943  0.39122933],60
6,7,7,0.9,0.34831973910331726,0.44406458735466003,"[0.2905921  0.29419926 0.32731122 0.34150204 0.36160368 0.3789651
 0.4440646 ]",60
7,8,7,0.9,0.3469398319721222,0.41102907061576843,"[0.28051215 0.3143497  0.33849952 0.34692106 0.3569031  0.38036415
 0.41102907]",60
8,9,7,0.9,0.3501686453819275,0.41764435172080994,"[0.30381346 0.30570352 0.32238188 0.3503888  0.36140817 0.3898404
 0.41764435]",60
9,10,8,0.9,0.41938385367393494,0.6864921450614929,"[0.30937296 0.33443585 0.3511515  0.35793895 0.3686363  0.41570684
 0.5313364  0.68649215]",60
10,11,8,0.9,0.47616076469421387,0.9385480284690857,"[0.29961628 0.31043056 0.34007767 0.35557514 0.40505755 0.45103958
 0.7089413  0.938548  ]",60
0,1,6,0.9,0.3409327566623688,0.38568511605262756,[0.29550394 0.31044167 0.33975035 0.3523528  0.36186272 0.38568512],61
1,2,6,0.9,0.360439658164978,0.4534963071346283,[0.29582962 0.3236617  0.34592023 0.35002744 0.39370272 0.4534963 ],61
2,3,6,0.9,0.3678692579269409,0.4389689564704895,[0.30504948 0.3129065  0.34391466 0.39105642 0.41531953 0.43896896],61
3,4,6,0.9,0.338608980178833,0.40568268299102783,[0.2685114  0.29120892 0.34040365 0.3481297  0.37771776 0.40568268],61
4,5,6,0.9,0.33662137389183044,0.4017302095890045,[0.30130455 0.30429205 0.31575313 0.34245098 0.35419723 0.4017302 ],61
5,6,6,0.9,0.3426781892776489,0.39249536395072937,[0.28808463 0.30844072 0.32430282 0.3634424  0.3793033  0.39249536],61
6,7,6,0.9,0.3471572697162628,0.42137154936790466,[0.2961929  0.30077267 0.33553565 0.35476562 0.3743054  0.42137155],61
7,8,7,0.9,0.3517376482486725,0.41157710552215576,"[0.2828541  0.3211991  0.34216347 0.35476425 0.36492285 0.38468254
 0.4115771 ]",61
8,9,7,0.9,0.3546227812767029,0.42813727259635925,"[0.30315948 0.31215394 0.32276243 0.3521923  0.37572908 0.38822475
 0.42813727]",61
9,10,7,0.9,0.38170766830444336,0.5073640942573547,"[0.3116326  0.33967897 0.35523087 0.3620509  0.37605932 0.41993704
 0.5073641 ]",61
10,11,8,0.9,0.46582186222076416,1.0038851499557495,"[0.2986839  0.31346387 0.34640986 0.3536056  0.38906127 0.42264372
 0.5988215  1.0038851 ]",61
0,1,6,0.9,0.3388655185699463,0.38224631547927856,[0.29548287 0.3073525  0.3365107  0.34951904 0.36208168 0.38224632],62
1,2,6,0.9,0.36521220207214355,0.4583885669708252,[0.29918966 0.32865694 0.34847093 0.35717034 0.39939687 0.45838857],62
2,3,6,0.9,0.37159571051597595,0.44182586669921875,[0.303824   0.32096338 0.35411027 0.39239362 0.41645718 0.44182587],62
3,4,6,0.9,0.3373457193374634,0.4031028151512146,[0.2692272  0.2918833  0.33309802 0.35405886 0.37270403 0.40310282],62
4,5,6,0.9,0.3363410234451294,0.41363459825515747,[0.29618862 0.2999033  0.31807986 0.3408661  0.34937367 0.4136346 ],62
5,6,6,0.9,0.3420047461986542,0.39167895913124084,[0.28980348 0.3077089  0.32661712 0.3632663  0.37295374 0.39167896],62
6,7,6,0.9,0.34827831387519836,0.41971126198768616,[0.29886433 0.30179223 0.33538356 0.35772488 0.37619367 0.41971126],62
7,8,7,0.9,0.35402488708496094,0.41873428225517273,"[0.28278512 0.32166773 0.3447407  0.35601833 0.36670512 0.38752285
 0.41873428]",62
8,9,7,0.9,0.35406365990638733,0.42301642894744873,"[0.30779096 0.31413913 0.32726246 0.35184622 0.37172544 0.3826651
 0.42301643]",62
9,10,8,0.9,0.38995814323425293,0.5257012844085693,"[0.30609125 0.33427256 0.34750453 0.35946006 0.36946878 0.41941088
 0.4577559  0.5257013 ]",62
10,11,8,0.9,0.4692339301109314,0.977767825126648,"[0.29818338 0.31028554 0.33813208 0.3561086  0.3723372  0.4288461
 0.6722108  0.9777678 ]",62
0,1,6,0.9,0.3413826525211334,0.3860180377960205,[0.29566866 0.31207204 0.33933532 0.35288143 0.36232054 0.38601804],63
1,2,6,0.9,0.3630357086658478,0.45595258474349976,[0.2981073  0.32599103 0.34757295 0.35463777 0.39595285 0.45595258],63
2,3,6,0.9,0.36782097816467285,0.4357389509677887,[0.30228114 0.31339872 0.3484135  0.39162025 0.41547328 0.43573895],63
3,4,6,0.9,0.3343771994113922,0.4065953195095062,[0.2656554  0.28764668 0.32639635 0.34679708 0.3731724  0.40659532],63
4,5,6,0.9,0.33035218715667725,0.39611586928367615,[0.29592815 0.29785636 0.3101043  0.33667493 0.3454335  0.39611587],63
5,6,6,0.9,0.33781698346138,0.38722652196884155,[0.2834992  0.3044985  0.32329682 0.35743076 0.37095028 0.38722652],63
6,7,6,0.9,0.3447377681732178,0.41553395986557007,[0.29231465 0.29895338 0.32955417 0.35764825 0.3744221  0.41553396],63
7,8,7,0.9,0.35039591789245605,0.42073720693588257,"[0.28171703 0.31746843 0.3336505  0.35527763 0.36232358 0.381597
 0.4207372 ]",63
8,9,7,0.9,0.3548857271671295,0.43327227234840393,"[0.30155492 0.30803365 0.32338536 0.3503294  0.3799534  0.38767093
 0.43327227]",63
9,10,7,0.9,0.38279345631599426,0.523913562297821,"[0.3036301  0.336661   0.3485411  0.3621695  0.3793337  0.42530516
 0.52391356]",63
10,11,7,0.9,0.48901820182800293,1.0828282833099365,"[0.30852103 0.33057043 0.3396412  0.36963347 0.40194023 0.58999264
 1.0828283 ]",63
0,1,6,0.9,0.33886101841926575,0.38350337743759155,[0.2929116  0.30896178 0.33634764 0.35004082 0.36140093 0.38350338],64
1,2,6,0.9,0.35902395844459534,0.4488796293735504,[0.29558644 0.32269666 0.3454606  0.34662414 0.39489633 0.44887963],64
2,3,6,0.9,0.3655780255794525,0.4292246401309967,[0.30335927 0.31465587 0.34820044 0.38469112 0.41333658 0.42922464],64
3,4,6,0.9,0.33370518684387207,0.40403082966804504,[0.26221043 0.28822178 0.3320691  0.3417737  0.37392536 0.40403083],64
4,5,6,0.9,0.33034324645996094,0.398759663105011,[0.2915519  0.30208206 0.30825198 0.3376765  0.34373733 0.39875966],64
5,6,6,0.9,0.3354569971561432,0.38352838158607483,[0.28579578 0.30115208 0.31908005 0.3530997  0.3700859  0.38352838],64
6,7,6,0.9,0.34114429354667664,0.41538864374160767,[0.2863857  0.2924906  0.32738167 0.35458747 0.37063164 0.41538864],64
7,8,7,0.9,0.34245291352272034,0.40971866250038147,"[0.27446994 0.3109694  0.32841107 0.34436977 0.3542749  0.3749566
 0.40971866]",64
8,9,7,0.9,0.3483523428440094,0.4138953685760498,"[0.3011788  0.3045947  0.32111788 0.3469137  0.3635237  0.38724214
 0.41389537]",64
9,10,8,0.9,0.4031795263290405,0.57340008020401,"[0.29640093 0.33206654 0.34738356 0.35487267 0.37055314 0.41538024
 0.53537905 0.5734001 ]",64
10,11,8,0.9,0.4728540778160095,0.9633247256278992,"[0.30254492 0.30873176 0.33236793 0.35626262 0.39900243 0.44022498
 0.68037325 0.9633247 ]",64
0,1,6,0.9,0.339852899312973,0.3855940103530884,[0.29355952 0.3088281  0.33894473 0.35033843 0.36185262 0.385594  ],65
1,2,6,0.9,0.358778715133667,0.4482029676437378,[0.29704836 0.31950653 0.34534654 0.34775296 0.39481512 0.44820297],65
2,3,6,0.9,0.3647933900356293,0.43514135479927063,[0.30548045 0.31189182 0.34074035 0.38207403 0.41343227 0.43514135],65
3,4,6,0.9,0.33338987827301025,0.39968353509902954,[0.26054555 0.28876776 0.33460996 0.33947068 0.3772619  0.39968354],65
4,5,6,0.9,0.3319416344165802,0.39442381262779236,[0.29302305 0.30331716 0.3117879  0.33979398 0.34930384 0.3944238 ],65
5,6,6,0.9,0.33610668778419495,0.3856554925441742,[0.2864901  0.29870617 0.31638    0.3573246  0.3720838  0.3856555 ],65
6,7,6,0.9,0.34187570214271545,0.4179350733757019,[0.28670266 0.2904962  0.33124113 0.35368097 0.3711983  0.41793507],65
7,8,7,0.9,0.34284135699272156,0.40725040435791016,"[0.2728268  0.31315735 0.32913378 0.34858334 0.35366067 0.3752771
 0.4072504 ]",65
8,9,7,0.9,0.35126516222953796,0.41870585083961487,"[0.29734838 0.30718163 0.32100344 0.3485184  0.37562624 0.3904721
 0.41870585]",65
9,10,8,0.9,0.4056152105331421,0.6170815229415894,"[0.29850945 0.33916393 0.34886557 0.35696045 0.3704198  0.4102238
 0.5036973  0.6170815 ]",65
10,11,8,0.9,0.47879794239997864,0.9728240966796875,"[0.30547887 0.3123177  0.34001586 0.35563096 0.40786216 0.4399026
 0.6963512  0.9728241 ]",65
0,1,6,0.9,0.34004950523376465,0.38496166467666626,[0.29274312 0.31025097 0.33870983 0.35238975 0.36124176 0.38496166],66
1,2,6,0.9,0.3589242994785309,0.45009228587150574,[0.29527792 0.32153252 0.34479147 0.3479018  0.39395    0.4500923 ],66
2,3,6,0.9,0.3659243583679199,0.43187105655670166,[0.3037176  0.3138379  0.34673184 0.3850069  0.41438076 0.43187106],66
3,4,6,0.9,0.33392229676246643,0.40355509519577026,[0.26280785 0.28825408 0.336711   0.33939746 0.37280846 0.4035551 ],66
4,5,6,0.9,0.33049026131629944,0.3947683274745941,[0.2936843  0.3016799  0.31005314 0.337638   0.34511775 0.39476833],66
5,6,6,0.9,0.3365113437175751,0.38829341530799866,[0.28535548 0.30123183 0.32111865 0.35242325 0.3706453  0.38829342],66
6,7,6,0.9,0.3397797644138336,0.41382408142089844,[0.28649306 0.29098463 0.32584882 0.3513902  0.3701378  0.41382408],66
7,8,7,0.9,0.3426673710346222,0.4121079444885254,"[0.2762487  0.30928487 0.33017135 0.34312218 0.35278052 0.37495613
 0.41210794]",66
8,9,7,0.9,0.34833067655563354,0.41238003969192505,"[0.29733637 0.30188465 0.3203081  0.34704566 0.36645535 0.39290455
 0.41238004]",66
9,10,8,0.9,0.41426771879196167,0.6444488167762756,"[0.30209348 0.33600906 0.34822175 0.35342276 0.37093467 0.41952986
 0.5394814  0.6444488 ]",66
10,11,8,0.9,0.47793060541152954,0.9566148519515991,"[0.30736688 0.309391   0.3373941  0.35607818 0.413059   0.44129893
 0.702242   0.95661485]",66
0,1,6,0.9,0.339036226272583,0.3843655288219452,[0.29272825 0.30792925 0.3375381  0.35102603 0.36063027 0.38436553],67
1,2,6,0.9,0.3620710074901581,0.45438823103904724,[0.2963495  0.3266331  0.34611127 0.3527077  0.39623603 0.45438823],67
2,3,6,0.9,0.36734655499458313,0.43462270498275757,[0.3009436  0.3173592  0.34890917 0.38755423 0.41469064 0.4346227 ],67
3,4,6,0.9,0.3341602087020874,0.4019641578197479,[0.26494157 0.289983   0.33510345 0.34346768 0.36950144 0.40196416],67
4,5,6,0.9,0.3311655521392822,0.4008941948413849,[0.29230988 0.29840708 0.31514758 0.33653072 0.3437039  0.4008942 ],67
5,6,7,0.9,0.33725905418395996,0.38987770676612854,"[0.2780116  0.30147722 0.31795174 0.3490075  0.35623887 0.36824873
 0.3898777 ]",67
6,7,7,0.9,0.34715530276298523,0.4414427876472473,"[0.291059   0.29471105 0.32513043 0.33939263 0.36399144 0.37435985
 0.4414428 ]",67
7,8,7,0.9,0.34739306569099426,0.41522306203842163,"[0.28007087 0.3141719  0.3385182  0.34849432 0.35571364 0.37955934
 0.41522306]",67
8,9,7,0.9,0.3506973087787628,0.4176885783672333,"[0.3012879  0.30458257 0.3227613  0.34738916 0.3696247  0.39154685
 0.41768858]",67
9,10,8,0.9,0.4056831896305084,0.5823366641998291,"[0.30637676 0.33577323 0.34946248 0.3572861  0.36844292 0.41622725
 0.52956    0.58233666]",67
10,11,9,0.9,0.4825078248977661,1.007920503616333,"[0.29049245 0.3066292  0.34278205 0.34508812 0.37494    0.41258475
 0.47748342 0.78465    1.0079205 ]",67
0,1,6,0.9,0.33874547481536865,0.38470906019210815,[0.29154006 0.3084857  0.336702   0.34957594 0.3614601  0.38470906],68
1,2,6,0.9,0.36392244696617126,0.45406097173690796,[0.2964544  0.32825062 0.34766603 0.3571932  0.3999094  0.45406097],68
2,3,6,0.9,0.36750349402427673,0.43089157342910767,[0.29863223 0.32045418 0.35368082 0.38680896 0.41455305 0.43089157],68
3,4,6,0.9,0.331483393907547,0.40568628907203674,[0.26482844 0.28689355 0.32221535 0.3405741  0.36870265 0.4056863 ],68
4,5,6,0.9,0.32765960693359375,0.3976104259490967,[0.29008847 0.29852322 0.30580074 0.33465278 0.33928198 0.39761043],68
5,6,6,0.9,0.3340146541595459,0.38385480642318726,[0.28247735 0.3006994  0.32123628 0.3456336  0.3701866  0.3838548 ],68
6,7,7,0.9,0.34800252318382263,0.4317139685153961,"[0.28739464 0.29575068 0.32096905 0.34510627 0.3695008  0.38558227
 0.43171397]",68
7,8,7,0.9,0.3480231463909149,0.42194899916648865,"[0.28263918 0.3138404  0.33069235 0.34755564 0.35604244 0.38344318
 0.421949  ]",68
8,9,7,0.9,0.35280656814575195,0.41802671551704407,"[0.30436426 0.30708444 0.32320186 0.35172963 0.37333095 0.39190826
 0.41802672]",68
9,10,8,0.9,0.3911004662513733,0.532620906829834,"[0.2871822  0.3280335  0.34783745 0.3570556  0.3672678  0.42506325
 0.48374286 0.5326209 ]",68
10,11,8,0.9,0.4802882671356201,1.0134515762329102,"[0.29485855 0.30423614 0.3293876  0.35061967 0.37742335 0.43050396
 0.7418254  1.0134516 ]",68
0,1,6,0.9,0.33876147866249084,0.3848283290863037,[0.2918282  0.3077652  0.33756816 0.34980646 0.36077264 0.38482833],69
1,2,6,0.9,0.3582041561603546,0.4468667805194855,[0.29543722 0.31971672 0.3452768  0.34692734 0.39500028 0.44686678],69
2,3,6,0.9,0.3636589050292969,0.4300411343574524,[0.3034221  0.31385583 0.34323078 0.3788995  0.41250405 0.43004113],69
3,4,6,0.9,0.3318633735179901,0.40002545714378357,[0.25883272 0.2884955  0.33273345 0.33741137 0.37368184 0.40002546],69
4,5,6,0.9,0.3287040889263153,0.39451175928115845,[0.28678507 0.30238003 0.30857655 0.33621868 0.34375235 0.39451176],69
5,6,6,0.9,0.33289048075675964,0.38271966576576233,[0.28520447 0.29599088 0.3159485  0.34949222 0.36798722 0.38271967],69
6,7,6,0.9,0.3388248383998871,0.4160020649433136,[0.2819547  0.28826895 0.32522467 0.3518514  0.36964732 0.41600206],69
7,8,7,0.9,0.3390898108482361,0.4063272476196289,"[0.270626   0.30817416 0.32526177 0.34278223 0.3484821  0.3719751
 0.40632725]",69
8,9,7,0.9,0.3490109145641327,0.41184237599372864,"[0.2956566  0.30429524 0.32157326 0.3462959  0.37052912 0.39288384
 0.41184238]",69
9,10,8,0.9,0.43761497735977173,0.8355482816696167,"[0.29725397 0.33324677 0.3478271  0.35935804 0.37111762 0.41851684
 0.53805125 0.8355483 ]",69
10,11,8,0.9,0.47661250829696655,0.933631956577301,"[0.30316445 0.30840343 0.3376781  0.35816634 0.4245225  0.44234204
 0.7049912  0.93363196]",69
0,1,6,0.9,0.3396562337875366,0.3843971788883209,[0.29301584 0.31023106 0.3378621  0.3516419  0.36078918 0.38439718],70
1,2,6,0.9,0.3603595197200775,0.4509528875350952,[0.29542556 0.32328048 0.3459264  0.3506535  0.3959184  0.4509529 ],70
2,3,6,0.9,0.3671097457408905,0.430682897567749,[0.30336204 0.31608254 0.35181147 0.38634416 0.41437528 0.4306829 ],70
3,4,6,0.9,0.33300819993019104,0.40453842282295227,[0.26268095 0.28814378 0.3288687  0.3424446  0.3713728  0.40453842],70
4,5,6,0.9,0.32801711559295654,0.39881691336631775,[0.28721565 0.29987645 0.30745336 0.3340961  0.3406442  0.3988169 ],70
5,6,6,0.9,0.3343590199947357,0.38451430201530457,[0.2843979  0.30053738 0.32097962 0.34859467 0.3671303  0.3845143 ],70
6,7,6,0.9,0.33886444568634033,0.41233333945274353,[0.2829927  0.29191828 0.32178232 0.35362762 0.37053257 0.41233334],70
7,8,7,0.9,0.34178346395492554,0.415017306804657,"[0.27419007 0.30592546 0.32728156 0.34337544 0.35219455 0.37449983
 0.4150173 ]",70
8,9,7,0.9,0.34729209542274475,0.4106373190879822,"[0.2986071  0.30118784 0.3219604  0.34395286 0.3680712  0.38662785
 0.41063732]",70
9,10,8,0.9,0.401513934135437,0.5562446117401123,"[0.29410797 0.32986787 0.34581333 0.3551234  0.37291333 0.42049605
 0.5375451  0.5562446 ]",70
10,11,8,0.9,0.4734978675842285,0.9714356064796448,"[0.30199853 0.3097809  0.32923815 0.3566384  0.39036155 0.4350783
 0.69345134 0.9714356 ]",70
0,1,6,0.9,0.3413850963115692,0.38651734590530396,[0.29480523 0.31187105 0.33964926 0.35239285 0.3630747  0.38651735],71
1,2,6,0.9,0.36160051822662354,0.4542422294616699,[0.29871672 0.32341444 0.34691212 0.35175714 0.39456046 0.45424223],71
2,3,6,0.9,0.36632415652275085,0.43720725178718567,[0.30255914 0.31111333 0.34258744 0.38889655 0.41558108 0.43720725],71
3,4,6,0.9,0.33382150530815125,0.40558674931526184,[0.26460996 0.28636608 0.33169025 0.3396185  0.3750575  0.40558675],71
4,5,6,0.9,0.3320283889770508,0.38927772641181946,[0.29859942 0.30220026 0.3128639  0.33924705 0.34998208 0.38927773],71
5,6,6,0.9,0.33935627341270447,0.38897326588630676,[0.28433928 0.30417806 0.32120928 0.36304498 0.3743926  0.38897327],71
6,7,6,0.9,0.3472600281238556,0.4181509017944336,[0.29459262 0.29943183 0.3353698  0.36008444 0.3759306  0.4181509 ],71
7,8,6,0.9,0.3500794470310211,0.40763622522354126,[0.28966433 0.32550958 0.33595967 0.3603398  0.38136712 0.40763623],71
8,9,7,0.9,0.35883164405822754,0.43993815779685974,"[0.30259734 0.3103755  0.3251437  0.3556291  0.38131604 0.3968217
 0.43993816]",71
9,10,7,0.9,0.38167449831962585,0.5055179595947266,"[0.30196723 0.34213594 0.35311487 0.36632276 0.37893546 0.42372718
 0.50551796]",71
10,11,7,0.9,0.49212032556533813,1.0840227603912354,"[0.30469444 0.33738905 0.34570923 0.37822056 0.40994155 0.5848648
 1.0840228 ]",71
0,1,6,0.9,0.3408219516277313,0.3877916932106018,[0.29378602 0.31016994 0.34024596 0.35132664 0.36161125 0.3877917 ],72
1,2,6,0.9,0.35842251777648926,0.4495941400527954,[0.29444066 0.3204527  0.34474915 0.3492002  0.39209828 0.44959414],72
2,3,6,0.9,0.3643990755081177,0.43379443883895874,[0.30358404 0.3107814  0.33633336 0.3885918  0.41330943 0.43379444],72
3,4,6,0.9,0.338737815618515,0.4082742929458618,[0.26721585 0.29291925 0.33933675 0.3425965  0.3820841  0.4082743 ],72
4,5,6,0.9,0.3358163833618164,0.39388230443000793,[0.29939002 0.30428252 0.31709513 0.34454346 0.3557049  0.3938823 ],72
5,6,6,0.9,0.3411743640899658,0.38793477416038513,[0.28641713 0.30585817 0.32115337 0.36737815 0.37830466 0.38793477],72
6,7,6,0.9,0.34928131103515625,0.4255303144454956,[0.2975062  0.3034255  0.33869547 0.356312   0.37421817 0.4255303 ],72
7,8,6,0.9,0.3495374619960785,0.4001394510269165,[0.29124814 0.32294825 0.3424801  0.35929957 0.3811092  0.40013945],72
8,9,6,0.9,0.35042932629585266,0.4005398452281952,[0.30542773 0.3177553  0.32443187 0.3592982  0.3951231  0.40053985],72
9,10,7,0.9,0.3813811242580414,0.5027790665626526,"[0.30743623 0.34317267 0.35882157 0.36293688 0.3773344  0.4171874
 0.50277907]",72
10,11,7,0.9,0.4890691339969635,1.0414546728134155,"[0.3092563  0.34486747 0.35102862 0.3819482  0.4240166  0.5709119
 1.0414547 ]",72
0,1,6,0.9,0.34153202176094055,0.3854917883872986,[0.2938811  0.31362137 0.33943632 0.3541099  0.36265185 0.3854918 ],73
1,2,6,0.9,0.36031267046928406,0.45148515701293945,[0.2950111  0.32368645 0.34547117 0.35066807 0.39555413 0.45148516],73
2,3,6,0.9,0.3694615364074707,0.43115007877349854,[0.30588824 0.3159408  0.3544417  0.3928466  0.41650182 0.43115008],73
3,4,6,0.9,0.3366231918334961,0.4098933935165405,[0.26774085 0.28891924 0.33449885 0.34416172 0.37452525 0.4098934 ],73
4,5,6,0.9,0.3317587971687317,0.3973374366760254,[0.29802713 0.30259353 0.30787534 0.3395879  0.3451315  0.39733744],73
5,6,6,0.9,0.3388153314590454,0.3890029489994049,[0.28562468 0.30567065 0.32515115 0.35474348 0.37269896 0.38900295],73
6,7,6,0.9,0.3415951430797577,0.4138311743736267,[0.28637725 0.29582265 0.32551238 0.35614178 0.37188557 0.41383117],73
7,8,7,0.9,0.34559914469718933,0.417559415102005,"[0.28024614 0.31009984 0.33109155 0.3441651  0.3582641  0.377768
 0.41755942]",73
8,9,7,0.9,0.3490510582923889,0.4139079749584198,"[0.30130857 0.30284125 0.3214648  0.34935436 0.3627671  0.39171347
 0.41390797]",73
9,10,8,0.9,0.4000113010406494,0.5458791851997375,"[0.29793698 0.33319628 0.34359422 0.35326636 0.3716463  0.42040682
 0.5341642  0.5458792 ]",73
10,11,8,0.9,0.4748764634132385,0.9827332496643066,"[0.3049967  0.30908468 0.32807365 0.3586788  0.40252352 0.43110174
 0.68181926 0.98273325]",73
0,1,6,0.9,0.3387424051761627,0.3853386342525482,[0.2923165  0.30735722 0.33706424 0.347985   0.36239287 0.38533863],74
1,2,6,0.9,0.3608856201171875,0.4508799910545349,[0.29471147 0.32419318 0.3458109  0.3524923  0.3972259  0.45088   ],74
2,3,6,0.9,0.36598777770996094,0.4356755316257477,[0.30006143 0.3167595  0.3442857  0.38599318 0.41315135 0.43567553],74
3,4,6,0.9,0.3336024284362793,0.40242522954940796,[0.2643117  0.28895125 0.33201352 0.33831513 0.3755978  0.40242523],74
4,5,6,0.9,0.3336755335330963,0.3998832404613495,[0.29584166 0.30441657 0.31198117 0.34114215 0.34878832 0.39988324],74
5,6,6,0.9,0.3393193781375885,0.38590291142463684,[0.2870254  0.3045929  0.31960672 0.3638471  0.37494132 0.3859029 ],74
6,7,6,0.9,0.34958863258361816,0.4266856908798218,[0.298582   0.29969704 0.33651394 0.36063045 0.37542263 0.4266857 ],74
7,8,7,0.9,0.35199660062789917,0.41182318329811096,"[0.28320372 0.3248497  0.3387945  0.3556123  0.36205342 0.38763937
 0.41182318]",74
8,9,7,0.9,0.3565519452095032,0.42708516120910645,"[0.3063637  0.31376857 0.3243924  0.35993809 0.37449086 0.38982487
 0.42708516]",74
9,10,7,0.9,0.37781664729118347,0.502696692943573,"[0.30016184 0.33544964 0.3560539  0.36406827 0.37178695 0.4144992
 0.5026967 ]",74
10,11,8,0.9,0.46508556604385376,0.9980185627937317,"[0.29591566 0.30474788 0.339036   0.34842083 0.38135862 0.4203969
 0.63279015 0.99801856]",74
0,1,6,0.9,0.33879613876342773,0.38298359513282776,[0.29390147 0.30786532 0.33717597 0.3497783  0.36107206 0.3829836 ],75
1,2,6,0.9,0.36037957668304443,0.4531337320804596,[0.2973982  0.32276583 0.34612745 0.34926203 0.39359003 0.45313373],75
2,3,6,0.9,0.36663493514060974,0.43626269698143005,[0.30335268 0.3143077  0.34467876 0.38703516 0.41417256 0.4362627 ],75
3,4,6,0.9,0.33512744307518005,0.4028906524181366,[0.26498005 0.28881043 0.33552876 0.3450247  0.37353012 0.40289065],75
4,5,6,0.9,0.3341732919216156,0.4012337327003479,[0.29861584 0.3008127  0.31495368 0.33995026 0.34947345 0.40123373],75
5,6,6,0.9,0.3395732343196869,0.38928213715553284,[0.28712517 0.30445695 0.32196322 0.36093184 0.37368003 0.38928214],75
6,7,6,0.9,0.34569504857063293,0.4184659421443939,[0.29515254 0.29759628 0.3345417  0.35489637 0.37351754 0.41846594],75
7,8,7,0.9,0.3491785228252411,0.4123886525630951,"[0.2798148  0.31928483 0.33836722 0.35134086 0.3613996  0.38165385
 0.41238865]",75
8,9,7,0.9,0.3529419004917145,0.42393776774406433,"[0.30502388 0.30867273 0.32400712 0.35060215 0.37049058 0.387859
 0.42393777]",75
9,10,8,0.9,0.3915015459060669,0.5231224894523621,"[0.30242607 0.3360139  0.34634295 0.35826716 0.36631292 0.41320774
 0.486319   0.5231225 ]",75
10,11,8,0.9,0.47011175751686096,1.0009232759475708,"[0.29946095 0.31268394 0.34215248 0.35409307 0.38511497 0.4289454
 0.63752    1.0009233 ]",75
0,1,6,0.9,0.3408156931400299,0.38245800137519836,[0.2979912  0.31169343 0.33719164 0.35244846 0.36311144 0.382458  ],76
1,2,6,0.9,0.3637685775756836,0.4564264118671417,[0.30253893 0.3273928  0.34905767 0.35108376 0.39611202 0.4564264 ],76
2,3,6,0.9,0.3718737065792084,0.4375445544719696,[0.309408   0.31727266 0.35330063 0.3963216  0.41739476 0.43754455],76
3,4,6,0.9,0.34120509028434753,0.41037651896476746,[0.27073833 0.29170343 0.33448142 0.35892627 0.3810044  0.41037652],76
4,5,6,0.9,0.3378627598285675,0.4078761041164398,[0.3011981  0.30368212 0.3172335  0.3445572  0.35262972 0.4078761 ],76
5,6,6,0.9,0.3437142074108124,0.39076125621795654,[0.29088384 0.3093996  0.3271458  0.36361188 0.3804828  0.39076126],76
6,7,6,0.9,0.34896859526634216,0.4172455072402954,[0.2987323  0.30221227 0.3391003  0.36093184 0.37558937 0.4172455 ],76
7,8,6,0.9,0.3516041040420532,0.4121149480342865,[0.28944576 0.3245059  0.3418905  0.36252332 0.37914422 0.41211495],76
8,9,6,0.9,0.349231481552124,0.4064076244831085,[0.3066995  0.31819913 0.3300623  0.3480944  0.3859259  0.40640762],76
9,10,7,0.9,0.3835369050502777,0.52004474401474,"[0.311265   0.3359926  0.35223636 0.36300084 0.38524473 0.41697404
 0.52004474]",76
10,11,7,0.9,0.48933252692222595,1.0947366952896118,"[0.3162265  0.32821512 0.35435823 0.38269973 0.42250636 0.5265854
 1.0947367 ]",76
0,1,6,0.9,0.33818623423576355,0.38154035806655884,[0.29443553 0.30739307 0.33575332 0.34955767 0.36043748 0.38154036],77
1,2,6,0.9,0.3638066053390503,0.4572046399116516,[0.29972145 0.3268827  0.34805524 0.35477814 0.3961976  0.45720464],77
2,3,6,0.9,0.3694712817668915,0.4349703788757324,[0.30372837 0.31925577 0.35121164 0.39230648 0.41535497 0.43497038],77
3,4,6,0.9,0.3374602794647217,0.406759113073349,[0.26808017 0.29103613 0.33041504 0.35614488 0.37232623 0.4067591 ],77
4,5,6,0.9,0.33426380157470703,0.4083266854286194,[0.29444662 0.29899508 0.31794336 0.3397575  0.34611356 0.4083267 ],77
5,6,6,0.9,0.33977600932121277,0.38842642307281494,[0.28688535 0.30569363 0.32714358 0.35848415 0.37202284 0.38842642],77
6,7,6,0.9,0.3469785749912262,0.4162667691707611,[0.2991743  0.30106303 0.33352762 0.35597643 0.37586337 0.41626677],77
7,8,7,0.9,0.35148927569389343,0.4208313226699829,"[0.28186855 0.31868097 0.34270418 0.35123172 0.36383083 0.38127744
 0.42083132]",77
8,9,7,0.9,0.35252079367637634,0.41985151171684265,"[0.30686548 0.31302884 0.32695973 0.34741876 0.36827606 0.38524538
 0.4198515 ]",77
9,10,7,0.9,0.3817591071128845,0.5225974321365356,"[0.3107036  0.33464572 0.34881327 0.3641545  0.37432724 0.4170719
 0.52259743]",77
10,11,8,0.9,0.46735966205596924,0.9802430868148804,"[0.30120692 0.3156299  0.33989537 0.35953376 0.37810546 0.42567885
 0.6385841  0.9802431 ]",77
0,1,6,0.9,0.3392341434955597,0.38387900590896606,[0.29566252 0.3073206  0.3376412  0.3498096  0.36109215 0.383879  ],78
1,2,6,0.9,0.36215367913246155,0.4529137909412384,[0.2958746  0.3260236  0.3459002  0.35493597 0.39727396 0.4529138 ],78
2,3,6,0.9,0.3699052035808563,0.4390159249305725,[0.30706236 0.31824163 0.34941998 0.39110646 0.41458488 0.43901592],78
3,4,6,0.9,0.3402002155780792,0.4042075574398041,[0.26990938 0.2948485  0.34014773 0.3543328  0.3777554  0.40420756],78
4,5,6,0.9,0.33785104751586914,0.4159533977508545,[0.29466692 0.3050493  0.3165631  0.34265167 0.35222185 0.4159534 ],78
5,6,6,0.9,0.3416801691055298,0.389641135931015,[0.29048663 0.308543   0.32406518 0.35947734 0.37786773 0.38964114],78
6,7,6,0.9,0.34673210978507996,0.4228847324848175,[0.294476   0.3020522  0.33403158 0.35384065 0.3731073  0.42288473],78
7,8,7,0.9,0.3502272963523865,0.4092887043952942,"[0.2792551  0.3185179  0.34335652 0.3546968  0.3631071  0.3833691
 0.4092887 ]",78
8,9,7,0.9,0.350484699010849,0.4172007739543915,"[0.3070115  0.31566232 0.32230058 0.3481101  0.36577854 0.3773292
 0.41720077]",78
9,10,7,0.9,0.38346067070961,0.523080587387085,"[0.31222633 0.33427984 0.34980404 0.36865568 0.37473    0.42144805
 0.5230806 ]",78
10,11,8,0.9,0.47074273228645325,0.9268949627876282,"[0.3015838  0.31583968 0.33875433 0.35688877 0.38334247 0.43989632
 0.70274156 0.92689496]",78
0,1,6,0.9,0.34046831727027893,0.3839106559753418,[0.2948721  0.31174183 0.33835304 0.35256067 0.3613716  0.38391066],79
1,2,6,0.9,0.3611490726470947,0.45400702953338623,[0.29602867 0.324216   0.34633592 0.35147056 0.39483637 0.45400703],79
2,3,6,0.9,0.36975303292274475,0.43419402837753296,[0.30572057 0.3160047  0.35234934 0.39430702 0.4159425  0.43419403],79
3,4,6,0.9,0.3378162384033203,0.40958845615386963,[0.26928905 0.28927717 0.33169043 0.3509659  0.3760866  0.40958846],79
4,5,6,0.9,0.3337339460849762,0.40435636043548584,[0.29815742 0.30191374 0.31064707 0.33939728 0.34793186 0.40435636],79
5,6,6,0.9,0.34015414118766785,0.38886651396751404,[0.2870058  0.30692685 0.3250668  0.35906556 0.37399325 0.3888665 ],79
6,7,6,0.9,0.34509536623954773,0.4167455732822418,[0.29348966 0.29865998 0.33064386 0.35699233 0.37404072 0.41674557],79
7,8,6,0.9,0.3477851152420044,0.40822023153305054,[0.28872505 0.3204536  0.33701882 0.3564463  0.37584665 0.40822023],79
8,9,7,0.9,0.35056015849113464,0.41722050309181213,"[0.303526   0.3091938  0.32387644 0.34926587 0.3656092  0.3852292
 0.4172205 ]",79
9,10,7,0.9,0.3815155029296875,0.5215885639190674,"[0.30653462 0.3334466  0.34841263 0.36078244 0.37950864 0.42033496
 0.52158856]",79
10,11,7,0.9,0.49019554257392883,1.099802017211914,"[0.31097546 0.3240324  0.34515455 0.37616012 0.41637832 0.5588661
 1.099802  ]",79
0,1,6,0.9,0.3422941267490387,0.3876521587371826,[0.29456326 0.31418312 0.34200516 0.3547059  0.36065528 0.38765216],80
1,2,6,0.9,0.35881122946739197,0.45038607716560364,[0.29479352 0.3176704  0.3482731  0.3498002  0.391944   0.45038608],80
2,3,6,0.9,0.3680502474308014,0.43136125802993774,[0.31056124 0.31252152 0.3463721  0.3913422  0.41614336 0.43136126],80
3,4,6,0.9,0.33793821930885315,0.41187483072280884,[0.267593   0.2907872  0.33182347 0.34510046 0.38045037 0.41187483],80
4,5,6,0.9,0.3311869204044342,0.39513176679611206,[0.29431432 0.30379713 0.30816612 0.3378704  0.34784198 0.39513177],80
5,6,6,0.9,0.3358653783798218,0.3846201002597809,[0.28437814 0.3001931  0.31934747 0.3554433  0.37121013 0.3846201 ],80
6,7,6,0.9,0.34247279167175293,0.41791731119155884,[0.28582898 0.2957429  0.32678613 0.35560924 0.3729521  0.4179173 ],80
7,8,6,0.9,0.34171709418296814,0.40285250544548035,[0.28386506 0.31367353 0.32819366 0.34972507 0.37199265 0.4028525 ],80
8,9,6,0.9,0.3457960784435272,0.4033474028110504,[0.2998696  0.31323355 0.3217022  0.34810314 0.3885205  0.4033474 ],80
9,10,7,0.9,0.38313207030296326,0.5268093943595886,"[0.3010964  0.3383724  0.34470716 0.3626174  0.383229   0.42509288
 0.5268094 ]",80
10,11,7,0.9,0.4969349503517151,1.0632951259613037,"[0.31540975 0.32838038 0.3541615  0.3846757  0.43090898 0.6017131
 1.0632951 ]",80
0,1,6,0.9,0.3409484624862671,0.38611647486686707,[0.29483867 0.3112097  0.33959845 0.35191384 0.3620137  0.38611647],81
1,2,6,0.9,0.35832342505455017,0.44924139976501465,[0.29341528 0.3209696  0.3439297  0.3487822  0.3936023  0.4492414 ],81
2,3,6,0.9,0.3675626516342163,0.4351474344730377,[0.30718163 0.31305692 0.34424138 0.39109725 0.41465116 0.43514743],81
3,4,6,0.9,0.3393495976924896,0.4082328677177429,[0.26847413 0.29172125 0.33932352 0.3459837  0.382362   0.40823287],81
4,5,6,0.9,0.33693453669548035,0.4021361172199249,[0.30200434 0.30696848 0.31173387 0.34461898 0.3541455  0.40213612],81
5,6,6,0.9,0.3416205644607544,0.3898182809352875,[0.28927824 0.30722973 0.32096565 0.36249626 0.37993512 0.38981828],81
6,7,6,0.9,0.34645724296569824,0.4237998127937317,[0.2941538  0.29784194 0.33472392 0.3552173  0.37300673 0.4237998 ],81
7,8,6,0.9,0.3467140197753906,0.3986053466796875,[0.2873465  0.32020584 0.33821115 0.35806057 0.37785462 0.39860535],81
8,9,7,0.9,0.3512442409992218,0.4181426763534546,"[0.3024327  0.31237763 0.3204983  0.35151866 0.3675366  0.38620338
 0.41814268]",81
9,10,7,0.9,0.3799111843109131,0.5070400238037109,"[0.3059577  0.3366585  0.3545861  0.3612873  0.37575734 0.41809145
 0.50704   ]",81
10,11,7,0.9,0.4906434416770935,1.0789774656295776,"[0.30601293 0.3335473  0.34568268 0.38247892 0.42486215 0.56294245
 1.0789775 ]",81
0,1,6,0.9,0.3401385247707367,0.38754522800445557,[0.29263136 0.30947182 0.33933926 0.35135487 0.36048836 0.38754523],82
1,2,6,0.9,0.3596356213092804,0.44771745800971985,[0.2912332  0.32253894 0.346809   0.35155278 0.39796233 0.44771746],82
2,3,6,0.9,0.36653444170951843,0.4291064441204071,[0.30317485 0.31740886 0.3499854  0.3862143  0.4133167  0.42910644],82
3,4,6,0.9,0.33346685767173767,0.40332460403442383,[0.262669   0.29039505 0.33028364 0.33970776 0.37442094 0.4033246 ],82
4,5,6,0.9,0.32871755957603455,0.4026847779750824,[0.28599402 0.30256912 0.30368352 0.3350315  0.34234232 0.40268478],82
5,6,6,0.9,0.3336425721645355,0.3813629448413849,[0.28535655 0.30054685 0.31966022 0.3484006  0.3665282  0.38136294],82
6,7,6,0.9,0.3395520746707916,0.42091214656829834,[0.28333464 0.29012305 0.31991655 0.35382327 0.36920294 0.42091215],82
7,8,7,0.9,0.34139591455459595,0.4085288345813751,"[0.27404055 0.30742815 0.3264421  0.34507933 0.35076228 0.3774903
 0.40852883]",82
8,9,7,0.9,0.34706902503967285,0.4103201925754547,"[0.29740086 0.3043247  0.31877932 0.34492353 0.36957473 0.3841598
 0.4103202 ]",82
9,10,8,0.9,0.412013977766037,0.6626536846160889,"[0.29445997 0.32884967 0.34438175 0.35982335 0.37104973 0.41119358
 0.52370024 0.6626537 ]",82
10,11,8,0.9,0.46609944105148315,0.9200909733772278,"[0.28499487 0.30581182 0.3291535  0.35360268 0.38797623 0.4440145
 0.7031509  0.920091  ]",82
0,1,6,0.9,0.33941271901130676,0.38292887806892395,[0.29627112 0.3084321  0.33620188 0.3493883  0.36325407 0.38292888],83
1,2,6,0.9,0.36273884773254395,0.45409345626831055,[0.3006324  0.32643038 0.34712347 0.35168794 0.39646548 0.45409346],83
2,3,6,0.9,0.36774930357933044,0.43710392713546753,[0.3036038  0.31523237 0.3476181  0.38846686 0.41447076 0.43710393],83
3,4,6,0.9,0.3355749845504761,0.4029388427734375,[0.2651757  0.28911227 0.331522   0.349456   0.37524506 0.40293884],83
4,5,6,0.9,0.33432963490486145,0.40301135182380676,[0.29635113 0.30110484 0.3152766  0.34137654 0.34885737 0.40301135],83
5,6,6,0.9,0.33958137035369873,0.3862343728542328,[0.2878187  0.3051854  0.32145688 0.36267957 0.3741133  0.38623437],83
6,7,6,0.9,0.3468347489833832,0.4172397553920746,[0.29659432 0.29775804 0.33653432 0.35890353 0.37397856 0.41723976],83
7,8,7,0.9,0.35026779770851135,0.41326919198036194,"[0.27792928 0.32166225 0.33700928 0.3551414  0.36391795 0.38294515
 0.4132692 ]",83
8,9,7,0.9,0.3544329106807709,0.42864492535591125,"[0.3066926  0.31090182 0.3261708  0.35018262 0.37369865 0.38473925
 0.42864493]",83
9,10,7,0.9,0.38109809160232544,0.5195223689079285,"[0.30561438 0.33616284 0.35121492 0.3634724  0.3750469  0.4166528
 0.51952237]",83
10,11,7,0.9,0.49507877230644226,1.13160240650177,"[0.3078191  0.3356587  0.34255284 0.3749203  0.40987992 0.563118
 1.1316024 ]",83
0,1,6,0.9,0.34290608763694763,0.38779956102371216,[0.2945916  0.31377202 0.34240553 0.35622126 0.36264664 0.38779956],84
1,2,6,0.9,0.3624382019042969,0.45650431513786316,[0.29784274 0.3247927  0.34665745 0.35474727 0.39408475 0.45650432],84
2,3,6,0.9,0.36894989013671875,0.4385659992694855,[0.30394492 0.31366464 0.34665447 0.39361757 0.41725183 0.438566  ],84
3,4,6,0.9,0.3377877175807953,0.40933603048324585,[0.2700915  0.29012784 0.3401881  0.34304103 0.3739417  0.40933603],84
4,5,6,0.9,0.3340281546115875,0.39011913537979126,[0.2997473  0.30750337 0.31523678 0.34084505 0.35071737 0.39011914],84
5,6,6,0.9,0.3421678841114044,0.3964713513851166,[0.28538576 0.30757663 0.3287858  0.36096796 0.37381995 0.39647135],84
6,7,6,0.9,0.3464915454387665,0.4176199734210968,[0.29603052 0.30157256 0.33198845 0.35610247 0.37563518 0.41761997],84
7,8,7,0.9,0.353966623544693,0.424520343542099,"[0.28979868 0.32140404 0.3402015  0.35252702 0.36327285 0.3860418
 0.42452034]",84
8,9,7,0.9,0.3579147458076477,0.43298429250717163,"[0.30222687 0.30610213 0.32509443 0.3549231  0.3816729  0.4023995
 0.4329843 ]",84
9,10,7,0.9,0.3840146064758301,0.5086179971694946,"[0.310579   0.34492618 0.35390118 0.36454573 0.37969765 0.42583445
 0.508618  ]",84
10,11,7,0.9,0.49185213446617126,1.0638359785079956,"[0.3130356  0.33233082 0.34858352 0.3884338  0.4158677  0.5808773
 1.063836  ]",84
0,1,6,0.9,0.3388340473175049,0.38381868600845337,[0.29297477 0.3076162  0.33743855 0.35056362 0.36059242 0.3838187 ],85
1,2,6,0.9,0.36001142859458923,0.45199814438819885,[0.2959956  0.32349226 0.3457699  0.34853184 0.3942806  0.45199814],85
2,3,6,0.9,0.36611858010292053,0.4343365430831909,[0.3027363  0.31512335 0.34554034 0.38508815 0.41388705 0.43433654],85
3,4,6,0.9,0.33455052971839905,0.4013385772705078,[0.26369336 0.28976592 0.33850634 0.34244442 0.37155455 0.40133858],85
4,5,6,0.9,0.33242133259773254,0.4005283713340759,[0.29377037 0.30056998 0.31485477 0.33827293 0.34653166 0.40052837],85
5,6,6,0.9,0.3381175994873047,0.389856219291687,[0.28636733 0.30328462 0.32263538 0.35498315 0.37157887 0.38985622],85
6,7,7,0.9,0.3474505841732025,0.44435209035873413,"[0.2899607  0.29311445 0.32751286 0.34004122 0.36157537 0.37559748
 0.4443521 ]",85
7,8,7,0.9,0.34574535489082336,0.410931795835495,"[0.2776567  0.31377763 0.3369031  0.34733087 0.35540837 0.37820894
 0.4109318 ]",85
8,9,7,0.9,0.3499836325645447,0.41677752137184143,"[0.30208668 0.3042501  0.3221523  0.347317   0.36742228 0.38987958
 0.41677752]",85
9,10,8,0.9,0.41266345977783203,0.6418644189834595,"[0.30671173 0.33707327 0.3501472  0.3560705  0.36913356 0.4123116
 0.52799535 0.6418644 ]",85
10,11,8,0.9,0.4753897786140442,0.9387404918670654,"[0.3013636  0.31058076 0.34391838 0.35588682 0.40069193 0.44128567
 0.71065056 0.9387405 ]",85
0,1,6,0.9,0.33821403980255127,0.3825584352016449,[0.29415175 0.30642536 0.3357539  0.3484224  0.36197245 0.38255844],86
1,2,6,0.9,0.362386554479599,0.45313820242881775,[0.2977109  0.3260921  0.34690666 0.35252634 0.3979451  0.4531382 ],86
2,3,6,0.9,0.36778461933135986,0.43648356199264526,[0.3023184  0.31823495 0.3502415  0.38558087 0.41384837 0.43648356],86
3,4,6,0.9,0.333820104598999,0.40004655718803406,[0.2641531  0.2894896  0.33209014 0.34523523 0.37190604 0.40004656],86
4,5,6,0.9,0.3329226076602936,0.4074040353298187,[0.2922236  0.30036497 0.3132618  0.33860362 0.34567773 0.40740404],86
5,6,6,0.9,0.33772027492523193,0.38602563738822937,[0.28803638 0.3032411  0.32067683 0.35808235 0.37025923 0.38602564],86
6,7,6,0.9,0.3444593846797943,0.41818538308143616,[0.29366803 0.29465935 0.33177078 0.35583308 0.3726397  0.41818538],86
7,8,7,0.9,0.3476598560810089,0.41141602396965027,"[0.2761394  0.31710488 0.3361941  0.35127416 0.3585443  0.3829461
 0.41141602]",86
8,9,7,0.9,0.3513133227825165,0.41979652643203735,"[0.30646035 0.30737633 0.32424518 0.34884778 0.36935124 0.38311595
 0.41979653]",86
9,10,8,0.9,0.400554358959198,0.5597594976425171,"[0.30089355 0.33250016 0.34899563 0.35845342 0.36930054 0.41503268
 0.5194994  0.5597595 ]",86
10,11,8,0.9,0.4749417304992676,0.9669150114059448,"[0.30181408 0.30575442 0.33799946 0.35496616 0.37893707 0.43920493
 0.7139425  0.966915  ]",86
0,1,6,0.9,0.34032949805259705,0.3885994851589203,[0.29102802 0.30905586 0.34003246 0.35076314 0.3624981  0.3885995 ],87
1,2,6,0.9,0.35950326919555664,0.44831520318984985,[0.29194894 0.32278255 0.34699485 0.34911728 0.3978608  0.4483152 ],87
2,3,6,0.9,0.365709513425827,0.433948278427124,[0.30196324 0.31728834 0.34169117 0.3847729  0.41459316 0.43394828],87
3,4,6,0.9,0.33507391810417175,0.40173035860061646,[0.26354423 0.29158175 0.32984447 0.3458763  0.37786627 0.40173036],87
4,5,6,0.9,0.33409106731414795,0.39466819167137146,[0.29781106 0.30480093 0.31379965 0.34358785 0.34987864 0.3946682 ],87
5,6,6,0.9,0.3397916853427887,0.38943615555763245,[0.28739738 0.30505008 0.32059854 0.36149213 0.37477592 0.38943616],87
6,7,6,0.9,0.3466579020023346,0.4257374703884125,[0.29480296 0.29626194 0.33268198 0.35751745 0.37294573 0.42573747],87
7,8,7,0.9,0.3484988510608673,0.4104709327220917,"[0.28301167 0.31924474 0.3373179  0.3505131  0.3575793  0.3813543
 0.41047093]",87
8,9,7,0.9,0.35497841238975525,0.4172053337097168,"[0.2995672  0.31192523 0.32179177 0.35997126 0.3741071  0.40028095
 0.41720533]",87
9,10,8,0.9,0.4116702675819397,0.6661978363990784,"[0.30314708 0.34081045 0.35407847 0.36287373 0.36732072 0.40730533
 0.4916285  0.66619784]",87
10,11,8,0.9,0.4926082491874695,0.9877294301986694,"[0.30212495 0.31141344 0.33656627 0.36956927 0.40892085 0.4630291
 0.76151294 0.98772943]",87
0,1,6,0.9,0.3395392894744873,0.38438335061073303,[0.2928129  0.30961624 0.3378407  0.35149807 0.36108455 0.38438335],88
1,2,6,0.9,0.36075106263160706,0.45217031240463257,[0.2968139  0.32375747 0.3454108  0.3511177  0.39523625 0.4521703 ],88
2,3,6,0.9,0.3660036027431488,0.43212831020355225,[0.30156776 0.31465548 0.34844965 0.38495833 0.41426218 0.4321283 ],88
3,4,6,0.9,0.3319144546985626,0.4028821587562561,[0.26187104 0.2870197  0.3302331  0.33988482 0.369596   0.40288216],88
4,5,6,0.9,0.3280886709690094,0.39441218972206116,[0.29026616 0.2982706  0.3096972  0.3343957  0.3414901  0.3944122 ],88
5,6,6,0.9,0.33481648564338684,0.38622361421585083,[0.2836626  0.30043688 0.32114527 0.34984124 0.3675895  0.3862236 ],88
6,7,7,0.9,0.345354825258255,0.439674973487854,"[0.28521654 0.29023722 0.32199523 0.34019595 0.3627834  0.3773803
 0.43967497]",88
7,8,7,0.9,0.34336546063423157,0.4156377613544464,"[0.27579117 0.3092161  0.3296987  0.345293   0.35265872 0.37526262
 0.41563776]",88
8,9,7,0.9,0.34875378012657166,0.4137265384197235,"[0.29789618 0.3016757  0.32165566 0.3460331  0.36934578 0.3909435
 0.41372654]",88
9,10,8,0.9,0.4007205367088318,0.5462465882301331,"[0.29574865 0.333718   0.34661922 0.35325962 0.3698863  0.4204074
 0.5398785  0.5462466 ]",88
10,11,8,0.9,0.47750791907310486,0.9811004400253296,"[0.304187   0.30825907 0.33537957 0.35461718 0.3946172  0.43222493
 0.70967805 0.98110044]",88
0,1,6,0.9,0.3390371799468994,0.38317638635635376,[0.29468992 0.3084582  0.3365477  0.34955576 0.3617952  0.3831764 ],89
1,2,6,0.9,0.362881064414978,0.45625898241996765,[0.29850113 0.32611775 0.34674218 0.35441524 0.39525098 0.45625898],89
2,3,6,0.9,0.36806049942970276,0.436609148979187,[0.30125415 0.31639513 0.3476144  0.39168537 0.414805   0.43660915],89
3,4,6,0.9,0.33664074540138245,0.40700849890708923,[0.26840737 0.28913194 0.32988423 0.35132197 0.37409046 0.4070085 ],89
4,5,6,0.9,0.3348711431026459,0.4032934904098511,[0.29864946 0.3017459  0.315137   0.34123087 0.34917006 0.4032935 ],89
5,6,6,0.9,0.3411543369293213,0.3886669874191284,[0.2867663  0.30717257 0.32490495 0.36538523 0.3740301  0.388667  ],89
6,7,6,0.9,0.3500502109527588,0.42101380228996277,[0.30159524 0.3033028  0.33801222 0.35954478 0.3768324  0.4210138 ],89
7,8,7,0.9,0.35516542196273804,0.41865819692611694,"[0.28578076 0.3264324  0.3423805  0.35736516 0.36812836 0.38741258
 0.4186582 ]",89
8,9,7,0.9,0.3588201701641083,0.43776142597198486,"[0.3071448  0.3158702  0.3286693  0.3559826  0.37786287 0.38844985
 0.43776143]",89
9,10,7,0.9,0.3805937170982361,0.5080907344818115,"[0.30959353 0.33623025 0.35453957 0.36470118 0.3752184  0.4157824
 0.50809073]",89
10,11,7,0.9,0.4833645224571228,1.0829657316207886,"[0.3089959  0.33347738 0.34264067 0.37160087 0.40495226 0.5389186
 1.0829657 ]",89
0,1,6,0.9,0.3389612138271332,0.38327616453170776,[0.2945651  0.30763412 0.33696797 0.3493507  0.36197332 0.38327616],90
1,2,6,0.9,0.36217090487480164,0.4546254277229309,[0.2977351  0.32527408 0.3466845  0.35249904 0.3962073  0.45462543],90
2,3,6,0.9,0.3677483797073364,0.43866226077079773,[0.30208147 0.31598896 0.34740353 0.38774487 0.41460928 0.43866226],90
3,4,6,0.9,0.33457139134407043,0.40139487385749817,[0.26543576 0.2888728  0.3332081  0.34590125 0.37261564 0.40139487],90
4,5,6,0.9,0.33403730392456055,0.4041266441345215,[0.29770947 0.2997247  0.31456244 0.3394458  0.34865487 0.40412664],90
5,6,6,0.9,0.33980298042297363,0.3890610933303833,[0.28752542 0.30521992 0.32222494 0.36238226 0.37240404 0.3890611 ],90
6,7,6,0.9,0.3465682566165924,0.41938304901123047,[0.29601172 0.29866466 0.33463627 0.35654706 0.37416697 0.41938305],90
7,8,7,0.9,0.3508813977241516,0.41328373551368713,"[0.28017265 0.32117623 0.33927462 0.35488024 0.36276105 0.38462123
 0.41328374]",90
8,9,7,0.9,0.354358971118927,0.4289681911468506,"[0.30552304 0.309932   0.32459056 0.35218763 0.37416974 0.3851416
 0.4289682 ]",90
9,10,8,0.9,0.3904905319213867,0.5171846151351929,"[0.3006016  0.33533683 0.34537435 0.359998   0.36630943 0.41574493
 0.48337454 0.5171846 ]",90
10,11,8,0.9,0.4707278609275818,1.003348469734192,"[0.29594612 0.3079886  0.34118706 0.3532808  0.37782586 0.42649654
 0.6597491  1.0033485 ]",90
0,1,6,0.9,0.3400321900844574,0.38383108377456665,[0.29477507 0.30955324 0.33878535 0.3524376  0.36081082 0.38383108],91
1,2,6,0.9,0.3593333661556244,0.45117056369781494,[0.29497483 0.32301697 0.34497607 0.347924   0.3939379  0.45117056],91
2,3,6,0.9,0.36986491084098816,0.4369967579841614,[0.30984503 0.31636813 0.34818873 0.39199346 0.41579714 0.43699676],91
3,4,6,0.9,0.3422389030456543,0.4086427092552185,[0.27073166 0.29485774 0.34717077 0.3523564  0.37967417 0.4086427 ],91
4,5,6,0.9,0.33965298533439636,0.41013607382774353,[0.29979452 0.30899766 0.3169852  0.3465573  0.35544723 0.41013607],91
5,6,6,0.9,0.3440215587615967,0.3957398533821106,[0.291097   0.3091513  0.3260975  0.35820493 0.3838389  0.39573985],91
6,7,6,0.9,0.3454468250274658,0.420649915933609,[0.2930666  0.2999136  0.33387354 0.35237196 0.37280536 0.42064992],91
7,8,6,0.9,0.34777840971946716,0.4027775526046753,[0.28946915 0.31816655 0.3434751  0.35691795 0.37586388 0.40277755],91
8,9,7,0.9,0.3499259948730469,0.4170573353767395,"[0.3053373  0.3124275  0.32319117 0.34731528 0.3601472  0.38400614
 0.41705734]",91
9,10,7,0.9,0.38344889879226685,0.5202673077583313,"[0.31453162 0.33783495 0.3530644  0.36384675 0.3756771  0.4189204
 0.5202673 ]",91
10,11,8,0.9,0.48149222135543823,0.9761655330657959,"[0.30862877 0.32169166 0.34098196 0.3654566  0.40912828 0.439553
 0.6903319  0.97616553]",91
0,1,6,0.9,0.33988356590270996,0.38250014185905457,[0.29437187 0.3109016  0.33793727 0.35333955 0.36025104 0.38250014],92
1,2,6,0.9,0.366589218378067,0.4606015682220459,[0.3029152  0.32900468 0.34820953 0.36098653 0.39781773 0.46060157],92
2,3,6,0.9,0.3731095492839813,0.4363655149936676,[0.30690494 0.32193834 0.3570682  0.39887768 0.41750237 0.43636551],92
3,4,6,0.9,0.33955490589141846,0.41221195459365845,[0.27133143 0.29262537 0.3297464  0.36012554 0.37128884 0.41221195],92
4,5,6,0.9,0.33307650685310364,0.4054637849330902,[0.29185593 0.2981081  0.32152328 0.33821633 0.34329152 0.40546378],92
5,6,6,0.9,0.34105727076530457,0.3945123851299286,[0.2856797  0.3070182  0.3331179  0.35351196 0.37250346 0.3945124 ],92
6,7,6,0.9,0.34548285603523254,0.4101870357990265,[0.29565313 0.30433384 0.3279952  0.35632655 0.3784013  0.41018704],92
7,8,6,0.9,0.34971702098846436,0.41865116357803345,[0.29200816 0.31796244 0.34248185 0.35284436 0.3743543  0.41865116],92
8,9,7,0.9,0.3517189621925354,0.4156852960586548,"[0.30195    0.31148288 0.32938063 0.34259543 0.37051165 0.3904267
 0.4156853 ]",92
9,10,7,0.9,0.3855595886707306,0.5380904078483582,"[0.3083926  0.33632237 0.34727585 0.36173153 0.3815442  0.42556006
 0.5380904 ]",92
10,11,7,0.9,0.49976846575737,1.126766324043274,"[0.3209781  0.33609888 0.3472815  0.37113586 0.41118494 0.58493394
 1.1267663 ]",92
0,1,6,0.9,0.34072136878967285,0.38450348377227783,[0.29501665 0.31190485 0.33658722 0.35203677 0.36427897 0.38450348],93
1,2,6,0.9,0.362189918756485,0.4515758454799652,[0.2985151  0.32870385 0.3455046  0.3503466  0.39849368 0.45157585],93
2,3,6,0.9,0.3680681884288788,0.4299842417240143,[0.3029072  0.3162704  0.35524696 0.38868144 0.4153188  0.42998424],93
3,4,6,0.9,0.33384132385253906,0.40553298592567444,[0.2636705  0.28750756 0.32909802 0.34499913 0.3722397  0.405533  ],93
4,5,6,0.9,0.3296642303466797,0.3972223401069641,[0.2919895  0.30093417 0.30823058 0.33787936 0.3417294  0.39722234],93
5,6,6,0.9,0.33708104491233826,0.38475701212882996,[0.28593424 0.30457163 0.32283497 0.35338986 0.37099862 0.384757  ],93
6,7,6,0.9,0.3414442837238312,0.4115303158760071,[0.2848441  0.29541203 0.32682884 0.35844085 0.37160972 0.41153032],93
7,8,7,0.9,0.3447207808494568,0.415364146232605,"[0.27580866 0.31098247 0.32928258 0.3463849  0.3577143  0.3775084
 0.41536415]",93
8,9,7,0.9,0.3497633635997772,0.41546574234962463,"[0.30092472 0.3044645  0.3241608  0.3489266  0.36409992 0.3903009
 0.41546574]",93
9,10,8,0.9,0.39780640602111816,0.5613281726837158,"[0.29232746 0.33006084 0.34465426 0.355194   0.37110794 0.42237362
 0.50540483 0.5613282 ]",93
10,11,8,0.9,0.47392207384109497,0.9873210787773132,"[0.3002332  0.3148615  0.32948086 0.36087328 0.39607075 0.43435425
 0.6681817  0.9873211 ]",93
0,1,6,0.9,0.3408483564853668,0.38386452198028564,[0.2941497  0.31098345 0.34082276 0.35460088 0.36066878 0.38386452],94
1,2,6,0.9,0.36291345953941345,0.4586731195449829,[0.30006608 0.32381123 0.34662905 0.35499293 0.39330816 0.45867312],94
2,3,6,0.9,0.3723674714565277,0.4406372606754303,[0.30797663 0.31891623 0.35087743 0.39776558 0.4180314  0.44063726],94
3,4,6,0.9,0.34192439913749695,0.411786824464798,[0.27456844 0.2936565  0.34438372 0.35305196 0.37409896 0.41178682],94
4,5,6,0.9,0.33916768431663513,0.40230193734169006,[0.30112797 0.31053296 0.32138914 0.344214   0.35544005 0.40230194],94
5,6,6,0.9,0.3462441861629486,0.40156859159469604,[0.28962487 0.31035542 0.33407703 0.36316967 0.37866935 0.4015686 ],94
6,7,6,0.9,0.34975433349609375,0.4188250005245209,[0.30116394 0.30635977 0.3368304  0.35555547 0.37979156 0.418825  ],94
7,8,6,0.9,0.35575056076049805,0.41063401103019714,[0.30002433 0.32671002 0.35009748 0.36059734 0.3864402  0.410634  ],94
8,9,7,0.9,0.3574080467224121,0.42603927850723267,"[0.30559596 0.31523025 0.3309278  0.3550843  0.3708845  0.39809442
 0.42603928]",94
9,10,7,0.9,0.38283947110176086,0.5055850148200989,"[0.31856224 0.34431043 0.35150257 0.36160132 0.3804775  0.4178374
 0.505585  ]",94
10,11,7,0.9,0.48676374554634094,1.0657058954238892,"[0.3222989  0.33819193 0.34768143 0.39435    0.41849527 0.5206227
 1.0657059 ]",94
0,1,6,0.9,0.33986929059028625,0.3843776285648346,[0.29577154 0.30873176 0.33744702 0.35018072 0.36270696 0.38437763],95
1,2,6,0.9,0.3650885820388794,0.45896029472351074,[0.2999063  0.328557   0.3481739  0.35767925 0.3972547  0.4589603 ],95
2,3,6,0.9,0.3688168525695801,0.43997424840927124,[0.30040547 0.31655696 0.34809282 0.3922452  0.41562653 0.43997425],95
3,4,6,0.9,0.33601272106170654,0.40503713488578796,[0.26794308 0.2899626  0.32856607 0.35177478 0.37279257 0.40503713],95
4,5,6,0.9,0.33446335792541504,0.40309643745422363,[0.29739273 0.3003402  0.31642157 0.3404904  0.3490387  0.40309644],95
5,6,6,0.9,0.341598778963089,0.3906041085720062,[0.2862483  0.30740076 0.3260917  0.36506665 0.37418115 0.3906041 ],95
6,7,6,0.9,0.35059428215026855,0.42081964015960693,[0.30237883 0.30483428 0.33736238 0.36020672 0.37796366 0.42081964],95
7,8,7,0.9,0.3571567237377167,0.4213791489601135,"[0.28685227 0.32827097 0.34339422 0.36132187 0.36889493 0.3899837
 0.42137915]",95
8,9,7,0.9,0.3633389472961426,0.46397221088409424,"[0.30636093 0.31648132 0.32867688 0.35572323 0.3837951  0.38836297
 0.4639722 ]",95
9,10,7,0.9,0.3829177916049957,0.5093279480934143,"[0.3113471  0.33899996 0.35565373 0.36689177 0.37775624 0.42044786
 0.50932795]",95
10,11,7,0.9,0.4792880415916443,1.0562862157821655,"[0.31056046 0.32883638 0.34423062 0.36741367 0.3954517  0.5522374
 1.0562862 ]",95
0,1,6,0.9,0.338369756937027,0.3845311403274536,[0.29233843 0.3062817  0.33729863 0.3492483  0.36052045 0.38453114],96
1,2,6,0.9,0.3603421449661255,0.4492916464805603,[0.29450783 0.32283157 0.34700623 0.35045773 0.39795786 0.44929165],96
2,3,6,0.9,0.366281121969223,0.43381455540657043,[0.30270892 0.3185569  0.34865192 0.38105583 0.41289845 0.43381456],96
3,4,6,0.9,0.33222702145576477,0.39795878529548645,[0.2608709  0.29018888 0.33397776 0.33848426 0.3718816  0.3979588 ],96
4,5,6,0.9,0.3302710950374603,0.4053192734718323,[0.28606775 0.30175394 0.30969995 0.33542863 0.34335685 0.40531927],96
5,6,6,0.9,0.33467745780944824,0.38479387760162354,[0.28731284 0.2993322  0.3185     0.35102394 0.3671021  0.38479388],96
6,7,7,0.9,0.3463013768196106,0.44802039861679077,"[0.28518245 0.28747812 0.32063693 0.3427175  0.3627945  0.37727985
 0.4480204 ]",96
7,8,7,0.9,0.34194710850715637,0.40711358189582825,"[0.2712587  0.30944833 0.3298178  0.3462611  0.35042214 0.37930813
 0.40711358]",96
8,9,7,0.9,0.34995394945144653,0.41859251260757446,"[0.29824546 0.3051376  0.32288286 0.3450964  0.37259516 0.3871277
 0.4185925 ]",96
9,10,8,0.9,0.44802555441856384,0.9156299233436584,"[0.29778263 0.32952046 0.34878308 0.36160368 0.36941263 0.42285395
 0.53861797 0.9156299 ]",96
10,11,8,0.9,0.4771755337715149,0.9737778306007385,"[0.2984829  0.31487575 0.3365892  0.35229734 0.38825074 0.45370045
 0.6994301  0.97377783]",96
0,1,6,0.9,0.33903858065605164,0.3830074965953827,[0.29446143 0.3070093  0.3386544  0.35063893 0.3604598  0.3830075 ],97
1,2,6,0.9,0.3592328131198883,0.4502044916152954,[0.2969119  0.3208721  0.344196   0.3493937  0.39381862 0.4502045 ],97
2,3,6,0.9,0.36922284960746765,0.44000503420829773,[0.31188774 0.31734413 0.3445669  0.38680187 0.41473147 0.44000503],97
3,4,6,0.9,0.3418685495853424,0.40382805466651917,[0.26893055 0.29651356 0.34826368 0.35320586 0.38046962 0.40382805],97
4,5,6,0.9,0.34182700514793396,0.41206344962120056,[0.30041453 0.31121418 0.3209218  0.3481933  0.35815477 0.41206345],97
5,6,6,0.9,0.3445751965045929,0.3985495865345001,[0.29286247 0.30862603 0.3239515  0.3592809  0.38418078 0.3985496 ],97
6,7,6,0.9,0.3460434377193451,0.4232444763183594,[0.28881714 0.302051   0.33670342 0.3523457  0.37309882 0.42324448],97
7,8,6,0.9,0.346644788980484,0.39969196915626526,[0.287034   0.31747743 0.34332356 0.35674238 0.37559944 0.39969197],97
8,9,7,0.9,0.35154280066490173,0.4176565408706665,"[0.30724925 0.31395236 0.32634506 0.3486751  0.3617184  0.3852027
 0.41765654]",97
9,10,7,0.9,0.3877546191215515,0.5392313003540039,"[0.31607315 0.34183627 0.35626125 0.36628747 0.37514308 0.4194498
 0.5392313 ]",97
10,11,8,0.9,0.5092028975486755,1.0700252056121826,"[0.3093675  0.33850634 0.3484444  0.3737166  0.41909724 0.4508377
 0.7636281  1.0700252 ]",97
0,1,6,0.9,0.33934855461120605,0.3866879343986511,[0.29162174 0.30766028 0.33871555 0.34941858 0.3619871  0.38668793],98
1,2,6,0.9,0.35839977860450745,0.44478657841682434,[0.29402366 0.31966874 0.34443897 0.34944263 0.398038   0.44478658],98
2,3,6,0.9,0.36528822779655457,0.43220755457878113,[0.3061488  0.31666952 0.34261033 0.38098723 0.41310576 0.43220755],98
3,4,6,0.9,0.33428850769996643,0.39937400817871094,[0.26096863 0.2916342  0.33082283 0.34357598 0.37935528 0.399374  ],98
4,5,6,0.9,0.33282431960105896,0.39799168705940247,[0.29101226 0.30610588 0.31128347 0.34207875 0.3484739  0.3979917 ],98
5,6,6,0.9,0.3359886705875397,0.3845824599266052,[0.28817272 0.29898798 0.31634226 0.3554279  0.3724188  0.38458246],98
6,7,6,0.9,0.34220626950263977,0.4227990210056305,[0.284592   0.29031593 0.32929087 0.35485125 0.3713887  0.42279902],98
7,8,7,0.9,0.3407546877861023,0.40260764956474304,"[0.2720211  0.3110849  0.3281578  0.34534812 0.35176474 0.3742984
 0.40260765]",98
8,9,7,0.9,0.35054779052734375,0.41176092624664307,"[0.29668507 0.3099533  0.3198796  0.35098583 0.3716094  0.39296058
 0.41176093]",98
9,10,7,0.9,0.37976810336112976,0.5160995721817017,"[0.29787078 0.33590636 0.35028493 0.36343467 0.37319168 0.42158863
 0.5160996 ]",98
10,11,8,0.9,0.47915709018707275,0.9224706888198853,"[0.29986355 0.31239858 0.3372583  0.3642425  0.41956717 0.45840433
 0.7190516  0.9224707 ]",98
0,1,6,0.9,0.34039244055747986,0.385536789894104,[0.29446143 0.31035542 0.33862495 0.35083166 0.36254448 0.3855368 ],99
1,2,6,0.9,0.35871899127960205,0.449794739484787,[0.29415074 0.32204044 0.34354237 0.3488912  0.3938944  0.44979474],99
2,3,6,0.9,0.3675575256347656,0.43657800555229187,[0.30604833 0.31395042 0.34349316 0.3906714  0.41460395 0.436578  ],99
3,4,6,0.9,0.3393736779689789,0.40718764066696167,[0.26854062 0.29188287 0.3404722  0.34547117 0.3826876  0.40718764],99
4,5,6,0.9,0.3384394943714142,0.4022451341152191,[0.3039003  0.30764768 0.31443876 0.34668675 0.35571843 0.40224513],99
5,6,6,0.9,0.34355250000953674,0.39096540212631226,[0.2905782  0.30900747 0.32192874 0.3670036  0.38183177 0.3909654 ],99
6,7,6,0.9,0.34912991523742676,0.4258684813976288,[0.29681042 0.30125254 0.3387301  0.35772264 0.3743952  0.42586848],99
7,8,6,0.9,0.3498800992965698,0.3996604084968567,[0.28998572 0.32424593 0.3419723  0.36115575 0.38226053 0.3996604 ],99
8,9,7,0.9,0.35442543029785156,0.42344194650650024,"[0.30490083 0.31492364 0.32390133 0.35484728 0.37014854 0.38881448
 0.42344195]",99
9,10,7,0.9,0.37982648611068726,0.5019257664680481,"[0.30773014 0.3366778  0.3592531  0.36215958 0.37502268 0.4160164
 0.50192577]",99
10,11,7,0.9,0.49042877554893494,1.0889067649841309,"[0.30323893 0.3356967  0.34607878 0.3826084  0.42545608 0.5510158
 1.0889068 ]",99
