layer_from,layer_to,k_used,variance_threshold,mean_angle,max_angle,angles,boot_id
0,1,6,0.9,0.3539697825908661,0.4312942624092102,[0.29880035 0.30441558 0.33327428 0.3532279  0.40280628 0.43129426],0
1,2,6,0.9,0.35750630497932434,0.4319285750389099,[0.28872296 0.30665547 0.31957787 0.37911248 0.4190404  0.43192858],0
2,3,6,0.9,0.3655848503112793,0.4650980234146118,[0.27079317 0.30626014 0.33914727 0.38977873 0.42243165 0.46509802],0
3,4,6,0.9,0.3327379524707794,0.42768511176109314,[0.2502562  0.25657937 0.32574937 0.35807657 0.3780809  0.4276851 ],0
4,5,7,0.9,0.3176419138908386,0.38661521673202515,"[0.24885087 0.2586969  0.281208   0.33001116 0.35314712 0.36496413
 0.38661522]",0
5,6,7,0.9,0.3055916428565979,0.3603707253932953,"[0.24521627 0.27089053 0.28628293 0.30284464 0.31833532 0.3552012
 0.36037073]",0
6,7,7,0.9,0.30657750368118286,0.3659065067768097,"[0.24739732 0.26323676 0.284783   0.3091262  0.3322221  0.34337085
 0.3659065 ]",0
7,8,7,0.9,0.3302847445011139,0.3923572897911072,"[0.28376418 0.29993397 0.315814   0.3242652  0.3419856  0.3538728
 0.3923573 ]",0
8,9,7,0.9,0.3287639319896698,0.3681119382381439,"[0.27348697 0.2954927  0.3096667  0.34391484 0.34643775 0.36423665
 0.36811194]",0
9,10,8,0.9,0.3703594505786896,0.46446144580841064,"[0.30286503 0.32345456 0.3291085  0.35073626 0.375247   0.39702046
 0.41998237 0.46446145]",0
10,11,8,0.9,0.45556509494781494,0.9424375295639038,"[0.28845173 0.30306882 0.34237784 0.35241893 0.39055118 0.4749059
 0.5503088  0.9424375 ]",0
0,1,6,0.9,0.35426029562950134,0.4366307258605957,[0.30076763 0.30183193 0.32935852 0.35385388 0.40311924 0.43663073],1
1,2,6,0.9,0.3578031063079834,0.4347546100616455,[0.2865789  0.30405185 0.32499197 0.3800783  0.41636315 0.4347546 ],1
2,3,6,0.9,0.36245080828666687,0.4552731215953827,[0.27547514 0.30182052 0.34181583 0.38665837 0.41366172 0.45527312],1
3,4,6,0.9,0.3259405791759491,0.4087073504924774,[0.24606997 0.24796867 0.31634244 0.35117993 0.38537508 0.40870735],1
4,5,7,0.9,0.310029536485672,0.38147297501564026,"[0.24254769 0.25061482 0.27202088 0.3191931  0.34095737 0.3633998
 0.38147298]",1
5,6,7,0.9,0.3102463185787201,0.3808872103691101,"[0.25708482 0.27548477 0.28476244 0.30970758 0.31184676 0.35195068
 0.3808872 ]",1
6,7,7,0.9,0.3038211166858673,0.3687143921852112,"[0.24408257 0.2682635  0.2819249  0.30845642 0.3187782  0.33652782
 0.3687144 ]",1
7,8,7,0.9,0.32221779227256775,0.3803471326828003,"[0.2756574  0.29342023 0.3090602  0.3131347  0.33672562 0.34717953
 0.38034713]",1
8,9,7,0.9,0.3329518139362335,0.37867113947868347,"[0.27433202 0.30256933 0.31854227 0.33789843 0.35191107 0.3667387
 0.37867114]",1
9,10,8,0.9,0.3715359568595886,0.47739937901496887,"[0.31503582 0.31715956 0.33085898 0.35821667 0.3684237  0.39817482
 0.40701875 0.47739938]",1
10,11,9,0.9,0.4627772569656372,0.9682521224021912,"[0.28487125 0.30870667 0.32998082 0.35903266 0.36493623 0.40520483
 0.53101045 0.6130003  0.9682521 ]",1
0,1,6,0.9,0.35511794686317444,0.4350394010543823,[0.29970694 0.30401862 0.33211938 0.35522315 0.40460035 0.4350394 ],2
1,2,6,0.9,0.35735663771629333,0.43281492590904236,[0.28811273 0.30691245 0.32036373 0.37874126 0.4171946  0.43281493],2
2,3,6,0.9,0.36473509669303894,0.46200117468833923,[0.27030787 0.30306363 0.34026828 0.39306533 0.41970438 0.46200117],2
3,4,6,0.9,0.3307313621044159,0.4226312041282654,[0.24922064 0.2559866  0.32495594 0.35220715 0.37938666 0.4226312 ],2
4,5,7,0.9,0.31615185737609863,0.38186392188072205,"[0.25071284 0.2550423  0.28024095 0.33148298 0.347803   0.36591715
 0.38186392]",2
5,6,7,0.9,0.3065875470638275,0.368990957736969,"[0.24451652 0.26950783 0.2878101  0.30287564 0.31881848 0.35359338
 0.36899096]",2
6,7,7,0.9,0.3072082996368408,0.36374709010124207,"[0.24690662 0.26543644 0.28479382 0.31182793 0.3345386  0.34320757
 0.3637471 ]",2
7,8,7,0.9,0.3285519480705261,0.3859243094921112,"[0.2829047  0.30286983 0.31211707 0.32541972 0.34214926 0.34847862
 0.3859243 ]",2
8,9,7,0.9,0.3282089829444885,0.3692125082015991,"[0.27255657 0.29790694 0.31068683 0.34220788 0.34441584 0.3604762
 0.3692125 ]",2
9,10,8,0.9,0.369188129901886,0.450344443321228,"[0.3098468  0.3180688  0.32587916 0.35605937 0.37877655 0.3973878
 0.41714224 0.45034444]",2
10,11,8,0.9,0.4506743848323822,0.9373320937156677,"[0.28064367 0.29628703 0.32706788 0.35577062 0.38246837 0.4712939
 0.55453146 0.9373321 ]",2
0,1,6,0.9,0.35451391339302063,0.4343145787715912,[0.2983783  0.30510724 0.33113134 0.3541099  0.40404218 0.43431458],3
1,2,6,0.9,0.35798147320747375,0.4328770041465759,[0.28853825 0.30586448 0.32077098 0.37997994 0.41985825 0.432877  ],3
2,3,6,0.9,0.3663148581981659,0.4670542776584625,[0.27147973 0.30884492 0.3408092  0.39066547 0.41903543 0.46705428],3
3,4,6,0.9,0.3348979651927948,0.43381088972091675,[0.2517436  0.25582954 0.32690144 0.361713   0.3793894  0.4338109 ],3
4,5,7,0.9,0.31842389702796936,0.3880003094673157,"[0.2480284  0.26083785 0.2816027  0.3321746  0.3519906  0.36633274
 0.3880003 ]",3
5,6,7,0.9,0.30807897448539734,0.36846789717674255,"[0.24672633 0.27338523 0.28520384 0.30885944 0.31917694 0.3547332
 0.3684679 ]",3
6,7,7,0.9,0.3088250756263733,0.3712660074234009,"[0.24871919 0.26505947 0.286998   0.31264034 0.33330852 0.343784
 0.371266  ]",3
7,8,7,0.9,0.33290526270866394,0.39539042115211487,"[0.28567037 0.30143067 0.31484687 0.3300656  0.34926325 0.3536698
 0.39539042]",3
8,9,7,0.9,0.33210888504981995,0.36933109164237976,"[0.27594435 0.29751435 0.31164038 0.3442059  0.35826698 0.36785927
 0.3693311 ]",3
9,10,8,0.9,0.3734245002269745,0.4656929075717926,"[0.30418143 0.32225713 0.3308353  0.3534343  0.37995824 0.40718916
 0.4238475  0.4656929 ]",3
10,11,8,0.9,0.45356303453445435,0.9225134253501892,"[0.28882405 0.2970948  0.34365824 0.3472093  0.37838677 0.4668578
 0.5839598  0.9225134 ]",3
0,1,6,0.9,0.3528996407985687,0.43376705050468445,[0.29841903 0.30287763 0.3285742  0.35098583 0.40277404 0.43376705],4
1,2,6,0.9,0.35713478922843933,0.4303268492221832,[0.2876662  0.3020374  0.32341912 0.38009307 0.41926596 0.43032685],4
2,3,6,0.9,0.3626132011413574,0.46011871099472046,[0.27277547 0.30049047 0.33806434 0.39274603 0.41148427 0.4601187 ],4
3,4,6,0.9,0.3275351822376251,0.41911453008651733,[0.2422959  0.24737662 0.32088873 0.35433745 0.38119796 0.41911453],4
4,5,7,0.9,0.30961599946022034,0.37689313292503357,"[0.24268167 0.24851692 0.27209166 0.322856   0.34248754 0.3617849
 0.37689313]",4
5,6,7,0.9,0.30593445897102356,0.37175366282463074,"[0.24688394 0.2721491  0.2815579  0.30540016 0.31073812 0.35305852
 0.37175366]",4
6,7,7,0.9,0.3021842837333679,0.36605075001716614,"[0.24353294 0.26422614 0.27932015 0.30389374 0.3206029  0.33766335
 0.36605075]",4
7,8,7,0.9,0.32382187247276306,0.3804227411746979,"[0.27736017 0.29603583 0.30987749 0.3162583  0.33938366 0.34741506
 0.38042274]",4
8,9,8,0.9,0.3262244164943695,0.37422484159469604,"[0.273152   0.28931436 0.30468115 0.31537595 0.33677793 0.35312006
 0.36314902 0.37422484]",4
9,10,8,0.9,0.3699852228164673,0.45394301414489746,"[0.30590427 0.3209269  0.3313903  0.35545117 0.37479448 0.40210915
 0.41536236 0.453943  ]",4
10,11,9,0.9,0.4693087339401245,0.9520601630210876,"[0.28603587 0.305734   0.33350813 0.35193563 0.3694006  0.43449926
 0.56257814 0.62802684 0.95206016]",4
0,1,6,0.9,0.35410723090171814,0.4377739429473877,[0.3006682  0.30134392 0.32927942 0.35361677 0.40196124 0.43777394],5
1,2,6,0.9,0.3580078184604645,0.4370923638343811,[0.28741947 0.305794   0.3254365  0.3780877  0.41421685 0.43709236],5
2,3,6,0.9,0.36459171772003174,0.4588647782802582,[0.27824062 0.30523577 0.3375793  0.38903564 0.41859427 0.45886478],5
3,4,6,0.9,0.3270241320133209,0.4102647602558136,[0.24543886 0.2536506  0.31675756 0.34970018 0.38633278 0.41026476],5
4,5,7,0.9,0.3149198591709137,0.38819798827171326,"[0.24822038 0.2532867  0.27640492 0.32841808 0.3423196  0.36759132
 0.388198  ]",5
5,6,7,0.9,0.3140658438205719,0.38798975944519043,"[0.2574732  0.27620542 0.28832662 0.31714368 0.31857994 0.35274222
 0.38798976]",5
6,7,7,0.9,0.30951371788978577,0.37546634674072266,"[0.24821989 0.27954924 0.28816265 0.3116155  0.32696065 0.3366215
 0.37546635]",5
7,8,7,0.9,0.32750850915908813,0.3854779899120331,"[0.27854753 0.2981925  0.31351084 0.32358992 0.33932406 0.35391685
 0.385478  ]",5
8,9,7,0.9,0.33479782938957214,0.38624483346939087,"[0.28006572 0.30309796 0.31791133 0.34210148 0.3494416  0.3647219
 0.38624483]",5
9,10,7,0.9,0.36437103152275085,0.425204873085022,"[0.31539613 0.32268274 0.34514365 0.3664783  0.37424865 0.40144292
 0.42520487]",5
10,11,8,0.9,0.4479824900627136,0.9515295624732971,"[0.2778993  0.30604497 0.33220804 0.336141   0.37350577 0.42710474
 0.5794265  0.95152956]",5
0,1,6,0.9,0.3565213978290558,0.43803271651268005,[0.3011101  0.30435213 0.33497694 0.356503   0.40415376 0.43803272],6
1,2,6,0.9,0.35927221179008484,0.4359806478023529,[0.2907531  0.30998632 0.32171938 0.38002688 0.41716695 0.43598065],6
2,3,6,0.9,0.3687671720981598,0.46451321244239807,[0.2714804  0.30575144 0.34669325 0.39352787 0.4306368  0.4645132 ],6
3,4,6,0.9,0.3340950012207031,0.42888808250427246,[0.25307253 0.2622033  0.32395938 0.35609424 0.38035244 0.42888808],6
4,5,7,0.9,0.32193946838378906,0.3907244801521301,"[0.25650233 0.2629989  0.286334   0.3339481  0.35220268 0.37086573
 0.39072448]",6
5,6,7,0.9,0.31134364008903503,0.3721287250518799,"[0.24889007 0.27294445 0.29349667 0.30687675 0.3258006  0.35926822
 0.37212873]",6
6,7,7,0.9,0.31001195311546326,0.37040087580680847,"[0.24853654 0.268156   0.28655782 0.3145769  0.33682537 0.34503034
 0.37040088]",6
7,8,7,0.9,0.3319898247718811,0.3894948959350586,"[0.2848017  0.3036297  0.31716147 0.33030203 0.34507686 0.35346237
 0.3894949 ]",6
8,9,7,0.9,0.3306984305381775,0.37333062291145325,"[0.27657303 0.3021536  0.31176147 0.3391675  0.34547275 0.36643007
 0.37333062]",6
9,10,8,0.9,0.37303444743156433,0.463555246591568,"[0.31215066 0.31937063 0.32722315 0.36197752 0.3786097  0.39646655
 0.42492217 0.46355525]",6
10,11,8,0.9,0.4516149163246155,0.9408000111579895,"[0.27748075 0.29539075 0.31808117 0.36964914 0.3893294  0.48568875
 0.5364994  0.9408    ]",6
0,1,6,0.9,0.3550020158290863,0.4354233741760254,[0.2999973  0.30317664 0.33195737 0.35493615 0.40452132 0.43542337],7
1,2,6,0.9,0.357538104057312,0.43556874990463257,[0.28712958 0.30774412 0.3217386  0.3772213  0.41582638 0.43556875],7
2,3,6,0.9,0.36671319603919983,0.4653519093990326,[0.27416608 0.30716568 0.33965394 0.38897437 0.42496726 0.4653519 ],7
3,4,6,0.9,0.33304423093795776,0.42192235589027405,[0.2519524  0.25791335 0.32161435 0.3597939  0.38506895 0.42192236],7
4,5,7,0.9,0.3205725848674774,0.390986829996109,"[0.25471798 0.26302114 0.2846646  0.33309767 0.3494332  0.3680866
 0.39098683]",7
5,6,7,0.9,0.3106810450553894,0.3742186427116394,"[0.2509482  0.27314514 0.28843433 0.30816475 0.32447243 0.3553837
 0.37421864]",7
6,7,7,0.9,0.3104851543903351,0.37395361065864563,"[0.2507013  0.27082035 0.2882891  0.3132063  0.33456767 0.3418578
 0.3739536 ]",7
7,8,7,0.9,0.3331320583820343,0.3960115909576416,"[0.28565198 0.30070204 0.3177681  0.3283205  0.34614396 0.3573263
 0.3960116 ]",7
8,9,7,0.9,0.33340826630592346,0.376421719789505,"[0.27889243 0.30126962 0.3130896  0.34739757 0.35105705 0.36572987
 0.37642172]",7
9,10,8,0.9,0.3705939054489136,0.45637813210487366,"[0.30680177 0.31631717 0.32901075 0.3557915  0.3814347  0.39823464
 0.42078272 0.45637813]",7
10,11,8,0.9,0.44878989458084106,0.9290270805358887,"[0.28492597 0.29254124 0.32899305 0.3474499  0.379232   0.46028888
 0.5678612  0.9290271 ]",7
0,1,6,0.9,0.3564493954181671,0.436087042093277,[0.30057564 0.30481285 0.33440915 0.35641608 0.4063957  0.43608704],8
1,2,6,0.9,0.35863468050956726,0.43572694063186646,[0.28821927 0.30869332 0.32262316 0.37939972 0.4171456  0.43572694],8
2,3,6,0.9,0.36603331565856934,0.46286478638648987,[0.27201846 0.30453187 0.34397867 0.38965434 0.42315173 0.4628648 ],8
3,4,6,0.9,0.3336247205734253,0.4243561923503876,[0.25405052 0.25569618 0.32419598 0.36039475 0.38305488 0.4243562 ],8
4,5,7,0.9,0.3205562233924866,0.38704606890678406,"[0.25258142 0.26700604 0.2855737  0.33442095 0.3491786  0.36808693
 0.38704607]",8
5,6,7,0.9,0.3094356954097748,0.36900433897972107,"[0.25116172 0.2708667  0.28851312 0.30444482 0.32296795 0.35909116
 0.36900434]",8
6,7,7,0.9,0.30881237983703613,0.37016087770462036,"[0.24755451 0.26359618 0.28663585 0.31552407 0.33480573 0.34340945
 0.37016088]",8
7,8,7,0.9,0.33097901940345764,0.3892136514186859,"[0.28497306 0.30145213 0.31429225 0.32611534 0.34439766 0.35640907
 0.38921365]",8
8,9,7,0.9,0.33230653405189514,0.3710671663284302,"[0.2773053  0.3024723  0.31266767 0.34428853 0.34988558 0.36845928
 0.37106717]",8
9,10,8,0.9,0.3794897496700287,0.484186589717865,"[0.3115414  0.31761009 0.33338758 0.3625339  0.37838227 0.39583245
 0.45244363 0.4841866 ]",8
10,11,8,0.9,0.45323407649993896,0.9334810972213745,"[0.28222513 0.29898658 0.32509163 0.37466046 0.3807756  0.4812994
 0.54935265 0.9334811 ]",8
0,1,6,0.9,0.35443076491355896,0.43358364701271057,[0.29914984 0.3032539  0.33324695 0.35416132 0.40318868 0.43358365],9
1,2,6,0.9,0.357348769903183,0.4328920841217041,[0.2880716  0.30651683 0.32155553 0.37745115 0.4176054  0.43289208],9
2,3,6,0.9,0.36390164494514465,0.4625225365161896,[0.2724598  0.30358943 0.33463192 0.39250925 0.4176971  0.46252254],9
3,4,6,0.9,0.3309457302093506,0.4206686019897461,[0.24794462 0.25685966 0.3226773  0.35453838 0.3829858  0.4206686 ],9
4,5,7,0.9,0.31812557578086853,0.385606050491333,"[0.25362945 0.25643912 0.28073296 0.33377752 0.3494489  0.36724502
 0.38560605]",9
5,6,7,0.9,0.30784866213798523,0.3723699748516083,"[0.24604428 0.27163485 0.28635615 0.30624136 0.31811035 0.35418367
 0.37236997]",9
6,7,7,0.9,0.3076781630516052,0.3661724627017975,"[0.24802573 0.26868257 0.28571016 0.31033745 0.3330842  0.34173438
 0.36617246]",9
7,8,7,0.9,0.32966944575309753,0.38680723309516907,"[0.28304413 0.30166927 0.31565025 0.3233773  0.3449981  0.35213977
 0.38680723]",9
8,9,7,0.9,0.3294612467288971,0.3721131682395935,"[0.27593428 0.2965307  0.3101639  0.34429806 0.3464869  0.3607017
 0.37211317]",9
9,10,8,0.9,0.36920279264450073,0.45444974303245544,"[0.30441755 0.31984168 0.32594153 0.35364226 0.38121447 0.40174654
 0.41236857 0.45444974]",9
10,11,8,0.9,0.45374664664268494,0.9391883611679077,"[0.28339094 0.29662636 0.3359635  0.34901235 0.39096963 0.45934147
 0.57548046 0.93918836]",9
0,1,6,0.9,0.35495033860206604,0.4359590411186218,[0.29976487 0.30331156 0.33039448 0.3549442  0.40532792 0.43595904],10
1,2,6,0.9,0.35721680521965027,0.4333544671535492,[0.28775886 0.3057277  0.32182983 0.3784326  0.41619733 0.43335447],10
2,3,6,0.9,0.36426886916160583,0.4617938697338104,[0.27227765 0.30173147 0.33808124 0.3937737  0.4179552  0.46179387],10
3,4,6,0.9,0.3293585777282715,0.4185137450695038,[0.24697393 0.25365868 0.32381555 0.35187578 0.38131362 0.41851375],10
4,5,7,0.9,0.31482595205307007,0.3801335394382477,"[0.24930689 0.25379664 0.27873194 0.33100444 0.34542856 0.36537954
 0.38013354]",10
5,6,7,0.9,0.307454377412796,0.3732810914516449,"[0.245063   0.27096424 0.28674102 0.3053405  0.31836635 0.35242462
 0.3732811 ]",10
6,7,7,0.9,0.3072171211242676,0.3646099269390106,"[0.24686103 0.26849413 0.28537476 0.31022638 0.33377331 0.3411803
 0.36460993]",10
7,8,7,0.9,0.32785576581954956,0.38356533646583557,"[0.28206927 0.30241045 0.31267232 0.32362086 0.34102294 0.349629
 0.38356534]",10
8,9,7,0.9,0.32899531722068787,0.37194329500198364,"[0.27340817 0.29762495 0.31150565 0.3438749  0.34689248 0.35771787
 0.3719433 ]",10
9,10,8,0.9,0.3688269853591919,0.4445360600948334,"[0.30825022 0.31868517 0.3259125  0.35540408 0.38118035 0.40279382
 0.4138537  0.44453606]",10
10,11,8,0.9,0.4514738619327545,0.9337581396102905,"[0.28119555 0.29487702 0.32940918 0.34742627 0.38048407 0.45805293
 0.5865877  0.93375814]",10
0,1,6,0.9,0.3573381006717682,0.4402023255825043,[0.3016095  0.30493596 0.33065343 0.35854566 0.40808177 0.44020233],11
1,2,6,0.9,0.3592381179332733,0.43572455644607544,[0.2901362  0.3079428  0.32110277 0.38259438 0.41792804 0.43572456],11
2,3,6,0.9,0.3671399652957916,0.46447741985321045,[0.2713123  0.3052336  0.34624022 0.39403167 0.42154452 0.46447742],11
3,4,6,0.9,0.33382174372673035,0.4302625358104706,[0.25124684 0.26024228 0.32917768 0.35282573 0.3791753  0.43026254],11
4,5,7,0.9,0.31700214743614197,0.38251981139183044,"[0.24906835 0.25707287 0.28007454 0.33465496 0.34916902 0.36645567
 0.3825198 ]",11
5,6,7,0.9,0.3104783594608307,0.3767705261707306,"[0.2459865  0.2729986  0.29025888 0.30864722 0.32413384 0.3545528
 0.37677053]",11
6,7,7,0.9,0.31036296486854553,0.3646760880947113,"[0.248585   0.26819244 0.288955   0.31715113 0.33963174 0.34534934
 0.3646761 ]",11
7,8,7,0.9,0.3301423490047455,0.38591858744621277,"[0.28414372 0.30670187 0.31280714 0.33018678 0.3416257  0.34961283
 0.3859186 ]",11
8,9,7,0.9,0.3301244378089905,0.3702748715877533,"[0.27307066 0.3015762  0.31212756 0.34421435 0.34844196 0.36116552
 0.37027487]",11
9,10,8,0.9,0.37779438495635986,0.4639820456504822,"[0.3156201  0.31808728 0.33326462 0.3611323  0.38697326 0.3996333
 0.4436622  0.46398205]",11
10,11,8,0.9,0.445592999458313,0.9153537154197693,"[0.2791543  0.29507282 0.31697756 0.354686   0.37158987 0.46914285
 0.56276697 0.9153537 ]",11
0,1,6,0.9,0.35392069816589355,0.4344860911369324,[0.29918987 0.30316246 0.32971454 0.35376906 0.40320203 0.4344861 ],12
1,2,6,0.9,0.3570035398006439,0.43285369873046875,[0.28704074 0.30407038 0.3205015  0.37959182 0.41796312 0.4328537 ],12
2,3,6,0.9,0.36286261677742004,0.4607270658016205,[0.27341944 0.30534843 0.339189   0.38356885 0.41492313 0.46072707],12
3,4,6,0.9,0.3299062252044678,0.4213581681251526,[0.24872015 0.25065422 0.32046744 0.355746   0.38249138 0.42135817],12
4,5,7,0.9,0.3135991394519806,0.38408932089805603,"[0.24436949 0.25607485 0.27386785 0.326979   0.34646302 0.3633505
 0.38408932]",12
5,6,7,0.9,0.3082857131958008,0.3746829330921173,"[0.25138083 0.2740128  0.2825678  0.30981275 0.313031   0.352512
 0.37468293]",12
6,7,7,0.9,0.30444177985191345,0.3692425787448883,"[0.24552567 0.26434317 0.28166726 0.3092645  0.32281616 0.33823323
 0.36924258]",12
7,8,7,0.9,0.32612958550453186,0.3868328332901001,"[0.2790394  0.29545832 0.30899492 0.32151893 0.34274727 0.3483152
 0.38683283]",12
8,9,7,0.9,0.33116504549980164,0.3724389374256134,"[0.27597323 0.29763    0.31201282 0.34054303 0.35447022 0.365087
 0.37243894]",12
9,10,8,0.9,0.36603879928588867,0.4565892219543457,"[0.3045927  0.3141779  0.3248118  0.35259157 0.37380067 0.38946146
 0.41228515 0.45658922]",12
10,11,8,0.9,0.4506661891937256,0.9537099003791809,"[0.2846453  0.30263972 0.34043828 0.3536507  0.36661983 0.4468068
 0.5568192  0.9537099 ]",12
0,1,6,0.9,0.3540882170200348,0.43522703647613525,[0.3008445  0.3024635  0.32853281 0.35393953 0.40352213 0.43522704],13
1,2,6,0.9,0.3566223680973053,0.43258848786354065,[0.2879667  0.30470142 0.31930685 0.38009658 0.41507408 0.4325885 ],13
2,3,6,0.9,0.3628362715244293,0.4581247568130493,[0.27356112 0.301319   0.3390091  0.38499168 0.4200119  0.45812476],13
3,4,6,0.9,0.3255603015422821,0.41372740268707275,[0.24362488 0.2521582  0.31962645 0.3466324  0.37759247 0.4137274 ],13
4,5,7,0.9,0.309402197599411,0.37947019934654236,"[0.24106939 0.24810949 0.2712567  0.3236428  0.34255213 0.35971466
 0.3794702 ]",13
5,6,7,0.9,0.30774354934692383,0.37015610933303833,"[0.24896483 0.27326223 0.2877118  0.30635896 0.31778488 0.3499659
 0.3701561 ]",13
6,7,7,0.9,0.30392125248908997,0.363233745098114,"[0.24537385 0.26954454 0.28058168 0.305113   0.32729378 0.33630827
 0.36323375]",13
7,8,7,0.9,0.3234998285770416,0.38036414980888367,"[0.27553627 0.29828116 0.31149164 0.3164507  0.33653253 0.34584218
 0.38036415]",13
8,9,7,0.9,0.328019380569458,0.37602004408836365,"[0.27149773 0.29782793 0.31278527 0.3346495  0.3446211  0.3587343
 0.37602004]",13
9,10,8,0.9,0.3645138442516327,0.4468972682952881,"[0.30133468 0.32007477 0.33028513 0.35250422 0.37106076 0.38961354
 0.40434045 0.44689727]",13
10,11,8,0.9,0.45344603061676025,0.9563556909561157,"[0.2815326  0.3034169  0.3325511  0.34356537 0.38067758 0.4432877
 0.5861813  0.9563557 ]",13
0,1,6,0.9,0.3553733825683594,0.44162383675575256,[0.29954922 0.30361673 0.32626098 0.3551076  0.40608183 0.44162384],14
1,2,6,0.9,0.3592924177646637,0.43821537494659424,[0.28808734 0.30402994 0.32660988 0.38219184 0.41662025 0.43821537],14
2,3,6,0.9,0.36716464161872864,0.4627884328365326,[0.28010064 0.30613953 0.34377623 0.39227122 0.41791204 0.46278843],14
3,4,6,0.9,0.3312479555606842,0.4197288155555725,[0.2455502  0.2524886  0.32129195 0.35922277 0.38920534 0.41972882],14
4,5,7,0.9,0.3157768249511719,0.39037060737609863,"[0.24726488 0.25529218 0.27605763 0.32878783 0.34270224 0.36996245
 0.3903706 ]",14
5,6,7,0.9,0.3165521025657654,0.397052526473999,"[0.25741068 0.27895153 0.28617653 0.31695288 0.3238813  0.3554392
 0.39705253]",14
6,7,7,0.9,0.31062594056129456,0.3813326954841614,"[0.24852031 0.27884045 0.2897847  0.3103193  0.32686356 0.3387204
 0.3813327 ]",14
7,8,7,0.9,0.3303196132183075,0.38659435510635376,"[0.28191677 0.30266032 0.3112068  0.3305967  0.33900174 0.36026052
 0.38659436]",14
8,9,7,0.9,0.33921605348587036,0.38934949040412903,"[0.28197548 0.30472046 0.32153648 0.34626815 0.35988462 0.3707779
 0.3893495 ]",14
9,10,7,0.9,0.36660057306289673,0.41422322392463684,"[0.31045043 0.32331163 0.35287437 0.37667686 0.37994218 0.4087255
 0.41422322]",14
10,11,8,0.9,0.44819512963294983,0.9516196250915527,"[0.28296238 0.30613536 0.33387718 0.34210292 0.3606595  0.4214702
 0.58673394 0.9516196 ]",14
0,1,6,0.9,0.35271477699279785,0.43443751335144043,[0.2992192  0.3018534  0.32644653 0.35202914 0.40230298 0.4344375 ],15
1,2,6,0.9,0.3571615517139435,0.4341685175895691,[0.28605148 0.30349052 0.32442868 0.3786384  0.41619173 0.43416852],15
2,3,6,0.9,0.3644162118434906,0.4603267312049866,[0.2790643  0.30415955 0.33795074 0.38941842 0.41557753 0.46032673],15
3,4,6,0.9,0.3271518051624298,0.4098679721355438,[0.24357101 0.24959566 0.31964257 0.35273275 0.38750076 0.40986797],15
4,5,7,0.9,0.3120690882205963,0.38578587770462036,"[0.24657449 0.247635   0.27250564 0.32533452 0.34193406 0.36471388
 0.38578588]",15
5,6,7,0.9,0.31215280294418335,0.384529709815979,"[0.25495276 0.27631798 0.2846907  0.31352204 0.32041806 0.35063824
 0.3845297 ]",15
6,7,7,0.9,0.3080091178417206,0.3794994652271271,"[0.24696466 0.27611864 0.28818426 0.3080592  0.3218285  0.3354089
 0.37949947]",15
7,8,7,0.9,0.32713553309440613,0.3877677321434021,"[0.27929702 0.29684895 0.30731624 0.32768255 0.33714208 0.35389397
 0.38776773]",15
8,9,7,0.9,0.33541902899742126,0.3834240436553955,"[0.27909654 0.30169356 0.31978822 0.34327435 0.35673368 0.36392295
 0.38342404]",15
9,10,7,0.9,0.3635321259498596,0.414520800113678,"[0.31159237 0.3219014  0.34891212 0.36763695 0.377452   0.40270942
 0.4145208 ]",15
10,11,8,0.9,0.45329833030700684,0.9571166038513184,"[0.2831062  0.30891886 0.33954084 0.3455069  0.3690764  0.42024103
 0.6028799  0.9571166 ]",15
0,1,6,0.9,0.3560662567615509,0.44175323843955994,[0.2995395  0.30386546 0.32803127 0.35622162 0.40698653 0.44175324],16
1,2,6,0.9,0.3589610159397125,0.4364697337150574,[0.28803572 0.30456507 0.32558227 0.3810863  0.41802686 0.43646973],16
2,3,6,0.9,0.36663541197776794,0.46438905596733093,[0.2752866  0.3058417  0.3422729  0.397377   0.41464522 0.46438906],16
3,4,6,0.9,0.33406808972358704,0.4272391200065613,[0.24788171 0.25576758 0.3242871  0.36193612 0.38729706 0.42723912],16
4,5,7,0.9,0.318884938955307,0.3894681930541992,"[0.24980405 0.26107627 0.28076178 0.3359454  0.3450536  0.37008524
 0.3894682 ]",16
5,6,7,0.9,0.31533387303352356,0.3945513069629669,"[0.25215366 0.27701035 0.2862867  0.31621522 0.3228143  0.35830557
 0.3945513 ]",16
6,7,7,0.9,0.31231221556663513,0.37700504064559937,"[0.24979007 0.27558818 0.29064143 0.31538093 0.33427545 0.3435045
 0.37700504]",16
7,8,7,0.9,0.3339824378490448,0.3885865807533264,"[0.28581926 0.30778447 0.3165522  0.3322201  0.34365153 0.36326295
 0.38858658]",16
8,9,7,0.9,0.33827564120292664,0.3873942792415619,"[0.28121576 0.30396983 0.31829038 0.34799898 0.35941297 0.36964715
 0.38739428]",16
9,10,8,0.9,0.3718305230140686,0.44709348678588867,"[0.3099332  0.31371796 0.3328628  0.36285275 0.39025092 0.3928387
 0.42509434 0.4470935 ]",16
10,11,8,0.9,0.4453139305114746,0.9181737899780273,"[0.28487614 0.29564965 0.33189884 0.34451187 0.36177313 0.44361097
 0.582017   0.9181738 ]",16
0,1,6,0.9,0.35994336009025574,0.4437456429004669,[0.30505186 0.30675596 0.3278625  0.36295366 0.41329056 0.44374564],17
1,2,6,0.9,0.36170148849487305,0.4389971196651459,[0.29236594 0.30999532 0.3214933  0.38874403 0.41861317 0.43899712],17
2,3,6,0.9,0.36781883239746094,0.46379899978637695,[0.2757106  0.30437422 0.3510978  0.38678718 0.4251442  0.463799  ],17
3,4,6,0.9,0.33358606696128845,0.42788928747177124,[0.2509681  0.26401538 0.33377385 0.34645495 0.3784147  0.4278893 ],17
4,5,7,0.9,0.3117724359035492,0.37756386399269104,"[0.2360106  0.25575885 0.26979735 0.33381626 0.3483103  0.36114985
 0.37756386]",17
5,6,7,0.9,0.3145100176334381,0.38029929995536804,"[0.25081828 0.27844477 0.29367545 0.31535652 0.3309177  0.35205802
 0.3802993 ]",17
6,7,7,0.9,0.3119102418422699,0.36469781398773193,"[0.25069243 0.27496147 0.28987083 0.3173615  0.3374607  0.34832707
 0.3646978 ]",17
7,8,7,0.9,0.3277719020843506,0.38244858384132385,"[0.28246516 0.30358085 0.31517777 0.3266983  0.33684248 0.34719023
 0.38244858]",17
8,9,7,0.9,0.33174246549606323,0.3802967071533203,"[0.272275   0.30242947 0.32132122 0.33652532 0.34949675 0.3598528
 0.3802967 ]",17
9,10,7,0.9,0.374563992023468,0.4562852084636688,"[0.32027268 0.32800168 0.34870005 0.36729085 0.3929802  0.40841734
 0.4562852 ]",17
10,11,7,0.9,0.4559628665447235,0.8774394989013672,"[0.29381502 0.30595297 0.32233652 0.3659338  0.44573182 0.5805305
 0.8774395 ]",17
0,1,6,0.9,0.3533101975917816,0.43221041560173035,[0.30037242 0.3031501  0.32788917 0.35400128 0.40223768 0.43221042],18
1,2,6,0.9,0.35639068484306335,0.43267080187797546,[0.2867345  0.30516538 0.31853104 0.37908626 0.41615617 0.4326708 ],18
2,3,6,0.9,0.36274752020835876,0.45905327796936035,[0.27499416 0.3064058  0.33729827 0.38007346 0.41865996 0.45905328],18
3,4,6,0.9,0.32692092657089233,0.4130803644657135,[0.24570978 0.2547227  0.32089856 0.34733102 0.37978318 0.41308036],18
4,5,7,0.9,0.310651034116745,0.38544198870658875,"[0.24367158 0.24591993 0.27030095 0.32484856 0.3450587  0.35931566
 0.385442  ]",18
5,6,7,0.9,0.30856993794441223,0.37076377868652344,"[0.25090834 0.27506176 0.28714874 0.31061742 0.31724823 0.34824133
 0.37076378]",18
6,7,7,0.9,0.3062904179096222,0.37066522240638733,"[0.24884434 0.27079248 0.28496945 0.30836552 0.3253981  0.33499777
 0.37066522]",18
7,8,7,0.9,0.3261752426624298,0.39001742005348206,"[0.27726176 0.29681227 0.30869353 0.3247606  0.33801365 0.3476676
 0.39001742]",18
8,9,7,0.9,0.3313349783420563,0.3805152177810669,"[0.27443475 0.29980522 0.31583086 0.3383261  0.34893706 0.36149564
 0.38051522]",18
9,10,7,0.9,0.3649504482746124,0.4341026246547699,"[0.31034    0.32408053 0.3474704  0.35744932 0.3811725  0.400038
 0.43410262]",18
10,11,8,0.9,0.4492415189743042,0.9443219304084778,"[0.28520468 0.30415994 0.33988017 0.34541184 0.3797486  0.43000254
 0.5652024  0.94432193]",18
0,1,6,0.9,0.3555227518081665,0.43356889486312866,[0.30106324 0.30383578 0.33667925 0.35562736 0.4023619  0.4335689 ],19
1,2,6,0.9,0.35934802889823914,0.437021404504776,[0.2893641  0.31172124 0.3225502  0.3778564  0.4175747  0.4370214 ],19
2,3,6,0.9,0.3697704076766968,0.46781474351882935,[0.27600142 0.31217122 0.34109154 0.38628358 0.43525997 0.46781474],19
3,4,6,0.9,0.3371005058288574,0.42600467801094055,[0.25801125 0.2679593  0.32150385 0.36389214 0.38523173 0.42600468],19
4,5,6,0.9,0.3273085355758667,0.40467363595962524,[0.2627     0.27157485 0.32263857 0.3373622  0.364902   0.40467364],19
5,6,7,0.9,0.31408944725990295,0.37162694334983826,"[0.25420913 0.2771605  0.2953287  0.31009847 0.33055592 0.3596464
 0.37162694]",19
6,7,7,0.9,0.31336089968681335,0.37816405296325684,"[0.25504988 0.27560112 0.29098317 0.31375563 0.3375401  0.34243235
 0.37816405]",19
7,8,7,0.9,0.3369528353214264,0.40341314673423767,"[0.2865633  0.3004516  0.3242671  0.33302677 0.34745306 0.36349487
 0.40341315]",19
8,9,7,0.9,0.33501917123794556,0.3840751647949219,"[0.28287312 0.3030017  0.3126793  0.3423345  0.34897488 0.37119567
 0.38407516]",19
9,10,7,0.9,0.372479647397995,0.46369922161102295,"[0.31593275 0.32809195 0.34688494 0.36249524 0.38168794 0.40856558
 0.46369922]",19
10,11,7,0.9,0.46726900339126587,0.9332409501075745,"[0.2900128  0.2989554  0.33977646 0.39785466 0.46561125 0.54543173
 0.93324095]",19
0,1,6,0.9,0.3549743890762329,0.4360509216785431,[0.29918826 0.3038035  0.33153206 0.35564244 0.40362915 0.43605092],20
1,2,6,0.9,0.35905423760414124,0.43661069869995117,[0.28875226 0.3064216  0.3235575  0.38019457 0.41878897 0.4366107 ],20
2,3,6,0.9,0.36489012837409973,0.46473428606987,[0.27820787 0.30882436 0.33458164 0.38701165 0.415981   0.4647343 ],20
3,4,6,0.9,0.3337848484516144,0.42358118295669556,[0.25034887 0.25744697 0.32241556 0.35850388 0.39041275 0.42358118],20
4,5,7,0.9,0.320896178483963,0.39535731077194214,"[0.2545303  0.2597259  0.27779084 0.3393749  0.35045114 0.36904284
 0.3953573 ]",20
5,6,7,0.9,0.3155859410762787,0.393014132976532,"[0.255142   0.2789775  0.28582284 0.31925634 0.32245186 0.35443705
 0.39301413]",20
6,7,7,0.9,0.311429888010025,0.37622612714767456,"[0.24983202 0.27571082 0.29175606 0.3155329  0.32945377 0.34149757
 0.37622613]",20
7,8,7,0.9,0.33231815695762634,0.39082399010658264,"[0.28372777 0.30269814 0.3127467  0.33197677 0.3490758  0.3551779
 0.390824  ]",20
8,9,7,0.9,0.3357006013393402,0.380795955657959,"[0.2842834  0.30089256 0.31403822 0.34333614 0.35708392 0.36947405
 0.38079596]",20
9,10,7,0.9,0.3697434365749359,0.4459392726421356,"[0.3115035  0.32370427 0.35231134 0.3718626  0.38920063 0.3936825
 0.44593927]",20
10,11,8,0.9,0.44713521003723145,0.9318323135375977,"[0.28463596 0.29933038 0.3382995  0.34181407 0.37464172 0.43008074
 0.576447   0.9318323 ]",20
0,1,6,0.9,0.35395801067352295,0.438037633895874,[0.29928368 0.30220807 0.3279943  0.35310107 0.40312335 0.43803763],21
1,2,6,0.9,0.3570619821548462,0.43353188037872314,[0.28733915 0.30304804 0.32295406 0.3795117  0.41598704 0.43353188],21
2,3,6,0.9,0.36357250809669495,0.4594433605670929,[0.2738643  0.30178    0.34002087 0.3910827  0.41524374 0.45944336],21
3,4,6,0.9,0.32690390944480896,0.41671332716941833,[0.24367824 0.2491897  0.31884664 0.35130674 0.3816889  0.41671333],21
4,5,7,0.9,0.3113185465335846,0.3810657858848572,"[0.24503353 0.249846   0.27373028 0.32455897 0.34054074 0.36445442
 0.3810658 ]",21
5,6,7,0.9,0.30894750356674194,0.37988319993019104,"[0.24975486 0.27356002 0.28433567 0.3097453  0.31272715 0.3526261
 0.3798832 ]",21
6,7,7,0.9,0.30420631170272827,0.368365615606308,"[0.24411833 0.26909092 0.2811717  0.30630836 0.32427064 0.33611876
 0.36836562]",21
7,8,7,0.9,0.3243854343891144,0.38017451763153076,"[0.27727112 0.29740554 0.31116706 0.31838503 0.33602858 0.3502662
 0.38017452]",21
8,9,8,0.9,0.32681703567504883,0.37536489963531494,"[0.27286416 0.29122573 0.3009728  0.3124391  0.33685008 0.3523863
 0.37243304 0.3753649 ]",21
9,10,8,0.9,0.3645324110984802,0.43980491161346436,"[0.30447006 0.31654856 0.32149988 0.35557774 0.37484396 0.3963497
 0.40716463 0.4398049 ]",21
10,11,9,0.9,0.4532402753829956,0.9798936247825623,"[0.27505517 0.29814604 0.3237541  0.3340314  0.36515963 0.41069314
 0.51393163 0.5784977  0.9798936 ]",21
0,1,6,0.9,0.35544446110725403,0.4338497221469879,[0.30080444 0.30550164 0.32880113 0.35607922 0.40763065 0.43384972],22
1,2,6,0.9,0.3577464520931244,0.43332481384277344,[0.2882612  0.30691049 0.31865224 0.3821765  0.41715327 0.4333248 ],22
2,3,6,0.9,0.3658025562763214,0.4627757668495178,[0.27142903 0.30348635 0.34530744 0.38904193 0.42277476 0.46277577],22
3,4,6,0.9,0.33063292503356934,0.4231073260307312,[0.24923828 0.25536555 0.32961604 0.35104543 0.3754249  0.42310733],22
4,5,7,0.9,0.3114427626132965,0.3778814375400543,"[0.24557276 0.24694906 0.27525944 0.3274947  0.34646952 0.3604723
 0.37788144]",22
5,6,7,0.9,0.3059357702732086,0.3626905083656311,"[0.24546437 0.27060148 0.28670454 0.30496237 0.32065377 0.35047334
 0.3626905 ]",22
6,7,7,0.9,0.3065437972545624,0.3606312870979309,"[0.24649194 0.26393017 0.28507966 0.3112208  0.33305264 0.34540004
 0.3606313 ]",22
7,8,7,0.9,0.3268912136554718,0.38770654797554016,"[0.28223625 0.3012668  0.31102493 0.32360682 0.33602008 0.34637702
 0.38770655]",22
8,9,7,0.9,0.327438622713089,0.36938226222991943,"[0.26910862 0.2966396  0.31383556 0.3355112  0.3493761  0.35821718
 0.36938226]",22
9,10,8,0.9,0.36738473176956177,0.4504164755344391,"[0.3081964  0.32625133 0.32699034 0.35188738 0.36958444 0.3915117
 0.4142398  0.45041648]",22
10,11,8,0.9,0.4509577751159668,0.934796929359436,"[0.2858089  0.30238023 0.33167762 0.35762203 0.375401   0.46778977
 0.55218583 0.9347969 ]",22
0,1,6,0.9,0.35348713397979736,0.43367359042167664,[0.29839572 0.30330718 0.33041963 0.3529742  0.40215242 0.4336736 ],23
1,2,6,0.9,0.3566855192184448,0.43162789940834045,[0.28735995 0.30438018 0.3198726  0.37869805 0.41817424 0.4316279 ],23
2,3,6,0.9,0.36329761147499084,0.4619884788990021,[0.27196497 0.30510882 0.3373642  0.38712913 0.4162302  0.46198848],23
3,4,6,0.9,0.3299478590488434,0.4233904480934143,[0.24774149 0.25241107 0.3215874  0.35456824 0.3799886  0.42339045],23
4,5,7,0.9,0.3143714964389801,0.384761780500412,"[0.24628496 0.25496885 0.27572548 0.32830718 0.3469449  0.36360717
 0.38476178]",23
5,6,7,0.9,0.30682653188705444,0.3707711696624756,"[0.247335   0.27257472 0.28368878 0.3071375  0.3136256  0.35265285
 0.37077117]",23
6,7,7,0.9,0.3047637939453125,0.36751702427864075,"[0.24597329 0.2649047  0.281938   0.30796304 0.32608482 0.3389657
 0.36751702]",23
7,8,7,0.9,0.327138215303421,0.3873178958892822,"[0.279954   0.29714346 0.31189436 0.32205513 0.343077   0.34852573
 0.3873179 ]",23
8,9,7,0.9,0.3289930522441864,0.3699990510940552,"[0.27476975 0.29506278 0.30967394 0.34138438 0.3509801  0.36108136
 0.36999905]",23
9,10,8,0.9,0.3660562038421631,0.45287808775901794,"[0.3010942  0.31739378 0.3239154  0.35141394 0.3755489  0.39677852
 0.40942678 0.4528781 ]",23
10,11,8,0.9,0.45200207829475403,0.9469193816184998,"[0.28434032 0.29811296 0.3417406  0.34386182 0.37544456 0.45239455
 0.57320243 0.9469194 ]",23
0,1,6,0.9,0.35493531823158264,0.4374721050262451,[0.29985547 0.30266333 0.33046573 0.35491076 0.4042447  0.4374721 ],24
1,2,6,0.9,0.357784628868103,0.4345322549343109,[0.28779727 0.3046247  0.32243738 0.37997192 0.41734433 0.43453225],24
2,3,6,0.9,0.36288872361183167,0.4606133699417114,[0.27427173 0.3033054  0.33674058 0.38842168 0.41397968 0.46061337],24
3,4,6,0.9,0.3296985924243927,0.4199383556842804,[0.24743578 0.2512629  0.3201352  0.35455263 0.38486674 0.41993836],24
4,5,7,0.9,0.3153448700904846,0.3842850923538208,"[0.24902385 0.25554436 0.27549353 0.33211097 0.34531853 0.3656377
 0.3842851 ]",24
5,6,7,0.9,0.31078043580055237,0.384243905544281,"[0.25095034 0.27425918 0.28390443 0.31211436 0.31606394 0.3539268
 0.3842439 ]",24
6,7,7,0.9,0.3063097894191742,0.36792805790901184,"[0.2457007  0.2691178  0.28442085 0.31076735 0.32736775 0.33886603
 0.36792806]",24
7,8,7,0.9,0.32691121101379395,0.38235753774642944,"[0.27969804 0.29962656 0.31146926 0.32141557 0.34356695 0.35024464
 0.38235754]",24
8,9,7,0.9,0.3314001262187958,0.37480148673057556,"[0.27756536 0.29819414 0.31167245 0.3420734  0.35401297 0.36148098
 0.3748015 ]",24
9,10,8,0.9,0.36706823110580444,0.45091596245765686,"[0.3044432  0.31202254 0.3239491  0.35569808 0.3797557  0.39128935
 0.41847166 0.45091596]",24
10,11,8,0.9,0.4481281638145447,0.9457998275756836,"[0.28022414 0.29813164 0.3310822  0.34488773 0.36943972 0.44325432
 0.5722058  0.9457998 ]",24
0,1,6,0.9,0.35750365257263184,0.4402023255825043,[0.3009042  0.30521557 0.3322899  0.35896122 0.4074487  0.44020233],25
1,2,6,0.9,0.36169326305389404,0.43886613845825195,[0.29169577 0.30647    0.32586503 0.38550717 0.42175552 0.43886614],25
2,3,6,0.9,0.36424365639686584,0.46547767519950867,[0.27767953 0.30595237 0.33555934 0.38984227 0.41095075 0.46547768],25
3,4,6,0.9,0.33816441893577576,0.43788066506385803,[0.24858259 0.2603782  0.32591027 0.3635165  0.39271817 0.43788067],25
4,5,7,0.9,0.3218713104724884,0.3919781744480133,"[0.25362304 0.26057723 0.27832982 0.34546077 0.3526285  0.3705018
 0.39197817]",25
5,6,7,0.9,0.3194620609283447,0.4030274450778961,"[0.25345266 0.28098607 0.2893687  0.32263067 0.32965028 0.35711852
 0.40302745]",25
6,7,7,0.9,0.3142637610435486,0.3760981261730194,"[0.25158012 0.27528134 0.29476276 0.31796947 0.3365809  0.34757364
 0.37609813]",25
7,8,7,0.9,0.33545002341270447,0.3932178020477295,"[0.28733367 0.31092012 0.31431925 0.3311713  0.3520193  0.35916886
 0.3932178 ]",25
8,9,7,0.9,0.3388262391090393,0.3835250437259674,"[0.2865047  0.30297393 0.3159293  0.3481173  0.3583372  0.37639612
 0.38352504]",25
9,10,7,0.9,0.380568265914917,0.4677528738975525,"[0.3173105  0.33063358 0.35862514 0.38505325 0.3957434  0.40885895
 0.46775287]",25
10,11,7,0.9,0.46272486448287964,0.8561581969261169,"[0.3027449  0.3177244  0.3396695  0.37983674 0.43619725 0.6067428
 0.8561582 ]",25
0,1,6,0.9,0.35579872131347656,0.43616366386413574,[0.29957083 0.30473042 0.33498508 0.35561025 0.40373203 0.43616366],26
1,2,6,0.9,0.35881683230400085,0.4345352053642273,[0.288801   0.30841345 0.32222664 0.37893674 0.41998777 0.4345352 ],26
2,3,6,0.9,0.36755451560020447,0.46580997109413147,[0.27072075 0.30919045 0.3457724  0.39198613 0.42184725 0.46580997],26
3,4,6,0.9,0.3371947109699249,0.4347534775733948,[0.255337   0.2606996  0.32613507 0.36332753 0.3829158  0.43475348],26
4,5,7,0.9,0.3240266442298889,0.392811119556427,"[0.25243685 0.27204663 0.28834486 0.33690706 0.35435084 0.37128934
 0.39281112]",26
5,6,7,0.9,0.310384064912796,0.3722703456878662,"[0.25062394 0.27256322 0.28832346 0.30638406 0.32288343 0.35964015
 0.37227035]",26
6,7,7,0.9,0.31066077947616577,0.37412911653518677,"[0.24938998 0.26440248 0.28767714 0.31779614 0.33610085 0.34512973
 0.37412912]",26
7,8,7,0.9,0.3354763686656952,0.39680352807044983,"[0.28766412 0.30373454 0.3189765  0.33124298 0.3530685  0.35684443
 0.39680353]",26
8,9,7,0.9,0.3340420424938202,0.37407350540161133,"[0.27898204 0.30117357 0.31397012 0.34221447 0.3599325  0.36794809
 0.3740735 ]",26
9,10,8,0.9,0.37569308280944824,0.4696199893951416,"[0.31161937 0.315316   0.3335773  0.3583977  0.38135543 0.39451656
 0.4411422  0.46962   ]",26
10,11,8,0.9,0.44714540243148804,0.9170361757278442,"[0.28290004 0.2952048  0.32712096 0.35418367 0.3772208  0.48845884
 0.5350378  0.9170362 ]",26
0,1,6,0.9,0.35473552346229553,0.44135141372680664,[0.2990857  0.30228955 0.33015296 0.3536216  0.40191188 0.4413514 ],27
1,2,6,0.9,0.3599001169204712,0.4389103055000305,[0.2896305  0.30535755 0.32988736 0.37936914 0.41624597 0.4389103 ],27
2,3,6,0.9,0.36777427792549133,0.4627656042575836,[0.27958336 0.30667898 0.3393167  0.3984857  0.4198154  0.4627656 ],27
3,4,6,0.9,0.3302311599254608,0.41773340106010437,[0.24626686 0.254563   0.31815568 0.35481316 0.38985482 0.4177334 ],27
4,5,7,0.9,0.3194923400878906,0.3939409852027893,"[0.25278622 0.25927293 0.28057802 0.3328203  0.34277087 0.37427703
 0.393941  ]",27
5,6,7,0.9,0.31664758920669556,0.3981073498725891,"[0.25672448 0.27832025 0.28862202 0.31654432 0.3209182  0.35729665
 0.39810735]",27
6,7,7,0.9,0.3113270103931427,0.3802246153354645,"[0.24875574 0.28229812 0.2888862  0.31078255 0.32874945 0.33959255
 0.38022462]",27
7,8,7,0.9,0.33086317777633667,0.38556358218193054,"[0.281231   0.30175272 0.31855464 0.32765532 0.34133968 0.3599452
 0.38556358]",27
8,9,7,0.9,0.33666032552719116,0.3863098621368408,"[0.28401932 0.30235744 0.31704408 0.34508145 0.3584728  0.36333743
 0.38630986]",27
9,10,7,0.9,0.36652278900146484,0.42036694288253784,"[0.3171456  0.3213163  0.34965444 0.37488452 0.37594977 0.40634188
 0.42036694]",27
10,11,8,0.9,0.4506247043609619,0.9616144895553589,"[0.2779703  0.30132785 0.3310448  0.34111348 0.37013665 0.43107978
 0.59071034 0.9616145 ]",27
0,1,6,0.9,0.35456958413124084,0.4335139989852905,[0.2990582  0.30469704 0.3319519  0.35455778 0.40363872 0.433514  ],28
1,2,6,0.9,0.3576814830303192,0.4329638183116913,[0.28796104 0.3062625  0.31961393 0.37984815 0.4194394  0.43296382],28
2,3,6,0.9,0.3651858866214752,0.4647746980190277,[0.2711399  0.30867332 0.3416207  0.3854268  0.41947997 0.4647747 ],28
3,4,6,0.9,0.3340274393558502,0.43146973848342896,[0.2526062  0.25575626 0.32516292 0.35992593 0.37924358 0.43146974],28
4,5,7,0.9,0.31795528531074524,0.38781988620758057,"[0.24687077 0.2625053  0.28006268 0.33115792 0.35258    0.36469048
 0.3878199 ]",28
5,6,7,0.9,0.30740445852279663,0.36603808403015137,"[0.24843936 0.27267435 0.28485557 0.30637458 0.3186216  0.35482755
 0.36603808]",28
6,7,7,0.9,0.30730074644088745,0.36934545636177063,"[0.24805583 0.26256844 0.28468412 0.3128724  0.33109906 0.3424799
 0.36934546]",28
7,8,7,0.9,0.33126041293144226,0.39475592970848083,"[0.28385848 0.29914457 0.31431347 0.3268298  0.34724382 0.35267684
 0.39475593]",28
8,9,7,0.9,0.3311610519886017,0.369821161031723,"[0.27555797 0.2973488  0.31047952 0.34227803 0.3554558  0.36718625
 0.36982116]",28
9,10,8,0.9,0.3709438443183899,0.46651506423950195,"[0.30435532 0.31748143 0.33016676 0.35254464 0.3763987  0.3945727
 0.4255163  0.46651506]",28
10,11,8,0.9,0.44839778542518616,0.9243766665458679,"[0.28752017 0.2975302  0.3355959  0.35081953 0.3759801  0.47016168
 0.5451981  0.92437667]",28
0,1,6,0.9,0.35428524017333984,0.43428313732147217,[0.29955265 0.3035958  0.33043507 0.35479823 0.4030466  0.43428314],29
1,2,6,0.9,0.3566478192806244,0.4332287013530731,[0.28681076 0.30680707 0.3187561  0.37778774 0.41649666 0.4332287 ],29
2,3,6,0.9,0.36459270119667053,0.46191132068634033,[0.2715793  0.30721477 0.3396423  0.38651973 0.42068905 0.46191132],29
3,4,6,0.9,0.33064496517181396,0.4221343696117401,[0.24997711 0.25774366 0.32252258 0.35241756 0.37907448 0.42213437],29
4,5,7,0.9,0.3159891963005066,0.3876212537288666,"[0.24850917 0.25587004 0.27833286 0.32965156 0.3476954  0.364244
 0.38762125]",29
5,6,7,0.9,0.3075713515281677,0.370547890663147,"[0.24738368 0.271862   0.28717947 0.30590862 0.3186416  0.35147592
 0.3705479 ]",29
6,7,7,0.9,0.3077599108219147,0.3691043257713318,"[0.24920589 0.26779243 0.2849438  0.3111229  0.33138663 0.34076336
 0.36910433]",29
7,8,7,0.9,0.32989218831062317,0.3931361138820648,"[0.28258982 0.29980382 0.31546357 0.3255137  0.34271446 0.35002398
 0.3931361 ]",29
8,9,7,0.9,0.33006229996681213,0.3734026849269867,"[0.27490327 0.29880622 0.31117934 0.3419188  0.34741193 0.3628138
 0.37340268]",29
9,10,8,0.9,0.36514925956726074,0.446109801530838,"[0.30383897 0.31779936 0.3241417  0.35249507 0.37505114 0.39288852
 0.40886945 0.4461098 ]",29
10,11,8,0.9,0.44433194398880005,0.9287711977958679,"[0.28304946 0.29327038 0.32547957 0.34698907 0.3785281  0.45548618
 0.54308176 0.9287712 ]",29
0,1,6,0.9,0.3557148277759552,0.4349920153617859,[0.3007143  0.30546856 0.33149233 0.35562018 0.4060017  0.43499202],30
1,2,6,0.9,0.359289288520813,0.4339648485183716,[0.29059857 0.30588824 0.32027987 0.38454735 0.42045692 0.43396485],30
2,3,6,0.9,0.3652937114238739,0.46532920002937317,[0.27280933 0.30572113 0.3416869  0.38586807 0.42034766 0.4653292 ],30
3,4,6,0.9,0.33365729451179504,0.43427929282188416,[0.249108   0.2550938  0.3280372  0.35826734 0.37715816 0.4342793 ],30
4,5,7,0.9,0.314573734998703,0.3809683322906494,"[0.24653079 0.2538325  0.27606398 0.32990575 0.3539191  0.36079577
 0.38096833]",30
5,6,7,0.9,0.3074481785297394,0.3626832664012909,"[0.24745086 0.2745047  0.2850184  0.30777994 0.31972963 0.35497046
 0.36268327]",30
6,7,7,0.9,0.305540531873703,0.36247119307518005,"[0.24596033 0.2620223  0.28405443 0.30891022 0.33196378 0.34340146
 0.3624712 ]",30
7,8,7,0.9,0.32767418026924133,0.38769662380218506,"[0.2809175  0.30080202 0.30987787 0.3228624  0.34016505 0.3513978
 0.38769662]",30
8,9,7,0.9,0.3284362256526947,0.36813247203826904,"[0.271745   0.29474735 0.30906996 0.34349334 0.35164553 0.3602201
 0.36813247]",30
9,10,8,0.9,0.3747742772102356,0.47753727436065674,"[0.30510703 0.32502145 0.32915813 0.35368994 0.37374273 0.40602177
 0.4279157  0.47753727]",30
10,11,8,0.9,0.4555419981479645,0.9292534589767456,"[0.28857115 0.30596504 0.3405905  0.35404718 0.3799298  0.46670732
 0.5792714  0.92925346]",30
0,1,6,0.9,0.3547620475292206,0.4366465210914612,[0.30101177 0.30314928 0.3264553  0.35544038 0.405869   0.43664652],31
1,2,6,0.9,0.3567759096622467,0.43322527408599854,[0.28714684 0.30486727 0.31937027 0.38056737 0.41547874 0.43322527],31
2,3,6,0.9,0.36310163140296936,0.45862168073654175,[0.27271372 0.30178422 0.3411981  0.3869635  0.4173286  0.45862168],31
3,4,6,0.9,0.32673075795173645,0.4159179925918579,[0.24436556 0.25312895 0.32397494 0.34572136 0.37727582 0.415918  ],31
4,5,7,0.9,0.3085536062717438,0.37616869807243347,"[0.23910569 0.24724124 0.27055886 0.32505375 0.3420613  0.3596857
 0.3761687 ]",31
5,6,7,0.9,0.30712494254112244,0.3721510171890259,"[0.24663872 0.27227944 0.28645006 0.30731958 0.31675184 0.3482841
 0.37215102]",31
6,7,7,0.9,0.30519580841064453,0.3636939823627472,"[0.2463991  0.26892495 0.2825058  0.30828795 0.32945302 0.33710587
 0.36369398]",31
7,8,7,0.9,0.3241440951824188,0.3810119330883026,"[0.2778028  0.29977274 0.31000683 0.3202653  0.33419043 0.34595856
 0.38101193]",31
8,9,7,0.9,0.32828935980796814,0.3750610649585724,"[0.27075708 0.29752186 0.3142668  0.33670142 0.3488321  0.35488522
 0.37506106]",31
9,10,8,0.9,0.3640161454677582,0.4373154938220978,"[0.30590943 0.32202706 0.32340863 0.3525365  0.37375447 0.3975724
 0.3996051  0.4373155 ]",31
10,11,8,0.9,0.4470043480396271,0.9324000477790833,"[0.28118676 0.29907277 0.32820052 0.34052682 0.37000218 0.4415693
 0.5830765  0.93240005]",31
0,1,6,0.9,0.35539689660072327,0.44218844175338745,[0.29919696 0.30303705 0.32809067 0.35439017 0.40547812 0.44218844],32
1,2,6,0.9,0.3607974052429199,0.4410042464733124,[0.28919756 0.30520642 0.33118433 0.38122264 0.41696918 0.44100425],32
2,3,6,0.9,0.3705516755580902,0.46686944365501404,[0.2835497  0.30837888 0.34246358 0.3994353  0.4226132  0.46686944],32
3,4,6,0.9,0.33390378952026367,0.4207979142665863,[0.24740535 0.25524142 0.32210955 0.36287913 0.39498928 0.4207979 ],32
4,5,7,0.9,0.3225367069244385,0.39876946806907654,"[0.25514814 0.2632134  0.28329948 0.33565962 0.34529334 0.3763734
 0.39876947]",32
5,6,7,0.9,0.3210168778896332,0.4062693417072296,"[0.26066953 0.28056446 0.28940105 0.3204945  0.3292787  0.36044052
 0.40626934]",32
6,7,7,0.9,0.31604519486427307,0.3884895145893097,"[0.25201648 0.28797907 0.29524288 0.31339213 0.33206582 0.34313035
 0.3884895 ]",32
7,8,7,0.9,0.33645591139793396,0.3924578130245209,"[0.28500104 0.30753547 0.3183732  0.33800754 0.34682128 0.3669951
 0.3924578 ]",32
8,9,7,0.9,0.34300756454467773,0.39608266949653625,"[0.2884639  0.30632675 0.32377714 0.34969583 0.36483583 0.37187096
 0.39608267]",32
9,10,7,0.9,0.3696587383747101,0.4200855493545532,"[0.3133415  0.3259849  0.355151   0.37678868 0.38569003 0.41056937
 0.42008555]",32
10,11,7,0.9,0.4626653492450714,0.9012399911880493,"[0.29506564 0.31884512 0.33693445 0.36949337 0.42708403 0.5899949
 0.90124   ]",32
0,1,6,0.9,0.3540618121623993,0.43296411633491516,[0.2991818  0.30328003 0.3334892  0.3535035  0.40195212 0.43296412],33
1,2,6,0.9,0.3571748733520508,0.4324946403503418,[0.28772882 0.30632004 0.31993228 0.3783332  0.41824043 0.43249464],33
2,3,6,0.9,0.3641764223575592,0.46261924505233765,[0.2714933  0.30596364 0.33890226 0.3855856  0.4204946  0.46261925],33
3,4,6,0.9,0.3316861689090729,0.4242480397224426,[0.251319   0.25506216 0.3215838  0.35738766 0.3805165  0.42424804],33
4,5,7,0.9,0.31794261932373047,0.38844072818756104,"[0.2490386  0.26206806 0.2799322  0.3301309  0.35036832 0.36561954
 0.38844073]",33
5,6,7,0.9,0.30735471844673157,0.3668504059314728,"[0.24943611 0.272316   0.2858812  0.30406    0.3170894  0.35585
 0.3668504 ]",33
6,7,7,0.9,0.3054707646369934,0.36714109778404236,"[0.24678442 0.26348817 0.28237575 0.30971402 0.32812136 0.34067044
 0.3671411 ]",33
7,8,7,0.9,0.3288349509239197,0.38996458053588867,"[0.2812602  0.2966771  0.31640854 0.32072467 0.34383017 0.35297954
 0.38996458]",33
8,9,7,0.9,0.32942184805870056,0.3695889115333557,"[0.27574387 0.29611796 0.30923316 0.34162462 0.34748125 0.36616328
 0.3695889 ]",33
9,10,8,0.9,0.36857137084007263,0.46620050072669983,"[0.30423915 0.31592605 0.32576764 0.35217726 0.3737225  0.39137515
 0.41916272 0.4662005 ]",33
10,11,8,0.9,0.4511376619338989,0.9472938776016235,"[0.28370774 0.2987483  0.33122867 0.3564263  0.38321623 0.46848524
 0.5399949  0.9472939 ]",33
0,1,6,0.9,0.35459205508232117,0.43403443694114685,[0.3001312  0.30310297 0.3316549  0.35459727 0.40403143 0.43403444],34
1,2,6,0.9,0.3568591773509979,0.43296951055526733,[0.28742558 0.30625182 0.31927    0.3788465  0.41639158 0.4329695 ],34
2,3,6,0.9,0.36338934302330017,0.461116224527359,[0.27189684 0.30312872 0.33788872 0.38615984 0.42014563 0.46111622],34
3,4,6,0.9,0.32929137349128723,0.41946735978126526,[0.2483482  0.2538097  0.32128686 0.35324413 0.37959197 0.41946736],34
4,5,7,0.9,0.31484243273735046,0.38312727212905884,"[0.2496924  0.25413185 0.2774629  0.32920608 0.3474704  0.36280608
 0.38312727]",34
5,6,7,0.9,0.3068807125091553,0.36753544211387634,"[0.24756229 0.27120596 0.2862808  0.30380908 0.31854987 0.35322154
 0.36753544]",34
6,7,7,0.9,0.3053160309791565,0.3639504313468933,"[0.24613553 0.26543328 0.28292522 0.30864328 0.33058897 0.33953565
 0.36395043]",34
7,8,7,0.9,0.32678458094596863,0.3854128420352936,"[0.27985454 0.29869384 0.3132761  0.31993607 0.33977163 0.35054696
 0.38541284]",34
8,9,7,0.9,0.3280176818370819,0.37140151858329773,"[0.27321497 0.29640317 0.30959785 0.34080404 0.34431642 0.3603856
 0.37140152]",34
9,10,8,0.9,0.36693960428237915,0.45713454484939575,"[0.3039983  0.3178583  0.32380074 0.35290074 0.3743755  0.39286563
 0.4125833  0.45713454]",34
10,11,8,0.9,0.4494797885417938,0.94157874584198,"[0.28133214 0.29750887 0.32678744 0.3503039  0.38144317 0.4600097
 0.55687433 0.94157875]",34
0,1,6,0.9,0.3548811376094818,0.43596258759498596,[0.30075595 0.30259952 0.32992417 0.35573915 0.4043053  0.4359626 ],35
1,2,6,0.9,0.3579128086566925,0.43512028455734253,[0.2869064  0.30515623 0.32252595 0.38022912 0.41753897 0.43512028],35
2,3,6,0.9,0.3617684841156006,0.45771098136901855,[0.27522936 0.3042867  0.3374434  0.3838642  0.41207638 0.45771098],35
3,4,6,0.9,0.32905712723731995,0.4150507152080536,[0.24795142 0.25166008 0.3191851  0.35252962 0.38796565 0.41505072],35
4,5,7,0.9,0.3134785294532776,0.3833010196685791,"[0.2456664  0.25424325 0.2718842  0.32954532 0.34575725 0.36395243
 0.38330102]",35
5,6,7,0.9,0.3109094202518463,0.38449156284332275,"[0.25472933 0.27482685 0.2833449  0.3126322  0.31493327 0.35140786
 0.38449156]",35
6,7,7,0.9,0.3061220943927765,0.37001290917396545,"[0.24637589 0.26825    0.28498492 0.31250408 0.32239485 0.33833203
 0.3700129 ]",35
7,8,7,0.9,0.3254578411579132,0.38329529762268066,"[0.27855057 0.29727045 0.30873767 0.31986347 0.34218994 0.34829774
 0.3832953 ]",35
8,9,7,0.9,0.3327040374279022,0.3776647448539734,"[0.2772095  0.30110484 0.31501004 0.33856252 0.3533432  0.36603326
 0.37766474]",35
9,10,8,0.9,0.3650394678115845,0.448141485452652,"[0.3077888  0.30983388 0.32394066 0.35451245 0.3714439  0.38994703
 0.4147075  0.4481415 ]",35
10,11,8,0.9,0.4461594521999359,0.9487090706825256,"[0.28461006 0.30414343 0.3327265  0.35806653 0.36484337 0.43665227
 0.53952456 0.9487091 ]",35
0,1,6,0.9,0.35442328453063965,0.4359360337257385,[0.3002479  0.302912   0.32934046 0.354123   0.4039803  0.43593603],36
1,2,6,0.9,0.35702916979789734,0.43185141682624817,[0.2881719  0.30384693 0.31977627 0.3812305  0.41729802 0.43185142],36
2,3,6,0.9,0.36212387681007385,0.45835989713668823,[0.27184692 0.30067226 0.3396559  0.3862676  0.41594085 0.4583599 ],36
3,4,7,0.9,0.32852402329444885,0.4191818833351135,"[0.24212345 0.24981345 0.28762376 0.34812462 0.3698858  0.38291514
 0.41918188]",36
4,5,7,0.9,0.3095596730709076,0.3773553967475891,"[0.24412943 0.24658817 0.2709228  0.32485604 0.34302437 0.36004165
 0.3773554 ]",36
5,6,7,0.9,0.30635714530944824,0.37082430720329285,"[0.24710897 0.27234858 0.28445888 0.3048031  0.3136828  0.3512733
 0.3708243 ]",36
6,7,7,0.9,0.302080363035202,0.36019471287727356,"[0.24356483 0.2641588  0.2789052  0.30548003 0.32568398 0.33657494
 0.3601947 ]",36
7,8,7,0.9,0.32221099734306335,0.37800517678260803,"[0.275483   0.29745495 0.30906096 0.31478968 0.3375347  0.3431486
 0.37800518]",36
8,9,8,0.9,0.3230944573879242,0.37138164043426514,"[0.2704574  0.2894639  0.29584494 0.31184366 0.3327951  0.350515
 0.36245388 0.37138164]",36
9,10,8,0.9,0.3656742572784424,0.4524267315864563,"[0.30494887 0.31893352 0.32234576 0.35373655 0.37174806 0.39556462
 0.40569007 0.45242673]",36
10,11,9,0.9,0.4663609266281128,1.0122694969177246,"[0.2780129  0.3003001  0.31977096 0.34117192 0.37072033 0.4352498
 0.5447546  0.5949983  1.0122695 ]",36
0,1,6,0.9,0.3553487956523895,0.4354928731918335,[0.3005412  0.30370843 0.33403102 0.3550567  0.4032625  0.43549287],37
1,2,6,0.9,0.3579557240009308,0.4344717860221863,[0.28855795 0.30785882 0.32059833 0.37920445 0.4170429  0.4344718 ],37
2,3,6,0.9,0.36618494987487793,0.4623328149318695,[0.2709696  0.30580887 0.3454326  0.3866168  0.42594898 0.46233281],37
3,4,6,0.9,0.33266445994377136,0.4262436032295227,[0.25273857 0.25797153 0.32188785 0.35747027 0.37967497 0.4262436 ],37
4,5,7,0.9,0.3196006715297699,0.3897269666194916,"[0.25112647 0.2645238  0.28289554 0.33067325 0.35043967 0.36781916
 0.38972697]",37
5,6,7,0.9,0.30898162722587585,0.36694860458374023,"[0.251078   0.27227765 0.2893739  0.30393794 0.32099473 0.35826036
 0.3669486 ]",37
6,7,7,0.9,0.3068508207798004,0.3691261112689972,"[0.24705023 0.2636842  0.28359592 0.31192583 0.33124995 0.3413233
 0.3691261 ]",37
7,8,7,0.9,0.3299410343170166,0.3907994329929352,"[0.28257528 0.29846466 0.31689876 0.32347164 0.34356412 0.3538133
 0.39079943]",37
8,9,7,0.9,0.3304324150085449,0.37120717763900757,"[0.2763407  0.2994672  0.31059557 0.3431436  0.344395   0.3678775
 0.37120718]",37
9,10,8,0.9,0.37196269631385803,0.4732478857040405,"[0.31169772 0.31456554 0.32718512 0.35779822 0.37231296 0.38936615
 0.42952788 0.4732479 ]",37
10,11,8,0.9,0.4511922001838684,0.9418540596961975,"[0.28056878 0.2973722  0.32104594 0.37337866 0.3844636  0.48214784
 0.52870643 0.94185406]",37
0,1,6,0.9,0.3581151068210602,0.4378151297569275,[0.30253872 0.30711186 0.3311902  0.3597939  0.4102407  0.43781513],38
1,2,6,0.9,0.35982546210289,0.43684858083724976,[0.28969187 0.30989563 0.32000902 0.38471416 0.41779333 0.43684858],38
2,3,6,0.9,0.3689866065979004,0.46560728549957275,[0.27153686 0.30705604 0.353852   0.3884947  0.42737257 0.4656073 ],38
3,4,6,0.9,0.33582910895347595,0.4325799345970154,[0.25592116 0.2606131  0.33218756 0.35610127 0.37757146 0.43257993],38
4,5,7,0.9,0.3176960349082947,0.38591811060905457,"[0.2493697  0.25802946 0.2809781  0.3342335  0.35067174 0.3646716
 0.3859181 ]",38
5,6,7,0.9,0.31054750084877014,0.36763229966163635,"[0.24943031 0.27239576 0.29116157 0.31044772 0.3281922  0.35457253
 0.3676323 ]",38
6,7,7,0.9,0.31162765622138977,0.36707383394241333,"[0.24830164 0.26533395 0.2908217  0.3208152  0.34002477 0.34902263
 0.36707383]",38
7,8,7,0.9,0.33179834485054016,0.3943628668785095,"[0.28675935 0.3062113  0.31188542 0.33192134 0.34027097 0.35117733
 0.39436287]",38
8,9,7,0.9,0.3319997787475586,0.371539443731308,"[0.27348897 0.30382898 0.3167505  0.34143797 0.34944716 0.36750558
 0.37153944]",38
9,10,7,0.9,0.3750360310077667,0.4609105587005615,"[0.31583777 0.3289379  0.34644356 0.36648697 0.3813314  0.42530414
 0.46091056]",38
10,11,8,0.9,0.45360058546066284,0.923242449760437,"[0.28457546 0.29890987 0.32438716 0.3635252  0.40106094 0.47971484
 0.5533889  0.92324245]",38
0,1,6,0.9,0.3568120002746582,0.4361073672771454,[0.30147845 0.30630836 0.3306951  0.3576159  0.40866685 0.43610737],39
1,2,6,0.9,0.3591552972793579,0.4353531301021576,[0.2886308  0.3077872  0.3210988  0.38266173 0.4194002  0.43535313],39
2,3,6,0.9,0.367496132850647,0.4643571078777313,[0.27056667 0.3086792  0.3533735  0.3874771  0.4205232  0.4643571 ],39
3,4,6,0.9,0.33657824993133545,0.43444642424583435,[0.25416645 0.25949255 0.330395   0.3614788  0.37949032 0.43444642],39
4,5,7,0.9,0.31801363825798035,0.38603419065475464,"[0.24502444 0.26409373 0.28233984 0.33146906 0.35174572 0.3653884
 0.3860342 ]",39
5,6,7,0.9,0.30840060114860535,0.36506882309913635,"[0.2500973  0.27148306 0.28660905 0.30754808 0.32248384 0.35551402
 0.36506882]",39
6,7,7,0.9,0.30967530608177185,0.3686158061027527,"[0.24854721 0.2599973  0.2886746  0.32049677 0.33482134 0.3465743
 0.3686158 ]",39
7,8,7,0.9,0.3325280547142029,0.3978974223136902,"[0.28711927 0.30238745 0.3117871  0.33043414 0.34627482 0.35179588
 0.39789742]",39
8,9,7,0.9,0.3342868983745575,0.3748294711112976,"[0.27463198 0.30506656 0.3161738  0.3451255  0.36017478 0.3640062
 0.37482947]",39
9,10,8,0.9,0.38011807203292847,0.4894278645515442,"[0.31074765 0.32598954 0.33940962 0.35953206 0.37754172 0.39876348
 0.43953267 0.48942786]",39
10,11,8,0.9,0.4483063817024231,0.9091200232505798,"[0.28731707 0.29798916 0.33673987 0.35811397 0.37461078 0.4759659
 0.54659444 0.90912   ]",39
0,1,6,0.9,0.354903906583786,0.4355427622795105,[0.30075717 0.3031509  0.33120283 0.35428625 0.40448332 0.43554276],40
1,2,6,0.9,0.3571670949459076,0.4333091974258423,[0.28823835 0.30550957 0.31976148 0.38049802 0.41568574 0.4333092 ],40
2,3,6,0.9,0.36398541927337646,0.4600878357887268,[0.27220362 0.30161008 0.34219527 0.38514337 0.42267233 0.46008784],40
3,4,6,0.9,0.32823100686073303,0.419241338968277,[0.24806191 0.2513849  0.31942037 0.35311487 0.3781626  0.41924134],40
4,5,7,0.9,0.3130318224430084,0.38225847482681274,"[0.2481323  0.2526568  0.2763846  0.32527035 0.34411243 0.36240783
 0.38225847]",40
5,6,7,0.9,0.30758896470069885,0.36594831943511963,"[0.2503705  0.2724793  0.28740895 0.30332395 0.31860125 0.35499033
 0.36594832]",40
6,7,7,0.9,0.303558886051178,0.36246246099472046,"[0.24424481 0.26351288 0.2805229  0.30660847 0.32795247 0.3396083
 0.36246246]",40
7,8,7,0.9,0.3244287669658661,0.3822755515575409,"[0.27787083 0.29646847 0.31250542 0.315814   0.33755755 0.3485097
 0.38227555]",40
8,9,8,0.9,0.3253166675567627,0.3705722391605377,"[0.27199537 0.29509187 0.29598865 0.3120295  0.3352189  0.3515443
 0.3700925  0.37057224]",40
9,10,8,0.9,0.3685591220855713,0.46381300687789917,"[0.30816594 0.32001168 0.3230243  0.35586578 0.36851126 0.39643368
 0.4126472  0.463813  ]",40
10,11,9,0.9,0.4857582449913025,0.970004141330719,"[0.2787703  0.30105862 0.3170957  0.35267442 0.37548602 0.4456371
 0.53988415 0.79121375 0.97000414]",40
0,1,6,0.9,0.3537557125091553,0.43396201729774475,[0.29960838 0.30292457 0.32851768 0.35379264 0.40372884 0.43396202],41
1,2,6,0.9,0.3560332953929901,0.43213143944740295,[0.28576577 0.30433443 0.3192056  0.37839758 0.4163649  0.43213144],41
2,3,6,0.9,0.36233416199684143,0.45879074931144714,[0.27114233 0.30362374 0.34035882 0.38490883 0.41518065 0.45879075],41
3,4,6,0.9,0.32794055342674255,0.41781243681907654,[0.24705145 0.25098923 0.3210297  0.35166422 0.3790964  0.41781244],41
4,5,7,0.9,0.3112078309059143,0.3802914321422577,"[0.2429323  0.25216296 0.2739355  0.32448402 0.34369203 0.3609565
 0.38029143]",41
5,6,7,0.9,0.30564361810684204,0.3683672845363617,"[0.24838239 0.27089164 0.2834389  0.30455595 0.312897   0.3509723
 0.36836728]",41
6,7,7,0.9,0.30398324131965637,0.36570054292678833,"[0.24558747 0.2630874  0.28085792 0.30923492 0.3248385  0.338576
 0.36570054]",41
7,8,7,0.9,0.3252645432949066,0.3868419826030731,"[0.27913028 0.29606014 0.3102791  0.31907168 0.3393133  0.34615555
 0.38684198]",41
8,9,7,0.9,0.32926860451698303,0.37063971161842346,"[0.27280933 0.29747957 0.31243193 0.3403701  0.3502372  0.36091244
 0.3706397 ]",41
9,10,8,0.9,0.36514949798583984,0.44947850704193115,"[0.30611777 0.31564197 0.32405356 0.3526922  0.37220708 0.3919978
 0.40900704 0.4494785 ]",41
10,11,9,0.9,0.44900014996528625,0.9207016229629517,"[0.27922156 0.2979717  0.32263952 0.34021398 0.36628315 0.3982403
 0.5317977  0.58393157 0.9207016 ]",41
0,1,6,0.9,0.3552916944026947,0.4348028600215912,[0.30075717 0.30415675 0.32900265 0.35602534 0.40700534 0.43480286],42
1,2,6,0.9,0.35731008648872375,0.4333895444869995,[0.28782648 0.30627    0.31944638 0.38082498 0.41610324 0.43338954],42
2,3,6,0.9,0.3635215759277344,0.46063145995140076,[0.27254084 0.3011734  0.33972853 0.38821658 0.41883865 0.46063146],42
3,4,6,0.9,0.32829567790031433,0.41750913858413696,[0.24600413 0.2537     0.325586   0.34925961 0.37771517 0.41750914],42
4,5,7,0.9,0.31098103523254395,0.37603384256362915,"[0.24383335 0.24964246 0.27382132 0.32827133 0.3453425  0.35992253
 0.37603384]",42
5,6,7,0.9,0.3062303364276886,0.3673175573348999,"[0.24526513 0.27110627 0.28668243 0.30414242 0.31945965 0.34963876
 0.36731756]",42
6,7,7,0.9,0.30567148327827454,0.3610859215259552,"[0.24600977 0.26678637 0.2840006  0.30857736 0.3328584  0.34038186
 0.36108592]",42
7,8,7,0.9,0.3255464434623718,0.3824356198310852,"[0.27972093 0.30160707 0.31003752 0.32100797 0.3367875  0.3472284
 0.38243562]",42
8,9,7,0.9,0.32730832695961,0.3721923232078552,"[0.27024224 0.29561466 0.31282866 0.33681417 0.34681708 0.356649
 0.37219232]",42
9,10,8,0.9,0.3666517734527588,0.4490683078765869,"[0.30729163 0.3220574  0.32475555 0.3524331  0.37498802 0.39477128
 0.40784907 0.4490683 ]",42
10,11,8,0.9,0.44886937737464905,0.9289747476577759,"[0.2831905  0.29916984 0.32894805 0.34433144 0.37869418 0.45408842
 0.573558   0.92897475]",42
0,1,6,0.9,0.3553747832775116,0.4361844062805176,[0.3008121  0.3032555  0.3307887  0.35614675 0.4050612  0.4361844 ],43
1,2,6,0.9,0.35753393173217773,0.43547987937927246,[0.28731033 0.3068428  0.32017648 0.3793804  0.41601387 0.43547988],43
2,3,6,0.9,0.36412695050239563,0.4623197317123413,[0.27420065 0.3060794  0.33837977 0.38370645 0.42007577 0.46231973],43
3,4,6,0.9,0.33080950379371643,0.42031043767929077,[0.25023648 0.25530374 0.3212876  0.35517395 0.3825447  0.42031044],43
4,5,7,0.9,0.3167963922023773,0.38722556829452515,"[0.25095564 0.25692067 0.2778239  0.33198243 0.34828445 0.36438218
 0.38722557]",43
5,6,7,0.9,0.3104833662509918,0.3763030171394348,"[0.25168377 0.27393615 0.28656647 0.30988804 0.32159004 0.35341603
 0.37630302]",43
6,7,7,0.9,0.30814242362976074,0.3688407242298126,"[0.24859834 0.26970297 0.28590593 0.31276917 0.33198994 0.33919007
 0.36884072]",43
7,8,7,0.9,0.32916292548179626,0.3888314664363861,"[0.28130293 0.2997491  0.3127438  0.3254173  0.3432701  0.35282606
 0.38883147]",43
8,9,7,0.9,0.33180341124534607,0.37619027495384216,"[0.27705264 0.29994303 0.31195843 0.3444582  0.34932944 0.36369196
 0.37619027]",43
9,10,8,0.9,0.36792099475860596,0.45647552609443665,"[0.3050332  0.31378672 0.32633725 0.35524216 0.37851617 0.38969278
 0.41828418 0.45647553]",43
10,11,8,0.9,0.4448743164539337,0.9292370080947876,"[0.28178325 0.29515785 0.32572237 0.34800002 0.37342653 0.44667032
 0.55899704 0.929237  ]",43
0,1,6,0.9,0.35521602630615234,0.43350136280059814,[0.30059457 0.30526614 0.3301123  0.35637558 0.40544608 0.43350136],44
1,2,6,0.9,0.35839977860450745,0.4342145621776581,[0.2886863  0.3060331  0.31875002 0.38307002 0.41964486 0.43421456],44
2,3,6,0.9,0.3634839951992035,0.46324416995048523,[0.27327636 0.3076969  0.3395045  0.37991083 0.41727108 0.46324417],44
3,4,6,0.9,0.33231455087661743,0.4299323260784149,[0.24912179 0.25565493 0.32603404 0.3551419  0.37800226 0.42993233],44
4,5,7,0.9,0.313385933637619,0.3820268511772156,"[0.24475697 0.25237623 0.272675   0.3299913  0.3526228  0.35925227
 0.38202685]",44
5,6,7,0.9,0.30740785598754883,0.3660622239112854,"[0.24839063 0.27452403 0.28405783 0.30950117 0.31793782 0.3513812
 0.36606222]",44
6,7,7,0.9,0.3060400187969208,0.36546629667282104,"[0.24768412 0.2637142  0.2840408  0.31156263 0.33015975 0.33965215
 0.3654663 ]",44
7,8,7,0.9,0.327790766954422,0.38945266604423523,"[0.28037563 0.2992934  0.30811384 0.3261388  0.34115303 0.35000816
 0.38945267]",44
8,9,7,0.9,0.3295918107032776,0.37119829654693604,"[0.273594   0.29555327 0.3101092  0.34181175 0.35157996 0.3632965
 0.3711983 ]",44
9,10,8,0.9,0.3699793815612793,0.46632659435272217,"[0.30332714 0.31993815 0.32775292 0.3533833  0.3760337  0.38946757
 0.42360568 0.4663266 ]",44
10,11,8,0.9,0.446488618850708,0.9184648394584656,"[0.2890006  0.30120713 0.33480301 0.35164052 0.3742392  0.45115745
 0.551396   0.91846484]",44
0,1,6,0.9,0.3530101478099823,0.4351816475391388,[0.29903737 0.30131057 0.32962194 0.3512499  0.40165934 0.43518165],45
1,2,6,0.9,0.3576072156429291,0.4332883358001709,[0.28780085 0.30305883 0.3254337  0.37903824 0.41702336 0.43328834],45
2,3,6,0.9,0.3636643886566162,0.46037811040878296,[0.27732557 0.30145636 0.33553365 0.3923364  0.41495627 0.4603781 ],45
3,4,6,0.9,0.3267652094364166,0.4121595621109009,[0.24232994 0.2491462  0.31762078 0.35311228 0.3862225  0.41215956],45
4,5,7,0.9,0.313016802072525,0.383512943983078,"[0.2490802  0.25006238 0.27432147 0.32696435 0.3416652  0.36551097
 0.38351294]",45
5,6,7,0.9,0.310853511095047,0.3834724724292755,"[0.25281197 0.27525175 0.28369325 0.31185704 0.31563756 0.3532505
 0.38347247]",45
6,7,7,0.9,0.3053208887577057,0.37136539816856384,"[0.24411784 0.27365133 0.2843108  0.30602044 0.3222891  0.3354913
 0.3713654 ]",45
7,8,7,0.9,0.3255208432674408,0.3814212381839752,"[0.27754906 0.29652926 0.31089246 0.32073203 0.34031686 0.35120505
 0.38142124]",45
8,9,7,0.9,0.33213797211647034,0.3785622715950012,"[0.27850288 0.2981505  0.314884   0.34257165 0.35069653 0.36159778
 0.37856227]",45
9,10,8,0.9,0.36534368991851807,0.441720187664032,"[0.30030796 0.320196   0.3280161  0.3536889  0.3770413  0.3936976
 0.40808162 0.4417202 ]",45
10,11,8,0.9,0.4600268006324768,0.9769613742828369,"[0.2835465  0.30703238 0.33834404 0.35046884 0.37548485 0.43366054
 0.6147159  0.9769614 ]",45
0,1,6,0.9,0.3566935062408447,0.4392099678516388,[0.30127904 0.30487856 0.32809937 0.35749346 0.40920064 0.43920997],46
1,2,6,0.9,0.3589850664138794,0.43455079197883606,[0.28914195 0.3060497  0.32214287 0.38369417 0.41833082 0.4345508 ],46
2,3,6,0.9,0.3656099736690521,0.46236491203308105,[0.27207968 0.30240044 0.3461155  0.3941695  0.41652966 0.4623649 ],46
3,4,6,0.9,0.33163323998451233,0.42629969120025635,[0.24875987 0.2547887  0.32993427 0.35145047 0.37856647 0.4262997 ],46
4,5,7,0.9,0.31164640188217163,0.37575653195381165,"[0.24411216 0.24992988 0.27471152 0.3303838  0.3434036  0.3632274
 0.37575653]",46
5,6,7,0.9,0.3083100914955139,0.37349840998649597,"[0.24538489 0.27265686 0.28697252 0.30807415 0.3191116  0.35247245
 0.3734984 ]",46
6,7,7,0.9,0.3072776794433594,0.3608783483505249,"[0.24722688 0.2652951  0.285967   0.31438613 0.33487177 0.34231836
 0.36087835]",46
7,8,7,0.9,0.3261338770389557,0.3813988268375397,"[0.2815888  0.3012425  0.31088117 0.32467353 0.33728224 0.34586996
 0.38139883]",46
8,9,7,0.9,0.3288493752479553,0.3703984022140503,"[0.2707896  0.29882747 0.31354892 0.3416376  0.35073522 0.3560084
 0.3703984 ]",46
9,10,8,0.9,0.37468191981315613,0.4536325931549072,"[0.3146888  0.32067287 0.33185932 0.35939246 0.3853632  0.4007729
 0.43107322 0.4536326 ]",46
10,11,8,0.9,0.4494756758213043,0.9234935641288757,"[0.2815727  0.29855382 0.3274004  0.3543079  0.36313426 0.46099162
 0.5863511  0.92349356]",46
0,1,6,0.9,0.3552883565425873,0.43583595752716064,[0.30052045 0.30407912 0.32939205 0.35620624 0.40569612 0.43583596],47
1,2,6,0.9,0.3573587238788605,0.433867871761322,[0.28719652 0.30551234 0.3189719  0.38093352 0.41767037 0.43386787],47
2,3,6,0.9,0.363243967294693,0.4610712230205536,[0.27204597 0.30595315 0.34174505 0.38233006 0.4163185  0.46107122],47
3,4,6,0.9,0.3310428559780121,0.42526209354400635,[0.24998578 0.2534239  0.3231803  0.35463572 0.37976936 0.4252621 ],47
4,5,7,0.9,0.313724547624588,0.3823128044605255,"[0.2446236  0.25544837 0.27463174 0.32918137 0.3481585  0.36171535
 0.3823128 ]",47
5,6,7,0.9,0.30800849199295044,0.371631383895874,"[0.24972303 0.27303022 0.28408056 0.30811778 0.31740296 0.35207358
 0.37163138]",47
6,7,7,0.9,0.30594509840011597,0.36638230085372925,"[0.24710459 0.26378733 0.28326428 0.3124911  0.32903603 0.33955014
 0.3663823 ]",47
7,8,7,0.9,0.32739779353141785,0.38789114356040955,"[0.28074974 0.29881492 0.30989996 0.32345927 0.34288186 0.34808776
 0.38789114]",47
8,9,7,0.9,0.3307914733886719,0.3712277114391327,"[0.27421054 0.29873776 0.31166857 0.3419339  0.35341328 0.36434838
 0.3712277 ]",47
9,10,8,0.9,0.3684316873550415,0.45916974544525146,"[0.30716488 0.31309736 0.32750916 0.35423023 0.3765349  0.38646975
 0.42327744 0.45916975]",47
10,11,8,0.9,0.4445176124572754,0.9254334568977356,"[0.2841616  0.29689664 0.32953095 0.35428247 0.36430356 0.4548295
 0.5467029  0.92543346]",47
0,1,6,0.9,0.3538767397403717,0.43520596623420715,[0.29831076 0.30317762 0.3320819  0.35334575 0.4011385  0.43520597],48
1,2,6,0.9,0.3573780059814453,0.43298768997192383,[0.28820857 0.3054749  0.32125854 0.37824833 0.41808984 0.4329877 ],48
2,3,6,0.9,0.36438843607902527,0.46274223923683167,[0.27301762 0.30634296 0.33723775 0.3887851  0.4182049  0.46274224],48
3,4,6,0.9,0.3309549391269684,0.42359989881515503,[0.24922764 0.25500146 0.32029104 0.35514122 0.38246852 0.4235999 ],48
4,5,7,0.9,0.3175549805164337,0.390110045671463,"[0.250079   0.25860906 0.27845538 0.3310063  0.34738532 0.3672397
 0.39011005]",48
5,6,7,0.9,0.30924302339553833,0.3768008053302765,"[0.24942428 0.2742757  0.2854859  0.30857205 0.31561893 0.3545236
 0.3768008 ]",48
6,7,7,0.9,0.3061712682247162,0.3698892593383789,"[0.24698977 0.26809794 0.28302833 0.30890435 0.32705638 0.33923307
 0.36988926]",48
7,8,7,0.9,0.32860276103019714,0.3877319395542145,"[0.28067186 0.2977174  0.31543165 0.32274213 0.3455171  0.3504072
 0.38773194]",48
8,9,7,0.9,0.3299936354160309,0.3722896873950958,"[0.2772559  0.29600865 0.30987316 0.34114143 0.35057542 0.36281094
 0.3722897 ]",48
9,10,8,0.9,0.3656441867351532,0.45244961977005005,"[0.30122742 0.31574336 0.32259554 0.35288125 0.3764065  0.39556184
 0.40828794 0.45244962]",48
10,11,8,0.9,0.45054081082344055,0.9523842930793762,"[0.28147894 0.29675317 0.33529517 0.34134895 0.3780483  0.45130152
 0.5677162  0.9523843 ]",48
0,1,6,0.9,0.35376226902008057,0.43820399045944214,[0.29871267 0.3019464  0.3293657  0.3528761  0.40146887 0.438204  ],49
1,2,6,0.9,0.3573403060436249,0.43433356285095215,[0.2873162  0.3038304  0.3246158  0.37797982 0.4159661  0.43433356],49
2,3,6,0.9,0.3641222417354584,0.45976194739341736,[0.2743162  0.30302668 0.33840168 0.3938368  0.41539028 0.45976195],49
3,4,6,0.9,0.3275522291660309,0.4157748818397522,[0.24469152 0.2510504  0.3177063  0.35174087 0.38434964 0.41577488],49
4,5,7,0.9,0.31416627764701843,0.38507163524627686,"[0.2480772  0.25353703 0.27630508 0.32728156 0.34118456 0.36770692
 0.38507164]",49
5,6,7,0.9,0.31020328402519226,0.3838958740234375,"[0.25110823 0.27387422 0.28517228 0.31035522 0.31299788 0.35401917
 0.38389587]",49
6,7,7,0.9,0.3059237599372864,0.37183403968811035,"[0.24532624 0.27194145 0.28243288 0.30768704 0.32466158 0.3375831
 0.37183404]",49
7,8,7,0.9,0.32633310556411743,0.38240736722946167,"[0.27881557 0.29786813 0.3144879  0.31964636 0.338432   0.35267457
 0.38240737]",49
8,9,7,0.9,0.33154210448265076,0.3767583668231964,"[0.27728462 0.29845634 0.31334266 0.3417303  0.3532281  0.35999426
 0.37675837]",49
9,10,8,0.9,0.36357226967811584,0.43447333574295044,"[0.30261815 0.316243   0.32060516 0.3562828  0.375166   0.39637747
 0.40681213 0.43447334]",49
10,11,8,0.9,0.4520275592803955,0.9682801961898804,"[0.27872047 0.30013764 0.33278418 0.34449616 0.36922374 0.44163024
 0.580948   0.9682802 ]",49
0,1,6,0.9,0.35463106632232666,0.43451765179634094,[0.30031562 0.3030035  0.3307485  0.35436493 0.4048362  0.43451765],50
1,2,6,0.9,0.35688516497612,0.4338003993034363,[0.28727707 0.30621624 0.32002398 0.37858325 0.41540977 0.4338004 ],50
2,3,6,0.9,0.36476826667785645,0.46255502104759216,[0.27309674 0.30336723 0.3396482  0.38655546 0.42338696 0.46255502],50
3,4,6,0.9,0.3295937478542328,0.4184134304523468,[0.24885789 0.2531944  0.32059833 0.35561556 0.38088286 0.41841343],50
4,5,7,0.9,0.3151521384716034,0.38399896025657654,"[0.25056747 0.2546709  0.27933422 0.32771942 0.3465759  0.363198
 0.38399896]",50
5,6,7,0.9,0.3076789677143097,0.36702701449394226,"[0.24891137 0.27176943 0.28717378 0.30455416 0.3207133  0.35360387
 0.367027  ]",50
6,7,7,0.9,0.3061670660972595,0.3666597306728363,"[0.24672097 0.26649207 0.2840876  0.30841777 0.330861   0.33993042
 0.36665973]",50
7,8,7,0.9,0.3276921212673187,0.38795337080955505,"[0.2811339  0.29814464 0.31367508 0.32127684 0.33878157 0.35287952
 0.38795337]",50
8,9,7,0.9,0.32942676544189453,0.3730827867984772,"[0.2740575  0.29792133 0.31106564 0.34093705 0.34750924 0.36141375
 0.3730828 ]",50
9,10,8,0.9,0.3677815794944763,0.4553734362125397,"[0.30468968 0.31944582 0.32521665 0.35321948 0.37452623 0.39996147
 0.4098198  0.45537344]",50
10,11,8,0.9,0.4510677456855774,0.9424327611923218,"[0.28235865 0.29696915 0.3292857  0.34726343 0.3798504  0.45939025
 0.5709915  0.94243276]",50
0,1,6,0.9,0.35516485571861267,0.43463996052742004,[0.30033454 0.30440107 0.32973203 0.35589844 0.40598297 0.43463996],51
1,2,6,0.9,0.35714077949523926,0.4334772527217865,[0.2876345  0.30753726 0.31896716 0.3789614  0.4162672  0.43347725],51
2,3,6,0.9,0.3662603795528412,0.4640182852745056,[0.27143884 0.30556685 0.34184322 0.39145187 0.4232433  0.4640183 ],51
3,4,6,0.9,0.3314778506755829,0.4223649203777313,[0.24994193 0.258998   0.32753474 0.35211265 0.37791473 0.42236492],51
4,5,7,0.9,0.3153839409351349,0.38288578391075134,"[0.24791741 0.253728   0.27952117 0.33006155 0.34924757 0.36432597
 0.38288578]",51
5,6,7,0.9,0.3071659207344055,0.3689042031764984,"[0.24420759 0.27072206 0.288774   0.30540732 0.32214174 0.35000467
 0.3689042 ]",51
6,7,7,0.9,0.3093039095401764,0.36622506380081177,"[0.2490531  0.26906893 0.2881035  0.31193882 0.3356294  0.3451084
 0.36622506]",51
7,8,7,0.9,0.3305152952671051,0.3916769325733185,"[0.28467438 0.30364883 0.31506333 0.3282225  0.33969936 0.35062158
 0.39167693]",51
8,9,7,0.9,0.3295396864414215,0.3728087842464447,"[0.2723969  0.2992382  0.31242573 0.34049663 0.34913504 0.3602764
 0.37280878]",51
9,10,8,0.9,0.3675708770751953,0.44551828503608704,"[0.30799314 0.32340038 0.3265445  0.35243878 0.3766307  0.39854836
 0.40949267 0.44551829]",51
10,11,8,0.9,0.4477207660675049,0.9234174489974976,"[0.28491536 0.2948354  0.32760143 0.34718496 0.38451397 0.4611354
 0.5581621  0.92341745]",51
0,1,6,0.9,0.35581326484680176,0.44079864025115967,[0.30080405 0.3027765  0.3285005  0.35581443 0.40618533 0.44079864],52
1,2,6,0.9,0.35873374342918396,0.43688857555389404,[0.28815362 0.3054081  0.32642424 0.3807188  0.41480914 0.43688858],52
2,3,6,0.9,0.3632611334323883,0.4571057856082916,[0.2757625  0.29947832 0.33882388 0.3939416  0.41445464 0.4571058 ],52
3,4,6,0.9,0.32571104168891907,0.4103568196296692,[0.24284333 0.25035584 0.31995124 0.34693912 0.38381994 0.41035682],52
4,5,7,0.9,0.3115125596523285,0.37713274359703064,"[0.24275656 0.25348333 0.2739194  0.3293738  0.33871448 0.3652077
 0.37713274]",52
5,6,7,0.9,0.31141093373298645,0.3870699107646942,"[0.25067154 0.27349934 0.28709358 0.3118285  0.31674838 0.3529654
 0.3870699 ]",52
6,7,7,0.9,0.30753985047340393,0.3656495213508606,"[0.24586557 0.27510345 0.2852301  0.311457   0.3323743  0.33709884
 0.36564952]",52
7,8,7,0.9,0.32488712668418884,0.37551379203796387,"[0.2781282  0.3021015  0.31181568 0.31897116 0.33764678 0.35003266
 0.3755138 ]",52
8,9,7,0.9,0.33152106404304504,0.38031935691833496,"[0.27549508 0.3005525  0.31710795 0.34055233 0.34521076 0.36140952
 0.38031936]",52
9,10,8,0.9,0.36825329065322876,0.4336443841457367,"[0.31006095 0.31845263 0.32823953 0.36184654 0.3782141  0.39933968
 0.4162283  0.43364438]",52
10,11,8,0.9,0.44555559754371643,0.929995059967041,"[0.27719992 0.29966736 0.32377845 0.3411776  0.3690232  0.43974513
 0.58385795 0.92999506]",52
0,1,6,0.9,0.35467156767845154,0.43787881731987,[0.29913366 0.30411276 0.32800946 0.35379472 0.4050999  0.43787882],53
1,2,6,0.9,0.35777387022972107,0.43372705578804016,[0.28810874 0.30327144 0.3218074  0.38147023 0.4182582  0.43372706],53
2,3,6,0.9,0.36566683650016785,0.46408432722091675,[0.27435336 0.30599728 0.3443597  0.38736665 0.41783947 0.46408433],53
3,4,6,0.9,0.3319648206233978,0.42761683464050293,[0.24715915 0.25209272 0.32237455 0.36056134 0.38198432 0.42761683],53
4,5,7,0.9,0.31430289149284363,0.3849140405654907,"[0.24477689 0.25666907 0.27644882 0.32547995 0.34604627 0.3657852
 0.38491404]",53
5,6,7,0.9,0.3103127181529999,0.3773591220378876,"[0.2518436  0.27566725 0.28321972 0.31363237 0.3152633  0.35520378
 0.37735912]",53
6,7,7,0.9,0.30577656626701355,0.3725602924823761,"[0.24582687 0.2656881  0.28313226 0.30852965 0.3251004  0.33959845
 0.3725603 ]",53
7,8,7,0.9,0.3282771706581116,0.3889314532279968,"[0.2812166  0.29765806 0.3097551  0.3249477  0.34201297 0.35341826
 0.38893145]",53
8,9,7,0.9,0.334026962518692,0.3754291236400604,"[0.27703565 0.29872277 0.31501216 0.3437741  0.35936162 0.36885312
 0.37542912]",53
9,10,8,0.9,0.3698722720146179,0.46304523944854736,"[0.30456528 0.32034972 0.32878304 0.3556563  0.37615508 0.39607185
 0.41435173 0.46304524]",53
10,11,8,0.9,0.45687830448150635,0.9545077681541443,"[0.28655085 0.30397758 0.34322068 0.3588382  0.36407566 0.44724953
 0.5966061  0.95450777]",53
0,1,6,0.9,0.3570668399333954,0.44008031487464905,[0.30132142 0.30435592 0.3316723  0.35807383 0.40689722 0.4400803 ],54
1,2,6,0.9,0.3593223989009857,0.435871958732605,[0.29066077 0.30731842 0.3215944  0.38234347 0.41814518 0.43587196],54
2,3,6,0.9,0.3659459054470062,0.46437081694602966,[0.27321076 0.305136   0.3408725  0.39124686 0.42083848 0.46437082],54
3,4,6,0.9,0.3331652879714966,0.42909300327301025,[0.2502006  0.25848946 0.32563686 0.35430086 0.38127103 0.429093  ],54
4,5,7,0.9,0.31825020909309387,0.3866501450538635,"[0.25037003 0.25873372 0.27955744 0.3355724  0.35017672 0.36669117
 0.38665015]",54
5,6,7,0.9,0.31223392486572266,0.3812694251537323,"[0.24746351 0.27621067 0.2896683  0.31125116 0.3243243  0.35545015
 0.38126943]",54
6,7,7,0.9,0.30976957082748413,0.36579185724258423,"[0.24864556 0.27111942 0.28815907 0.3136488  0.33914116 0.3418811
 0.36579186]",54
7,8,7,0.9,0.33004215359687805,0.38405641913414,"[0.2825928  0.30667126 0.31370404 0.32733217 0.34433797 0.35160056
 0.38405642]",54
8,9,7,0.9,0.33055493235588074,0.372962087392807,"[0.2750789  0.2999596  0.31071314 0.34602395 0.34934738 0.35979965
 0.3729621 ]",54
9,10,8,0.9,0.3752889633178711,0.46195074915885925,"[0.31226805 0.31728318 0.32903752 0.36021653 0.38364816 0.3991747
 0.43873298 0.46195075]",54
10,11,8,0.9,0.4477965533733368,0.9207509756088257,"[0.2783283  0.2958237  0.31997624 0.3478948  0.3783129  0.45652378
 0.5847618  0.920751  ]",54
0,1,6,0.9,0.3525882065296173,0.4311332702636719,[0.2992396  0.3027559  0.3274821  0.3526278  0.40229052 0.43113327],55
1,2,6,0.9,0.3558829724788666,0.4321191906929016,[0.2856706  0.3046086  0.31946763 0.37738225 0.41604942 0.4321192 ],55
2,3,6,0.9,0.3627075254917145,0.4600883722305298,[0.27479434 0.30488732 0.33593926 0.38406658 0.4164694  0.46008837],55
3,4,6,0.9,0.32705697417259216,0.4124903678894043,[0.24516518 0.25227618 0.32121834 0.35030335 0.3808885  0.41249037],55
4,5,7,0.9,0.31110405921936035,0.3839644491672516,"[0.24562915 0.24683492 0.272466   0.32532948 0.34397283 0.35953155
 0.38396445]",55
5,6,7,0.9,0.3071063160896301,0.36914512515068054,"[0.24929312 0.27317032 0.28465167 0.30973005 0.31508583 0.34866813
 0.36914513]",55
6,7,7,0.9,0.3061860203742981,0.37159624695777893,"[0.24815948 0.26985928 0.28425342 0.30804545 0.32472658 0.33666155
 0.37159625]",55
7,8,7,0.9,0.3269224464893341,0.39157918095588684,"[0.2795607  0.2958192  0.30816004 0.32576594 0.33834368 0.34922826
 0.39157918]",55
8,9,7,0.9,0.3310893177986145,0.37727710604667664,"[0.27511334 0.29779398 0.31502372 0.34071237 0.35057786 0.3611269
 0.3772771 ]",55
9,10,8,0.9,0.36267268657684326,0.4381091594696045,"[0.29744622 0.32196096 0.32703745 0.35066167 0.37464923 0.39180136
 0.39971554 0.43810916]",55
10,11,8,0.9,0.45228374004364014,0.9430978894233704,"[0.28650635 0.30226713 0.3453152  0.34672484 0.3771093  0.43368933
 0.5835599  0.9430979 ]",55
0,1,6,0.9,0.35604000091552734,0.43868163228034973,[0.30014288 0.30437142 0.3308634  0.3562804  0.40590012 0.43868163],56
1,2,6,0.9,0.3584024906158447,0.4352688789367676,[0.2883023  0.30578688 0.3215927  0.38101    0.4184542  0.43526888],56
2,3,6,0.9,0.3654685318470001,0.4632963240146637,[0.27261436 0.30730206 0.34533897 0.3869311  0.41732845 0.46329632],56
3,4,6,0.9,0.3344303369522095,0.43064579367637634,[0.2508723  0.25649714 0.32352677 0.3616141  0.3834258  0.4306458 ],56
4,5,7,0.9,0.31849899888038635,0.3873889148235321,"[0.24732429 0.26517138 0.28015    0.33259985 0.34946248 0.36739606
 0.3873889 ]",56
5,6,7,0.9,0.3111840784549713,0.3785751760005951,"[0.25300276 0.27454206 0.28483286 0.3101301  0.32011285 0.35709277
 0.37857518]",56
6,7,7,0.9,0.30805858969688416,0.37132546305656433,"[0.24766833 0.26427975 0.2850947  0.31497425 0.33029634 0.3427714
 0.37132546]",56
7,8,7,0.9,0.33092212677001953,0.3904843330383301,"[0.2838276  0.30096132 0.31386414 0.32561636 0.34851614 0.35318503
 0.39048433]",56
8,9,7,0.9,0.3346199095249176,0.37395671010017395,"[0.2780739  0.30100998 0.31381586 0.34276572 0.3612281  0.3714889
 0.3739567 ]",56
9,10,8,0.9,0.37184005975723267,0.4652068316936493,"[0.30703434 0.31475833 0.331561   0.3582658  0.37961516 0.38768575
 0.43059322 0.46520683]",56
10,11,8,0.9,0.44660013914108276,0.9255606532096863,"[0.28478196 0.29672664 0.33550322 0.35129687 0.36166635 0.4648255
 0.5524399  0.92556065]",56
0,1,6,0.9,0.35661745071411133,0.4370911121368408,[0.3013907  0.3049576  0.33081236 0.35799578 0.4074571  0.4370911 ],57
1,2,6,0.9,0.3585296869277954,0.43458646535873413,[0.28858998 0.30698308 0.31944904 0.38276356 0.4188058  0.43458647],57
2,3,6,0.9,0.3637321889400482,0.46165376901626587,[0.27082947 0.30526018 0.34335563 0.38547814 0.4158159  0.46165377],57
3,4,6,0.9,0.3326953947544098,0.42964795231819153,[0.25140887 0.25544766 0.3265168  0.35370696 0.37944397 0.42964795],57
4,5,7,0.9,0.314728319644928,0.3803691267967224,"[0.24647704 0.25555354 0.2760139  0.33304152 0.34935436 0.36228877
 0.38036913]",57
5,6,7,0.9,0.3081876337528229,0.3711255192756653,"[0.2476761  0.27229097 0.28598368 0.30702212 0.3199821  0.35323292
 0.37112552]",57
6,7,7,0.9,0.307357519865036,0.36299464106559753,"[0.24734181 0.26348382 0.28525826 0.31547084 0.33445928 0.34249392
 0.36299464]",57
7,8,7,0.9,0.32810965180397034,0.38611871004104614,"[0.28179118 0.30284166 0.30988157 0.32534793 0.34388602 0.34690052
 0.3861187 ]",57
8,9,7,0.9,0.3297062814235687,0.3693867325782776,"[0.2728175  0.29878962 0.31112814 0.34264883 0.35237578 0.36079746
 0.36938673]",57
9,10,8,0.9,0.37508004903793335,0.46945586800575256,"[0.31095168 0.31699362 0.3311009  0.3583455  0.38060394 0.38936928
 0.44381976 0.46945587]",57
10,11,8,0.9,0.4444025754928589,0.9141041040420532,"[0.2829265  0.2969767  0.3237157  0.3609521  0.3669019  0.46776754
 0.5418761  0.9141041 ]",57
0,1,6,0.9,0.35368379950523376,0.4369716942310333,[0.29789495 0.30311614 0.32722798 0.3527077  0.40418422 0.4369717 ],58
1,2,6,0.9,0.358728289604187,0.4356450140476227,[0.28743565 0.3036307  0.32727692 0.37985298 0.41852826 0.435645  ],58
2,3,6,0.9,0.3671439588069916,0.46565213799476624,[0.28013644 0.3059868  0.33868006 0.39650962 0.41589853 0.46565214],58
3,4,6,0.9,0.3327524960041046,0.42093196511268616,[0.2475005  0.25049895 0.32255754 0.3631581  0.39186785 0.42093197],58
4,5,7,0.9,0.3185332715511322,0.39256784319877625,"[0.2507352  0.2578984  0.2782404  0.333524   0.34535903 0.3714081
 0.39256784]",58
5,6,7,0.9,0.31594347953796387,0.3964017331600189,"[0.25491494 0.27797055 0.28435647 0.31637982 0.3256959  0.3558849
 0.39640173]",58
6,7,7,0.9,0.3120303452014923,0.3856591284275055,"[0.24925253 0.27941787 0.29151434 0.31061664 0.32666653 0.34108514
 0.38565913]",58
7,8,7,0.9,0.33379000425338745,0.3928833603858948,"[0.28385848 0.30414045 0.31234875 0.33559754 0.3451077  0.3625937
 0.39288336]",58
8,9,7,0.9,0.3392702043056488,0.38750848174095154,"[0.2845141  0.30265972 0.32015318 0.34688827 0.36089522 0.37227264
 0.38750848]",58
9,10,7,0.9,0.36824652552604675,0.4177320897579193,"[0.30957046 0.3257993  0.3533275  0.37902874 0.3863035  0.4059641
 0.4177321 ]",58
10,11,8,0.9,0.4531283974647522,0.9495982527732849,"[0.28720596 0.3018933  0.3391788  0.35248092 0.36563554 0.42409918
 0.6049353  0.94959825]",58
0,1,6,0.9,0.3542816936969757,0.4339659810066223,[0.29988635 0.3025627  0.3321362  0.35429963 0.40283927 0.43396598],59
1,2,6,0.9,0.35764822363853455,0.43454837799072266,[0.28754222 0.30587932 0.3216157  0.3788241  0.4174796  0.43454838],59
2,3,6,0.9,0.3631174862384796,0.4618152678012848,[0.27554306 0.30562153 0.33474332 0.38419527 0.41678637 0.46181527],59
3,4,6,0.9,0.3304497003555298,0.41777732968330383,[0.24877535 0.25464985 0.3200869  0.35578176 0.38562697 0.41777733],59
4,5,7,0.9,0.3171205520629883,0.38824334740638733,"[0.25106674 0.25779018 0.27651867 0.3324631  0.34837562 0.3653864
 0.38824335]",59
5,6,7,0.9,0.3107311725616455,0.3790097236633301,"[0.2535344  0.27509272 0.28433907 0.31187084 0.3174148  0.35385665
 0.37900972]",59
6,7,7,0.9,0.3067533075809479,0.369098037481308,"[0.2467688  0.2694409  0.28535166 0.31162366 0.32599682 0.3389933
 0.36909804]",59
7,8,7,0.9,0.3279366195201874,0.387198269367218,"[0.2796119  0.2968795  0.31146985 0.32356855 0.34478354 0.3520447
 0.38719827]",59
8,9,7,0.9,0.3317124545574188,0.376012921333313,"[0.27905867 0.29835173 0.31147587 0.34180605 0.35029885 0.364983
 0.37601292]",59
9,10,8,0.9,0.36629125475883484,0.4577731490135193,"[0.30130374 0.3147762  0.3243782  0.3529761  0.37787595 0.39039397
 0.4108527  0.45777315]",59
10,11,8,0.9,0.45016542077064514,0.9505608677864075,"[0.28323016 0.30118984 0.33458582 0.34946996 0.37845775 0.44129825
 0.56253064 0.95056087]",59
0,1,6,0.9,0.3545670509338379,0.43650877475738525,[0.29946315 0.30331278 0.33116966 0.3533678  0.40357998 0.43650877],60
1,2,6,0.9,0.3573102056980133,0.43239977955818176,[0.28813705 0.30440286 0.32145762 0.37970892 0.417755   0.43239978],60
2,3,6,0.9,0.3647329807281494,0.4611647129058838,[0.27014467 0.30269614 0.3453638  0.390644   0.41838467 0.4611647 ],60
3,4,6,0.9,0.3303276002407074,0.42506182193756104,[0.24799052 0.25201386 0.32148933 0.35601422 0.37939584 0.42506182],60
4,5,7,0.9,0.31469491124153137,0.3831934332847595,"[0.24554358 0.2590578  0.27870226 0.3258611  0.34494838 0.36555785
 0.38319343]",60
5,6,7,0.9,0.3068678677082062,0.3684645891189575,"[0.24884579 0.27129853 0.2849143  0.30341673 0.3140747  0.3570602
 0.3684646 ]",60
6,7,7,0.9,0.30356407165527344,0.36471185088157654,"[0.24408257 0.25967577 0.28022546 0.30935985 0.32553867 0.34135446
 0.36471185]",60
7,8,7,0.9,0.325798362493515,0.38473352789878845,"[0.27999455 0.29682347 0.31054896 0.32005697 0.34270826 0.34572294
 0.38473353]",60
8,9,8,0.9,0.3257214426994324,0.3766762316226959,"[0.27325472 0.29355806 0.29764953 0.31249514 0.3375102  0.35040548
 0.36422226 0.37667623]",60
9,10,8,0.9,0.3719640374183655,0.47278353571891785,"[0.3125603  0.31701887 0.3260033  0.35786033 0.37175283 0.39873326
 0.41899997 0.47278354]",60
10,11,9,0.9,0.46590709686279297,0.9758074283599854,"[0.28082222 0.29934675 0.3286346  0.3577257  0.36751902 0.43412814
 0.5332498  0.61592996 0.9758074 ]",60
0,1,6,0.9,0.35592687129974365,0.43591782450675964,[0.30059394 0.30409306 0.33374366 0.35656637 0.40464655 0.43591782],61
1,2,6,0.9,0.3583087623119354,0.434752494096756,[0.28843978 0.307788   0.3202384  0.38012102 0.41851273 0.4347525 ],61
2,3,6,0.9,0.3644338846206665,0.4630194902420044,[0.27188554 0.30689767 0.34005302 0.3854558  0.41929185 0.4630195 ],61
3,4,6,0.9,0.3335639536380768,0.4280543029308319,[0.2530861  0.25716192 0.32354906 0.35752496 0.38200736 0.4280543 ],61
4,5,7,0.9,0.31964680552482605,0.38829371333122253,"[0.25108904 0.26340464 0.28114894 0.3353245  0.3522253  0.36604142
 0.3882937 ]",61
5,6,7,0.9,0.3098544478416443,0.37352392077445984,"[0.25040346 0.2731995  0.28690282 0.307158   0.32168186 0.35611153
 0.37352392]",61
6,7,7,0.9,0.30820560455322266,0.3674584627151489,"[0.24814807 0.265421   0.28547192 0.31471846 0.33393902 0.3422823
 0.36745846]",61
7,8,7,0.9,0.33075401186943054,0.389309287071228,"[0.2826988  0.3016819  0.3157516  0.32492906 0.34717497 0.35373244
 0.3893093 ]",61
8,9,7,0.9,0.3310062289237976,0.370383083820343,"[0.27685383 0.29904464 0.30978248 0.34202933 0.3518533  0.36709693
 0.37038308]",61
9,10,8,0.9,0.37297511100769043,0.46898332238197327,"[0.30961213 0.31189358 0.32895154 0.3567782  0.37911266 0.38910273
 0.43936652 0.46898332]",61
10,11,8,0.9,0.44621241092681885,0.9246441125869751,"[0.28234047 0.29542187 0.32302636 0.35735255 0.37830803 0.46927178
 0.53933406 0.9246441 ]",61
0,1,6,0.9,0.3569590151309967,0.44030022621154785,[0.30153263 0.30419278 0.33122408 0.35732564 0.40717876 0.44030023],62
1,2,6,0.9,0.3589378893375397,0.4367796778678894,[0.29009637 0.30810776 0.32246408 0.38105056 0.41512892 0.43677968],62
2,3,6,0.9,0.36728525161743164,0.4629029631614685,[0.2728511  0.3027877  0.34518608 0.39404687 0.42593673 0.46290296],62
3,4,6,0.9,0.33116015791893005,0.4228314161300659,[0.2491636  0.25823587 0.32448515 0.35210884 0.3801361  0.42283142],62
4,5,7,0.9,0.31678062677383423,0.38254567980766296,"[0.25037435 0.25824708 0.2814253  0.33195993 0.34588844 0.36702386
 0.38254568]",62
5,6,7,0.9,0.3110373914241791,0.376140296459198,"[0.24802087 0.27265686 0.29229003 0.30760577 0.32480898 0.35573915
 0.3761403 ]",62
6,7,7,0.9,0.30947425961494446,0.3659336566925049,"[0.24749441 0.2690806  0.28720683 0.3141719  0.33724678 0.34518555
 0.36593366]",62
7,8,7,0.9,0.32890844345092773,0.383361279964447,"[0.28281096 0.30551532 0.31315097 0.32676944 0.3399338  0.35081726
 0.38336128]",62
8,9,7,0.9,0.3302669823169708,0.3736088275909424,"[0.27401766 0.30235842 0.31325853 0.33885527 0.3464016  0.3633686
 0.37360883]",62
9,10,8,0.9,0.37342795729637146,0.4523715078830719,"[0.31460136 0.3176704  0.330004   0.36200982 0.383085   0.40207902
 0.4256025  0.4523715 ]",62
10,11,8,0.9,0.44913607835769653,0.9334090352058411,"[0.27693298 0.2958345  0.3170655  0.35082957 0.37841356 0.46927506
 0.57132834 0.93340904]",62
0,1,6,0.9,0.35670769214630127,0.43825384974479675,[0.30242446 0.3040473  0.32931355 0.35856128 0.4076457  0.43825385],63
1,2,6,0.9,0.35839322209358215,0.4355163276195526,[0.2888479  0.30695152 0.31925008 0.38292775 0.41686586 0.43551633],63
2,3,6,0.9,0.3629717528820038,0.46053221821784973,[0.2735918  0.303775   0.339357   0.3826547  0.41791967 0.46053222],63
3,4,6,0.9,0.32956239581108093,0.42150619626045227,[0.24744454 0.255984   0.32425192 0.34858733 0.37960035 0.4215062 ],63
4,5,7,0.9,0.31269571185112,0.3802151381969452,"[0.24373975 0.25247073 0.2716173  0.33177242 0.34823766 0.36081704
 0.38021514]",63
5,6,7,0.9,0.31029483675956726,0.3774975836277008,"[0.2487066  0.2751366  0.28763175 0.31063673 0.32173616 0.3507184
 0.37749758]",63
6,7,7,0.9,0.30745312571525574,0.36354079842567444,"[0.24761872 0.27065185 0.28566954 0.31186658 0.33527216 0.33755213
 0.3635408 ]",63
7,8,7,0.9,0.32634276151657104,0.3818831145763397,"[0.2788619  0.30330658 0.30959255 0.32308626 0.33966288 0.34800595
 0.3818831 ]",63
8,9,7,0.9,0.32953888177871704,0.3761231005191803,"[0.27344814 0.29825073 0.3131732  0.34045666 0.34685636 0.35846412
 0.3761231 ]",63
9,10,8,0.9,0.3696189820766449,0.45689547061920166,"[0.30950177 0.31709266 0.32673934 0.3564234  0.3790165  0.38978124
 0.4215014  0.45689547]",63
10,11,8,0.9,0.4421314597129822,0.9151126742362976,"[0.2802196  0.2978265  0.32162437 0.34357828 0.3723921  0.44071022
 0.565588   0.9151127 ]",63
0,1,6,0.9,0.35351788997650146,0.4348275065422058,[0.29921213 0.30252752 0.3300568  0.35233483 0.4021486  0.4348275 ],64
1,2,6,0.9,0.356663316488266,0.4320439100265503,[0.28797552 0.30386245 0.32030958 0.37929526 0.41649297 0.4320439 ],64
2,3,6,0.9,0.3638083040714264,0.46132153272628784,[0.27307597 0.30289203 0.33896965 0.38679522 0.41979536 0.46132153],64
3,4,6,0.9,0.3278651535511017,0.419056236743927,[0.24598284 0.2505773  0.31921378 0.35294506 0.37941563 0.41905624],64
4,5,7,0.9,0.31266847252845764,0.38366568088531494,"[0.24721153 0.2512617  0.275191   0.3243331  0.34416968 0.36284637
 0.38366568]",64
5,6,7,0.9,0.3074818551540375,0.36977794766426086,"[0.24932356 0.27348542 0.2853504  0.30583322 0.31527025 0.35333216
 0.36977795]",64
6,7,7,0.9,0.3032757341861725,0.36542242765426636,"[0.2445185  0.26605967 0.27993628 0.3047332  0.32460347 0.3376565
 0.36542243]",64
7,8,7,0.9,0.324775367975235,0.3835263252258301,"[0.27732295 0.29534528 0.31214657 0.3178274  0.33906215 0.3481966
 0.38352633]",64
8,9,7,0.9,0.3284960091114044,0.37151089310646057,"[0.2739857  0.29557416 0.31019846 0.34111917 0.3471592  0.35992438
 0.3715109 ]",64
9,10,8,0.9,0.3666776120662689,0.45560458302497864,"[0.3024629  0.3195646  0.32644433 0.35297352 0.37114227 0.40147343
 0.40375525 0.45560458]",64
10,11,8,0.9,0.45797982811927795,0.9672337174415588,"[0.28262937 0.302914   0.34144542 0.3493486  0.37701443 0.45094508
 0.5923081  0.9672337 ]",64
0,1,6,0.9,0.35404059290885925,0.4340681731700897,[0.29967624 0.3019915  0.3327081  0.35304576 0.40275368 0.43406817],65
1,2,6,0.9,0.357816219329834,0.43420323729515076,[0.28791213 0.30514097 0.32342494 0.3786118  0.41760424 0.43420324],65
2,3,6,0.9,0.36326685547828674,0.46173298358917236,[0.27595726 0.3031429  0.3343247  0.38787758 0.41656575 0.46173298],65
3,4,6,0.9,0.3297325670719147,0.41585633158683777,[0.24696101 0.2529511  0.3188934  0.35711664 0.3866168  0.41585633],65
4,5,7,0.9,0.31688714027404785,0.386261910200119,"[0.25170246 0.25829095 0.27772674 0.33136317 0.3465815  0.36628315
 0.3862619 ]",65
5,6,7,0.9,0.31053492426872253,0.3791962265968323,"[0.2536779  0.27472624 0.28343186 0.31087512 0.31618434 0.35565287
 0.37919623]",65
6,7,7,0.9,0.30580776929855347,0.36795589327812195,"[0.24530292 0.2695103  0.28418562 0.3096307  0.3246698  0.33939907
 0.3679559 ]",65
7,8,7,0.9,0.3270502984523773,0.3843638002872467,"[0.27912033 0.2961149  0.3123883  0.32051095 0.3445378  0.352316
 0.3843638 ]",65
8,9,7,0.9,0.3315545618534088,0.3755726218223572,"[0.2793766  0.2974336  0.31186813 0.34246108 0.3500648  0.36410493
 0.37557262]",65
9,10,8,0.9,0.36757683753967285,0.45864996314048767,"[0.30288061 0.31696838 0.32456794 0.35322362 0.37792006 0.39660004
 0.40980408 0.45864996]",65
10,11,8,0.9,0.45612913370132446,0.965377151966095,"[0.28342333 0.3039057  0.3400832  0.3506471  0.38129056 0.4451516
 0.57915455 0.96537715]",65
0,1,6,0.9,0.35404446721076965,0.4337460696697235,[0.299868   0.30315328 0.33065233 0.3531652  0.40368196 0.43374607],66
1,2,6,0.9,0.357053279876709,0.4316138029098511,[0.28794655 0.30387563 0.31981778 0.38081792 0.41824806 0.4316138 ],66
2,3,6,0.9,0.3625403940677643,0.46033650636672974,[0.2721238  0.3024523  0.33975375 0.38387597 0.41670007 0.4603365 ],66
3,4,6,0.9,0.3287012279033661,0.4213578701019287,[0.24672414 0.24976137 0.32074356 0.3546242  0.3789962  0.42135787],66
4,5,7,0.9,0.31178393959999084,0.3806957006454468,"[0.24382964 0.2534403  0.27355427 0.32441503 0.34584323 0.3607093
 0.3806957 ]",66
5,6,7,0.9,0.30609866976737976,0.36635586619377136,"[0.24928443 0.2727467  0.28313714 0.30431294 0.31343874 0.35341483
 0.36635587]",66
6,7,7,0.9,0.30192989110946655,0.3618123531341553,"[0.24356928 0.26092705 0.27890348 0.30575144 0.32330808 0.33923754
 0.36181235]",66
7,8,7,0.9,0.3236742615699768,0.3827568590641022,"[0.27706704 0.2946659  0.30999374 0.31525102 0.3393518  0.34663343
 0.38275686]",66
8,9,8,0.9,0.32455816864967346,0.3744162321090698,"[0.27181494 0.29068115 0.2984598  0.31218693 0.33539206 0.34844092
 0.36507332 0.37441623]",66
9,10,8,0.9,0.36930763721466064,0.4694654643535614,"[0.30597156 0.31984147 0.32634506 0.35303885 0.36934    0.3965769
 0.41388187 0.46946546]",66
10,11,9,0.9,0.4682077169418335,0.9439018964767456,"[0.28383356 0.3035707  0.32725486 0.35779414 0.3729732  0.42954463
 0.5420725  0.6529238  0.9439019 ]",66
0,1,6,0.9,0.355260968208313,0.43717360496520996,[0.30014914 0.3035986  0.33061782 0.35498023 0.4050465  0.4371736 ],67
1,2,6,0.9,0.35770872235298157,0.43261948227882385,[0.28849488 0.3049709  0.32133007 0.38107955 0.41775736 0.43261948],67
2,3,6,0.9,0.36332786083221436,0.4590860903263092,[0.2703291  0.30057302 0.3428207  0.39149812 0.41566005 0.4590861 ],67
3,4,7,0.9,0.33065319061279297,0.4215114414691925,"[0.24474294 0.25033587 0.29048622 0.35022712 0.37214676 0.38512212
 0.42151144]",67
4,5,7,0.9,0.31198039650917053,0.3783578872680664,"[0.24596547 0.2515114  0.27509996 0.32759735 0.34225443 0.3630762
 0.3783579 ]",67
5,6,7,0.9,0.30648574233055115,0.37063953280448914,"[0.24628691 0.27055442 0.2856414  0.3033814  0.31458288 0.35431355
 0.37063953]",67
6,7,7,0.9,0.303709477186203,0.35972294211387634,"[0.24437442 0.26181164 0.28034848 0.31018087 0.32875073 0.34077728
 0.35972294]",67
7,8,7,0.9,0.32387346029281616,0.37934017181396484,"[0.278479   0.2995773  0.30714634 0.32008576 0.33975554 0.34273008
 0.37934017]",67
8,9,8,0.9,0.3240090310573578,0.37091130018234253,"[0.27087003 0.29179108 0.29681104 0.31282634 0.33503604 0.35195222
 0.3618743  0.3709113 ]",67
9,10,8,0.9,0.37089619040489197,0.4589764475822449,"[0.3139012  0.31502584 0.32449785 0.35918412 0.37632102 0.3958841
 0.423379   0.45897645]",67
10,11,9,0.9,0.4844776391983032,0.9653711318969727,"[0.28013793 0.2999267  0.32585627 0.35587072 0.36783755 0.44138154
 0.52748436 0.79643244 0.96537113]",67
0,1,6,0.9,0.35588738322257996,0.44180649518966675,[0.301717   0.30257392 0.3257989  0.35596856 0.40745923 0.4418065 ],68
1,2,6,0.9,0.3588501513004303,0.4359881281852722,[0.28861094 0.3044647  0.3255448  0.3827021  0.41579023 0.43598813],68
2,3,6,0.9,0.3644595146179199,0.4580591320991516,[0.27559167 0.29959387 0.343845   0.39466944 0.41499797 0.45805913],68
3,4,6,0.9,0.32648777961730957,0.41404563188552856,[0.24216323 0.2514036  0.32375166 0.3465178  0.38104478 0.41404563],68
4,5,7,0.9,0.3084034025669098,0.37473130226135254,"[0.2369052  0.25013366 0.27098918 0.32513678 0.33777362 0.3631539
 0.3747313 ]",68
5,6,7,0.9,0.3105919361114502,0.3833187222480774,"[0.24887846 0.2747102  0.28760424 0.31132686 0.31708556 0.3512196
 0.38331872]",68
6,7,7,0.9,0.3063493072986603,0.3650234043598175,"[0.24586459 0.27308592 0.28374308 0.30980808 0.33051294 0.33640724
 0.3650234 ]",68
7,8,7,0.9,0.323746919631958,0.3744858205318451,"[0.27766868 0.3009786  0.3109591  0.3194775  0.33227858 0.3503803
 0.37448582]",68
8,9,7,0.9,0.3311411440372467,0.379532128572464,"[0.27290797 0.3000336  0.31802323 0.34060782 0.34994817 0.35693502
 0.37953213]",68
9,10,8,0.9,0.36873555183410645,0.4315900206565857,"[0.31311053 0.3199135  0.3284423  0.35983807 0.38095677 0.39940652
 0.41662672 0.43159002]",68
10,11,8,0.9,0.44922178983688354,0.9363971948623657,"[0.2802873  0.30227894 0.3233664  0.34299585 0.36280826 0.43803918
 0.60760117 0.9363972 ]",68
0,1,6,0.9,0.3529471158981323,0.43341225385665894,[0.29900357 0.3016382  0.33078486 0.3512967  0.4015471  0.43341225],69
1,2,6,0.9,0.3567846715450287,0.43183815479278564,[0.28721797 0.3033816  0.32282144 0.37844405 0.41700494 0.43183815],69
2,3,6,0.9,0.36216065287590027,0.45909416675567627,[0.27455416 0.30057824 0.33517957 0.38882974 0.41472808 0.45909417],69
3,4,6,0.9,0.3263339698314667,0.412286639213562,[0.24317649 0.24925277 0.31731662 0.35271877 0.38325256 0.41228664],69
4,5,7,0.9,0.31199127435684204,0.3815459609031677,"[0.24723394 0.2513813  0.27415574 0.3249718  0.34205794 0.36259237
 0.38154596]",69
5,6,7,0.9,0.3079482913017273,0.3744097054004669,"[0.2514774  0.2735077  0.28319156 0.306582   0.31307143 0.3533983
 0.3744097 ]",69
6,7,7,0.9,0.30301907658576965,0.3656921982765198,"[0.2434788  0.2680977  0.28061804 0.30522546 0.32123873 0.3367826
 0.3656922 ]",69
7,8,7,0.9,0.3238600790500641,0.38053831458091736,"[0.27667713 0.29449776 0.31082132 0.31607527 0.34083775 0.34757295
 0.3805383 ]",69
8,9,7,0.9,0.329693466424942,0.3740956783294678,"[0.2755976  0.29628745 0.31289682 0.340755   0.34635067 0.36187112
 0.37409568]",69
9,10,8,0.9,0.3660886287689209,0.4503447115421295,"[0.30364385 0.3201973  0.32577527 0.35321292 0.3736549  0.39838985
 0.40349028 0.4503447 ]",69
10,11,9,0.9,0.47107070684432983,1.0241895914077759,"[0.2810297  0.30538392 0.32482317 0.34710944 0.37761334 0.42963478
 0.5564838  0.59336895 1.0241896 ]",69
0,1,6,0.9,0.35428574681282043,0.43482422828674316,[0.30097097 0.30287564 0.32820347 0.35417113 0.4046691  0.43482423],70
1,2,6,0.9,0.35652628540992737,0.43229252099990845,[0.28730506 0.30421546 0.31873748 0.38096464 0.41564247 0.43229252],70
2,3,6,0.9,0.36231470108032227,0.4579101502895355,[0.27291924 0.30072135 0.3405591  0.3831161  0.41866216 0.45791015],70
3,4,6,0.9,0.32567521929740906,0.41489845514297485,[0.24423051 0.25007588 0.3201693  0.34786016 0.37681684 0.41489846],70
4,5,7,0.9,0.30815887451171875,0.377441942691803,"[0.24274738 0.24461475 0.27044111 0.322272   0.34155968 0.3580354
 0.37744194]",70
5,6,7,0.9,0.30649134516716003,0.36694908142089844,"[0.24915127 0.27261502 0.28570655 0.30456966 0.3163139  0.350134
 0.36694908]",70
6,7,7,0.9,0.30250874161720276,0.36090752482414246,"[0.24417283 0.26534396 0.27936578 0.3051253  0.32587135 0.33677432
 0.36090752]",70
7,8,7,0.9,0.3222702443599701,0.38011571764945984,"[0.27544773 0.2967022  0.3089806  0.3150185  0.33536744 0.34425956
 0.38011572]",70
8,9,7,0.9,0.32737016677856445,0.3727627992630005,"[0.2703581  0.29665285 0.31302613 0.33467945 0.34580824 0.35830337
 0.3727628 ]",70
9,10,8,0.9,0.36495035886764526,0.4500533640384674,"[0.30379453 0.32071295 0.3266907  0.35312194 0.36910266 0.39386955
 0.40225732 0.45005336]",70
10,11,9,0.9,0.45870113372802734,0.976433277130127,"[0.27889913 0.30226693 0.31735232 0.34001926 0.37174168 0.4214093
 0.5499332  0.5702554  0.9764333 ]",70
0,1,6,0.9,0.35632583498954773,0.43806013464927673,[0.30105662 0.30400288 0.33013898 0.35753432 0.40716207 0.43806013],71
1,2,6,0.9,0.358982115983963,0.43614575266838074,[0.28892323 0.30583143 0.32196435 0.38263124 0.4183967  0.43614575],71
2,3,6,0.9,0.36368194222450256,0.46379607915878296,[0.27602485 0.30456686 0.33684754 0.38558292 0.41527343 0.46379608],71
3,4,6,0.9,0.3322485387325287,0.425188273191452,[0.24818908 0.25414443 0.3243086  0.35728082 0.38438    0.42518827],71
4,5,7,0.9,0.31653526425361633,0.3847711682319641,"[0.25026077 0.2555012  0.2752945  0.33608657 0.34947658 0.36435592
 0.38477117]",71
5,6,7,0.9,0.3131105601787567,0.38486769795417786,"[0.25099403 0.27753797 0.28564903 0.31729198 0.32167715 0.35375583
 0.3848677 ]",71
6,7,7,0.9,0.3091011643409729,0.3682570159435272,"[0.24796696 0.27164882 0.28840375 0.31355414 0.3335185  0.340359
 0.36825702]",71
7,8,7,0.9,0.3296002447605133,0.3854740262031555,"[0.2825274  0.30335847 0.3097805  0.32772088 0.34569815 0.35264215
 0.38547403]",71
8,9,7,0.9,0.3333885073661804,0.37689200043678284,"[0.2784825  0.29926652 0.313067   0.34670046 0.35648558 0.3628254
 0.376892  ]",71
9,10,8,0.9,0.3726756274700165,0.4649159014225006,"[0.30722678 0.31504756 0.32963207 0.35701895 0.38523316 0.39402765
 0.4283029  0.4649159 ]",71
10,11,8,0.9,0.4482404887676239,0.9223656058311462,"[0.2835804  0.29774666 0.33250818 0.3472913  0.3732834  0.43972915
 0.5894191  0.9223656 ]",71
0,1,6,0.9,0.35458889603614807,0.43509554862976074,[0.2981984  0.30391106 0.33325878 0.35468292 0.40238672 0.43509555],72
1,2,6,0.9,0.35865047574043274,0.4349866509437561,[0.28825742 0.3064386  0.32349283 0.37868193 0.42004552 0.43498665],72
2,3,6,0.9,0.36473873257637024,0.4646977186203003,[0.2751967  0.30926606 0.3347856  0.3904751  0.4140114  0.46469772],72
3,4,6,0.9,0.3354160785675049,0.4282325804233551,[0.25227356 0.2582807  0.32267976 0.36094567 0.3900842  0.42823258],72
4,5,7,0.9,0.3224667012691498,0.3950863778591156,"[0.2532165  0.26548553 0.2813566  0.34043112 0.3512979  0.37039313
 0.39508638]",72
5,6,7,0.9,0.3136084973812103,0.3881627023220062,"[0.25318748 0.27674347 0.2853485  0.31498542 0.32077459 0.3560575
 0.3881627 ]",72
6,7,7,0.9,0.31115055084228516,0.37663376331329346,"[0.25011224 0.2714944  0.2893194  0.31597477 0.3300739  0.34444532
 0.37663376]",72
7,8,7,0.9,0.3340635895729065,0.3931688070297241,"[0.28551254 0.30354238 0.31643978 0.33059633 0.35229528 0.35689014
 0.3931688 ]",72
8,9,7,0.9,0.3350456655025482,0.3766089677810669,"[0.28374246 0.29916844 0.31316838 0.34203732 0.35816702 0.372427
 0.37660897]",72
9,10,7,0.9,0.37096112966537476,0.44497647881507874,"[0.31061935 0.3248676  0.35172185 0.3735412  0.39200735 0.39899385
 0.44497648]",72
10,11,8,0.9,0.44773387908935547,0.9319501519203186,"[0.28666577 0.29673827 0.33816013 0.3436816  0.37801778 0.44701022
 0.5596471  0.93195015]",72
0,1,6,0.9,0.35521313548088074,0.4357873797416687,[0.301054   0.30473876 0.32870108 0.35528553 0.40571183 0.43578738],73
1,2,6,0.9,0.3577451705932617,0.43301156163215637,[0.2886189  0.30413905 0.31868136 0.38344952 0.41857052 0.43301156],73
2,3,6,0.9,0.36459049582481384,0.4622457027435303,[0.27324656 0.30550146 0.34540147 0.38003233 0.42111546 0.4622457 ],73
3,4,6,0.9,0.3306463062763214,0.4276120960712433,[0.24908358 0.25206143 0.32341126 0.354854   0.37685555 0.4276121 ],73
4,5,7,0.9,0.3112434446811676,0.38161367177963257,"[0.24257623 0.2505338  0.27236477 0.3231251  0.3486083  0.3598821
 0.38161367]",73
5,6,7,0.9,0.30758363008499146,0.3652934730052948,"[0.25064173 0.2748732  0.28391996 0.3084586  0.3170068  0.35289177
 0.36529347]",73
6,7,7,0.9,0.303471177816391,0.3637826144695282,"[0.24555118 0.2617398  0.28042603 0.30730304 0.32608894 0.33940676
 0.3637826 ]",73
7,8,7,0.9,0.32482704520225525,0.38689538836479187,"[0.2782315  0.29589054 0.30749393 0.32067513 0.33765075 0.34695208
 0.3868954 ]",73
8,9,7,0.9,0.3294224441051483,0.3699299991130829,"[0.27214664 0.29738113 0.31114838 0.34015253 0.35194755 0.36325088
 0.36993   ]",73
9,10,8,0.9,0.37028753757476807,0.4710252285003662,"[0.30483487 0.32284942 0.33063433 0.35392287 0.36878517 0.39427474
 0.4159736  0.47102523]",73
10,11,8,0.9,0.45261150598526,0.9434407949447632,"[0.28627425 0.3048154  0.34165522 0.35736415 0.36698648 0.4551267
 0.5652291  0.9434408 ]",73
0,1,6,0.9,0.3557644784450531,0.44163861870765686,[0.2999489  0.30265135 0.32965764 0.355346   0.40534422 0.44163862],74
1,2,6,0.9,0.3590254783630371,0.4371938705444336,[0.28843603 0.30471453 0.3267852  0.38015813 0.41686514 0.43719387],74
2,3,6,0.9,0.36587974429130554,0.46236222982406616,[0.27591568 0.30379155 0.34003925 0.39726904 0.4159006  0.46236223],74
3,4,6,0.9,0.33122575283050537,0.4208844304084778,[0.24687493 0.25320414 0.32098925 0.3575069  0.3878949  0.42088443],74
4,5,7,0.9,0.31820806860923767,0.3877757489681244,"[0.2513255  0.25985122 0.28020927 0.3343563  0.34323484 0.37070355
 0.38777575]",74
5,6,7,0.9,0.314247190952301,0.39390015602111816,"[0.25266752 0.27541575 0.2860703  0.31356746 0.32002532 0.35808387
 0.39390016]",74
6,7,7,0.9,0.3100433349609375,0.37346625328063965,"[0.24765252 0.27463594 0.28803405 0.31329623 0.33156246 0.34165612
 0.37346625]",74
7,8,7,0.9,0.3306170105934143,0.3835565745830536,"[0.2826721  0.30421087 0.31622767 0.32649058 0.3427746  0.3583868
 0.38355657]",74
8,9,7,0.9,0.33559003472328186,0.38151538372039795,"[0.2807932  0.30191353 0.31582126 0.34595576 0.3591819  0.36394924
 0.38151538]",74
9,10,8,0.9,0.3704392910003662,0.4458877444267273,"[0.30869272 0.31359085 0.3283634  0.36318696 0.38435346 0.39439172
 0.42504737 0.44588774]",74
10,11,8,0.9,0.4464653432369232,0.936577558517456,"[0.27998117 0.2958431  0.32754976 0.344187   0.36513007 0.4446529
 0.5778012  0.93657756]",74
0,1,6,0.9,0.35481366515159607,0.43563953042030334,[0.29966998 0.30312353 0.331927   0.3543261  0.4041956  0.43563953],75
1,2,6,0.9,0.35734567046165466,0.4333343207836151,[0.28809196 0.30577183 0.3210038  0.37885505 0.417017   0.43333432],75
2,3,6,0.9,0.36466482281684875,0.46313971281051636,[0.27211893 0.3034935  0.33870086 0.39036998 0.42016593 0.4631397 ],75
3,4,6,0.9,0.3308377265930176,0.4228552281856537,[0.24918486 0.25328407 0.32209203 0.35619938 0.3814107  0.42285523],75
4,5,7,0.9,0.31686878204345703,0.3845306634902954,"[0.25104585 0.25773802 0.2803472  0.33099216 0.34771937 0.36570838
 0.38453066]",75
5,6,7,0.9,0.30810990929603577,0.3712084889411926,"[0.2475511  0.27199006 0.28623143 0.30552047 0.31903177 0.355236
 0.3712085 ]",75
6,7,7,0.9,0.30630192160606384,0.36615997552871704,"[0.24632993 0.26565087 0.28419134 0.30961898 0.33150166 0.3406608
 0.36615998]",75
7,8,7,0.9,0.3282834589481354,0.38572394847869873,"[0.28171596 0.29973015 0.31410092 0.32228196 0.3430818  0.35134932
 0.38572395]",75
8,9,7,0.9,0.3293469548225403,0.3703203499317169,"[0.27477348 0.29705653 0.30991325 0.34505677 0.34739265 0.36091563
 0.37032035]",75
9,10,8,0.9,0.3698989152908325,0.458346962928772,"[0.30605406 0.31629607 0.32542998 0.35456002 0.37735653 0.40124136
 0.41990635 0.45834696]",75
10,11,8,0.9,0.4522590935230255,0.9412620663642883,"[0.28103355 0.29593447 0.33074412 0.34764102 0.37949705 0.46432105
 0.57763946 0.94126207]",75
0,1,6,0.9,0.35571742057800293,0.4347096085548401,[0.30088067 0.30494192 0.33292025 0.35602278 0.40482923 0.4347096 ],76
1,2,6,0.9,0.3589480221271515,0.4348764419555664,[0.2903178  0.30878827 0.31981117 0.38169834 0.41819626 0.43487644],76
2,3,6,0.9,0.36925414204597473,0.4683853089809418,[0.27447215 0.30957338 0.3428613  0.3867622  0.43347058 0.4683853 ],76
3,4,6,0.9,0.33509692549705505,0.42992547154426575,[0.2532874  0.26168934 0.3253983  0.36013317 0.38014784 0.42992547],76
4,5,7,0.9,0.3202812969684601,0.3948800563812256,"[0.25365463 0.25891513 0.2823719  0.33055115 0.35540408 0.3661921
 0.39488006]",76
5,6,7,0.9,0.3112703859806061,0.36653220653533936,"[0.24907053 0.2759483  0.29210877 0.3100305  0.32899138 0.35621083
 0.3665322 ]",76
6,7,7,0.9,0.31002122163772583,0.37097081542015076,"[0.25070202 0.27139348 0.28804225 0.30919772 0.33633068 0.34351176
 0.37097082]",76
7,8,7,0.9,0.3323538601398468,0.39506375789642334,"[0.28403378 0.3014915  0.31786746 0.32931575 0.34075695 0.3579478
 0.39506376]",76
8,9,7,0.9,0.33097052574157715,0.377110093832016,"[0.27544928 0.29949751 0.31001973 0.340439   0.34953365 0.3647446
 0.3771101 ]",76
9,10,7,0.9,0.37293294072151184,0.4678861200809479,"[0.31280792 0.32802168 0.34732088 0.3584772  0.37922263 0.41679403
 0.46788612]",76
10,11,7,0.9,0.469253808259964,0.9307030439376831,"[0.29298344 0.30068794 0.33678785 0.3958176  0.4604944  0.5673023
 0.93070304]",76
0,1,6,0.9,0.35529980063438416,0.43672317266464233,[0.30025053 0.30377182 0.33044866 0.35538352 0.40522102 0.43672317],77
1,2,6,0.9,0.35767003893852234,0.43346887826919556,[0.28933758 0.30663237 0.3205066  0.37970248 0.41637245 0.43346888],77
2,3,6,0.9,0.36679255962371826,0.46367761492729187,[0.27192727 0.30323952 0.34257147 0.39472556 0.4246138  0.46367761],77
3,4,6,0.9,0.3308032155036926,0.4231148660182953,[0.24841584 0.25748864 0.32579017 0.3514863  0.3785234  0.42311487],77
4,5,7,0.9,0.3154260516166687,0.3824444115161896,"[0.24769166 0.25507468 0.2795162  0.32944658 0.3477005  0.36610836
 0.3824444 ]",77
5,6,7,0.9,0.30818644165992737,0.3707506060600281,"[0.24452686 0.27181295 0.28986686 0.3059005  0.32170165 0.35274568
 0.3707506 ]",77
6,7,7,0.9,0.307803213596344,0.36456143856048584,"[0.24731162 0.26854557 0.28553033 0.3101635  0.33428693 0.3442232
 0.36456144]",77
7,8,7,0.9,0.3283790051937103,0.38530707359313965,"[0.28234604 0.303834   0.3137133  0.32527018 0.3388845  0.34929827
 0.38530707]",77
8,9,7,0.9,0.32833388447761536,0.3715269863605499,"[0.2718873  0.2989726  0.31109348 0.33911717 0.34741753 0.35832205
 0.371527  ]",77
9,10,8,0.9,0.36843419075012207,0.44769859313964844,"[0.3084046  0.3240103  0.32406873 0.35455742 0.3769984  0.40256384
 0.40917173 0.4476986 ]",77
10,11,8,0.9,0.45195767283439636,0.939349889755249,"[0.28061742 0.29639727 0.32720312 0.34279692 0.3844946  0.46513656
 0.5796657  0.9393499 ]",77
0,1,6,0.9,0.3557693660259247,0.43766918778419495,[0.30080062 0.3034129  0.33388045 0.35582402 0.40302896 0.4376692 ],78
1,2,6,0.9,0.3583638370037079,0.43594691157341003,[0.28893325 0.3092265  0.3219018  0.37821007 0.4159643  0.4359469 ],78
2,3,6,0.9,0.36619651317596436,0.46126410365104675,[0.27179474 0.3052096  0.34286574 0.3907542  0.4252907  0.4612641 ],78
3,4,6,0.9,0.33156856894493103,0.42259153723716736,[0.25151643 0.260337   0.320667   0.35328186 0.38101754 0.42259154],78
4,5,7,0.9,0.31979480385780334,0.3890681862831116,"[0.25469598 0.26114023 0.28376204 0.33247787 0.3482099  0.36920938
 0.3890682 ]",78
5,6,7,0.9,0.3103623390197754,0.37446820735931396,"[0.25019604 0.27215773 0.2914876  0.3051251  0.32210878 0.35699284
 0.3744682 ]",78
6,7,7,0.9,0.30885499715805054,0.36933258175849915,"[0.24877147 0.26881412 0.28470048 0.31367236 0.33393976 0.3427542
 0.36933258]",78
7,8,7,0.9,0.33052369952201843,0.3885512053966522,"[0.28319177 0.301317   0.31721956 0.32612148 0.34564555 0.35161924
 0.3885512 ]",78
8,9,7,0.9,0.3306003510951996,0.37462982535362244,"[0.2767605  0.3017499  0.3114265  0.34039453 0.3431718  0.36606956
 0.37462983]",78
9,10,8,0.9,0.36928948760032654,0.45467904210090637,"[0.3093943  0.317465   0.32419747 0.36122793 0.3764394  0.39326215
 0.41765067 0.45467904]",78
10,11,8,0.9,0.44846928119659424,0.9420205950737,"[0.27713805 0.29388252 0.31796318 0.36534017 0.38491404 0.4728546
 0.5336412  0.9420206 ]",78
0,1,6,0.9,0.35550907254219055,0.43567341566085815,[0.30128348 0.30428252 0.32934725 0.35643023 0.4060376  0.43567342],79
1,2,6,0.9,0.35734859108924866,0.434206485748291,[0.2877977  0.30646488 0.31781843 0.38137338 0.4164308  0.4342065 ],79
2,3,6,0.9,0.3651539385318756,0.4628569185733795,[0.27253154 0.30613872 0.34284234 0.38246998 0.4240841  0.46285692],79
3,4,6,0.9,0.33083346486091614,0.4244394302368164,[0.24975727 0.2562266  0.3241434  0.35335732 0.37707692 0.42443943],79
4,5,7,0.9,0.3138076961040497,0.38404080271720886,"[0.24673757 0.25222078 0.27570206 0.32768273 0.3492286  0.36104137
 0.3840408 ]",79
5,6,7,0.9,0.3082873523235321,0.3672422170639038,"[0.24873686 0.27315155 0.28744048 0.30746457 0.32214513 0.35183084
 0.36724222]",79
6,7,7,0.9,0.3067595660686493,0.36566969752311707,"[0.24781586 0.26654798 0.28453574 0.31005764 0.33242416 0.34026596
 0.3656697 ]",79
7,8,7,0.9,0.32791733741760254,0.3894917368888855,"[0.28076136 0.300184   0.31159607 0.3246188  0.33815277 0.35061672
 0.38949174]",79
8,9,7,0.9,0.32957956194877625,0.373495489358902,"[0.2727206  0.29877442 0.31128952 0.34019667 0.34856048 0.3620196
 0.3734955 ]",79
9,10,8,0.9,0.36810073256492615,0.45886343717575073,"[0.305259   0.31993476 0.32657737 0.3531895  0.37310684 0.3918608
 0.41601416 0.45886344]",79
10,11,8,0.9,0.4454091191291809,0.928523600101471,"[0.28354716 0.29617003 0.3239285  0.34753585 0.375623   0.4534993
 0.5544455  0.9285236 ]",79
0,1,6,0.9,0.3545114994049072,0.4310353994369507,[0.30169094 0.3042089  0.3281761  0.35631442 0.4056434  0.4310354 ],80
1,2,6,0.9,0.3576289117336273,0.43520936369895935,[0.2868725  0.30683333 0.31896487 0.3808237  0.41706955 0.43520936],80
2,3,6,0.9,0.3631567060947418,0.4620547890663147,[0.27675328 0.30692172 0.3369945  0.37754333 0.41867256 0.4620548 ],80
3,4,6,0.9,0.3292396366596222,0.4152044355869293,[0.24716939 0.25570184 0.32406256 0.35246485 0.38083494 0.41520444],80
4,5,7,0.9,0.312077134847641,0.3844136893749237,"[0.24687615 0.24711701 0.27113545 0.32833806 0.34897524 0.35768452
 0.3844137 ]",80
5,6,7,0.9,0.3087158501148224,0.36698198318481445,"[0.25157508 0.2752239  0.28559107 0.31237552 0.32066795 0.34859556
 0.36698198]",80
6,7,7,0.9,0.3078666031360626,0.36999115347862244,"[0.2498918  0.2700247  0.28698537 0.31287628 0.32881942 0.33647764
 0.36999115]",80
7,8,7,0.9,0.32832640409469604,0.3940468728542328,"[0.280272   0.29761133 0.30588943 0.32976148 0.33814862 0.35255516
 0.39404687]",80
8,9,7,0.9,0.3326233923435211,0.38081857562065125,"[0.27529562 0.29851696 0.31748372 0.34120557 0.35023198 0.36481112
 0.38081858]",80
9,10,7,0.9,0.3679988980293274,0.4469113349914551,"[0.3083172  0.32829684 0.3491408  0.35852647 0.3848415  0.3999581
 0.44691133]",80
10,11,7,0.9,0.471256285905838,0.917750895023346,"[0.2932947  0.3042674  0.3513161  0.38705143 0.42762375 0.61748976
 0.9177509 ]",80
0,1,6,0.9,0.35489320755004883,0.43504011631011963,[0.29956537 0.30377918 0.3326942  0.35515183 0.40312865 0.43504012],81
1,2,6,0.9,0.35801318287849426,0.4351557791233063,[0.28788105 0.3070955  0.32111412 0.3789493  0.4178834  0.43515578],81
2,3,6,0.9,0.3652937412261963,0.46410778164863586,[0.27420747 0.30919224 0.33964497 0.38376358 0.4208465  0.46410778],81
3,4,6,0.9,0.3335314691066742,0.42532408237457275,[0.253246   0.25713873 0.32198694 0.35966775 0.38382503 0.42532408],81
4,5,7,0.9,0.3200708329677582,0.3925528824329376,"[0.25111806 0.26458716 0.28054488 0.33338723 0.35079664 0.36750907
 0.39255288]",81
5,6,7,0.9,0.3110099136829376,0.37564900517463684,"[0.2537076  0.2752614  0.28632554 0.3097676  0.320622   0.3557364
 0.375649  ]",81
6,7,7,0.9,0.3083488643169403,0.37238240242004395,"[0.24917471 0.26755896 0.28535655 0.31362525 0.3296468  0.34069756
 0.3723824 ]",81
7,8,7,0.9,0.33134719729423523,0.39376533031463623,"[0.28271398 0.29817832 0.31478816 0.3272354  0.34850898 0.3542402
 0.39376533]",81
8,9,7,0.9,0.3331950604915619,0.3744775056838989,"[0.27977964 0.29933402 0.3116575  0.34207714 0.3554241  0.36961564
 0.3744775 ]",81
9,10,8,0.9,0.36873048543930054,0.4632904529571533,"[0.3056128  0.31190038 0.32727396 0.3544429  0.37742367 0.38807547
 0.4218241  0.46329045]",81
10,11,8,0.9,0.44684717059135437,0.935722291469574,"[0.28515404 0.297051   0.32986528 0.35235572 0.37449673 0.45610297
 0.54402924 0.9357223 ]",81
0,1,6,0.9,0.3548518121242523,0.43801936507225037,[0.30123708 0.30221808 0.32860374 0.3552163  0.40381622 0.43801937],82
1,2,6,0.9,0.3573061525821686,0.43521925806999207,[0.28657153 0.30529588 0.322516   0.37968174 0.4145526  0.43521926],82
2,3,6,0.9,0.3614393174648285,0.4543648660182953,[0.27343312 0.3011571  0.34047326 0.38513955 0.41406798 0.45436487],82
3,4,6,0.9,0.32468974590301514,0.4091450572013855,[0.2444397  0.25028002 0.31701827 0.345553   0.38170233 0.40914506],82
4,5,7,0.9,0.3092060685157776,0.3789897561073303,"[0.24405372 0.24642524 0.27130875 0.32295498 0.3393545  0.36135557
 0.37898976]",82
5,6,7,0.9,0.30901724100112915,0.3786716163158417,"[0.2532805  0.27276197 0.28646776 0.30804268 0.3135298  0.3503664
 0.37867162]",82
6,7,7,0.9,0.3044854700565338,0.365353524684906,"[0.24501215 0.26896444 0.28146392 0.30992886 0.3246926  0.33598265
 0.36535352]",82
7,8,7,0.9,0.3225034177303314,0.37917691469192505,"[0.27557877 0.2963393  0.31085214 0.31346193 0.3363005  0.3458146
 0.3791769 ]",82
8,9,7,0.9,0.3305438160896301,0.3782951235771179,"[0.27278167 0.30094382 0.3163279  0.33706063 0.34552994 0.3628677
 0.37829512]",82
9,10,8,0.9,0.36380112171173096,0.44008928537368774,"[0.30945304 0.3160133  0.3204578  0.35725933 0.36738795 0.39709646
 0.40265176 0.4400893 ]",82
10,11,9,0.9,0.4501788914203644,0.9520072937011719,"[0.2759835  0.30402797 0.31809127 0.33383536 0.36107528 0.40654692
 0.53369474 0.5663477  0.9520073 ]",82
0,1,6,0.9,0.35562190413475037,0.43781599402427673,[0.30040628 0.30325767 0.33289838 0.35533813 0.40401506 0.437816  ],83
1,2,6,0.9,0.3586373031139374,0.43506190180778503,[0.290445   0.30704066 0.32218373 0.38003296 0.41705954 0.4350619 ],83
2,3,6,0.9,0.36642026901245117,0.46436524391174316,[0.27406347 0.30477214 0.33917916 0.3916535  0.42448822 0.46436524],83
3,4,6,0.9,0.3317390978336334,0.42447200417518616,[0.2493895  0.25729313 0.32141557 0.3554969  0.38236743 0.424472  ],83
4,5,7,0.9,0.3190229833126068,0.3893926739692688,"[0.2534529  0.2589652  0.28135595 0.33244574 0.3489991  0.36854947
 0.38939267]",83
5,6,7,0.9,0.3113483786582947,0.37720316648483276,"[0.24869594 0.2752704  0.2898402  0.30918655 0.32284737 0.35639504
 0.37720317]",83
6,7,7,0.9,0.30807024240493774,0.3674962818622589,"[0.24798542 0.27117506 0.28545836 0.3095264  0.33437774 0.34047237
 0.36749628]",83
7,8,7,0.9,0.3292175829410553,0.3845157325267792,"[0.28131345 0.3014933  0.31750262 0.32331407 0.34352803 0.35285574
 0.38451573]",83
8,9,7,0.9,0.3298308551311493,0.3747550845146179,"[0.27609327 0.2982785  0.3099242  0.34356323 0.3459997  0.36020198
 0.37475508]",83
9,10,8,0.9,0.37065666913986206,0.462204247713089,"[0.30551314 0.3211228  0.32411307 0.35714683 0.3779879  0.40357316
 0.4135922  0.46220425]",83
10,11,8,0.9,0.4522950053215027,0.9429632425308228,"[0.2782938  0.29629338 0.3269545  0.34029937 0.38502055 0.4577254
 0.59080976 0.94296324]",83
0,1,6,0.9,0.3570316731929779,0.4375482201576233,[0.30163458 0.3057471  0.33086613 0.35851696 0.40787703 0.43754822],84
1,2,6,0.9,0.35974302887916565,0.435766339302063,[0.28984645 0.30649728 0.3205191  0.38508815 0.42074084 0.43576634],84
2,3,6,0.9,0.36377450823783875,0.46332791447639465,[0.27290884 0.30666378 0.34292513 0.38255286 0.41426852 0.4633279 ],84
3,4,6,0.9,0.33486685156822205,0.43566563725471497,[0.25105065 0.25567567 0.32724485 0.35828024 0.381284   0.43566564],84
4,5,7,0.9,0.3150467574596405,0.38050684332847595,"[0.24542512 0.25660053 0.2745379  0.33365685 0.35244483 0.36215505
 0.38050684]",84
5,6,7,0.9,0.30989328026771545,0.37247055768966675,"[0.24977873 0.2754243  0.2849334  0.31262773 0.31982347 0.35419467
 0.37247056]",84
6,7,7,0.9,0.30745169520378113,0.36507299542427063,"[0.24780712 0.2630695  0.28533345 0.31488383 0.3325814  0.3434135
 0.365073  ]",84
7,8,7,0.9,0.328740656375885,0.3877983093261719,"[0.28219473 0.30216038 0.30884475 0.3254999  0.34609863 0.34858787
 0.3877983 ]",84
8,9,7,0.9,0.33190178871154785,0.371971994638443,"[0.27456668 0.2983558  0.31173718 0.34427705 0.35738152 0.36502224
 0.371972  ]",84
9,10,8,0.9,0.3758047819137573,0.4750572144985199,"[0.30886906 0.3188377  0.3323489  0.3578229  0.3795854  0.3930949
 0.44082198 0.4750572 ]",84
10,11,8,0.9,0.4469855725765228,0.9123011827468872,"[0.28755906 0.3012234  0.33454114 0.35566247 0.36875194 0.46242797
 0.55341756 0.9123012 ]",84
0,1,6,0.9,0.354374498128891,0.4349621832370758,[0.29939768 0.30309078 0.3320724  0.35344514 0.40327874 0.43496218],85
1,2,6,0.9,0.3570692539215088,0.4319015145301819,[0.28794655 0.3048863  0.32080746 0.37926063 0.4176132  0.4319015 ],85
2,3,6,0.9,0.3632321059703827,0.4602486193180084,[0.27055174 0.30153224 0.33996937 0.38980854 0.417282   0.46024862],85
3,4,6,0.9,0.32909438014030457,0.4214990437030792,[0.24796066 0.25075993 0.3209932  0.35370007 0.37965328 0.42149904],85
4,5,7,0.9,0.3142410218715668,0.3816298246383667,"[0.24729238 0.2563002  0.2775941  0.327812   0.34501746 0.36404133
 0.38162982]",85
5,6,7,0.9,0.30627456307411194,0.36803972721099854,"[0.24746716 0.27075884 0.28506315 0.30240265 0.3146245  0.35556608
 0.36803973]",85
6,7,7,0.9,0.30347296595573425,0.36227381229400635,"[0.24426797 0.26180106 0.2802306  0.3081449  0.32697198 0.3406203
 0.3622738 ]",85
7,8,7,0.9,0.32519787549972534,0.3819983899593353,"[0.27921507 0.29755542 0.31071725 0.31867793 0.34162515 0.34659606
 0.3819984 ]",85
8,9,8,0.9,0.32456162571907043,0.37170475721359253,"[0.27268717 0.29159272 0.2980056  0.3119973  0.3366197  0.34800893
 0.36587685 0.37170476]",85
9,10,8,0.9,0.36941975355148315,0.4618603587150574,"[0.3089765  0.31605187 0.32375485 0.35559484 0.37290794 0.39737132
 0.41884026 0.46186036]",85
10,11,9,0.9,0.47465765476226807,0.9628923535346985,"[0.28081426 0.30019653 0.3310371  0.35593247 0.3759905  0.42954132
 0.53324234 0.70227206 0.96289235]",85
0,1,6,0.9,0.3554028570652008,0.43894481658935547,[0.30043912 0.3027493  0.33135238 0.35469648 0.40423515 0.43894482],86
1,2,6,0.9,0.3580835163593292,0.435325562953949,[0.28928095 0.30606198 0.32334054 0.3794401  0.4150519  0.43532556],86
2,3,6,0.9,0.3653927147388458,0.46086621284484863,[0.27324742 0.30128086 0.34118116 0.39338204 0.42239866 0.4608662 ],86
3,4,6,0.9,0.3284648358821869,0.4187009930610657,[0.24644944 0.25365084 0.31945604 0.35160366 0.38092807 0.418701  ],86
4,5,7,0.9,0.31524309515953064,0.3824840188026428,"[0.2506684  0.2554609  0.2797887  0.3288781  0.34264156 0.36677992
 0.38248402]",86
5,6,7,0.9,0.3097810447216034,0.3758450448513031,"[0.24920903 0.2727011  0.2892981  0.305796   0.31957656 0.35604143
 0.37584504]",86
6,7,7,0.9,0.30632972717285156,0.3651677966117859,"[0.24572203 0.26856422 0.2830215  0.30955675 0.33185568 0.34042007
 0.3651678 ]",86
7,8,7,0.9,0.3263413608074188,0.3801431953907013,"[0.27980015 0.3003279  0.31325138 0.32125214 0.3399926  0.34962207
 0.3801432 ]",86
8,9,8,0.9,0.3273988366127014,0.37391915917396545,"[0.2736414  0.29765683 0.29939184 0.3122271  0.33747113 0.356218
 0.36866528 0.37391916]",86
9,10,8,0.9,0.3691442608833313,0.44816020131111145,"[0.3087288  0.3190812  0.32389367 0.360404   0.37692568 0.40183035
 0.41413036 0.4481602 ]",86
10,11,9,0.9,0.46417030692100525,1.0414628982543945,"[0.27287546 0.29432234 0.32162586 0.3421118  0.37759492 0.4510065
 0.49081284 0.58572    1.0414629 ]",86
0,1,6,0.9,0.3553049564361572,0.4395684003829956,[0.29952398 0.3027497  0.3308452  0.35407674 0.40506572 0.4395684 ],87
1,2,6,0.9,0.3593582212924957,0.435384064912796,[0.28830755 0.30364326 0.3277335  0.38098386 0.4200971  0.43538406],87
2,3,6,0.9,0.36531782150268555,0.4615030884742737,[0.27552792 0.30381227 0.34194314 0.39698917 0.4121313  0.4615031 ],87
3,4,6,0.9,0.33323776721954346,0.4226265549659729,[0.24858332 0.2509633  0.32043925 0.36450642 0.39230773 0.42262655],87
4,5,7,0.9,0.31789806485176086,0.38751086592674255,"[0.24684346 0.2644944  0.27838665 0.32991147 0.34590074 0.37223873
 0.38751087]",87
5,6,7,0.9,0.31343382596969604,0.39294642210006714,"[0.25556204 0.2748376  0.28258833 0.31121185 0.3178127  0.35907778
 0.39294642]",87
6,7,7,0.9,0.30751171708106995,0.375364750623703,"[0.24598774 0.26844737 0.28480485 0.31133816 0.3230346  0.34360448
 0.37536475]",87
7,8,7,0.9,0.329181432723999,0.385396808385849,"[0.2817035  0.3004081  0.31479356 0.32100984 0.34279782 0.3581604
 0.3853968 ]",87
8,9,7,0.9,0.33675917983055115,0.38309505581855774,"[0.2817361  0.30180848 0.3166617  0.34240144 0.35968417 0.3719272
 0.38309506]",87
9,10,8,0.9,0.37109410762786865,0.45873570442199707,"[0.3059508  0.31861383 0.3304821  0.36017883 0.3818244  0.39442366
 0.41854352 0.4587357 ]",87
10,11,9,0.9,0.4690803289413452,0.9809921383857727,"[0.28744555 0.30503422 0.3369186  0.35160193 0.36481512 0.4140117
 0.530249   0.6506544  0.98099214]",87
0,1,6,0.9,0.35450777411460876,0.435321182012558,[0.30050617 0.30297992 0.3291631  0.35419106 0.40488523 0.43532118],88
1,2,6,0.9,0.3570084869861603,0.43206438422203064,[0.28787455 0.30398315 0.31974402 0.38137448 0.41701055 0.43206438],88
2,3,6,0.9,0.3621428906917572,0.45872533321380615,[0.27247465 0.30031884 0.3393749  0.3857295  0.4162343  0.45872533],88
3,4,6,0.9,0.3267971873283386,0.4182734489440918,[0.24436408 0.2495498  0.32108012 0.34958848 0.37792715 0.41827345],88
4,5,7,0.9,0.30935555696487427,0.37671056389808655,"[0.24469791 0.24624681 0.27127004 0.32469484 0.3427824  0.35908642
 0.37671056]",88
5,6,7,0.9,0.3062169551849365,0.3687411844730377,"[0.2475674  0.27229673 0.2842734  0.3044118  0.31488958 0.3513386
 0.36874118]",88
6,7,7,0.9,0.3021604120731354,0.35986363887786865,"[0.24348499 0.26379168 0.27940166 0.30539224 0.32602733 0.33716118
 0.35986364]",88
7,8,7,0.9,0.3223027288913727,0.3785014748573303,"[0.27591372 0.2972621  0.30848843 0.3149179  0.33708498 0.3439504
 0.37850147]",88
8,9,8,0.9,0.32369518280029297,0.37079566717147827,"[0.2703911  0.29055613 0.2967607  0.31261998 0.33356932 0.3514321
 0.36343652 0.37079567]",88
9,10,8,0.9,0.36636438965797424,0.4541310966014862,"[0.3051356  0.32020527 0.3227955  0.3533957  0.37176958 0.39663014
 0.40685233 0.4541311 ]",88
10,11,9,0.9,0.4674253463745117,1.0107640027999878,"[0.2791279  0.3005553  0.32239205 0.34432226 0.37108344 0.43521518
 0.5457602  0.59760755 1.010764  ]",88
0,1,6,0.9,0.35618433356285095,0.4392789304256439,[0.30044496 0.30390728 0.33046886 0.3567753  0.40623057 0.43927893],89
1,2,6,0.9,0.35847365856170654,0.4353390038013458,[0.28932586 0.30658537 0.32200408 0.38044074 0.4171468  0.435339  ],89
2,3,6,0.9,0.3664240837097168,0.46462056040763855,[0.2730603  0.30533317 0.3411042  0.39373705 0.42068917 0.46462056],89
3,4,6,0.9,0.3326956629753113,0.42661812901496887,[0.24952349 0.25797668 0.3254352  0.35493648 0.3816841  0.42661813],89
4,5,7,0.9,0.3180449604988098,0.3866909146308899,"[0.25026873 0.25872183 0.2808446  0.33419317 0.34802258 0.36757308
 0.3866909 ]",89
5,6,7,0.9,0.3113117814064026,0.38039305806159973,"[0.2469042  0.274766   0.28904536 0.31047836 0.32289037 0.35470507
 0.38039306]",89
6,7,7,0.9,0.31005921959877014,0.3681306540966034,"[0.24909616 0.27153486 0.2884159  0.31338075 0.3375712  0.34228498
 0.36813065]",89
7,8,7,0.9,0.33089473843574524,0.3861820101737976,"[0.28401378 0.30569243 0.31509623 0.32877123 0.3431587  0.3533487
 0.386182  ]",89
8,9,7,0.9,0.33135053515434265,0.37353354692459106,"[0.27553058 0.30022696 0.31198853 0.34709334 0.35144457 0.35963625
 0.37353355]",89
9,10,8,0.9,0.37328171730041504,0.4536033570766449,"[0.31131598 0.31724992 0.32897535 0.35861903 0.38500294 0.40030697
 0.43118003 0.45360336]",89
10,11,8,0.9,0.4479603171348572,0.9219767451286316,"[0.27986574 0.2933176  0.32276958 0.3440384  0.37690383 0.45628425
 0.5885263  0.92197675]",89
0,1,6,0.9,0.35595235228538513,0.43864893913269043,[0.30075535 0.30316886 0.33168292 0.35593283 0.40552527 0.43864894],90
1,2,6,0.9,0.3581368923187256,0.43521586060523987,[0.2889021  0.3064313  0.3221762  0.37992963 0.41616622 0.43521586],90
2,3,6,0.9,0.3650115430355072,0.46204155683517456,[0.27272016 0.30265012 0.34036598 0.39178824 0.42050305 0.46204156],90
3,4,6,0.9,0.33042359352111816,0.4219277501106262,[0.24870248 0.25441834 0.32191557 0.35381106 0.3817665  0.42192775],90
4,5,7,0.9,0.31673890352249146,0.38333210349082947,"[0.2519065  0.25703934 0.2802276  0.33222649 0.34591654 0.36652404
 0.3833321 ]",90
5,6,7,0.9,0.30993127822875977,0.37700405716896057,"[0.24839233 0.27265707 0.28797573 0.30683115 0.32079536 0.35586318
 0.37700406]",90
6,7,7,0.9,0.3073694407939911,0.3653702139854431,"[0.24660648 0.26771584 0.2851515  0.31161958 0.3341652  0.34095702
 0.3653702 ]",90
7,8,7,0.9,0.32791581749916077,0.3823869228363037,"[0.2813068  0.30221248 0.31347084 0.32306352 0.34259436 0.35037577
 0.38238692]",90
8,9,7,0.9,0.32975783944129944,0.3722752630710602,"[0.2749518  0.29916722 0.31097195 0.3447601  0.34539318 0.3607853
 0.37227526]",90
9,10,8,0.9,0.3717520833015442,0.45522797107696533,"[0.31051832 0.31481183 0.32647163 0.3598543  0.38018718 0.3977414
 0.42920414 0.45522797]",90
10,11,8,0.9,0.44926464557647705,0.936530590057373,"[0.27732643 0.29495803 0.3217567  0.3493742  0.37603644 0.46256408
 0.5755705  0.9365306 ]",90
0,1,6,0.9,0.35435643792152405,0.4326200485229492,[0.29953587 0.3038246  0.33446237 0.3536185  0.40207747 0.43262005],91
1,2,6,0.9,0.35762420296669006,0.43296992778778076,[0.288144   0.3071862  0.32047445 0.37855324 0.4184174  0.43296993],91
2,3,6,0.9,0.36633333563804626,0.463955283164978,[0.27087003 0.30724216 0.3443184  0.3855181  0.42609596 0.46395528],91
3,4,6,0.9,0.33367717266082764,0.4275152087211609,[0.25401446 0.2572636  0.32290167 0.36059716 0.37977082 0.4275152 ],91
4,5,7,0.9,0.32031720876693726,0.391645222902298,"[0.24981925 0.26693645 0.28332785 0.32961658 0.35284486 0.36803028
 0.39164522]",91
5,6,7,0.9,0.3078269958496094,0.36192330718040466,"[0.2505963  0.27248725 0.28814337 0.30321676 0.3197573  0.3586647
 0.3619233 ]",91
6,7,7,0.9,0.30663198232650757,0.3704601228237152,"[0.24747981 0.26242763 0.28373393 0.3109254  0.3298062  0.34159082
 0.37046012]",91
7,8,7,0.9,0.33117756247520447,0.39538514614105225,"[0.28371713 0.2968102  0.3193302  0.3224844  0.34355953 0.3569565
 0.39538515]",91
8,9,7,0.9,0.3310236632823944,0.37221428751945496,"[0.2767103  0.29805148 0.31081626 0.3429861  0.34729302 0.36909425
 0.3722143 ]",91
9,10,8,0.9,0.3715226948261261,0.47567322850227356,"[0.30768943 0.3182159  0.32990614 0.35325465 0.37114277 0.39131108
 0.4249884  0.47567323]",91
10,11,8,0.9,0.4522620439529419,0.944683849811554,"[0.28479278 0.29955184 0.32891887 0.36977977 0.38620892 0.4849923
 0.5191681  0.94468385]",91
0,1,6,0.9,0.35578617453575134,0.4352322816848755,[0.3014122  0.3054287  0.3284486  0.35658413 0.40761095 0.43523228],92
1,2,6,0.9,0.3584294021129608,0.4333953559398651,[0.28979972 0.30695665 0.31874716 0.38365215 0.41802523 0.43339536],92
2,3,6,0.9,0.36738744378089905,0.46388575434684753,[0.27274826 0.30416092 0.34672588 0.3906653  0.42613864 0.46388575],92
3,4,6,0.9,0.33171138167381287,0.42623957991600037,[0.24923731 0.25900406 0.3315535  0.34939387 0.37484005 0.42623958],92
4,5,7,0.9,0.31163135170936584,0.3778119683265686,"[0.2417179  0.24904586 0.27374837 0.3279782  0.34970158 0.36141542
 0.37781197]",92
5,6,7,0.9,0.30799227952957153,0.3661649525165558,"[0.24595787 0.27275932 0.28822744 0.3085004  0.32319456 0.35114145
 0.36616495]",92
6,7,7,0.9,0.30756375193595886,0.3616437613964081,"[0.24755402 0.2675292  0.28564924 0.31077397 0.33320922 0.34658676
 0.36164376]",92
7,8,7,0.9,0.3269776403903961,0.386362224817276,"[0.28122798 0.30278727 0.31274554 0.32411608 0.33615452 0.3454497
 0.38636222]",92
8,9,7,0.9,0.32729893922805786,0.37113651633262634,"[0.26907566 0.2972847  0.31327572 0.3338159  0.3500942  0.3564101
 0.37113652]",92
9,10,8,0.9,0.3679197430610657,0.450910359621048,"[0.30787435 0.32387644 0.33232024 0.35090086 0.37026763 0.39308074
 0.41412738 0.45091036]",92
10,11,8,0.9,0.4496431052684784,0.9323187470436096,"[0.28629053 0.30332634 0.33307526 0.34299266 0.38051552 0.46109265
 0.55753314 0.93231875]",92
0,1,6,0.9,0.35520467162132263,0.4379866421222687,[0.30068794 0.30414978 0.32991275 0.3543323  0.40415862 0.43798664],93
1,2,6,0.9,0.3582029342651367,0.4334443211555481,[0.29041606 0.3041072  0.32028043 0.38331664 0.41765302 0.43344432],93
2,3,6,0.9,0.3651789724826813,0.46221521496772766,[0.27387226 0.30354977 0.34377074 0.3847019  0.422964   0.46221521],93
3,4,6,0.9,0.3292069435119629,0.4260079860687256,[0.24634142 0.25204828 0.32094014 0.3523507  0.37755305 0.426008  ],93
4,5,7,0.9,0.3118874430656433,0.38298407196998596,"[0.2453682  0.24958624 0.2729586  0.3238639  0.3462613  0.3621897
 0.38298407]",93
5,6,7,0.9,0.3094908893108368,0.37177449464797974,"[0.25066745 0.2760058  0.28673807 0.3087502  0.3184667  0.35403344
 0.3717745 ]",93
6,7,7,0.9,0.3030622899532318,0.3631976842880249,"[0.24425541 0.26598984 0.27945915 0.30405226 0.32608482 0.33839685
 0.36319768]",93
7,8,7,0.9,0.3237650692462921,0.3811117708683014,"[0.27586886 0.2966449  0.31125468 0.31693682 0.3373761  0.34716237
 0.38111177]",93
8,9,7,0.9,0.32823118567466736,0.3709040582180023,"[0.27282923 0.29648274 0.3095646  0.33871448 0.34915525 0.35996822
 0.37090406]",93
9,10,8,0.9,0.3701784014701843,0.4695313572883606,"[0.30585817 0.32026038 0.33107707 0.35518903 0.3691433  0.4039339
 0.406434   0.46953136]",93
10,11,8,0.9,0.45930975675582886,0.9638119339942932,"[0.2844423  0.30610907 0.33764553 0.35536623 0.37381065 0.4498829
 0.60340947 0.96381193]",93
0,1,6,0.9,0.35620561242103577,0.4348999261856079,[0.3005865  0.30638346 0.33120504 0.35659385 0.40756497 0.43489993],94
1,2,6,0.9,0.35924258828163147,0.43516936898231506,[0.28943425 0.30746302 0.3208566  0.38281223 0.41972017 0.43516937],94
2,3,6,0.9,0.367266982793808,0.46723440289497375,[0.2709934  0.3087449  0.34629554 0.3892826  0.421051   0.4672344 ],94
3,4,6,0.9,0.3363853394985199,0.435663104057312,[0.25461623 0.2560273  0.33143553 0.36225498 0.37831482 0.4356631 ],94
4,5,7,0.9,0.31763559579849243,0.38321399688720703,"[0.24665555 0.2602219  0.28226495 0.33226213 0.3550411  0.36378965
 0.383214  ]",94
5,6,7,0.9,0.3073573112487793,0.362481951713562,"[0.24723297 0.27195278 0.28581205 0.30692625 0.3226115  0.3544836
 0.36248195]",94
6,7,7,0.9,0.30929166078567505,0.36741548776626587,"[0.24830794 0.26165295 0.2892285  0.3162062  0.33627304 0.34595752
 0.3674155 ]",94
7,8,7,0.9,0.3325403332710266,0.39551234245300293,"[0.2868428  0.3029915  0.31287572 0.33004096 0.34508374 0.35443535
 0.39551234]",94
8,9,7,0.9,0.33200493454933167,0.37032774090766907,"[0.27304614 0.30068353 0.31240615 0.34566137 0.35727894 0.36463046
 0.37032774]",94
9,10,8,0.9,0.37744033336639404,0.4714050590991974,"[0.3078673  0.32502538 0.3353763  0.35535353 0.37701344 0.4102304
 0.43725133 0.47140506]",94
10,11,8,0.9,0.4522587060928345,0.9142090082168579,"[0.28922787 0.301217   0.3403747  0.3599887  0.37352586 0.48007154
 0.559455   0.914209  ]",94
0,1,6,0.9,0.35753774642944336,0.4414575695991516,[0.3018209  0.3041444  0.33117974 0.35882616 0.40779766 0.44145757],95
1,2,6,0.9,0.3596504032611847,0.4368446171283722,[0.29061168 0.3077345  0.32311383 0.38211176 0.41748592 0.43684462],95
2,3,6,0.9,0.3657881021499634,0.4632241427898407,[0.27327636 0.30423933 0.3411897  0.39398307 0.4188158  0.46322414],95
3,4,6,0.9,0.33267560601234436,0.42576128244400024,[0.24983588 0.2592655  0.32622287 0.35225675 0.38271138 0.42576128],95
4,5,7,0.9,0.31804159283638,0.38481879234313965,"[0.2493895  0.25978044 0.2796838  0.33671695 0.34831798 0.3675837
 0.3848188 ]",95
5,6,7,0.9,0.3128073811531067,0.38530150055885315,"[0.24735448 0.27564907 0.29035342 0.31130663 0.32407153 0.35561505
 0.3853015 ]",95
6,7,7,0.9,0.3111286759376526,0.3657510280609131,"[0.24943611 0.2728237  0.28949943 0.31636256 0.3408158  0.3432122
 0.36575103]",95
7,8,7,0.9,0.3304559588432312,0.38267752528190613,"[0.28346342 0.3085744  0.31380987 0.3285441  0.34392864 0.35219368
 0.38267753]",95
8,9,7,0.9,0.33146241307258606,0.37458306550979614,"[0.27568543 0.30193397 0.312588   0.34551728 0.34907982 0.3608493
 0.37458307]",95
9,10,8,0.9,0.37762683629989624,0.45656731724739075,"[0.31545588 0.316977   0.3332515  0.363933   0.38885614 0.39654574
 0.44942817 0.45656732]",95
10,11,8,0.9,0.44530370831489563,0.9124647974967957,"[0.27865827 0.29532114 0.31670955 0.35155728 0.37583205 0.45587233
 0.5760144  0.9124648 ]",95
0,1,6,0.9,0.3545783460140228,0.43738430738449097,[0.299588   0.30279228 0.33075842 0.3535877  0.40335923 0.4373843 ],96
1,2,6,0.9,0.35746845602989197,0.4346742331981659,[0.28709    0.30531254 0.32428035 0.37875578 0.41469777 0.43467423],96
2,3,6,0.9,0.36277973651885986,0.45649200677871704,[0.27351367 0.29927883 0.33974874 0.390803   0.41684216 0.456492  ],96
3,4,6,0.9,0.3253270089626312,0.41115570068359375,[0.24487107 0.24907076 0.3165947  0.3494076  0.38086236 0.4111557 ],96
4,5,7,0.9,0.31163427233695984,0.3798002302646637,"[0.2487722  0.25050977 0.27645078 0.32417184 0.33811036 0.36362478
 0.37980023]",96
5,6,7,0.9,0.308637410402298,0.3751899302005768,"[0.25229576 0.2718578  0.28676924 0.30422124 0.3152935  0.35483426
 0.37518993]",96
6,7,7,0.9,0.30436989665031433,0.3635924160480499,"[0.24415557 0.26816836 0.28050956 0.30894297 0.32644337 0.3387771
 0.36359242]",96
7,8,7,0.9,0.32338353991508484,0.3778526782989502,"[0.2773667  0.29656148 0.30973846 0.31660444 0.33928555 0.34627536
 0.37785268]",96
8,9,8,0.9,0.3271324336528778,0.3743811845779419,"[0.27384314 0.2941602  0.2993118  0.3142878  0.33434868 0.3569988
 0.36972782 0.37438118]",96
9,10,8,0.9,0.36742493510246277,0.445333868265152,"[0.309829   0.31815988 0.32311383 0.36122    0.37207907 0.40086028
 0.4088036  0.44533387]",96
10,11,9,0.9,0.4625796675682068,0.9710447788238525,"[0.27627385 0.3048057  0.32186392 0.34301287 0.37000465 0.43080923
 0.5531402  0.59226173 0.9710448 ]",96
0,1,6,0.9,0.35398122668266296,0.43198880553245544,[0.29874325 0.3033507  0.33645472 0.3520805  0.40126947 0.4319888 ],97
1,2,6,0.9,0.35790738463401794,0.43349170684814453,[0.28803805 0.30799806 0.32352957 0.37622142 0.4181653  0.4334917 ],97
2,3,6,0.9,0.3670118749141693,0.4648705720901489,[0.2723466  0.30593714 0.3416965  0.3897982  0.42742205 0.46487057],97
3,4,6,0.9,0.3342668116092682,0.4232029616832733,[0.25511673 0.2566773  0.32109994 0.3643723  0.38513163 0.42320296],97
4,5,7,0.9,0.3233151435852051,0.3936818838119507,"[0.2542769  0.2720371  0.28809384 0.33095804 0.35204384 0.37211448
 0.39368188]",97
5,6,7,0.9,0.3091140687465668,0.3632080852985382,"[0.2529756  0.27303618 0.28958356 0.30240327 0.32023764 0.3623542
 0.3632081 ]",97
6,7,7,0.9,0.3077799677848816,0.3748851418495178,"[0.24845245 0.2648289  0.28480804 0.31060943 0.3290768  0.34179893
 0.37488514]",97
7,8,7,0.9,0.33246684074401855,0.39505571126937866,"[0.28593993 0.2962015  0.31890956 0.32473052 0.34520265 0.36122793
 0.3950557 ]",97
8,9,7,0.9,0.3333669602870941,0.3756616711616516,"[0.2806512  0.29909483 0.31320706 0.34271607 0.3517279  0.37051
 0.37566167]",97
9,10,8,0.9,0.37438440322875977,0.4782903492450714,"[0.31174415 0.32095015 0.33033437 0.355714   0.37321588 0.40123618
 0.4235899  0.47829035]",97
10,11,8,0.9,0.4608986973762512,0.9618536829948425,"[0.28600523 0.30433962 0.340545   0.37319937 0.39570755 0.48699525
 0.5385438  0.9618537 ]",97
0,1,6,0.9,0.35350778698921204,0.43593886494636536,[0.29889306 0.30129814 0.33204094 0.35146448 0.4014112  0.43593886],98
1,2,6,0.9,0.35831591486930847,0.4351086914539337,[0.2874916  0.30401722 0.32732975 0.37817973 0.41776836 0.4351087 ],98
2,3,6,0.9,0.3648744523525238,0.4613531529903412,[0.27744985 0.30355874 0.33708748 0.3937557  0.41604176 0.46135315],98
3,4,6,0.9,0.3296872079372406,0.41395094990730286,[0.24796575 0.2500147  0.31735367 0.35892883 0.38990954 0.41395095],98
4,5,7,0.9,0.3171878457069397,0.38810965418815613,"[0.25027618 0.2607847  0.27863055 0.32820144 0.34380716 0.37050542
 0.38810965]",98
5,6,7,0.9,0.31255653500556946,0.38750138878822327,"[0.25779554 0.2758463  0.2831107  0.31238133 0.31394348 0.35731694
 0.3875014 ]",98
6,7,7,0.9,0.30632564425468445,0.37421947717666626,"[0.2448     0.27221826 0.2843093  0.30897865 0.32015565 0.3395981
 0.37421948]",98
7,8,7,0.9,0.32726410031318665,0.3845958113670349,"[0.27917248 0.29576397 0.3129456  0.32055256 0.34472147 0.35309678
 0.3845958 ]",98
8,9,7,0.9,0.33459773659706116,0.3787209391593933,"[0.281524   0.30013847 0.31580535 0.34122765 0.35704947 0.3677182
 0.37872094]",98
9,10,8,0.9,0.36701804399490356,0.4495154023170471,"[0.3088269  0.31544915 0.32403466 0.35481882 0.37757552 0.398145
 0.40777904 0.4495154 ]",98
10,11,8,0.9,0.46091777086257935,0.9991047382354736,"[0.28520003 0.31053883 0.34582987 0.35948938 0.37353617 0.4400217
 0.5736216  0.99910474]",98
0,1,6,0.9,0.35507726669311523,0.4366367757320404,[0.29887807 0.30399153 0.33293194 0.35478535 0.40324003 0.43663678],99
1,2,6,0.9,0.3584859073162079,0.43558529019355774,[0.28844565 0.30692744 0.3225993  0.3789319  0.41842574 0.4355853 ],99
2,3,6,0.9,0.36665746569633484,0.4661174714565277,[0.2744673  0.30951566 0.34060836 0.38823736 0.42099863 0.46611747],99
3,4,6,0.9,0.33522072434425354,0.4287329614162445,[0.25311515 0.2577923  0.3227395  0.36329466 0.38564995 0.42873296],99
4,5,7,0.9,0.32230108976364136,0.3945568799972534,"[0.25280267 0.268366   0.2836168  0.33558306 0.35074598 0.3704361
 0.39455688]",99
5,6,7,0.9,0.3125562071800232,0.380121648311615,"[0.25413042 0.2760537  0.28640997 0.3112891  0.3219018  0.35798675
 0.38012165]",99
6,7,7,0.9,0.30970650911331177,0.375533789396286,"[0.24948125 0.26877663 0.2866548  0.31414723 0.33114675 0.34220523
 0.3755338 ]",99
7,8,7,0.9,0.33349481225013733,0.3945610523223877,"[0.2847427  0.30031905 0.31703606 0.32937342 0.35260987 0.35582128
 0.39456105]",99
8,9,7,0.9,0.3349595069885254,0.3752504289150238,"[0.2816737  0.29903048 0.31361634 0.34261265 0.36196423 0.37056878
 0.37525043]",99
9,10,8,0.9,0.37032824754714966,0.46319735050201416,"[0.30667582 0.3112397  0.32889897 0.35587928 0.3805972  0.39172128
 0.42441642 0.46319735]",99
10,11,8,0.9,0.44870346784591675,0.9347198605537415,"[0.28542724 0.29575253 0.33442587 0.3461371  0.37245956 0.46022755
 0.56047827 0.93471986]",99
