layer,level_from,level_to,G,boot_id
0,1,2,0.937551770891462,0
0,2,3,0.9757110533260164,0
0,3,4,0.9434419614928109,0
0,4,5,0.9448150651795524,0
0,5,6,0.981700116679782,0
0,6,7,0.970720941112155,0
0,7,8,0.977376830010187,0
0,8,9,0.9809824568884713,0
0,9,10,0.9679751821926662,0
1,1,2,0.9376763502756754,0
1,2,3,0.9313392781075978,0
1,3,4,0.9161332306407747,0
1,4,5,0.9113963700476146,0
1,5,6,0.9355420839218866,0
1,6,7,0.9268750122615269,0
1,7,8,0.9364295772143773,0
1,8,9,0.9258678016208467,0
1,9,10,0.9073334165981838,0
2,1,2,0.9148424579983666,0
2,2,3,0.9090249112674168,0
2,3,4,0.9034753129595802,0
2,4,5,0.9141416265850976,0
2,5,6,0.9115651675633022,0
2,6,7,0.9202899450347537,0
2,7,8,0.9220713064784095,0
2,8,9,0.9034870153381711,0
2,9,10,0.8849547164780753,0
3,1,2,0.8481170449938092,0
3,2,3,0.9089069934118361,0
3,3,4,0.8557505323773339,0
3,4,5,0.8772081079937163,0
3,5,6,0.9035115838050842,0
3,6,7,0.9079669004394895,0
3,7,8,0.9138979145458767,0
3,8,9,0.8750324362800235,0
3,9,10,0.8590180930637178,0
4,1,2,0.8546592139062428,0
4,2,3,0.9090004989079067,0
4,3,4,0.8809245030085245,0
4,4,5,0.9075860239210582,0
4,5,6,0.8889915091650826,0
4,6,7,0.8958035281726292,0
4,7,8,0.9046903110685802,0
4,8,9,0.8681210847128005,0
4,9,10,0.868195150579725,0
5,1,2,0.8283357137725467,0
5,2,3,0.8932567437489828,0
5,3,4,0.893959070955004,0
5,4,5,0.9056368271509806,0
5,5,6,0.866066799277351,0
5,6,7,0.8789407639276414,0
5,7,8,0.889191000234513,0
5,8,9,0.845351273105258,0
5,9,10,0.8571664208457583,0
6,1,2,0.8043100606827509,0
6,2,3,0.8573394729977563,0
6,3,4,0.8851267695426941,0
6,4,5,0.8964115721838815,0
6,5,6,0.8461844069617135,0
6,6,7,0.8483216649010068,0
6,7,8,0.8650018941788447,0
6,8,9,0.8089236390023005,0
6,9,10,0.8213152629988534,0
7,1,2,0.7849530009996324,0
7,2,3,0.8471399744351705,0
7,3,4,0.8526568242481777,0
7,4,5,0.8636298264775958,0
7,5,6,0.8211766992296491,0
7,6,7,0.8418779089337304,0
7,7,8,0.8556169243085952,0
7,8,9,0.7968214352925619,0
7,9,10,0.7926829854647318,0
8,1,2,0.7765931174868629,0
8,2,3,0.8147839847065154,0
8,3,4,0.8247097446804955,0
8,4,5,0.8376248876253763,0
8,5,6,0.7909163662365505,0
8,6,7,0.7851567410287403,0
8,7,8,0.8201705898557391,0
8,8,9,0.7863236438660395,0
8,9,10,0.7682230359032041,0
9,1,2,0.7194360068866185,0
9,2,3,0.7936206147784278,0
9,3,4,0.7969884134474254,0
9,4,5,0.7459778076126462,0
9,5,6,0.7201164932478041,0
9,6,7,0.8005156602178302,0
9,7,8,0.7921468757447743,0
9,8,9,0.7555555701255798,0
9,9,10,0.6943030754725138,0
10,1,2,0.6605644382181621,0
10,2,3,0.7356909399940854,0
10,3,4,0.7597808951423282,0
10,4,5,0.6816418355419522,0
10,5,6,0.6717206793172019,0
10,6,7,0.8738751042456854,0
10,7,8,0.7912178749129886,0
10,8,9,0.7012022648538861,0
10,9,10,0.6547777411483583,0
11,1,2,0.7093225703352973,0
11,2,3,0.89793727795283,0
11,3,4,0.9065751887503124,0
11,4,5,0.5924698158743835,0
11,5,6,0.5713922743286405,0
11,6,7,0.9073830473990667,0
11,7,8,0.6119748318479175,0
11,8,9,0.865288067431677,0
11,9,10,0.5594657180564744,0
0,1,2,0.937735120455424,1
0,2,3,0.9673280914624532,1
0,3,4,0.9402948220570883,1
0,4,5,0.9412076075871786,1
0,5,6,0.9782285789648691,1
0,6,7,0.9787194828192393,1
0,7,8,0.9757704337437948,1
0,8,9,0.9856402774651846,1
0,9,10,0.9720827539761862,1
1,1,2,0.9401136438051859,1
1,2,3,0.9241793751716614,1
1,3,4,0.920743336280187,1
1,4,5,0.9197340806325277,1
1,5,6,0.9333994686603546,1
1,6,7,0.9427133599917094,1
1,7,8,0.9421524206797282,1
1,8,9,0.9392676452795664,1
1,9,10,0.9091574947039286,1
2,1,2,0.9218468368053436,1
2,2,3,0.9090633889039358,1
2,3,4,0.9130566815535227,1
2,4,5,0.9236622949441274,1
2,5,6,0.9152710139751434,1
2,6,7,0.9321892559528351,1
2,7,8,0.9331413606802622,1
2,8,9,0.9177960157394409,1
2,9,10,0.8845272858937582,1
3,1,2,0.8611627320448557,1
3,2,3,0.9110449055830637,1
3,3,4,0.8689936697483063,1
3,4,5,0.8962601522604624,1
3,5,6,0.909940262635549,1
3,6,7,0.9194096028804779,1
3,7,8,0.9299340943495432,1
3,8,9,0.8889515300591787,1
3,9,10,0.8633091251055399,1
4,1,2,0.8714051246643066,1
4,2,3,0.9164286156495413,1
4,3,4,0.8914889693260193,1
4,4,5,0.923008511463801,1
4,5,6,0.8980044523874918,1
4,6,7,0.9098127285639445,1
4,7,8,0.9237994452317556,1
4,8,9,0.8732193013032278,1
4,9,10,0.8743494351704916,1
5,1,2,0.8462304572264353,1
5,2,3,0.8993212282657623,1
5,3,4,0.8997540275255839,1
5,4,5,0.9211974342664083,1
5,5,6,0.8675081928571066,1
5,6,7,0.8921570082505544,1
5,7,8,0.9157943824927012,1
5,8,9,0.8529261847337087,1
5,9,10,0.8582243323326111,1
6,1,2,0.8273101349671682,1
6,2,3,0.8673295974731445,1
6,3,4,0.8981128036975861,1
6,4,5,0.9236774345239004,1
6,5,6,0.8581149379412333,1
6,6,7,0.8621717095375061,1
6,7,8,0.8943758110205332,1
6,8,9,0.8121268351872762,1
6,9,10,0.8287521998087565,1
7,1,2,0.8035728335380554,1
7,2,3,0.8485886653264364,1
7,3,4,0.8609661757946014,1
7,4,5,0.8978922764460245,1
7,5,6,0.834089607000351,1
7,6,7,0.8635988732179006,1
7,7,8,0.8791268765926361,1
7,8,9,0.8090832432111105,1
7,9,10,0.8216839830080668,1
8,1,2,0.7976836959520975,1
8,2,3,0.8316329717636108,1
8,3,4,0.8379300038019816,1
8,4,5,0.8848777115345001,1
8,5,6,0.8116884231567383,1
8,6,7,0.8092335164546967,1
8,7,8,0.8438142736752828,1
8,8,9,0.7929446697235107,1
8,9,10,0.7823740641276041,1
9,1,2,0.7414033015569051,1
9,2,3,0.7972147564093272,1
9,3,4,0.8211033046245575,1
9,4,5,0.8092503348986307,1
9,5,6,0.7679944733778635,1
9,6,7,0.8077483077843984,1
9,7,8,0.8198298712571462,1
9,8,9,0.7606105109055837,1
9,9,10,0.7024864852428436,1
10,1,2,0.6881062587102255,1
10,2,3,0.7164579729239146,1
10,3,4,0.7866553167502085,1
10,4,5,0.810014545917511,1
10,5,6,0.7117806176344553,1
10,6,7,0.8989367385705312,1
10,7,8,0.8193237682183584,1
10,8,9,0.7267848451932272,1
10,9,10,0.7390521963437399,1
11,1,2,0.7710280319054922,1
11,2,3,0.8889877299467722,1
11,3,4,0.9262021481990814,1
11,4,5,0.7734736700852712,1
11,5,6,0.6919240355491638,1
11,6,7,0.9135746955871582,1
11,7,8,0.6691412280003229,1
11,8,9,0.8691871464252472,1
11,9,10,0.712017556031545,1
0,1,2,0.9374203852244786,2
0,2,3,0.9748238353502183,2
0,3,4,0.9422709601266044,2
0,4,5,0.9450908132961818,2
0,5,6,0.9821786397979373,2
0,6,7,0.9717612720671154,2
0,7,8,0.9777899100666955,2
0,8,9,0.9814116472289676,2
0,9,10,0.9695681191626049,2
1,1,2,0.9377284617651076,2
1,2,3,0.9300064614840916,2
1,3,4,0.9164051072938102,2
1,4,5,0.9146659431003389,2
1,5,6,0.9383360743522644,2
1,6,7,0.9293341324442909,2
1,7,8,0.9361862199647086,2
1,8,9,0.9278810222943624,2
1,9,10,0.9104406975564503,2
2,1,2,0.9153948085648673,2
2,2,3,0.908352221761431,2
2,3,4,0.9035239077749706,2
2,4,5,0.917639434337616,2
2,5,6,0.9153758202280317,2
2,6,7,0.9214191152935937,2
2,7,8,0.9234276328768048,2
2,8,9,0.9058109635398501,2
2,9,10,0.8875424067179362,2
3,1,2,0.8520323917979286,2
3,2,3,0.9079167786098662,2
3,3,4,0.8598057627677917,2
3,4,5,0.8839518995512099,2
3,5,6,0.9075741767883301,2
3,6,7,0.9082828618231273,2
3,7,8,0.9166772337186904,2
3,8,9,0.8798077588989621,2
3,9,10,0.862395567553384,2
4,1,2,0.8568864578292483,2
4,2,3,0.9084899794487726,2
4,3,4,0.8822893074580601,2
4,4,5,0.9115200979369027,2
4,5,6,0.8939254596119836,2
4,6,7,0.8966935504050482,2
4,7,8,0.9086369645027887,2
4,8,9,0.8721671416645959,2
4,9,10,0.8706026559784299,2
5,1,2,0.8315272331237793,2
5,2,3,0.8947661604200091,2
5,3,4,0.8968457494463239,2
5,4,5,0.9119347560973394,2
5,5,6,0.8711477631614322,2
5,6,7,0.8820467846734183,2
5,7,8,0.8961575428644816,2
5,8,9,0.8519609456970578,2
5,9,10,0.8602403941608611,2
6,1,2,0.8114707782154992,2
6,2,3,0.8570021759896052,2
6,3,4,0.8878410089583624,2
6,4,5,0.9038918983368647,2
6,5,6,0.8543731627010164,2
6,6,7,0.853345737570808,2
6,7,8,0.872044787520454,2
6,8,9,0.8166890910693577,2
6,9,10,0.8284956983157566,2
7,1,2,0.7917340426217943,2
7,2,3,0.8462357293991816,2
7,3,4,0.8549161610149202,2
7,4,5,0.8759430419831049,2
7,5,6,0.8322747094290597,2
7,6,7,0.8463350023542132,2
7,7,8,0.861354336852119,2
7,8,9,0.805836524282183,2
7,9,10,0.800947680359795,2
8,1,2,0.7831422856875828,2
8,2,3,0.8154612268720355,2
8,3,4,0.8281145436423165,2
8,4,5,0.857173604624612,2
8,5,6,0.8080521651676723,2
8,6,7,0.7908796412604195,2
8,7,8,0.8317601283391317,2
8,8,9,0.7962036416644142,2
8,9,10,0.7770355826332456,2
9,1,2,0.7292962897391546,2
9,2,3,0.7912902150835309,2
9,3,4,0.8045685887336731,2
9,4,5,0.775764408565703,2
9,5,6,0.7361349860827128,2
9,6,7,0.8058276658966428,2
9,7,8,0.8065478546278817,2
9,8,9,0.7599033003761655,2
9,9,10,0.6932982319877261,2
10,1,2,0.6772082178365617,2
10,2,3,0.740243170942579,2
10,3,4,0.7631083528200785,2
10,4,5,0.7222961570535388,2
10,5,6,0.684702034507479,2
10,6,7,0.8793524957838512,2
10,7,8,0.8044945342200143,2
10,8,9,0.7145345665159679,2
10,9,10,0.6609842167014167,2
11,1,2,0.7219753449871427,2
11,2,3,0.8963531454404196,2
11,3,4,0.9119940911020551,2
11,4,5,0.6204104174283289,2
11,5,6,0.5972591333446049,2
11,6,7,0.9105742744037083,2
11,7,8,0.6042662922825132,2
11,8,9,0.8625642827578953,2
11,9,10,0.5510955399700573,2
0,1,2,0.9452937920888265,3
0,2,3,0.9778894941012065,3
0,3,4,0.9567703048388163,3
0,4,5,0.9608134706815084,3
0,5,6,0.9867745677630106,3
0,6,7,0.9707080086072286,3
0,7,8,0.9841177622477214,3
0,8,9,0.9810109217961629,3
0,9,10,0.9704979062080383,3
1,1,2,0.9446651776631673,3
1,2,3,0.9407371282577515,3
1,3,4,0.9265324751536052,3
1,4,5,0.9284842332204183,3
1,5,6,0.9486685593922933,3
1,6,7,0.9330088376998902,3
1,7,8,0.9485718409220377,3
1,8,9,0.9350752194722494,3
1,9,10,0.9277215162913005,3
2,1,2,0.9194654901822408,3
2,2,3,0.9182654420534769,3
2,3,4,0.9121704498926798,3
2,4,5,0.9274409890174866,3
2,5,6,0.9253021001815795,3
2,6,7,0.9230019807815552,3
2,7,8,0.9341284910837809,3
2,8,9,0.9184871276219686,3
2,9,10,0.909539544582367,3
3,1,2,0.8588239192962647,3
3,2,3,0.9136571327845255,3
3,3,4,0.8694042046864827,3
3,4,5,0.8932028651237488,3
3,5,6,0.9141977787017822,3
3,6,7,0.9136046051979065,3
3,7,8,0.9245598554611206,3
3,8,9,0.8913192947705587,3
3,9,10,0.8887957692146301,3
4,1,2,0.8656269868214925,3
4,2,3,0.9153042515118917,3
4,3,4,0.8881903171539307,3
4,4,5,0.9178486069043478,3
4,5,6,0.8981091260910035,3
4,6,7,0.903264323870341,3
4,7,8,0.9129100163777669,3
4,8,9,0.8796291907628377,3
4,9,10,0.8912998874982198,3
5,1,2,0.8493740677833557,3
5,2,3,0.9026814182599385,3
5,3,4,0.9034723202387492,3
5,4,5,0.9184392929077149,3
5,5,6,0.8803813338279725,3
5,6,7,0.8843065539995829,3
5,7,8,0.894727889696757,3
5,8,9,0.8506534735361735,3
5,9,10,0.8796435554822286,3
6,1,2,0.8199256181716919,3
6,2,3,0.8749025185902913,3
6,3,4,0.8928882002830505,3
6,4,5,0.910509443283081,3
6,5,6,0.8584960103034973,3
6,6,7,0.8532107273737589,3
6,7,8,0.8761288364728291,3
6,8,9,0.8165318012237549,3
6,9,10,0.839509129524231,3
7,1,2,0.8103435754776,3
7,2,3,0.8679407080014546,3
7,3,4,0.8602735797564188,3
7,4,5,0.8822912096977233,3
7,5,6,0.8349842707316081,3
7,6,7,0.8499822815259298,3
7,7,8,0.8672184705734253,3
7,8,9,0.8137662569681804,3
7,9,10,0.8203841924667359,3
8,1,2,0.8030443310737609,3
8,2,3,0.835772971312205,3
8,3,4,0.8313982009887695,3
8,4,5,0.864357876777649,3
8,5,6,0.8172018527984619,3
8,6,7,0.8205282727877299,3
8,7,8,0.8407036860783895,3
8,8,9,0.8009507099787394,3
8,9,10,0.7935362815856933,3
9,1,2,0.7582347869873047,3
9,2,3,0.8223493019739787,3
9,3,4,0.8184257427851359,3
9,4,5,0.7952349384625753,3
9,5,6,0.7753802696863811,3
9,6,7,0.8257139722506205,3
9,7,8,0.8162721316019694,3
9,8,9,0.7829756100972494,3
9,9,10,0.7661926865577697,3
10,1,2,0.7062718192736308,3
10,2,3,0.7789966861406962,3
10,3,4,0.796076222260793,3
10,4,5,0.7801194826761881,3
10,5,6,0.7373959223429362,3
10,6,7,0.8845713814099629,3
10,7,8,0.8311195890108745,3
10,8,9,0.7412007331848145,3
10,9,10,0.6939541697502136,3
11,1,2,0.7934288462003072,3
11,2,3,0.9283094644546509,3
11,3,4,0.9188559015591939,3
11,4,5,0.7603117187817892,3
11,5,6,0.6114850143591563,3
11,6,7,0.9117683013280232,3
11,7,8,0.6604371805985768,3
11,8,9,0.8776525338490804,3
11,9,10,0.6051987677812576,3
0,1,2,0.9236058036486308,4
0,2,3,0.9688713987668355,4
0,3,4,0.9378091931343079,4
0,4,5,0.935493278503418,4
0,5,6,0.9780662933985392,4
0,6,7,0.966058365503947,4
0,7,8,0.9747842073440551,4
0,8,9,0.9774631937344869,4
0,9,10,0.9638113776842753,4
1,1,2,0.925794533888499,4
1,2,3,0.9223759690920512,4
1,3,4,0.9092795372009277,4
1,4,5,0.9008537491162618,4
1,5,6,0.9284406741460164,4
1,6,7,0.9227304816246032,4
1,7,8,0.9337002197901408,4
1,8,9,0.9239261746406555,4
1,9,10,0.9022901813189189,4
2,1,2,0.8963668942451477,4
2,2,3,0.8989313801129659,4
2,3,4,0.8955216924349467,4
2,4,5,0.9045097390810649,4
2,5,6,0.9033074577649435,4
2,6,7,0.9127433021863302,4
2,7,8,0.9173646648724874,4
2,8,9,0.9030415614446005,4
2,9,10,0.8759028712908427,4
3,1,2,0.8259861985842387,4
3,2,3,0.8974988698959351,4
3,3,4,0.8448877851168315,4
3,4,5,0.8700136144955953,4
3,5,6,0.8946154991785685,4
3,6,7,0.9036243836085002,4
3,7,8,0.9117387493451437,4
3,8,9,0.8759235183397929,4
3,9,10,0.8533353288968404,4
4,1,2,0.8342793385187784,4
4,2,3,0.8997002363204956,4
4,3,4,0.870769472916921,4
4,4,5,0.9019446492195129,4
4,5,6,0.8778265039126079,4
4,6,7,0.8922265966733297,4
4,7,8,0.8981175502141316,4
4,8,9,0.8647550861040751,4
4,9,10,0.8648529648780823,4
5,1,2,0.8083816766738892,4
5,2,3,0.8826593001683553,4
5,3,4,0.884602153301239,4
5,4,5,0.898886501789093,4
5,5,6,0.8519715746243794,4
5,6,7,0.8769716064135233,4
5,7,8,0.8811745564142863,4
5,8,9,0.8325458963712057,4
5,9,10,0.8527557651201884,4
6,1,2,0.7868752042452495,4
6,2,3,0.8541312336921691,4
6,3,4,0.8803080081939697,4
6,4,5,0.8990832130114238,4
6,5,6,0.8364216804504394,4
6,6,7,0.8456040263175965,4
6,7,8,0.860393492380778,4
6,8,9,0.7961697340011596,4
6,9,10,0.8187175710995992,4
7,1,2,0.7663058042526245,4
7,2,3,0.8410471399625142,4
7,3,4,0.8433844407399496,4
7,4,5,0.8693004210789999,4
7,5,6,0.8114885648091634,4
7,6,7,0.8326651771863302,4
7,7,8,0.8461550235748291,4
7,8,9,0.7861941774686177,4
7,9,10,0.7991629997889201,4
8,1,2,0.750777010122935,4
8,2,3,0.8139937202135722,4
8,3,4,0.8188311020533244,4
8,4,5,0.8516905307769775,4
8,5,6,0.7934385379155476,4
8,6,7,0.7780891100565592,4
8,7,8,0.8049770752588908,4
8,8,9,0.766071065266927,4
8,9,10,0.7646144270896912,4
9,1,2,0.7007605036099752,4
9,2,3,0.7871050914128621,4
9,3,4,0.7963589469591776,4
9,4,5,0.7654750188191731,4
9,5,6,0.7441844781239827,4
9,6,7,0.7911070982615153,4
9,7,8,0.7794802625974019,4
9,8,9,0.757697856426239,4
9,9,10,0.695505694548289,4
10,1,2,0.6381848792235056,4
10,2,3,0.7265062888463338,4
10,3,4,0.7770146886507671,4
10,4,5,0.7592846949895223,4
10,5,6,0.6934566656748454,4
10,6,7,0.867245864868164,4
10,7,8,0.7904812375704448,4
10,8,9,0.6833558658758799,4
10,9,10,0.6604843417803447,4
11,1,2,0.75283203125,4
11,2,3,0.8928513209025065,4
11,3,4,0.9048456311225891,4
11,4,5,0.7540304978688558,4
11,5,6,0.5777309437592825,4
11,6,7,0.9045132795969645,4
11,7,8,0.5827564855416616,4
11,8,9,0.8651410579681397,4
11,9,10,0.7319869836171468,4
0,1,2,0.947024651368459,5
0,2,3,0.9746618310610453,5
0,3,4,0.9533547163009644,5
0,4,5,0.9536266366640727,5
0,5,6,0.9829790314038594,5
0,6,7,0.9808120171229044,5
0,7,8,0.9801859696706136,5
0,8,9,0.987265423933665,5
0,9,10,0.9778435627619425,5
1,1,2,0.9477642854054769,5
1,2,3,0.9350127180417379,5
1,3,4,0.9347414612770081,5
1,4,5,0.9307052175203959,5
1,5,6,0.9421030322710673,5
1,6,7,0.9461378177007039,5
1,7,8,0.9458635568618774,5
1,8,9,0.9374419609705608,5
1,9,10,0.9202474594116211,5
2,1,2,0.930723265806834,5
2,2,3,0.9163957715034485,5
2,3,4,0.9220102508862813,5
2,4,5,0.9309117992719015,5
2,5,6,0.925445306301117,5
2,6,7,0.9349629839261373,5
2,7,8,0.934928560256958,5
2,8,9,0.9165303428967794,5
2,9,10,0.8956509192784627,5
3,1,2,0.8741333206494649,5
3,2,3,0.9181192835172017,5
3,3,4,0.879530131816864,5
3,4,5,0.9021441260973613,5
3,5,6,0.9219832976659139,5
3,6,7,0.9253160039583842,5
3,7,8,0.9312233964602152,5
3,8,9,0.8867801467577616,5
3,9,10,0.8735971689224243,5
4,1,2,0.881454614798228,5
4,2,3,0.923628838857015,5
4,3,4,0.901617948214213,5
4,4,5,0.9253723422686259,5
4,5,6,0.908269755045573,5
4,6,7,0.9177381277084351,5
4,7,8,0.9233090480168661,5
4,8,9,0.8746771812438965,5
4,9,10,0.8828043540318807,5
5,1,2,0.8609352509180704,5
5,2,3,0.9075416286786397,5
5,3,4,0.9072250723838806,5
5,4,5,0.9222448547681172,5
5,5,6,0.8829081654548645,5
5,6,7,0.8988139708836873,5
5,7,8,0.9119109908739725,5
5,8,9,0.8543922026952108,5
5,9,10,0.8710298339525858,5
6,1,2,0.8426497459411622,5
6,2,3,0.8772586226463318,5
6,3,4,0.8916847189267476,5
6,4,5,0.9058543483416239,5
6,5,6,0.8612201730410258,5
6,6,7,0.8674573222796123,5
6,7,8,0.8889748771985372,5
6,8,9,0.8355717738469441,5
6,9,10,0.8367044687271118,5
7,1,2,0.8144395152727762,5
7,2,3,0.8556370933850607,5
7,3,4,0.8564646959304809,5
7,4,5,0.8761687040328979,5
7,5,6,0.8387436032295227,5
7,6,7,0.8671761234601338,5
7,7,8,0.8707831819852193,5
7,8,9,0.809506913026174,5
7,9,10,0.8157254695892334,5
8,1,2,0.7969793319702149,5
8,2,3,0.8284443696339925,5
8,3,4,0.8200699965159098,5
8,4,5,0.8533801674842835,5
8,5,6,0.8087977528572082,5
8,6,7,0.8146072665850321,5
8,7,8,0.8443114956219991,5
8,8,9,0.7916698018709819,5
8,9,10,0.776474118232727,5
9,1,2,0.7629826267560323,5
9,2,3,0.7932668288548788,5
9,3,4,0.800251058737437,5
9,4,5,0.7537419398625692,5
9,5,6,0.7404082139333089,5
9,6,7,0.8261542002360026,5
9,7,8,0.81318306128184,5
9,8,9,0.7511937618255615,5
9,9,10,0.6944366375605265,5
10,1,2,0.7013894041379293,5
10,2,3,0.7758333365122477,5
10,3,4,0.7892201503117879,5
10,4,5,0.701531058549881,5
10,5,6,0.6750838994979859,5
10,6,7,0.8910967667897542,5
10,7,8,0.8110670566558837,5
10,8,9,0.7010545194149017,5
10,9,10,0.709267795085907,5
11,1,2,0.7299413045247396,5
11,2,3,0.9012969096501668,5
11,3,4,0.9311144272486369,5
11,4,5,0.6209432888776064,5
11,5,6,0.5363821039597193,5
11,6,7,0.9475333213806152,5
11,7,8,0.7541031857331594,5
11,8,9,0.8976707021395366,5
11,9,10,0.5636670564611753,5
0,1,2,0.9543408195177714,6
0,2,3,0.9754424373308818,6
0,3,4,0.956632920106252,6
0,4,5,0.9585201541582743,6
0,5,6,0.984882926940918,6
0,6,7,0.9823206941286723,6
0,7,8,0.9811093846956889,6
0,8,9,0.9894974589347839,6
0,9,10,0.9814825693766276,6
1,1,2,0.9542051752408346,6
1,2,3,0.9387173215548198,6
1,3,4,0.93912726243337,6
1,4,5,0.937842591603597,6
1,5,6,0.9476555466651917,6
1,6,7,0.9494234601656596,6
1,7,8,0.9486018935839335,6
1,8,9,0.9418091416358948,6
1,9,10,0.9267330487569173,6
2,1,2,0.9394023656845093,6
2,2,3,0.9240695118904114,6
2,3,4,0.9286369442939758,6
2,4,5,0.9366652568181356,6
2,5,6,0.9306404630343119,6
2,6,7,0.9409495910008748,6
2,7,8,0.9399909337361654,6
2,8,9,0.9196140766143799,6
2,9,10,0.9057760993639629,6
3,1,2,0.8848678191502889,6
3,2,3,0.9246817628542582,6
3,3,4,0.8848957856496175,6
3,4,5,0.9051274140675862,6
3,5,6,0.9234299341837565,6
3,6,7,0.9284547011057536,6
3,7,8,0.9344218651453654,6
3,8,9,0.890377652645111,6
3,9,10,0.8804075638453166,6
4,1,2,0.8936673879623414,6
4,2,3,0.9270189046859741,6
4,3,4,0.9055755774180094,6
4,4,5,0.9283853689829509,6
4,5,6,0.9127987225850424,6
4,6,7,0.9191920320192973,6
4,7,8,0.9269565025965373,6
4,8,9,0.8831139365832011,6
4,9,10,0.8872198422749837,6
5,1,2,0.8714047193527221,6
5,2,3,0.9085089802742005,6
5,3,4,0.9106546004613241,6
5,4,5,0.9246537208557128,6
5,5,6,0.8934129357337952,6
5,6,7,0.9031472325325012,6
5,7,8,0.9130466977755228,6
5,8,9,0.8619967261950175,6
5,9,10,0.8720969637235005,6
6,1,2,0.8509994347890218,6
6,2,3,0.878080161412557,6
6,3,4,0.9030786355336508,6
6,4,5,0.9143335739771525,6
6,5,6,0.8734456221262614,6
6,6,7,0.8704517483711243,6
6,7,8,0.8948788404464721,6
6,8,9,0.8276090939839681,6
6,9,10,0.848226527372996,6
7,1,2,0.8262352108955383,6
7,2,3,0.8576626817385355,6
7,3,4,0.867148772875468,6
7,4,5,0.882506275177002,6
7,5,6,0.8539255698521931,6
7,6,7,0.8673515319824219,6
7,7,8,0.8797026395797729,6
7,8,9,0.8151417930920919,6
7,9,10,0.824322783946991,6
8,1,2,0.818385926882426,6
8,2,3,0.8302889625231425,6
8,3,4,0.8344502449035645,6
8,4,5,0.8510835568110148,6
8,5,6,0.8167337656021119,6
8,6,7,0.8095886588096619,6
8,7,8,0.8406460245450338,6
8,8,9,0.8021516521771749,6
8,9,10,0.7943915645281474,6
9,1,2,0.7654595176378886,6
9,2,3,0.8038703997929891,6
9,3,4,0.8045985500017802,6
9,4,5,0.7588271737098694,6
9,5,6,0.7528590361277262,6
9,6,7,0.819327179590861,6
9,7,8,0.8039403200149536,6
9,8,9,0.7617928345998128,6
9,9,10,0.7234211166699728,6
10,1,2,0.7167939861615499,6
10,2,3,0.752703591187795,6
10,3,4,0.7718982656796773,6
10,4,5,0.6818801283836364,6
10,5,6,0.6994996329148611,6
10,6,7,0.8924322048823039,6
10,7,8,0.7992317040761312,6
10,8,9,0.721500837802887,6
10,9,10,0.7362142244974772,6
11,1,2,0.7497657736142477,6
11,2,3,0.9027199665705363,6
11,3,4,0.9302953004837036,6
11,4,5,0.5656788808604082,6
11,5,6,0.5891549934943517,6
11,6,7,0.923193077246348,6
11,7,8,0.7062497079372406,6
11,8,9,0.8793119510014852,6
11,9,10,0.5942513222495714,6
0,1,2,0.9718087343942552,7
0,2,3,0.9801274509656996,7
0,3,4,0.9781525305339268,7
0,4,5,0.9879062828563508,7
0,5,6,0.9935622470719474,7
0,6,7,0.9859232845760527,7
0,7,8,0.9887795760518029,7
0,8,9,0.9905057804925101,7
0,9,10,0.9844827907426017,7
1,1,2,0.9697098107565016,7
1,2,3,0.9544412380173093,7
1,3,4,0.9615798961548578,7
1,4,5,0.9716512135096959,7
1,5,6,0.9700338159288678,7
1,6,7,0.9643331028166271,7
1,7,8,0.9656098513376146,7
1,8,9,0.9575817868823097,7
1,9,10,0.9524629768871126,7
2,1,2,0.9568036198616028,7
2,2,3,0.941978170758202,7
2,3,4,0.9504400434948149,7
2,4,5,0.9673144051006862,7
2,5,6,0.960499936626071,7
2,6,7,0.9568160091127668,7
2,7,8,0.9565962922005427,7
2,8,9,0.9431461521557399,7
2,9,10,0.939222222282773,7
3,1,2,0.9132490101314726,7
3,2,3,0.9384579403059823,7
3,3,4,0.9184692331722805,7
3,4,5,0.9420193717593238,7
3,5,6,0.9495956642287118,7
3,6,7,0.9441114664077759,7
3,7,8,0.9484415111087617,7
3,8,9,0.9185826040449596,7
3,9,10,0.9199369975498745,7
4,1,2,0.9156972879455203,7
4,2,3,0.941573943410601,7
4,3,4,0.9280263526099068,7
4,4,5,0.9524576607204619,7
4,5,6,0.9389688883508954,7
4,6,7,0.9373502021744138,7
4,7,8,0.9406674220448449,7
4,8,9,0.9049458617255801,7
4,9,10,0.9194886712800889,7
5,1,2,0.9007006060509455,7
5,2,3,0.9286612470944723,7
5,3,4,0.9338018667130243,7
5,4,5,0.9499564624968029,7
5,5,6,0.9188422532308669,7
5,6,7,0.9158146920658293,7
5,7,8,0.9270031338646298,7
5,8,9,0.8858311516898019,7
5,9,10,0.9106598439670744,7
6,1,2,0.876317248457954,7
6,2,3,0.8993935443106151,7
6,3,4,0.9154239779426938,7
6,4,5,0.9312014409473964,7
6,5,6,0.8967297219094776,7
6,6,7,0.8860689458392915,7
6,7,8,0.9087473750114441,7
6,8,9,0.8602265545300075,7
6,9,10,0.875819878918784,7
7,1,2,0.8575615542275565,7
7,2,3,0.8880053389640081,7
7,3,4,0.8859189521698725,7
7,4,5,0.9069317408970424,7
7,5,6,0.8782002443359012,7
7,6,7,0.8905657302765619,7
7,7,8,0.8945848033541725,7
7,8,9,0.8521416300819034,7
7,9,10,0.859500283286685,7
8,1,2,0.8514583877154759,7
8,2,3,0.8565943922315326,7
8,3,4,0.8523158203987848,7
8,4,5,0.8848013054756891,7
8,5,6,0.8447658277693249,7
8,6,7,0.8574336880729312,7
8,7,8,0.8771342975752694,7
8,8,9,0.8397362743105207,7
8,9,10,0.8352612682751247,7
9,1,2,0.8202215972400847,7
9,2,3,0.8444435653232393,7
9,3,4,0.8416091317222232,7
9,4,5,0.8117449539048331,7
9,5,6,0.7860054969787598,7
9,6,7,0.8575225075085958,7
9,7,8,0.8483148529416039,7
9,8,9,0.8126368323961893,7
9,9,10,0.810064625172388,7
10,1,2,0.7450404905137562,7
10,2,3,0.7922752499580383,7
10,3,4,0.8119515294120425,7
10,4,5,0.7592683179037911,7
10,5,6,0.7385303903193701,7
10,6,7,0.9067581210817609,7
10,7,8,0.849597034000215,7
10,8,9,0.7714463898113796,7
10,9,10,0.7892181703022548,7
11,1,2,0.7691987554232279,7
11,2,3,0.9451130515053159,7
11,3,4,0.9506996756508237,7
11,4,5,0.66217712339546,7
11,5,6,0.6122109584865116,7
11,6,7,0.9283329191662016,7
11,7,8,0.6993350819462821,7
11,8,9,0.8887557955015273,7
11,9,10,0.6733495976243701,7
0,1,2,0.9266025364398957,8
0,2,3,0.9703022718429566,8
0,3,4,0.92933030128479,8
0,4,5,0.9309550583362579,8
0,5,6,0.9776755750179291,8
0,6,7,0.9651431977748871,8
0,7,8,0.9750592172145843,8
0,8,9,0.9786057949066163,8
0,9,10,0.9647001147270202,8
1,1,2,0.9286120295524597,8
1,2,3,0.9205128192901612,8
1,3,4,0.9012798964977264,8
1,4,5,0.8995779871940612,8
1,5,6,0.9302889287471772,8
1,6,7,0.9152885198593139,8
1,7,8,0.929416048526764,8
1,8,9,0.9252212166786193,8
1,9,10,0.9048821866512299,8
2,1,2,0.9029125034809112,8
2,2,3,0.8964995861053466,8
2,3,4,0.8842463493347168,8
2,4,5,0.9013947784900666,8
2,5,6,0.9041487157344819,8
2,6,7,0.9115736424922943,8
2,7,8,0.9173901498317718,8
2,8,9,0.9026853501796722,8
2,9,10,0.8804780840873718,8
3,1,2,0.8339003264904022,8
3,2,3,0.8966872036457062,8
3,3,4,0.8405965685844421,8
3,4,5,0.8685765445232392,8
3,5,6,0.896731686592102,8
3,6,7,0.899269300699234,8
3,7,8,0.9120151698589325,8
3,8,9,0.8805703699588776,8
3,9,10,0.8563961565494538,8
4,1,2,0.8399621367454528,8
4,2,3,0.8986382424831391,8
4,3,4,0.8647244095802307,8
4,4,5,0.8972624659538269,8
4,5,6,0.8824607253074646,8
4,6,7,0.8873538970947266,8
4,7,8,0.9036557972431183,8
4,8,9,0.8712137758731842,8
4,9,10,0.8658825933933259,8
5,1,2,0.8147890090942382,8
5,2,3,0.8851463913917541,8
5,3,4,0.8814382314682007,8
5,4,5,0.8983171343803406,8
5,5,6,0.8626678824424744,8
5,6,7,0.8742909491062164,8
5,7,8,0.8929386913776398,8
5,8,9,0.847464406490326,8
5,9,10,0.8499283194541931,8
6,1,2,0.8012281119823456,8
6,2,3,0.8406237542629242,8
6,3,4,0.87665975689888,8
6,4,5,0.8931646704673767,8
6,5,6,0.8432724118232727,8
6,6,7,0.8417229294776917,8
6,7,8,0.8696618437767029,8
6,8,9,0.8080603957176209,8
6,9,10,0.8193221509456634,8
7,1,2,0.7817173421382904,8
7,2,3,0.828481787443161,8
7,3,4,0.8380935251712799,8
7,4,5,0.8645072162151337,8
7,5,6,0.8220679640769959,8
7,6,7,0.8291394591331482,8
7,7,8,0.8586093068122864,8
7,8,9,0.7958873510360718,8
7,9,10,0.7952070116996766,8
8,1,2,0.7614507496356964,8
8,2,3,0.7988599240779877,8
8,3,4,0.8093706846237183,8
8,4,5,0.8448788583278656,8
8,5,6,0.7906468987464905,8
8,6,7,0.7745609164237977,8
8,7,8,0.8243158280849456,8
8,8,9,0.7896475076675415,8
8,9,10,0.7669999718666076,8
9,1,2,0.7023315489292145,8
9,2,3,0.7695992827415467,8
9,3,4,0.786429637670517,8
9,4,5,0.754452383518219,8
9,5,6,0.7122224390506744,8
9,6,7,0.7881498456001281,8
9,7,8,0.8027193307876587,8
9,8,9,0.7733480989933014,8
9,9,10,0.6724019825458527,8
10,1,2,0.6504157781600952,8
10,2,3,0.704280948638916,8
10,3,4,0.7371567130088806,8
10,4,5,0.6818980693817138,8
10,5,6,0.6506334751844406,8
10,6,7,0.8675506711006165,8
10,7,8,0.7876328349113464,8
10,8,9,0.7145627439022064,8
10,9,10,0.6275712937116623,8
11,1,2,0.6957383483648301,8
11,2,3,0.8764470279216766,8
11,3,4,0.8962792932987214,8
11,4,5,0.5944781839847565,8
11,5,6,0.5645339459180831,8
11,6,7,0.9100256502628327,8
11,7,8,0.6740554183721542,8
11,8,9,0.8659774959087372,8
11,9,10,0.6220286160707473,8
0,1,2,0.9325851281483968,9
0,2,3,0.9767563064893087,9
0,3,4,0.9372978766759237,9
0,4,5,0.9381824731826782,9
0,5,6,0.9807768821716308,9
0,6,7,0.9698848565419514,9
0,7,8,0.9756913304328918,9
0,8,9,0.9794470032056173,9
0,9,10,0.9678825577100117,9
1,1,2,0.9329227129618327,9
1,2,3,0.9283143719037373,9
1,3,4,0.9107100486755371,9
1,4,5,0.90410950978597,9
1,5,6,0.9330613017082214,9
1,6,7,0.924008289972941,9
1,7,8,0.9314869960149129,9
1,8,9,0.9221731543540954,9
1,9,10,0.904660169283549,9
2,1,2,0.9097203214963278,9
2,2,3,0.9045010606447855,9
2,3,4,0.8980946063995361,9
2,4,5,0.9092074672381083,9
2,5,6,0.9088209827740987,9
2,6,7,0.9158363580703736,9
2,7,8,0.9185390512148539,9
2,8,9,0.8990665872891744,9
2,9,10,0.8784509460131328,9
3,1,2,0.8437788089116415,9
3,2,3,0.9058005094528199,9
3,3,4,0.8519420305887858,9
3,4,5,0.8737251996994019,9
3,5,6,0.9038279970486959,9
3,6,7,0.9036194920539856,9
3,7,8,0.9120422959327698,9
3,8,9,0.8754906018575033,9
3,9,10,0.8539441386858623,9
4,1,2,0.848021932442983,9
4,2,3,0.9056928316752116,9
4,3,4,0.8771992683410644,9
4,4,5,0.9044006705284119,9
4,5,6,0.889695922533671,9
4,6,7,0.8931973854700724,9
4,7,8,0.9048272927602132,9
4,8,9,0.868951416015625,9
4,9,10,0.8625978668530782,9
5,1,2,0.8221373478571574,9
5,2,3,0.8926326950391134,9
5,3,4,0.8922488490740458,9
5,4,5,0.9040311058362325,9
5,5,6,0.8646011153856913,9
5,6,7,0.880860431989034,9
5,7,8,0.8933490713437399,9
5,8,9,0.8512633045514425,9
5,9,10,0.851961898803711,9
6,1,2,0.8037096659342448,9
6,2,3,0.8588182489077251,9
6,3,4,0.8822468876838684,9
6,4,5,0.8946541587511698,9
6,5,6,0.8494252920150757,9
6,6,7,0.8539394815762837,9
6,7,8,0.8678887168566386,9
6,8,9,0.8268040776252746,9
6,9,10,0.8174272338549297,9
7,1,2,0.7799626191457113,9
7,2,3,0.845715069770813,9
7,3,4,0.8524402578671774,9
7,4,5,0.864035697778066,9
7,5,6,0.825039517879486,9
7,6,7,0.8418740312258403,9
7,7,8,0.8575751622517903,9
7,8,9,0.8061233838399251,9
7,9,10,0.7850401639938355,9
8,1,2,0.7703422824541728,9
8,2,3,0.8152379910151164,9
8,3,4,0.8283445795377096,9
8,4,5,0.8441148281097413,9
8,5,6,0.8011699239412944,9
8,6,7,0.7839662551879882,9
8,7,8,0.8321250120798747,9
8,8,9,0.7931746522585551,9
8,9,10,0.755898137887319,9
9,1,2,0.7152300794919332,9
9,2,3,0.784755822022756,9
9,3,4,0.7978330294291178,9
9,4,5,0.7574038664499919,9
9,5,6,0.7252235531806945,9
9,6,7,0.8062550663948059,9
9,7,8,0.807778533299764,9
9,8,9,0.7508172472318013,9
9,9,10,0.6583514372507732,9
10,1,2,0.6605454742908478,9
10,2,3,0.7438443501790365,9
10,3,4,0.759883459409078,9
10,4,5,0.6930264413356781,9
10,5,6,0.6684581379095713,9
10,6,7,0.8753374814987183,9
10,7,8,0.8037729740142823,9
10,8,9,0.7071149031321208,9
10,9,10,0.6229519824186961,9
11,1,2,0.7004264493783315,9
11,2,3,0.8894941210746765,9
11,3,4,0.9061017990112304,9
11,4,5,0.600303686534365,9
11,5,6,0.5615896075963974,9
11,6,7,0.9214240550994873,9
11,7,8,0.582386526465416,9
11,8,9,0.8648068388303121,9
11,9,10,0.49560631761948265,9
0,1,2,0.9325740990184602,10
0,2,3,0.9744598269462585,10
0,3,4,0.9412999067987714,10
0,4,5,0.9415691494941711,10
0,5,6,0.9812408259936741,10
0,6,7,0.970298327150799,10
0,7,8,0.9769925077756246,10
0,8,9,0.9800043020929609,10
0,9,10,0.9703488066082909,10
1,1,2,0.9330399320239112,10
1,2,3,0.9271663313820249,10
1,3,4,0.9151767180079505,10
1,4,5,0.9092974237033299,10
1,5,6,0.9347788805053348,10
1,6,7,0.9259895001138959,10
1,7,8,0.9338019234793526,10
1,8,9,0.9254629214604696,10
1,9,10,0.9100163408688137,10
2,1,2,0.9083374710310073,10
2,2,3,0.9028292780830747,10
2,3,4,0.9005458922613234,10
2,4,5,0.9126179729189191,10
2,5,6,0.9117568220411029,10
2,6,7,0.9164150328863234,10
2,7,8,0.920197728134337,10
2,8,9,0.9034332377570016,10
2,9,10,0.8833655431157067,10
3,1,2,0.8441002794674465,10
3,2,3,0.9035252701668512,10
3,3,4,0.8559916274888175,10
3,4,5,0.8798104524612427,10
3,5,6,0.9061533241044908,10
3,6,7,0.9061560943013146,10
3,7,8,0.9153647678239005,10
3,8,9,0.8773816596894037,10
3,9,10,0.8602384272075835,10
4,1,2,0.8486360453424,10
4,2,3,0.9058192854835874,10
4,3,4,0.8790932638304574,10
4,4,5,0.9074693095116388,10
4,5,6,0.8908699098087492,10
4,6,7,0.8965056992712475,10
4,7,8,0.9054327011108398,10
4,8,9,0.8683482351757231,10
4,9,10,0.8690748385020665,10
5,1,2,0.8253895470074245,10
5,2,3,0.8919465399923778,10
5,3,4,0.8926039934158325,10
5,4,5,0.9061855929238456,10
5,5,6,0.8668149397486732,10
5,6,7,0.883377092225211,10
5,7,8,0.892909742536999,10
5,8,9,0.8454964785348802,10
5,9,10,0.8584267922810146,10
6,1,2,0.8094269973891122,10
6,2,3,0.8608475157192775,10
6,3,4,0.8796686303047907,10
6,4,5,0.895548457191104,10
6,5,6,0.8521046411423456,10
6,6,7,0.8554313353129795,10
6,7,8,0.8696309895742507,10
6,8,9,0.8256959602946327,10
6,9,10,0.8244910779453459,10
7,1,2,0.7856133466675168,10
7,2,3,0.8449418942133585,10
7,3,4,0.8460763011659894,10
7,4,5,0.8668138611884344,10
7,5,6,0.8286498444420951,10
7,6,7,0.8452788222403753,10
7,7,8,0.8526771551086789,10
7,8,9,0.8003970299448285,10
7,9,10,0.7931451542036874,10
8,1,2,0.7686935691606431,10
8,2,3,0.8145814992132641,10
8,3,4,0.8147095299902416,10
8,4,5,0.8490647645223708,10
8,5,6,0.8078358485585168,10
8,6,7,0.7949178474290031,10
8,7,8,0.828825329031263,10
8,8,9,0.7852659566061837,10
8,9,10,0.7616964947609675,10
9,1,2,0.7276883920033773,10
9,2,3,0.785059562751225,10
9,3,4,0.7918713518551418,10
9,4,5,0.7570239220346723,10
9,5,6,0.7374891156242007,10
9,6,7,0.8111572010176522,10
9,7,8,0.8016205430030823,10
9,8,9,0.7518300499234881,10
9,9,10,0.675134763831184,10
10,1,2,0.6638831084682828,10
10,2,3,0.751073127701169,10
10,3,4,0.769308694771358,10
10,4,5,0.7141875284058707,10
10,5,6,0.6809120646544865,10
10,6,7,0.8760318642570859,10
10,7,8,0.8033975958824158,10
10,8,9,0.6957201347464607,10
10,9,10,0.6393291992800576,10
11,1,2,0.7175893627461933,10
11,2,3,0.8955056128047761,10
11,3,4,0.9125965890430269,10
11,4,5,0.6392212785957825,10
11,5,6,0.543564892240933,10
11,6,7,0.9268884658813477,10
11,7,8,0.6208913673957189,10
11,8,9,0.874200409366971,10
11,9,10,0.5338439008309728,10
0,1,2,0.9504609420185998,11
0,2,3,0.9783914912314642,11
0,3,4,0.9589834780920119,11
0,4,5,0.9648167604491824,11
0,5,6,0.9883064145133609,11
0,6,7,0.9738925581886655,11
0,7,8,0.985274246760777,11
0,8,9,0.9828491296086993,11
0,9,10,0.9739527446883065,11
1,1,2,0.9488502088047209,11
1,2,3,0.9419181148211161,11
1,3,4,0.9306680531728835,11
1,4,5,0.9357184796106248,11
1,5,6,0.9533622208095732,11
1,6,7,0.9390223792621067,11
1,7,8,0.9515878558158875,11
1,8,9,0.939459278469994,11
1,9,10,0.9340430157525199,11
2,1,2,0.9258773270107451,11
2,2,3,0.9213877291906447,11
2,3,4,0.9173624174935477,11
2,4,5,0.9339960217475891,11
2,5,6,0.9319940635136196,11
2,6,7,0.9293899422600156,11
2,7,8,0.9387313184284028,11
2,8,9,0.9220452649252755,11
2,9,10,0.9149612983067831,11
3,1,2,0.8696133636292958,11
3,2,3,0.9164689921197438,11
3,3,4,0.8780202354703631,11
3,4,5,0.9024835399218968,11
3,5,6,0.9207168022791544,11
3,6,7,0.9181476348922366,11
3,7,8,0.9288690998440697,11
3,8,9,0.896197429725102,11
3,9,10,0.8954975179263523,11
4,1,2,0.8749671975771586,11
4,2,3,0.9190746403875805,11
4,3,4,0.8930906937235877,11
4,4,5,0.9235936232975551,11
4,5,6,0.9056927760442098,11
4,6,7,0.9088393109185355,11
4,7,8,0.9179784939402625,11
4,8,9,0.8835996020407904,11
4,9,10,0.896199935958499,11
5,1,2,0.8577902827944074,11
5,2,3,0.9064176650274367,11
5,3,4,0.9072604065849668,11
5,4,5,0.9247344448452904,11
5,5,6,0.8880387260800316,11
5,6,7,0.8913405934969584,11
5,7,8,0.9015940399396987,11
5,8,9,0.8562693737802052,11
5,9,10,0.883975380942935,11
6,1,2,0.8317444097428095,11
6,2,3,0.8795243132682073,11
6,3,4,0.8980807945841834,11
6,4,5,0.917595332577115,11
6,5,6,0.8682918889181954,11
6,6,7,0.8601679007212321,11
6,7,8,0.8835095422608512,11
6,8,9,0.8278135770843142,11
6,9,10,0.8493502452259972,11
7,1,2,0.823935832296099,11
7,2,3,0.8732577902930123,11
7,3,4,0.8665215713637215,11
7,4,5,0.8907729160218012,11
7,5,6,0.8473185300827026,11
7,6,7,0.8572186827659607,11
7,7,8,0.872486276285989,11
7,8,9,0.8226622683661324,11
7,9,10,0.83058443239757,11
8,1,2,0.817138535635812,11
8,2,3,0.8434956925255912,11
8,3,4,0.838112059093657,11
8,4,5,0.8717926031067258,11
8,5,6,0.8285434047381083,11
8,6,7,0.8308587641943068,11
8,7,8,0.8520128613426572,11
8,8,9,0.8132816269284203,11
8,9,10,0.8044246435165405,11
9,1,2,0.7706519535609654,11
9,2,3,0.8287997387704396,11
9,3,4,0.8218069388752892,11
9,4,5,0.809448296115512,11
9,5,6,0.7912051393872216,11
9,6,7,0.8341002861658732,11
9,7,8,0.8291091209366208,11
9,8,9,0.7921797377722604,11
9,9,10,0.7759989272980463,11
10,1,2,0.7299472945077079,11
10,2,3,0.7880329262642634,11
10,3,4,0.8012352812857855,11
10,4,5,0.7975248694419861,11
10,5,6,0.7517740669704619,11
10,6,7,0.8927780531701588,11
10,7,8,0.8436010309628078,11
10,8,9,0.7533513307571411,11
10,9,10,0.7172362634113857,11
11,1,2,0.8092265412920997,11
11,2,3,0.9294545196351551,11
11,3,4,0.9251353201412019,11
11,4,5,0.7840277098474049,11
11,5,6,0.6459624781495049,11
11,6,7,0.9184679843130565,11
11,7,8,0.6866319080193838,11
11,8,9,0.8816144040652684,11
11,9,10,0.6273965885241827,11
0,1,2,0.9374527186155319,12
0,2,3,0.9739686910595212,12
0,3,4,0.9473674105746406,12
0,4,5,0.9477741931165967,12
0,5,6,0.9816288692610604,12
0,6,7,0.9715871449027743,12
0,7,8,0.9788014207567487,12
0,8,9,0.9807737022638321,12
0,9,10,0.9680838670049395,12
1,1,2,0.9382888440574918,12
1,2,3,0.9330967111246926,12
1,3,4,0.9214669764041901,12
1,4,5,0.9165867992809841,12
1,5,6,0.9374403974839619,12
1,6,7,0.9314615790333066,12
1,7,8,0.941833359854562,12
1,8,9,0.9301629172904151,12
1,9,10,0.9117346001522881,12
2,1,2,0.9142119139432907,12
2,2,3,0.9122780199561801,12
2,3,4,0.9094370560986655,12
2,4,5,0.919044743691172,12
2,5,6,0.9151695115225655,12
2,6,7,0.9218078234366008,12
2,7,8,0.9269157711948667,12
2,8,9,0.9108772916453225,12
2,9,10,0.8884769231081009,12
3,1,2,0.8514026616300855,12
3,2,3,0.9107011897223336,12
3,3,4,0.8645472356251308,12
3,4,5,0.8866025017840522,12
3,5,6,0.9074188811438424,12
3,6,7,0.9117488797221865,12
3,7,8,0.9199799937861306,12
3,8,9,0.8809508212975093,12
3,9,10,0.86625389116151,12
4,1,2,0.8587590754032135,12
4,2,3,0.9133721973214831,12
4,3,4,0.8879401151623044,12
4,4,5,0.9152988876615252,12
4,5,6,0.892820017678397,12
4,6,7,0.9015008296285357,12
4,7,8,0.9103487985474723,12
4,8,9,0.870647383587701,12
4,9,10,0.8766702477421079,12
5,1,2,0.8365203057016645,12
5,2,3,0.8980944284370967,12
5,3,4,0.8998043388128281,12
5,4,5,0.9134442274059568,12
5,5,6,0.868359237909317,12
5,6,7,0.8826184059892382,12
5,7,8,0.8948276085512978,12
5,8,9,0.8461176795618874,12
5,9,10,0.865929901599884,12
6,1,2,0.8118856570550373,12
6,2,3,0.8724706619977951,12
6,3,4,0.8925858459302357,12
6,4,5,0.9092975301401955,12
6,5,6,0.8500605693885258,12
6,6,7,0.8528835709605899,12
6,7,8,0.8742108579192843,12
6,8,9,0.8154534229210445,12
6,9,10,0.8274650616305215,12
7,1,2,0.7919755045856748,12
7,2,3,0.8599549531936646,12
7,3,4,0.8598161339759827,12
7,4,5,0.8812280978475299,12
7,5,6,0.8266477755137852,12
7,6,7,0.8485624641180038,12
7,7,8,0.8633666400398526,12
7,8,9,0.8062730814729419,12
7,9,10,0.810172608920506,12
8,1,2,0.7842403586421695,12
8,2,3,0.8330042042902538,12
8,3,4,0.8348409916673388,12
8,4,5,0.8659650023494448,12
8,5,6,0.8099429139069149,12
8,6,7,0.8009658839021411,12
8,7,8,0.8314260563680104,12
8,8,9,0.7907214611768723,12
8,9,10,0.7778144010475704,12
9,1,2,0.7355484877313886,12
9,2,3,0.8095049113035202,12
9,3,4,0.8149162765060153,12
9,4,5,0.7893038690090179,12
9,5,6,0.766352755682809,12
9,6,7,0.8133148891585213,12
9,7,8,0.806008123925754,12
9,8,9,0.7675636666161674,12
9,9,10,0.7216630109718868,12
10,1,2,0.6740725625838552,12
10,2,3,0.7564225345849991,12
10,3,4,0.7971288817269462,12
10,4,5,0.7799224214894431,12
10,5,6,0.7229811889784676,12
10,6,7,0.8846458345651627,12
10,7,8,0.8170007126671928,12
10,8,9,0.7190994971564838,12
10,9,10,0.69256905572755,12
11,1,2,0.7674535023314613,12
11,2,3,0.909136386854308,12
11,3,4,0.9175139793327877,12
11,4,5,0.7752473652362823,12
11,5,6,0.6250028471861567,12
11,6,7,0.9168935013668877,12
11,7,8,0.6600163312894958,12
11,8,9,0.8823775861944471,12
11,9,10,0.6351795316274677,12
0,1,2,0.9567838680176508,13
0,2,3,0.980393233753386,13
0,3,4,0.9613673715364366,13
0,4,5,0.9628625228291466,13
0,5,6,0.9861054534003848,13
0,6,7,0.9831523668198359,13
0,7,8,0.98087796994618,13
0,8,9,0.9883574956939334,13
0,9,10,0.978133655729748,13
1,1,2,0.9555054732731411,13
1,2,3,0.9456899535088312,13
1,3,4,0.9437558707736787,13
1,4,5,0.939374844233195,13
1,5,6,0.9488296962919689,13
1,6,7,0.9514509184019906,13
1,7,8,0.9507079834029788,13
1,8,9,0.942313722201756,13
1,9,10,0.9252440163067409,13
2,1,2,0.940817634264628,13
2,2,3,0.9295529467718942,13
2,3,4,0.9355601498058864,13
2,4,5,0.9400102155549186,13
2,5,6,0.934248705705007,13
2,6,7,0.944163958231608,13
2,7,8,0.9412530972844079,13
2,8,9,0.9217612998826163,13
2,9,10,0.9043556565330142,13
3,1,2,0.8876850434712001,13
3,2,3,0.9296758600643703,13
3,3,4,0.8921244995934623,13
3,4,5,0.909605588231768,13
3,5,6,0.9285702762149629,13
3,6,7,0.9317030197098142,13
3,7,8,0.9331213519686744,13
3,8,9,0.8956019878387451,13
3,9,10,0.8819741521562848,13
4,1,2,0.8926241937137785,13
4,2,3,0.9313690690767198,13
4,3,4,0.9129518525941032,13
4,4,5,0.9329135361171904,13
4,5,6,0.9159898984999884,13
4,6,7,0.9232017199198405,13
4,7,8,0.92606425569171,13
4,8,9,0.8866913488933018,13
4,9,10,0.8886176603181022,13
5,1,2,0.8690860157921201,13
5,2,3,0.9148828784624735,13
5,3,4,0.9174349904060364,13
5,4,5,0.927233718690418,13
5,5,6,0.8880214691162109,13
5,6,7,0.9045178010350182,13
5,7,8,0.9131927603767032,13
5,8,9,0.8702419343448821,13
5,9,10,0.8772706077212379,13
6,1,2,0.843831235454196,13
6,2,3,0.8879354340689523,13
6,3,4,0.9059509805270604,13
6,4,5,0.9147344203222365,13
6,5,6,0.8700421906652904,13
6,6,7,0.8730852774211338,13
6,7,8,0.889635579926627,13
6,8,9,0.8449990806125459,13
6,9,10,0.8419349931535267,13
7,1,2,0.8195881843566895,13
7,2,3,0.8740545113881429,13
7,3,4,0.8818457041467939,13
7,4,5,0.8815173364820934,13
7,5,6,0.8455477952957153,13
7,6,7,0.8717314913159325,13
7,7,8,0.8807264538038344,13
7,8,9,0.8302221922647386,13
7,9,10,0.8215870346341815,13
8,1,2,0.814335979166485,13
8,2,3,0.8449548596427554,13
8,3,4,0.8559785882631937,13
8,4,5,0.8539648056030273,13
8,5,6,0.8110181632496062,13
8,6,7,0.8185661974407378,13
8,7,8,0.8492634892463684,13
8,8,9,0.812286050546737,13
8,9,10,0.7901333343415033,13
9,1,2,0.7613281834693182,13
9,2,3,0.8175514908063979,13
9,3,4,0.8208116832233611,13
9,4,5,0.7654918744450524,13
9,5,6,0.7507641428992862,13
9,6,7,0.8313655512673515,13
9,7,8,0.8165499965349833,13
9,8,9,0.7717199921607971,13
9,9,10,0.7195885493641808,13
10,1,2,0.6997091131550925,13
10,2,3,0.7764209792727516,13
10,3,4,0.7960677033378964,13
10,4,5,0.7020889165855589,13
10,5,6,0.688717646258218,13
10,6,7,0.8971540871120635,13
10,7,8,0.8164653579394022,13
10,8,9,0.7289462657201857,13
10,9,10,0.723131571497236,13
11,1,2,0.7303995859055292,13
11,2,3,0.9138542527244204,13
11,3,4,0.9334807424318223,13
11,4,5,0.6468984245189598,13
11,5,6,0.5909555078971953,13
11,6,7,0.93304215158735,13
11,7,8,0.6331240953434081,13
11,8,9,0.8810242130642846,13
11,9,10,0.5970814153552055,13
0,1,2,0.9450677156448364,14
0,2,3,0.9700924396514893,14
0,3,4,0.9525791088740031,14
0,4,5,0.9536899169286092,14
0,5,6,0.9821275512377421,14
0,6,7,0.979598073164622,14
0,7,8,0.9797583142916362,14
0,8,9,0.9873141129811605,14
0,9,10,0.9756990671157837,14
1,1,2,0.946453042825063,14
1,2,3,0.9307579040527344,14
1,3,4,0.9320959091186524,14
1,4,5,0.9309869686762492,14
1,5,6,0.9413339098294576,14
1,6,7,0.9458290934562683,14
1,7,8,0.9484665473302205,14
1,8,9,0.9416148026784261,14
1,9,10,0.9218230287233988,14
2,1,2,0.9278527498245239,14
2,2,3,0.915539022286733,14
2,3,4,0.9217771649360657,14
2,4,5,0.9311089396476746,14
2,5,6,0.9245173454284668,14
2,6,7,0.935611879825592,14
2,7,8,0.9374539812405904,14
2,8,9,0.9220077514648437,14
2,9,10,0.8986406405766805,14
3,1,2,0.8710800886154175,14
3,2,3,0.9151745955149333,14
3,3,4,0.8784932692845663,14
3,4,5,0.9041737238566081,14
3,5,6,0.917216428120931,14
3,6,7,0.9248536427815756,14
3,7,8,0.9325264096260071,14
3,8,9,0.8934088786443074,14
3,9,10,0.8801732738812764,14
4,1,2,0.8804071267445882,14
4,2,3,0.9213593522707622,14
4,3,4,0.8970825711886088,14
4,4,5,0.9266497174898783,14
4,5,6,0.9038675189018249,14
4,6,7,0.9167493383089701,14
4,7,8,0.9222432851791382,14
4,8,9,0.8764904856681823,14
4,9,10,0.8859998067220052,14
5,1,2,0.85911652247111,14
5,2,3,0.9026686986287434,14
5,3,4,0.9028077483177185,14
5,4,5,0.922957201798757,14
5,5,6,0.8789649764696758,14
5,6,7,0.897977372010549,14
5,7,8,0.9079594731330871,14
5,8,9,0.8487258394559224,14
5,9,10,0.8711382150650024,14
6,1,2,0.8390505472819011,14
6,2,3,0.8821849425633749,14
6,3,4,0.8969943364461263,14
6,4,5,0.9179488539695739,14
6,5,6,0.8597153425216675,14
6,6,7,0.8651160399119059,14
6,7,8,0.8914884765942891,14
6,8,9,0.819024117787679,14
6,9,10,0.8397430936495464,14
7,1,2,0.814458719889323,14
7,2,3,0.8602437973022461,14
7,3,4,0.8595941066741943,14
7,4,5,0.8881081899007162,14
7,5,6,0.8353339433670044,14
7,6,7,0.8617309927940369,14
7,7,8,0.8705735087394715,14
7,8,9,0.8049188296000163,14
7,9,10,0.8289107998212178,14
8,1,2,0.8041856328646342,14
8,2,3,0.8395639896392822,14
8,3,4,0.8298134605089823,14
8,4,5,0.8667075991630554,14
8,5,6,0.8054629484812419,14
8,6,7,0.8159840067227682,14
8,7,8,0.8381571372350057,14
8,8,9,0.7874438563982645,14
8,9,10,0.7908388018608093,14
9,1,2,0.7554537336031596,14
9,2,3,0.8089283307393392,14
9,3,4,0.8103166937828064,14
9,4,5,0.7846733927726746,14
9,5,6,0.7714972217877706,14
9,6,7,0.8180226484934489,14
9,7,8,0.8054559230804443,14
9,8,9,0.7676522135734558,14
9,9,10,0.7375840862592061,14
10,1,2,0.7001727382342021,14
10,2,3,0.7607399304707845,14
10,3,4,0.7988767186800639,14
10,4,5,0.7747013926506042,14
10,5,6,0.7113817691802978,14
10,6,7,0.8920527974764506,14
10,7,8,0.8133319894472758,14
10,8,9,0.7108083109060923,14
10,9,10,0.75545201698939,14
11,1,2,0.7901876290639241,14
11,2,3,0.9060676376024882,14
11,3,4,0.9295207738876343,14
11,4,5,0.7753431598345438,14
11,5,6,0.6065426389376323,14
11,6,7,0.9255364974339803,14
11,7,8,0.7199714203675588,14
11,8,9,0.8882736047108968,14
11,9,10,0.7644080599149068,14
0,1,2,0.9364697098731994,15
0,2,3,0.9731430768966675,15
0,3,4,0.9482088923454285,15
0,4,5,0.9465767085552216,15
0,5,6,0.9799862325191497,15
0,6,7,0.9792261183261871,15
0,7,8,0.9750109136104583,15
0,8,9,0.9858565926551819,15
0,9,10,0.974947041273117,15
1,1,2,0.9386184573173523,15
1,2,3,0.930511599779129,15
1,3,4,0.9308722913265228,15
1,4,5,0.9227827310562133,15
1,5,6,0.9386880993843079,15
1,6,7,0.9423283994197845,15
1,7,8,0.9370420157909394,15
1,8,9,0.9366479516029358,15
1,9,10,0.9156239867210388,15
2,1,2,0.9202118337154388,15
2,2,3,0.9106680512428283,15
2,3,4,0.9177650392055512,15
2,4,5,0.9272956490516663,15
2,5,6,0.9232005178928375,15
2,6,7,0.9337145507335662,15
2,7,8,0.9252960860729218,15
2,8,9,0.9172098755836486,15
2,9,10,0.8869833528995514,15
3,1,2,0.8629465699195862,15
3,2,3,0.915432870388031,15
3,3,4,0.8782769560813903,15
3,4,5,0.9024469673633575,15
3,5,6,0.9207912027835846,15
3,6,7,0.9254158437252045,15
3,7,8,0.9246447026729584,15
3,8,9,0.8922110617160797,15
3,9,10,0.8661581814289093,15
4,1,2,0.8653405368328094,15
4,2,3,0.9169563770294189,15
4,3,4,0.899547529220581,15
4,4,5,0.926660293340683,15
4,5,6,0.9061598300933837,15
4,6,7,0.9174904882907867,15
4,7,8,0.9150785863399505,15
4,8,9,0.8788295149803161,15
4,9,10,0.8786489009857178,15
5,1,2,0.8414147973060608,15
5,2,3,0.9027225494384765,15
5,3,4,0.9070568561553956,15
5,4,5,0.9196817100048065,15
5,5,6,0.8733297467231751,15
5,6,7,0.8996021330356598,15
5,7,8,0.9027917802333831,15
5,8,9,0.860204416513443,15
5,9,10,0.8731256723403931,15
6,1,2,0.826090282201767,15
6,2,3,0.8705657839775085,15
6,3,4,0.8871127068996429,15
6,4,5,0.9029514789581299,15
6,5,6,0.8558880269527436,15
6,6,7,0.871379142999649,15
6,7,8,0.8793036878108978,15
6,8,9,0.8364906907081604,15
6,9,10,0.8317635297775269,15
7,1,2,0.8020246922969818,15
7,2,3,0.8473483681678772,15
7,3,4,0.8597065508365631,15
7,4,5,0.881391990184784,15
7,5,6,0.838918274641037,15
7,6,7,0.8655553042888642,15
7,7,8,0.8562391340732575,15
7,8,9,0.81063671708107,15
7,9,10,0.8098078072071075,15
8,1,2,0.7678988158702851,15
8,2,3,0.8116894483566284,15
8,3,4,0.8206064462661743,15
8,4,5,0.8648150563240051,15
8,5,6,0.8073525428771973,15
8,6,7,0.79534130692482,15
8,7,8,0.8238179922103882,15
8,8,9,0.7924917340278625,15
8,9,10,0.7805595815181732,15
9,1,2,0.7331036508083344,15
9,2,3,0.7797049939632416,15
9,3,4,0.7974283516407012,15
9,4,5,0.7609956860542297,15
9,5,6,0.7269035935401916,15
9,6,7,0.8157126784324646,15
9,7,8,0.7961583375930786,15
9,8,9,0.7750169456005096,15
9,9,10,0.6833774626255036,15
10,1,2,0.6324677020311356,15
10,2,3,0.7285834372043609,15
10,3,4,0.7776127278804779,15
10,4,5,0.7038442850112915,15
10,5,6,0.6573886811733246,15
10,6,7,0.8765763103961944,15
10,7,8,0.7879562020301819,15
10,8,9,0.6918313890695572,15
10,9,10,0.6929609537124634,15
11,1,2,0.6674959301948548,15
11,2,3,0.8932648122310638,15
11,3,4,0.9259300589561462,15
11,4,5,0.6218036323785782,15
11,5,6,0.5143791377544403,15
11,6,7,0.9253584921360016,15
11,7,8,0.5718467608094215,15
11,8,9,0.8806032061576843,15
11,9,10,0.638202166557312,15
0,1,2,0.9443644007047017,16
0,2,3,0.9763073921203613,16
0,3,4,0.954201853275299,16
0,4,5,0.9602961341540018,16
0,5,6,0.9874166488647461,16
0,6,7,0.9712614973386129,16
0,7,8,0.9843316713968913,16
0,8,9,0.9813952008883159,16
0,9,10,0.97187872727712,16
1,1,2,0.9434435685475667,16
1,2,3,0.9368765552838644,16
1,3,4,0.9247916499773662,16
1,4,5,0.9305303891499838,16
1,5,6,0.9504154364267985,16
1,6,7,0.9341026186943054,16
1,7,8,0.947318696975708,16
1,8,9,0.9359824220339458,16
1,9,10,0.9286566376686096,16
2,1,2,0.9186570525169373,16
2,2,3,0.9145782351493835,16
2,3,4,0.9102924307187398,16
2,4,5,0.9300506591796875,16
2,5,6,0.9280001997947693,16
2,6,7,0.923872955640157,16
2,7,8,0.9343168099721273,16
2,8,9,0.9186237732569377,16
2,9,10,0.909535268942515,16
3,1,2,0.8616554578145345,16
3,2,3,0.9096287926038106,16
3,3,4,0.8731109857559204,16
3,4,5,0.899865738550822,16
3,5,6,0.9167532086372375,16
3,6,7,0.9120242913564046,16
3,7,8,0.9257860740025838,16
3,8,9,0.8913803895314535,16
3,9,10,0.8883309642473857,16
4,1,2,0.865492566426595,16
4,2,3,0.9125681718190511,16
4,3,4,0.8881110906600952,16
4,4,5,0.9210483471552531,16
4,5,6,0.9016298810640971,16
4,6,7,0.9022074262301127,16
4,7,8,0.9150239189465841,16
4,8,9,0.8792208751042684,16
4,9,10,0.8909357825915019,16
5,1,2,0.8469581325848897,16
5,2,3,0.9016259749730428,16
5,3,4,0.9049493869145712,16
5,4,5,0.9238225022951762,16
5,5,6,0.8833898146947224,16
5,6,7,0.8863794803619385,16
5,7,8,0.9006522377332051,16
5,8,9,0.8516858498255412,16
5,9,10,0.8803379893302917,16
6,1,2,0.8251015623410543,16
6,2,3,0.8713441729545593,16
6,3,4,0.8944188674290975,16
6,4,5,0.9174741665522258,16
6,5,6,0.866917876402537,16
6,6,7,0.8582151611646016,16
6,7,8,0.8819743196169535,16
6,8,9,0.8220305641492208,16
6,9,10,0.8488684495290121,16
7,1,2,0.8168282548586527,16
7,2,3,0.8698055068651835,16
7,3,4,0.8639564236005147,16
7,4,5,0.8952051281929017,16
7,5,6,0.8470051964124043,16
7,6,7,0.855288561185201,16
7,7,8,0.872428297996521,16
7,8,9,0.8239079594612122,16
7,9,10,0.8296335577964783,16
8,1,2,0.8119994242986043,16
8,2,3,0.8401724457740783,16
8,3,4,0.8360541979471843,16
8,4,5,0.88732856909434,16
8,5,6,0.838494086265564,16
8,6,7,0.8264576673507691,16
8,7,8,0.8545623501141866,16
8,8,9,0.8102040886878967,16
8,9,10,0.8079188664754232,16
9,1,2,0.7706737915674845,16
9,2,3,0.825178615252177,16
9,3,4,0.8257688879966736,16
9,4,5,0.8283244331677755,16
9,5,6,0.7970758517583211,16
9,6,7,0.8319153269131978,16
9,7,8,0.8353986938794454,16
9,8,9,0.7884631156921387,16
9,9,10,0.7683722734451294,16
10,1,2,0.7372147878011067,16
10,2,3,0.7906248927116394,16
10,3,4,0.8040323416392009,16
10,4,5,0.8358730395634969,16
10,5,6,0.7612472295761108,16
10,6,7,0.8915858785311381,16
10,7,8,0.8504621744155884,16
10,8,9,0.7512413263320923,16
10,9,10,0.706335723400116,16
11,1,2,0.8093699455261231,16
11,2,3,0.9281436761220296,16
11,3,4,0.9269481857617696,16
11,4,5,0.787062160174052,16
11,5,6,0.6458493014176686,16
11,6,7,0.9159111062685649,16
11,7,8,0.6751865764458974,16
11,8,9,0.878484292825063,16
11,9,10,0.597484381000201,16
0,1,2,0.9458642601966858,17
0,2,3,0.9839385549227396,17
0,3,4,0.9448921084403992,17
0,4,5,0.9503109554449717,17
0,5,6,0.9844698409239451,17
0,6,7,0.9676185250282288,17
0,7,8,0.9847331543763479,17
0,8,9,0.976295123497645,17
0,9,10,0.9605334301789602,17
1,1,2,0.9434278309345245,17
1,2,3,0.9460975627104441,17
1,3,4,0.9122244318326315,17
1,4,5,0.9140846828619639,17
1,5,6,0.9462268153826395,17
1,6,7,0.9227078755696615,17
1,7,8,0.9497120976448059,17
1,8,9,0.9329416553179423,17
1,9,10,0.9227796196937561,17
2,1,2,0.9169189234574636,17
2,2,3,0.9202463825543722,17
2,3,4,0.899757961432139,17
2,4,5,0.910855750242869,17
2,5,6,0.9184804558753967,17
2,6,7,0.9178660611311594,17
2,7,8,0.9360218743483225,17
2,8,9,0.9180222352345785,17
2,9,10,0.8995740115642548,17
3,1,2,0.8505723575750986,17
3,2,3,0.9133316079775492,17
3,3,4,0.8554185529549917,17
3,4,5,0.8754096627235413,17
3,5,6,0.9080602526664734,17
3,6,7,0.9061480164527893,17
3,7,8,0.920777827501297,17
3,8,9,0.8942852715651194,17
3,9,10,0.8837104638417562,17
4,1,2,0.8598511020342509,17
4,2,3,0.9148524900277456,17
4,3,4,0.8763846655686697,17
4,4,5,0.9037557045618693,17
4,5,6,0.8906622529029846,17
4,6,7,0.8961556653181711,17
4,7,8,0.9099528988202413,17
4,8,9,0.8796713451544443,17
4,9,10,0.885822206735611,17
5,1,2,0.8371437092622122,17
5,2,3,0.90166308482488,17
5,3,4,0.8901384472846985,17
5,4,5,0.9068342447280884,17
5,5,6,0.8670264681180319,17
5,6,7,0.8782360951105753,17
5,7,8,0.8954622447490692,17
5,8,9,0.8506015340487162,17
5,9,10,0.8688877920309702,17
6,1,2,0.8128696183363596,17
6,2,3,0.8674754500389099,17
6,3,4,0.8895029425621033,17
6,4,5,0.9037313461303711,17
6,5,6,0.8473082979520162,17
6,6,7,0.844603975613912,17
6,7,8,0.8678285777568817,17
6,8,9,0.8393609126408895,17
6,9,10,0.8236942092577616,17
7,1,2,0.8132296403249105,17
7,2,3,0.8749416768550873,17
7,3,4,0.8602670232454935,17
7,4,5,0.8666894833246866,17
7,5,6,0.8185816605885824,17
7,6,7,0.8414305647214254,17
7,7,8,0.8725099960962931,17
7,8,9,0.8326349059740702,17
7,9,10,0.8198469479878744,17
8,1,2,0.8038486142953237,17
8,2,3,0.8514642616113027,17
8,3,4,0.845091313123703,17
8,4,5,0.8433695236841837,17
8,5,6,0.7898122767607371,17
8,6,7,0.8161090910434723,17
8,7,8,0.8450818061828613,17
8,8,9,0.8251888354619344,17
8,9,10,0.7656080921490988,17
9,1,2,0.7344270249207815,17
9,2,3,0.8355710804462433,17
9,3,4,0.8086798091729482,17
9,4,5,0.7895616292953491,17
9,5,6,0.7599949737389883,17
9,6,7,0.8338486949602762,17
9,7,8,0.8284483154614767,17
9,8,9,0.8011247118314108,17
9,9,10,0.7563508351643881,17
10,1,2,0.6919171214103699,17
10,2,3,0.7920893232027689,17
10,3,4,0.7916114330291748,17
10,4,5,0.7730416357517242,17
10,5,6,0.7217658261458079,17
10,6,7,0.8940256933371226,17
10,7,8,0.8458442091941833,17
10,8,9,0.7646462817986807,17
10,9,10,0.6678507526715597,17
11,1,2,0.7802155911922455,17
11,2,3,0.9166957040627798,17
11,3,4,0.897106925646464,17
11,4,5,0.7949799994627634,17
11,5,6,0.7026317914326986,17
11,6,7,0.9380591611067454,17
11,7,8,0.7548962533473969,17
11,8,9,0.9005448122819265,17
11,9,10,0.7011428674062093,17
0,1,2,0.9467252254486084,18
0,2,3,0.9779238522052764,18
0,3,4,0.9540564894676209,18
0,4,5,0.951272165775299,18
0,5,6,0.9824603259563446,18
0,6,7,0.9822141766548157,18
0,7,8,0.9774641215801239,18
0,8,9,0.9867517292499542,18
0,9,10,0.9730573534965515,18
1,1,2,0.9462538897991181,18
1,2,3,0.9381168246269226,18
1,3,4,0.9342541694641113,18
1,4,5,0.9224984765052795,18
1,5,6,0.9359994113445282,18
1,6,7,0.9456403255462646,18
1,7,8,0.9448383808135986,18
1,8,9,0.9336406946182251,18
1,9,10,0.9075352728366852,18
2,1,2,0.9293851912021637,18
2,2,3,0.9210766673088073,18
2,3,4,0.929146146774292,18
2,4,5,0.9283797204494476,18
2,5,6,0.9182750284671783,18
2,6,7,0.9345564424991608,18
2,7,8,0.9308924794197082,18
2,8,9,0.9101395964622497,18
2,9,10,0.8842201828956604,18
3,1,2,0.8779277741909027,18
3,2,3,0.9234773278236389,18
3,3,4,0.8869468092918396,18
3,4,5,0.8997728049755096,18
3,5,6,0.9152215600013733,18
3,6,7,0.9223650872707367,18
3,7,8,0.922320693731308,18
3,8,9,0.8769482195377349,18
3,9,10,0.8611677050590515,18
4,1,2,0.8806084573268891,18
4,2,3,0.927140337228775,18
4,3,4,0.9123495638370513,18
4,4,5,0.9287554860115051,18
4,5,6,0.9024309098720551,18
4,6,7,0.9118775248527526,18
4,7,8,0.9160036325454712,18
4,8,9,0.870566475391388,18
4,9,10,0.87513387799263,18
5,1,2,0.8539540946483613,18
5,2,3,0.9104450881481171,18
5,3,4,0.915933495759964,18
5,4,5,0.9201704323291778,18
5,5,6,0.8695309519767761,18
5,6,7,0.8901593625545502,18
5,7,8,0.9009833991527557,18
5,8,9,0.8553680956363678,18
5,9,10,0.8644490420818329,18
6,1,2,0.8207000970840455,18
6,2,3,0.8926961064338684,18
6,3,4,0.9103350579738617,18
6,4,5,0.915258377790451,18
6,5,6,0.8532557904720306,18
6,6,7,0.8591477572917938,18
6,7,8,0.8798015058040619,18
6,8,9,0.8269482135772706,18
6,9,10,0.8264571547508239,18
7,1,2,0.7923594295978547,18
7,2,3,0.8761456668376922,18
7,3,4,0.8899115324020386,18
7,4,5,0.8828251540660859,18
7,5,6,0.8257922172546387,18
7,6,7,0.8607157886028289,18
7,7,8,0.8701400697231293,18
7,8,9,0.8136103510856628,18
7,9,10,0.8030063033103942,18
8,1,2,0.793565309047699,18
8,2,3,0.8508135318756104,18
8,3,4,0.8685319125652313,18
8,4,5,0.8590620398521424,18
8,5,6,0.7988492488861084,18
8,6,7,0.7963375508785248,18
8,7,8,0.8346455276012421,18
8,8,9,0.7948862075805664,18
8,9,10,0.7739597499370575,18
9,1,2,0.7338457047939301,18
9,2,3,0.8218176960945129,18
9,3,4,0.8323583126068115,18
9,4,5,0.7745730936527252,18
9,5,6,0.76476292014122,18
9,6,7,0.8150938391685486,18
9,7,8,0.8002187371253967,18
9,8,9,0.7530859768390655,18
9,9,10,0.6893094778060913,18
10,1,2,0.6704476922750473,18
10,2,3,0.7723139107227326,18
10,3,4,0.8151820600032806,18
10,4,5,0.7486075937747956,18
10,5,6,0.7065046608448029,18
10,6,7,0.892948591709137,18
10,7,8,0.8125595688819885,18
10,8,9,0.7209020674228668,18
10,9,10,0.7048741757869721,18
11,1,2,0.7437640368938446,18
11,2,3,0.9085594058036804,18
11,3,4,0.9305553317070008,18
11,4,5,0.816172307729721,18
11,5,6,0.6798048079013824,18
11,6,7,0.9225972890853882,18
11,7,8,0.5794998049736023,18
11,8,9,0.8781091630458832,18
11,9,10,0.5421792380511761,18
0,1,2,0.9837021708488465,19
0,2,3,0.9836790144443512,19
0,3,4,0.9841941177845002,19
0,4,5,0.9938393652439117,19
0,5,6,0.9937185645103455,19
0,6,7,0.9863195240497589,19
0,7,8,0.9901424288749695,19
0,8,9,0.9925431132316589,19
0,9,10,0.9855113089084625,19
1,1,2,0.9800235509872437,19
1,2,3,0.9652235388755799,19
1,3,4,0.9702603280544281,19
1,4,5,0.9775516211986541,19
1,5,6,0.9721834897994995,19
1,6,7,0.9661249399185181,19
1,7,8,0.9722602069377899,19
1,8,9,0.963665634393692,19
1,9,10,0.9576132595539093,19
2,1,2,0.9699155151844024,19
2,2,3,0.956823319196701,19
2,3,4,0.9591518878936768,19
2,4,5,0.9690958976745605,19
2,5,6,0.9626397252082824,19
2,6,7,0.9618651866912842,19
2,7,8,0.963934850692749,19
2,8,9,0.94740030169487,19
2,9,10,0.9462132155895233,19
3,1,2,0.9229401528835297,19
3,2,3,0.951741349697113,19
3,3,4,0.9201834678649903,19
3,4,5,0.9371124804019928,19
3,5,6,0.9475224018096924,19
3,6,7,0.9472666442394256,19
3,7,8,0.9526982009410858,19
3,8,9,0.9191880226135254,19
3,9,10,0.9233531892299652,19
4,1,2,0.9293697953224183,19
4,2,3,0.9523682832717896,19
4,3,4,0.933340871334076,19
4,4,5,0.9503625690937042,19
4,5,6,0.9366503298282624,19
4,6,7,0.9367549002170563,19
4,7,8,0.9438133537769318,19
4,8,9,0.9080586433410645,19
4,9,10,0.920260751247406,19
5,1,2,0.9132704555988311,19
5,2,3,0.9360135555267334,19
5,3,4,0.9356148779392243,19
5,4,5,0.9461584508419036,19
5,5,6,0.921204936504364,19
5,6,7,0.9110404312610626,19
5,7,8,0.9267225682735443,19
5,8,9,0.8872741281986236,19
5,9,10,0.9063262104988098,19
6,1,2,0.8989457488059998,19
6,2,3,0.9073262214660645,19
6,3,4,0.9189010083675384,19
6,4,5,0.9264338791370392,19
6,5,6,0.8954466938972473,19
6,6,7,0.8789912939071656,19
6,7,8,0.9052834153175354,19
6,8,9,0.8589610517024994,19
6,9,10,0.8720342993736268,19
7,1,2,0.8674866378307342,19
7,2,3,0.8962025165557861,19
7,3,4,0.8878612041473388,19
7,4,5,0.8912874639034272,19
7,5,6,0.8670574486255646,19
7,6,7,0.8851020932197571,19
7,7,8,0.9000073552131653,19
7,8,9,0.8517073273658753,19
7,9,10,0.8586160063743591,19
8,1,2,0.8650613784790039,19
8,2,3,0.8615299820899963,19
8,3,4,0.857449221611023,19
8,4,5,0.8562999248504639,19
8,5,6,0.8219360768795013,19
8,6,7,0.8501425385475159,19
8,7,8,0.8673114597797393,19
8,8,9,0.8458302855491638,19
8,9,10,0.8322599530220032,19
9,1,2,0.8213249146938324,19
9,2,3,0.8610764980316162,19
9,3,4,0.835494089126587,19
9,4,5,0.7724019885063171,19
9,5,6,0.7600124061107636,19
9,6,7,0.8578805744647979,19
9,7,8,0.8291024923324585,19
9,8,9,0.810722142457962,19
9,9,10,0.8280725002288818,19
10,1,2,0.7574030160903931,19
10,2,3,0.7938499808311462,19
10,3,4,0.7979237020015717,19
10,4,5,0.6799048781394958,19
10,5,6,0.7085382014513015,19
10,6,7,0.9087332665920258,19
10,7,8,0.8265748202800751,19
10,8,9,0.7678186595439911,19
10,9,10,0.7974401593208313,19
11,1,2,0.7536880433559418,19
11,2,3,0.9595445394515991,19
11,3,4,0.9443023443222046,19
11,4,5,0.5370387557893992,19
11,5,6,0.5805206879973411,19
11,6,7,0.925562036037445,19
11,7,8,0.7789382815361023,19
11,8,9,0.8971517205238342,19
11,9,10,0.6363883852958679,19
0,1,2,0.949285888671875,20
0,2,3,0.9828005075454712,20
0,3,4,0.9568298896153767,20
0,4,5,0.9603410959243774,20
0,5,6,0.9867167671521505,20
0,6,7,0.9702609817186991,20
0,7,8,0.9843631982803345,20
0,8,9,0.9814403494199117,20
0,9,10,0.9696495135625204,20
1,1,2,0.9479654590288799,20
1,2,3,0.9467149297396342,20
1,3,4,0.9284071882565816,20
1,4,5,0.9270045240720113,20
1,5,6,0.9477341016133626,20
1,6,7,0.9272873640060425,20
1,7,8,0.9489588578542073,20
1,8,9,0.9351245363553365,20
1,9,10,0.9275269905726115,20
2,1,2,0.9243829886118571,20
2,2,3,0.9228210091590882,20
2,3,4,0.9114518642425538,20
2,4,5,0.9239937464396158,20
2,5,6,0.9248445113499959,20
2,6,7,0.9226956844329834,20
2,7,8,0.935579510529836,20
2,8,9,0.9187046488126119,20
2,9,10,0.906459641456604,20
3,1,2,0.8602333347002665,20
3,2,3,0.9184539874394735,20
3,3,4,0.8659523288408916,20
3,4,5,0.8873762965202332,20
3,5,6,0.9147442777951559,20
3,6,7,0.9134125709533691,20
3,7,8,0.9246292074521383,20
3,8,9,0.8907961885134379,20
3,9,10,0.8857989947001139,20
4,1,2,0.8678789655367534,20
4,2,3,0.9196074287096659,20
4,3,4,0.8874047438303629,20
4,4,5,0.9115881641705831,20
4,5,6,0.8974012494087219,20
4,6,7,0.9027528802553813,20
4,7,8,0.9131419420242309,20
4,8,9,0.8781485478083293,20
4,9,10,0.8900039752324422,20
5,1,2,0.8486305077870687,20
5,2,3,0.905533742904663,20
5,3,4,0.9004707972208659,20
5,4,5,0.9111974159876506,20
5,5,6,0.8780206799507141,20
5,6,7,0.882132871945699,20
5,7,8,0.8967710653940837,20
5,8,9,0.8550523122151693,20
5,9,10,0.8777275443077087,20
6,1,2,0.8275854229927063,20
6,2,3,0.8722502231597901,20
6,3,4,0.884738560517629,20
6,4,5,0.8956711093584696,20
6,5,6,0.8518863717714945,20
6,6,7,0.8509571472803752,20
6,7,8,0.8721012711524964,20
6,8,9,0.8344072381655375,20
6,9,10,0.8298696041107178,20
7,1,2,0.8108041763305665,20
7,2,3,0.8657184720039368,20
7,3,4,0.8516303261121114,20
7,4,5,0.8585388382275899,20
7,5,6,0.8232860406239827,20
7,6,7,0.8487298250198364,20
7,7,8,0.863883101940155,20
7,8,9,0.8148314515749614,20
7,9,10,0.8111881494522095,20
8,1,2,0.7969415068626404,20
8,2,3,0.8330362955729167,20
8,3,4,0.8207027594248454,20
8,4,5,0.8334673484166463,20
8,5,6,0.7937737504641215,20
8,6,7,0.8247092088063558,20
8,7,8,0.8398792107899984,20
8,8,9,0.8040744702021281,20
8,9,10,0.7761609633763631,20
9,1,2,0.7529882828394572,20
9,2,3,0.8165130972862243,20
9,3,4,0.8010919133822123,20
9,4,5,0.743661371866862,20
9,5,6,0.7318666259447734,20
9,6,7,0.8380233526229859,20
9,7,8,0.8121681928634643,20
9,8,9,0.782156773408254,20
9,9,10,0.7511250297228496,20
10,1,2,0.6891951521237691,20
10,2,3,0.7878000100453695,20
10,3,4,0.7828434785207112,20
10,4,5,0.6869908154010773,20
10,5,6,0.6852654397487641,20
10,6,7,0.886797837416331,20
10,7,8,0.8168086568514507,20
10,8,9,0.7229134877522786,20
10,9,10,0.673056012392044,20
11,1,2,0.7254854579766591,20
11,2,3,0.926675800482432,20
11,3,4,0.914521849155426,20
11,4,5,0.5999327304462592,20
11,5,6,0.5206564038991928,20
11,6,7,0.9419152657190959,20
11,7,8,0.8094764590263367,20
11,8,9,0.9104871948560079,20
11,9,10,0.5789402256409327,20
0,1,2,0.9526770838669368,21
0,2,3,0.9744643185819898,21
0,3,4,0.9607787132263184,21
0,4,5,0.9634050514016833,21
0,5,6,0.9857859164476395,21
0,6,7,0.982418839420591,21
0,7,8,0.9818591518061501,21
0,8,9,0.9879046316657748,21
0,9,10,0.9782990728105817,21
1,1,2,0.9527391174009868,21
1,2,3,0.9390969893762043,21
1,3,4,0.9416334160736629,21
1,4,5,0.9414326186691012,21
1,5,6,0.9487998251404081,21
1,6,7,0.9520461538008281,21
1,7,8,0.9518794055495944,21
1,8,9,0.9431744601045337,21
1,9,10,0.9269456927265439,21
2,1,2,0.9360727901969638,21
2,2,3,0.9242014629500253,21
2,3,4,0.9324497963700976,21
2,4,5,0.9421545756714684,21
2,5,6,0.9336276884589877,21
2,6,7,0.9412381734166827,21
2,7,8,0.9406636910779136,21
2,8,9,0.9239976086786815,21
2,9,10,0.9065800075020108,21
3,1,2,0.8859409583466393,21
3,2,3,0.9234734347888401,21
3,3,4,0.8937358217579978,21
3,4,5,0.9156975448131561,21
3,5,6,0.926447427698544,21
3,6,7,0.9297297809805188,21
3,7,8,0.9343128034046718,21
3,8,9,0.8951850043875831,21
3,9,10,0.8865531853267125,21
4,1,2,0.8917026690074376,21
4,2,3,0.9280425224985395,21
4,3,4,0.910273796745709,21
4,4,5,0.936450372849192,21
4,5,6,0.9148795519556318,21
4,6,7,0.9218929409980774,21
4,7,8,0.9262115082570485,21
4,8,9,0.8825837756906237,21
4,9,10,0.8927810830729348,21
5,1,2,0.8717766468014035,21
5,2,3,0.9118548929691315,21
5,3,4,0.9160680792161396,21
5,4,5,0.9325863059077945,21
5,5,6,0.8906009750706809,21
5,6,7,0.9023379598345075,21
5,7,8,0.9121373551232475,21
5,8,9,0.8603600859642029,21
5,9,10,0.8817802646330425,21
6,1,2,0.846579800759043,21
6,2,3,0.8924622556992939,21
6,3,4,0.9075669667550496,21
6,4,5,0.9259246928351266,21
6,5,6,0.872929824250085,21
6,6,7,0.8714543219123568,21
6,7,8,0.8953022978135518,21
6,8,9,0.8324065314871925,21
6,9,10,0.8499110745532172,21
7,1,2,0.823559262922832,21
7,2,3,0.8742649172033582,21
7,3,4,0.87567124409335,21
7,4,5,0.8992819722209658,21
7,5,6,0.8515398928097316,21
7,6,7,0.8727637018476214,21
7,7,8,0.879175066947937,21
7,8,9,0.8212164470127651,21
7,9,10,0.8330581954547337,21
8,1,2,0.8193966448307037,21
8,2,3,0.8484384779419217,21
8,3,4,0.8469006759779794,21
8,4,5,0.8792351675885064,21
8,5,6,0.8267957397869655,21
8,6,7,0.8247323632240295,21
8,7,8,0.852198668888637,21
8,8,9,0.8057600430079869,21
8,9,10,0.8021429457834789,21
9,1,2,0.773326684321676,21
9,2,3,0.8232119232416153,21
9,3,4,0.8284938910177776,21
9,4,5,0.8089594755853925,21
9,5,6,0.7942136142935071,21
9,6,7,0.8306727707386017,21
9,7,8,0.8213468641042709,21
9,8,9,0.777178840977805,21
9,9,10,0.7474017292261124,21
10,1,2,0.7169106570737702,21
10,2,3,0.7762150807040078,21
10,3,4,0.8149619890110833,21
10,4,5,0.799539212669645,21
10,5,6,0.7413410650832313,21
10,6,7,0.8993259306464877,21
10,7,8,0.8312687958989825,21
10,8,9,0.7379530146718025,21
10,9,10,0.7531792585338865,21
11,1,2,0.7924419130597796,21
11,2,3,0.9198312780686787,21
11,3,4,0.9388811098677772,21
11,4,5,0.7993115058967045,21
11,5,6,0.6463768492851939,21
11,6,7,0.9242613400731768,21
11,7,8,0.669790726687227,21
11,8,9,0.8833848727600915,21
11,9,10,0.6495267724884408,21
0,1,2,0.9558808008829752,22
0,2,3,0.9763362010320028,22
0,3,4,0.9590617106074378,22
0,4,5,0.9628966166859582,22
0,5,6,0.9854758126395089,22
0,6,7,0.9822281854493278,22
0,7,8,0.9809837199392772,22
0,8,9,0.9881944060325623,22
0,9,10,0.9770962681089129,22
1,1,2,0.9552465961092994,22
1,2,3,0.9413299447014218,22
1,3,4,0.9408109329995655,22
1,4,5,0.9415908484231859,22
1,5,6,0.950519323348999,22
1,6,7,0.9517490069071451,22
1,7,8,0.9519199019386655,22
1,8,9,0.9471323206311181,22
1,9,10,0.9280578068324498,22
2,1,2,0.9397724952016558,22
2,2,3,0.9262790765081134,22
2,3,4,0.9317047113463992,22
2,4,5,0.9411064556666783,22
2,5,6,0.9360695254235041,22
2,6,7,0.945817212263743,22
2,7,8,0.9421849761690412,22
2,8,9,0.9267531548227582,22
2,9,10,0.9079791052000863,22
3,1,2,0.8844580196198963,22
3,2,3,0.9261171931312198,22
3,3,4,0.8890271669342404,22
3,4,5,0.9117124080657959,22
3,5,6,0.9279701652980986,22
3,6,7,0.9327849064554486,22
3,7,8,0.9351037116277785,22
3,8,9,0.9027855197588602,22
3,9,10,0.8871465353738694,22
4,1,2,0.8901898520333427,22
4,2,3,0.9280652375448317,22
4,3,4,0.9076581881159828,22
4,4,5,0.9332178235054016,22
4,5,6,0.9155491448584057,22
4,6,7,0.9236476392973036,22
4,7,8,0.9262155606633141,22
4,8,9,0.8904744982719421,22
4,9,10,0.8922825682730902,22
5,1,2,0.8670007302647545,22
5,2,3,0.9109777297292437,22
5,3,4,0.9132529780978248,22
5,4,5,0.9283718693824041,22
5,5,6,0.8887159994670323,22
5,6,7,0.9055976158096677,22
5,7,8,0.9132784690175738,22
5,8,9,0.8703133690924871,22
5,9,10,0.8803134447052365,22
6,1,2,0.8434547157514662,22
6,2,3,0.8798487782478333,22
6,3,4,0.9032443109012785,22
6,4,5,0.9178992736907232,22
6,5,6,0.8715412049066453,22
6,6,7,0.8723027479080927,22
6,7,8,0.8916531375476292,22
6,8,9,0.8364980362710499,22
6,9,10,0.845444937547048,22
7,1,2,0.8215694938387189,22
7,2,3,0.864071908451262,22
7,3,4,0.8732888102531433,22
7,4,5,0.8861744375455947,22
7,5,6,0.8464907123928979,22
7,6,7,0.8690407418069386,22
7,7,8,0.8774229004269555,22
7,8,9,0.8246490217390514,22
7,9,10,0.8285571450278872,22
8,1,2,0.8111558102426075,22
8,2,3,0.8344955784933907,22
8,3,4,0.844457935719263,22
8,4,5,0.8606567439578828,22
8,5,6,0.8061786890029907,22
8,6,7,0.8142293237504505,22
8,7,8,0.8434975629761106,22
8,8,9,0.8115065381640479,22
8,9,10,0.7994356694675627,22
9,1,2,0.7575456131072271,22
9,2,3,0.8103439382144383,22
9,3,4,0.8168297381628127,22
9,4,5,0.7732847985767183,22
9,5,6,0.7445637867564247,22
9,6,7,0.8242602092879159,22
9,7,8,0.8104236409777686,22
9,8,9,0.7831247959818158,22
9,9,10,0.7363835544813246,22
10,1,2,0.6867826112679073,22
10,2,3,0.7416720475469317,22
10,3,4,0.7829013892582485,22
10,4,5,0.7112941898050762,22
10,5,6,0.6827264882269359,22
10,6,7,0.8933726095017933,22
10,7,8,0.808464283034915,22
10,8,9,0.7273796200752258,22
10,9,10,0.7430866133599054,22
11,1,2,0.7241573248590741,22
11,2,3,0.9096287063189915,22
11,3,4,0.9288245694977897,22
11,4,5,0.6340246153551907,22
11,5,6,0.599624460651761,22
11,6,7,0.9180562354269481,22
11,7,8,0.6179417279504594,22
11,8,9,0.8721299597195217,22
11,9,10,0.6917378703753153,22
0,1,2,0.9374527186155319,23
0,2,3,0.9739686910595212,23
0,3,4,0.9473674105746406,23
0,4,5,0.9477741931165967,23
0,5,6,0.9816288692610604,23
0,6,7,0.9715871449027743,23
0,7,8,0.9788014207567487,23
0,8,9,0.9807737022638321,23
0,9,10,0.9680838670049395,23
1,1,2,0.9382888440574918,23
1,2,3,0.9330967111246926,23
1,3,4,0.9214669764041901,23
1,4,5,0.9165867992809841,23
1,5,6,0.9374403974839619,23
1,6,7,0.9314615790333066,23
1,7,8,0.941833359854562,23
1,8,9,0.9301629172904151,23
1,9,10,0.9117346001522881,23
2,1,2,0.9142119139432907,23
2,2,3,0.9122780199561801,23
2,3,4,0.9094370560986655,23
2,4,5,0.919044743691172,23
2,5,6,0.9151695115225655,23
2,6,7,0.9218078234366008,23
2,7,8,0.9269157711948667,23
2,8,9,0.9108772916453225,23
2,9,10,0.8884769231081009,23
3,1,2,0.8514026616300855,23
3,2,3,0.9107011897223336,23
3,3,4,0.8645472356251308,23
3,4,5,0.8866025017840522,23
3,5,6,0.9074188811438424,23
3,6,7,0.9117488797221865,23
3,7,8,0.9199799937861306,23
3,8,9,0.8809508212975093,23
3,9,10,0.86625389116151,23
4,1,2,0.8587590754032135,23
4,2,3,0.9133721973214831,23
4,3,4,0.8879401151623044,23
4,4,5,0.9152988876615252,23
4,5,6,0.892820017678397,23
4,6,7,0.9015008296285357,23
4,7,8,0.9103487985474723,23
4,8,9,0.870647383587701,23
4,9,10,0.8766702477421079,23
5,1,2,0.8365203057016645,23
5,2,3,0.8980944284370967,23
5,3,4,0.8998043388128281,23
5,4,5,0.9134442274059568,23
5,5,6,0.868359237909317,23
5,6,7,0.8826184059892382,23
5,7,8,0.8948276085512978,23
5,8,9,0.8461176795618874,23
5,9,10,0.865929901599884,23
6,1,2,0.8118856570550373,23
6,2,3,0.8724706619977951,23
6,3,4,0.8925858459302357,23
6,4,5,0.9092975301401955,23
6,5,6,0.8500605693885258,23
6,6,7,0.8528835709605899,23
6,7,8,0.8742108579192843,23
6,8,9,0.8154534229210445,23
6,9,10,0.8274650616305215,23
7,1,2,0.7919755045856748,23
7,2,3,0.8599549531936646,23
7,3,4,0.8598161339759827,23
7,4,5,0.8812280978475299,23
7,5,6,0.8266477755137852,23
7,6,7,0.8485624641180038,23
7,7,8,0.8633666400398526,23
7,8,9,0.8062730814729419,23
7,9,10,0.810172608920506,23
8,1,2,0.7842403586421695,23
8,2,3,0.8330042042902538,23
8,3,4,0.8348409916673388,23
8,4,5,0.8659650023494448,23
8,5,6,0.8099429139069149,23
8,6,7,0.8009658839021411,23
8,7,8,0.8314260563680104,23
8,8,9,0.7907214611768723,23
8,9,10,0.7778144010475704,23
9,1,2,0.7355484877313886,23
9,2,3,0.8095049113035202,23
9,3,4,0.8149162765060153,23
9,4,5,0.7893038690090179,23
9,5,6,0.766352755682809,23
9,6,7,0.8133148891585213,23
9,7,8,0.806008123925754,23
9,8,9,0.7675636666161674,23
9,9,10,0.7216630109718868,23
10,1,2,0.6740725625838552,23
10,2,3,0.7564225345849991,23
10,3,4,0.7971288817269462,23
10,4,5,0.7799224214894431,23
10,5,6,0.7229811889784676,23
10,6,7,0.8846458345651627,23
10,7,8,0.8170007126671928,23
10,8,9,0.7190994971564838,23
10,9,10,0.69256905572755,23
11,1,2,0.7674535023314613,23
11,2,3,0.909136386854308,23
11,3,4,0.9175139793327877,23
11,4,5,0.7752473652362823,23
11,5,6,0.6250028471861567,23
11,6,7,0.9168935013668877,23
11,7,8,0.6600163312894958,23
11,8,9,0.8823775861944471,23
11,9,10,0.6351795316274677,23
0,1,2,0.9440185377995173,24
0,2,3,0.9753512061304517,24
0,3,4,0.9496465656492445,24
0,4,5,0.9519446806775199,24
0,5,6,0.9832274549537234,24
0,6,7,0.9730899383624395,24
0,7,8,0.9808152582910326,24
0,8,9,0.9829709529876709,24
0,9,10,0.9718106720182631,24
1,1,2,0.9439988748894798,24
1,2,3,0.9355496002568139,24
1,3,4,0.9248347514205508,24
1,4,5,0.9231636706325743,24
1,5,6,0.9420164078474045,24
1,6,7,0.9330696529812283,24
1,7,8,0.9446581419971254,24
1,8,9,0.9348480320639081,24
1,9,10,0.9207152674595515,24
2,1,2,0.9222409394052293,24
2,2,3,0.9151551077763239,24
2,3,4,0.9108491208818223,24
2,4,5,0.9226055989662806,24
2,5,6,0.920926903684934,24
2,6,7,0.9258247332440482,24
2,7,8,0.9321353634198507,24
2,8,9,0.9150894615385268,24
2,9,10,0.8981370528539022,24
3,1,2,0.8603327754471037,24
3,2,3,0.9134837571117613,24
3,3,4,0.8668009589115778,24
3,4,5,0.890074888865153,24
3,5,6,0.9127087924215529,24
3,6,7,0.9148368802335527,24
3,7,8,0.9249000797669092,24
3,8,9,0.8870157301425934,24
3,9,10,0.8760370512803396,24
4,1,2,0.868133619427681,24
4,2,3,0.9166991396082772,24
4,3,4,0.8881428523196114,24
4,4,5,0.9151016655895445,24
4,5,6,0.898176845577028,24
4,6,7,0.9050344030062357,24
4,7,8,0.9153974205255508,24
4,8,9,0.8755735523170896,24
4,9,10,0.882910379105144,24
5,1,2,0.8469157897763782,24
5,2,3,0.9012772755490409,24
5,3,4,0.8989006810718112,24
5,4,5,0.9141217122475306,24
5,5,6,0.8772001928753324,24
5,6,7,0.8870104865895377,24
5,7,8,0.9013201511568494,24
5,8,9,0.8509641604291068,24
5,9,10,0.8693496783574423,24
6,1,2,0.8277122610145144,24
6,2,3,0.8695082432693906,24
6,3,4,0.8898085157076517,24
6,4,5,0.9049599203798506,24
6,5,6,0.8556574152575599,24
6,6,7,0.8552856312857734,24
6,7,8,0.8797035382853614,24
6,8,9,0.8248280866278542,24
6,9,10,0.8337374329566956,24
7,1,2,0.8085185769531462,24
7,2,3,0.8568088693751229,24
7,3,4,0.8546764701604843,24
7,4,5,0.8737989018360773,24
7,5,6,0.8323516613907285,24
7,6,7,0.8511885520484712,24
7,7,8,0.8673665192392137,24
7,8,9,0.8098613255553775,24
7,9,10,0.8149143242173724,24
8,1,2,0.7944511108928256,24
8,2,3,0.8283454544014401,24
8,3,4,0.8244851479927698,24
8,4,5,0.8517863104740778,24
8,5,6,0.804468520813518,24
8,6,7,0.8104051815138923,24
8,7,8,0.8378213163879182,24
8,8,9,0.7980847590499454,24
8,9,10,0.7807313816414939,24
9,1,2,0.7469751205709245,24
9,2,3,0.8047798424959183,24
9,3,4,0.8031602303187052,24
9,4,5,0.7649666319290797,24
9,5,6,0.7476055771112442,24
9,6,7,0.8203435374630822,24
9,7,8,0.8102839638789495,24
9,8,9,0.7714391814337836,24
9,9,10,0.7263077414698071,24
10,1,2,0.691304913825459,24
10,2,3,0.7608684135807885,24
10,3,4,0.7807098494635688,24
10,4,5,0.7214442102445496,24
10,5,6,0.6970406853490405,24
10,6,7,0.8864559299416013,24
10,7,8,0.8124977052211761,24
10,8,9,0.7204588179787,24
10,9,10,0.6965867024328973,24
11,1,2,0.7503545590572887,24
11,2,3,0.907188657257292,24
11,3,4,0.9172028981977038,24
11,4,5,0.6597585207265284,24
11,5,6,0.5834084521565173,24
11,6,7,0.9288619839482837,24
11,7,8,0.7491037787662612,24
11,8,9,0.8923902412255605,24
11,9,10,0.6295567653659317,24
0,1,2,0.9457882543404897,25
0,2,3,0.9843082924683889,25
0,3,4,0.9467194577058157,25
0,4,5,0.950445423523585,25
0,5,6,0.9867449998855591,25
0,6,7,0.9711893896261851,25
0,7,8,0.9847366511821747,25
0,8,9,0.9796226720015208,25
0,9,10,0.9683399299780527,25
1,1,2,0.9432035485903422,25
1,2,3,0.943116158246994,25
1,3,4,0.912169337272644,25
1,4,5,0.91106050213178,25
1,5,6,0.9458309511343638,25
1,6,7,0.9259543418884277,25
1,7,8,0.9451068540414175,25
1,8,9,0.9292820592721304,25
1,9,10,0.9253770013650259,25
2,1,2,0.9184034069379171,25
2,2,3,0.9182500143845876,25
2,3,4,0.9004983603954315,25
2,4,5,0.9125188291072845,25
2,5,6,0.9175748527050018,25
2,6,7,0.9169310530026754,25
2,7,8,0.9315383533636729,25
2,8,9,0.9108997881412506,25
2,9,10,0.9020171761512756,25
3,1,2,0.8578494489192963,25
3,2,3,0.9134209354718527,25
3,3,4,0.8580289681752523,25
3,4,5,0.8758985698223114,25
3,5,6,0.9109627902507782,25
3,6,7,0.9063424368699392,25
3,7,8,0.9195630351702372,25
3,8,9,0.889286200205485,25
3,9,10,0.8820395469665527,25
4,1,2,0.864896426598231,25
4,2,3,0.9140982925891876,25
4,3,4,0.8775861064592997,25
4,4,5,0.9047994514306387,25
4,5,6,0.8973578910032908,25
4,6,7,0.8977563381195068,25
4,7,8,0.9136446615060171,25
4,8,9,0.8818275332450867,25
4,9,10,0.884786476691564,25
5,1,2,0.8417099912961324,25
5,2,3,0.9041638374328613,25
5,3,4,0.8936876555283865,25
5,4,5,0.908572256565094,25
5,5,6,0.8833492894967397,25
5,6,7,0.8854905366897583,25
5,7,8,0.8990277250607809,25
5,8,9,0.8596565028031667,25
5,9,10,0.8691314458847046,25
6,1,2,0.8195329308509827,25
6,2,3,0.8741891185442606,25
6,3,4,0.8928275803724924,25
6,4,5,0.9075345198313395,25
6,5,6,0.8617159227530161,25
6,6,7,0.8586279054482778,25
6,7,8,0.8830767273902893,25
6,8,9,0.8586050669352213,25
6,9,10,0.8386924763520559,25
7,1,2,0.8293680747350057,25
7,2,3,0.8751732508341471,25
7,3,4,0.8650390009085337,25
7,4,5,0.8800766865412394,25
7,5,6,0.8466678659121195,25
7,6,7,0.8509388168652853,25
7,7,8,0.8749734163284302,25
7,8,9,0.8426399230957031,25
7,9,10,0.8180692692597707,25
8,1,2,0.8138493001461029,25
8,2,3,0.8468426167964935,25
8,3,4,0.8426563541094462,25
8,4,5,0.8535051643848419,25
8,5,6,0.8301590184370676,25
8,6,7,0.8302820126215616,25
8,7,8,0.853340208530426,25
8,8,9,0.8398047288258871,25
8,9,10,0.7783752779165903,25
9,1,2,0.7507253487904867,25
9,2,3,0.8322069148222605,25
9,3,4,0.8034704029560089,25
9,4,5,0.8081066906452179,25
9,5,6,0.8006379008293152,25
9,6,7,0.8481865028540293,25
9,7,8,0.8376433749993643,25
9,8,9,0.8006525536378225,25
9,9,10,0.7532476981480917,25
10,1,2,0.7355542580286661,25
10,2,3,0.8092338939507803,25
10,3,4,0.7925649980703989,25
10,4,5,0.7689060171445211,25
10,5,6,0.7770823538303375,25
10,6,7,0.8964419662952423,25
10,7,8,0.8486771980921427,25
10,8,9,0.7747837603092194,25
10,9,10,0.6535029609998068,25
11,1,2,0.8323731124401093,25
11,2,3,0.9176832437515259,25
11,3,4,0.8995005389054617,25
11,4,5,0.8129325906435648,25
11,5,6,0.7412878175576528,25
11,6,7,0.9409631292025248,25
11,7,8,0.7689851621786753,25
11,8,9,0.9030327002207438,25
11,9,10,0.4946296140551567,25
0,1,2,0.9443644007047017,26
0,2,3,0.9763073921203613,26
0,3,4,0.954201853275299,26
0,4,5,0.9602961341540018,26
0,5,6,0.9874166488647461,26
0,6,7,0.9712614973386129,26
0,7,8,0.9843316713968913,26
0,8,9,0.9813952008883159,26
0,9,10,0.97187872727712,26
1,1,2,0.9434435685475667,26
1,2,3,0.9368765552838644,26
1,3,4,0.9247916499773662,26
1,4,5,0.9305303891499838,26
1,5,6,0.9504154364267985,26
1,6,7,0.9341026186943054,26
1,7,8,0.947318696975708,26
1,8,9,0.9359824220339458,26
1,9,10,0.9286566376686096,26
2,1,2,0.9186570525169373,26
2,2,3,0.9145782351493835,26
2,3,4,0.9102924307187398,26
2,4,5,0.9300506591796875,26
2,5,6,0.9280001997947693,26
2,6,7,0.923872955640157,26
2,7,8,0.9343168099721273,26
2,8,9,0.9186237732569377,26
2,9,10,0.909535268942515,26
3,1,2,0.8616554578145345,26
3,2,3,0.9096287926038106,26
3,3,4,0.8731109857559204,26
3,4,5,0.899865738550822,26
3,5,6,0.9167532086372375,26
3,6,7,0.9120242913564046,26
3,7,8,0.9257860740025838,26
3,8,9,0.8913803895314535,26
3,9,10,0.8883309642473857,26
4,1,2,0.865492566426595,26
4,2,3,0.9125681718190511,26
4,3,4,0.8881110906600952,26
4,4,5,0.9210483471552531,26
4,5,6,0.9016298810640971,26
4,6,7,0.9022074262301127,26
4,7,8,0.9150239189465841,26
4,8,9,0.8792208751042684,26
4,9,10,0.8909357825915019,26
5,1,2,0.8469581325848897,26
5,2,3,0.9016259749730428,26
5,3,4,0.9049493869145712,26
5,4,5,0.9238225022951762,26
5,5,6,0.8833898146947224,26
5,6,7,0.8863794803619385,26
5,7,8,0.9006522377332051,26
5,8,9,0.8516858498255412,26
5,9,10,0.8803379893302917,26
6,1,2,0.8251015623410543,26
6,2,3,0.8713441729545593,26
6,3,4,0.8944188674290975,26
6,4,5,0.9174741665522258,26
6,5,6,0.866917876402537,26
6,6,7,0.8582151611646016,26
6,7,8,0.8819743196169535,26
6,8,9,0.8220305641492208,26
6,9,10,0.8488684495290121,26
7,1,2,0.8168282548586527,26
7,2,3,0.8698055068651835,26
7,3,4,0.8639564236005147,26
7,4,5,0.8952051281929017,26
7,5,6,0.8470051964124043,26
7,6,7,0.855288561185201,26
7,7,8,0.872428297996521,26
7,8,9,0.8239079594612122,26
7,9,10,0.8296335577964783,26
8,1,2,0.8119994242986043,26
8,2,3,0.8401724457740783,26
8,3,4,0.8360541979471843,26
8,4,5,0.88732856909434,26
8,5,6,0.838494086265564,26
8,6,7,0.8264576673507691,26
8,7,8,0.8545623501141866,26
8,8,9,0.8102040886878967,26
8,9,10,0.8079188664754232,26
9,1,2,0.7706737915674845,26
9,2,3,0.825178615252177,26
9,3,4,0.8257688879966736,26
9,4,5,0.8283244331677755,26
9,5,6,0.7970758517583211,26
9,6,7,0.8319153269131978,26
9,7,8,0.8353986938794454,26
9,8,9,0.7884631156921387,26
9,9,10,0.7683722734451294,26
10,1,2,0.7372147878011067,26
10,2,3,0.7906248927116394,26
10,3,4,0.8040323416392009,26
10,4,5,0.8358730395634969,26
10,5,6,0.7612472295761108,26
10,6,7,0.8915858785311381,26
10,7,8,0.8504621744155884,26
10,8,9,0.7512413263320923,26
10,9,10,0.706335723400116,26
11,1,2,0.8093699455261231,26
11,2,3,0.9281436761220296,26
11,3,4,0.9269481857617696,26
11,4,5,0.787062160174052,26
11,5,6,0.6458493014176686,26
11,6,7,0.9159111062685649,26
11,7,8,0.6751865764458974,26
11,8,9,0.878484292825063,26
11,9,10,0.597484381000201,26
0,1,2,0.947024651368459,27
0,2,3,0.9746618310610453,27
0,3,4,0.9533547163009644,27
0,4,5,0.9536266366640727,27
0,5,6,0.9829790314038594,27
0,6,7,0.9808120171229044,27
0,7,8,0.9801859696706136,27
0,8,9,0.987265423933665,27
0,9,10,0.9778435627619425,27
1,1,2,0.9477642854054769,27
1,2,3,0.9350127180417379,27
1,3,4,0.9347414612770081,27
1,4,5,0.9307052175203959,27
1,5,6,0.9421030322710673,27
1,6,7,0.9461378177007039,27
1,7,8,0.9458635568618774,27
1,8,9,0.9374419609705608,27
1,9,10,0.9202474594116211,27
2,1,2,0.930723265806834,27
2,2,3,0.9163957715034485,27
2,3,4,0.9220102508862813,27
2,4,5,0.9309117992719015,27
2,5,6,0.925445306301117,27
2,6,7,0.9349629839261373,27
2,7,8,0.934928560256958,27
2,8,9,0.9165303428967794,27
2,9,10,0.8956509192784627,27
3,1,2,0.8741333206494649,27
3,2,3,0.9181192835172017,27
3,3,4,0.879530131816864,27
3,4,5,0.9021441260973613,27
3,5,6,0.9219832976659139,27
3,6,7,0.9253160039583842,27
3,7,8,0.9312233964602152,27
3,8,9,0.8867801467577616,27
3,9,10,0.8735971689224243,27
4,1,2,0.881454614798228,27
4,2,3,0.923628838857015,27
4,3,4,0.901617948214213,27
4,4,5,0.9253723422686259,27
4,5,6,0.908269755045573,27
4,6,7,0.9177381277084351,27
4,7,8,0.9233090480168661,27
4,8,9,0.8746771812438965,27
4,9,10,0.8828043540318807,27
5,1,2,0.8609352509180704,27
5,2,3,0.9075416286786397,27
5,3,4,0.9072250723838806,27
5,4,5,0.9222448547681172,27
5,5,6,0.8829081654548645,27
5,6,7,0.8988139708836873,27
5,7,8,0.9119109908739725,27
5,8,9,0.8543922026952108,27
5,9,10,0.8710298339525858,27
6,1,2,0.8426497459411622,27
6,2,3,0.8772586226463318,27
6,3,4,0.8916847189267476,27
6,4,5,0.9058543483416239,27
6,5,6,0.8612201730410258,27
6,6,7,0.8674573222796123,27
6,7,8,0.8889748771985372,27
6,8,9,0.8355717738469441,27
6,9,10,0.8367044687271118,27
7,1,2,0.8144395152727762,27
7,2,3,0.8556370933850607,27
7,3,4,0.8564646959304809,27
7,4,5,0.8761687040328979,27
7,5,6,0.8387436032295227,27
7,6,7,0.8671761234601338,27
7,7,8,0.8707831819852193,27
7,8,9,0.809506913026174,27
7,9,10,0.8157254695892334,27
8,1,2,0.7969793319702149,27
8,2,3,0.8284443696339925,27
8,3,4,0.8200699965159098,27
8,4,5,0.8533801674842835,27
8,5,6,0.8087977528572082,27
8,6,7,0.8146072665850321,27
8,7,8,0.8443114956219991,27
8,8,9,0.7916698018709819,27
8,9,10,0.776474118232727,27
9,1,2,0.7629826267560323,27
9,2,3,0.7932668288548788,27
9,3,4,0.800251058737437,27
9,4,5,0.7537419398625692,27
9,5,6,0.7404082139333089,27
9,6,7,0.8261542002360026,27
9,7,8,0.81318306128184,27
9,8,9,0.7511937618255615,27
9,9,10,0.6944366375605265,27
10,1,2,0.7013894041379293,27
10,2,3,0.7758333365122477,27
10,3,4,0.7892201503117879,27
10,4,5,0.701531058549881,27
10,5,6,0.6750838994979859,27
10,6,7,0.8910967667897542,27
10,7,8,0.8110670566558837,27
10,8,9,0.7010545194149017,27
10,9,10,0.709267795085907,27
11,1,2,0.7299413045247396,27
11,2,3,0.9012969096501668,27
11,3,4,0.9311144272486369,27
11,4,5,0.6209432888776064,27
11,5,6,0.5363821039597193,27
11,6,7,0.9475333213806152,27
11,7,8,0.7541031857331594,27
11,8,9,0.8976707021395366,27
11,9,10,0.5636670564611753,27
0,1,2,0.9514490507897877,28
0,2,3,0.979506702650161,28
0,3,4,0.9602624546913874,28
0,4,5,0.9653574512118385,28
0,5,6,0.9875066734495617,28
0,6,7,0.9731043435278393,28
0,7,8,0.9853825767834982,28
0,8,9,0.9821356279509408,28
0,9,10,0.9705493393398467,28
1,1,2,0.9506218603679112,28
1,2,3,0.9459965711548215,28
1,3,4,0.9334838730948312,28
1,4,5,0.9365562058630443,28
1,5,6,0.953114424433027,28
1,6,7,0.9380423540160769,28
1,7,8,0.9536613055637905,28
1,8,9,0.9397715755871364,28
1,9,10,0.9305260408492315,28
2,1,2,0.9279001184872219,28
2,2,3,0.9263073177564711,28
2,3,4,0.9202229437373933,28
2,4,5,0.9344924319358099,28
2,5,6,0.9325884977976481,28
2,6,7,0.9300772859936669,28
2,7,8,0.9403013927595956,28
2,8,9,0.9253162088848296,28
2,9,10,0.9134404290290106,28
3,1,2,0.8693254930632455,28
3,2,3,0.9213664673623585,28
3,3,4,0.8791729126657758,28
3,4,5,0.9018525594756717,28
3,5,6,0.9216282197407314,28
3,6,7,0.9205292803900582,28
3,7,8,0.9303184492247445,28
3,8,9,0.8983401230403355,28
3,9,10,0.8937024445760817,28
4,1,2,0.8762605616024562,28
4,2,3,0.9230310774984813,28
4,3,4,0.8973404310998463,28
4,4,5,0.9246786719276792,28
4,5,6,0.9068739584514073,28
4,6,7,0.9109337812378293,28
4,7,8,0.9197224350202651,28
4,8,9,0.8860689685458228,28
4,9,10,0.8969427460715884,28
5,1,2,0.8591661424863906,28
5,2,3,0.9099184501738775,28
5,3,4,0.9107145723842439,28
5,4,5,0.9251340769586109,28
5,5,6,0.8869491134371076,28
5,6,7,0.8899919277145749,28
5,7,8,0.9025244201932635,28
5,8,9,0.8607023812475658,28
5,9,10,0.8856464681171236,28
6,1,2,0.8320745400020054,28
6,2,3,0.8845491551217579,28
6,3,4,0.8995878299077352,28
6,4,5,0.9161639979907444,28
6,5,6,0.8646334069115775,28
6,6,7,0.8598984224455697,28
6,7,8,0.8836170775549752,28
6,8,9,0.8304889684631711,28
6,9,10,0.8425589714731488,28
7,1,2,0.818439415522984,28
7,2,3,0.877782438482557,28
7,3,4,0.8692246930939811,28
7,4,5,0.8879368702570597,28
7,5,6,0.8409737320173354,28
7,6,7,0.858119629678272,28
7,7,8,0.8767740471022469,28
7,8,9,0.8279350570269993,28
7,9,10,0.8307799327941168,28
8,1,2,0.8150755081857953,28
8,2,3,0.8483045867511204,28
8,3,4,0.8434407171748933,28
8,4,5,0.8730653808230445,28
8,5,6,0.8230173133668446,28
8,6,7,0.8274215544973101,28
8,7,8,0.8521426206543332,28
8,8,9,0.8149592819667998,28
8,9,10,0.8003005811146328,28
9,1,2,0.7686026834306263,28
9,2,3,0.834915938831511,28
9,3,4,0.8299915080978757,28
9,4,5,0.8076617547443935,28
9,5,6,0.7838195789427984,28
9,6,7,0.8347765916869754,28
9,7,8,0.8279210499354771,28
9,8,9,0.7964090194020953,28
9,9,10,0.7807684512365431,28
10,1,2,0.705540364696866,28
10,2,3,0.781950090612684,28
10,3,4,0.8102649280003139,28
10,4,5,0.7922981523332142,28
10,5,6,0.7476318393434797,28
10,6,7,0.893210130078452,28
10,7,8,0.8416127278691247,28
10,8,9,0.7529121438662211,28
10,9,10,0.7170328753335136,28
11,1,2,0.7861386055038089,28
11,2,3,0.9346132647423517,28
11,3,4,0.9245588041487194,28
11,4,5,0.7823686911946252,28
11,5,6,0.6396518988268716,28
11,6,7,0.9187608786991665,28
11,7,8,0.6933882335821787,28
11,8,9,0.887389844372159,28
11,9,10,0.6421621988217036,28
0,1,2,0.9699254870414734,29
0,2,3,0.9785117904345194,29
0,3,4,0.9772936900456747,29
0,4,5,0.9872263232866924,29
0,5,6,0.9934055089950562,29
0,6,7,0.9857161283493042,29
0,7,8,0.9890032887458802,29
0,8,9,0.9897921641667684,29
0,9,10,0.9834675073623658,29
1,1,2,0.968270194530487,29
1,2,3,0.9523915886878968,29
1,3,4,0.9601809461911519,29
1,4,5,0.9712711811065674,29
1,5,6,0.9691224217414856,29
1,6,7,0.9645719369252522,29
1,7,8,0.9660933415095011,29
1,8,9,0.9560881733894349,29
1,9,10,0.9504236857096354,29
2,1,2,0.9548033316930135,29
2,2,3,0.9406517545382181,29
2,3,4,0.9501407980918884,29
2,4,5,0.9680201530456543,29
2,5,6,0.9592774391174317,29
2,6,7,0.9553466200828552,29
2,7,8,0.9571531375249227,29
2,8,9,0.9427645881970723,29
2,9,10,0.9376256148020427,29
3,1,2,0.9141722838083903,29
3,2,3,0.9367819547653198,29
3,3,4,0.9212497433026632,29
3,4,5,0.945011560122172,29
3,5,6,0.9485662380854288,29
3,6,7,0.9426102439562479,29
3,7,8,0.9492558757464091,29
3,8,9,0.9168013532956442,29
3,9,10,0.9196805914243062,29
4,1,2,0.9171392480532329,29
4,2,3,0.9414203484853109,29
4,3,4,0.9286983251571655,29
4,4,5,0.9557761748631796,29
4,5,6,0.9396237214406331,29
4,6,7,0.9372757116953532,29
4,7,8,0.9426555871963501,29
4,8,9,0.9022795399030049,29
4,9,10,0.919938059647878,29
5,1,2,0.9025164683659871,29
5,2,3,0.9289180159568786,29
5,3,4,0.9352823217709859,29
5,4,5,0.954468293984731,29
5,5,6,0.9198984861373901,29
5,6,7,0.9151992758115133,29
5,7,8,0.9298717260360718,29
5,8,9,0.8826324899991354,29
5,9,10,0.9117282867431641,29
6,1,2,0.8771974484125773,29
6,2,3,0.9091778635978699,29
6,3,4,0.9210925658543905,29
6,4,5,0.9428610801696777,29
6,5,6,0.9005543669064839,29
6,6,7,0.8864770491917928,29
6,7,8,0.9155414422353109,29
6,8,9,0.8571922143300374,29
6,9,10,0.8789909521738688,29
7,1,2,0.8607219497362772,29
7,2,3,0.9003473162651062,29
7,3,4,0.8931723316510518,29
7,4,5,0.9228164990743001,29
7,5,6,0.8837637861569723,29
7,6,7,0.8941240866978963,29
7,7,8,0.9042110006014507,29
7,8,9,0.8579365134239196,29
7,9,10,0.8677667379379272,29
8,1,2,0.863407305876414,29
8,2,3,0.8722969690958658,29
8,3,4,0.8637558976809184,29
8,4,5,0.9090775807698568,29
8,5,6,0.8633845647176107,29
8,6,7,0.8611719687779744,29
8,7,8,0.8921696662902832,29
8,8,9,0.8438642581303915,29
8,9,10,0.8430806477864583,29
9,1,2,0.828831164042155,29
9,2,3,0.858278501033783,29
9,3,4,0.8588542739550272,29
9,4,5,0.858668327331543,29
9,5,6,0.8364638686180115,29
9,6,7,0.861207123597463,29
9,7,8,0.8690330028533936,29
9,8,9,0.8211686929066976,29
9,9,10,0.8218112468719483,29
10,1,2,0.7724021673202515,29
10,2,3,0.8092449744542439,29
10,3,4,0.8403147101402283,29
10,4,5,0.8593894521395365,29
10,5,6,0.79899822473526,29
10,6,7,0.9153427839279175,29
10,7,8,0.8790403445561726,29
10,8,9,0.7934996644655864,29
10,9,10,0.80422523021698,29
11,1,2,0.8238180120786031,29
11,2,3,0.9509054660797119,29
11,3,4,0.9567541042963664,29
11,4,5,0.8224407951037089,29
11,5,6,0.6830748736858367,29
11,6,7,0.9280224601427715,29
11,7,8,0.7300323804219564,29
11,8,9,0.8940196514129639,29
11,9,10,0.6754416247208913,29
0,1,2,0.9307299335797627,30
0,2,3,0.9730930089950561,30
0,3,4,0.9370769063631693,30
0,4,5,0.9381124814351399,30
0,5,6,0.9793738126754761,30
0,6,7,0.9670719941457112,30
0,7,8,0.9751246333122253,30
0,8,9,0.9786764780680338,30
0,9,10,0.9639387369155884,30
1,1,2,0.9317755023638408,30
1,2,3,0.9258172710736593,30
1,3,4,0.90849635998408,30
1,4,5,0.9034648855527242,30
1,5,6,0.9315121690432231,30
1,6,7,0.9214191714922587,30
1,7,8,0.9328465104103089,30
1,8,9,0.9247059345245361,30
1,9,10,0.9030394593874613,30
2,1,2,0.906463627020518,30
2,2,3,0.9024161616961162,30
2,3,4,0.8946254332860311,30
2,4,5,0.9065124948819479,30
2,5,6,0.906499195098877,30
2,6,7,0.9173627018928527,30
2,7,8,0.9179720362027486,30
2,8,9,0.9020225842793782,30
2,9,10,0.8789660970369975,30
3,1,2,0.8349740862846374,30
3,2,3,0.902755339940389,30
3,3,4,0.8451180179913839,30
3,4,5,0.8696410298347473,30
3,5,6,0.897986896832784,30
3,6,7,0.9057386676470439,30
3,7,8,0.9098264773686727,30
3,8,9,0.8771492123603821,30
3,9,10,0.8541371305783589,30
4,1,2,0.8414492448170979,30
4,2,3,0.9023302753766378,30
4,3,4,0.8708272218704224,30
4,4,5,0.9005912105242412,30
4,5,6,0.8821418642997741,30
4,6,7,0.8930889964103699,30
4,7,8,0.8981853365898133,30
4,8,9,0.8680874983469645,30
4,9,10,0.8644406874974568,30
5,1,2,0.8124075969060262,30
5,2,3,0.8864811499913533,30
5,3,4,0.885387122631073,30
5,4,5,0.8979896505673727,30
5,5,6,0.8567246119181315,30
5,6,7,0.8775312940279643,30
5,7,8,0.8825526674588521,30
5,8,9,0.8420125087102254,30
5,9,10,0.8524549086888631,30
6,1,2,0.7900828043619792,30
6,2,3,0.8466461380322774,30
6,3,4,0.8768207708994548,30
6,4,5,0.8894814332326253,30
6,5,6,0.8377120852470398,30
6,6,7,0.8438926100730896,30
6,7,8,0.8560805598894755,30
6,8,9,0.801336391766866,30
6,9,10,0.8145316163698832,30
7,1,2,0.7701753894488017,30
7,2,3,0.8367729266484578,30
7,3,4,0.843077552318573,30
7,4,5,0.8555346171061198,30
7,5,6,0.8113754192988077,30
7,6,7,0.8325387795766195,30
7,7,8,0.8461660861968994,30
7,8,9,0.7882195909818014,30
7,9,10,0.7882101813952128,30
8,1,2,0.7549278338750204,30
8,2,3,0.80453542470932,30
8,3,4,0.814171294371287,30
8,4,5,0.8298455158869426,30
8,5,6,0.7764764626820883,30
8,6,7,0.77147909005483,30
8,7,8,0.8061892708142598,30
8,8,9,0.7764426032702129,30
8,9,10,0.7627516905466716,30
9,1,2,0.6942758242289225,30
9,2,3,0.7794767061869303,30
9,3,4,0.7854698618253072,30
9,4,5,0.7319201469421387,30
9,5,6,0.6990525643030803,30
9,6,7,0.7876458088556926,30
9,7,8,0.778790028889974,30
9,8,9,0.759972620010376,30
9,9,10,0.6829280336697896,30
10,1,2,0.6272660990556082,30
10,2,3,0.7093985438346863,30
10,3,4,0.7501436789830526,30
10,4,5,0.6638951520125072,30
10,5,6,0.6448496242364248,30
10,6,7,0.8643737117449443,30
10,7,8,0.7745015064875285,30
10,8,9,0.6851198236147563,30
10,9,10,0.6402623196442921,30
11,1,2,0.6765806059042613,30
11,2,3,0.8866266409556071,30
11,3,4,0.8966199358304342,30
11,4,5,0.5777039382606745,30
11,5,6,0.541386749347051,30
11,6,7,0.9008265495300293,30
11,7,8,0.5633132527271907,30
11,8,9,0.8561104615529378,30
11,9,10,0.6484165410200755,30
0,1,2,0.949004488331931,31
0,2,3,0.9761162513778323,31
0,3,4,0.9584398184503827,31
0,4,5,0.9588850225721087,31
0,5,6,0.9848410856156122,31
0,6,7,0.9821282000768752,31
0,7,8,0.9803780345689683,31
0,8,9,0.9872348053114754,31
0,9,10,0.9775429793766567,31
1,1,2,0.9492194283576239,31
1,2,3,0.9384944779532296,31
1,3,4,0.9389818594569251,31
1,4,5,0.9346355483645484,31
1,5,6,0.9447093322163537,31
1,6,7,0.949391035806565,31
1,7,8,0.9483667782374791,31
1,8,9,0.938779197988056,31
1,9,10,0.9218744323367164,31
2,1,2,0.931941685222444,31
2,2,3,0.9210856698808216,31
2,3,4,0.9301952435856774,31
2,4,5,0.9367356839634123,31
2,5,6,0.9286360939343771,31
2,6,7,0.9380912071182614,31
2,7,8,0.9368327912830171,31
2,8,9,0.918644836970738,31
2,9,10,0.8989357579322088,31
3,1,2,0.8806563445499965,31
3,2,3,0.9212256357783363,31
3,3,4,0.8900493780771891,31
3,4,5,0.9100562930107117,31
3,5,6,0.9239372497513181,31
3,6,7,0.9275761275064378,31
3,7,8,0.930339807555789,31
3,8,9,0.8896279533704122,31
3,9,10,0.8795477520851862,31
4,1,2,0.885851073832739,31
4,2,3,0.9262757386480059,31
4,3,4,0.9088287098067147,31
4,4,5,0.9327293946629479,31
4,5,6,0.9109064567656744,31
4,6,7,0.920282088574909,31
4,7,8,0.9220347035498846,31
4,8,9,0.8774305752345494,31
4,9,10,0.8874154913993109,31
5,1,2,0.8642711894852775,31
5,2,3,0.9101860693522862,31
5,3,4,0.9140914139293489,31
5,4,5,0.9273799742971148,31
5,5,6,0.883058766523997,31
5,6,7,0.9009996766135806,31
5,7,8,0.9081667973881676,31
5,8,9,0.8571632277397883,31
5,9,10,0.8765806669280642,31
6,1,2,0.8386792001270112,31
6,2,3,0.8919483990896315,31
6,3,4,0.9048370577040172,31
6,4,5,0.9197438132195246,31
6,5,6,0.8665475873720079,31
6,6,7,0.86985939457303,31
6,7,8,0.8890806720370338,31
6,8,9,0.8381959001223246,31
6,9,10,0.8425575636682057,31
7,1,2,0.8151217840966725,31
7,2,3,0.8737080012048993,31
7,3,4,0.8757286128543672,31
7,4,5,0.8913320927392869,31
7,5,6,0.843743432135809,31
7,6,7,0.870291755312965,31
7,7,8,0.8728909946623302,31
7,8,9,0.8180546703792754,31
7,9,10,0.8228308813912528,31
8,1,2,0.8091568577857244,31
8,2,3,0.848429486865089,31
8,3,4,0.8465338292576018,31
8,4,5,0.8700799629801795,31
8,5,6,0.8196903836159479,31
8,6,7,0.8215569030670893,31
8,7,8,0.8464974704242888,31
8,8,9,0.8002320584796724,31
8,9,10,0.7883610469954354,31
9,1,2,0.7635487800552732,31
9,2,3,0.8190136807305473,31
9,3,4,0.8223805172102792,31
9,4,5,0.7947167356808981,31
9,5,6,0.7870617225056603,31
9,6,7,0.8307187103089833,31
9,7,8,0.8140422418003991,31
9,8,9,0.7669079843021575,31
9,9,10,0.7225993531090873,31
10,1,2,0.7050445548125676,31
10,2,3,0.7917499230021522,31
10,3,4,0.8214102302278791,31
10,4,5,0.7848397124381292,31
10,5,6,0.728106521424793,31
10,6,7,0.8980101517268589,31
10,7,8,0.8260023139771961,31
10,8,9,0.7280697155566442,31
10,9,10,0.7309900834446862,31
11,1,2,0.7818422544570196,31
11,2,3,0.9153080667768206,31
11,3,4,0.9376027839524406,31
11,4,5,0.8349866753532773,31
11,5,6,0.6201711509908948,31
11,6,7,0.93482658408937,31
11,7,8,0.648787457318533,31
11,8,9,0.887093084199088,31
11,9,10,0.6111358783784366,31
0,1,2,0.9399958610534668,32
0,2,3,0.9718892633914947,32
0,3,4,0.9460221409797669,32
0,4,5,0.945792680978775,32
0,5,6,0.9801470100879669,32
0,6,7,0.9785586953163147,32
0,7,8,0.9775400400161743,32
0,8,9,0.9859952211380005,32
0,9,10,0.9755042254924774,32
1,1,2,0.9416204333305359,32
1,2,3,0.9286009728908539,32
1,3,4,0.9273438572883606,32
1,4,5,0.9233110785484314,32
1,5,6,0.9394992411136627,32
1,6,7,0.9423247039318084,32
1,7,8,0.9422001361846923,32
1,8,9,0.9380972564220429,32
1,9,10,0.9198555707931518,32
2,1,2,0.9231231033802032,32
2,2,3,0.9084849774837493,32
2,3,4,0.9136942267417908,32
2,4,5,0.9244699239730835,32
2,5,6,0.9224302113056183,32
2,6,7,0.9328181028366089,32
2,7,8,0.9312228977680206,32
2,8,9,0.9175607025623321,32
2,9,10,0.8925853133201599,32
3,1,2,0.862597006559372,32
3,2,3,0.9119340121746063,32
3,3,4,0.8704819321632385,32
3,4,5,0.8977334141731262,32
3,5,6,0.9200910687446594,32
3,6,7,0.9245382428169251,32
3,7,8,0.9298530995845795,32
3,8,9,0.8932080805301666,32
3,9,10,0.874669325351715,32
4,1,2,0.8699099123477936,32
4,2,3,0.9184052169322967,32
4,3,4,0.8930608987808227,32
4,4,5,0.9214867413043976,32
4,5,6,0.9043967366218567,32
4,6,7,0.9175218939781189,32
4,7,8,0.9206496894359588,32
4,8,9,0.876992791891098,32
4,9,10,0.882312434911728,32
5,1,2,0.8509412348270416,32
5,2,3,0.9022252678871154,32
5,3,4,0.8996981084346771,32
5,4,5,0.9177966058254242,32
5,5,6,0.8760267972946167,32
5,6,7,0.9000442028045654,32
5,7,8,0.9104309797286987,32
5,8,9,0.8548007249832154,32
5,9,10,0.8699007332324982,32
6,1,2,0.8384625911712646,32
6,2,3,0.8699664533138275,32
6,3,4,0.8855929672718048,32
6,4,5,0.902647203207016,32
6,5,6,0.8554946720600128,32
6,6,7,0.8678841710090637,32
6,7,8,0.8861931681632995,32
6,8,9,0.8351529836654663,32
6,9,10,0.8320093035697937,32
7,1,2,0.8139691174030304,32
7,2,3,0.8461433589458466,32
7,3,4,0.8493288934230805,32
7,4,5,0.8732067525386811,32
7,5,6,0.8325076162815094,32
7,6,7,0.8640418231487275,32
7,7,8,0.8644009172916413,32
7,8,9,0.8057591676712036,32
7,9,10,0.8162469744682312,32
8,1,2,0.7831526935100556,32
8,2,3,0.8185427904129028,32
8,3,4,0.8103931427001954,32
8,4,5,0.8533683061599732,32
8,5,6,0.7974712073802948,32
8,6,7,0.8084738314151764,32
8,7,8,0.8354749977588654,32
8,8,9,0.7879967272281647,32
8,9,10,0.7740058660507202,32
9,1,2,0.7538764774799347,32
9,2,3,0.7834796905517578,32
9,3,4,0.7909700930118561,32
9,4,5,0.7457934141159057,32
9,5,6,0.7235011279582977,32
9,6,7,0.8204525411128998,32
9,7,8,0.8065946757793426,32
9,8,9,0.7598878562450408,32
9,9,10,0.6848201751708984,32
10,1,2,0.68045973777771,32
10,2,3,0.7610996007919312,32
10,3,4,0.77319375872612,32
10,4,5,0.6889181464910508,32
10,5,6,0.6470234572887421,32
10,6,7,0.8846840858459473,32
10,7,8,0.7987279534339905,32
10,8,9,0.6875530630350113,32
10,9,10,0.7071409702301026,32
11,1,2,0.7029722094535827,32
11,2,3,0.8896484196186065,32
11,3,4,0.9237112522125244,32
11,4,5,0.6107129991054535,32
11,5,6,0.5286259174346923,32
11,6,7,0.9464038252830506,32
11,7,8,0.7314204722642899,32
11,8,9,0.8969619393348693,32
11,9,10,0.6507069855928421,32
0,1,2,0.9433676472731999,33
0,2,3,0.9773020935910088,33
0,3,4,0.9481402848448072,33
0,4,5,0.9503547421523503,33
0,5,6,0.9826269660677228,33
0,6,7,0.9726056009531021,33
0,7,8,0.9791319710867745,33
0,8,9,0.9818495661020279,33
0,9,10,0.9683554534401212,33
1,1,2,0.9430845507553646,33
1,2,3,0.9371019772120884,33
1,3,4,0.9229560026100704,33
1,4,5,0.9193974265030452,33
1,5,6,0.940122589468956,33
1,6,7,0.9319064574582236,33
1,7,8,0.9424534865788051,33
1,8,9,0.9318687043019703,33
1,9,10,0.9131811857223511,33
2,1,2,0.9217907509633473,33
2,2,3,0.9167488515377045,33
2,3,4,0.9110821868692126,33
2,4,5,0.9210742328848157,33
2,5,6,0.918555349111557,33
2,6,7,0.9261457941361836,33
2,7,8,0.9288507146494729,33
2,8,9,0.9115355078663144,33
2,9,10,0.8916084127766746,33
3,1,2,0.8576891805444445,33
3,2,3,0.9158901210342135,33
3,3,4,0.8654629375253405,33
3,4,5,0.8861574743475232,33
3,5,6,0.9102869267974582,33
3,6,7,0.9139926156827382,33
3,7,8,0.9200296529701778,33
3,8,9,0.8832277932337352,33
3,9,10,0.8673979192972183,33
4,1,2,0.864130539553506,33
4,2,3,0.916427344083786,33
4,3,4,0.8894347761358533,33
4,4,5,0.9144585068736758,33
4,5,6,0.8960051153387342,33
4,6,7,0.9024832206112998,33
4,7,8,0.9115131327084133,33
4,8,9,0.8751817473343441,33
4,9,10,0.8766181000641414,33
5,1,2,0.839163812143462,33
5,2,3,0.9012379731450763,33
5,3,4,0.9011882373264858,33
5,4,5,0.9126885214022228,33
5,5,6,0.8710577275071826,33
5,6,7,0.8834192688976016,33
5,7,8,0.8965779521635601,33
5,8,9,0.8546906049762454,33
5,9,10,0.8656164812190192,33
6,1,2,0.8156077350888934,33
6,2,3,0.8669909898723874,33
6,3,4,0.8916154886995044,33
6,4,5,0.9031802351985659,33
6,5,6,0.8513861021825245,33
6,6,7,0.8532613409417016,33
6,7,8,0.8717307086501803,33
6,8,9,0.8209465550524848,33
6,9,10,0.826644995382854,33
7,1,2,0.7954462000301906,33
7,2,3,0.858365678361484,33
7,3,4,0.8615268958466393,33
7,4,5,0.8711107735122953,33
7,5,6,0.8259359917470387,33
7,6,7,0.8494420370885304,33
7,7,8,0.8653697179896491,33
7,8,9,0.8107990473508835,33
7,9,10,0.8053234879459653,33
8,1,2,0.7886735073157719,33
8,2,3,0.827499195933342,33
8,3,4,0.8364863800151008,33
8,4,5,0.8485839601073947,33
8,5,6,0.7966756969690323,33
8,6,7,0.797103790300233,33
8,7,8,0.8320667850119727,33
8,8,9,0.7996404405151095,33
8,9,10,0.777370314512934,33
9,1,2,0.7313506305217743,33
9,2,3,0.806884012051991,33
9,3,4,0.8098273830754417,33
9,4,5,0.7608999354498727,33
9,5,6,0.7304844558238983,33
9,6,7,0.8125641431127276,33
9,7,8,0.8055839325700488,33
9,8,9,0.7700352030141013,33
9,9,10,0.7167246512004307,33
10,1,2,0.6675122348325593,33
10,2,3,0.7445439589875085,33
10,3,4,0.7760676507438932,33
10,4,5,0.7053288615175656,33
10,5,6,0.6821155399084091,33
10,6,7,0.8829028457403183,33
10,7,8,0.8052777626684734,33
10,8,9,0.7188307685511452,33
10,9,10,0.6803715984736171,33
11,1,2,0.716367424598762,33
11,2,3,0.906902443085398,33
11,3,4,0.9122300573757717,33
11,4,5,0.6336154438821333,33
11,5,6,0.5961989244180066,33
11,6,7,0.9143670414175306,33
11,7,8,0.6466914495187146,33
11,8,9,0.8758785064731326,33
11,9,10,0.5962263997644186,33
0,1,2,0.9474606083499061,34
0,2,3,0.9778637472126219,34
0,3,4,0.9511186960670683,34
0,4,5,0.9545004980431663,34
0,5,6,0.9842180990510516,34
0,6,7,0.9747816224892935,34
0,7,8,0.9806436714198854,34
0,8,9,0.9831181698375278,34
0,9,10,0.9711448434326384,34
1,1,2,0.9467326021856732,34
1,2,3,0.9393000089459949,34
1,3,4,0.9271032379733192,34
1,4,5,0.9259471429718865,34
1,5,6,0.9448694868220223,34
1,6,7,0.9369125448995166,34
1,7,8,0.9457375357548395,34
1,8,9,0.9358948734071519,34
1,9,10,0.9201030979553858,34
2,1,2,0.9265368249681261,34
2,2,3,0.9200076046917174,34
2,3,4,0.9157992055018743,34
2,4,5,0.9266704221566519,34
2,5,6,0.9245917068587409,34
2,6,7,0.9305300960938135,34
2,7,8,0.9337293207645416,34
2,8,9,0.915988576081064,34
2,9,10,0.8988939391242133,34
3,1,2,0.8657924483219782,34
3,2,3,0.9183741741710238,34
3,3,4,0.8720118784242206,34
3,4,5,0.8934539076354768,34
3,5,6,0.9161113732390933,34
3,6,7,0.9179633922047086,34
3,7,8,0.9248796866999732,34
3,8,9,0.8898755924569236,34
3,9,10,0.8761313541067971,34
4,1,2,0.8719604578283098,34
4,2,3,0.9195850739876429,34
4,3,4,0.8934209992488226,34
4,4,5,0.9191833568943871,34
4,5,6,0.9024523281388812,34
4,6,7,0.907573358880149,34
4,7,8,0.916767997874154,34
4,8,9,0.8806518415609995,34
4,9,10,0.882657872305976,34
5,1,2,0.8484344283739725,34
5,2,3,0.9047488884793388,34
5,3,4,0.9045964943038093,34
5,4,5,0.9180360933144888,34
5,5,6,0.8784865025016997,34
5,6,7,0.8896777596738603,34
5,7,8,0.9030499358971914,34
5,8,9,0.8599078953266144,34
5,9,10,0.8705826749404272,34
6,1,2,0.8257275703880522,34
6,2,3,0.8718962056769265,34
6,3,4,0.8964221394724317,34
6,4,5,0.9097452329264747,34
6,5,6,0.8601396862003539,34
6,6,7,0.8593525191148123,34
6,7,8,0.879363606373469,34
6,8,9,0.8296630531549454,34
6,9,10,0.8341761612229877,34
7,1,2,0.8078713450166914,34
7,2,3,0.862965852022171,34
7,3,4,0.8663647042380439,34
7,4,5,0.8786035792695152,34
7,5,6,0.8361494524611367,34
7,6,7,0.8556951996352937,34
7,7,8,0.8720892916123072,34
7,8,9,0.8200128641393449,34
7,9,10,0.8151212053166496,34
8,1,2,0.800702217552397,34
8,2,3,0.8339236362112893,34
8,3,4,0.84176438053449,34
8,4,5,0.8563251561588712,34
8,5,6,0.8070544931623671,34
8,6,7,0.8079989718066322,34
8,7,8,0.841717004776001,34
8,8,9,0.8098201420572069,34
8,9,10,0.7850141624609629,34
9,1,2,0.7450275404585732,34
9,2,3,0.8127089126242532,34
9,3,4,0.8146346012751261,34
9,4,5,0.7761013921764162,34
9,5,6,0.7477951877646976,34
9,6,7,0.821155791481336,34
9,7,8,0.8156458934148153,34
9,8,9,0.7775762379169464,34
9,9,10,0.72757421930631,34
10,1,2,0.6876945421099663,34
10,2,3,0.7562711106406318,34
10,3,4,0.7823447204298444,34
10,4,5,0.725049233271016,34
10,5,6,0.6984069231483672,34
10,6,7,0.8896583616733551,34
10,7,8,0.8170926620562872,34
10,8,9,0.7329925414588716,34
10,9,10,0.6966410237881873,34
11,1,2,0.7377291926079326,34
11,2,3,0.9097092946370443,34
11,3,4,0.9175554464260737,34
11,4,5,0.6605161909634868,34
11,5,6,0.6222045599586434,34
11,6,7,0.9197522981299294,34
11,7,8,0.658646959811449,34
11,8,9,0.8779945224523544,34
11,9,10,0.6118361910598146,34
0,1,2,0.9339749177296957,35
0,2,3,0.9728610793749491,35
0,3,4,0.9371584216753642,35
0,4,5,0.9389430363972981,35
0,5,6,0.9795576373736063,35
0,6,7,0.9687905232111613,35
0,7,8,0.9776531100273133,35
0,8,9,0.979124903678894,35
0,9,10,0.9653571724891663,35
1,1,2,0.9348754763603211,35
1,2,3,0.9291577537854513,35
1,3,4,0.9101266105969746,35
1,4,5,0.9070048769315083,35
1,5,6,0.9326211810112,35
1,6,7,0.9242565870285034,35
1,7,8,0.9373529314994812,35
1,8,9,0.9254537542661031,35
1,9,10,0.904614520072937,35
2,1,2,0.9108983000119527,35
2,2,3,0.9073034604390462,35
2,3,4,0.8977660218874614,35
2,4,5,0.9100262721379598,35
2,5,6,0.9075887481371562,35
2,6,7,0.9155186414718628,35
2,7,8,0.9237993200620015,35
2,8,9,0.9041641831398011,35
2,9,10,0.8805356740951538,35
3,1,2,0.8433993299802144,35
3,2,3,0.9051446795463562,35
3,3,4,0.8518843332926432,35
3,4,5,0.8751855731010437,35
3,5,6,0.900393831729889,35
3,6,7,0.9021535356839497,35
3,7,8,0.9162794192632039,35
3,8,9,0.8727574626604716,35
3,9,10,0.85560302734375,35
4,1,2,0.8527613639831543,35
4,2,3,0.908511741956075,35
4,3,4,0.877560027440389,35
4,4,5,0.9072275837262471,35
4,5,6,0.8866426269213359,35
4,6,7,0.8910621325174968,35
4,7,8,0.9101958314577738,35
4,8,9,0.8637033979098002,35
4,9,10,0.866520631313324,35
5,1,2,0.8285155177116394,35
5,2,3,0.894812798500061,35
5,3,4,0.8933168609937032,35
5,4,5,0.9100200573603312,35
5,5,6,0.8630815148353577,35
5,6,7,0.8731044928232828,35
5,7,8,0.898474931716919,35
5,8,9,0.8421131292978923,35
5,9,10,0.8526869455973307,35
6,1,2,0.8083363016446431,35
6,2,3,0.8592454512914022,35
6,3,4,0.8915432214736938,35
6,4,5,0.911023223400116,35
6,5,6,0.8471284508705139,35
6,6,7,0.8436828335126241,35
6,7,8,0.8746305545171101,35
6,8,9,0.8139034787813823,35
6,9,10,0.8194307764371236,35
7,1,2,0.7918175896008809,35
7,2,3,0.8527027527491252,35
7,3,4,0.8570278326670329,35
7,4,5,0.8845996022224426,35
7,5,6,0.8264648914337158,35
7,6,7,0.8426855206489563,35
7,7,8,0.8699276367823283,35
7,8,9,0.8096159140268961,35
7,9,10,0.805191425482432,35
8,1,2,0.787890636920929,35
8,2,3,0.8278170228004456,35
8,3,4,0.8370056430498759,35
8,4,5,0.8750356952349345,35
8,5,6,0.8153042475382487,35
8,6,7,0.798742965857188,35
8,7,8,0.8408362706502278,35
8,8,9,0.8009730855623881,35
8,9,10,0.7710972905158997,35
9,1,2,0.7309180577596028,35
9,2,3,0.8043446103731792,35
9,3,4,0.8179975509643554,35
9,4,5,0.806433912118276,35
9,5,6,0.7671500484148661,35
9,6,7,0.8083401203155518,35
9,7,8,0.8217171907424927,35
9,8,9,0.7608484625816345,35
9,9,10,0.7019635955492656,35
10,1,2,0.6898155808448792,35
10,2,3,0.7467519680658976,35
10,3,4,0.7886902372042338,35
10,4,5,0.8019564549128214,35
10,5,6,0.7292304674784342,35
10,6,7,0.8922513047854106,35
10,7,8,0.8277921795845031,35
10,8,9,0.7400079607963562,35
10,9,10,0.6809131582578023,35
11,1,2,0.7834961136182149,35
11,2,3,0.8975517630577088,35
11,3,4,0.912040642897288,35
11,4,5,0.7635435819625854,35
11,5,6,0.7023647467295329,35
11,6,7,0.9196047782897949,35
11,7,8,0.7219461341698964,35
11,8,9,0.8815708080927531,35
11,9,10,0.568554004530112,35
0,1,2,0.9435024559497833,36
0,2,3,0.976422478045736,36
0,3,4,0.9479105408702578,36
0,4,5,0.9503513830048698,36
0,5,6,0.9830942175218037,36
0,6,7,0.9737564282757896,36
0,7,8,0.9800179153680801,36
0,8,9,0.9815739818981716,36
0,9,10,0.9688570605857032,36
1,1,2,0.9430641425507409,36
1,2,3,0.9365645157439368,36
1,3,4,0.9224585975919452,36
1,4,5,0.9202281534671783,36
1,5,6,0.9414337085826057,36
1,6,7,0.9356240332126617,36
1,7,8,0.944712255682264,36
1,8,9,0.9327114650181362,36
1,9,10,0.9148616130862918,36
2,1,2,0.9212880049433027,36
2,2,3,0.9169996487242835,36
2,3,4,0.9124621834073748,36
2,4,5,0.922484753387315,36
2,5,6,0.9194717364651817,36
2,6,7,0.9268628805875778,36
2,7,8,0.9313794842788151,36
2,8,9,0.912515008023807,36
2,9,10,0.892830782702991,36
3,1,2,0.8598723113536835,36
3,2,3,0.9147744306496212,36
3,3,4,0.8680808693170547,36
3,4,5,0.8893562938485827,36
3,5,6,0.9114791197436196,36
3,6,7,0.9141619397061211,36
3,7,8,0.922283723950386,36
3,8,9,0.8846349375588554,36
3,9,10,0.8705245362860816,36
4,1,2,0.8667132620300565,36
4,2,3,0.9171675401074546,36
4,3,4,0.8904602059296199,36
4,4,5,0.9175984220845359,36
4,5,6,0.8979182349784034,36
4,6,7,0.9037115701607296,36
4,7,8,0.9143935037510735,36
4,8,9,0.8751872884375709,36
4,9,10,0.8782408939940589,36
5,1,2,0.8425337459359851,36
5,2,3,0.9022707023790905,36
5,3,4,0.9026518080915723,36
5,4,5,0.9172812827995845,36
5,5,6,0.873139059969357,36
5,6,7,0.8855243495532444,36
5,7,8,0.9001660048961639,36
5,8,9,0.8530670383146831,36
5,9,10,0.8656825295516423,36
6,1,2,0.8176931100232261,36
6,2,3,0.8735031102384839,36
6,3,4,0.8991902129990714,36
6,4,5,0.915440748844828,36
6,5,6,0.8575092873403004,36
6,6,7,0.8551735281944275,36
6,7,8,0.8778961769172123,36
6,8,9,0.8237269605909076,36
6,9,10,0.8304843178817204,36
7,1,2,0.8014940172433853,36
7,2,3,0.8656127559287208,36
7,3,4,0.8691198783261436,36
7,4,5,0.8860527873039246,36
7,5,6,0.833761528134346,36
7,6,7,0.8523367366620472,36
7,7,8,0.8714140291724887,36
7,8,9,0.818232964192118,36
7,9,10,0.8145198055676052,36
8,1,2,0.7983398373637881,36
8,2,3,0.8398542702198029,36
8,3,4,0.8478417290108544,36
8,4,5,0.8684941615377154,36
8,5,6,0.8136950113943645,36
8,6,7,0.8051390392439706,36
8,7,8,0.8409551020179477,36
8,8,9,0.8077423593827656,36
8,9,10,0.7825613830770765,36
9,1,2,0.7405023170369012,36
9,2,3,0.8185593613556453,36
9,3,4,0.8217677921056747,36
9,4,5,0.8003005129950387,36
9,5,6,0.7724556071417672,36
9,6,7,0.8174847045115062,36
9,7,8,0.8170253336429596,36
9,8,9,0.7733652336256844,36
9,9,10,0.7257097469908851,36
10,1,2,0.6921837510807174,36
10,2,3,0.7609194495848247,36
10,3,4,0.7957850439207894,36
10,4,5,0.7831429477248874,36
10,5,6,0.7291215466601508,36
10,6,7,0.893260298030717,36
10,7,8,0.8271110653877258,36
10,8,9,0.7387290192501885,36
10,9,10,0.7014146383319583,36
11,1,2,0.7750000655651093,36
11,2,3,0.9091538786888123,36
11,3,4,0.9174160638025829,36
11,4,5,0.7785869687795639,36
11,5,6,0.7045293748378754,36
11,6,7,0.9171084186860493,36
11,7,8,0.6512749599558967,36
11,8,9,0.8770683812243598,36
11,9,10,0.6147337494684117,36
0,1,2,0.9583591903959002,37
0,2,3,0.9769704483804249,37
0,3,4,0.9602481439000085,37
0,4,5,0.9634178110531398,37
0,5,6,0.9856295585632324,37
0,6,7,0.9825701883860997,37
0,7,8,0.9821871717770895,37
0,8,9,0.9892179313160124,37
0,9,10,0.9793921709060669,37
1,1,2,0.9577400286992391,37
1,2,3,0.9437016873132615,37
1,3,4,0.9433874828474862,37
1,4,5,0.9427853311811175,37
1,5,6,0.949998866944086,37
1,6,7,0.95179721003487,37
1,7,8,0.9531706003915696,37
1,8,9,0.9457791504405794,37
1,9,10,0.9290487056686765,37
2,1,2,0.9435675740242004,37
2,2,3,0.929860722450983,37
2,3,4,0.9335633175713676,37
2,4,5,0.9409697226115635,37
2,5,6,0.9347419426554725,37
2,6,7,0.9442325262796312,37
2,7,8,0.9445693719954718,37
2,8,9,0.9254750637781053,37
2,9,10,0.9097100184077308,37
3,1,2,0.8891308165731884,37
3,2,3,0.9294374301320031,37
3,3,4,0.8902306187720526,37
3,4,5,0.9097736648150853,37
3,5,6,0.9268419600668407,37
3,6,7,0.9313199264662606,37
3,7,8,0.937614673659915,37
3,8,9,0.8966655390603202,37
3,9,10,0.8864069325583321,37
4,1,2,0.897690202508654,37
4,2,3,0.9321305893716358,37
4,3,4,0.9106182484399705,37
4,4,5,0.9321097788356599,37
4,5,6,0.9153583730970111,37
4,6,7,0.9217335439863659,37
4,7,8,0.9302662838073004,37
4,8,9,0.8867037835575285,37
4,9,10,0.8926289791152591,37
5,1,2,0.8754967451095581,37
5,2,3,0.9148777439480736,37
5,3,4,0.9152958733694894,37
5,4,5,0.9284608506021046,37
5,5,6,0.892816648596809,37
5,6,7,0.9019429513386318,37
5,7,8,0.916716958795275,37
5,8,9,0.8668657711574009,37
5,9,10,0.8783205378623236,37
6,1,2,0.8556083752995446,37
6,2,3,0.8849356770515442,37
6,3,4,0.9063509021486554,37
6,4,5,0.9176732755842663,37
6,5,6,0.8723054528236389,37
6,6,7,0.8688227193696159,37
6,7,8,0.8960027666318984,37
6,8,9,0.8357718757220677,37
6,9,10,0.8479787707328796,37
7,1,2,0.8287865235691979,37
7,2,3,0.8680569245701745,37
7,3,4,0.8733297018777757,37
7,4,5,0.8852787074588594,37
7,5,6,0.8485825288863409,37
7,6,7,0.8691789649781727,37
7,7,8,0.8856471180915833,37
7,8,9,0.8259606843902951,37
7,9,10,0.8312877104395912,37
8,1,2,0.8224746897107079,37
8,2,3,0.839594977242606,37
8,3,4,0.8441578036262876,37
8,4,5,0.8568948535692125,37
8,5,6,0.8117254518327259,37
8,6,7,0.8178715989703224,37
8,7,8,0.849567691485087,37
8,8,9,0.812268146446773,37
8,9,10,0.7970217012223744,37
9,1,2,0.7694998922802153,37
9,2,3,0.8154688392366681,37
9,3,4,0.8162016414460682,37
9,4,5,0.768950240952628,37
9,5,6,0.7525679980005536,37
9,6,7,0.8274643761771066,37
9,7,8,0.8151373636154902,37
9,8,9,0.7731460503169468,37
9,9,10,0.7379022439320883,37
10,1,2,0.7170753280321757,37
10,2,3,0.7629627131280445,37
10,3,4,0.7857919817879087,37
10,4,5,0.7043042154539199,37
10,5,6,0.6962553745224362,37
10,6,7,0.8980868288448879,37
10,7,8,0.8120932749339512,37
10,8,9,0.732940015338716,37
10,9,10,0.7457070606095451,37
11,1,2,0.7483093454724267,37
11,2,3,0.9118111445790246,37
11,3,4,0.9312100694293067,37
11,4,5,0.6148440967358294,37
11,5,6,0.6044351025706246,37
11,6,7,0.9280090360414415,37
11,7,8,0.7302867273489634,37
11,8,9,0.8878723638398307,37
11,9,10,0.6216059820283026,37
0,1,2,0.9809800346692403,38
0,2,3,0.9831687609354655,38
0,3,4,0.9817243138949077,38
0,4,5,0.9925136804580689,38
0,5,6,0.9941689054171244,38
0,6,7,0.9867496728897095,38
0,7,8,0.9898444692293803,38
0,8,9,0.9912803808848063,38
0,9,10,0.9839327057202657,38
1,1,2,0.977105728785197,38
1,2,3,0.9620942036310832,38
1,3,4,0.9660276651382447,38
1,4,5,0.9772512276967367,38
1,5,6,0.9753427465756734,38
1,6,7,0.9672228813171386,38
1,7,8,0.9707953850428264,38
1,8,9,0.9639719525973002,38
1,9,10,0.957809062798818,38
2,1,2,0.9654406706492106,38
2,2,3,0.9511129101117451,38
2,3,4,0.95639595190684,38
2,4,5,0.9698150634765625,38
2,5,6,0.9665987332661946,38
2,6,7,0.9649003664652507,38
2,7,8,0.9630929152170817,38
2,8,9,0.9488730708758036,38
2,9,10,0.9457808852195739,38
3,1,2,0.9176759958267212,38
3,2,3,0.9458335002263387,38
3,3,4,0.9185226837793986,38
3,4,5,0.9406911691029867,38
3,5,6,0.9528507510821025,38
3,6,7,0.950464379787445,38
3,7,8,0.9523348490397135,38
3,8,9,0.9283936897913615,38
3,9,10,0.9275854587554931,38
4,1,2,0.9224116603533427,38
4,2,3,0.9468486905097961,38
4,3,4,0.9293067455291748,38
4,4,5,0.9526316086451213,38
4,5,6,0.9416224956512451,38
4,6,7,0.9427111546198527,38
4,7,8,0.9432663639386495,38
4,8,9,0.9147076725959777,38
4,9,10,0.9226382811864217,38
5,1,2,0.9050121744473775,38
5,2,3,0.9306306958198547,38
5,3,4,0.9341570258140564,38
5,4,5,0.9499354322751363,38
5,5,6,0.9203502019246419,38
5,6,7,0.9217195908228556,38
5,7,8,0.9290454785029093,38
5,8,9,0.8943672021230061,38
5,9,10,0.9121237834294637,38
6,1,2,0.8791966120402018,38
6,2,3,0.9007312417030334,38
6,3,4,0.9202042659123738,38
6,4,5,0.9337420344352723,38
6,5,6,0.899928879737854,38
6,6,7,0.8890326380729675,38
6,7,8,0.9086718638737996,38
6,8,9,0.8663095911343892,38
6,9,10,0.8736312627792359,38
7,1,2,0.8633740027745564,38
7,2,3,0.8918676336606344,38
7,3,4,0.892637312412262,38
7,4,5,0.9018784125645956,38
7,5,6,0.8752817591031392,38
7,6,7,0.8901627063751221,38
7,7,8,0.8978641231854757,38
7,8,9,0.857792588075002,38
7,9,10,0.8633988579114278,38
8,1,2,0.8582535505294799,38
8,2,3,0.8609519362449646,38
8,3,4,0.8663538694381714,38
8,4,5,0.8721643567085267,38
8,5,6,0.8284496823946635,38
8,6,7,0.8574895660082499,38
8,7,8,0.8751281062761943,38
8,8,9,0.8549222707748413,38
8,9,10,0.8386725703875224,38
9,1,2,0.811545725663503,38
9,2,3,0.8511243383089702,38
9,3,4,0.8438464442888896,38
9,4,5,0.8000669161478678,38
9,5,6,0.7709128538767497,38
9,6,7,0.858551557858785,38
9,7,8,0.8417119860649109,38
9,8,9,0.8273979107538859,38
9,9,10,0.8245931426684062,38
10,1,2,0.7329081257184347,38
10,2,3,0.7760170737902323,38
10,3,4,0.8077066938082377,38
10,4,5,0.7270914018154144,38
10,5,6,0.7191042999426523,38
10,6,7,0.9119410037994384,38
10,7,8,0.8446062326431274,38
10,8,9,0.777745254834493,38
10,9,10,0.8039241790771484,38
11,1,2,0.754237953821818,38
11,2,3,0.9460276246070862,38
11,3,4,0.9438325881958007,38
11,4,5,0.621296697234114,38
11,5,6,0.6287548780441284,38
11,6,7,0.9232193509737651,38
11,7,8,0.6742324163516362,38
11,8,9,0.8848616917928059,38
11,9,10,0.7417326331138611,38
0,1,2,0.9677031874656677,39
0,2,3,0.9770447015762329,39
0,3,4,0.9749302089214325,39
0,4,5,0.9856736302375794,39
0,5,6,0.9929696500301362,39
0,6,7,0.9849102199077606,39
0,7,8,0.989110779762268,39
0,8,9,0.9895221889019012,39
0,9,10,0.9821673631668091,39
1,1,2,0.9671088576316833,39
1,2,3,0.9502139627933502,39
1,3,4,0.9579488515853882,39
1,4,5,0.9731298744678497,39
1,5,6,0.9723338127136231,39
1,6,7,0.9657866835594178,39
1,7,8,0.9683685958385467,39
1,8,9,0.9600292861461639,39
1,9,10,0.9534966707229614,39
2,1,2,0.9536787688732147,39
2,2,3,0.9379796981811523,39
2,3,4,0.9473429560661316,39
2,4,5,0.9690885603427887,39
2,5,6,0.9635940909385681,39
2,6,7,0.9594365358352661,39
2,7,8,0.9607872843742371,39
2,8,9,0.9499575555324554,39
2,9,10,0.9414539456367492,39
3,1,2,0.9114233672618866,39
3,2,3,0.934238588809967,39
3,3,4,0.9196543216705322,39
3,4,5,0.9481664001941681,39
3,5,6,0.9536935031414032,39
3,6,7,0.9476254284381866,39
3,7,8,0.9540750741958618,39
3,8,9,0.929056704044342,39
3,9,10,0.9272013902664185,39
4,1,2,0.914429759979248,39
4,2,3,0.9389132738113404,39
4,3,4,0.9251236319541931,39
4,4,5,0.9564988195896149,39
4,5,6,0.9441769599914551,39
4,6,7,0.9442430138587952,39
4,7,8,0.9461270332336426,39
4,8,9,0.9106972694396973,39
4,9,10,0.9249853551387787,39
5,1,2,0.8992010831832886,39
5,2,3,0.9257892966270447,39
5,3,4,0.9322550117969512,39
5,4,5,0.9549466609954834,39
5,5,6,0.9215466499328613,39
5,6,7,0.9260600090026856,39
5,7,8,0.9348001062870026,39
5,8,9,0.8897737264633179,39
5,9,10,0.9168510437011719,39
6,1,2,0.8795338213443756,39
6,2,3,0.9062017679214478,39
6,3,4,0.9205881536006928,39
6,4,5,0.9454948484897614,39
6,5,6,0.9057833254337311,39
6,6,7,0.9001330018043519,39
6,7,8,0.9240271151065826,39
6,8,9,0.8659660458564759,39
6,9,10,0.8862982809543609,39
7,1,2,0.8668260872364044,39
7,2,3,0.8984657645225524,39
7,3,4,0.894769674539566,39
7,4,5,0.9271965384483337,39
7,5,6,0.889424079656601,39
7,6,7,0.9012206673622132,39
7,7,8,0.9090227723121643,39
7,8,9,0.8701006233692169,39
7,9,10,0.8819797694683075,39
8,1,2,0.8673673272132874,39
8,2,3,0.8735960245132446,39
8,3,4,0.8687541544437408,39
8,4,5,0.9157250463962555,39
8,5,6,0.8663475811481476,39
8,6,7,0.8668745815753937,39
8,7,8,0.9001157224178314,39
8,8,9,0.8534269094467163,39
8,9,10,0.8535002529621124,39
9,1,2,0.8311660885810852,39
9,2,3,0.862160325050354,39
9,3,4,0.8680205464363098,39
9,4,5,0.8665152728557587,39
9,5,6,0.8393771290779114,39
9,6,7,0.8686808764934539,39
9,7,8,0.8833865225315094,39
9,8,9,0.8450599670410156,39
9,9,10,0.8358430802822113,39
10,1,2,0.7644077241420746,39
10,2,3,0.7952622652053833,39
10,3,4,0.8452009379863739,39
10,4,5,0.8684283196926117,39
10,5,6,0.801844573020935,39
10,6,7,0.9166732668876648,39
10,7,8,0.8927572667598724,39
10,8,9,0.8040996372699738,39
10,9,10,0.8223438262939453,39
11,1,2,0.8168439984321594,39
11,2,3,0.9488317728042602,39
11,3,4,0.9584404289722442,39
11,4,5,0.8353744626045227,39
11,5,6,0.6853493183851243,39
11,6,7,0.9281381607055664,39
11,7,8,0.7382375061511993,39
11,8,9,0.8962377965450287,39
11,9,10,0.7738273680210114,39
0,1,2,0.953579823176066,40
0,2,3,0.9745965838432312,40
0,3,4,0.9550101081530253,40
0,4,5,0.9581403215726216,40
0,5,6,0.9836674332618713,40
0,6,7,0.9807900389035543,40
0,7,8,0.9804464221000672,40
0,8,9,0.9883948604265849,40
0,9,10,0.9769785483678182,40
1,1,2,0.9537048657735189,40
1,2,3,0.9385777870814006,40
1,3,4,0.9368415991465251,40
1,4,5,0.9369553407033284,40
1,5,6,0.9466675043106079,40
1,6,7,0.9482395768165588,40
1,7,8,0.9508483171463012,40
1,8,9,0.9465105930964152,40
1,9,10,0.9265526930491129,40
2,1,2,0.9382334311803182,40
2,2,3,0.9236284017562866,40
2,3,4,0.9265344699223836,40
2,4,5,0.9352251768112183,40
2,5,6,0.9307909687360127,40
2,6,7,0.9425886313120524,40
2,7,8,0.9422068993250529,40
2,8,9,0.9257092793782552,40
2,9,10,0.9058236638704936,40
3,1,2,0.8794495026270549,40
3,2,3,0.923950731754303,40
3,3,4,0.8811335484186809,40
3,4,5,0.9040076017379761,40
3,5,6,0.9229555487632751,40
3,6,7,0.9297768394152324,40
3,7,8,0.9360286752382915,40
3,8,9,0.8999571561813354,40
3,9,10,0.8847301880518595,40
4,1,2,0.8885702013969421,40
4,2,3,0.9269759694735209,40
4,3,4,0.9024485905965169,40
4,4,5,0.9273626645406087,40
4,5,6,0.9101874629656473,40
4,6,7,0.920265547434489,40
4,7,8,0.9270066936810811,40
4,8,9,0.8867652773857116,40
4,9,10,0.8903916398684184,40
5,1,2,0.865463662147522,40
5,2,3,0.9087825377782186,40
5,3,4,0.9076520681381226,40
5,4,5,0.9231185952822367,40
5,5,6,0.885485295454661,40
5,6,7,0.9015763282775879,40
5,7,8,0.9138213276863099,40
5,8,9,0.8644672433535258,40
5,9,10,0.8745723009109497,40
6,1,2,0.8459715088208516,40
6,2,3,0.8750750343004863,40
6,3,4,0.8997078855832418,40
6,4,5,0.9130263924598694,40
6,5,6,0.8658149361610412,40
6,6,7,0.8659368991851807,40
6,7,8,0.8925999959309896,40
6,8,9,0.8303965965906779,40
6,9,10,0.8417358676592509,40
7,1,2,0.8207817157109578,40
7,2,3,0.8580452640851338,40
7,3,4,0.864715850353241,40
7,4,5,0.8792370915412903,40
7,5,6,0.8394627769788107,40
7,6,7,0.8624805410703024,40
7,7,8,0.8797503431638082,40
7,8,9,0.8193384567896526,40
7,9,10,0.8280753056208293,40
8,1,2,0.8085880517959595,40
8,2,3,0.8301957805951437,40
8,3,4,0.8347490946451823,40
8,4,5,0.8516900340716044,40
8,5,6,0.795870304107666,40
8,6,7,0.8088904857635498,40
8,7,8,0.8402625958124796,40
8,8,9,0.8049743374188741,40
8,9,10,0.7916805783907572,40
9,1,2,0.7529857754707336,40
9,2,3,0.8030362248420715,40
9,3,4,0.8061972181002299,40
9,4,5,0.7575888474782307,40
9,5,6,0.7323064724604289,40
9,6,7,0.8185871680577596,40
9,7,8,0.8053358793258667,40
9,8,9,0.7768426775932312,40
9,9,10,0.7289857784907023,40
10,1,2,0.6937010963757833,40
10,2,3,0.7398143132527669,40
10,3,4,0.7715105414390564,40
10,4,5,0.6879979173342387,40
10,5,6,0.6683004895846049,40
10,6,7,0.8912815054257711,40
10,7,8,0.7986296971638998,40
10,8,9,0.7229133367538452,40
10,9,10,0.7434167106946309,40
11,1,2,0.7236820538838704,40
11,2,3,0.9015000383059184,40
11,3,4,0.9236476461092631,40
11,4,5,0.5974260780960321,40
11,5,6,0.5772950351238251,40
11,6,7,0.923324712117513,40
11,7,8,0.7020374198754629,40
11,8,9,0.8827776114145914,40
11,9,10,0.7034970621267954,40
0,1,2,0.9479723771413168,41
0,2,3,0.9723039099148342,41
0,3,4,0.9566702871095567,41
0,4,5,0.9592624845958891,41
0,5,6,0.984614148026421,41
0,6,7,0.9818564568247113,41
0,7,8,0.9805623378072467,41
0,8,9,0.9869698058991205,41
0,9,10,0.9775977702367873,41
1,1,2,0.9486671090126038,41
1,2,3,0.9344064110801333,41
1,3,4,0.9376565132822309,41
1,4,5,0.9379044345446995,41
1,5,6,0.9460357597896031,41
1,6,7,0.950456630615961,41
1,7,8,0.9482472311882746,41
1,8,9,0.9403462154524667,41
1,9,10,0.922419840381259,41
2,1,2,0.9314485816728502,41
2,2,3,0.9189901720909845,41
2,3,4,0.9282595430101667,41
2,4,5,0.9403195494697207,41
2,5,6,0.9308349121184576,41
2,6,7,0.9383853872617086,41
2,7,8,0.9367568322590419,41
2,8,9,0.9210789714540754,41
2,9,10,0.9007441429864793,41
3,1,2,0.8815682558786302,41
3,2,3,0.91919492823737,41
3,3,4,0.8917361214047387,41
3,4,5,0.9155915947187514,41
3,5,6,0.9246097490901038,41
3,6,7,0.926749450819833,41
3,7,8,0.9322945901325771,41
3,8,9,0.8915829970723107,41
3,9,10,0.8797424634297689,41
4,1,2,0.8861895345506214,41
4,2,3,0.924000933056786,41
4,3,4,0.908002807980492,41
4,4,5,0.9364666513034275,41
4,5,6,0.913783882345472,41
4,6,7,0.9194120310601734,41
4,7,8,0.9254073216801598,41
4,8,9,0.8791793613206773,41
4,9,10,0.8883817252658662,41
5,1,2,0.8654226348513648,41
5,2,3,0.9086249584243411,41
5,3,4,0.9147691783450899,41
5,4,5,0.9336463269733247,41
5,5,6,0.8883129869188581,41
5,6,7,0.9006199183918181,41
5,7,8,0.9139554443813506,41
5,8,9,0.8586950160208202,41
5,9,10,0.8795526623725891,41
6,1,2,0.8435833283833095,41
6,2,3,0.886945957229251,41
6,3,4,0.9051711105165028,41
6,4,5,0.9278469341141837,41
6,5,6,0.8732172733261472,41
6,6,7,0.8729253723507836,41
6,7,8,0.8963789485749745,41
6,8,9,0.8306262095769247,41
6,9,10,0.8502493727774847,41
7,1,2,0.8205293047995794,41
7,2,3,0.8707704941431681,41
7,3,4,0.873709465776171,41
7,4,5,0.9064921765100389,41
7,5,6,0.8546711916015262,41
7,6,7,0.8764679289999462,41
7,7,8,0.8801418259030297,41
7,8,9,0.8216426003546942,41
7,9,10,0.8332395212990897,41
8,1,2,0.816288675580706,41
8,2,3,0.8469336997895014,41
8,3,4,0.8458101777803331,41
8,4,5,0.8937837112517584,41
8,5,6,0.8372074252083188,41
8,6,7,0.8221841539655413,41
8,7,8,0.855733315149943,41
8,8,9,0.8037895929245722,41
8,9,10,0.803684915815081,41
9,1,2,0.7763109859966096,41
9,2,3,0.8194659607751029,41
9,3,4,0.8333625935372853,41
9,4,5,0.828642053263528,41
9,5,6,0.803079122588748,41
9,6,7,0.8300237144742694,41
9,7,8,0.8300532641864958,41
9,8,9,0.7736813823382059,41
9,9,10,0.7378672560056051,41
10,1,2,0.7190135050387609,41
10,2,3,0.771333566733769,41
10,3,4,0.8184372981389364,41
10,4,5,0.8361828979991731,41
10,5,6,0.7529775784129188,41
10,6,7,0.8997689258484614,41
10,7,8,0.839125394821167,41
10,8,9,0.7378211915493011,41
10,9,10,0.7472667438643319,41
11,1,2,0.7917106009664989,41
11,2,3,0.9169682718458629,41
11,3,4,0.940844592593965,41
11,4,5,0.8048216870852879,41
11,5,6,0.648824698868252,41
11,6,7,0.9227829575538635,41
11,7,8,0.657655302967344,41
11,8,9,0.8799614707628886,41
11,9,10,0.626882095776853,41
0,1,2,0.9397751972788856,42
0,2,3,0.9785970875195095,42
0,3,4,0.9434070757457188,42
0,4,5,0.944788566657475,42
0,5,6,0.9814829031626383,42
0,6,7,0.9710706614312672,42
0,7,8,0.9777062677201771,42
0,8,9,0.9799566467603048,42
0,9,10,0.9667765838759286,42
1,1,2,0.939551557813372,42
1,2,3,0.9364442655018398,42
1,3,4,0.9183271896271479,42
1,4,5,0.9130794178871882,42
1,5,6,0.9389071379389081,42
1,6,7,0.9293046763965062,42
1,7,8,0.9406317869822184,42
1,8,9,0.9319854038102287,42
1,9,10,0.9147268590472993,42
2,1,2,0.9171128783907209,42
2,2,3,0.91362103110268,42
2,3,4,0.9064563938549587,42
2,4,5,0.9153154549144563,42
2,5,6,0.9166235043889001,42
2,6,7,0.9244689771107265,42
2,7,8,0.9282279156503224,42
2,8,9,0.9114773869514465,42
2,9,10,0.8892107095037188,42
3,1,2,0.8527276402428037,42
3,2,3,0.9135566524096898,42
3,3,4,0.8613766375042143,42
3,4,5,0.8827157843680609,42
3,5,6,0.910034594081697,42
3,6,7,0.9129934850193205,42
3,7,8,0.9192019218490237,42
3,8,9,0.8897728352319627,42
3,9,10,0.8690960435640245,42
4,1,2,0.8580161077635629,42
4,2,3,0.9142490199634007,42
4,3,4,0.8847713328543163,42
4,4,5,0.9106763033639818,42
4,5,6,0.8947002632277352,42
4,6,7,0.903298849151248,42
4,7,8,0.910291001910255,42
4,8,9,0.8791685558500744,42
4,9,10,0.8767514910016742,42
5,1,2,0.8332048995154244,42
5,2,3,0.9001279842285883,42
5,3,4,0.8966475185893831,42
5,4,5,0.908057085105351,42
5,5,6,0.8661308515639532,42
5,6,7,0.8874789902142116,42
5,7,8,0.8981101143927801,42
5,8,9,0.858334691751571,42
5,9,10,0.86411771603993,42
6,1,2,0.811977051553272,42
6,2,3,0.8673967293330601,42
6,3,4,0.8885785369645982,42
6,4,5,0.9000056187311808,42
6,5,6,0.8502723063741412,42
6,6,7,0.8558912873268127,42
6,7,8,0.8701447078159877,42
6,8,9,0.8332641124725342,42
6,9,10,0.8228386952763512,42
7,1,2,0.7949042717615763,42
7,2,3,0.8587409484954107,42
7,3,4,0.8616705763907659,42
7,4,5,0.8657647371292114,42
7,5,6,0.8234263062477112,42
7,6,7,0.847386448156266,42
7,7,8,0.8649747797421047,42
7,8,9,0.8172692145620074,42
7,9,10,0.8039508320036388,42
8,1,2,0.780681814466204,42
8,2,3,0.8311738201550075,42
8,3,4,0.8389685863540286,42
8,4,5,0.8434794545173645,42
8,5,6,0.79063328958693,42
8,6,7,0.795603769166129,42
8,7,8,0.833413961387816,42
8,8,9,0.8030442425182888,42
8,9,10,0.7694533069928488,42
9,1,2,0.7221084577696664,42
9,2,3,0.8032384855406625,42
9,3,4,0.8041528945877439,42
9,4,5,0.7567779223124186,42
9,5,6,0.7259256896518526,42
9,6,7,0.8152926989964077,42
9,7,8,0.809838422707149,42
9,8,9,0.777226658094497,42
9,9,10,0.7001296281814575,42
10,1,2,0.6573433265799568,42
10,2,3,0.7510486188389006,42
10,3,4,0.7758224805196127,42
10,4,5,0.700537580819357,42
10,5,6,0.6664869246028718,42
10,6,7,0.8822046631858462,42
10,7,8,0.8083217371077764,42
10,8,9,0.7213962901206243,42
10,9,10,0.6652904252211252,42
11,1,2,0.7033175329367319,42
11,2,3,0.8981921956652686,42
11,3,4,0.9075326153210231,42
11,4,5,0.6422649276930661,42
11,5,6,0.5777225764024825,42
11,6,7,0.9261776918456668,42
11,7,8,0.6163874076945441,42
11,8,9,0.8776632916359675,42
11,9,10,0.642147414741062,42
0,1,2,0.9569988676479885,43
0,2,3,0.9801491328648159,43
0,3,4,0.9616008464779172,43
0,4,5,0.9684211845908847,43
0,5,6,0.988776866878782,43
0,6,7,0.974726493869509,43
0,7,8,0.9864953053849084,43
0,8,9,0.9844274627310889,43
0,9,10,0.9750853202172688,43
1,1,2,0.9552440047264099,43
1,2,3,0.9471286939723151,43
1,3,4,0.9363313892057964,43
1,4,5,0.9416018383843558,43
1,5,6,0.9562751608235496,43
1,6,7,0.9395040273666382,43
1,7,8,0.9556262003523963,43
1,8,9,0.9442554392984935,43
1,9,10,0.9388969838619232,43
2,1,2,0.934833865080561,43
2,2,3,0.9283126443624496,43
2,3,4,0.9214886895247868,43
2,4,5,0.9374603075640542,43
2,5,6,0.936853574854987,43
2,6,7,0.933971147452082,43
2,7,8,0.9437804030520576,43
2,8,9,0.9276292302778789,43
2,9,10,0.9204990927662168,43
3,1,2,0.8776261465890067,43
3,2,3,0.9234973383801324,43
3,3,4,0.8810950836965016,43
3,4,5,0.9048604390450886,43
3,5,6,0.9251815336091178,43
3,6,7,0.9227381923368999,43
3,7,8,0.9336004725524357,43
3,8,9,0.9015451073646545,43
3,9,10,0.9001009996448245,43
4,1,2,0.8838114993912833,43
4,2,3,0.9257139733859471,43
4,3,4,0.8972151407173702,43
4,4,5,0.9238942329372678,43
4,5,6,0.9102023733513696,43
4,6,7,0.9130285467420306,43
4,7,8,0.9230034415210996,43
4,8,9,0.8881827252251762,43
4,9,10,0.9009340639625277,43
5,1,2,0.8661471051829202,43
5,2,3,0.9119415623801095,43
5,3,4,0.9089406026261193,43
5,4,5,0.924284794500896,43
5,5,6,0.8925770414727074,43
5,6,7,0.8932517915964127,43
5,7,8,0.9075655852045331,43
5,8,9,0.8624751695564815,43
5,9,10,0.8870985976287297,43
6,1,2,0.8460703854049955,43
6,2,3,0.8794901477439063,43
6,3,4,0.897004885332925,43
6,4,5,0.9115284660032817,43
6,5,6,0.868415185383388,43
6,6,7,0.861599651830537,43
6,7,8,0.8864356598683766,43
6,8,9,0.8372006373746055,43
6,9,10,0.8481131813355854,43
7,1,2,0.8328701555728912,43
7,2,3,0.8718972269977842,43
7,3,4,0.864001384803227,43
7,4,5,0.8803097903728485,43
7,5,6,0.8449881012950625,43
7,6,7,0.8597823360136577,43
7,7,8,0.8762461308922086,43
7,8,9,0.826846318585532,43
7,9,10,0.8338887138026101,43
8,1,2,0.8203060903719493,43
8,2,3,0.8420274640832629,43
8,3,4,0.8334550027336393,43
8,4,5,0.8569817862340382,43
8,5,6,0.8149739418710981,43
8,6,7,0.834250135081155,43
8,7,8,0.8531201694692884,43
8,8,9,0.8186314574309758,43
8,9,10,0.8007442568029676,43
9,1,2,0.775259215916906,43
9,2,3,0.8283596805163792,43
9,3,4,0.8161123884575707,43
9,4,5,0.7784973638398307,43
9,5,6,0.7613980493375233,43
9,6,7,0.8416531149830137,43
9,7,8,0.8254219591617584,43
9,8,9,0.7947016698973519,43
9,9,10,0.7774768024682999,43
10,1,2,0.7168049769742149,43
10,2,3,0.7829597336905343,43
10,3,4,0.7909193805285862,43
10,4,5,0.7283317223191261,43
10,5,6,0.7170058073742049,43
10,6,7,0.8943100827080863,43
10,7,8,0.8308130098240716,43
10,8,9,0.7471882594483239,43
10,9,10,0.7216775066086224,43
11,1,2,0.7637711433427674,43
11,2,3,0.9294158560889108,43
11,3,4,0.924123289329665,43
11,4,5,0.650019751196461,43
11,5,6,0.5925475683595453,43
11,6,7,0.9308070433991296,43
11,7,8,0.7736778216702598,43
11,8,9,0.8963095141308648,43
11,9,10,0.6418628006109169,43
0,1,2,0.9552393754323324,44
0,2,3,0.9819171746571859,44
0,3,4,0.9589146057764689,44
0,4,5,0.9651217142740885,44
0,5,6,0.9875802159309387,44
0,6,7,0.9733596165974935,44
0,7,8,0.986060603459676,44
0,8,9,0.9815101385116577,44
0,9,10,0.9678821126619975,44
1,1,2,0.9529884696006775,44
1,2,3,0.948987344900767,44
1,3,4,0.9309980670611063,44
1,4,5,0.9344868262608846,44
1,5,6,0.9539057572682699,44
1,6,7,0.9379844109217326,44
1,7,8,0.954883333047231,44
1,8,9,0.9385751287142435,44
1,9,10,0.9275331695874532,44
2,1,2,0.9309842546780904,44
2,2,3,0.93013410170873,44
2,3,4,0.9197971900304158,44
2,4,5,0.9328746279080709,44
2,5,6,0.9322166959444682,44
2,6,7,0.9312302589416503,44
2,7,8,0.940638792514801,44
2,8,9,0.9232370456059774,44
2,9,10,0.9118092139561971,44
3,1,2,0.8701594471931458,44
3,2,3,0.9246725479761759,44
3,3,4,0.876781717936198,44
3,4,5,0.8973442673683166,44
3,5,6,0.920560606320699,44
3,6,7,0.9197103937466939,44
3,7,8,0.9281763553619384,44
3,8,9,0.8961370666821797,44
3,9,10,0.8903459787368775,44
4,1,2,0.8771845102310181,44
4,2,3,0.9253069003423054,44
4,3,4,0.8971855560938518,44
4,4,5,0.9229155898094177,44
4,5,6,0.906205153465271,44
4,6,7,0.9085668683052063,44
4,7,8,0.9192060391108196,44
4,8,9,0.8872582674026489,44
4,9,10,0.8932514230410258,44
5,1,2,0.8568363388379415,44
5,2,3,0.9116215825080871,44
5,3,4,0.9114885846773784,44
5,4,5,0.9252332886060078,44
5,5,6,0.8851646860440572,44
5,6,7,0.8864592671394348,44
5,7,8,0.9016488035519917,44
5,8,9,0.8637168566385905,44
5,9,10,0.88149467309316,44
6,1,2,0.8287151296933492,44
6,2,3,0.8832402229309082,44
6,3,4,0.9034546097119649,44
6,4,5,0.9177484790484111,44
6,5,6,0.8643235127131145,44
6,6,7,0.857251779238383,44
6,7,8,0.8794541796048482,44
6,8,9,0.8304012298583985,44
6,9,10,0.8377383788426717,44
7,1,2,0.8174423813819885,44
7,2,3,0.8821199456850688,44
7,3,4,0.8757156451543172,44
7,4,5,0.8868815183639527,44
7,5,6,0.8383085091908773,44
7,6,7,0.8574245691299438,44
7,7,8,0.8790830651919047,44
7,8,9,0.832233198483785,44
7,9,10,0.8279274940490723,44
8,1,2,0.8196388204892476,44
8,2,3,0.8536729256312052,44
8,3,4,0.8553248524665833,44
8,4,5,0.869987161954244,44
8,5,6,0.8186028679211934,44
8,6,7,0.822002092997233,44
8,7,8,0.8522593895594279,44
8,8,9,0.8264772772789002,44
8,9,10,0.7988100290298462,44
9,1,2,0.7625148375829061,44
9,2,3,0.8440672079722087,44
9,3,4,0.8345887382825216,44
9,4,5,0.807704230149587,44
9,5,6,0.7784173885981241,44
9,6,7,0.8330283284187316,44
9,7,8,0.8289758364359537,44
9,8,9,0.7968702197074891,44
9,9,10,0.7837943077087403,44
10,1,2,0.7036183317502339,44
10,2,3,0.7785686016082763,44
10,3,4,0.8046472907066345,44
10,4,5,0.7807288050651551,44
10,5,6,0.7472471276919047,44
10,6,7,0.8977786739667256,44
10,7,8,0.8429406603177388,44
10,8,9,0.7579748312632243,44
10,9,10,0.7146513144175212,44
11,1,2,0.7776220480600993,44
11,2,3,0.935287352403005,44
11,3,4,0.9179623365402222,44
11,4,5,0.765017569065094,44
11,5,6,0.7216422875722249,44
11,6,7,0.9123148719469706,44
11,7,8,0.6709815045197804,44
11,8,9,0.880913515885671,44
11,9,10,0.6117192973693212,44
0,1,2,0.9329864496276492,45
0,2,3,0.9758673168364025,45
0,3,4,0.942658713885716,45
0,4,5,0.9418668065752301,45
0,5,6,0.979887102331434,45
0,6,7,0.9686649867466518,45
0,7,8,0.9762666055134365,45
0,8,9,0.9791906476020813,45
0,9,10,0.9662398951394218,45
1,1,2,0.933850089708964,45
1,2,3,0.9324653773080736,45
1,3,4,0.9177035689353943,45
1,4,5,0.9090802697908311,45
1,5,6,0.9351171737625485,45
1,6,7,0.9245933918725877,45
1,7,8,0.9366726591473534,45
1,8,9,0.9288062566802615,45
1,9,10,0.9112482638586135,45
2,1,2,0.9086063447452727,45
2,2,3,0.908138754821959,45
2,3,4,0.9029102183523632,45
2,4,5,0.9113953198705401,45
2,5,6,0.9125578204790751,45
2,6,7,0.9190456555003211,45
2,7,8,0.9226438317980085,45
2,8,9,0.9093630342256456,45
2,9,10,0.8839354685374669,45
3,1,2,0.8413347488357907,45
3,2,3,0.9088811505408514,45
3,3,4,0.8566337142671857,45
3,4,5,0.878757723740169,45
3,5,6,0.9056948820749918,45
3,6,7,0.910183881010328,45
3,7,8,0.9162145143463498,45
3,8,9,0.8841570445469448,45
3,9,10,0.8635623994327727,45
4,1,2,0.847637204896836,45
4,2,3,0.9100026800518944,45
4,3,4,0.8816247667585101,45
4,4,5,0.9075262943903605,45
4,5,6,0.8888699156897408,45
4,6,7,0.9000196400142851,45
4,7,8,0.9043204841159639,45
4,8,9,0.8726150279953366,45
4,9,10,0.8740660122462681,45
5,1,2,0.8229697488603138,45
5,2,3,0.8951035000029064,45
5,3,4,0.894232363927932,45
5,4,5,0.9036103600547427,45
5,5,6,0.860086372920445,45
5,6,7,0.8826977610588074,45
5,7,8,0.8896091949372065,45
5,8,9,0.8495313496816725,45
5,9,10,0.863843906493414,45
6,1,2,0.80329392069862,45
6,2,3,0.8637697327704656,45
6,3,4,0.8816241394905817,45
6,4,5,0.8932370458330426,45
6,5,6,0.8419875985100156,45
6,6,7,0.8515858593441191,45
6,7,8,0.8632928587141491,45
6,8,9,0.824224108741397,45
6,9,10,0.8186811066809154,45
7,1,2,0.7824353433790661,45
7,2,3,0.8508320848147074,45
7,3,4,0.8507458397320339,45
7,4,5,0.8603422897202628,45
7,5,6,0.8160166513352167,45
7,6,7,0.8420986050651187,45
7,7,8,0.8514829164459592,45
7,8,9,0.8016810076577323,45
7,9,10,0.7971834597133455,45
8,1,2,0.7610404604957217,45
8,2,3,0.8196098038128444,45
8,3,4,0.8217927047184536,45
8,4,5,0.8400511315890721,45
8,5,6,0.7866655105636233,45
8,6,7,0.790689678419204,45
8,7,8,0.8183950923738026,45
8,8,9,0.7866952504430499,45
8,9,10,0.7650429237456549,45
9,1,2,0.7130320497921535,45
9,2,3,0.7919384581702096,45
9,3,4,0.794968238898686,45
9,4,5,0.74239429689589,45
9,5,6,0.718179064137595,45
9,6,7,0.8078444117591494,45
9,7,8,0.7920142128354027,45
9,8,9,0.7724155102457319,45
9,9,10,0.6958008834293911,45
10,1,2,0.6332124826453981,45
10,2,3,0.7434744380769276,45
10,3,4,0.776011898404076,45
10,4,5,0.697641480536688,45
10,5,6,0.6614722723052615,45
10,6,7,0.8733276412600562,45
10,7,8,0.7926158138683864,45
10,8,9,0.6953895730631692,45
10,9,10,0.6569669942061106,45
11,1,2,0.6887855912957873,45
11,2,3,0.8973461616606939,45
11,3,4,0.9075352010272798,45
11,4,5,0.6449760023859286,45
11,5,6,0.5253340970902216,45
11,6,7,0.9245887427102952,45
11,7,8,0.6343919996704374,45
11,8,9,0.8864524790218898,45
11,9,10,0.6724107506729308,45
0,1,2,0.9311137312934512,46
0,2,3,0.9708532520702907,46
0,3,4,0.9415534053530011,46
0,4,5,0.9416736080532983,46
0,5,6,0.9805665697370257,46
0,6,7,0.9696023975099836,46
0,7,8,0.9772422711054484,46
0,8,9,0.9796494103613353,46
0,9,10,0.967648602667309,46
1,1,2,0.9321347560201373,46
1,2,3,0.925279940877642,46
1,3,4,0.9136710393996466,46
1,4,5,0.9101800577981132,46
1,5,6,0.9349088867505392,46
1,6,7,0.9289289315541586,46
1,7,8,0.9381022027560643,46
1,8,9,0.9290455352692377,46
1,9,10,0.9111951561201186,46
2,1,2,0.905448819909777,46
2,2,3,0.902889126823062,46
2,3,4,0.9006277379535493,46
2,4,5,0.9125308848562694,46
2,5,6,0.9113919962020147,46
2,6,7,0.9186466222717649,46
2,7,8,0.9237555833089919,46
2,8,9,0.9079488288788569,46
2,9,10,0.8855411268415905,46
3,1,2,0.840188015074957,46
3,2,3,0.9008903361502147,46
3,3,4,0.8543202508063543,46
3,4,5,0.8805935212544033,46
3,5,6,0.9027538980756488,46
3,6,7,0.9077864856947035,46
3,7,8,0.9170879324277242,46
3,8,9,0.8824480573336283,46
3,9,10,0.8651522312845502,46
4,1,2,0.8470836537224906,46
4,2,3,0.9043526791390919,46
4,3,4,0.875901840981983,46
4,4,5,0.9084981254168919,46
4,5,6,0.8868392932982672,46
4,6,7,0.8976173911775861,46
4,7,8,0.9046241499128795,46
4,8,9,0.8697240437780108,46
4,9,10,0.8724359671274821,46
5,1,2,0.8232376149722508,46
5,2,3,0.8880830293609983,46
5,3,4,0.8890350546155658,46
5,4,5,0.9068322437150138,46
5,5,6,0.8628821685200646,46
5,6,7,0.8832853266171047,46
5,7,8,0.8894679915337336,46
5,8,9,0.839620712257567,46
5,9,10,0.8588368239856902,46
6,1,2,0.8039737627619788,46
6,2,3,0.8602726658185323,46
6,3,4,0.8850419890312922,46
6,4,5,0.9061904748280843,46
6,5,6,0.8483063181241354,46
6,6,7,0.851503902957553,46
6,7,8,0.869444571790241,46
6,8,9,0.8096358747709365,46
6,9,10,0.8291001092819941,46
7,1,2,0.7861281832059225,46
7,2,3,0.8481272231964838,46
7,3,4,0.8495205953007653,46
7,4,5,0.8773257420176551,46
7,5,6,0.8246333542324248,46
7,6,7,0.8412353169350397,46
7,7,8,0.8542522021702358,46
7,8,9,0.7976260582605997,46
7,9,10,0.8092236263411385,46
8,1,2,0.7732501058351426,46
8,2,3,0.8234721989858718,46
8,3,4,0.8242049699737912,46
8,4,5,0.8593839151518685,46
8,5,6,0.8047988641829718,46
8,6,7,0.7931393867447263,46
8,7,8,0.8210025089127677,46
8,8,9,0.7809174060821533,46
8,9,10,0.7764186263084412,46
9,1,2,0.7239652219272795,46
9,2,3,0.7984572904450553,46
9,3,4,0.8018735476902553,46
9,4,5,0.7817578741482326,46
9,5,6,0.7607525842530387,46
9,6,7,0.8031105626197088,46
9,7,8,0.7970743236087617,46
9,8,9,0.7660681151208424,46
9,9,10,0.7129383512905666,46
10,1,2,0.6726670421305156,46
10,2,3,0.7449110689617339,46
10,3,4,0.7822534385181609,46
10,4,5,0.7754513280732291,46
10,5,6,0.7068319916725159,46
10,6,7,0.8771606371516273,46
10,7,8,0.8080698563939049,46
10,8,9,0.7041545070353008,46
10,9,10,0.6812782684961954,46
11,1,2,0.7750652545974368,46
11,2,3,0.9000757989429292,46
11,3,4,0.9123201512155079,46
11,4,5,0.7711427410443624,46
11,5,6,0.6103611943267641,46
11,6,7,0.9121109020142328,46
11,7,8,0.6137549933933076,46
11,8,9,0.8685432303519476,46
11,9,10,0.7037549444607326,46
0,1,2,0.9550493295703616,47
0,2,3,0.9797764143773487,47
0,3,4,0.9618141289268222,47
0,4,5,0.9683243632316589,47
0,5,6,0.9887594750949315,47
0,6,7,0.9753726209912982,47
0,7,8,0.9861668518611363,47
0,8,9,0.9834628828934261,47
0,9,10,0.973428379212107,47
1,1,2,0.9534252775566918,47
1,2,3,0.9465707476649966,47
1,3,4,0.9362588439668927,47
1,4,5,0.9417374368224826,47
1,5,6,0.9564248280865806,47
1,6,7,0.9424445671694619,47
1,7,8,0.9555347753422601,47
1,8,9,0.942783242889813,47
1,9,10,0.9354864018304008,47
2,1,2,0.9322808853217533,47
2,2,3,0.927922568150929,47
2,3,4,0.9237709662743977,47
2,4,5,0.9391418674162456,47
2,5,6,0.9371589805398669,47
2,6,7,0.9344894077096667,47
2,7,8,0.9435500949621201,47
2,8,9,0.9274572687489646,47
2,9,10,0.9178259372711182,47
3,1,2,0.8766401048217501,47
3,2,3,0.9227142312697002,47
3,3,4,0.8847617272819791,47
3,4,5,0.9081640733139855,47
3,5,6,0.9260045311280659,47
3,6,7,0.9233859245266233,47
3,7,8,0.9334011077880859,47
3,8,9,0.901607096195221,47
3,9,10,0.8989460872752326,47
4,1,2,0.8826764545270375,47
4,2,3,0.9252340900046485,47
4,3,4,0.9001591461045402,47
4,4,5,0.9284226021596363,47
4,5,6,0.9117372121129718,47
4,6,7,0.9144935671772275,47
4,7,8,0.923295510666711,47
4,8,9,0.8883138575724193,47
4,9,10,0.9002020359039307,47
5,1,2,0.8649662392480033,47
5,2,3,0.9121310710906982,47
5,3,4,0.9127749864544187,47
5,4,5,0.9292959783758435,47
5,5,6,0.8917460164853505,47
5,6,7,0.8948442254747663,47
5,7,8,0.9076280274561473,47
5,8,9,0.8632485036339078,47
5,9,10,0.8883525558880397,47
6,1,2,0.8400318388428006,47
6,2,3,0.8864516935178212,47
6,3,4,0.9030817449092865,47
6,4,5,0.9212392568588257,47
6,5,6,0.8716316414730889,47
6,6,7,0.8642136475869587,47
6,7,8,0.8886132368019649,47
6,8,9,0.8371683699744088,47
6,9,10,0.8497710589851651,47
7,1,2,0.8290007029260907,47
7,2,3,0.8809203122343335,47
7,3,4,0.873365695987429,47
7,4,5,0.8936849002327237,47
7,5,6,0.8492766448429653,47
7,6,7,0.863101418529238,47
7,7,8,0.8804020200456891,47
7,8,9,0.8333297414439065,47
7,9,10,0.8378245681524277,47
8,1,2,0.8251694994313377,47
8,2,3,0.8527318281786782,47
8,3,4,0.8475610507386071,47
8,4,5,0.8771093679325921,47
8,5,6,0.8297443028007235,47
8,6,7,0.8353425477232251,47
8,7,8,0.8602649058614459,47
8,8,9,0.8229451392378125,47
8,9,10,0.8068612260477883,47
9,1,2,0.777605944446155,47
9,2,3,0.8383685286555972,47
9,3,4,0.8315338449818748,47
9,4,5,0.8162758605820792,47
9,5,6,0.794424621122224,47
9,6,7,0.8405811254467283,47
9,7,8,0.8369089088269642,47
9,8,9,0.8009774450744901,47
9,9,10,0.7846272779362542,47
10,1,2,0.7249964986528669,47
10,2,3,0.7899596818855831,47
10,3,4,0.8125022309167045,47
10,4,5,0.8041192825351443,47
10,5,6,0.7562657105071204,47
10,6,7,0.8990864476987294,47
10,7,8,0.850994810461998,47
10,8,9,0.761328494974545,47
10,9,10,0.732143697994096,47
11,1,2,0.8005331775971821,47
11,2,3,0.9341247401067189,47
11,3,4,0.9290689485413688,47
11,4,5,0.7981765099934169,47
11,5,6,0.663485053394522,47
11,6,7,0.9237481525966099,47
11,7,8,0.7101504557899067,47
11,8,9,0.8888059258460999,47
11,9,10,0.6526854746043682,47
0,1,2,0.9374527186155319,48
0,2,3,0.9739686910595212,48
0,3,4,0.9473674105746406,48
0,4,5,0.9477741931165967,48
0,5,6,0.9816288692610604,48
0,6,7,0.9715871449027743,48
0,7,8,0.9788014207567487,48
0,8,9,0.9807737022638321,48
0,9,10,0.9680838670049395,48
1,1,2,0.9382888440574918,48
1,2,3,0.9330967111246926,48
1,3,4,0.9214669764041901,48
1,4,5,0.9165867992809841,48
1,5,6,0.9374403974839619,48
1,6,7,0.9314615790333066,48
1,7,8,0.941833359854562,48
1,8,9,0.9301629172904151,48
1,9,10,0.9117346001522881,48
2,1,2,0.9142119139432907,48
2,2,3,0.9122780199561801,48
2,3,4,0.9094370560986655,48
2,4,5,0.919044743691172,48
2,5,6,0.9151695115225655,48
2,6,7,0.9218078234366008,48
2,7,8,0.9269157711948667,48
2,8,9,0.9108772916453225,48
2,9,10,0.8884769231081009,48
3,1,2,0.8514026616300855,48
3,2,3,0.9107011897223336,48
3,3,4,0.8645472356251308,48
3,4,5,0.8866025017840522,48
3,5,6,0.9074188811438424,48
3,6,7,0.9117488797221865,48
3,7,8,0.9199799937861306,48
3,8,9,0.8809508212975093,48
3,9,10,0.86625389116151,48
4,1,2,0.8587590754032135,48
4,2,3,0.9133721973214831,48
4,3,4,0.8879401151623044,48
4,4,5,0.9152988876615252,48
4,5,6,0.892820017678397,48
4,6,7,0.9015008296285357,48
4,7,8,0.9103487985474723,48
4,8,9,0.870647383587701,48
4,9,10,0.8766702477421079,48
5,1,2,0.8365203057016645,48
5,2,3,0.8980944284370967,48
5,3,4,0.8998043388128281,48
5,4,5,0.9134442274059568,48
5,5,6,0.868359237909317,48
5,6,7,0.8826184059892382,48
5,7,8,0.8948276085512978,48
5,8,9,0.8461176795618874,48
5,9,10,0.865929901599884,48
6,1,2,0.8118856570550373,48
6,2,3,0.8724706619977951,48
6,3,4,0.8925858459302357,48
6,4,5,0.9092975301401955,48
6,5,6,0.8500605693885258,48
6,6,7,0.8528835709605899,48
6,7,8,0.8742108579192843,48
6,8,9,0.8154534229210445,48
6,9,10,0.8274650616305215,48
7,1,2,0.7919755045856748,48
7,2,3,0.8599549531936646,48
7,3,4,0.8598161339759827,48
7,4,5,0.8812280978475299,48
7,5,6,0.8266477755137852,48
7,6,7,0.8485624641180038,48
7,7,8,0.8633666400398526,48
7,8,9,0.8062730814729419,48
7,9,10,0.810172608920506,48
8,1,2,0.7842403586421695,48
8,2,3,0.8330042042902538,48
8,3,4,0.8348409916673388,48
8,4,5,0.8659650023494448,48
8,5,6,0.8099429139069149,48
8,6,7,0.8009658839021411,48
8,7,8,0.8314260563680104,48
8,8,9,0.7907214611768723,48
8,9,10,0.7778144010475704,48
9,1,2,0.7355484877313886,48
9,2,3,0.8095049113035202,48
9,3,4,0.8149162765060153,48
9,4,5,0.7893038690090179,48
9,5,6,0.766352755682809,48
9,6,7,0.8133148891585213,48
9,7,8,0.806008123925754,48
9,8,9,0.7675636666161674,48
9,9,10,0.7216630109718868,48
10,1,2,0.6740725625838552,48
10,2,3,0.7564225345849991,48
10,3,4,0.7971288817269462,48
10,4,5,0.7799224214894431,48
10,5,6,0.7229811889784676,48
10,6,7,0.8846458345651627,48
10,7,8,0.8170007126671928,48
10,8,9,0.7190994971564838,48
10,9,10,0.69256905572755,48
11,1,2,0.7674535023314613,48
11,2,3,0.909136386854308,48
11,3,4,0.9175139793327877,48
11,4,5,0.7752473652362823,48
11,5,6,0.6250028471861567,48
11,6,7,0.9168935013668877,48
11,7,8,0.6600163312894958,48
11,8,9,0.8823775861944471,48
11,9,10,0.6351795316274677,48
0,1,2,0.9479723771413168,49
0,2,3,0.9723039099148342,49
0,3,4,0.9566702871095567,49
0,4,5,0.9592624845958891,49
0,5,6,0.984614148026421,49
0,6,7,0.9818564568247113,49
0,7,8,0.9805623378072467,49
0,8,9,0.9869698058991205,49
0,9,10,0.9775977702367873,49
1,1,2,0.9486671090126038,49
1,2,3,0.9344064110801333,49
1,3,4,0.9376565132822309,49
1,4,5,0.9379044345446995,49
1,5,6,0.9460357597896031,49
1,6,7,0.950456630615961,49
1,7,8,0.9482472311882746,49
1,8,9,0.9403462154524667,49
1,9,10,0.922419840381259,49
2,1,2,0.9314485816728502,49
2,2,3,0.9189901720909845,49
2,3,4,0.9282595430101667,49
2,4,5,0.9403195494697207,49
2,5,6,0.9308349121184576,49
2,6,7,0.9383853872617086,49
2,7,8,0.9367568322590419,49
2,8,9,0.9210789714540754,49
2,9,10,0.9007441429864793,49
3,1,2,0.8815682558786302,49
3,2,3,0.91919492823737,49
3,3,4,0.8917361214047387,49
3,4,5,0.9155915947187514,49
3,5,6,0.9246097490901038,49
3,6,7,0.926749450819833,49
3,7,8,0.9322945901325771,49
3,8,9,0.8915829970723107,49
3,9,10,0.8797424634297689,49
4,1,2,0.8861895345506214,49
4,2,3,0.924000933056786,49
4,3,4,0.908002807980492,49
4,4,5,0.9364666513034275,49
4,5,6,0.913783882345472,49
4,6,7,0.9194120310601734,49
4,7,8,0.9254073216801598,49
4,8,9,0.8791793613206773,49
4,9,10,0.8883817252658662,49
5,1,2,0.8654226348513648,49
5,2,3,0.9086249584243411,49
5,3,4,0.9147691783450899,49
5,4,5,0.9336463269733247,49
5,5,6,0.8883129869188581,49
5,6,7,0.9006199183918181,49
5,7,8,0.9139554443813506,49
5,8,9,0.8586950160208202,49
5,9,10,0.8795526623725891,49
6,1,2,0.8435833283833095,49
6,2,3,0.886945957229251,49
6,3,4,0.9051711105165028,49
6,4,5,0.9278469341141837,49
6,5,6,0.8732172733261472,49
6,6,7,0.8729253723507836,49
6,7,8,0.8963789485749745,49
6,8,9,0.8306262095769247,49
6,9,10,0.8502493727774847,49
7,1,2,0.8205293047995794,49
7,2,3,0.8707704941431681,49
7,3,4,0.873709465776171,49
7,4,5,0.9064921765100389,49
7,5,6,0.8546711916015262,49
7,6,7,0.8764679289999462,49
7,7,8,0.8801418259030297,49
7,8,9,0.8216426003546942,49
7,9,10,0.8332395212990897,49
8,1,2,0.816288675580706,49
8,2,3,0.8469336997895014,49
8,3,4,0.8458101777803331,49
8,4,5,0.8937837112517584,49
8,5,6,0.8372074252083188,49
8,6,7,0.8221841539655413,49
8,7,8,0.855733315149943,49
8,8,9,0.8037895929245722,49
8,9,10,0.803684915815081,49
9,1,2,0.7763109859966096,49
9,2,3,0.8194659607751029,49
9,3,4,0.8333625935372853,49
9,4,5,0.828642053263528,49
9,5,6,0.803079122588748,49
9,6,7,0.8300237144742694,49
9,7,8,0.8300532641864958,49
9,8,9,0.7736813823382059,49
9,9,10,0.7378672560056051,49
10,1,2,0.7190135050387609,49
10,2,3,0.771333566733769,49
10,3,4,0.8184372981389364,49
10,4,5,0.8361828979991731,49
10,5,6,0.7529775784129188,49
10,6,7,0.8997689258484614,49
10,7,8,0.839125394821167,49
10,8,9,0.7378211915493011,49
10,9,10,0.7472667438643319,49
11,1,2,0.7917106009664989,49
11,2,3,0.9169682718458629,49
11,3,4,0.940844592593965,49
11,4,5,0.8048216870852879,49
11,5,6,0.648824698868252,49
11,6,7,0.9227829575538635,49
11,7,8,0.657655302967344,49
11,8,9,0.8799614707628886,49
11,9,10,0.626882095776853,49
0,1,2,0.9525245385510581,50
0,2,3,0.9745610100882394,50
0,3,4,0.9596979043313435,50
0,4,5,0.9631277024745941,50
0,5,6,0.985452053802354,50
0,6,7,0.9815075482640948,50
0,7,8,0.9813570231199265,50
0,8,9,0.9881029341902051,50
0,9,10,0.9780613716159549,50
1,1,2,0.9526871080909457,50
1,2,3,0.9387414774724415,50
1,3,4,0.9408113466841834,50
1,4,5,0.942099752170699,50
1,5,6,0.9504427313804626,50
1,6,7,0.9508137021745954,50
1,7,8,0.9515758688960757,50
1,8,9,0.9462855011224747,50
1,9,10,0.9302740437643868,50
2,1,2,0.9361383255038943,50
2,2,3,0.9226929843425751,50
2,3,4,0.9296671577862331,50
2,4,5,0.9412300693137305,50
2,5,6,0.9360101329428809,50
2,6,7,0.9434643856116703,50
2,7,8,0.9409852113042559,50
2,8,9,0.9274963395936149,50
2,9,10,0.9095212178570884,50
3,1,2,0.8822933329003197,50
3,2,3,0.922713075365339,50
3,3,4,0.8893110858542579,50
3,4,5,0.914055700813021,50
3,5,6,0.9286114488329206,50
3,6,7,0.9322421593325478,50
3,7,8,0.9352534988096782,50
3,8,9,0.9030560808522361,50
3,9,10,0.8905743807554245,50
4,1,2,0.8876868592841285,50
4,2,3,0.9259959948914391,50
4,3,4,0.9062678962945938,50
4,4,5,0.9336373678275517,50
4,5,6,0.9154858461448124,50
4,6,7,0.9243529396397727,50
4,7,8,0.9250811423574176,50
4,8,9,0.8885873747723443,50
4,9,10,0.8949227205344609,50
5,1,2,0.8671560798372541,50
5,2,3,0.9093677316393171,50
5,3,4,0.9121161848306656,50
5,4,5,0.9287739438670022,50
5,5,6,0.8900213135140282,50
5,6,7,0.9065183017935071,50
5,7,8,0.9111531100102833,50
5,8,9,0.8655102955443519,50
5,9,10,0.8835608299289431,50
6,1,2,0.8455135630709785,50
6,2,3,0.8816349059343338,50
6,3,4,0.8997766524553299,50
6,4,5,0.9164055266550609,50
6,5,6,0.8709509032113212,50
6,6,7,0.8740424300943103,50
6,7,8,0.8921267709561757,50
6,8,9,0.8364981902497155,50
6,9,10,0.8492581993341446,50
7,1,2,0.822963114295687,50
7,2,3,0.8632085472345352,50
7,3,4,0.8674545437097549,50
7,4,5,0.8871609930481229,50
7,5,6,0.8481820694037846,50
7,6,7,0.8702901921101979,50
7,7,8,0.8729356825351715,50
7,8,9,0.8203589916229248,50
7,9,10,0.8322097041777202,50
8,1,2,0.8088710393224444,50
8,2,3,0.834480779511588,50
8,3,4,0.8350416975361961,50
8,4,5,0.863720783165523,50
8,5,6,0.8117377758026123,50
8,6,7,0.8202738038131169,50
8,7,8,0.8428758765969958,50
8,8,9,0.8050391333443778,50
8,9,10,0.8015085245881762,50
9,1,2,0.7646973878145218,50
9,2,3,0.8102541054998126,50
9,3,4,0.8152610212564468,50
9,4,5,0.7760564088821411,50
9,5,6,0.7543362038476127,50
9,6,7,0.8275580746786935,50
9,7,8,0.8107270534549441,50
9,8,9,0.7848297080823353,50
9,9,10,0.7434495240449905,50
10,1,2,0.6903936085956437,50
10,2,3,0.7532539878572736,50
10,3,4,0.7900067950998034,50
10,4,5,0.7273179824863162,50
10,5,6,0.6938108461243766,50
10,6,7,0.8906497380563191,50
10,7,8,0.8116169295140675,50
10,8,9,0.7237661278673581,50
10,9,10,0.7495016519512449,50
11,1,2,0.7357950529881886,50
11,2,3,0.913164707166808,50
11,3,4,0.9329979824168342,50
11,4,5,0.6647938231139311,50
11,5,6,0.5771348103880882,50
11,6,7,0.9230352299554008,50
11,7,8,0.6470268512410777,50
11,8,9,0.8795610900436129,50
11,9,10,0.7071055386747632,50
0,1,2,0.9703265786170959,51
0,2,3,0.9830848256746928,51
0,3,4,0.9782983144124349,51
0,4,5,0.9864971359570821,51
0,5,6,0.993716319402059,51
0,6,7,0.9859819849332173,51
0,7,8,0.9881893595059713,51
0,8,9,0.9901390512784322,51
0,9,10,0.9844408909479777,51
1,1,2,0.9680503129959106,51
1,2,3,0.9563303232192993,51
1,3,4,0.9616855462392171,51
1,4,5,0.9687636931737263,51
1,5,6,0.9684681534767151,51
1,6,7,0.9629924019177755,51
1,7,8,0.9638404170672099,51
1,8,9,0.9546752015749613,51
1,9,10,0.9496973951657613,51
2,1,2,0.955003829797109,51
2,2,3,0.9418365160624186,51
2,3,4,0.9506033102671305,51
2,4,5,0.9647549629211426,51
2,5,6,0.9581912755966187,51
2,6,7,0.9555827538172404,51
2,7,8,0.9551695386568705,51
2,8,9,0.9398407340049744,51
2,9,10,0.9345079700152079,51
3,1,2,0.909263281027476,51
3,2,3,0.937894606590271,51
3,3,4,0.915539578596751,51
3,4,5,0.937710436185201,51
3,5,6,0.9491018295288086,51
3,6,7,0.9439236521720886,51
3,7,8,0.9462936004002889,51
3,8,9,0.915301505724589,51
3,9,10,0.915568987528483,51
4,1,2,0.9114459315935771,51
4,2,3,0.9407343904177348,51
4,3,4,0.926893150806427,51
4,4,5,0.949727201461792,51
4,5,6,0.9365126013755798,51
4,6,7,0.9377562840779622,51
4,7,8,0.9382526675860087,51
4,8,9,0.9013791084289551,51
4,9,10,0.9154879291852315,51
5,1,2,0.8955752809842428,51
5,2,3,0.9275118112564087,51
5,3,4,0.9329177101453145,51
5,4,5,0.9461533625920614,51
5,5,6,0.912903348604838,51
5,6,7,0.9155453483263651,51
5,7,8,0.9243599851926168,51
5,8,9,0.8832116564114888,51
5,9,10,0.9066476225852966,51
6,1,2,0.8703158100446066,51
6,2,3,0.899659009774526,51
6,3,4,0.9118428468704224,51
6,4,5,0.9249492565790812,51
6,5,6,0.8917686422665914,51
6,6,7,0.8861843506495158,51
6,7,8,0.9040713946024577,51
6,8,9,0.865589690208435,51
6,9,10,0.8679109891255696,51
7,1,2,0.8511949976285299,51
7,2,3,0.8874650637308756,51
7,3,4,0.8846949934959412,51
7,4,5,0.898496683438619,51
7,5,6,0.8718985637029012,51
7,6,7,0.8894473512967428,51
7,7,8,0.8890910426775614,51
7,8,9,0.8495555400848389,51
7,9,10,0.8510263323783874,51
8,1,2,0.8438836375872294,51
8,2,3,0.8557894190152486,51
8,3,4,0.8504132787386577,51
8,4,5,0.8742578148841857,51
8,5,6,0.839356009165446,51
8,6,7,0.8598117589950561,51
8,7,8,0.8740129113197327,51
8,8,9,0.8338962157567342,51
8,9,10,0.8225803891817729,51
9,1,2,0.8145102143287659,51
9,2,3,0.8389367381731669,51
9,3,4,0.8338756799697876,51
9,4,5,0.794053832689921,51
9,5,6,0.7748844305674235,51
9,6,7,0.8609662771224975,51
9,7,8,0.843545929590861,51
9,8,9,0.8039825876553853,51
9,9,10,0.7902069568634034,51
10,1,2,0.7335864504178365,51
10,2,3,0.8017465313275655,51
10,3,4,0.8124654213587443,51
10,4,5,0.7362949053446451,51
10,5,6,0.7200856228669484,51
10,6,7,0.906003459294637,51
10,7,8,0.8448222438494365,51
10,8,9,0.7588775515556335,51
10,9,10,0.7684080322583516,51
11,1,2,0.7546856880187989,51
11,2,3,0.9430476347605388,51
11,3,4,0.9507705569267273,51
11,4,5,0.6496952780832846,51
11,5,6,0.5709211399157842,51
11,6,7,0.9403366605440776,51
11,7,8,0.6748617857694625,51
11,8,9,0.8898277163505555,51
11,9,10,0.6490508755048116,51
0,1,2,0.9296742876370748,52
0,2,3,0.9729536414146424,52
0,3,4,0.9350326855977377,52
0,4,5,0.9351662834485371,52
0,5,6,0.9781755208969116,52
0,6,7,0.9660166700681051,52
0,7,8,0.9759827454884847,52
0,8,9,0.9776756882667541,52
0,9,10,0.9660282611846924,52
1,1,2,0.9307876308759053,52
1,2,3,0.9262735684712727,52
1,3,4,0.9097866614659628,52
1,4,5,0.9037688851356507,52
1,5,6,0.9336889545122783,52
1,6,7,0.9194889744122823,52
1,7,8,0.9346916715304057,52
1,8,9,0.9284615476926168,52
1,9,10,0.9127180258433024,52
2,1,2,0.9042635321617126,52
2,2,3,0.9012557864189148,52
2,3,4,0.8930589358011881,52
2,4,5,0.9056449055671691,52
2,5,6,0.910368021329244,52
2,6,7,0.914086111386617,52
2,7,8,0.9216619292895,52
2,8,9,0.9083343863487243,52
2,9,10,0.8836644172668457,52
3,1,2,0.8354177037874858,52
3,2,3,0.9016015410423279,52
3,3,4,0.8482442776362101,52
3,4,5,0.8746822754542033,52
3,5,6,0.9043053905169169,52
3,6,7,0.9054198662439982,52
3,7,8,0.9173830032348633,52
3,8,9,0.8847039381663004,52
3,9,10,0.8642170945803325,52
4,1,2,0.8426976044972737,52
4,2,3,0.9062442859013875,52
4,3,4,0.8721721808115641,52
4,4,5,0.9024361292521159,52
4,5,6,0.8874233921368917,52
4,6,7,0.8962099234263102,52
4,7,8,0.9076326688130697,52
4,8,9,0.8717350800832112,52
4,9,10,0.8732476909955342,52
5,1,2,0.8236291964848836,52
5,2,3,0.8925121784210205,52
5,3,4,0.886119528611501,52
5,4,5,0.9020258744557699,52
5,5,6,0.8623125116030376,52
5,6,7,0.8812214533487955,52
5,7,8,0.8973421216011047,52
5,8,9,0.8482039888699849,52
5,9,10,0.8598647832870483,52
6,1,2,0.8123813192049663,52
6,2,3,0.8584272980690002,52
6,3,4,0.8773058533668519,52
6,4,5,0.8942542354265849,52
6,5,6,0.8441745082537333,52
6,6,7,0.8515422344207764,52
6,7,8,0.8708104332288106,52
6,8,9,0.8299954732259115,52
6,9,10,0.8175755937894186,52
7,1,2,0.7937686999638875,52
7,2,3,0.8437540253003438,52
7,3,4,0.8408033688863118,52
7,4,5,0.8631574074427287,52
7,5,6,0.8206305583318074,52
7,6,7,0.8423335671424865,52
7,7,8,0.8579344749450684,52
7,8,9,0.8039919257164001,52
7,9,10,0.7995880325635274,52
8,1,2,0.7650221983591715,52
8,2,3,0.8142320434252421,52
8,3,4,0.8103315114974976,52
8,4,5,0.848729411760966,52
8,5,6,0.794448725382487,52
8,6,7,0.7998743971188863,52
8,7,8,0.8330674012502034,52
8,8,9,0.7920865217844645,52
8,9,10,0.758245579401652,52
9,1,2,0.7275093158086141,52
9,2,3,0.7865762035051982,52
9,3,4,0.7895714124043782,52
9,4,5,0.7496374726295472,52
9,5,6,0.7242874701817831,52
9,6,7,0.8144265294075013,52
9,7,8,0.8124989231427511,52
9,8,9,0.7723497867584228,52
9,9,10,0.6813611586888632,52
10,1,2,0.6590931177139282,52
10,2,3,0.7506307721138,52
10,3,4,0.7669938206672668,52
10,4,5,0.706920725107193,52
10,5,6,0.6619328300158183,52
10,6,7,0.8788058837254842,52
10,7,8,0.8072578509648641,52
10,8,9,0.7044160187244415,52
10,9,10,0.6438880701859792,52
11,1,2,0.7071416596571605,52
11,2,3,0.8886522928873698,52
11,3,4,0.9049046039581299,52
11,4,5,0.64667662580808,52
11,5,6,0.5488480150699615,52
11,6,7,0.9408294717470805,52
11,7,8,0.7508032818635305,52
11,8,9,0.8993762532869974,52
11,9,10,0.650776332616806,52
0,1,2,0.9430649121602376,53
0,2,3,0.9704133590062459,53
0,3,4,0.9544430375099182,53
0,4,5,0.9544812083244324,53
0,5,6,0.9820443073908488,53
0,6,7,0.9805274724960327,53
0,7,8,0.9786741892496745,53
0,8,9,0.9872368216514588,53
0,9,10,0.9740362604459126,53
1,1,2,0.9452784021695455,53
1,2,3,0.9325830459594726,53
1,3,4,0.9350094755490621,53
1,4,5,0.9309667706489563,53
1,5,6,0.9416787385940552,53
1,6,7,0.9476757089296977,53
1,7,8,0.9481462041536967,53
1,8,9,0.9422536492347717,53
1,9,10,0.9185766379038492,53
2,1,2,0.92638072570165,53
2,2,3,0.917065441608429,53
2,3,4,0.9254509051640828,53
2,4,5,0.9331846117973328,53
2,5,6,0.9257615764935812,53
2,6,7,0.9377872506777446,53
2,7,8,0.9352527459462484,53
2,8,9,0.9233499725659688,53
2,9,10,0.8958145101865133,53
3,1,2,0.8731420834859213,53
3,2,3,0.9179527521133423,53
3,3,4,0.8852587143580118,53
3,4,5,0.908182958761851,53
3,5,6,0.9192229747772217,53
3,6,7,0.9284410516421,53
3,7,8,0.93079567750295,53
3,8,9,0.8956172943115235,53
3,9,10,0.8765075008074442,53
4,1,2,0.8791455268859864,53
4,2,3,0.9216756502787272,53
4,3,4,0.9038032134373982,53
4,4,5,0.9313023885091146,53
4,5,6,0.9069809118906657,53
4,6,7,0.9203623215357463,53
4,7,8,0.9204987446467082,53
4,8,9,0.8817345460255941,53
4,9,10,0.886098047097524,53
5,1,2,0.8569543600082398,53
5,2,3,0.9042686899503072,53
5,3,4,0.9089117725690206,53
5,4,5,0.9243551770846049,53
5,5,6,0.8790231744448344,53
5,6,7,0.9017536640167236,53
5,7,8,0.9053481578826904,53
5,8,9,0.8565714081128438,53
5,9,10,0.8754160364468893,53
6,1,2,0.8315773685773213,53
6,2,3,0.8875839432080587,53
6,3,4,0.9006948192914327,53
6,4,5,0.9191200057665507,53
6,5,6,0.8610893766085307,53
6,6,7,0.8732213338216146,53
6,7,8,0.8919002652168274,53
6,8,9,0.8232773145039877,53
6,9,10,0.8398189822832743,53
7,1,2,0.8067220171292623,53
7,2,3,0.8632554769515991,53
7,3,4,0.867218534151713,53
7,4,5,0.8920905391375223,53
7,5,6,0.8382360259691874,53
7,6,7,0.866846211751302,53
7,7,8,0.8694348494211833,53
7,8,9,0.8111335436503092,53
7,9,10,0.8258407751719157,53
8,1,2,0.7962546865145366,53
8,2,3,0.836471696694692,53
8,3,4,0.8387573838233948,53
8,4,5,0.8736550410588583,53
8,5,6,0.8111400286356608,53
8,6,7,0.8089231411616008,53
8,7,8,0.8341184814771017,53
8,8,9,0.7921509901682536,53
8,9,10,0.7934957623481751,53
9,1,2,0.7465499957402547,53
9,2,3,0.8093388319015503,53
9,3,4,0.8214839736620585,53
9,4,5,0.7934863924980163,53
9,5,6,0.7757032553354899,53
9,6,7,0.8203242262204488,53
9,7,8,0.8029520392417908,53
9,8,9,0.7811508496602376,53
9,9,10,0.7324662685394288,53
10,1,2,0.6722025732199352,53
10,2,3,0.7443360765775044,53
10,3,4,0.8056147972742717,53
10,4,5,0.779350213209788,53
10,5,6,0.7210071285565695,53
10,6,7,0.8868751962979634,53
10,7,8,0.8108433842658996,53
10,8,9,0.7183268249034882,53
10,9,10,0.7449130336443583,53
11,1,2,0.7580113132794698,53
11,2,3,0.9101824800173441,53
11,3,4,0.9312113126118978,53
11,4,5,0.7816216190656026,53
11,5,6,0.6003648420174916,53
11,6,7,0.9143429676691691,53
11,7,8,0.6163855393727621,53
11,8,9,0.8780956665674845,53
11,9,10,0.7570754786332449,53
0,1,2,0.9498718897501628,54
0,2,3,0.9813263654708863,54
0,3,4,0.9558151284853618,54
0,4,5,0.9602269093195598,54
0,5,6,0.9878299315770467,54
0,6,7,0.9719263235727946,54
0,7,8,0.9851031382878621,54
0,8,9,0.9826414108276367,54
0,9,10,0.9748659332593282,54
1,1,2,0.948036269346873,54
1,2,3,0.9426805257797242,54
1,3,4,0.9266884605089823,54
1,4,5,0.9278298576672872,54
1,5,6,0.9499866962432861,54
1,6,7,0.9304872155189514,54
1,7,8,0.9494840860366821,54
1,8,9,0.9379008968671163,54
1,9,10,0.9350534598032634,54
2,1,2,0.9244684696197509,54
2,2,3,0.9189218123753865,54
2,3,4,0.9102903882662455,54
2,4,5,0.9251793622970581,54
2,5,6,0.9268899242083232,54
2,6,7,0.9240968624750773,54
2,7,8,0.9363806923230489,54
2,8,9,0.9187158942222595,54
2,9,10,0.912149441242218,54
3,1,2,0.8657049735387167,54
3,2,3,0.9152755220731099,54
3,3,4,0.8685167988141378,54
3,4,5,0.8915068586667378,54
3,5,6,0.9175978819529216,54
3,6,7,0.914903982480367,54
3,7,8,0.9264106392860413,54
3,8,9,0.8940389553705851,54
3,9,10,0.8921836415926615,54
4,1,2,0.8710349241892497,54
4,2,3,0.9175565481185913,54
4,3,4,0.8853554606437684,54
4,4,5,0.9123259305953979,54
4,5,6,0.901655113697052,54
4,6,7,0.9060657024383545,54
4,7,8,0.9151646415392558,54
4,8,9,0.8832754453023275,54
4,9,10,0.8945785601933797,54
5,1,2,0.8527526299158732,54
5,2,3,0.9042216102282207,54
5,3,4,0.8980774760246277,54
5,4,5,0.9120164752006531,54
5,5,6,0.8855648756027221,54
5,6,7,0.891331938902537,54
5,7,8,0.9002479076385498,54
5,8,9,0.8578383406003316,54
5,9,10,0.8795296827952067,54
6,1,2,0.832065733273824,54
6,2,3,0.8744597832361857,54
6,3,4,0.8847333153088888,54
6,4,5,0.8990286389986674,54
6,5,6,0.8639922539393107,54
6,6,7,0.861629585425059,54
6,7,8,0.8809438308080038,54
6,8,9,0.8433669328689575,54
6,9,10,0.8429461042086284,54
7,1,2,0.8245634833971659,54
7,2,3,0.8622091849644978,54
7,3,4,0.8501282016436259,54
7,4,5,0.8651495099067688,54
7,5,6,0.8409696141878764,54
7,6,7,0.8532566706339518,54
7,7,8,0.8633370995521545,54
7,8,9,0.8171120127042134,54
7,9,10,0.818001925945282,54
8,1,2,0.8052368998527527,54
8,2,3,0.832990304629008,54
8,3,4,0.8155992070833842,54
8,4,5,0.836735212802887,54
8,5,6,0.8149772922197978,54
8,6,7,0.8338495651880901,54
8,7,8,0.8439770897229513,54
8,8,9,0.8079650521278381,54
8,9,10,0.7819737474123637,54
9,1,2,0.762683900197347,54
9,2,3,0.8148586710294088,54
9,3,4,0.7945861379305522,54
9,4,5,0.7487039526303609,54
9,5,6,0.7554893970489502,54
9,6,7,0.8447420199712118,54
9,7,8,0.8156660755475362,54
9,8,9,0.7821807940800984,54
9,9,10,0.7468555450439454,54
10,1,2,0.7093435605367024,54
10,2,3,0.7944675167401631,54
10,3,4,0.7768069346745808,54
10,4,5,0.6866013864676158,54
10,5,6,0.7149126609166463,54
10,6,7,0.888417367140452,54
10,7,8,0.8209446986516317,54
10,8,9,0.7303091088930765,54
10,9,10,0.6760096530119578,54
11,1,2,0.7532488246758778,54
11,2,3,0.9202349265416463,54
11,3,4,0.9158873875935872,54
11,4,5,0.5951057178278764,54
11,5,6,0.5420037319262823,54
11,6,7,0.9443625450134278,54
11,7,8,0.7716016411781311,54
11,8,9,0.9000579555829366,54
11,9,10,0.5717834621667862,54
0,1,2,0.9436449249585469,55
0,2,3,0.9754636526107788,55
0,3,4,0.9545316815376281,55
0,4,5,0.9539108912150065,55
0,5,6,0.9827026287714641,55
0,6,7,0.9809144139289856,55
0,7,8,0.9778178135553995,55
0,8,9,0.9868311564127604,55
0,9,10,0.9766144156455994,55
1,1,2,0.944490893681844,55
1,2,3,0.9350451668103535,55
1,3,4,0.9356909434000651,55
1,4,5,0.9289225618044535,55
1,5,6,0.940017831325531,55
1,6,7,0.9446993509928385,55
1,7,8,0.9409142295519511,55
1,8,9,0.9348922848701477,55
1,9,10,0.9150273084640503,55
2,1,2,0.9270639538764953,55
2,2,3,0.9160816113154093,55
2,3,4,0.923790693283081,55
2,4,5,0.9319259365399678,55
2,5,6,0.9243436694145203,55
2,6,7,0.9337883869806926,55
2,7,8,0.9287697792053222,55
2,8,9,0.9143334070841471,55
2,9,10,0.8898173054059346,55
3,1,2,0.8720187028249105,55
3,2,3,0.9187981764475505,55
3,3,4,0.8833797256151835,55
3,4,5,0.903973372777303,55
3,5,6,0.9205453991889954,55
3,6,7,0.9235039989153544,55
3,7,8,0.9251826802889506,55
3,8,9,0.8835143963495891,55
3,9,10,0.8662625114123027,55
4,1,2,0.8753739953041076,55
4,2,3,0.921176286538442,55
4,3,4,0.905206561088562,55
4,4,5,0.9284666617711385,55
4,5,6,0.9070887645085652,55
4,6,7,0.9148886919021606,55
4,7,8,0.9170596440633138,55
4,8,9,0.8732511043548584,55
4,9,10,0.878321397304535,55
5,1,2,0.8526128570238749,55
5,2,3,0.9058788418769836,55
5,3,4,0.9111923694610595,55
5,4,5,0.9227986415227254,55
5,5,6,0.878480064868927,55
5,6,7,0.8944838643074036,55
5,7,8,0.9037901401519776,55
5,8,9,0.8555848995844523,55
5,9,10,0.8716336210568746,55
6,1,2,0.8296438058217367,55
6,2,3,0.8758170406023661,55
6,3,4,0.8913682421048482,55
6,4,5,0.9046148141225179,55
6,5,6,0.8582669138908386,55
6,6,7,0.8654690742492676,55
6,7,8,0.8806448181470236,55
6,8,9,0.8316654205322266,55
6,9,10,0.8326473156611125,55
7,1,2,0.8009012579917908,55
7,2,3,0.8552021066347758,55
7,3,4,0.862314780553182,55
7,4,5,0.8795235832532247,55
7,5,6,0.8379693468411763,55
7,6,7,0.8653449813524882,55
7,7,8,0.8625250697135926,55
7,8,9,0.8084004918734232,55
7,9,10,0.8058997432390849,55
8,1,2,0.783843195438385,55
8,2,3,0.822525409857432,55
8,3,4,0.8267633080482483,55
8,4,5,0.8590685844421386,55
8,5,6,0.8095296065012614,55
8,6,7,0.8019753774007161,55
8,7,8,0.8338041663169861,55
8,8,9,0.7902488827705383,55
8,9,10,0.7766497770945231,55
9,1,2,0.7479717214902242,55
9,2,3,0.791386624177297,55
9,3,4,0.8051218787829081,55
9,4,5,0.7604633808135987,55
9,5,6,0.7368521014849345,55
9,6,7,0.8183786431948344,55
9,7,8,0.8039604743321737,55
9,8,9,0.7585548440615336,55
9,9,10,0.6900292714436849,55
10,1,2,0.6640944341818492,55
10,2,3,0.7523997823397318,55
10,3,4,0.7857710242271423,55
10,4,5,0.7073660771052043,55
10,5,6,0.6744183659553528,55
10,6,7,0.8828618248303731,55
10,7,8,0.801960535844167,55
10,8,9,0.7022131303946177,55
10,9,10,0.6943146785100301,55
11,1,2,0.6991384188334148,55
11,2,3,0.9052049398422242,55
11,3,4,0.9322120745976766,55
11,4,5,0.625745386754473,55
11,5,6,0.5203669359286626,55
11,6,7,0.928760806719462,55
11,7,8,0.6227315157651901,55
11,8,9,0.8830824891726176,55
11,9,10,0.550322599709034,55
0,1,2,0.9532745906284877,56
0,2,3,0.9790100767498925,56
0,3,4,0.9587479716255551,56
0,4,5,0.965009677977789,56
0,5,6,0.9879225464094252,56
0,6,7,0.9732183218002319,56
0,7,8,0.9862492027736846,56
0,8,9,0.9828191172508967,56
0,9,10,0.9726186451457796,56
1,1,2,0.9517168970335097,56
1,2,3,0.9445854028066,56
1,3,4,0.9315841169584365,56
1,4,5,0.936594423793611,56
1,5,6,0.9533005016190665,56
1,6,7,0.9371591664495922,56
1,7,8,0.9543467788469224,56
1,8,9,0.940879918280102,56
1,9,10,0.9343473882902236,56
2,1,2,0.9294145447867257,56
2,2,3,0.9255685295377459,56
2,3,4,0.9177980053992498,56
2,4,5,0.9334461632229033,56
2,5,6,0.9321632952917189,56
2,6,7,0.9292598934400649,56
2,7,8,0.9417108013516381,56
2,8,9,0.9246550486201331,56
2,9,10,0.9154003773416791,56
3,1,2,0.8709622706685748,56
3,2,3,0.9197405434790111,56
3,3,4,0.8767341517266773,56
3,4,5,0.9006255269050598,56
3,5,6,0.9205578707513355,56
3,6,7,0.9181527949514843,56
3,7,8,0.9314056322688148,56
3,8,9,0.8968379554294404,56
3,9,10,0.8956516158013117,56
4,1,2,0.878622177101317,56
4,2,3,0.922924226238614,56
4,3,4,0.893210714771634,56
4,4,5,0.9220076742626372,56
4,5,6,0.9054557936532157,56
4,6,7,0.9085930529094878,56
4,7,8,0.9209284271512713,56
4,8,9,0.8823876522836231,56
4,9,10,0.8972609298569816,56
5,1,2,0.8611078773226056,56
5,2,3,0.909626977784293,56
5,3,4,0.9064699979055495,56
5,4,5,0.923782658009302,56
5,5,6,0.8877826730410258,56
5,6,7,0.8883537905556815,56
5,7,8,0.9050236145655314,56
5,8,9,0.8549601776259286,56
5,9,10,0.8831567253385272,56
6,1,2,0.8396495978037516,56
6,2,3,0.8818833118393308,56
6,3,4,0.8981372316678365,56
6,4,5,0.9166367110751924,56
6,5,6,0.8648428377651033,56
6,6,7,0.8557196713629223,56
6,7,8,0.8854351497831798,56
6,8,9,0.8302079070182073,56
6,9,10,0.8446769373757499,56
7,1,2,0.8290142189888727,56
7,2,3,0.8758957386016846,56
7,3,4,0.8657226534116835,56
7,4,5,0.8878473753020877,56
7,5,6,0.8423446814219157,56
7,6,7,0.8548951120603652,56
7,7,8,0.8766960842268807,56
7,8,9,0.8251335819562277,56
7,9,10,0.834294597307841,56
8,1,2,0.8204066299256825,56
8,2,3,0.8480608945801145,56
8,3,4,0.837759772936503,56
8,4,5,0.86980877887635,56
8,5,6,0.8226419772420611,56
8,6,7,0.8322807522047133,56
8,7,8,0.8553415536880493,56
8,8,9,0.8156664541789463,56
8,9,10,0.7994653838021415,56
9,1,2,0.7719989191918146,56
9,2,3,0.833159517674219,56
9,3,4,0.8210729474113101,56
9,4,5,0.8052352524939037,56
9,5,6,0.7883504600751967,56
9,6,7,0.8377554672104972,56
9,7,8,0.8303651923225039,56
9,8,9,0.7919337352116903,56
9,9,10,0.7807340252967108,56
10,1,2,0.7252648671468099,56
10,2,3,0.7887800279117766,56
10,3,4,0.8055311611720494,56
10,4,5,0.7929016607148307,56
10,5,6,0.7503047415188381,56
10,6,7,0.8972927048092797,56
10,7,8,0.8441531573023114,56
10,8,9,0.7520450211706615,56
10,9,10,0.7233556083270481,56
11,1,2,0.8121518010184878,56
11,2,3,0.9302220940589905,56
11,3,4,0.9236535458337694,56
11,4,5,0.779274738970257,56
11,5,6,0.6489204253469195,56
11,6,7,0.9286976201193673,56
11,7,8,0.7811032817477271,56
11,8,9,0.897144751889365,56
11,9,10,0.6488896885088512,56
0,1,2,0.9588738906951177,57
0,2,3,0.9819542992682684,57
0,3,4,0.9614565769831339,57
0,4,5,0.9689495677039737,57
0,5,6,0.9890504990305219,57
0,6,7,0.9760417909849257,57
0,7,8,0.9867771920703706,57
0,8,9,0.9832764665285746,57
0,9,10,0.9717566200665065,57
1,1,2,0.9560427836009434,57
1,2,3,0.9500578045845032,57
1,3,4,0.9355125058264959,57
1,4,5,0.9412288949603126,57
1,5,6,0.9578412090029035,57
1,6,7,0.9432207260813031,57
1,7,8,0.9564885639009022,57
1,8,9,0.9424617290496826,57
1,9,10,0.934105322474525,57
2,1,2,0.9357597146715436,57
2,2,3,0.9323770659310477,57
2,3,4,0.9248085419336954,57
2,4,5,0.9388228229113987,57
2,5,6,0.9380369016102382,57
2,6,7,0.9363298132306054,57
2,7,8,0.9445839126904806,57
2,8,9,0.9266513018381028,57
2,9,10,0.9176152291752043,57
3,1,2,0.8790130672000703,57
3,2,3,0.9265387029874892,57
3,3,4,0.8844576421238127,57
3,4,5,0.9057726093700954,57
3,5,6,0.9260698500133696,57
3,6,7,0.9233562832786923,57
3,7,8,0.9325374166170756,57
3,8,9,0.9013305732182094,57
3,9,10,0.8971362880298069,57
4,1,2,0.8852173714410692,57
4,2,3,0.927787979443868,57
4,3,4,0.9012907033874875,57
4,4,5,0.9280095554533458,57
4,5,6,0.9125394622484843,57
4,6,7,0.9132792467162723,57
4,7,8,0.9240447254407973,57
4,8,9,0.8907871615319025,57
4,9,10,0.8978258768717448,57
5,1,2,0.8647646052496774,57
5,2,3,0.9144040970575242,57
5,3,4,0.9144858093488784,57
5,4,5,0.9304854018347604,57
5,5,6,0.8920524943442572,57
5,6,7,0.8928898260706947,57
5,7,8,0.9085000242505755,57
5,8,9,0.8673970245179676,57
5,9,10,0.8858356816428048,57
6,1,2,0.8384214809962681,57
6,2,3,0.8859575731413705,57
6,3,4,0.9077397811980474,57
6,4,5,0.9241112811224801,57
6,5,6,0.8730925009364173,57
6,6,7,0.8629509352502369,57
6,7,8,0.8868862021537054,57
6,8,9,0.8387818989299592,57
6,9,10,0.8463805970691499,57
7,1,2,0.8298090611185346,57
7,2,3,0.8850527774719965,57
7,3,4,0.8803943310465131,57
7,4,5,0.8947386429423377,57
7,5,6,0.8495413888068426,57
7,6,7,0.863337828999474,57
7,7,8,0.8845857353437514,57
7,8,9,0.8400541515577407,57
7,9,10,0.8364455983752296,57
8,1,2,0.8298121463684809,57
8,2,3,0.8568272505487714,57
8,3,4,0.8593734758240836,57
8,4,5,0.8765839536984762,57
8,5,6,0.8282244915053958,57
8,6,7,0.8322798155602955,57
8,7,8,0.8621810532751537,57
8,8,9,0.8365381303287688,57
8,9,10,0.8064027002879551,57
9,1,2,0.7728171745936075,57
9,2,3,0.8449537385077703,57
9,3,4,0.8362757932572138,57
9,4,5,0.8212301929791769,57
9,5,6,0.7939726823852176,57
9,6,7,0.8401682149796259,57
9,7,8,0.8401151696840922,57
9,8,9,0.8051428539412362,57
9,9,10,0.7872803580193293,57
10,1,2,0.7257076076098851,57
10,2,3,0.7868080962271917,57
10,3,4,0.8081869028863453,57
10,4,5,0.7986434499422709,57
10,5,6,0.760421131338392,57
10,6,7,0.9041710779780433,57
10,7,8,0.8545340867269606,57
10,8,9,0.7716589172681173,57
10,9,10,0.7322551835150946,57
11,1,2,0.7954385791506086,57
11,2,3,0.9341236807051159,57
11,3,4,0.9245913113866534,57
11,4,5,0.7890420016788301,57
11,5,6,0.7378727339562916,57
11,6,7,0.918715408870152,57
11,7,8,0.6973917015961238,57
11,8,9,0.8852678764434088,57
11,9,10,0.6328756234475544,57
0,1,2,0.9264699578285217,58
0,2,3,0.9741027434666951,58
0,3,4,0.9368809779485067,58
0,4,5,0.9357348084449768,58
0,5,6,0.9777835170427959,58
0,6,7,0.965671972433726,58
0,7,8,0.9740036487579345,58
0,8,9,0.9767821391423543,58
0,9,10,0.9654332796732584,58
1,1,2,0.9282199184099833,58
1,2,3,0.9284581780433655,58
1,3,4,0.9133183081944783,58
1,4,5,0.9041696031888325,58
1,5,6,0.933565866947174,58
1,6,7,0.9203897555669148,58
1,7,8,0.9313914895057678,58
1,8,9,0.9264822085698445,58
1,9,10,0.9093627611796061,58
2,1,2,0.9016539176305135,58
2,2,3,0.9040874401728313,58
2,3,4,0.8969373822212219,58
2,4,5,0.9085282524426778,58
2,5,6,0.9111488024393718,58
2,6,7,0.9153920531272888,58
2,7,8,0.9178954482078552,58
2,8,9,0.9081585129102071,58
2,9,10,0.8794435938199361,58
3,1,2,0.8328570008277894,58
3,2,3,0.9057040055592854,58
3,3,4,0.852575667699178,58
3,4,5,0.8775619467099508,58
3,5,6,0.9050163706143697,58
3,6,7,0.9076216697692872,58
3,7,8,0.9146517793337504,58
3,8,9,0.8841986934343974,58
3,9,10,0.8576850136121114,58
4,1,2,0.8376939376195272,58
4,2,3,0.9061876853307088,58
4,3,4,0.8773127277692159,58
4,4,5,0.9061960538228353,58
4,5,6,0.8881738424301148,58
4,6,7,0.897260312239329,58
4,7,8,0.903822644551595,58
4,8,9,0.8732659896214803,58
4,9,10,0.8707230488459269,58
5,1,2,0.8137732744216919,58
5,2,3,0.8933016975720723,58
5,3,4,0.8928864081700643,58
5,4,5,0.9041177113850911,58
5,5,6,0.8581633845965068,58
5,6,7,0.8818504412968954,58
5,7,8,0.8913156747817993,58
5,8,9,0.8522334456443786,58
5,9,10,0.8631969412167867,58
6,1,2,0.801072072982788,58
6,2,3,0.8583964943885803,58
6,3,4,0.8787810484568278,58
6,4,5,0.8942896962165833,58
6,5,6,0.8435671925544739,58
6,6,7,0.8543481151262919,58
6,7,8,0.8625623861948649,58
6,8,9,0.8260368824005127,58
6,9,10,0.8173372507095337,58
7,1,2,0.7797578334808349,58
7,2,3,0.845074188709259,58
7,3,4,0.8487953424453736,58
7,4,5,0.8683510422706604,58
7,5,6,0.8228036880493164,58
7,6,7,0.8431902686754863,58
7,7,8,0.8513648827870687,58
7,8,9,0.8052850763003031,58
7,9,10,0.797478957970937,58
8,1,2,0.7512641072273254,58
8,2,3,0.8128421743710835,58
8,3,4,0.8194605946540833,58
8,4,5,0.8573809782663981,58
8,5,6,0.8009819587071737,58
8,6,7,0.7875992258389791,58
8,7,8,0.8223416924476623,58
8,8,9,0.7899907231330872,58
8,9,10,0.7636449972788493,58
9,1,2,0.709844704469045,58
9,2,3,0.7839842001597087,58
9,3,4,0.7955291430155437,58
9,4,5,0.7584128499031066,58
9,5,6,0.7214701135953268,58
9,6,7,0.8079339941342671,58
9,7,8,0.801313328742981,58
9,8,9,0.7759815613428752,58
9,9,10,0.6803525487581888,58
10,1,2,0.6195792456467947,58
10,2,3,0.7290425896644592,58
10,3,4,0.7733723521232605,58
10,4,5,0.7187425136566162,58
10,5,6,0.6647441029548645,58
10,6,7,0.8726407130559285,58
10,7,8,0.7969974199930827,58
10,8,9,0.6957652350266774,58
10,9,10,0.6396746814250946,58
11,1,2,0.6728718101978302,58
11,2,3,0.8896767695744833,58
11,3,4,0.9065490961074829,58
11,4,5,0.6555449207623799,58
11,5,6,0.5363047540187835,58
11,6,7,0.923788579305013,58
11,7,8,0.6152756800254185,58
11,8,9,0.8839113910992941,58
11,9,10,0.6425269703070323,58
0,1,2,0.9403028119178045,59
0,2,3,0.9761211900483995,59
0,3,4,0.9436094022932506,59
0,4,5,0.945223989940825,59
0,5,6,0.9810070026488531,59
0,6,7,0.9702273011207581,59
0,7,8,0.9786717267263503,59
0,8,9,0.9812040953409105,59
0,9,10,0.9669039731933957,59
1,1,2,0.9404932799793425,59
1,2,3,0.9344314847673688,59
1,3,4,0.9171892688387916,59
1,4,5,0.9128371250061762,59
1,5,6,0.935558503582364,59
1,6,7,0.9256095886230469,59
1,7,8,0.9400620886257717,59
1,8,9,0.9286701537313915,59
1,9,10,0.909361447606768,59
2,1,2,0.9186596955571856,59
2,2,3,0.9129578045436314,59
2,3,4,0.9037031275885445,59
2,4,5,0.9135634586924598,59
2,5,6,0.9119920162927537,59
2,6,7,0.9209605341865903,59
2,7,8,0.9267447108314151,59
2,8,9,0.9077397386233012,59
2,9,10,0.8873182393255687,59
3,1,2,0.8506107727686564,59
3,2,3,0.9119449626831782,59
3,3,4,0.8559295960835048,59
3,4,5,0.876628767876398,59
3,5,6,0.903965087164016,59
3,6,7,0.9085819550922939,59
3,7,8,0.9180354589507693,59
3,8,9,0.8772175084976923,59
3,9,10,0.8619712335722787,59
4,1,2,0.8596387590680804,59
4,2,3,0.9131485110237485,59
4,3,4,0.881917519228799,59
4,4,5,0.9069409767786661,59
4,5,6,0.8893166014126369,59
4,6,7,0.896862750961667,59
4,7,8,0.9099034950846717,59
4,8,9,0.8690919081370035,59
4,9,10,0.8724515523229327,59
5,1,2,0.8342191662107196,59
5,2,3,0.8971563833100455,59
5,3,4,0.8938123981157938,59
5,4,5,0.9058907486143566,59
5,5,6,0.8667376041412354,59
5,6,7,0.8770813885189238,59
5,7,8,0.8950834785188947,59
5,8,9,0.8475688809440249,59
5,9,10,0.8593531080654689,59
6,1,2,0.8151563803354899,59
6,2,3,0.8606573371660142,59
6,3,4,0.886539720353626,59
6,4,5,0.8973288933436075,59
6,5,6,0.844280291171301,59
6,6,7,0.8459072879382542,59
6,7,8,0.8706140716870626,59
6,8,9,0.8146705627441406,59
6,9,10,0.8214936625389826,59
7,1,2,0.7932327020735968,59
7,2,3,0.8518458264214652,59
7,3,4,0.8529455008960906,59
7,4,5,0.8632793653578985,59
7,5,6,0.8185062181381952,59
7,6,7,0.8422678283282689,59
7,7,8,0.8656510426884606,59
7,8,9,0.8048909334909349,59
7,9,10,0.8006262892768496,59
8,1,2,0.7844697605995905,59
8,2,3,0.8196328253973097,59
8,3,4,0.8262180799529666,59
8,4,5,0.8383768513089135,59
8,5,6,0.7870396035058158,59
8,6,7,0.7928628013247535,59
8,7,8,0.8298584762073699,59
8,8,9,0.7951097318104335,59
8,9,10,0.7690287232398987,59
9,1,2,0.7240861171767825,59
9,2,3,0.7982706569489979,59
9,3,4,0.7992161427225385,59
9,4,5,0.7451330366588774,59
9,5,6,0.7202808289300828,59
9,6,7,0.808742500486828,59
9,7,8,0.804595947265625,59
9,8,9,0.7654360504377455,59
9,9,10,0.7093772944949922,59
10,1,2,0.6705198117664882,59
10,2,3,0.7389952313332331,59
10,3,4,0.7647668378693717,59
10,4,5,0.682813701175508,59
10,5,6,0.6716975569725037,59
10,6,7,0.8812182829493568,59
10,7,8,0.8005941822415307,59
10,8,9,0.716543870312827,59
10,9,10,0.6719622285593123,59
11,1,2,0.7163162728150686,59
11,2,3,0.8996698998269581,59
11,3,4,0.9054175530161176,59
11,4,5,0.6014245395504293,59
11,5,6,0.5774790084078198,59
11,6,7,0.9197865043367658,59
11,7,8,0.7521630298523676,59
11,8,9,0.8892443861280169,59
11,9,10,0.5949485376477242,59
0,1,2,0.9476877507709321,60
0,2,3,0.9722509639603751,60
0,3,4,0.9576763397171384,60
0,4,5,0.9590959094819569,60
0,5,6,0.9849501592772347,60
0,6,7,0.9818203222183954,60
0,7,8,0.9804321044967288,60
0,8,9,0.9876306738172259,60
0,9,10,0.9790305552028474,60
1,1,2,0.9480481516747248,60
1,2,3,0.9334070824441456,60
1,3,4,0.9369509106590634,60
1,4,5,0.935697371051425,60
1,5,6,0.9450233720597767,60
1,6,7,0.9496080421266102,60
1,7,8,0.9472989922478086,60
1,8,9,0.938972362450191,60
1,9,10,0.923119184516725,60
2,1,2,0.93009143500101,60
2,2,3,0.9174623943510509,60
2,3,4,0.9274808452242896,60
2,4,5,0.9377448360125223,60
2,5,6,0.9284451206525167,60
2,6,7,0.9371451820646014,60
2,7,8,0.9351448132878258,60
2,8,9,0.9176067738305955,60
2,9,10,0.9012320609319777,60
3,1,2,0.8793517464683169,60
3,2,3,0.9174892249561492,60
3,3,4,0.887732187906901,60
3,4,5,0.9107276626995632,60
3,5,6,0.9216774389857337,60
3,6,7,0.9254595211574009,60
3,7,8,0.9295821360179356,60
3,8,9,0.8881468772888184,60
3,9,10,0.8802572857765925,60
4,1,2,0.8849672760282244,60
4,2,3,0.922306892417726,60
4,3,4,0.9046780779248192,60
4,4,5,0.9327384943053836,60
4,5,6,0.9099500008991787,60
4,6,7,0.917431925024305,60
4,7,8,0.9210507387206668,60
4,8,9,0.8767919483638945,60
4,9,10,0.8868328645115807,60
5,1,2,0.8655397523017156,60
5,2,3,0.9054647116434007,60
5,3,4,0.9111056072371346,60
5,4,5,0.9289805463382176,60
5,5,6,0.8872465718360174,60
5,6,7,0.9005066128004164,60
5,7,8,0.9062753376506624,60
5,8,9,0.852382915360587,60
5,9,10,0.8757035845801944,60
6,1,2,0.8391229198092506,60
6,2,3,0.8854215883073353,60
6,3,4,0.9039534018153236,60
6,4,5,0.9234672046843029,60
6,5,6,0.8705052279290699,60
6,6,7,0.8689141358648028,60
6,7,8,0.8901580742427281,60
6,8,9,0.8218357307570321,60
6,9,10,0.8491863154229664,60
7,1,2,0.8162047181810651,60
7,2,3,0.8656092655091059,60
7,3,4,0.8686675486110506,60
7,4,5,0.8971116486049834,60
7,5,6,0.8509142767815363,60
7,6,7,0.8691386239869254,60
7,7,8,0.871093233426412,60
7,8,9,0.8081802527109782,60
7,9,10,0.8253162020728702,60
8,1,2,0.8111022086370558,60
8,2,3,0.8391682165009635,60
8,3,4,0.8381144546327137,60
8,4,5,0.8749294366155352,60
8,5,6,0.826141479469481,60
8,6,7,0.8173631770270211,60
8,7,8,0.8427050624574933,60
8,8,9,0.7924506891341436,60
8,9,10,0.7974746454329718,60
9,1,2,0.7655852323486692,60
9,2,3,0.8114861420222691,60
9,3,4,0.81895398242133,60
9,4,5,0.8029288308961051,60
9,5,6,0.7918229557219005,60
9,6,7,0.8222455751328241,60
9,7,8,0.8101664980252584,60
9,8,9,0.7637209466525486,60
9,9,10,0.7343544846489316,60
10,1,2,0.7167654874778929,60
10,2,3,0.767962844598861,60
10,3,4,0.8057104207220531,60
10,4,5,0.7959734797477722,60
10,5,6,0.7356540759404501,60
10,6,7,0.8934189223107838,60
10,7,8,0.8199142813682556,60
10,8,9,0.7242505507809776,60
10,9,10,0.742505879629226,60
11,1,2,0.8004836752301171,60
11,2,3,0.9133521914482117,60
11,3,4,0.9378443445478167,60
11,4,5,0.7875084053902399,60
11,5,6,0.6295980314413706,60
11,6,7,0.9190357611292884,60
11,7,8,0.6381359511897677,60
11,8,9,0.8744779399463108,60
11,9,10,0.623780617756503,60
0,1,2,0.9606010942232042,61
0,2,3,0.9823961144401914,61
0,3,4,0.9611625699769883,61
0,4,5,0.9690114628700983,61
0,5,6,0.9890477118037996,61
0,6,7,0.9752761977059501,61
0,7,8,0.9868716796239217,61
0,8,9,0.9845823276610601,61
0,9,10,0.9740593149548485,61
1,1,2,0.9581242601076762,61
1,2,3,0.9510970484642756,61
1,3,4,0.9362089861006964,61
1,4,5,0.9416252913929167,61
1,5,6,0.9579695463180542,61
1,6,7,0.9398171305656433,61
1,7,8,0.9565384671801612,61
1,8,9,0.9447128063156491,61
1,9,10,0.9386267889113653,61
2,1,2,0.9389154996190753,61
2,2,3,0.9333299426805406,61
2,3,4,0.9229045169694083,61
2,4,5,0.9374666611353556,61
2,5,6,0.9381985096704393,61
2,6,7,0.9361005453836351,61
2,7,8,0.9456876033828372,61
2,8,9,0.9279615850675673,61
2,9,10,0.9213106348401024,61
3,1,2,0.8808620231492179,61
3,2,3,0.9279136288733709,61
3,3,4,0.8814651540347508,61
3,4,5,0.9026591493969872,61
3,5,6,0.9256051494961693,61
3,6,7,0.9231411048344204,61
3,7,8,0.9338658168202355,61
3,8,9,0.9025809622946239,61
3,9,10,0.8990987368992397,61
4,1,2,0.8875728930745806,61
4,2,3,0.9284306111789885,61
4,3,4,0.8988075994309925,61
4,4,5,0.9234205228941781,61
4,5,6,0.9115570215951829,61
4,6,7,0.9126106330326625,61
4,7,8,0.9252151591437203,61
4,8,9,0.8920542682920184,61
4,9,10,0.8995948519025531,61
5,1,2,0.867195311046782,61
5,2,3,0.9145509884470985,61
5,3,4,0.910848353590284,61
5,4,5,0.924761176109314,61
5,5,6,0.8934508051191058,61
5,6,7,0.8924212285450527,61
5,7,8,0.9103774825731913,61
5,8,9,0.8686102884156364,61
5,9,10,0.8851898057120187,61
6,1,2,0.8484760976973034,61
6,2,3,0.879185710634504,61
6,3,4,0.9019538362820944,61
6,4,5,0.9137244735445295,61
6,5,6,0.8704762288502285,61
6,6,7,0.862552903947376,61
6,7,8,0.8872509286517188,61
6,8,9,0.8414499192010789,61
6,9,10,0.8467121862229847,61
7,1,2,0.837049350852058,61
7,2,3,0.8765089199656532,61
7,3,4,0.8712031954810733,61
7,4,5,0.8812560779707772,61
7,5,6,0.8466180222375053,61
7,6,7,0.8620104988416036,61
7,7,8,0.8841696069354102,61
7,8,9,0.8369077444076538,61
7,9,10,0.8350037875629607,61
8,1,2,0.8286672149385724,61
8,2,3,0.8462202577363878,61
8,3,4,0.8466339537075588,61
8,4,5,0.855247560001555,61
8,5,6,0.8132217327753702,61
8,6,7,0.8320475050381252,61
8,7,8,0.8576053778330485,61
8,8,9,0.8339266975720724,61
8,9,10,0.8011304622604734,61
9,1,2,0.772719281060355,61
9,2,3,0.8353806450253441,61
9,3,4,0.8211289445559183,61
9,4,5,0.7818362826392764,61
9,5,6,0.7590993160293216,61
9,6,7,0.8446034107889447,61
9,7,8,0.831595398130871,61
9,8,9,0.8025029301643372,61
9,9,10,0.7824091230119977,61
10,1,2,0.7206219150906518,61
10,2,3,0.7807276504380363,61
10,3,4,0.7866967235292707,61
10,4,5,0.7167664482480004,61
10,5,6,0.7175900496187664,61
10,6,7,0.8990118134589422,61
10,7,8,0.8340214348974682,61
10,8,9,0.7626338799794515,61
10,9,10,0.7175736555031368,61
11,1,2,0.7573855306421008,61
11,2,3,0.9299832639240083,61
11,3,4,0.9194598623684475,61
11,4,5,0.6195079969863097,61
11,5,6,0.6237560659646988,61
11,6,7,0.9270079817090716,61
11,7,8,0.766329634757269,61
11,8,9,0.8937664060365587,61
11,9,10,0.6240483813342594,61
0,1,2,0.951152727717445,62
0,2,3,0.9732112685839335,62
0,3,4,0.9580682544481187,62
0,4,5,0.9596991964748928,62
0,5,6,0.98481114421572,62
0,6,7,0.9813066493897211,62
0,7,8,0.9816910141990298,62
0,8,9,0.9888711685226077,62
0,9,10,0.9813895537739709,62
1,1,2,0.9512831029437837,62
1,2,3,0.9354016383488973,62
1,3,4,0.9383809907095773,62
1,4,5,0.9377743176051548,62
1,5,6,0.9462418754895529,62
1,6,7,0.9479394044194903,62
1,7,8,0.9486054323968434,62
1,8,9,0.9413887035279047,62
1,9,10,0.9283956062226069,62
2,1,2,0.9345727789969671,62
2,2,3,0.9192838186309451,62
2,3,4,0.9257624575069973,62
2,4,5,0.9364230576015654,62
2,5,6,0.9294752478599548,62
2,6,7,0.9376968400818961,62
2,7,8,0.9375064514932179,62
2,8,9,0.919878173442114,62
2,9,10,0.9063381212098258,62
3,1,2,0.8815204614684695,62
3,2,3,0.9200374398912702,62
3,3,4,0.8846076528231303,62
3,4,5,0.9079373365356809,62
3,5,6,0.9226960170836676,62
3,6,7,0.9267075459162394,62
3,7,8,0.9327956665129888,62
3,8,9,0.8902797188077655,62
3,9,10,0.8834578849020458,62
4,1,2,0.888716995716095,62
4,2,3,0.9243650209336054,62
4,3,4,0.9030390154747736,62
4,4,5,0.9285478733834767,62
4,5,6,0.9105691881406874,62
4,6,7,0.9183977927480426,62
4,7,8,0.9234682321548462,62
4,8,9,0.8797783567791894,62
4,9,10,0.8896065212431408,62
5,1,2,0.8694136823926654,62
5,2,3,0.9065548607281276,62
5,3,4,0.9080923199653625,62
5,4,5,0.9249356445812044,62
5,5,6,0.8914924065272013,62
5,6,7,0.9020412734576634,62
5,7,8,0.9087542494138082,62
5,8,9,0.8543500417754764,62
5,9,10,0.8758016455741156,62
6,1,2,0.8481236667860121,62
6,2,3,0.8785572307450431,62
6,3,4,0.8961989084879557,62
6,4,5,0.9114278299467904,62
6,5,6,0.8702790879067921,62
6,6,7,0.8683825021698361,62
6,7,8,0.890860549041203,62
6,8,9,0.8243571264403207,62
6,9,10,0.8499494677498227,62
7,1,2,0.8229725843384152,62
7,2,3,0.8561378007843381,62
7,3,4,0.858073041552589,62
7,4,5,0.8810727624666124,62
7,5,6,0.8500268572852725,62
7,6,7,0.8656331385884967,62
7,7,8,0.8694902715228853,62
7,8,9,0.8045045137405396,62
7,9,10,0.8247383293651399,62
8,1,2,0.8088276925541106,62
8,2,3,0.8298371320679074,62
8,3,4,0.8204209946450733,62
8,4,5,0.8523812975202288,62
8,5,6,0.8162460923194885,62
8,6,7,0.8152193086487907,62
8,7,8,0.8369171278817313,62
8,8,9,0.7901864789781117,62
8,9,10,0.7942102267628625,62
9,1,2,0.7665838031541734,62
9,2,3,0.8005414548374358,62
9,3,4,0.7999625688507443,62
9,4,5,0.7572829666591826,62
9,5,6,0.7567740224656605,62
9,6,7,0.8211544865653628,62
9,7,8,0.8000302257991972,62
9,8,9,0.7594659498759678,62
9,9,10,0.7293584204855419,62
10,1,2,0.7105465531349182,62
10,2,3,0.7610925719851539,62
10,3,4,0.7797104546001979,62
10,4,5,0.700226027341116,62
10,5,6,0.7015214576607659,62
10,6,7,0.8886118985357738,62
10,7,8,0.8007798280034747,62
10,8,9,0.7096627879710424,62
10,9,10,0.7433923539661226,62
11,1,2,0.7584261695543925,62
11,2,3,0.9071949351401556,62
11,3,4,0.9339239427021572,62
11,4,5,0.6084965157012144,62
11,5,6,0.5625392702363786,62
11,6,7,0.9282774215652829,62
11,7,8,0.7251248572553907,62
11,8,9,0.8854332821709769,62
11,9,10,0.6158477816553343,62
0,1,2,0.9578710873921712,63
0,2,3,0.9856379628181458,63
0,3,4,0.9589175740877788,63
0,4,5,0.9647373676300048,63
0,5,6,0.9884442965189616,63
0,6,7,0.9741020758946737,63
0,7,8,0.9859804113705953,63
0,8,9,0.9831240018208821,63
0,9,10,0.971672797203064,63
1,1,2,0.9553743203481039,63
1,2,3,0.9532194375991822,63
1,3,4,0.9330074906349182,63
1,4,5,0.934034279982249,63
1,5,6,0.9546343366305033,63
1,6,7,0.9350566983222961,63
1,7,8,0.9545946558316548,63
1,8,9,0.9408770521481832,63
1,9,10,0.9346622308095296,63
2,1,2,0.9353216330210368,63
2,2,3,0.9327462156613667,63
2,3,4,0.9198564728101094,63
2,4,5,0.9308415214220683,63
2,5,6,0.9333824872970581,63
2,6,7,0.9321125547091166,63
2,7,8,0.9438930312792461,63
2,8,9,0.9248392899831136,63
2,9,10,0.9151427865028381,63
3,1,2,0.8765111049016316,63
3,2,3,0.9276028792063395,63
3,3,4,0.8768201907475789,63
3,4,5,0.895182200272878,63
3,5,6,0.9232689698537191,63
3,6,7,0.9205192009607951,63
3,7,8,0.9311963836352031,63
3,8,9,0.9013550678888956,63
3,9,10,0.8941866079966228,63
4,1,2,0.8833427786827087,63
4,2,3,0.927608831723531,63
4,3,4,0.896191147963206,63
4,4,5,0.9182400226593017,63
4,5,6,0.908651614189148,63
4,6,7,0.910948900381724,63
4,7,8,0.9236810962359111,63
4,8,9,0.8918601036071777,63
4,9,10,0.8959734996159872,63
5,1,2,0.8620722691218058,63
5,2,3,0.9143231670061748,63
5,3,4,0.9077516674995423,63
5,4,5,0.9189135591189067,63
5,5,6,0.8885185162226359,63
5,6,7,0.8928224563598632,63
5,7,8,0.9100703676541646,63
5,8,9,0.8710046887397767,63
5,9,10,0.881733234723409,63
6,1,2,0.8427640875180562,63
6,2,3,0.8814981659253438,63
6,3,4,0.8985165039698283,63
6,4,5,0.9074846704800924,63
6,5,6,0.866017226378123,63
6,6,7,0.8647535562515258,63
6,7,8,0.8855404814084371,63
6,8,9,0.8539590080579121,63
6,9,10,0.8410963614781698,63
7,1,2,0.8327205737431844,63
7,2,3,0.8814706206321716,63
7,3,4,0.8709606726964315,63
7,4,5,0.8717244466145834,63
7,5,6,0.8408006866772969,63
7,6,7,0.8625902533531189,63
7,7,8,0.8857331156730652,63
7,8,9,0.8437384088834127,63
7,9,10,0.8295966625213623,63
8,1,2,0.8251920779546101,63
8,2,3,0.8529858628908793,63
8,3,4,0.8513222773869832,63
8,4,5,0.8441017826398214,63
8,5,6,0.8088657816251119,63
8,6,7,0.8350352962811788,63
8,7,8,0.8615513841311137,63
8,8,9,0.8352894028027852,63
8,9,10,0.7876792430877686,63
9,1,2,0.7666056752204895,63
9,2,3,0.8369716207186381,63
9,3,4,0.8181517839431762,63
9,4,5,0.7706048965454102,63
9,5,6,0.754457434018453,63
9,6,7,0.8541171073913574,63
9,7,8,0.8379595478375753,63
9,8,9,0.8026370604832967,63
9,9,10,0.7661561012268067,63
10,1,2,0.7198345104853312,63
10,2,3,0.8023252725601197,63
10,3,4,0.7907103975613912,63
10,4,5,0.7025380929311117,63
10,5,6,0.7117974778016408,63
10,6,7,0.8998721281687418,63
10,7,8,0.8393982330958049,63
10,8,9,0.7621437986691793,63
10,9,10,0.6902239223321279,63
11,1,2,0.7472178280353546,63
11,2,3,0.9286682446797688,63
11,3,4,0.9155150850613912,63
11,4,5,0.6075873099267483,63
11,5,6,0.5944638858238857,63
11,6,7,0.9446393291155497,63
11,7,8,0.7833380738894145,63
11,8,9,0.904338252544403,63
11,9,10,0.5820350915193557,63
0,1,2,0.9528482194457736,64
0,2,3,0.9752731812851769,64
0,3,4,0.9615240075758525,64
0,4,5,0.9637521420206342,64
0,5,6,0.9853459405047553,64
0,6,7,0.9818195594208581,64
0,7,8,0.9811399323599679,64
0,8,9,0.988420096891267,64
0,9,10,0.9778598440544946,64
1,1,2,0.9529627220971244,64
1,2,3,0.9402332710368293,64
1,3,4,0.9426146064485822,64
1,4,5,0.9408458982195173,64
1,5,6,0.9476999661752156,64
1,6,7,0.9497716682297843,64
1,7,8,0.9500123283692768,64
1,8,9,0.9431709434304919,64
1,9,10,0.9256577853645597,64
2,1,2,0.9367324007408959,64
2,2,3,0.9243681622403008,64
2,3,4,0.9315605419022697,64
2,4,5,0.9406698665448597,64
2,5,6,0.932928740978241,64
2,6,7,0.9409167021512985,64
2,7,8,0.9382610619068146,64
2,8,9,0.9237050839832851,64
2,9,10,0.9056705726044518,64
3,1,2,0.8842142522335052,64
3,2,3,0.9248257407120296,64
3,3,4,0.8915274377380099,64
3,4,5,0.912539296916553,64
3,5,6,0.9256374367645809,64
3,6,7,0.9297258470739637,64
3,7,8,0.9322270921298436,64
3,8,9,0.8944613401378904,64
3,9,10,0.8837025591305324,64
4,1,2,0.8894651787621635,64
4,2,3,0.9274237347500665,64
4,3,4,0.9101097328322274,64
4,4,5,0.9338152578898838,64
4,5,6,0.9133434763976506,64
4,6,7,0.9206677504948207,64
4,7,8,0.9231795051268169,64
4,8,9,0.88318418604987,64
4,9,10,0.8909834282738822,64
5,1,2,0.8694188743829727,64
5,2,3,0.9112594830138343,64
5,3,4,0.9150276056357792,64
5,4,5,0.9283363563673837,64
5,5,6,0.8896610758134297,64
5,6,7,0.9003841004201344,64
5,7,8,0.9079415223428181,64
5,8,9,0.8615718845810209,64
5,9,10,0.8810243223394666,64
6,1,2,0.8441363934959684,64
6,2,3,0.884933448263577,64
6,3,4,0.9000598021915981,64
6,4,5,0.9134983675820487,64
6,5,6,0.8676063929285321,64
6,6,7,0.8689385588679995,64
6,7,8,0.8888495543173381,64
6,8,9,0.8313042627913612,64
6,9,10,0.8453285098075867,64
7,1,2,0.8171966459069934,64
7,2,3,0.8651781401463917,64
7,3,4,0.867679836494582,64
7,4,5,0.8843065542834145,64
7,5,6,0.8447922766208649,64
7,6,7,0.868577778339386,64
7,7,8,0.8716920060770852,64
7,8,9,0.8154338704688209,64
7,9,10,0.8229321454252515,64
8,1,2,0.8069304738725934,64
8,2,3,0.8332035435097558,64
8,3,4,0.8339577870709556,64
8,4,5,0.8598275376217706,64
8,5,6,0.8116161844560078,64
8,6,7,0.8156953773328236,64
8,7,8,0.839616847889764,64
8,8,9,0.8000898786953518,64
8,9,10,0.7960029457296643,64
9,1,2,0.7642388152224677,64
9,2,3,0.8105740164007459,64
9,3,4,0.8151694110461644,64
9,4,5,0.7702292778662273,64
9,5,6,0.7523308885948998,64
9,6,7,0.8243975618055889,64
9,7,8,0.806058983717646,64
9,8,9,0.7750857493707112,64
9,9,10,0.7367302903107235,64
10,1,2,0.6912917420268059,64
10,2,3,0.7574314070599419,64
10,3,4,0.7914291471242905,64
10,4,5,0.7177918617214475,64
10,5,6,0.6967784847532,64
10,6,7,0.8885171498571124,64
10,7,8,0.8070936352014542,64
10,8,9,0.7214195909244674,64
10,9,10,0.7373255661555699,64
11,1,2,0.7336745794330325,64
11,2,3,0.9180848002433777,64
11,3,4,0.9347449881689889,64
11,4,5,0.6479723401633757,64
11,5,6,0.5642461920423167,64
11,6,7,0.9208926409482956,64
11,7,8,0.658372664558036,64
11,8,9,0.8825314257826123,64
11,9,10,0.6287419356937919,64
0,1,2,0.9337831258773803,65
0,2,3,0.9734565575917562,65
0,3,4,0.9370458006858826,65
0,4,5,0.9385594050089519,65
0,5,6,0.9784995675086975,65
0,6,7,0.9664342721303304,65
0,7,8,0.9765396992365519,65
0,8,9,0.9789206624031067,65
0,9,10,0.9628705819447835,65
1,1,2,0.934770651658376,65
1,2,3,0.9290601015090942,65
1,3,4,0.9091010848681133,65
1,4,5,0.9048023978869121,65
1,5,6,0.9317904790242513,65
1,6,7,0.9194630901018779,65
1,7,8,0.936923348903656,65
1,8,9,0.9282538135846455,65
1,9,10,0.906073514620463,65
2,1,2,0.9105099081993103,65
2,2,3,0.9064670085906983,65
2,3,4,0.8946044723192851,65
2,4,5,0.905762807528178,65
2,5,6,0.9073230663935343,65
2,6,7,0.9181861241658529,65
2,7,8,0.9230410893758138,65
2,8,9,0.9071931123733521,65
2,9,10,0.8822357932726542,65
3,1,2,0.8374799132347107,65
3,2,3,0.9059216101964315,65
3,3,4,0.8454083402951559,65
3,4,5,0.8691600600878397,65
3,5,6,0.8987995664278666,65
3,6,7,0.9063486337661744,65
3,7,8,0.9144287864367168,65
3,8,9,0.8796948591868082,65
3,9,10,0.8586092352867126,65
4,1,2,0.8466888308525086,65
4,2,3,0.9070420145988465,65
4,3,4,0.8718356490135193,65
4,4,5,0.9001648585001628,65
4,5,6,0.8828181862831116,65
4,6,7,0.8946723898251852,65
4,7,8,0.9043632030487061,65
4,8,9,0.8691492835680644,65
4,9,10,0.8700129151344299,65
5,1,2,0.8198185086250305,65
5,2,3,0.8907041033109029,65
5,3,4,0.8852299372355144,65
5,4,5,0.8987066348393759,65
5,5,6,0.8577614903450013,65
5,6,7,0.8757645646731059,65
5,7,8,0.8896437168121338,65
5,8,9,0.8449567675590515,65
5,9,10,0.855586580435435,65
6,1,2,0.8013283530871074,65
6,2,3,0.8500813206036886,65
6,3,4,0.8792547742525737,65
6,4,5,0.8913828214009603,65
6,5,6,0.8360732237497965,65
6,6,7,0.8425836245218913,65
6,7,8,0.8632761279741923,65
6,8,9,0.808112378915151,65
6,9,10,0.8144236882527669,65
7,1,2,0.7810937523841858,65
7,2,3,0.8428640604019165,65
7,3,4,0.8436232328414917,65
7,4,5,0.8563425183296204,65
7,5,6,0.8091956575711569,65
7,6,7,0.8343662937482198,65
7,7,8,0.8583514213562011,65
7,8,9,0.7975940267244975,65
7,9,10,0.7965242067972819,65
8,1,2,0.7655375679334004,65
8,2,3,0.8101580897967021,65
8,3,4,0.8164356311162313,65
8,4,5,0.8319176236788431,65
8,5,6,0.7723529696464538,65
8,6,7,0.7838858524958293,65
8,7,8,0.818744158744812,65
8,8,9,0.7879703203837077,65
8,9,10,0.7644546389579773,65
9,1,2,0.701050873597463,65
9,2,3,0.7855802098910014,65
9,3,4,0.7886801163355509,65
9,4,5,0.7333794474601746,65
9,5,6,0.6999257524808248,65
9,6,7,0.7983047207196553,65
9,7,8,0.7954146544138591,65
9,8,9,0.7744699358940125,65
9,9,10,0.7028597513834636,65
10,1,2,0.6428145408630371,65
10,2,3,0.7142157554626465,65
10,3,4,0.7545377333958944,65
10,4,5,0.6702298045158386,65
10,5,6,0.6452990849812825,65
10,6,7,0.87331463098526,65
10,7,8,0.7861902674039205,65
10,8,9,0.7084565122922262,65
10,9,10,0.663138089577357,65
11,1,2,0.6868777016798655,65
11,2,3,0.8887733896573384,65
11,3,4,0.8954975207646688,65
11,4,5,0.5971979591995478,65
11,5,6,0.5521657983462016,65
11,6,7,0.9146116813023885,65
11,7,8,0.7294193506240845,65
11,8,9,0.8857401331265767,65
11,9,10,0.7163592636585235,65
0,1,2,0.9383950091543651,66
0,2,3,0.9754224476360139,66
0,3,4,0.9431557967549279,66
0,4,5,0.9451439125197274,66
0,5,6,0.9807097656386239,66
0,6,7,0.9698530378795805,66
0,7,8,0.9775765708514622,66
0,8,9,0.9800696060771034,66
0,9,10,0.9652232272284371,66
1,1,2,0.9388783999851772,66
1,2,3,0.9334645555132911,66
1,3,4,0.9172064548447019,66
1,4,5,0.9136896019890195,66
1,5,6,0.9378460702441987,66
1,6,7,0.9281157113256908,66
1,7,8,0.9405020759219215,66
1,8,9,0.9321850907234919,66
1,9,10,0.9110785779498872,66
2,1,2,0.9157831498554775,66
2,2,3,0.9122280904224941,66
2,3,4,0.9044882882209051,66
2,4,5,0.9155953129132589,66
2,5,6,0.9155968768256051,66
2,6,7,0.924744637239547,66
2,7,8,0.9264808098475138,66
2,8,9,0.9119539487929571,66
2,9,10,0.8879117965698242,66
3,1,2,0.848172094140734,66
3,2,3,0.9118463056428092,66
3,3,4,0.8580708759171622,66
3,4,5,0.8813468757129851,66
3,5,6,0.9071313596907116,66
3,6,7,0.9133635958035787,66
3,7,8,0.917896066393171,66
3,8,9,0.886673683211917,66
3,9,10,0.8650770386060079,66
4,1,2,0.8545194977805728,66
4,2,3,0.9119613426072257,66
4,3,4,0.8821793454033988,66
4,4,5,0.9097869651658195,66
4,5,6,0.8918096820513407,66
4,6,7,0.9018308690616063,66
4,7,8,0.9075978483472552,66
4,8,9,0.8766898399307614,66
4,9,10,0.8751212784222194,66
5,1,2,0.8279197443099249,66
5,2,3,0.8968012957345872,66
5,3,4,0.8952172313417707,66
5,4,5,0.9076009080523536,66
5,5,6,0.8642794546626863,66
5,6,7,0.8841918337912786,66
5,7,8,0.8929294149080912,66
5,8,9,0.8539780917621794,66
5,9,10,0.8634470161937532,66
6,1,2,0.8055605831600371,66
6,2,3,0.8595332815533593,66
6,3,4,0.8861813233012245,66
6,4,5,0.8990374775159926,66
6,5,6,0.8462036223638625,66
6,6,7,0.8526842650913057,66
6,7,8,0.8664851160276503,66
6,8,9,0.8174124558766683,66
6,9,10,0.822389508996691,66
7,1,2,0.7868314726012093,66
7,2,3,0.8513146355038598,66
7,3,4,0.8552939125469753,66
7,4,5,0.8665520123073033,66
7,5,6,0.8199721915381295,66
7,6,7,0.8443642542475746,66
7,7,8,0.8593254004205976,66
7,8,9,0.8064419428507487,66
7,9,10,0.8038597873279026,66
8,1,2,0.7738260967390878,66
8,2,3,0.820709350563231,66
8,3,4,0.8298890164920262,66
8,4,5,0.844936558178493,66
8,5,6,0.7871207623254686,66
8,6,7,0.7893697250457037,66
8,7,8,0.8230113301958356,66
8,8,9,0.7947458170709156,66
8,9,10,0.7753554440680004,66
9,1,2,0.7131716240020025,66
9,2,3,0.7972287365368435,66
9,3,4,0.8025971338862464,66
9,4,5,0.7531738990829104,66
9,5,6,0.7150956080073402,66
9,6,7,0.8054320556776864,66
9,7,8,0.7976526220639547,66
9,8,9,0.7769856850306193,66
9,9,10,0.7114869498071217,66
10,1,2,0.6422378662086669,66
10,2,3,0.7236870186669486,66
10,3,4,0.7707848265057519,66
10,4,5,0.696536443063191,66
10,5,6,0.6622558321271624,66
10,6,7,0.8769343211537316,66
10,7,8,0.7942157302583966,66
10,8,9,0.7102045218149821,66
10,9,10,0.6739562253157297,66
11,1,2,0.6920106538704464,66
11,2,3,0.8983802823793321,66
11,3,4,0.9051194673492795,66
11,4,5,0.6271530711757285,66
11,5,6,0.5765980524676186,66
11,6,7,0.910133577528454,66
11,7,8,0.6124297912631717,66
11,8,9,0.8706567344211397,66
11,9,10,0.6816314387889135,66
0,1,2,0.9378093197232201,67
0,2,3,0.9747345475923448,67
0,3,4,0.943385192326137,67
0,4,5,0.9447520630700248,67
0,5,6,0.9822779070763361,67
0,6,7,0.9723064814295087,67
0,7,8,0.9783956294968015,67
0,8,9,0.9807795087496439,67
0,9,10,0.9684802378926959,67
1,1,2,0.9376987162090483,67
1,2,3,0.9308804869651794,67
1,3,4,0.9156996636163621,67
1,4,5,0.9122524176325116,67
1,5,6,0.937227067493257,67
1,6,7,0.9319223988623846,67
1,7,8,0.9391855540729704,67
1,8,9,0.9272135524522691,67
1,9,10,0.9094327773366656,67
2,1,2,0.914301852385203,67
2,2,3,0.9096530789420718,67
2,3,4,0.9052592459179106,67
2,4,5,0.9159258462133861,67
2,5,6,0.9128951401937575,67
2,6,7,0.9214855148678734,67
2,7,8,0.9249576386951265,67
2,8,9,0.9046343621753511,67
2,9,10,0.8862447795413789,67
3,1,2,0.8506871433485121,67
3,2,3,0.9078058742341542,67
3,3,4,0.8588319789795649,67
3,4,5,0.8809546459288824,67
3,5,6,0.9051648094540551,67
3,6,7,0.9083420151755923,67
3,7,8,0.9163882760774522,67
3,8,9,0.877022161370232,67
3,9,10,0.862912084375109,67
4,1,2,0.8574983534358797,67
4,2,3,0.910023087546939,67
4,3,4,0.8823174153055463,67
4,4,5,0.9114896853764852,67
4,5,6,0.8914664813450405,67
4,6,7,0.8972622808955965,67
4,7,8,0.908054598740169,67
4,8,9,0.8685302791141328,67
4,9,10,0.8703651002475193,67
5,1,2,0.8324252026421683,67
5,2,3,0.8948043045543489,67
5,3,4,0.8962431124278477,67
5,4,5,0.9115525313786098,67
5,5,6,0.8691188551130749,67
5,6,7,0.8812851934205919,67
5,7,8,0.893122082664853,67
5,8,9,0.8444762144769941,67
5,9,10,0.8575584831691924,67
6,1,2,0.8071723949341547,67
6,2,3,0.8648978244690668,67
6,3,4,0.8947114291645232,67
6,4,5,0.9116427501042684,67
6,5,6,0.8532655153955732,67
6,6,7,0.8504129563059125,67
6,7,8,0.8722106019655863,67
6,8,9,0.8138768020130339,67
6,9,10,0.827145570800418,67
7,1,2,0.7922124408540272,67
7,2,3,0.8556467890739441,67
7,3,4,0.8617630288714454,67
7,4,5,0.8827142885753086,67
7,5,6,0.8309638159615653,67
7,6,7,0.8450919361341567,67
7,7,8,0.8626682105518523,67
7,8,9,0.8064285658654713,67
7,9,10,0.8043536345163981,67
8,1,2,0.7876559467542739,67
8,2,3,0.8287818261555263,67
8,3,4,0.8388444525854928,67
8,4,5,0.8628041857764834,67
8,5,6,0.8114058148293268,67
8,6,7,0.7942706289745513,67
8,7,8,0.8300447151774452,67
8,8,9,0.7966431975364685,67
8,9,10,0.7770571708679199,67
9,1,2,0.7306125930377415,67
9,2,3,0.8067965365591503,67
9,3,4,0.8111666582879566,67
9,4,5,0.7959023600532895,67
9,5,6,0.7678623142696562,67
9,6,7,0.8063359970138186,67
9,7,8,0.8055399599529448,67
9,8,9,0.7608067223003933,67
9,9,10,0.7085372323081607,67
10,1,2,0.6929598181020646,67
10,2,3,0.7540148383095151,67
10,3,4,0.78359416836784,67
10,4,5,0.7770077415875026,67
10,5,6,0.7217926326252165,67
10,6,7,0.8855867556163243,67
10,7,8,0.8150218838737124,67
10,8,9,0.7242780072348458,67
10,9,10,0.6803773215838841,67
11,1,2,0.7818922258558727,67
11,2,3,0.9016928786323184,67
11,3,4,0.9125199147633144,67
11,4,5,0.7638776699701945,67
11,5,6,0.6967812918481373,67
11,6,7,0.9105846569651649,67
11,7,8,0.6175000582422528,67
11,8,9,0.8675847819873265,67
11,9,10,0.5806120367986816,67
0,1,2,0.9435374935468038,68
0,2,3,0.9742349068323771,68
0,3,4,0.9535154104232788,68
0,4,5,0.9532317678133647,68
0,5,6,0.9828631321589152,68
0,6,7,0.980796758333842,68
0,7,8,0.9786110480626424,68
0,8,9,0.9864984671274821,68
0,9,10,0.9755563616752625,68
1,1,2,0.944723371664683,68
1,2,3,0.9344751755396525,68
1,3,4,0.9340584437052409,68
1,4,5,0.9291069507598877,68
1,5,6,0.9420750300089519,68
1,6,7,0.9470086812973022,68
1,7,8,0.94643102089564,68
1,8,9,0.9391482313474019,68
1,9,10,0.9200810233751933,68
2,1,2,0.9260503451029459,68
2,2,3,0.9154996593793233,68
2,3,4,0.9246537963549296,68
2,4,5,0.9313841025034587,68
2,5,6,0.9253053267796835,68
2,6,7,0.936438258488973,68
2,7,8,0.934856116771698,68
2,8,9,0.9190391461054485,68
2,9,10,0.8946434617042541,68
3,1,2,0.8720876892407735,68
3,2,3,0.9162277897198995,68
3,3,4,0.8837332487106323,68
3,4,5,0.9062257409095764,68
3,5,6,0.9205577135086059,68
3,6,7,0.9265135884284973,68
3,7,8,0.9293033878008524,68
3,8,9,0.8928029338518778,68
3,9,10,0.8775459925333658,68
4,1,2,0.877402377128601,68
4,2,3,0.9214979608853658,68
4,3,4,0.902351971467336,68
4,4,5,0.9291214028994242,68
4,5,6,0.9061519503593445,68
4,6,7,0.9195202747980754,68
4,7,8,0.9186792532602946,68
4,8,9,0.8774991035461426,68
4,9,10,0.8847787300745646,68
5,1,2,0.854000190893809,68
5,2,3,0.9042722503344218,68
5,3,4,0.9075817902882893,68
5,4,5,0.9222260157267252,68
5,5,6,0.8748646259307862,68
5,6,7,0.9014143029848735,68
5,7,8,0.905232580502828,68
5,8,9,0.8546258250872294,68
5,9,10,0.8732892314592997,68
6,1,2,0.8324247241020203,68
6,2,3,0.88640855550766,68
6,3,4,0.8995441675186158,68
6,4,5,0.9164193511009217,68
6,5,6,0.8606727242469787,68
6,6,7,0.8704383651415507,68
6,7,8,0.8862814585367839,68
6,8,9,0.8349085728327433,68
6,9,10,0.8381110548973083,68
7,1,2,0.8111201643943786,68
7,2,3,0.8660633563995361,68
7,3,4,0.8701991041501363,68
7,4,5,0.8866973598798116,68
7,5,6,0.8357696135838827,68
7,6,7,0.8661464929580689,68
7,7,8,0.8660818656285604,68
7,8,9,0.8126467943191529,68
7,9,10,0.8216119249661763,68
8,1,2,0.7990098555882772,68
8,2,3,0.8417179624239604,68
8,3,4,0.8401902238527934,68
8,4,5,0.8661930759747823,68
8,5,6,0.8077113111813863,68
8,6,7,0.8134519735972087,68
8,7,8,0.836349356174469,68
8,8,9,0.793222963809967,68
8,9,10,0.7848649223645529,68
9,1,2,0.75147625207901,68
9,2,3,0.8122391780217488,68
9,3,4,0.8150550484657287,68
9,4,5,0.7845929940541585,68
9,5,6,0.7744170427322388,68
9,6,7,0.8250635067621866,68
9,7,8,0.8043284972508749,68
9,8,9,0.7688839832941691,68
9,9,10,0.7149767994880676,68
10,1,2,0.6825368106365204,68
10,2,3,0.779187273979187,68
10,3,4,0.8116195400555929,68
10,4,5,0.7747708439826966,68
10,5,6,0.7081535418828329,68
10,6,7,0.8918811599413554,68
10,7,8,0.8159760951995849,68
10,8,9,0.7135930001735687,68
10,9,10,0.7289447585741679,68
11,1,2,0.764437750975291,68
11,2,3,0.9076365073521931,68
11,3,4,0.9320536851882935,68
11,4,5,0.8287180185317993,68
11,5,6,0.5931032160917918,68
11,6,7,0.9312121550242106,68
11,7,8,0.6114555855592092,68
11,8,9,0.8814323306083679,68
11,9,10,0.7008240083853404,68
0,1,2,0.9383950091543651,69
0,2,3,0.9754224476360139,69
0,3,4,0.9431557967549279,69
0,4,5,0.9451439125197274,69
0,5,6,0.9807097656386239,69
0,6,7,0.9698530378795805,69
0,7,8,0.9775765708514622,69
0,8,9,0.9800696060771034,69
0,9,10,0.9652232272284371,69
1,1,2,0.9388783999851772,69
1,2,3,0.9334645555132911,69
1,3,4,0.9172064548447019,69
1,4,5,0.9136896019890195,69
1,5,6,0.9378460702441987,69
1,6,7,0.9281157113256908,69
1,7,8,0.9405020759219215,69
1,8,9,0.9321850907234919,69
1,9,10,0.9110785779498872,69
2,1,2,0.9157831498554775,69
2,2,3,0.9122280904224941,69
2,3,4,0.9044882882209051,69
2,4,5,0.9155953129132589,69
2,5,6,0.9155968768256051,69
2,6,7,0.924744637239547,69
2,7,8,0.9264808098475138,69
2,8,9,0.9119539487929571,69
2,9,10,0.8879117965698242,69
3,1,2,0.848172094140734,69
3,2,3,0.9118463056428092,69
3,3,4,0.8580708759171622,69
3,4,5,0.8813468757129851,69
3,5,6,0.9071313596907116,69
3,6,7,0.9133635958035787,69
3,7,8,0.917896066393171,69
3,8,9,0.886673683211917,69
3,9,10,0.8650770386060079,69
4,1,2,0.8545194977805728,69
4,2,3,0.9119613426072257,69
4,3,4,0.8821793454033988,69
4,4,5,0.9097869651658195,69
4,5,6,0.8918096820513407,69
4,6,7,0.9018308690616063,69
4,7,8,0.9075978483472552,69
4,8,9,0.8766898399307614,69
4,9,10,0.8751212784222194,69
5,1,2,0.8279197443099249,69
5,2,3,0.8968012957345872,69
5,3,4,0.8952172313417707,69
5,4,5,0.9076009080523536,69
5,5,6,0.8642794546626863,69
5,6,7,0.8841918337912786,69
5,7,8,0.8929294149080912,69
5,8,9,0.8539780917621794,69
5,9,10,0.8634470161937532,69
6,1,2,0.8055605831600371,69
6,2,3,0.8595332815533593,69
6,3,4,0.8861813233012245,69
6,4,5,0.8990374775159926,69
6,5,6,0.8462036223638625,69
6,6,7,0.8526842650913057,69
6,7,8,0.8664851160276503,69
6,8,9,0.8174124558766683,69
6,9,10,0.822389508996691,69
7,1,2,0.7868314726012093,69
7,2,3,0.8513146355038598,69
7,3,4,0.8552939125469753,69
7,4,5,0.8665520123073033,69
7,5,6,0.8199721915381295,69
7,6,7,0.8443642542475746,69
7,7,8,0.8593254004205976,69
7,8,9,0.8064419428507487,69
7,9,10,0.8038597873279026,69
8,1,2,0.7738260967390878,69
8,2,3,0.820709350563231,69
8,3,4,0.8298890164920262,69
8,4,5,0.844936558178493,69
8,5,6,0.7871207623254686,69
8,6,7,0.7893697250457037,69
8,7,8,0.8230113301958356,69
8,8,9,0.7947458170709156,69
8,9,10,0.7753554440680004,69
9,1,2,0.7131716240020025,69
9,2,3,0.7972287365368435,69
9,3,4,0.8025971338862464,69
9,4,5,0.7531738990829104,69
9,5,6,0.7150956080073402,69
9,6,7,0.8054320556776864,69
9,7,8,0.7976526220639547,69
9,8,9,0.7769856850306193,69
9,9,10,0.7114869498071217,69
10,1,2,0.6422378662086669,69
10,2,3,0.7236870186669486,69
10,3,4,0.7707848265057519,69
10,4,5,0.696536443063191,69
10,5,6,0.6622558321271624,69
10,6,7,0.8769343211537316,69
10,7,8,0.7942157302583966,69
10,8,9,0.7102045218149821,69
10,9,10,0.6739562253157297,69
11,1,2,0.6920106538704464,69
11,2,3,0.8983802823793321,69
11,3,4,0.9051194673492795,69
11,4,5,0.6271530711757285,69
11,5,6,0.5765980524676186,69
11,6,7,0.910133577528454,69
11,7,8,0.6124297912631717,69
11,8,9,0.8706567344211397,69
11,9,10,0.6816314387889135,69
0,1,2,0.9558808008829752,70
0,2,3,0.9763362010320028,70
0,3,4,0.9590617106074378,70
0,4,5,0.9628966166859582,70
0,5,6,0.9854758126395089,70
0,6,7,0.9822281854493278,70
0,7,8,0.9809837199392772,70
0,8,9,0.9881944060325623,70
0,9,10,0.9770962681089129,70
1,1,2,0.9552465961092994,70
1,2,3,0.9413299447014218,70
1,3,4,0.9408109329995655,70
1,4,5,0.9415908484231859,70
1,5,6,0.950519323348999,70
1,6,7,0.9517490069071451,70
1,7,8,0.9519199019386655,70
1,8,9,0.9471323206311181,70
1,9,10,0.9280578068324498,70
2,1,2,0.9397724952016558,70
2,2,3,0.9262790765081134,70
2,3,4,0.9317047113463992,70
2,4,5,0.9411064556666783,70
2,5,6,0.9360695254235041,70
2,6,7,0.945817212263743,70
2,7,8,0.9421849761690412,70
2,8,9,0.9267531548227582,70
2,9,10,0.9079791052000863,70
3,1,2,0.8844580196198963,70
3,2,3,0.9261171931312198,70
3,3,4,0.8890271669342404,70
3,4,5,0.9117124080657959,70
3,5,6,0.9279701652980986,70
3,6,7,0.9327849064554486,70
3,7,8,0.9351037116277785,70
3,8,9,0.9027855197588602,70
3,9,10,0.8871465353738694,70
4,1,2,0.8901898520333427,70
4,2,3,0.9280652375448317,70
4,3,4,0.9076581881159828,70
4,4,5,0.9332178235054016,70
4,5,6,0.9155491448584057,70
4,6,7,0.9236476392973036,70
4,7,8,0.9262155606633141,70
4,8,9,0.8904744982719421,70
4,9,10,0.8922825682730902,70
5,1,2,0.8670007302647545,70
5,2,3,0.9109777297292437,70
5,3,4,0.9132529780978248,70
5,4,5,0.9283718693824041,70
5,5,6,0.8887159994670323,70
5,6,7,0.9055976158096677,70
5,7,8,0.9132784690175738,70
5,8,9,0.8703133690924871,70
5,9,10,0.8803134447052365,70
6,1,2,0.8434547157514662,70
6,2,3,0.8798487782478333,70
6,3,4,0.9032443109012785,70
6,4,5,0.9178992736907232,70
6,5,6,0.8715412049066453,70
6,6,7,0.8723027479080927,70
6,7,8,0.8916531375476292,70
6,8,9,0.8364980362710499,70
6,9,10,0.845444937547048,70
7,1,2,0.8215694938387189,70
7,2,3,0.864071908451262,70
7,3,4,0.8732888102531433,70
7,4,5,0.8861744375455947,70
7,5,6,0.8464907123928979,70
7,6,7,0.8690407418069386,70
7,7,8,0.8774229004269555,70
7,8,9,0.8246490217390514,70
7,9,10,0.8285571450278872,70
8,1,2,0.8111558102426075,70
8,2,3,0.8344955784933907,70
8,3,4,0.844457935719263,70
8,4,5,0.8606567439578828,70
8,5,6,0.8061786890029907,70
8,6,7,0.8142293237504505,70
8,7,8,0.8434975629761106,70
8,8,9,0.8115065381640479,70
8,9,10,0.7994356694675627,70
9,1,2,0.7575456131072271,70
9,2,3,0.8103439382144383,70
9,3,4,0.8168297381628127,70
9,4,5,0.7732847985767183,70
9,5,6,0.7445637867564247,70
9,6,7,0.8242602092879159,70
9,7,8,0.8104236409777686,70
9,8,9,0.7831247959818158,70
9,9,10,0.7363835544813246,70
10,1,2,0.6867826112679073,70
10,2,3,0.7416720475469317,70
10,3,4,0.7829013892582485,70
10,4,5,0.7112941898050762,70
10,5,6,0.6827264882269359,70
10,6,7,0.8933726095017933,70
10,7,8,0.808464283034915,70
10,8,9,0.7273796200752258,70
10,9,10,0.7430866133599054,70
11,1,2,0.7241573248590741,70
11,2,3,0.9096287063189915,70
11,3,4,0.9288245694977897,70
11,4,5,0.6340246153551907,70
11,5,6,0.599624460651761,70
11,6,7,0.9180562354269481,70
11,7,8,0.6179417279504594,70
11,8,9,0.8721299597195217,70
11,9,10,0.6917378703753153,70
0,1,2,0.9496197859446208,71
0,2,3,0.9814366896947225,71
0,3,4,0.9539775808652242,71
0,4,5,0.9594993511835734,71
0,5,6,0.9867900570233663,71
0,6,7,0.9700776775677998,71
0,7,8,0.9845621228218079,71
0,8,9,0.9810078899065654,71
0,9,10,0.9699798544247945,71
1,1,2,0.9480051557223003,71
1,2,3,0.9444200118382772,71
1,3,4,0.9265896876653036,71
1,4,5,0.929487947622935,71
1,5,6,0.9519792397816976,71
1,6,7,0.9294595877329509,71
1,7,8,0.9511903921763102,71
1,8,9,0.9399985114733378,71
1,9,10,0.9342924753824869,71
2,1,2,0.9242009123166403,71
2,2,3,0.9206198294957478,71
2,3,4,0.9101612051328023,71
2,4,5,0.9252711375554402,71
2,5,6,0.9296226064364116,71
2,6,7,0.9263163367907207,71
2,7,8,0.9387327035268148,71
2,8,9,0.9235037048657735,71
2,9,10,0.9120274106661479,71
3,1,2,0.8606330553690592,71
3,2,3,0.9159225702285767,71
3,3,4,0.8663288831710816,71
3,4,5,0.891381577650706,71
3,5,6,0.9189598401387532,71
3,6,7,0.916857099533081,71
3,7,8,0.9276403864224751,71
3,8,9,0.9009440819422404,71
3,9,10,0.8964601993560791,71
4,1,2,0.8676298340161641,71
4,2,3,0.918292494614919,71
4,3,4,0.8845033248265585,71
4,4,5,0.9127533276875813,71
4,5,6,0.9008798678716023,71
4,6,7,0.907369331518809,71
4,7,8,0.9145981431007385,71
4,8,9,0.884911306699117,71
4,9,10,0.8971198956171672,71
5,1,2,0.8499249696731568,71
5,2,3,0.9040186842282613,71
5,3,4,0.8979621132214864,71
5,4,5,0.9129493594169616,71
5,5,6,0.8794512351353964,71
5,6,7,0.8890427430470784,71
5,7,8,0.8996868014335633,71
5,8,9,0.8581796566645304,71
5,9,10,0.8825599869092305,71
6,1,2,0.8306797067324321,71
6,2,3,0.8721378882726033,71
6,3,4,0.8869483272234598,71
6,4,5,0.9011315782864888,71
6,5,6,0.8560633858044943,71
6,6,7,0.8562261581420898,71
6,7,8,0.8758911768595378,71
6,8,9,0.8422976613044739,71
6,9,10,0.8373346169789632,71
7,1,2,0.8210840423901876,71
7,2,3,0.864328396320343,71
7,3,4,0.8525079568227132,71
7,4,5,0.8649210611979167,71
7,5,6,0.828873085975647,71
7,6,7,0.8504754344622294,71
7,7,8,0.8648940602938334,71
7,8,9,0.8202552318572998,71
7,9,10,0.8248827934265137,71
8,1,2,0.8020697792371114,71
8,2,3,0.835537870724996,71
8,3,4,0.8237693627675374,71
8,4,5,0.8412372271219889,71
8,5,6,0.7958662192026774,71
8,6,7,0.8287890672683715,71
8,7,8,0.8425775766372681,71
8,8,9,0.8096157709757487,71
8,9,10,0.7828598737716674,71
9,1,2,0.7585573196411133,71
9,2,3,0.8194641987482707,71
9,3,4,0.8045574267705281,71
9,4,5,0.7578778743743897,71
9,5,6,0.7378622571627299,71
9,6,7,0.8395739436149597,71
9,7,8,0.816101360321045,71
9,8,9,0.794568657875061,71
9,9,10,0.7560865799585978,71
10,1,2,0.6910655419031779,71
10,2,3,0.7857057134310405,71
10,3,4,0.7839146971702575,71
10,4,5,0.7105898082256317,71
10,5,6,0.6851931313673655,71
10,6,7,0.8879155158996582,71
10,7,8,0.8212128400802612,71
10,8,9,0.7296397050221761,71
10,9,10,0.6864953895409902,71
11,1,2,0.7316421608130137,71
11,2,3,0.9196593801180521,71
11,3,4,0.9131079395612081,71
11,4,5,0.624002958709995,71
11,5,6,0.5441452821095785,71
11,6,7,0.9432874043782552,71
11,7,8,0.76800510485967,71
11,8,9,0.9034887750943502,71
11,9,10,0.6897299766540528,71
0,1,2,0.9455565532048543,72
0,2,3,0.9777071118354798,72
0,3,4,0.9556758046150208,72
0,4,5,0.960969889163971,72
0,5,6,0.9864825288454692,72
0,6,7,0.9702297687530518,72
0,7,8,0.9842931946118673,72
0,8,9,0.9802632013956706,72
0,9,10,0.9684965213139852,72
1,1,2,0.9457017223040263,72
1,2,3,0.9419963200887044,72
1,3,4,0.9282601475715637,72
1,4,5,0.9320093194643656,72
1,5,6,0.9508856614430745,72
1,6,7,0.9332682927449544,72
1,7,8,0.9494831601778666,72
1,8,9,0.9360846519470215,72
1,9,10,0.9258168419202168,72
2,1,2,0.921224836508433,72
2,2,3,0.9210909287134806,72
2,3,4,0.9138612707455953,72
2,4,5,0.9314975539843241,72
2,5,6,0.930002748966217,72
2,6,7,0.9252765576044718,72
2,7,8,0.9362895806630452,72
2,8,9,0.9227985103925069,72
2,9,10,0.9085163076718649,72
3,1,2,0.8610886295636495,72
3,2,3,0.9160895744959513,72
3,3,4,0.8744137763977051,72
3,4,5,0.8997379183769226,72
3,5,6,0.9193171938260396,72
3,6,7,0.9159927248954773,72
3,7,8,0.9280643542607625,72
3,8,9,0.895058008035024,72
3,9,10,0.8868998408317565,72
4,1,2,0.8672742724418641,72
4,2,3,0.9175968448321025,72
4,3,4,0.8927237788836161,72
4,4,5,0.9229114373524984,72
4,5,6,0.9050424774487813,72
4,6,7,0.9063501993815104,72
4,7,8,0.9182426730791727,72
4,8,9,0.8840328176816304,72
4,9,10,0.8931542237599691,72
5,1,2,0.849580725034078,72
5,2,3,0.9059746543566386,72
5,3,4,0.9088318427403768,72
5,4,5,0.9255920211474101,72
5,5,6,0.8848792394002278,72
5,6,7,0.8868632356325785,72
5,7,8,0.9030433615048726,72
5,8,9,0.8595788478851318,72
5,9,10,0.8839763561884563,72
6,1,2,0.8252240180969238,72
6,2,3,0.8770131866137186,72
6,3,4,0.8964924136797587,72
6,4,5,0.9174267292022705,72
6,5,6,0.8647133310635885,72
6,6,7,0.8601431012153625,72
6,7,8,0.8835340023040772,72
6,8,9,0.8287041425704956,72
6,9,10,0.8422779520352681,72
7,1,2,0.8134987632433573,72
7,2,3,0.8741791288057963,72
7,3,4,0.8670729915301005,72
7,4,5,0.8953338027000427,72
7,5,6,0.8453327496846517,72
7,6,7,0.8584057291348776,72
7,7,8,0.8793563326199849,72
7,8,9,0.8335543592770894,72
7,9,10,0.8328044096628825,72
8,1,2,0.8118118604024251,72
8,2,3,0.8458954652150472,72
8,3,4,0.8423780918121337,72
8,4,5,0.893738055229187,72
8,5,6,0.8399023294448853,72
8,6,7,0.8253090977668762,72
8,7,8,0.8571096817652385,72
8,8,9,0.8151230772336324,72
8,9,10,0.8022967338562011,72
9,1,2,0.7719226360321045,72
9,2,3,0.8327016472816468,72
9,3,4,0.8353200674057006,72
9,4,5,0.8318750818570455,72
9,5,6,0.7952318310737609,72
9,6,7,0.8349609692891439,72
9,7,8,0.8383579770723979,72
9,8,9,0.7960768421490987,72
9,9,10,0.775699524084727,72
10,1,2,0.7063482880592347,72
10,2,3,0.7815743684768677,72
10,3,4,0.8151272813479106,72
10,4,5,0.8320821642875671,72
10,5,6,0.7676032384236654,72
10,6,7,0.8937355240186056,72
10,7,8,0.8511905948321025,72
10,8,9,0.7556598782539368,72
10,9,10,0.7084704875946045,72
11,1,2,0.7854671080907186,72
11,2,3,0.9324304183324178,72
11,3,4,0.9267155051231384,72
11,4,5,0.7947834134101868,72
11,5,6,0.6475381553173065,72
11,6,7,0.9171793937683106,72
11,7,8,0.683471006155014,72
11,8,9,0.885483447710673,72
11,9,10,0.6104246268669764,72
0,1,2,0.9430649121602376,73
0,2,3,0.9704133590062459,73
0,3,4,0.9544430375099182,73
0,4,5,0.9544812083244324,73
0,5,6,0.9820443073908488,73
0,6,7,0.9805274724960327,73
0,7,8,0.9786741892496745,73
0,8,9,0.9872368216514588,73
0,9,10,0.9740362604459126,73
1,1,2,0.9452784021695455,73
1,2,3,0.9325830459594726,73
1,3,4,0.9350094755490621,73
1,4,5,0.9309667706489563,73
1,5,6,0.9416787385940552,73
1,6,7,0.9476757089296977,73
1,7,8,0.9481462041536967,73
1,8,9,0.9422536492347717,73
1,9,10,0.9185766379038492,73
2,1,2,0.92638072570165,73
2,2,3,0.917065441608429,73
2,3,4,0.9254509051640828,73
2,4,5,0.9331846117973328,73
2,5,6,0.9257615764935812,73
2,6,7,0.9377872506777446,73
2,7,8,0.9352527459462484,73
2,8,9,0.9233499725659688,73
2,9,10,0.8958145101865133,73
3,1,2,0.8731420834859213,73
3,2,3,0.9179527521133423,73
3,3,4,0.8852587143580118,73
3,4,5,0.908182958761851,73
3,5,6,0.9192229747772217,73
3,6,7,0.9284410516421,73
3,7,8,0.93079567750295,73
3,8,9,0.8956172943115235,73
3,9,10,0.8765075008074442,73
4,1,2,0.8791455268859864,73
4,2,3,0.9216756502787272,73
4,3,4,0.9038032134373982,73
4,4,5,0.9313023885091146,73
4,5,6,0.9069809118906657,73
4,6,7,0.9203623215357463,73
4,7,8,0.9204987446467082,73
4,8,9,0.8817345460255941,73
4,9,10,0.886098047097524,73
5,1,2,0.8569543600082398,73
5,2,3,0.9042686899503072,73
5,3,4,0.9089117725690206,73
5,4,5,0.9243551770846049,73
5,5,6,0.8790231744448344,73
5,6,7,0.9017536640167236,73
5,7,8,0.9053481578826904,73
5,8,9,0.8565714081128438,73
5,9,10,0.8754160364468893,73
6,1,2,0.8315773685773213,73
6,2,3,0.8875839432080587,73
6,3,4,0.9006948192914327,73
6,4,5,0.9191200057665507,73
6,5,6,0.8610893766085307,73
6,6,7,0.8732213338216146,73
6,7,8,0.8919002652168274,73
6,8,9,0.8232773145039877,73
6,9,10,0.8398189822832743,73
7,1,2,0.8067220171292623,73
7,2,3,0.8632554769515991,73
7,3,4,0.867218534151713,73
7,4,5,0.8920905391375223,73
7,5,6,0.8382360259691874,73
7,6,7,0.866846211751302,73
7,7,8,0.8694348494211833,73
7,8,9,0.8111335436503092,73
7,9,10,0.8258407751719157,73
8,1,2,0.7962546865145366,73
8,2,3,0.836471696694692,73
8,3,4,0.8387573838233948,73
8,4,5,0.8736550410588583,73
8,5,6,0.8111400286356608,73
8,6,7,0.8089231411616008,73
8,7,8,0.8341184814771017,73
8,8,9,0.7921509901682536,73
8,9,10,0.7934957623481751,73
9,1,2,0.7465499957402547,73
9,2,3,0.8093388319015503,73
9,3,4,0.8214839736620585,73
9,4,5,0.7934863924980163,73
9,5,6,0.7757032553354899,73
9,6,7,0.8203242262204488,73
9,7,8,0.8029520392417908,73
9,8,9,0.7811508496602376,73
9,9,10,0.7324662685394288,73
10,1,2,0.6722025732199352,73
10,2,3,0.7443360765775044,73
10,3,4,0.8056147972742717,73
10,4,5,0.779350213209788,73
10,5,6,0.7210071285565695,73
10,6,7,0.8868751962979634,73
10,7,8,0.8108433842658996,73
10,8,9,0.7183268249034882,73
10,9,10,0.7449130336443583,73
11,1,2,0.7580113132794698,73
11,2,3,0.9101824800173441,73
11,3,4,0.9312113126118978,73
11,4,5,0.7816216190656026,73
11,5,6,0.6003648420174916,73
11,6,7,0.9143429676691691,73
11,7,8,0.6163855393727621,73
11,8,9,0.8780956665674845,73
11,9,10,0.7570754786332449,73
0,1,2,0.9348336827187311,74
0,2,3,0.9718954392841884,74
0,3,4,0.9416717688242594,74
0,4,5,0.9424588368052528,74
0,5,6,0.9810423340116229,74
0,6,7,0.9700324819201515,74
0,7,8,0.9788931295985267,74
0,8,9,0.9812485717591786,74
0,9,10,0.9708198308944702,74
1,1,2,0.9354239872523716,74
1,2,3,0.9264353598867144,74
1,3,4,0.9149745617594037,74
1,4,5,0.911999469711667,74
1,5,6,0.9352576959700811,74
1,6,7,0.9247005241257804,74
1,7,8,0.9361971190997532,74
1,8,9,0.9276213958149865,74
1,9,10,0.9124228812399364,74
2,1,2,0.9108553982916332,74
2,2,3,0.9032423723311651,74
2,3,4,0.8983396490414938,74
2,4,5,0.9126005910691761,74
2,5,6,0.9114526680537632,74
2,6,7,0.9158559697014945,74
2,7,8,0.9225464009103321,74
2,8,9,0.9056861769585383,74
2,9,10,0.888196085180555,74
3,1,2,0.8474250322296506,74
3,2,3,0.9027209736052013,74
3,3,4,0.8553789258003235,74
3,4,5,0.8807179303396315,74
3,5,6,0.9039818389075143,74
3,6,7,0.9049378747031802,74
3,7,8,0.9179830494381133,74
3,8,9,0.8768230137370882,74
3,9,10,0.8631011588232858,74
4,1,2,0.8537900901976085,74
4,2,3,0.9063655734062195,74
4,3,4,0.8776539478983197,74
4,4,5,0.9068856182552519,74
4,5,6,0.889723247005826,74
4,6,7,0.8943235249746413,74
4,7,8,0.9083960198220753,74
4,8,9,0.8676039008867173,74
4,9,10,0.8720421876226153,74
5,1,2,0.8311825735228402,74
5,2,3,0.8914480606714884,74
5,3,4,0.8907393898282733,74
5,4,5,0.907301372005826,74
5,5,6,0.8713666370936802,74
5,6,7,0.8795713299796695,74
5,7,8,0.8959290754227411,74
5,8,9,0.8412111231258937,74
5,9,10,0.8592278247787839,74
6,1,2,0.8152914018858046,74
6,2,3,0.8557453666414533,74
6,3,4,0.8806001856213524,74
6,4,5,0.8982038866905939,74
6,5,6,0.8510984579722086,74
6,6,7,0.8495698911803109,74
6,7,8,0.8753652090118045,74
6,8,9,0.8126204354422433,74
6,9,10,0.8296026587486267,74
7,1,2,0.7957112505322411,74
7,2,3,0.8416417212713332,74
7,3,4,0.8427838342530387,74
7,4,5,0.8702608829452878,74
7,5,6,0.8301651108832586,74
7,6,7,0.8425577481587728,74
7,7,8,0.8579209787505013,74
7,8,9,0.7950220079649062,74
7,9,10,0.8021206259727478,74
8,1,2,0.7771358035859608,74
8,2,3,0.8126338294574192,74
8,3,4,0.8089176984060378,74
8,4,5,0.8518558683849516,74
8,5,6,0.8068429941222781,74
8,6,7,0.7966476536932445,74
8,7,8,0.8302236511593774,74
8,8,9,0.7838330325626192,74
8,9,10,0.7738951586541676,74
9,1,2,0.7339883560226077,74
9,2,3,0.7844600620723906,74
9,3,4,0.7915018655004955,74
9,4,5,0.7607330112230211,74
9,5,6,0.7401067898387,74
9,6,7,0.8062624874569121,74
9,7,8,0.803041418393453,74
9,8,9,0.7547288309960138,74
9,9,10,0.6951785399800255,74
10,1,2,0.680225133895874,74
10,2,3,0.7425494619778225,74
10,3,4,0.7641083257538932,74
10,4,5,0.7176386784939539,74
10,5,6,0.6875126915318626,74
10,6,7,0.8762148590314955,74
10,7,8,0.8029505355017525,74
10,8,9,0.699897818622135,74
10,9,10,0.659649330945242,74
11,1,2,0.7416722760314033,74
11,2,3,0.894964717683338,74
11,3,4,0.9117354268119449,74
11,4,5,0.6254692098037118,74
11,5,6,0.5666793151980355,74
11,6,7,0.922648875486283,74
11,7,8,0.7292522944155193,74
11,8,9,0.8808783775284177,74
11,9,10,0.5674269359026637,74
0,1,2,0.9416948093308343,75
0,2,3,0.9748894969622294,75
0,3,4,0.9495970093541675,75
0,4,5,0.9516918394300673,75
0,5,6,0.9836592177549998,75
0,6,7,0.9735049025879966,75
0,7,8,0.9798811044957902,75
0,8,9,0.982851066523128,75
0,9,10,0.9727299279636807,75
1,1,2,0.9416223416725794,75
1,2,3,0.9330809348159366,75
1,3,4,0.9240225735637877,75
1,4,5,0.9222416513495975,75
1,5,6,0.9418163862493303,75
1,6,7,0.9339198619127274,75
1,7,8,0.9419295539458593,75
1,8,9,0.9329992830753326,75
1,9,10,0.919391906923718,75
2,1,2,0.9192424548996819,75
2,2,3,0.9119253191683028,75
2,3,4,0.9105638017257055,75
2,4,5,0.9230643212795258,75
2,5,6,0.9205900977055231,75
2,6,7,0.9254415118032031,75
2,7,8,0.9288961821132236,75
2,8,9,0.9122359620200263,75
2,9,10,0.8966236892673705,75
3,1,2,0.8586997787157694,75
3,2,3,0.9109126644002067,75
3,3,4,0.8671829236878289,75
3,4,5,0.8909650345643362,75
3,5,6,0.9125120490789413,75
3,6,7,0.9142734342151217,75
3,7,8,0.9219604995515611,75
3,8,9,0.8856276025374731,75
3,9,10,0.8741688695218828,75
4,1,2,0.8644307802120844,75
4,2,3,0.9132211787833108,75
4,3,4,0.8875479499499003,75
4,4,5,0.9158342166079415,75
4,5,6,0.898095664050844,75
4,6,7,0.9044211556514105,75
4,7,8,0.911753022008472,75
4,8,9,0.8754845476812787,75
4,9,10,0.8804697046677271,75
5,1,2,0.8425814244482253,75
5,2,3,0.8980731467405955,75
5,3,4,0.8989742365148332,75
5,4,5,0.914086275630527,75
5,5,6,0.8767776952849494,75
5,6,7,0.8887874169482125,75
5,7,8,0.8971130318111844,75
5,8,9,0.8504041184981664,75
5,9,10,0.8684493352969488,75
6,1,2,0.820983444650968,75
6,2,3,0.8670876208278868,75
6,3,4,0.8887994918558333,75
6,4,5,0.9046491715643141,75
6,5,6,0.8580458478795158,75
6,6,7,0.8578062471416261,75
6,7,8,0.8761838061941994,75
6,8,9,0.8216832743750678,75
6,9,10,0.8356261452039083,75
7,1,2,0.8023113459348679,75
7,2,3,0.8534477833244536,75
7,3,4,0.8547019643916024,75
7,4,5,0.8748317162195841,75
7,5,6,0.8357234795888265,75
7,6,7,0.851514619257715,75
7,7,8,0.8611326250765059,75
7,8,9,0.8058045953512192,75
7,9,10,0.8101640509234534,75
8,1,2,0.7892538375324674,75
8,2,3,0.8239024364285998,75
8,3,4,0.8237596634361479,75
8,4,5,0.8521199259493086,75
8,5,6,0.8089301553037431,75
8,6,7,0.8057854274908701,75
8,7,8,0.8319256520933576,75
8,8,9,0.7932849294609494,75
8,9,10,0.7818205224143134,75
9,1,2,0.7428412669234805,75
9,2,3,0.8004803011814753,75
9,3,4,0.8018337620629205,75
9,4,5,0.7663953254620234,75
9,5,6,0.7492812325557073,75
9,6,7,0.8154953883753883,75
9,7,8,0.8035742143789927,75
9,8,9,0.7671666774484847,75
9,9,10,0.7186042914787928,75
10,1,2,0.6850070978204409,75
10,2,3,0.755214371614986,75
10,3,4,0.7761632535192702,75
10,4,5,0.7221350570519766,75
10,5,6,0.6982823933164278,75
10,6,7,0.8816654483477274,75
10,7,8,0.8073907875352435,75
10,8,9,0.714039152695073,75
10,9,10,0.686969266169601,75
11,1,2,0.7446596150596937,75
11,2,3,0.9062017136149936,75
11,3,4,0.9182435207896762,75
11,4,5,0.6557355052274134,75
11,5,6,0.5781568590965536,75
11,6,7,0.9193513674868478,75
11,7,8,0.6530035556190543,75
11,8,9,0.8758966773748398,75
11,9,10,0.6078983572208219,75
0,1,2,0.9714772780736287,76
0,2,3,0.9845315098762513,76
0,3,4,0.9817045291264852,76
0,4,5,0.9875894506772359,76
0,5,6,0.9929179906845093,76
0,6,7,0.9853970766067505,76
0,7,8,0.9877111872037252,76
0,8,9,0.990973703066508,76
0,9,10,0.9832849462827047,76
1,1,2,0.9694252570470174,76
1,2,3,0.9605808695157368,76
1,3,4,0.9645735303560893,76
1,4,5,0.9676637252171835,76
1,5,6,0.966243859132131,76
1,6,7,0.9606736183166504,76
1,7,8,0.9644622643788655,76
1,8,9,0.9552992820739746,76
1,9,10,0.9485557993253072,76
2,1,2,0.9562026341756185,76
2,2,3,0.9454869548479716,76
2,3,4,0.952311650911967,76
2,4,5,0.962388014793396,76
2,5,6,0.9554067730903626,76
2,6,7,0.9545398116111755,76
2,7,8,0.9547888318697612,76
2,8,9,0.9407612800598144,76
2,9,10,0.9339812159538269,76
3,1,2,0.9104548732439677,76
3,2,3,0.9419293284416199,76
3,3,4,0.9155889789263407,76
3,4,5,0.9340867519378662,76
3,5,6,0.9457046310106914,76
3,6,7,0.9436437447865804,76
3,7,8,0.9445125460624695,76
3,8,9,0.9144491672515869,76
3,9,10,0.9153519074122111,76
4,1,2,0.913748029867808,76
4,2,3,0.9434775114059448,76
4,3,4,0.9291387677192688,76
4,4,5,0.9483235875765482,76
4,5,6,0.9327364802360535,76
4,6,7,0.9361399650573731,76
4,7,8,0.9348426739374797,76
4,8,9,0.9009922623634339,76
4,9,10,0.9146816849708557,76
5,1,2,0.8987739284833273,76
5,2,3,0.9293620506922404,76
5,3,4,0.9337544480959574,76
5,4,5,0.9422845840454102,76
5,5,6,0.9112645268440247,76
5,6,7,0.9123611807823181,76
5,7,8,0.917638345559438,76
5,8,9,0.8817074656486511,76
5,9,10,0.9047072649002075,76
6,1,2,0.8688557147979736,76
6,2,3,0.9049039204915365,76
6,3,4,0.9105269948641459,76
6,4,5,0.9189265052477519,76
6,5,6,0.8860393047332764,76
6,6,7,0.8803953727086385,76
6,7,8,0.8979510426521301,76
6,8,9,0.8616977055867513,76
6,9,10,0.8615873376528422,76
7,1,2,0.845235800743103,76
7,2,3,0.8908087889353434,76
7,3,4,0.8834391752878825,76
7,4,5,0.8872041861216228,76
7,5,6,0.8619238138198853,76
7,6,7,0.8833953817685445,76
7,7,8,0.8842523535092671,76
7,8,9,0.8425324122111003,76
7,9,10,0.8430972735087077,76
8,1,2,0.8399797995885213,76
8,2,3,0.8572914838790894,76
8,3,4,0.849935245513916,76
8,4,5,0.8573891321818033,76
8,5,6,0.8255127191543579,76
8,6,7,0.8542571028073629,76
8,7,8,0.8622116088867188,76
8,8,9,0.8288400650024415,76
8,9,10,0.819649318854014,76
9,1,2,0.805009126663208,76
9,2,3,0.8439283609390259,76
9,3,4,0.8319713393847148,76
9,4,5,0.7735362490018208,76
9,5,6,0.7625437617301941,76
9,6,7,0.8552231709162395,76
9,7,8,0.8268068114916484,76
9,8,9,0.8076755285263062,76
9,9,10,0.796081829071045,76
10,1,2,0.7232708732287089,76
10,2,3,0.8053581198056539,76
10,3,4,0.8134316603342692,76
10,4,5,0.7054849704106648,76
10,5,6,0.7081690688927968,76
10,6,7,0.9008478919665018,76
10,7,8,0.8289359927177429,76
10,8,9,0.757806662718455,76
10,9,10,0.7657319227854411,76
11,1,2,0.7419947743415832,76
11,2,3,0.952776841322581,76
11,3,4,0.9503455440203349,76
11,4,5,0.6280480049550533,76
11,5,6,0.5357262005408605,76
11,6,7,0.9364707112312317,76
11,7,8,0.6727545469999313,76
11,8,9,0.894183091322581,76
11,9,10,0.6253032485644022,76
0,1,2,0.9484613225573585,77
0,2,3,0.9758323828379313,77
0,3,4,0.9579859148888361,77
0,4,5,0.9586960219201588,77
0,5,6,0.9851335656075251,77
0,6,7,0.9816462823322841,77
0,7,8,0.9798846755708966,77
0,8,9,0.9879497772171384,77
0,9,10,0.9799864888191223,77
1,1,2,0.9483943411282131,77
1,2,3,0.9361901936076936,77
1,3,4,0.9378597140312195,77
1,4,5,0.9341233259155637,77
1,5,6,0.9449661288942609,77
1,6,7,0.9477332887195405,77
1,7,8,0.9455893834431967,77
1,8,9,0.9380128497169131,77
1,9,10,0.9235068474497113,77
2,1,2,0.9310672510237921,77
2,2,3,0.9176807687396095,77
2,3,4,0.9269944315864926,77
2,4,5,0.9353299027397519,77
2,5,6,0.9290150574275425,77
2,6,7,0.9378195291473752,77
2,7,8,0.9340553567523048,77
2,8,9,0.9162319558007377,77
2,9,10,0.9000655668122428,77
3,1,2,0.8774068213644481,77
3,2,3,0.9191814575876508,77
3,3,4,0.8845693469047546,77
3,4,5,0.9061970795903888,77
3,5,6,0.9244011668931871,77
3,6,7,0.927249014377594,77
3,7,8,0.9284272165525527,77
3,8,9,0.8889721234639486,77
3,9,10,0.8786541933105105,77
4,1,2,0.88217769634156,77
4,2,3,0.9225038034575326,77
4,3,4,0.9040317819232032,77
4,4,5,0.9284665471031552,77
4,5,6,0.9109905447278704,77
4,6,7,0.9199592357590085,77
4,7,8,0.918856714453016,77
4,8,9,0.8789667004630679,77
4,9,10,0.8854518277304513,77
5,1,2,0.8614336308978853,77
5,2,3,0.9056536356608073,77
5,3,4,0.9093840689886183,77
5,4,5,0.9227633192425683,77
5,5,6,0.886031102566492,77
5,6,7,0.9045906492641994,77
5,7,8,0.9045165323075794,77
5,8,9,0.8573016609464373,77
5,9,10,0.8740405582246327,77
6,1,2,0.8371645694687253,77
6,2,3,0.8805581473168873,77
6,3,4,0.89506938627788,77
6,4,5,0.907757546220507,77
6,5,6,0.8683127278373355,77
6,6,7,0.8725896761530921,77
6,7,8,0.884111259664808,77
6,8,9,0.8353702794937861,77
6,9,10,0.8428926297596523,77
7,1,2,0.8114100013460431,77
7,2,3,0.8584759121849423,77
7,3,4,0.8624299963315328,77
7,4,5,0.8765399683089483,77
7,5,6,0.8468768142518543,77
7,6,7,0.8676623900731405,77
7,7,8,0.8635675254322234,77
7,8,9,0.8089797071048191,77
7,9,10,0.8136517433893113,77
8,1,2,0.7991179653576442,77
8,2,3,0.829029415334974,77
8,3,4,0.8269583242280143,77
8,4,5,0.8484973226274762,77
8,5,6,0.8161644055729821,77
8,6,7,0.8161168467430842,77
8,7,8,0.835387354805356,77
8,8,9,0.7911740654990786,77
8,9,10,0.7827329947834923,77
9,1,2,0.7577456093969799,77
9,2,3,0.7989366622198195,77
9,3,4,0.8007824704760597,77
9,4,5,0.7525712989625477,77
9,5,6,0.752741847719465,77
9,6,7,0.8246858914693197,77
9,7,8,0.7997824719973973,77
9,8,9,0.7577779633658273,77
9,9,10,0.707659783817473,77
10,1,2,0.691822567156383,77
10,2,3,0.7697677583921523,77
10,3,4,0.7861797213554382,77
10,4,5,0.6956135687373933,77
10,5,6,0.6921931065264202,77
10,6,7,0.8878499666849772,77
10,7,8,0.8016074555260795,77
10,8,9,0.7057885541802361,77
10,9,10,0.7163867638224647,77
11,1,2,0.7341305499985105,77
11,2,3,0.9077027610370091,77
11,3,4,0.9352144371895563,77
11,4,5,0.6393013200944379,77
11,5,6,0.5387918260835466,77
11,6,7,0.9324665665626526,77
11,7,8,0.6237698303801673,77
11,8,9,0.8782755363555181,77
11,9,10,0.5880883630542528,77
0,1,2,0.953793978691101,78
0,2,3,0.9750846227010092,78
0,3,4,0.9552658875783284,78
0,4,5,0.9585204521814982,78
0,5,6,0.9842530409495036,78
0,6,7,0.9823983192443848,78
0,7,8,0.9808728019396464,78
0,8,9,0.9885136763254802,78
0,9,10,0.9781573812166849,78
1,1,2,0.9537105878194173,78
1,2,3,0.9391401171684265,78
1,3,4,0.9388505260149638,78
1,4,5,0.938624382019043,78
1,5,6,0.9465635697046916,78
1,6,7,0.9501372218132019,78
1,7,8,0.9489630381266276,78
1,8,9,0.942407508691152,78
1,9,10,0.9228968779246013,78
2,1,2,0.9391845504442851,78
2,2,3,0.9246184905370076,78
2,3,4,0.928750193119049,78
2,4,5,0.9381752133369445,78
2,5,6,0.9309293786684673,78
2,6,7,0.9405264933904012,78
2,7,8,0.94022136926651,78
2,8,9,0.92142120997111,78
2,9,10,0.9025808930397033,78
3,1,2,0.8836176037788391,78
3,2,3,0.9256138404210409,78
3,3,4,0.8867003083229065,78
3,4,5,0.9075953324635824,78
3,5,6,0.9240171949068705,78
3,6,7,0.9273874878883361,78
3,7,8,0.9352487246195476,78
3,8,9,0.8920828739802042,78
3,9,10,0.8782628138860067,78
4,1,2,0.8918899297714233,78
4,2,3,0.9284038782119751,78
4,3,4,0.9084082682927449,78
4,4,5,0.9306367595990499,78
4,5,6,0.9128623048464457,78
4,6,7,0.9172947565714519,78
4,7,8,0.9292550166447957,78
4,8,9,0.8824858228365581,78
4,9,10,0.8872840166091919,78
5,1,2,0.8690691828727722,78
5,2,3,0.9123524943987529,78
5,3,4,0.9143082141876221,78
5,4,5,0.9284745454788208,78
5,5,6,0.8887089490890503,78
5,6,7,0.8969718058904012,78
5,7,8,0.9181947827339172,78
5,8,9,0.8661448717117309,78
5,9,10,0.874879761536916,78
6,1,2,0.8498774607976277,78
6,2,3,0.8765047589937845,78
6,3,4,0.9035959323247273,78
6,4,5,0.9166670799255371,78
6,5,6,0.8679799437522888,78
6,6,7,0.8651104966799418,78
6,7,8,0.8956258098284403,78
6,8,9,0.8316231449445088,78
6,9,10,0.8451211889584859,78
7,1,2,0.8219235102335612,78
7,2,3,0.8591375350952148,78
7,3,4,0.8688070257504781,78
7,4,5,0.8876979072888692,78
7,5,6,0.8458373665809631,78
7,6,7,0.8679049173990886,78
7,7,8,0.8845079620679219,78
7,8,9,0.8210013270378113,78
7,9,10,0.8258209824562073,78
8,1,2,0.8148112813631694,78
8,2,3,0.8300109585126241,78
8,3,4,0.8392736872037252,78
8,4,5,0.8636093417803447,78
8,5,6,0.8114834705988566,78
8,6,7,0.8106181025505066,78
8,7,8,0.8506277561187744,78
8,8,9,0.8073707660039265,78
8,9,10,0.7920640389124552,78
9,1,2,0.7651587168375651,78
9,2,3,0.8018047531445821,78
9,3,4,0.8171118060747783,78
9,4,5,0.7755131959915161,78
9,5,6,0.7418900529543558,78
9,6,7,0.8195640722910563,78
9,7,8,0.8199276367823283,78
9,8,9,0.7628778020540873,78
9,9,10,0.7168829242388407,78
10,1,2,0.7071208596229553,78
10,2,3,0.7445430358250936,78
10,3,4,0.777895736694336,78
10,4,5,0.7121399323145549,78
10,5,6,0.6826984047889709,78
10,6,7,0.8943650046984355,78
10,7,8,0.8122383673985799,78
10,8,9,0.7258137543996175,78
10,9,10,0.7291379610697428,78
11,1,2,0.7342348098754883,78
11,2,3,0.9031131068865458,78
11,3,4,0.9296312888463338,78
11,4,5,0.6025699882457654,78
11,5,6,0.5923712740341822,78
11,6,7,0.9240349253018697,78
11,7,8,0.7194003403186798,78
11,8,9,0.8807329773902893,78
11,9,10,0.5882386619846026,78
0,1,2,0.9738087803125381,79
0,2,3,0.9813561290502548,79
0,3,4,0.9799062332936695,79
0,4,5,0.988831319979259,79
0,5,6,0.9934328645467758,79
0,6,7,0.9857618170125144,79
0,7,8,0.9889735962663379,79
0,8,9,0.9909153687102454,79
0,9,10,0.9849492737225124,79
1,1,2,0.9713660585028785,79
1,2,3,0.9572273961135319,79
1,3,4,0.9631105235644749,79
1,4,5,0.9718415928738457,79
1,5,6,0.9702115591083255,79
1,6,7,0.9640181405203683,79
1,7,8,0.9673058284180505,79
1,8,9,0.9586816813264575,79
1,9,10,0.9545030210699353,79
2,1,2,0.9585402139595577,79
2,2,3,0.9449542611837387,79
2,3,4,0.9519043969256538,79
2,4,5,0.9662432585443769,79
2,5,6,0.9599412424223763,79
2,6,7,0.9576254444462913,79
2,7,8,0.9582339695521763,79
2,8,9,0.9437806585005352,79
2,9,10,0.9407212138175964,79
3,1,2,0.9141838571855,79
3,2,3,0.9409103436129433,79
3,3,4,0.91734279692173,79
3,4,5,0.9393875854355949,79
3,5,6,0.9484720975160599,79
3,6,7,0.9452623554638454,79
3,7,8,0.9488880974905831,79
3,8,9,0.919275796839169,79
3,9,10,0.9222127475908825,79
4,1,2,0.9180267644780022,79
4,2,3,0.9436188063451222,79
4,3,4,0.9275688380002975,79
4,4,5,0.9510850523199353,79
4,5,6,0.9371182514088494,79
4,6,7,0.938223830291203,79
4,7,8,0.9399369955062866,79
4,8,9,0.9053837082215718,79
4,9,10,0.9199518071753638,79
5,1,2,0.9035068196909768,79
5,2,3,0.9292686539036887,79
5,3,4,0.9326935559511185,79
5,4,5,0.9477222412824631,79
5,5,6,0.9180021711758205,79
5,6,7,0.9167066365480423,79
5,7,8,0.924494498542377,79
5,8,9,0.8842796747173581,79
5,9,10,0.9092491524560111,79
6,1,2,0.8776699091706958,79
6,2,3,0.9039491840771267,79
6,3,4,0.9159611229385648,79
6,4,5,0.9300704832587924,79
6,5,6,0.8951783265386309,79
6,6,7,0.8847738759858268,79
6,7,8,0.9065991640090942,79
6,8,9,0.8586782813072205,79
6,9,10,0.872963547706604,79
7,1,2,0.8585830458572933,79
7,2,3,0.8909566934619632,79
7,3,4,0.8862173685005733,79
7,4,5,0.9015837673630033,79
7,5,6,0.8741593658924103,79
7,6,7,0.8875240513256618,79
7,7,8,0.8928347464118686,79
7,8,9,0.8481593579053879,79
7,9,10,0.8581815149102893,79
8,1,2,0.853225092802729,79
8,2,3,0.8600369138377053,79
8,3,4,0.8540102158273969,79
8,4,5,0.8745126128196716,79
8,5,6,0.8380685597658157,79
8,6,7,0.8579511237995965,79
8,7,8,0.8728852846792766,79
8,8,9,0.8381905960185188,79
8,9,10,0.8322439662047795,79
9,1,2,0.8154531397989818,79
9,2,3,0.848142187510218,79
9,3,4,0.838816910982132,79
9,4,5,0.8007879086903164,79
9,5,6,0.7860040324074882,79
9,6,7,0.8575633891991207,79
9,7,8,0.8405615219048092,79
9,8,9,0.8132299376385552,79
9,9,10,0.8125910311937332,79
10,1,2,0.7458563510860715,79
10,2,3,0.7976164115326745,79
10,3,4,0.8127956879990441,79
10,4,5,0.7459170264857156,79
10,5,6,0.7376968424235072,79
10,6,7,0.9073350323098046,79
10,7,8,0.8446592475686755,79
10,8,9,0.7714878299406597,79
10,9,10,0.793484947511128,79
11,1,2,0.7743619978427887,79
11,2,3,0.9473329058715275,79
11,3,4,0.9491180649825505,79
11,4,5,0.6692207052505442,79
11,5,6,0.6095501477164882,79
11,6,7,0.9299089546714511,79
11,7,8,0.7074731827846595,79
11,8,9,0.8908305444887706,79
11,9,10,0.6808108676757131,79
0,1,2,0.9510750472545624,80
0,2,3,0.9863460540771485,80
0,3,4,0.9542413532733918,80
0,4,5,0.9585762977600097,80
0,5,6,0.9860354959964752,80
0,6,7,0.9695025742053985,80
0,7,8,0.9837545216083526,80
0,8,9,0.9791676521301269,80
0,9,10,0.9641776144504547,80
1,1,2,0.9485056817531585,80
1,2,3,0.9511161386966706,80
1,3,4,0.926115757226944,80
1,4,5,0.9254919171333313,80
1,5,6,0.9509804785251618,80
1,6,7,0.9274390935897827,80
1,7,8,0.9488736152648926,80
1,8,9,0.9358471930027008,80
1,9,10,0.9253285229206085,80
2,1,2,0.9253458142280578,80
2,2,3,0.9271893382072449,80
2,3,4,0.9120315372943878,80
2,4,5,0.9231906771659851,80
2,5,6,0.9277703523635864,80
2,6,7,0.9272015869617463,80
2,7,8,0.9358636260032653,80
2,8,9,0.9205282270908356,80
2,9,10,0.9051338493824005,80
3,1,2,0.8594036936759949,80
3,2,3,0.9236172914505005,80
3,3,4,0.8673513293266296,80
3,4,5,0.8872266054153443,80
3,5,6,0.9167627632617951,80
3,6,7,0.9169614434242248,80
3,7,8,0.9218559443950654,80
3,8,9,0.8993403434753418,80
3,9,10,0.8859350979328156,80
4,1,2,0.8647254109382629,80
4,2,3,0.9206524670124054,80
4,3,4,0.8893324196338653,80
4,4,5,0.912239933013916,80
4,5,6,0.8994883716106414,80
4,6,7,0.9056752443313598,80
4,7,8,0.9109586894512176,80
4,8,9,0.88882976770401,80
4,9,10,0.8886679708957672,80
5,1,2,0.840370374917984,80
5,2,3,0.9072379410266876,80
5,3,4,0.9050829350948334,80
5,4,5,0.9127755761146545,80
5,5,6,0.8720160603523255,80
5,6,7,0.8861388802528382,80
5,7,8,0.8956630825996399,80
5,8,9,0.8666610538959503,80
5,9,10,0.8782849967479706,80
6,1,2,0.8146821916103363,80
6,2,3,0.8714872121810913,80
6,3,4,0.889922022819519,80
6,4,5,0.8967914640903473,80
6,5,6,0.8511596024036407,80
6,6,7,0.8571468651294708,80
6,7,8,0.8644009590148926,80
6,8,9,0.8397780954837799,80
6,9,10,0.8272606790065765,80
7,1,2,0.8039652645587921,80
7,2,3,0.8751129329204559,80
7,3,4,0.8667111873626709,80
7,4,5,0.859225469827652,80
7,5,6,0.8208874583244323,80
7,6,7,0.8535052537918091,80
7,7,8,0.8661935329437256,80
7,8,9,0.8252719938755035,80
7,9,10,0.8126071989536285,80
8,1,2,0.7967899918556214,80
8,2,3,0.8478721559047699,80
8,3,4,0.8490574896335602,80
8,4,5,0.834514957666397,80
8,5,6,0.782206267118454,80
8,6,7,0.8153154790401459,80
8,7,8,0.8391658663749695,80
8,8,9,0.8167526364326477,80
8,9,10,0.7870490908622741,80
9,1,2,0.7347749590873718,80
9,2,3,0.8266921460628509,80
9,3,4,0.8170203864574432,80
9,4,5,0.7558212578296661,80
9,5,6,0.7096200048923492,80
9,6,7,0.8300313830375672,80
9,7,8,0.8150576412677765,80
9,8,9,0.7997173547744751,80
9,9,10,0.7638292849063874,80
10,1,2,0.6530347228050232,80
10,2,3,0.7609166324138641,80
10,3,4,0.7932679295539856,80
10,4,5,0.6931768864393234,80
10,5,6,0.6564933866262436,80
10,6,7,0.8837011516094208,80
10,7,8,0.8165718674659729,80
10,8,9,0.7280688405036926,80
10,9,10,0.6636239200830459,80
11,1,2,0.6851738661527633,80
11,2,3,0.9262136042118072,80
11,3,4,0.9057720482349396,80
11,4,5,0.5773309370502829,80
11,5,6,0.5358591228723526,80
11,6,7,0.9213107943534851,80
11,7,8,0.6085058555006981,80
11,8,9,0.8789116501808166,80
11,9,10,0.6483930677175522,80
0,1,2,0.9533353958811078,81
0,2,3,0.9798834068434579,81
0,3,4,0.9596903040295556,81
0,4,5,0.9653236014502389,81
0,5,6,0.9875156226612273,81
0,6,7,0.9721311132113138,81
0,7,8,0.9855936566988627,81
0,8,9,0.98312528076626,81
0,9,10,0.9720698538280669,81
1,1,2,0.9520611564318339,81
1,2,3,0.9458634853363037,81
1,3,4,0.9325895224298749,81
1,4,5,0.9357325321152097,81
1,5,6,0.9520447594778878,81
1,6,7,0.9336053757440477,81
1,7,8,0.9524536416644142,81
1,8,9,0.9401569139389765,81
1,9,10,0.9330158687773205,81
2,1,2,0.930252092225211,81
2,2,3,0.9255334394318717,81
2,3,4,0.9163612240836734,81
2,4,5,0.9318104755310785,81
2,5,6,0.9312641280038017,81
2,6,7,0.9287974124863034,81
2,7,8,0.9393879288718814,81
2,8,9,0.9238262886092776,81
2,9,10,0.9150832238651457,81
3,1,2,0.8689857096899123,81
3,2,3,0.9208523006666274,81
3,3,4,0.8735299678075881,81
3,4,5,0.8971318886393592,81
3,5,6,0.9193852032933917,81
3,6,7,0.9183280127389091,81
3,7,8,0.9290121226083665,81
3,8,9,0.8960764408111572,81
3,9,10,0.8932748380161467,81
4,1,2,0.8759714705603463,81
4,2,3,0.922072981085096,81
4,3,4,0.8919874968982878,81
4,4,5,0.9184091488520304,81
4,5,6,0.9034741833096459,81
4,6,7,0.9075202601296561,81
4,7,8,0.9175299604733785,81
4,8,9,0.8830688567388625,81
4,9,10,0.8955850572813124,81
5,1,2,0.8580240465345836,81
5,2,3,0.9079126999491737,81
5,3,4,0.9044824696722484,81
5,4,5,0.9185874717576163,81
5,5,6,0.8863867379370189,81
5,6,7,0.8861330861137027,81
5,7,8,0.9006411972500029,81
5,8,9,0.8568615572793143,81
5,9,10,0.8826576386179242,81
6,1,2,0.837795703184037,81
6,2,3,0.8737069964408875,81
6,3,4,0.8905239474205744,81
6,4,5,0.9038910354886737,81
6,5,6,0.8593831374531701,81
6,6,7,0.8545695287840707,81
6,7,8,0.878344056152162,81
6,8,9,0.8279876623834882,81
6,9,10,0.8393218801135108,81
7,1,2,0.8210139359746661,81
7,2,3,0.8661697194689796,81
7,3,4,0.856725119409107,81
7,4,5,0.870865251336779,81
7,5,6,0.8336777261325291,81
7,6,7,0.8529208983693805,81
7,7,8,0.8694422131492978,81
7,8,9,0.8176034206435794,81
7,9,10,0.8228959441184998,81
8,1,2,0.8078038351876395,81
8,2,3,0.8329210565203712,81
8,3,4,0.8241692724682036,81
8,4,5,0.8478777664048331,81
8,5,6,0.802729918843224,81
8,6,7,0.8259863030342829,81
8,7,8,0.8425207648958478,81
8,8,9,0.8085813465572539,81
8,9,10,0.7924949753852117,81
9,1,2,0.7634111046791077,81
9,2,3,0.8210359840166002,81
9,3,4,0.8095590528987703,81
9,4,5,0.7625643128440494,81
9,5,6,0.7436102486792064,81
9,6,7,0.8342024428503854,81
9,7,8,0.8143634370395115,81
9,8,9,0.7878077654611497,81
9,9,10,0.7716880440711975,81
10,1,2,0.6974062777700878,81
10,2,3,0.7716802301860991,81
10,3,4,0.7836343333834693,81
10,4,5,0.705818418945585,81
10,5,6,0.6983814452375684,81
10,6,7,0.8874515408561343,81
10,7,8,0.8187078209150405,81
10,8,9,0.7340969528470721,81
10,9,10,0.70435507666497,81
11,1,2,0.7421280784266335,81
11,2,3,0.9293511084147862,81
11,3,4,0.9185568661916823,81
11,4,5,0.6197741771382945,81
11,5,6,0.5601715424231121,81
11,6,7,0.9259073053087506,81
11,7,8,0.7833651105562845,81
11,8,9,0.897349598861876,81
11,9,10,0.6280090943688438,81
0,1,2,0.9475973188877106,82
0,2,3,0.9718773603439331,82
0,3,4,0.9497654259204864,82
0,4,5,0.9514504194259643,82
0,5,6,0.9821033000946044,82
0,6,7,0.9812893867492676,82
0,7,8,0.9792178869247437,82
0,8,9,0.9869981527328491,82
0,9,10,0.9755680561065674,82
1,1,2,0.9481641411781311,82
1,2,3,0.9331994891166687,82
1,3,4,0.932049834728241,82
1,4,5,0.9299046397209167,82
1,5,6,0.9394258618354797,82
1,6,7,0.9469910085201263,82
1,7,8,0.9453662455081939,82
1,8,9,0.9367442548274993,82
1,9,10,0.9131381273269653,82
2,1,2,0.9322227537631989,82
2,2,3,0.9188114404678345,82
2,3,4,0.924008560180664,82
2,4,5,0.9321947634220124,82
2,5,6,0.9218525886535645,82
2,6,7,0.9344176590442658,82
2,7,8,0.9357939779758453,82
2,8,9,0.9148716926574707,82
2,9,10,0.891640055179596,82
3,1,2,0.8764725625514984,82
3,2,3,0.9195331394672394,82
3,3,4,0.8815018594264984,82
3,4,5,0.9025935709476471,82
3,5,6,0.9158165037631989,82
3,6,7,0.9208297193050384,82
3,7,8,0.9305013239383697,82
3,8,9,0.8814092636108398,82
3,9,10,0.8674109637737274,82
4,1,2,0.8862617969512939,82
4,2,3,0.9241655468940735,82
4,3,4,0.9037328243255616,82
4,4,5,0.9288475036621093,82
4,5,6,0.9055773317813873,82
4,6,7,0.9106947958469391,82
4,7,8,0.9257076799869537,82
4,8,9,0.8711830377578735,82
4,9,10,0.8786165535449981,82
5,1,2,0.8619952201843262,82
5,2,3,0.9079605996608734,82
5,3,4,0.9113555192947388,82
5,4,5,0.9282927751541138,82
5,5,6,0.8798357009887695,82
5,6,7,0.8894104421138763,82
5,7,8,0.915119880437851,82
5,8,9,0.8532518684864044,82
5,9,10,0.8657150804996491,82
6,1,2,0.8403208673000335,82
6,2,3,0.8807961583137512,82
6,3,4,0.9070688128471375,82
6,4,5,0.926889705657959,82
6,5,6,0.8640088081359864,82
6,6,7,0.8585167706012726,82
6,7,8,0.894559520483017,82
6,8,9,0.8200776815414429,82
6,9,10,0.8380682706832886,82
7,1,2,0.8127057254314423,82
7,2,3,0.8626831531524658,82
7,3,4,0.8719533503055572,82
7,4,5,0.9013080775737763,82
7,5,6,0.8432003140449524,82
7,6,7,0.8665626883506775,82
7,7,8,0.8839813351631165,82
7,8,9,0.8147377371788025,82
7,9,10,0.823408591747284,82
8,1,2,0.8141055166721344,82
8,2,3,0.8402366459369659,82
8,3,4,0.8474364936351776,82
8,4,5,0.8862947225570679,82
8,5,6,0.8240545630455017,82
8,6,7,0.8116624236106873,82
8,7,8,0.8515983462333679,82
8,8,9,0.8009433448314667,82
8,9,10,0.789409214258194,82
9,1,2,0.7617410957813263,82
9,2,3,0.8093775868415832,82
9,3,4,0.8309873700141907,82
9,4,5,0.8189461052417755,82
9,5,6,0.7853957772254944,82
9,6,7,0.8141668438911438,82
9,7,8,0.8228806376457214,82
9,8,9,0.75043203830719,82
9,9,10,0.7129502594470978,82
10,1,2,0.7162917256355286,82
10,2,3,0.7504414260387421,82
10,3,4,0.8059603810310364,82
10,4,5,0.8195393204689025,82
10,5,6,0.7363281369209289,82
10,6,7,0.9035599589347839,82
10,7,8,0.8284464299678802,82
10,8,9,0.7328854680061341,82
10,9,10,0.7370755672454834,82
11,1,2,0.7931225538253784,82
11,2,3,0.901871919631958,82
11,3,4,0.9321817338466645,82
11,4,5,0.7646813571453095,82
11,5,6,0.7076688647270203,82
11,6,7,0.9202748477458954,82
11,7,8,0.7101964682340622,82
11,8,9,0.878406023979187,82
11,9,10,0.5716637365520001,82
0,1,2,0.9359297922679356,83
0,2,3,0.9751380596842084,83
0,3,4,0.9424690348761422,83
0,4,5,0.9416918811343965,83
0,5,6,0.9812828330766588,83
0,6,7,0.9702844790049961,83
0,7,8,0.9784580611047291,83
0,8,9,0.9810121712230501,83
0,9,10,0.9706969885599046,83
1,1,2,0.9361958815937951,83
1,2,3,0.9294014686629886,83
1,3,4,0.9151798940840221,83
1,4,5,0.9080906936100551,83
1,5,6,0.9339737835384551,83
1,6,7,0.9245577880314418,83
1,7,8,0.936939191250574,83
1,8,9,0.9266410044261387,83
1,9,10,0.912794692175729,83
2,1,2,0.9116596693084353,83
2,2,3,0.9046594358625866,83
2,3,4,0.8998659480185736,83
2,4,5,0.9093428225744338,83
2,5,6,0.9101428389549255,83
2,6,7,0.9162085198220753,83
2,7,8,0.9233694700967698,83
2,8,9,0.9043070560409909,83
2,9,10,0.8864795168240865,83
3,1,2,0.8465869284811474,83
3,2,3,0.9048335381916591,83
3,3,4,0.8531182010968527,83
3,4,5,0.8751519407544818,83
3,5,6,0.9047623730841137,83
3,6,7,0.9066321197010222,83
3,7,8,0.9172214042572748,83
3,8,9,0.8773616694268727,83
3,9,10,0.8641803917430696,83
4,1,2,0.8545863912219093,83
4,2,3,0.9086325793039232,83
4,3,4,0.8770783685502552,83
4,4,5,0.9034108633086795,83
4,5,6,0.890063538437798,83
4,6,7,0.8978778123855591,83
4,7,8,0.9075259651456561,83
4,8,9,0.8690016099384853,83
4,9,10,0.8730358112426031,83
5,1,2,0.8320177254222688,83
5,2,3,0.8928898771603903,83
5,3,4,0.8881912572043282,83
5,4,5,0.9017904713040307,83
5,5,6,0.8701335390408834,83
5,6,7,0.8843861279033479,83
5,7,8,0.8940292767116002,83
5,8,9,0.8445884982744852,83
5,9,10,0.8585789544241769,83
6,1,2,0.8138797510237921,83
6,2,3,0.863554577032725,83
6,3,4,0.8788723803701854,83
6,4,5,0.892751429762159,83
6,5,6,0.8507931800115676,83
6,6,7,0.853475638798305,83
6,7,8,0.8737541579064869,83
6,8,9,0.8300151115372068,83
6,9,10,0.8264799941153753,83
7,1,2,0.7952794858387539,83
7,2,3,0.8464903036753336,83
7,3,4,0.8418063663301014,83
7,4,5,0.8588057869956607,83
7,5,6,0.8271919119925726,83
7,6,7,0.8432702507291522,83
7,7,8,0.8562238358315968,83
7,8,9,0.8000198233695257,83
7,9,10,0.7967094693865094,83
8,1,2,0.7758059161049979,83
8,2,3,0.8180345211710248,83
8,3,4,0.8086052111216954,83
8,4,5,0.8328209065255665,83
8,5,6,0.8014614695594424,83
8,6,7,0.8003278403055101,83
8,7,8,0.8281054695447286,83
8,8,9,0.786876380443573,83
8,9,10,0.7598261691275097,83
9,1,2,0.7309505002839225,83
9,2,3,0.7888162987572807,83
9,3,4,0.7830565770467123,83
9,4,5,0.7362622647058397,83
9,5,6,0.7392899110203698,83
9,6,7,0.8157526850700378,83
9,7,8,0.7991149397123427,83
9,8,9,0.7558115465300423,83
9,9,10,0.6876086791356405,83
10,1,2,0.6791031644457862,83
10,2,3,0.7670415923708961,83
10,3,4,0.7694128240857806,83
10,4,5,0.6820358960401445,83
10,5,6,0.6885655905519213,83
10,6,7,0.8795035254387629,83
10,7,8,0.8003744823592049,83
10,8,9,0.6998844359602246,83
10,9,10,0.6506173823560987,83
11,1,2,0.7401080912067777,83
11,2,3,0.8949036711738223,83
11,3,4,0.9092151692935398,83
11,4,5,0.6175313778221607,83
11,5,6,0.5414654477721169,83
11,6,7,0.9406063301222665,83
11,7,8,0.7506539551984697,83
11,8,9,0.8970773191679091,83
11,9,10,0.5595395767263004,83
0,1,2,0.9553805311520894,84
0,2,3,0.9808156331380208,84
0,3,4,0.957104762395223,84
0,4,5,0.9648470958073934,84
0,5,6,0.9876890420913697,84
0,6,7,0.9735275149345398,84
0,7,8,0.9866505821545919,84
0,8,9,0.9815004110336304,84
0,9,10,0.9682064851125082,84
1,1,2,0.9529896299044291,84
1,2,3,0.9476042866706849,84
1,3,4,0.9293898820877076,84
1,4,5,0.9373655041058858,84
1,5,6,0.9572901844978332,84
1,6,7,0.9404795368512472,84
1,7,8,0.9565084179242452,84
1,8,9,0.9430786728858948,84
1,9,10,0.9326186021169026,84
2,1,2,0.9307310461997986,84
2,2,3,0.9283680280049642,84
2,3,4,0.9177552421887716,84
2,4,5,0.9337128480275472,84
2,5,6,0.9362807512283325,84
2,6,7,0.9353085199991862,84
2,7,8,0.9444051583607992,84
2,8,9,0.9280442516009013,84
2,9,10,0.9152528405189514,84
3,1,2,0.8698818405469259,84
3,2,3,0.9219480156898499,84
3,3,4,0.8763993422190348,84
3,4,5,0.9008614937464396,84
3,5,6,0.9235437273979187,84
3,6,7,0.9226996819178264,84
3,7,8,0.931721826394399,84
3,8,9,0.9051288564999899,84
3,9,10,0.8967106342315674,84
4,1,2,0.8765796462694804,84
4,2,3,0.922860566775004,84
4,3,4,0.8930961688359579,84
4,4,5,0.9229241331418355,84
4,5,6,0.9084877411524455,84
4,6,7,0.9126808245976766,84
4,7,8,0.9206631819407145,84
4,8,9,0.8920031944910686,84
4,9,10,0.89654115041097,84
5,1,2,0.8546821037928264,84
5,2,3,0.9085143089294434,84
5,3,4,0.9074758013089498,84
5,4,5,0.9260000983874003,84
5,5,6,0.885653293132782,84
5,6,7,0.8939253568649292,84
5,7,8,0.9053882837295533,84
5,8,9,0.8645613710085551,84
5,9,10,0.8833659251530965,84
6,1,2,0.8287066062291463,84
6,2,3,0.8775747458140055,84
6,3,4,0.9022705952326456,84
6,4,5,0.9206478834152222,84
6,5,6,0.8688765287399292,84
6,6,7,0.8631437659263611,84
6,7,8,0.8827146013577779,84
6,8,9,0.833777379989624,84
6,9,10,0.8423713366190593,84
7,1,2,0.822355326016744,84
7,2,3,0.8775426189104716,84
7,3,4,0.8740233500798543,84
7,4,5,0.8897703687349955,84
7,5,6,0.8427294174830119,84
7,6,7,0.8584555228551228,84
7,7,8,0.8797897497812907,84
7,8,9,0.8363712946573894,84
7,9,10,0.8367524584134419,84
8,1,2,0.8198610067367553,84
8,2,3,0.852124543984731,84
8,3,4,0.8548083543777466,84
8,4,5,0.8718659281730652,84
8,5,6,0.8179523547490438,84
8,6,7,0.8258118510246277,84
8,7,8,0.8561704993247986,84
8,8,9,0.8333475708961486,84
8,9,10,0.8035778681437175,84
9,1,2,0.758448580900828,84
9,2,3,0.838735036055247,84
9,3,4,0.8324195742607117,84
9,4,5,0.8151124636332194,84
9,5,6,0.7809181173642477,84
9,6,7,0.8343885660171508,84
9,7,8,0.8371203541755676,84
9,8,9,0.8119858821233114,84
9,9,10,0.7867702921231587,84
10,1,2,0.7046397805213929,84
10,2,3,0.7669798374176026,84
10,3,4,0.8043503284454345,84
10,4,5,0.7936843792597453,84
10,5,6,0.7444767117500305,84
10,6,7,0.9003082712491354,84
10,7,8,0.8532679518063863,84
10,8,9,0.7672887961069743,84
10,9,10,0.7295850435892741,84
11,1,2,0.7790645400683085,84
11,2,3,0.92793896595637,84
11,3,4,0.9191642880439759,84
11,4,5,0.7830541570981343,84
11,5,6,0.7290868560473124,84
11,6,7,0.9146628816922505,84
11,7,8,0.6796081403891245,84
11,8,9,0.8807052294413249,84
11,9,10,0.7210366586844127,84
0,1,2,0.9429355966193336,85
0,2,3,0.9765124448708126,85
0,3,4,0.947372881429536,85
0,4,5,0.9500562761511121,85
0,5,6,0.9835424997976848,85
0,6,7,0.9735786701951709,85
0,7,8,0.9793480506965092,85
0,8,9,0.9826304720980781,85
0,9,10,0.9712793231010437,85
1,1,2,0.9425084867647716,85
1,2,3,0.9344728695494788,85
1,3,4,0.9216322153806686,85
1,4,5,0.9197196300540652,85
1,5,6,0.9415835269859859,85
1,6,7,0.9333794649158206,85
1,7,8,0.941055566072464,85
1,8,9,0.9315322999443326,85
1,9,10,0.9162552952766418,85
2,1,2,0.9210841251271111,85
2,2,3,0.9138075539043972,85
2,3,4,0.9097357328448977,85
2,4,5,0.9213464728423527,85
2,5,6,0.9194596792970385,85
2,6,7,0.9261131691081184,85
2,7,8,0.9285103529691696,85
2,8,9,0.90979651255267,85
2,9,10,0.8940504342317581,85
3,1,2,0.8590401176895414,85
3,2,3,0.9127601044518607,85
3,3,4,0.8648889724697385,85
3,4,5,0.8870615256684167,85
3,5,6,0.911209666303226,85
3,6,7,0.9134119302034378,85
3,7,8,0.9202144401414054,85
3,8,9,0.8839758847440992,85
3,9,10,0.870133542588779,85
4,1,2,0.8649715100015912,85
4,2,3,0.9136503317526409,85
4,3,4,0.8867906991924558,85
4,4,5,0.9141151926347187,85
4,5,6,0.8975923167807716,85
4,6,7,0.902694108230727,85
4,7,8,0.9116275608539581,85
4,8,9,0.8758833663804191,85
4,9,10,0.8765469917229244,85
5,1,2,0.840661495923996,85
5,2,3,0.8984948396682739,85
5,3,4,0.8990369204963956,85
5,4,5,0.9129555821418762,85
5,5,6,0.8758370237691062,85
5,6,7,0.8870772208486285,85
5,7,8,0.8975218066147396,85
5,8,9,0.8536918099437442,85
5,9,10,0.8642051283802304,85
6,1,2,0.8178610503673553,85
6,2,3,0.8649286521332604,85
6,3,4,0.8916090982300895,85
6,4,5,0.9051082112959453,85
6,5,6,0.857299838747297,85
6,6,7,0.8566206374338695,85
6,7,8,0.8750080572707313,85
6,8,9,0.8215866025005069,85
6,9,10,0.8312774790184838,85
7,1,2,0.8006283832447869,85
7,2,3,0.8539084494113922,85
7,3,4,0.8594463552747454,85
7,4,5,0.8739362039736339,85
7,5,6,0.8346253782510757,85
7,6,7,0.8502006019864764,85
7,7,8,0.8645625348602023,85
7,8,9,0.8097913265228271,85
7,9,10,0.8059089034795761,85
8,1,2,0.7920343237263816,85
8,2,3,0.8241591858012336,85
8,3,4,0.8325260558298656,85
8,4,5,0.8491094495568957,85
8,5,6,0.8052925978388105,85
8,6,7,0.7994185600961957,85
8,7,8,0.8327434659004211,85
8,8,9,0.8004544228315353,85
8,9,10,0.7796748557261058,85
9,1,2,0.7367567526442664,85
9,2,3,0.8021168687513897,85
9,3,4,0.8041738995483944,85
9,4,5,0.766966027872903,85
9,5,6,0.7425155001027244,85
9,6,7,0.8123240960495812,85
9,7,8,0.8057888788836343,85
9,8,9,0.7673852550131934,85
9,9,10,0.7119431112493787,85
10,1,2,0.6853491333978516,85
10,2,3,0.7497807443141937,85
10,3,4,0.7692933252879551,85
10,4,5,0.7084355045642171,85
10,5,6,0.69288191731487,85
10,6,7,0.8828771114349365,85
10,7,8,0.8063562235661915,85
10,8,9,0.7207872016089303,85
10,9,10,0.6781900173851422,85
11,1,2,0.7350729799696377,85
11,2,3,0.9027942078454154,85
11,3,4,0.9133728912898472,85
11,4,5,0.6292829621317131,85
11,5,6,0.6054670443492276,85
11,6,7,0.9144351035356522,85
11,7,8,0.6301804977868285,85
11,8,9,0.869713904602187,85
11,9,10,0.5852894104485001,85
0,1,2,0.951152727717445,86
0,2,3,0.9732112685839335,86
0,3,4,0.9580682544481187,86
0,4,5,0.9596991964748928,86
0,5,6,0.98481114421572,86
0,6,7,0.9813066493897211,86
0,7,8,0.9816910141990298,86
0,8,9,0.9888711685226077,86
0,9,10,0.9813895537739709,86
1,1,2,0.9512831029437837,86
1,2,3,0.9354016383488973,86
1,3,4,0.9383809907095773,86
1,4,5,0.9377743176051548,86
1,5,6,0.9462418754895529,86
1,6,7,0.9479394044194903,86
1,7,8,0.9486054323968434,86
1,8,9,0.9413887035279047,86
1,9,10,0.9283956062226069,86
2,1,2,0.9345727789969671,86
2,2,3,0.9192838186309451,86
2,3,4,0.9257624575069973,86
2,4,5,0.9364230576015654,86
2,5,6,0.9294752478599548,86
2,6,7,0.9376968400818961,86
2,7,8,0.9375064514932179,86
2,8,9,0.919878173442114,86
2,9,10,0.9063381212098258,86
3,1,2,0.8815204614684695,86
3,2,3,0.9200374398912702,86
3,3,4,0.8846076528231303,86
3,4,5,0.9079373365356809,86
3,5,6,0.9226960170836676,86
3,6,7,0.9267075459162394,86
3,7,8,0.9327956665129888,86
3,8,9,0.8902797188077655,86
3,9,10,0.8834578849020458,86
4,1,2,0.888716995716095,86
4,2,3,0.9243650209336054,86
4,3,4,0.9030390154747736,86
4,4,5,0.9285478733834767,86
4,5,6,0.9105691881406874,86
4,6,7,0.9183977927480426,86
4,7,8,0.9234682321548462,86
4,8,9,0.8797783567791894,86
4,9,10,0.8896065212431408,86
5,1,2,0.8694136823926654,86
5,2,3,0.9065548607281276,86
5,3,4,0.9080923199653625,86
5,4,5,0.9249356445812044,86
5,5,6,0.8914924065272013,86
5,6,7,0.9020412734576634,86
5,7,8,0.9087542494138082,86
5,8,9,0.8543500417754764,86
5,9,10,0.8758016455741156,86
6,1,2,0.8481236667860121,86
6,2,3,0.8785572307450431,86
6,3,4,0.8961989084879557,86
6,4,5,0.9114278299467904,86
6,5,6,0.8702790879067921,86
6,6,7,0.8683825021698361,86
6,7,8,0.890860549041203,86
6,8,9,0.8243571264403207,86
6,9,10,0.8499494677498227,86
7,1,2,0.8229725843384152,86
7,2,3,0.8561378007843381,86
7,3,4,0.858073041552589,86
7,4,5,0.8810727624666124,86
7,5,6,0.8500268572852725,86
7,6,7,0.8656331385884967,86
7,7,8,0.8694902715228853,86
7,8,9,0.8045045137405396,86
7,9,10,0.8247383293651399,86
8,1,2,0.8088276925541106,86
8,2,3,0.8298371320679074,86
8,3,4,0.8204209946450733,86
8,4,5,0.8523812975202288,86
8,5,6,0.8162460923194885,86
8,6,7,0.8152193086487907,86
8,7,8,0.8369171278817313,86
8,8,9,0.7901864789781117,86
8,9,10,0.7942102267628625,86
9,1,2,0.7665838031541734,86
9,2,3,0.8005414548374358,86
9,3,4,0.7999625688507443,86
9,4,5,0.7572829666591826,86
9,5,6,0.7567740224656605,86
9,6,7,0.8211544865653628,86
9,7,8,0.8000302257991972,86
9,8,9,0.7594659498759678,86
9,9,10,0.7293584204855419,86
10,1,2,0.7105465531349182,86
10,2,3,0.7610925719851539,86
10,3,4,0.7797104546001979,86
10,4,5,0.700226027341116,86
10,5,6,0.7015214576607659,86
10,6,7,0.8886118985357738,86
10,7,8,0.8007798280034747,86
10,8,9,0.7096627879710424,86
10,9,10,0.7433923539661226,86
11,1,2,0.7584261695543925,86
11,2,3,0.9071949351401556,86
11,3,4,0.9339239427021572,86
11,4,5,0.6084965157012144,86
11,5,6,0.5625392702363786,86
11,6,7,0.9282774215652829,86
11,7,8,0.7251248572553907,86
11,8,9,0.8854332821709769,86
11,9,10,0.6158477816553343,86
0,1,2,0.9191669285297394,87
0,2,3,0.9651674807071686,87
0,3,4,0.9301844656467437,87
0,4,5,0.9274268388748169,87
0,5,6,0.975913280248642,87
0,6,7,0.9626211702823639,87
0,7,8,0.9742413938045502,87
0,8,9,0.9762132287025451,87
0,9,10,0.9638969480991364,87
1,1,2,0.9208480000495911,87
1,2,3,0.9145026803016663,87
1,3,4,0.9004776060581208,87
1,4,5,0.8943273603916169,87
1,5,6,0.9244450807571412,87
1,6,7,0.9143453717231751,87
1,7,8,0.9290172576904296,87
1,8,9,0.9220963835716247,87
1,9,10,0.9011650741100311,87
2,1,2,0.8891821682453156,87
2,2,3,0.8901505291461944,87
2,3,4,0.8837507724761963,87
2,4,5,0.8967839360237122,87
2,5,6,0.8983188152313233,87
2,6,7,0.9046470284461975,87
2,7,8,0.9138171315193176,87
2,8,9,0.8998118281364441,87
2,9,10,0.8727156043052673,87
3,1,2,0.8186107277870178,87
3,2,3,0.8871765792369842,87
3,3,4,0.8362833261489868,87
3,4,5,0.865862375497818,87
3,5,6,0.889245355129242,87
3,6,7,0.8936858654022217,87
3,7,8,0.9102798581123352,87
3,8,9,0.871960026025772,87
3,9,10,0.849189567565918,87
4,1,2,0.826234769821167,87
4,2,3,0.8929247915744781,87
4,3,4,0.8599961936473847,87
4,4,5,0.8960370421409607,87
4,5,6,0.8728684842586517,87
4,6,7,0.8826339781284332,87
4,7,8,0.8984725594520568,87
4,8,9,0.859568077325821,87
4,9,10,0.858932375907898,87
5,1,2,0.8023628652095794,87
5,2,3,0.8763413965702057,87
5,3,4,0.8758948683738709,87
5,4,5,0.8970074951648712,87
5,5,6,0.8526180267333985,87
5,6,7,0.8707335352897644,87
5,7,8,0.886835640668869,87
5,8,9,0.825478708744049,87
5,9,10,0.8432392001152038,87
6,1,2,0.7942571520805359,87
6,2,3,0.8441005766391754,87
6,3,4,0.8738687336444855,87
6,4,5,0.9010209560394287,87
6,5,6,0.8393217980861664,87
6,6,7,0.8414791345596313,87
6,7,8,0.8661406576633454,87
6,8,9,0.7967734098434448,87
6,9,10,0.8209435164928436,87
7,1,2,0.7757340133190155,87
7,2,3,0.8364243328571319,87
7,3,4,0.8357004821300507,87
7,4,5,0.8764334678649902,87
7,5,6,0.818668258190155,87
7,6,7,0.8300401985645294,87
7,7,8,0.8500377714633942,87
7,8,9,0.7854819595813751,87
7,9,10,0.8033038258552552,87
8,1,2,0.7566817998886108,87
8,2,3,0.8173539400100708,87
8,3,4,0.812657755613327,87
8,4,5,0.8680932223796844,87
8,5,6,0.8111302554607391,87
8,6,7,0.7874749779701233,87
8,7,8,0.8177212178707123,87
8,8,9,0.7676770806312561,87
8,9,10,0.7739510536193848,87
9,1,2,0.7160948157310486,87
9,2,3,0.7884476602077484,87
9,3,4,0.7942223727703095,87
9,4,5,0.7885623216629029,87
9,5,6,0.7624314665794373,87
9,6,7,0.7902210235595704,87
9,7,8,0.7987261712551117,87
9,8,9,0.7581182479858398,87
9,9,10,0.6965432524681091,87
10,1,2,0.675258195400238,87
10,2,3,0.7343342721462249,87
10,3,4,0.776387196779251,87
10,4,5,0.8075114130973816,87
10,5,6,0.7067997813224792,87
10,6,7,0.8725670039653778,87
10,7,8,0.8065232574939728,87
10,8,9,0.6875536769628525,87
10,9,10,0.6532667994499206,87
11,1,2,0.8015452980995178,87
11,2,3,0.8927874028682709,87
11,3,4,0.907374483346939,87
11,4,5,0.7769676983356476,87
11,5,6,0.6040543675422668,87
11,6,7,0.9147786378860474,87
11,7,8,0.6895649939775467,87
11,8,9,0.8731759309768676,87
11,9,10,0.7184707343578338,87
0,1,2,0.9434557791267123,88
0,2,3,0.9763609383787427,88
0,3,4,0.9468877847705569,88
0,4,5,0.9502118911061969,88
0,5,6,0.9827023893594742,88
0,6,7,0.9726133325270244,88
0,7,8,0.9794206236089978,88
0,8,9,0.9817125073501042,88
0,9,10,0.9686337092093059,88
1,1,2,0.9432946294546127,88
1,2,3,0.936112180352211,88
1,3,4,0.9220095638717923,88
1,4,5,0.9213889943701881,88
1,5,6,0.9430241520915713,88
1,6,7,0.9338282474449703,88
1,7,8,0.9441085053341729,88
1,8,9,0.9362091336931501,88
1,9,10,0.9185845234564373,88
2,1,2,0.921655855008534,88
2,2,3,0.9158744109528405,88
2,3,4,0.9100490765912193,88
2,4,5,0.9221545223678861,88
2,5,6,0.9221081946577344,88
2,6,7,0.9291067740746907,88
2,7,8,0.9319185188838414,88
2,8,9,0.9163163644926888,88
2,9,10,0.8961095597062793,88
3,1,2,0.8580919504165649,88
3,2,3,0.9145136858735766,88
3,3,4,0.8656667854104724,88
3,4,5,0.8895784744194576,88
3,5,6,0.9134343628372464,88
3,6,7,0.9169072189501354,88
3,7,8,0.9231938932623182,88
3,8,9,0.8929352973188672,88
3,9,10,0.8748939228909356,88
4,1,2,0.864130396928106,88
4,2,3,0.9155605861118862,88
4,3,4,0.8870727526290076,88
4,4,5,0.915355139545032,88
4,5,6,0.8987869301012584,88
4,6,7,0.9065029110227313,88
4,7,8,0.9136613373245511,88
4,8,9,0.8817212198461805,88
4,9,10,0.8814586911882673,88
5,1,2,0.8398160189390182,88
5,2,3,0.9006105640104839,88
5,3,4,0.8991281964949199,88
5,4,5,0.9139479377440044,88
5,5,6,0.8729155276502881,88
5,6,7,0.8898102534668786,88
5,7,8,0.9003980117184776,88
5,8,9,0.8589120975562504,88
5,9,10,0.8685947145734515,88
6,1,2,0.8183105907269886,88
6,2,3,0.8654333225318364,88
6,3,4,0.8917468999113355,88
6,4,5,0.9065656406538827,88
6,5,6,0.8560183729444232,88
6,6,7,0.858118570276669,88
6,7,8,0.8753658043486732,88
6,8,9,0.8264503479003906,88
6,9,10,0.8305426239967346,88
7,1,2,0.8015412113496235,88
7,2,3,0.8564547832523074,88
7,3,4,0.8609803297689983,88
7,4,5,0.8748182058334351,88
7,5,6,0.8308132886886597,88
7,6,7,0.851039279784475,88
7,7,8,0.8674044225897107,88
7,8,9,0.8164180517196655,88
7,9,10,0.8139519244432449,88
8,1,2,0.789519916687693,88
8,2,3,0.8282412737607956,88
8,3,4,0.8363546771662576,88
8,4,5,0.8532981276512146,88
8,5,6,0.7983534399952207,88
8,6,7,0.8013341831309455,88
8,7,8,0.8349062076636723,88
8,8,9,0.8058739453554153,88
8,9,10,0.7825922220945358,88
9,1,2,0.7318276571375983,88
9,2,3,0.8051838449069432,88
9,3,4,0.8088360279798508,88
9,4,5,0.7699449445520129,88
9,5,6,0.7352556266954967,88
9,6,7,0.8152124924319131,88
9,7,8,0.81011720427445,88
9,8,9,0.7828716188669205,88
9,9,10,0.722888816680227,88
10,1,2,0.668196517441954,88
10,2,3,0.7394812468971524,88
10,3,4,0.7758462578058243,88
10,4,5,0.7172068325536591,88
10,5,6,0.6811232545546123,88
10,6,7,0.8849929017680032,88
10,7,8,0.8095566183328629,88
10,8,9,0.7270345666578838,88
10,9,10,0.6916452742048672,88
11,1,2,0.7192256546446255,88
11,2,3,0.9028176154409137,88
11,3,4,0.9120611761297498,88
11,4,5,0.6524863601662219,88
11,5,6,0.6062912525875228,88
11,6,7,0.916333773306438,88
11,7,8,0.6320684302066054,88
11,8,9,0.8735351264476776,88
11,9,10,0.6764055926884923,88
0,1,2,0.9511790190424237,89
0,2,3,0.9817270636558533,89
0,3,4,0.9591485091618129,89
0,4,5,0.964277860664186,89
0,5,6,0.988569316409883,89
0,6,7,0.9740560735974994,89
0,7,8,0.984440701348441,89
0,8,9,0.9831298277491615,89
0,9,10,0.9750134348869324,89
1,1,2,0.9491497306596666,89
1,2,3,0.9443143123672122,89
1,3,4,0.9317907492319742,89
1,4,5,0.9338962691170829,89
1,5,6,0.9527220470564706,89
1,6,7,0.9363076431410653,89
1,7,8,0.9495314132599604,89
1,8,9,0.9386741802805946,89
1,9,10,0.9341440314338321,89
2,1,2,0.9269359026636396,89
2,2,3,0.9218224542481559,89
2,3,4,0.9176784526734125,89
2,4,5,0.9320166565123058,89
2,5,6,0.9318012254578727,89
2,6,7,0.9294082834607079,89
2,7,8,0.9373475994382586,89
2,8,9,0.9205859104792277,89
2,9,10,0.9131611017953782,89
3,1,2,0.8694193533488682,89
3,2,3,0.9183829001017979,89
3,3,4,0.8765950401624044,89
3,4,5,0.8992880895024254,89
3,5,6,0.9222236076990763,89
3,6,7,0.9193437581970578,89
3,7,8,0.9271717071533203,89
3,8,9,0.8970746085757301,89
3,9,10,0.8938238024711609,89
4,1,2,0.8735749494461786,89
4,2,3,0.9194458297320774,89
4,3,4,0.8930474065598988,89
4,4,5,0.9197878667286464,89
4,5,6,0.9062914280664354,89
4,6,7,0.9104073757217044,89
4,7,8,0.9160367108526684,89
4,8,9,0.8858415711493719,89
4,9,10,0.8950291446277073,89
5,1,2,0.8551347794986907,89
5,2,3,0.9065541000593276,89
5,3,4,0.9058288420949664,89
5,4,5,0.9187606771787008,89
5,5,6,0.8864816370464507,89
5,6,7,0.8945285138629732,89
5,7,8,0.9006077845891317,89
5,8,9,0.8619519983019147,89
5,9,10,0.8828080892562866,89
6,1,2,0.8306582484926496,89
6,2,3,0.8779550961085728,89
6,3,4,0.89070196946462,89
6,4,5,0.904003674075717,89
6,5,6,0.8665873635382879,89
6,6,7,0.8650641980625334,89
6,7,8,0.8793903333800179,89
6,8,9,0.8425337700616746,89
6,9,10,0.8437363959494091,89
7,1,2,0.8191903233528137,89
7,2,3,0.8671838556017194,89
7,3,4,0.8597854404222398,89
7,4,5,0.8718848455519903,89
7,5,6,0.8433340333756947,89
7,6,7,0.8584506653604054,89
7,7,8,0.8647887933821905,89
7,8,9,0.8215546948569161,89
7,9,10,0.8185654197420392,89
8,1,2,0.8073623180389404,89
8,2,3,0.8366309517905826,89
8,3,4,0.8284839448474702,89
8,4,5,0.8459917675881159,89
8,5,6,0.8168364536194574,89
8,6,7,0.8345209814253307,89
8,7,8,0.8459000388781229,89
8,8,9,0.8109477446192787,89
8,9,10,0.788867039339883,89
9,1,2,0.7646008502869379,89
9,2,3,0.8187347309929984,89
9,3,4,0.8059720567294529,89
9,4,5,0.7640270675931659,89
9,5,6,0.7554332188197544,89
9,6,7,0.8397822890962873,89
9,7,8,0.8186959766206288,89
9,8,9,0.785952125276838,89
9,9,10,0.7525640527407328,89
10,1,2,0.7029428169840858,89
10,2,3,0.7866738069625128,89
10,3,4,0.7837616744495574,89
10,4,5,0.7077730780556089,89
10,5,6,0.7104880497569129,89
10,6,7,0.8882390913509187,89
10,7,8,0.825212245895749,89
10,8,9,0.7346107619149345,89
10,9,10,0.6881500950881413,89
11,1,2,0.7448207012244633,89
11,2,3,0.9248210986455282,89
11,3,4,0.9216813274792263,89
11,4,5,0.6400541480453241,89
11,5,6,0.5538991157497678,89
11,6,7,0.9311788990384057,89
11,7,8,0.6636758751812435,89
11,8,9,0.8837248115312486,89
11,9,10,0.5922578949303854,89
0,1,2,0.939879413161959,90
0,2,3,0.9738832797322955,90
0,3,4,0.9464165568351746,90
0,4,5,0.947572152529444,90
0,5,6,0.9824892580509186,90
0,6,7,0.9718309023550579,90
0,7,8,0.9799364571060453,90
0,8,9,0.9825266684804644,90
0,9,10,0.9723530518157142,90
1,1,2,0.9399929578815188,90
1,2,3,0.9308560767344066,90
1,3,4,0.9198680073022842,90
1,4,5,0.9171027328286853,90
1,5,6,0.9384933752673013,90
1,6,7,0.9291517266205379,90
1,7,8,0.9404327741691044,90
1,8,9,0.9310477652720043,90
1,9,10,0.9178399273327419,90
2,1,2,0.916810257094247,90
2,2,3,0.9089235429252897,90
2,3,4,0.9047843324286597,90
2,4,5,0.9170325973204204,90
2,5,6,0.9156477728060314,90
2,6,7,0.9209355797086444,90
2,7,8,0.927249340074403,90
2,8,9,0.9094666540622711,90
2,9,10,0.8942086866923741,90
3,1,2,0.8541415418897357,90
3,2,3,0.9078484688486371,90
3,3,4,0.8601517826318741,90
3,4,5,0.8840230064732688,90
3,5,6,0.9077561689274651,90
3,6,7,0.9100697679179055,90
3,7,8,0.9208028124911445,90
3,8,9,0.8813580338444028,90
3,9,10,0.8707779198884964,90
4,1,2,0.8615906536579132,90
4,2,3,0.9111236440283912,90
4,3,4,0.8817316527877536,90
4,4,5,0.90986339535032,90
4,5,6,0.8933727719954082,90
4,6,7,0.9001610726118088,90
4,7,8,0.9107814835650581,90
4,8,9,0.8716183411223548,90
4,9,10,0.8779053794486182,90
5,1,2,0.8397096799952644,90
5,2,3,0.8951509339468819,90
5,3,4,0.8931172234671456,90
5,4,5,0.9088966761316571,90
5,5,6,0.87490000469344,90
5,6,7,0.8845464842660087,90
5,7,8,0.8963320893900735,90
5,8,9,0.8448210316044944,90
5,9,10,0.8637013371501651,90
6,1,2,0.8207024676459176,90
6,2,3,0.8629345723560878,90
6,3,4,0.8844561512981143,90
6,4,5,0.9002863998923983,90
6,5,6,0.8539799111230033,90
6,6,7,0.8527140766382217,90
6,7,8,0.8765721853290286,90
6,8,9,0.8180092381579536,90
6,9,10,0.8329588856015887,90
7,1,2,0.8029748541968209,90
7,2,3,0.8482177236250469,90
7,3,4,0.8473710694483348,90
7,4,5,0.8692350174699511,90
7,5,6,0.8319968112877437,90
7,6,7,0.8458236370767865,90
7,7,8,0.8601306314979281,90
7,8,9,0.7995286073003497,90
7,9,10,0.8073842972517014,90
8,1,2,0.7858831329005105,90
8,2,3,0.8197010819401059,90
8,3,4,0.8141411755766187,90
8,4,5,0.8446792151246753,90
8,5,6,0.8042324227946145,90
8,6,7,0.8026490956544876,90
8,7,8,0.8292543377195086,90
8,8,9,0.7884861741747174,90
8,9,10,0.7764968127012253,90
9,1,2,0.7389826072113854,90
9,2,3,0.7943188697099686,90
9,3,4,0.7924511283636093,90
9,4,5,0.7538440759692874,90
9,5,6,0.745002418756485,90
9,6,7,0.8126059429986137,90
9,7,8,0.8000662901571819,90
9,8,9,0.7618981088910785,90
9,9,10,0.7128635048866272,90
10,1,2,0.686906561255455,90
10,2,3,0.7534465874944415,90
10,3,4,0.7690786847046444,90
10,4,5,0.7047393439071519,90
10,5,6,0.6948701984116009,90
10,6,7,0.8801326113087791,90
10,7,8,0.8021646291017532,90
10,8,9,0.7083701714873314,90
10,9,10,0.679980990077768,90
11,1,2,0.7521124769534383,90
11,2,3,0.9005929550954274,90
11,3,4,0.9135652248348508,90
11,4,5,0.6285832578848515,90
11,5,6,0.5686654006796223,90
11,6,7,0.9253169553620475,90
11,7,8,0.7336903565696308,90
11,8,9,0.8862193844148091,90
11,9,10,0.6039204993950469,90
0,1,2,0.9562236695062547,91
0,2,3,0.9772103258541652,91
0,3,4,0.9606870668275016,91
0,4,5,0.9632765395300729,91
0,5,6,0.9853629838852656,91
0,6,7,0.9825047226179213,91
0,7,8,0.980647589479174,91
0,8,9,0.9885579290844145,91
0,9,10,0.9768247774669102,91
1,1,2,0.9553350635937282,91
1,2,3,0.9424509718304589,91
1,3,4,0.9425601391565233,91
1,4,5,0.9400491345496405,91
1,5,6,0.9475335819380624,91
1,6,7,0.9504863250823248,91
1,7,8,0.9503682142212277,91
1,8,9,0.9433400460651943,91
1,9,10,0.9226432300749279,91
2,1,2,0.940343269280025,91
2,2,3,0.9277643816811698,91
2,3,4,0.9337633138611203,91
2,4,5,0.9404184449286688,91
2,5,6,0.9327129437809899,91
2,6,7,0.9430196086565653,91
2,7,8,0.9391083036150251,91
2,8,9,0.9221387335232326,91
2,9,10,0.9034510283243089,91
3,1,2,0.8862663280396235,91
3,2,3,0.9281718816076007,91
3,3,4,0.8913434374900091,91
3,4,5,0.909739647592817,91
3,5,6,0.9247420316650754,91
3,6,7,0.9298991419020153,91
3,7,8,0.9314801806495303,91
3,8,9,0.8923526519820804,91
3,9,10,0.879492427621569,91
4,1,2,0.8916955874079749,91
4,2,3,0.929617200578962,91
4,3,4,0.9118232414835975,91
4,4,5,0.9331661093802679,91
4,5,6,0.9129665408815656,91
4,6,7,0.9193018731616792,91
4,7,8,0.9236642661548796,91
4,8,9,0.883855246362232,91
4,9,10,0.887664102372669,91
5,1,2,0.8687443733215332,91
5,2,3,0.912744402885437,91
5,3,4,0.9164108406929743,91
5,4,5,0.9274962544441223,91
5,5,6,0.8876115168843951,91
5,6,7,0.898422244049254,91
5,7,8,0.908870538075765,91
5,8,9,0.865725610937391,91
5,9,10,0.8771049238386608,91
6,1,2,0.8429305127688816,91
6,2,3,0.8840435345967611,91
6,3,4,0.9038898263658796,91
6,4,5,0.9144393971988133,91
6,5,6,0.8671762091772897,91
6,6,7,0.866995998791286,91
6,7,8,0.8875547051429749,91
6,8,9,0.8314493922960191,91
6,9,10,0.8422857466198149,91
7,1,2,0.815877167951493,91
7,2,3,0.8674439589182535,91
7,3,4,0.8745459942590623,91
7,4,5,0.8825221515837169,91
7,5,6,0.8420275307836986,91
7,6,7,0.8675964162463233,91
7,7,8,0.8753871208145505,91
7,8,9,0.819031556447347,91
7,9,10,0.8191875531559899,91
8,1,2,0.8113441467285156,91
8,2,3,0.8346798788933527,91
8,3,4,0.8451787318502154,91
8,4,5,0.8553331948461986,91
8,5,6,0.8056906859079996,91
8,6,7,0.8093595845358712,91
8,7,8,0.8398892084757487,91
8,8,9,0.8052866884640285,91
8,9,10,0.7944806558745248,91
9,1,2,0.7592237421444484,91
9,2,3,0.8146618803342184,91
9,3,4,0.8188393712043762,91
9,4,5,0.7642232037725902,91
9,5,6,0.7412246408916655,91
9,6,7,0.8208814093044826,91
9,7,8,0.8055624479339236,91
9,8,9,0.7714754059201195,91
9,9,10,0.7305149776594979,91
10,1,2,0.6900564616634732,91
10,2,3,0.7491819517953056,91
10,3,4,0.784675691808973,91
10,4,5,0.6986106988929567,91
10,5,6,0.6850797079858326,91
10,6,7,0.8906979248637245,91
10,7,8,0.803643076192765,91
10,8,9,0.7217800759133839,91
10,9,10,0.7298601269721985,91
11,1,2,0.7223442934808277,91
11,2,3,0.9164195174262637,91
11,3,4,0.9307940261704581,91
11,4,5,0.6132681030957472,91
11,5,6,0.5883293130568096,91
11,6,7,0.9154592497008187,91
11,7,8,0.6292164474725723,91
11,8,9,0.8745291914258685,91
11,9,10,0.6064613940460342,91
0,1,2,0.9525864283243816,92
0,2,3,0.9787521918614706,92
0,3,4,0.9579518993695577,92
0,4,5,0.9579492370287578,92
0,5,6,0.9848879019419352,92
0,6,7,0.9831984122594197,92
0,7,8,0.979999057451884,92
0,8,9,0.987172532081604,92
0,9,10,0.9761730909347535,92
1,1,2,0.9516236027081807,92
1,2,3,0.9419498244921366,92
1,3,4,0.9392290433247884,92
1,4,5,0.9327800035476684,92
1,5,6,0.9442428827285767,92
1,6,7,0.9505469560623169,92
1,7,8,0.9489681005477906,92
1,8,9,0.9383322993914286,92
1,9,10,0.9186204353968302,92
2,1,2,0.9358473499615987,92
2,2,3,0.9257439414660136,92
2,3,4,0.9332604805628458,92
2,4,5,0.9359766880671183,92
2,5,6,0.9282413204511006,92
2,6,7,0.9405428210894267,92
2,7,8,0.9382533113161723,92
2,8,9,0.9171153982480367,92
2,9,10,0.8970350464185078,92
3,1,2,0.8845569570859273,92
3,2,3,0.9259244720141093,92
3,3,4,0.8910151759783427,92
3,4,5,0.9074731429417928,92
3,5,6,0.9238925139109294,92
3,6,7,0.9281258662541707,92
3,7,8,0.9297465761502584,92
3,8,9,0.8888029376665751,92
3,9,10,0.8755330403645833,92
4,1,2,0.889164404074351,92
4,2,3,0.9296668608983357,92
4,3,4,0.9121200998624166,92
4,4,5,0.9325848539670308,92
4,5,6,0.9117740114529927,92
4,6,7,0.919526477654775,92
4,7,8,0.9232775251070658,92
4,8,9,0.8797741214434306,92
4,9,10,0.8840377330780029,92
5,1,2,0.8641555865605672,92
5,2,3,0.9132190028826396,92
5,3,4,0.9166807691256206,92
5,4,5,0.927060341835022,92
5,5,6,0.8819247126579285,92
5,6,7,0.9000826478004456,92
5,7,8,0.9099930127461752,92
5,8,9,0.8629535555839538,92
5,9,10,0.8723679979642233,92
6,1,2,0.8354108413060506,92
6,2,3,0.8930271704991658,92
6,3,4,0.911857541402181,92
6,4,5,0.9227256973584493,92
6,5,6,0.8671007076899211,92
6,6,7,0.8686293919881185,92
6,7,8,0.8886444131533305,92
6,8,9,0.8402790784835815,92
6,9,10,0.8382164597511291,92
7,1,2,0.812283992767334,92
7,2,3,0.879492477575938,92
7,3,4,0.8889810125033061,92
7,4,5,0.8914406538009644,92
7,5,6,0.842518945535024,92
7,6,7,0.8698992848396301,92
7,7,8,0.8799190958340962,92
7,8,9,0.8278157750765482,92
7,9,10,0.8193450689315795,92
8,1,2,0.8120697180430094,92
8,2,3,0.8542471488316854,92
8,3,4,0.8660860697428385,92
8,4,5,0.8687442461649577,92
8,5,6,0.8155839284261067,92
8,6,7,0.8167380690574646,92
8,7,8,0.8491857687632243,92
8,8,9,0.8102281808853149,92
8,9,10,0.7855881770451864,92
9,1,2,0.7549209515253703,92
9,2,3,0.8257748444875082,92
9,3,4,0.8319356282552083,92
9,4,5,0.7957377115885417,92
9,5,6,0.7842607299486796,92
9,6,7,0.8279948949813842,92
9,7,8,0.8168580412864686,92
9,8,9,0.765070907274882,92
9,9,10,0.7123639384905497,92
10,1,2,0.7017042100429535,92
10,2,3,0.7865821162859599,92
10,3,4,0.8197232802708944,92
10,4,5,0.775032635529836,92
10,5,6,0.725182028611501,92
10,6,7,0.9025379618008932,92
10,7,8,0.8286259849866231,92
10,8,9,0.7376691897710165,92
10,9,10,0.7251634875933329,92
11,1,2,0.7722906589508056,92
11,2,3,0.912066109975179,92
11,3,4,0.9339794317881266,92
11,4,5,0.8378446102142334,92
11,5,6,0.7032463471094768,92
11,6,7,0.9307130098342895,92
11,7,8,0.6179362833499908,92
11,8,9,0.8799013932545979,92
11,9,10,0.5840795710682869,92
0,1,2,0.9456031918525696,93
0,2,3,0.9709041595458985,93
0,3,4,0.9549490332603454,93
0,4,5,0.9546083291371663,93
0,5,6,0.9820506135622661,93
0,6,7,0.98008238474528,93
0,7,8,0.9796914498011271,93
0,8,9,0.9876448671023051,93
0,9,10,0.9752920866012573,93
1,1,2,0.9469179232915242,93
1,2,3,0.9328803976376852,93
1,3,4,0.9346010565757752,93
1,4,5,0.9298953652381897,93
1,5,6,0.9380112846692403,93
1,6,7,0.9447669267654419,93
1,7,8,0.9461702267328899,93
1,8,9,0.9371094504992167,93
1,9,10,0.9155333042144775,93
2,1,2,0.9292105833689371,93
2,2,3,0.9179238041241964,93
2,3,4,0.9246036807696024,93
2,4,5,0.9310139139493306,93
2,5,6,0.9204238653182983,93
2,6,7,0.9324753761291504,93
2,7,8,0.9334595322608947,93
2,8,9,0.9162045478820801,93
2,9,10,0.8936691919962565,93
3,1,2,0.8746426264444987,93
3,2,3,0.9182123661041259,93
3,3,4,0.8822044412295024,93
3,4,5,0.9033029516537984,93
3,5,6,0.9139602343241374,93
3,6,7,0.9220371166865031,93
3,7,8,0.9282705187797546,93
3,8,9,0.8821068644523621,93
3,9,10,0.8715996344884237,93
4,1,2,0.8835867484410603,93
4,2,3,0.9231111923853557,93
4,3,4,0.9029883941014608,93
4,4,5,0.9278857986132304,93
4,5,6,0.9017161210378011,93
4,6,7,0.91250053246816,93
4,7,8,0.920202624797821,93
4,8,9,0.8696861823399862,93
4,9,10,0.8822686076164246,93
5,1,2,0.8640137354532877,93
5,2,3,0.9057057619094848,93
5,3,4,0.907623016834259,93
5,4,5,0.9236826817194621,93
5,5,6,0.879400900999705,93
5,6,7,0.8905502279599508,93
5,7,8,0.9047269900639852,93
5,8,9,0.8444084445635478,93
5,9,10,0.8705002228418987,93
6,1,2,0.8397231658299764,93
6,2,3,0.8890152494112651,93
6,3,4,0.8990635792414348,93
6,4,5,0.9160664796829223,93
6,5,6,0.8558573246002197,93
6,6,7,0.8582352598508199,93
6,7,8,0.88814936876297,93
6,8,9,0.8123416026433309,93
6,9,10,0.83622119029363,93
7,1,2,0.8073745210965474,93
7,2,3,0.8618626793225607,93
7,3,4,0.8615159114201864,93
7,4,5,0.887025511264801,93
7,5,6,0.8322354197502136,93
7,6,7,0.8595142563184103,93
7,7,8,0.8695686380068461,93
7,8,9,0.7991364757219951,93
7,9,10,0.8184165835380555,93
8,1,2,0.8001345515251159,93
8,2,3,0.8357602079709371,93
8,3,4,0.8289937257766724,93
8,4,5,0.8657686432202657,93
8,5,6,0.8080639243125916,93
8,6,7,0.8093994140625,93
8,7,8,0.8346489071846008,93
8,8,9,0.7825656572977702,93
8,9,10,0.7856600085894266,93
9,1,2,0.7548080364863078,93
9,2,3,0.8049495021502177,93
9,3,4,0.8114682873090108,93
9,4,5,0.783979845046997,93
9,5,6,0.7736823479334514,93
9,6,7,0.8151276350021363,93
9,7,8,0.8002599954605103,93
9,8,9,0.754810647169749,93
9,9,10,0.7278937896092733,93
10,1,2,0.6995163917541504,93
10,2,3,0.7601571400960286,93
10,3,4,0.8034137805302938,93
10,4,5,0.7693890968958537,93
10,5,6,0.7200925469398498,93
10,6,7,0.8908519546190897,93
10,7,8,0.8095254460970561,93
10,8,9,0.7091446777184804,93
10,9,10,0.7448834776878357,93
11,1,2,0.7871488531430563,93
11,2,3,0.9096270600954691,93
11,3,4,0.9319783846537272,93
11,4,5,0.7588685472806295,93
11,5,6,0.5966468811035156,93
11,6,7,0.9237473090489705,93
11,7,8,0.7500928322474162,93
11,8,9,0.8957334717114767,93
11,9,10,0.6404291724165281,93
0,1,2,0.9504736633527846,94
0,2,3,0.9782034726369948,94
0,3,4,0.9576593892914909,94
0,4,5,0.9643762565794445,94
0,5,6,0.9879044833637419,94
0,6,7,0.9726158039910453,94
0,7,8,0.9847487040928432,94
0,8,9,0.982965832664853,94
0,9,10,0.973673281215486,94
1,1,2,0.9489895190511431,94
1,2,3,0.9408585883322216,94
1,3,4,0.9299107931909107,94
1,4,5,0.9367131959824335,94
1,5,6,0.9548633495966593,94
1,6,7,0.936631923630124,94
1,7,8,0.951032817363739,94
1,8,9,0.9422041376431783,94
1,9,10,0.9371133049329122,94
2,1,2,0.9262211322784424,94
2,2,3,0.919430326847803,94
2,3,4,0.9144884262766156,94
2,4,5,0.9330804064160302,94
2,5,6,0.9345795001302447,94
2,6,7,0.9316500425338745,94
2,7,8,0.9390592120942616,94
2,8,9,0.9251900513966879,94
2,9,10,0.9180055771555219,94
3,1,2,0.8672654657136827,94
3,2,3,0.9152240242276873,94
3,3,4,0.8744215624673026,94
3,4,5,0.9018170805204482,94
3,5,6,0.9227507540157863,94
3,6,7,0.9208668441999526,94
3,7,8,0.9287895389965602,94
3,8,9,0.9034747594878787,94
3,9,10,0.8996538434709821,94
4,1,2,0.8714648087819418,94
4,2,3,0.9165535654340472,94
4,3,4,0.8890141277086168,94
4,4,5,0.9201847939264207,94
4,5,6,0.9061968326568604,94
4,6,7,0.9112447046098255,94
4,7,8,0.9154354873157683,94
4,8,9,0.8895227965854463,94
4,9,10,0.8987389632633754,94
5,1,2,0.8532397065843854,94
5,2,3,0.9029559124083746,94
5,3,4,0.9027486500285921,94
5,4,5,0.9200086622011094,94
5,5,6,0.8868134816487631,94
5,6,7,0.8952645829745701,94
5,7,8,0.8992365031015306,94
5,8,9,0.8609393380937123,94
5,9,10,0.8858224295434498,94
6,1,2,0.8307312556675502,94
6,2,3,0.8697348009972345,94
6,3,4,0.8902306982449123,94
6,4,5,0.906948257060278,94
6,5,6,0.8657009090696063,94
6,6,7,0.8631537130900792,94
6,7,8,0.8785727676891145,94
6,8,9,0.8312422718320575,94
6,9,10,0.8481907163347516,94
7,1,2,0.8197464261736188,94
7,2,3,0.8606323429516384,94
7,3,4,0.8580350450107029,94
7,4,5,0.8763063549995422,94
7,5,6,0.842890012831915,94
7,6,7,0.8557139067422777,94
7,7,8,0.8643003900845846,94
7,8,9,0.8190805259205046,94
7,9,10,0.8287010874067035,94
8,1,2,0.8049002658753168,94
8,2,3,0.8307635131336394,94
8,3,4,0.8270934848558336,94
8,4,5,0.8525505520048595,94
8,5,6,0.809843795640128,94
8,6,7,0.8276981427555993,94
8,7,8,0.8409551211765834,94
8,8,9,0.8106399150121779,94
8,9,10,0.8016802157674517,94
9,1,2,0.7608110166731334,94
9,2,3,0.8170364953222728,94
9,3,4,0.8115453407877967,94
9,4,5,0.7705111248152596,94
9,5,6,0.7489406409717742,94
9,6,7,0.8307789620899019,94
9,7,8,0.8155397517340524,94
9,8,9,0.7979596711340404,94
9,9,10,0.7709339573269799,94
10,1,2,0.6931662701425099,94
10,2,3,0.7633289212272281,94
10,3,4,0.7805124436106,94
10,4,5,0.7164690040406727,94
10,5,6,0.7013853476161048,94
10,6,7,0.8846876961844308,94
10,7,8,0.8228459102766854,94
10,8,9,0.7384591130983262,94
10,9,10,0.709115648553485,94
11,1,2,0.7386108055001214,94
11,2,3,0.9219865940866017,94
11,3,4,0.9192911358106703,94
11,4,5,0.6318333187096176,94
11,5,6,0.5708878267379034,94
11,6,7,0.9171755824770246,94
11,7,8,0.6549801592315946,94
11,8,9,0.8761759088152931,94
11,9,10,0.6924264587107158,94
0,1,2,0.9498718897501628,95
0,2,3,0.9813263654708863,95
0,3,4,0.9558151284853618,95
0,4,5,0.9602269093195598,95
0,5,6,0.9878299315770467,95
0,6,7,0.9719263235727946,95
0,7,8,0.9851031382878621,95
0,8,9,0.9826414108276367,95
0,9,10,0.9748659332593282,95
1,1,2,0.948036269346873,95
1,2,3,0.9426805257797242,95
1,3,4,0.9266884605089823,95
1,4,5,0.9278298576672872,95
1,5,6,0.9499866962432861,95
1,6,7,0.9304872155189514,95
1,7,8,0.9494840860366821,95
1,8,9,0.9379008968671163,95
1,9,10,0.9350534598032634,95
2,1,2,0.9244684696197509,95
2,2,3,0.9189218123753865,95
2,3,4,0.9102903882662455,95
2,4,5,0.9251793622970581,95
2,5,6,0.9268899242083232,95
2,6,7,0.9240968624750773,95
2,7,8,0.9363806923230489,95
2,8,9,0.9187158942222595,95
2,9,10,0.912149441242218,95
3,1,2,0.8657049735387167,95
3,2,3,0.9152755220731099,95
3,3,4,0.8685167988141378,95
3,4,5,0.8915068586667378,95
3,5,6,0.9175978819529216,95
3,6,7,0.914903982480367,95
3,7,8,0.9264106392860413,95
3,8,9,0.8940389553705851,95
3,9,10,0.8921836415926615,95
4,1,2,0.8710349241892497,95
4,2,3,0.9175565481185913,95
4,3,4,0.8853554606437684,95
4,4,5,0.9123259305953979,95
4,5,6,0.901655113697052,95
4,6,7,0.9060657024383545,95
4,7,8,0.9151646415392558,95
4,8,9,0.8832754453023275,95
4,9,10,0.8945785601933797,95
5,1,2,0.8527526299158732,95
5,2,3,0.9042216102282207,95
5,3,4,0.8980774760246277,95
5,4,5,0.9120164752006531,95
5,5,6,0.8855648756027221,95
5,6,7,0.891331938902537,95
5,7,8,0.9002479076385498,95
5,8,9,0.8578383406003316,95
5,9,10,0.8795296827952067,95
6,1,2,0.832065733273824,95
6,2,3,0.8744597832361857,95
6,3,4,0.8847333153088888,95
6,4,5,0.8990286389986674,95
6,5,6,0.8639922539393107,95
6,6,7,0.861629585425059,95
6,7,8,0.8809438308080038,95
6,8,9,0.8433669328689575,95
6,9,10,0.8429461042086284,95
7,1,2,0.8245634833971659,95
7,2,3,0.8622091849644978,95
7,3,4,0.8501282016436259,95
7,4,5,0.8651495099067688,95
7,5,6,0.8409696141878764,95
7,6,7,0.8532566706339518,95
7,7,8,0.8633370995521545,95
7,8,9,0.8171120127042134,95
7,9,10,0.818001925945282,95
8,1,2,0.8052368998527527,95
8,2,3,0.832990304629008,95
8,3,4,0.8155992070833842,95
8,4,5,0.836735212802887,95
8,5,6,0.8149772922197978,95
8,6,7,0.8338495651880901,95
8,7,8,0.8439770897229513,95
8,8,9,0.8079650521278381,95
8,9,10,0.7819737474123637,95
9,1,2,0.762683900197347,95
9,2,3,0.8148586710294088,95
9,3,4,0.7945861379305522,95
9,4,5,0.7487039526303609,95
9,5,6,0.7554893970489502,95
9,6,7,0.8447420199712118,95
9,7,8,0.8156660755475362,95
9,8,9,0.7821807940800984,95
9,9,10,0.7468555450439454,95
10,1,2,0.7093435605367024,95
10,2,3,0.7944675167401631,95
10,3,4,0.7768069346745808,95
10,4,5,0.6866013864676158,95
10,5,6,0.7149126609166463,95
10,6,7,0.888417367140452,95
10,7,8,0.8209446986516317,95
10,8,9,0.7303091088930765,95
10,9,10,0.6760096530119578,95
11,1,2,0.7532488246758778,95
11,2,3,0.9202349265416463,95
11,3,4,0.9158873875935872,95
11,4,5,0.5951057178278764,95
11,5,6,0.5420037319262823,95
11,6,7,0.9443625450134278,95
11,7,8,0.7716016411781311,95
11,8,9,0.9000579555829366,95
11,9,10,0.5717834621667862,95
0,1,2,0.9472322583198547,96
0,2,3,0.9720147609710693,96
0,3,4,0.9482445895671845,96
0,4,5,0.9514862060546875,96
0,5,6,0.9816612243652344,96
0,6,7,0.9803806483745575,96
0,7,8,0.9784100472927093,96
0,8,9,0.9874095737934112,96
0,9,10,0.9754542887210846,96
1,1,2,0.9482383012771607,96
1,2,3,0.9325675785541534,96
1,3,4,0.9307024598121643,96
1,4,5,0.9319549918174743,96
1,5,6,0.9432752728462219,96
1,6,7,0.9466252207756043,96
1,7,8,0.9458434998989105,96
1,8,9,0.9442498683929443,96
1,9,10,0.9210396885871888,96
2,1,2,0.9324442386627197,96
2,2,3,0.9172159850597381,96
2,3,4,0.9203840374946595,96
2,4,5,0.9325409829616547,96
2,5,6,0.927381843328476,96
2,6,7,0.9393356204032898,96
2,7,8,0.9373971581459045,96
2,8,9,0.9233820557594299,96
2,9,10,0.8990990579128265,96
3,1,2,0.8727078437805176,96
3,2,3,0.9198084831237793,96
3,3,4,0.8774470508098602,96
3,4,5,0.9032499432563782,96
3,5,6,0.921556007862091,96
3,6,7,0.9269795119762421,96
3,7,8,0.9343820095062256,96
3,8,9,0.8993959665298462,96
3,9,10,0.8780909419059754,96
4,1,2,0.881001102924347,96
4,2,3,0.922979074716568,96
4,3,4,0.8999194025993347,96
4,4,5,0.9266783833503723,96
4,5,6,0.9089160978794097,96
4,6,7,0.9171783328056335,96
4,7,8,0.9275996208190918,96
4,8,9,0.8857587039470672,96
4,9,10,0.8868874967098236,96
5,1,2,0.8586078882217407,96
5,2,3,0.9071520030498504,96
5,3,4,0.9068241715431213,96
5,4,5,0.9240461707115173,96
5,5,6,0.8817160069942475,96
5,6,7,0.8991687774658204,96
5,7,8,0.9181883037090302,96
5,8,9,0.8686087310314179,96
5,9,10,0.873129951953888,96
6,1,2,0.8413829565048218,96
6,2,3,0.8653121888637543,96
6,3,4,0.8975138604640961,96
6,4,5,0.9134164273738861,96
6,5,6,0.8630557477474212,96
6,6,7,0.8651379108428955,96
6,7,8,0.8943818867206573,96
6,8,9,0.8293705403804779,96
6,9,10,0.8407325208187103,96
7,1,2,0.8162797510623931,96
7,2,3,0.8476637363433838,96
7,3,4,0.8610423624515533,96
7,4,5,0.8850091814994812,96
7,5,6,0.8394629001617432,96
7,6,7,0.8636835932731628,96
7,7,8,0.8804239332675934,96
7,8,9,0.8179102599620819,96
7,9,10,0.8256939649581909,96
8,1,2,0.799425607919693,96
8,2,3,0.8192025661468506,96
8,3,4,0.8306341350078583,96
8,4,5,0.862869393825531,96
8,5,6,0.7985818445682525,96
8,6,7,0.8040803730487823,96
8,7,8,0.8440634965896606,96
8,8,9,0.803763496875763,96
8,9,10,0.788713026046753,96
9,1,2,0.7483148515224457,96
9,2,3,0.7872439444065094,96
9,3,4,0.8082817316055297,96
9,4,5,0.768891590833664,96
9,5,6,0.7211381256580353,96
9,6,7,0.8123225390911102,96
9,7,8,0.8153982996940613,96
9,8,9,0.7738925814628601,96
9,9,10,0.7069646418094635,96
10,1,2,0.680663549900055,96
10,2,3,0.7136958837509155,96
10,3,4,0.7617904245853424,96
10,4,5,0.6974228501319886,96
10,5,6,0.6518854320049285,96
10,6,7,0.8879480421543121,96
10,7,8,0.8001086831092834,96
10,8,9,0.7205557823181152,96
10,9,10,0.7272461652755737,96
11,1,2,0.7054428577423095,96
11,2,3,0.8900601923465729,96
11,3,4,0.9224629878997803,96
11,4,5,0.6059325903654098,96
11,5,6,0.5719708561897278,96
11,6,7,0.9191256046295166,96
11,7,8,0.6876295536756516,96
11,8,9,0.875432425737381,96
11,9,10,0.6721683412790298,96
0,1,2,0.9433513343334198,97
0,2,3,0.9727563798427582,97
0,3,4,0.9496240198612214,97
0,4,5,0.9511348962783813,97
0,5,6,0.9823671519756317,97
0,6,7,0.9810711681842804,97
0,7,8,0.9760363459587097,97
0,8,9,0.9870723485946655,97
0,9,10,0.9756555676460266,97
1,1,2,0.9438015997409821,97
1,2,3,0.9292496025562287,97
1,3,4,0.9304111778736115,97
1,4,5,0.9267642021179199,97
1,5,6,0.9376910924911499,97
1,6,7,0.9432870090007782,97
1,7,8,0.9365042269229888,97
1,8,9,0.931492167711258,97
1,9,10,0.9065397799015045,97
2,1,2,0.9271293997764587,97
2,2,3,0.9119916141033173,97
2,3,4,0.9208741784095764,97
2,4,5,0.9305425584316254,97
2,5,6,0.9203585326671601,97
2,6,7,0.9325968801975251,97
2,7,8,0.9238184809684753,97
2,8,9,0.9072711825370788,97
2,9,10,0.8844719290733337,97
3,1,2,0.8699939906597137,97
3,2,3,0.9151557564735413,97
3,3,4,0.8778967082500457,97
3,4,5,0.8991390883922576,97
3,5,6,0.9138583958148956,97
3,6,7,0.9187001824378968,97
3,7,8,0.9197583973407746,97
3,8,9,0.8747874021530151,97
3,9,10,0.8565101742744445,97
4,1,2,0.8745014488697052,97
4,2,3,0.915383517742157,97
4,3,4,0.9003285825252533,97
4,4,5,0.9257118105888367,97
4,5,6,0.9025033473968506,97
4,6,7,0.9062967836856842,97
4,7,8,0.9119093537330627,97
4,8,9,0.8687492072582245,97
4,9,10,0.8695753753185272,97
5,1,2,0.8485926687717438,97
5,2,3,0.8984212040901184,97
5,3,4,0.9063883483409881,97
5,4,5,0.9209422945976258,97
5,5,6,0.8770281136035919,97
5,6,7,0.8888119280338287,97
5,7,8,0.8984139680862426,97
5,8,9,0.8524852812290191,97
5,9,10,0.8634970963001252,97
6,1,2,0.8223062336444855,97
6,2,3,0.8601970791816711,97
6,3,4,0.8912742257118225,97
6,4,5,0.905724310874939,97
6,5,6,0.857315719127655,97
6,6,7,0.8579304277896881,97
6,7,8,0.8748061120510101,97
6,8,9,0.8083071708679199,97
6,9,10,0.8347971498966217,97
7,1,2,0.7930384576320648,97
7,2,3,0.8405252456665039,97
7,3,4,0.8567354381084442,97
7,4,5,0.8780740797519684,97
7,5,6,0.836017370223999,97
7,6,7,0.8581805050373077,97
7,7,8,0.8574892222881317,97
7,8,9,0.7929548144340515,97
7,9,10,0.7976390898227692,97
8,1,2,0.7870171308517456,97
8,2,3,0.8038718819618225,97
8,3,4,0.8219028830528259,97
8,4,5,0.852205902338028,97
8,5,6,0.8023329913616181,97
8,6,7,0.7810189545154571,97
8,7,8,0.8195589184761047,97
8,8,9,0.7768206536769867,97
8,9,10,0.7775454223155975,97
9,1,2,0.7377531588077545,97
9,2,3,0.7795154631137848,97
9,3,4,0.799523937702179,97
9,4,5,0.755182546377182,97
9,5,6,0.7153217911720275,97
9,6,7,0.7945793867111206,97
9,7,8,0.7844057977199554,97
9,8,9,0.7348226428031921,97
9,9,10,0.6748944640159606,97
10,1,2,0.6650337368249893,97
10,2,3,0.7173076927661896,97
10,3,4,0.7504449903964996,97
10,4,5,0.6836364835500717,97
10,5,6,0.65692158639431,97
10,6,7,0.8740038752555848,97
10,7,8,0.7771532237529755,97
10,8,9,0.6827327132225036,97
10,9,10,0.683748310804367,97
11,1,2,0.6890065133571625,97
11,2,3,0.8940303862094879,97
11,3,4,0.9244637668132782,97
11,4,5,0.5365078223869204,97
11,5,6,0.5368962213397026,97
11,6,7,0.8996171176433563,97
11,7,8,0.5298086419701576,97
11,8,9,0.8479160010814667,97
11,9,10,0.5248027585446835,97
0,1,2,0.9273668050765991,98
0,2,3,0.9696340084075927,98
0,3,4,0.9360328316688538,98
0,4,5,0.9361901601155599,98
0,5,6,0.9772880554199219,98
0,6,7,0.9647718270619711,98
0,7,8,0.9755678017934163,98
0,8,9,0.977830417950948,98
0,9,10,0.9641446789105733,98
1,1,2,0.9291465361913045,98
1,2,3,0.9241777658462524,98
1,3,4,0.90970698595047,98
1,4,5,0.9050992846488952,98
1,5,6,0.9317931254704793,98
1,6,7,0.9175447384516399,98
1,7,8,0.932793899377187,98
1,8,9,0.926908266544342,98
1,9,10,0.907558802763621,98
2,1,2,0.9022435625394185,98
2,2,3,0.9013151367505391,98
2,3,4,0.8920989433924357,98
2,4,5,0.9066415111223857,98
2,5,6,0.9091490467389425,98
2,6,7,0.9145222504933676,98
2,7,8,0.9188169956207275,98
2,8,9,0.9084142565727233,98
2,9,10,0.8818001270294189,98
3,1,2,0.8309949636459351,98
3,2,3,0.9011583884557088,98
3,3,4,0.8465463240941365,98
3,4,5,0.8749515414237976,98
3,5,6,0.9011456966400146,98
3,6,7,0.905693785349528,98
3,7,8,0.9153736631075541,98
3,8,9,0.8821210543314616,98
3,9,10,0.8584619839986165,98
4,1,2,0.8386630177497864,98
4,2,3,0.9033857345581054,98
4,3,4,0.8708993832270304,98
4,4,5,0.9027018149693807,98
4,5,6,0.8847763458887736,98
4,6,7,0.8944166302680969,98
4,7,8,0.9045480887095133,98
4,8,9,0.869918970266978,98
4,9,10,0.8711375554402669,98
5,1,2,0.8158241232236226,98
5,2,3,0.8884309768676758,98
5,3,4,0.8856055100758871,98
5,4,5,0.902993106842041,98
5,5,6,0.8615866541862488,98
5,6,7,0.877574892838796,98
5,7,8,0.8919472257296245,98
5,8,9,0.8445136626561482,98
5,9,10,0.8608346939086914,98
6,1,2,0.8022515495618184,98
6,2,3,0.8481441775957743,98
6,3,4,0.8756900747617086,98
6,4,5,0.8941194971402486,98
6,5,6,0.8385352055231731,98
6,6,7,0.8476410627365112,98
6,7,8,0.866327695051829,98
6,8,9,0.8093396027882894,98
6,9,10,0.8185721000035604,98
7,1,2,0.7819115042686462,98
7,2,3,0.836759090423584,98
7,3,4,0.8383529742558797,98
7,4,5,0.8671375830968221,98
7,5,6,0.8188245336214701,98
7,6,7,0.8382067839304607,98
7,7,8,0.8544946471850078,98
7,8,9,0.7963657061258952,98
7,9,10,0.8021081725756327,98
8,1,2,0.7552437305450439,98
8,2,3,0.8038837472597758,98
8,3,4,0.8067153731981913,98
8,4,5,0.8554230093955993,98
8,5,6,0.7944903373718262,98
8,6,7,0.7940276304880778,98
8,7,8,0.8227341850598653,98
8,8,9,0.7840538660685221,98
8,9,10,0.768837300936381,98
9,1,2,0.7117890119552612,98
9,2,3,0.776823095480601,98
9,3,4,0.790075421333313,98
9,4,5,0.7571507891019186,98
9,5,6,0.7179733832677205,98
9,6,7,0.8004317164421082,98
9,7,8,0.8036556045214335,98
9,8,9,0.7766159971555074,98
9,9,10,0.6974483132362366,98
10,1,2,0.6373408516248067,98
10,2,3,0.7123884439468384,98
10,3,4,0.7614636778831482,98
10,4,5,0.713684755563736,98
10,5,6,0.6635173479715983,98
10,6,7,0.8713477452596029,98
10,7,8,0.795803451538086,98
10,8,9,0.6960692505041758,98
10,9,10,0.6604492286841075,98
11,1,2,0.6923038065433502,98
11,2,3,0.8872237245241801,98
11,3,4,0.9032783746719361,98
11,4,5,0.6666206320126852,98
11,5,6,0.5590896864732107,98
11,6,7,0.9184011658032735,98
11,7,8,0.7546725392341613,98
11,8,9,0.8914835333824158,98
11,9,10,0.7160635570685069,98
0,1,2,0.9533353958811078,99
0,2,3,0.9798834068434579,99
0,3,4,0.9596903040295556,99
0,4,5,0.9653236014502389,99
0,5,6,0.9875156226612273,99
0,6,7,0.9721311132113138,99
0,7,8,0.9855936566988627,99
0,8,9,0.98312528076626,99
0,9,10,0.9720698538280669,99
1,1,2,0.9520611564318339,99
1,2,3,0.9458634853363037,99
1,3,4,0.9325895224298749,99
1,4,5,0.9357325321152097,99
1,5,6,0.9520447594778878,99
1,6,7,0.9336053757440477,99
1,7,8,0.9524536416644142,99
1,8,9,0.9401569139389765,99
1,9,10,0.9330158687773205,99
2,1,2,0.930252092225211,99
2,2,3,0.9255334394318717,99
2,3,4,0.9163612240836734,99
2,4,5,0.9318104755310785,99
2,5,6,0.9312641280038017,99
2,6,7,0.9287974124863034,99
2,7,8,0.9393879288718814,99
2,8,9,0.9238262886092776,99
2,9,10,0.9150832238651457,99
3,1,2,0.8689857096899123,99
3,2,3,0.9208523006666274,99
3,3,4,0.8735299678075881,99
3,4,5,0.8971318886393592,99
3,5,6,0.9193852032933917,99
3,6,7,0.9183280127389091,99
3,7,8,0.9290121226083665,99
3,8,9,0.8960764408111572,99
3,9,10,0.8932748380161467,99
4,1,2,0.8759714705603463,99
4,2,3,0.922072981085096,99
4,3,4,0.8919874968982878,99
4,4,5,0.9184091488520304,99
4,5,6,0.9034741833096459,99
4,6,7,0.9075202601296561,99
4,7,8,0.9175299604733785,99
4,8,9,0.8830688567388625,99
4,9,10,0.8955850572813124,99
5,1,2,0.8580240465345836,99
5,2,3,0.9079126999491737,99
5,3,4,0.9044824696722484,99
5,4,5,0.9185874717576163,99
5,5,6,0.8863867379370189,99
5,6,7,0.8861330861137027,99
5,7,8,0.9006411972500029,99
5,8,9,0.8568615572793143,99
5,9,10,0.8826576386179242,99
6,1,2,0.837795703184037,99
6,2,3,0.8737069964408875,99
6,3,4,0.8905239474205744,99
6,4,5,0.9038910354886737,99
6,5,6,0.8593831374531701,99
6,6,7,0.8545695287840707,99
6,7,8,0.878344056152162,99
6,8,9,0.8279876623834882,99
6,9,10,0.8393218801135108,99
7,1,2,0.8210139359746661,99
7,2,3,0.8661697194689796,99
7,3,4,0.856725119409107,99
7,4,5,0.870865251336779,99
7,5,6,0.8336777261325291,99
7,6,7,0.8529208983693805,99
7,7,8,0.8694422131492978,99
7,8,9,0.8176034206435794,99
7,9,10,0.8228959441184998,99
8,1,2,0.8078038351876395,99
8,2,3,0.8329210565203712,99
8,3,4,0.8241692724682036,99
8,4,5,0.8478777664048331,99
8,5,6,0.802729918843224,99
8,6,7,0.8259863030342829,99
8,7,8,0.8425207648958478,99
8,8,9,0.8085813465572539,99
8,9,10,0.7924949753852117,99
9,1,2,0.7634111046791077,99
9,2,3,0.8210359840166002,99
9,3,4,0.8095590528987703,99
9,4,5,0.7625643128440494,99
9,5,6,0.7436102486792064,99
9,6,7,0.8342024428503854,99
9,7,8,0.8143634370395115,99
9,8,9,0.7878077654611497,99
9,9,10,0.7716880440711975,99
10,1,2,0.6974062777700878,99
10,2,3,0.7716802301860991,99
10,3,4,0.7836343333834693,99
10,4,5,0.705818418945585,99
10,5,6,0.6983814452375684,99
10,6,7,0.8874515408561343,99
10,7,8,0.8187078209150405,99
10,8,9,0.7340969528470721,99
10,9,10,0.70435507666497,99
11,1,2,0.7421280784266335,99
11,2,3,0.9293511084147862,99
11,3,4,0.9185568661916823,99
11,4,5,0.6197741771382945,99
11,5,6,0.5601715424231121,99
11,6,7,0.9259073053087506,99
11,7,8,0.7833651105562845,99
11,8,9,0.897349598861876,99
11,9,10,0.6280090943688438,99
