layer_from,layer_to,k_used,variance_threshold,mean_angle,max_angle,angles,boot_id
0,1,6,0.9,0.4526388645172119,0.6290035843849182,[0.34184074 0.37965134 0.4095271  0.46535882 0.49045157 0.6290036 ],0
1,2,6,0.9,0.6108460426330566,0.7413161993026733,[0.50746936 0.5408671  0.582699   0.61646086 0.6762638  0.7413162 ],0
2,3,7,0.9,0.5795406699180603,0.7595177292823792,"[0.46712905 0.4853789  0.5051913  0.51626366 0.62052214 0.70278144
 0.7595177 ]",0
3,4,7,0.9,0.47767356038093567,0.5886397957801819,"[0.3912115  0.42309803 0.43762812 0.4744591  0.49258825 0.5360902
 0.5886398 ]",0
4,5,7,0.9,0.5413638353347778,0.8420832753181458,"[0.4132741  0.43285626 0.4546265  0.49368972 0.5356495  0.6173673
 0.8420833 ]",0
5,6,8,0.9,0.6135334372520447,1.51082181930542,"[0.41408667 0.4539774  0.46072933 0.46396792 0.48050773 0.5369907
 0.58718574 1.5108218 ]",0
6,7,9,0.9,0.5217809677124023,0.7282309532165527,"[0.40489975 0.42432043 0.43559968 0.45555744 0.458926   0.52911264
 0.57433355 0.6850482  0.72823095]",0
7,8,9,0.9,0.620836615562439,1.133320689201355,"[0.45545012 0.4838473  0.49870288 0.53431845 0.5732988  0.59917897
 0.6222398  0.68717253 1.1333207 ]",0
8,9,9,0.9,0.7531630396842957,1.5417945384979248,"[0.47314873 0.54374677 0.5847083  0.60934854 0.6284937  0.6546427
 0.7029162  1.0396681  1.5417945 ]",0
9,10,8,0.9,0.6096560955047607,1.0701408386230469,"[0.36093658 0.42485797 0.45316735 0.47657862 0.57171696 0.68039715
 0.8394536  1.0701408 ]",0
10,11,7,0.9,0.6827357411384583,1.4196875095367432,"[0.42156753 0.4507418  0.45804027 0.5807312  0.616915   0.8314664
 1.4196875 ]",0
0,1,6,0.9,0.4554067552089691,0.6175738573074341,[0.36526358 0.38528788 0.41537404 0.4557606  0.49318057 0.61757386],1
1,2,6,0.9,0.6072897911071777,0.7276071310043335,[0.504767   0.53485054 0.58466756 0.6104271  0.68141943 0.72760713],1
2,3,7,0.9,0.6333327293395996,0.9485296607017517,"[0.46569967 0.4975392  0.5223694  0.5654555  0.68525845 0.74847746
 0.94852966]",1
3,4,7,0.9,0.5220535397529602,0.7880101799964905,"[0.38085562 0.42648947 0.4487597  0.48973864 0.5246914  0.5958299
 0.7880102 ]",1
4,5,7,0.9,0.5423165559768677,0.812264621257782,"[0.4201072  0.43192902 0.47678918 0.494553   0.544428   0.6161449
 0.8122646 ]",1
5,6,8,0.9,0.6287451386451721,1.5633862018585205,"[0.41449592 0.4304594  0.4589642  0.46806356 0.49404946 0.5772533
 0.62328905 1.5633862 ]",1
6,7,8,0.9,0.5277247428894043,0.7676905989646912,"[0.4205959  0.42311674 0.44816253 0.46411908 0.48060688 0.556004
 0.6615024  0.7676906 ]",1
7,8,7,0.9,0.5818909406661987,0.8154459595680237,"[0.4320607  0.5023283  0.5287402  0.5438399  0.58188003 0.6689412
 0.81544596]",1
8,9,7,0.9,0.6832801103591919,1.0184872150421143,"[0.51503754 0.5597636  0.58705497 0.6045064  0.7028339  0.7952768
 1.0184872 ]",1
9,10,6,0.9,0.5743489861488342,0.8780324459075928,[0.38960144 0.4694295  0.4795699  0.5006547  0.72880596 0.87803245],1
10,11,6,0.9,0.7343743443489075,1.3770447969436646,[0.43909726 0.4845592  0.55607253 0.69181675 0.85765576 1.3770448 ],1
0,1,6,0.9,0.45398393273353577,0.6325337886810303,[0.34389132 0.38175976 0.40898547 0.4647283  0.49200502 0.6325338 ],2
1,2,6,0.9,0.6104132533073425,0.7429792881011963,[0.5084297  0.5388473  0.5828516  0.6151196  0.67425203 0.7429793 ],2
2,3,7,0.9,0.576549232006073,0.7542107701301575,"[0.4642401  0.48770344 0.5013775  0.5135811  0.6152805  0.6994514
 0.75421077]",2
3,4,7,0.9,0.4761259853839874,0.5866414308547974,"[0.39183208 0.4186459  0.43791032 0.47135165 0.49230826 0.5341925
 0.58664143]",2
4,5,7,0.9,0.5385318994522095,0.8482963442802429,"[0.41194868 0.42861453 0.4512601  0.48357263 0.5335962  0.6124347
 0.84829634]",2
5,6,8,0.9,0.6051371693611145,1.470646858215332,"[0.40875143 0.4502179  0.45617738 0.46074247 0.47708106 0.5317803
 0.58570015 1.4706469 ]",2
6,7,9,0.9,0.5168641805648804,0.7204532027244568,"[0.39960143 0.4213567  0.4359215  0.4485977  0.45764056 0.5168887
 0.57941705 0.6719008  0.7204532 ]",2
7,8,9,0.9,0.6205461621284485,1.1364389657974243,"[0.45626804 0.48841897 0.4947298  0.5355225  0.5716302  0.59533596
 0.6307022  0.67586875 1.136439  ]",2
8,9,9,0.9,0.7317390441894531,1.3867225646972656,"[0.47379082 0.53477126 0.5654501  0.601071   0.61269957 0.6575407
 0.72131824 1.032287   1.3867226 ]",2
9,10,8,0.9,0.5865491628646851,0.9946961402893066,"[0.35716745 0.4288455  0.4548192  0.47833863 0.5164885  0.6881632
 0.7738746  0.99469614]",2
10,11,7,0.9,0.6774269342422485,1.4126802682876587,"[0.42382386 0.44306585 0.4518271  0.5704597  0.61374664 0.8263856
 1.4126803 ]",2
0,1,6,0.9,0.4557340443134308,0.6326279640197754,[0.34116727 0.3836015  0.41019735 0.46845487 0.49835545 0.63262796],3
1,2,7,0.9,0.6070040464401245,0.7484399676322937,"[0.5040451  0.53846097 0.57594323 0.5879212  0.61029065 0.6839269
 0.74843997]",3
2,3,7,0.9,0.5807576179504395,0.7600969076156616,"[0.4640935  0.48720664 0.5096325  0.51731586 0.6219484  0.7050095
 0.7600969 ]",3
3,4,7,0.9,0.47694024443626404,0.5911217331886292,"[0.38660306 0.4220347  0.44330505 0.4693507  0.48895106 0.53721565
 0.59112173]",3
4,5,7,0.9,0.5711892247200012,1.0382100343704224,"[0.41309714 0.4354536  0.4523179  0.5015717  0.5437559  0.6139183
 1.03821   ]",3
5,6,8,0.9,0.6049549579620361,1.3828030824661255,"[0.4176601  0.44836524 0.46154752 0.4696528  0.4871198  0.57100165
 0.6014892  1.3828031 ]",3
6,7,9,0.9,0.5465375781059265,0.8749443888664246,"[0.41387728 0.43105024 0.44244412 0.45324317 0.45831865 0.5291645
 0.58047086 0.73532516 0.8749444 ]",3
7,8,9,0.9,0.6273148655891418,1.1448662281036377,"[0.45656785 0.4813049  0.5028033  0.5353767  0.5642489  0.6064988
 0.63347816 0.7206893  1.1448662 ]",3
8,9,8,0.9,0.7281163334846497,1.4357233047485352,"[0.4857111  0.53241086 0.56796104 0.6114941  0.64188    0.7173727
 0.83237773 1.4357233 ]",3
9,10,8,0.9,0.6297311782836914,1.1816164255142212,"[0.35479102 0.42050758 0.45414358 0.4860335  0.57256484 0.6705937
 0.8975985  1.1816164 ]",3
10,11,7,0.9,0.6807023286819458,1.4149165153503418,"[0.41637745 0.43502894 0.45349535 0.55948293 0.6491176  0.8364981
 1.4149165 ]",3
0,1,6,0.9,0.4585219919681549,0.6244573593139648,[0.35566622 0.38498056 0.41350082 0.46571094 0.5068162  0.62445736],4
1,2,7,0.9,0.6057896614074707,0.7439457774162292,"[0.50506693 0.535936   0.575237   0.5908739  0.6081891  0.681279
 0.7439458 ]",4
2,3,7,0.9,0.6443260908126831,1.019873023033142,"[0.4717938  0.49173343 0.5131654  0.5667643  0.68702    0.7599323
 1.019873  ]",4
3,4,7,0.9,0.5217076539993286,0.8205274343490601,"[0.37646875 0.4223668  0.4484898  0.47673815 0.5168705  0.5904923
 0.82052743]",4
4,5,7,0.9,0.6054406762123108,1.260648250579834,"[0.4099091  0.4391703  0.45351166 0.5018226  0.55596244 0.6170604
 1.2606483 ]",4
5,6,8,0.9,0.5633070468902588,1.070278525352478,"[0.41184923 0.44421536 0.46017185 0.4679863  0.48469302 0.5785532
 0.5887088  1.0702785 ]",4
6,7,8,0.9,0.5207347869873047,0.7550798654556274,"[0.41503552 0.42942467 0.43812686 0.4572777  0.48374414 0.5521256
 0.635064   0.75507987]",4
7,8,8,0.9,0.6041594743728638,1.0730222463607788,"[0.43345425 0.46845898 0.4927356  0.5444106  0.55239373 0.6076286
 0.66117215 1.0730222 ]",4
8,9,8,0.9,0.7311620712280273,1.4884765148162842,"[0.47998366 0.5401736  0.5607468  0.60029626 0.6099765  0.6858436
 0.8837998  1.4884765 ]",4
9,10,7,0.9,0.5712431073188782,0.9374536871910095,"[0.36423898 0.43051767 0.4595229  0.47991356 0.6176382  0.70941633
 0.9374537 ]",4
10,11,7,0.9,0.6789320707321167,1.415764570236206,"[0.4030934  0.44304582 0.46543226 0.5537772  0.6629633  0.80844796
 1.4157646 ]",4
0,1,6,0.9,0.45274052023887634,0.6156470775604248,[0.36100763 0.384373   0.40657103 0.45614696 0.49269727 0.6156471 ],5
1,2,6,0.9,0.6124947667121887,0.736762523651123,[0.5130429  0.53962064 0.5891265  0.6114164  0.6849995  0.7367625 ],5
2,3,7,0.9,0.5819724202156067,0.7680583000183105,"[0.4599353  0.4952449  0.50791585 0.5250178  0.62024283 0.69739157
 0.7680583 ]",5
3,4,7,0.9,0.47974488139152527,0.5907526612281799,"[0.39542446 0.4259288  0.44037113 0.4703615  0.49529243 0.5400831
 0.59075266]",5
4,5,7,0.9,0.5409712195396423,0.844845175743103,"[0.41435173 0.43126047 0.47995603 0.48804525 0.5294206  0.59891945
 0.8448452 ]",5
5,6,7,0.9,0.5279291868209839,0.8319255113601685,"[0.42374793 0.4368618  0.4532666  0.4772486  0.5023477  0.57010597
 0.8319255 ]",5
6,7,8,0.9,0.5666497349739075,0.9609302282333374,"[0.4226373  0.4360625  0.45417634 0.46748695 0.50331914 0.5888716
 0.6997138  0.9609302 ]",5
7,8,8,0.9,0.6612616777420044,1.294885516166687,"[0.44631502 0.47192666 0.5303055  0.5383609  0.5645457  0.63308984
 0.81066406 1.2948855 ]",5
8,9,7,0.9,0.6823915839195251,1.0518161058425903,[0.5198638 0.5372199 0.5922532 0.6121507 0.6671379 0.7962997 1.0518161],5
9,10,6,0.9,0.5689385533332825,0.8891700506210327,[0.36703247 0.46641353 0.48074958 0.48375347 0.7265123  0.88917005],5
10,11,6,0.9,0.7345017790794373,1.3892208337783813,[0.4517975  0.46969113 0.5353385  0.7117411  0.8492216  1.3892208 ],5
0,1,6,0.9,0.44909611344337463,0.6323366761207581,[0.3375176  0.38136744 0.40646538 0.46078673 0.47610298 0.6323367 ],6
1,2,6,0.9,0.6080690622329712,0.7434561848640442,[0.5079725  0.537629   0.5794579  0.610791   0.66910785 0.7434562 ],6
2,3,7,0.9,0.5751452445983887,0.7525169253349304,"[0.46355993 0.48765117 0.50265956 0.5178371  0.60923636 0.69255596
 0.7525169 ]",6
3,4,7,0.9,0.479147344827652,0.5876450538635254,"[0.39834082 0.4171206  0.44350958 0.4763122  0.5029066  0.5281965
 0.58764505]",6
4,5,7,0.9,0.5294644832611084,0.7610905766487122,"[0.42102125 0.43374282 0.4603957  0.4814894  0.53403974 0.61447185
 0.7610906 ]",6
5,6,8,0.9,0.5591443777084351,1.0757691860198975,"[0.41206598 0.4468018  0.45899218 0.460016   0.49073154 0.5496637
 0.5791147  1.0757692 ]",6
6,7,8,0.9,0.5242974758148193,0.820319652557373,"[0.39730245 0.4280026  0.4430714  0.4629119  0.46651468 0.56775546
 0.60850155 0.82031965]",6
7,8,8,0.9,0.614709198474884,1.0316276550292969,"[0.46108192 0.4997839  0.5138184  0.53340256 0.57664865 0.62527555
 0.6760349  1.0316277 ]",6
8,9,8,0.9,0.7314617037773132,1.451172113418579,"[0.4839212  0.54374665 0.60242057 0.6354252  0.6369827  0.70806885
 0.78995645 1.4511721 ]",6
9,10,8,0.9,0.6004218459129333,0.9765012264251709,"[0.37611613 0.42323637 0.46171534 0.48470518 0.5316554  0.5928658
 0.95657915 0.9765012 ]",6
10,11,7,0.9,0.6975736618041992,1.43073308467865,"[0.4377066  0.44941446 0.47625628 0.61751527 0.6379645  0.83342546
 1.4307331 ]",6
0,1,6,0.9,0.4463425576686859,0.626853346824646,[0.33934572 0.3817268  0.39665622 0.44900516 0.48446795 0.62685335],7
1,2,7,0.9,0.6063362956047058,0.7498525977134705,"[0.50341046 0.53571385 0.5746988  0.59203684 0.6076533  0.68098843
 0.7498526 ]",7
2,3,7,0.9,0.575143039226532,0.7603461146354675,"[0.45615777 0.48518082 0.4984405  0.5165528  0.61447126 0.6948523
 0.7603461 ]",7
3,4,7,0.9,0.47872790694236755,0.5928439497947693,"[0.39730075 0.42032972 0.4412001  0.4734827  0.49551973 0.53041846
 0.59284395]",7
4,5,7,0.9,0.543208122253418,0.8616830110549927,"[0.41496012 0.42862055 0.46728694 0.48722407 0.5338243  0.60885817
 0.861683  ]",7
5,6,8,0.9,0.5953400731086731,1.3127100467681885,"[0.41605753 0.4391306  0.45657137 0.4701747  0.49978504 0.5561855
 0.6121059  1.31271   ]",7
6,7,9,0.9,0.5619997978210449,0.9976171255111694,"[0.40904945 0.43533757 0.44019923 0.44332784 0.46146092 0.5217578
 0.59114474 0.7581034  0.9976171 ]",7
7,8,9,0.9,0.6513105034828186,1.1477563381195068,"[0.44657692 0.48659056 0.5113949  0.53102154 0.5568362  0.63362086
 0.67461115 0.8733857  1.1477563 ]",7
8,9,9,0.9,0.7350464463233948,1.4365798234939575,"[0.4847121  0.5316746  0.57349336 0.6175518  0.61865693 0.65377635
 0.7269855  0.9719876  1.4365798 ]",7
9,10,7,0.9,0.5655730962753296,0.8819935917854309,"[0.35775924 0.42792776 0.45587137 0.4868401  0.5998236  0.7487963
 0.8819936 ]",7
10,11,7,0.9,0.6963926553726196,1.442157506942749,"[0.4315407  0.44123542 0.45534375 0.5857564  0.6876785  0.83103627
 1.4421575 ]",7
0,1,6,0.9,0.44861331582069397,0.630348265171051,[0.34716132 0.3825862  0.40467244 0.4467538  0.48015815 0.63034827],8
1,2,6,0.9,0.6060084700584412,0.746013343334198,[0.5051664  0.5324031  0.5774068  0.6102903  0.66477054 0.74601334],8
2,3,7,0.9,0.5731410980224609,0.7509387731552124,"[0.46063322 0.4824704  0.5004273  0.51337874 0.6157446  0.6883948
 0.7509388 ]",8
3,4,7,0.9,0.4752051830291748,0.5972835421562195,"[0.39021614 0.41209677 0.4364001  0.46933964 0.49337882 0.52772105
 0.59728354]",8
4,5,7,0.9,0.5298749208450317,0.7685824632644653,"[0.41495138 0.42801008 0.46614334 0.47951707 0.5358695  0.6160504
 0.76858246]",8
5,6,8,0.9,0.5856884717941284,1.2864662408828735,"[0.41463074 0.4393281  0.45117494 0.45876303 0.49036866 0.5505871
 0.5941891  1.2864662 ]",8
6,7,8,0.9,0.5407178401947021,0.8766489028930664,"[0.41071388 0.4298102  0.43857047 0.45314163 0.47176692 0.6102748
 0.6348156  0.8766489 ]",8
7,8,8,0.9,0.6427123546600342,1.1830010414123535,"[0.44713527 0.50394654 0.5125854  0.53888625 0.5871886  0.6176535
 0.7513021  1.183001  ]",8
8,9,9,0.9,0.7403595447540283,1.386049509048462,"[0.47501186 0.5470028  0.5850671  0.59580785 0.6264844  0.6582972
 0.7328359  1.0566795  1.3860495 ]",8
9,10,8,0.9,0.5875487327575684,0.9198898077011108,"[0.3693116  0.42220828 0.45434558 0.47835794 0.50459564 0.7489996
 0.80268145 0.9198898 ]",8
10,11,7,0.9,0.6899818181991577,1.4279475212097168,"[0.4310541  0.45616317 0.46432596 0.59511346 0.6427746  0.8124938
 1.4279475 ]",8
0,1,6,0.9,0.45042261481285095,0.6249396204948425,[0.3455178  0.37982515 0.4033943  0.45921615 0.4896426  0.6249396 ],9
1,2,6,0.9,0.6104175448417664,0.742740273475647,[0.50910056 0.5381016  0.58273244 0.6123482  0.67748225 0.7427403 ],9
2,3,7,0.9,0.5782677531242371,0.7591103911399841,"[0.46063188 0.48874378 0.5035483  0.51721895 0.618714   0.69990706
 0.7591104 ]",9
3,4,7,0.9,0.4768560528755188,0.5787575840950012,"[0.39496773 0.4248847  0.43920687 0.47595456 0.48878112 0.53543997
 0.5787576 ]",9
4,5,7,0.9,0.5403687953948975,0.8757397532463074,"[0.40790963 0.42433274 0.45671535 0.48449317 0.5302797  0.6031112
 0.87573975]",9
5,6,8,0.9,0.6112973690032959,1.4691290855407715,"[0.41458458 0.4479871  0.45896783 0.46592367 0.4813352  0.5483342
 0.6041175  1.4691291 ]",9
6,7,8,0.9,0.5331587791442871,0.8284123539924622,"[0.4127053  0.43738374 0.44282344 0.45080996 0.4675408  0.5897647
 0.6358299  0.82841235]",9
7,8,8,0.9,0.6236929297447205,1.0891491174697876,"[0.46007845 0.49686036 0.51312464 0.5462874  0.57538474 0.6183593
 0.69029933 1.0891491 ]",9
8,9,9,0.9,0.7496392726898193,1.5430710315704346,"[0.4798645  0.53676885 0.5653209  0.6020326  0.6321894  0.6348948
 0.7262538  1.0263579  1.543071  ]",9
9,10,7,0.9,0.5627574920654297,0.9162712097167969,"[0.35381535 0.42755318 0.45119175 0.48486647 0.57442397 0.73118037
 0.9162712 ]",9
10,11,7,0.9,0.6853036880493164,1.4088807106018066,"[0.4149848  0.45484594 0.4582373  0.5667088  0.67367244 0.81979614
 1.4088807 ]",9
0,1,6,0.9,0.45424556732177734,0.63112872838974,[0.3460111  0.38269877 0.40484226 0.4623888  0.49840373 0.6311287 ],10
1,2,6,0.9,0.6108774542808533,0.7481198310852051,[0.5095416  0.53740317 0.5841028  0.6117927  0.6743047  0.74811983],10
2,3,7,0.9,0.5786034464836121,0.7603181004524231,"[0.46037436 0.490264   0.5037103  0.5141646  0.62043715 0.7009556
 0.7603181 ]",10
3,4,7,0.9,0.476042777299881,0.5870172381401062,"[0.39098904 0.42382142 0.44045544 0.46771082 0.48826852 0.53403676
 0.58701724]",10
4,5,7,0.9,0.5639140009880066,1.0283715724945068,"[0.40922236 0.43039712 0.45154306 0.48693946 0.5327488  0.60817575
 1.0283716 ]",10
5,6,8,0.9,0.606462836265564,1.4428642988204956,"[0.4094434  0.44673297 0.45755166 0.46623644 0.4774318  0.5536184
 0.59782386 1.4428643 ]",10
6,7,9,0.9,0.532082200050354,0.8002582788467407,"[0.4063883  0.42961848 0.4360093  0.44979516 0.4557353  0.5162555
 0.5769035  0.717776   0.8002583 ]",10
7,8,9,0.9,0.6248530149459839,1.1225050687789917,"[0.45421112 0.47683346 0.50020725 0.53749317 0.55700016 0.612404
 0.6442955  0.71872777 1.1225051 ]",10
8,9,9,0.9,0.7314803004264832,1.3619669675827026,"[0.477447   0.52819526 0.5509453  0.5972313  0.6222191  0.66743726
 0.73194546 1.0459343  1.361967  ]",10
9,10,8,0.9,0.6405932307243347,1.3253955841064453,"[0.35106018 0.42417896 0.45293286 0.47909158 0.52578527 0.65823764
 0.9080637  1.3253956 ]",10
10,11,7,0.9,0.6744894981384277,1.4123433828353882,"[0.40622604 0.44039112 0.45100635 0.560658   0.6282172  0.82258445
 1.4123434 ]",10
0,1,6,0.9,0.462117463350296,0.6403472423553467,[0.34528244 0.38951513 0.41810524 0.47691593 0.5025388  0.64034724],11
1,2,6,0.9,0.6113900542259216,0.74843829870224,[0.5105055  0.5402568  0.5832803  0.6134358  0.67242336 0.7484383 ],11
2,3,7,0.9,0.5773769021034241,0.758332371711731,"[0.4645007  0.4925169  0.5009179  0.51772213 0.6102837  0.69736475
 0.7583324 ]",11
3,4,7,0.9,0.47696202993392944,0.5916547775268555,"[0.39121357 0.41755867 0.44162118 0.46846965 0.4947682  0.53344816
 0.5916548 ]",11
4,5,7,0.9,0.5381026864051819,0.83599454164505,"[0.41667637 0.43389255 0.4446544  0.48266536 0.5375204  0.6153152
 0.83599454]",11
5,6,8,0.9,0.6049903631210327,1.450563669204712,"[0.4101501  0.44753444 0.45795318 0.46133345 0.4802353  0.5396442
 0.5925087  1.4505637 ]",11
6,7,9,0.9,0.5235393047332764,0.8488016128540039,"[0.39648446 0.43313724 0.43840483 0.44886136 0.46434367 0.5084209
 0.57521266 0.5981871  0.8488016 ]",11
7,8,9,0.9,0.6221139430999756,1.1498690843582153,"[0.46226132 0.48856172 0.49333438 0.53845924 0.5587556  0.58292586
 0.6590885  0.66577023 1.1498691 ]",11
8,9,9,0.9,0.7006935477256775,1.221756935119629,"[0.4783152  0.51343226 0.54294884 0.5961853  0.6067429  0.6408081
 0.7341358  0.9719165  1.2217569 ]",11
9,10,9,0.9,0.6142704486846924,1.2198556661605835,"[0.35957155 0.4117968  0.45584956 0.46934387 0.5069585  0.5298437
 0.65434086 0.92087317 1.2198557 ]",11
10,11,7,0.9,0.6699581742286682,1.400854229927063,"[0.4059777  0.4340574  0.44887194 0.5316843  0.6343171  0.83394456
 1.4008542 ]",11
0,1,6,0.9,0.4521981477737427,0.6214931607246399,[0.35080913 0.3824765  0.41042432 0.45549932 0.49248654 0.62149316],12
1,2,7,0.9,0.6039744019508362,0.7401503920555115,"[0.5005299  0.5342988  0.5744882  0.5877285  0.6064048  0.68422025
 0.7401504 ]",12
2,3,7,0.9,0.5808032155036926,0.7591521739959717,"[0.46175227 0.4879143  0.51509935 0.5174206  0.62808675 0.69619656
 0.7591522 ]",12
3,4,8,0.9,0.5786303877830505,1.3365424871444702,"[0.3816524  0.4123769  0.43534014 0.45698652 0.48629618 0.5333634
 0.5864851  1.3365425 ]",12
4,5,8,0.9,0.5881270170211792,1.2170002460479736,"[0.41319513 0.42524865 0.4548192  0.47991925 0.5218423  0.5736883
 0.61930317 1.2170002 ]",12
5,6,8,0.9,0.6191447973251343,1.5177907943725586,"[0.41681638 0.4360086  0.4536885  0.46619466 0.49045345 0.5721695
 0.60003674 1.5177908 ]",12
6,7,9,0.9,0.5294487476348877,0.7685527205467224,"[0.419245   0.4195341  0.44343594 0.45141506 0.45828566 0.51911414
 0.5844581  0.70099807 0.7685527 ]",12
7,8,9,0.9,0.6237104535102844,1.138197422027588,"[0.43923366 0.48728657 0.5043129  0.5310266  0.5661301  0.5993549
 0.63490623 0.7129457  1.1381974 ]",12
8,9,9,0.9,0.7390259504318237,1.4190703630447388,"[0.48338428 0.5383319  0.5706872  0.6092401  0.6185619  0.6561447
 0.7118024  1.0440106  1.4190704 ]",12
9,10,7,0.9,0.5703839659690857,0.8815606832504272,"[0.36527094 0.4341107  0.46268788 0.4842167  0.6160983  0.7487429
 0.8815607 ]",12
10,11,7,0.9,0.693682074546814,1.444172978401184,"[0.41102862 0.4572643  0.46513933 0.5463474  0.69546896 0.8363528
 1.444173  ]",12
0,1,6,0.9,0.4544273912906647,0.6228898763656616,[0.35146552 0.38027006 0.41086242 0.4631409  0.49793544 0.6228899 ],13
1,2,6,0.9,0.6100659370422363,0.7407459616661072,[0.5093932  0.5383149  0.5861969  0.61048186 0.6752629  0.74074596],13
2,3,7,0.9,0.5925020575523376,0.7679304480552673,"[0.4661534  0.49444124 0.5158565  0.5315983  0.64933944 0.72219485
 0.76793045]",13
3,4,8,0.9,0.5982323884963989,1.478356122970581,"[0.38718265 0.41785708 0.43889263 0.4609994  0.48790362 0.5319722
 0.5826954  1.4783561 ]",13
4,5,8,0.9,0.6109812259674072,1.4126249551773071,"[0.41420084 0.4276949  0.4476391  0.47829318 0.5192852  0.57076746
 0.61734414 1.412625  ]",13
5,6,8,0.9,0.5924180746078491,1.2977097034454346,"[0.40897122 0.44658327 0.45666802 0.46842688 0.47473145 0.560959
 0.6252948  1.2977097 ]",13
6,7,9,0.9,0.5389682054519653,0.8871008157730103,"[0.40480685 0.41650358 0.43707097 0.4565316  0.46338913 0.5490207
 0.588064   0.6482265  0.8871008 ]",13
7,8,9,0.9,0.6134046316146851,1.0874463319778442,"[0.44237924 0.4662278  0.49380806 0.5238172  0.55624837 0.5756455
 0.64244336 0.73262596 1.0874463 ]",13
8,9,8,0.9,0.7362631559371948,1.382393479347229,"[0.5055314  0.54241544 0.5760845  0.5973407  0.640549   0.6947022
 0.95108837 1.3823935 ]",13
9,10,7,0.9,0.5712433457374573,0.9382898211479187,"[0.36363986 0.44427055 0.46489173 0.4772765  0.56173295 0.7486018
 0.9382898 ]",13
10,11,7,0.9,0.6822203397750854,1.4394707679748535,"[0.42606193 0.45133662 0.4588368  0.5738402  0.59217    0.833826
 1.4394708 ]",13
0,1,6,0.9,0.4647635519504547,0.6247767806053162,[0.36595    0.39828888 0.4164694  0.47262868 0.5104677  0.6247768 ],14
1,2,6,0.9,0.6103742718696594,0.7382320165634155,[0.5093226  0.5378835  0.58788574 0.6049255  0.6839961  0.738232  ],14
2,3,7,0.9,0.5821371674537659,0.7681103348731995,"[0.45647484 0.4903707  0.5119987  0.526532   0.62070316 0.7007707
 0.76811033]",14
3,4,7,0.9,0.4771753251552582,0.5990722179412842,"[0.38280123 0.41999274 0.44450155 0.4622441  0.49095368 0.54066193
 0.5990722 ]",14
4,5,7,0.9,0.5608029365539551,0.9509514570236206,"[0.4153052  0.43925187 0.4771845  0.49778366 0.53916144 0.60598254
 0.95095146]",14
5,6,7,0.9,0.5402355194091797,0.8560570478439331,"[0.42391473 0.43638754 0.46570444 0.48141757 0.5154864  0.60268086
 0.85605705]",14
6,7,8,0.9,0.5688872337341309,0.9976018667221069,"[0.43027568 0.43320838 0.45571986 0.46147633 0.49600875 0.57137835
 0.7054289  0.99760187]",14
7,8,8,0.9,0.6416635513305664,1.2144478559494019,"[0.43665397 0.47128063 0.51149225 0.5456504  0.55622745 0.6443977
 0.7531579  1.2144479 ]",14
8,9,7,0.9,0.6754704713821411,1.053367018699646,"[0.5011994  0.5216765  0.56048536 0.60291165 0.6735627  0.8150908
 1.053367  ]",14
9,10,6,0.9,0.5664694309234619,0.8668122291564941,[0.36646116 0.4631333  0.47901982 0.49297404 0.7304161  0.8668122 ],14
10,11,6,0.9,0.7466422915458679,1.3932883739471436,[0.44434404 0.479141   0.5015444  0.7374513  0.92408407 1.3932884 ],14
0,1,6,0.9,0.46147987246513367,0.6194067001342773,[0.3697293  0.39041448 0.41397688 0.46732053 0.5080313  0.6194067 ],15
1,2,6,0.9,0.6144790649414062,0.7367358207702637,[0.5125849  0.540975   0.59288275 0.61299944 0.6906965  0.7367358 ],15
2,3,7,0.9,0.5868435502052307,0.7756205201148987,"[0.46270218 0.49163356 0.5143288  0.5264941  0.63072586 0.7064
 0.7756205 ]",15
3,4,7,0.9,0.4798943102359772,0.5966577529907227,"[0.3882197  0.4251121  0.44680706 0.46463028 0.4913509  0.5464822
 0.59665775]",15
4,5,7,0.9,0.5564943552017212,0.9280933737754822,"[0.4161932  0.4334134  0.4786713  0.49900565 0.5340354  0.60604817
 0.9280934 ]",15
5,6,7,0.9,0.5388258695602417,0.881094217300415,"[0.42571306 0.4307607  0.46250784 0.4800274  0.5051976  0.5864803
 0.8810942 ]",15
6,7,7,0.9,0.5363494157791138,0.7693682909011841,"[0.42962205 0.43768367 0.45099488 0.5072972  0.53880703 0.6206733
 0.7693683 ]",15
7,8,7,0.9,0.581913411617279,0.8364266157150269,"[0.44006255 0.47181794 0.52493    0.5557796  0.5929628  0.65141416
 0.8364266 ]",15
8,9,7,0.9,0.6778056025505066,1.0724838972091675,"[0.5131107  0.5326832  0.5798501  0.60744965 0.66764784 0.77141374
 1.0724839 ]",15
9,10,6,0.9,0.562573254108429,0.8559486865997314,[0.36981112 0.46349394 0.47427487 0.4941295  0.7177813  0.8559487 ],15
10,11,6,0.9,0.7394235134124756,1.3877177238464355,[0.44470927 0.47868997 0.5349167  0.6694334  0.9210742  1.3877177 ],15
0,1,6,0.9,0.46029236912727356,0.6337239146232605,[0.35165143 0.39272    0.40840355 0.4680127  0.50724274 0.6337239 ],16
1,2,7,0.9,0.6049638986587524,0.7508293986320496,"[0.505433   0.5336357  0.5688266  0.5857466  0.6060014  0.68427485
 0.7508294 ]",16
2,3,7,0.9,0.5827336311340332,0.7596486210823059,"[0.4585604  0.49037918 0.51825976 0.52315074 0.6267043  0.70243245
 0.7596486 ]",16
3,4,7,0.9,0.47677257657051086,0.593048095703125,"[0.3827832  0.42407078 0.4512825  0.4613068  0.48788187 0.53703463
 0.5930481 ]",16
4,5,7,0.9,0.5878109931945801,1.1505626440048218,"[0.41169614 0.43740037 0.4575862  0.4978277  0.5540335  0.60557044
 1.1505626 ]",16
5,6,8,0.9,0.5844394564628601,1.1620769500732422,"[0.41426823 0.44372162 0.46264702 0.47798967 0.4926238  0.59421885
 0.6279695  1.162077  ]",16
6,7,8,0.9,0.554429829120636,0.900733232498169,"[0.42142418 0.43704662 0.45608512 0.46256742 0.48512116 0.5904525
 0.68200845 0.90073323]",16
7,8,8,0.9,0.6342823505401611,1.152693748474121,"[0.44607317 0.47700226 0.51543003 0.53180784 0.5684878  0.64699006
 0.73577404 1.1526937 ]",16
8,9,8,0.9,0.6981979012489319,1.3430416584014893,"[0.4878693  0.50531596 0.54892427 0.59659517 0.62182176 0.70318246
 0.7788327  1.3430417 ]",16
9,10,7,0.9,0.5616570115089417,0.9059378504753113,"[0.35509235 0.42142358 0.46409446 0.48959708 0.5729818  0.7224718
 0.90593785]",16
10,11,7,0.9,0.6851262450218201,1.4133864641189575,"[0.4054686  0.44238564 0.4620104  0.5407699  0.714454   0.8174087
 1.4133865 ]",16
0,1,6,0.9,0.48094868659973145,0.645357072353363,[0.36522704 0.40675142 0.44264203 0.49675432 0.52896017 0.6453571 ],17
1,2,6,0.9,0.6186870336532593,0.7548721432685852,[0.5197804  0.5475998  0.5911287  0.6220315  0.67670965 0.75487214],17
2,3,6,0.9,0.5929009318351746,0.782257080078125,[0.48121428 0.50572836 0.5243393  0.57717186 0.6866949  0.7822571 ],17
3,4,7,0.9,0.48189958930015564,0.6012572050094604,"[0.39213338 0.42384592 0.44612235 0.47056228 0.49488693 0.5444892
 0.6012572 ]",17
4,5,7,0.9,0.6037176251411438,1.2557297945022583,"[0.43118376 0.4336248  0.4467069  0.49152622 0.5438259  0.6234257
 1.2557298 ]",17
5,6,7,0.9,0.6088859438896179,1.3373488187789917,"[0.41202742 0.44950786 0.46993178 0.47241247 0.5416947  0.57927847
 1.3373488 ]",17
6,7,8,0.9,0.5148988366127014,0.7527816295623779,"[0.40501413 0.42342308 0.44564953 0.46672997 0.48626631 0.54946816
 0.58985806 0.7527816 ]",17
7,8,8,0.9,0.6059228181838989,1.0679184198379517,"[0.44732696 0.48102635 0.4850525  0.54576874 0.5568397  0.6045159
 0.65893394 1.0679184 ]",17
8,9,8,0.9,0.7226822376251221,1.2455470561981201,"[0.48702645 0.51473635 0.54275906 0.59785265 0.62576187 0.7036209
 1.0641534  1.245547  ]",17
9,10,7,0.9,0.5584715008735657,0.9147890210151672,"[0.3746023  0.43709645 0.4591263  0.48150936 0.51372933 0.7284476
 0.914789  ]",17
10,11,7,0.9,0.6698471903800964,1.4322898387908936,"[0.41821313 0.41889623 0.45875576 0.52929056 0.6020936  0.82939124
 1.4322898 ]",17
0,1,6,0.9,0.4583097994327545,0.6222952008247375,[0.35971263 0.3836144  0.41624185 0.46716782 0.500827   0.6222952 ],18
1,2,6,0.9,0.6142237186431885,0.7354050874710083,[0.5113199  0.54324645 0.59193516 0.61437404 0.6890616  0.7354051 ],18
2,3,7,0.9,0.5932263135910034,0.7760007381439209,"[0.4707534  0.49577087 0.5216518  0.52839804 0.641118   0.7188908
 0.77600074]",18
3,4,7,0.9,0.48653218150138855,0.5882909893989563,"[0.39192012 0.4273096  0.45445856 0.484062   0.49799383 0.56169033
 0.588291  ]",18
4,5,7,0.9,0.5666465759277344,1.0040169954299927,"[0.4220513  0.42638314 0.45893395 0.4959653  0.55012566 0.6090497
 1.004017  ]",18
5,6,8,0.9,0.6065022349357605,1.357374906539917,"[0.41635755 0.4411524  0.46093482 0.47314402 0.48703727 0.5650361
 0.6509807  1.3573749 ]",18
6,7,8,0.9,0.5133920907974243,0.6805906891822815,"[0.42029348 0.43242097 0.44019097 0.4689233  0.4709932  0.5521944
 0.64152944 0.6805907 ]",18
7,8,8,0.9,0.605294406414032,1.0424097776412964,"[0.4497827  0.48298055 0.5065764  0.52927744 0.5617261  0.6122799
 0.65732265 1.0424098 ]",18
8,9,7,0.9,0.6960216164588928,1.149661898612976,"[0.51802516 0.5506285  0.59626156 0.62596136 0.6976427  0.7339703
 1.1496619 ]",18
9,10,6,0.9,0.573154866695404,0.8371124863624573,[0.3757877  0.46919808 0.49653742 0.5179427  0.7423508  0.8371125 ],18
10,11,6,0.9,0.7665228843688965,1.3769768476486206,[0.43947074 0.46215492 0.57106537 0.71047163 1.0389978  1.3769768 ],18
0,1,6,0.9,0.4451528787612915,0.6226509213447571,[0.33979702 0.38329116 0.4010872  0.45291856 0.47117257 0.6226509 ],19
1,2,6,0.9,0.61115962266922,0.7423757910728455,[0.5091953  0.54306114 0.5828704  0.6123818  0.67707324 0.7423758 ],19
2,3,6,0.9,0.5847565531730652,0.7586612701416016,[0.47562495 0.50128007 0.5245302  0.5609656  0.687477   0.75866127],19
3,4,7,0.9,0.4861256182193756,0.586105465888977,"[0.41042343 0.42710876 0.44595933 0.4887471  0.5109781  0.53355694
 0.58610547]",19
4,5,7,0.9,0.5377084016799927,0.7976964116096497,"[0.42417708 0.4330299  0.4720744  0.49039182 0.5391504  0.6074391
 0.7976964 ]",19
5,6,7,0.9,0.5413255095481873,0.8837817311286926,"[0.4289467  0.4558512  0.46267065 0.48056212 0.5161257  0.5613408
 0.88378173]",19
6,7,7,0.9,0.5287593007087708,0.7393341064453125,"[0.41245466 0.45252517 0.46323815 0.47071108 0.5212975  0.64175403
 0.7393341 ]",19
7,8,7,0.9,0.5957639813423157,0.8609452247619629,"[0.4730636  0.5300023  0.53890693 0.5491011  0.59561056 0.6227178
 0.8609452 ]",19
8,9,8,0.9,0.7316749095916748,1.3760788440704346,"[0.50330627 0.55143857 0.60912627 0.62546045 0.6508905  0.726304
 0.8107946  1.3760788 ]",19
9,10,7,0.9,0.5800661444664001,0.9052197337150574,"[0.37025923 0.44129097 0.47663787 0.4921984  0.608706   0.76615083
 0.90521973]",19
10,11,6,0.9,0.7377419471740723,1.3442420959472656,[0.45178643 0.4575058  0.51438284 0.76714605 0.89138824 1.3442421 ],19
0,1,6,0.9,0.45563018321990967,0.6189391016960144,[0.35754064 0.38882187 0.4116799  0.46081835 0.49598122 0.6189391 ],20
1,2,6,0.9,0.6113210320472717,0.7366346716880798,[0.50977594 0.54043525 0.5869205  0.60733634 0.6868237  0.7366347 ],20
2,3,6,0.9,0.5870541334152222,0.7605873942375183,[0.4751681  0.50224036 0.5276925  0.56593335 0.69070286 0.7605874 ],20
3,4,7,0.9,0.4797687232494354,0.581698477268219,"[0.39489105 0.4279809  0.44619736 0.4808801  0.48886374 0.5378695
 0.5816985 ]",20
4,5,7,0.9,0.5363768935203552,0.8349655270576477,"[0.41207922 0.42725363 0.46444467 0.48896134 0.53216255 0.59477156
 0.8349655 ]",20
5,6,7,0.9,0.5374303460121155,0.8770743012428284,"[0.4364229  0.4395446  0.45801923 0.47480592 0.5016953  0.5744503
 0.8770743 ]",20
6,7,8,0.9,0.5559161901473999,0.9173864722251892,"[0.43223417 0.43853664 0.445014   0.4727792  0.49574733 0.58681434
 0.65881705 0.9173865 ]",20
7,8,8,0.9,0.6358149647712708,1.1060101985931396,"[0.45536083 0.49391797 0.5278401  0.5369968  0.5698509  0.63487875
 0.7616639  1.1060102 ]",20
8,9,7,0.9,0.662528395652771,0.990899384021759,"[0.5035     0.52283955 0.57894945 0.6155966  0.6366805  0.7892331
 0.9908994 ]",20
9,10,6,0.9,0.5646170377731323,0.8918378949165344,[0.35957408 0.46110258 0.4697654  0.48765498 0.71776724 0.8918379 ],20
10,11,6,0.9,0.7457377910614014,1.3770533800125122,[0.4421302  0.47208318 0.52329665 0.70453286 0.9553304  1.3770534 ],20
0,1,6,0.9,0.453177809715271,0.6229384541511536,[0.3491321  0.38273117 0.4065516  0.460023   0.49769077 0.62293845],21
1,2,7,0.9,0.603868305683136,0.7421032190322876,"[0.50404304 0.5329579  0.5702189  0.5892785  0.6058761  0.6826004
 0.7421032 ]",21
2,3,7,0.9,0.5835137367248535,0.7617310881614685,"[0.46101227 0.48927444 0.51356596 0.5230795  0.6350495  0.70088357
 0.7617311 ]",21
3,4,8,0.9,0.5905227661132812,1.435971736907959,"[0.38075778 0.4131313  0.4407559  0.45044988 0.48483142 0.5321164
 0.5861675  1.4359717 ]",21
4,5,8,0.9,0.6046340465545654,1.357582926750183,"[0.4082878  0.42826316 0.45355424 0.4787197  0.5181198  0.5783618
 0.61418283 1.3575829 ]",21
5,6,8,0.9,0.5982828140258789,1.3433611392974854,"[0.40938562 0.4383311  0.45138392 0.4696508  0.48631287 0.58208835
 0.60574895 1.3433611 ]",21
6,7,9,0.9,0.5517669320106506,0.9798943400382996,"[0.4135164  0.42905045 0.4370393  0.4450295  0.4570446  0.5541231
 0.5632554  0.68694943 0.97989434]",21
7,8,9,0.9,0.6101852655410767,1.1404200792312622,"[0.43711406 0.46943715 0.49754655 0.526327   0.5444083  0.5685789
 0.62334037 0.6844947  1.1404201 ]",21
8,9,9,0.9,0.7555437088012695,1.4884568452835083,"[0.4877612  0.5283848  0.55359435 0.6023833  0.6137895  0.66958827
 0.7321716  1.1237637  1.4884568 ]",21
9,10,7,0.9,0.5685827136039734,0.9259817600250244,"[0.36244464 0.43191677 0.4605396  0.4817506  0.58063614 0.73680943
 0.92598176]",21
10,11,7,0.9,0.6846703886985779,1.433396816253662,"[0.42487776 0.44108468 0.45889318 0.55632496 0.65517867 0.82293653
 1.4333968 ]",21
0,1,6,0.9,0.46580997109413147,0.6405611038208008,[0.3518495  0.39066827 0.42398474 0.47731805 0.5104782  0.6405611 ],22
1,2,6,0.9,0.6163024306297302,0.7491212487220764,[0.5126786  0.54495806 0.5892352  0.625667   0.67615426 0.74912125],22
2,3,7,0.9,0.5813941955566406,0.7670402526855469,"[0.4697397  0.493719   0.5062679  0.51415986 0.6157127  0.7031197
 0.76704025]",22
3,4,7,0.9,0.4782116115093231,0.6026540398597717,"[0.38926974 0.41534036 0.43834022 0.4685593  0.4950142  0.5383035
 0.60265404]",22
4,5,7,0.9,0.5550392866134644,0.9091037511825562,"[0.42343587 0.44017518 0.4423944  0.49674594 0.5448203  0.62859946
 0.90910375]",22
5,6,8,0.9,0.605529248714447,1.4700982570648193,"[0.41164014 0.45556718 0.45828283 0.46472856 0.47351184 0.529619
 0.58078605 1.4700983 ]",22
6,7,8,0.9,0.512623131275177,0.7244842648506165,"[0.4032827  0.42268193 0.44172534 0.45843196 0.4757055  0.5747295
 0.59994394 0.72448426]",22
7,8,8,0.9,0.6035963296890259,1.0377144813537598,"[0.44912845 0.47843587 0.49138564 0.5346523  0.5618633  0.63182366
 0.64376676 1.0377145 ]",22
8,9,8,0.9,0.7281584739685059,1.524246096611023,"[0.4829998  0.5444552  0.5528669  0.60406995 0.62355345 0.6969224
 0.7961536  1.5242461 ]",22
9,10,8,0.9,0.6051210761070251,1.0715807676315308,"[0.36801007 0.43281847 0.46120945 0.4757443  0.53325677 0.66051483
 0.83783394 1.0715808 ]",22
10,11,7,0.9,0.6719194054603577,1.4338361024856567,"[0.41492656 0.42500153 0.4506441  0.5423524  0.6067479  0.82992744
 1.4338361 ]",22
0,1,6,0.9,0.4509303569793701,0.6237507462501526,[0.34400517 0.3788955  0.4069856  0.459974   0.4919712  0.62375075],23
1,2,7,0.9,0.6052616834640503,0.7412784099578857,"[0.50234437 0.53638977 0.574043   0.5893341  0.6083272  0.6851146
 0.7412784 ]",23
2,3,7,0.9,0.5790849328041077,0.7590274810791016,"[0.4622954  0.4867849  0.5087038  0.5139471  0.62213206 0.7007037
 0.7590275 ]",23
3,4,8,0.9,0.5866977572441101,1.3984819650650024,"[0.38524377 0.41456118 0.43774006 0.4600677  0.4859864  0.53176916
 0.5797321  1.398482  ]",23
4,5,8,0.9,0.5912503600120544,1.2692980766296387,"[0.40922356 0.4249862  0.449782   0.48263583 0.52216196 0.55991966
 0.61199576 1.2692981 ]",23
5,6,8,0.9,0.6099109053611755,1.450964331626892,"[0.41384098 0.44296393 0.45669952 0.46551326 0.4854834  0.56626654
 0.5975552  1.4509643 ]",23
6,7,9,0.9,0.5311792492866516,0.7944483160972595,"[0.41271138 0.4279546  0.4363637  0.448716   0.45536962 0.5236474
 0.5763079  0.7050947  0.7944483 ]",23
7,8,9,0.9,0.6212428212165833,1.1371314525604248,"[0.4482199  0.47873086 0.50084835 0.5297647  0.5653366  0.61227614
 0.6141063  0.7047715  1.1371315 ]",23
8,9,9,0.9,0.7491298317909241,1.5133535861968994,"[0.48145247 0.53741163 0.56968033 0.6087923  0.6228899  0.6541103
 0.7145039  1.0399746  1.5133536 ]",23
9,10,8,0.9,0.6075735092163086,1.04097318649292,"[0.35866284 0.42269573 0.45442393 0.48020396 0.5441227  0.6958631
 0.86364245 1.0409732 ]",23
10,11,7,0.9,0.6851063966751099,1.4337267875671387,"[0.41609234 0.45048466 0.45234627 0.5594799  0.6518398  0.83177537
 1.4337268 ]",23
0,1,6,0.9,0.45158353447914124,0.6209444403648376,[0.35036588 0.38285214 0.4072763  0.45496464 0.49309772 0.62094444],24
1,2,7,0.9,0.6042665839195251,0.7430208921432495,"[0.50241023 0.5326062  0.57220966 0.58872974 0.6076684  0.68322104
 0.7430209 ]",24
2,3,7,0.9,0.5759112238883972,0.757860004901886,"[0.4557633  0.48827845 0.50458765 0.5176327  0.61493117 0.6923254
 0.75786   ]",24
3,4,7,0.9,0.4725220501422882,0.5835155248641968,"[0.38514417 0.4176326  0.43900245 0.46664095 0.48364928 0.53206927
 0.5835155 ]",24
4,5,7,0.9,0.5402186512947083,0.8698754906654358,"[0.40895697 0.4249356  0.4601214  0.48328847 0.53218406 0.60216826
 0.8698755 ]",24
5,6,8,0.9,0.6143131256103516,1.4793508052825928,"[0.41721183 0.4369224  0.45048437 0.4659477  0.4848739  0.5675643
 0.6121496  1.4793508 ]",24
6,7,9,0.9,0.5318148732185364,0.7842701077461243,"[0.41611224 0.4202076  0.43165085 0.4516541  0.4596984  0.51234424
 0.58973086 0.7206652  0.7842701 ]",24
7,8,9,0.9,0.6270485520362854,1.123146653175354,"[0.44489157 0.47613484 0.5041868  0.5326317  0.5589367  0.6118536
 0.6428239  0.74883115 1.1231467 ]",24
8,9,9,0.9,0.7394058108329773,1.4686635732650757,"[0.4860043  0.5252118  0.55179083 0.59933496 0.6055817  0.6617757
 0.734689   1.0216002  1.4686636 ]",24
9,10,7,0.9,0.5604639649391174,0.8908944129943848,"[0.3575318  0.42269138 0.4584031  0.48136118 0.56884575 0.7435202
 0.8908944 ]",24
10,11,7,0.9,0.6907404661178589,1.4236854314804077,"[0.40976653 0.45780188 0.46113834 0.5437083  0.7199906  0.81909186
 1.4236854 ]",24
0,1,6,0.9,0.470736026763916,0.6278500556945801,[0.370193   0.3997837  0.43258464 0.4779889  0.51601577 0.62785006],25
1,2,6,0.9,0.6129209995269775,0.7433508634567261,[0.51407725 0.5396995  0.5850301  0.6096678  0.6857004  0.74335086],25
2,3,6,0.9,0.5910363793373108,0.7640255689620972,[0.48081967 0.5036923  0.53018266 0.57532537 0.69217277 0.76402557],25
3,4,7,0.9,0.47703245282173157,0.5779809355735779,"[0.38653097 0.4255801  0.44958097 0.4780612  0.48106888 0.5404241
 0.57798094]",25
4,5,7,0.9,0.560421347618103,0.9859673976898193,"[0.41423196 0.43544385 0.44861665 0.5018473  0.5368667  0.5999756
 0.9859674 ]",25
5,6,7,0.9,0.579842746257782,1.1029099225997925,"[0.43743286 0.44429109 0.46433476 0.47557613 0.545525   0.5888295
 1.1029099 ]",25
6,7,7,0.9,0.5434009432792664,0.7960320711135864,"[0.43062437 0.44826114 0.45217702 0.51595205 0.5376631  0.6230967
 0.7960321 ]",25
7,8,7,0.9,0.61334228515625,0.914326012134552,"[0.45611867 0.5120881  0.53238714 0.58101404 0.6091009  0.68836147
 0.914326  ]",25
8,9,7,0.9,0.6535016298294067,1.0192229747772217,"[0.506566   0.5294453  0.5578089  0.59851193 0.63280004 0.7301566
 1.019223  ]",25
9,10,6,0.9,0.5587994456291199,0.8532726168632507,[0.3708108  0.4569537  0.467207   0.48652312 0.7180292  0.8532726 ],25
10,11,6,0.9,0.7941194176673889,1.3816267251968384,[0.4358992  0.4829065  0.5430558  0.68334055 1.2378876  1.3816267 ],25
0,1,6,0.9,0.44950416684150696,0.6325603127479553,[0.33898652 0.3831228  0.40673485 0.45723948 0.47838125 0.6325603 ],26
1,2,6,0.9,0.6056498885154724,0.7362962961196899,[0.5040223  0.5360017  0.5775805  0.60749644 0.6725019  0.7362963 ],26
2,3,7,0.9,0.574097752571106,0.7467683553695679,"[0.46522796 0.4808359  0.502307   0.5164408  0.61276114 0.6943433
 0.74676836]",26
3,4,7,0.9,0.4769533574581146,0.5886752009391785,"[0.39198208 0.4127784  0.4410954  0.47382963 0.49612924 0.53418374
 0.5886752 ]",26
4,5,7,0.9,0.5292583703994751,0.7593896389007568,"[0.41578874 0.4282214  0.46234685 0.4848441  0.53966856 0.61454916
 0.75938964]",26
5,6,8,0.9,0.5864169001579285,1.2562605142593384,"[0.4164265  0.44470373 0.45675358 0.45958096 0.49574932 0.55319154
 0.608669   1.2562605 ]",26
6,7,9,0.9,0.5496711730957031,0.9198381304740906,"[0.40247452 0.42296982 0.44064453 0.4527958  0.4670524  0.5332897
 0.5926884  0.715287   0.91983813]",26
7,8,9,0.9,0.653631865978241,1.2001476287841797,"[0.4553943  0.49813244 0.5189013  0.5353016  0.5729914  0.629745
 0.65167433 0.8203988  1.2001476 ]",26
8,9,9,0.9,0.712548017501831,1.2173302173614502,"[0.47862214 0.53580654 0.563275   0.59901035 0.6322953  0.6486291
 0.76064616 0.9773181  1.2173302 ]",26
9,10,8,0.9,0.5989061594009399,1.0533751249313354,"[0.3694673  0.4262563  0.45529035 0.48409143 0.5911243  0.64940566
 0.76223886 1.0533751 ]",26
10,11,7,0.9,0.6931931376457214,1.4203674793243408,"[0.44916442 0.4503146  0.46026582 0.58572257 0.66138685 0.82513064
 1.4203675 ]",26
0,1,6,0.9,0.452801376581192,0.6173994541168213,[0.355008   0.38825783 0.40355143 0.46031868 0.49227282 0.61739945],27
1,2,6,0.9,0.6101468801498413,0.7367755770683289,[0.5124945  0.5375175  0.5866369  0.60607034 0.6813866  0.7367756 ],27
2,3,7,0.9,0.5807619690895081,0.7652352452278137,"[0.45762828 0.49335867 0.50639534 0.52377665 0.61945814 0.6994811
 0.76523525]",27
3,4,7,0.9,0.4786550998687744,0.5875372290611267,"[0.39507198 0.42432868 0.44696015 0.46637392 0.49186796 0.53844565
 0.5875372 ]",27
4,5,7,0.9,0.5454452037811279,0.8774043917655945,"[0.4090406  0.4361085  0.48065948 0.48923245 0.53125274 0.5944182
 0.8774044 ]",27
5,6,7,0.9,0.5297171473503113,0.8103352785110474,"[0.4195363  0.44411826 0.46168804 0.47733814 0.5118153  0.58318883
 0.8103353 ]",27
6,7,8,0.9,0.6007522344589233,1.1912190914154053,"[0.4185604  0.44062734 0.45399848 0.46172777 0.49899256 0.599093
 0.74179894 1.1912191 ]",27
7,8,8,0.9,0.6711732745170593,1.336157202720642,"[0.4474624  0.4774518  0.5328271  0.54640543 0.5685147  0.6385217
 0.82204586 1.3361572 ]",27
8,9,8,0.9,0.7555615305900574,1.5655783414840698,"[0.50668466 0.52187485 0.57102555 0.6107451  0.6472354  0.7736622
 0.8476865  1.5655783 ]",27
9,10,6,0.9,0.5709241628646851,0.9109299778938293,[0.36116132 0.45987892 0.47679606 0.48893407 0.7278446  0.91093   ],27
10,11,6,0.9,0.7476177215576172,1.3865251541137695,[0.45055625 0.47316992 0.5003745  0.72910756 0.945973   1.3865252 ],27
0,1,6,0.9,0.4522789418697357,0.6296088695526123,[0.34234482 0.38096094 0.41060668 0.4604009  0.4897513  0.62960887],28
1,2,7,0.9,0.6050282120704651,0.7441345453262329,"[0.5014764  0.53736544 0.5753672  0.58566296 0.60928744 0.6819037
 0.74413455]",28
2,3,7,0.9,0.5761874318122864,0.7554462552070618,"[0.46374664 0.4832736  0.5037738  0.5145179  0.6146297  0.6979241
 0.75544626]",28
3,4,8,0.9,0.5415241718292236,1.032372236251831,"[0.38660067 0.41312134 0.4364634  0.46188843 0.4885781  0.53162205
 0.58154714 1.0323722 ]",28
4,5,8,0.9,0.5824325084686279,1.1973471641540527,"[0.4130707  0.4272975  0.44822332 0.48486122 0.52561635 0.54354787
 0.6194958  1.1973472 ]",28
5,6,8,0.9,0.6217397451400757,1.5547131299972534,"[0.41699687 0.44596484 0.45710728 0.46331725 0.48688123 0.55206877
 0.5968684  1.5547131 ]",28
6,7,9,0.9,0.530890166759491,0.7845962047576904,"[0.40902892 0.42452177 0.44159636 0.45006585 0.4580311  0.5202416
 0.5920782  0.697851   0.7845962 ]",28
7,8,9,0.9,0.6353651285171509,1.1829720735549927,"[0.45322195 0.48493525 0.5070434  0.53396934 0.57767797 0.61167157
 0.625108   0.7416867  1.1829721 ]",28
8,9,9,0.9,0.7408296465873718,1.4363950490951538,"[0.47924    0.54118884 0.5747197  0.6101233  0.6290441  0.64559615
 0.7148204  1.0363389  1.436395  ]",28
9,10,8,0.9,0.6184046268463135,1.1068516969680786,"[0.3638732  0.42649236 0.45451438 0.48098835 0.5684597  0.6978337
 0.84822345 1.1068517 ]",28
10,11,7,0.9,0.6860118508338928,1.4354043006896973,"[0.42104107 0.44280788 0.45780605 0.57204694 0.6342665  0.8387106
 1.4354043 ]",28
0,1,6,0.9,0.4518143832683563,0.6302733421325684,[0.34225532 0.379788   0.40677297 0.46251827 0.48927835 0.63027334],29
1,2,7,0.9,0.6085391640663147,0.7408353686332703,"[0.50501984 0.539685   0.57816744 0.59206486 0.6121167  0.6918849
 0.74083537]",29
2,3,7,0.9,0.5777331590652466,0.7580044269561768,"[0.4654312  0.48638314 0.50224084 0.5157845  0.6137981  0.70249015
 0.7580044 ]",29
3,4,7,0.9,0.47889113426208496,0.5865320563316345,"[0.39388603 0.4192702  0.439939   0.4745688  0.49826354 0.5397783
 0.58653206]",29
4,5,7,0.9,0.551615834236145,0.9204452037811279,"[0.41688588 0.4260345  0.45642087 0.4894465  0.5431384  0.60893935
 0.9204452 ]",29
5,6,8,0.9,0.6140820980072021,1.4818726778030396,"[0.4130838  0.4471453  0.45858425 0.4663279  0.48760322 0.5568789
 0.6011604  1.4818727 ]",29
6,7,9,0.9,0.5517318248748779,0.9241268038749695,"[0.40705338 0.43150538 0.44183117 0.4468407  0.45553157 0.55014616
 0.5896675  0.7188841  0.9241268 ]",29
7,8,9,0.9,0.6442418098449707,1.1635233163833618,"[0.45615762 0.4871138  0.50390816 0.5329436  0.57529855 0.61527956
 0.66069007 0.80326205 1.1635233 ]",29
8,9,9,0.9,0.7373577356338501,1.3911117315292358,"[0.48736537 0.54038465 0.5829171  0.60147566 0.62528    0.66433465
 0.7128579  1.0304927  1.3911117 ]",29
9,10,8,0.9,0.6551836729049683,1.4272620677947998,"[0.3659493  0.4389036  0.46314612 0.481103   0.56945264 0.67644936
 0.81920344 1.4272621 ]",29
10,11,7,0.9,0.6919736266136169,1.4508047103881836,"[0.438866   0.4406117  0.45261347 0.58889586 0.6205217  0.8515018
 1.4508047 ]",29
0,1,6,0.9,0.46166396141052246,0.6315547823905945,[0.35163084 0.3867309  0.42362383 0.47212878 0.5043147  0.6315548 ],30
1,2,6,0.9,0.6108104586601257,0.7463722825050354,[0.5080346  0.5407333  0.58283675 0.61500615 0.67187977 0.7463723 ],30
2,3,7,0.9,0.5850321054458618,0.7672159075737,"[0.46638784 0.49206886 0.5164561  0.5227993  0.62674594 0.703551
 0.7672159 ]",30
3,4,7,0.9,0.47560983896255493,0.5970807671546936,"[0.38285038 0.4216654  0.44178364 0.46840417 0.48284256 0.5346422
 0.59708077]",30
4,5,7,0.9,0.5595815777778625,0.9487654566764832,"[0.4171424  0.43948603 0.44717178 0.5003352  0.5405282  0.623642
 0.94876546]",30
5,6,8,0.9,0.5981400012969971,1.3723235130310059,"[0.41781068 0.45317975 0.45738417 0.46599585 0.47824177 0.5572115
 0.58297265 1.3723235 ]",30
6,7,8,0.9,0.5121487975120544,0.7333412766456604,"[0.41139695 0.42453378 0.43855307 0.4527826  0.4735172  0.55817336
 0.6048921  0.7333413 ]",30
7,8,8,0.9,0.6093851923942566,1.0923007726669312,"[0.44937083 0.4765685  0.48578194 0.54408413 0.56307733 0.6206605
 0.64323777 1.0923008 ]",30
8,9,8,0.9,0.7135165929794312,1.108314037322998,"[0.49922517 0.53533804 0.57006365 0.6022257  0.6407475  0.7086886
 1.0435301  1.108314  ]",30
9,10,8,0.9,0.5748964548110962,0.9012137651443481,"[0.36081943 0.415226   0.45156425 0.47557795 0.5524364  0.6692906
 0.7730434  0.90121377]",30
10,11,7,0.9,0.6710935235023499,1.4070864915847778,"[0.39653847 0.4458373  0.4540013  0.55384505 0.6156893  0.8246568
 1.4070865 ]",30
0,1,6,0.9,0.46314552426338196,0.633493185043335,[0.3540231  0.38761085 0.4176076  0.47476053 0.511378   0.6334932 ],31
1,2,6,0.9,0.6131399273872375,0.7437965869903564,[0.51128167 0.5405477  0.58915627 0.6140329  0.6800246  0.7437966 ],31
2,3,7,0.9,0.5959964394569397,0.766943633556366,"[0.47045013 0.4947569  0.5137052  0.5391524  0.6493206  0.73764646
 0.76694363]",31
3,4,7,0.9,0.48570558428764343,0.5954984426498413,"[0.3861024  0.42545494 0.4526838  0.4770459  0.4973142  0.56583923
 0.59549844]",31
4,5,7,0.9,0.6004031300544739,1.2560831308364868,"[0.41804343 0.43255392 0.44372135 0.49387798 0.5460951  0.6124469
 1.2560831 ]",31
5,6,8,0.9,0.5958719849586487,1.3435187339782715,"[0.40724966 0.4465253  0.4592866  0.46741354 0.47455734 0.5729633
 0.59546137 1.3435187 ]",31
6,7,9,0.9,0.5960184931755066,1.360176920890808,"[0.40906385 0.4227694  0.43531808 0.46064353 0.46535563 0.5545676
 0.59610593 0.66016537 1.3601769 ]",31
7,8,9,0.9,0.6302509903907776,1.1413573026657104,"[0.44471788 0.46524936 0.4922553  0.5347669  0.5531956  0.58678645
 0.64241254 0.8115174  1.1413573 ]",31
8,9,8,0.9,0.7210725545883179,1.451541543006897,"[0.49463537 0.5318377  0.54567283 0.60242224 0.62637246 0.69818056
 0.8179179  1.4515415 ]",31
9,10,7,0.9,0.5644418001174927,0.9333521127700806,"[0.36219323 0.43979833 0.45976865 0.48114035 0.54812056 0.7267196
 0.9333521 ]",31
10,11,7,0.9,0.6739460229873657,1.4361236095428467,"[0.4120569  0.4289808  0.44787425 0.5708502  0.5868352  0.8349014
 1.4361236 ]",31
0,1,6,0.9,0.4634300768375397,0.6222939491271973,[0.36775336 0.3993863  0.41119805 0.47222105 0.5077279  0.62229395],32
1,2,6,0.9,0.6130661368370056,0.7437698245048523,[0.51628834 0.540364   0.5885917  0.6064144  0.6829685  0.7437698 ],32
2,3,6,0.9,0.5907256007194519,0.7694037556648254,[0.4752631  0.50168747 0.529344   0.5717719  0.6968837  0.76940376],32
3,4,7,0.9,0.4823647141456604,0.5994192361831665,"[0.39571387 0.42880866 0.4482086  0.4707994  0.49310124 0.5405019
 0.59941924]",32
4,5,7,0.9,0.550954282283783,0.8869025707244873,"[0.41386452 0.4439172  0.48868322 0.4979257  0.5260401  0.5993466
 0.8869026 ]",32
5,6,7,0.9,0.5354260802268982,0.7930802702903748,"[0.42429352 0.4466328  0.4708387  0.4886591  0.5212518  0.60322607
 0.7930803 ]",32
6,7,7,0.9,0.5686919093132019,0.9063266515731812,"[0.43593675 0.44153598 0.46632817 0.52388436 0.5787665  0.62806517
 0.90632665]",32
7,8,7,0.9,0.6053730845451355,0.8668415546417236,"[0.4491235  0.47435722 0.5313757  0.5702237  0.6298059  0.7158841
 0.86684155]",32
8,9,7,0.9,0.6763442158699036,1.0275986194610596,[0.4965076 0.5308844 0.5684992 0.6120222 0.6525204 0.8463767 1.0275986],32
9,10,6,0.9,0.5680646896362305,0.892593502998352,[0.35924906 0.46206978 0.46768677 0.50355226 0.72323656 0.8925935 ],32
10,11,6,0.9,0.7427594065666199,1.390687346458435,[0.45177564 0.47996843 0.48428378 0.72871476 0.9211263  1.3906873 ],32
0,1,6,0.9,0.44563257694244385,0.621976912021637,[0.3408438  0.37682334 0.404185   0.45106775 0.47889876 0.6219769 ],33
1,2,6,0.9,0.6049196124076843,0.7339692115783691,[0.5024975  0.5352066  0.57918406 0.6064332  0.672227   0.7339692 ],33
2,3,7,0.9,0.5746949911117554,0.754638135433197,"[0.461293   0.48286155 0.5028706  0.5145605  0.6143069  0.6923341
 0.75463814]",33
3,4,8,0.9,0.49559134244918823,0.6856667995452881,"[0.3889871  0.4155313  0.43595368 0.4517676  0.4844896  0.526176
 0.57615846 0.6856668 ]",33
4,5,8,0.9,0.5539277791976929,0.9839401245117188,"[0.41180918 0.42431408 0.4558454  0.47853452 0.5225125  0.5313077
 0.623159   0.9839401 ]",33
5,6,8,0.9,0.5954957604408264,1.3582683801651,"[0.41344386 0.4428518  0.4569314  0.4590351  0.48674655 0.55704653
 0.58964235 1.3582684 ]",33
6,7,9,0.9,0.5406767129898071,0.8966308236122131,"[0.40548584 0.4165553  0.4416803  0.44679394 0.4583149  0.5074214
 0.60591334 0.68729424 0.8966308 ]",33
7,8,9,0.9,0.6364545822143555,1.097893476486206,"[0.45066273 0.4868568  0.5068958  0.52455264 0.5780526  0.6039901
 0.6338787  0.8453089  1.0978935 ]",33
8,9,9,0.9,0.7279374003410339,1.341532826423645,"[0.4796974  0.54397357 0.5932426  0.5999732  0.6330127  0.6373135
 0.7259382  0.9967526  1.3415328 ]",33
9,10,8,0.9,0.6543072462081909,1.4062308073043823,"[0.3664091  0.43173802 0.45374602 0.47712857 0.60472006 0.68461114
 0.8098744  1.4062308 ]",33
10,11,7,0.9,0.6977505683898926,1.4503419399261475,"[0.43137068 0.45216078 0.4745812  0.57328945 0.6660824  0.8364275
 1.4503419 ]",33
0,1,6,0.9,0.449042946100235,0.6250640153884888,[0.34432775 0.37801147 0.40560156 0.45384064 0.48741233 0.625064  ],34
1,2,6,0.9,0.6073638796806335,0.7417939901351929,[0.5048223  0.53606856 0.581214   0.6090318  0.67125213 0.741794  ],34
2,3,7,0.9,0.5753779411315918,0.7587982416152954,"[0.45885038 0.4864868  0.5014466  0.5135436  0.61454165 0.69397813
 0.75879824]",34
3,4,8,0.9,0.5013784766197205,0.7315314412117004,"[0.38881952 0.41727316 0.43500885 0.45525482 0.48318765 0.52698183
 0.57297057 0.73153144]",34
4,5,8,0.9,0.5792078971862793,1.1993046998977661,"[0.41062865 0.42320168 0.44813475 0.47697383 0.51929325 0.53771526
 0.61841124 1.1993047 ]",34
5,6,8,0.9,0.6163362264633179,1.537449836730957,"[0.4119777  0.44536486 0.45300314 0.4630495  0.47847548 0.5509683
 0.5904006  1.5374498 ]",34
6,7,9,0.9,0.5367923378944397,0.8807742595672607,"[0.40742478 0.4178186  0.44037306 0.44571522 0.45429397 0.50958276
 0.5880042  0.6871441  0.88077426]",34
7,8,9,0.9,0.6334476470947266,1.1161422729492188,"[0.45116538 0.4767705  0.4957255  0.52644956 0.57026464 0.61019266
 0.6308928  0.82342577 1.1161423 ]",34
8,9,9,0.9,0.7565785050392151,1.5379242897033691,"[0.4840174  0.54114383 0.56945527 0.6041302  0.6171244  0.6735037
 0.7118833  1.0700239  1.5379243 ]",34
9,10,8,0.9,0.5842163562774658,0.9224605560302734,"[0.35655457 0.4227697  0.45251533 0.47349212 0.502383   0.731092
 0.8124638  0.92246056]",34
10,11,7,0.9,0.6844112277030945,1.4361482858657837,"[0.42182556 0.45153022 0.4544761  0.5764558  0.62072724 0.82971543
 1.4361483 ]",34
0,1,6,0.9,0.4575061500072479,0.6210210919380188,[0.36379752 0.38741603 0.4173952  0.45891753 0.4964895  0.6210211 ],35
1,2,6,0.9,0.6085918545722961,0.7301203012466431,[0.5047198  0.53696436 0.5850966  0.6090276  0.68562263 0.7301203 ],35
2,3,7,0.9,0.5812363624572754,0.7574163675308228,"[0.4640123  0.49299824 0.51537526 0.5226915  0.6230495  0.6931113
 0.75741637]",35
3,4,7,0.9,0.4758050739765167,0.5873076319694519,"[0.3845764  0.41938862 0.43869582 0.47020814 0.48860693 0.5418517
 0.58730763]",35
4,5,7,0.9,0.5342872738838196,0.8074851036071777,"[0.4145412  0.42341918 0.4706129  0.48363826 0.53622305 0.6040913
 0.8074851 ]",35
5,6,8,0.9,0.6049662828445435,1.4098244905471802,"[0.41816178 0.4275467  0.45888522 0.46558484 0.4895578  0.5662552
 0.6039142  1.4098245 ]",35
6,7,8,0.9,0.5299602746963501,0.7969288229942322,"[0.42367992 0.42742234 0.44668496 0.45935503 0.47942638 0.56341416
 0.64277095 0.7969288 ]",35
7,8,8,0.9,0.6510893106460571,1.2202322483062744,"[0.44217923 0.49531072 0.532602   0.53797156 0.56690574 0.63251483
 0.78099847 1.2202322 ]",35
8,9,8,0.9,0.7388589382171631,1.4790507555007935,"[0.48712668 0.54594666 0.5733757  0.60780877 0.62220824 0.7545937
 0.8407609  1.4790508 ]",35
9,10,6,0.9,0.567176878452301,0.8780602216720581,[0.3726811  0.466786   0.47546026 0.4899525  0.720121   0.8780602 ],35
10,11,6,0.9,0.7392923831939697,1.3789135217666626,[0.43827787 0.4767975  0.54220974 0.690324   0.9092317  1.3789135 ],35
0,1,6,0.9,0.45578083395957947,0.6250503659248352,[0.35069427 0.3812968  0.41460794 0.46444947 0.49858612 0.62505037],36
1,2,6,0.9,0.6072434186935425,0.7372840046882629,[0.5060215  0.53607327 0.582728   0.6084776  0.67287636 0.737284  ],36
2,3,7,0.9,0.5891123414039612,0.7600090503692627,"[0.4656284  0.49274516 0.51317346 0.5315962  0.6465847  0.7140494
 0.76000905]",36
3,4,8,0.9,0.588474690914154,1.4297987222671509,"[0.38078874 0.41246763 0.436869   0.45503938 0.48323292 0.5288396
 0.5807612  1.4297987 ]",36
4,5,8,0.9,0.6030739545822144,1.3666694164276123,"[0.4114266  0.42667547 0.44257537 0.4761026  0.52658147 0.55745757
 0.6171033  1.3666694 ]",36
5,6,8,0.9,0.5962221622467041,1.3687121868133545,"[0.40808132 0.44618604 0.45584688 0.46267307 0.4752279  0.56366485
 0.5893851  1.3687122 ]",36
6,7,9,0.9,0.5442426204681396,0.9143751859664917,"[0.4071532  0.41501436 0.43696576 0.4525745  0.4576271  0.543995
 0.606646   0.6638322  0.9143752 ]",36
7,8,9,0.9,0.628501296043396,1.0883530378341675,"[0.44175002 0.4704696  0.4861311  0.52546    0.56136537 0.6071604
 0.62887514 0.84694713 1.088353  ]",36
8,9,9,0.9,0.7414268851280212,1.3778077363967896,"[0.4866808  0.53820217 0.55600786 0.6020842  0.6114305  0.65444976
 0.72609353 1.1200856  1.3778077 ]",36
9,10,8,0.9,0.675239086151123,1.5444209575653076,"[0.36204165 0.42772678 0.45895708 0.47424015 0.51879793 0.6992365
 0.91649115 1.544421  ]",36
10,11,7,0.9,0.6757135391235352,1.428301215171814,"[0.41526487 0.44417986 0.45696005 0.5642111  0.5967342  0.8243435
 1.4283012 ]",36
0,1,6,0.9,0.44619670510292053,0.6274771690368652,[0.33999208 0.37932697 0.40551892 0.45078996 0.47407526 0.62747717],37
1,2,6,0.9,0.6047261357307434,0.7363541722297668,[0.5033773  0.5348464  0.57802355 0.6074772  0.6682784  0.7363542 ],37
2,3,7,0.9,0.5735265612602234,0.7511365413665771,"[0.46282476 0.4832274  0.5013299  0.5151031  0.6114741  0.68959016
 0.75113654]",37
3,4,7,0.9,0.47637155652046204,0.5912998914718628,"[0.39213914 0.41169062 0.4385414  0.4715653  0.49987793 0.5294866
 0.5912999 ]",37
4,5,7,0.9,0.5304436087608337,0.7589121460914612,"[0.42016506 0.43235666 0.4642843  0.481734   0.5388221  0.6168307
 0.75891215]",37
5,6,8,0.9,0.5627747774124146,1.1074658632278442,"[0.412397   0.44064817 0.45638505 0.45764703 0.48973903 0.5588643
 0.57905215 1.1074659 ]",37
6,7,9,0.9,0.5493803024291992,0.9648531675338745,"[0.39994293 0.41935906 0.431928   0.45924264 0.46441805 0.5367736
 0.59264505 0.67526037 0.96485317]",37
7,8,9,0.9,0.6532489657402039,1.1922050714492798,"[0.44892055 0.49445593 0.5095398  0.5253084  0.5643996  0.6132375
 0.6689387  0.862235   1.1922051 ]",37
8,9,9,0.9,0.7211382389068604,1.1865483522415161,"[0.48945615 0.5483129  0.57020736 0.60416555 0.6246557  0.67980766
 0.775838   1.0112529  1.1865484 ]",37
9,10,8,0.9,0.6171591877937317,1.1257357597351074,"[0.3804499  0.4434387  0.4603808  0.4822815  0.5689769  0.65127337
 0.82473654 1.1257358 ]",37
10,11,7,0.9,0.7029801607131958,1.4690977334976196,"[0.4433398  0.45465392 0.47736877 0.5747306  0.6569669  0.8447034
 1.4690977 ]",37
0,1,6,0.9,0.4661068916320801,0.6459170579910278,[0.3541099  0.3924483  0.42885324 0.47327417 0.50203866 0.64591706],38
1,2,6,0.9,0.6138501167297363,0.7511687278747559,[0.5104106  0.54286027 0.58512205 0.62415105 0.6693881  0.7511687 ],38
2,3,7,0.9,0.5767046809196472,0.7599247694015503,"[0.46922827 0.48682556 0.5016948  0.5166118  0.6076404  0.6950076
 0.75992477]",38
3,4,7,0.9,0.4788331985473633,0.607694149017334,"[0.39167693 0.40860608 0.4381492  0.46920732 0.5017361  0.53476256
 0.60769415]",38
4,5,7,0.9,0.5197039246559143,0.6736763119697571,"[0.42901635 0.4409914  0.44424796 0.48660752 0.5407639  0.622624
 0.6736763 ]",38
5,6,8,0.9,0.5761953592300415,1.2190048694610596,"[0.41669595 0.44696292 0.45547506 0.45899677 0.48201427 0.5427842
 0.58762884 1.2190049 ]",38
6,7,8,0.9,0.5193835496902466,0.7320696711540222,"[0.40815687 0.42715222 0.43950045 0.4686217  0.48218408 0.575227
 0.6221562  0.7320697 ]",38
7,8,8,0.9,0.6360034346580505,1.1937593221664429,"[0.4581916  0.49052483 0.5014538  0.5404583  0.56637883 0.64734304
 0.6899178  1.1937593 ]",38
8,9,8,0.9,0.7036163806915283,1.3596476316452026,"[0.47293168 0.548221   0.57383174 0.59371024 0.62698036 0.6921954
 0.761413   1.3596476 ]",38
9,10,8,0.9,0.5787933468818665,0.8864705562591553,"[0.3849566  0.43803596 0.4559086  0.48666295 0.5197933  0.5790063
 0.87951285 0.88647056]",38
10,11,7,0.9,0.6760193109512329,1.4214774370193481,"[0.4290324  0.44028133 0.4526883  0.50840133 0.6438568  0.836398
 1.4214774 ]",38
0,1,6,0.9,0.46361854672431946,0.6448156237602234,[0.3556498  0.39012164 0.42348677 0.46686864 0.5007688  0.6448156 ],39
1,2,6,0.9,0.6114897131919861,0.7435539364814758,[0.5068395  0.5399126  0.58394766 0.6220131  0.6726717  0.74355394],39
2,3,7,0.9,0.5760964751243591,0.7543247938156128,"[0.47182658 0.48080087 0.5025237  0.5129799  0.61169845 0.6985209
 0.7543248 ]",39
3,4,7,0.9,0.4763101637363434,0.610693633556366,"[0.38436267 0.40422863 0.4366341  0.46320188 0.49594328 0.53910697
 0.61069363]",39
4,5,7,0.9,0.5305632948875427,0.7179819941520691,"[0.42534402 0.43854254 0.4533047  0.49232703 0.55272216 0.6337205
 0.717982  ]",39
5,6,8,0.9,0.6088252067565918,1.4597663879394531,"[0.42020977 0.44494462 0.45742792 0.4613155  0.48494434 0.5413081
 0.6006852  1.4597664 ]",39
6,7,8,0.9,0.5491870641708374,0.9485832452774048,"[0.40987304 0.43613064 0.43887118 0.46942306 0.4823572  0.5860672
 0.6221911  0.94858325]",39
7,8,8,0.9,0.6523543000221252,1.2817736864089966,"[0.44647476 0.49349296 0.50475174 0.5477336  0.5826796  0.6409272
 0.72100073 1.2817737 ]",39
8,9,8,0.9,0.7358498573303223,1.5508427619934082,"[0.48311257 0.55547506 0.57904935 0.61071014 0.64210904 0.68030417
 0.7851958  1.5508428 ]",39
9,10,8,0.9,0.5814122557640076,0.8910114169120789,"[0.38425553 0.43285173 0.4601994  0.4837826  0.5684793  0.60599875
 0.82471925 0.8910114 ]",39
10,11,7,0.9,0.6781830787658691,1.4387602806091309,"[0.43205073 0.4409654  0.457343   0.55025446 0.59832954 0.8295781
 1.4387603 ]",39
0,1,6,0.9,0.4473741948604584,0.6237707138061523,[0.3443161  0.37690935 0.40575108 0.44945684 0.48404098 0.6237707 ],40
1,2,7,0.9,0.6024383306503296,0.7459275126457214,"[0.50255996 0.5329086  0.5717598  0.587225   0.60762745 0.6690598
 0.7459275 ]",40
2,3,7,0.9,0.5770887732505798,0.7593832015991211,"[0.45942965 0.4883411  0.50722593 0.512661   0.62179786 0.69078285
 0.7593832 ]",40
3,4,8,0.9,0.5864492654800415,1.4014949798583984,"[0.38481402 0.4109397  0.4350241  0.4554031  0.49090666 0.52382654
 0.5891847  1.401495  ]",40
4,5,8,0.9,0.5996375679969788,1.3093401193618774,"[0.4157458  0.43143466 0.4493202  0.47454262 0.52144164 0.56291765
 0.632358   1.3093401 ]",40
5,6,8,0.9,0.6103178858757019,1.4620592594146729,"[0.41122982 0.4465264  0.45063725 0.46329618 0.47863677 0.5634243
 0.60673296 1.4620593 ]",40
6,7,9,0.9,0.5550745725631714,1.0469859838485718,"[0.40267855 0.41237766 0.44134888 0.44934654 0.45876896 0.5465127
 0.60809594 0.6295561  1.046986  ]",40
7,8,9,0.9,0.6221134662628174,1.1174323558807373,"[0.44049665 0.47995022 0.49947512 0.5202915  0.562099   0.6151824
 0.6272702  0.7368234  1.1174324 ]",40
8,9,9,0.9,0.743792712688446,1.5095490217208862,"[0.4893051  0.53515357 0.5636709  0.5857203  0.6145632  0.6613796
 0.6967646  1.0380279  1.509549  ]",40
9,10,8,0.9,0.6018949151039124,0.9669800400733948,"[0.36593065 0.43251583 0.45942548 0.46696344 0.48884255 0.7637574
 0.8707438  0.96698004]",40
10,11,7,0.9,0.6872017979621887,1.4478410482406616,"[0.4268025  0.45660922 0.46889243 0.566829   0.614528   0.82891035
 1.447841  ]",40
0,1,6,0.9,0.4532873332500458,0.6287262439727783,[0.3491476  0.3799174  0.40969232 0.45721883 0.49502158 0.62872624],41
1,2,7,0.9,0.6051779389381409,0.7409618496894836,"[0.5019415  0.53577036 0.576809   0.588269   0.6073798  0.6851138
 0.74096185]",41
2,3,7,0.9,0.5830950140953064,0.757713258266449,"[0.4664321  0.48791417 0.51037157 0.520157   0.63306844 0.7060084
 0.75771326]",41
3,4,8,0.9,0.5853080749511719,1.3875057697296143,"[0.38268822 0.40851757 0.43424898 0.4555519  0.48945004 0.53383595
 0.5906663  1.3875058 ]",41
4,5,8,0.9,0.6052932739257812,1.365795373916626,"[0.41389182 0.4259155  0.4481075  0.48014885 0.5227925  0.5636623
 0.6220319  1.3657954 ]",41
5,6,8,0.9,0.6079801321029663,1.4441324472427368,"[0.41160274 0.4404887  0.45465216 0.46649665 0.48451096 0.5652914
 0.59666604 1.4441324 ]",41
6,7,9,0.9,0.5344274044036865,0.837007999420166,"[0.41209128 0.4223911  0.43551055 0.45243204 0.45785838 0.5510561
 0.5821097  0.6593895  0.837008  ]",41
7,8,9,0.9,0.6310833692550659,1.1546117067337036,"[0.43917072 0.48483768 0.49745062 0.53298545 0.5727877  0.6152392
 0.67566293 0.70700437 1.1546117 ]",41
8,9,9,0.9,0.7498965263366699,1.5117930173873901,"[0.48032677 0.54698056 0.57515544 0.5982543  0.62380683 0.646074
 0.68983716 1.0768406  1.511793  ]",41
9,10,8,0.9,0.6242731809616089,1.1402230262756348,"[0.3679645  0.43812448 0.46097434 0.47958878 0.544086   0.71196556
 0.85125846 1.140223  ]",41
10,11,7,0.9,0.6850475668907166,1.447854995727539,"[0.41974738 0.44544455 0.45501658 0.5625998  0.62683636 0.8378329
 1.447855  ]",41
0,1,6,0.9,0.4605020582675934,0.6336544752120972,[0.3518827  0.38632727 0.4159121  0.46913284 0.5061027  0.6336545 ],42
1,2,6,0.9,0.6132060885429382,0.749397337436676,[0.5107081  0.5407517  0.58666694 0.61688364 0.67482895 0.74939734],42
2,3,7,0.9,0.582631528377533,0.7655302286148071,"[0.4645909  0.49368796 0.5111363  0.51453656 0.6238233  0.7051152
 0.7655302 ]",42
3,4,7,0.9,0.4771026074886322,0.5923453569412231,"[0.388521   0.4236579  0.43958113 0.46982515 0.4880765  0.53771114
 0.59234536]",42
4,5,7,0.9,0.5765036940574646,1.1031041145324707,"[0.41549292 0.43253657 0.443673   0.49016184 0.5347449  0.61581224
 1.1031041 ]",42
5,6,8,0.9,0.6065562963485718,1.464235782623291,"[0.4090255  0.45053613 0.45723206 0.4640846  0.4715047  0.54935104
 0.5864803  1.4642358 ]",42
6,7,9,0.9,0.5205482244491577,0.7523767352104187,"[0.40558162 0.41843688 0.43408787 0.45190778 0.46081394 0.5330906
 0.56801367 0.6606253  0.75237674]",42
7,8,9,0.9,0.6066623330116272,1.0985023975372314,"[0.4499491  0.47399783 0.4936866  0.5307704  0.55525607 0.59165245
 0.62875086 0.637395   1.0985024 ]",42
8,9,9,0.9,0.7415354251861572,1.4001959562301636,"[0.4776402  0.53241026 0.5416383  0.59137154 0.61172605 0.68583083
 0.7490808  1.0839245  1.400196  ]",42
9,10,8,0.9,0.648276150226593,1.392852783203125,"[0.35647857 0.42734239 0.45401394 0.4725425  0.52428347 0.6654551
 0.8932404  1.3928528 ]",42
10,11,7,0.9,0.670839786529541,1.4229669570922852,"[0.40317136 0.43541303 0.4508592  0.5638334  0.5933955  0.82623917
 1.422967  ]",42
0,1,6,0.9,0.4495079517364502,0.6238573789596558,[0.34597299 0.3816783  0.40473208 0.45228612 0.48852107 0.6238574 ],43
1,2,7,0.9,0.6058825850486755,0.7452763319015503,"[0.5021978  0.53561586 0.5756216  0.58997333 0.6091314  0.6833616
 0.74527633]",43
2,3,7,0.9,0.5753291845321655,0.7600350975990295,"[0.45657152 0.48847994 0.50000775 0.5184884  0.61198276 0.69173884
 0.7600351 ]",43
3,4,7,0.9,0.47606348991394043,0.5877570509910583,"[0.39143562 0.41905168 0.43824908 0.47317946 0.49146888 0.53130275
 0.58775705]",43
4,5,7,0.9,0.5383960604667664,0.8465313911437988,"[0.41488323 0.42438933 0.46052647 0.4830597  0.5340375  0.60534513
 0.8465314 ]",43
5,6,8,0.9,0.6121633052825928,1.4561525583267212,"[0.41718224 0.4393727  0.4506355  0.46688187 0.48815328 0.5646512
 0.61427706 1.4561526 ]",43
6,7,9,0.9,0.5510651469230652,0.9362877011299133,"[0.41243207 0.42588234 0.43706477 0.4478492  0.4580079  0.5200289
 0.5936496  0.72838336 0.9362877 ]",43
7,8,9,0.9,0.6506098508834839,1.1238914728164673,"[0.45024148 0.4771901  0.50885135 0.527683   0.56125224 0.6269289
 0.6691359  0.9103145  1.1238915 ]",43
8,9,9,0.9,0.7556064128875732,1.5651869773864746,"[0.48845682 0.5290852  0.5625824  0.6009423  0.61275107 0.6740415
 0.7268979  1.0405135  1.565187  ]",43
9,10,7,0.9,0.5623169541358948,0.8743135929107666,"[0.35841382 0.4264238  0.45771274 0.48400447 0.57996124 0.75538886
 0.8743136 ]",43
10,11,7,0.9,0.6932710409164429,1.4435666799545288,"[0.42085657 0.447365   0.45883584 0.5607052  0.68516314 0.83640486
 1.4435667 ]",43
0,1,6,0.9,0.46232879161834717,0.630066454410553,[0.35630193 0.38699284 0.4237856  0.47112268 0.50570315 0.63006645],44
1,2,6,0.9,0.6110066175460815,0.7395832538604736,[0.50617445 0.5415835  0.58615124 0.6128894  0.67965794 0.73958325],44
2,3,7,0.9,0.5869684815406799,0.7638494968414307,"[0.4679194  0.4922718  0.516478   0.52660745 0.6294862  0.7121671
 0.7638495 ]",44
3,4,7,0.9,0.4779306948184967,0.5901180505752563,"[0.38376948 0.42160976 0.44487342 0.4728563  0.4857969  0.54649067
 0.59011805]",44
4,5,7,0.9,0.5700870156288147,1.0385534763336182,"[0.41710988 0.43209258 0.44580218 0.49759674 0.5446847  0.6147695
 1.0385535 ]",44
5,6,8,0.9,0.6028493046760559,1.3912749290466309,"[0.4173855  0.44524434 0.46252817 0.46604347 0.4787175  0.5667405
 0.5948597  1.3912749 ]",44
6,7,8,0.9,0.5144932270050049,0.7391129732131958,"[0.41845846 0.4241681  0.44118896 0.4582141  0.4678565  0.55302465
 0.61392224 0.739113  ]",44
7,8,8,0.9,0.614987850189209,1.1108076572418213,"[0.4496567  0.48216173 0.498051   0.5429461  0.5811743  0.60986346
 0.6452419  1.1108077 ]",44
8,9,8,0.9,0.7170591354370117,1.1618568897247314,"[0.4954963 0.5369441 0.5669034 0.6079889 0.6328444 0.7033704 1.031069
 1.1618569]",44
9,10,7,0.9,0.5584836602210999,0.8757544755935669,"[0.36100104 0.43289137 0.4595388  0.48544928 0.5751     0.71965057
 0.8757545 ]",44
10,11,7,0.9,0.6796231865882874,1.426082730293274,"[0.39306828 0.45049423 0.45665127 0.5503689  0.64383066 0.8368661
 1.4260827 ]",44
0,1,6,0.9,0.4526608884334564,0.6136941909790039,[0.3590084  0.38391975 0.40537202 0.45608267 0.49788827 0.6136942 ],45
1,2,6,0.9,0.6092134118080139,0.7380193471908569,[0.51029    0.5357253  0.5857271  0.60733163 0.678187   0.73801935],45
2,3,7,0.9,0.5821065306663513,0.7708083391189575,"[0.45732653 0.48729283 0.51173586 0.5218411  0.62741077 0.6983301
 0.77080834]",45
3,4,7,0.9,0.475201815366745,0.5886565446853638,"[0.38735515 0.42444116 0.44370732 0.46062115 0.4848882  0.5367429
 0.58865654]",45
4,5,7,0.9,0.546463668346405,0.8891795873641968,"[0.40934473 0.43163845 0.47297028 0.48855817 0.52893585 0.6046191
 0.8891796 ]",45
5,6,8,0.9,0.6052955985069275,1.3666787147521973,"[0.41578683 0.4352136  0.45206362 0.470427   0.48921052 0.57470506
 0.6382796  1.3666787 ]",45
6,7,8,0.9,0.5217090845108032,0.7455971837043762,"[0.42431915 0.4298807  0.4452831  0.45819807 0.4641938  0.5616562
 0.64454466 0.7455972 ]",45
7,8,8,0.9,0.6272269487380981,1.1350302696228027,"[0.439729   0.4694262  0.521816   0.5378364  0.54022807 0.62440926
 0.7493403  1.1350303 ]",45
8,9,8,0.9,0.7235704064369202,1.3633406162261963,"[0.4920064  0.53101754 0.58032846 0.5980803  0.60495454 0.7436278
 0.87520754 1.3633406 ]",45
9,10,6,0.9,0.5623162984848022,0.8732889294624329,[0.36545727 0.45967168 0.46110016 0.48751822 0.7268615  0.8732889 ],45
10,11,6,0.9,0.7393670678138733,1.377003788948059,[0.44112796 0.47525355 0.5360378  0.69374216 0.913037   1.3770038 ],45
0,1,6,0.9,0.4692040979862213,0.6423835754394531,[0.35376304 0.39562032 0.4248289  0.48155195 0.5170769  0.6423836 ],46
1,2,6,0.9,0.6137771606445312,0.7491747140884399,[0.5124928 0.5412187 0.586385  0.6187353 0.6746564 0.7491747],46
2,3,7,0.9,0.5834511518478394,0.7636461853981018,"[0.46862647 0.49659684 0.5129703  0.51754975 0.6213783  0.70339
 0.7636462 ]",46
3,4,7,0.9,0.4756584167480469,0.6014633178710938,"[0.3845038  0.4165671  0.44145352 0.4604901  0.48760906 0.537522
 0.6014633 ]",46
4,5,7,0.9,0.6023526787757874,1.2586915493011475,"[0.41865292 0.43728453 0.44109473 0.4966823  0.5415943  0.6224687
 1.2586915 ]",46
5,6,8,0.9,0.6077839136123657,1.4822782278060913,"[0.40877962 0.4487406  0.45834965 0.46419364 0.47650844 0.5384425
 0.5849787  1.4822782 ]",46
6,7,8,0.9,0.5251957178115845,0.833490252494812,"[0.40263185 0.43398568 0.440816   0.45403558 0.48450354 0.570156
 0.58194673 0.83349025]",46
7,8,8,0.9,0.6127052903175354,1.1105777025222778,"[0.44876972 0.47462204 0.48298195 0.5474223  0.5499563  0.6228723
 0.6644401  1.1105777 ]",46
8,9,9,0.9,0.7340385913848877,1.4530481100082397,"[0.47233385 0.51893806 0.5324503  0.59869653 0.60541314 0.6612392
 0.7205161  1.0437121  1.4530481 ]",46
9,10,8,0.9,0.670261561870575,1.5438772439956665,"[0.3622824  0.42688698 0.45234138 0.47338346 0.5188341  0.6588726
 0.9256141  1.5438772 ]",46
10,11,7,0.9,0.6642829775810242,1.4117401838302612,"[0.39972872 0.429202   0.45235896 0.537023   0.6016686  0.81825966
 1.4117402 ]",46
0,1,6,0.9,0.4560028612613678,0.6302105188369751,[0.34992245 0.38362238 0.41469184 0.46071514 0.49685472 0.6302105 ],47
1,2,7,0.9,0.604976236820221,0.7441155314445496,"[0.50140285 0.53615785 0.57616955 0.5856918  0.60854346 0.68275315
 0.74411553]",47
2,3,7,0.9,0.577787458896637,0.7562951445579529,"[0.462563   0.48778293 0.5086531  0.5144508  0.6172579  0.69750935
 0.75629514]",47
3,4,8,0.9,0.5668835639953613,1.2416253089904785,"[0.38245416 0.4106424  0.43514434 0.45916572 0.4869169  0.53211004
 0.5870094  1.2416253 ]",47
4,5,8,0.9,0.5943306088447571,1.296522855758667,"[0.41507703 0.4244979  0.44348124 0.47941127 0.52327317 0.5546833
 0.61769825 1.2965229 ]",47
5,6,8,0.9,0.6160183548927307,1.5103917121887207,"[0.41499263 0.44063908 0.45444906 0.46329018 0.48360878 0.5647766
 0.59599864 1.5103917 ]",47
6,7,9,0.9,0.5264963507652283,0.7739333510398865,"[0.41514474 0.42063984 0.43673515 0.4552997  0.45689127 0.5260055
 0.58010036 0.67371744 0.77393335]",47
7,8,9,0.9,0.6257907152175903,1.1803233623504639,"[0.4469789  0.48496276 0.5014895  0.5355982  0.5749444  0.5916968
 0.62543947 0.69068253 1.1803234 ]",47
8,9,9,0.9,0.7629018425941467,1.5650253295898438,"[0.48190573 0.53614444 0.5600122  0.60744673 0.6163409  0.6642697
 0.7089927  1.1259786  1.5650253 ]",47
9,10,8,0.9,0.5864760279655457,0.8898532390594482,"[0.3640529  0.42181274 0.45960677 0.4805941  0.5208399  0.68079877
 0.87424964 0.88985324]",47
10,11,7,0.9,0.6816706657409668,1.4401623010635376,"[0.40873808 0.4427642  0.45612258 0.55674833 0.6305604  0.83659875
 1.4401623 ]",47
0,1,6,0.9,0.4466937482357025,0.6202564835548401,[0.33999047 0.37801293 0.40272143 0.4564175  0.48276374 0.6202565 ],48
1,2,7,0.9,0.6049253344535828,0.7388021349906921,"[0.50268185 0.5351097  0.5716815  0.5897486  0.6098063  0.6866475
 0.73880213]",48
2,3,7,0.9,0.5759064555168152,0.7571186423301697,"[0.45948207 0.48658955 0.5020302  0.51735646 0.6130309  0.69573784
 0.75711864]",48
3,4,7,0.9,0.4749847948551178,0.5802941918373108,"[0.39055854 0.4180734  0.44092938 0.47047222 0.490406   0.53415996
 0.5802942 ]",48
4,5,7,0.9,0.539958655834198,0.8556106686592102,"[0.4112343  0.4262122  0.46130815 0.48589224 0.5365168  0.6029363
 0.85561067]",48
5,6,8,0.9,0.598462700843811,1.3714972734451294,"[0.41432393 0.441386   0.45748892 0.46414465 0.49020362 0.55652183
 0.59213513 1.3714973 ]",48
6,7,9,0.9,0.5473233461380005,0.9017840623855591,"[0.40567347 0.42655244 0.44047555 0.4486506  0.45251754 0.5194724
 0.59211814 0.7386657  0.90178406]",48
7,8,9,0.9,0.6441508531570435,1.1292961835861206,"[0.4511834  0.482354   0.5053684  0.526913   0.5661594  0.61236024
 0.6551257  0.868597   1.1292962 ]",48
8,9,9,0.9,0.7249962091445923,1.3099473714828491,"[0.48525137 0.5328766  0.57656753 0.59682876 0.6220854  0.653774
 0.7367219  1.0109128  1.3099474 ]",48
9,10,7,0.9,0.5675408840179443,0.9049475193023682,"[0.36128223 0.42856303 0.45997775 0.48516423 0.5921348  0.7407166
 0.9049475 ]",48
10,11,7,0.9,0.69600909948349,1.4405206441879272,"[0.43333504 0.45255843 0.4624178  0.56192505 0.6883092  0.83299726
 1.4405206 ]",48
0,1,6,0.9,0.4490230977535248,0.6200997829437256,[0.3463031  0.38054842 0.4018488  0.45564577 0.48969266 0.6200998 ],49
1,2,7,0.9,0.6043604612350464,0.7384916543960571,"[0.5040659  0.5323828  0.5702632  0.5914148  0.60654783 0.6873567
 0.73849165]",49
2,3,7,0.9,0.57711261510849,0.7579758167266846,"[0.45796704 0.48749822 0.50612974 0.5148866  0.61873966 0.6965909
 0.7579758 ]",49
3,4,8,0.9,0.5762501955032349,1.3096264600753784,"[0.38629672 0.4146013  0.4395586  0.45474485 0.48716295 0.53444135
 0.5835693  1.3096265 ]",49
4,5,8,0.9,0.5860520005226135,1.209281325340271,"[0.40620795 0.4266255  0.46194074 0.4788196  0.5141703  0.57711625
 0.61425406 1.2092813 ]",49
5,6,8,0.9,0.6207837462425232,1.5300230979919434,"[0.4105725  0.4370507  0.45256075 0.46930683 0.4913998  0.57172173
 0.60363436 1.5300231 ]",49
6,7,9,0.9,0.5455979108810425,0.8664686679840088,"[0.4097221  0.4306078  0.44430923 0.448254   0.4543961  0.5339445
 0.58686405 0.7358152  0.86646867]",49
7,8,9,0.9,0.6246902346611023,1.131860375404358,"[0.43804327 0.4760473  0.50438786 0.52764916 0.5501594  0.6114549
 0.632132   0.7504773  1.1318604 ]",49
8,9,9,0.9,0.7219480276107788,1.3169618844985962,"[0.48754403 0.53408957 0.5609616  0.6030265  0.6099971  0.6548873
 0.74874717 0.9813169  1.3169619 ]",49
9,10,7,0.9,0.5709437727928162,0.921413779258728,"[0.36333793 0.4319948  0.46277055 0.4827351  0.59189767 0.74245673
 0.9214138 ]",49
10,11,7,0.9,0.6957078576087952,1.437591552734375,"[0.4383315  0.4491257  0.45924425 0.55963486 0.70430475 0.82172275
 1.4375916 ]",49
0,1,6,0.9,0.4477024972438812,0.6262766122817993,[0.34222227 0.37875077 0.40107316 0.4498437  0.48804855 0.6262766 ],50
1,2,7,0.9,0.6051961183547974,0.749814510345459,"[0.5031252  0.5351818  0.5749036  0.59108526 0.60710025 0.6751623
 0.7498145 ]",50
2,3,7,0.9,0.5754056572914124,0.762804388999939,"[0.45642763 0.48518226 0.5005506  0.5131413  0.61627185 0.6934613
 0.7628044 ]",50
3,4,8,0.9,0.5124300122261047,0.8037238121032715,"[0.3897844  0.41717076 0.43704042 0.4554008  0.4865592  0.5262087
 0.583552   0.8037238 ]",50
4,5,8,0.9,0.5900517106056213,1.2582756280899048,"[0.412496   0.42793998 0.45182273 0.478973   0.5169999  0.54939884
 0.6245077  1.2582756 ]",50
5,6,8,0.9,0.6207501888275146,1.5423853397369385,"[0.41354516 0.44248337 0.45309532 0.4679609  0.4843808  0.5604322
 0.60171825 1.5423853 ]",50
6,7,9,0.9,0.5558546781539917,0.9969183802604675,"[0.40767652 0.4230957  0.44099113 0.4482493  0.45611134 0.523664
 0.5802857  0.7257003  0.9969184 ]",50
7,8,9,0.9,0.650462806224823,1.1741256713867188,"[0.44356138 0.4730769  0.4994363  0.526347   0.55446124 0.62366754
 0.64893526 0.910554   1.1741257 ]",50
8,9,9,0.9,0.7608328461647034,1.53636634349823,"[0.48799402 0.5370971  0.56882167 0.60499376 0.62251246 0.68884885
 0.6979593  1.1029018  1.5363663 ]",50
9,10,8,0.9,0.5813908576965332,0.933599591255188,"[0.35903707 0.42132768 0.45362592 0.4722179  0.503714   0.69814014
 0.8094644  0.9335996 ]",50
10,11,7,0.9,0.685068666934967,1.4442654848098755,"[0.42621493 0.441837   0.45282674 0.5817218  0.61822647 0.8303883
 1.4442655 ]",50
0,1,6,0.9,0.4600066840648651,0.6380959153175354,[0.34524104 0.3861187  0.41254196 0.47475076 0.50329167 0.6380959 ],51
1,2,6,0.9,0.6155044436454773,0.7491925954818726,[0.5123812  0.5437527  0.58871007 0.6191168  0.6798731  0.7491926 ],51
2,3,7,0.9,0.581317126750946,0.7637843489646912,"[0.46753842 0.49299926 0.50320935 0.5162514  0.61787117 0.7075663
 0.76378435]",51
3,4,7,0.9,0.48108258843421936,0.5914496779441833,"[0.39559418 0.42470407 0.4424398  0.47421274 0.49945372 0.5397239
 0.5914497 ]",51
4,5,7,0.9,0.5667940378189087,1.0238877534866333,"[0.41743636 0.43432435 0.44783628 0.49317175 0.53683966 0.6140624
 1.0238878 ]",51
5,6,8,0.9,0.6154893636703491,1.5073051452636719,"[0.41126323 0.45300993 0.46197057 0.46708378 0.48075497 0.5472114
 0.5953161  1.5073051 ]",51
6,7,8,0.9,0.5329673886299133,0.8699181079864502,"[0.40657797 0.4311742  0.44798985 0.4552044  0.47286966 0.57746774
 0.6025374  0.8699181 ]",51
7,8,8,0.9,0.6166698932647705,1.0941338539123535,"[0.46023226 0.48381487 0.50054514 0.54252994 0.5708533  0.63116163
 0.650088   1.0941339 ]",51
8,9,9,0.9,0.7390272617340088,1.4491746425628662,"[0.4839568  0.53753424 0.55805224 0.59464985 0.63544315 0.646062
 0.69676036 1.0496122  1.4491746 ]",51
9,10,8,0.9,0.6024760007858276,1.0193172693252563,"[0.35810733 0.4280395  0.45937708 0.48043615 0.54629844 0.6686168
 0.85961545 1.0193173 ]",51
10,11,7,0.9,0.6797895431518555,1.4296753406524658,"[0.41537684 0.43521842 0.44420066 0.5615933  0.6259693  0.84649277
 1.4296753 ]",51
0,1,6,0.9,0.4569467306137085,0.6265618801116943,[0.35880494 0.38549986 0.40785116 0.4599211  0.5030416  0.6265619 ],52
1,2,6,0.9,0.609638512134552,0.7450596690177917,[0.5108058  0.5338726  0.5845535  0.6081774  0.67536175 0.74505967],52
2,3,7,0.9,0.5804941058158875,0.7608704566955566,"[0.45819268 0.49435806 0.51215255 0.5166818  0.6232553  0.6979481
 0.76087046]",52
3,4,7,0.9,0.4751257300376892,0.5864967107772827,"[0.38737172 0.42469987 0.44272175 0.46150818 0.48646843 0.53661364
 0.5864967 ]",52
4,5,7,0.9,0.5688092112541199,1.0593645572662354,"[0.4073255  0.43000826 0.45907614 0.48310462 0.53970206 0.6030834
 1.0593646 ]",52
5,6,8,0.9,0.5843061804771423,1.24838387966156,"[0.4072036  0.43939242 0.45095643 0.4681114  0.474459   0.57178295
 0.61415976 1.2483839 ]",52
6,7,9,0.9,0.5579699873924255,0.9329573512077332,"[0.41357556 0.42600307 0.4337635  0.45651162 0.46315345 0.5662345
 0.6005373  0.72899383 0.93295735]",52
7,8,9,0.9,0.6991451978683472,1.4274604320526123,"[0.44309044 0.46669617 0.5072483  0.53281033 0.54933023 0.6157532
 0.67657536 1.0733421  1.4274604 ]",52
8,9,8,0.9,0.7156543731689453,1.4162553548812866,"[0.5032601  0.5231225  0.5455867  0.5994188  0.6016315  0.7110899
 0.82486963 1.4162554 ]",52
9,10,7,0.9,0.5640313029289246,0.926461935043335,"[0.35680705 0.43328208 0.45881766 0.47695398 0.54540473 0.75049156
 0.92646194]",52
10,11,7,0.9,0.6782708764076233,1.4142718315124512,"[0.4118531  0.44899705 0.46329153 0.5526798  0.65000904 0.8067938
 1.4142718 ]",52
0,1,6,0.9,0.45588240027427673,0.6263508200645447,[0.3488455  0.3881709  0.4101999  0.461379   0.50034803 0.6263508 ],53
1,2,7,0.9,0.6024622917175293,0.7474144101142883,"[0.5019385  0.53354275 0.5691878  0.5845322  0.6041018  0.6765185
 0.7474144 ]",53
2,3,7,0.9,0.598675549030304,0.7720430493354797,"[0.46239495 0.48832545 0.5158762  0.5527008  0.6675475  0.73184085
 0.77204305]",53
3,4,8,0.9,0.5869395136833191,1.4016766548156738,"[0.37695387 0.41232306 0.44355914 0.4510255  0.48544788 0.53010464
 0.5944253  1.4016767 ]",53
4,5,8,0.9,0.6109818816184998,1.3569426536560059,"[0.4161211  0.4355881  0.4530636  0.48736334 0.52837354 0.58849514
 0.62190753 1.3569427 ]",53
5,6,8,0.9,0.5907630920410156,1.2267675399780273,"[0.41734844 0.4385931  0.45434463 0.47685555 0.49527737 0.5948705
 0.6220478  1.2267675 ]",53
6,7,9,0.9,0.6027947068214417,1.366021752357483,"[0.41492257 0.4240169  0.43899462 0.45631093 0.46900785 0.5587729
 0.6138762  0.6832288  1.3660218 ]",53
7,8,9,0.9,0.6686691045761108,1.2429890632629395,"[0.4372088  0.46924132 0.50320643 0.5280499  0.5538014  0.63656867
 0.70101035 0.94594634 1.2429891 ]",53
8,9,8,0.9,0.7283612489700317,1.5039206743240356,"[0.4903102  0.5166527  0.5632267  0.6054495  0.62260646 0.7210705
 0.8036534  1.5039207 ]",53
9,10,7,0.9,0.5681511163711548,0.890512228012085,"[0.36273453 0.42892477 0.46115118 0.48795116 0.6150615  0.73072237
 0.8905122 ]",53
10,11,7,0.9,0.6896159052848816,1.4397860765457153,"[0.41663703 0.44104013 0.46379462 0.5533273  0.68436784 0.8283584
 1.4397861 ]",53
0,1,6,0.9,0.4570563733577728,0.6313503980636597,[0.34542453 0.38625196 0.4121758  0.46972337 0.4974123  0.6313504 ],54
1,2,6,0.9,0.6091622114181519,0.7485604882240295,[0.5090915  0.5377672  0.581436   0.606374   0.67174417 0.7485605 ],54
2,3,7,0.9,0.5785576105117798,0.7621917724609375,"[0.4594338  0.4968202  0.50186914 0.52163684 0.6125889  0.6953626
 0.7621918 ]",54
3,4,7,0.9,0.47661203145980835,0.5822224617004395,"[0.39169613 0.424505   0.4447769  0.4731176  0.48918805 0.5307783
 0.58222246]",54
4,5,7,0.9,0.5532802939414978,0.9579334259033203,"[0.41279387 0.43128213 0.44671324 0.48566014 0.532556   0.60602295
 0.9579334 ]",54
5,6,8,0.9,0.6125574707984924,1.4593614339828491,"[0.41440964 0.4475189  0.45753357 0.46657217 0.48096812 0.5593496
 0.6147461  1.4593614 ]",54
6,7,9,0.9,0.5459730625152588,0.8882523775100708,"[0.3999867  0.41777837 0.44280565 0.44776717 0.45740712 0.5451338
 0.584043   0.7305831  0.8882524 ]",54
7,8,9,0.9,0.6562738418579102,1.1283131837844849,"[0.4630587  0.48150998 0.4953836  0.53303355 0.56188476 0.6277545
 0.6450205  0.97050565 1.1283132 ]",54
8,9,8,0.9,0.7012854814529419,1.110782265663147,"[0.5072279  0.52016515 0.55601156 0.60487145 0.6387794  0.73594904
 0.9364973  1.1107823 ]",54
9,10,8,0.9,0.613416850566864,1.1627455949783325,"[0.35473096 0.4114269  0.45375037 0.48189968 0.51909924 0.6154176
 0.9082642  1.1627456 ]",54
10,11,7,0.9,0.6742405891418457,1.3994140625,"[0.40089005 0.4362579  0.4493269  0.5456271  0.6549558  0.8332123
 1.3994141 ]",54
0,1,6,0.9,0.4556741714477539,0.6235984563827515,[0.35630843 0.3816524  0.40897003 0.46175334 0.5017622  0.62359846],55
1,2,7,0.9,0.611494243144989,0.7406395673751831,"[0.50689733 0.5406252  0.58335173 0.5984857  0.61181736 0.69864285
 0.74063957]",55
2,3,7,0.9,0.594929039478302,0.7799611687660217,"[0.46980685 0.49251705 0.5153449  0.5307121  0.65167266 0.72448826
 0.77996117]",55
3,4,7,0.9,0.4880800247192383,0.5911469459533691,"[0.38971364 0.4264402  0.45957142 0.48322383 0.4977472  0.5687168
 0.59114695]",55
4,5,7,0.9,0.5732871294021606,1.0506893396377563,"[0.41658416 0.42817503 0.46119124 0.49823686 0.5484874  0.609646
 1.0506893 ]",55
5,6,8,0.9,0.5819804668426514,1.1722698211669922,"[0.41543075 0.43774486 0.45767456 0.47454834 0.4893926  0.575961
 0.63282186 1.1722698 ]",55
6,7,8,0.9,0.5258865356445312,0.7542574405670166,"[0.42243585 0.4322736  0.44338328 0.46137592 0.48202723 0.56957966
 0.64175963 0.75425744]",55
7,8,8,0.9,0.6099996566772461,1.0549354553222656,"[0.44594094 0.47770506 0.5114603  0.53309774 0.55913395 0.6196468
 0.6780771  1.0549355 ]",55
8,9,8,0.9,0.73374342918396,1.4418814182281494,"[0.48770306 0.5370266  0.58463657 0.5953193  0.63068247 0.70262516
 0.8900729  1.4418814 ]",55
9,10,6,0.9,0.5669909715652466,0.8393424153327942,[0.37060565 0.46234766 0.4868722  0.5130989  0.7296792  0.8393424 ],55
10,11,6,0.9,0.7612485885620117,1.3796641826629639,[0.44054767 0.4662208  0.553511   0.72110456 1.0064429  1.3796642 ],55
0,1,6,0.9,0.4518105089664459,0.6287731528282166,[0.3444319  0.3850699  0.4087273  0.45481542 0.48904547 0.62877315],56
1,2,7,0.9,0.6013866066932678,0.7463769912719727,"[0.50009847 0.5321492  0.56982034 0.5810565  0.6046448  0.6755601
 0.746377  ]",56
2,3,7,0.9,0.5777788758277893,0.7513743042945862,"[0.45957384 0.48813766 0.514176   0.5151387  0.6235166  0.6925352
 0.7513743 ]",56
3,4,8,0.9,0.5725631713867188,1.2882506847381592,"[0.38108373 0.40917218 0.43837702 0.45721895 0.48635074 0.5297321
 0.59031975 1.2882507 ]",56
4,5,8,0.9,0.5854114294052124,1.19297194480896,"[0.41477156 0.42783856 0.45147106 0.480366   0.5286668  0.5641923
 0.62301356 1.192972  ]",56
5,6,8,0.9,0.6270195245742798,1.5593746900558472,"[0.4189717  0.43888873 0.45219788 0.46397167 0.49545917 0.5725513
 0.6147408  1.5593747 ]",56
6,7,9,0.9,0.5457572340965271,0.8468536138534546,"[0.4120462  0.41654912 0.4423855  0.4492111  0.46409526 0.54731464
 0.59744036 0.73591936 0.8468536 ]",56
7,8,9,0.9,0.654273271560669,1.1670382022857666,"[0.4431113  0.48575106 0.5158984  0.53636295 0.5823965  0.62594426
 0.67918956 0.85276765 1.1670382 ]",56
8,9,9,0.9,0.7334121465682983,1.3007936477661133,"[0.48483604 0.53112954 0.56301534 0.60246235 0.6362391  0.6454781
 0.73796964 1.0987855  1.3007936 ]",56
9,10,8,0.9,0.5742794871330261,0.9371330142021179,"[0.3662936  0.41019765 0.4593678  0.4837713  0.5118371  0.6327175
 0.7929179  0.937133  ]",56
10,11,7,0.9,0.6901532411575317,1.4386106729507446,"[0.4213379  0.44362915 0.46095064 0.56057703 0.67858213 0.8273852
 1.4386107 ]",56
0,1,6,0.9,0.4614545404911041,0.6357216835021973,[0.35295334 0.38728476 0.422797   0.46886685 0.50110376 0.6357217 ],57
1,2,6,0.9,0.6087443828582764,0.7410405874252319,[0.5054493  0.5381713  0.58195823 0.61269885 0.6731481  0.7410406 ],57
2,3,7,0.9,0.5771417617797852,0.7535475492477417,"[0.46530995 0.4901984  0.50464976 0.5153997  0.61330324 0.69758385
 0.75354755]",57
3,4,7,0.9,0.473562091588974,0.591509222984314,"[0.38362476 0.413022   0.4349937  0.46892107 0.4855507  0.53731316
 0.5915092 ]",57
4,5,7,0.9,0.536553680896759,0.8240827918052673,"[0.416229   0.42779344 0.44421425 0.4852694  0.5421409  0.61614555
 0.8240828 ]",57
5,6,8,0.9,0.6049105525016785,1.4524941444396973,"[0.4122856  0.44660574 0.4552727  0.45826072 0.4775947  0.5486575
 0.5881133  1.4524941 ]",57
6,7,9,0.9,0.5142423510551453,0.7360005378723145,"[0.40376025 0.41996893 0.42716    0.456082   0.46811932 0.51622736
 0.5742528  0.62660974 0.73600054]",57
7,8,9,0.9,0.6201859712600708,1.1544580459594727,"[0.45231614 0.48951876 0.49502322 0.5316461  0.5717054  0.58297765
 0.6421576  0.661871   1.154458  ]",57
8,9,9,0.9,0.7341418862342834,1.432524561882019,"[0.47933075 0.5325547  0.5474728  0.58591616 0.6071283  0.660579
 0.72339284 1.038378   1.4325246 ]",57
9,10,9,0.9,0.5983914732933044,1.1252487897872925,"[0.36020166 0.41069853 0.45402429 0.4696055  0.50885874 0.56891924
 0.5955758  0.8923906  1.1252488 ]",57
10,11,7,0.9,0.6727871298789978,1.414099931716919,"[0.39935684 0.4427678  0.4538779  0.5597318  0.61348075 0.826195
 1.4140999 ]",57
0,1,6,0.9,0.4637059271335602,0.6233506798744202,[0.36632374 0.39751482 0.41170672 0.47126263 0.51207715 0.6233507 ],58
1,2,6,0.9,0.612494170665741,0.740943968296051,[0.51195794 0.53880167 0.5896063  0.60699344 0.68666166 0.74094397],58
2,3,7,0.9,0.5854429602622986,0.7730735540390015,"[0.45804888 0.48814985 0.51567763 0.5267597  0.6292784  0.7071127
 0.77307355]",58
3,4,7,0.9,0.47902318835258484,0.5959362387657166,"[0.3878678  0.42526585 0.44784716 0.46772563 0.48694977 0.5415697
 0.59593624]",58
4,5,7,0.9,0.5601991415023804,0.9525194764137268,"[0.41318518 0.43902966 0.47732478 0.5012942  0.5359036  0.602137
 0.9525195 ]",58
5,6,7,0.9,0.5422621369361877,0.8638267517089844,"[0.4257441  0.441895   0.46713462 0.48299298 0.51011586 0.6041258
 0.86382675]",58
6,7,7,0.9,0.5571021437644958,0.8659117221832275,"[0.43345055 0.44158745 0.4568656  0.5217542  0.5518249  0.6283205
 0.8659117 ]",58
7,8,7,0.9,0.6036316752433777,0.8647031188011169,"[0.44689354 0.4752602  0.53498274 0.5737429  0.61651397 0.7133257
 0.8647031 ]",58
8,9,7,0.9,0.6760661005973816,1.05227792263031,"[0.50750905 0.5240609  0.56844056 0.6086491  0.6796317  0.7918937
 1.0522779 ]",58
9,10,6,0.9,0.5618184208869934,0.8721539974212646,[0.36056894 0.45740578 0.47607398 0.49324992 0.7114577  0.872154  ],58
10,11,6,0.9,0.7491295337677002,1.3858522176742554,[0.4479838  0.48019826 0.4993498  0.6979338  0.98345953 1.3858522 ],58
0,1,6,0.9,0.4487037658691406,0.6157439947128296,[0.3519289  0.38196546 0.40578794 0.4497151  0.48708108 0.615744  ],59
1,2,6,0.9,0.6073251366615295,0.7354340553283691,[0.5056399  0.5365422  0.5828046  0.60569334 0.6778367  0.73543406],59
2,3,7,0.9,0.5779101252555847,0.761800229549408,"[0.45843196 0.48940706 0.5062776  0.5212456  0.6165415  0.6916671
 0.7618002 ]",59
3,4,7,0.9,0.47603514790534973,0.5838740468025208,"[0.39125997 0.42300844 0.43694338 0.47273248 0.49064502 0.53378284
 0.58387405]",59
4,5,7,0.9,0.5326696038246155,0.8075606822967529,"[0.41323403 0.42456952 0.4670564  0.48340774 0.5306839  0.6021748
 0.8075607 ]",59
5,6,8,0.9,0.6115343570709229,1.40575110912323,"[0.41929492 0.43531016 0.45265478 0.46639577 0.48960128 0.5656037
 0.6576632  1.4057511 ]",59
6,7,8,0.9,0.5260925889015198,0.7573390603065491,"[0.42308047 0.43612078 0.43919903 0.45774794 0.46329084 0.5832351
 0.6487273  0.75733906]",59
7,8,8,0.9,0.6640129089355469,1.2774862051010132,"[0.4493925  0.50066763 0.534172   0.54024804 0.5636925  0.6375162
 0.80892855 1.2774862 ]",59
8,9,8,0.9,0.7461276650428772,1.4266215562820435,"[0.49162042 0.53807545 0.58549833 0.62450385 0.63978374 0.7637139
 0.89920425 1.4266216 ]",59
9,10,7,0.9,0.5652928948402405,0.8833169937133789,"[0.3617849  0.428631   0.4588147  0.48220325 0.59620506 0.7460943
 0.883317  ]",59
10,11,6,0.9,0.7355471253395081,1.3717854022979736,[0.43950745 0.47023115 0.5376886  0.71493775 0.87913257 1.3717854 ],59
0,1,6,0.9,0.44866132736206055,0.627856969833374,[0.3409618  0.37851632 0.40620342 0.4533631  0.48506644 0.62785697],60
1,2,7,0.9,0.6008492112159729,0.743841826915741,"[0.5018874  0.5317682  0.5684476  0.58323896 0.606049   0.67071146
 0.7438418 ]",60
2,3,7,0.9,0.5796261429786682,0.7513149380683899,"[0.46392676 0.48747724 0.50947416 0.5173389  0.6317995  0.6960513
 0.75131494]",60
3,4,8,0.9,0.5932224988937378,1.4678953886032104,"[0.38022012 0.40549096 0.43608916 0.44992825 0.48879927 0.5258116
 0.5915449  1.4678954 ]",60
4,5,8,0.9,0.5980461835861206,1.2927882671356201,"[0.41267854 0.43370366 0.4488402  0.47570902 0.52982646 0.5599587
 0.6308645  1.2927883 ]",60
5,6,8,0.9,0.6162964105606079,1.5188822746276855,"[0.41102922 0.44549617 0.45253387 0.46031907 0.48612243 0.5612852
 0.59470296 1.5188823 ]",60
6,7,9,0.9,0.5348929762840271,0.7957751154899597,"[0.4010915  0.4137707  0.43802035 0.4576515  0.4644452  0.54077727
 0.6028721  0.6996333  0.7957751 ]",60
7,8,9,0.9,0.6276419758796692,1.112598180770874,"[0.43693605 0.49365953 0.49473232 0.5257159  0.5574225  0.6127654
 0.64841294 0.7665347  1.1125982 ]",60
8,9,9,0.9,0.7262370586395264,1.380479335784912,"[0.47598332 0.5395363  0.58188134 0.59706235 0.61573803 0.6583412
 0.7058954  0.98121655 1.3804793 ]",60
9,10,8,0.9,0.6277387738227844,1.1383168697357178,"[0.37390023 0.434949   0.45991546 0.47789937 0.53010714 0.74248964
 0.86433244 1.1383169 ]",60
10,11,7,0.9,0.6830154657363892,1.4387224912643433,"[0.43317828 0.45056814 0.45776182 0.57590944 0.6062459  0.81872225
 1.4387225 ]",60
0,1,6,0.9,0.4499967098236084,0.6264107823371887,[0.34457257 0.381403   0.40937692 0.45516548 0.48305163 0.6264108 ],61
1,2,6,0.9,0.6052985191345215,0.7375417947769165,[0.5030508  0.5354064  0.57868284 0.60536486 0.6717443  0.7375418 ],61
2,3,7,0.9,0.5741198658943176,0.751983642578125,"[0.46020514 0.48626402 0.501763   0.5180129  0.61045027 0.6901599
 0.75198364]",61
3,4,7,0.9,0.4748494029045105,0.5829140543937683,"[0.38996363 0.4156351  0.4372782  0.47460392 0.49119386 0.5323571
 0.58291405]",61
4,5,7,0.9,0.5272573828697205,0.7744678854942322,"[0.4137363  0.42279714 0.4553844  0.48124865 0.53551286 0.6076544
 0.7744679 ]",61
5,6,8,0.9,0.6168723702430725,1.4962329864501953,"[0.41616517 0.44422784 0.4541425  0.4602513  0.48545924 0.558994
 0.61950564 1.496233  ]",61
6,7,9,0.9,0.5386673212051392,0.8481391668319702,"[0.4069159  0.4127998  0.44259122 0.4454447  0.46207565 0.50848484
 0.60267687 0.7188776  0.84813917]",61
7,8,9,0.9,0.6434443593025208,1.1366798877716064,"[0.45750362 0.48857227 0.5105965  0.53166217 0.58461493 0.6127917
 0.6415909  0.8269873  1.1366799 ]",61
8,9,9,0.9,0.7351662516593933,1.4119312763214111,"[0.48058766 0.5332477  0.5640659  0.58179134 0.6159335  0.6731628
 0.7403904  1.0153856  1.4119313 ]",61
9,10,8,0.9,0.6190085411071777,1.158715844154358,"[0.36070037 0.42386475 0.4519696  0.4740719  0.5845802  0.67962945
 0.81853646 1.1587158 ]",61
10,11,7,0.9,0.6902243494987488,1.42466402053833,"[0.41849425 0.45224097 0.45999923 0.57062966 0.6762575  0.8292852
 1.424664  ]",61
0,1,6,0.9,0.4528474509716034,0.6343352794647217,[0.34154812 0.38279805 0.40632257 0.46083134 0.4912492  0.6343353 ],62
1,2,6,0.9,0.6088189482688904,0.7517055869102478,[0.5085525  0.5358794  0.581382   0.6094659  0.66592836 0.7517056 ],62
2,3,7,0.9,0.5756639242172241,0.7583909630775452,"[0.45917055 0.49285766 0.49858162 0.5154552  0.6120427  0.6931487
 0.75839096]",62
3,4,7,0.9,0.4765791594982147,0.5930822491645813,"[0.3926532  0.41949108 0.44141516 0.46654436 0.4961519  0.5267163
 0.59308225]",62
4,5,7,0.9,0.5533175468444824,0.9355166554450989,"[0.4154563  0.43581632 0.45308143 0.48104993 0.536435   0.6158673
 0.93551666]",62
5,6,8,0.9,0.6014056205749512,1.4003373384475708,"[0.40978166 0.44439632 0.4591021  0.46288922 0.48107788 0.553836
 0.5998244  1.4003373 ]",62
6,7,9,0.9,0.5881770253181458,1.347875952720642,"[0.39977697 0.42289212 0.4450187  0.45135823 0.45825034 0.5388371
 0.5929538  0.63662994 1.347876  ]",62
7,8,9,0.9,0.6414768695831299,1.233549952507019,"[0.45385233 0.4762308  0.5012761  0.51678216 0.5438036  0.6182034
 0.6400387  0.7895548  1.23355   ]",62
8,9,9,0.9,0.7353059649467468,1.4574187994003296,"[0.47931215 0.527668   0.54603404 0.6044009  0.6211119  0.6815491
 0.7202493  0.980009   1.4574188 ]",62
9,10,8,0.9,0.6759703159332275,1.5386327505111694,"[0.36365694 0.42572996 0.45466247 0.4792166  0.52334744 0.67327094
 0.9492456  1.5386328 ]",62
10,11,7,0.9,0.6752155423164368,1.4167314767837524,"[0.41960448 0.43815777 0.45675588 0.53878677 0.62878734 0.8276848
 1.4167315 ]",62
0,1,6,0.9,0.4618202745914459,0.6302481293678284,[0.35620502 0.38825482 0.42054933 0.4702555  0.50540876 0.6302481 ],63
1,2,6,0.9,0.6110454797744751,0.7453789710998535,[0.5091271  0.5398606  0.5855663  0.60996807 0.6763719  0.745379  ],63
2,3,7,0.9,0.5817826390266418,0.7641521692276001,"[0.46183988 0.49690464 0.5113664  0.52152383 0.616352   0.70033956
 0.76415217]",63
3,4,7,0.9,0.47657015919685364,0.5835872292518616,"[0.3885548  0.42384896 0.44092506 0.4739925  0.48755866 0.537524
 0.5835872 ]",63
4,5,7,0.9,0.568670392036438,1.063043475151062,"[0.4160186  0.42814216 0.4448097  0.48594406 0.5363452  0.6063895
 1.0630435 ]",63
5,6,8,0.9,0.6057679653167725,1.4205275774002075,"[0.41200465 0.44703862 0.45465216 0.46327978 0.47584867 0.5609149
 0.6118774  1.4205276 ]",63
6,7,9,0.9,0.5362366437911987,0.8265316486358643,"[0.4042103  0.4161339  0.42996535 0.45392358 0.46911556 0.55343604
 0.57025194 0.70256174 0.82653165]",63
7,8,9,0.9,0.6844900250434875,1.3032422065734863,"[0.45254737 0.47555804 0.4957844  0.5335913  0.57514995 0.6089405
 0.63936865 1.0762278  1.3032422 ]",63
8,9,8,0.9,0.7148982286453247,1.16226327419281,"[0.5047244  0.5208047  0.5509545  0.6030366  0.61778253 0.7218537
 1.0377663  1.1622633 ]",63
9,10,8,0.9,0.5912139415740967,1.03202486038208,"[0.35623837 0.42184624 0.45473236 0.47796842 0.5184473  0.58400035
 0.8844535  1.0320249 ]",63
10,11,7,0.9,0.6749154925346375,1.420278787612915,"[0.3996123  0.44258052 0.45219105 0.5538793  0.62452096 0.8313455
 1.4202788 ]",63
0,1,6,0.9,0.44749560952186584,0.6195588111877441,[0.34284234 0.37690982 0.40320492 0.4540618  0.48839584 0.6195588 ],64
1,2,7,0.9,0.6034082770347595,0.7427323460578918,"[0.50278133 0.53398687 0.57111895 0.5890132  0.607134   0.6770913
 0.74273235]",64
2,3,7,0.9,0.581060528755188,0.7634737491607666,"[0.46006635 0.48818862 0.5130373  0.51509017 0.62989753 0.69767034
 0.76347375]",64
3,4,8,0.9,0.5973841547966003,1.4860044717788696,"[0.38466728 0.4146328  0.4386725  0.45554578 0.48687524 0.52799356
 0.5846817  1.4860045 ]",64
4,5,8,0.9,0.601127028465271,1.3145475387573242,"[0.41177806 0.42997795 0.45275125 0.47965595 0.5187277  0.5801697
 0.6214081  1.3145475 ]",64
5,6,8,0.9,0.599312424659729,1.3433606624603271,"[0.41160944 0.44236612 0.45257518 0.4674195  0.48545414 0.5713873
 0.62032735 1.3433607 ]",64
6,7,9,0.9,0.5390442609786987,0.8591044545173645,"[0.40555474 0.41934282 0.44017196 0.4514592  0.45852715 0.5310747
 0.57626766 0.70989573 0.85910445]",64
7,8,9,0.9,0.6168268918991089,1.0762280225753784,"[0.44118154 0.47095102 0.49317276 0.52221805 0.55227727 0.6177223
 0.62042916 0.75726175 1.076228  ]",64
8,9,9,0.9,0.7542973160743713,1.5379528999328613,"[0.48797673 0.5380338  0.57096493 0.6078135  0.6188578  0.6612373
 0.70373863 1.0621003  1.5379529 ]",64
9,10,7,0.9,0.5728346705436707,0.9187697172164917,"[0.3635678  0.43630248 0.4602905  0.48125497 0.5993265  0.75033104
 0.9187697 ]",64
10,11,7,0.9,0.6870278120040894,1.442896842956543,"[0.42603496 0.45464307 0.45852837 0.5684677  0.6302503  0.8283736
 1.4428968 ]",64
0,1,6,0.9,0.44669079780578613,0.6135106086730957,[0.35187545 0.38111016 0.40198258 0.4452813  0.4863848  0.6135106 ],65
1,2,6,0.9,0.606283962726593,0.738034725189209,[0.5066564  0.53394336 0.5808418  0.60518414 0.6730433  0.7380347 ],65
2,3,7,0.9,0.5779487490653992,0.7635701894760132,"[0.45590088 0.48626417 0.5080319  0.51951826 0.62157536 0.6907807
 0.7635702 ]",65
3,4,7,0.9,0.4749779999256134,0.5861011147499084,"[0.39030108 0.42402354 0.43730325 0.46795812 0.48777926 0.5313797
 0.5861011 ]",65
4,5,7,0.9,0.5338102579116821,0.813462495803833,"[0.4106488  0.42727205 0.47109076 0.4818903  0.5281756  0.6041319
 0.8134625 ]",65
5,6,8,0.9,0.6308861374855042,1.5288217067718506,"[0.4199926 0.4359856 0.4495652 0.465994  0.4899967 0.5660935 0.6906396
 1.5288217]",65
6,7,8,0.9,0.5230355262756348,0.7721331715583801,"[0.42102692 0.43065876 0.442059   0.45501646 0.45933864 0.5840475
 0.62000394 0.7721332 ]",65
7,8,8,0.9,0.6872315406799316,1.4431594610214233,"[0.44469488 0.49773    0.5334312  0.5452498  0.5689155  0.6316312
 0.8330405  1.4431595 ]",65
8,9,8,0.9,0.698858380317688,1.143876314163208,"[0.48949012 0.53966916 0.58550733 0.61541957 0.6513229  0.73678994
 0.8287913  1.1438763 ]",65
9,10,6,0.9,0.5643976330757141,0.8910494446754456,[0.3647976  0.45539105 0.4681089  0.48247245 0.72456634 0.89104944],65
10,11,6,0.9,0.7316589951515198,1.3681050539016724,[0.4390688  0.47249785 0.53958595 0.7069681  0.8637285  1.368105  ],65
0,1,6,0.9,0.4510619640350342,0.6219998002052307,[0.34972212 0.37863678 0.41110322 0.45382434 0.4910854  0.6219998 ],66
1,2,7,0.9,0.602641224861145,0.7433202862739563,"[0.5013805  0.5335466  0.5735988  0.5865828  0.6069687  0.67309093
 0.7433203 ]",66
2,3,7,0.9,0.5859383344650269,0.7602138519287109,"[0.46290565 0.48894483 0.5123537  0.5285636  0.644901   0.7036856
 0.76021385]",66
3,4,8,0.9,0.5890576839447021,1.4360255002975464,"[0.3792452  0.41100177 0.43365785 0.4536231  0.48453054 0.52735066
 0.5870266  1.4360255 ]",66
4,5,8,0.9,0.6018782258033752,1.3232909440994263,"[0.41274008 0.430383   0.448745   0.4779     0.5270076  0.5683856
 0.62657344 1.323291  ]",66
5,6,8,0.9,0.5937732458114624,1.3279672861099243,"[0.4138684  0.44372773 0.45479533 0.46335554 0.4815329  0.5676376
 0.59730095 1.3279673 ]",66
6,7,9,0.9,0.5356407165527344,0.836382269859314,"[0.41100565 0.41505072 0.44038942 0.4509879  0.45533535 0.53398746
 0.60399973 0.673628   0.83638227]",66
7,8,9,0.9,0.6169759035110474,1.1103488206863403,"[0.4376876  0.48304906 0.49482757 0.5262664  0.56979877 0.60681504
 0.6186394  0.7053504  1.1103488 ]",66
8,9,9,0.9,0.7479230761528015,1.528039813041687,"[0.48090255 0.5445629  0.57804793 0.601684   0.609634   0.6570893
 0.7015464  1.0298008  1.5280398 ]",66
9,10,7,0.9,0.5734416246414185,0.9049623608589172,"[0.3661448  0.437698   0.459184   0.48015815 0.6127442  0.7532001
 0.90496236]",66
10,11,7,0.9,0.6836528778076172,1.4349740743637085,"[0.4114862  0.45644495 0.4633314  0.56567776 0.63283265 0.82082313
 1.4349741 ]",66
0,1,6,0.9,0.4546510875225067,0.6302283406257629,[0.34698626 0.38111177 0.41310918 0.46211362 0.49435732 0.63022834],67
1,2,6,0.9,0.6062855124473572,0.7380216121673584,[0.50532    0.5346332  0.57995886 0.61065185 0.66912717 0.7380216 ],67
2,3,7,0.9,0.5796093344688416,0.7524729371070862,"[0.4658966  0.49118438 0.50837106 0.5148798  0.6263811  0.69807935
 0.75247294]",67
3,4,8,0.9,0.58846116065979,1.4356309175491333,"[0.38118452 0.40716508 0.43510798 0.45337778 0.48472604 0.52661574
 0.5838812  1.4356309 ]",67
4,5,8,0.9,0.5952150821685791,1.3166099786758423,"[0.40945163 0.4282498  0.4403328  0.47318012 0.5281691  0.54280984
 0.62291735 1.31661   ]",67
5,6,8,0.9,0.6017931699752808,1.4425987005233765,"[0.40671238 0.4479827  0.45281    0.45824498 0.4751186  0.548312
 0.5825658  1.4425987 ]",67
6,7,9,0.9,0.5134589672088623,0.7131292223930359,"[0.40149555 0.4129669  0.43775076 0.45174    0.4574607  0.5380052
 0.57364905 0.6349335  0.7131292 ]",67
7,8,9,0.9,0.624862790107727,1.1268723011016846,"[0.4436679  0.4848391  0.4890687  0.5271394  0.5716912  0.60977477
 0.6452659  0.7254454  1.1268723 ]",67
8,9,9,0.9,0.7701966166496277,1.4871519804000854,"[0.48495764 0.54240847 0.5589051  0.6024372  0.6150105  0.7049296
 0.79230064 1.1436682  1.487152  ]",67
9,10,9,0.9,0.658193051815033,1.387205958366394,"[0.3647976  0.42130116 0.45357004 0.47105992 0.47595406 0.6099032
 0.78223115 0.9577143  1.387206  ]",67
10,11,7,0.9,0.6736447215080261,1.419706106185913,"[0.42575982 0.44162732 0.45634162 0.566689   0.5888643  0.81652474
 1.4197061 ]",67
0,1,6,0.9,0.467449814081192,0.6347333192825317,[0.36058652 0.3943461  0.41837323 0.47744387 0.519216   0.6347333 ],68
1,2,6,0.9,0.612228512763977,0.746500551700592,[0.51368666 0.53720915 0.58798385 0.61029273 0.6776981  0.74650055],68
2,3,7,0.9,0.6401565670967102,0.9806722402572632,"[0.47307023 0.49610245 0.5160619  0.56650037 0.6822376  0.766451
 0.98067224]",68
3,4,7,0.9,0.5207872986793518,0.7998381853103638,"[0.38201007 0.42600885 0.44937712 0.48013106 0.5178836  0.59026223
 0.7998382 ]",68
4,5,7,0.9,0.6155595779418945,1.3535106182098389,"[0.41449636 0.4365855  0.44898084 0.4934581  0.5502188  0.6116668
 1.3535106 ]",68
5,6,8,0.9,0.5677897334098816,1.1098096370697021,"[0.40387583 0.44024077 0.46341807 0.469586   0.47152305 0.5813163
 0.60254836 1.1098096 ]",68
6,7,8,0.9,0.5345509052276611,0.8322286009788513,"[0.406244   0.42927548 0.44157976 0.46426207 0.49933347 0.5571098
 0.6463739  0.8322286 ]",68
7,8,8,0.9,0.6085138916969299,1.0746514797210693,"[0.4397727  0.4594076  0.49418896 0.5466965  0.55972415 0.63051087
 0.66315883 1.0746515 ]",68
8,9,8,0.9,0.7170132398605347,1.4161320924758911,"[0.48791188 0.51559687 0.5476595  0.5978131  0.63546556 0.69350094
 0.84202594 1.4161321 ]",68
9,10,7,0.9,0.5629972219467163,0.9447523355484009,"[0.362821   0.4374219  0.45566893 0.4791551  0.53552276 0.7256386
 0.94475234]",68
10,11,7,0.9,0.6721429228782654,1.4229131937026978,"[0.41168347 0.43175143 0.45730075 0.5531397  0.6091795  0.81903225
 1.4229132 ]",68
0,1,6,0.9,0.4475736916065216,0.6139605045318604,[0.352517   0.37771872 0.4032631  0.44858465 0.48939833 0.6139605 ],69
1,2,7,0.9,0.60415118932724,0.7401105165481567,"[0.5033384  0.5316723  0.57429284 0.5936542  0.6063251  0.67966515
 0.7401105 ]",69
2,3,7,0.9,0.5816899538040161,0.7651593685150146,"[0.45977536 0.48659527 0.5132854  0.5177621  0.6346182  0.6946342
 0.76515937]",69
3,4,7,0.9,0.4749237895011902,0.5878567099571228,"[0.38458088 0.42337856 0.44143873 0.46595022 0.48600212 0.53525907
 0.5878567 ]",69
4,5,7,0.9,0.5429695248603821,0.8635363578796387,"[0.4099936  0.4292444  0.46936244 0.48592797 0.5326431  0.6100789
 0.86353636]",69
5,6,8,0.9,0.5878723859786987,1.2472379207611084,"[0.41345215 0.43868053 0.45151013 0.46585774 0.4853471  0.5679956
 0.6328984  1.2472379 ]",69
6,7,8,0.9,0.5115134716033936,0.7086975574493408,"[0.41914776 0.42717984 0.44396663 0.45050916 0.45905945 0.5646496
 0.6188977  0.70869756]",69
7,8,8,0.9,0.6297153234481812,1.1466816663742065,"[0.43806124 0.48111638 0.52480096 0.5309815  0.55512184 0.62041765
 0.7405415  1.1466817 ]",69
8,9,8,0.9,0.7311891317367554,1.3478600978851318,"[0.49253052 0.5472213  0.5900261  0.60551167 0.6238436  0.73565066
 0.9068694  1.3478601 ]",69
9,10,7,0.9,0.5740230679512024,0.8970425724983215,"[0.36574537 0.4319505  0.46087277 0.4783723  0.6248794  0.759298
 0.8970426 ]",69
10,11,6,0.9,0.7388879656791687,1.36813485622406,[0.43762052 0.47379515 0.5489988  0.706238   0.8985404  1.3681349 ],69
0,1,6,0.9,0.45550787448883057,0.625501811504364,[0.35287797 0.3809361  0.41372266 0.46089154 0.49911723 0.6255018 ],70
1,2,7,0.9,0.6062473058700562,0.743951141834259,"[0.5055717  0.53676045 0.5770882  0.59122485 0.6101858  0.6789485
 0.74395114]",70
2,3,7,0.9,0.5978604555130005,0.7665218710899353,"[0.466468   0.49238732 0.51369673 0.54251254 0.6599983  0.7434383
 0.7665219 ]",70
3,4,8,0.9,0.5916479825973511,1.4394721984863281,"[0.38220638 0.41344118 0.4361799  0.45617157 0.48782846 0.52989185
 0.58799213 1.4394722 ]",70
4,5,8,0.9,0.614019513130188,1.4291912317276,"[0.41689825 0.42911533 0.44457874 0.4775353  0.524016   0.56665593
 0.6241654  1.4291912 ]",70
5,6,8,0.9,0.5928765535354614,1.3203210830688477,"[0.40974605 0.4459184  0.4553195  0.46737573 0.47448194 0.5641341
 0.60571575 1.3203211 ]",70
6,7,9,0.9,0.5464232563972473,0.9441673159599304,"[0.40751788 0.41411585 0.43869272 0.45250118 0.45937344 0.55506086
 0.6057988  0.64058185 0.9441673 ]",70
7,8,9,0.9,0.6140844225883484,1.1074587106704712,"[0.43764204 0.46615288 0.4943435  0.5271065  0.55708754 0.58408034
 0.6392539  0.71363443 1.1074587 ]",70
8,9,9,0.9,0.744373083114624,1.3615188598632812,"[0.48760092 0.53042376 0.54516983 0.5793696  0.6182541  0.6742844
 0.69116217 1.2115746  1.3615189 ]",70
9,10,7,0.9,0.5730074644088745,0.9351293444633484,"[0.36601442 0.44665185 0.46241474 0.47738045 0.5757028  0.74775887
 0.93512934]",70
10,11,7,0.9,0.6793094277381897,1.4398479461669922,"[0.4187041  0.45151916 0.45732749 0.56635463 0.5903715  0.83104116
 1.439848  ]",70
0,1,6,0.9,0.4591052234172821,0.6261096000671387,[0.3566922  0.38928607 0.41474685 0.46301523 0.5047813  0.6261096 ],71
1,2,6,0.9,0.6094178557395935,0.7468993663787842,[0.5081436  0.5373914  0.58316815 0.6052116  0.6756928  0.74689937],71
2,3,7,0.9,0.5805583000183105,0.7667189240455627,"[0.45677614 0.49287894 0.5106447  0.5226772  0.6180158  0.69619656
 0.7667189 ]",71
3,4,7,0.9,0.47534042596817017,0.5852261781692505,"[0.38743356 0.4233861  0.44419193 0.47234774 0.4821913  0.5326062
 0.5852262 ]",71
4,5,7,0.9,0.5529449582099915,0.949779748916626,"[0.4128546  0.4291294  0.4516705  0.49013487 0.5330461  0.60399973
 0.94977975]",71
5,6,8,0.9,0.5863621234893799,1.2133418321609497,"[0.42239398 0.44261432 0.45284882 0.47027522 0.4809751  0.5717812
 0.6366663  1.2133418 ]",71
6,7,8,0.9,0.5201640725135803,0.7295073866844177,"[0.41663292 0.43206966 0.4407028  0.45844474 0.47655898 0.5735563
 0.6338396  0.7295074 ]",71
7,8,8,0.9,0.6191600561141968,1.0956320762634277,"[0.4515077  0.48062828 0.50359416 0.5500341  0.5667431  0.6255158
 0.6796253  1.0956321 ]",71
8,9,8,0.9,0.6942763924598694,1.0566413402557373,"[0.5040639  0.5111819  0.5539041  0.5995626  0.61294276 0.7285679
 0.9873465  1.0566413 ]",71
9,10,7,0.9,0.5528570413589478,0.8738975524902344,"[0.35558885 0.42042112 0.4581295  0.48331952 0.5470501  0.7315924
 0.87389755]",71
10,11,6,0.9,0.7465532422065735,1.3705130815505981,[0.4372671  0.46668744 0.5141528  0.7821373  0.9085619  1.3705131 ],71
0,1,6,0.9,0.4514033794403076,0.6210504770278931,[0.34845558 0.384411   0.40779346 0.45850858 0.48820093 0.6210505 ],72
1,2,6,0.9,0.608002245426178,0.7322649359703064,[0.5058139  0.5373646  0.58275855 0.6055303  0.68428093 0.73226494],72
2,3,7,0.9,0.5789519548416138,0.7558676600456238,"[0.46224716 0.49083436 0.50632113 0.52286077 0.6160837  0.6984491
 0.75586766]",72
3,4,7,0.9,0.47744694352149963,0.5776309370994568,"[0.39273575 0.4217912  0.44369176 0.47794756 0.4883608  0.5399704
 0.57763094]",72
4,5,7,0.9,0.5353075861930847,0.8272347450256348,"[0.40957588 0.4237488  0.46247193 0.4891014  0.53856534 0.596455
 0.82723475]",72
5,6,8,0.9,0.6175132989883423,1.4580214023590088,"[0.42566213 0.43986186 0.4627986  0.46759275 0.4989436  0.5631461
 0.62407976 1.4580214 ]",72
6,7,8,0.9,0.5523727536201477,0.9194058775901794,"[0.4304137  0.43683222 0.44411257 0.47009945 0.4854057  0.59664595
 0.6360666  0.9194059 ]",72
7,8,8,0.9,0.6449007987976074,1.1333582401275635,"[0.45755124 0.5035292  0.5300793  0.55169916 0.5816219  0.6249882
 0.77637887 1.1333582 ]",72
8,9,8,0.9,0.7400391101837158,1.3241273164749146,"[0.5026454  0.5343347  0.57549244 0.62856966 0.63013566 0.7539615
 0.9710466  1.3241273 ]",72
9,10,7,0.9,0.5650148987770081,0.9026064872741699,"[0.36140952 0.43047255 0.46028405 0.48655066 0.5932312  0.7205498
 0.9026065 ]",72
10,11,6,0.9,0.7540175318717957,1.3674699068069458,[0.44599026 0.4688435  0.5267857  0.7099789  1.0050368  1.3674699 ],72
0,1,6,0.9,0.45859500765800476,0.6293531060218811,[0.35214445 0.3849896  0.41930693 0.46448806 0.501288   0.6293531 ],73
1,2,7,0.9,0.6051264405250549,0.7468681931495667,"[0.5034196  0.5374169  0.57532966 0.5869911  0.6096888  0.67617095
 0.7468682 ]",73
2,3,7,0.9,0.5944546461105347,0.7654594779014587,"[0.46539176 0.49126258 0.5152508  0.5439501  0.64884996 0.7310179
 0.7654595 ]",73
3,4,8,0.9,0.5804197788238525,1.350041151046753,"[0.37929428 0.41162688 0.43849048 0.4544534  0.4883506  0.52885705
 0.5922443  1.3500412 ]",73
4,5,8,0.9,0.6128321886062622,1.3853281736373901,"[0.42207837 0.4364975  0.44365582 0.48473755 0.5315853  0.570485
 0.6282895  1.3853282 ]",73
5,6,8,0.9,0.609565794467926,1.43185293674469,"[0.41636005 0.44532543 0.45531636 0.4693121  0.4830379  0.57644004
 0.59888136 1.4318529 ]",73
6,7,9,0.9,0.5610568523406982,1.068631887435913,"[0.4105786  0.41618198 0.43855742 0.45669183 0.46376303 0.5569342
 0.58044386 0.6577285  1.0686319 ]",73
7,8,9,0.9,0.6357913017272949,1.195196270942688,"[0.43501663 0.47023496 0.49173582 0.5361042  0.55959    0.6110445
 0.65477014 0.76842916 1.1951963 ]",73
8,9,9,0.9,0.7546722888946533,1.4503611326217651,"[0.48473755 0.5328548  0.5583569  0.5766906  0.6233694  0.6803217
 0.6842238  1.2011349  1.4503611 ]",73
9,10,7,0.9,0.5699783563613892,0.9027038216590881,"[0.36845648 0.44401658 0.46234393 0.48385587 0.59214026 0.73633146
 0.9027038 ]",73
10,11,7,0.9,0.6782385110855103,1.445874810218811,"[0.40997222 0.4427813  0.4589486  0.56467766 0.5892175  0.83619756
 1.4458748 ]",73
0,1,6,0.9,0.4529043138027191,0.625564694404602,[0.34886593 0.38716227 0.40203696 0.4577246  0.49607164 0.6255647 ],74
1,2,7,0.9,0.6035299301147461,0.747209906578064,"[0.50461006 0.5306886  0.56805867 0.5870368  0.60558647 0.6815188
 0.7472099 ]",74
2,3,7,0.9,0.5763035416603088,0.7562557458877563,"[0.45379278 0.48843992 0.50487506 0.5183661  0.6173554  0.6950399
 0.75625575]",74
3,4,7,0.9,0.47407206892967224,0.5885927677154541,"[0.38643909 0.4187589  0.44463667 0.4610242  0.48651192 0.53254104
 0.58859277]",74
4,5,7,0.9,0.554137647151947,0.9453639388084412,"[0.40756044 0.43145236 0.46585017 0.48728964 0.5396378  0.6018089
 0.94536394]",74
5,6,8,0.9,0.6113401055335999,1.4041695594787598,"[0.4142296  0.44038525 0.4556402  0.47137448 0.49307933 0.5812264
 0.630616   1.4041696 ]",74
6,7,9,0.9,0.5476190447807312,0.8419483304023743,"[0.41311482 0.42891645 0.44050086 0.45219925 0.4600175  0.53212625
 0.58776635 0.7719816  0.84194833]",74
7,8,9,0.9,0.6439557671546936,1.1382561922073364,"[0.44155425 0.47724357 0.5132169  0.53133017 0.5520308  0.62733614
 0.7168434  0.7977905  1.1382562 ]",74
8,9,8,0.9,0.6977354884147644,1.313957691192627,"[0.4875172  0.5156775  0.55509275 0.6068371  0.6209885  0.7045036
 0.7773096  1.3139577 ]",74
9,10,7,0.9,0.5626574754714966,0.9068312644958496,"[0.3548912  0.42197374 0.45934656 0.4854461  0.5694974  0.7406158
 0.90683126]",74
10,11,7,0.9,0.6909269690513611,1.4174847602844238,"[0.41685718 0.44713014 0.46260563 0.5502954  0.73362994 0.8084857
 1.4174848 ]",74
0,1,6,0.9,0.4479275047779083,0.6257433295249939,[0.3402224  0.37886858 0.401948   0.45344827 0.48733458 0.6257433 ],75
1,2,7,0.9,0.604076087474823,0.7482285499572754,"[0.5028862  0.53412145 0.5718637  0.5888902  0.6072307  0.67531204
 0.74822855]",75
2,3,7,0.9,0.5746999979019165,0.7581832408905029,"[0.45649093 0.485303   0.50011677 0.5144119  0.6152236  0.69317055
 0.75818324]",75
3,4,8,0.9,0.5050479769706726,0.7620288729667664,"[0.38864622 0.41710237 0.4378327  0.4542914  0.48157316 0.5245843
 0.5743249  0.7620289 ]",75
4,5,8,0.9,0.5794565677642822,1.1966149806976318,"[0.40797153 0.42585045 0.44968164 0.47807935 0.5197318  0.54128695
 0.61643595 1.196615  ]",75
5,6,8,0.9,0.6209069490432739,1.5579711198806763,"[0.41328746 0.4435568  0.45363232 0.46372426 0.48324487 0.5533545
 0.59848446 1.5579711 ]",75
6,7,9,0.9,0.5385980606079102,0.8522357940673828,"[0.40637898 0.42261028 0.4377877  0.44736087 0.4548473  0.5092478
 0.5846572  0.73225677 0.8522358 ]",75
7,8,9,0.9,0.635147750377655,1.1337239742279053,"[0.44934997 0.47806275 0.4980289  0.5286876  0.558743   0.6161609
 0.63846225 0.81511015 1.133724  ]",75
8,9,9,0.9,0.7485879063606262,1.516730546951294,"[0.4792157  0.5317572  0.5619225  0.6060223  0.622929   0.6530884
 0.71960545 1.04602    1.5167305 ]",75
9,10,8,0.9,0.5739407539367676,0.9225462675094604,"[0.35315228 0.41528806 0.4509053  0.47508654 0.5039791  0.7121444
 0.7584239  0.92254627]",75
10,11,7,0.9,0.6808132529258728,1.422959566116333,"[0.42002052 0.44252068 0.45198804 0.57094187 0.6360244  0.82123774
 1.4229596 ]",75
0,1,6,0.9,0.4515194892883301,0.628036379814148,[0.33799282 0.38125613 0.40774086 0.46571943 0.4883712  0.6280364 ],76
1,2,6,0.9,0.6111177802085876,0.7502681016921997,[0.5080427  0.5422137  0.5830555  0.61083287 0.6722937  0.7502681 ],76
2,3,7,0.9,0.5809582471847534,0.7716028690338135,"[0.4624158  0.49360883 0.5035284  0.5222603  0.6153307  0.6979607
 0.77160287]",76
3,4,7,0.9,0.4814988076686859,0.5893940329551697,"[0.3982995  0.4286515  0.44522718 0.4807055  0.49921447 0.5289995
 0.58939403]",76
4,5,7,0.9,0.5510351061820984,0.8980649709701538,"[0.42183882 0.43798128 0.4548538  0.49314973 0.5343233  0.61703384
 0.898065  ]",76
5,6,8,0.9,0.6010624766349792,1.3406051397323608,"[0.42005545 0.45242113 0.46192414 0.47556427 0.48830944 0.55960554
 0.6100147  1.3406051 ]",76
6,7,8,0.9,0.5508575439453125,1.0036331415176392,"[0.4072808  0.43114254 0.44674692 0.45743695 0.48602968 0.56799895
 0.6065915  1.0036331 ]",76
7,8,8,0.9,0.6136133670806885,1.0919952392578125,"[0.46324897 0.48733968 0.49882627 0.53325486 0.5718813  0.62645674
 0.6359039  1.0919952 ]",76
8,9,8,0.9,0.7541015148162842,1.5589886903762817,"[0.507012   0.53278494 0.5753805  0.6060382  0.66536474 0.70921296
 0.87803    1.5589887 ]",76
9,10,7,0.9,0.5677981972694397,0.9000957608222961,"[0.36255693 0.42992446 0.46179935 0.49071673 0.5688417  0.7606523
 0.90009576]",76
10,11,7,0.9,0.683643639087677,1.4367746114730835,"[0.42475674 0.42817548 0.45550948 0.5710065  0.6236313  0.8456512
 1.4367746 ]",76
0,1,6,0.9,0.4564020335674286,0.6342871785163879,[0.34118882 0.38420686 0.4083216  0.47230318 0.4981045  0.6342872 ],77
1,2,6,0.9,0.612546443939209,0.7489503622055054,[0.5117687  0.5406301  0.58517915 0.6147565  0.67399377 0.74895036],77
2,3,7,0.9,0.5800003409385681,0.7637537717819214,"[0.46451122 0.49400482 0.5024998  0.5164548  0.61759657 0.7011815
 0.7637538 ]",77
3,4,7,0.9,0.4785787761211395,0.5898509621620178,"[0.39358804 0.42468324 0.4429525  0.46966556 0.49630275 0.5330082
 0.58985096]",77
4,5,7,0.9,0.5631622076034546,1.0017740726470947,"[0.4158429  0.43728736 0.44906324 0.48924667 0.53498626 0.6139352
 1.0017741 ]",77
5,6,8,0.9,0.6120047569274902,1.4889084100723267,"[0.4089486  0.45058566 0.46282783 0.46685326 0.47835302 0.548473
 0.5910888  1.4889084 ]",77
6,7,9,0.9,0.5917251110076904,1.4336121082305908,"[0.3978805  0.42735764 0.44279912 0.44946152 0.46829075 0.5439129
 0.5570382  0.60517335 1.4336121 ]",77
7,8,9,0.9,0.6151200532913208,1.1461503505706787,"[0.45742494 0.4804648  0.496918   0.52896726 0.5534295  0.58388346
 0.6369858  0.6518561  1.1461504 ]",77
8,9,9,0.9,0.7242138385772705,1.4054604768753052,"[0.47911423 0.53169495 0.55382276 0.5989137  0.627798   0.6777486
 0.71364063 0.92973155 1.4054605 ]",77
9,10,8,0.9,0.6202578544616699,1.130916714668274,"[0.35873482 0.42318976 0.45822933 0.47949344 0.5344675  0.6576991
 0.91933215 1.1309167 ]",77
10,11,7,0.9,0.6747084259986877,1.4195300340652466,"[0.41623595 0.43599108 0.44712326 0.5467851  0.6232905  0.83400315
 1.41953   ]",77
0,1,6,0.9,0.4463743269443512,0.6285494565963745,[0.3397931  0.37882364 0.40281388 0.453783   0.47448274 0.62854946],78
1,2,6,0.9,0.6070543527603149,0.7378758788108826,[0.5062493  0.5359288  0.58043563 0.60936356 0.6724728  0.7378759 ],78
2,3,7,0.9,0.5743321776390076,0.7501102089881897,"[0.46280086 0.48610356 0.50174105 0.5168822  0.6095292  0.6931581
 0.7501102 ]",78
3,4,7,0.9,0.4782589375972748,0.585536777973175,"[0.39776155 0.41413495 0.44236934 0.47475585 0.5013463  0.531908
 0.5855368 ]",78
4,5,7,0.9,0.5330840349197388,0.7936908602714539,"[0.4184781  0.42812335 0.46483096 0.47955236 0.5379683  0.6089442
 0.79369086]",78
5,6,8,0.9,0.5609033107757568,1.0967490673065186,"[0.41069627 0.44203618 0.45840016 0.45984912 0.49082434 0.55289775
 0.5757737  1.0967491 ]",78
6,7,8,0.9,0.5173048973083496,0.7435622811317444,"[0.40135965 0.42783684 0.44232312 0.46174797 0.46654513 0.58382446
 0.61123973 0.7435623 ]",78
7,8,8,0.9,0.6181265711784363,1.03355073928833,"[0.4580703  0.50019914 0.5216072  0.5326697  0.5880725  0.6141813
 0.6966616  1.0335507 ]",78
8,9,9,0.9,0.7381113767623901,1.3303022384643555,"[0.49343306 0.5435297  0.583667   0.6037577  0.64380264 0.68694526
 0.73863226 1.0189328  1.3303022 ]",78
9,10,8,0.9,0.6144741773605347,1.063114881515503,"[0.3723862  0.44212016 0.4681978  0.47998378 0.5354459  0.73571104
 0.8188334  1.0631149 ]",78
10,11,7,0.9,0.704372763633728,1.4579564332962036,"[0.44743332 0.4541644  0.47895646 0.5966063  0.65318245 0.8423097
 1.4579564 ]",78
0,1,6,0.9,0.4551299512386322,0.6313512921333313,[0.3445062  0.38215777 0.4128337  0.46347126 0.49645945 0.6313513 ],79
1,2,7,0.9,0.607119083404541,0.748626172542572,"[0.5043373  0.53897613 0.5773488  0.58873147 0.61158085 0.68023264
 0.7486262 ]",79
2,3,7,0.9,0.5778983235359192,0.7643791437149048,"[0.46140575 0.4902359  0.50291204 0.5158698  0.6124606  0.69802505
 0.76437914]",79
3,4,8,0.9,0.5728940963745117,1.2713897228240967,"[0.38849378 0.4148674  0.43822774 0.46346834 0.49254844 0.5279411
 0.5862161  1.2713897 ]",79
4,5,8,0.9,0.5978909730911255,1.3191108703613281,"[0.41860306 0.4291735  0.44197777 0.48148927 0.51994586 0.5517142
 0.6211135  1.3191109 ]",79
5,6,8,0.9,0.6201429963111877,1.5315368175506592,"[0.41409376 0.44702938 0.4544917  0.46729156 0.48006356 0.5657442
 0.6008931  1.5315368 ]",79
6,7,9,0.9,0.5707874298095703,1.1500701904296875,"[0.4115984  0.4248571  0.43851784 0.4510929  0.4562552  0.55680066
 0.57522166 0.672673   1.1500702 ]",79
7,8,9,0.9,0.6200851798057556,1.167607069015503,"[0.45222804 0.4822941  0.49326694 0.52743924 0.5560644  0.6099529
 0.63245696 0.6594574  1.1676071 ]",79
8,9,9,0.9,0.761367678642273,1.511430025100708,"[0.488971   0.5325966  0.5586078  0.59809214 0.62981665 0.6802387
 0.7108235  1.1417328  1.51143   ]",79
9,10,8,0.9,0.5906067490577698,0.9398360848426819,"[0.36311412 0.42459124 0.46019644 0.48135474 0.5263263  0.6860264
 0.84340864 0.9398361 ]",79
10,11,7,0.9,0.6794930696487427,1.4475383758544922,"[0.42278188 0.42882115 0.45002952 0.5735773  0.58669937 0.84700364
 1.4475384 ]",79
0,1,6,0.9,0.46076512336730957,0.6257845163345337,[0.36356294 0.38673297 0.41783154 0.46400857 0.5066702  0.6257845 ],80
1,2,6,0.9,0.6148366928100586,0.7421894669532776,[0.5100216  0.54406667 0.5911924  0.61502457 0.68652534 0.74218947],80
2,3,7,0.9,0.5924513936042786,0.7783355712890625,"[0.46881157 0.4943533  0.5209414  0.5286173  0.63978004 0.7163203
 0.7783356 ]",80
3,4,7,0.9,0.486072838306427,0.5920773148536682,"[0.39146155 0.42654756 0.4558069  0.48451364 0.4938288  0.558274
 0.5920773 ]",80
4,5,7,0.9,0.5615595579147339,0.9733374118804932,"[0.42208973 0.42651325 0.4577026  0.49571124 0.5434693  0.61209357
 0.9733374 ]",80
5,6,8,0.9,0.5913451313972473,1.2368242740631104,"[0.41965684 0.44011083 0.45856217 0.47064406 0.4861759  0.5690178
 0.6497692  1.2368243 ]",80
6,7,8,0.9,0.5189989805221558,0.7134768962860107,"[0.42668915 0.43318325 0.43666723 0.46319214 0.4823229  0.5692305
 0.62722975 0.7134769 ]",80
7,8,8,0.9,0.6149246692657471,1.0637446641921997,"[0.44967753 0.4850703  0.5148466  0.5351878  0.57110727 0.62722677
 0.6725362  1.0637447 ]",80
8,9,7,0.9,0.6757473349571228,1.0885350704193115,"[0.51457614 0.5386772  0.5878811  0.62278306 0.6350514  0.7427269
 1.0885351 ]",80
9,10,6,0.9,0.5615988373756409,0.8195724487304688,[0.36807287 0.46256143 0.48458108 0.50547695 0.7293284  0.81957245],80
10,11,6,0.9,0.744596540927887,1.378112554550171,[0.43447575 0.46508285 0.5571989  0.73559266 0.89711666 1.3781126 ],80
0,1,6,0.9,0.4465004503726959,0.6208828687667847,[0.34204373 0.38203916 0.40362155 0.44997472 0.4804408  0.62088287],81
1,2,6,0.9,0.6049943566322327,0.7336539626121521,[0.50220865 0.5358816  0.5805191  0.60256046 0.6751426  0.73365396],81
2,3,7,0.9,0.5751852989196777,0.7562490105628967,"[0.4590588  0.4863806  0.50193805 0.5199694  0.6124926  0.6902087
 0.756249  ]",81
3,4,7,0.9,0.47669461369514465,0.5864035487174988,"[0.39222586 0.41726226 0.43939048 0.4737301  0.49409935 0.5337508
 0.58640355]",81
4,5,7,0.9,0.5336633920669556,0.7975934743881226,"[0.4164302  0.42630386 0.46576735 0.48487005 0.5379008  0.60677814
 0.7975935 ]",81
5,6,8,0.9,0.5854947566986084,1.2272319793701172,"[0.41697037 0.43782216 0.45453882 0.46309128 0.4969365  0.56811947
 0.61924714 1.227232  ]",81
6,7,9,0.9,0.5524339079856873,0.9227070212364197,"[0.40964264 0.42143407 0.44240597 0.44953573 0.46093723 0.5174652
 0.60987514 0.73790187 0.922707  ]",81
7,8,9,0.9,0.6526450514793396,1.1128700971603394,"[0.450338   0.48906475 0.5115693  0.5325374  0.575085   0.6212832
 0.6757531  0.9053044  1.1128701 ]",81
8,9,9,0.9,0.7206299304962158,1.2557657957077026,"[0.4856471  0.5347945  0.5805047  0.58658665 0.64111537 0.6606938
 0.74872434 0.99183697 1.2557658 ]",81
9,10,7,0.9,0.570736825466156,0.8908014893531799,"[0.3658237  0.43152446 0.46050808 0.4865262  0.61378723 0.7461867
 0.8908015 ]",81
10,11,7,0.9,0.7077499032020569,1.4585652351379395,"[0.43160468 0.4503951  0.47266102 0.559676   0.7263568  0.85499066
 1.4585652 ]",81
0,1,6,0.9,0.4542064964771271,0.6228489875793457,[0.35825202 0.38112587 0.41337708 0.45657477 0.49306044 0.622849  ],82
1,2,7,0.9,0.606313169002533,0.7361247539520264,"[0.5048169  0.5335517  0.5777709  0.59395987 0.6085582  0.68941027
 0.73612475]",82
2,3,7,0.9,0.5862292647361755,0.7578920722007751,"[0.46567008 0.4931331  0.5178981  0.5282888  0.6405996  0.7001229
 0.7578921 ]",82
3,4,8,0.9,0.5761975646018982,1.3083367347717285,"[0.38388664 0.41071555 0.4344106  0.45540798 0.49232867 0.53632337
 0.58817124 1.3083367 ]",82
4,5,8,0.9,0.6083060503005981,1.3752024173736572,"[0.41390783 0.4251575  0.45833713 0.4731316  0.5175206  0.57811534
 0.62507594 1.3752024 ]",82
5,6,8,0.9,0.6197562217712402,1.535688877105713,"[0.4093594  0.4346813  0.45505917 0.46477032 0.4828034  0.5682896
 0.6073976  1.5356889 ]",82
6,7,8,0.9,0.5138090252876282,0.7151821255683899,"[0.41811362 0.42429075 0.44281468 0.4511264  0.46783563 0.5615585
 0.62955034 0.7151821 ]",82
7,8,8,0.9,0.6151167154312134,1.0719190835952759,"[0.4398466  0.49466038 0.51219285 0.5316223  0.5676454  0.61508733
 0.6879599  1.0719191 ]",82
8,9,8,0.9,0.742606520652771,1.4573227167129517,"[0.5014047  0.55289197 0.5850218  0.6032148  0.63799316 0.72602355
 0.87697977 1.4573227 ]",82
9,10,7,0.9,0.5820032358169556,0.9207767844200134,"[0.3726993  0.45756608 0.46936598 0.47917125 0.59794796 0.7764954
 0.9207768 ]",82
10,11,7,0.9,0.6941013336181641,1.446791172027588,"[0.4305214  0.46341673 0.47154877 0.5533497  0.6462271  0.8468547
 1.4467912 ]",82
0,1,6,0.9,0.4480734169483185,0.6232889294624329,[0.3399279  0.38004887 0.40157548 0.45809808 0.4855013  0.6232889 ],83
1,2,6,0.9,0.6075077652931213,0.7460697889328003,[0.50772524 0.5359757  0.5802926  0.6050099  0.6699734  0.7460698 ],83
2,3,7,0.9,0.5772010087966919,0.7635517716407776,"[0.4567194  0.49247646 0.50040567 0.520514   0.61358106 0.69315886
 0.7635518 ]",83
3,4,7,0.9,0.47673624753952026,0.5820481181144714,"[0.39513004 0.42496324 0.44429123 0.4729233  0.49067006 0.5271277
 0.5820481 ]",83
4,5,7,0.9,0.5433608293533325,0.8860812187194824,"[0.41201448 0.4307407  0.456246   0.48311067 0.53028035 0.60505235
 0.8860812 ]",83
5,6,8,0.9,0.611358642578125,1.450555443763733,"[0.41502738 0.44611436 0.45723096 0.46907496 0.48497555 0.5573938
 0.6104965  1.4505554 ]",83
6,7,9,0.9,0.5646116733551025,1.0533794164657593,"[0.4036396  0.42039588 0.44192412 0.45196074 0.45478678 0.52634364
 0.57993776 0.74913675 1.0533794 ]",83
7,8,9,0.9,0.6611817479133606,1.1027016639709473,"[0.45618862 0.4768327  0.49889776 0.52435267 0.5545749  0.62455606
 0.64224225 1.0702891  1.1027017 ]",83
8,9,9,0.9,0.7524867653846741,1.5636346340179443,"[0.49084154 0.5216138  0.55651176 0.6037192  0.62384146 0.6687507
 0.7258214  1.0176462  1.5636346 ]",83
9,10,8,0.9,0.5835490822792053,0.90797358751297,"[0.35158566 0.4163008  0.45102975 0.48089507 0.50720817 0.7328769
 0.8205227  0.9079736 ]",83
10,11,7,0.9,0.6832789182662964,1.4212098121643066,"[0.42994332 0.43637764 0.45374236 0.5708073  0.643715   0.827157
 1.4212098 ]",83
0,1,6,0.9,0.4657185971736908,0.6339287161827087,[0.36006466 0.39148015 0.4295641  0.4713095  0.50796425 0.6339287 ],84
1,2,6,0.9,0.6089876294136047,0.7414336204528809,[0.5056501  0.5383785  0.5825212  0.61189437 0.6740482  0.7414336 ],84
2,3,7,0.9,0.5871797204017639,0.7580292224884033,"[0.46726125 0.4933403  0.51655376 0.5343634  0.6327534  0.70795697
 0.7580292 ]",84
3,4,7,0.9,0.4758577048778534,0.5955149531364441,"[0.37908834 0.42022482 0.44349858 0.4692035  0.4801686  0.5433048
 0.59551495]",84
4,5,7,0.9,0.5568534731864929,0.9448362588882446,"[0.4172124  0.43270063 0.44453067 0.4956863  0.54472804 0.6182801
 0.94483626]",84
5,6,8,0.9,0.5943678617477417,1.3382647037506104,"[0.41838703 0.44475195 0.45927423 0.46285427 0.4832206  0.5631419
 0.58504844 1.3382647 ]",84
6,7,8,0.9,0.5156561732292175,0.7498210668563843,"[0.4132888  0.4244067  0.43896642 0.45949847 0.48038378 0.55344874
 0.6054353  0.74982107]",84
7,8,8,0.9,0.6220247745513916,1.1395273208618164,"[0.44678196 0.4856922  0.49729347 0.5518734  0.5841015  0.6160888
 0.6548399  1.1395273 ]",84
8,9,8,0.9,0.6966574192047119,1.0526446104049683,"[0.49192187 0.52970773 0.55622506 0.6018715  0.62146205 0.71198976
 1.0074369  1.0526446 ]",84
9,10,8,0.9,0.6180627942085266,1.1361242532730103,"[0.36327133 0.42231488 0.45562732 0.47571775 0.5552469  0.6641636
 0.8720362  1.1361243 ]",84
10,11,7,0.9,0.6747350096702576,1.4076975584030151,"[0.38529074 0.45147395 0.46154484 0.5421962  0.65439206 0.82054955
 1.4076976 ]",84
0,1,6,0.9,0.44783949851989746,0.6244544982910156,[0.34294498 0.3764767  0.40572286 0.4525268  0.48491108 0.6244545 ],85
1,2,7,0.9,0.6022211313247681,0.7432085871696472,"[0.50225437 0.5325595  0.57109827 0.58658564 0.60728914 0.67255265
 0.7432086 ]",85
2,3,7,0.9,0.5763154625892639,0.7532705068588257,"[0.4619129  0.48595387 0.5063232  0.51115066 0.6226718  0.6929255
 0.7532705 ]",85
3,4,8,0.9,0.5861415266990662,1.4122319221496582,"[0.38340637 0.4091473  0.43434644 0.45516238 0.4858593  0.52574927
 0.58322924 1.4122319 ]",85
4,5,8,0.9,0.5862858295440674,1.2380739450454712,"[0.40822008 0.42690945 0.44760096 0.4742724  0.5251328  0.546405
 0.6236721  1.238074  ]",85
5,6,8,0.9,0.6072766184806824,1.4684233665466309,"[0.40978345 0.4459477  0.45292386 0.45854115 0.47913104 0.55472463
 0.5887378  1.4684234 ]",85
6,7,9,0.9,0.5250272154808044,0.7668867707252502,"[0.40456796 0.41239786 0.44051778 0.44939303 0.45474485 0.513306
 0.5940851  0.6893455  0.7668868 ]",85
7,8,9,0.9,0.6217529773712158,1.1110002994537354,"[0.44377744 0.48658407 0.49345672 0.52623034 0.574901   0.59218735
 0.6254928  0.74214673 1.1110003 ]",85
8,9,9,0.9,0.755048930644989,1.517102837562561,"[0.4820104  0.5451729  0.57753736 0.6055988  0.62096137 0.68253773
 0.72141004 1.0431089  1.5171028 ]",85
9,10,8,0.9,0.6069889068603516,1.0010541677474976,"[0.3634982  0.42558748 0.45470983 0.47726873 0.49390993 0.74200094
 0.89788187 1.0010542 ]",85
10,11,7,0.9,0.6826037168502808,1.4288328886032104,"[0.42697263 0.45389163 0.45809674 0.5795144  0.6141761  0.81674135
 1.4288329 ]",85
0,1,6,0.9,0.44654667377471924,0.6249405741691589,[0.34040847 0.37814566 0.3990279  0.45165083 0.4851066  0.6249406 ],86
1,2,7,0.9,0.6034031510353088,0.7477928996086121,"[0.5051481  0.53200465 0.568575   0.59011304 0.6075879  0.67260087
 0.7477929 ]",86
2,3,7,0.9,0.5751088857650757,0.7573906779289246,"[0.4565008  0.48959252 0.50086117 0.51391006 0.61619484 0.6913121
 0.7573907 ]",86
3,4,8,0.9,0.5778986811637878,1.3240163326263428,"[0.3897381  0.41483355 0.44004324 0.45617792 0.4887556  0.5256602
 0.58396447 1.3240163 ]",86
4,5,8,0.9,0.5930120348930359,1.2853552103042603,"[0.40756226 0.42924613 0.45361057 0.4731754  0.51778424 0.5566475
 0.620715   1.2853552 ]",86
5,6,8,0.9,0.622535228729248,1.5599843263626099,"[0.40831813 0.44269714 0.45365396 0.46463186 0.48062968 0.56294566
 0.60742134 1.5599843 ]",86
6,7,9,0.9,0.5604708790779114,1.037330150604248,"[0.40161937 0.41628283 0.44288158 0.44904798 0.4549592  0.53901863
 0.5852215  0.7178768  1.0373302 ]",86
7,8,9,0.9,0.668048620223999,1.162010908126831,"[0.4440016  0.4772367  0.50311655 0.52381957 0.55342156 0.6199289
 0.66218346 1.0667181  1.1620109 ]",86
8,9,9,0.9,0.7567134499549866,1.4966070652008057,"[0.49431852 0.5346726  0.5591448  0.6075241  0.6168516  0.6935554
 0.73800576 1.0697414  1.4966071 ]",86
9,10,8,0.9,0.6096239686012268,0.9829095005989075,"[0.36084712 0.43508184 0.4567917  0.47568327 0.4863065  0.74893373
 0.9304382  0.9829095 ]",86
10,11,7,0.9,0.6839953064918518,1.4298124313354492,"[0.4357655  0.445553   0.45754868 0.5952457  0.6047404  0.81930166
 1.4298124 ]",86
0,1,6,0.9,0.45451316237449646,0.6201586723327637,[0.35589108 0.3899826  0.40979826 0.45600876 0.4952395  0.6201587 ],87
1,2,7,0.9,0.6015976667404175,0.743910551071167,"[0.50151557 0.5287036  0.5700249  0.5845568  0.6052759  0.6771961
 0.74391055]",87
2,3,7,0.9,0.6122933626174927,0.827242374420166,"[0.4643446  0.49409708 0.51743865 0.5629445  0.68484026 0.7351465
 0.8272424 ]",87
3,4,7,0.9,0.4981788098812103,0.6470686197280884,"[0.37732306 0.4252605  0.4541046  0.4751896  0.5168736  0.59143203
 0.6470686 ]",87
4,5,7,0.9,0.5398443341255188,0.8290262818336487,"[0.40910384 0.43075714 0.47652924 0.48457557 0.5381629  0.6107554
 0.8290263 ]",87
5,6,8,0.9,0.6105488538742065,1.4092918634414673,"[0.42117158 0.4324797  0.45387068 0.4683053  0.5029872  0.58192253
 0.61436206 1.4092919 ]",87
6,7,8,0.9,0.5385512113571167,0.8454148769378662,"[0.41344178 0.42845446 0.4491795  0.46327806 0.47991395 0.5803726
 0.6483546  0.8454149 ]",87
7,8,8,0.9,0.6697356104850769,1.2952624559402466,"[0.4345948  0.49143085 0.5370782  0.5693372  0.58042085 0.6436901
 0.8060701  1.2952625 ]",87
8,9,8,0.9,0.7426588535308838,1.4790455102920532,"[0.48770967 0.53411907 0.56668305 0.5999526  0.63209033 0.7755269
 0.8661438  1.4790455 ]",87
9,10,7,0.9,0.5749849081039429,0.8948832154273987,"[0.36858553 0.42884493 0.46531552 0.48117578 0.63718694 0.7489024
 0.8948832 ]",87
10,11,6,0.9,0.7486211657524109,1.371550440788269,[0.44302037 0.48454297 0.5161936  0.69742745 0.9789921  1.3715504 ],87
0,1,6,0.9,0.4555666148662567,0.6255786418914795,[0.35191816 0.38156244 0.41376343 0.46128607 0.49929103 0.62557864],88
1,2,7,0.9,0.6050843596458435,0.7451339364051819,"[0.5045841  0.5355337  0.57514036 0.58942693 0.6094115  0.6763602
 0.74513394]",88
2,3,7,0.9,0.5897809267044067,0.7621952295303345,"[0.46456948 0.49161753 0.51291007 0.5331845  0.64887077 0.7151189
 0.7621952 ]",88
3,4,8,0.9,0.5893898010253906,1.4361891746520996,"[0.38039547 0.41271928 0.43609554 0.4545034  0.48297593 0.52796847
 0.5842711  1.4361892 ]",88
4,5,8,0.9,0.6050904989242554,1.378218412399292,"[0.41200882 0.4278324  0.4427386  0.47634792 0.5259831  0.55722886
 0.620366   1.3782184 ]",88
5,6,8,0.9,0.5901167988777161,1.3173898458480835,"[0.40958187 0.445807   0.45491105 0.46394676 0.47366017 0.56436974
 0.591268   1.3173898 ]",88
6,7,9,0.9,0.5542064309120178,1.005946397781372,"[0.4093687  0.41560528 0.43486455 0.453405   0.45682886 0.5478585
 0.6023543  0.66162604 1.0059464 ]",88
7,8,9,0.9,0.6477207541465759,1.0956462621688843,"[0.44009978 0.4669616  0.48839444 0.52762717 0.558301   0.6110638
 0.6284253  1.0129673  1.0956463 ]",88
8,9,9,0.9,0.7425677180290222,1.362908124923706,"[0.48596716 0.53781205 0.55286413 0.5995657  0.6060285  0.6772359
 0.7414331  1.1192945  1.3629081 ]",88
9,10,8,0.9,0.6524690985679626,1.4091821908950806,"[0.36089504 0.42116517 0.45717263 0.47462896 0.5130343  0.67899585
 0.90467876 1.4091822 ]",88
10,11,7,0.9,0.6748040914535522,1.4275339841842651,"[0.4104566  0.44563267 0.45806977 0.56206095 0.59925073 0.82062376
 1.427534  ]",88
0,1,6,0.9,0.4557589590549469,0.6332592368125916,[0.34262064 0.3854493  0.4068055  0.46825945 0.49815953 0.63325924],89
1,2,6,0.9,0.6096913814544678,0.7491287589073181,[0.5091388  0.53744507 0.58254236 0.606775   0.6731181  0.74912876],89
2,3,7,0.9,0.5779930353164673,0.7616308331489563,"[0.45904627 0.49362442 0.5003265  0.5190878  0.6137665  0.698469
 0.76163083]",89
3,4,7,0.9,0.47707122564315796,0.5859346985816956,"[0.39168784 0.42351767 0.44544262 0.46919414 0.49204096 0.53168064
 0.5859347 ]",89
4,5,7,0.9,0.5657624006271362,1.0338114500045776,"[0.4123601  0.43336654 0.450159   0.48847803 0.5360554  0.60610634
 1.0338115 ]",89
5,6,8,0.9,0.618221640586853,1.4911417961120605,"[0.41276518 0.44868317 0.46112466 0.46833816 0.48309258 0.56730926
 0.6133184  1.4911418 ]",89
6,7,9,0.9,0.5538382530212402,0.8563638925552368,"[0.40578583 0.42648688 0.44040495 0.45139948 0.46187198 0.53363216
 0.5731755  0.83542347 0.8563639 ]",89
7,8,9,0.9,0.6529576182365417,1.1298223733901978,"[0.4595479  0.4805642  0.50112325 0.52907485 0.5561045  0.6360428
 0.6667409  0.91759783 1.1298224 ]",89
8,9,9,0.9,0.7276737093925476,1.3405680656433105,"[0.487103   0.51014787 0.5490078  0.5950875  0.62918776 0.6546872
 0.72758794 1.0556864  1.3405681 ]",89
9,10,8,0.9,0.6317164897918701,1.2352052927017212,"[0.3532176  0.4137258  0.45350364 0.48333117 0.5390049  0.6610838
 0.91465974 1.2352053 ]",89
10,11,7,0.9,0.6758327484130859,1.4078179597854614,"[0.4042697  0.4363892  0.44724828 0.54805195 0.6521766  0.8348756
 1.407818  ]",89
0,1,6,0.9,0.4491594731807709,0.6275610327720642,[0.34179628 0.38050076 0.40278363 0.4542736  0.48804143 0.62756103],90
1,2,7,0.9,0.603920578956604,0.7496862411499023,"[0.50408894 0.53311193 0.5704629  0.588566   0.6077548  0.6737733
 0.74968624]",90
2,3,7,0.9,0.5741905570030212,0.7563976645469666,"[0.45558655 0.48886183 0.49881104 0.51524645 0.6130844  0.6913458
 0.75639766]",90
3,4,7,0.9,0.47387757897377014,0.5871459245681763,"[0.38959345 0.4182877  0.4394807  0.46683353 0.488831   0.52697057
 0.5871459 ]",90
4,5,7,0.9,0.5446829199790955,0.8959416747093201,"[0.41048753 0.4288085  0.45560566 0.4801838  0.5328982  0.60885507
 0.8959417 ]",90
5,6,8,0.9,0.6202207207679749,1.5500017404556274,"[0.4115242  0.44252986 0.45248207 0.4635394  0.48118594 0.5563645
 0.60413796 1.5500017 ]",90
6,7,9,0.9,0.5440570116043091,0.8848357796669006,"[0.40513965 0.41825247 0.4394112  0.4445427  0.4556585  0.5235485
 0.5879596  0.7371647  0.8848358 ]",90
7,8,9,0.9,0.6525142192840576,1.1387001276016235,"[0.4505078  0.47854125 0.50099605 0.52885824 0.5572458  0.6223737
 0.6569383  0.9384667  1.1387001 ]",90
8,9,9,0.9,0.7451382279396057,1.494188904762268,"[0.48145437 0.52411675 0.552099   0.6036881  0.61526036 0.6668985
 0.7276883  1.0408497  1.4941889 ]",90
9,10,8,0.9,0.5883004665374756,0.9269704222679138,"[0.35298026 0.4215751  0.45369148 0.47993216 0.49252915 0.72538745
 0.85333765 0.9269704 ]",90
10,11,7,0.9,0.6780017614364624,1.4175773859024048,"[0.42142168 0.43951124 0.45270562 0.5686512  0.6267056  0.81943977
 1.4175774 ]",90
0,1,6,0.9,0.44585737586021423,0.6260913014411926,[0.33983082 0.37878364 0.40537235 0.4506519  0.47441423 0.6260913 ],91
1,2,6,0.9,0.6053299307823181,0.7344516515731812,[0.5032114  0.53616196 0.578764   0.6090676  0.67032295 0.73445165],91
2,3,7,0.9,0.5747014284133911,0.753417432308197,"[0.46459502 0.48095214 0.50365937 0.5143401  0.6135835  0.6923625
 0.75341743]",91
3,4,7,0.9,0.47713229060173035,0.5919986367225647,"[0.39261582 0.41328567 0.43767342 0.47251093 0.50018734 0.5316542
 0.59199864]",91
4,5,7,0.9,0.5327328443527222,0.7624982595443726,"[0.419058   0.43448737 0.4663396  0.48663288 0.54019505 0.6199185
 0.76249826]",91
5,6,8,0.9,0.568753182888031,1.148256778717041,"[0.41406444 0.4426494  0.45646563 0.4609675  0.49181333 0.5544583
 0.5813499  1.1482568 ]",91
6,7,9,0.9,0.5500785112380981,0.9713730812072754,"[0.40094918 0.420049   0.43364933 0.45770478 0.46487522 0.53382576
 0.5995284  0.6687517  0.9713731 ]",91
7,8,9,0.9,0.6449520587921143,1.1010820865631104,"[0.4477625  0.49269563 0.5136589  0.52354443 0.5663451  0.60996586
 0.6607736  0.88874024 1.1010821 ]",91
8,9,9,0.9,0.716564416885376,1.2096714973449707,"[0.48600352 0.5494295  0.5696242  0.6102306  0.6169709  0.6769087
 0.76207834 0.9681626  1.2096715 ]",91
9,10,8,0.9,0.6505938768386841,1.3426423072814941,"[0.38095036 0.44687286 0.45969772 0.4834407  0.61764413 0.6536308
 0.8198718  1.3426423 ]",91
10,11,7,0.9,0.7071146965026855,1.4741451740264893,"[0.4420366  0.45429942 0.48699665 0.5750076  0.66920173 0.84811574
 1.4741452 ]",91
0,1,6,0.9,0.4714297950267792,0.6409833431243896,[0.35258916 0.39710447 0.42895743 0.49119663 0.5177475  0.64098334],92
1,2,6,0.9,0.619408130645752,0.7503308653831482,[0.51822704 0.5486607  0.59154856 0.6274474  0.6802341  0.75033087],92
2,3,6,0.9,0.590114176273346,0.778601348400116,[0.48102686 0.5028621  0.51556754 0.57559264 0.68703467 0.77860135],92
3,4,7,0.9,0.4808189272880554,0.6004709601402283,"[0.3927948  0.41951478 0.44365498 0.47145456 0.4974194  0.540423
 0.60047096]",92
4,5,7,0.9,0.547577440738678,0.8531002998352051,"[0.42769718 0.43868965 0.44585443 0.4964149  0.5451868  0.6260988
 0.8531003 ]",92
5,6,8,0.9,0.6033557653427124,1.443415641784668,"[0.40984118 0.45568815 0.46418765 0.46793145 0.47823802 0.53229564
 0.5752485  1.4434156 ]",92
6,7,8,0.9,0.510160505771637,0.7145232558250427,"[0.4017645  0.41909635 0.450056   0.45669723 0.48339325 0.56049657
 0.5952571  0.71452326]",92
7,8,8,0.9,0.5910550355911255,0.9609894752502441,"[0.45204657 0.47768754 0.48961216 0.53625655 0.5548317  0.61676383
 0.64025253 0.9609895 ]",92
8,9,8,0.9,0.7236497402191162,1.4649159908294678,"[0.4882585  0.53655535 0.54555106 0.60560155 0.63252956 0.69979036
 0.81599545 1.464916  ]",92
9,10,8,0.9,0.6243922710418701,1.167030930519104,"[0.36650875 0.43358025 0.46760744 0.47388643 0.52962905 0.6597117
 0.8971839  1.1670309 ]",92
10,11,7,0.9,0.6723743081092834,1.4362257719039917,"[0.4146516  0.42325073 0.44723573 0.5416231  0.6108093  0.83282393
 1.4362258 ]",92
0,1,6,0.9,0.4542909860610962,0.6224949359893799,[0.34803778 0.38145134 0.41338125 0.46456763 0.49581298 0.62249494],93
1,2,7,0.9,0.604065477848053,0.7458152770996094,"[0.50549185 0.5361911  0.5692147  0.5876345  0.61062604 0.67348534
 0.7458153 ]",93
2,3,7,0.9,0.6027077436447144,0.7693777084350586,"[0.46432012 0.49532503 0.51849455 0.5475636  0.6641578  0.75971514
 0.7693777 ]",93
3,4,8,0.9,0.5922859311103821,1.4460642337799072,"[0.38181463 0.4161006  0.44340983 0.4551199  0.4862607  0.52571446
 0.583803   1.4460642 ]",93
4,5,8,0.9,0.6127176284790039,1.3805924654006958,"[0.41846022 0.43549952 0.4490867  0.48240873 0.5273574  0.5856018
 0.62273425 1.3805925 ]",93
5,6,8,0.9,0.590363621711731,1.254194974899292,"[0.41311616 0.4448154  0.45717317 0.46653932 0.48428273 0.57171214
 0.63107485 1.254195  ]",93
6,7,9,0.9,0.5540828108787537,1.0358407497406006,"[0.40363872 0.41556704 0.43464464 0.45479587 0.4693473  0.5453126
 0.5737676  0.6538308  1.0358407 ]",93
7,8,9,0.9,0.6163244247436523,1.1358498334884644,"[0.43767494 0.4635754  0.47968218 0.5280235  0.5424422  0.5776531
 0.64020884 0.7418094  1.1358498 ]",93
8,9,9,0.9,0.7610714435577393,1.4101667404174805,"[0.4996508  0.53095335 0.53462315 0.5924632  0.6278844  0.68896616
 0.71528083 1.2496545  1.4101667 ]",93
9,10,7,0.9,0.5688530802726746,0.9289043545722961,"[0.36676097 0.43741864 0.46282756 0.48069426 0.5635174  0.7418484
 0.92890435]",93
10,11,7,0.9,0.6798511743545532,1.4380089044570923,"[0.41585204 0.45113337 0.4697721  0.5704263  0.583438   0.8303277
 1.4380089 ]",93
0,1,6,0.9,0.4629364013671875,0.6409731507301331,[0.3492361  0.38938388 0.42197418 0.47100028 0.50505066 0.64097315],94
1,2,6,0.9,0.6129675507545471,0.7493195533752441,[0.5079058  0.5420147  0.58445585 0.6207928  0.67331666 0.74931955],94
2,3,7,0.9,0.5775274634361267,0.7613832950592041,"[0.46585348 0.486389   0.5024623  0.51516646 0.6128233  0.6986146
 0.7613833 ]",94
3,4,7,0.9,0.47573423385620117,0.6040226221084595,"[0.38561064 0.41216135 0.4360615  0.4672054  0.48982924 0.53524894
 0.6040226 ]",94
4,5,7,0.9,0.5358417630195618,0.7768782377243042,"[0.41862682 0.43727228 0.44988537 0.4967033  0.5430233  0.62850285
 0.77687824]",94
5,6,8,0.9,0.6114137768745422,1.497833251953125,"[0.4196835  0.44944093 0.45852324 0.465413   0.47789937 0.52929586
 0.59322107 1.4978333 ]",94
6,7,8,0.9,0.552000880241394,0.9926660656929016,"[0.41056773 0.43506175 0.43969595 0.46090132 0.49134043 0.58539426
 0.60037935 0.99266607]",94
7,8,8,0.9,0.6307052969932556,1.1742769479751587,"[0.45240694 0.48249096 0.4962289  0.5469205  0.5635758  0.6440332
 0.685709   1.174277  ]",94
8,9,8,0.9,0.7139031887054443,1.4329358339309692,"[0.4699023  0.5410583  0.56527853 0.610583   0.6315256  0.7078279
 0.7521142  1.4329358 ]",94
9,10,8,0.9,0.5661351680755615,0.918463945388794,"[0.36477703 0.41849366 0.4563201  0.4736816  0.5648288  0.6172711
 0.71524477 0.91846395]",94
10,11,7,0.9,0.6690039038658142,1.4068701267242432,"[0.4058761  0.43560773 0.45192742 0.5484507  0.61008084 0.82421404
 1.4068701 ]",94
0,1,6,0.9,0.458792120218277,0.6343550086021423,[0.34796926 0.3878484  0.4122786  0.47039253 0.499909   0.634355  ],95
1,2,6,0.9,0.6100661158561707,0.749334454536438,[0.5105914  0.53740025 0.5824585  0.60787994 0.67273194 0.74933445],95
2,3,7,0.9,0.5785295367240906,0.7588052153587341,"[0.46039003 0.4983597  0.501681   0.5204252  0.61306846 0.6969771
 0.7588052 ]",95
3,4,7,0.9,0.47703033685684204,0.581839919090271,"[0.39266083 0.42465115 0.4444626  0.4720205  0.4903097  0.533268
 0.5818399 ]",95
4,5,7,0.9,0.5591235756874084,1.0041626691818237,"[0.4109567  0.43130723 0.4472057  0.48284385 0.53351825 0.60387075
 1.0041627 ]",95
5,6,8,0.9,0.6084584593772888,1.434061884880066,"[0.4117636  0.44682154 0.45728186 0.46500725 0.48088786 0.55811846
 0.6137253  1.4340619 ]",95
6,7,8,0.9,0.5286003947257996,0.825472354888916,"[0.40729418 0.430744   0.44361943 0.4555302  0.4763864  0.58734655
 0.60240996 0.82547235]",95
7,8,8,0.9,0.6242712736129761,1.1131765842437744,"[0.4634378  0.49169934 0.5034507  0.54697347 0.5655266  0.63840044
 0.67150545 1.1131766 ]",95
8,9,8,0.9,0.6956102848052979,1.1127883195877075,"[0.50512445 0.5186101  0.55325097 0.60514885 0.63334614 0.74139535
 0.89521766 1.1127883 ]",95
9,10,8,0.9,0.6403060555458069,1.340537428855896,"[0.35532492 0.41405466 0.45455077 0.4791816  0.5204289  0.6364709
 0.92189896 1.3405374 ]",95
10,11,7,0.9,0.6738538146018982,1.3951627016067505,"[0.39669615 0.4402619  0.45006612 0.5436879  0.65978855 0.83131325
 1.3951627 ]",95
0,1,6,0.9,0.4460233151912689,0.6204270124435425,[0.349688   0.37643617 0.4005053  0.4451033  0.48398027 0.620427  ],96
1,2,7,0.9,0.6025882363319397,0.7410507202148438,"[0.5037828  0.52900565 0.57206863 0.5921584  0.6050043  0.67504716
 0.7410507 ]",96
2,3,7,0.9,0.5815986394882202,0.7553824782371521,"[0.4617045  0.49057594 0.51191914 0.51835215 0.6402892  0.6929669
 0.7553825 ]",96
3,4,8,0.9,0.5919475555419922,1.4466705322265625,"[0.38473287 0.40935507 0.4350561  0.45056528 0.48952445 0.5295602
 0.5901159  1.4466705 ]",96
4,5,8,0.9,0.6025434732437134,1.3228663206100464,"[0.40921307 0.42604303 0.46124294 0.4708944  0.51985    0.57302773
 0.6372102  1.3228663 ]",96
5,6,8,0.9,0.5940237045288086,1.327175259590149,"[0.4077368  0.44105688 0.4490889  0.46337712 0.48098087 0.56571424
 0.6170593  1.3271753 ]",96
6,7,8,0.9,0.5103732347488403,0.6859198808670044,"[0.40996638 0.4222666  0.43704787 0.4552719  0.46654248 0.5680725
 0.63789815 0.6859199 ]",96
7,8,8,0.9,0.6246196031570435,1.0913124084472656,"[0.43770757 0.48638645 0.52383894 0.5347719  0.5706185  0.61905503
 0.73326623 1.0913124 ]",96
8,9,9,0.9,0.7438321709632874,1.5021599531173706,"[0.48841795 0.5328955  0.5656633  0.58624196 0.60779226 0.68175197
 0.7162512  1.0133154  1.50216   ]",96
9,10,7,0.9,0.5871955752372742,0.9419761300086975,"[0.37040022 0.4505171  0.46293527 0.47467774 0.62276673 0.78709584
 0.94197613]",96
10,11,7,0.9,0.6964550018310547,1.4441105127334595,"[0.43999568 0.4602752  0.48017827 0.5694802  0.65329087 0.8278544
 1.4441105 ]",96
0,1,6,0.9,0.44096699357032776,0.6209272146224976,[0.3399724  0.37916532 0.39672223 0.44004816 0.46896657 0.6209272 ],97
1,2,6,0.9,0.6056494116783142,0.7376669645309448,[0.50605863 0.533143   0.5777889  0.61026204 0.66897696 0.73766696],97
2,3,7,0.9,0.5759429335594177,0.7545682191848755,"[0.4639433  0.48002005 0.5057043  0.5148602  0.62162805 0.6908763
 0.7545682 ]",97
3,4,7,0.9,0.4787798225879669,0.5945724844932556,"[0.3973123  0.41736388 0.43937394 0.47297147 0.50023305 0.5296316
 0.5945725 ]",97
4,5,7,0.9,0.5369345545768738,0.7852773070335388,"[0.4163011  0.43456012 0.4816572  0.48588827 0.5378293  0.61702883
 0.7852773 ]",97
5,6,8,0.9,0.5595277547836304,1.0530314445495605,"[0.41367182 0.44035336 0.45823687 0.46134606 0.5016157  0.5669857
 0.5809808  1.0530314 ]",97
6,7,8,0.9,0.5178521871566772,0.7069871425628662,"[0.40457946 0.42585233 0.44661528 0.4565208  0.46924976 0.6115175
 0.621495   0.70698714]",97
7,8,8,0.9,0.6209471225738525,0.9776074886322021,"[0.44509888 0.51301247 0.517594   0.5344452  0.59076315 0.6076523
 0.78140336 0.9776075 ]",97
8,9,8,0.9,0.728256106376648,1.1886719465255737,"[0.5222963  0.5658151  0.61302805 0.63726103 0.69077057 0.754554
 0.8536518  1.188672  ]",97
9,10,7,0.9,0.5903194546699524,0.9310638308525085,"[0.3829225  0.4514025  0.45738474 0.48428607 0.66052693 0.7646497
 0.93106383]",97
10,11,6,0.9,0.7266197204589844,1.3423823118209839,[0.4500079  0.4664289  0.52618915 0.7333191  0.8413911  1.3423823 ],97
0,1,6,0.9,0.44707468152046204,0.609879195690155,[0.35380298 0.3850082  0.40114918 0.44707888 0.48552975 0.6098792 ],98
1,2,6,0.9,0.6056625843048096,0.73180091381073,[0.5062169  0.53344125 0.58197117 0.60502505 0.67552036 0.7318009 ],98
2,3,7,0.9,0.58167564868927,0.7622210383415222,"[0.4594799  0.48704123 0.51476204 0.5225195  0.63420844 0.69149745
 0.76222104]",98
3,4,7,0.9,0.4768640100955963,0.5918005704879761,"[0.38876432 0.42376748 0.44557583 0.46288508 0.48922127 0.53603345
 0.5918006 ]",98
4,5,7,0.9,0.5377220511436462,0.8166059255599976,"[0.41047034 0.4333691  0.482907   0.4876972  0.5271171  0.6058874
 0.8166059 ]",98
5,6,7,0.9,0.524136483669281,0.7977052330970764,"[0.42110756 0.4362325  0.45147136 0.47423363 0.5091443  0.57906073
 0.79770523]",98
6,7,8,0.9,0.5406999588012695,0.8179814219474792,"[0.42065123 0.4307343  0.4501068  0.46176043 0.47022575 0.5827003
 0.6914392  0.8179814 ]",98
7,8,8,0.9,0.6977373957633972,1.535082221031189,"[0.43488082 0.49196175 0.5331986  0.55453527 0.5610344  0.64107066
 0.8301356  1.5350822 ]",98
8,9,8,0.9,0.7087737917900085,1.1434926986694336,"[0.49375486 0.54249567 0.5857956  0.6047699  0.66882575 0.7843667
 0.8466891  1.1434927 ]",98
9,10,6,0.9,0.5683454871177673,0.9056338667869568,[0.37177497 0.4614628  0.47052613 0.4824745  0.71820074 0.90563387],98
10,11,6,0.9,0.725734531879425,1.374716877937317,[0.4455555 0.4724854 0.545233  0.6741711 0.8422454 1.3747169],98
0,1,6,0.9,0.4452902376651764,0.6211451888084412,[0.33775833 0.38309187 0.4002037  0.44959798 0.4799443  0.6211452 ],99
1,2,7,0.9,0.6027955412864685,0.74356609582901,"[0.50050515 0.53314346 0.5706465  0.58421576 0.60676426 0.6807276
 0.7435661 ]",99
2,3,7,0.9,0.5745649337768555,0.7552412748336792,"[0.45643562 0.48555225 0.5011588  0.5194973  0.61355793 0.69051147
 0.7552413 ]",99
3,4,7,0.9,0.4761265218257904,0.5868414640426636,"[0.3916877  0.4171509  0.4423831  0.47195247 0.49116758 0.53170276
 0.58684146]",99
4,5,7,0.9,0.5359319448471069,0.8132826089859009,"[0.41427296 0.42832386 0.46635655 0.48658636 0.536073   0.6066281
 0.8132826 ]",99
5,6,8,0.9,0.596367359161377,1.2843050956726074,"[0.4194751  0.43797526 0.45483127 0.46572635 0.5032717  0.5680377
 0.6373164  1.2843051 ]",99
6,7,9,0.9,0.5560906529426575,0.899374783039093,"[0.4075994  0.42345792 0.43941694 0.45141423 0.4621084  0.5265024
 0.6037062  0.7912354  0.8993748 ]",99
7,8,9,0.9,0.6564993858337402,1.1134830713272095,"[0.44695216 0.4893093  0.5107172  0.53222895 0.574447   0.6273673
 0.68782276 0.926167   1.1134831 ]",99
8,9,9,0.9,0.7117114067077637,1.2033888101577759,"[0.4879865  0.52707773 0.5732223  0.5852371  0.63985276 0.65454376
 0.76187277 0.97222143 1.2033888 ]",99
9,10,7,0.9,0.5688455700874329,0.8946648240089417,"[0.36178526 0.42328104 0.45833698 0.48787946 0.6147774  0.741194
 0.8946648 ]",99
10,11,7,0.9,0.7070549726486206,1.4456276893615723,"[0.4334866  0.44664577 0.46500337 0.56308806 0.7525019  0.84303117
 1.4456277 ]",99
