layer,level_from,level_to,G,boot_id
0,1,2,0.9724253501210894,0
0,2,3,0.9731322839146569,0
0,3,4,0.9757552345593771,0
0,4,5,0.9725130909965152,0
0,5,6,0.9618099246706281,0
0,6,7,0.9346742459705898,0
0,7,8,0.9438673314594087,0
0,8,9,0.9748710081690833,0
0,9,10,0.9656684285118466,0
1,1,2,0.9241764204842704,0
1,2,3,0.9302438412393842,0
1,3,4,0.9349267340841747,0
1,4,5,0.9373271976198468,0
1,5,6,0.9339563278924852,0
1,6,7,0.9269722189222064,0
1,7,8,0.9413987767128718,0
1,8,9,0.9299666171982175,0
1,9,10,0.9321481188138326,0
2,1,2,0.9120500286420187,0
2,2,3,0.9180877038410732,0
2,3,4,0.9229509802091689,0
2,4,5,0.9272580856368655,0
2,5,6,0.9210589840298608,0
2,6,7,0.9043931194714138,0
2,7,8,0.9176657767522902,0
2,8,9,0.9219309176717486,0
2,9,10,0.9145555865196955,0
3,1,2,0.8918436396689642,0
3,2,3,0.899821298463004,0
3,3,4,0.9075549159731183,0
3,4,5,0.916786633786701,0
3,5,6,0.916429653054192,0
3,6,7,0.867587285382407,0
3,7,8,0.8765753479230971,0
3,8,9,0.9167253204754421,0
3,9,10,0.8766395988918486,0
4,1,2,0.8886530711537316,0
4,2,3,0.8982430639721098,0
4,3,4,0.902370518162137,0
4,4,5,0.918705267565591,0
4,5,6,0.9217570878210521,0
4,6,7,0.8868273383095151,0
4,7,8,0.8935811888603937,0
4,8,9,0.9105586324419294,0
4,9,10,0.8814380367596945,0
5,1,2,0.8614762794403803,0
5,2,3,0.8682889881588164,0
5,3,4,0.8863024456160409,0
5,4,5,0.9082440137863159,0
5,5,6,0.9095186874980018,0
5,6,7,0.8746159559204465,0
5,7,8,0.8652574874105907,0
5,8,9,0.845519380910056,0
5,9,10,0.8795242479869297,0
6,1,2,0.8437738191513788,0
6,2,3,0.8405563235282898,0
6,3,4,0.8718927985145932,0
6,4,5,0.8951320648193359,0
6,5,6,0.8838521753038678,0
6,6,7,0.8530363667578924,0
6,7,8,0.8824812911805653,0
6,8,9,0.8743248468353635,0
6,9,10,0.8577266562552679,0
7,1,2,0.8538189643905276,0
7,2,3,0.8270975351333618,0
7,3,4,0.8527644673983256,0
7,4,5,0.87852053131376,0
7,5,6,0.8594555173601423,0
7,6,7,0.8374720244180589,0
7,7,8,0.8668887501671201,0
7,8,9,0.8808013881955828,0
7,9,10,0.8517654424621945,0
8,1,2,0.8635072821662539,0
8,2,3,0.811842021488008,0
8,3,4,0.8394457300504049,0
8,4,5,0.8611684384800139,0
8,5,6,0.8484737844694228,0
8,6,7,0.8288999739147368,0
8,7,8,0.8621899854569208,0
8,8,9,0.899463971455892,0
8,9,10,0.8668997798647199,0
9,1,2,0.7979647857802254,0
9,2,3,0.7213036134129479,0
9,3,4,0.8124731154668898,0
9,4,5,0.803056367806026,0
9,5,6,0.8392203790800912,0
9,6,7,0.8500930326325553,0
9,7,8,0.8563625471932548,0
9,8,9,0.8888928634779794,0
9,9,10,0.8336474952243623,0
10,1,2,0.8105135134288243,0
10,2,3,0.6941721950258527,0
10,3,4,0.8059238763082595,0
10,4,5,0.7960477045604161,0
10,5,6,0.8458763105528695,0
10,6,7,0.8357325394948324,0
10,7,8,0.8459472741399493,0
10,8,9,0.8206242777052379,0
10,9,10,0.7976553213028681,0
11,1,2,0.412351581489756,0
11,2,3,0.430728096692335,0
11,3,4,0.8621738297598702,0
11,4,5,0.9223093362081618,0
11,5,6,0.8324042076156253,0
11,6,7,0.8222790275301252,0
11,7,8,0.6613944332514491,0
11,8,9,0.7024415319874173,0
11,9,10,0.6501552107788268,0
0,1,2,0.9677858352661133,1
0,2,3,0.9723442594210306,1
0,3,4,0.9759071469306946,1
0,4,5,0.9694733818372091,1
0,5,6,0.9652192989985148,1
0,6,7,0.9318691194057465,1
0,7,8,0.9380939702192942,1
0,8,9,0.9679882029692332,1
0,9,10,0.9620953500270844,1
1,1,2,0.9002555807431539,1
1,2,3,0.911107470591863,1
1,3,4,0.9236329396565756,1
1,4,5,0.9237961371739706,1
1,5,6,0.9350312948226929,1
1,6,7,0.9231817722320557,1
1,7,8,0.9347663422425588,1
1,8,9,0.9111741582552592,1
1,9,10,0.9168945153554281,1
2,1,2,0.8837395111719767,1
2,2,3,0.9047473768393198,1
2,3,4,0.9103551506996155,1
2,4,5,0.9146345456441244,1
2,5,6,0.918224036693573,1
2,6,7,0.9053901731967926,1
2,7,8,0.9105230271816254,1
2,8,9,0.900840679804484,1
2,9,10,0.8918055693308512,1
3,1,2,0.8674496610959371,1
3,2,3,0.8852376639842987,1
3,3,4,0.8937932550907135,1
3,4,5,0.9014041423797607,1
3,5,6,0.9088261822859446,1
3,6,7,0.8563753565152487,1
3,7,8,0.8546318014462789,1
3,8,9,0.8991395235061646,1
3,9,10,0.8457537889480591,1
4,1,2,0.8645294904708862,1
4,2,3,0.8814872105916342,1
4,3,4,0.8852567474047343,1
4,4,5,0.9040068884690603,1
4,5,6,0.9138207932313284,1
4,6,7,0.8809739748636881,1
4,7,8,0.8786405126253763,1
4,8,9,0.8940350810686747,1
4,9,10,0.8555009861787161,1
5,1,2,0.8438695172468821,1
5,2,3,0.8558032512664795,1
5,3,4,0.8719685971736908,1
5,4,5,0.8960231045881907,1
5,5,6,0.8985575735569,1
5,6,7,0.8664974669615427,1
5,7,8,0.8384574353694916,1
5,8,9,0.8075323899586996,1
5,9,10,0.8551256557305654,1
6,1,2,0.8325327833493551,1
6,2,3,0.8391087651252747,1
6,3,4,0.8537822961807251,1
6,4,5,0.883800079425176,1
6,5,6,0.867037038008372,1
6,6,7,0.8421106437842051,1
6,7,8,0.8660739064216614,1
6,8,9,0.8612037400404612,1
6,9,10,0.8333100577195486,1
7,1,2,0.8572123944759369,1
7,2,3,0.8380097448825836,1
7,3,4,0.8364821374416351,1
7,4,5,0.8665170272191366,1
7,5,6,0.8458435634771982,1
7,6,7,0.8369586368401846,1
7,7,8,0.8503479560216268,1
7,8,9,0.8648564318815867,1
7,9,10,0.8490157028039297,1
8,1,2,0.8492340743541718,1
8,2,3,0.8108034034570059,1
8,3,4,0.8185493648052216,1
8,4,5,0.8374404907226562,1
8,5,6,0.8346693217754364,1
8,6,7,0.8175889352957407,1
8,7,8,0.8399145603179932,1
8,8,9,0.8772879838943481,1
8,9,10,0.8475141028563181,1
9,1,2,0.8120598495006561,1
9,2,3,0.7319060862064362,1
9,3,4,0.7621733446915945,1
9,4,5,0.792305717865626,1
9,5,6,0.7994255423545837,1
9,6,7,0.8160593012968699,1
9,7,8,0.8258469998836517,1
9,8,9,0.8539297978083292,1
9,9,10,0.7790687580903372,1
10,1,2,0.7827882766723633,1
10,2,3,0.6881542801856995,1
10,3,4,0.7116489708423615,1
10,4,5,0.7622716824213663,1
10,5,6,0.7737633287906647,1
10,6,7,0.7886447211106619,1
10,7,8,0.8394569853941599,1
10,8,9,0.7380511462688446,1
10,9,10,0.8079993526140848,1
11,1,2,0.33551905304193497,1
11,2,3,0.3136628220478694,1
11,3,4,0.5024847003320853,1
11,4,5,0.9009186526139578,1
11,5,6,0.8256782392660776,1
11,6,7,0.7986674904823303,1
11,7,8,0.6202507615089417,1
11,8,9,0.571637806793054,1
11,9,10,0.49975122914959985,1
0,1,2,0.971140532266526,2
0,2,3,0.9714019979749408,2
0,3,4,0.976336902096158,2
0,4,5,0.9751900604793003,2
0,5,6,0.9614609763735816,2
0,6,7,0.9343560110955011,2
0,7,8,0.9445225965409052,2
0,8,9,0.9740425121216547,2
0,9,10,0.9672440971646991,2
1,1,2,0.9188068338802883,2
1,2,3,0.9258263678777785,2
1,3,4,0.9349747328531175,2
1,4,5,0.9406426350275675,2
1,5,6,0.9340219298998514,2
1,6,7,0.9272237647147406,2
1,7,8,0.9420493443806967,2
1,8,9,0.9281525441578456,2
1,9,10,0.9325866103172302,2
2,1,2,0.9059176842371622,2
2,2,3,0.9146417209080288,2
2,3,4,0.9215725660324097,2
2,4,5,0.9280550536655244,2
2,5,6,0.9227606852849325,2
2,6,7,0.9048786589077541,2
2,7,8,0.9182012790725345,2
2,8,9,0.9198467163812547,2
2,9,10,0.9145747820536295,2
3,1,2,0.8886281053225199,2
3,2,3,0.8969869925862267,2
3,3,4,0.9055751845950172,2
3,4,5,0.9166452033179147,2
3,5,6,0.917850307055882,2
3,6,7,0.8693236027445111,2
3,7,8,0.8773536455063593,2
3,8,9,0.9151223131588527,2
3,9,10,0.8758536463692075,2
4,1,2,0.886303702990214,2
4,2,3,0.8945037240073794,2
4,3,4,0.8978406900451297,2
4,4,5,0.9171697128386724,2
4,5,6,0.9231514022463844,2
4,6,7,0.8885740609396071,2
4,7,8,0.8947450944355556,2
4,8,9,0.9100277509008136,2
4,9,10,0.8808227976163229,2
5,1,2,0.8638254716282799,2
5,2,3,0.8655008531752086,2
5,3,4,0.8821817352658227,2
5,4,5,0.9071746610459828,2
5,5,6,0.9107186311767215,2
5,6,7,0.8739872659955706,2
5,7,8,0.8591969836325872,2
5,8,9,0.8445836504300436,2
5,9,10,0.8799679307710557,2
6,1,2,0.8456774240448361,2
6,2,3,0.8367425373622349,2
6,3,4,0.8660986622174581,2
6,4,5,0.8926499060222081,2
6,5,6,0.8832211522828965,2
6,6,7,0.8521807619503566,2
6,7,8,0.8793246405465263,2
6,8,9,0.8764008141699291,2
6,9,10,0.855714928536188,2
7,1,2,0.8561322632290068,2
7,2,3,0.8247940171332586,2
7,3,4,0.8456312417984009,2
7,4,5,0.8783707334881737,2
7,5,6,0.8615725437800089,2
7,6,7,0.8418420326142084,2
7,7,8,0.8671284062521798,2
7,8,9,0.8837699890136719,2
7,9,10,0.8559912613459996,2
8,1,2,0.8631163154329572,2
8,2,3,0.8099651904333205,2
8,3,4,0.8341459007490248,2
8,4,5,0.8605065572829473,2
8,5,6,0.8480235196295238,2
8,6,7,0.827350914478302,2
8,7,8,0.8598774558021909,2
8,8,9,0.895743537516821,2
8,9,10,0.8678389702524457,2
9,1,2,0.796247851280939,2
9,2,3,0.7171571808201926,2
9,3,4,0.793224519207364,2
9,4,5,0.8019048571586609,2
9,5,6,0.8356935012908209,2
9,6,7,0.8461135966437203,2
9,7,8,0.8543024006344023,2
9,8,9,0.8828233679135641,2
9,9,10,0.8306104654357547,2
10,1,2,0.7959382590793428,2
10,2,3,0.6795946671849206,2
10,3,4,0.7610892071610406,2
10,4,5,0.7919366558392843,2
10,5,6,0.8416587568464733,2
10,6,7,0.8415910686765399,2
10,7,8,0.8564137447448004,2
10,8,9,0.8029740424383254,2
10,9,10,0.7991499900817871,2
11,1,2,0.41693770122669993,2
11,2,3,0.36825380474328995,2
11,3,4,0.6855322115478062,2
11,4,5,0.9161025597935631,2
11,5,6,0.8315612616993132,2
11,6,7,0.8209615803900219,2
11,7,8,0.6911356520085108,2
11,8,9,0.6547333459768977,2
11,9,10,0.6219524234710705,2
0,1,2,0.9708202123641968,3
0,2,3,0.974045459429423,3
0,3,4,0.9721307158470154,3
0,4,5,0.970341165860494,3
0,5,6,0.9611945390701294,3
0,6,7,0.9221970359484355,3
0,7,8,0.9378985126813253,3
0,8,9,0.9740459799766541,3
0,9,10,0.9645768721898397,3
1,1,2,0.9235267678896586,3
1,2,3,0.9315853158632914,3
1,3,4,0.9221449732780457,3
1,4,5,0.9285945693651835,3
1,5,6,0.9313294291496277,3
1,6,7,0.9136517922083537,3
1,7,8,0.9382127483685812,3
1,8,9,0.9279253164927165,3
1,9,10,0.9300628105799357,3
2,1,2,0.9137964924176534,3
2,2,3,0.9174556454022725,3
2,3,4,0.9152881701787313,3
2,4,5,0.9223755121231079,3
2,5,6,0.9172365824381511,3
2,6,7,0.8937481880187989,3
2,7,8,0.9143149574597677,3
2,8,9,0.9202727198600769,3
2,9,10,0.9086265722910564,3
3,1,2,0.894619890054067,3
3,2,3,0.8963718930880229,3
3,3,4,0.9007767319679261,3
3,4,5,0.9144404053688049,3
3,5,6,0.9128820896148682,3
3,6,7,0.857640782992045,3
3,7,8,0.8721977392832438,3
3,8,9,0.9151904026667277,3
3,9,10,0.869515593846639,3
4,1,2,0.8896510442097981,3
4,2,3,0.8936073303222656,3
4,3,4,0.8975625077883402,3
4,4,5,0.9165302236874898,3
4,5,6,0.9198277831077576,3
4,6,7,0.877824866771698,3
4,7,8,0.8892354567845663,3
4,8,9,0.910523776213328,3
4,9,10,0.8785609523455302,3
5,1,2,0.8604785402615865,3
5,2,3,0.861807664235433,3
5,3,4,0.8776502887407939,3
5,4,5,0.9044247508049011,3
5,5,6,0.9043839812278748,3
5,6,7,0.8617353002230327,3
5,7,8,0.8529568235079448,3
5,8,9,0.831793236732483,3
5,9,10,0.8749913016955058,3
6,1,2,0.8364105343818664,3
6,2,3,0.8274228930473327,3
6,3,4,0.8569852987925212,3
6,4,5,0.892073412736257,3
6,5,6,0.8731151858965556,3
6,6,7,0.8471829334894816,3
6,7,8,0.8685271620750428,3
6,8,9,0.8640257438023885,3
6,9,10,0.8502232750256856,3
7,1,2,0.849575932820638,3
7,2,3,0.8100239555040996,3
7,3,4,0.8355718692143758,3
7,4,5,0.8716787735621134,3
7,5,6,0.838434386253357,3
7,6,7,0.8068266113599142,3
7,7,8,0.8594961563746134,3
7,8,9,0.8720770160357157,3
7,9,10,0.838343346118927,3
8,1,2,0.8576300024986268,3
8,2,3,0.7965100804964701,3
8,3,4,0.8320790886878967,3
8,4,5,0.8517149488131205,3
8,5,6,0.8484648982683818,3
8,6,7,0.8081031123797099,3
8,7,8,0.8488025347391764,3
8,8,9,0.9019333720207214,3
8,9,10,0.8564632495244344,3
9,1,2,0.7717468460400899,3
9,2,3,0.6937893112500508,3
9,3,4,0.8013340870539347,3
9,4,5,0.7867716987927754,3
9,5,6,0.8345192114512126,3
9,6,7,0.8339560985565185,3
9,7,8,0.8506212711334229,3
9,8,9,0.8803459723790487,3
9,9,10,0.8152676065762837,3
10,1,2,0.7815787275632222,3
10,2,3,0.6597741723060608,3
10,3,4,0.7911883155504863,3
10,4,5,0.808354397614797,3
10,5,6,0.8333517988522847,3
10,6,7,0.8169636766115824,3
10,7,8,0.8400691906611125,3
10,8,9,0.7930634180704753,3
10,9,10,0.767364251613617,3
11,1,2,0.3615005264679591,3
11,2,3,0.42215821892023087,3
11,3,4,0.8204589049021404,3
11,4,5,0.8420892238616944,3
11,5,6,0.8363859534263611,3
11,6,7,0.8004941781361897,3
11,7,8,0.7412009239196777,3
11,8,9,0.6549990812937418,3
11,9,10,0.597346697251002,3
0,1,2,0.9727016607920329,4
0,2,3,0.9769707163174947,4
0,3,4,0.974070417881012,4
0,4,5,0.9688323219617208,4
0,5,6,0.9690204302469889,4
0,6,7,0.9306587100028991,4
0,7,8,0.9419131358464559,4
0,8,9,0.975045915444692,4
0,9,10,0.9676462133725484,4
1,1,2,0.9207628965377808,4
1,2,3,0.9282509962717692,4
1,3,4,0.9204084078470866,4
1,4,5,0.923476493358612,4
1,5,6,0.9358124256134033,4
1,6,7,0.9165459672609965,4
1,7,8,0.9387808005015056,4
1,8,9,0.9238475879033407,4
1,9,10,0.9274783571561177,4
2,1,2,0.9080197652180989,4
2,2,3,0.9137503067652385,4
2,3,4,0.9167318979899088,4
2,4,5,0.9196139216423035,4
2,5,6,0.9196829160054525,4
2,6,7,0.9008601268132528,4
2,7,8,0.914211901028951,4
2,8,9,0.9164058725039165,4
2,9,10,0.904359245300293,4
3,1,2,0.8912687778472901,4
3,2,3,0.89394291639328,4
3,3,4,0.8998820662498475,4
3,4,5,0.9110353072484334,4
3,5,6,0.9130809466044109,4
3,6,7,0.8587460358937581,4
3,7,8,0.8687746246655782,4
3,8,9,0.9101927161216736,4
3,9,10,0.864616326491038,4
4,1,2,0.8845243175824483,4
4,2,3,0.8911477565765381,4
4,3,4,0.8958486755688985,4
4,4,5,0.9148168484369914,4
4,5,6,0.9202508926391602,4
4,6,7,0.880708654721578,4
4,7,8,0.8876742998758952,4
4,8,9,0.9057033618291219,4
4,9,10,0.8739291906356812,4
5,1,2,0.8567490299542745,4
5,2,3,0.8587876041730245,4
5,3,4,0.8774496396382649,4
5,4,5,0.9048042058944702,4
5,5,6,0.9059743722279866,4
5,6,7,0.8672900160153707,4
5,7,8,0.8495799978574117,4
5,8,9,0.8144918322563172,4
5,9,10,0.8699655373891194,4
6,1,2,0.8377291997273763,4
6,2,3,0.8326626141866048,4
6,3,4,0.8592858711878458,4
6,4,5,0.8947967410087585,4
6,5,6,0.8689916690190633,4
6,6,7,0.8502970059712728,4
6,7,8,0.8737456917762756,4
6,8,9,0.8575313289960226,4
6,9,10,0.8485925873120626,4
7,1,2,0.8538283228874206,4
7,2,3,0.8120533704757691,4
7,3,4,0.8414639353752136,4
7,4,5,0.8753360867500305,4
7,5,6,0.8370055516560873,4
7,6,7,0.8109380722045898,4
7,7,8,0.8609355608622233,4
7,8,9,0.8757924437522888,4
7,9,10,0.8497552514076233,4
8,1,2,0.8644534269968669,4
8,2,3,0.8025736252466837,4
8,3,4,0.8418880502382914,4
8,4,5,0.8492471257845561,4
8,5,6,0.8410631736119588,4
8,6,7,0.8234834512074788,4
8,7,8,0.847642982006073,4
8,8,9,0.9011737704277039,4
8,9,10,0.8577464620272318,4
9,1,2,0.8030395189921061,4
9,2,3,0.7148289183775584,4
9,3,4,0.8082923332850138,4
9,4,5,0.7894017378489177,4
9,5,6,0.8372198343276978,4
9,6,7,0.8378215074539185,4
9,7,8,0.8475074927012126,4
9,8,9,0.8778834263483684,4
9,9,10,0.8038905541102092,4
10,1,2,0.8115462779998779,4
10,2,3,0.7243911981582641,4
10,3,4,0.797331448396047,4
10,4,5,0.7858201781908671,4
10,5,6,0.8228068749109904,4
10,6,7,0.8065479159355163,4
10,7,8,0.8350663026173909,4
10,8,9,0.7828085263570149,4
10,9,10,0.7706863085428873,4
11,1,2,0.4420502205689748,4
11,2,3,0.5733020772536596,4
11,3,4,0.8240903615951538,4
11,4,5,0.8428441047668457,4
11,5,6,0.8361874500910441,4
11,6,7,0.7922524174054464,4
11,7,8,0.6094205404321352,4
11,8,9,0.6328568836053212,4
11,9,10,0.5732912063598633,4
0,1,2,0.9792962829271953,5
0,2,3,0.9775202393531799,5
0,3,4,0.9745940566062927,5
0,4,5,0.9794337948163351,5
0,5,6,0.9601306279500326,5
0,6,7,0.925118621190389,5
0,7,8,0.9426722526550293,5
0,8,9,0.9772003610928853,5
0,9,10,0.9741448839505513,5
1,1,2,0.9236257036526998,5
1,2,3,0.9262948989868164,5
1,3,4,0.9328150987625122,5
1,4,5,0.9464186231295267,5
1,5,6,0.9334862232208252,5
1,6,7,0.9213009079297384,5
1,7,8,0.9445110201835633,5
1,8,9,0.9274042963981628,5
1,9,10,0.9357606728871664,5
2,1,2,0.9064582586288452,5
2,2,3,0.913039485613505,5
2,3,4,0.9281092762947083,5
2,4,5,0.9407127102216085,5
2,5,6,0.9262295722961426,5
2,6,7,0.9112134257952372,5
2,7,8,0.9286372502644856,5
2,8,9,0.9206785360972086,5
2,9,10,0.9235661824544271,5
3,1,2,0.8929359753926595,5
3,2,3,0.900444499651591,5
3,3,4,0.9215038895606995,5
3,4,5,0.9282786607742309,5
3,5,6,0.9211089412371317,5
3,6,7,0.8784761786460876,5
3,7,8,0.886867622534434,5
3,8,9,0.9190568288167318,5
3,9,10,0.8893958965937296,5
4,1,2,0.8937448461850485,5
4,2,3,0.8973567605018615,5
4,3,4,0.9131664514541626,5
4,4,5,0.9260127464930217,5
4,5,6,0.9253750522931417,5
4,6,7,0.8949875354766845,5
4,7,8,0.9051268815994262,5
4,8,9,0.9150712251663208,5
4,9,10,0.8896755337715149,5
5,1,2,0.8824300169944763,5
5,2,3,0.8731209437052408,5
5,3,4,0.8940343976020813,5
5,4,5,0.9131911953290304,5
5,5,6,0.9137668172518413,5
5,6,7,0.8839496612548828,5
5,7,8,0.8812734365463257,5
5,8,9,0.8604544798533121,5
5,9,10,0.8914688547452291,5
6,1,2,0.858525550365448,5
6,2,3,0.8431207378705342,5
6,3,4,0.8711775263150533,5
6,4,5,0.8907084147135417,5
6,5,6,0.8882447481155396,5
6,6,7,0.8588789025942485,5
6,7,8,0.8831029256184896,5
6,8,9,0.8744313240051269,5
6,9,10,0.8641958554585775,5
7,1,2,0.868615726629893,5
7,2,3,0.8337180256843567,5
7,3,4,0.8551291704177857,5
7,4,5,0.8809906959533691,5
7,5,6,0.8674495140711467,5
7,6,7,0.852173097928365,5
7,7,8,0.8727691650390625,5
7,8,9,0.8868756055831909,5
7,9,10,0.8475639382998149,5
8,1,2,0.8660760164260864,5
8,2,3,0.8234142978986104,5
8,3,4,0.8372339487075806,5
8,4,5,0.8571363846460979,5
8,5,6,0.8503074487050374,5
8,6,7,0.8296643694241842,5
8,7,8,0.8567524790763855,5
8,8,9,0.8994190176328023,5
8,9,10,0.868435287475586,5
9,1,2,0.8051748037338257,5
9,2,3,0.7326263586680094,5
9,3,4,0.7911497712135315,5
9,4,5,0.7947264989217122,5
9,5,6,0.843452246983846,5
9,6,7,0.8703130523363749,5
9,7,8,0.8633614500363668,5
9,8,9,0.8868541757265727,5
9,9,10,0.8196417133013407,5
10,1,2,0.7938976605733236,5
10,2,3,0.671433013677597,5
10,3,4,0.76380482117335,5
10,4,5,0.7845805446306865,5
10,5,6,0.8470298409461975,5
10,6,7,0.8543605367342632,5
10,7,8,0.8703073183695476,5
10,8,9,0.7966152946154277,5
10,9,10,0.8394067486127218,5
11,1,2,0.31458631679415705,5
11,2,3,0.26077729016542434,5
11,3,4,0.6350256259242694,5
11,4,5,0.8509340842564901,5
11,5,6,0.8584614515304565,5
11,6,7,0.8201355775197346,5
11,7,8,0.618119990825653,5
11,8,9,0.7070576578378678,5
11,9,10,0.6255934843172629,5
0,1,2,0.9709447781244914,6
0,2,3,0.9721446951230367,6
0,3,4,0.9760362267494201,6
0,4,5,0.9721417943636577,6
0,5,6,0.9621863881746928,6
0,6,7,0.9404432773590088,6
0,7,8,0.9443852066993713,6
0,8,9,0.9740619023640951,6
0,9,10,0.9643326083819072,6
1,1,2,0.9168642123540243,6
1,2,3,0.9264891425768534,6
1,3,4,0.9380099376042684,6
1,4,5,0.9374943296114604,6
1,5,6,0.9372928738594055,6
1,6,7,0.9344692627588908,6
1,7,8,0.9421355326970419,6
1,8,9,0.9315978487332662,6
1,9,10,0.9333671450614929,6
2,1,2,0.9070916374524435,6
2,2,3,0.9195512612660726,6
2,3,4,0.9256084084510803,6
2,4,5,0.9267119606335957,6
2,5,6,0.9260552446047465,6
2,6,7,0.9120747844378153,6
2,7,8,0.9197983066240947,6
2,8,9,0.9215683142344157,6
2,9,10,0.9176404237747192,6
3,1,2,0.8904199878374736,6
3,2,3,0.9042041699091593,6
3,3,4,0.9119702855745951,6
3,4,5,0.9170084357261657,6
3,5,6,0.9205962141354879,6
3,6,7,0.8752851724624634,6
3,7,8,0.8769295771916708,6
3,8,9,0.9155913631121317,6
3,9,10,0.8800004839897155,6
4,1,2,0.8894062280654907,6
4,2,3,0.9036352356274923,6
4,3,4,0.9051304419835409,6
4,4,5,0.9177901983261109,6
4,5,6,0.9233041206995646,6
4,6,7,0.8939866979916891,6
4,7,8,0.8937496066093444,6
4,8,9,0.9087171792984009,6
4,9,10,0.888100532690684,6
5,1,2,0.8671141107877095,6
5,2,3,0.8815120935440064,6
5,3,4,0.8899221221605936,6
5,4,5,0.9072999040285746,6
5,5,6,0.9121720274289449,6
5,6,7,0.8885588963826497,6
5,7,8,0.8653890490531921,6
5,8,9,0.8488964676856995,6
5,9,10,0.8873040358225505,6
6,1,2,0.856841766834259,6
6,2,3,0.8620224952697754,6
6,3,4,0.8758156259854635,6
6,4,5,0.8904555718104045,6
6,5,6,0.8904861887296041,6
6,6,7,0.8705599308013916,6
6,7,8,0.8862716794013977,6
6,8,9,0.8799294034639994,6
6,9,10,0.865466038386027,6
7,1,2,0.8666678150494893,6
7,2,3,0.8601449847221374,6
7,3,4,0.8629682342211406,6
7,4,5,0.8781047264734904,6
7,5,6,0.8803479472796122,6
7,6,7,0.8630534291267395,6
7,7,8,0.8677848617235819,6
7,8,9,0.877891190846761,6
7,9,10,0.8619601408640544,6
8,1,2,0.8652244369188945,6
8,2,3,0.8348437547683716,6
8,3,4,0.8427714546521504,6
8,4,5,0.8599759856859843,6
8,5,6,0.8563526670138041,6
8,6,7,0.8356809099515279,6
8,7,8,0.8592019160588582,6
8,8,9,0.8942382136980692,6
8,9,10,0.866073727607727,6
9,1,2,0.8398497819900512,6
9,2,3,0.7804845571517944,6
9,3,4,0.7939647833506266,6
9,4,5,0.8051846941312154,6
9,5,6,0.8397818446159363,6
9,6,7,0.8554929415384929,6
9,7,8,0.852466078599294,6
9,8,9,0.8903493483861288,6
9,9,10,0.8315627296765645,6
10,1,2,0.8230848908424377,6
10,2,3,0.7252877672513326,6
10,3,4,0.7454254905382792,6
10,4,5,0.787719440460205,6
10,5,6,0.813335923353831,6
10,6,7,0.8199168682098389,6
10,7,8,0.8452123045921326,6
10,8,9,0.8057138323783875,6
10,9,10,0.8288231134414673,6
11,1,2,0.5611622465153535,6
11,2,3,0.45760049323240914,6
11,3,4,0.6361772269010544,6
11,4,5,0.9126399914423625,6
11,5,6,0.8821656703948975,6
11,6,7,0.8127886295318604,6
11,7,8,0.6514851694305738,6
11,8,9,0.6606456478436787,6
11,9,10,0.5845507846524318,6
0,1,2,0.9709598478816804,7
0,2,3,0.9707536583855039,7
0,3,4,0.973646206515176,7
0,4,5,0.9745610271181379,7
0,5,6,0.95910287187213,7
0,6,7,0.9240394575255257,7
0,7,8,0.939542395727975,7
0,8,9,0.9724045310701642,7
0,9,10,0.96584476459594,7
1,1,2,0.9173756525630042,7
1,2,3,0.921674648920695,7
1,3,4,0.9253197255588713,7
1,4,5,0.935473640759786,7
1,5,6,0.9306517924581256,7
1,6,7,0.9181202252705892,7
1,7,8,0.9392480679920742,7
1,8,9,0.9255045652389526,7
1,9,10,0.9298236597151983,7
2,1,2,0.9053931264650255,7
2,2,3,0.9112503273146493,7
2,3,4,0.9148826457205272,7
2,4,5,0.9276328569366818,7
2,5,6,0.9195420032455808,7
2,6,7,0.9000889630544753,7
2,7,8,0.9166132637432644,7
2,8,9,0.9166654745737711,7
2,9,10,0.9117568788074312,7
3,1,2,0.8862306532405672,7
3,2,3,0.8949732865606036,7
3,3,4,0.9020290686970666,7
3,4,5,0.9186818855149406,7
3,5,6,0.9168920772416251,7
3,6,7,0.868615965048472,7
3,7,8,0.8767957942826408,7
3,8,9,0.9139357209205627,7
3,9,10,0.8745295745985848,7
4,1,2,0.8839116011347089,7
4,2,3,0.8933351323718116,7
4,3,4,0.8958503547168913,7
4,4,5,0.9184424848783583,7
4,5,6,0.9213871388208299,7
4,6,7,0.8877060214678446,7
4,7,8,0.8958466876120794,7
4,8,9,0.9099801636877514,7
4,9,10,0.8798403711546035,7
5,1,2,0.8629454289163861,7
5,2,3,0.8675155355816796,7
5,3,4,0.8789706003098261,7
5,4,5,0.9059050111543565,7
5,5,6,0.9080233148166111,7
5,6,7,0.8763315762792315,7
5,7,8,0.855217939331418,7
5,8,9,0.8421755206017267,7
5,9,10,0.8806463707061041,7
6,1,2,0.8459366446449643,7
6,2,3,0.8404748212723505,7
6,3,4,0.8585223328499567,7
6,4,5,0.8899246340706235,7
6,5,6,0.8801688551902771,7
6,6,7,0.8615056787218366,7
6,7,8,0.8746698896090189,7
6,8,9,0.870938397589184,7
6,9,10,0.8547835406802949,7
7,1,2,0.8642743428548177,7
7,2,3,0.8372168285506112,7
7,3,4,0.8455490725381034,7
7,4,5,0.8788375684193203,7
7,5,6,0.8595880894433885,7
7,6,7,0.8457116342726207,7
7,7,8,0.8671625937734332,7
7,8,9,0.8809189200401306,7
7,9,10,0.8486336214201791,7
8,1,2,0.8626661953471956,7
8,2,3,0.8217900054795402,7
8,3,4,0.8347838918368021,7
8,4,5,0.8597006968089512,7
8,5,6,0.8566494129952931,7
8,6,7,0.8277257226762318,7
8,7,8,0.8547938636371067,7
8,8,9,0.8986277154513768,7
8,9,10,0.863325468131474,7
9,1,2,0.8101974356742132,7
9,2,3,0.7538154295512608,7
9,3,4,0.7877101585978553,7
9,4,5,0.8028784053666251,7
9,5,6,0.8363116270019895,7
9,6,7,0.8432921795617967,7
9,7,8,0.8545944747470674,7
9,8,9,0.8776943513325283,7
9,9,10,0.8184033036231995,7
10,1,2,0.7987572607539949,7
10,2,3,0.6915416760104043,7
10,3,4,0.757197916507721,7
10,4,5,0.8141270279884338,7
10,5,6,0.8393524913560777,7
10,6,7,0.839399000008901,7
10,7,8,0.8649659951527914,7
10,8,9,0.7875575366474333,7
10,9,10,0.7893307492846534,7
11,1,2,0.4130496333042781,7
11,2,3,0.4109913756450017,7
11,3,4,0.6638214868449029,7
11,4,5,0.8576766167368207,7
11,5,6,0.8501516637347993,7
11,6,7,0.8043067568824405,7
11,7,8,0.7001255239759173,7
11,8,9,0.664999245887711,7
11,9,10,0.6158004050098714,7
0,1,2,0.9697459757328033,8
0,2,3,0.9704283833503723,8
0,3,4,0.9756417870521545,8
0,4,5,0.9717293322086334,8
0,5,6,0.9620248198509216,8
0,6,7,0.9341902554035186,8
0,7,8,0.9429002404212952,8
0,8,9,0.9714980542659759,8
0,9,10,0.9649535775184631,8
1,1,2,0.9111612141132355,8
1,2,3,0.9181674718856812,8
1,3,4,0.9305372893810272,8
1,4,5,0.932943832874298,8
1,5,6,0.9330752730369568,8
1,6,7,0.9250114440917969,8
1,7,8,0.9393743455410004,8
1,8,9,0.9206702888011933,8
1,9,10,0.9265155792236328,8
2,1,2,0.895264619588852,8
2,2,3,0.9063818633556366,8
2,3,4,0.9172951281070709,8
2,4,5,0.92010338306427,8
2,5,6,0.9212623059749603,8
2,6,7,0.9050910890102386,8
2,7,8,0.915856808423996,8
2,8,9,0.9114023685455322,8
2,9,10,0.9052124619483948,8
3,1,2,0.8783938944339752,8
3,2,3,0.8870630979537963,8
3,3,4,0.9003700375556946,8
3,4,5,0.9080968856811523,8
3,5,6,0.9151917994022369,8
3,6,7,0.8655439794063569,8
3,7,8,0.8684099674224853,8
3,8,9,0.9057470202445984,8
3,9,10,0.8640549063682557,8
4,1,2,0.8771079421043396,8
4,2,3,0.8846170246601105,8
4,3,4,0.892331886291504,8
4,4,5,0.908535760641098,8
4,5,6,0.9205733418464661,8
4,6,7,0.8853399395942688,8
4,7,8,0.8888149440288544,8
4,8,9,0.8982248783111573,8
4,9,10,0.8704254746437072,8
5,1,2,0.8560636103153229,8
5,2,3,0.8514175832271575,8
5,3,4,0.8753375887870789,8
5,4,5,0.8980602324008942,8
5,5,6,0.9038539707660675,8
5,6,7,0.8661746978759766,8
5,7,8,0.8591631650924683,8
5,8,9,0.8361460268497467,8
5,9,10,0.8710430920124054,8
6,1,2,0.8331198930740357,8
6,2,3,0.8152420163154602,8
6,3,4,0.8564010798931122,8
6,4,5,0.8821783244609833,8
6,5,6,0.8723211824893952,8
6,6,7,0.8359281182289123,8
6,7,8,0.8738165259361267,8
6,8,9,0.8649982929229736,8
6,9,10,0.8436744749546051,8
7,1,2,0.8423427462577819,8
7,2,3,0.8000316321849823,8
7,3,4,0.8282997608184814,8
7,4,5,0.8667233109474182,8
7,5,6,0.8445462286472321,8
7,6,7,0.8281633377075195,8
7,7,8,0.856275761127472,8
7,8,9,0.8731535315513611,8
7,9,10,0.8489620625972748,8
8,1,2,0.8542270123958587,8
8,2,3,0.7943322718143463,8
8,3,4,0.8235752046108246,8
8,4,5,0.839206314086914,8
8,5,6,0.8368521213531495,8
8,6,7,0.8251192808151245,8
8,7,8,0.8472499847412109,8
8,8,9,0.8827839732170105,8
8,9,10,0.8601393163204193,8
9,1,2,0.7808328449726105,8
9,2,3,0.6821889877319336,8
9,3,4,0.7747324705123901,8
9,4,5,0.779912668466568,8
9,5,6,0.8153933942317962,8
9,6,7,0.8401150524616241,8
9,7,8,0.8413072168827057,8
9,8,9,0.8717437744140625,8
9,9,10,0.8122485399246215,8
10,1,2,0.7855195581912995,8
10,2,3,0.6573506593704224,8
10,3,4,0.7297307401895523,8
10,4,5,0.7664386987686157,8
10,5,6,0.8183678269386292,8
10,6,7,0.8297738254070282,8
10,7,8,0.8451666712760926,8
10,8,9,0.7884709954261779,8
10,9,10,0.8278491020202636,8
11,1,2,0.30081183202564715,8
11,2,3,0.30866642072796824,8
11,3,4,0.5847068682312966,8
11,4,5,0.9088360905647278,8
11,5,6,0.8326005518436432,8
11,6,7,0.8275978088378906,8
11,7,8,0.6389742791652679,8
11,8,9,0.6325158812105656,8
11,9,10,0.5770384619012475,8
0,1,2,0.9741819779078166,9
0,2,3,0.973807406425476,9
0,3,4,0.9755719502766927,9
0,4,5,0.9790668646494548,9
0,5,6,0.9607185284296672,9
0,6,7,0.9303487300872803,9
0,7,8,0.9452083627382915,9
0,8,9,0.9758005619049073,9
0,9,10,0.9726408799489339,9
1,1,2,0.9214659452438354,9
1,2,3,0.9301267822583517,9
1,3,4,0.9366121013959249,9
1,4,5,0.947481648127238,9
1,5,6,0.932328458627065,9
1,6,7,0.9236645181973775,9
1,7,8,0.9429715394973754,9
1,8,9,0.9265412807464599,9
1,9,10,0.9360920866330464,9
2,1,2,0.9058838804562886,9
2,2,3,0.9144198020299276,9
2,3,4,0.9258289337158203,9
2,4,5,0.9346751848856608,9
2,5,6,0.9227930704752604,9
2,6,7,0.9047373731931051,9
2,7,8,0.921886662642161,9
2,8,9,0.9190330505371094,9
2,9,10,0.9209085385004679,9
3,1,2,0.8893325249354045,9
3,2,3,0.8970415115356445,9
3,3,4,0.9103522539138794,9
3,4,5,0.9223352193832397,9
3,5,6,0.9180476506551106,9
3,6,7,0.8697770754496257,9
3,7,8,0.8819366971651713,9
3,8,9,0.9149409532546997,9
3,9,10,0.8816127220789591,9
4,1,2,0.8877980987230937,9
4,2,3,0.8929824113845826,9
4,3,4,0.9005996545155843,9
4,4,5,0.9215733766555786,9
4,5,6,0.9228316903114319,9
4,6,7,0.8885116378466288,9
4,7,8,0.8988765398661296,9
4,8,9,0.9104515194892884,9
4,9,10,0.8832121173540751,9
5,1,2,0.8691632231076558,9
5,2,3,0.8628526012102763,9
5,3,4,0.8839669346809387,9
5,4,5,0.9108010649681091,9
5,5,6,0.9138724009195963,9
5,6,7,0.8757277011871338,9
5,7,8,0.8542594750722249,9
5,8,9,0.8362194975217183,9
5,9,10,0.8833158214886984,9
6,1,2,0.8516994476318359,9
6,2,3,0.834472906589508,9
6,3,4,0.8665538152058919,9
6,4,5,0.8933148543039958,9
6,5,6,0.8835318406422933,9
6,6,7,0.8475144306818644,9
6,7,8,0.8809552669525147,9
6,8,9,0.8751020510991414,9
6,9,10,0.8595309138298035,9
7,1,2,0.8540926814079285,9
7,2,3,0.8148370544115703,9
7,3,4,0.8457437793413798,9
7,4,5,0.8806980927785237,9
7,5,6,0.8631239771842957,9
7,6,7,0.8366405804951985,9
7,7,8,0.8697114944458008,9
7,8,9,0.8881182233492534,9
7,9,10,0.8491719603538513,9
8,1,2,0.8612824320793152,9
8,2,3,0.801788055896759,9
8,3,4,0.8326725323994955,9
8,4,5,0.8619432051976522,9
8,5,6,0.8439660708109538,9
8,6,7,0.8214046597480774,9
8,7,8,0.8606426199277242,9
8,8,9,0.8965054829915364,9
8,9,10,0.8615788817405701,9
9,1,2,0.7920315821965536,9
9,2,3,0.7012087086836497,9
9,3,4,0.7902534961700439,9
9,4,5,0.8021964947382609,9
9,5,6,0.8422205924987793,9
9,6,7,0.8519702672958374,9
9,7,8,0.8589031020800273,9
9,8,9,0.8836008111635844,9
9,9,10,0.821465774377187,9
10,1,2,0.7897187312444051,9
10,2,3,0.6633452812830607,9
10,3,4,0.751288217306137,9
10,4,5,0.7912907918294271,9
10,5,6,0.8342145204544067,9
10,6,7,0.8299156427383423,9
10,7,8,0.8510646899541219,9
10,8,9,0.7898240447044372,9
10,9,10,0.788066295782725,9
11,1,2,0.37261616413791976,9
11,2,3,0.2996169353524844,9
11,3,4,0.6599307666222255,9
11,4,5,0.9193894108136494,9
11,5,6,0.8207065463066101,9
11,6,7,0.8127186973889668,9
11,7,8,0.6739118119080861,9
11,8,9,0.616842600206534,9
11,9,10,0.5855884876102209,9
0,1,2,0.9759332906632197,10
0,2,3,0.9752428418114072,10
0,3,4,0.9741532036236354,10
0,4,5,0.978553383123307,10
0,5,6,0.961491638705844,10
0,6,7,0.9252165612720308,10
0,7,8,0.9427469940412612,10
0,8,9,0.9766288286163693,10
0,9,10,0.9736936205909366,10
1,1,2,0.923254010223207,10
1,2,3,0.9290670071329389,10
1,3,4,0.9291977967534747,10
1,4,5,0.9434859695888701,10
1,5,6,0.9319886820656913,10
1,6,7,0.9176098931403387,10
1,7,8,0.9423127145994277,10
1,8,9,0.9260046709151495,10
1,9,10,0.9358164327485221,10
2,1,2,0.9086978236834208,10
2,2,3,0.913846166360946,10
2,3,4,0.9248385628064474,10
2,4,5,0.9358288021314711,10
2,5,6,0.9232031192098346,10
2,6,7,0.903121068364098,10
2,7,8,0.9219866934276763,10
2,8,9,0.9187855692136855,10
2,9,10,0.9208112131981623,10
3,1,2,0.893268590881711,10
3,2,3,0.8970401116779873,10
3,3,4,0.9117359973135448,10
3,4,5,0.9244870486713591,10
3,5,6,0.9189940946442741,10
3,6,7,0.8702743081819444,10
3,7,8,0.8831015058926174,10
3,8,9,0.9153293200901577,10
3,9,10,0.8832512866883051,10
4,1,2,0.8910874667621794,10
4,2,3,0.8931578312601361,10
4,3,4,0.9030779146012806,10
4,4,5,0.9230293205806187,10
4,5,6,0.9245879650115967,10
4,6,7,0.8884065378279913,10
4,7,8,0.8998080719084967,10
4,8,9,0.9119172124635606,10
4,9,10,0.8855784166426885,10
5,1,2,0.8728484681674412,10
5,2,3,0.8627741563887823,10
5,3,4,0.8844317935761952,10
5,4,5,0.9105672580855233,10
5,5,6,0.9133278528849283,10
5,6,7,0.8772150930904207,10
5,7,8,0.8581117930866423,10
5,8,9,0.8370948206810724,10
5,9,10,0.88526965039117,10
6,1,2,0.8518916964530945,10
6,2,3,0.83098114104498,10
6,3,4,0.8656061093012491,10
6,4,5,0.8921239858581906,10
6,5,6,0.8805208802223206,10
6,6,7,0.8525681268601191,10
6,7,8,0.8770023385683695,10
6,8,9,0.868502540247781,10
6,9,10,0.8597262359800792,10
7,1,2,0.8576922047705877,10
7,2,3,0.8125244889940534,10
7,3,4,0.8454564156986418,10
7,4,5,0.8787272771199545,10
7,5,6,0.8572839470136733,10
7,6,7,0.8325811823209127,10
7,7,8,0.8683853262946719,10
7,8,9,0.8844185585067386,10
7,9,10,0.845990118526277,10
8,1,2,0.8643411142485482,10
8,2,3,0.8036027181716192,10
8,3,4,0.8370549423354012,10
8,4,5,0.8577179681687128,10
8,5,6,0.8467205961545309,10
8,6,7,0.8214548627535502,10
8,7,8,0.8552962967327663,10
8,8,9,0.8989292212894985,10
8,9,10,0.8625444457644508,10
9,1,2,0.7908341430482411,10
9,2,3,0.700736132406053,10
9,3,4,0.7961139168058123,10
9,4,5,0.7923172314961752,10
9,5,6,0.8470515864236015,10
9,6,7,0.8562049525124686,10
9,7,8,0.8615261827196393,10
9,8,9,0.881931986127581,10
9,9,10,0.816932085014525,10
10,1,2,0.7879494655699957,10
10,2,3,0.658929298321406,10
10,3,4,0.7621330349218278,10
10,4,5,0.7916742364565531,10
10,5,6,0.8431775342850458,10
10,6,7,0.8385294306845892,10
10,7,8,0.8557225181942895,10
10,8,9,0.7865416663033622,10
10,9,10,0.790756222747621,10
11,1,2,0.3516218174426329,10
11,2,3,0.3109671122261456,10
11,3,4,0.6777336178790956,10
11,4,5,0.8558595861707415,10
11,5,6,0.8346898300307137,10
11,6,7,0.8017881455875578,10
11,7,8,0.6712335078489213,10
11,8,9,0.6385573436106954,10
11,9,10,0.593747876850622,10
0,1,2,0.9707279631069728,11
0,2,3,0.9743095210620335,11
0,3,4,0.9730443471953982,11
0,4,5,0.972129205862681,11
0,5,6,0.9639673573630196,11
0,6,7,0.9277156108901614,11
0,7,8,0.942862990356627,11
0,8,9,0.9748336133502778,11
0,9,10,0.967054355712164,11
1,1,2,0.9226622297650292,11
1,2,3,0.9328991572062174,11
1,3,4,0.9266269235383897,11
1,4,5,0.9334250972384498,11
1,5,6,0.9358487299510411,11
1,6,7,0.9193916207268125,11
1,7,8,0.9422258763086229,11
1,8,9,0.9307424936975751,11
1,9,10,0.9341989159584045,11
2,1,2,0.9139468442826044,11
2,2,3,0.9205440055756342,11
2,3,4,0.918536521139599,11
2,4,5,0.9246853590011597,11
2,5,6,0.9233952703930083,11
2,6,7,0.9003800324031285,11
2,7,8,0.9197926663217091,11
2,8,9,0.922267150311243,11
2,9,10,0.913111564658937,11
3,1,2,0.8976042071978251,11
3,2,3,0.9005770740054903,11
3,3,4,0.9043512174061367,11
3,4,5,0.9178060321580797,11
3,5,6,0.9188280957085746,11
3,6,7,0.8661313397543771,11
3,7,8,0.8786741324833461,11
3,8,9,0.9169588883717855,11
3,9,10,0.8759764461290269,11
4,1,2,0.893292058081854,11
4,2,3,0.8965498776662917,11
4,3,4,0.8990836682773772,11
4,4,5,0.918855295294807,11
4,5,6,0.924033732641311,11
4,6,7,0.8849017790385655,11
4,7,8,0.8941820349012103,11
4,8,9,0.9129130045572916,11
4,9,10,0.8846995858919053,11
5,1,2,0.8682495298839751,11
5,2,3,0.8654487161409288,11
5,3,4,0.8797996810504368,11
5,4,5,0.9077532632010323,11
5,5,6,0.9090716895602998,11
5,6,7,0.8692967068581354,11
5,7,8,0.8529814169520423,11
5,8,9,0.8346284003484816,11
5,9,10,0.8815569054512751,11
6,1,2,0.8477376869746617,11
6,2,3,0.8355054940496173,11
6,3,4,0.8585914742378962,11
6,4,5,0.8949259945324489,11
6,5,6,0.8784150992121015,11
6,6,7,0.8537843653133937,11
6,7,8,0.8724930002575829,11
6,8,9,0.8715689409346807,11
6,9,10,0.8576827815600804,11
7,1,2,0.8561825922557286,11
7,2,3,0.8146768269084749,11
7,3,4,0.835516353448232,11
7,4,5,0.8768416529610044,11
7,5,6,0.849986609958467,11
7,6,7,0.8170667659668696,11
7,7,8,0.8637672747884478,11
7,8,9,0.8776753601573762,11
7,9,10,0.8476293512753078,11
8,1,2,0.8594441754477364,11
8,2,3,0.8004081419536045,11
8,3,4,0.8325954051244826,11
8,4,5,0.8545317422775995,11
8,5,6,0.8540742425691514,11
8,6,7,0.8126237335659209,11
8,7,8,0.8515132296653021,11
8,8,9,0.9002260679290408,11
8,9,10,0.8582046798297337,11
9,1,2,0.7874238178843543,11
9,2,3,0.7074345066433861,11
9,3,4,0.7879873514175415,11
9,4,5,0.7968521174930391,11
9,5,6,0.8404362570671808,11
9,6,7,0.8376019369988215,11
9,7,8,0.8533928678149268,11
9,8,9,0.8800377334867205,11
9,9,10,0.8150859645434788,11
10,1,2,0.781441160610744,11
10,2,3,0.659311443567276,11
10,3,4,0.7473292109512147,11
10,4,5,0.8113111484618414,11
10,5,6,0.8191247241837638,11
10,6,7,0.8090420422099885,11
10,7,8,0.8446032319750104,11
10,8,9,0.7785527393931434,11
10,9,10,0.7756197594460987,11
11,1,2,0.42721998549643014,11
11,2,3,0.39264595898843946,11
11,3,4,0.6760303874810537,11
11,4,5,0.8536823420297532,11
11,5,6,0.8482863477298191,11
11,6,7,0.8009263418969654,11
11,7,8,0.7584182506515866,11
11,8,9,0.6094368628802753,11
11,9,10,0.5590638669118995,11
0,1,2,0.9750211473022189,12
0,2,3,0.9771889618464878,12
0,3,4,0.975044139793941,12
0,4,5,0.9730296965156283,12
0,5,6,0.9641977293150765,12
0,6,7,0.9288050276892525,12
0,7,8,0.9425876417330333,12
0,8,9,0.9752335697412491,12
0,9,10,0.968297426189695,12
1,1,2,0.9248502318348203,12
1,2,3,0.9300111702510289,12
1,3,4,0.9276946314743587,12
1,4,5,0.9335332768304008,12
1,5,6,0.9345066930566516,12
1,6,7,0.9201268787894931,12
1,7,8,0.9415882059506008,12
1,8,9,0.9277210789067405,12
1,9,10,0.930579736828804,12
2,1,2,0.9107682683638164,12
2,2,3,0.9154602523360934,12
2,3,4,0.9192648764167514,12
2,4,5,0.9279926951442447,12
2,5,6,0.9201249927282333,12
2,6,7,0.9032539618866784,12
2,7,8,0.9193384179047176,12
2,8,9,0.9204926639795303,12
2,9,10,0.9110504175935473,12
3,1,2,0.8905564887183053,12
3,2,3,0.896232083439827,12
3,3,4,0.9063505040747779,12
3,4,5,0.9172562935522625,12
3,5,6,0.9136963167360851,12
3,6,7,0.8626561058419091,12
3,7,8,0.8738827364785331,12
3,8,9,0.9165070525237492,12
3,9,10,0.8717394300869533,12
4,1,2,0.8858863349471774,12
4,2,3,0.8934836110898426,12
4,3,4,0.9021963349410466,12
4,4,5,0.9196858299630029,12
4,5,6,0.9204573865447726,12
4,6,7,0.8835439213684627,12
4,7,8,0.8935871060405459,12
4,8,9,0.9122224258525031,12
4,9,10,0.8775869565350669,12
5,1,2,0.8591304974896568,12
5,2,3,0.861879751086235,12
5,3,4,0.8845258887325015,12
5,4,5,0.909152205501284,12
5,5,6,0.9066848499434335,12
5,6,7,0.8688300656420844,12
5,7,8,0.8636118450335094,12
5,8,9,0.8375004721539361,12
5,9,10,0.8757266508681434,12
6,1,2,0.839969705258097,12
6,2,3,0.835244921701295,12
6,3,4,0.8647484332323074,12
6,4,5,0.895679656948362,12
6,5,6,0.8770622078861509,12
6,6,7,0.8516440434115273,12
6,7,8,0.8767445236444473,12
6,8,9,0.8675984697682517,12
6,9,10,0.8535831591912678,12
7,1,2,0.8538048842123577,12
7,2,3,0.8190659603902272,12
7,3,4,0.8484979697636196,12
7,4,5,0.8789809473923275,12
7,5,6,0.8470197809594018,12
7,6,7,0.8249216271298272,12
7,7,8,0.8655123497758593,12
7,8,9,0.8784175493887493,12
7,9,10,0.848791744027819,12
8,1,2,0.8607966601848602,12
8,2,3,0.8065502239125115,12
8,3,4,0.8382036068609783,12
8,4,5,0.8570408246346882,12
8,5,6,0.843810498714447,12
8,6,7,0.8211727057184491,12
8,7,8,0.8534304563488279,12
8,8,9,0.9032042154244014,12
8,9,10,0.8638489416667393,12
9,1,2,0.7910781119550977,12
9,2,3,0.7126768806150982,12
9,3,4,0.8071592003107071,12
9,4,5,0.7996313508067813,12
9,5,6,0.8392330429383686,12
9,6,7,0.8448113607508796,12
9,7,8,0.8503724400486264,12
9,8,9,0.8830053636005947,12
9,9,10,0.8185391000338963,12
10,1,2,0.8009841761418751,12
10,2,3,0.694619934473719,12
10,3,4,0.8095322868653706,12
10,4,5,0.7949206509760448,12
10,5,6,0.8422139244420188,12
10,6,7,0.8290206726108279,12
10,7,8,0.8450381010770798,12
10,8,9,0.8033863114459174,12
10,9,10,0.7938295943396432,12
11,1,2,0.3891978780073779,12
11,2,3,0.4582237537418093,12
11,3,4,0.8403527310916356,12
11,4,5,0.8654357620647976,12
11,5,6,0.8309941376958575,12
11,6,7,0.8103823023183006,12
11,7,8,0.6110256583030734,12
11,8,9,0.7000178726656097,12
11,9,10,0.6341549828648567,12
0,1,2,0.9751757553645543,13
0,2,3,0.975912542570205,13
0,3,4,0.97505122423172,13
0,4,5,0.9766751442636762,13
0,5,6,0.9619033336639404,13
0,6,7,0.9326513863745189,13
0,7,8,0.9456519910267421,13
0,8,9,0.9754482337406704,13
0,9,10,0.9710841491108849,13
1,1,2,0.9226007404781523,13
1,2,3,0.9326905892008827,13
1,3,4,0.9378477647191003,13
1,4,5,0.9444309416271391,13
1,5,6,0.9343671202659607,13
1,6,7,0.9267976596241906,13
1,7,8,0.9428431476865496,13
1,8,9,0.9276243618556431,13
1,9,10,0.9349840794290815,13
2,1,2,0.9076859922636122,13
2,2,3,0.9178594577880133,13
2,3,4,0.9256600595655895,13
2,4,5,0.9342031592414493,13
2,5,6,0.9230167212940398,13
2,6,7,0.9099584619204203,13
2,7,8,0.9230251510938009,13
2,8,9,0.9186189997763861,13
2,9,10,0.9191476475624811,13
3,1,2,0.8892640528224763,13
3,2,3,0.9025963232630775,13
3,3,4,0.9125119504474458,13
3,4,5,0.9237816191854931,13
3,5,6,0.9187719311032977,13
3,6,7,0.8734471542494637,13
3,7,8,0.8812022691681272,13
3,8,9,0.9152818719546,13
3,9,10,0.8812966375123887,13
4,1,2,0.8868886289142427,13
4,2,3,0.8992359269232977,13
4,3,4,0.9050001871018183,13
4,4,5,0.9239987901278904,13
4,5,6,0.9214432097616649,13
4,6,7,0.8927255698612758,13
4,7,8,0.8994784695761544,13
4,8,9,0.9104341098240444,13
4,9,10,0.8826028136979966,13
5,1,2,0.8681506230717614,13
5,2,3,0.8763065792265392,13
5,3,4,0.8904500717208499,13
5,4,5,0.9132388035456339,13
5,5,6,0.9132950788452512,13
5,6,7,0.8852279413314093,13
5,7,8,0.8548968377567473,13
5,8,9,0.8340733448664347,13
5,9,10,0.8835748405683608,13
6,1,2,0.8594791520209539,13
6,2,3,0.8613737111999875,13
6,3,4,0.873939111119225,13
6,4,5,0.8957990266027904,13
6,5,6,0.8883420711471921,13
6,6,7,0.8616142982528323,13
6,7,8,0.8868244659333002,13
6,8,9,0.8771174720355442,13
6,9,10,0.864163909639631,13
7,1,2,0.8660892304920015,13
7,2,3,0.8521742650440761,13
7,3,4,0.8650230367978414,13
7,4,5,0.8874123607363019,13
7,5,6,0.8774888487089247,13
7,6,7,0.857352838629768,13
7,7,8,0.8747420055525643,13
7,8,9,0.8877867062886556,13
7,9,10,0.8516588977405003,13
8,1,2,0.8656493141537621,13
8,2,3,0.8315873316356114,13
8,3,4,0.8417879825546628,13
8,4,5,0.8682780265808105,13
8,5,6,0.8537771162532625,13
8,6,7,0.833296693506695,13
8,7,8,0.8636300109681629,13
8,8,9,0.8989277056285313,13
8,9,10,0.8575340594564166,13
9,1,2,0.836539992264339,13
9,2,3,0.7765465974807739,13
9,3,4,0.7995651080494836,13
9,4,5,0.8209589606239682,13
9,5,6,0.8473977815537226,13
9,6,7,0.8570441632043748,13
9,7,8,0.8580193207377479,13
9,8,9,0.8870475746336437,13
9,9,10,0.8135622143745422,13
10,1,2,0.8191722262473333,13
10,2,3,0.72611912943068,13
10,3,4,0.7645167992228553,13
10,4,5,0.8066482543945312,13
10,5,6,0.8138884220804486,13
10,6,7,0.808732305254255,13
10,7,8,0.8473267214638847,13
10,8,9,0.787016422975631,13
10,9,10,0.7898767193158468,13
11,1,2,0.4707784058437461,13
11,2,3,0.40146745102746145,13
11,3,4,0.6899967204247203,13
11,4,5,0.925017169543675,13
11,5,6,0.8406920262745449,13
11,6,7,0.8068946174212864,13
11,7,8,0.6322563875998769,13
11,8,9,0.634332456049465,13
11,9,10,0.5735868184516827,13
0,1,2,0.9721557021141052,14
0,2,3,0.9770881255467733,14
0,3,4,0.9735796411832174,14
0,4,5,0.9689458847045899,14
0,5,6,0.9680527607599895,14
0,6,7,0.9301946600278218,14
0,7,8,0.9418887019157409,14
0,8,9,0.9731434384981791,14
0,9,10,0.9660836577415466,14
1,1,2,0.9130003929138184,14
1,2,3,0.9226713220278422,14
1,3,4,0.9211156646410624,14
1,4,5,0.923144268989563,14
1,5,6,0.9363086700439454,14
1,6,7,0.9185839931170146,14
1,7,8,0.9389755606651307,14
1,8,9,0.920262877146403,14
1,9,10,0.9249722123146057,14
2,1,2,0.8995708346366882,14
2,2,3,0.9111367225646972,14
2,3,4,0.9151102979977925,14
2,4,5,0.9194511930147807,14
2,5,6,0.9214706778526306,14
2,6,7,0.9060242772102356,14
2,7,8,0.917383094628652,14
2,8,9,0.9103759010632833,14
2,9,10,0.9018045783042907,14
3,1,2,0.8822088440259298,14
3,2,3,0.892143706480662,14
3,3,4,0.9019309441248576,14
3,4,5,0.9103106737136841,14
3,5,6,0.913485030333201,14
3,6,7,0.861299971739451,14
3,7,8,0.8655964771906535,14
3,8,9,0.9062687198321024,14
3,9,10,0.8611877838770549,14
4,1,2,0.8774076064427694,14
4,2,3,0.889102840423584,14
4,3,4,0.8955089211463928,14
4,4,5,0.9121421019236247,14
4,5,6,0.9179593920707703,14
4,6,7,0.8834684769312541,14
4,7,8,0.8864848136901855,14
4,8,9,0.9011951367060343,14
4,9,10,0.8697127342224121,14
5,1,2,0.8538092970848083,14
5,2,3,0.8593157768249512,14
5,3,4,0.8778634389241536,14
5,4,5,0.9017110188802083,14
5,5,6,0.9029617826143901,14
5,6,7,0.8718343655268351,14
5,7,8,0.8468449473381042,14
5,8,9,0.8114718755086263,14
5,9,10,0.8677084406216939,14
6,1,2,0.8393226186434428,14
6,2,3,0.838084363937378,14
6,3,4,0.8557904839515686,14
6,4,5,0.8875065485636393,14
6,5,6,0.8693227211634318,14
6,6,7,0.8522130489349365,14
6,7,8,0.8708874146143596,14
6,8,9,0.8576982895533244,14
6,9,10,0.8452835996945699,14
7,1,2,0.8580678224563598,14
7,2,3,0.8270988027254741,14
7,3,4,0.8392212390899658,14
7,4,5,0.8694515347480773,14
7,5,6,0.8441013216972351,14
7,6,7,0.8237829685211182,14
7,7,8,0.8560807347297669,14
7,8,9,0.8671755353609721,14
7,9,10,0.8456641236941019,14
8,1,2,0.8559503634770711,14
8,2,3,0.8105615377426147,14
8,3,4,0.8305396358172099,14
8,4,5,0.8370895385742188,14
8,5,6,0.8394737203915914,14
8,6,7,0.8170602003733317,14
8,7,8,0.8376042604446411,14
8,8,9,0.8880768815676371,14
8,9,10,0.8475139617919922,14
9,1,2,0.8137491901715597,14
9,2,3,0.7309850136439006,14
9,3,4,0.7794700662295023,14
9,4,5,0.7869564811388652,14
9,5,6,0.8252062559127807,14
9,6,7,0.832355793317159,14
9,7,8,0.8341692566871644,14
9,8,9,0.8676208416620891,14
9,9,10,0.7823786815007527,14
10,1,2,0.7985827406247457,14
10,2,3,0.6957262416680654,14
10,3,4,0.7380855361620585,14
10,4,5,0.7748058597246806,14
10,5,6,0.7813818335533143,14
10,6,7,0.7809059580167135,14
10,7,8,0.826460599899292,14
10,8,9,0.7498397827148438,14
10,9,10,0.7973813613255819,14
11,1,2,0.4597672859827677,14
11,2,3,0.39818605333566665,14
11,3,4,0.6215024913350741,14
11,4,5,0.841132934888204,14
11,5,6,0.8516366958618165,14
11,6,7,0.7849978725115458,14
11,7,8,0.5443963532646497,14
11,8,9,0.5976682335138321,14
11,9,10,0.5001320907225212,14
0,1,2,0.9782218098640442,15
0,2,3,0.9754136860370636,15
0,3,4,0.9743532061576843,15
0,4,5,0.9774531245231628,15
0,5,6,0.9629421949386596,15
0,6,7,0.926686418056488,15
0,7,8,0.943872720003128,15
0,8,9,0.9760487914085388,15
0,9,10,0.9734062612056732,15
1,1,2,0.922373217344284,15
1,2,3,0.9213619589805603,15
1,3,4,0.9230010449886322,15
1,4,5,0.9391398727893829,15
1,5,6,0.9296023666858673,15
1,6,7,0.9151227474212646,15
1,7,8,0.9406435310840606,15
1,8,9,0.9214925527572632,15
1,9,10,0.9303698480129242,15
2,1,2,0.9045867025852203,15
2,2,3,0.9066352248191833,15
2,3,4,0.9209590792655945,15
2,4,5,0.93508540391922,15
2,5,6,0.9205646634101867,15
2,6,7,0.9052812814712524,15
2,7,8,0.9210726797580719,15
2,8,9,0.916714358329773,15
2,9,10,0.9172145187854767,15
3,1,2,0.8862774133682251,15
3,2,3,0.894849956035614,15
3,3,4,0.9093297302722931,15
3,4,5,0.9234299004077912,15
3,5,6,0.9169429481029511,15
3,6,7,0.8710462570190429,15
3,7,8,0.8828301310539246,15
3,8,9,0.9140744924545288,15
3,9,10,0.8827803671360016,15
4,1,2,0.8836685597896576,15
4,2,3,0.8938612222671509,15
4,3,4,0.903905862569809,15
4,4,5,0.9230020761489868,15
4,5,6,0.9224370419979095,15
4,6,7,0.8906520783901215,15
4,7,8,0.9018793225288391,15
4,8,9,0.9127130091190339,15
4,9,10,0.8823142349720001,15
5,1,2,0.8668682277202606,15
5,2,3,0.8673066914081573,15
5,3,4,0.8857891142368317,15
5,4,5,0.9107031643390655,15
5,5,6,0.9123755812644958,15
5,6,7,0.8834820866584778,15
5,7,8,0.8675124049186707,15
5,8,9,0.8424434125423431,15
5,9,10,0.8834468305110932,15
6,1,2,0.8488298952579498,15
6,2,3,0.8417662441730499,15
6,3,4,0.8681220412254333,15
6,4,5,0.8939302086830139,15
6,5,6,0.8831213772296905,15
6,6,7,0.8648772239685059,15
6,7,8,0.8844376802444458,15
6,8,9,0.860575121641159,15
6,9,10,0.8639193058013916,15
7,1,2,0.8655195713043213,15
7,2,3,0.8366711914539338,15
7,3,4,0.8599755704402924,15
7,4,5,0.8847856760025025,15
7,5,6,0.8661398828029633,15
7,6,7,0.8584037959575653,15
7,7,8,0.8726406276226044,15
7,8,9,0.8907479226589203,15
7,9,10,0.8514476776123047,15
8,1,2,0.872130298614502,15
8,2,3,0.8271724581718445,15
8,3,4,0.8462043166160583,15
8,4,5,0.8616281986236572,15
8,5,6,0.8512168884277344,15
8,6,7,0.8549148559570312,15
8,7,8,0.8617550373077393,15
8,8,9,0.906399941444397,15
8,9,10,0.8720785796642303,15
9,1,2,0.8317887246608734,15
9,2,3,0.7661840736865997,15
9,3,4,0.8193095862865448,15
9,4,5,0.800429105758667,15
9,5,6,0.8589201390743255,15
9,6,7,0.873984569311142,15
9,7,8,0.8707888841629028,15
9,8,9,0.8829880654811859,15
9,9,10,0.8161394476890564,15
10,1,2,0.8396007657051087,15
10,2,3,0.7495984554290771,15
10,3,4,0.8250065743923187,15
10,4,5,0.7968499541282654,15
10,5,6,0.8880278468132019,15
10,6,7,0.8720893442630768,15
10,7,8,0.8744532942771912,15
10,8,9,0.808436781167984,15
10,9,10,0.7840208530426025,15
11,1,2,0.3717317391186953,15
11,2,3,0.5322116889059544,15
11,3,4,0.8434077501296997,15
11,4,5,0.8370079696178436,15
11,5,6,0.8298197388648987,15
11,6,7,0.8086540639400482,15
11,7,8,0.5912877410650254,15
11,8,9,0.7252695113420486,15
11,9,10,0.6850469589233399,15
0,1,2,0.9692384998003641,16
0,2,3,0.9719676375389099,16
0,3,4,0.9733970761299133,16
0,4,5,0.9731926838556926,16
0,5,6,0.9608103791872661,16
0,6,7,0.9217930595080058,16
0,7,8,0.9384901245435079,16
0,8,9,0.9732221086819967,16
0,9,10,0.9662760893503824,16
1,1,2,0.9171425183614095,16
1,2,3,0.9262361327807108,16
1,3,4,0.9220140973726908,16
1,4,5,0.9319847067197163,16
1,5,6,0.9310761372248332,16
1,6,7,0.9136028448740642,16
1,7,8,0.9386338909467061,16
1,8,9,0.9253330866495768,16
1,9,10,0.9303146560986837,16
2,1,2,0.9072061936060588,16
2,2,3,0.9132898211479187,16
2,3,4,0.913091758886973,16
2,4,5,0.9231404542922974,16
2,5,6,0.9191095272699992,16
2,6,7,0.8940195957819621,16
2,7,8,0.9148671984672546,16
2,8,9,0.9172089417775472,16
2,9,10,0.9081692496935526,16
3,1,2,0.8910345395406087,16
3,2,3,0.893362017472585,16
3,3,4,0.8983071088790894,16
3,4,5,0.9144641041755677,16
3,5,6,0.9146053115526835,16
3,6,7,0.8593085726102193,16
3,7,8,0.872614308198293,16
3,8,9,0.9126559615135192,16
3,9,10,0.868399731318156,16
4,1,2,0.8869348446528117,16
4,2,3,0.8890950322151184,16
4,3,4,0.892011559009552,16
4,4,5,0.9149506370226542,16
4,5,6,0.9212984323501587,16
4,6,7,0.8792603333791097,16
4,7,8,0.8898129940032959,16
4,8,9,0.9096096197764079,16
4,9,10,0.877734104792277,16
5,1,2,0.8620260000228882,16
5,2,3,0.8568040172259013,16
5,3,4,0.8725046078364055,16
5,4,5,0.9035895705223084,16
5,5,6,0.9049480358759562,16
5,6,7,0.8609372735023498,16
5,7,8,0.8456136584281921,16
5,8,9,0.8300542712211609,16
5,9,10,0.8753907044728597,16
6,1,2,0.837490443388621,16
6,2,3,0.8226390242576599,16
6,3,4,0.8509603659311931,16
6,4,5,0.8899258097012838,16
6,5,6,0.8721024473508199,16
6,6,7,0.8465482234954834,16
6,7,8,0.8641638120015462,16
6,8,9,0.8669381817181905,16
6,9,10,0.8493334412574768,16
7,1,2,0.8514462471008301,16
7,2,3,0.8066047032674154,16
7,3,4,0.826653536160787,16
7,4,5,0.8718562960624695,16
7,5,6,0.8400723775227864,16
7,6,7,0.812531832853953,16
7,7,8,0.8585696458816529,16
7,8,9,0.875243866443634,16
7,9,10,0.8433973987897238,16
8,1,2,0.8559566855430603,16
8,2,3,0.7931051890055338,16
8,3,4,0.8259854118029276,16
8,4,5,0.8525087674458821,16
8,5,6,0.8464895764986674,16
8,6,7,0.8061241030693054,16
8,7,8,0.8451350768407185,16
8,8,9,0.8962899009386699,16
8,9,10,0.8578722874323527,16
9,1,2,0.767013696829478,16
9,2,3,0.6856723527113596,16
9,3,4,0.7788148164749146,16
9,4,5,0.7885603944460551,16
9,5,6,0.8297153194745381,16
9,6,7,0.8286868651707967,16
9,7,8,0.8477468212445577,16
9,8,9,0.8718119462331136,16
9,9,10,0.8129167119661967,16
10,1,2,0.7632666071256001,16
10,2,3,0.6374222815036774,16
10,3,4,0.7373104115327199,16
10,4,5,0.801625645160675,16
10,5,6,0.8284900824228922,16
10,6,7,0.8228596488634745,16
10,7,8,0.8490280667940776,16
10,8,9,0.7716563423474629,16
10,9,10,0.7704166173934937,16
11,1,2,0.35158559679985046,16
11,2,3,0.3368592550357183,16
11,3,4,0.6409737368424734,16
11,4,5,0.8386641343434652,16
11,5,6,0.8348731676737468,16
11,6,7,0.7959596514701843,16
11,7,8,0.7539790550867717,16
11,8,9,0.5997636422514916,16
11,9,10,0.5654423269132773,16
0,1,2,0.972969651222229,17
0,2,3,0.9819550712903341,17
0,3,4,0.9743009507656097,17
0,4,5,0.9750251670678457,17
0,5,6,0.968528151512146,17
0,6,7,0.9338344732920328,17
0,7,8,0.9541296660900116,17
0,8,9,0.9747653404871622,17
0,9,10,0.9741884171962738,17
1,1,2,0.926613042751948,17
1,2,3,0.9466045002142588,17
1,3,4,0.9388983945051829,17
1,4,5,0.945027639468511,17
1,5,6,0.9416157801946005,17
1,6,7,0.9237726827462515,17
1,7,8,0.948318769534429,17
1,8,9,0.9272199471791586,17
1,9,10,0.9389111797014872,17
2,1,2,0.9101232588291168,17
2,2,3,0.9220837354660034,17
2,3,4,0.9239097038904825,17
2,4,5,0.9316245714823405,17
2,5,6,0.9279012084007263,17
2,6,7,0.9114903708299001,17
2,7,8,0.930911789337794,17
2,8,9,0.9162110884984335,17
2,9,10,0.910010834534963,17
3,1,2,0.8889899055163065,17
3,2,3,0.8957581321398417,17
3,3,4,0.9068574210007986,17
3,4,5,0.9204916656017303,17
3,5,6,0.9203822910785675,17
3,6,7,0.8661235471566519,17
3,7,8,0.8765054643154144,17
3,8,9,0.9123904903729757,17
3,9,10,0.8688809176286062,17
4,1,2,0.881803552309672,17
4,2,3,0.8870191474755605,17
4,3,4,0.8974354366461436,17
4,4,5,0.9216342469056448,17
4,5,6,0.9234883189201355,17
4,6,7,0.8870368401209513,17
4,7,8,0.8974460562070211,17
4,8,9,0.9078413248062134,17
4,9,10,0.8730318248271942,17
5,1,2,0.8633868296941122,17
5,2,3,0.8461782236893972,17
5,3,4,0.8796504338582357,17
5,4,5,0.9119529326756796,17
5,5,6,0.9062406222025553,17
5,6,7,0.8597855865955353,17
5,7,8,0.8407047986984253,17
5,8,9,0.8036809166272482,17
5,9,10,0.8726788659890493,17
6,1,2,0.8551012873649597,17
6,2,3,0.8230493664741516,17
6,3,4,0.8497801621754965,17
6,4,5,0.8992884258429209,17
6,5,6,0.8748646974563599,17
6,6,7,0.8288582662741343,17
6,7,8,0.8804391225179037,17
6,8,9,0.8715999921162924,17
6,9,10,0.8510381380716959,17
7,1,2,0.8432755768299103,17
7,2,3,0.773183266321818,17
7,3,4,0.8203380505243937,17
7,4,5,0.8863396445910136,17
7,5,6,0.8504911959171295,17
7,6,7,0.7944459815820059,17
7,7,8,0.8729289571444193,17
7,8,9,0.8772610127925873,17
7,9,10,0.8502578834692637,17
8,1,2,0.8589035967985789,17
8,2,3,0.7749410072962443,17
8,3,4,0.808495819568634,17
8,4,5,0.8430338700612386,17
8,5,6,0.8456862767537435,17
8,6,7,0.7949269612630209,17
8,7,8,0.8488417367140452,17
8,8,9,0.8940165042877197,17
8,9,10,0.8427256246407827,17
9,1,2,0.8018423219521841,17
9,2,3,0.6594770898421606,17
9,3,4,0.7584094107151031,17
9,4,5,0.8125384449958801,17
9,5,6,0.8533153434594473,17
9,6,7,0.8343610167503357,17
9,7,8,0.8368398944536845,17
9,8,9,0.8763731916745504,17
9,9,10,0.7752433717250824,17
10,1,2,0.7658242483933767,17
10,2,3,0.6199687321980795,17
10,3,4,0.700158899029096,17
10,4,5,0.8061152895291647,17
10,5,6,0.7555877963701884,17
10,6,7,0.7281562586625417,17
10,7,8,0.8067961931228638,17
10,8,9,0.7190438111623129,17
10,9,10,0.7927615543206533,17
11,1,2,0.4666837404171626,17
11,2,3,0.21163688972592354,17
11,3,4,0.5558668685456117,17
11,4,5,0.926992654800415,17
11,5,6,0.8254383107026418,17
11,6,7,0.7980910042921702,17
11,7,8,0.5870668490727743,17
11,8,9,0.5031997499366602,17
11,9,10,0.4473708892862002,17
0,1,2,0.9759856998920441,18
0,2,3,0.9780155003070832,18
0,3,4,0.9730811417102814,18
0,4,5,0.9740727543830872,18
0,5,6,0.9598058104515076,18
0,6,7,0.9251280784606933,18
0,7,8,0.9404874622821808,18
0,8,9,0.9743447601795197,18
0,9,10,0.9688714981079102,18
1,1,2,0.9220254182815552,18
1,2,3,0.9340959846973419,18
1,3,4,0.9311235010623932,18
1,4,5,0.9376470804214477,18
1,5,6,0.9290403246879577,18
1,6,7,0.9185874104499817,18
1,7,8,0.9384478449821472,18
1,8,9,0.9218519568443299,18
1,9,10,0.9278232991695404,18
2,1,2,0.9055916726589203,18
2,2,3,0.9135895729064941,18
2,3,4,0.9186007380485535,18
2,4,5,0.9300710499286652,18
2,5,6,0.9142401993274689,18
2,6,7,0.9022678911685944,18
2,7,8,0.9169506311416626,18
2,8,9,0.9133485198020935,18
2,9,10,0.9093224406242371,18
3,1,2,0.883615916967392,18
3,2,3,0.8957253754138946,18
3,3,4,0.9057433664798736,18
3,4,5,0.9174096822738648,18
3,5,6,0.9078717231750488,18
3,6,7,0.8574068665504455,18
3,7,8,0.8693340063095093,18
3,8,9,0.9111977517604828,18
3,9,10,0.8678815603256226,18
4,1,2,0.8781494140625,18
4,2,3,0.890498811006546,18
4,3,4,0.8992526531219482,18
4,4,5,0.919616425037384,18
4,5,6,0.9130916118621826,18
4,6,7,0.8801467657089234,18
4,7,8,0.8901124000549316,18
4,8,9,0.9088385343551636,18
4,9,10,0.868929535150528,18
5,1,2,0.8522040963172912,18
5,2,3,0.8635085642337799,18
5,3,4,0.8839342474937439,18
5,4,5,0.9100530624389649,18
5,5,6,0.9058223128318786,18
5,6,7,0.8715713441371917,18
5,7,8,0.8459113121032715,18
5,8,9,0.8162559270858765,18
5,9,10,0.8679171621799469,18
6,1,2,0.8440922498703003,18
6,2,3,0.8501296818256379,18
6,3,4,0.8672708868980408,18
6,4,5,0.8923090517520904,18
6,5,6,0.8795339882373809,18
6,6,7,0.8514721155166626,18
6,7,8,0.8776029229164124,18
6,8,9,0.8639656126499176,18
6,9,10,0.8498858273029327,18
7,1,2,0.8556178092956543,18
7,2,3,0.8376726508140564,18
7,3,4,0.8594198644161224,18
7,4,5,0.8804583847522736,18
7,5,6,0.8613003373146058,18
7,6,7,0.8379992008209228,18
7,7,8,0.8683089494705201,18
7,8,9,0.879505854845047,18
7,9,10,0.8384714007377625,18
8,1,2,0.8573718130588531,18
8,2,3,0.8134665369987488,18
8,3,4,0.8308732390403748,18
8,4,5,0.8634498298168183,18
8,5,6,0.8364091157913208,18
8,6,7,0.8123820066452027,18
8,7,8,0.8546461164951324,18
8,8,9,0.9009050548076629,18
8,9,10,0.8473052859306336,18
9,1,2,0.8152396380901337,18
9,2,3,0.7452000260353089,18
9,3,4,0.8007107317447663,18
9,4,5,0.8140047371387482,18
9,5,6,0.8388598978519439,18
9,6,7,0.841102135181427,18
9,7,8,0.8472626149654389,18
9,8,9,0.8808457612991333,18
9,9,10,0.795561420917511,18
10,1,2,0.8032080113887787,18
10,2,3,0.7001071512699127,18
10,3,4,0.7993234932422638,18
10,4,5,0.7918939411640167,18
10,5,6,0.8117099642753601,18
10,6,7,0.7906589686870575,18
10,7,8,0.8320167243480683,18
10,8,9,0.7782050132751465,18
10,9,10,0.7585512638092041,18
11,1,2,0.4135481476783752,18
11,2,3,0.3548918403685093,18
11,3,4,0.8567367851734161,18
11,4,5,0.925076961517334,18
11,5,6,0.8187774062156677,18
11,6,7,0.7930184483528138,18
11,7,8,0.5535917855799198,18
11,8,9,0.6395950824022293,18
11,9,10,0.5641475528478622,18
0,1,2,0.9717072725296021,19
0,2,3,0.9721510231494903,19
0,3,4,0.9761813938617706,19
0,4,5,0.9720843493938446,19
0,5,6,0.9582901239395142,19
0,6,7,0.9341021358966828,19
0,7,8,0.945140928030014,19
0,8,9,0.9726243913173676,19
0,9,10,0.961030900478363,19
1,1,2,0.9267170369625092,19
1,2,3,0.9307161867618561,19
1,3,4,0.9396618366241455,19
1,4,5,0.938357949256897,19
1,5,6,0.9353859066963196,19
1,6,7,0.9314632058143616,19
1,7,8,0.9431418538093567,19
1,8,9,0.9335343420505524,19
1,9,10,0.9319353997707367,19
2,1,2,0.9142709374427795,19
2,2,3,0.9208382785320282,19
2,3,4,0.9212665438652039,19
2,4,5,0.9282001674175262,19
2,5,6,0.9223180413246155,19
2,6,7,0.9095752477645874,19
2,7,8,0.9228945910930634,19
2,8,9,0.9249214589595794,19
2,9,10,0.9142874836921692,19
3,1,2,0.8894530057907104,19
3,2,3,0.9040986955165863,19
3,3,4,0.9103304266929626,19
3,4,5,0.9191305875778198,19
3,5,6,0.9192345559597015,19
3,6,7,0.8750641644001007,19
3,7,8,0.877869701385498,19
3,8,9,0.9217603027820587,19
3,9,10,0.8778493404388428,19
4,1,2,0.8871508359909057,19
4,2,3,0.903326153755188,19
4,3,4,0.9062197864055633,19
4,4,5,0.9216907322406769,19
4,5,6,0.9217495679855346,19
4,6,7,0.8924990594387054,19
4,7,8,0.8969042539596558,19
4,8,9,0.913721889257431,19
4,9,10,0.883534187078476,19
5,1,2,0.8606031775474549,19
5,2,3,0.8773041427135467,19
5,3,4,0.8920572996139526,19
5,4,5,0.9098530530929565,19
5,5,6,0.9106765329837799,19
5,6,7,0.887416559457779,19
5,7,8,0.8789932727813721,19
5,8,9,0.8647270500659943,19
5,9,10,0.8843398332595825,19
6,1,2,0.8528239011764527,19
6,2,3,0.8572887122631073,19
6,3,4,0.8736521601676941,19
6,4,5,0.8950792729854584,19
6,5,6,0.8899981558322907,19
6,6,7,0.8619314193725586,19
6,7,8,0.887231194972992,19
6,8,9,0.8834774971008301,19
6,9,10,0.8627903878688812,19
7,1,2,0.8645731449127197,19
7,2,3,0.8500087082386016,19
7,3,4,0.8641771256923676,19
7,4,5,0.8864509463310242,19
7,5,6,0.8716709554195404,19
7,6,7,0.8588456332683563,19
7,7,8,0.8686954021453858,19
7,8,9,0.8825612545013428,19
7,9,10,0.8589193940162658,19
8,1,2,0.8608024179935455,19
8,2,3,0.8313992142677307,19
8,3,4,0.8426088035106659,19
8,4,5,0.8668087482452392,19
8,5,6,0.8601845562458038,19
8,6,7,0.833218640089035,19
8,7,8,0.8617150127887726,19
8,8,9,0.9005914688110351,19
8,9,10,0.8692805469036102,19
9,1,2,0.8283745527267456,19
9,2,3,0.7765675067901612,19
9,3,4,0.8090767920017242,19
9,4,5,0.8201612770557404,19
9,5,6,0.8357181131839753,19
9,6,7,0.8509192526340484,19
9,7,8,0.8517428994178772,19
9,8,9,0.8907687067985535,19
9,9,10,0.8333237946033478,19
10,1,2,0.820669686794281,19
10,2,3,0.7079385042190551,19
10,3,4,0.8085827946662902,19
10,4,5,0.8208258509635925,19
10,5,6,0.8370316743850708,19
10,6,7,0.8315187156200409,19
10,7,8,0.8526878118515014,19
10,8,9,0.8268882036209106,19
10,9,10,0.8348052561283111,19
11,1,2,0.41725344508886336,19
11,2,3,0.45558050125837324,19
11,3,4,0.8554736316204071,19
11,4,5,0.9233740389347076,19
11,5,6,0.8601180076599121,19
11,6,7,0.8364898860454559,19
11,7,8,0.6632773339748382,19
11,8,9,0.7641287684440613,19
11,9,10,0.6732514172792434,19
0,1,2,0.9795399268468221,20
0,2,3,0.97949671347936,20
0,3,4,0.9757114529609681,20
0,4,5,0.9781419634819031,20
0,5,6,0.9603646755218506,20
0,6,7,0.9242684245109558,20
0,7,8,0.9445023775100708,20
0,8,9,0.9778727173805237,20
0,9,10,0.9721590995788574,20
1,1,2,0.9332875410715739,20
1,2,3,0.9361196756362915,20
1,3,4,0.9352636297543844,20
1,4,5,0.9452897548675537,20
1,5,6,0.9325360735257466,20
1,6,7,0.9191867272059123,20
1,7,8,0.9456485072771709,20
1,8,9,0.9329267144203186,20
1,9,10,0.9384583274523417,20
2,1,2,0.9182882905006409,20
2,2,3,0.9198488314946492,20
2,3,4,0.9286905288696289,20
2,4,5,0.9395201047261555,20
2,5,6,0.9228124221165975,20
2,6,7,0.9067388971646627,20
2,7,8,0.9298370758692424,20
2,8,9,0.9267119447390239,20
2,9,10,0.9248353401819865,20
3,1,2,0.896788756052653,20
3,2,3,0.9014063994089763,20
3,3,4,0.9214385906855266,20
3,4,5,0.9303070863087972,20
3,5,6,0.9195663968722025,20
3,6,7,0.8748169183731079,20
3,7,8,0.8882193843523661,20
3,8,9,0.923836080233256,20
3,9,10,0.8927295923233032,20
4,1,2,0.8947632749875386,20
4,2,3,0.8989973227183025,20
4,3,4,0.9175338466962178,20
4,4,5,0.9296186168988546,20
4,5,6,0.923855725924174,20
4,6,7,0.8903895338376363,20
4,7,8,0.9060576597849528,20
4,8,9,0.9169183572133383,20
4,9,10,0.8913143277168274,20
5,1,2,0.8735020478566488,20
5,2,3,0.8643442948659261,20
5,3,4,0.8964137196540832,20
5,4,5,0.9151241978009542,20
5,5,6,0.9091879606246949,20
5,6,7,0.874787708123525,20
5,7,8,0.8909387469291687,20
5,8,9,0.8659898042678833,20
5,9,10,0.8920840899149577,20
6,1,2,0.8509634176890055,20
6,2,3,0.8314982334772746,20
6,3,4,0.8716650247573853,20
6,4,5,0.89662846326828,20
6,5,6,0.884493092695872,20
6,6,7,0.8467328310012817,20
6,7,8,0.8846154133478801,20
6,8,9,0.8740038712819417,20
6,9,10,0.8693140943845113,20
7,1,2,0.8504280169804891,20
7,2,3,0.8052225788434346,20
7,3,4,0.8508867184321086,20
7,4,5,0.8827351808547974,20
7,5,6,0.8542383035024007,20
7,6,7,0.8253367463747661,20
7,7,8,0.8723990321159363,20
7,8,9,0.8833181738853455,20
7,9,10,0.84142693678538,20
8,1,2,0.86150621175766,20
8,2,3,0.8047325452168782,20
8,3,4,0.8378865083058675,20
8,4,5,0.8549050529797871,20
8,5,6,0.8502442359924316,20
8,6,7,0.8224854310353596,20
8,7,8,0.8618823607762655,20
8,8,9,0.9072038412094117,20
8,9,10,0.8671690980593364,20
9,1,2,0.7798420270284017,20
9,2,3,0.6924405415852865,20
9,3,4,0.8103224476178487,20
9,4,5,0.7914681116739909,20
9,5,6,0.8494214177131653,20
9,6,7,0.8718082706133524,20
9,7,8,0.8650357762972514,20
9,8,9,0.8980008681615194,20
9,9,10,0.8287089506785075,20
10,1,2,0.7946748892466228,20
10,2,3,0.6492524147033691,20
10,3,4,0.8217838764190674,20
10,4,5,0.8099605242411295,20
10,5,6,0.8548402825991313,20
10,6,7,0.8424132585525512,20
10,7,8,0.849081567923228,20
10,8,9,0.8249277035395305,20
10,9,10,0.8369134187698364,20
11,1,2,0.2876226266225179,20
11,2,3,0.31851083983977635,20
11,3,4,0.8263567129770915,20
11,4,5,0.8534828027089437,20
11,5,6,0.8406447490056356,20
11,6,7,0.8291879296302795,20
11,7,8,0.6541294773419698,20
11,8,9,0.7763604601224263,20
11,9,10,0.6753919581572215,20
0,1,2,0.9730216988495418,21
0,2,3,0.9755816417081016,21
0,3,4,0.9731924065521785,21
0,4,5,0.9718640914985112,21
0,5,6,0.9632810290370669,21
0,6,7,0.927121890442712,21
0,7,8,0.9407573470047542,21
0,8,9,0.9742618352174759,21
0,9,10,0.9669701478310994,21
1,1,2,0.9176943408591407,21
1,2,3,0.9259106069803238,21
1,3,4,0.9246094397136143,21
1,4,5,0.9308659583330154,21
1,5,6,0.9333994920764651,21
1,6,7,0.9189891368150711,21
1,7,8,0.9395683939967837,21
1,8,9,0.9243690712111337,21
1,9,10,0.9282538018056324,21
2,1,2,0.9053400031157902,21
2,2,3,0.9137248375586101,21
2,3,4,0.9165156526224953,21
2,4,5,0.9249183237552643,21
2,5,6,0.9195004680327007,21
2,6,7,0.902393468788692,21
2,7,8,0.9170716255903244,21
2,8,9,0.9154524696724755,21
2,9,10,0.9079999136073249,21
3,1,2,0.8872222559792655,21
3,2,3,0.8960097794021878,21
3,3,4,0.9038278992686953,21
3,4,5,0.9152866303920746,21
3,5,6,0.9135138945920127,21
3,6,7,0.8627736802612033,21
3,7,8,0.8715843984058925,21
3,8,9,0.9119391313620976,21
3,9,10,0.8685927071741649,21
4,1,2,0.8826274105480739,21
4,2,3,0.8926002042634147,21
4,3,4,0.8975662503923688,21
4,4,5,0.916487033878054,21
4,5,6,0.9185389599629811,21
4,6,7,0.8838360969509397,21
4,7,8,0.8905932924577168,21
4,8,9,0.9086597306387765,21
4,9,10,0.8748692039932523,21
5,1,2,0.8584268944604057,21
5,2,3,0.8652587788445609,21
5,3,4,0.8802053779363632,21
5,4,5,0.9059849573033196,21
5,5,6,0.906557730266026,21
5,6,7,0.8736805319786072,21
5,7,8,0.850111050265176,21
5,8,9,0.8253478961331504,21
5,9,10,0.8728599207741874,21
6,1,2,0.8437963553837368,21
6,2,3,0.8447958081960678,21
6,3,4,0.8609391110283988,21
6,4,5,0.8906081382717405,21
6,5,6,0.8766469125236783,21
6,6,7,0.858160389321191,21
6,7,8,0.8727039418050221,21
6,8,9,0.8651479354926518,21
6,9,10,0.8501145435231072,21
7,1,2,0.8604924423354012,21
7,2,3,0.8355179194893155,21
7,3,4,0.8477274051734379,21
7,4,5,0.8753099271229335,21
7,5,6,0.8549134050096784,21
7,6,7,0.8346135360854012,21
7,7,8,0.8618728412049157,21
7,8,9,0.8748094354357038,21
7,9,10,0.8457641090665545,21
8,1,2,0.8584670743771962,21
8,2,3,0.815138429403305,21
8,3,4,0.8338390418461391,21
8,4,5,0.8533883009638105,21
8,5,6,0.8452697204692023,21
8,6,7,0.8171753670488086,21
8,7,8,0.8473716186625617,21
8,8,9,0.8962555485112327,21
8,9,10,0.8537746305976596,21
9,1,2,0.8104774930647441,21
9,2,3,0.7421599605253765,21
9,3,4,0.7892874032258987,21
9,4,5,0.7993587638650622,21
9,5,6,0.8343627899885178,21
9,6,7,0.8379843980073929,21
9,7,8,0.8447189480066299,21
9,8,9,0.8746272815125329,21
9,9,10,0.800537360566003,21
10,1,2,0.7968479820660183,21
10,2,3,0.6939496621489525,21
10,3,4,0.7605727357523782,21
10,4,5,0.7920042276382446,21
10,5,6,0.8114630473511559,21
10,6,7,0.8063371649810246,21
10,7,8,0.8418788548026767,21
10,8,9,0.7713019315685544,21
10,9,10,0.7791497707366943,21
11,1,2,0.4432391178395067,21
11,2,3,0.3978349217878921,21
11,3,4,0.690788972856743,21
11,4,5,0.8620853445359639,21
11,5,6,0.8439662371362958,21
11,6,7,0.793012838278498,21
11,7,8,0.6140944715589285,21
11,8,9,0.6291627655071872,21
11,9,10,0.5566650229240102,21
0,1,2,0.970865113394601,22
0,2,3,0.9726681851205372,22
0,3,4,0.9751583025569007,22
0,4,5,0.9714813459487188,22
0,5,6,0.9643996443067279,22
0,6,7,0.9368809830574762,22
0,7,8,0.9458659376416888,22
0,8,9,0.9731144706408182,22
0,9,10,0.9663495932306562,22
1,1,2,0.9165265900748116,22
1,2,3,0.9247365366844904,22
1,3,4,0.9328611862091791,22
1,4,5,0.9353666050093514,22
1,5,6,0.9352769709768749,22
1,6,7,0.9277152844837734,22
1,7,8,0.9412860416230702,22
1,8,9,0.925970162664141,22
1,9,10,0.9295305666469392,22
2,1,2,0.9028413267362685,22
2,2,3,0.9146782954533895,22
2,3,4,0.9208317824772426,22
2,4,5,0.9249682341303144,22
2,5,6,0.9222541451454163,22
2,6,7,0.9090135920615423,22
2,7,8,0.917513424441928,22
2,8,9,0.915761757464636,22
2,9,10,0.9102354929560706,22
3,1,2,0.8833911532447452,22
3,2,3,0.8978302734238761,22
3,3,4,0.904781855288006,22
3,4,5,0.914543696812221,22
3,5,6,0.9175186242376056,22
3,6,7,0.8712469992183504,22
3,7,8,0.8740999812171573,22
3,8,9,0.9116474588712057,22
3,9,10,0.8730744293757847,22
4,1,2,0.8803733956246149,22
4,2,3,0.8960668586549305,22
4,3,4,0.8984690081505549,22
4,4,5,0.9162490055674598,22
4,5,6,0.9204486920720055,22
4,6,7,0.8908843511626834,22
4,7,8,0.8926330634525844,22
4,8,9,0.9056539507139296,22
4,9,10,0.87655656678336,22
5,1,2,0.8584781402633304,22
5,2,3,0.872122327486674,22
5,3,4,0.884998599688212,22
5,4,5,0.9058569783256167,22
5,5,6,0.9095776677131653,22
5,6,7,0.8831790855952671,22
5,7,8,0.8522836310522897,22
5,8,9,0.8293508575076148,22
5,9,10,0.875362753868103,22
6,1,2,0.8502097101438613,22
6,2,3,0.8568481093361264,22
6,3,4,0.8725212216377258,22
6,4,5,0.8928603842144921,22
6,5,6,0.8837469049862453,22
6,6,7,0.8617970716385615,22
6,7,8,0.8834193490800404,22
6,8,9,0.8732106742404756,22
6,9,10,0.8572892830485389,22
7,1,2,0.8645576749529157,22
7,2,3,0.8530056561742511,22
7,3,4,0.8612354880287534,22
7,4,5,0.8808304695856004,22
7,5,6,0.8713411887486776,22
7,6,7,0.8564807857785907,22
7,7,8,0.866893246060326,22
7,8,9,0.8821322236742292,22
7,9,10,0.8570019432476589,22
8,1,2,0.8641110034216017,22
8,2,3,0.8319120435487657,22
8,3,4,0.841048884959448,22
8,4,5,0.8580761495090666,22
8,5,6,0.8535271059899103,22
8,6,7,0.8386192747524807,22
8,7,8,0.8579779437610081,22
8,8,9,0.8944612486021859,22
8,9,10,0.8570415888513837,22
9,1,2,0.8415363544509524,22
9,2,3,0.780330635252453,22
9,3,4,0.7971928658939543,22
9,4,5,0.8097882043747675,22
9,5,6,0.8396409012022472,22
9,6,7,0.8479560244651068,22
9,7,8,0.8492263101396107,22
9,8,9,0.8821994350070045,22
9,9,10,0.8121866810889471,22
10,1,2,0.8226676185925802,22
10,2,3,0.7389482827413649,22
10,3,4,0.7597874119168236,22
10,4,5,0.7982978480202811,22
10,5,6,0.8100674152374268,22
10,6,7,0.8072134000914437,22
10,7,8,0.8422804815428597,22
10,8,9,0.7794200550942194,22
10,9,10,0.7896018510773068,22
11,1,2,0.49010587111115456,22
11,2,3,0.46780780241602943,22
11,3,4,0.6776849694904827,22
11,4,5,0.9220903799647376,22
11,5,6,0.8431676143691653,22
11,6,7,0.8049008590834481,22
11,7,8,0.6278286679160028,22
11,8,9,0.6498570165463856,22
11,9,10,0.5905038300192073,22
0,1,2,0.9750211473022189,23
0,2,3,0.9771889618464878,23
0,3,4,0.975044139793941,23
0,4,5,0.9730296965156283,23
0,5,6,0.9641977293150765,23
0,6,7,0.9288050276892525,23
0,7,8,0.9425876417330333,23
0,8,9,0.9752335697412491,23
0,9,10,0.968297426189695,23
1,1,2,0.9248502318348203,23
1,2,3,0.9300111702510289,23
1,3,4,0.9276946314743587,23
1,4,5,0.9335332768304008,23
1,5,6,0.9345066930566516,23
1,6,7,0.9201268787894931,23
1,7,8,0.9415882059506008,23
1,8,9,0.9277210789067405,23
1,9,10,0.930579736828804,23
2,1,2,0.9107682683638164,23
2,2,3,0.9154602523360934,23
2,3,4,0.9192648764167514,23
2,4,5,0.9279926951442447,23
2,5,6,0.9201249927282333,23
2,6,7,0.9032539618866784,23
2,7,8,0.9193384179047176,23
2,8,9,0.9204926639795303,23
2,9,10,0.9110504175935473,23
3,1,2,0.8905564887183053,23
3,2,3,0.896232083439827,23
3,3,4,0.9063505040747779,23
3,4,5,0.9172562935522625,23
3,5,6,0.9136963167360851,23
3,6,7,0.8626561058419091,23
3,7,8,0.8738827364785331,23
3,8,9,0.9165070525237492,23
3,9,10,0.8717394300869533,23
4,1,2,0.8858863349471774,23
4,2,3,0.8934836110898426,23
4,3,4,0.9021963349410466,23
4,4,5,0.9196858299630029,23
4,5,6,0.9204573865447726,23
4,6,7,0.8835439213684627,23
4,7,8,0.8935871060405459,23
4,8,9,0.9122224258525031,23
4,9,10,0.8775869565350669,23
5,1,2,0.8591304974896568,23
5,2,3,0.861879751086235,23
5,3,4,0.8845258887325015,23
5,4,5,0.909152205501284,23
5,5,6,0.9066848499434335,23
5,6,7,0.8688300656420844,23
5,7,8,0.8636118450335094,23
5,8,9,0.8375004721539361,23
5,9,10,0.8757266508681434,23
6,1,2,0.839969705258097,23
6,2,3,0.835244921701295,23
6,3,4,0.8647484332323074,23
6,4,5,0.895679656948362,23
6,5,6,0.8770622078861509,23
6,6,7,0.8516440434115273,23
6,7,8,0.8767445236444473,23
6,8,9,0.8675984697682517,23
6,9,10,0.8535831591912678,23
7,1,2,0.8538048842123577,23
7,2,3,0.8190659603902272,23
7,3,4,0.8484979697636196,23
7,4,5,0.8789809473923275,23
7,5,6,0.8470197809594018,23
7,6,7,0.8249216271298272,23
7,7,8,0.8655123497758593,23
7,8,9,0.8784175493887493,23
7,9,10,0.848791744027819,23
8,1,2,0.8607966601848602,23
8,2,3,0.8065502239125115,23
8,3,4,0.8382036068609783,23
8,4,5,0.8570408246346882,23
8,5,6,0.843810498714447,23
8,6,7,0.8211727057184491,23
8,7,8,0.8534304563488279,23
8,8,9,0.9032042154244014,23
8,9,10,0.8638489416667393,23
9,1,2,0.7910781119550977,23
9,2,3,0.7126768806150982,23
9,3,4,0.8071592003107071,23
9,4,5,0.7996313508067813,23
9,5,6,0.8392330429383686,23
9,6,7,0.8448113607508796,23
9,7,8,0.8503724400486264,23
9,8,9,0.8830053636005947,23
9,9,10,0.8185391000338963,23
10,1,2,0.8009841761418751,23
10,2,3,0.694619934473719,23
10,3,4,0.8095322868653706,23
10,4,5,0.7949206509760448,23
10,5,6,0.8422139244420188,23
10,6,7,0.8290206726108279,23
10,7,8,0.8450381010770798,23
10,8,9,0.8033863114459174,23
10,9,10,0.7938295943396432,23
11,1,2,0.3891978780073779,23
11,2,3,0.4582237537418093,23
11,3,4,0.8403527310916356,23
11,4,5,0.8654357620647976,23
11,5,6,0.8309941376958575,23
11,6,7,0.8103823023183006,23
11,7,8,0.6110256583030734,23
11,8,9,0.7000178726656097,23
11,9,10,0.6341549828648567,23
0,1,2,0.9749631931384405,24
0,2,3,0.9763065990474489,24
0,3,4,0.9753353943427404,24
0,4,5,0.9742378145456314,24
0,5,6,0.9629226509067748,24
0,6,7,0.9302845978074603,24
0,7,8,0.9440116766426299,24
0,8,9,0.9751412587033378,24
0,9,10,0.9685977432462904,24
1,1,2,0.9230207883649402,24
1,2,3,0.9291502137978872,24
1,3,4,0.9320936782492532,24
1,4,5,0.9373154722981982,24
1,5,6,0.9355280763573117,24
1,6,7,0.9235262970129648,24
1,7,8,0.9432879752582974,24
1,8,9,0.9285391006204817,24
1,9,10,0.9329525132973989,24
2,1,2,0.9088197267717786,24
2,2,3,0.9158820923831728,24
2,3,4,0.9228399280044768,24
2,4,5,0.9299401607778337,24
2,5,6,0.9240076657798555,24
2,6,7,0.9080654051568773,24
2,7,8,0.9239517549673716,24
2,8,9,0.9203650206327438,24
2,9,10,0.9150818652576871,24
3,1,2,0.8903752184576459,24
3,2,3,0.8977817445993423,24
3,3,4,0.9115357200304667,24
3,4,5,0.9197177986303965,24
3,5,6,0.9184290220340093,24
3,6,7,0.8708156396945318,24
3,7,8,0.8784001916646957,24
3,8,9,0.9163481526904635,24
3,9,10,0.8775259421931373,24
4,1,2,0.8882052219576306,24
4,2,3,0.8952044132683012,24
4,3,4,0.9056647022565206,24
4,4,5,0.9201130502753787,24
4,5,6,0.9231660001807742,24
4,6,7,0.8893787960211436,24
4,7,8,0.8975469420353571,24
4,8,9,0.9101527515384886,24
4,9,10,0.8823890801933076,24
5,1,2,0.8664244165023168,24
5,2,3,0.8643570393323898,24
5,3,4,0.8874581870105531,24
5,4,5,0.9081405533684624,24
5,5,6,0.9083129366238912,24
5,6,7,0.8750525150034163,24
5,7,8,0.8722963084777197,24
5,8,9,0.8483920097351074,24
5,9,10,0.8825229886505339,24
6,1,2,0.8463161173794005,24
6,2,3,0.8341137170791626,24
6,3,4,0.8657096756829156,24
6,4,5,0.891430214047432,24
6,5,6,0.8807663122812907,24
6,6,7,0.8510961002773709,24
6,7,8,0.8800019870201746,24
6,8,9,0.8717042803764343,24
6,9,10,0.8582696153057946,24
7,1,2,0.8548990305927064,24
7,2,3,0.8182437982824113,24
7,3,4,0.8455156965388192,24
7,4,5,0.8769369622071584,24
7,5,6,0.8537870662079917,24
7,6,7,0.832530313067966,24
7,7,8,0.8668345411618551,24
7,8,9,0.8786669820547104,24
7,9,10,0.8494094047281477,24
8,1,2,0.8608871714936362,24
8,2,3,0.8099005089865791,24
8,3,4,0.8351003213061227,24
8,4,5,0.851073326336013,24
8,5,6,0.8472824460930295,24
8,6,7,0.8239698774284787,24
8,7,8,0.8539941675133176,24
8,8,9,0.8974641925758786,24
8,9,10,0.8642273429367278,24
9,1,2,0.7952981607781516,24
9,2,3,0.7129188163412942,24
9,3,4,0.7945127669307921,24
9,4,5,0.7937157385879092,24
9,5,6,0.8359930002027087,24
9,6,7,0.8530095782544878,24
9,7,8,0.8519844578372108,24
9,8,9,0.8842400560776392,24
9,9,10,0.8183026181326972,24
10,1,2,0.7969461894697614,24
10,2,3,0.6734181866049767,24
10,3,4,0.7730112133754624,24
10,4,5,0.7901652786466811,24
10,5,6,0.8298379133145014,24
10,6,7,0.8289948867426978,24
10,7,8,0.8481499039464526,24
10,8,9,0.8015036069684558,24
10,9,10,0.828835152917438,24
11,1,2,0.3655109319628941,24
11,2,3,0.35909349988732076,24
11,3,4,0.7042548960695664,24
11,4,5,0.8698685351345274,24
11,5,6,0.8493960019614961,24
11,6,7,0.8192993882629607,24
11,7,8,0.6320033803996112,24
11,8,9,0.6919938083738089,24
11,9,10,0.6100114562755657,24
0,1,2,0.9720191160837809,25
0,2,3,0.9771673182646433,25
0,3,4,0.9730018575986227,25
0,4,5,0.9761852622032166,25
0,5,6,0.9609821736812592,25
0,6,7,0.9285934170087179,25
0,7,8,0.9473711252212524,25
0,8,9,0.9748877386252085,25
0,9,10,0.9703224003314972,25
1,1,2,0.9270515938599905,25
1,2,3,0.9448143045107523,25
1,3,4,0.9425228238105774,25
1,4,5,0.9478734135627747,25
1,5,6,0.9372641444206238,25
1,6,7,0.9241991837819418,25
1,7,8,0.9462076822916666,25
1,8,9,0.9326529105504354,25
1,9,10,0.9411264558633169,25
2,1,2,0.9156011641025543,25
2,2,3,0.9263799488544464,25
2,3,4,0.9273095230261484,25
2,4,5,0.9323320388793945,25
2,5,6,0.9246786038080851,25
2,6,7,0.9025250275929769,25
2,7,8,0.9298047324021658,25
2,8,9,0.9234312772750854,25
2,9,10,0.9201142092545828,25
3,1,2,0.8974793155988058,25
3,2,3,0.9027355511983236,25
3,3,4,0.9121050536632538,25
3,4,5,0.9241407215595245,25
3,5,6,0.9200717906157175,25
3,6,7,0.8647745549678802,25
3,7,8,0.8825318912665049,25
3,8,9,0.9180941780408224,25
3,9,10,0.8783615430196127,25
4,1,2,0.8935662011305491,25
4,2,3,0.8949156900246938,25
4,3,4,0.9037152926127116,25
4,4,5,0.9251598417758942,25
4,5,6,0.9229883452256521,25
4,6,7,0.8834878702958425,25
4,7,8,0.9004764258861542,25
4,8,9,0.9129640261332194,25
4,9,10,0.8855394522349039,25
5,1,2,0.8701653778553009,25
5,2,3,0.8555965920289358,25
5,3,4,0.8825212319691976,25
5,4,5,0.9146775801976522,25
5,5,6,0.9106281300385793,25
5,6,7,0.8627060751120249,25
5,7,8,0.855067620674769,25
5,8,9,0.83407790462176,25
5,9,10,0.8853327035903931,25
6,1,2,0.8502825597922007,25
6,2,3,0.8250393867492676,25
6,3,4,0.8564800421396891,25
6,4,5,0.8997348149617513,25
6,5,6,0.8798977335294088,25
6,6,7,0.8298854430516561,25
6,7,8,0.8785944879055023,25
6,8,9,0.8803625802199045,25
6,9,10,0.8626333276430765,25
7,1,2,0.8370095491409302,25
7,2,3,0.7816669642925262,25
7,3,4,0.8221288124720255,25
7,4,5,0.882299800713857,25
7,5,6,0.8509766658147176,25
7,6,7,0.7967761158943176,25
7,7,8,0.8679746886094412,25
7,8,9,0.874692310889562,25
7,9,10,0.8379199604193369,25
8,1,2,0.846787174542745,25
8,2,3,0.7710950275262197,25
8,3,4,0.8125964005788168,25
8,4,5,0.8533109029134115,25
8,5,6,0.8416107793649038,25
8,6,7,0.7911180754502615,25
8,7,8,0.8565301895141602,25
8,8,9,0.8955880105495453,25
8,9,10,0.8493010401725769,25
9,1,2,0.7602364619572958,25
9,2,3,0.6493808527787527,25
9,3,4,0.7601500451564789,25
9,4,5,0.8041286369164785,25
9,5,6,0.837861587603887,25
9,6,7,0.8361449042956034,25
9,7,8,0.8492234349250793,25
9,8,9,0.8848210175832113,25
9,9,10,0.8105622132619222,25
10,1,2,0.7574010789394379,25
10,2,3,0.5945783456166586,25
10,3,4,0.6965645303328832,25
10,4,5,0.806302676598231,25
10,5,6,0.7864633699258169,25
10,6,7,0.7661960025628408,25
10,7,8,0.827234814564387,25
10,8,9,0.7711275716622671,25
10,9,10,0.7969297965367635,25
11,1,2,0.3514786536494891,25
11,2,3,0.27814800416429836,25
11,3,4,0.5779194136460623,25
11,4,5,0.9129666189352671,25
11,5,6,0.8369785149892172,25
11,6,7,0.7938247323036194,25
11,7,8,0.7702454825242361,25
11,8,9,0.5228211047748724,25
11,9,10,0.47111573318640393,25
0,1,2,0.9692384998003641,26
0,2,3,0.9719676375389099,26
0,3,4,0.9733970761299133,26
0,4,5,0.9731926838556926,26
0,5,6,0.9608103791872661,26
0,6,7,0.9217930595080058,26
0,7,8,0.9384901245435079,26
0,8,9,0.9732221086819967,26
0,9,10,0.9662760893503824,26
1,1,2,0.9171425183614095,26
1,2,3,0.9262361327807108,26
1,3,4,0.9220140973726908,26
1,4,5,0.9319847067197163,26
1,5,6,0.9310761372248332,26
1,6,7,0.9136028448740642,26
1,7,8,0.9386338909467061,26
1,8,9,0.9253330866495768,26
1,9,10,0.9303146560986837,26
2,1,2,0.9072061936060588,26
2,2,3,0.9132898211479187,26
2,3,4,0.913091758886973,26
2,4,5,0.9231404542922974,26
2,5,6,0.9191095272699992,26
2,6,7,0.8940195957819621,26
2,7,8,0.9148671984672546,26
2,8,9,0.9172089417775472,26
2,9,10,0.9081692496935526,26
3,1,2,0.8910345395406087,26
3,2,3,0.893362017472585,26
3,3,4,0.8983071088790894,26
3,4,5,0.9144641041755677,26
3,5,6,0.9146053115526835,26
3,6,7,0.8593085726102193,26
3,7,8,0.872614308198293,26
3,8,9,0.9126559615135192,26
3,9,10,0.868399731318156,26
4,1,2,0.8869348446528117,26
4,2,3,0.8890950322151184,26
4,3,4,0.892011559009552,26
4,4,5,0.9149506370226542,26
4,5,6,0.9212984323501587,26
4,6,7,0.8792603333791097,26
4,7,8,0.8898129940032959,26
4,8,9,0.9096096197764079,26
4,9,10,0.877734104792277,26
5,1,2,0.8620260000228882,26
5,2,3,0.8568040172259013,26
5,3,4,0.8725046078364055,26
5,4,5,0.9035895705223084,26
5,5,6,0.9049480358759562,26
5,6,7,0.8609372735023498,26
5,7,8,0.8456136584281921,26
5,8,9,0.8300542712211609,26
5,9,10,0.8753907044728597,26
6,1,2,0.837490443388621,26
6,2,3,0.8226390242576599,26
6,3,4,0.8509603659311931,26
6,4,5,0.8899258097012838,26
6,5,6,0.8721024473508199,26
6,6,7,0.8465482234954834,26
6,7,8,0.8641638120015462,26
6,8,9,0.8669381817181905,26
6,9,10,0.8493334412574768,26
7,1,2,0.8514462471008301,26
7,2,3,0.8066047032674154,26
7,3,4,0.826653536160787,26
7,4,5,0.8718562960624695,26
7,5,6,0.8400723775227864,26
7,6,7,0.812531832853953,26
7,7,8,0.8585696458816529,26
7,8,9,0.875243866443634,26
7,9,10,0.8433973987897238,26
8,1,2,0.8559566855430603,26
8,2,3,0.7931051890055338,26
8,3,4,0.8259854118029276,26
8,4,5,0.8525087674458821,26
8,5,6,0.8464895764986674,26
8,6,7,0.8061241030693054,26
8,7,8,0.8451350768407185,26
8,8,9,0.8962899009386699,26
8,9,10,0.8578722874323527,26
9,1,2,0.767013696829478,26
9,2,3,0.6856723527113596,26
9,3,4,0.7788148164749146,26
9,4,5,0.7885603944460551,26
9,5,6,0.8297153194745381,26
9,6,7,0.8286868651707967,26
9,7,8,0.8477468212445577,26
9,8,9,0.8718119462331136,26
9,9,10,0.8129167119661967,26
10,1,2,0.7632666071256001,26
10,2,3,0.6374222815036774,26
10,3,4,0.7373104115327199,26
10,4,5,0.801625645160675,26
10,5,6,0.8284900824228922,26
10,6,7,0.8228596488634745,26
10,7,8,0.8490280667940776,26
10,8,9,0.7716563423474629,26
10,9,10,0.7704166173934937,26
11,1,2,0.35158559679985046,26
11,2,3,0.3368592550357183,26
11,3,4,0.6409737368424734,26
11,4,5,0.8386641343434652,26
11,5,6,0.8348731676737468,26
11,6,7,0.7959596514701843,26
11,7,8,0.7539790550867717,26
11,8,9,0.5997636422514916,26
11,9,10,0.5654423269132773,26
0,1,2,0.9792962829271953,27
0,2,3,0.9775202393531799,27
0,3,4,0.9745940566062927,27
0,4,5,0.9794337948163351,27
0,5,6,0.9601306279500326,27
0,6,7,0.925118621190389,27
0,7,8,0.9426722526550293,27
0,8,9,0.9772003610928853,27
0,9,10,0.9741448839505513,27
1,1,2,0.9236257036526998,27
1,2,3,0.9262948989868164,27
1,3,4,0.9328150987625122,27
1,4,5,0.9464186231295267,27
1,5,6,0.9334862232208252,27
1,6,7,0.9213009079297384,27
1,7,8,0.9445110201835633,27
1,8,9,0.9274042963981628,27
1,9,10,0.9357606728871664,27
2,1,2,0.9064582586288452,27
2,2,3,0.913039485613505,27
2,3,4,0.9281092762947083,27
2,4,5,0.9407127102216085,27
2,5,6,0.9262295722961426,27
2,6,7,0.9112134257952372,27
2,7,8,0.9286372502644856,27
2,8,9,0.9206785360972086,27
2,9,10,0.9235661824544271,27
3,1,2,0.8929359753926595,27
3,2,3,0.900444499651591,27
3,3,4,0.9215038895606995,27
3,4,5,0.9282786607742309,27
3,5,6,0.9211089412371317,27
3,6,7,0.8784761786460876,27
3,7,8,0.886867622534434,27
3,8,9,0.9190568288167318,27
3,9,10,0.8893958965937296,27
4,1,2,0.8937448461850485,27
4,2,3,0.8973567605018615,27
4,3,4,0.9131664514541626,27
4,4,5,0.9260127464930217,27
4,5,6,0.9253750522931417,27
4,6,7,0.8949875354766845,27
4,7,8,0.9051268815994262,27
4,8,9,0.9150712251663208,27
4,9,10,0.8896755337715149,27
5,1,2,0.8824300169944763,27
5,2,3,0.8731209437052408,27
5,3,4,0.8940343976020813,27
5,4,5,0.9131911953290304,27
5,5,6,0.9137668172518413,27
5,6,7,0.8839496612548828,27
5,7,8,0.8812734365463257,27
5,8,9,0.8604544798533121,27
5,9,10,0.8914688547452291,27
6,1,2,0.858525550365448,27
6,2,3,0.8431207378705342,27
6,3,4,0.8711775263150533,27
6,4,5,0.8907084147135417,27
6,5,6,0.8882447481155396,27
6,6,7,0.8588789025942485,27
6,7,8,0.8831029256184896,27
6,8,9,0.8744313240051269,27
6,9,10,0.8641958554585775,27
7,1,2,0.868615726629893,27
7,2,3,0.8337180256843567,27
7,3,4,0.8551291704177857,27
7,4,5,0.8809906959533691,27
7,5,6,0.8674495140711467,27
7,6,7,0.852173097928365,27
7,7,8,0.8727691650390625,27
7,8,9,0.8868756055831909,27
7,9,10,0.8475639382998149,27
8,1,2,0.8660760164260864,27
8,2,3,0.8234142978986104,27
8,3,4,0.8372339487075806,27
8,4,5,0.8571363846460979,27
8,5,6,0.8503074487050374,27
8,6,7,0.8296643694241842,27
8,7,8,0.8567524790763855,27
8,8,9,0.8994190176328023,27
8,9,10,0.868435287475586,27
9,1,2,0.8051748037338257,27
9,2,3,0.7326263586680094,27
9,3,4,0.7911497712135315,27
9,4,5,0.7947264989217122,27
9,5,6,0.843452246983846,27
9,6,7,0.8703130523363749,27
9,7,8,0.8633614500363668,27
9,8,9,0.8868541757265727,27
9,9,10,0.8196417133013407,27
10,1,2,0.7938976605733236,27
10,2,3,0.671433013677597,27
10,3,4,0.76380482117335,27
10,4,5,0.7845805446306865,27
10,5,6,0.8470298409461975,27
10,6,7,0.8543605367342632,27
10,7,8,0.8703073183695476,27
10,8,9,0.7966152946154277,27
10,9,10,0.8394067486127218,27
11,1,2,0.31458631679415705,27
11,2,3,0.26077729016542434,27
11,3,4,0.6350256259242694,27
11,4,5,0.8509340842564901,27
11,5,6,0.8584614515304565,27
11,6,7,0.8201355775197346,27
11,7,8,0.618119990825653,27
11,8,9,0.7070576578378678,27
11,9,10,0.6255934843172629,27
0,1,2,0.9726706516175043,28
0,2,3,0.9755097656022935,28
0,3,4,0.9736083831105914,28
0,4,5,0.9720307106063479,28
0,5,6,0.9616315790585109,28
0,6,7,0.9238623636109489,28
0,7,8,0.9406667522021702,28
0,8,9,0.9735554172879174,28
0,9,10,0.9660470116706121,28
1,1,2,0.9246184655598232,28
1,2,3,0.9303925406365168,28
1,3,4,0.9254621522767204,28
1,4,5,0.9322529264858791,28
1,5,6,0.9320390394755772,28
1,6,7,0.915820232459477,28
1,7,8,0.9400548225357419,28
1,8,9,0.9270837306976318,28
1,9,10,0.9297767082850138,28
2,1,2,0.9115293650400071,28
2,2,3,0.9154005788621449,28
2,3,4,0.9157692279134478,28
2,4,5,0.9259175487927028,28
2,5,6,0.9174793731598627,28
2,6,7,0.8978038969494048,28
2,7,8,0.9175843000411987,28
2,8,9,0.9198156424931118,28
2,9,10,0.9086569008373079,28
3,1,2,0.8898115101314726,28
3,2,3,0.8947374593643915,28
3,3,4,0.9024755585761297,28
3,4,5,0.9163403880028498,28
3,5,6,0.9126142235029311,28
3,6,7,0.8598156684920901,28
3,7,8,0.8730451379503522,28
3,8,9,0.9161959545952933,28
3,9,10,0.8694819268726167,28
4,1,2,0.8851661284764608,28
4,2,3,0.8920904199282328,28
4,3,4,0.899093434924171,28
4,4,5,0.9186199818338666,28
4,5,6,0.9190715806824821,28
4,6,7,0.8801616430282593,28
4,7,8,0.8925867478052775,28
4,8,9,0.9118583571343195,28
4,9,10,0.8759316603342692,28
5,1,2,0.857444133077349,28
5,2,3,0.8595907063711257,28
5,3,4,0.8802063578651065,28
5,4,5,0.9069040077073234,28
5,5,6,0.9037552873293558,28
5,6,7,0.862623807929811,28
5,7,8,0.857963258311862,28
5,8,9,0.8349504186993554,28
5,9,10,0.8738046629088265,28
6,1,2,0.8373331200508844,28
6,2,3,0.8303231653713045,28
6,3,4,0.8581957731928144,28
6,4,5,0.8942020109721592,28
6,5,6,0.8736657670566014,28
6,6,7,0.8457455549921308,28
6,7,8,0.8724204699198405,28
6,8,9,0.8665972891308013,28
6,9,10,0.8505673294975644,28
7,1,2,0.8501397541591099,28
7,2,3,0.8132953643798828,28
7,3,4,0.840392617952256,28
7,4,5,0.8770075213341486,28
7,5,6,0.8413809339205424,28
7,6,7,0.8150930433046251,28
7,7,8,0.8622164073444548,28
7,8,9,0.8753209142457872,28
7,9,10,0.8424402219908578,28
8,1,2,0.8562234923953101,28
8,2,3,0.8013856354213896,28
8,3,4,0.8324036172458104,28
8,4,5,0.8539691624187288,28
8,5,6,0.8452090706144061,28
8,6,7,0.8131947403862363,28
8,7,8,0.850334454150427,28
8,8,9,0.9024695413453239,28
8,9,10,0.8586066251709348,28
9,1,2,0.7805557988938832,28
9,2,3,0.7045676594688779,28
9,3,4,0.7997540263902574,28
9,4,5,0.7963667880921137,28
9,5,6,0.8346793793496632,28
9,6,7,0.8368944298653376,28
9,7,8,0.8475683870769682,28
9,8,9,0.8802323880649748,28
9,9,10,0.8138453619820731,28
10,1,2,0.7885605437414986,28
10,2,3,0.6768895245733715,28
10,3,4,0.8001157641410828,28
10,4,5,0.808404579049065,28
10,5,6,0.8361480718567258,28
10,6,7,0.8193442509287879,28
10,7,8,0.8405902669543311,28
10,8,9,0.7936065395673116,28
10,9,10,0.7803752564248585,28
11,1,2,0.3522421242225738,28
11,2,3,0.43886949583178475,28
11,3,4,0.8307875054223197,28
11,4,5,0.8573045588674999,28
11,5,6,0.829239445073264,28
11,6,7,0.8076413784708295,28
11,7,8,0.6629699184781029,28
11,8,9,0.6826445573852176,28
11,9,10,0.6207160623300643,28
0,1,2,0.9698991775512695,29
0,2,3,0.971805195013682,29
0,3,4,0.972680906454722,29
0,4,5,0.9727322856585184,29
0,5,6,0.9587799429893493,29
0,6,7,0.919107449054718,29
0,7,8,0.9366555492083232,29
0,8,9,0.9714717348416646,29
0,9,10,0.9645145495732625,29
1,1,2,0.9132913430531819,29
1,2,3,0.919748588403066,29
1,3,4,0.9196844458580017,29
1,4,5,0.9300971746444702,29
1,5,6,0.9285495758056641,29
1,6,7,0.9124918182690939,29
1,7,8,0.9368008891741435,29
1,8,9,0.9216463843981425,29
1,9,10,0.9255953788757324,29
2,1,2,0.9016428629557292,29
2,2,3,0.9087830305099487,29
2,3,4,0.9090173482894898,29
2,4,5,0.9228548884391785,29
2,5,6,0.9151320338249207,29
2,6,7,0.8939551750818888,29
2,7,8,0.9130916754404704,29
2,8,9,0.9127672036488851,29
2,9,10,0.9041924556096395,29
3,1,2,0.882263199488322,29
3,2,3,0.8905466874440511,29
3,3,4,0.8961661736170451,29
3,4,5,0.913702650864919,29
3,5,6,0.9110119859377543,29
3,6,7,0.8586103161176045,29
3,7,8,0.8694507479667664,29
3,8,9,0.9105035106341044,29
3,9,10,0.8643990635871888,29
4,1,2,0.8782703042030334,29
4,2,3,0.8871412555376689,29
4,3,4,0.8896975080172221,29
4,4,5,0.9139223575592041,29
4,5,6,0.9163851737976074,29
4,6,7,0.8793757438659668,29
4,7,8,0.8890168309211731,29
4,8,9,0.9083647052447001,29
4,9,10,0.8713285326957703,29
5,1,2,0.8544723788897196,29
5,2,3,0.8588984966278076,29
5,3,4,0.8711548407872518,29
5,4,5,0.9022133628527323,29
5,5,6,0.9024331450462342,29
5,6,7,0.8654664079348247,29
5,7,8,0.8426829059918721,29
5,8,9,0.827212127049764,29
5,9,10,0.8703229347864787,29
6,1,2,0.8363957285881043,29
6,2,3,0.8336683352788289,29
6,3,4,0.848709777990977,29
6,4,5,0.8868967533111572,29
6,5,6,0.8709347605705261,29
6,6,7,0.8532902280489604,29
6,7,8,0.8642346938451131,29
6,8,9,0.864327625433604,29
6,9,10,0.8444654703140259,29
7,1,2,0.8573720574378967,29
7,2,3,0.8279936114947001,29
7,3,4,0.8346353809038798,29
7,4,5,0.8727270205815633,29
7,5,6,0.8467362403869629,29
7,6,7,0.829801881313324,29
7,7,8,0.857539967695872,29
7,8,9,0.8735929409662883,29
7,9,10,0.840880541006724,29
8,1,2,0.8522750258445739,29
8,2,3,0.8075893680254619,29
8,3,4,0.8244122385978698,29
8,4,5,0.853268814086914,29
8,5,6,0.8455092072486877,29
8,6,7,0.8096929709116618,29
8,7,8,0.8429580370585124,29
8,8,9,0.8939892093340556,29
8,9,10,0.8533262928326925,29
9,1,2,0.7920772552490234,29
9,2,3,0.7314858794212341,29
9,3,4,0.7732142011324564,29
9,4,5,0.7964478135108948,29
9,5,6,0.8246698101361593,29
9,6,7,0.8256928284962972,29
9,7,8,0.8421730955441793,29
9,8,9,0.8664247870445252,29
9,9,10,0.8011787931124369,29
10,1,2,0.7761719147364299,29
10,2,3,0.6669170359770457,29
10,3,4,0.7388322790463765,29
10,4,5,0.8032028873761495,29
10,5,6,0.8206701636314392,29
10,6,7,0.8182228803634644,29
10,7,8,0.8523862759272257,29
10,8,9,0.7615708629290263,29
10,9,10,0.766930615901947,29
11,1,2,0.3783846765756607,29
11,2,3,0.3630503406127294,29
11,3,4,0.6334703112641971,29
11,4,5,0.8424241662025451,29
11,5,6,0.8364585558573405,29
11,6,7,0.7908343553543091,29
11,7,8,0.6704749782880147,29
11,8,9,0.6193547874689103,29
11,9,10,0.5671145044267177,29
0,1,2,0.9707281708717346,30
0,2,3,0.9722290158271789,30
0,3,4,0.9750192523002624,30
0,4,5,0.9696450710296631,30
0,5,6,0.963662572701772,30
0,6,7,0.9352076927820842,30
0,7,8,0.9438012957572937,30
0,8,9,0.9736448446909587,30
0,9,10,0.9651100238164266,30
1,1,2,0.9201449553171793,30
1,2,3,0.926191504796346,30
1,3,4,0.9305321335792541,30
1,4,5,0.9318873167037964,30
1,5,6,0.9328722993532816,30
1,6,7,0.9239286740620931,30
1,7,8,0.9391968409220378,30
1,8,9,0.9255456884702047,30
1,9,10,0.9285908341407776,30
2,1,2,0.9067089279492696,30
2,2,3,0.9135682781537374,30
2,3,4,0.920387351512909,30
2,4,5,0.9219814697901408,30
2,5,6,0.9186877051989237,30
2,6,7,0.9027771512667339,30
2,7,8,0.9142287333806356,30
2,8,9,0.9169475714365641,30
2,9,10,0.9084734956423441,30
3,1,2,0.8867932756741842,30
3,2,3,0.8947125911712647,30
3,3,4,0.9023570577303569,30
3,4,5,0.9117058475812276,30
3,5,6,0.9143160621325175,30
3,6,7,0.8646812876065572,30
3,7,8,0.871965475877126,30
3,8,9,0.9108282566070557,30
3,9,10,0.8703422983487447,30
4,1,2,0.8833134214083354,30
4,2,3,0.893533714612325,30
4,3,4,0.8973948160807291,30
4,4,5,0.9144638975461324,30
4,5,6,0.9195252299308777,30
4,6,7,0.8844744284947713,30
4,7,8,0.8899547338485718,30
4,8,9,0.9042822321256002,30
4,9,10,0.8753422657648723,30
5,1,2,0.8565115094184875,30
5,2,3,0.8626139561335245,30
5,3,4,0.8813110947608948,30
5,4,5,0.9041432936986288,30
5,5,6,0.9065039992332459,30
5,6,7,0.8718640844027201,30
5,7,8,0.857517687479655,30
5,8,9,0.829993486404419,30
5,9,10,0.8731708367665608,30
6,1,2,0.8384416381518046,30
6,2,3,0.8349819819132487,30
6,3,4,0.8684087951978048,30
6,4,5,0.8931671818097432,30
6,5,6,0.8775170008341472,30
6,6,7,0.8485874931017557,30
6,7,8,0.8824702978134156,30
6,8,9,0.8677209059397379,30
6,9,10,0.8526993830998738,30
7,1,2,0.8499249736467998,30
7,2,3,0.8199057261149089,30
7,3,4,0.8475270867347717,30
7,4,5,0.8757981181144714,30
7,5,6,0.8520301143328349,30
7,6,7,0.8306925813357036,30
7,7,8,0.8632618904113769,30
7,8,9,0.8780956625938415,30
7,9,10,0.8499104221661885,30
8,1,2,0.8630787650744121,30
8,2,3,0.808941388130188,30
8,3,4,0.8391127228736878,30
8,4,5,0.8538039167722066,30
8,5,6,0.844356652100881,30
8,6,7,0.8334205945332845,30
8,7,8,0.8589167674382527,30
8,8,9,0.896739109357198,30
8,9,10,0.8607014973958333,30
9,1,2,0.8065770228703817,30
9,2,3,0.7225197811921438,30
9,3,4,0.8089397192001343,30
9,4,5,0.7960194230079651,30
9,5,6,0.8358230829238892,30
9,6,7,0.8471550067265828,30
9,7,8,0.8518003265062968,30
9,8,9,0.8852088133494059,30
9,9,10,0.8236433625221252,30
10,1,2,0.819187076886495,30
10,2,3,0.7159912506739299,30
10,3,4,0.7984051783879598,30
10,4,5,0.7909121751785279,30
10,5,6,0.833042049407959,30
10,6,7,0.8200693448384603,30
10,7,8,0.836179256439209,30
10,8,9,0.8043323000272115,30
10,9,10,0.7871201117833455,30
11,1,2,0.40409861331184704,30
11,2,3,0.5026177828510602,30
11,3,4,0.8578861872355144,30
11,4,5,0.9266787966092428,30
11,5,6,0.8300118168195089,30
11,6,7,0.8120470801989238,30
11,7,8,0.630654492477576,30
11,8,9,0.6723889688650767,30
11,9,10,0.6247328003247579,30
0,1,2,0.9765223037628901,31
0,2,3,0.9788960019747416,31
0,3,4,0.9724499810309637,31
0,4,5,0.9753678412664504,31
0,5,6,0.9633926153182983,31
0,6,7,0.9246944501286462,31
0,7,8,0.9427568061011178,31
0,8,9,0.9761459373292469,31
0,9,10,0.9720323908896673,31
1,1,2,0.9219562609990438,31
1,2,3,0.9320499045508248,31
1,3,4,0.9263554811477661,31
1,4,5,0.937057321979886,31
1,5,6,0.9330577367828006,31
1,6,7,0.9167569847333998,31
1,7,8,0.941394221215021,31
1,8,9,0.9240354668526423,31
1,9,10,0.932302386987777,31
2,1,2,0.9080158159846351,31
2,2,3,0.9149173923901149,31
2,3,4,0.9206994601658413,31
2,4,5,0.9315583592369443,31
2,5,6,0.9206900738534474,31
2,6,7,0.9041896434057326,31
2,7,8,0.9213928041003999,31
2,8,9,0.91512454975219,31
2,9,10,0.9131635824839274,31
3,1,2,0.8906579954283578,31
3,2,3,0.8977561394373575,31
3,3,4,0.9091800763493493,31
3,4,5,0.9215750382060096,31
3,5,6,0.914894163608551,31
3,6,7,0.8648687799771627,31
3,7,8,0.8764888559068952,31
3,8,9,0.9122326487586612,31
3,9,10,0.8738507600057692,31
4,1,2,0.8854617646762303,31
4,2,3,0.8926085432370504,31
4,3,4,0.901499038650876,31
4,4,5,0.9218647990907941,31
4,5,6,0.9195119454747155,31
4,6,7,0.8857905041603815,31
4,7,8,0.8952722123691014,31
4,8,9,0.9100628665515355,31
4,9,10,0.8773361387706938,31
5,1,2,0.8652297740890866,31
5,2,3,0.8654924943333581,31
5,3,4,0.883698148386819,31
5,4,5,0.9115028977394104,31
5,5,6,0.9091961497352237,31
5,6,7,0.8761710354260036,31
5,7,8,0.8457611203193665,31
5,8,9,0.8166015829358783,31
5,9,10,0.8767618678864979,31
6,1,2,0.8518048666772389,31
6,2,3,0.8463990887006124,31
6,3,4,0.8626228826386588,31
6,4,5,0.893177900995527,31
6,5,6,0.877544811793736,31
6,6,7,0.858372035480681,31
6,7,8,0.8749717360451108,31
6,8,9,0.8637731926781791,31
6,9,10,0.8541048481350854,31
7,1,2,0.861768765108926,31
7,2,3,0.8311288583846319,31
7,3,4,0.8508816276277814,31
7,4,5,0.8807871824219113,31
7,5,6,0.8592072810445514,31
7,6,7,0.8322459175473168,31
7,7,8,0.8673673130217052,31
7,8,9,0.8765876378331866,31
7,9,10,0.843330476965223,31
8,1,2,0.8615983724594116,31
8,2,3,0.814153063864935,31
8,3,4,0.8358147172700792,31
8,4,5,0.857345388049171,31
8,5,6,0.8453826223100934,31
8,6,7,0.8143704590343294,31
8,7,8,0.8494370579719543,31
8,8,9,0.8986903116816566,31
8,9,10,0.8501537555739993,31
9,1,2,0.8155424481346494,31
9,2,3,0.7375959101177397,31
9,3,4,0.7923792146501087,31
9,4,5,0.8062847568875268,31
9,5,6,0.8477428725787571,31
9,6,7,0.8467191769963219,31
9,7,8,0.850331479594821,31
9,8,9,0.8768581634476071,31
9,9,10,0.7930156588554382,31
10,1,2,0.7947897485324315,31
10,2,3,0.6868679594425928,31
10,3,4,0.7591701291856312,31
10,4,5,0.79855325676146,31
10,5,6,0.8036945263544718,31
10,6,7,0.7938441208430699,31
10,7,8,0.8391744267372858,31
10,8,9,0.7581817819958642,31
10,9,10,0.7703515177681333,31
11,1,2,0.4563029834202358,31
11,2,3,0.3438493726508958,31
11,3,4,0.6843837843764395,31
11,4,5,0.8598026207515171,31
11,5,6,0.8405943598066058,31
11,6,7,0.7868054537546068,31
11,7,8,0.5941506272980145,31
11,8,9,0.5939727262372062,31
11,9,10,0.519201319043835,31
0,1,2,0.9782193422317504,32
0,2,3,0.9767538964748382,32
0,3,4,0.974542373418808,32
0,4,5,0.9784346342086792,32
0,5,6,0.9639029204845428,32
0,6,7,0.9298318564891815,32
0,7,8,0.9463974714279175,32
0,8,9,0.9763552427291871,32
0,9,10,0.9746653974056244,32
1,1,2,0.9195654273033143,32
1,2,3,0.9227507710456848,32
1,3,4,0.929320901632309,32
1,4,5,0.9422533690929413,32
1,5,6,0.9346367835998535,32
1,6,7,0.9206785559654236,32
1,7,8,0.9442965269088746,32
1,8,9,0.9229569733142853,32
1,9,10,0.9339984595775604,32
2,1,2,0.9011975526809692,32
2,2,3,0.9096679270267487,32
2,3,4,0.9269741654396058,32
2,4,5,0.9363814115524292,32
2,5,6,0.9276224970817566,32
2,6,7,0.9130142450332641,32
2,7,8,0.9284771263599396,32
2,8,9,0.9155613362789154,32
2,9,10,0.9194131553173065,32
3,1,2,0.8872260093688965,32
3,2,3,0.8968960642814636,32
3,3,4,0.9176021456718445,32
3,4,5,0.924380111694336,32
3,5,6,0.922338342666626,32
3,6,7,0.8781247794628143,32
3,7,8,0.8844128012657165,32
3,8,9,0.912849760055542,32
3,9,10,0.885012012720108,32
4,1,2,0.8870377779006958,32
4,2,3,0.8941368997097016,32
4,3,4,0.9085860133171082,32
4,4,5,0.9219547271728515,32
4,5,6,0.9255094230175018,32
4,6,7,0.8957318663597107,32
4,7,8,0.9034105896949768,32
4,8,9,0.9080027222633362,32
4,9,10,0.885624212026596,32
5,1,2,0.8776620745658874,32
5,2,3,0.8679931282997131,32
5,3,4,0.8887538015842438,32
5,4,5,0.9091788470745087,32
5,5,6,0.912571394443512,32
5,6,7,0.8843785107135773,32
5,7,8,0.8703627765178681,32
5,8,9,0.8438692629337311,32
5,9,10,0.8879213273525238,32
6,1,2,0.8567529380321502,32
6,2,3,0.8386626303195953,32
6,3,4,0.8654559195041657,32
6,4,5,0.888396579027176,32
6,5,6,0.8824805855751038,32
6,6,7,0.8574827909469604,32
6,7,8,0.8823775172233581,32
6,8,9,0.8659510374069214,32
6,9,10,0.8618290305137635,32
7,1,2,0.86599360704422,32
7,2,3,0.8288417100906372,32
7,3,4,0.848370486497879,32
7,4,5,0.8791254341602326,32
7,5,6,0.8683798849582672,32
7,6,7,0.8530357778072357,32
7,7,8,0.8691507816314697,32
7,8,9,0.8823002099990844,32
7,9,10,0.8492138028144837,32
8,1,2,0.8674425303936004,32
8,2,3,0.8238319456577301,32
8,3,4,0.8353361070156098,32
8,4,5,0.8479496538639069,32
8,5,6,0.8509734690189361,32
8,6,7,0.8402560114860534,32
8,7,8,0.852827513217926,32
8,8,9,0.892758971452713,32
8,9,10,0.8623268902301788,32
9,1,2,0.8246859669685364,32
9,2,3,0.7416348099708557,32
9,3,4,0.785735023021698,32
9,4,5,0.793240487575531,32
9,5,6,0.8480436384677887,32
9,6,7,0.8697877109050751,32
9,7,8,0.8610903441905975,32
9,8,9,0.8786171853542328,32
9,9,10,0.8029952108860016,32
10,1,2,0.8111113369464874,32
10,2,3,0.6928713589906692,32
10,3,4,0.7421962201595307,32
10,4,5,0.7828173637390137,32
10,5,6,0.8308917164802552,32
10,6,7,0.8385649144649505,32
10,7,8,0.8616556823253632,32
10,8,9,0.7753780364990235,32
10,9,10,0.8284065425395966,32
11,1,2,0.3682984713464975,32
11,2,3,0.30261035040020945,32
11,3,4,0.5808156006038189,32
11,4,5,0.8345090866088867,32
11,5,6,0.8525996744632721,32
11,6,7,0.8055781662464142,32
11,7,8,0.5768053770065308,32
11,8,9,0.6497330531477928,32
11,9,10,0.569481791369617,32
0,1,2,0.9737288653850555,33
0,2,3,0.9744130458150592,33
0,3,4,0.975985701595034,33
0,4,5,0.9735030425446374,33
0,5,6,0.9616185171263558,33
0,6,7,0.9327263640505927,33
0,7,8,0.9446294818605695,33
0,8,9,0.9745651717696872,33
0,9,10,0.9667050391435623,33
1,1,2,0.9248778862612588,33
1,2,3,0.9298589485032218,33
1,3,4,0.9351153395005635,33
1,4,5,0.9387658068111965,33
1,5,6,0.9339063061135155,33
1,6,7,0.9257536594356809,33
1,7,8,0.9422293880156108,33
1,8,9,0.9287301238094058,33
1,9,10,0.9314339352505547,33
2,1,2,0.9101178773811885,33
2,2,3,0.9162902938468116,33
2,3,4,0.9220443091222218,33
2,4,5,0.9294386953115463,33
2,5,6,0.9206710010766983,33
2,6,7,0.9059096021311623,33
2,7,8,0.9200831736837115,33
2,8,9,0.9212598992245538,33
2,9,10,0.9133907173361097,33
3,1,2,0.8886134858642306,33
3,2,3,0.8982328176498413,33
3,3,4,0.9080691827195031,33
3,4,5,0.9180196140493665,33
3,5,6,0.9157747605017253,33
3,6,7,0.8680061272212437,33
3,7,8,0.8767707986491067,33
3,8,9,0.9174919894763401,33
3,9,10,0.8755552917718887,33
4,1,2,0.8856217605727059,33
4,2,3,0.8962365388870239,33
4,3,4,0.9031566828489304,33
4,4,5,0.920131442802293,33
4,5,6,0.9210823944636753,33
4,6,7,0.8875575746808734,33
4,7,8,0.8956432896000999,33
4,8,9,0.9117060622998646,33
4,9,10,0.8787589626652854,33
5,1,2,0.8598367678267615,33
5,2,3,0.8659722975322178,33
5,3,4,0.8872670850583485,33
5,4,5,0.9095361019883837,33
5,5,6,0.9085881795201983,33
5,6,7,0.873854724424226,33
5,7,8,0.8687429938997541,33
5,8,9,0.8474733829498291,33
5,9,10,0.8778762093612126,33
6,1,2,0.8441431096621922,33
6,2,3,0.8410055786371231,33
6,3,4,0.8705352864095143,33
6,4,5,0.8962556741067341,33
6,5,6,0.8838540379490171,33
6,6,7,0.8508996857064111,33
6,7,8,0.8836335220507213,33
6,8,9,0.8743597950254168,33
6,9,10,0.8571142852306366,33
7,1,2,0.8545709529093334,33
7,2,3,0.8266040661505291,33
7,3,4,0.8538095355033875,33
7,4,5,0.882103653890746,33
7,5,6,0.8585895470210484,33
7,6,7,0.8395207545586995,33
7,7,8,0.8686420215027673,33
7,8,9,0.8842574613434928,33
7,9,10,0.852017017347472,33
8,1,2,0.8616414410727364,33
8,2,3,0.8131571965558189,33
8,3,4,0.8382578534739358,33
8,4,5,0.8621053653103965,33
8,5,6,0.8477184985365186,33
8,6,7,0.8300085301910128,33
8,7,8,0.8621192233903068,33
8,8,9,0.90104093509061,33
8,9,10,0.8668939364807946,33
9,1,2,0.8009610985006604,33
9,2,3,0.7266995055334908,33
9,3,4,0.8102975359984806,33
9,4,5,0.8078812914235252,33
9,5,6,0.8375034289700645,33
9,6,7,0.8504473950181689,33
9,7,8,0.8548276211534228,33
9,8,9,0.887508402977671,33
9,9,10,0.8276009836367199,33
10,1,2,0.8102967590093613,33
10,2,3,0.699769098843847,33
10,3,4,0.8126980875219617,33
10,4,5,0.8002461450440543,33
10,5,6,0.848423706633704,33
10,6,7,0.8371099297489438,33
10,7,8,0.8500160723924637,33
10,8,9,0.817169610943113,33
10,9,10,0.8037275395223072,33
11,1,2,0.37028153360422167,33
11,2,3,0.4314644153096846,33
11,3,4,0.8697075907673154,33
11,4,5,0.9253006875514984,33
11,5,6,0.828090637922287,33
11,6,7,0.8306845107248851,33
11,7,8,0.6430047274168048,33
11,8,9,0.7209994356547084,33
11,9,10,0.6629785395094326,33
0,1,2,0.9726767192284266,34
0,2,3,0.9742621382077535,34
0,3,4,0.9758680396609836,34
0,4,5,0.9743549476067225,34
0,5,6,0.9627570162216822,34
0,6,7,0.9344498018423716,34
0,7,8,0.9463561061355803,34
0,8,9,0.9743888030449549,34
0,9,10,0.9678930971357558,34
1,1,2,0.9223512841595544,34
1,2,3,0.9305049346552955,34
1,3,4,0.9364111241367128,34
1,4,5,0.9407318664921654,34
1,5,6,0.935726727048556,34
1,6,7,0.927427179283566,34
1,7,8,0.9434829072819816,34
1,8,9,0.9291991276873482,34
1,9,10,0.9333026624388165,34
2,1,2,0.9083835648165809,34
2,2,3,0.9175567345486747,34
2,3,4,0.92283177210225,34
2,4,5,0.9293832613362206,34
2,5,6,0.9232773151662614,34
2,6,7,0.907840876115693,34
2,7,8,0.9217443582084444,34
2,8,9,0.9206054790152444,34
2,9,10,0.9147205269998975,34
3,1,2,0.8889957086907493,34
3,2,3,0.8993277847766876,34
3,3,4,0.9082036134269502,34
3,4,5,0.9185324443711175,34
3,5,6,0.918160574303733,34
3,6,7,0.8704748915301429,34
3,7,8,0.8781835304366218,34
3,8,9,0.9165730228026708,34
3,9,10,0.8767509576347139,34
4,1,2,0.8861526052157084,34
4,2,3,0.8962496783998277,34
4,3,4,0.9016107254558139,34
4,4,5,0.9198496805297004,34
4,5,6,0.922330818242497,34
4,6,7,0.8896657096015083,34
4,7,8,0.8964548889133666,34
4,8,9,0.9108932200405333,34
4,9,10,0.8807344370418124,34
5,1,2,0.8634822186496522,34
5,2,3,0.8671192940738466,34
5,3,4,0.8859829372829862,34
5,4,5,0.9095817986461852,34
5,5,6,0.9100360969702402,34
5,6,7,0.8759623318910599,34
5,7,8,0.8617278221580718,34
5,8,9,0.8418704453441832,34
5,9,10,0.8799996690617667,34
6,1,2,0.8495050238238441,34
6,2,3,0.8439094805055194,34
6,3,4,0.8681752913528018,34
6,4,5,0.8956266525718901,34
6,5,6,0.8840923607349396,34
6,6,7,0.8529336535268359,34
6,7,8,0.8829402708344989,34
6,8,9,0.8770016498035855,34
6,9,10,0.8587121036317613,34
7,1,2,0.857195140586959,34
7,2,3,0.8283665014637841,34
7,3,4,0.8505400733815299,34
7,4,5,0.8825217816564772,34
7,5,6,0.8630913347005844,34
7,6,7,0.841288631161054,34
7,7,8,0.8691234257486131,34
7,8,9,0.8841945711109374,34
7,9,10,0.8545459873146481,34
8,1,2,0.8616018874777688,34
8,2,3,0.8139627161953185,34
8,3,4,0.835241350862715,34
8,4,5,0.8605901218122907,34
8,5,6,0.8502223259872861,34
8,6,7,0.827831130888727,34
8,7,8,0.860405241449674,34
8,8,9,0.8982609129614301,34
8,9,10,0.8628886391719183,34
9,1,2,0.8086511012580659,34
9,2,3,0.7316978623469671,34
9,3,4,0.795562873284022,34
9,4,5,0.8094868113597234,34
9,5,6,0.839337988032235,34
9,6,7,0.8482859167787764,34
9,7,8,0.8530135154724121,34
9,8,9,0.8849425514539083,34
9,9,10,0.8220057305362489,34
10,1,2,0.803492890463935,34
10,2,3,0.6941148671838973,34
10,3,4,0.7708086611496078,34
10,4,5,0.8009009030130174,34
10,5,6,0.8276233043935564,34
10,6,7,0.8209660434060626,34
10,7,8,0.8465347604619132,34
10,8,9,0.796382498410013,34
10,9,10,0.8017143855492274,34
11,1,2,0.41542842828979093,34
11,2,3,0.4003229702098502,34
11,3,4,0.723924026514093,34
11,4,5,0.9215841641028722,34
11,5,6,0.8351267129182816,34
11,6,7,0.8192562527126737,34
11,7,8,0.6539522618469265,34
11,8,9,0.6634737880279621,34
11,9,10,0.6107079219590459,34
0,1,2,0.9734099785486857,35
0,2,3,0.9754774332046509,35
0,3,4,0.9769173463185629,35
0,4,5,0.9751638054847718,35
0,5,6,0.9619226574897766,35
0,6,7,0.9320181449254353,35
0,7,8,0.944375479221344,35
0,8,9,0.9737962683041891,35
0,9,10,0.9675975362459819,35
1,1,2,0.9186274131139119,35
1,2,3,0.9258662303288777,35
1,3,4,0.9350136280059814,35
1,4,5,0.9392037471135457,35
1,5,6,0.9365954001744589,35
1,6,7,0.9276166081428527,35
1,7,8,0.9436883886655172,35
1,8,9,0.9272662997245789,35
1,9,10,0.9303640405337016,35
2,1,2,0.902602763970693,35
2,2,3,0.9137128909428914,35
2,3,4,0.919452432791392,35
2,4,5,0.9279491980870564,35
2,5,6,0.9234276215235392,35
2,6,7,0.9081682721773784,35
2,7,8,0.9229452808698019,35
2,8,9,0.9187638680140178,35
2,9,10,0.9101669271787007,35
3,1,2,0.8849698225657145,35
3,2,3,0.8942498087882995,35
3,3,4,0.9070574363072713,35
3,4,5,0.9144017934799195,35
3,5,6,0.9150967836380005,35
3,6,7,0.8658192237218221,35
3,7,8,0.8724664211273193,35
3,8,9,0.9159143884976705,35
3,9,10,0.8677466750144959,35
4,1,2,0.8827770868937175,35
4,2,3,0.8894703348477682,35
4,3,4,0.8990690191586812,35
4,4,5,0.9154226223627726,35
4,5,6,0.9211074670155843,35
4,6,7,0.886382524172465,35
4,7,8,0.8934312264124552,35
4,8,9,0.9104195753733317,35
4,9,10,0.8745920340220134,35
5,1,2,0.8602187077204386,35
5,2,3,0.857180384794871,35
5,3,4,0.8826049923896789,35
5,4,5,0.9060883959134419,35
5,5,6,0.9047512610753378,35
5,6,7,0.8652237176895141,35
5,7,8,0.8680982867876689,35
5,8,9,0.8485607624053955,35
5,9,10,0.8745059291521708,35
6,1,2,0.8393541375796,35
6,2,3,0.8273273189862569,35
6,3,4,0.8597748160362244,35
6,4,5,0.8904133200645447,35
6,5,6,0.8782476425170899,35
6,6,7,0.8422598600387573,35
6,7,8,0.8739960710207622,35
6,8,9,0.8776613473892212,35
6,9,10,0.8496276021003724,35
7,1,2,0.8500108520189921,35
7,2,3,0.809813912709554,35
7,3,4,0.8362175583839416,35
7,4,5,0.8755606532096862,35
7,5,6,0.8475486993789673,35
7,6,7,0.8297754406929017,35
7,7,8,0.8624413331349691,35
7,8,9,0.879211962223053,35
7,9,10,0.8539586822191875,35
8,1,2,0.853008484840393,35
8,2,3,0.7977750023206075,35
8,3,4,0.8232321739196777,35
8,4,5,0.852842915058136,35
8,5,6,0.8388853907585144,35
8,6,7,0.8131924112637837,35
8,7,8,0.8518744508425394,35
8,8,9,0.8936034202575683,35
8,9,10,0.8673788865407308,35
9,1,2,0.7723914384841919,35
9,2,3,0.6808577120304108,35
9,3,4,0.7782456358273824,35
9,4,5,0.7991516749064128,35
9,5,6,0.8199488957722981,35
9,6,7,0.8374054511388143,35
9,7,8,0.8417168736457825,35
9,8,9,0.8752897580464681,35
9,9,10,0.8205903689066569,35
10,1,2,0.7697314778963725,35
10,2,3,0.643439753850301,35
10,3,4,0.7565422276655833,35
10,4,5,0.7771588206291199,35
10,5,6,0.8283457159996033,35
10,6,7,0.8347142060597738,35
10,7,8,0.8511986136436462,35
10,8,9,0.7936453382174175,35
10,9,10,0.8348190546035766,35
11,1,2,0.29140407741069796,35
11,2,3,0.2691276987393697,35
11,3,4,0.6473605756958326,35
11,4,5,0.9090359648068745,35
11,5,6,0.8233794609705607,35
11,6,7,0.8356810649236043,35
11,7,8,0.6284618695576986,35
11,8,9,0.6749984517693519,35
11,9,10,0.6125186280657847,35
0,1,2,0.9724528448922294,36
0,2,3,0.9758121839591435,36
0,3,4,0.97547333581107,36
0,4,5,0.9733962459223611,36
0,5,6,0.9642423923526492,36
0,6,7,0.9340010774987084,36
0,7,8,0.9460937295641217,36
0,8,9,0.9741400799580983,36
0,9,10,0.9678416763033185,36
1,1,2,0.9216153600386211,36
1,2,3,0.9321941988808768,36
1,3,4,0.9346909097262791,36
1,4,5,0.9384362207991737,36
1,5,6,0.9368094503879547,36
1,6,7,0.9263974939073835,36
1,7,8,0.9433088345187051,36
1,8,9,0.928028262087277,36
1,9,10,0.9317284822463989,36
2,1,2,0.9077368783099311,36
2,2,3,0.918179105435099,36
2,3,4,0.9205960652657917,36
2,4,5,0.9271966431822095,36
2,5,6,0.9224137536117009,36
2,6,7,0.9065737852028438,36
2,7,8,0.9211278259754181,36
2,8,9,0.9195099302700588,36
2,9,10,0.9106573611497879,36
3,1,2,0.8886200253452573,36
3,2,3,0.8982432569776263,36
3,3,4,0.9057466451610837,36
3,4,5,0.9157546907663345,36
3,5,6,0.9155599921941757,36
3,6,7,0.8650355126176562,36
3,7,8,0.8742759930235999,36
3,8,9,0.9156857771532876,36
3,9,10,0.8707173892429897,36
4,1,2,0.8841618831668582,36
4,2,3,0.8934541834252221,36
4,3,4,0.8989119018827166,36
4,4,5,0.9179390434707914,36
4,5,6,0.9205586356776101,36
4,6,7,0.8856925304446902,36
4,7,8,0.8931300086634499,36
4,8,9,0.911225152867181,36
4,9,10,0.8762957581451961,36
5,1,2,0.8595631122589111,36
5,2,3,0.8624640171016965,36
5,3,4,0.8831179120710918,36
5,4,5,0.9089209245783942,36
5,5,6,0.9077551705496651,36
5,6,7,0.8699340245553425,36
5,7,8,0.8558005371264049,36
5,8,9,0.832800607596125,36
5,9,10,0.874022302883012,36
6,1,2,0.8456896139042718,36
6,2,3,0.8411140952791486,36
6,3,4,0.8641247472592762,36
6,4,5,0.8958466563905988,36
6,5,6,0.88052556344441,36
6,6,7,0.849671483039856,36
6,7,8,0.8783343689782279,36
6,8,9,0.874337973339217,36
6,9,10,0.8530598495687757,36
7,1,2,0.8547254247324807,36
7,2,3,0.8219575945820127,36
7,3,4,0.8451915234327316,36
7,4,5,0.8804170063563755,36
7,5,6,0.8566941001585552,36
7,6,7,0.8310036063194275,36
7,7,8,0.8662944180624825,36
7,8,9,0.8807314549173627,36
7,9,10,0.8526660757405418,36
8,1,2,0.8581167714936393,36
8,2,3,0.8056801727839878,36
8,3,4,0.8299191083226886,36
8,4,5,0.8580706971032279,36
8,5,6,0.8448781136955533,36
8,6,7,0.8168842090027673,36
8,7,8,0.8552827217749187,36
8,8,9,0.8981580649103437,36
8,9,10,0.8581363643918719,36
9,1,2,0.7993584807429995,36
9,2,3,0.7162012032100132,36
9,3,4,0.7882263724293027,36
9,4,5,0.809394793851035,36
9,5,6,0.8359988714967456,36
9,6,7,0.8378843643835613,36
9,7,8,0.8455712135349002,36
9,8,9,0.8797254030193601,36
9,9,10,0.8118581750563213,36
10,1,2,0.7906776922089713,36
10,2,3,0.681065599833216,36
10,3,4,0.763200373521873,36
10,4,5,0.7955974148852485,36
10,5,6,0.8155197692768914,36
10,6,7,0.805103844829968,36
10,7,8,0.8379096601690564,36
10,8,9,0.7817758066313607,36
10,9,10,0.7899256284747805,36
11,1,2,0.41551420784422327,36
11,2,3,0.37668145980153767,36
11,3,4,0.705604142642447,36
11,4,5,0.9183300499405179,36
11,5,6,0.8288576645510537,36
11,6,7,0.8093125245400837,36
11,7,8,0.6280445938131639,36
11,8,9,0.632202869813357,36
11,9,10,0.579453662902649,36
0,1,2,0.9721697625659761,37
0,2,3,0.9734988269351778,37
0,3,4,0.9753728480566115,37
0,4,5,0.9726991483143398,37
0,5,6,0.9605491927691868,37
0,6,7,0.9338025564239139,37
0,7,8,0.9433834864979699,37
0,8,9,0.9730875009582156,37
0,9,10,0.9650096751394726,37
1,1,2,0.9174876695587522,37
1,2,3,0.9256436342284793,37
1,3,4,0.9359471145130339,37
1,4,5,0.9374897621926808,37
1,5,6,0.9347091402326312,37
1,6,7,0.928814152876536,37
1,7,8,0.9413861064683824,37
1,8,9,0.9273606794221061,37
1,9,10,0.9303164652415684,37
2,1,2,0.9036659853799003,37
2,2,3,0.9156408366702852,37
2,3,4,0.9219298760096232,37
2,4,5,0.9274562426975795,37
2,5,6,0.9223955670992533,37
2,6,7,0.9096818168958029,37
2,7,8,0.9207230096771604,37
2,8,9,0.917995001588549,37
2,9,10,0.9125841203190032,37
3,1,2,0.8848095337549845,37
3,2,3,0.8994299741018386,37
3,3,4,0.9094589380990892,37
3,4,5,0.9164336777868725,37
3,5,6,0.9169864881606329,37
3,6,7,0.8714262786365691,37
3,7,8,0.874313839844295,37
3,8,9,0.9142398692312694,37
3,9,10,0.8740896866435096,37
4,1,2,0.8832960412615821,37
4,2,3,0.8973680649484906,37
4,3,4,0.9026546904018947,37
4,4,5,0.9174765717415583,37
4,5,6,0.920055920169467,37
4,6,7,0.890670637289683,37
4,7,8,0.8934504389762878,37
4,8,9,0.9077426677658444,37
4,9,10,0.879123446487245,37
5,1,2,0.8619011441866556,37
5,2,3,0.8731512597629002,37
5,3,4,0.8874618240765163,37
5,4,5,0.9064452335948036,37
5,5,6,0.908669440519242,37
5,6,7,0.882826084182376,37
5,7,8,0.8653797478902907,37
5,8,9,0.8453492777688163,37
5,9,10,0.8793313787097022,37
6,1,2,0.8509637599899655,37
6,2,3,0.8534120122591654,37
6,3,4,0.869604542141869,37
6,4,5,0.8892983226549058,37
6,5,6,0.8851312796274821,37
6,6,7,0.8579516723042443,37
6,7,8,0.883033743926457,37
6,8,9,0.8757998233749753,37
6,9,10,0.8576045178231739,37
7,1,2,0.8623647576286679,37
7,2,3,0.8480205564271837,37
7,3,4,0.8574327031771342,37
7,4,5,0.8785252769788107,37
7,5,6,0.8696757242793128,37
7,6,7,0.854395866394043,37
7,7,8,0.8661518551054455,37
7,8,9,0.8791349076089405,37
7,9,10,0.8539076106888908,37
8,1,2,0.859376155194782,37
8,2,3,0.8258680786405291,37
8,3,4,0.8344789346059164,37
8,4,5,0.8563374536378043,37
8,5,6,0.849219146228972,37
8,6,7,0.8285512186232067,37
8,7,8,0.8557691460564023,37
8,8,9,0.8931737002872285,37
8,9,10,0.8608753596033368,37
9,1,2,0.8279471227100917,37
9,2,3,0.7636772848310924,37
9,3,4,0.7888620552562532,37
9,4,5,0.8040903125490461,37
9,5,6,0.829708008539109,37
9,6,7,0.8489096874282474,37
9,7,8,0.8472749108359927,37
9,8,9,0.8845061688196092,37
9,9,10,0.8166657430785043,37
10,1,2,0.8096919088136583,37
10,2,3,0.7055121376400902,37
10,3,4,0.7564187929743812,37
10,4,5,0.7876825417791095,37
10,5,6,0.8125069907733372,37
10,6,7,0.8155272631418138,37
10,7,8,0.8469152109963554,37
10,8,9,0.795131002153669,37
10,9,10,0.8247506817181905,37
11,1,2,0.4364415770840077,37
11,2,3,0.3875752063024612,37
11,3,4,0.6711866028961682,37
11,4,5,0.9154090767815,37
11,5,6,0.8575318115098136,37
11,6,7,0.820447101479485,37
11,7,8,0.6345757277948516,37
11,8,9,0.6754115756068911,37
11,9,10,0.5925431986827225,37
0,1,2,0.9694597959518433,38
0,2,3,0.9711978753407796,38
0,3,4,0.976103417078654,38
0,4,5,0.9726939916610717,38
0,5,6,0.9647083878517151,38
0,6,7,0.9409886161486308,38
0,7,8,0.951143749554952,38
0,8,9,0.9731218894322713,38
0,9,10,0.9662499189376831,38
1,1,2,0.9229995290438334,38
1,2,3,0.9298286875089009,38
1,3,4,0.9399100462595622,38
1,4,5,0.9424095988273621,38
1,5,6,0.9392182946205139,38
1,6,7,0.9338134566942851,38
1,7,8,0.9466097752253214,38
1,8,9,0.9359809716542562,38
1,9,10,0.9364241043726603,38
2,1,2,0.9120314717292786,38
2,2,3,0.9228697935740153,38
2,3,4,0.9240053017934163,38
2,4,5,0.9291813651720683,38
2,5,6,0.927553669611613,38
2,6,7,0.9129741430282593,38
2,7,8,0.9225111524264018,38
2,8,9,0.924399999777476,38
2,9,10,0.9185449123382569,38
3,1,2,0.8909754594167073,38
3,2,3,0.9056766112645467,38
3,3,4,0.9080368002255758,38
3,4,5,0.9208892265955607,38
3,5,6,0.9249688863754273,38
3,6,7,0.8822631716728211,38
3,7,8,0.8845982909202575,38
3,8,9,0.9206704298655192,38
3,9,10,0.8860898613929749,38
4,1,2,0.888745641708374,38
4,2,3,0.9045687039693197,38
4,3,4,0.9024710694948832,38
4,4,5,0.9220646142959594,38
4,5,6,0.9258850852648417,38
4,6,7,0.8988278428713481,38
4,7,8,0.9007695436477661,38
4,8,9,0.9134320179621379,38
4,9,10,0.8886023998260498,38
5,1,2,0.8672783136367798,38
5,2,3,0.8818373958269755,38
5,3,4,0.8903344472249349,38
5,4,5,0.9107048114140829,38
5,5,6,0.9139199415842693,38
5,6,7,0.8908662994702657,38
5,7,8,0.8593051592508952,38
5,8,9,0.8485629200935364,38
5,9,10,0.8870730241139729,38
6,1,2,0.8613596399625142,38
6,2,3,0.8670177062352499,38
6,3,4,0.8771975040435791,38
6,4,5,0.8999253034591674,38
6,5,6,0.8908147613207499,38
6,6,7,0.8706282218297322,38
6,7,8,0.8896368503570556,38
6,8,9,0.8888995011647542,38
6,9,10,0.8693076014518738,38
7,1,2,0.8711301366488139,38
7,2,3,0.8611653447151184,38
7,3,4,0.8668468316396077,38
7,4,5,0.8904831051826477,38
7,5,6,0.8810065229733784,38
7,6,7,0.8681376576423645,38
7,7,8,0.8733858704566956,38
7,8,9,0.8908090353012085,38
7,9,10,0.866206153233846,38
8,1,2,0.8666729807853699,38
8,2,3,0.841039244333903,38
8,3,4,0.8460493326187134,38
8,4,5,0.8686809817949931,38
8,5,6,0.8688088575998942,38
8,6,7,0.8480393211046855,38
8,7,8,0.8665331721305847,38
8,8,9,0.9001273512840271,38
8,9,10,0.8632813175519307,38
9,1,2,0.8514319618542989,38
9,2,3,0.8025191108385722,38
9,3,4,0.7977771560351054,38
9,4,5,0.8249516526858012,38
9,5,6,0.8492897033691407,38
9,6,7,0.8526163697242737,38
9,7,8,0.8575589855511984,38
9,8,9,0.8916824738184611,38
9,9,10,0.8331963181495666,38
10,1,2,0.8281296491622925,38
10,2,3,0.7482209841410319,38
10,3,4,0.7521167079607646,38
10,4,5,0.8273169716199239,38
10,5,6,0.8174127022425334,38
10,6,7,0.8135083913803101,38
10,7,8,0.8479270219802857,38
10,8,9,0.7894420305887858,38
10,9,10,0.7922407587369283,38
11,1,2,0.5456408609946569,38
11,2,3,0.5297915508349736,38
11,3,4,0.6470408096909523,38
11,4,5,0.926788866519928,38
11,5,6,0.8522385040918986,38
11,6,7,0.8120736360549927,38
11,7,8,0.6807920217514039,38
11,8,9,0.6838245620330174,38
11,9,10,0.6378414620955785,38
0,1,2,0.9680480003356934,39
0,2,3,0.9721969187259674,39
0,3,4,0.9731477916240692,39
0,4,5,0.970214557647705,39
0,5,6,0.9638594627380371,39
0,6,7,0.9207863986492157,39
0,7,8,0.9377923727035522,39
0,8,9,0.9701139509677887,39
0,9,10,0.9643722534179687,39
1,1,2,0.9079833328723907,39
1,2,3,0.9154070377349853,39
1,3,4,0.9133943021297455,39
1,4,5,0.9228774785995484,39
1,5,6,0.9296667814254761,39
1,6,7,0.9088738262653351,39
1,7,8,0.9353104531764984,39
1,8,9,0.9159979522228241,39
1,9,10,0.9213158786296844,39
2,1,2,0.8957003593444824,39
2,2,3,0.9048124790191651,39
2,3,4,0.9059200465679169,39
2,4,5,0.9171808004379273,39
2,5,6,0.9153755128383636,39
2,6,7,0.893745219707489,39
2,7,8,0.9097626209259033,39
2,8,9,0.9064034461975098,39
2,9,10,0.8962562322616577,39
3,1,2,0.8770355701446533,39
3,2,3,0.8856928825378418,39
3,3,4,0.890498799085617,39
3,4,5,0.9089285969734192,39
3,5,6,0.9107684671878815,39
3,6,7,0.8563125312328339,39
3,7,8,0.8647323668003082,39
3,8,9,0.904063481092453,39
3,9,10,0.8576323926448822,39
4,1,2,0.8715647697448731,39
4,2,3,0.8823482513427734,39
4,3,4,0.8841196298599243,39
4,4,5,0.9099421381950379,39
4,5,6,0.9157899856567383,39
4,6,7,0.8779278755187988,39
4,7,8,0.8850845873355866,39
4,8,9,0.9016593992710114,39
4,9,10,0.8652981579303741,39
5,1,2,0.8484814405441284,39
5,2,3,0.8531398296356201,39
5,3,4,0.8654207706451416,39
5,4,5,0.8991319239139557,39
5,5,6,0.8999416649341583,39
5,6,7,0.862396913766861,39
5,7,8,0.8289703726768494,39
5,8,9,0.8052590548992157,39
5,9,10,0.8630836486816407,39
6,1,2,0.8330632269382476,39
6,2,3,0.8323516190052033,39
6,3,4,0.8439531028270721,39
6,4,5,0.8885374665260315,39
6,5,6,0.8628394603729248,39
6,6,7,0.8506375551223755,39
6,7,8,0.8608881235122681,39
6,8,9,0.856404572725296,39
6,9,10,0.8401957273483276,39
7,1,2,0.8565062582492828,39
7,2,3,0.8264311909675598,39
7,3,4,0.8298853397369385,39
7,4,5,0.8724291563034058,39
7,5,6,0.8380199670791626,39
7,6,7,0.8224731504917144,39
7,7,8,0.8526249766349793,39
7,8,9,0.8717535436153412,39
7,9,10,0.843819659948349,39
8,1,2,0.851036149263382,39
8,2,3,0.8065428853034973,39
8,3,4,0.8253288328647613,39
8,4,5,0.8461615025997162,39
8,5,6,0.84180468916893,39
8,6,7,0.816112470626831,39
8,7,8,0.8372910976409912,39
8,8,9,0.8902691721916198,39
8,9,10,0.8471513569355011,39
9,1,2,0.8035549223423004,39
9,2,3,0.7368125975131988,39
9,3,4,0.7717685997486115,39
9,4,5,0.7954504251480102,39
9,5,6,0.8218170762062073,39
9,6,7,0.8202182829380036,39
9,7,8,0.8390251755714416,39
9,8,9,0.8583941042423249,39
9,9,10,0.7820021748542786,39
10,1,2,0.7802487492561341,39
10,2,3,0.6972094744443893,39
10,3,4,0.722610878944397,39
10,4,5,0.8011692762374878,39
10,5,6,0.8007966995239257,39
10,6,7,0.7976653635501861,39
10,7,8,0.8428603291511536,39
10,8,9,0.7296539664268493,39
10,9,10,0.7488555312156677,39
11,1,2,0.3830420717597008,39
11,2,3,0.43881399035453794,39
11,3,4,0.5846188791096211,39
11,4,5,0.8256284534931183,39
11,5,6,0.8310055732727051,39
11,6,7,0.7853438794612885,39
11,7,8,0.6392940640449524,39
11,8,9,0.5767357453703881,39
11,9,10,0.5250717584043741,39
0,1,2,0.9700904607772827,40
0,2,3,0.972340456644694,40
0,3,4,0.9745435198148091,40
0,4,5,0.9698665976524353,40
0,5,6,0.962400209903717,40
0,6,7,0.9342325409253438,40
0,7,8,0.9431582609812419,40
0,8,9,0.9715062856674195,40
0,9,10,0.9640095671017964,40
1,1,2,0.9119547843933106,40
1,2,3,0.920689590771993,40
1,3,4,0.9312408049901326,40
1,4,5,0.9318229595820109,40
1,5,6,0.9336148619651794,40
1,6,7,0.9258400082588196,40
1,7,8,0.9390575011571248,40
1,8,9,0.9220385988553365,40
1,9,10,0.9262215654055278,40
2,1,2,0.8968129555384318,40
2,2,3,0.9107439597447713,40
2,3,4,0.9186324954032898,40
2,4,5,0.9218586087226868,40
2,5,6,0.9204377770423889,40
2,6,7,0.9081931352615357,40
2,7,8,0.9169251521428426,40
2,8,9,0.9116246064503988,40
2,9,10,0.9059814969698589,40
3,1,2,0.8771946469942729,40
3,2,3,0.893339459101359,40
3,3,4,0.9036345243453979,40
3,4,5,0.9105451226234436,40
3,5,6,0.9145726362864176,40
3,6,7,0.8672757585843404,40
3,7,8,0.8677353223164876,40
3,8,9,0.9072815338770549,40
3,9,10,0.8664892474810283,40
4,1,2,0.8752935767173767,40
4,2,3,0.8916892369588216,40
4,3,4,0.8969980955123902,40
4,4,5,0.912264351050059,40
4,5,6,0.9172854820887247,40
4,6,7,0.8876303633054098,40
4,7,8,0.8879121343294779,40
4,8,9,0.8997602343559266,40
4,9,10,0.8713164448738098,40
5,1,2,0.8538857499758402,40
5,2,3,0.8663697163263957,40
5,3,4,0.8824020425478617,40
5,4,5,0.9009133378664652,40
5,5,6,0.9045585950215658,40
5,6,7,0.8798384626706441,40
5,7,8,0.8545033057530721,40
5,8,9,0.827631429831187,40
5,9,10,0.8711145083109538,40
6,1,2,0.8440898458162943,40
6,2,3,0.8473045150438945,40
6,3,4,0.8662661711374918,40
6,4,5,0.8852087020874023,40
6,5,6,0.8784479300181071,40
6,6,7,0.8523346185684204,40
6,7,8,0.8798853000005086,40
6,8,9,0.8670703808466593,40
6,9,10,0.8509223341941834,40
7,1,2,0.857520588239034,40
7,2,3,0.8432247797648112,40
7,3,4,0.8527062416076661,40
7,4,5,0.872917628288269,40
7,5,6,0.8630611062049866,40
7,6,7,0.8482581655184428,40
7,7,8,0.8596804539362589,40
7,8,9,0.8732972502708435,40
7,9,10,0.850078837076823,40
8,1,2,0.8560269514719645,40
8,2,3,0.8223054806391398,40
8,3,4,0.8315950870513916,40
8,4,5,0.8455995957056681,40
8,5,6,0.8452464858690898,40
8,6,7,0.8302155097325643,40
8,7,8,0.8487425525983174,40
8,8,9,0.8865574479103089,40
8,9,10,0.8515870730082195,40
9,1,2,0.8320284247398376,40
9,2,3,0.7610462427139282,40
9,3,4,0.7822226087252299,40
9,4,5,0.7938991546630859,40
9,5,6,0.8240668813387553,40
9,6,7,0.842624286810557,40
9,7,8,0.8391122738520305,40
9,8,9,0.877966050306956,40
9,9,10,0.8016713937123616,40
10,1,2,0.812117334206899,40
10,2,3,0.7129769364992777,40
10,3,4,0.7404953320821126,40
10,4,5,0.7786305546760559,40
10,5,6,0.7924798369407654,40
10,6,7,0.7954681674639384,40
10,7,8,0.8335413694381714,40
10,8,9,0.773307454586029,40
10,9,10,0.8138562758763631,40
11,1,2,0.42912058855096497,40
11,2,3,0.3979796409606934,40
11,3,4,0.6298376018802325,40
11,4,5,0.9148279388745626,40
11,5,6,0.8505104263623555,40
11,6,7,0.8081039706865947,40
11,7,8,0.6007169370849927,40
11,8,9,0.6442695091168086,40
11,9,10,0.559512048587203,40
0,1,2,0.9726007523990813,41
0,2,3,0.9740258625575474,41
0,3,4,0.973825678938911,41
0,4,5,0.9732163491703215,41
0,5,6,0.9612778198151362,41
0,6,7,0.9237696727116903,41
0,7,8,0.9381389986901056,41
0,8,9,0.9734053186007908,41
0,9,10,0.966926117738088,41
1,1,2,0.9140224400020781,41
1,2,3,0.9200302334058852,41
1,3,4,0.9217254491079421,41
1,4,5,0.9308462483542306,41
1,5,6,0.9308916670935494,41
1,6,7,0.9163255805060977,41
1,7,8,0.9377082955269587,41
1,8,9,0.9210410118103027,41
1,9,10,0.9257277392205738,41
2,1,2,0.9004082679748535,41
2,2,3,0.9083352770124163,41
2,3,4,0.9131980055854434,41
2,4,5,0.9248079089891343,41
2,5,6,0.9175282291003636,41
2,6,7,0.8993474614052546,41
2,7,8,0.9144939326104664,41
2,8,9,0.9127453679130191,41
2,9,10,0.9056646171070281,41
3,1,2,0.8831458148502168,41
3,2,3,0.8914893638520014,41
3,3,4,0.9005370622589475,41
3,4,5,0.9138118738219851,41
3,5,6,0.9112813898495266,41
3,6,7,0.8597986754916963,41
3,7,8,0.8688994787988209,41
3,8,9,0.9100656168801444,41
3,9,10,0.8647075834728423,41
4,1,2,0.8793031601678758,41
4,2,3,0.8882737386794317,41
4,3,4,0.8935774507976714,41
4,4,5,0.9146091370355516,41
4,5,6,0.9173893332481384,41
4,6,7,0.8813912698200771,41
4,7,8,0.8890334566434225,41
4,8,9,0.9078965896651858,41
4,9,10,0.8714099923769633,41
5,1,2,0.856640100479126,41
5,2,3,0.8613470225107103,41
5,3,4,0.8761280661537534,41
5,4,5,0.9041933587619236,41
5,5,6,0.9048845626059032,41
5,6,7,0.8691787066913786,41
5,7,8,0.848284383614858,41
5,8,9,0.826914560227167,41
5,9,10,0.8704326237951007,41
6,1,2,0.8385978114037287,41
6,2,3,0.8382664776983715,41
6,3,4,0.856611118430183,41
6,4,5,0.8884532480012803,41
6,5,6,0.8740332751047044,41
6,6,7,0.8552021100407555,41
6,7,8,0.8684987510953631,41
6,8,9,0.8644121487935384,41
6,9,10,0.8453051050504049,41
7,1,2,0.8599572153318495,41
7,2,3,0.8328569275992257,41
7,3,4,0.8431099199113392,41
7,4,5,0.8737707989556449,41
7,5,6,0.850626582191104,41
7,6,7,0.8355993032455444,41
7,7,8,0.859930469876244,41
7,8,9,0.8754416760944185,41
7,9,10,0.8453044096628824,41
8,1,2,0.8570976314090547,41
8,2,3,0.8120708380426679,41
8,3,4,0.8303459286689758,41
8,4,5,0.8543931813467116,41
8,5,6,0.8413747378758022,41
8,6,7,0.8164043965793791,41
8,7,8,0.8456925863311404,41
8,8,9,0.8945908461298261,41
8,9,10,0.8577108184496561,41
9,1,2,0.7990458749589466,41
9,2,3,0.7319341443833851,41
9,3,4,0.7840807210831415,41
9,4,5,0.7967818549701146,41
9,5,6,0.8280987427348182,41
9,6,7,0.8342796876316979,41
9,7,8,0.8443508545557658,41
9,8,9,0.8688040773073832,41
9,9,10,0.8037226398785909,41
10,1,2,0.7870349486668905,41
10,2,3,0.6831685914879754,41
10,3,4,0.7565713354519435,41
10,4,5,0.7851847012837728,41
10,5,6,0.8263451258341471,41
10,6,7,0.8261942153885251,41
10,7,8,0.8542833725611368,41
10,8,9,0.7714019275846935,41
10,9,10,0.78107579265322,41
11,1,2,0.38319779222919825,41
11,2,3,0.3674794073615755,41
11,3,4,0.6670416866739591,41
11,4,5,0.8518569214003426,41
11,5,6,0.8342131887163434,41
11,6,7,0.793059303646996,41
11,7,8,0.6224198582626524,41
11,8,9,0.6348610612608138,41
11,9,10,0.5785739186796404,41
0,1,2,0.9745555576824007,42
0,2,3,0.9771592617034912,42
0,3,4,0.9755360029992604,42
0,4,5,0.9761146846271697,42
0,5,6,0.9656528177715483,42
0,6,7,0.9351568136896405,42
0,7,8,0.9501212721779233,42
0,8,9,0.9759709210622878,42
0,9,10,0.9732720851898193,42
1,1,2,0.9233921085085187,42
1,2,3,0.9350934766587757,42
1,3,4,0.9361205356461662,42
1,4,5,0.9433121056783766,42
1,5,6,0.9361817354247683,42
1,6,7,0.9250392317771912,42
1,7,8,0.944761369909559,42
1,8,9,0.9263222813606262,42
1,9,10,0.9357505667777288,42
2,1,2,0.9068092022623334,42
2,2,3,0.9164364962350755,42
2,3,4,0.9257288660321917,42
2,4,5,0.9319013896442595,42
2,5,6,0.9247444555872962,42
2,6,7,0.9108622613407317,42
2,7,8,0.9247702700751168,42
2,8,9,0.9175520425751096,42
2,9,10,0.9161746047791981,42
3,1,2,0.8874812041010175,42
3,2,3,0.8974625922384716,42
3,3,4,0.9093758974756513,42
3,4,5,0.920768814427512,42
3,5,6,0.9196875691413879,42
3,6,7,0.8721626514480227,42
3,7,8,0.8805953491301763,42
3,8,9,0.9130291768482753,42
3,9,10,0.8780745494933355,42
4,1,2,0.8838593704359872,42
4,2,3,0.8929891018640428,42
4,3,4,0.9015154128982907,42
4,4,5,0.92146897315979,42
4,5,6,0.9232193316732135,42
4,6,7,0.8915303292728606,42
4,7,8,0.899005393187205,42
4,8,9,0.9074130115054903,42
4,9,10,0.8794406311852592,42
5,1,2,0.8656404756364369,42
5,2,3,0.8620688915252686,42
5,3,4,0.8858728210131327,42
5,4,5,0.9114071982247489,42
5,5,6,0.9125581128256661,42
5,6,7,0.8779161600839525,42
5,7,8,0.8518960561071124,42
5,8,9,0.8222587591125852,42
5,9,10,0.8797954689888727,42
6,1,2,0.8557279365403312,42
6,2,3,0.8412030168942043,42
6,3,4,0.8672818286078317,42
6,4,5,0.8970422801517305,42
6,5,6,0.8832062482833862,42
6,6,7,0.8510585029919943,42
6,7,8,0.8871527257419768,42
6,8,9,0.8724999172346932,42
6,9,10,0.8610006996563503,42
7,1,2,0.8556356912567502,42
7,2,3,0.816863721325284,42
7,3,4,0.8493053317070007,42
7,4,5,0.8862601206416175,42
7,5,6,0.8655579288800558,42
7,6,7,0.835641724722726,42
7,7,8,0.8741857437860399,42
7,8,9,0.8872147713388715,42
7,9,10,0.8542344712075733,42
8,1,2,0.866591853754861,42
8,2,3,0.8096630232674735,42
8,3,4,0.8355995189575922,42
8,4,5,0.858368266196478,42
8,5,6,0.8511003596442086,42
8,6,7,0.8306601842244467,42
8,7,8,0.8622278003465562,42
8,8,9,0.898429498786018,42
8,9,10,0.8555946548779806,42
9,1,2,0.8253588108789354,42
9,2,3,0.7274408014047713,42
9,3,4,0.796521660827455,42
9,4,5,0.8131516433897472,42
9,5,6,0.8550271505401248,42
9,6,7,0.8567162752151489,42
9,7,8,0.8562842181750706,42
9,8,9,0.8840064945675078,42
9,9,10,0.8054644947960263,42
10,1,2,0.8092349881217593,42
10,2,3,0.7012103029659816,42
10,3,4,0.7598050790173667,42
10,4,5,0.8058883377483913,42
10,5,6,0.8103333257493519,42
10,6,7,0.796767186550867,42
10,7,8,0.8360399149713063,42
10,8,9,0.7706649416968936,42
10,9,10,0.7906320407277062,42
11,1,2,0.43998386267395245,42
11,2,3,0.38650476187467575,42
11,3,4,0.6870140358805656,42
11,4,5,0.9312538731665838,42
11,5,6,0.8314004398527599,42
11,6,7,0.8092961254574004,42
11,7,8,0.6128147290576071,42
11,8,9,0.6061974533257031,42
11,9,10,0.5578938876056955,42
0,1,2,0.9729352380548205,43
0,2,3,0.9747704139777592,43
0,3,4,0.9744100315230233,43
0,4,5,0.9737626165151596,43
0,5,6,0.9610591786248344,43
0,6,7,0.9271634199789592,43
0,7,8,0.943101282630648,43
0,8,9,0.9738315939903259,43
0,9,10,0.9668742098978588,43
1,1,2,0.9228099861315319,43
1,2,3,0.9299311808177403,43
1,3,4,0.9310578448431832,43
1,4,5,0.9369865123714719,43
1,5,6,0.9341465426342828,43
1,6,7,0.9210019367081779,43
1,7,8,0.9425433980567115,43
1,8,9,0.9288773898567472,43
1,9,10,0.9330326723200935,43
2,1,2,0.9098361517701831,43
2,2,3,0.9163402148655483,43
2,3,4,0.920422585947173,43
2,4,5,0.928494285259928,43
2,5,6,0.9228242550577436,43
2,6,7,0.9047302667583738,43
2,7,8,0.9232655933925084,43
2,8,9,0.9202125604663577,43
2,9,10,0.9142763912677765,43
3,1,2,0.8899655384676797,43
3,2,3,0.8970014857394355,43
3,3,4,0.9086838045290538,43
3,4,5,0.9196411009345736,43
3,5,6,0.9187978208065033,43
3,6,7,0.8699942593063626,43
3,7,8,0.8783965366227287,43
3,8,9,0.9164111273629325,43
3,9,10,0.8769546002149582,43
4,1,2,0.8878059727805001,43
4,2,3,0.8944011160305568,43
4,3,4,0.9031989851168224,43
4,4,5,0.9198653591530663,43
4,5,6,0.9228123681885856,43
4,6,7,0.8878857067653111,43
4,7,8,0.8974787081990924,43
4,8,9,0.9098271174090249,43
4,9,10,0.8827149186815534,43
5,1,2,0.8654824835913522,43
5,2,3,0.862535338316645,43
5,3,4,0.8842781547989164,43
5,4,5,0.9069550037384033,43
5,5,6,0.9066858866385051,43
5,6,7,0.871865587575095,43
5,7,8,0.8683387147528785,43
5,8,9,0.8474747112819127,43
5,9,10,0.8832792128835406,43
6,1,2,0.8450962581804821,43
6,2,3,0.830291360616684,43
6,3,4,0.86063794365951,43
6,4,5,0.8912705459765026,43
6,5,6,0.8790210889918464,43
6,6,7,0.8485453256538936,43
6,7,8,0.8775268558944974,43
6,8,9,0.8727073839732579,43
6,9,10,0.8583759708063943,43
7,1,2,0.8518142551183701,43
7,2,3,0.8130424320697784,43
7,3,4,0.8389293828180858,43
7,4,5,0.8769874785627637,43
7,5,6,0.8506906607321331,43
7,6,7,0.8263174636023385,43
7,7,8,0.8653305705104556,43
7,8,9,0.8771380143506187,43
7,9,10,0.8468836375645229,43
8,1,2,0.8579254427126476,43
8,2,3,0.8064827620983124,43
8,3,4,0.831099984901292,43
8,4,5,0.8498114006859916,43
8,5,6,0.8501242824963161,43
8,6,7,0.8193877339363098,43
8,7,8,0.8529749917132514,43
8,8,9,0.897574897323336,43
8,9,10,0.8617961087397167,43
9,1,2,0.7885276121752602,43
9,2,3,0.7082927652767727,43
9,3,4,0.7877990880182811,43
9,4,5,0.7929998253073011,43
9,5,6,0.8341597808258874,43
9,6,7,0.8480782593999591,43
9,7,8,0.8507710461105619,43
9,8,9,0.8831057186637606,43
9,9,10,0.8184256851673126,43
10,1,2,0.7875750873770032,43
10,2,3,0.659305599118982,43
10,3,4,0.7606520386678832,43
10,4,5,0.8041193442685264,43
10,5,6,0.8243467999356133,43
10,6,7,0.8210591269390923,43
10,7,8,0.8448413205998284,43
10,8,9,0.7945715231554848,43
10,9,10,0.8238248207739421,43
11,1,2,0.3469740077853203,43
11,2,3,0.36060033392693314,43
11,3,4,0.6818035167774984,43
11,4,5,0.864733853510448,43
11,5,6,0.852950434599604,43
11,6,7,0.8152118580681937,43
11,7,8,0.6772097370454243,43
11,8,9,0.6772271466574499,43
11,9,10,0.600131711922586,43
0,1,2,0.9705647150675456,44
0,2,3,0.9738042950630188,44
0,3,4,0.9747005422910054,44
0,4,5,0.971846338113149,44
0,5,6,0.9606286565462748,44
0,6,7,0.9296769817670186,44
0,7,8,0.9445212403933207,44
0,8,9,0.9725859522819519,44
0,9,10,0.9640981475512187,44
1,1,2,0.9261979500452677,44
1,2,3,0.9337987621625264,44
1,3,4,0.934889570871989,44
1,4,5,0.9379206617673238,44
1,5,6,0.934170667330424,44
1,6,7,0.9231391191482544,44
1,7,8,0.942247188091278,44
1,8,9,0.9300657590230306,44
1,9,10,0.9307596882184347,44
2,1,2,0.9123957355817159,44
2,2,3,0.9194485346476237,44
2,3,4,0.9178733706474305,44
2,4,5,0.9266350626945495,44
2,5,6,0.9183341900507609,44
2,6,7,0.9002002636591594,44
2,7,8,0.9190417647361755,44
2,8,9,0.9225156346956889,44
2,9,10,0.9088903903961182,44
3,1,2,0.8888752579689025,44
3,2,3,0.8977449059486389,44
3,3,4,0.9025967558224995,44
3,4,5,0.9155009826024373,44
3,5,6,0.9133989016215006,44
3,6,7,0.8609589338302612,44
3,7,8,0.8735157370567321,44
3,8,9,0.9193188190460205,44
3,9,10,0.869201664129893,44
4,1,2,0.8844090382258097,44
4,2,3,0.8941437443097432,44
4,3,4,0.8983574906984965,44
4,4,5,0.9187206308046977,44
4,5,6,0.9188605109850566,44
4,6,7,0.8811269879341126,44
4,7,8,0.8925838907559712,44
4,8,9,0.9142377058664958,44
4,9,10,0.8746948957443237,44
5,1,2,0.8548827568689982,44
5,2,3,0.8605517109235128,44
5,3,4,0.8813989122708639,44
5,4,5,0.9081770022710164,44
5,5,6,0.9042929609616598,44
5,6,7,0.8615881244341532,44
5,7,8,0.8582227865854899,44
5,8,9,0.8400410771369934,44
5,9,10,0.8714122136433919,44
6,1,2,0.8396772861480712,44
6,2,3,0.8353697578112285,44
6,3,4,0.8608513434727987,44
6,4,5,0.8978630940119425,44
6,5,6,0.8782256205876668,44
6,6,7,0.8412073651949564,44
6,7,8,0.8764619708061219,44
6,8,9,0.8748287757237753,44
6,9,10,0.8497435371081035,44
7,1,2,0.8480749050776164,44
7,2,3,0.8148384650548299,44
7,3,4,0.8409727334976196,44
7,4,5,0.8811267574628194,44
7,5,6,0.8478639880816142,44
7,6,7,0.8205785274505615,44
7,7,8,0.8627925197283427,44
7,8,9,0.8791271686553955,44
7,9,10,0.8456435243288676,44
8,1,2,0.8523900190989177,44
8,2,3,0.7998401085535686,44
8,3,4,0.8270846645037333,44
8,4,5,0.8594993511835735,44
8,5,6,0.8447911143302917,44
8,6,7,0.8117716352144877,44
8,7,8,0.8552362998326619,44
8,8,9,0.900363806883494,44
8,9,10,0.8571489294370015,44
9,1,2,0.7800301154454549,44
9,2,3,0.7039729873339335,44
9,3,4,0.7942712664604187,44
9,4,5,0.8086489001909892,44
9,5,6,0.829919159412384,44
9,6,7,0.8303351481755574,44
9,7,8,0.8439527352650961,44
9,8,9,0.8814396619796753,44
9,9,10,0.8188464562098186,44
10,1,2,0.785971983273824,44
10,2,3,0.6719553391138713,44
10,3,4,0.7949191570281983,44
10,4,5,0.8112998763720195,44
10,5,6,0.8310075998306274,44
10,6,7,0.8100500782330831,44
10,7,8,0.8346171379089355,44
10,8,9,0.7961653312047322,44
10,9,10,0.7770268400510152,44
11,1,2,0.3488579779863358,44
11,2,3,0.41944526582956315,44
11,3,4,0.8538612842559814,44
11,4,5,0.923027225335439,44
11,5,6,0.8193050901095073,44
11,6,7,0.8147669712702433,44
11,7,8,0.6568905154863993,44
11,8,9,0.677568769454956,44
11,9,10,0.6294398605823517,44
0,1,2,0.9776598811149597,45
0,2,3,0.9786634956087384,45
0,3,4,0.9757843982605707,45
0,4,5,0.9763993081592378,45
0,5,6,0.9664578522954669,45
0,6,7,0.9321645867256891,45
0,7,8,0.9485584270386469,45
0,8,9,0.9770610956918626,45
0,9,10,0.973837571484702,45
1,1,2,0.9280060898689997,45
1,2,3,0.9331990310123989,45
1,3,4,0.930455642087119,45
1,4,5,0.9400588728132702,45
1,5,6,0.9349354675837925,45
1,6,7,0.920340739545368,45
1,7,8,0.9445076811881292,45
1,8,9,0.9276727920486814,45
1,9,10,0.9358491046088082,45
2,1,2,0.9121970420791989,45
2,2,3,0.9160825723693484,45
2,3,4,0.9261257421402704,45
2,4,5,0.9342490746861413,45
2,5,6,0.9238823709033784,45
2,6,7,0.9092279332024711,45
2,7,8,0.9251142314502171,45
2,8,9,0.9210685747010368,45
2,9,10,0.9191586261703855,45
3,1,2,0.8922818019276574,45
3,2,3,0.8987930530593509,45
3,3,4,0.9125351877439589,45
3,4,5,0.9242171191033863,45
3,5,6,0.9195526469321478,45
3,6,7,0.8729768906320844,45
3,7,8,0.8842600328581673,45
3,8,9,0.9166440339315505,45
3,9,10,0.8845137215795971,45
4,1,2,0.8881960908571879,45
4,2,3,0.8965762427874974,45
4,3,4,0.9073554192270551,45
4,4,5,0.9248811971573603,45
4,5,6,0.9244186282157898,45
4,6,7,0.8920438658623469,45
4,7,8,0.9023721218109131,45
4,8,9,0.9122170209884644,45
4,9,10,0.8852108092535109,45
5,1,2,0.8678749856494722,45
5,2,3,0.86458667970839,45
5,3,4,0.8890718846094041,45
5,4,5,0.9131513010887873,45
5,5,6,0.9122549891471863,45
5,6,7,0.8804355774606977,45
5,7,8,0.8664786957559132,45
5,8,9,0.8350270674342201,45
5,9,10,0.885095613343375,45
6,1,2,0.8542721271514893,45
6,2,3,0.8392225475538344,45
6,3,4,0.8692052790096828,45
6,4,5,0.8982484028452918,45
6,5,6,0.8810994653474717,45
6,6,7,0.8568691582906813,45
6,7,8,0.8877850401969183,45
6,8,9,0.8663677488054548,45
6,9,10,0.8667531070255098,45
7,1,2,0.857769767443339,45
7,2,3,0.8163893279575166,45
7,3,4,0.8544309309550694,45
7,4,5,0.8865186032794771,45
7,5,6,0.8605881532033285,45
7,6,7,0.8358284093084789,45
7,7,8,0.8749376876013619,45
7,8,9,0.8867852091789246,45
7,9,10,0.8542299213863555,45
8,1,2,0.8715696533521017,45
8,2,3,0.8136237973258609,45
8,3,4,0.8453151555288405,45
8,4,5,0.8583447535832723,45
8,5,6,0.8516764271826971,45
8,6,7,0.840349018573761,45
8,7,8,0.8632623354593912,45
8,8,9,0.9065640852564857,45
8,9,10,0.8650254011154175,45
9,1,2,0.8274556738989693,45
9,2,3,0.7345243593056997,45
9,3,4,0.817041311945234,45
9,4,5,0.8032865751357305,45
9,5,6,0.8621394038200378,45
9,6,7,0.868156665847415,45
9,7,8,0.8657227499144418,45
9,8,9,0.8904274304707845,45
9,9,10,0.8149134772164481,45
10,1,2,0.8310789721352714,45
10,2,3,0.7258518054371789,45
10,3,4,0.8143683728717622,45
10,4,5,0.8051597901753017,45
10,5,6,0.8476885585557847,45
10,6,7,0.8277252202942258,45
10,7,8,0.847021670568557,45
10,8,9,0.7999631279990786,45
10,9,10,0.7938406864802042,45
11,1,2,0.45170121551269576,45
11,2,3,0.5056074258117449,45
11,3,4,0.8409885877654666,45
11,4,5,0.8666925628980001,45
11,5,6,0.8365311367171151,45
11,6,7,0.8120067857560658,45
11,7,8,0.5977749217833791,45
11,8,9,0.6883708536624908,45
11,9,10,0.6253376432827541,45
0,1,2,0.9719564687638056,46
0,2,3,0.9767476348649888,46
0,3,4,0.9740730013166156,46
0,4,5,0.9704410973049346,46
0,5,6,0.9697726368904114,46
0,6,7,0.9329197179703486,46
0,7,8,0.9450585529917762,46
0,8,9,0.9757110079129537,46
0,9,10,0.9691629125958398,46
1,1,2,0.9191417836007618,46
1,2,3,0.9295806657700312,46
1,3,4,0.9232294275647118,46
1,4,5,0.9277492591312954,46
1,5,6,0.9381258061953953,46
1,6,7,0.9198265671730042,46
1,7,8,0.9415195754596165,46
1,8,9,0.9254242437226432,46
1,9,10,0.9304647843043009,46
2,1,2,0.9075987991832551,46
2,2,3,0.9159461174692426,46
2,3,4,0.9184652992657253,46
2,4,5,0.9212709494999477,46
2,5,6,0.9241744563693092,46
2,6,7,0.9047200764928546,46
2,7,8,0.9181625928197589,46
2,8,9,0.9169331930932545,46
2,9,10,0.9072994533039275,46
3,1,2,0.8933086622328985,46
3,2,3,0.8965213469096592,46
3,3,4,0.9024160646256947,46
3,4,5,0.9131761931237721,46
3,5,6,0.917214830716451,46
3,6,7,0.8645236917904445,46
3,7,8,0.8732419468107677,46
3,8,9,0.910941603637877,46
3,9,10,0.8689506167457217,46
4,1,2,0.8871403677122933,46
4,2,3,0.8920213665281024,46
4,3,4,0.8961540119988578,46
4,4,5,0.9155108644848778,46
4,5,6,0.9229909068062192,46
4,6,7,0.8849371529760814,46
4,7,8,0.8902329944428944,46
4,8,9,0.9068237401190258,46
4,9,10,0.8776572829201108,46
5,1,2,0.8632128408976963,46
5,2,3,0.8602125814982823,46
5,3,4,0.8780859396571205,46
5,4,5,0.9060745977220082,46
5,5,6,0.9089404543240865,46
5,6,7,0.8711577909333366,46
5,7,8,0.8464072346687317,46
5,8,9,0.8143423597017924,46
5,9,10,0.873661478360494,46
6,1,2,0.8467734626361302,46
6,2,3,0.8366243725731259,46
6,3,4,0.8591716005688622,46
6,4,5,0.8944933840206691,46
6,5,6,0.8732007372946966,46
6,6,7,0.8532986073266893,46
6,7,8,0.873638493674142,46
6,8,9,0.8630914858409336,46
6,9,10,0.8516905023938134,46
7,1,2,0.8589406325703576,46
7,2,3,0.8133423896062941,46
7,3,4,0.838243808065142,46
7,4,5,0.8762360896383014,46
7,5,6,0.8460916678110758,46
7,6,7,0.8160642754463923,46
7,7,8,0.8623934643609183,46
7,8,9,0.8778783537092663,46
7,9,10,0.8531206789470854,46
8,1,2,0.8637713165510268,46
8,2,3,0.8022753993670145,46
8,3,4,0.8380271905944461,46
8,4,5,0.8486165971983046,46
8,5,6,0.8458925457227797,46
8,6,7,0.8199843366940817,46
8,7,8,0.8474080193610418,46
8,8,9,0.8973231202080136,46
8,9,10,0.8555005788803101,46
9,1,2,0.8070708570026216,46
9,2,3,0.7130819062391917,46
9,3,4,0.7930514755703154,46
9,4,5,0.794602944737389,46
9,5,6,0.8414444639569237,46
9,6,7,0.8385806679725647,46
9,7,8,0.8484957274936494,46
9,8,9,0.8743504172279721,46
9,9,10,0.7985747967447553,46
10,1,2,0.7953662872314453,46
10,2,3,0.6948362234092894,46
10,3,4,0.7518537427697863,46
10,4,5,0.7895521833783105,46
10,5,6,0.80548628171285,46
10,6,7,0.7960513830184937,46
10,7,8,0.8371619951157343,46
10,8,9,0.7601406829697746,46
10,9,10,0.7741455747967675,46
11,1,2,0.4633767455816269,46
11,2,3,0.44178080062071484,46
11,3,4,0.6717080644198826,46
11,4,5,0.8531558854239327,46
11,5,6,0.84266463915507,46
11,6,7,0.7915452463286263,46
11,7,8,0.6420699773090226,46
11,8,9,0.5837257820225897,46
11,9,10,0.5282490323519423,46
0,1,2,0.9719342738389969,47
0,2,3,0.9754426564489093,47
0,3,4,0.9737372377089092,47
0,4,5,0.9730423220566341,47
0,5,6,0.9631877477679934,47
0,6,7,0.9267660485846656,47
0,7,8,0.9434658608266285,47
0,8,9,0.9737674423626491,47
0,9,10,0.9675797607217517,47
1,1,2,0.9225697283233915,47
1,2,3,0.9314611979893276,47
1,3,4,0.9278662928513118,47
1,4,5,0.9351215447698321,47
1,5,6,0.9346893387181419,47
1,6,7,0.9188384477581296,47
1,7,8,0.9421761525528771,47
1,8,9,0.9279883972236088,47
1,9,10,0.9322868074689593,47
2,1,2,0.9105506156172071,47
2,2,3,0.9174197486468724,47
2,3,4,0.9174740037747792,47
2,4,5,0.9265327687774386,47
2,5,6,0.9214554258755275,47
2,6,7,0.9014612095696586,47
2,7,8,0.9205968635422843,47
2,8,9,0.9195646175316402,47
2,9,10,0.9106955570834023,47
3,1,2,0.8914242471967425,47
3,2,3,0.897216300879206,47
3,3,4,0.9038864118712289,47
3,4,5,0.9177835072789874,47
3,5,6,0.9165051792349134,47
3,6,7,0.8647248510803495,47
3,7,8,0.8763781913689205,47
3,8,9,0.9158683717250824,47
3,9,10,0.8724356570414135,47
4,1,2,0.8869886675051281,47
4,2,3,0.8930934710162026,47
4,3,4,0.8983215923820224,47
4,4,5,0.919026181101799,47
4,5,6,0.9214994609355927,47
4,6,7,0.8841843541179385,47
4,7,8,0.8945344047886985,47
4,8,9,0.9119582644530705,47
4,9,10,0.8790478323187146,47
5,1,2,0.8628267432962146,47
5,2,3,0.8613308327538627,47
5,3,4,0.8797848267214639,47
5,4,5,0.9079471038920539,47
5,5,6,0.9063981132847923,47
5,6,7,0.8670693188905716,47
5,7,8,0.8530845173767635,47
5,8,9,0.832017679299627,47
5,9,10,0.8771377759320396,47
6,1,2,0.8449560105800629,47
6,2,3,0.8346213868686131,47
6,3,4,0.8571936275277819,47
6,4,5,0.8947429231234959,47
6,5,6,0.8760265856981277,47
6,6,7,0.8492075332573482,47
6,7,8,0.8731604878391538,47
6,8,9,0.8706070695604596,47
6,9,10,0.8540110779660088,47
7,1,2,0.8541568581547055,47
7,2,3,0.8148534446954727,47
7,3,4,0.837468051484653,47
7,4,5,0.8790188814912524,47
7,5,6,0.8487631742443357,47
7,6,7,0.8200493625232151,47
7,7,8,0.8637905993631908,47
7,8,9,0.8777373816285815,47
7,9,10,0.8472595449004855,47
8,1,2,0.856849268078804,47
8,2,3,0.8018383149589811,47
8,3,4,0.8295799664088658,47
8,4,5,0.8541136384010315,47
8,5,6,0.8488574624061584,47
8,6,7,0.8129549303225109,47
8,7,8,0.8501527053969247,47
8,8,9,0.8992025085857936,47
8,9,10,0.8567533195018768,47
9,1,2,0.7907621541193554,47
9,2,3,0.7103857206446784,47
9,3,4,0.7858933806419373,47
9,4,5,0.8015891377414975,47
9,5,6,0.8373704573937825,47
9,6,7,0.836608567408153,47
9,7,8,0.8480102121829987,47
9,8,9,0.8777378989117486,47
9,9,10,0.8088647701910564,47
10,1,2,0.7828008979558945,47
10,2,3,0.6674417885286468,47
10,3,4,0.7564022211091859,47
10,4,5,0.809129114661898,47
10,5,6,0.8173004367521831,47
10,6,7,0.8057588700737272,47
10,7,8,0.8407991038901466,47
10,8,9,0.7738550901412964,47
10,9,10,0.7819606299911227,47
11,1,2,0.3960739081459386,47
11,2,3,0.3877468436424221,47
11,3,4,0.6944892621998277,47
11,4,5,0.8642047409500394,47
11,5,6,0.8374312456165042,47
11,6,7,0.8033132978848049,47
11,7,8,0.6838110834360123,47
11,8,9,0.6267597917467356,47
11,9,10,0.5706072631957275,47
0,1,2,0.9750211473022189,48
0,2,3,0.9771889618464878,48
0,3,4,0.975044139793941,48
0,4,5,0.9730296965156283,48
0,5,6,0.9641977293150765,48
0,6,7,0.9288050276892525,48
0,7,8,0.9425876417330333,48
0,8,9,0.9752335697412491,48
0,9,10,0.968297426189695,48
1,1,2,0.9248502318348203,48
1,2,3,0.9300111702510289,48
1,3,4,0.9276946314743587,48
1,4,5,0.9335332768304008,48
1,5,6,0.9345066930566516,48
1,6,7,0.9201268787894931,48
1,7,8,0.9415882059506008,48
1,8,9,0.9277210789067405,48
1,9,10,0.930579736828804,48
2,1,2,0.9107682683638164,48
2,2,3,0.9154602523360934,48
2,3,4,0.9192648764167514,48
2,4,5,0.9279926951442447,48
2,5,6,0.9201249927282333,48
2,6,7,0.9032539618866784,48
2,7,8,0.9193384179047176,48
2,8,9,0.9204926639795303,48
2,9,10,0.9110504175935473,48
3,1,2,0.8905564887183053,48
3,2,3,0.896232083439827,48
3,3,4,0.9063505040747779,48
3,4,5,0.9172562935522625,48
3,5,6,0.9136963167360851,48
3,6,7,0.8626561058419091,48
3,7,8,0.8738827364785331,48
3,8,9,0.9165070525237492,48
3,9,10,0.8717394300869533,48
4,1,2,0.8858863349471774,48
4,2,3,0.8934836110898426,48
4,3,4,0.9021963349410466,48
4,4,5,0.9196858299630029,48
4,5,6,0.9204573865447726,48
4,6,7,0.8835439213684627,48
4,7,8,0.8935871060405459,48
4,8,9,0.9122224258525031,48
4,9,10,0.8775869565350669,48
5,1,2,0.8591304974896568,48
5,2,3,0.861879751086235,48
5,3,4,0.8845258887325015,48
5,4,5,0.909152205501284,48
5,5,6,0.9066848499434335,48
5,6,7,0.8688300656420844,48
5,7,8,0.8636118450335094,48
5,8,9,0.8375004721539361,48
5,9,10,0.8757266508681434,48
6,1,2,0.839969705258097,48
6,2,3,0.835244921701295,48
6,3,4,0.8647484332323074,48
6,4,5,0.895679656948362,48
6,5,6,0.8770622078861509,48
6,6,7,0.8516440434115273,48
6,7,8,0.8767445236444473,48
6,8,9,0.8675984697682517,48
6,9,10,0.8535831591912678,48
7,1,2,0.8538048842123577,48
7,2,3,0.8190659603902272,48
7,3,4,0.8484979697636196,48
7,4,5,0.8789809473923275,48
7,5,6,0.8470197809594018,48
7,6,7,0.8249216271298272,48
7,7,8,0.8655123497758593,48
7,8,9,0.8784175493887493,48
7,9,10,0.848791744027819,48
8,1,2,0.8607966601848602,48
8,2,3,0.8065502239125115,48
8,3,4,0.8382036068609783,48
8,4,5,0.8570408246346882,48
8,5,6,0.843810498714447,48
8,6,7,0.8211727057184491,48
8,7,8,0.8534304563488279,48
8,8,9,0.9032042154244014,48
8,9,10,0.8638489416667393,48
9,1,2,0.7910781119550977,48
9,2,3,0.7126768806150982,48
9,3,4,0.8071592003107071,48
9,4,5,0.7996313508067813,48
9,5,6,0.8392330429383686,48
9,6,7,0.8448113607508796,48
9,7,8,0.8503724400486264,48
9,8,9,0.8830053636005947,48
9,9,10,0.8185391000338963,48
10,1,2,0.8009841761418751,48
10,2,3,0.694619934473719,48
10,3,4,0.8095322868653706,48
10,4,5,0.7949206509760448,48
10,5,6,0.8422139244420188,48
10,6,7,0.8290206726108279,48
10,7,8,0.8450381010770798,48
10,8,9,0.8033863114459174,48
10,9,10,0.7938295943396432,48
11,1,2,0.3891978780073779,48
11,2,3,0.4582237537418093,48
11,3,4,0.8403527310916356,48
11,4,5,0.8654357620647976,48
11,5,6,0.8309941376958575,48
11,6,7,0.8103823023183006,48
11,7,8,0.6110256583030734,48
11,8,9,0.7000178726656097,48
11,9,10,0.6341549828648567,48
0,1,2,0.9726007523990813,49
0,2,3,0.9740258625575474,49
0,3,4,0.973825678938911,49
0,4,5,0.9732163491703215,49
0,5,6,0.9612778198151362,49
0,6,7,0.9237696727116903,49
0,7,8,0.9381389986901056,49
0,8,9,0.9734053186007908,49
0,9,10,0.966926117738088,49
1,1,2,0.9140224400020781,49
1,2,3,0.9200302334058852,49
1,3,4,0.9217254491079421,49
1,4,5,0.9308462483542306,49
1,5,6,0.9308916670935494,49
1,6,7,0.9163255805060977,49
1,7,8,0.9377082955269587,49
1,8,9,0.9210410118103027,49
1,9,10,0.9257277392205738,49
2,1,2,0.9004082679748535,49
2,2,3,0.9083352770124163,49
2,3,4,0.9131980055854434,49
2,4,5,0.9248079089891343,49
2,5,6,0.9175282291003636,49
2,6,7,0.8993474614052546,49
2,7,8,0.9144939326104664,49
2,8,9,0.9127453679130191,49
2,9,10,0.9056646171070281,49
3,1,2,0.8831458148502168,49
3,2,3,0.8914893638520014,49
3,3,4,0.9005370622589475,49
3,4,5,0.9138118738219851,49
3,5,6,0.9112813898495266,49
3,6,7,0.8597986754916963,49
3,7,8,0.8688994787988209,49
3,8,9,0.9100656168801444,49
3,9,10,0.8647075834728423,49
4,1,2,0.8793031601678758,49
4,2,3,0.8882737386794317,49
4,3,4,0.8935774507976714,49
4,4,5,0.9146091370355516,49
4,5,6,0.9173893332481384,49
4,6,7,0.8813912698200771,49
4,7,8,0.8890334566434225,49
4,8,9,0.9078965896651858,49
4,9,10,0.8714099923769633,49
5,1,2,0.856640100479126,49
5,2,3,0.8613470225107103,49
5,3,4,0.8761280661537534,49
5,4,5,0.9041933587619236,49
5,5,6,0.9048845626059032,49
5,6,7,0.8691787066913786,49
5,7,8,0.848284383614858,49
5,8,9,0.826914560227167,49
5,9,10,0.8704326237951007,49
6,1,2,0.8385978114037287,49
6,2,3,0.8382664776983715,49
6,3,4,0.856611118430183,49
6,4,5,0.8884532480012803,49
6,5,6,0.8740332751047044,49
6,6,7,0.8552021100407555,49
6,7,8,0.8684987510953631,49
6,8,9,0.8644121487935384,49
6,9,10,0.8453051050504049,49
7,1,2,0.8599572153318495,49
7,2,3,0.8328569275992257,49
7,3,4,0.8431099199113392,49
7,4,5,0.8737707989556449,49
7,5,6,0.850626582191104,49
7,6,7,0.8355993032455444,49
7,7,8,0.859930469876244,49
7,8,9,0.8754416760944185,49
7,9,10,0.8453044096628824,49
8,1,2,0.8570976314090547,49
8,2,3,0.8120708380426679,49
8,3,4,0.8303459286689758,49
8,4,5,0.8543931813467116,49
8,5,6,0.8413747378758022,49
8,6,7,0.8164043965793791,49
8,7,8,0.8456925863311404,49
8,8,9,0.8945908461298261,49
8,9,10,0.8577108184496561,49
9,1,2,0.7990458749589466,49
9,2,3,0.7319341443833851,49
9,3,4,0.7840807210831415,49
9,4,5,0.7967818549701146,49
9,5,6,0.8280987427348182,49
9,6,7,0.8342796876316979,49
9,7,8,0.8443508545557658,49
9,8,9,0.8688040773073832,49
9,9,10,0.8037226398785909,49
10,1,2,0.7870349486668905,49
10,2,3,0.6831685914879754,49
10,3,4,0.7565713354519435,49
10,4,5,0.7851847012837728,49
10,5,6,0.8263451258341471,49
10,6,7,0.8261942153885251,49
10,7,8,0.8542833725611368,49
10,8,9,0.7714019275846935,49
10,9,10,0.78107579265322,49
11,1,2,0.38319779222919825,49
11,2,3,0.3674794073615755,49
11,3,4,0.6670416866739591,49
11,4,5,0.8518569214003426,49
11,5,6,0.8342131887163434,49
11,6,7,0.793059303646996,49
11,7,8,0.6224198582626524,49
11,8,9,0.6348610612608138,49
11,9,10,0.5785739186796404,49
0,1,2,0.9720939270087651,50
0,2,3,0.9737832588808877,50
0,3,4,0.9735234997102192,50
0,4,5,0.9712843703372138,50
0,5,6,0.9644451247794288,50
0,6,7,0.9297989074672971,50
0,7,8,0.9425169357231685,50
0,8,9,0.9737233455692019,50
0,9,10,0.9672177710703441,50
1,1,2,0.9161298828465598,50
1,2,3,0.9226949619395393,50
1,3,4,0.9239780540977206,50
1,4,5,0.9299135144267764,50
1,5,6,0.933209417121751,50
1,6,7,0.9193288194281715,50
1,7,8,0.9392864044223513,50
1,8,9,0.9228584830250058,50
1,9,10,0.928022135581289,50
2,1,2,0.9027468306677682,50
2,2,3,0.9110571167298726,50
2,3,4,0.9175188200814384,50
2,4,5,0.9238382748195103,50
2,5,6,0.9206614473036357,50
2,6,7,0.9044307789632252,50
2,7,8,0.9166240287678582,50
2,8,9,0.9135395267180034,50
2,9,10,0.9082785057170051,50
3,1,2,0.8844630611794335,50
3,2,3,0.8943697469575065,50
3,3,4,0.9030685360942569,50
3,4,5,0.9148572768483844,50
3,5,6,0.916128356541906,50
3,6,7,0.8672189542225429,50
3,7,8,0.8730784335306713,50
3,8,9,0.9092555471829006,50
3,9,10,0.8707457674401147,50
4,1,2,0.8808383196592331,50
4,2,3,0.8926817200013569,50
4,3,4,0.8971903984035764,50
4,4,5,0.9157861662762505,50
4,5,6,0.9200822710990906,50
4,6,7,0.887318783572742,50
4,7,8,0.8919918643576759,50
4,8,9,0.9043393773691994,50
4,9,10,0.8757277322666985,50
5,1,2,0.8589111481394086,50
5,2,3,0.8662128086600985,50
5,3,4,0.8804484520639692,50
5,4,5,0.9041860784803119,50
5,5,6,0.9074592611619404,50
5,6,7,0.8786528983286449,50
5,7,8,0.8501537357057843,50
5,8,9,0.8231140949896404,50
5,9,10,0.8747298802648272,50
6,1,2,0.8456645799534661,50
6,2,3,0.8445812591484615,50
6,3,4,0.8632378876209259,50
6,4,5,0.8898907793419701,50
6,5,6,0.8772195407322475,50
6,6,7,0.860070309468678,50
6,7,8,0.8772549650498799,50
6,8,9,0.8632946759462357,50
6,9,10,0.8533616598163333,50
7,1,2,0.8613146628652301,50
7,2,3,0.8381536092076983,50
7,3,4,0.8502682745456696,50
7,4,5,0.8763257903712136,50
7,5,6,0.858142056635448,50
7,6,7,0.8409831864493233,50
7,7,8,0.8633926148925509,50
7,8,9,0.8767701919589724,50
7,9,10,0.8489136355263847,50
8,1,2,0.8629368501050132,50
8,2,3,0.8220592034714562,50
8,3,4,0.8391600634370532,50
8,4,5,0.8512433575732368,50
8,5,6,0.8498100531952721,50
8,6,7,0.8326445392199925,50
8,7,8,0.8506652670247214,50
8,8,9,0.8949538788625172,50
8,9,10,0.8551541417837143,50
9,1,2,0.8275965728930065,50
9,2,3,0.7585130610636303,50
9,3,4,0.7950364883456912,50
9,4,5,0.7972179885421481,50
9,5,6,0.8383843664612088,50
9,6,7,0.8466831701142448,50
9,7,8,0.8495086133480072,50
9,8,9,0.8768826850822994,50
9,9,10,0.8019623990569796,50
10,1,2,0.8153422134263175,50
10,2,3,0.7213939673134259,50
10,3,4,0.7610541305371693,50
10,4,5,0.7952368855476379,50
10,5,6,0.8133169391325542,50
10,6,7,0.8099630219595773,50
10,7,8,0.8437667467764446,50
10,8,9,0.7724098967654365,50
10,9,10,0.7844435466187341,50
11,1,2,0.45341075491160154,50
11,2,3,0.4599742836185864,50
11,3,4,0.6848421509244612,50
11,4,5,0.8648823095219476,50
11,5,6,0.8486132579190391,50
11,6,7,0.7960958523409707,50
11,7,8,0.6179102225495237,50
11,8,9,0.637531657836267,50
11,9,10,0.5680144093265491,50
0,1,2,0.9741835514704387,51
0,2,3,0.9729122002919515,51
0,3,4,0.9722106297810872,51
0,4,5,0.9782904982566833,51
0,5,6,0.9578789432843526,51
0,6,7,0.9188572724660238,51
0,7,8,0.9392482360204061,51
0,8,9,0.9738985300064087,51
0,9,10,0.9711479942003886,51
1,1,2,0.9197813868522644,51
1,2,3,0.9242182731628418,51
1,3,4,0.9253045360247294,51
1,4,5,0.9418781399726868,51
1,5,6,0.9283380071322124,51
1,6,7,0.913235342502594,51
1,7,8,0.9393849730491638,51
1,8,9,0.9232335885365804,51
1,9,10,0.9328456997871399,51
2,1,2,0.905336856842041,51
2,2,3,0.910082205136617,51
2,3,4,0.9182466189066569,51
2,4,5,0.9343650023142497,51
2,5,6,0.918954877058665,51
2,6,7,0.8989226500193278,51
2,7,8,0.9192788044611613,51
2,8,9,0.9149062275886536,51
2,9,10,0.9173220276832581,51
3,1,2,0.8874102433522543,51
3,2,3,0.8950040340423584,51
3,3,4,0.9068402568499248,51
3,4,5,0.9252260168393452,51
3,5,6,0.9170705159505208,51
3,6,7,0.8687105933825175,51
3,7,8,0.8805799881617228,51
3,8,9,0.9130390445391338,51
3,9,10,0.8798993627230326,51
4,1,2,0.885864273707072,51
4,2,3,0.8917283574740092,51
4,3,4,0.898944107691447,51
4,4,5,0.9234005451202393,51
4,5,6,0.9207333048184713,51
4,6,7,0.8871568520863851,51
4,7,8,0.8991221745808919,51
4,8,9,0.9100018620491028,51
4,9,10,0.8819703420003255,51
5,1,2,0.8700175325075785,51
5,2,3,0.8659019907315572,51
5,3,4,0.8807532946268718,51
5,4,5,0.910115905602773,51
5,5,6,0.9092154741287232,51
5,6,7,0.8761933883031209,51
5,7,8,0.849030093352,51
5,8,9,0.833602758248647,51
5,9,10,0.8842955152193706,51
6,1,2,0.8515674630800883,51
6,2,3,0.8398172338803609,51
6,3,4,0.8580279191335042,51
6,4,5,0.8911438385645548,51
6,5,6,0.8794805924097697,51
6,6,7,0.8577839930852255,51
6,7,8,0.8743616938591003,51
6,8,9,0.8681924780209859,51
6,9,10,0.8581721266110738,51
7,1,2,0.8631627162297567,51
7,2,3,0.8295149644215901,51
7,3,4,0.8457957029342651,51
7,4,5,0.8826711376508077,51
7,5,6,0.8618909041086833,51
7,6,7,0.8417309443155925,51
7,7,8,0.8678472161293029,51
7,8,9,0.8831898093223571,51
7,9,10,0.8407352526982625,51
8,1,2,0.8603099822998047,51
8,2,3,0.8154761155446371,51
8,3,4,0.8325250188509623,51
8,4,5,0.8616276303927104,51
8,5,6,0.8542863527933756,51
8,6,7,0.8226731101671855,51
8,7,8,0.8537497560183207,51
8,8,9,0.8985990444819133,51
8,9,10,0.8579090754191081,51
9,1,2,0.807399582862854,51
9,2,3,0.743357785542806,51
9,3,4,0.7835625171661377,51
9,4,5,0.803613285223643,51
9,5,6,0.8425474127133687,51
9,6,7,0.8501695593198141,51
9,7,8,0.8587451378504435,51
9,8,9,0.8777941743532817,51
9,9,10,0.810127325852712,51
10,1,2,0.7921852389971415,51
10,2,3,0.6770404001077016,51
10,3,4,0.7470272461573283,51
10,4,5,0.8172980944315592,51
10,5,6,0.8313394784927368,51
10,6,7,0.8276723583539327,51
10,7,8,0.8607623457908631,51
10,8,9,0.7712401151657104,51
10,9,10,0.7779814879099528,51
11,1,2,0.3698379268248876,51
11,2,3,0.3517386923233668,51
11,3,4,0.6424764290452003,51
11,4,5,0.8510724703470866,51
11,5,6,0.8411762158075968,51
11,6,7,0.7942686438560486,51
11,7,8,0.687371031443278,51
11,8,9,0.6285553524891535,51
11,9,10,0.5806058985491593,51
0,1,2,0.9805983781814576,52
0,2,3,0.9794249653816223,52
0,3,4,0.9778502821922302,52
0,4,5,0.9811103860537211,52
0,5,6,0.9682533740997314,52
0,6,7,0.9389369169871012,52
0,7,8,0.9538944800694783,52
0,8,9,0.9787493705749511,52
0,9,10,0.9778113921483358,52
1,1,2,0.929225488503774,52
1,2,3,0.9322851856549581,52
1,3,4,0.9380322297414144,52
1,4,5,0.9495432178179423,52
1,5,6,0.9410584608713786,52
1,6,7,0.9292829593022665,52
1,7,8,0.9511739055315653,52
1,8,9,0.9322150111198425,52
1,9,10,0.9420065323511759,52
2,1,2,0.9120877186457316,52
2,2,3,0.918707013130188,52
2,3,4,0.9336230119069417,52
2,4,5,0.9415639479955037,52
2,5,6,0.9343962987263997,52
2,6,7,0.9201525648434957,52
2,7,8,0.9356263001759847,52
2,8,9,0.924983282883962,52
2,9,10,0.9280333677927654,52
3,1,2,0.8966066241264343,52
3,2,3,0.9033684531847636,52
3,3,4,0.9235139727592468,52
3,4,5,0.9297447562217712,52
3,5,6,0.9285494446754455,52
3,6,7,0.8864659667015076,52
3,7,8,0.8938081741333008,52
3,8,9,0.9217633565266927,52
3,9,10,0.896381155649821,52
4,1,2,0.8954185605049133,52
4,2,3,0.9000458399454753,52
4,3,4,0.914887805779775,52
4,4,5,0.9275989015897115,52
4,5,6,0.932290768623352,52
4,6,7,0.9026611725489299,52
4,7,8,0.9118430654207865,52
4,8,9,0.9160662531852722,52
4,9,10,0.896557625134786,52
5,1,2,0.8834641098976135,52
5,2,3,0.8681879997253418,52
5,3,4,0.8956160227457682,52
5,4,5,0.9159595727920532,52
5,5,6,0.9176975925763448,52
5,6,7,0.8864792267481486,52
5,7,8,0.8855864961942037,52
5,8,9,0.8622848351796468,52
5,9,10,0.8984420339266459,52
6,1,2,0.8626406192779541,52
6,2,3,0.8374217669169108,52
6,3,4,0.8732907772064209,52
6,4,5,0.8981261730194092,52
6,5,6,0.8882017374038697,52
6,6,7,0.8595152139663697,52
6,7,8,0.890335746606191,52
6,8,9,0.878937816619873,52
6,9,10,0.8745113690694173,52
7,1,2,0.864526093006134,52
7,2,3,0.8140359799067179,52
7,3,4,0.8514904578526815,52
7,4,5,0.8881549517313639,52
7,5,6,0.8723046779632568,52
7,6,7,0.8538529634475708,52
7,7,8,0.8784488360087077,52
7,8,9,0.8930981794993083,52
7,9,10,0.8651726047197977,52
8,1,2,0.8739931225776673,52
8,2,3,0.8197574019432068,52
8,3,4,0.8430859327316285,52
8,4,5,0.8568529605865478,52
8,5,6,0.8589432040850321,52
8,6,7,0.8475522716840108,52
8,7,8,0.8643376628557841,52
8,8,9,0.9024870157241821,52
8,9,10,0.8764825860659281,52
9,1,2,0.8185502529144287,52
9,2,3,0.7222617228825887,52
9,3,4,0.799815305074056,52
9,4,5,0.8079072952270507,52
9,5,6,0.8638326048851013,52
9,6,7,0.8788846055666606,52
9,7,8,0.8704994757970174,52
9,8,9,0.8897446950276693,52
9,9,10,0.8267669757207234,52
10,1,2,0.818719486395518,52
10,2,3,0.6951221724351248,52
10,3,4,0.7689979016780853,52
10,4,5,0.7987350384394328,52
10,5,6,0.8545459111531576,52
10,6,7,0.8573702732721965,52
10,7,8,0.8641272226969401,52
10,8,9,0.804883583386739,52
10,9,10,0.8467946410179138,52
11,1,2,0.4059908124307791,52
11,2,3,0.3578701838850975,52
11,3,4,0.6406062260270119,52
11,4,5,0.8505431612332662,52
11,5,6,0.8425664981206258,52
11,6,7,0.8295275092124939,52
11,7,8,0.6011662125587464,52
11,8,9,0.6953106299042702,52
11,9,10,0.6296270577857892,52
0,1,2,0.9729628880818685,53
0,2,3,0.9763983368873597,53
0,3,4,0.9733633875846863,53
0,4,5,0.9683497627576192,53
0,5,6,0.9675430178642273,53
0,6,7,0.9285238107045491,53
0,7,8,0.9402585744857788,53
0,8,9,0.9733942310015361,53
0,9,10,0.965895664691925,53
1,1,2,0.9165959119796753,53
1,2,3,0.9223629872004191,53
1,3,4,0.9180564800898234,53
1,4,5,0.9215312719345092,53
1,5,6,0.9335890769958496,53
1,6,7,0.9152613520622254,53
1,7,8,0.9370334386825562,53
1,8,9,0.9198068976402283,53
1,9,10,0.9231384833653767,53
2,1,2,0.9024768312772115,53
2,2,3,0.9094473878542583,53
2,3,4,0.9135292887687683,53
2,4,5,0.9193969289461772,53
2,5,6,0.9169080416361491,53
2,6,7,0.9008168816566468,53
2,7,8,0.9123284618059794,53
2,8,9,0.9117561260859172,53
2,9,10,0.9007002313931783,53
3,1,2,0.8821860512097677,53
3,2,3,0.8909599343935649,53
3,3,4,0.8982945561408997,53
3,4,5,0.9101651628812154,53
3,5,6,0.9107075889905294,53
3,6,7,0.8570573091506958,53
3,7,8,0.8649044712384542,53
3,8,9,0.9075452287991842,53
3,9,10,0.8605571746826172,53
4,1,2,0.8760851740837097,53
4,2,3,0.8895833253860473,53
4,3,4,0.8945228020350139,53
4,4,5,0.9136510014533996,53
4,5,6,0.916790227095286,53
4,6,7,0.8803886453310649,53
4,7,8,0.886533252398173,53
4,8,9,0.9040396253267924,53
4,9,10,0.868104342619578,53
5,1,2,0.8483291387557983,53
5,2,3,0.8606622099876404,53
5,3,4,0.8774014751116435,53
5,4,5,0.9038131674130757,53
5,5,6,0.904764982064565,53
5,6,7,0.8706876118977864,53
5,7,8,0.8463650147120158,53
5,8,9,0.8110244750976563,53
5,9,10,0.8653319994608561,53
6,1,2,0.8343823631604512,53
6,2,3,0.8416720708211263,53
6,3,4,0.8604328195254008,53
6,4,5,0.8933085282643636,53
6,5,6,0.8701492031415303,53
6,6,7,0.8562440117200215,53
6,7,8,0.8729567766189575,53
6,8,9,0.8548140565554301,53
6,9,10,0.8462509036064148,53
7,1,2,0.857381268342336,53
7,2,3,0.8347764531771342,53
7,3,4,0.8498377958933513,53
7,4,5,0.8751351833343506,53
7,5,6,0.8437435269355774,53
7,6,7,0.8269346316655477,53
7,7,8,0.858860448996226,53
7,8,9,0.8720546921094259,53
7,9,10,0.8477997859319051,53
8,1,2,0.860832671324412,53
8,2,3,0.8171785155932109,53
8,3,4,0.8407779852549235,53
8,4,5,0.8486125270525614,53
8,5,6,0.8406289259592692,53
8,6,7,0.8268130580584209,53
8,7,8,0.844825251897176,53
8,8,9,0.8986348072687785,53
8,9,10,0.8534248113632202,53
9,1,2,0.820436934630076,53
9,2,3,0.7522368868192036,53
9,3,4,0.8050521453221638,53
9,4,5,0.7945395628611247,53
9,5,6,0.8333630283673604,53
9,6,7,0.8353330930074055,53
9,7,8,0.840977946917216,53
9,8,9,0.873542316754659,53
9,9,10,0.7936778426170349,53
10,1,2,0.8225579778353374,53
10,2,3,0.7470319747924805,53
10,3,4,0.7994904120763143,53
10,4,5,0.7874081611633301,53
10,5,6,0.8162534435590109,53
10,6,7,0.8022831996281942,53
10,7,8,0.8341529289881389,53
10,8,9,0.7745828588803609,53
10,9,10,0.766233499844869,53
11,1,2,0.4641859084367752,53
11,2,3,0.5936455304423968,53
11,3,4,0.8225437045097351,53
11,4,5,0.8449082930882772,53
11,5,6,0.837028193473816,53
11,6,7,0.7886404474576314,53
11,7,8,0.5527965371807416,53
11,8,9,0.6497704605261485,53
11,9,10,0.5734414021174113,53
0,1,2,0.9744543035825094,54
0,2,3,0.9762417435646057,54
0,3,4,0.9730178912480673,54
0,4,5,0.9767960906028748,54
0,5,6,0.960685666402181,54
0,6,7,0.923121988773346,54
0,7,8,0.9419991095860799,54
0,8,9,0.9758590181668599,54
0,9,10,0.9711217959721883,54
1,1,2,0.9252253214518229,54
1,2,3,0.935442038377126,54
1,3,4,0.9318316102027893,54
1,4,5,0.9419316331545512,54
1,5,6,0.9331646005312602,54
1,6,7,0.9167445381482442,54
1,7,8,0.9426139275232951,54
1,8,9,0.9292136232058207,54
1,9,10,0.9383671243985494,54
2,1,2,0.913584844271342,54
2,2,3,0.9199495037396749,54
2,3,4,0.9277433117230733,54
2,4,5,0.9345582485198974,54
2,5,6,0.9241289456685384,54
2,6,7,0.902469801902771,54
2,7,8,0.9249588489532471,54
2,8,9,0.9200677076975504,54
2,9,10,0.9223994016647339,54
3,1,2,0.8965397914250691,54
3,2,3,0.8999005516370138,54
3,3,4,0.9155890583992005,54
3,4,5,0.9274621685345967,54
3,5,6,0.9222950537999471,54
3,6,7,0.8722223122914632,54
3,7,8,0.8847760240236918,54
3,8,9,0.915910534063975,54
3,9,10,0.8861059745152792,54
4,1,2,0.8950547814369202,54
4,2,3,0.896154769261678,54
4,3,4,0.9086344083150227,54
4,4,5,0.9257253567377727,54
4,5,6,0.9255017399787903,54
4,6,7,0.8884642203648885,54
4,7,8,0.9013360182444254,54
4,8,9,0.9093838969866435,54
4,9,10,0.8908008853594462,54
5,1,2,0.8756133516629537,54
5,2,3,0.8632133364677429,54
5,3,4,0.8870238820711772,54
5,4,5,0.9115511695543925,54
5,5,6,0.9118434190750122,54
5,6,7,0.874772556622823,54
5,7,8,0.86268417040507,54
5,8,9,0.8385531822840373,54
5,9,10,0.8918067296346028,54
6,1,2,0.8532589395840963,54
6,2,3,0.8281746784845988,54
6,3,4,0.8641525030136108,54
6,4,5,0.894823145866394,54
6,5,6,0.880001163482666,54
6,6,7,0.8474069476127625,54
6,7,8,0.8789675951004028,54
6,8,9,0.8708822210629781,54
6,9,10,0.8667278607686361,54
7,1,2,0.8493993838628133,54
7,2,3,0.8011755069096883,54
7,3,4,0.8374497691790262,54
7,4,5,0.8791606148084005,54
7,5,6,0.8531654755274455,54
7,6,7,0.8147666255633036,54
7,7,8,0.867704200744629,54
7,8,9,0.8752944588661193,54
7,9,10,0.8394733111063639,54
8,1,2,0.8587048967679342,54
8,2,3,0.7966167807579041,54
8,3,4,0.8331153750419616,54
8,4,5,0.8514201362927755,54
8,5,6,0.8523149689038595,54
8,6,7,0.8116856058438618,54
8,7,8,0.8561698913574218,54
8,8,9,0.8976414481798808,54
8,9,10,0.8569956421852112,54
9,1,2,0.7829965194066365,54
9,2,3,0.6891114989916484,54
9,3,4,0.7886953512827556,54
9,4,5,0.7879968007405599,54
9,5,6,0.845118522644043,54
9,6,7,0.856512725353241,54
9,7,8,0.8613520820935567,54
9,8,9,0.8880981643994649,54
9,9,10,0.817538046836853,54
10,1,2,0.778924028078715,54
10,2,3,0.631945921977361,54
10,3,4,0.739791609843572,54
10,4,5,0.812064266204834,54
10,5,6,0.8109253923098246,54
10,6,7,0.8042617122332255,54
10,7,8,0.8423283179601033,54
10,8,9,0.7814085046450298,54
10,9,10,0.8166938821474711,54
11,1,2,0.3479690760374069,54
11,2,3,0.32477909574906033,54
11,3,4,0.6441922674576441,54
11,4,5,0.8490198373794555,54
11,5,6,0.8659327785174052,54
11,6,7,0.7991979241371154,54
11,7,8,0.7597870508829753,54
11,8,9,0.6180230841040611,54
11,9,10,0.5410331559677919,54
0,1,2,0.9792320171991984,55
0,2,3,0.9762332916259766,55
0,3,4,0.9743840098381042,55
0,4,5,0.9787101904551189,55
0,5,6,0.9596277236938476,55
0,6,7,0.9229212681452433,55
0,7,8,0.9407958189646403,55
0,8,9,0.9772263288497924,55
0,9,10,0.9729545752207438,55
1,1,2,0.9263583580652873,55
1,2,3,0.9252979556719462,55
1,3,4,0.9274696350097656,55
1,4,5,0.9437470157941182,55
1,5,6,0.9295356233914693,55
1,6,7,0.9170706232388814,55
1,7,8,0.9416660308837891,55
1,8,9,0.9262793699900309,55
1,9,10,0.9328397115071615,55
2,1,2,0.909725034236908,55
2,2,3,0.9108546932538351,55
2,3,4,0.9226887623469034,55
2,4,5,0.939407467842102,55
2,5,6,0.9208566824595134,55
2,6,7,0.9047957976659139,55
2,7,8,0.9223445693651835,55
2,8,9,0.9213949322700501,55
2,9,10,0.9217070500055949,55
3,1,2,0.8924678166707357,55
3,2,3,0.8987257281939188,55
3,3,4,0.914339272181193,55
3,4,5,0.9272558768590291,55
3,5,6,0.9165091832478841,55
3,6,7,0.872166097164154,55
3,7,8,0.8850447058677673,55
3,8,9,0.9198262492815653,55
3,9,10,0.8875399112701416,55
4,1,2,0.8910537242889405,55
4,2,3,0.896845014890035,55
4,3,4,0.9088880697886149,55
4,4,5,0.9264752308527628,55
4,5,6,0.9227137366930643,55
4,6,7,0.8902524709701538,55
4,7,8,0.9026596903800964,55
4,8,9,0.9182257731755574,55
4,9,10,0.8863460342089335,55
5,1,2,0.8732877135276794,55
5,2,3,0.8717946211496989,55
5,3,4,0.8913928548494975,55
5,4,5,0.9138642986615498,55
5,5,6,0.9130778074264526,55
5,6,7,0.8820756117502848,55
5,7,8,0.8771403908729554,55
5,8,9,0.8582012414932251,55
5,9,10,0.8867394328117371,55
6,1,2,0.8516665101051331,55
6,2,3,0.8444389581680298,55
6,3,4,0.8729185779889425,55
6,4,5,0.8942032814025879,55
6,5,6,0.8884442528088887,55
6,6,7,0.8631861925125122,55
6,7,8,0.88300146261851,55
6,8,9,0.8691418568293253,55
6,9,10,0.8633437593777974,55
7,1,2,0.8685796618461609,55
7,2,3,0.8381689190864563,55
7,3,4,0.8632890224456787,55
7,4,5,0.883833126227061,55
7,5,6,0.8655523975690206,55
7,6,7,0.855140209197998,55
7,7,8,0.8742177804311116,55
7,8,9,0.8924007693926493,55
7,9,10,0.8469486236572266,55
8,1,2,0.8688118974367778,55
8,2,3,0.8236037413279216,55
8,3,4,0.8444285313288371,55
8,4,5,0.8670342286427816,55
8,5,6,0.8512848019599915,55
8,6,7,0.839218537012736,55
8,7,8,0.8624264796574911,55
8,8,9,0.9081443389256795,55
8,9,10,0.8747002402941386,55
9,1,2,0.8053546110788982,55
9,2,3,0.7447313666343689,55
9,3,4,0.8173683325449626,55
9,4,5,0.8006688674290975,55
9,5,6,0.8517503062884013,55
9,6,7,0.8710578362147013,55
9,7,8,0.8708242376645406,55
9,8,9,0.8883131901423137,55
9,9,10,0.8287938435872396,55
10,1,2,0.8120635112126668,55
10,2,3,0.7016368667284648,55
10,3,4,0.8302005410194397,55
10,4,5,0.7954622189203898,55
10,5,6,0.8908067146937052,55
10,6,7,0.8805380702018738,55
10,7,8,0.880221422513326,55
10,8,9,0.8214258591334025,55
10,9,10,0.7989554047584534,55
11,1,2,0.31553249185283977,55
11,2,3,0.37794557561477027,55
11,3,4,0.8506190657615662,55
11,4,5,0.8524966677029927,55
11,5,6,0.8311433076858521,55
11,6,7,0.8212180415789286,55
11,7,8,0.6279376407464345,55
11,8,9,0.768201595544815,55
11,9,10,0.7189449389775594,55
0,1,2,0.9720968887919471,56
0,2,3,0.9761395823387873,56
0,3,4,0.9736958912440709,56
0,4,5,0.9724564864521935,56
0,5,6,0.9619138013748896,56
0,6,7,0.9249617797987801,56
0,7,8,0.9418913296290806,56
0,8,9,0.9732080896695455,56
0,9,10,0.9662743125643048,56
1,1,2,0.9210560293424697,56
1,2,3,0.9303311932654608,56
1,3,4,0.9280735140755063,56
1,4,5,0.9335221761748904,56
1,5,6,0.9341075477145967,56
1,6,7,0.918199686777024,56
1,7,8,0.9416207954997108,56
1,8,9,0.9274750380288987,56
1,9,10,0.9310357059751239,56
2,1,2,0.9084422900563195,56
2,2,3,0.9160724651245844,56
2,3,4,0.9171020133154733,56
2,4,5,0.9254396926789057,56
2,5,6,0.9208466183571589,56
2,6,7,0.9016398219835191,56
2,7,8,0.9218198855717977,56
2,8,9,0.9184224662326631,56
2,9,10,0.9093635593141828,56
3,1,2,0.8887552931195214,56
3,2,3,0.8948374390602112,56
3,3,4,0.9052935412951878,56
3,4,5,0.9162404679116749,56
3,5,6,0.915050915309361,56
3,6,7,0.862909231867109,56
3,7,8,0.873089937936692,56
3,8,9,0.9147179580870128,56
3,9,10,0.869394872869764,56
4,1,2,0.8851358635084969,56
4,2,3,0.8906513622828892,56
4,3,4,0.8995709248951503,56
4,4,5,0.917169329665956,56
4,5,6,0.9199096787543524,56
4,6,7,0.8823461560975938,56
4,7,8,0.8929232444081988,56
4,8,9,0.9094272993859791,56
4,9,10,0.8772239543142772,56
5,1,2,0.8606164285114833,56
5,2,3,0.8566106132098606,56
5,3,4,0.8797136062667483,56
5,4,5,0.9050449643816266,56
5,5,6,0.9027286171913147,56
5,6,7,0.8632991824831281,56
5,7,8,0.8591732013793218,56
5,8,9,0.8355736817632403,56
5,9,10,0.8764658371607462,56
6,1,2,0.8395017867996579,56
6,2,3,0.8254252615429106,56
6,3,4,0.8540652223995754,56
6,4,5,0.8898662669318063,56
6,5,6,0.8725071322350275,56
6,6,7,0.8418543679373605,56
6,7,8,0.8704894809495836,56
6,8,9,0.8691611630575997,56
6,9,10,0.8519215441885448,56
7,1,2,0.8476727519716535,56
7,2,3,0.8041395459856305,56
7,3,4,0.8304676158087594,56
7,4,5,0.8731897388185773,56
7,5,6,0.841360418569474,56
7,6,7,0.8118075047220502,56
7,7,8,0.8594612961723691,56
7,8,9,0.871636084147862,56
7,9,10,0.8427626689275106,56
8,1,2,0.8514129462696257,56
8,2,3,0.7945987780888876,56
8,3,4,0.8234593385741824,56
8,4,5,0.8444015497253055,56
8,5,6,0.8426048500197274,56
8,6,7,0.8044407623154777,56
8,7,8,0.8441491183780488,56
8,8,9,0.8947376495315915,56
8,9,10,0.8552660715012324,56
9,1,2,0.7754841957773481,56
9,2,3,0.6885012246313549,56
9,3,4,0.7769550028301421,56
9,4,5,0.7892705741382781,56
9,5,6,0.8277853812490191,56
9,6,7,0.8348471834546044,56
9,7,8,0.8410483258111137,56
9,8,9,0.8760431210199991,56
9,9,10,0.8058778104327974,56
10,1,2,0.7707940737406412,56
10,2,3,0.6399260603246235,56
10,3,4,0.7454478527818408,56
10,4,5,0.7962283605620974,56
10,5,6,0.807372340134212,56
10,6,7,0.8005699316660563,56
10,7,8,0.8342938820521036,56
10,8,9,0.7740729309263683,56
10,9,10,0.8098677765755427,56
11,1,2,0.34891329067093985,56
11,2,3,0.3235675277454512,56
11,3,4,0.6616193002888134,56
11,4,5,0.8535036898794628,56
11,5,6,0.8439938255718776,56
11,6,7,0.8039985469409398,56
11,7,8,0.6571788844608125,56
11,8,9,0.6376189969125248,56
11,9,10,0.5571393869107678,56
0,1,2,0.9706955154736837,57
0,2,3,0.9745063015392849,57
0,3,4,0.9754119685717991,57
0,4,5,0.9736068362281436,57
0,5,6,0.9633517861366272,57
0,6,7,0.9340948831467402,57
0,7,8,0.9483358803249541,57
0,8,9,0.9733523215566363,57
0,9,10,0.9667621283304124,57
1,1,2,0.925124758765811,57
1,2,3,0.9358080284936088,57
1,3,4,0.9381252555620103,57
1,4,5,0.9419660993984768,57
1,5,6,0.9381558611279442,57
1,6,7,0.9277817181178502,57
1,7,8,0.945654917330969,57
1,8,9,0.9326043015434629,57
1,9,10,0.9348951436224437,57
2,1,2,0.9128036357107616,57
2,2,3,0.922849836803618,57
2,3,4,0.9206568258149284,57
2,4,5,0.9282871059009007,57
2,5,6,0.9240943732715788,57
2,6,7,0.9060457717804682,57
2,7,8,0.9238297854151044,57
2,8,9,0.9240615566571554,57
2,9,10,0.9133615351858593,57
3,1,2,0.8925145041374933,57
3,2,3,0.9020308767046247,57
3,3,4,0.905601231824784,57
3,4,5,0.9184970202900115,57
3,5,6,0.9189326138723464,57
3,6,7,0.8687865762483507,57
3,7,8,0.8795550295284816,57
3,8,9,0.9205202829270136,57
3,9,10,0.8755303905123756,57
4,1,2,0.8883502256302607,57
4,2,3,0.8971770746367318,57
4,3,4,0.899486536071414,57
4,4,5,0.9204307879720416,57
4,5,6,0.922812302907308,57
4,6,7,0.8876600180353437,57
4,7,8,0.8969260085196722,57
4,8,9,0.9159457484881083,57
4,9,10,0.8809809173856463,57
5,1,2,0.8634396961757115,57
5,2,3,0.8653651277224222,57
5,3,4,0.8833569486935934,57
5,4,5,0.9105703149523053,57
5,5,6,0.9086412134624663,57
5,6,7,0.8693751011575971,57
5,7,8,0.8576774171420506,57
5,8,9,0.8423514820280529,57
5,9,10,0.8781722131229582,57
6,1,2,0.8499138099806649,57
6,2,3,0.842639202163333,57
6,3,4,0.8621277610460917,57
6,4,5,0.8992039419355846,57
6,5,6,0.8828205778485253,57
6,6,7,0.8487067818641663,57
6,7,8,0.8794177571932474,57
6,8,9,0.8812379099073864,57
6,9,10,0.8569467294783819,57
7,1,2,0.8548522790273031,57
7,2,3,0.820774773756663,57
7,3,4,0.8415610364505223,57
7,4,5,0.884376122837975,57
7,5,6,0.858292954308646,57
7,6,7,0.8301088497752235,57
7,7,8,0.8676219582557678,57
7,8,9,0.8837713088308062,57
7,9,10,0.8538234517687843,57
8,1,2,0.8563971661386036,57
8,2,3,0.8050281547364735,57
8,3,4,0.8273767942474002,57
8,4,5,0.8610161287443978,57
8,5,6,0.8516298447336469,57
8,6,7,0.8164528665088472,57
8,7,8,0.8575528377578372,57
8,8,9,0.899675326687949,57
8,9,10,0.8584446963809785,57
9,1,2,0.7954851928211394,57
9,2,3,0.7180033837045942,57
9,3,4,0.7825827428272792,57
9,4,5,0.8150087907200768,57
9,5,6,0.8370656711714608,57
9,6,7,0.8351804897898719,57
9,7,8,0.8473275757971264,57
9,8,9,0.8819602529207865,57
9,9,10,0.8182098155929929,57
10,1,2,0.7857245178449721,57
10,2,3,0.6722195716131301,57
10,3,4,0.7523481349150339,57
10,4,5,0.8132334890819731,57
10,5,6,0.8168405862081618,57
10,6,7,0.8028156161308289,57
10,7,8,0.8385736715225947,57
10,8,9,0.7832657666433425,57
10,9,10,0.7847177897180829,57
11,1,2,0.41533484416348593,57
11,2,3,0.38857692870355787,57
11,3,4,0.6831378287502697,57
11,4,5,0.9198144333703178,57
11,5,6,0.8302508223624456,57
11,6,7,0.8115899761517843,57
11,7,8,0.6820980168524242,57
11,8,9,0.6326918896465075,57
11,9,10,0.5913625182140441,57
0,1,2,0.9806471188863118,58
0,2,3,0.9784124294916788,58
0,3,4,0.9778647899627686,58
0,4,5,0.9802807370821635,58
0,5,6,0.9674056808153788,58
0,6,7,0.9365271925926208,58
0,7,8,0.9518415848414103,58
0,8,9,0.9784495989481609,58
0,9,10,0.9769858558972676,58
1,1,2,0.9317703167597453,58
1,2,3,0.9314179380734762,58
1,3,4,0.933106787999471,58
1,4,5,0.9472358981768291,58
1,5,6,0.9371755401293437,58
1,6,7,0.924971874554952,58
1,7,8,0.9482215603192647,58
1,8,9,0.9310057759284973,58
1,9,10,0.9393335143725078,58
2,1,2,0.9149477322896321,58
2,2,3,0.9166981061299642,58
2,3,4,0.9295138915379842,58
2,4,5,0.9412821571032206,58
2,5,6,0.9289354165395101,58
2,6,7,0.9147794206937154,58
2,7,8,0.9299800793329874,58
2,8,9,0.9264976819356282,58
2,9,10,0.9266021609306335,58
3,1,2,0.8964402159055074,58
3,2,3,0.9025857011477153,58
3,3,4,0.9175484816233317,58
3,4,5,0.9294062773386638,58
3,5,6,0.924532679716746,58
3,6,7,0.8819997310638428,58
3,7,8,0.8936126987139384,58
3,8,9,0.9234643300374349,58
3,9,10,0.8955850998560587,58
4,1,2,0.893545659383138,58
4,2,3,0.9009928266207378,58
4,3,4,0.9120766321818033,58
4,4,5,0.9291459083557129,58
4,5,6,0.9302545150121053,58
4,6,7,0.8995984554290771,58
4,7,8,0.9111478686332702,58
4,8,9,0.9204293370246888,58
4,9,10,0.8947543621063232,58
5,1,2,0.8764623840649922,58
5,2,3,0.8701874375343323,58
5,3,4,0.8943437894185384,58
5,4,5,0.9179408748944601,58
5,5,6,0.9178317864735921,58
5,6,7,0.8875185529390971,58
5,7,8,0.8841620842615764,58
5,8,9,0.8618234634399414,58
5,9,10,0.895442787806193,58
6,1,2,0.8584315856297811,58
6,2,3,0.8429612040519714,58
6,3,4,0.8762467821439107,58
6,4,5,0.9036716858545939,58
6,5,6,0.8898577014605205,58
6,6,7,0.8681808789571126,58
6,7,8,0.8940364599227906,58
6,8,9,0.8750836650530497,58
6,9,10,0.8763749321301778,58
7,1,2,0.8660796960194905,58
7,2,3,0.8252591093381246,58
7,3,4,0.8635228872299194,58
7,4,5,0.8942125042279562,58
7,5,6,0.8713767210642497,58
7,6,7,0.8602400779724121,58
7,7,8,0.882869025071462,58
7,8,9,0.9009836634000142,58
7,9,10,0.8677288134892781,58
8,1,2,0.8794583479563395,58
8,2,3,0.8261545777320862,58
8,3,4,0.8541473031044007,58
8,4,5,0.8699146588643392,58
8,5,6,0.8601982116699218,58
8,6,7,0.8629132906595866,58
8,7,8,0.8733221173286438,58
8,8,9,0.9144438187281291,58
8,9,10,0.8846050103505453,58
9,1,2,0.8282253543535868,58
9,2,3,0.7483577966690064,58
9,3,4,0.8299796342849731,58
9,4,5,0.8154631376266479,58
9,5,6,0.8733137329419454,58
9,6,7,0.8842531720797221,58
9,7,8,0.8797134796778361,58
9,8,9,0.8949970444043477,58
9,9,10,0.839346981048584,58
10,1,2,0.8436197797457378,58
10,2,3,0.7507713874181111,58
10,3,4,0.8398197134335835,58
10,4,5,0.8128507296244304,58
10,5,6,0.9022749702135722,58
10,6,7,0.8863390366236369,58
10,7,8,0.8743687351544698,58
10,8,9,0.832989243666331,58
10,9,10,0.812440017859141,58
11,1,2,0.4099294744431973,58
11,2,3,0.568622462451458,58
11,3,4,0.8604616006215413,58
11,4,5,0.8564463297526042,58
11,5,6,0.8318557461102803,58
11,6,7,0.8333037773768107,58
11,7,8,0.6128635148207346,58
11,8,9,0.7593248903751373,58
11,9,10,0.7278987089792888,58
0,1,2,0.9758755649839129,59
0,2,3,0.9761694499424526,59
0,3,4,0.9769728467577979,59
0,4,5,0.9735095444179717,59
0,5,6,0.9615819170361474,59
0,6,7,0.9336994886398315,59
0,7,8,0.945377786954244,59
0,8,9,0.9754250446955363,59
0,9,10,0.9664698782421294,59
1,1,2,0.9270466282254174,59
1,2,3,0.9303883172216869,59
1,3,4,0.9377702275911967,59
1,4,5,0.9389681986400059,59
1,5,6,0.9358048183577401,59
1,6,7,0.9285457559994289,59
1,7,8,0.9442280502546401,59
1,8,9,0.9309388370740981,59
1,9,10,0.9321442672184536,59
2,1,2,0.9113533440090361,59
2,2,3,0.9171419058527265,59
2,3,4,0.924048974400475,59
2,4,5,0.9303002442632403,59
2,5,6,0.9227770566940308,59
2,6,7,0.909739443234035,59
2,7,8,0.9243664117086501,59
2,8,9,0.9239520118350074,59
2,9,10,0.9147427195594424,59
3,1,2,0.889480641910008,59
3,2,3,0.8988904016358512,59
3,3,4,0.9130272155716306,59
3,4,5,0.9187618125052679,59
3,5,6,0.9169028117543175,59
3,6,7,0.8709539345332554,59
3,7,8,0.8777977852594285,59
3,8,9,0.919858333610353,59
3,9,10,0.8772272070248922,59
4,1,2,0.8876531493096125,59
4,2,3,0.8972084465480986,59
4,3,4,0.9088555744716099,59
4,4,5,0.9206178755987258,59
4,5,6,0.9222381483940851,59
4,6,7,0.8895883333115351,59
4,7,8,0.8972617699986413,59
4,8,9,0.912215028490339,59
4,9,10,0.8802567351432073,59
5,1,2,0.8617962627183824,59
5,2,3,0.8652431510743641,59
5,3,4,0.8921990110760644,59
5,4,5,0.9093775749206543,59
5,5,6,0.9077217919485909,59
5,6,7,0.8746930956840515,59
5,7,8,0.8858470377467927,59
5,8,9,0.8632929296720595,59
5,9,10,0.8803505187942868,59
6,1,2,0.842757625239236,59
6,2,3,0.8356983349436805,59
6,3,4,0.8723715345064799,59
6,4,5,0.893844743569692,59
6,5,6,0.8849477370580038,59
6,6,7,0.8469695335342771,59
6,7,8,0.8849532831282843,59
6,8,9,0.8755586516289484,59
6,9,10,0.8580638397307623,59
7,1,2,0.8507075451669239,59
7,2,3,0.819934640611921,59
7,3,4,0.853104673680805,59
7,4,5,0.879308453627995,59
7,5,6,0.8546399757975623,59
7,6,7,0.8368647722970872,59
7,7,8,0.8680012878917512,59
7,8,9,0.8822923614865258,59
7,9,10,0.8520652850468954,59
8,1,2,0.8591777284940084,59
8,2,3,0.8100715421494984,59
8,3,4,0.8375249732108343,59
8,4,5,0.8559585894857135,59
8,5,6,0.8447208035559881,59
8,6,7,0.8282435593150911,59
8,7,8,0.8606497389929635,59
8,8,9,0.8996932279495966,59
8,9,10,0.8710699053037734,59
9,1,2,0.7892725524448213,59
9,2,3,0.7097680568695068,59
9,3,4,0.8110620407831102,59
9,4,5,0.7993878239677066,59
9,5,6,0.8306069402467637,59
9,6,7,0.8559861012867519,59
9,7,8,0.8526805752799624,59
9,8,9,0.8906951035772052,59
9,9,10,0.8310549287568956,59
10,1,2,0.805831199600583,59
10,2,3,0.6806635544413612,59
10,3,4,0.8217001528966994,59
10,4,5,0.7880831162134806,59
10,5,6,0.8510904368900117,59
10,6,7,0.8472795458067031,59
10,7,8,0.8512879751977467,59
10,8,9,0.8361214967001052,59
10,9,10,0.8423931201299032,59
11,1,2,0.31397636607289314,59
11,2,3,0.37478515896059217,59
11,3,4,0.8681315524237496,59
11,4,5,0.9212478569575718,59
11,5,6,0.83388504527864,59
11,6,7,0.852376693770999,59
11,7,8,0.6264365148686227,59
11,8,9,0.7753736291612897,59
11,9,10,0.6862773455324627,59
0,1,2,0.972074514343625,60
0,2,3,0.974388911610558,60
0,3,4,0.9723875182015556,60
0,4,5,0.9705672264099121,60
0,5,6,0.9638270054544721,60
0,6,7,0.9280073699497041,60
0,7,8,0.9393627189454579,60
0,8,9,0.9757118281863985,60
0,9,10,0.9662683662914094,60
1,1,2,0.9165084191731044,60
1,2,3,0.9251966362907773,60
1,3,4,0.9223999835195995,60
1,4,5,0.9281391132445562,60
1,5,6,0.9339560667673746,60
1,6,7,0.9193863187517438,60
1,7,8,0.938894061815171,60
1,8,9,0.9263372619946798,60
1,9,10,0.9291456256593976,60
2,1,2,0.9072877594402858,60
2,2,3,0.9152757071313404,60
2,3,4,0.9170663441930499,60
2,4,5,0.9228160267784482,60
2,5,6,0.9204252816381908,60
2,6,7,0.9009407872245425,60
2,7,8,0.9151818042709714,60
2,8,9,0.917255665574755,60
2,9,10,0.9096228537105379,60
3,1,2,0.8916453690755934,60
3,2,3,0.8982841457639422,60
3,3,4,0.903990299928756,60
3,4,5,0.9145251228695824,60
3,5,6,0.9144046420142764,60
3,6,7,0.8628300655455816,60
3,7,8,0.8721022918110802,60
3,8,9,0.9119991603351775,60
3,9,10,0.870579271089463,60
4,1,2,0.8868717210633414,60
4,2,3,0.8953557752427601,60
4,3,4,0.8977884224482945,60
4,4,5,0.9155293958527702,60
4,5,6,0.9197204765819368,60
4,6,7,0.8838311859539577,60
4,7,8,0.8890601964223952,60
4,8,9,0.9086607978457496,60
4,9,10,0.8788476132211231,60
5,1,2,0.8610413131259737,60
5,2,3,0.8685206657364255,60
5,3,4,0.8794119244530088,60
5,4,5,0.9047774502209255,60
5,5,6,0.9078538077218192,60
5,6,7,0.875805792354402,60
5,7,8,0.8487168266659691,60
5,8,9,0.8255160337402707,60
5,9,10,0.8753505718140375,60
6,1,2,0.845679759979248,60
6,2,3,0.8473618598211379,60
6,3,4,0.861980296316601,60
6,4,5,0.8889707128206888,60
6,5,6,0.878282592410133,60
6,6,7,0.8642496267954508,60
6,7,8,0.8711041070166088,60
6,8,9,0.8640427220435369,60
6,9,10,0.8516092499097189,60
7,1,2,0.862332250390734,60
7,2,3,0.8383635027068002,60
7,3,4,0.8469913715407962,60
7,4,5,0.8715845119385492,60
7,5,6,0.8570028401556469,60
7,6,7,0.8340410646938142,60
7,7,8,0.8599710180645898,60
7,8,9,0.8733022099449521,60
7,9,10,0.8450534627551124,60
8,1,2,0.8603224158287048,60
8,2,3,0.8163792093594869,60
8,3,4,0.837797687167213,60
8,4,5,0.8528679580915541,60
8,5,6,0.8482818376450312,60
8,6,7,0.8166138643310183,60
8,7,8,0.8463557362556458,60
8,8,9,0.8960982475961957,60
8,9,10,0.8536093178249541,60
9,1,2,0.8101419182050795,60
9,2,3,0.744229135059175,60
9,3,4,0.7904004568145389,60
9,4,5,0.7931819785208929,60
9,5,6,0.8361986449786595,60
9,6,7,0.8386426766713461,60
9,7,8,0.8469184438387553,60
9,8,9,0.8754257020496187,60
9,9,10,0.8033049390429542,60
10,1,2,0.7988647903714862,60
10,2,3,0.6932643609387534,60
10,3,4,0.7519861999012175,60
10,4,5,0.7882418717656817,60
10,5,6,0.8109678228696188,60
10,6,7,0.809187752859933,60
10,7,8,0.8421140710512797,60
10,8,9,0.7746404778389704,60
10,9,10,0.7714780455543881,60
11,1,2,0.4909445955639794,60
11,2,3,0.4048719054886273,60
11,3,4,0.6695962718554905,60
11,4,5,0.8507943493979317,60
11,5,6,0.856244893301101,60
11,6,7,0.786416612920307,60
11,7,8,0.6444529568155607,60
11,8,9,0.6124501157374609,60
11,9,10,0.540587260520884,60
0,1,2,0.9710938589913505,61
0,2,3,0.9733509932245527,61
0,3,4,0.9758138060569763,61
0,4,5,0.9740872496650332,61
0,5,6,0.9603997014817738,61
0,6,7,0.9332052866617838,61
0,7,8,0.9472353827385676,61
0,8,9,0.973223953020005,61
0,9,10,0.9654998523848397,61
1,1,2,0.9234118489992051,61
1,2,3,0.9323285591034662,61
1,3,4,0.939775824546814,61
1,4,5,0.942612057640439,61
1,5,6,0.9363398381641933,61
1,6,7,0.9283690991855803,61
1,7,8,0.9448938880647931,61
1,8,9,0.9323606207257226,61
1,9,10,0.9349241909526643,61
2,1,2,0.9101640071187701,61
2,2,3,0.9198113282521566,61
2,3,4,0.9226086224828448,61
2,4,5,0.9291528917494274,61
2,5,6,0.9244643336250669,61
2,6,7,0.9078725775082906,61
2,7,8,0.9248957719121661,61
2,8,9,0.9230126539866129,61
2,9,10,0.9159230561483473,61
3,1,2,0.8890203776813689,61
3,2,3,0.8999180084183103,61
3,3,4,0.908891811257317,61
3,4,5,0.9193203335716611,61
3,5,6,0.9203572386787051,61
3,6,7,0.8726178464435396,61
3,7,8,0.8791907997358412,61
3,8,9,0.9191277850241888,61
3,9,10,0.8781800298463731,61
4,1,2,0.8870504186266944,61
4,2,3,0.8967349727948507,61
4,3,4,0.9024553980146136,61
4,4,5,0.9202985337802342,61
4,5,6,0.9231152704783848,61
4,6,7,0.8903649931862241,61
4,7,8,0.897900675024305,61
4,8,9,0.9114075303077698,61
4,9,10,0.8834378776096162,61
5,1,2,0.8642753618104118,61
5,2,3,0.8649396584147498,61
5,3,4,0.8856219393866402,61
5,4,5,0.9085814612252372,61
5,5,6,0.9080318127359662,61
5,6,7,0.873616601739611,61
5,7,8,0.8680862670853025,61
5,8,9,0.8523777496247065,61
5,9,10,0.8838070744559878,61
6,1,2,0.8492420741489956,61
6,2,3,0.8369994390578497,61
6,3,4,0.8628873512858436,61
6,4,5,0.8945124603453136,61
6,5,6,0.8830084658804394,61
6,6,7,0.8462739019166856,61
6,7,8,0.8818923178173247,61
6,8,9,0.8816287829762414,61
6,9,10,0.860683764730181,61
7,1,2,0.8509485721588135,61
7,2,3,0.8170863702183678,61
7,3,4,0.8412615997450692,61
7,4,5,0.8821894072351002,61
7,5,6,0.8584212178275699,61
7,6,7,0.834220514411018,61
7,7,8,0.866469008581979,61
7,8,9,0.8816365202267965,61
7,9,10,0.8537396192550659,61
8,1,2,0.8553585154669625,61
8,2,3,0.8073964459555489,61
8,3,4,0.8279416390827724,61
8,4,5,0.8551388695126488,61
8,5,6,0.8513663694972083,61
8,6,7,0.8213608123007274,61
8,7,8,0.8578236670721144,61
8,8,9,0.8957850961458116,61
8,9,10,0.8624119588306972,61
9,1,2,0.7947924250648135,61
9,2,3,0.7146104886418297,61
9,3,4,0.7827443395342145,61
9,4,5,0.8039646829877581,61
9,5,6,0.8319651967003232,61
9,6,7,0.8453717771030608,61
9,7,8,0.8487472477413359,61
9,8,9,0.8859611068453107,61
9,9,10,0.8260883887608846,61
10,1,2,0.7885430256525675,61
10,2,3,0.6637552806309291,61
10,3,4,0.7508335014184316,61
10,4,5,0.8062916625113714,61
10,5,6,0.8186928998856318,61
10,6,7,0.8139217893282572,61
10,7,8,0.8407316491717384,61
10,8,9,0.7972977842603411,61
10,9,10,0.8255226895922706,61
11,1,2,0.3688867368868419,61
11,2,3,0.37094507224503015,61
11,3,4,0.6698461639739218,61
11,4,5,0.9183019626708258,61
11,5,6,0.8449056716192336,61
11,6,7,0.8259170963650658,61
11,7,8,0.6786199325606936,61
11,8,9,0.672064330961023,61
11,9,10,0.6076299441712243,61
0,1,2,0.9723324945994786,62
0,2,3,0.9735341469446818,62
0,3,4,0.9733257974897113,62
0,4,5,0.9713872500828334,62
0,5,6,0.9612622261047363,62
0,6,7,0.9282971648942857,62
0,7,8,0.9385240361804054,62
0,8,9,0.974537071727571,62
0,9,10,0.965377220085689,62
1,1,2,0.9166019416990734,62
1,2,3,0.9244796548570905,62
1,3,4,0.9264946920531136,62
1,4,5,0.9306277547563825,62
1,5,6,0.9333386619885763,62
1,6,7,0.9215989680517287,62
1,7,8,0.9388590029307774,62
1,8,9,0.926396594161079,62
1,9,10,0.9299953069005694,62
2,1,2,0.9059231735411144,62
2,2,3,0.9141133910133725,62
2,3,4,0.9206305486815316,62
2,4,5,0.9254765425409589,62
2,5,6,0.9220660300481887,62
2,6,7,0.9047546244802929,62
2,7,8,0.9177002566201347,62
2,8,9,0.9171641582534427,62
2,9,10,0.9129666544142223,62
3,1,2,0.8898236240659442,62
3,2,3,0.8979359694889614,62
3,3,4,0.9090078416324797,62
3,4,5,0.9167926141193935,62
3,5,6,0.9171617570377532,62
3,6,7,0.8684801232247126,62
3,7,8,0.8741255175499689,62
3,8,9,0.9119512069792974,62
3,9,10,0.8744435821260724,62
4,1,2,0.8881583298955645,62
4,2,3,0.8968607726551238,62
4,3,4,0.9030060257230487,62
4,4,5,0.9167116766884214,62
4,5,6,0.9215295087723505,62
4,6,7,0.8875922418776012,62
4,7,8,0.8919147849082947,62
4,8,9,0.90623710836683,62
4,9,10,0.882758481161935,62
5,1,2,0.8653645288376581,62
5,2,3,0.8710595255806333,62
5,3,4,0.8845050164631435,62
5,4,5,0.9040153792926243,62
5,5,6,0.9082400145984831,62
5,6,7,0.8804648688861302,62
5,7,8,0.86241063333693,62
5,8,9,0.8391225252832685,62
5,9,10,0.8819483121236166,62
6,1,2,0.8475554074559893,62
6,2,3,0.8428340440704709,62
6,3,4,0.8657938639322916,62
6,4,5,0.8858608717010135,62
6,5,6,0.8822233052480788,62
6,6,7,0.8642162595476423,62
6,7,8,0.8774040738741556,62
6,8,9,0.8660283117067247,62
6,9,10,0.8562331597010294,62
7,1,2,0.8606770890099662,62
7,2,3,0.8378694625127883,62
7,3,4,0.8490645743551708,62
7,4,5,0.8705692404792422,62
7,5,6,0.8593559577351525,62
7,6,7,0.8396109569640386,62
7,7,8,0.8628071546554565,62
7,8,9,0.8715630031767345,62
7,9,10,0.8455344921066648,62
8,1,2,0.8622854777744838,62
8,2,3,0.8201372566677275,62
8,3,4,0.8390027284622192,62
8,4,5,0.8501648420379275,62
8,5,6,0.8506593164943513,62
8,6,7,0.8237477626119342,62
8,7,8,0.84889817237854,62
8,8,9,0.893900331996736,62
8,9,10,0.859037404968625,62
9,1,2,0.8116933533123561,62
9,2,3,0.7438823268527076,62
9,3,4,0.792183308374314,62
9,4,5,0.7865104334694999,62
9,5,6,0.8342204235848927,62
9,6,7,0.8508947974159604,62
9,7,8,0.8500281004678636,62
9,8,9,0.881868458929516,62
9,9,10,0.8133456621851239,62
10,1,2,0.8042079181898207,62
10,2,3,0.6882399363177163,62
10,3,4,0.75152949208305,62
10,4,5,0.7849720971924918,62
10,5,6,0.8151111091886248,62
10,6,7,0.8201358829225812,62
10,7,8,0.8457901733262199,62
10,8,9,0.7923411414736793,62
10,9,10,0.8195666557266599,62
11,1,2,0.4492935852280685,62
11,2,3,0.3921745235011691,62
11,3,4,0.6527898290327617,62
11,4,5,0.8535858421098619,62
11,5,6,0.8839552913393293,62
11,6,7,0.7982241681643895,62
11,7,8,0.6423003677101362,62
11,8,9,0.6566517466590518,62
11,9,10,0.5661358193804821,62
0,1,2,0.9743798931439718,63
0,2,3,0.9764335711797079,63
0,3,4,0.9752987702687581,63
0,4,5,0.9777738173802694,63
0,5,6,0.959381635983785,63
0,6,7,0.9290130456288656,63
0,7,8,0.9477412978808085,63
0,8,9,0.9754903594652812,63
0,9,10,0.9709844867388407,63
1,1,2,0.9263152678807577,63
1,2,3,0.9371132651964823,63
1,3,4,0.9423513293266297,63
1,4,5,0.9494455893834431,63
1,5,6,0.9344838579495748,63
1,6,7,0.9247218171755472,63
1,7,8,0.9457906802495321,63
1,8,9,0.931420111656189,63
1,9,10,0.9391545097033183,63
2,1,2,0.9108466108640035,63
2,2,3,0.9202757795651754,63
2,3,4,0.9276822924613952,63
2,4,5,0.9364233175913493,63
2,5,6,0.9241131146748861,63
2,6,7,0.9077574054400126,63
2,7,8,0.9289688507715861,63
2,8,9,0.9222165067990621,63
2,9,10,0.9217994809150696,63
3,1,2,0.8902386426925659,63
3,2,3,0.9005373438199361,63
3,3,4,0.9148445685704549,63
3,4,5,0.9265086015065511,63
3,5,6,0.9209317525227865,63
3,6,7,0.8734569509824117,63
3,7,8,0.8837994694709778,63
3,8,9,0.9190131902694703,63
3,9,10,0.8848856687545776,63
4,1,2,0.8882855852444966,63
4,2,3,0.8956408421198527,63
4,3,4,0.9067699273427328,63
4,4,5,0.926070777575175,63
4,5,6,0.9227088928222656,63
4,6,7,0.8904925545056661,63
4,7,8,0.9025589505831401,63
4,8,9,0.9114113966623942,63
4,9,10,0.8861284852027893,63
5,1,2,0.8694183548291524,63
5,2,3,0.8618268887201945,63
5,3,4,0.887850022315979,63
5,4,5,0.9136210799217224,63
5,5,6,0.9100024024645488,63
5,6,7,0.8729647080103556,63
5,7,8,0.8653924187024434,63
5,8,9,0.8458319942156474,63
5,9,10,0.8878557324409485,63
6,1,2,0.8548344453175862,63
6,2,3,0.8360932906468709,63
6,3,4,0.8627254327138265,63
6,4,5,0.8975792606671651,63
6,5,6,0.8837398409843444,63
6,6,7,0.8402259747187296,63
6,7,8,0.8844632069269817,63
6,8,9,0.8815773328145345,63
6,9,10,0.8653874595959982,63
7,1,2,0.8469059546788533,63
7,2,3,0.8052529017130534,63
7,3,4,0.8404263416926067,63
7,4,5,0.8874547402064006,63
7,5,6,0.8608212232589721,63
7,6,7,0.8275400678316752,63
7,7,8,0.870389453570048,63
7,8,9,0.8855618635813395,63
7,9,10,0.8459594368934631,63
8,1,2,0.8537750919659932,63
8,2,3,0.7985787232716878,63
8,3,4,0.8237564444541932,63
8,4,5,0.8580669403076172,63
8,5,6,0.8487583756446838,63
8,6,7,0.8156486829121907,63
8,7,8,0.8600275198618571,63
8,8,9,0.8966789881388346,63
8,9,10,0.8564701398213704,63
9,1,2,0.7911883036295573,63
9,2,3,0.6985676924387614,63
9,3,4,0.7775866826375325,63
9,4,5,0.8078672409057617,63
9,5,6,0.8391863663991292,63
9,6,7,0.8534555435180664,63
9,7,8,0.8537859002749125,63
9,8,9,0.8895937283833821,63
9,9,10,0.8184802333513895,63
10,1,2,0.7822537064552307,63
10,2,3,0.6469856142997742,63
10,3,4,0.7397639413674673,63
10,4,5,0.8106243729591369,63
10,5,6,0.8075879494349162,63
10,6,7,0.7981784224510193,63
10,7,8,0.8348736008008321,63
10,8,9,0.7845121383666992,63
10,9,10,0.8204955101013184,63
11,1,2,0.33251158793767294,63
11,2,3,0.31387742012739184,63
11,3,4,0.6462802762786547,63
11,4,5,0.9230398575464884,63
11,5,6,0.8364040811856588,63
11,6,7,0.8206315437952677,63
11,7,8,0.6665119091669719,63
11,8,9,0.6382652575771014,63
11,9,10,0.5701408952474594,63
0,1,2,0.9741607968296323,64
0,2,3,0.974163830280304,64
0,3,4,0.9738393298217228,64
0,4,5,0.9722522582326617,64
0,5,6,0.9609552259956088,64
0,6,7,0.9264144514288221,64
0,7,8,0.9393348140375954,64
0,8,9,0.9744180270603725,64
0,9,10,0.9660504630633763,64
1,1,2,0.9214906437056405,64
1,2,3,0.9245000417743411,64
1,3,4,0.9257247958864484,64
1,4,5,0.9319400808640889,64
1,5,6,0.9310789406299591,64
1,6,7,0.9191339101110186,64
1,7,8,0.9387125245162419,64
1,8,9,0.9252502918243408,64
1,9,10,0.9281969283308301,64
2,1,2,0.9079641337905612,64
2,2,3,0.9123122308935437,64
2,3,4,0.9179559307438987,64
2,4,5,0.9273041039705276,64
2,5,6,0.9181575732571738,64
2,6,7,0.9021873218672616,64
2,7,8,0.9165619441441127,64
2,8,9,0.9176694239888873,64
2,9,10,0.9109867215156555,64
3,1,2,0.8876926217760358,64
3,2,3,0.8963882220642907,64
3,3,4,0.9060987404414585,64
3,4,5,0.9175669955355781,64
3,5,6,0.9138603955507278,64
3,6,7,0.8654910453728267,64
3,7,8,0.874200993350574,64
3,8,9,0.9140092134475708,64
3,9,10,0.8732091635465622,64
4,1,2,0.8845772019454411,64
4,2,3,0.8955724622522082,64
4,3,4,0.9019588274615151,64
4,4,5,0.9188588836363384,64
4,5,6,0.9193097289119448,64
4,6,7,0.8855362087488174,64
4,7,8,0.8934728758675712,64
4,8,9,0.9096831168447223,64
4,9,10,0.8776192984410695,64
5,1,2,0.8594229902539935,64
5,2,3,0.8690320359809058,64
5,3,4,0.8850261781896863,64
5,4,5,0.9068497994116375,64
5,5,6,0.9078336698668343,64
5,6,7,0.8776862387146268,64
5,7,8,0.8648298808506557,64
5,8,9,0.8414573669433594,64
5,9,10,0.876910924911499,64
6,1,2,0.8426477078880582,64
6,2,3,0.8441981247493199,64
6,3,4,0.8678585886955261,64
6,4,5,0.8910109102725983,64
6,5,6,0.8814285312380109,64
6,6,7,0.8600046677248818,64
6,7,8,0.8789600517068591,64
6,8,9,0.8657599155391965,64
6,9,10,0.8544455064194543,64
7,1,2,0.8610004654952458,64
7,2,3,0.8396168308598655,64
7,3,4,0.8564117848873138,64
7,4,5,0.8769715258053371,64
7,5,6,0.857548536998885,64
7,6,7,0.8430419330086026,64
7,7,8,0.8658628740480968,64
7,8,9,0.8781701070921761,64
7,9,10,0.8453277817794255,64
8,1,2,0.8635158283369881,64
8,2,3,0.822156908256667,64
8,3,4,0.8416306376457214,64
8,4,5,0.8583532295056752,64
8,5,6,0.84940604865551,64
8,6,7,0.8305125193936485,64
8,7,8,0.855152645281383,64
8,8,9,0.9010173997708729,64
8,9,10,0.8633716766323362,64
9,1,2,0.8126574903726578,64
9,2,3,0.7521691407476153,64
9,3,4,0.8098947341953006,64
9,4,5,0.7987633155924934,64
9,5,6,0.837767168879509,64
9,6,7,0.8511395475694111,64
9,7,8,0.8541189730167389,64
9,8,9,0.8833898242030825,64
9,9,10,0.8170504165547234,64
10,1,2,0.817560966525759,64
10,2,3,0.7123499917132514,64
10,3,4,0.8103008270263672,64
10,4,5,0.7970986132110868,64
10,5,6,0.845968206013952,64
10,6,7,0.8383779185158866,64
10,7,8,0.8550007066556385,64
10,8,9,0.8091455442564828,64
10,9,10,0.7949045832668032,64
11,1,2,0.39883940627000164,64
11,2,3,0.4526997267135552,64
11,3,4,0.8386797628232411,64
11,4,5,0.8666893179927554,64
11,5,6,0.844436668923923,64
11,6,7,0.8101241567305156,64
11,7,8,0.627368643081614,64
11,8,9,0.7187640826616969,64
11,9,10,0.6447025484272412,64
0,1,2,0.9745478312174479,65
0,2,3,0.9754216154416402,65
0,3,4,0.9768974701563518,65
0,4,5,0.9711606462796529,65
0,5,6,0.9646586537361145,65
0,6,7,0.9363106926282246,65
0,7,8,0.9461768945058187,65
0,8,9,0.973836890856425,65
0,9,10,0.9658240516980489,65
1,1,2,0.9236115018526713,65
1,2,3,0.9267177700996398,65
1,3,4,0.9347448309262594,65
1,4,5,0.9340044856071472,65
1,5,6,0.9365803877512614,65
1,6,7,0.927389633655548,65
1,7,8,0.942705241839091,65
1,8,9,0.9265469749768575,65
1,9,10,0.9292311469713846,65
2,1,2,0.9065149068832398,65
2,2,3,0.9135040918986003,65
2,3,4,0.9219431479771932,65
2,4,5,0.9255128542582194,65
2,5,6,0.9217626452445984,65
2,6,7,0.9096213340759277,65
2,7,8,0.9219663739204407,65
2,8,9,0.9192173043886821,65
2,9,10,0.909199599424998,65
3,1,2,0.8836318572362264,65
3,2,3,0.8942922552426656,65
3,3,4,0.9083413521448771,65
3,4,5,0.9142913341522216,65
3,5,6,0.9156681497891744,65
3,6,7,0.8679877161979676,65
3,7,8,0.872983189423879,65
3,8,9,0.9139184713363647,65
3,9,10,0.8704986453056336,65
4,1,2,0.8817735354105631,65
4,2,3,0.8937601645787557,65
4,3,4,0.9049525260925293,65
4,4,5,0.9172054847081502,65
4,5,6,0.9208735744158427,65
4,6,7,0.888397753238678,65
4,7,8,0.8945400595664978,65
4,8,9,0.9055814663569133,65
4,9,10,0.8744225263595581,65
5,1,2,0.8556949496269226,65
5,2,3,0.8602152188618978,65
5,3,4,0.8886465072631836,65
5,4,5,0.9061201016108195,65
5,5,6,0.9045303503672282,65
5,6,7,0.8722776532173157,65
5,7,8,0.879642923672994,65
5,8,9,0.849975335597992,65
5,9,10,0.8751797477404276,65
6,1,2,0.8372556447982789,65
6,2,3,0.8308003822962443,65
6,3,4,0.8694104472796123,65
6,4,5,0.8927256345748902,65
6,5,6,0.8789388338724772,65
6,6,7,0.8425861557324728,65
6,7,8,0.8858168601989747,65
6,8,9,0.8682586431503296,65
6,9,10,0.8543694496154786,65
7,1,2,0.8460147023200989,65
7,2,3,0.8139680624008179,65
7,3,4,0.8482577244440714,65
7,4,5,0.8772183775901794,65
7,5,6,0.8488158067067464,65
7,6,7,0.8319751183191936,65
7,7,8,0.8649551550547282,65
7,8,9,0.8778870900472006,65
7,9,10,0.8513364593187968,65
8,1,2,0.8589871724446615,65
8,2,3,0.8095752477645874,65
8,3,4,0.8389132539431254,65
8,4,5,0.8486415227254231,65
8,5,6,0.8430183410644532,65
8,6,7,0.8352559487024943,65
8,7,8,0.8576906681060791,65
8,8,9,0.8962142745653788,65
8,9,10,0.8654917319615681,65
9,1,2,0.8001144329706827,65
9,2,3,0.7165389319260915,65
9,3,4,0.8079906503359476,65
9,4,5,0.7954712986946106,65
9,5,6,0.8272249579429627,65
9,6,7,0.8518062750498454,65
9,7,8,0.8471877733866374,65
9,8,9,0.8865699092547099,65
9,9,10,0.8200485944747925,65
10,1,2,0.8249516010284423,65
10,2,3,0.7113933563232422,65
10,3,4,0.8157336831092834,65
10,4,5,0.7855435132980346,65
10,5,6,0.8374081015586853,65
10,6,7,0.8318509062131246,65
10,7,8,0.8411485155423483,65
10,8,9,0.8275109608968099,65
10,9,10,0.83553386926651,65
11,1,2,0.3381776404877504,65
11,2,3,0.4690549924969673,65
11,3,4,0.8657569328943888,65
11,4,5,0.9241466403007508,65
11,5,6,0.8312144200007121,65
11,6,7,0.8445512930552165,65
11,7,8,0.5949917082985242,65
11,8,9,0.7450721343358357,65
11,9,10,0.6567555507024129,65
0,1,2,0.9724518174216861,66
0,2,3,0.9739538289251781,66
0,3,4,0.9758173624674479,66
0,4,5,0.9714870367731366,66
0,5,6,0.9641175440379551,66
0,6,7,0.9344954660960606,66
0,7,8,0.9453294788088117,66
0,8,9,0.973407628990355,66
0,9,10,0.9665025756472633,66
1,1,2,0.921932978289468,66
1,2,3,0.9271841162726993,66
1,3,4,0.9322454503604344,66
1,4,5,0.9347689066614423,66
1,5,6,0.9342213301431566,66
1,6,7,0.9242044204757327,66
1,7,8,0.9409152553195045,66
1,8,9,0.9250577716600328,66
1,9,10,0.9289417096546718,66
2,1,2,0.9060230936322894,66
2,2,3,0.9132236923490252,66
2,3,4,0.9206147619656154,66
2,4,5,0.9257438012531826,66
2,5,6,0.9197649615151542,66
2,6,7,0.9058074099676949,66
2,7,8,0.9177971113295782,66
2,8,9,0.9172413803282238,66
2,9,10,0.9085884463219416,66
3,1,2,0.8841072065489632,66
3,2,3,0.8944504147484189,66
3,3,4,0.9042198885054815,66
3,4,5,0.9143537141027904,66
3,5,6,0.9149558061645144,66
3,6,7,0.8660876069750104,66
3,7,8,0.8732003768285116,66
3,8,9,0.9127573427699861,66
3,9,10,0.8702533614067804,66
4,1,2,0.8808558412960598,66
4,2,3,0.8931203285853068,66
4,3,4,0.8997258771033514,66
4,4,5,0.9173376304762704,66
4,5,6,0.920204432237716,66
4,6,7,0.8867242336273193,66
4,7,8,0.8935003706387111,66
4,8,9,0.9066709194864545,66
4,9,10,0.8740442792574564,66
5,1,2,0.855428675810496,66
5,2,3,0.8620436588923136,66
5,3,4,0.8841970165570577,66
5,4,5,0.9071052698861986,66
5,5,6,0.9067659888948713,66
5,6,7,0.8723383063361758,66
5,7,8,0.8623257109097072,66
5,8,9,0.8344245184035528,66
5,9,10,0.8733119680767968,66
6,1,2,0.8407349047206697,66
6,2,3,0.8381038450059437,66
6,3,4,0.8688176898729234,66
6,4,5,0.896259469645364,66
6,5,6,0.879491266750154,66
6,6,7,0.8486185726665315,66
6,7,8,0.8847154918171111,66
6,8,9,0.8690307821546283,66
6,9,10,0.8544977222170148,66
7,1,2,0.8519877223741441,66
7,2,3,0.8229665784608751,66
7,3,4,0.8510400823184422,66
7,4,5,0.881492345106034,66
7,5,6,0.8543337838990348,66
7,6,7,0.8358710862341381,66
7,7,8,0.8669177350543794,66
7,8,9,0.8821166100956145,66
7,9,10,0.8528164341336205,66
8,1,2,0.8627745849745614,66
8,2,3,0.8136387439001174,66
8,3,4,0.8399670067287627,66
8,4,5,0.8572073947815668,66
8,5,6,0.8465334318933033,66
8,6,7,0.8362500071525574,66
8,7,8,0.8605339470363799,66
8,8,9,0.8993261711938041,66
8,9,10,0.8626280171530587,66
9,1,2,0.812471710500263,66
9,2,3,0.733699768781662,66
9,3,4,0.8098716253326053,66
9,4,5,0.8055722230956668,66
9,5,6,0.8372392966633752,66
9,6,7,0.8485804654303051,66
9,7,8,0.8514467619714283,66
9,8,9,0.884592076142629,66
9,9,10,0.8185540721530006,66
10,1,2,0.8233120640118917,66
10,2,3,0.7275821594964891,66
10,3,4,0.8085592445873079,66
10,4,5,0.7997986504009792,66
10,5,6,0.8381428264436268,66
10,6,7,0.8238988178116935,66
10,7,8,0.8419648806254069,66
10,8,9,0.8050216095788139,66
10,9,10,0.7960472135316758,66
11,1,2,0.38561620261697543,66
11,2,3,0.5177719036028499,66
11,3,4,0.8684673735073635,66
11,4,5,0.9296557988439288,66
11,5,6,0.828659074647086,66
11,6,7,0.8235148191452026,66
11,7,8,0.6181839268122401,66
11,8,9,0.6943324335983821,66
11,9,10,0.6406496507780892,66
0,1,2,0.9713748665083022,67
0,2,3,0.9746462447302682,67
0,3,4,0.9752468268076578,67
0,4,5,0.9724310381071908,67
0,5,6,0.9650487729481289,67
0,6,7,0.9366144481159392,67
0,7,8,0.9460696492876325,67
0,8,9,0.9751178281647819,67
0,9,10,0.9672448294503349,67
1,1,2,0.9211431060518537,67
1,2,3,0.9323024948438009,67
1,3,4,0.9347877246992928,67
1,4,5,0.9373095489683605,67
1,5,6,0.9377671451795668,67
1,6,7,0.9284137459028334,67
1,7,8,0.9433735921269372,67
1,8,9,0.9302795671281361,67
1,9,10,0.9329743952978224,67
2,1,2,0.9099011052222479,67
2,2,3,0.9202738205591837,67
2,3,4,0.9216312141645522,67
2,4,5,0.9250373726799375,67
2,5,6,0.9236605167388916,67
2,6,7,0.905842764036996,67
2,7,8,0.9201178210122245,67
2,8,9,0.9219099623816354,67
2,9,10,0.9126135224387759,67
3,1,2,0.8929447134335836,67
3,2,3,0.9006995047841754,67
3,3,4,0.9060305811109997,67
3,4,5,0.9147200697944278,67
3,5,6,0.9166213529450553,67
3,6,7,0.865396207287198,67
3,7,8,0.8754074743815831,67
3,8,9,0.9161985459781828,67
3,9,10,0.8730539651144118,67
4,1,2,0.888427958601997,67
4,2,3,0.8961036233674913,67
4,3,4,0.8991942121869042,67
4,4,5,0.9169940607888358,67
4,5,6,0.9217459076926822,67
4,6,7,0.8856064762387957,67
4,7,8,0.8921131009147281,67
4,8,9,0.9115042544546581,67
4,9,10,0.8801632864134652,67
5,1,2,0.8626219374792916,67
5,2,3,0.8650674252283006,67
5,3,4,0.8829232198851449,67
5,4,5,0.9083417256673177,67
5,5,6,0.9095715199198041,67
5,6,7,0.8713216866765704,67
5,7,8,0.8561237681479681,67
5,8,9,0.8351214301018488,67
5,9,10,0.8764671541395641,67
6,1,2,0.8468105764616103,67
6,2,3,0.8422801920345852,67
6,3,4,0.8658015018417722,67
6,4,5,0.8950197810218448,67
6,5,6,0.881908308892023,67
6,6,7,0.8519632248651414,67
6,7,8,0.8777065787996564,67
6,8,9,0.8754412049338931,67
6,9,10,0.85492057459695,67
7,1,2,0.8552555441856384,67
7,2,3,0.8221510222979954,67
7,3,4,0.8439734833581107,67
7,4,5,0.8771725779487973,67
7,5,6,0.858647746699197,67
7,6,7,0.829497101761046,67
7,7,8,0.864872966493879,67
7,8,9,0.8793908357620239,67
7,9,10,0.8528965768359956,67
8,1,2,0.8592940795989263,67
8,2,3,0.8041312524250576,67
8,3,4,0.8317572474479675,67
8,4,5,0.8573100538480849,67
8,5,6,0.8456628861881438,67
8,6,7,0.8161784807840983,67
8,7,8,0.8558579229173207,67
8,8,9,0.8976790791466123,67
8,9,10,0.8590360255468459,67
9,1,2,0.7960101422809419,67
9,2,3,0.7118530869483948,67
9,3,4,0.7879865481739953,67
9,4,5,0.8042058291889372,67
9,5,6,0.8374116931642804,67
9,6,7,0.8383484766596839,67
9,7,8,0.8476974141030085,67
9,8,9,0.8814625172387986,67
9,9,10,0.8180022126152402,67
10,1,2,0.7908790253457569,67
10,2,3,0.6757178789093381,67
10,3,4,0.7539209255150386,67
10,4,5,0.7900317140987941,67
10,5,6,0.8161611840838477,67
10,6,7,0.8074425487291246,67
10,7,8,0.8376435552324567,67
10,8,9,0.7878060596329826,67
10,9,10,0.7846763361067999,67
11,1,2,0.4531687540667398,67
11,2,3,0.37572725330080303,67
11,3,4,0.6821439393929073,67
11,4,5,0.914456790401822,67
11,5,6,0.8340108224323818,67
11,6,7,0.8029868404070536,67
11,7,8,0.655615879311448,67
11,8,9,0.6161033316027551,67
11,9,10,0.5694770561974674,67
0,1,2,0.9767504175504048,68
0,2,3,0.9811966141064962,68
0,3,4,0.9730327924092611,68
0,4,5,0.9741580843925476,68
0,5,6,0.9700795253117879,68
0,6,7,0.9309299985567728,68
0,7,8,0.9483563224474589,68
0,8,9,0.9769436637560527,68
0,9,10,0.9742205818494161,68
1,1,2,0.9217546621958415,68
1,2,3,0.9342781980832418,68
1,3,4,0.923780357837677,68
1,4,5,0.9330835819244385,68
1,5,6,0.9376055876413981,68
1,6,7,0.9179384430249532,68
1,7,8,0.9433934092521667,68
1,8,9,0.922443401813507,68
1,9,10,0.9324707667032878,68
2,1,2,0.9076451659202576,68
2,2,3,0.9154743353525797,68
2,3,4,0.9213407874107361,68
2,4,5,0.928781020641327,68
2,5,6,0.9251302440961202,68
2,6,7,0.9096529086430868,68
2,7,8,0.9227888902028402,68
2,8,9,0.9131697416305542,68
2,9,10,0.9100849787394206,68
3,1,2,0.8907828410466512,68
3,2,3,0.8975057244300843,68
3,3,4,0.9074150284131368,68
3,4,5,0.9197647333145141,68
3,5,6,0.9187808632850647,68
3,6,7,0.8683558940887451,68
3,7,8,0.8769694725672404,68
3,8,9,0.9096598307291667,68
3,9,10,0.8718028823534648,68
4,1,2,0.8832911332448323,68
4,2,3,0.89198424021403,68
4,3,4,0.8994874000549317,68
4,4,5,0.9206356525421142,68
4,5,6,0.9229940493901571,68
4,6,7,0.8897744695345561,68
4,7,8,0.8954137563705444,68
4,8,9,0.9074248671531677,68
4,9,10,0.8758215427398681,68
5,1,2,0.8647464434305827,68
5,2,3,0.8641704599062602,68
5,3,4,0.8827782114346822,68
5,4,5,0.9117283821105957,68
5,5,6,0.9121515949567159,68
5,6,7,0.8801588495572408,68
5,7,8,0.8367886066436767,68
5,8,9,0.7987737814585368,68
5,9,10,0.8745728333791097,68
6,1,2,0.8566488703091939,68
6,2,3,0.8489394307136535,68
6,3,4,0.8624709884325663,68
6,4,5,0.896731440226237,68
6,5,6,0.8759678641955058,68
6,6,7,0.8633296767870585,68
6,7,8,0.8768101175626118,68
6,8,9,0.859018596013387,68
6,9,10,0.8549065430959065,68
7,1,2,0.866452161471049,68
7,2,3,0.8318191885948181,68
7,3,4,0.8520901878674825,68
7,4,5,0.8842858791351318,68
7,5,6,0.8606653928756713,68
7,6,7,0.8307652314503987,68
7,7,8,0.8700645645459493,68
7,8,9,0.8778110186258952,68
7,9,10,0.8546630104382833,68
8,1,2,0.8701663374900818,68
8,2,3,0.8196818709373475,68
8,3,4,0.8419766306877137,68
8,4,5,0.8529889265696208,68
8,5,6,0.8497510115305583,68
8,6,7,0.8235405802726745,68
8,7,8,0.8490722457567851,68
8,8,9,0.8985536456108093,68
8,9,10,0.8493417263031006,68
9,1,2,0.8404414017995199,68
9,2,3,0.7497850219408672,68
9,3,4,0.8012619614601135,68
9,4,5,0.8107464949289958,68
9,5,6,0.8611540714899699,68
9,6,7,0.8494697769482931,68
9,7,8,0.8502961794535319,68
9,8,9,0.8731719891230265,68
9,9,10,0.7793756405512492,68
10,1,2,0.806953485806783,68
10,2,3,0.7161669512589772,68
10,3,4,0.7575200319290161,68
10,4,5,0.8023486455281575,68
10,5,6,0.789370846748352,68
10,6,7,0.7764152805010478,68
10,7,8,0.8324158589045206,68
10,8,9,0.7353275895118714,68
10,9,10,0.762545092900594,68
11,1,2,0.5498435507218044,68
11,2,3,0.40706178893645606,68
11,3,4,0.6605949466427167,68
11,4,5,0.8520615180333455,68
11,5,6,0.843735380967458,68
11,6,7,0.7840191483497619,68
11,7,8,0.5581834857662519,68
11,8,9,0.553973334034284,68
11,9,10,0.48094680197536943,68
0,1,2,0.9724518174216861,69
0,2,3,0.9739538289251781,69
0,3,4,0.9758173624674479,69
0,4,5,0.9714870367731366,69
0,5,6,0.9641175440379551,69
0,6,7,0.9344954660960606,69
0,7,8,0.9453294788088117,69
0,8,9,0.973407628990355,69
0,9,10,0.9665025756472633,69
1,1,2,0.921932978289468,69
1,2,3,0.9271841162726993,69
1,3,4,0.9322454503604344,69
1,4,5,0.9347689066614423,69
1,5,6,0.9342213301431566,69
1,6,7,0.9242044204757327,69
1,7,8,0.9409152553195045,69
1,8,9,0.9250577716600328,69
1,9,10,0.9289417096546718,69
2,1,2,0.9060230936322894,69
2,2,3,0.9132236923490252,69
2,3,4,0.9206147619656154,69
2,4,5,0.9257438012531826,69
2,5,6,0.9197649615151542,69
2,6,7,0.9058074099676949,69
2,7,8,0.9177971113295782,69
2,8,9,0.9172413803282238,69
2,9,10,0.9085884463219416,69
3,1,2,0.8841072065489632,69
3,2,3,0.8944504147484189,69
3,3,4,0.9042198885054815,69
3,4,5,0.9143537141027904,69
3,5,6,0.9149558061645144,69
3,6,7,0.8660876069750104,69
3,7,8,0.8732003768285116,69
3,8,9,0.9127573427699861,69
3,9,10,0.8702533614067804,69
4,1,2,0.8808558412960598,69
4,2,3,0.8931203285853068,69
4,3,4,0.8997258771033514,69
4,4,5,0.9173376304762704,69
4,5,6,0.920204432237716,69
4,6,7,0.8867242336273193,69
4,7,8,0.8935003706387111,69
4,8,9,0.9066709194864545,69
4,9,10,0.8740442792574564,69
5,1,2,0.855428675810496,69
5,2,3,0.8620436588923136,69
5,3,4,0.8841970165570577,69
5,4,5,0.9071052698861986,69
5,5,6,0.9067659888948713,69
5,6,7,0.8723383063361758,69
5,7,8,0.8623257109097072,69
5,8,9,0.8344245184035528,69
5,9,10,0.8733119680767968,69
6,1,2,0.8407349047206697,69
6,2,3,0.8381038450059437,69
6,3,4,0.8688176898729234,69
6,4,5,0.896259469645364,69
6,5,6,0.879491266750154,69
6,6,7,0.8486185726665315,69
6,7,8,0.8847154918171111,69
6,8,9,0.8690307821546283,69
6,9,10,0.8544977222170148,69
7,1,2,0.8519877223741441,69
7,2,3,0.8229665784608751,69
7,3,4,0.8510400823184422,69
7,4,5,0.881492345106034,69
7,5,6,0.8543337838990348,69
7,6,7,0.8358710862341381,69
7,7,8,0.8669177350543794,69
7,8,9,0.8821166100956145,69
7,9,10,0.8528164341336205,69
8,1,2,0.8627745849745614,69
8,2,3,0.8136387439001174,69
8,3,4,0.8399670067287627,69
8,4,5,0.8572073947815668,69
8,5,6,0.8465334318933033,69
8,6,7,0.8362500071525574,69
8,7,8,0.8605339470363799,69
8,8,9,0.8993261711938041,69
8,9,10,0.8626280171530587,69
9,1,2,0.812471710500263,69
9,2,3,0.733699768781662,69
9,3,4,0.8098716253326053,69
9,4,5,0.8055722230956668,69
9,5,6,0.8372392966633752,69
9,6,7,0.8485804654303051,69
9,7,8,0.8514467619714283,69
9,8,9,0.884592076142629,69
9,9,10,0.8185540721530006,69
10,1,2,0.8233120640118917,69
10,2,3,0.7275821594964891,69
10,3,4,0.8085592445873079,69
10,4,5,0.7997986504009792,69
10,5,6,0.8381428264436268,69
10,6,7,0.8238988178116935,69
10,7,8,0.8419648806254069,69
10,8,9,0.8050216095788139,69
10,9,10,0.7960472135316758,69
11,1,2,0.38561620261697543,69
11,2,3,0.5177719036028499,69
11,3,4,0.8684673735073635,69
11,4,5,0.9296557988439288,69
11,5,6,0.828659074647086,69
11,6,7,0.8235148191452026,69
11,7,8,0.6181839268122401,69
11,8,9,0.6943324335983821,69
11,9,10,0.6406496507780892,69
0,1,2,0.970865113394601,70
0,2,3,0.9726681851205372,70
0,3,4,0.9751583025569007,70
0,4,5,0.9714813459487188,70
0,5,6,0.9643996443067279,70
0,6,7,0.9368809830574762,70
0,7,8,0.9458659376416888,70
0,8,9,0.9731144706408182,70
0,9,10,0.9663495932306562,70
1,1,2,0.9165265900748116,70
1,2,3,0.9247365366844904,70
1,3,4,0.9328611862091791,70
1,4,5,0.9353666050093514,70
1,5,6,0.9352769709768749,70
1,6,7,0.9277152844837734,70
1,7,8,0.9412860416230702,70
1,8,9,0.925970162664141,70
1,9,10,0.9295305666469392,70
2,1,2,0.9028413267362685,70
2,2,3,0.9146782954533895,70
2,3,4,0.9208317824772426,70
2,4,5,0.9249682341303144,70
2,5,6,0.9222541451454163,70
2,6,7,0.9090135920615423,70
2,7,8,0.917513424441928,70
2,8,9,0.915761757464636,70
2,9,10,0.9102354929560706,70
3,1,2,0.8833911532447452,70
3,2,3,0.8978302734238761,70
3,3,4,0.904781855288006,70
3,4,5,0.914543696812221,70
3,5,6,0.9175186242376056,70
3,6,7,0.8712469992183504,70
3,7,8,0.8740999812171573,70
3,8,9,0.9116474588712057,70
3,9,10,0.8730744293757847,70
4,1,2,0.8803733956246149,70
4,2,3,0.8960668586549305,70
4,3,4,0.8984690081505549,70
4,4,5,0.9162490055674598,70
4,5,6,0.9204486920720055,70
4,6,7,0.8908843511626834,70
4,7,8,0.8926330634525844,70
4,8,9,0.9056539507139296,70
4,9,10,0.87655656678336,70
5,1,2,0.8584781402633304,70
5,2,3,0.872122327486674,70
5,3,4,0.884998599688212,70
5,4,5,0.9058569783256167,70
5,5,6,0.9095776677131653,70
5,6,7,0.8831790855952671,70
5,7,8,0.8522836310522897,70
5,8,9,0.8293508575076148,70
5,9,10,0.875362753868103,70
6,1,2,0.8502097101438613,70
6,2,3,0.8568481093361264,70
6,3,4,0.8725212216377258,70
6,4,5,0.8928603842144921,70
6,5,6,0.8837469049862453,70
6,6,7,0.8617970716385615,70
6,7,8,0.8834193490800404,70
6,8,9,0.8732106742404756,70
6,9,10,0.8572892830485389,70
7,1,2,0.8645576749529157,70
7,2,3,0.8530056561742511,70
7,3,4,0.8612354880287534,70
7,4,5,0.8808304695856004,70
7,5,6,0.8713411887486776,70
7,6,7,0.8564807857785907,70
7,7,8,0.866893246060326,70
7,8,9,0.8821322236742292,70
7,9,10,0.8570019432476589,70
8,1,2,0.8641110034216017,70
8,2,3,0.8319120435487657,70
8,3,4,0.841048884959448,70
8,4,5,0.8580761495090666,70
8,5,6,0.8535271059899103,70
8,6,7,0.8386192747524807,70
8,7,8,0.8579779437610081,70
8,8,9,0.8944612486021859,70
8,9,10,0.8570415888513837,70
9,1,2,0.8415363544509524,70
9,2,3,0.780330635252453,70
9,3,4,0.7971928658939543,70
9,4,5,0.8097882043747675,70
9,5,6,0.8396409012022472,70
9,6,7,0.8479560244651068,70
9,7,8,0.8492263101396107,70
9,8,9,0.8821994350070045,70
9,9,10,0.8121866810889471,70
10,1,2,0.8226676185925802,70
10,2,3,0.7389482827413649,70
10,3,4,0.7597874119168236,70
10,4,5,0.7982978480202811,70
10,5,6,0.8100674152374268,70
10,6,7,0.8072134000914437,70
10,7,8,0.8422804815428597,70
10,8,9,0.7794200550942194,70
10,9,10,0.7896018510773068,70
11,1,2,0.49010587111115456,70
11,2,3,0.46780780241602943,70
11,3,4,0.6776849694904827,70
11,4,5,0.9220903799647376,70
11,5,6,0.8431676143691653,70
11,6,7,0.8049008590834481,70
11,7,8,0.6278286679160028,70
11,8,9,0.6498570165463856,70
11,9,10,0.5905038300192073,70
0,1,2,0.9749183615048727,71
0,2,3,0.977486236890157,71
0,3,4,0.9737157146135966,71
0,4,5,0.9759266416231791,71
0,5,6,0.9637317816416423,71
0,6,7,0.9268675128618876,71
0,7,8,0.9471186359723409,71
0,8,9,0.9753675659497579,71
0,9,10,0.9725478887557983,71
1,1,2,0.9233341415723165,71
1,2,3,0.9318443536758423,71
1,3,4,0.9298283259073893,71
1,4,5,0.939802356561025,71
1,5,6,0.9336897253990173,71
1,6,7,0.9166069626808167,71
1,7,8,0.9437938769658406,71
1,8,9,0.9256192803382873,71
1,9,10,0.9360749800999959,71
2,1,2,0.9078991889953614,71
2,2,3,0.9145097772280375,71
2,3,4,0.9241527597109477,71
2,4,5,0.9319257299105327,71
2,5,6,0.9240253647168477,71
2,6,7,0.9061124841372172,71
2,7,8,0.9266552209854126,71
2,8,9,0.9162125786145529,71
2,9,10,0.9165040095647176,71
3,1,2,0.8883970181147257,71
3,2,3,0.8945125778516133,71
3,3,4,0.9111718853314718,71
3,4,5,0.9235767165819804,71
3,5,6,0.9206495165824891,71
3,6,7,0.8717220703760783,71
3,7,8,0.881678291161855,71
3,8,9,0.9119266112645467,71
3,9,10,0.8806604305903117,71
4,1,2,0.8855637669563293,71
4,2,3,0.89091876745224,71
4,3,4,0.9038953026135762,71
4,4,5,0.922183891137441,71
4,5,6,0.9231341520945231,71
4,6,7,0.8891821106274923,71
4,7,8,0.9004029750823974,71
4,8,9,0.9052683671315511,71
4,9,10,0.882615327835083,71
5,1,2,0.8686073342959086,71
5,2,3,0.8558741688728333,71
5,3,4,0.8825972159703572,71
5,4,5,0.9083195487658183,71
5,5,6,0.9072722832361857,71
5,6,7,0.8717450936635335,71
5,7,8,0.8579100092252095,71
5,8,9,0.8271943211555481,71
5,9,10,0.8841975132624308,71
6,1,2,0.8518125534057617,71
6,2,3,0.8259173154830932,71
6,3,4,0.8565445065498352,71
6,4,5,0.8919072230656941,71
6,5,6,0.8739127715428671,71
6,6,7,0.8412926197052002,71
6,7,8,0.87993217309316,71
6,8,9,0.8662887771924337,71
6,9,10,0.8608177582422892,71
7,1,2,0.8482194463411967,71
7,2,3,0.79470241467158,71
7,3,4,0.8330279072125752,71
7,4,5,0.8800492445627849,71
7,5,6,0.85349094470342,71
7,6,7,0.8168768127759297,71
7,7,8,0.8668974717458089,71
7,8,9,0.8765032927195231,71
7,9,10,0.843583341439565,71
8,1,2,0.8593064586321513,71
8,2,3,0.7967572887738545,71
8,3,4,0.8267703533172608,71
8,4,5,0.8432242314020792,71
8,5,6,0.8478700757026673,71
8,6,7,0.8189343810081482,71
8,7,8,0.8522445559501648,71
8,8,9,0.895020318031311,71
8,9,10,0.8533995389938355,71
9,1,2,0.8083533485730489,71
9,2,3,0.6997004012266795,71
9,3,4,0.779812769095103,71
9,4,5,0.7907012502352396,71
9,5,6,0.847329318523407,71
9,6,7,0.8556658267974854,71
9,7,8,0.8543495535850525,71
9,8,9,0.8825180610020955,71
9,9,10,0.7994569738705953,71
10,1,2,0.7943775653839111,71
10,2,3,0.6566233019034068,71
10,3,4,0.7367464760939281,71
10,4,5,0.8048572262128194,71
10,5,6,0.7997932513554891,71
10,6,7,0.7898614645004273,71
10,7,8,0.8338131705919901,71
10,8,9,0.7615615367889405,71
10,9,10,0.811234692732493,71
11,1,2,0.3905455549558004,71
11,2,3,0.32432323743899666,71
11,3,4,0.6353996569911639,71
11,4,5,0.8512977917989095,71
11,5,6,0.8443397005399068,71
11,6,7,0.8020966569582622,71
11,7,8,0.6502734382947286,71
11,8,9,0.6086710944771767,71
11,9,10,0.5289714716374874,71
0,1,2,0.9735842347145081,72
0,2,3,0.9745302557945251,72
0,3,4,0.9750152587890625,72
0,4,5,0.9741208354632059,72
0,5,6,0.9602809151013693,72
0,6,7,0.9221727410952251,72
0,7,8,0.9392974138259887,72
0,8,9,0.9736625949541727,72
0,9,10,0.9668331027030945,72
1,1,2,0.9241441329320271,72
1,2,3,0.9256598631540934,72
1,3,4,0.9237744569778442,72
1,4,5,0.9338681856791179,72
1,5,6,0.9305373152097066,72
1,6,7,0.9149191737174988,72
1,7,8,0.9396984736124675,72
1,8,9,0.9260329643885294,72
1,9,10,0.9287956118583679,72
2,1,2,0.9097358584403992,72
2,2,3,0.911364225546519,72
2,3,4,0.9134720166524252,72
2,4,5,0.9282502015431722,72
2,5,6,0.9171294331550598,72
2,6,7,0.8966978192329407,72
2,7,8,0.9168938477834065,72
2,8,9,0.9201214075088501,72
2,9,10,0.9088795105616252,72
3,1,2,0.8883797605832418,72
3,2,3,0.892159350713094,72
3,3,4,0.9008111635843913,72
3,4,5,0.9168759465217591,72
3,5,6,0.9121952692667643,72
3,6,7,0.8601570526758829,72
3,7,8,0.8739670197168986,72
3,8,9,0.9175871729850769,72
3,9,10,0.8691793958346049,72
4,1,2,0.8843270937601725,72
4,2,3,0.8900690873463949,72
4,3,4,0.8977151075998943,72
4,4,5,0.9188418904940288,72
4,5,6,0.9203480958938599,72
4,6,7,0.8804847319920858,72
4,7,8,0.8945104996363322,72
4,8,9,0.9141353011131287,72
4,9,10,0.8754895766576131,72
5,1,2,0.8571080803871155,72
5,2,3,0.8579730987548828,72
5,3,4,0.8794559756914775,72
5,4,5,0.9072480877240499,72
5,5,6,0.9037063320477804,72
5,6,7,0.8603070696194967,72
5,7,8,0.8643587509791056,72
5,8,9,0.8467285513877869,72
5,9,10,0.8742746671040853,72
6,1,2,0.831890074412028,72
6,2,3,0.8255986134211223,72
6,3,4,0.8584042549133301,72
6,4,5,0.8947568655014038,72
6,5,6,0.8745864351590474,72
6,6,7,0.8473389506340027,72
6,7,8,0.8712908903757731,72
6,8,9,0.8693009932835897,72
6,9,10,0.8491985082626343,72
7,1,2,0.8520490090052287,72
7,2,3,0.8166174014409383,72
7,3,4,0.8421120365460714,72
7,4,5,0.8781947612762451,72
7,5,6,0.8385839899381001,72
7,6,7,0.823208196957906,72
7,7,8,0.8644231557846069,72
7,8,9,0.8803933183352153,72
7,9,10,0.8467130223910014,72
8,1,2,0.8586204965909322,72
8,2,3,0.8068610032399496,72
8,3,4,0.8362148443857829,72
8,4,5,0.8599600593249003,72
8,5,6,0.8449701428413391,72
8,6,7,0.8215314984321594,72
8,7,8,0.8534902453422546,72
8,8,9,0.9052307923634847,72
8,9,10,0.8704720934232076,72
9,1,2,0.7648935755093892,72
9,2,3,0.699025712410609,72
9,3,4,0.8063925226529439,72
9,4,5,0.7990055123964945,72
9,5,6,0.8329258958498637,72
9,6,7,0.8398062745730083,72
9,7,8,0.8508928894996644,72
9,8,9,0.8784066557884216,72
9,9,10,0.8295497099558512,72
10,1,2,0.7825013200441996,72
10,2,3,0.680707041422526,72
10,3,4,0.819663933912913,72
10,4,5,0.8077663064002991,72
10,5,6,0.8730246345202128,72
10,6,7,0.8621726592381795,72
10,7,8,0.859712298711141,72
10,8,9,0.8126390973726908,72
10,9,10,0.7918519735336303,72
11,1,2,0.27197648386160533,72
11,2,3,0.4458073983589808,72
11,3,4,0.8447621822357178,72
11,4,5,0.8454393188158671,72
11,5,6,0.8182203491528829,72
11,6,7,0.8192999760309855,72
11,7,8,0.666874361038208,72
11,8,9,0.7303870916366577,72
11,9,10,0.6955529848734537,72
0,1,2,0.9729628880818685,73
0,2,3,0.9763983368873597,73
0,3,4,0.9733633875846863,73
0,4,5,0.9683497627576192,73
0,5,6,0.9675430178642273,73
0,6,7,0.9285238107045491,73
0,7,8,0.9402585744857788,73
0,8,9,0.9733942310015361,73
0,9,10,0.965895664691925,73
1,1,2,0.9165959119796753,73
1,2,3,0.9223629872004191,73
1,3,4,0.9180564800898234,73
1,4,5,0.9215312719345092,73
1,5,6,0.9335890769958496,73
1,6,7,0.9152613520622254,73
1,7,8,0.9370334386825562,73
1,8,9,0.9198068976402283,73
1,9,10,0.9231384833653767,73
2,1,2,0.9024768312772115,73
2,2,3,0.9094473878542583,73
2,3,4,0.9135292887687683,73
2,4,5,0.9193969289461772,73
2,5,6,0.9169080416361491,73
2,6,7,0.9008168816566468,73
2,7,8,0.9123284618059794,73
2,8,9,0.9117561260859172,73
2,9,10,0.9007002313931783,73
3,1,2,0.8821860512097677,73
3,2,3,0.8909599343935649,73
3,3,4,0.8982945561408997,73
3,4,5,0.9101651628812154,73
3,5,6,0.9107075889905294,73
3,6,7,0.8570573091506958,73
3,7,8,0.8649044712384542,73
3,8,9,0.9075452287991842,73
3,9,10,0.8605571746826172,73
4,1,2,0.8760851740837097,73
4,2,3,0.8895833253860473,73
4,3,4,0.8945228020350139,73
4,4,5,0.9136510014533996,73
4,5,6,0.916790227095286,73
4,6,7,0.8803886453310649,73
4,7,8,0.886533252398173,73
4,8,9,0.9040396253267924,73
4,9,10,0.868104342619578,73
5,1,2,0.8483291387557983,73
5,2,3,0.8606622099876404,73
5,3,4,0.8774014751116435,73
5,4,5,0.9038131674130757,73
5,5,6,0.904764982064565,73
5,6,7,0.8706876118977864,73
5,7,8,0.8463650147120158,73
5,8,9,0.8110244750976563,73
5,9,10,0.8653319994608561,73
6,1,2,0.8343823631604512,73
6,2,3,0.8416720708211263,73
6,3,4,0.8604328195254008,73
6,4,5,0.8933085282643636,73
6,5,6,0.8701492031415303,73
6,6,7,0.8562440117200215,73
6,7,8,0.8729567766189575,73
6,8,9,0.8548140565554301,73
6,9,10,0.8462509036064148,73
7,1,2,0.857381268342336,73
7,2,3,0.8347764531771342,73
7,3,4,0.8498377958933513,73
7,4,5,0.8751351833343506,73
7,5,6,0.8437435269355774,73
7,6,7,0.8269346316655477,73
7,7,8,0.858860448996226,73
7,8,9,0.8720546921094259,73
7,9,10,0.8477997859319051,73
8,1,2,0.860832671324412,73
8,2,3,0.8171785155932109,73
8,3,4,0.8407779852549235,73
8,4,5,0.8486125270525614,73
8,5,6,0.8406289259592692,73
8,6,7,0.8268130580584209,73
8,7,8,0.844825251897176,73
8,8,9,0.8986348072687785,73
8,9,10,0.8534248113632202,73
9,1,2,0.820436934630076,73
9,2,3,0.7522368868192036,73
9,3,4,0.8050521453221638,73
9,4,5,0.7945395628611247,73
9,5,6,0.8333630283673604,73
9,6,7,0.8353330930074055,73
9,7,8,0.840977946917216,73
9,8,9,0.873542316754659,73
9,9,10,0.7936778426170349,73
10,1,2,0.8225579778353374,73
10,2,3,0.7470319747924805,73
10,3,4,0.7994904120763143,73
10,4,5,0.7874081611633301,73
10,5,6,0.8162534435590109,73
10,6,7,0.8022831996281942,73
10,7,8,0.8341529289881389,73
10,8,9,0.7745828588803609,73
10,9,10,0.766233499844869,73
11,1,2,0.4641859084367752,73
11,2,3,0.5936455304423968,73
11,3,4,0.8225437045097351,73
11,4,5,0.8449082930882772,73
11,5,6,0.837028193473816,73
11,6,7,0.7886404474576314,73
11,7,8,0.5527965371807416,73
11,8,9,0.6497704605261485,73
11,9,10,0.5734414021174113,73
0,1,2,0.9749119111469814,74
0,2,3,0.9746948480606079,74
0,3,4,0.9754592946597508,74
0,4,5,0.9747012115660167,74
0,5,6,0.9617842748051598,74
0,6,7,0.9288289745648702,74
0,7,8,0.9414429692994981,74
0,8,9,0.9751862173988706,74
0,9,10,0.9688037293297904,74
1,1,2,0.9215612496648516,74
1,2,3,0.9264196980567205,74
1,3,4,0.9301316709745497,74
1,4,5,0.9367110842750186,74
1,5,6,0.9350247212818691,74
1,6,7,0.9230516723224095,74
1,7,8,0.9425058733849299,74
1,8,9,0.9277063551403227,74
1,9,10,0.9325801446324303,74
2,1,2,0.9080073123886472,74
2,2,3,0.9137082752727327,74
2,3,4,0.9220937064715794,74
2,4,5,0.9298855151448931,74
2,5,6,0.9251668169384911,74
2,6,7,0.9071359435717264,74
2,7,8,0.922176874819256,74
2,8,9,0.9202481990768796,74
2,9,10,0.9155520371028355,74
3,1,2,0.8919721813428969,74
3,2,3,0.8962262698582241,74
3,3,4,0.9107054585502261,74
3,4,5,0.918947092124394,74
3,5,6,0.91985042038418,74
3,6,7,0.8720242494628543,74
3,7,8,0.8792398401669094,74
3,8,9,0.9162541457584926,74
3,9,10,0.8774841853550502,74
4,1,2,0.8908051053682963,74
4,2,3,0.8941594788006374,74
4,3,4,0.9042519160679409,74
4,4,5,0.9182174830209642,74
4,5,6,0.9261644227164132,74
4,6,7,0.8899169337181818,74
4,7,8,0.8979297592526391,74
4,8,9,0.9106590861365909,74
4,9,10,0.8834853739965529,74
5,1,2,0.8696331268265134,74
5,2,3,0.8633488019307455,74
5,3,4,0.8859231358482724,74
5,4,5,0.9057312948363168,74
5,5,6,0.9100028020995004,74
5,6,7,0.8743379712104797,74
5,7,8,0.8764237278983706,74
5,8,9,0.8575891540164039,74
5,9,10,0.8836273267155602,74
6,1,2,0.8432483559563047,74
6,2,3,0.8250869540941148,74
6,3,4,0.8657765927768889,74
6,4,5,0.8877303969292414,74
6,5,6,0.8815619746843973,74
6,6,7,0.8513973241760617,74
6,7,8,0.87626599414008,74
6,8,9,0.8712251356669835,74
6,9,10,0.8554640043349493,74
7,1,2,0.8549218206178575,74
7,2,3,0.8142630826859247,74
7,3,4,0.8420741103944325,74
7,4,5,0.8718496958414713,74
7,5,6,0.8499365051587423,74
7,6,7,0.8335990196182614,74
7,7,8,0.8666564197767348,74
7,8,9,0.8797775279907953,74
7,9,10,0.8502271203767686,74
8,1,2,0.8645159261567252,74
8,2,3,0.808447139603751,74
8,3,4,0.835831241948264,74
8,4,5,0.8495813040506273,74
8,5,6,0.8463949986866542,74
8,6,7,0.824191323348454,74
8,7,8,0.8526814381281534,74
8,8,9,0.896024553548722,74
8,9,10,0.8708424681708926,74
9,1,2,0.7772850223949977,74
9,2,3,0.6946029336679549,74
9,3,4,0.796139052936009,74
9,4,5,0.783453521274385,74
9,5,6,0.8316185587928409,74
9,6,7,0.853616422130948,74
9,7,8,0.853802136012486,74
9,8,9,0.8816182102475848,74
9,9,10,0.8259652597563607,74
10,1,2,0.7857585776419866,74
10,2,3,0.6535897439434415,74
10,3,4,0.769167069877897,74
10,4,5,0.7783773768515814,74
10,5,6,0.8495359449159532,74
10,6,7,0.8579980986458915,74
10,7,8,0.8608954066321963,74
10,8,9,0.8143074058351063,74
10,9,10,0.8412576204254514,74
11,1,2,0.3125322697063287,74
11,2,3,0.3109623821718352,74
11,3,4,0.6621135267473403,74
11,4,5,0.8510715308643523,74
11,5,6,0.8554190624327886,74
11,6,7,0.8239825367927551,74
11,7,8,0.6613329109691438,74
11,8,9,0.7065426015428135,74
11,9,10,0.6364932740550666,74
0,1,2,0.9728341036372714,75
0,2,3,0.974223867058754,75
0,3,4,0.9743077937099669,75
0,4,5,0.9734033495187759,75
0,5,6,0.9632700565788481,75
0,6,7,0.9302106267876096,75
0,7,8,0.9428205688794454,75
0,8,9,0.9753159400489595,75
0,9,10,0.9682080729140176,75
1,1,2,0.9215482026338577,75
1,2,3,0.9290784862306383,75
1,3,4,0.9290207856231265,75
1,4,5,0.9353968219624625,75
1,5,6,0.9345065918233659,75
1,6,7,0.9218530936373605,75
1,7,8,0.9414559453725815,75
1,8,9,0.928291991353035,75
1,9,10,0.9330287145243751,75
2,1,2,0.9099945194191403,75
2,2,3,0.9165828062428368,75
2,3,4,0.9216355764203601,75
2,4,5,0.9275782456000646,75
2,5,6,0.9229151805241903,75
2,6,7,0.9039614746967951,75
2,7,8,0.9193009916279051,75
2,8,9,0.9197932531436285,75
2,9,10,0.9149283435609605,75
3,1,2,0.8930352429548899,75
3,2,3,0.8986131714449989,75
3,3,4,0.907529205083847,75
3,4,5,0.9186094750960668,75
3,5,6,0.9183331231276194,75
3,6,7,0.8687668161259757,75
3,7,8,0.8781230449676514,75
3,8,9,0.9146984020868937,75
3,9,10,0.877265171872245,75
4,1,2,0.8898756189478768,75
4,2,3,0.8960954911179013,75
4,3,4,0.9014263103405634,75
4,4,5,0.9190983010662926,75
4,5,6,0.9233656889862485,75
4,6,7,0.8876700186067157,75
4,7,8,0.8950906760162778,75
4,8,9,0.9095793267091116,75
4,9,10,0.8833284990655051,75
5,1,2,0.8665435413519541,75
5,2,3,0.8666699479023615,75
5,3,4,0.8836147851414151,75
5,4,5,0.9075135274065865,75
5,5,6,0.9101791630188624,75
5,6,7,0.8760135471820831,75
5,7,8,0.8590606649716696,75
5,8,9,0.8371717582146326,75
5,9,10,0.8818556434578366,75
6,1,2,0.84786889453729,75
6,2,3,0.8376923468377855,75
6,3,4,0.8654984616571002,75
6,4,5,0.8923927595218023,75
6,5,6,0.8805880198876063,75
6,6,7,0.8564169605573019,75
6,7,8,0.8780741608805127,75
6,8,9,0.869857617550426,75
6,9,10,0.8579338639974594,75
7,1,2,0.857402601175838,75
7,2,3,0.8230008333921432,75
7,3,4,0.8459030919604831,75
7,4,5,0.8766244368420707,75
7,5,6,0.8560349063740836,75
7,6,7,0.8317373146613439,75
7,7,8,0.8662751068671545,75
7,8,9,0.8788320057921939,75
7,9,10,0.8490808291567696,75
8,1,2,0.8638649781545004,75
8,2,3,0.8105038735601637,75
8,3,4,0.8386150962776608,75
8,4,5,0.8553081684642367,75
8,5,6,0.8505811459488339,75
8,6,7,0.8245490392049154,75
8,7,8,0.8552505589193768,75
8,8,9,0.8983840644359589,75
8,9,10,0.8617004470692741,75
9,1,2,0.8010355002350278,75
9,2,3,0.7215374492936664,75
9,3,4,0.7982886284589767,75
9,4,5,0.7951657325029373,75
9,5,6,0.841417478190528,75
9,6,7,0.8493837465842565,75
9,7,8,0.8556033455663257,75
9,8,9,0.8831811828745736,75
9,9,10,0.8192449460426966,75
10,1,2,0.8000935928689109,75
10,2,3,0.6832556914952066,75
10,3,4,0.7670014392998483,75
10,4,5,0.7965191288126839,75
10,5,6,0.8290088441636827,75
10,6,7,0.8244156589110693,75
10,7,8,0.8476671576499939,75
10,8,9,0.7937587002913157,75
10,9,10,0.7954648849036958,75
11,1,2,0.4238619701936841,75
11,2,3,0.40233094721204704,75
11,3,4,0.7083749568296803,75
11,4,5,0.8692360669374466,75
11,5,6,0.8488122142023511,75
11,6,7,0.804309336675538,75
11,7,8,0.6771361440834072,75
11,8,9,0.6491188756707642,75
11,9,10,0.5903216061803201,75
0,1,2,0.9750488599141439,76
0,2,3,0.9747819821039836,76
0,3,4,0.9721197923024495,76
0,4,5,0.9756052851676941,76
0,5,6,0.9583271900812785,76
0,6,7,0.9190031131108601,76
0,7,8,0.9384712457656861,76
0,8,9,0.9747398018836975,76
0,9,10,0.9690329432487488,76
1,1,2,0.9250888069470723,76
1,2,3,0.9289458990097046,76
1,3,4,0.925336492061615,76
1,4,5,0.9377672672271729,76
1,5,6,0.9277561028798421,76
1,6,7,0.9128631631533305,76
1,7,8,0.9384063839912414,76
1,8,9,0.9251384814580281,76
1,9,10,0.9322115063667298,76
2,1,2,0.9117745836575826,76
2,2,3,0.9138858914375305,76
2,3,4,0.919162635008494,76
2,4,5,0.9330828030904134,76
2,5,6,0.9164865056673686,76
2,6,7,0.8983829379081726,76
2,7,8,0.9182591676712036,76
2,8,9,0.9174285531044006,76
2,9,10,0.9169369578361511,76
3,1,2,0.8904358704884847,76
3,2,3,0.8979022939999898,76
3,3,4,0.9085987448692322,76
3,4,5,0.9254481514294942,76
3,5,6,0.9150044600168864,76
3,6,7,0.866602381070455,76
3,7,8,0.879833980401357,76
3,8,9,0.9148130416870117,76
3,9,10,0.8808493057886759,76
4,1,2,0.8873645504315694,76
4,2,3,0.8958822409311931,76
4,3,4,0.904106330871582,76
4,4,5,0.9251471916834514,76
4,5,6,0.9189245343208313,76
4,6,7,0.8853702902793884,76
4,7,8,0.8981288472811381,76
4,8,9,0.9108325322469075,76
4,9,10,0.8823216835657756,76
5,1,2,0.8653767069180807,76
5,2,3,0.8685548901557922,76
5,3,4,0.8856812040011088,76
5,4,5,0.9115518252054851,76
5,5,6,0.9082633972167968,76
5,6,7,0.8773915847142537,76
5,7,8,0.8567641297976176,76
5,8,9,0.8346754948298136,76
5,9,10,0.8830849130948385,76
6,1,2,0.8502153436342875,76
6,2,3,0.8445291320482889,76
6,3,4,0.8642428914705912,76
6,4,5,0.8937487641970316,76
6,5,6,0.8805975914001465,76
6,6,7,0.8582843859990438,76
6,7,8,0.8781674901644388,76
6,8,9,0.8654150009155274,76
6,9,10,0.8609499573707581,76
7,1,2,0.8598117589950561,76
7,2,3,0.8309231400489807,76
7,3,4,0.8539182027180989,76
7,4,5,0.8829911947250366,76
7,5,6,0.8589606324831645,76
7,6,7,0.8363656838734944,76
7,7,8,0.8676848928133647,76
7,8,9,0.8792311747868856,76
7,9,10,0.8354140202204386,76
8,1,2,0.8608730872472127,76
8,2,3,0.8160339236259461,76
8,3,4,0.8393301328023275,76
8,4,5,0.8633870919545491,76
8,5,6,0.8556480050086975,76
8,6,7,0.8251479943593343,76
8,7,8,0.8568583488464355,76
8,8,9,0.9034992893536885,76
8,9,10,0.8561305205027262,76
9,1,2,0.8105048576990763,76
9,2,3,0.7476878603299458,76
9,3,4,0.8057374159495035,76
9,4,5,0.8049156188964843,76
9,5,6,0.8474400838216146,76
9,6,7,0.8560920039812724,76
9,7,8,0.8613442460695903,76
9,8,9,0.8851906299591065,76
9,9,10,0.8113813519477844,76
10,1,2,0.8096007188161214,76
10,2,3,0.692926577727,76
10,3,4,0.8021186908086141,76
10,4,5,0.8257831652959188,76
10,5,6,0.8365627725919088,76
10,6,7,0.8209232052167257,76
10,7,8,0.8497902949651083,76
10,8,9,0.7912300666173299,76
10,9,10,0.773736572265625,76
11,1,2,0.3765833914279938,76
11,2,3,0.417600146929423,76
11,3,4,0.8257557193438212,76
11,4,5,0.8544601957003276,76
11,5,6,0.8421122749646505,76
11,6,7,0.7992923895517985,76
11,7,8,0.6618473768234253,76
11,8,9,0.6855278174082439,76
11,9,10,0.6139131724834442,76
0,1,2,0.9750618877865019,77
0,2,3,0.9752653354690188,77
0,3,4,0.972762317884536,77
0,4,5,0.9756511563346499,77
0,5,6,0.9626765109243847,77
0,6,7,0.9269475255693708,77
0,7,8,0.9412019224393935,77
0,8,9,0.9769440775825864,77
0,9,10,0.9712672971543812,77
1,1,2,0.9214852310362316,77
1,2,3,0.9290251107442946,77
1,3,4,0.927713257925851,77
1,4,5,0.937965194384257,77
1,5,6,0.9332999814124334,77
1,6,7,0.9193781273705619,77
1,7,8,0.9405220434779212,77
1,8,9,0.9268176498867217,77
1,9,10,0.9347562534468514,77
2,1,2,0.9098291368711562,77
2,2,3,0.9163843194643656,77
2,3,4,0.9246987586929685,77
2,4,5,0.9326116669745672,77
2,5,6,0.9227871838070097,77
2,6,7,0.9041610672360375,77
2,7,8,0.919836299760001,77
2,8,9,0.9180218492235456,77
2,9,10,0.9198869864145914,77
3,1,2,0.8945366002264477,77
3,2,3,0.9012957839738756,77
3,3,4,0.9122009703091213,77
3,4,5,0.9244472866966611,77
3,5,6,0.9192730528967721,77
3,6,7,0.8710681625774929,77
3,7,8,0.8814383007231212,77
3,8,9,0.9131278055054801,77
3,9,10,0.8819410431952703,77
4,1,2,0.8919927335920788,77
4,2,3,0.8988697443689618,77
4,3,4,0.905240189461481,77
4,4,5,0.9236005800110954,77
4,5,6,0.9231628747213454,77
4,6,7,0.8902684733981178,77
4,7,8,0.8978913142567589,77
4,8,9,0.9090990083558219,77
4,9,10,0.8862964567683992,77
5,1,2,0.8720432917277018,77
5,2,3,0.8744312978926159,77
5,3,4,0.8872706975255694,77
5,4,5,0.9111119281677973,77
5,5,6,0.91337936265128,77
5,6,7,0.8851715496608189,77
5,7,8,0.8514675526391893,77
5,8,9,0.8270373713402521,77
5,9,10,0.8860293740317935,77
6,1,2,0.858022499652136,77
6,2,3,0.8516440874054318,77
6,3,4,0.8696917181923276,77
6,4,5,0.8924167014303661,77
6,5,6,0.8834676118124098,77
6,6,7,0.8666129537991115,77
6,7,8,0.8801566930044264,77
6,8,9,0.8665046947343009,77
6,9,10,0.8625986178716024,77
7,1,2,0.8652423960821969,77
7,2,3,0.8419776871090844,77
7,3,4,0.8565082209450858,77
7,4,5,0.8797772044227237,77
7,5,6,0.8671099884169442,77
7,6,7,0.8422769818987165,77
7,7,8,0.8688102478072757,77
7,8,9,0.8778569556417919,77
7,9,10,0.8438526051385062,77
8,1,2,0.8665462703931899,77
8,2,3,0.8246300248872667,77
8,3,4,0.8472792137236822,77
8,4,5,0.8607953219186693,77
8,5,6,0.8546160771733239,77
8,6,7,0.8277623341197059,77
8,7,8,0.8563121017955598,77
8,8,9,0.8980815836361477,77
8,9,10,0.8556815641266959,77
9,1,2,0.8234255342256456,77
9,2,3,0.7571307761328561,77
9,3,4,0.8018525498253959,77
9,4,5,0.8007503549257914,77
9,5,6,0.8500459960528782,77
9,6,7,0.858006565343766,77
9,7,8,0.8607768302872068,77
9,8,9,0.8836949836640131,77
9,9,10,0.8100867015974862,77
10,1,2,0.8132241339910597,77
10,2,3,0.7073097583793458,77
10,3,4,0.7590086743945167,77
10,4,5,0.8019291020575023,77
10,5,6,0.815670541354588,77
10,6,7,0.8137070479847136,77
10,7,8,0.8485637647765023,77
10,8,9,0.7809971400669643,77
10,9,10,0.780114716007596,77
11,1,2,0.483223355419579,77
11,2,3,0.4052373043128422,77
11,3,4,0.6781890243291855,77
11,4,5,0.8590686633473351,77
11,5,6,0.8613415956497192,77
11,6,7,0.788435351280939,77
11,7,8,0.6601567683475358,77
11,8,9,0.6124488072735923,77
11,9,10,0.5442292533282723,77
0,1,2,0.9726820985476176,78
0,2,3,0.9722860415776571,78
0,3,4,0.9760562578837076,78
0,4,5,0.9744027455647787,78
0,5,6,0.9589182217915853,78
0,6,7,0.9317026654879252,78
0,7,8,0.9421248316764832,78
0,8,9,0.9726166009902955,78
0,9,10,0.9654651920000712,78
1,1,2,0.9154049317042033,78
1,2,3,0.9203396598498027,78
1,3,4,0.9348585605621338,78
1,4,5,0.9386488556861877,78
1,5,6,0.9340694387753804,78
1,6,7,0.9287960688273112,78
1,7,8,0.9414494911829631,78
1,8,9,0.9254189014434815,78
1,9,10,0.9288463234901428,78
2,1,2,0.8996904889742533,78
2,2,3,0.9111838738123575,78
2,3,4,0.9200817704200744,78
2,4,5,0.9283363342285156,78
2,5,6,0.922973652680715,78
2,6,7,0.9102757056554158,78
2,7,8,0.9209135293960571,78
2,8,9,0.9174096544583639,78
2,9,10,0.9115498026212057,78
3,1,2,0.8828897436459859,78
3,2,3,0.8966175039609273,78
3,3,4,0.9083504160245259,78
3,4,5,0.9158175627390543,78
3,5,6,0.9173088351885478,78
3,6,7,0.8737096269925435,78
3,7,8,0.8755204439163208,78
3,8,9,0.9147497574488322,78
3,9,10,0.8726440946261088,78
4,1,2,0.8827878355979919,78
4,2,3,0.8949815591176351,78
4,3,4,0.9009186347325643,78
4,4,5,0.9162996252377827,78
4,5,6,0.9217056671778361,78
4,6,7,0.8926688671112061,78
4,7,8,0.8953163862228394,78
4,8,9,0.9092984676361084,78
4,9,10,0.8770838737487793,78
5,1,2,0.8650397300720215,78
5,2,3,0.8725309491157531,78
5,3,4,0.8860168695449829,78
5,4,5,0.9054227590560913,78
5,5,6,0.9097244898478191,78
5,6,7,0.8818458636601766,78
5,7,8,0.8720662871996562,78
5,8,9,0.8565569639205932,78
5,9,10,0.87870268424352,78
6,1,2,0.850811227162679,78
6,2,3,0.8485332369804383,78
6,3,4,0.8671012202898661,78
6,4,5,0.886844539642334,78
6,5,6,0.8863322496414184,78
6,6,7,0.8555423657099406,78
6,7,8,0.8815828879674276,78
6,8,9,0.8773075540860494,78
6,9,10,0.8537746906280518,78
7,1,2,0.8662432273228963,78
7,2,3,0.8475062568982442,78
7,3,4,0.8546900033950806,78
7,4,5,0.8780358036359152,78
7,5,6,0.8691955765088399,78
7,6,7,0.8594329198201497,78
7,7,8,0.8684056838353474,78
7,8,9,0.8839265704154968,78
7,9,10,0.8579345186551411,78
8,1,2,0.862144402662913,78
8,2,3,0.8264873862266541,78
8,3,4,0.8323580106099446,78
8,4,5,0.8567659656206766,78
8,5,6,0.8484187960624695,78
8,6,7,0.8310632149378459,78
8,7,8,0.8579911073048909,78
8,8,9,0.8927861015001933,78
8,9,10,0.8701939582824707,78
9,1,2,0.8219786604245504,78
9,2,3,0.7572922229766845,78
9,3,4,0.7873002171516419,78
9,4,5,0.8012163122495015,78
9,5,6,0.8234569311141968,78
9,6,7,0.8495825091997783,78
9,7,8,0.8506307125091552,78
9,8,9,0.8811705072720846,78
9,9,10,0.8215061465899149,78
10,1,2,0.8018933812777201,78
10,2,3,0.6941852807998657,78
10,3,4,0.7594311197598775,78
10,4,5,0.7795759757359823,78
10,5,6,0.8352891604105631,78
10,6,7,0.8479308724403382,78
10,7,8,0.8723462820053101,78
10,8,9,0.8049145420392354,78
10,9,10,0.8403438369433085,78
11,1,2,0.3731928341090679,78
11,2,3,0.3272926703095436,78
11,3,4,0.6473353460431099,78
11,4,5,0.9128822843233745,78
11,5,6,0.8518077214558919,78
11,6,7,0.8414092580477397,78
11,7,8,0.6845661838849385,78
11,8,9,0.7026196549336116,78
11,9,10,0.6311027344316245,78
0,1,2,0.9716176688671112,79
0,2,3,0.9726188416991915,79
0,3,4,0.9735073340790612,79
0,4,5,0.9733559297663825,79
0,5,6,0.9614019926105227,79
0,6,7,0.9281934372016362,79
0,7,8,0.9424465468951634,79
0,8,9,0.9735908061265945,79
0,9,10,0.9662909827062062,79
1,1,2,0.9210785946675709,79
1,2,3,0.9273862412997654,79
1,3,4,0.9285713540656226,79
1,4,5,0.9357707181147167,79
1,5,6,0.9337224193981716,79
1,6,7,0.921670098389898,79
1,7,8,0.9413099650825772,79
1,8,9,0.9292634044374738,79
1,9,10,0.9327296763658524,79
2,1,2,0.9104228466749191,79
2,2,3,0.917053182210241,79
2,3,4,0.9188120769602912,79
2,4,5,0.9280360085623605,79
2,5,6,0.9221037966864449,79
2,6,7,0.9037886730262211,79
2,7,8,0.9193886412041528,79
2,8,9,0.9197855144739151,79
2,9,10,0.9148323110171727,79
3,1,2,0.8908410753522601,79
3,2,3,0.900162181683949,79
3,3,4,0.9060602677719933,79
3,4,5,0.9205592274665833,79
3,5,6,0.9194199102265495,79
3,6,7,0.8718006823744092,79
3,7,8,0.8796588225024087,79
3,8,9,0.916200224842344,79
3,9,10,0.879055951322828,79
4,1,2,0.8880296753985542,79
4,2,3,0.8984319120645523,79
4,3,4,0.9006195153508868,79
4,4,5,0.9207347844328199,79
4,5,6,0.9227002135344914,79
4,6,7,0.8902279734611511,79
4,7,8,0.8972958390201841,79
4,8,9,0.9112430193594524,79
4,9,10,0.884518467954227,79
5,1,2,0.8656151614018849,79
5,2,3,0.8727551613535199,79
5,3,4,0.8837830935205732,79
5,4,5,0.9084227808884212,79
5,5,6,0.9100011885166168,79
5,6,7,0.8810683914593288,79
5,7,8,0.8569720664194652,79
5,8,9,0.8411661003317151,79
5,9,10,0.8842597433498928,79
6,1,2,0.8515931559460503,79
6,2,3,0.8490759219442096,79
6,3,4,0.8641864423240934,79
6,4,5,0.893590265086719,79
6,5,6,0.8832293557269233,79
6,6,7,0.8655310762780053,79
6,7,8,0.879091603415353,79
6,8,9,0.8738606955323901,79
6,9,10,0.8609978471483503,79
7,1,2,0.864440381526947,79
7,2,3,0.8414906454937798,79
7,3,4,0.8514971456357411,79
7,4,5,0.8817377984523773,79
7,5,6,0.8644191516297204,79
7,6,7,0.8459683167082923,79
7,7,8,0.8681351499898093,79
7,8,9,0.8805504803146634,79
7,9,10,0.8503828325441906,79
8,1,2,0.8630030708653587,79
8,2,3,0.8245848012822015,79
8,3,4,0.8394269325903484,79
8,4,5,0.8613267668655941,79
8,5,6,0.860611936875752,79
8,6,7,0.8299567082098552,79
8,7,8,0.8567118580852237,79
8,8,9,0.9001831603901727,79
8,9,10,0.8607304585831506,79
9,1,2,0.8206925285714013,79
9,2,3,0.7641093965087619,79
9,3,4,0.7938061611992973,79
9,4,5,0.8084505540984017,79
9,5,6,0.8427782888923373,79
9,6,7,0.8476785165922982,79
9,7,8,0.8557281515427998,79
9,8,9,0.8832137137651443,79
9,9,10,0.8190799142633166,79
10,1,2,0.808969823377473,79
10,2,3,0.7047278231808117,79
10,3,4,0.7607707998582295,79
10,4,5,0.8208322503737041,79
10,5,6,0.8247564775603158,79
10,6,7,0.8208145797252655,79
10,7,8,0.8522966759545463,79
10,8,9,0.7880109569856099,79
10,9,10,0.7894672112805503,79
11,1,2,0.4648019527750356,79
11,2,3,0.4551682983125959,79
11,3,4,0.6881686425102609,79
11,4,5,0.8676289213555199,79
11,5,6,0.8587179737431663,79
11,6,7,0.8038634593997683,79
11,7,8,0.6916324538843972,79
11,8,9,0.6605899073183537,79
11,9,10,0.5981584873848728,79
0,1,2,0.9724387049674987,80
0,2,3,0.9748068988323212,80
0,3,4,0.9747190177440643,80
0,4,5,0.9744869589805603,80
0,5,6,0.9608902871608734,80
0,6,7,0.9279997169971466,80
0,7,8,0.947480708360672,80
0,8,9,0.9744025707244873,80
0,9,10,0.970530492067337,80
1,1,2,0.9266810178756714,80
1,2,3,0.9351342201232911,80
1,3,4,0.9349592626094818,80
1,4,5,0.942798501253128,80
1,5,6,0.9310501754283905,80
1,6,7,0.9187058925628662,80
1,7,8,0.9422013759613037,80
1,8,9,0.9261335015296936,80
1,9,10,0.9347169816493988,80
2,1,2,0.909749972820282,80
2,2,3,0.9149448573589325,80
2,3,4,0.9223309636116028,80
2,4,5,0.9317258358001709,80
2,5,6,0.9187014520168304,80
2,6,7,0.9032679259777069,80
2,7,8,0.9215105533599853,80
2,8,9,0.9184060275554657,80
2,9,10,0.9147511124610901,80
3,1,2,0.8854262173175812,80
3,2,3,0.8947449684143066,80
3,3,4,0.9049766421318054,80
3,4,5,0.9215892553329468,80
3,5,6,0.9165980458259583,80
3,6,7,0.8678112983703613,80
3,7,8,0.8800423800945282,80
3,8,9,0.914328533411026,80
3,9,10,0.8772279381752014,80
4,1,2,0.8826135098934174,80
4,2,3,0.892519611120224,80
4,3,4,0.8997908771038056,80
4,4,5,0.9229938447475433,80
4,5,6,0.9201208829879761,80
4,6,7,0.8867102205753327,80
4,7,8,0.8990843594074249,80
4,8,9,0.908166229724884,80
4,9,10,0.8768045961856842,80
5,1,2,0.8607047498226166,80
5,2,3,0.8578520655632019,80
5,3,4,0.8825990319252014,80
5,4,5,0.9106864035129547,80
5,5,6,0.9073014914989471,80
5,6,7,0.8687446057796478,80
5,7,8,0.8518411040306091,80
5,8,9,0.8249100506305694,80
5,9,10,0.8771422445774079,80
6,1,2,0.8517935574054718,80
6,2,3,0.8347995579242706,80
6,3,4,0.8619682848453522,80
6,4,5,0.8988270461559296,80
6,5,6,0.8794219672679902,80
6,6,7,0.8390399634838104,80
6,7,8,0.8874008595943451,80
6,8,9,0.8728608846664428,80
6,9,10,0.8595523357391357,80
7,1,2,0.8464965939521789,80
7,2,3,0.8032260000705719,80
7,3,4,0.8426952004432678,80
7,4,5,0.8881924629211426,80
7,5,6,0.8553018987178802,80
7,6,7,0.8224662780761719,80
7,7,8,0.8717069447040557,80
7,8,9,0.8879334092140198,80
7,9,10,0.8432751595973969,80
8,1,2,0.8611427128314972,80
8,2,3,0.7997483909130096,80
8,3,4,0.8304165005683899,80
8,4,5,0.8589820623397827,80
8,5,6,0.8487691581249237,80
8,6,7,0.8279918968677521,80
8,7,8,0.8647960186004638,80
8,8,9,0.9011142373085022,80
8,9,10,0.8520405411720275,80
9,1,2,0.8149188995361328,80
9,2,3,0.7135474473237992,80
9,3,4,0.8006469905376434,80
9,4,5,0.8091380417346954,80
9,5,6,0.8489154875278473,80
9,6,7,0.8532801389694213,80
9,7,8,0.8577482223510742,80
9,8,9,0.8871614217758179,80
9,9,10,0.8089581251144409,80
10,1,2,0.8125997900962829,80
10,2,3,0.6962878584861756,80
10,3,4,0.7917591571807862,80
10,4,5,0.8214604139328003,80
10,5,6,0.8240438640117645,80
10,6,7,0.7955786883831024,80
10,7,8,0.8293474078178406,80
10,8,9,0.781471061706543,80
10,9,10,0.7743375658988952,80
11,1,2,0.35779303014278413,80
11,2,3,0.44810564890503884,80
11,3,4,0.8545217335224151,80
11,4,5,0.9419942975044251,80
11,5,6,0.8219219863414764,80
11,6,7,0.8120137214660644,80
11,7,8,0.6402653574943542,80
11,8,9,0.6473308622837066,80
11,9,10,0.6054575562477111,80
0,1,2,0.9755828749565851,81
0,2,3,0.9761284504617963,81
0,3,4,0.9753250905445644,81
0,4,5,0.9734253854978652,81
0,5,6,0.9607475996017456,81
0,6,7,0.9266056673867362,81
0,7,8,0.9423686351094928,81
0,8,9,0.9748844248907906,81
0,9,10,0.9662494659423828,81
1,1,2,0.9285444106374469,81
1,2,3,0.9313946564992269,81
1,3,4,0.9311918531145368,81
1,4,5,0.9357878054891314,81
1,5,6,0.9338195806457883,81
1,6,7,0.9211992649804979,81
1,7,8,0.9428731969424656,81
1,8,9,0.930611911274138,81
1,9,10,0.9324069732711429,81
2,1,2,0.914679541474297,81
2,2,3,0.916965989839463,81
2,3,4,0.9208345186142695,81
2,4,5,0.9296483482633319,81
2,5,6,0.9216009321666899,81
2,6,7,0.9049617733274188,81
2,7,8,0.9240954035804385,81
2,8,9,0.9238831457637605,81
2,9,10,0.914893993309566,81
3,1,2,0.8922316573915028,81
3,2,3,0.8977988333929152,81
3,3,4,0.9111918920562381,81
3,4,5,0.9206268588701884,81
3,5,6,0.9175371272223336,81
3,6,7,0.8700185418128967,81
3,7,8,0.8796111345291138,81
3,8,9,0.9201164699736095,81
3,9,10,0.8784760123207456,81
4,1,2,0.8900479447273981,81
4,2,3,0.8968669261251178,81
4,3,4,0.908556960877918,81
4,4,5,0.9217123218945095,81
4,5,6,0.9229342398189363,81
4,6,7,0.887647773538317,81
4,7,8,0.8993453156380427,81
4,8,9,0.9128205407233465,81
4,9,10,0.8829624085199266,81
5,1,2,0.8643161654472351,81
5,2,3,0.8641209573972792,81
5,3,4,0.8898271662848336,81
5,4,5,0.9081973688943046,81
5,5,6,0.9061879089900425,81
5,6,7,0.871664841969808,81
5,7,8,0.8850738065583366,81
5,8,9,0.8627944191296896,81
5,9,10,0.8835394212177822,81
6,1,2,0.8406848566872733,81
6,2,3,0.8285915652910868,81
6,3,4,0.8667029937108358,81
6,4,5,0.8924023367109752,81
6,5,6,0.8812745724405561,81
6,6,7,0.8484187892505101,81
6,7,8,0.8804293360028949,81
6,8,9,0.8721780862127032,81
6,9,10,0.8586091910089765,81
7,1,2,0.850655095917838,81
7,2,3,0.814269849232265,81
7,3,4,0.8465102712313334,81
7,4,5,0.8766060414768401,81
7,5,6,0.8465244202386766,81
7,6,7,0.8263257458096459,81
7,7,8,0.8679195841153463,81
7,8,9,0.8781741658846537,81
7,9,10,0.8454856077829996,81
8,1,2,0.8612587139720008,81
8,2,3,0.8111969856988817,81
8,3,4,0.8389089050747099,81
8,4,5,0.8514566960788909,81
8,5,6,0.8499045712607247,81
8,6,7,0.8248968720436096,81
8,7,8,0.8573844035466512,81
8,8,9,0.9038053580692836,81
8,9,10,0.8690015900702703,81
9,1,2,0.7787944163594928,81
9,2,3,0.7049629376048133,81
9,3,4,0.8102152177265712,81
9,4,5,0.7909608199482873,81
9,5,6,0.8351497224399022,81
9,6,7,0.8558377396492731,81
9,7,8,0.8544479040872484,81
9,8,9,0.8890841972260248,81
9,9,10,0.8284717826616197,81
10,1,2,0.7985710217839196,81
10,2,3,0.6686991595086598,81
10,3,4,0.8205455428078061,81
10,4,5,0.8056906915846325,81
10,5,6,0.8539972390447345,81
10,6,7,0.848007395153954,81
10,7,8,0.8510608673095703,81
10,8,9,0.8313820078259423,81
10,9,10,0.8377178481646946,81
11,1,2,0.29256574454761686,81
11,2,3,0.38830025529577616,81
11,3,4,0.8302705344699678,81
11,4,5,0.8591116212663197,81
11,5,6,0.845937328679221,81
11,6,7,0.831662484577724,81
11,7,8,0.661578547386896,81
11,8,9,0.7715619745708647,81
11,9,10,0.6802644090993064,81
0,1,2,0.9709244728088379,82
0,2,3,0.9729081392288208,82
0,3,4,0.9750444769859314,82
0,4,5,0.9724036812782287,82
0,5,6,0.9580549001693726,82
0,6,7,0.9269444704055786,82
0,7,8,0.9381001055240631,82
0,8,9,0.9710027575492859,82
0,9,10,0.9634023249149323,82
1,1,2,0.909035325050354,82
1,2,3,0.917179399728775,82
1,3,4,0.9293565452098846,82
1,4,5,0.9324601292610168,82
1,5,6,0.9318528771400452,82
1,6,7,0.9241427123546601,82
1,7,8,0.9379024386405945,82
1,8,9,0.9204997301101685,82
1,9,10,0.923085731267929,82
2,1,2,0.8934754133224487,82
2,2,3,0.9083528101444245,82
2,3,4,0.9133810579776764,82
2,4,5,0.9224934279918671,82
2,5,6,0.9175534129142762,82
2,6,7,0.9041117370128632,82
2,7,8,0.9160566926002502,82
2,8,9,0.9114228904247283,82
2,9,10,0.9024785101413727,82
3,1,2,0.8767312884330749,82
3,2,3,0.8910980939865112,82
3,3,4,0.901180624961853,82
3,4,5,0.9089358389377594,82
3,5,6,0.9096688747406005,82
3,6,7,0.8613162040710449,82
3,7,8,0.8647559821605683,82
3,8,9,0.9095839560031891,82
3,9,10,0.8583788514137268,82
4,1,2,0.8752518117427825,82
4,2,3,0.8873592257499695,82
4,3,4,0.8925542771816254,82
4,4,5,0.9097039043903351,82
4,5,6,0.9149459362030029,82
4,6,7,0.8829184710979462,82
4,7,8,0.8861550450325012,82
4,8,9,0.9055862903594971,82
4,9,10,0.8655119240283966,82
5,1,2,0.8538255631923676,82
5,2,3,0.8626630008220673,82
5,3,4,0.8770827710628509,82
5,4,5,0.8998273849487305,82
5,5,6,0.9020017862319947,82
5,6,7,0.869717001914978,82
5,7,8,0.857079702615738,82
5,8,9,0.8378377556800842,82
5,9,10,0.865410715341568,82
6,1,2,0.8390220046043396,82
6,2,3,0.8403071165084839,82
6,3,4,0.8560544133186341,82
6,4,5,0.8816039204597473,82
6,5,6,0.8754328489303589,82
6,6,7,0.8459917187690735,82
6,7,8,0.870155668258667,82
6,8,9,0.8720756232738495,82
6,9,10,0.8401595175266265,82
7,1,2,0.8584636390209198,82
7,2,3,0.8371957063674926,82
7,3,4,0.8414253234863281,82
7,4,5,0.868797117471695,82
7,5,6,0.854009073972702,82
7,6,7,0.8428633272647857,82
7,7,8,0.8578807294368744,82
7,8,9,0.8731655418872833,82
7,9,10,0.8474615395069123,82
8,1,2,0.8504761338233948,82
8,2,3,0.810280728340149,82
8,3,4,0.8173877596855164,82
8,4,5,0.847707849740982,82
8,5,6,0.8336141526699066,82
8,6,7,0.8090635478496552,82
8,7,8,0.8467204332351684,82
8,8,9,0.8869435846805572,82
8,9,10,0.8581441640853882,82
9,1,2,0.8031768262386322,82
9,2,3,0.7278040230274201,82
9,3,4,0.7663841307163238,82
9,4,5,0.7914909422397614,82
9,5,6,0.805582594871521,82
9,6,7,0.8276548385620117,82
9,7,8,0.8344397366046905,82
9,8,9,0.8677723169326782,82
9,9,10,0.80311478972435,82
10,1,2,0.7748021960258484,82
10,2,3,0.6590034544467926,82
10,3,4,0.7352468490600585,82
10,4,5,0.7615524053573608,82
10,5,6,0.8078041732311249,82
10,6,7,0.8199229061603546,82
10,7,8,0.8553551316261292,82
10,8,9,0.7747503638267517,82
10,9,10,0.8223869204521179,82
11,1,2,0.3251984030008316,82
11,2,3,0.24631204307079316,82
11,3,4,0.5910529114305973,82
11,4,5,0.9035310626029969,82
11,5,6,0.8346247017383576,82
11,6,7,0.8181870877742767,82
11,7,8,0.6416191160678864,82
11,8,9,0.6456673011183739,82
11,9,10,0.5694662446156145,82
0,1,2,0.9766680740174793,83
0,2,3,0.9780425769942147,83
0,3,4,0.9742682292347863,83
0,4,5,0.9768459938821339,83
0,5,6,0.96229635817664,83
0,6,7,0.9268114737101963,83
0,7,8,0.943470469542912,83
0,8,9,0.9771905740102133,83
0,9,10,0.9724147830690656,83
1,1,2,0.9250476559003195,83
1,2,3,0.9336124942416236,83
1,3,4,0.9332893235342843,83
1,4,5,0.9420548336846488,83
1,5,6,0.9340416703905378,83
1,6,7,0.9198123273395357,83
1,7,8,0.9435591385478065,83
1,8,9,0.9286576509475708,83
1,9,10,0.936979455607278,83
2,1,2,0.911175977616083,83
2,2,3,0.918075096039545,83
2,3,4,0.9291109613009861,83
2,4,5,0.9355264192535764,83
2,5,6,0.9244414482797895,83
2,6,7,0.9063121619678679,83
2,7,8,0.9255561771846953,83
2,8,9,0.9201818420773461,83
2,9,10,0.9216392097019014,83
3,1,2,0.8950976445561364,83
3,2,3,0.899645916053227,83
3,3,4,0.9178321872438703,83
3,4,5,0.9255570428712028,83
3,5,6,0.9199313010488238,83
3,6,7,0.8718940530504499,83
3,7,8,0.8831454118092855,83
3,8,9,0.9159053478922162,83
3,9,10,0.8847747785704476,83
4,1,2,0.8931345002991813,83
4,2,3,0.8957783693359012,83
4,3,4,0.9101392683528718,83
4,4,5,0.924271665868305,83
4,5,6,0.9242276946703593,83
4,6,7,0.8892436027526855,83
4,7,8,0.9001990102586293,83
4,8,9,0.9098822474479675,83
4,9,10,0.8876673607599168,83
5,1,2,0.8737120429674784,83
5,2,3,0.8636897546904427,83
5,3,4,0.889662484327952,83
5,4,5,0.9110317570822579,83
5,5,6,0.9118753671646118,83
5,6,7,0.8775485697246733,83
5,7,8,0.8676768654868716,83
5,8,9,0.8397465518542698,83
5,9,10,0.887426651659466,83
6,1,2,0.8530756377038502,83
6,2,3,0.8317100547608876,83
6,3,4,0.8684542292640323,83
6,4,5,0.8917400297664461,83
6,5,6,0.8802452002252851,83
6,6,7,0.8485719022296724,83
6,7,8,0.880531540938786,83
6,8,9,0.8684042266436985,83
6,9,10,0.862854330312638,83
7,1,2,0.8530564563614982,83
7,2,3,0.8076052211579823,83
7,3,4,0.8449394021715436,83
7,4,5,0.8765230207216173,83
7,5,6,0.8551333518255324,83
7,6,7,0.8233691028186253,83
7,7,8,0.8676925216402326,83
7,8,9,0.8769649522645133,83
7,9,10,0.8417675154549735,83
8,1,2,0.8609857161839803,83
8,2,3,0.8014861799421764,83
8,3,4,0.8362091893241519,83
8,4,5,0.8504217408952259,83
8,5,6,0.8449605305989584,83
8,6,7,0.8151992247218177,83
8,7,8,0.8540119670686268,83
8,8,9,0.896391476903643,83
8,9,10,0.8577138100351606,83
9,1,2,0.7910635499727159,83
9,2,3,0.6945719151269822,83
9,3,4,0.7943922309648423,83
9,4,5,0.7860129276911417,83
9,5,6,0.8445186785289219,83
9,6,7,0.8600916152908689,83
9,7,8,0.8584245698792594,83
9,8,9,0.8875259842191424,83
9,9,10,0.8125131669498625,83
10,1,2,0.78825082665398,83
10,2,3,0.6491127227033887,83
10,3,4,0.7565941626117343,83
10,4,5,0.7869939066114879,83
10,5,6,0.8176600706009638,83
10,6,7,0.8137065115429106,83
10,7,8,0.8427032289050874,83
10,8,9,0.7871849565278917,83
10,9,10,0.8202311226299831,83
11,1,2,0.3678496006344046,83
11,2,3,0.29407575265282676,83
11,3,4,0.6694974395490828,83
11,4,5,0.8568542997042338,83
11,5,6,0.856717606385549,83
11,6,7,0.8035891708873567,83
11,7,8,0.6487491020844096,83
11,8,9,0.6454423257992381,83
11,9,10,0.5582848658696526,83
0,1,2,0.9698083559672038,84
0,2,3,0.9757964134216308,84
0,3,4,0.9760815421740214,84
0,4,5,0.9718237360318501,84
0,5,6,0.9687955896059672,84
0,6,7,0.9385759512583415,84
0,7,8,0.9516794681549072,84
0,8,9,0.9731868386268616,84
0,9,10,0.96802925268809,84
1,1,2,0.9249272584915161,84
1,2,3,0.9367059787114461,84
1,3,4,0.9371433655420939,84
1,4,5,0.9399243553479513,84
1,5,6,0.9422022461891174,84
1,6,7,0.928829038143158,84
1,7,8,0.9471395492553711,84
1,8,9,0.9316162745157878,84
1,9,10,0.9344348907470703,84
2,1,2,0.9117436528205871,84
2,2,3,0.9232403596242269,84
2,3,4,0.9211822748184204,84
2,4,5,0.926384715239207,84
2,5,6,0.9274566968282064,84
2,6,7,0.910014545917511,84
2,7,8,0.9242033878962199,84
2,8,9,0.9229308168093363,84
2,9,10,0.9101404945055643,84
3,1,2,0.8926819841066996,84
3,2,3,0.9013494451840719,84
3,3,4,0.9042386333147685,84
3,4,5,0.9167209386825561,84
3,5,6,0.921457040309906,84
3,6,7,0.871353554725647,84
3,7,8,0.8796126206715902,84
3,8,9,0.9190340161323547,84
3,9,10,0.873965875307719,84
4,1,2,0.8880533734957378,84
4,2,3,0.8964222113291422,84
4,3,4,0.8986678838729858,84
4,4,5,0.9195759892463684,84
4,5,6,0.9253515203793844,84
4,6,7,0.8900813221931457,84
4,7,8,0.8968264102935791,84
4,8,9,0.9143875916798909,84
4,9,10,0.8795957366625468,84
5,1,2,0.8651242693265279,84
5,2,3,0.8645036498705546,84
5,3,4,0.883921190102895,84
5,4,5,0.9107797225316365,84
5,5,6,0.909618882338206,84
5,6,7,0.8696228265762329,84
5,7,8,0.8545276085535686,84
5,8,9,0.8321835080782573,84
5,9,10,0.8753993948300679,84
6,1,2,0.8532389958699544,84
6,2,3,0.8442828536033631,84
6,3,4,0.863914966583252,84
6,4,5,0.9031799077987671,84
6,5,6,0.8820728858311971,84
6,6,7,0.8485436360041301,84
6,7,8,0.882360823949178,84
6,8,9,0.8801944454511007,84
6,9,10,0.8563751419385274,84
7,1,2,0.8582977096239726,84
7,2,3,0.819150185585022,84
7,3,4,0.8415351470311483,84
7,4,5,0.8868456482887268,84
7,5,6,0.8556282877922058,84
7,6,7,0.8258819063504537,84
7,7,8,0.8692801276842753,84
7,8,9,0.8862672289212544,84
7,9,10,0.8606321454048157,84
8,1,2,0.8609865625699361,84
8,2,3,0.807005786895752,84
8,3,4,0.8314013123512268,84
8,4,5,0.8574749231338501,84
8,5,6,0.854141906897227,84
8,6,7,0.8232824166615804,84
8,7,8,0.8576233625411988,84
8,8,9,0.9003803213437398,84
8,9,10,0.8571232358614603,84
9,1,2,0.8084855238596599,84
9,2,3,0.7222710947195689,84
9,3,4,0.7852846662203471,84
9,4,5,0.8165510376294454,84
9,5,6,0.8419654965400696,84
9,6,7,0.8359559377034506,84
9,7,8,0.8467921257019043,84
9,8,9,0.880879807472229,84
9,9,10,0.8098625461260478,84
10,1,2,0.7907794674237569,84
10,2,3,0.696041464805603,84
10,3,4,0.7475084006786347,84
10,4,5,0.8145604014396668,84
10,5,6,0.8060460964838664,84
10,6,7,0.7887169361114502,84
10,7,8,0.8329673449198405,84
10,8,9,0.7649622917175293,84
10,9,10,0.7808491349220276,84
11,1,2,0.4357580592234929,84
11,2,3,0.43720794667800267,84
11,3,4,0.6522202278176944,84
11,4,5,0.925426204999288,84
11,5,6,0.8333842674891154,84
11,6,7,0.8120521903038025,84
11,7,8,0.6624789675076802,84
11,8,9,0.6161219889918963,84
11,9,10,0.5835580199956893,84
0,1,2,0.971706931080137,85
0,2,3,0.9731706572430474,85
0,3,4,0.9759862018483025,85
0,4,5,0.9738758419241224,85
0,5,6,0.9636551844222205,85
0,6,7,0.9375980858291898,85
0,7,8,0.9467503960643496,85
0,8,9,0.9750876724720001,85
0,9,10,0.9674889189856393,85
1,1,2,0.9222789619650159,85
1,2,3,0.9311314331633704,85
1,3,4,0.937231148992266,85
1,4,5,0.9404175877571106,85
1,5,6,0.9369381687470845,85
1,6,7,0.9299960029976708,85
1,7,8,0.9437895459788186,85
1,8,9,0.931707854781832,85
1,9,10,0.935084696326937,85
2,1,2,0.9108640764440809,85
2,2,3,0.9200358795268195,85
2,3,4,0.924589278442519,85
2,4,5,0.9282158783503941,85
2,5,6,0.9250178869281497,85
2,6,7,0.907992286341531,85
2,7,8,0.9208903248820987,85
2,8,9,0.9228181391954422,85
2,9,10,0.9174617784363883,85
3,1,2,0.8931406119040081,85
3,2,3,0.9019821073327746,85
3,3,4,0.908962070941925,85
3,4,5,0.9184881661619458,85
3,5,6,0.9200722298451832,85
3,6,7,0.8721513258559364,85
3,7,8,0.8799162954092026,85
3,8,9,0.9172202178410122,85
3,9,10,0.880021836076464,85
4,1,2,0.8904633053711483,85
4,2,3,0.8994353136845997,85
4,3,4,0.9023091729198184,85
4,4,5,0.9196433254650661,85
4,5,6,0.9241539708205632,85
4,6,7,0.8907687323434013,85
4,7,8,0.8962935038975307,85
4,8,9,0.911201000213623,85
4,9,10,0.8854603618383408,85
5,1,2,0.8669347230877195,85
5,2,3,0.870878164257322,85
5,3,4,0.8866305734430041,85
5,4,5,0.9096418108258929,85
5,5,6,0.9123279473611287,85
5,6,7,0.8785716827426638,85
5,7,8,0.8613187266247613,85
5,8,9,0.8436339263405118,85
5,9,10,0.8838331827095577,85
6,1,2,0.851678022316524,85
6,2,3,0.8459259825093406,85
6,3,4,0.870907227907862,85
6,4,5,0.8958199662821633,85
6,5,6,0.8860190574611936,85
6,6,7,0.8570984793560845,85
6,7,8,0.8836785725184849,85
6,8,9,0.8791040586573737,85
6,9,10,0.8619388767651149,85
7,1,2,0.8583562459264483,85
7,2,3,0.8309460239750999,85
7,3,4,0.8511512279510498,85
7,4,5,0.8808548344033105,85
7,5,6,0.8662921552147184,85
7,6,7,0.8420820278780801,85
7,7,8,0.86922173840659,85
7,8,9,0.8829908796719143,85
7,9,10,0.8566891763891492,85
8,1,2,0.8642197144883019,85
8,2,3,0.8150530010461807,85
8,3,4,0.8386208266019821,85
8,4,5,0.8612301519938877,85
8,5,6,0.8528500859226499,85
8,6,7,0.8295173048973083,85
8,7,8,0.862275989992278,85
8,8,9,0.8981045378105981,85
8,9,10,0.8647447100707463,85
9,1,2,0.8089935119662967,85
9,2,3,0.7319756575993129,85
9,3,4,0.7975503866161618,85
9,4,5,0.807019944701876,85
9,5,6,0.8429631037371499,85
9,6,7,0.8502772131136486,85
9,7,8,0.8561967142990657,85
9,8,9,0.8877953035490853,85
9,9,10,0.8305823696511132,85
10,1,2,0.8066481543438775,85
10,2,3,0.6945519362177167,85
10,3,4,0.7631151537810054,85
10,4,5,0.7991300480706351,85
10,5,6,0.8277863285371235,85
10,6,7,0.8230889822755542,85
10,7,8,0.8459051719733647,85
10,8,9,0.8026279189756939,85
10,9,10,0.7992372299943652,85
11,1,2,0.4679660952783057,85
11,2,3,0.41601617767342497,85
11,3,4,0.7037748454936913,85
11,4,5,0.9192414475338799,85
11,5,6,0.842596058334623,85
11,6,7,0.8136305532285145,85
11,7,8,0.6789949826364007,85
11,8,9,0.6502783492739711,85
11,9,10,0.6040542927304549,85
0,1,2,0.9723324945994786,86
0,2,3,0.9735341469446818,86
0,3,4,0.9733257974897113,86
0,4,5,0.9713872500828334,86
0,5,6,0.9612622261047363,86
0,6,7,0.9282971648942857,86
0,7,8,0.9385240361804054,86
0,8,9,0.974537071727571,86
0,9,10,0.965377220085689,86
1,1,2,0.9166019416990734,86
1,2,3,0.9244796548570905,86
1,3,4,0.9264946920531136,86
1,4,5,0.9306277547563825,86
1,5,6,0.9333386619885763,86
1,6,7,0.9215989680517287,86
1,7,8,0.9388590029307774,86
1,8,9,0.926396594161079,86
1,9,10,0.9299953069005694,86
2,1,2,0.9059231735411144,86
2,2,3,0.9141133910133725,86
2,3,4,0.9206305486815316,86
2,4,5,0.9254765425409589,86
2,5,6,0.9220660300481887,86
2,6,7,0.9047546244802929,86
2,7,8,0.9177002566201347,86
2,8,9,0.9171641582534427,86
2,9,10,0.9129666544142223,86
3,1,2,0.8898236240659442,86
3,2,3,0.8979359694889614,86
3,3,4,0.9090078416324797,86
3,4,5,0.9167926141193935,86
3,5,6,0.9171617570377532,86
3,6,7,0.8684801232247126,86
3,7,8,0.8741255175499689,86
3,8,9,0.9119512069792974,86
3,9,10,0.8744435821260724,86
4,1,2,0.8881583298955645,86
4,2,3,0.8968607726551238,86
4,3,4,0.9030060257230487,86
4,4,5,0.9167116766884214,86
4,5,6,0.9215295087723505,86
4,6,7,0.8875922418776012,86
4,7,8,0.8919147849082947,86
4,8,9,0.90623710836683,86
4,9,10,0.882758481161935,86
5,1,2,0.8653645288376581,86
5,2,3,0.8710595255806333,86
5,3,4,0.8845050164631435,86
5,4,5,0.9040153792926243,86
5,5,6,0.9082400145984831,86
5,6,7,0.8804648688861302,86
5,7,8,0.86241063333693,86
5,8,9,0.8391225252832685,86
5,9,10,0.8819483121236166,86
6,1,2,0.8475554074559893,86
6,2,3,0.8428340440704709,86
6,3,4,0.8657938639322916,86
6,4,5,0.8858608717010135,86
6,5,6,0.8822233052480788,86
6,6,7,0.8642162595476423,86
6,7,8,0.8774040738741556,86
6,8,9,0.8660283117067247,86
6,9,10,0.8562331597010294,86
7,1,2,0.8606770890099662,86
7,2,3,0.8378694625127883,86
7,3,4,0.8490645743551708,86
7,4,5,0.8705692404792422,86
7,5,6,0.8593559577351525,86
7,6,7,0.8396109569640386,86
7,7,8,0.8628071546554565,86
7,8,9,0.8715630031767345,86
7,9,10,0.8455344921066648,86
8,1,2,0.8622854777744838,86
8,2,3,0.8201372566677275,86
8,3,4,0.8390027284622192,86
8,4,5,0.8501648420379275,86
8,5,6,0.8506593164943513,86
8,6,7,0.8237477626119342,86
8,7,8,0.84889817237854,86
8,8,9,0.893900331996736,86
8,9,10,0.859037404968625,86
9,1,2,0.8116933533123561,86
9,2,3,0.7438823268527076,86
9,3,4,0.792183308374314,86
9,4,5,0.7865104334694999,86
9,5,6,0.8342204235848927,86
9,6,7,0.8508947974159604,86
9,7,8,0.8500281004678636,86
9,8,9,0.881868458929516,86
9,9,10,0.8133456621851239,86
10,1,2,0.8042079181898207,86
10,2,3,0.6882399363177163,86
10,3,4,0.75152949208305,86
10,4,5,0.7849720971924918,86
10,5,6,0.8151111091886248,86
10,6,7,0.8201358829225812,86
10,7,8,0.8457901733262199,86
10,8,9,0.7923411414736793,86
10,9,10,0.8195666557266599,86
11,1,2,0.4492935852280685,86
11,2,3,0.3921745235011691,86
11,3,4,0.6527898290327617,86
11,4,5,0.8535858421098619,86
11,5,6,0.8839552913393293,86
11,6,7,0.7982241681643895,86
11,7,8,0.6423003677101362,86
11,8,9,0.6566517466590518,86
11,9,10,0.5661358193804821,86
0,1,2,0.9725237667560578,87
0,2,3,0.9763970613479614,87
0,3,4,0.9767091751098633,87
0,4,5,0.9717034339904785,87
0,5,6,0.9702568352222443,87
0,6,7,0.9339812934398651,87
0,7,8,0.9429893732070923,87
0,8,9,0.9741879940032959,87
0,9,10,0.9689610183238984,87
1,1,2,0.915639591217041,87
1,2,3,0.9237478196620941,87
1,3,4,0.9235899388790131,87
1,4,5,0.9259327471256256,87
1,5,6,0.9398123741149902,87
1,6,7,0.9219726860523224,87
1,7,8,0.9408945202827453,87
1,8,9,0.9225763022899628,87
1,9,10,0.9285845398902893,87
2,1,2,0.902262419462204,87
2,2,3,0.9115692019462586,87
2,3,4,0.9167087614536286,87
2,4,5,0.920583575963974,87
2,5,6,0.926490181684494,87
2,6,7,0.9077466726303101,87
2,7,8,0.9188390910625458,87
2,8,9,0.9137303829193115,87
2,9,10,0.9051451742649078,87
3,1,2,0.8894250810146331,87
3,2,3,0.8924839556217193,87
3,3,4,0.9022718369960785,87
3,4,5,0.9112992525100708,87
3,5,6,0.9176895976066589,87
3,6,7,0.8640427410602569,87
3,7,8,0.8689142227172851,87
3,8,9,0.9083609998226165,87
3,9,10,0.8630917429924011,87
4,1,2,0.885001802444458,87
4,2,3,0.8883605241775513,87
4,3,4,0.8950812101364136,87
4,4,5,0.9128323137760163,87
4,5,6,0.9245495021343231,87
4,6,7,0.8851664125919342,87
4,7,8,0.8899107277393341,87
4,8,9,0.9031099617481232,87
4,9,10,0.8754153370857238,87
5,1,2,0.8620695531368255,87
5,2,3,0.8536490857601166,87
5,3,4,0.8767412722110748,87
5,4,5,0.9030739367008209,87
5,5,6,0.9055881023406982,87
5,6,7,0.8652513563632965,87
5,7,8,0.8540588319301605,87
5,8,9,0.8253730654716491,87
5,9,10,0.8742698013782502,87
6,1,2,0.8378707230091095,87
6,2,3,0.8227765560150146,87
6,3,4,0.8550934076309205,87
6,4,5,0.8899844944477081,87
6,5,6,0.8676073670387268,87
6,6,7,0.8445995807647705,87
6,7,8,0.8680680096149445,87
6,8,9,0.8647951900959014,87
6,9,10,0.8478342354297638,87
7,1,2,0.8543250977993011,87
7,2,3,0.8009502828121186,87
7,3,4,0.8282205045223237,87
7,4,5,0.8715537905693054,87
7,5,6,0.8344775259494781,87
7,6,7,0.8165407180786133,87
7,7,8,0.8574002981185913,87
7,8,9,0.8751058638095855,87
7,9,10,0.8539293766021728,87
8,1,2,0.8603622436523437,87
8,2,3,0.7971035838127136,87
8,3,4,0.8346706330776215,87
8,4,5,0.8434798300266266,87
8,5,6,0.8397263646125793,87
8,6,7,0.8215919494628906,87
8,7,8,0.8395352303981781,87
8,8,9,0.8885713934898376,87
8,9,10,0.862408173084259,87
9,1,2,0.780205100774765,87
9,2,3,0.6845406591892242,87
9,3,4,0.781777846813202,87
9,4,5,0.790101432800293,87
9,5,6,0.8240071952342987,87
9,6,7,0.8336739361286163,87
9,7,8,0.8419151902198792,87
9,8,9,0.8642354846000672,87
9,9,10,0.8024762511253357,87
10,1,2,0.7862713992595672,87
10,2,3,0.6745568841695786,87
10,3,4,0.7314294308423996,87
10,4,5,0.7706024527549744,87
10,5,6,0.8109770774841308,87
10,6,7,0.8198514878749847,87
10,7,8,0.8444603323936463,87
10,8,9,0.7713077366352081,87
10,9,10,0.8198621451854706,87
11,1,2,0.36579626351594924,87
11,2,3,0.3867999315261841,87
11,3,4,0.5821531176567077,87
11,4,5,0.8194474101066589,87
11,5,6,0.8409410357475281,87
11,6,7,0.7935217618942261,87
11,7,8,0.5919517576694489,87
11,8,9,0.5973217345774173,87
11,9,10,0.5352496413514019,87
0,1,2,0.9715965177331652,88
0,2,3,0.9740964046546391,88
0,3,4,0.9757888593844005,88
0,4,5,0.9727969659226281,88
0,5,6,0.9652484506368637,88
0,6,7,0.9363517505781991,88
0,7,8,0.9475281451429639,88
0,8,9,0.9737605111939567,88
0,9,10,0.9680364600249699,88
1,1,2,0.9199781524283546,88
1,2,3,0.9287189819983074,88
1,3,4,0.9340596177748272,88
1,4,5,0.9376814940146038,88
1,5,6,0.9363923370838165,88
1,6,7,0.9265171204294477,88
1,7,8,0.9428944715431758,88
1,8,9,0.9265710477318082,88
1,9,10,0.931542192186628,88
2,1,2,0.9051422817366463,88
2,2,3,0.9153626731463841,88
2,3,4,0.9217145315238408,88
2,4,5,0.9263379956994738,88
2,5,6,0.9232999703713826,88
2,6,7,0.9084470910685403,88
2,7,8,0.920266826237951,88
2,8,9,0.9174760452338627,88
2,9,10,0.9109455730233874,88
3,1,2,0.8857525778668267,88
3,2,3,0.896381214261055,88
3,3,4,0.9051570466586522,88
3,4,5,0.9155255002634866,88
3,5,6,0.917979725769588,88
3,6,7,0.8696708338601249,88
3,7,8,0.8756195285490581,88
3,8,9,0.9128724187612534,88
3,9,10,0.8729052735226495,88
4,1,2,0.8825021066835949,88
4,2,3,0.8934589837278638,88
4,3,4,0.8987144167934146,88
4,4,5,0.9173844669546399,88
4,5,6,0.9220208248921803,88
4,6,7,0.8893685638904572,88
4,7,8,0.894502443926675,88
4,8,9,0.9067787144865308,88
4,9,10,0.8770717275994164,88
5,1,2,0.8605573730809348,88
5,2,3,0.8636259649481092,88
5,3,4,0.8836146082196917,88
5,4,5,0.9074759036302567,88
5,5,6,0.9089413689715522,88
5,6,7,0.8750797126974378,88
5,7,8,0.8558902059282575,88
5,8,9,0.8305227777787617,88
5,9,10,0.8761246906859534,88
6,1,2,0.8477304641689573,88
6,2,3,0.8414709589311055,88
6,3,4,0.8668849106345858,88
6,4,5,0.8954314738512039,88
6,5,6,0.8809477388858795,88
6,6,7,0.8512657880783081,88
6,7,8,0.8833952013935361,88
6,8,9,0.8730168896062034,88
6,9,10,0.8562233852488654,88
7,1,2,0.8559061906167439,88
7,2,3,0.8247692052807126,88
7,3,4,0.8481239761625018,88
7,4,5,0.88174621122224,88
7,5,6,0.8600513573203769,88
7,6,7,0.838041929262025,88
7,7,8,0.8676987673555102,88
7,8,9,0.8828470685652324,88
7,9,10,0.8557410155023847,88
8,1,2,0.8626558950969151,88
8,2,3,0.8134282933814185,88
8,3,4,0.8360151925257274,88
8,4,5,0.855830152119909,88
8,5,6,0.8498664221593312,88
8,6,7,0.8323193894965308,88
8,7,8,0.8586591865335192,88
8,8,9,0.8962719099862235,88
8,9,10,0.8591020256280899,88
9,1,2,0.8173609503677913,88
9,2,3,0.7340881686125483,88
9,3,4,0.7945780562502998,88
9,4,5,0.8073760867118835,88
9,5,6,0.8403608309371131,88
9,6,7,0.8471941288028445,88
9,7,8,0.8504405596426555,88
9,8,9,0.8819483369588852,88
9,9,10,0.8136816578251975,88
10,1,2,0.8094288174595151,88
10,2,3,0.7095834825720105,88
10,3,4,0.7637513354420662,88
10,4,5,0.7999887019395828,88
10,5,6,0.8172064125537872,88
10,6,7,0.8090320506266185,88
10,7,8,0.8399082677704948,88
10,8,9,0.7823799060923713,88
10,9,10,0.7957604591335569,88
11,1,2,0.42557989553149256,88
11,2,3,0.4390076417475939,88
11,3,4,0.7030592238796609,88
11,4,5,0.9245782239096505,88
11,5,6,0.834162997347968,88
11,6,7,0.8135583592312676,88
11,7,8,0.6332312111875841,88
11,8,9,0.6407003165887935,88
11,9,10,0.5918244089532111,88
0,1,2,0.9739060061318534,89
0,2,3,0.9750202071099054,89
0,3,4,0.9732354226566496,89
0,4,5,0.9769475772267296,89
0,5,6,0.962751187029339,89
0,6,7,0.9264572007315499,89
0,7,8,0.9443439273607164,89
0,8,9,0.9763370298203968,89
0,9,10,0.97206198317664,89
1,1,2,0.9268465382712228,89
1,2,3,0.9355516916229611,89
1,3,4,0.9308301096870786,89
1,4,5,0.9421735831669399,89
1,5,6,0.9348064774558658,89
1,6,7,0.919134897845132,89
1,7,8,0.9435260863531203,89
1,8,9,0.9307019937606085,89
1,9,10,0.9394832594054086,89
2,1,2,0.9160804833684649,89
2,2,3,0.9211697975794474,89
2,3,4,0.9257089722724188,89
2,4,5,0.9338411433356149,89
2,5,6,0.9251676883016314,89
2,6,7,0.9031520798092797,89
2,7,8,0.9237033469336373,89
2,8,9,0.9221630947930473,89
2,9,10,0.9230515105383736,89
3,1,2,0.8992958750043597,89
3,2,3,0.9025374168441409,89
3,3,4,0.9116126554352897,89
3,4,5,0.9274172413916815,89
3,5,6,0.9233299124808538,89
3,6,7,0.8738906582196554,89
3,7,8,0.8872630227179754,89
3,8,9,0.9174008993875413,89
3,9,10,0.8869471748669943,89
4,1,2,0.8968795992079235,89
4,2,3,0.8991528834615435,89
4,3,4,0.9052044153213501,89
4,4,5,0.9264531901904515,89
4,5,6,0.9269608145668393,89
4,6,7,0.8908849557240804,89
4,7,8,0.9024026053292411,89
4,8,9,0.9124355032330468,89
4,9,10,0.8913310312089466,89
5,1,2,0.8768643907138279,89
5,2,3,0.8690209559031895,89
5,3,4,0.8862062437193734,89
5,4,5,0.9137043186596462,89
5,5,6,0.9147363702456156,89
5,6,7,0.8790640575545174,89
5,7,8,0.8549728535470509,89
5,8,9,0.8351673114867437,89
5,9,10,0.8914243124780201,89
6,1,2,0.8587067552975246,89
6,2,3,0.8387279311815897,89
6,3,4,0.8654492156846183,89
6,4,5,0.8984784540675935,89
6,5,6,0.88311938728605,89
6,6,7,0.8562154344149998,89
6,7,8,0.8810272784460158,89
6,8,9,0.8741398624011448,89
6,9,10,0.867610270068759,89
7,1,2,0.8577164610226949,89
7,2,3,0.8151569877352033,89
7,3,4,0.8440439417248681,89
7,4,5,0.8844859514917646,89
7,5,6,0.8601337983494713,89
7,6,7,0.825096763315655,89
7,7,8,0.8720152151016962,89
7,8,9,0.8819180812154498,89
7,9,10,0.8458062183289301,89
8,1,2,0.8647607763608297,89
8,2,3,0.8054501016934713,89
8,3,4,0.839642964658283,89
8,4,5,0.8610425932066781,89
8,5,6,0.8593242395491827,89
8,6,7,0.8224253370648339,89
8,7,8,0.8618623075031099,89
8,8,9,0.901849403267815,89
8,9,10,0.8597144030389332,89
9,1,2,0.8011748052778698,89
9,2,3,0.7154274753161839,89
9,3,4,0.7972073725291661,89
9,4,5,0.8030106254986354,89
9,5,6,0.8533699484098525,89
9,6,7,0.8555580831709362,89
9,7,8,0.8664051578158424,89
9,8,9,0.8877710075605483,89
9,9,10,0.8217377350443885,89
10,1,2,0.7952710588773092,89
10,2,3,0.665321626833507,89
10,3,4,0.7533260257471175,89
10,4,5,0.823919103259132,89
10,5,6,0.8222902559098744,89
10,6,7,0.8125786696161542,89
10,7,8,0.8495230476061503,89
10,8,9,0.7850045277958825,89
10,9,10,0.784580511706216,89
11,1,2,0.4187789722567513,89
11,2,3,0.3898551822418258,89
11,3,4,0.6833947421539397,89
11,4,5,0.8612883743785676,89
11,5,6,0.8506230002357846,89
11,6,7,0.7998939639046079,89
11,7,8,0.7753054130645025,89
11,8,9,0.6097278754626002,89
11,9,10,0.5613085224869705,89
0,1,2,0.9735610697950635,90
0,2,3,0.9752174743584224,90
0,3,4,0.9744912087917328,90
0,4,5,0.9729474633932114,90
0,5,6,0.9624380980219159,90
0,6,7,0.9293261127812522,90
0,7,8,0.9418196486575263,90
0,8,9,0.9750524865729469,90
0,9,10,0.9674368458134788,90
1,1,2,0.921162119933537,90
1,2,3,0.9290709836142403,90
1,3,4,0.9300671475274223,90
1,4,5,0.934548903788839,90
1,5,6,0.9346404139484678,90
1,6,7,0.9220743711505618,90
1,7,8,0.9415419804198402,90
1,8,9,0.9280381458146232,90
1,9,10,0.9323858959334237,90
2,1,2,0.9088821006672723,90
2,2,3,0.9159845922674451,90
2,3,4,0.9224560069186347,90
2,4,5,0.9274115924324308,90
2,5,6,0.9233283932719912,90
2,6,7,0.905320908342089,90
2,7,8,0.9210105410643986,90
2,8,9,0.9194090281214032,90
2,9,10,0.9144833981990814,90
3,1,2,0.891800331217902,90
3,2,3,0.8973660575492042,90
3,3,4,0.9100775505815234,90
3,4,5,0.9180459486586707,90
3,5,6,0.918102924312864,90
3,6,7,0.8687359435217721,90
3,7,8,0.8767068386077881,90
3,8,9,0.914372410093035,90
3,9,10,0.87610995556627,90
4,1,2,0.8896165915897915,90
4,2,3,0.8949498257466725,90
4,3,4,0.9040135251624244,90
4,4,5,0.9181427253144128,90
4,5,6,0.9231100018535342,90
4,6,7,0.8871879811797824,90
4,7,8,0.8946525965418134,90
4,8,9,0.9079955752406802,90
4,9,10,0.8828503830092294,90
5,1,2,0.8664383143186569,90
5,2,3,0.8639114201068878,90
5,3,4,0.8851185866764614,90
5,4,5,0.9057146034070424,90
5,5,6,0.9082425513437816,90
5,6,7,0.8741198778152466,90
5,7,8,0.8674035200050899,90
5,8,9,0.8435136803558895,90
5,9,10,0.8821084031036922,90
6,1,2,0.844633189695222,90
6,2,3,0.8306322374514171,90
6,3,4,0.8648261449166706,90
6,4,5,0.8887997950826373,90
6,5,6,0.8793010541370937,90
6,6,7,0.8513238238436835,90
6,7,8,0.8772601038217545,90
6,8,9,0.8685200554983956,90
6,9,10,0.8566536882093975,90
7,1,2,0.8528160580566951,90
7,2,3,0.8149506066526685,90
7,3,4,0.8420819193124771,90
7,4,5,0.8721398136445454,90
7,5,6,0.8508116262299674,90
7,6,7,0.8264354148081371,90
7,7,8,0.8639562513147082,90
7,8,9,0.8747535177639553,90
7,9,10,0.8461499576057706,90
8,1,2,0.8606077198471341,90
8,2,3,0.805651164480618,90
8,3,4,0.8349974900484085,90
8,4,5,0.8480438270739147,90
8,5,6,0.8461082407406398,90
8,6,7,0.8192979246377945,90
8,7,8,0.8511633766548974,90
8,8,9,0.895227313041687,90
8,9,10,0.8616441679852349,90
9,1,2,0.7892520001956395,90
9,2,3,0.7040359101125172,90
9,3,4,0.793799774987357,90
9,4,5,0.7848260253667831,90
9,5,6,0.8341787202017648,90
9,6,7,0.8503940148012978,90
9,7,8,0.8513983296496528,90
9,8,9,0.8831268059355872,90
9,9,10,0.8174584656953812,90
10,1,2,0.7918081368718829,90
10,2,3,0.6621044842260224,90
10,3,4,0.7616283648780414,90
10,4,5,0.7845159385885511,90
10,5,6,0.8238043529646737,90
10,6,7,0.8239920096737998,90
10,7,8,0.8444684829030719,90
10,8,9,0.7986313040767398,90
10,9,10,0.8242711509977069,90
11,1,2,0.3766414253041148,90
11,2,3,0.3506896482514484,90
11,3,4,0.6817410327494144,90
11,4,5,0.8605363368988037,90
11,5,6,0.8596626136984143,90
11,6,7,0.8095413616725377,90
11,7,8,0.6553821566381625,90
11,8,9,0.6681702597332853,90
11,9,10,0.5865666854993573,90
0,1,2,0.9726932531311399,91
0,2,3,0.9727614805811927,91
0,3,4,0.9752251080104283,91
0,4,5,0.9721895200865609,91
0,5,6,0.9604214146023705,91
0,6,7,0.9326698893592471,91
0,7,8,0.9421805313655308,91
0,8,9,0.9735622689837501,91
0,9,10,0.9644838003885179,91
1,1,2,0.921429367292495,91
1,2,3,0.925963907014756,91
1,3,4,0.9335020695413861,91
1,4,5,0.9358979577109927,91
1,5,6,0.9324343715395246,91
1,6,7,0.926385189805712,91
1,7,8,0.9398367121106103,91
1,8,9,0.9271362310364133,91
1,9,10,0.9288016160329183,91
2,1,2,0.9077011857713971,91
2,2,3,0.9150910973548889,91
2,3,4,0.9202804224831718,91
2,4,5,0.9275407677605039,91
2,5,6,0.9189447590282985,91
2,6,7,0.905507104737418,91
2,7,8,0.9166488306862968,91
2,8,9,0.9187362761724562,91
2,9,10,0.9115111742700849,91
3,1,2,0.8861989719527108,91
3,2,3,0.8993156438782102,91
3,3,4,0.9067337087222508,91
3,4,5,0.9166729223160517,91
3,5,6,0.9145937193007696,91
3,6,7,0.8679638277916681,91
3,7,8,0.874039093653361,91
3,8,9,0.9153132750874474,91
3,9,10,0.8736243304752168,91
4,1,2,0.883381534190405,91
4,2,3,0.898348005045028,91
4,3,4,0.9018011121522813,91
4,4,5,0.9187850299335661,91
4,5,6,0.9190208372615633,91
4,6,7,0.8879223834900629,91
4,7,8,0.8930285856837318,91
4,8,9,0.910237451394399,91
4,9,10,0.8771663904190063,91
5,1,2,0.8574848004749843,91
5,2,3,0.8736977917807442,91
5,3,4,0.8873470851353237,91
5,4,5,0.9080808418137687,91
5,5,6,0.9093528020949591,91
5,6,7,0.8808255082085019,91
5,7,8,0.8637269877252125,91
5,8,9,0.8442090295609974,91
5,9,10,0.8763959691638038,91
6,1,2,0.8466926046780178,91
6,2,3,0.8557908875601632,91
6,3,4,0.8742909403074355,91
6,4,5,0.8937667239279974,91
6,5,6,0.8861373293967474,91
6,6,7,0.8600317608742487,91
6,7,8,0.883702644280025,91
6,8,9,0.87387938726516,91
6,9,10,0.8569610374314445,91
7,1,2,0.8637544910113016,91
7,2,3,0.8521699536414373,91
7,3,4,0.864592432975769,91
7,4,5,0.8816616705485752,91
7,5,6,0.8697922769046965,91
7,6,7,0.8563893040021261,91
7,7,8,0.8678321781612578,91
7,8,9,0.882783327783857,91
7,9,10,0.8527754658744449,91
8,1,2,0.8632388455527169,91
8,2,3,0.8291735024679274,91
8,3,4,0.8419113755226135,91
8,4,5,0.8654006804738726,91
8,5,6,0.8510918333416894,91
8,6,7,0.8341765119915917,91
8,7,8,0.8611963845434643,91
8,8,9,0.8993466354551769,91
8,9,10,0.865064697606223,91
9,1,2,0.8277282232329959,91
9,2,3,0.7729711532592773,91
9,3,4,0.8113592721167064,91
9,4,5,0.8130880565870375,91
9,5,6,0.8366330691746303,91
9,6,7,0.8491031045005435,91
9,7,8,0.8537039047195798,91
9,8,9,0.8863870756966727,91
9,9,10,0.8239660830724806,91
10,1,2,0.825751713344029,91
10,2,3,0.7278175808134533,91
10,3,4,0.8092276652654012,91
10,4,5,0.7999639936855861,91
10,5,6,0.8409748247691563,91
10,6,7,0.8328583410808018,91
10,7,8,0.8543560107549032,91
10,8,9,0.813384161109016,91
10,9,10,0.7953053230331057,91
11,1,2,0.43938314719569116,91
11,2,3,0.45894011571293786,91
11,3,4,0.8682885936328343,91
11,4,5,0.923517678465162,91
11,5,6,0.8370565289542788,91
11,6,7,0.820823765936352,91
11,7,8,0.6431623147357077,91
11,8,9,0.7183080358164651,91
11,9,10,0.652619454122725,91
0,1,2,0.9762735764185587,92
0,2,3,0.9788458983103434,92
0,3,4,0.9739423235257466,92
0,4,5,0.9756256143252054,92
0,5,6,0.9633881767590841,92
0,6,7,0.9313698450724284,92
0,7,8,0.9457255601882935,92
0,8,9,0.9753500342369079,92
0,9,10,0.9715658903121949,92
1,1,2,0.9229115605354309,92
1,2,3,0.9370424350102743,92
1,3,4,0.9356090704600016,92
1,4,5,0.9418886303901672,92
1,5,6,0.9353968501091003,92
1,6,7,0.9252648750940958,92
1,7,8,0.943017590045929,92
1,8,9,0.9254732131958008,92
1,9,10,0.9330867886543274,92
2,1,2,0.907983922958374,92
2,2,3,0.9188663363456726,92
2,3,4,0.9226648807525635,92
2,4,5,0.9321091651916504,92
2,5,6,0.9217890620231628,92
2,6,7,0.9092647751172384,92
2,7,8,0.9232615113258362,92
2,8,9,0.916376527150472,92
2,9,10,0.9137341141700744,92
3,1,2,0.8892589131991069,92
3,2,3,0.901427177588145,92
3,3,4,0.909710693359375,92
3,4,5,0.9208084185918172,92
3,5,6,0.915472153822581,92
3,6,7,0.8673339327176411,92
3,7,8,0.8772286017735799,92
3,8,9,0.9138728300730388,92
3,9,10,0.8736185193061828,92
4,1,2,0.8841626365979512,92
4,2,3,0.8956001440684,92
4,3,4,0.9015992363293965,92
4,4,5,0.9218827366828919,92
4,5,6,0.9192159652709961,92
4,6,7,0.8886075854301453,92
4,7,8,0.8966251611709595,92
4,8,9,0.9111396153767903,92
4,9,10,0.8757445851961771,92
5,1,2,0.8630645910898844,92
5,2,3,0.8708293040593466,92
5,3,4,0.8872752110163371,92
5,4,5,0.9128868261973063,92
5,5,6,0.9108077049255371,92
5,6,7,0.8792996327082316,92
5,7,8,0.8476658860842387,92
5,8,9,0.8218657215436299,92
5,9,10,0.8752729535102844,92
6,1,2,0.8550009608268738,92
6,2,3,0.8583901365598042,92
6,3,4,0.8695021986961364,92
6,4,5,0.8952681263287862,92
6,5,6,0.8845017631848653,92
6,6,7,0.8592559258143108,92
6,7,8,0.8816080729166667,92
6,8,9,0.8726795434951782,92
6,9,10,0.8554764707883199,92
7,1,2,0.863758099079132,92
7,2,3,0.8464982628822326,92
7,3,4,0.8604726870854695,92
7,4,5,0.884600027402242,92
7,5,6,0.8711541811625163,92
7,6,7,0.8471882343292236,92
7,7,8,0.8742329637209575,92
7,8,9,0.8834457357724508,92
7,9,10,0.848595670859019,92
8,1,2,0.8638575236002605,92
8,2,3,0.8251263697942098,92
8,3,4,0.8355475862820944,92
8,4,5,0.8649681409200033,92
8,5,6,0.8466934959093729,92
8,6,7,0.8195240696271261,92
8,7,8,0.8583768129348754,92
8,8,9,0.9002442399660746,92
8,9,10,0.8502092321713766,92
9,1,2,0.8283602356910705,92
9,2,3,0.7609435359636942,92
9,3,4,0.7930799682935079,92
9,4,5,0.8230953057607014,92
9,5,6,0.8458710114161173,92
9,6,7,0.8453402121861776,92
9,7,8,0.8489940206209818,92
9,8,9,0.8804427703221639,92
9,9,10,0.7965967257817587,92
10,1,2,0.8044127623240153,92
10,2,3,0.7087467670440674,92
10,3,4,0.7601540843645732,92
10,4,5,0.8011429866154989,92
10,5,6,0.7982382456461589,92
10,6,7,0.7882585287094116,92
10,7,8,0.836436943213145,92
10,8,9,0.7699971278508504,92
10,9,10,0.7729025999704997,92
11,1,2,0.4737392177184423,92
11,2,3,0.34464809944232305,92
11,3,4,0.6681308552622796,92
11,4,5,0.921647866566976,92
11,5,6,0.8315502961476644,92
11,6,7,0.7945281505584717,92
11,7,8,0.5902732198437055,92
11,8,9,0.592409293850263,92
11,9,10,0.5269865409781536,92
0,1,2,0.975607180595398,93
0,2,3,0.977268385887146,93
0,3,4,0.9740663568178812,93
0,4,5,0.9706083297729492,93
0,5,6,0.961751655737559,93
0,6,7,0.9247193614641825,93
0,7,8,0.9375420769055685,93
0,8,9,0.974695348739624,93
0,9,10,0.9648711999257406,93
1,1,2,0.9212833642959595,93
1,2,3,0.924211585521698,93
1,3,4,0.9244110147158305,93
1,4,5,0.9270117044448852,93
1,5,6,0.9324870387713114,93
1,6,7,0.9187421480814616,93
1,7,8,0.9390449126561483,93
1,8,9,0.9259661277135213,93
1,9,10,0.9258621295293172,93
2,1,2,0.9068134347597758,93
2,2,3,0.9119597752888997,93
2,3,4,0.9161200761795044,93
2,4,5,0.9245784560839335,93
2,5,6,0.9171459913253784,93
2,6,7,0.9026934663454692,93
2,7,8,0.9182695627212525,93
2,8,9,0.9182562907536824,93
2,9,10,0.9070401231447855,93
3,1,2,0.8859897454579672,93
3,2,3,0.8939274787902832,93
3,3,4,0.9071895559628804,93
3,4,5,0.9143624862035116,93
3,5,6,0.9098255316416423,93
3,6,7,0.8598342140515646,93
3,7,8,0.868041185537974,93
3,8,9,0.9141531745592754,93
3,9,10,0.8657353719075521,93
4,1,2,0.8830190777778626,93
4,2,3,0.8925056378046672,93
4,3,4,0.9038960059483846,93
4,4,5,0.9163315375645955,93
4,5,6,0.9163123726844787,93
4,6,7,0.8808735887209574,93
4,7,8,0.8893440008163452,93
4,8,9,0.9088505506515503,93
4,9,10,0.8725604216257731,93
5,1,2,0.8549138307571411,93
5,2,3,0.8630155404408772,93
5,3,4,0.8858545581499736,93
5,4,5,0.9046449422836303,93
5,5,6,0.9033211906750996,93
5,6,7,0.8711374004681905,93
5,7,8,0.872963261604309,93
5,8,9,0.8442258437474569,93
5,9,10,0.8715591192245483,93
6,1,2,0.8335058728853861,93
6,2,3,0.8350411415100097,93
6,3,4,0.8636839429537455,93
6,4,5,0.8870452443758646,93
6,5,6,0.8759381254514058,93
6,6,7,0.8517167647679647,93
6,7,8,0.8744323213895162,93
6,8,9,0.8636443932851156,93
6,9,10,0.8469773173332215,93
7,1,2,0.8537639419237772,93
7,2,3,0.8281222820281983,93
7,3,4,0.8494423588116964,93
7,4,5,0.8692765037218729,93
7,5,6,0.8425525863965352,93
7,6,7,0.8269717295964559,93
7,7,8,0.8593911449114482,93
7,8,9,0.868708610534668,93
7,9,10,0.8387222131093343,93
8,1,2,0.8545472264289856,93
8,2,3,0.8094570755958557,93
8,3,4,0.8341270764668782,93
8,4,5,0.8465385476748148,93
8,5,6,0.836591923236847,93
8,6,7,0.8142702778180441,93
8,7,8,0.8448238452275594,93
8,8,9,0.8971533894538879,93
8,9,10,0.8593519568443299,93
9,1,2,0.789935557047526,93
9,2,3,0.7198503573735555,93
9,3,4,0.7995732506116231,93
9,4,5,0.7844122926394145,93
9,5,6,0.8227240562438964,93
9,6,7,0.8428903460502625,93
9,7,8,0.8402955015500386,93
9,8,9,0.8804643233617147,93
9,9,10,0.8103004415829976,93
10,1,2,0.7995054284731548,93
10,2,3,0.6794114947319031,93
10,3,4,0.8069869160652161,93
10,4,5,0.7737671295801799,93
10,5,6,0.8292713324228923,93
10,6,7,0.82680211464564,93
10,7,8,0.8432568868001302,93
10,8,9,0.8106591780980428,93
10,9,10,0.8220885237058003,93
11,1,2,0.35515187780062357,93
11,2,3,0.3866599962115288,93
11,3,4,0.8184837182362874,93
11,4,5,0.8443189978599548,93
11,5,6,0.8469033439954122,93
11,6,7,0.8074872096379598,93
11,7,8,0.5584984744588534,93
11,8,9,0.740765392780304,93
11,9,10,0.6283517817656199,93
0,1,2,0.9699194658370245,94
0,2,3,0.9724815033731007,94
0,3,4,0.9734624766168141,94
0,4,5,0.9716115934508187,94
0,5,6,0.9651131998924982,94
0,6,7,0.9306653340657552,94
0,7,8,0.9449718849999564,94
0,8,9,0.9743810750189281,94
0,9,10,0.9674807276044574,94
1,1,2,0.9211104398682004,94
1,2,3,0.9294711691992623,94
1,3,4,0.9258549724306379,94
1,4,5,0.9326047868955702,94
1,5,6,0.9354987201236543,94
1,6,7,0.9199457679476056,94
1,7,8,0.9420436109815326,94
1,8,9,0.9296356212525141,94
1,9,10,0.9340298147428603,94
2,1,2,0.9112859425090608,94
2,2,3,0.9175222998573667,94
2,3,4,0.9195457980746314,94
2,4,5,0.9238944365864709,94
2,5,6,0.9246939761298043,94
2,6,7,0.9031475498562768,94
2,7,8,0.9190270929109483,94
2,8,9,0.9199312357675462,94
2,9,10,0.913909946169172,94
3,1,2,0.8951062474931989,94
3,2,3,0.8985259163947332,94
3,3,4,0.9033944748696827,94
3,4,5,0.9178691392853147,94
3,5,6,0.9218412297112601,94
3,6,7,0.8722641240982782,94
3,7,8,0.8808090317816961,94
3,8,9,0.9140025235357738,94
3,9,10,0.8793163044112069,94
4,1,2,0.8921731653667632,94
4,2,3,0.8964813976060777,94
4,3,4,0.8981182007562547,94
4,4,5,0.9181183122453236,94
4,5,6,0.9256950985817682,94
4,6,7,0.8894701174327305,94
4,7,8,0.8961282684689477,94
4,8,9,0.9080296045257932,94
4,9,10,0.8862514467466445,94
5,1,2,0.8698949302945819,94
5,2,3,0.8670655574117389,94
5,3,4,0.8799037280536833,94
5,4,5,0.9058301250139872,94
5,5,6,0.9100721223013741,94
5,6,7,0.8756179128374372,94
5,7,8,0.8528291270846412,94
5,8,9,0.8316128452618917,94
5,9,10,0.8843047987847101,94
6,1,2,0.8508775461287725,94
6,2,3,0.8354620280719939,94
6,3,4,0.8606940905253092,94
6,4,5,0.8941384071395511,94
6,5,6,0.8784857165245783,94
6,6,7,0.8571082381975084,94
6,7,8,0.8789040843645731,94
6,8,9,0.8716690824145362,94
6,9,10,0.8605182227634248,94
7,1,2,0.8582726489929926,94
7,2,3,0.8172517844608852,94
7,3,4,0.8382871463185265,94
7,4,5,0.8782930090313866,94
7,5,6,0.8525714732351757,94
7,6,7,0.8250712269828433,94
7,7,8,0.8671503521147228,94
7,8,9,0.8806407309713817,94
7,9,10,0.8515198287509737,94
8,1,2,0.8653208187648228,94
8,2,3,0.8089541367122105,94
8,3,4,0.8383919284457252,94
8,4,5,0.8523318313416981,94
8,5,6,0.8579386671384176,94
8,6,7,0.8302278887657892,94
8,7,8,0.8570909613654727,94
8,8,9,0.900100120476314,94
8,9,10,0.8600693345069885,94
9,1,2,0.809905177070981,94
9,2,3,0.7258481227216267,94
9,3,4,0.7931719734555199,94
9,4,5,0.7945222712698436,94
9,5,6,0.8444727886290777,94
9,6,7,0.8481120978082929,94
9,7,8,0.8600659086590722,94
9,8,9,0.8837868911879403,94
9,9,10,0.8196599256424677,94
10,1,2,0.8008843660354614,94
10,2,3,0.689535698720387,94
10,3,4,0.7474532567319416,94
10,4,5,0.8143956121944246,94
10,5,6,0.8193894227345785,94
10,6,7,0.8123279526120141,94
10,7,8,0.8463749913942247,94
10,8,9,0.7783599268822443,94
10,9,10,0.7831159489495414,94
11,1,2,0.43777706367628916,94
11,2,3,0.4557538752754529,94
11,3,4,0.6644337354671388,94
11,4,5,0.8577812399183001,94
11,5,6,0.853541096051534,94
11,6,7,0.8031701133364723,94
11,7,8,0.7510873221215748,94
11,8,9,0.6218356876855805,94
11,9,10,0.5759736336767673,94
0,1,2,0.9744543035825094,95
0,2,3,0.9762417435646057,95
0,3,4,0.9730178912480673,95
0,4,5,0.9767960906028748,95
0,5,6,0.960685666402181,95
0,6,7,0.923121988773346,95
0,7,8,0.9419991095860799,95
0,8,9,0.9758590181668599,95
0,9,10,0.9711217959721883,95
1,1,2,0.9252253214518229,95
1,2,3,0.935442038377126,95
1,3,4,0.9318316102027893,95
1,4,5,0.9419316331545512,95
1,5,6,0.9331646005312602,95
1,6,7,0.9167445381482442,95
1,7,8,0.9426139275232951,95
1,8,9,0.9292136232058207,95
1,9,10,0.9383671243985494,95
2,1,2,0.913584844271342,95
2,2,3,0.9199495037396749,95
2,3,4,0.9277433117230733,95
2,4,5,0.9345582485198974,95
2,5,6,0.9241289456685384,95
2,6,7,0.902469801902771,95
2,7,8,0.9249588489532471,95
2,8,9,0.9200677076975504,95
2,9,10,0.9223994016647339,95
3,1,2,0.8965397914250691,95
3,2,3,0.8999005516370138,95
3,3,4,0.9155890583992005,95
3,4,5,0.9274621685345967,95
3,5,6,0.9222950537999471,95
3,6,7,0.8722223122914632,95
3,7,8,0.8847760240236918,95
3,8,9,0.915910534063975,95
3,9,10,0.8861059745152792,95
4,1,2,0.8950547814369202,95
4,2,3,0.896154769261678,95
4,3,4,0.9086344083150227,95
4,4,5,0.9257253567377727,95
4,5,6,0.9255017399787903,95
4,6,7,0.8884642203648885,95
4,7,8,0.9013360182444254,95
4,8,9,0.9093838969866435,95
4,9,10,0.8908008853594462,95
5,1,2,0.8756133516629537,95
5,2,3,0.8632133364677429,95
5,3,4,0.8870238820711772,95
5,4,5,0.9115511695543925,95
5,5,6,0.9118434190750122,95
5,6,7,0.874772556622823,95
5,7,8,0.86268417040507,95
5,8,9,0.8385531822840373,95
5,9,10,0.8918067296346028,95
6,1,2,0.8532589395840963,95
6,2,3,0.8281746784845988,95
6,3,4,0.8641525030136108,95
6,4,5,0.894823145866394,95
6,5,6,0.880001163482666,95
6,6,7,0.8474069476127625,95
6,7,8,0.8789675951004028,95
6,8,9,0.8708822210629781,95
6,9,10,0.8667278607686361,95
7,1,2,0.8493993838628133,95
7,2,3,0.8011755069096883,95
7,3,4,0.8374497691790262,95
7,4,5,0.8791606148084005,95
7,5,6,0.8531654755274455,95
7,6,7,0.8147666255633036,95
7,7,8,0.867704200744629,95
7,8,9,0.8752944588661193,95
7,9,10,0.8394733111063639,95
8,1,2,0.8587048967679342,95
8,2,3,0.7966167807579041,95
8,3,4,0.8331153750419616,95
8,4,5,0.8514201362927755,95
8,5,6,0.8523149689038595,95
8,6,7,0.8116856058438618,95
8,7,8,0.8561698913574218,95
8,8,9,0.8976414481798808,95
8,9,10,0.8569956421852112,95
9,1,2,0.7829965194066365,95
9,2,3,0.6891114989916484,95
9,3,4,0.7886953512827556,95
9,4,5,0.7879968007405599,95
9,5,6,0.845118522644043,95
9,6,7,0.856512725353241,95
9,7,8,0.8613520820935567,95
9,8,9,0.8880981643994649,95
9,9,10,0.817538046836853,95
10,1,2,0.778924028078715,95
10,2,3,0.631945921977361,95
10,3,4,0.739791609843572,95
10,4,5,0.812064266204834,95
10,5,6,0.8109253923098246,95
10,6,7,0.8042617122332255,95
10,7,8,0.8423283179601033,95
10,8,9,0.7814085046450298,95
10,9,10,0.8166938821474711,95
11,1,2,0.3479690760374069,95
11,2,3,0.32477909574906033,95
11,3,4,0.6441922674576441,95
11,4,5,0.8490198373794555,95
11,5,6,0.8659327785174052,95
11,6,7,0.7991979241371154,95
11,7,8,0.7597870508829753,95
11,8,9,0.6180230841040611,95
11,9,10,0.5410331559677919,95
0,1,2,0.9697217881679535,96
0,2,3,0.9698249220848083,96
0,3,4,0.9751006066799164,96
0,4,5,0.9714414417743683,96
0,5,6,0.9602197885513306,96
0,6,7,0.931187629699707,96
0,7,8,0.9403320550918579,96
0,8,9,0.9697360575199128,96
0,9,10,0.9634308397769928,96
1,1,2,0.9069628775119781,96
1,2,3,0.9120515704154968,96
1,3,4,0.9285690605640411,96
1,4,5,0.93144371509552,96
1,5,6,0.9317871510982514,96
1,6,7,0.9244973599910736,96
1,7,8,0.9374249041080475,96
1,8,9,0.9170249581336976,96
1,9,10,0.922581422328949,96
2,1,2,0.8893121778964996,96
2,2,3,0.9037199676036834,96
2,3,4,0.9151981711387634,96
2,4,5,0.920917171239853,96
2,5,6,0.9193876683712006,96
2,6,7,0.9070449352264405,96
2,7,8,0.9152454376220703,96
2,8,9,0.9078304052352906,96
2,9,10,0.9020409047603607,96
3,1,2,0.8715490996837616,96
3,2,3,0.8879436612129211,96
3,3,4,0.9001748502254486,96
3,4,5,0.9079697906970978,96
3,5,6,0.913376796245575,96
3,6,7,0.867022979259491,96
3,7,8,0.8660376131534576,96
3,8,9,0.904634290933609,96
3,9,10,0.8609290421009064,96
4,1,2,0.871134614944458,96
4,2,3,0.8868649542331696,96
4,3,4,0.8928923666477203,96
4,4,5,0.9093616664409637,96
4,5,6,0.9174967706203461,96
4,6,7,0.887978595495224,96
4,7,8,0.8881305873394012,96
4,8,9,0.8980064153671264,96
4,9,10,0.8657567262649536,96
5,1,2,0.8537092328071594,96
5,2,3,0.8630980134010315,96
5,3,4,0.878248643875122,96
5,4,5,0.8982890367507934,96
5,5,6,0.903762948513031,96
5,6,7,0.8766365706920624,96
5,7,8,0.8576185882091523,96
5,8,9,0.83488729596138,96
5,9,10,0.8678877651691437,96
6,1,2,0.8403369426727295,96
6,2,3,0.8397641241550445,96
6,3,4,0.8610612213611603,96
6,4,5,0.8815106093883515,96
6,5,6,0.8769052267074585,96
6,6,7,0.8468965232372284,96
6,7,8,0.8765241503715515,96
6,8,9,0.8653687536716461,96
6,9,10,0.844132661819458,96
7,1,2,0.8584269464015961,96
7,2,3,0.8413392424583435,96
7,3,4,0.8465141117572784,96
7,4,5,0.8712607026100159,96
7,5,6,0.8607348501682281,96
7,6,7,0.8531178832054138,96
7,7,8,0.8591089904308319,96
7,8,9,0.8749511122703553,96
7,9,10,0.8510651826858521,96
8,1,2,0.8561533331871033,96
8,2,3,0.8211482167243958,96
8,3,4,0.8273875951766968,96
8,4,5,0.8445616722106933,96
8,5,6,0.8433186113834381,96
8,6,7,0.8346001982688904,96
8,7,8,0.8495622038841247,96
8,8,9,0.8828566253185273,96
8,9,10,0.8583489000797272,96
9,1,2,0.8245248854160309,96
9,2,3,0.7548739671707153,96
9,3,4,0.7768997609615326,96
9,4,5,0.791585510969162,96
9,5,6,0.8130906403064728,96
9,6,7,0.8404028832912445,96
9,7,8,0.8415100574493408,96
9,8,9,0.8703939855098725,96
9,9,10,0.8014896273612976,96
10,1,2,0.8061047613620758,96
10,2,3,0.7045507431030273,96
10,3,4,0.7355776011943818,96
10,4,5,0.7716418385505677,96
10,5,6,0.8122584462165833,96
10,6,7,0.8274578928947449,96
10,7,8,0.8605242252349854,96
10,8,9,0.7798573255538941,96
10,9,10,0.8262279689311981,96
11,1,2,0.33891233839094637,96
11,2,3,0.34622379168868067,96
11,3,4,0.5876701317727566,96
11,4,5,0.910493403673172,96
11,5,6,0.8407870292663574,96
11,6,7,0.8263621807098389,96
11,7,8,0.6667824387550354,96
11,8,9,0.6543598517775535,96
11,9,10,0.581843819655478,96
0,1,2,0.9716502130031586,97
0,2,3,0.9694458425045014,97
0,3,4,0.9761896252632141,97
0,4,5,0.9730677604675293,97
0,5,6,0.9597495675086976,97
0,6,7,0.935673052072525,97
0,7,8,0.94028799533844,97
0,8,9,0.9740623414516449,97
0,9,10,0.9636098325252533,97
1,1,2,0.9189954817295074,97
1,2,3,0.920188444852829,97
1,3,4,0.9318748593330384,97
1,4,5,0.9356581389904022,97
1,5,6,0.931830781698227,97
1,6,7,0.9293259739875793,97
1,7,8,0.9384807646274567,97
1,8,9,0.9275845289230347,97
1,9,10,0.9287951469421387,97
2,1,2,0.9080242156982422,97
2,2,3,0.9129709541797638,97
2,3,4,0.919724452495575,97
2,4,5,0.9275515675544739,97
2,5,6,0.9200469434261322,97
2,6,7,0.9042451977729797,97
2,7,8,0.9118204295635224,97
2,8,9,0.9195392847061157,97
2,9,10,0.9124175846576691,97
3,1,2,0.8890275418758392,97
3,2,3,0.8992956817150116,97
3,3,4,0.9045786261558533,97
3,4,5,0.915898197889328,97
3,5,6,0.9158447802066803,97
3,6,7,0.8696558356285096,97
3,7,8,0.8750081360340118,97
3,8,9,0.9153430342674256,97
3,9,10,0.874683678150177,97
4,1,2,0.8860505223274231,97
4,2,3,0.9005317926406861,97
4,3,4,0.8989131808280945,97
4,4,5,0.9171127378940582,97
4,5,6,0.9222963988780976,97
4,6,7,0.8900848209857941,97
4,7,8,0.89247927069664,97
4,8,9,0.9122354805469512,97
4,9,10,0.8794815361499786,97
5,1,2,0.8599367201328277,97
5,2,3,0.8788149952888489,97
5,3,4,0.8852925479412079,97
5,4,5,0.9069224655628204,97
5,5,6,0.9123407781124115,97
5,6,7,0.8827402889728546,97
5,7,8,0.8643560349941254,97
5,8,9,0.8531740069389343,97
5,9,10,0.8786407470703125,97
6,1,2,0.8459867000579834,97
6,2,3,0.8563946306705474,97
6,3,4,0.8770089089870453,97
6,4,5,0.89246945977211,97
6,5,6,0.8906872868537903,97
6,6,7,0.8687572598457336,97
6,7,8,0.8832496166229248,97
6,8,9,0.874988341331482,97
6,9,10,0.8550575971603394,97
7,1,2,0.8709632158279419,97
7,2,3,0.8625081241130829,97
7,3,4,0.8677461206912994,97
7,4,5,0.8797939538955688,97
7,5,6,0.878987044095993,97
7,6,7,0.8689147770404816,97
7,7,8,0.8718107283115387,97
7,8,9,0.8849684119224548,97
7,9,10,0.8621489644050598,97
8,1,2,0.8747172355651855,97
8,2,3,0.8366888105869293,97
8,3,4,0.8470287084579468,97
8,4,5,0.8713580131530761,97
8,5,6,0.8559337198734284,97
8,6,7,0.8420926451683044,97
8,7,8,0.86646488904953,97
8,8,9,0.8999079287052154,97
8,9,10,0.8808939576148986,97
9,1,2,0.8302103042602539,97
9,2,3,0.7806495189666748,97
9,3,4,0.8227443754673004,97
9,4,5,0.8127074062824249,97
9,5,6,0.8426808774471283,97
9,6,7,0.8524737358093262,97
9,7,8,0.861363822221756,97
9,8,9,0.8877100646495819,97
9,9,10,0.8432219684123993,97
10,1,2,0.8338131129741668,97
10,2,3,0.7332242131233215,97
10,3,4,0.8214950025081634,97
10,4,5,0.7923935174942016,97
10,5,6,0.8768678903579712,97
10,6,7,0.8760671079158783,97
10,7,8,0.8806612193584442,97
10,8,9,0.8376531004905701,97
10,9,10,0.7945168554782868,97
11,1,2,0.5325501400977373,97
11,2,3,0.44695192351937296,97
11,3,4,0.8948158502578736,97
11,4,5,0.9195380985736847,97
11,5,6,0.8373476505279541,97
11,6,7,0.8319224417209625,97
11,7,8,0.7055377990007401,97
11,8,9,0.739235731959343,97
11,9,10,0.7067240893840789,97
0,1,2,0.9819896658261617,98
0,2,3,0.9785766998926798,98
0,3,4,0.9802809834480286,98
0,4,5,0.9764390071233113,98
0,5,6,0.9702902833620707,98
0,6,7,0.9430007219314576,98
0,7,8,0.951296083132426,98
0,8,9,0.9777412970860799,98
0,9,10,0.9723950306574504,98
1,1,2,0.9348069111506144,98
1,2,3,0.9286673069000244,98
1,3,4,0.9366765220959982,98
1,4,5,0.9399561603864034,98
1,5,6,0.9448066314061483,98
1,6,7,0.9351686358451843,98
1,7,8,0.9506102085113526,98
1,8,9,0.9350074052810669,98
1,9,10,0.9372033715248108,98
2,1,2,0.9181103825569152,98
2,2,3,0.9189394315083822,98
2,3,4,0.9280108372370403,98
2,4,5,0.935941469669342,98
2,5,6,0.9337438424428304,98
2,6,7,0.922211782137553,98
2,7,8,0.9337181011835735,98
2,8,9,0.9312714258829753,98
2,9,10,0.9227349122365316,98
3,1,2,0.8988831003506979,98
3,2,3,0.9046678503354391,98
3,3,4,0.919367512067159,98
3,4,5,0.9259427269299825,98
3,5,6,0.9278398553530375,98
3,6,7,0.8874744574228922,98
3,7,8,0.8930278778076172,98
3,8,9,0.926994792620341,98
3,9,10,0.8904303153355916,98
4,1,2,0.8982014020284017,98
4,2,3,0.9063773512840271,98
4,3,4,0.9183201829592387,98
4,4,5,0.9272663235664368,98
4,5,6,0.9346531867980957,98
4,6,7,0.9047669053077698,98
4,7,8,0.9138858437538147,98
4,8,9,0.9204379717508951,98
4,9,10,0.8934458136558533,98
5,1,2,0.8764595627784729,98
5,2,3,0.8758273363113404,98
5,3,4,0.9022298455238342,98
5,4,5,0.9159083048502604,98
5,5,6,0.916077705224355,98
5,6,7,0.8877068161964417,98
5,7,8,0.9171054045359294,98
5,8,9,0.8979647159576416,98
5,9,10,0.8958967765172322,98
6,1,2,0.8484537601470947,98
6,2,3,0.840072242418925,98
6,3,4,0.8825827240943909,98
6,4,5,0.9020869970321655,98
6,5,6,0.8932203809420268,98
6,6,7,0.8655635515848795,98
6,7,8,0.8968511501948039,98
6,8,9,0.8820560415585835,98
6,9,10,0.8716944058736166,98
7,1,2,0.8646876255671183,98
7,2,3,0.83433465162913,98
7,3,4,0.8652476509412129,98
7,4,5,0.8883810440699259,98
7,5,6,0.8609168450037639,98
7,6,7,0.8634684125582377,98
7,7,8,0.8840776880582174,98
7,8,9,0.8961781899134318,98
7,9,10,0.8711472233136495,98
8,1,2,0.880570403734843,98
8,2,3,0.8401588757832845,98
8,3,4,0.8632492105166117,98
8,4,5,0.864022696018219,98
8,5,6,0.8615431586901346,98
8,6,7,0.8733092824618022,98
8,7,8,0.8750952323277791,98
8,8,9,0.9122806111971538,98
8,9,10,0.8982059439023335,98
9,1,2,0.8047927260398865,98
9,2,3,0.7481343587239583,98
9,3,4,0.8383960048357646,98
9,4,5,0.8126793940862019,98
9,5,6,0.8485299587249756,98
9,6,7,0.8817631761233012,98
9,7,8,0.8723772525787353,98
9,8,9,0.8966423948605855,98
9,9,10,0.8570636590321858,98
10,1,2,0.855482014020284,98
10,2,3,0.7615593314170838,98
10,3,4,0.8669445514678955,98
10,4,5,0.8006829182306926,98
10,5,6,0.9157380183537801,98
10,6,7,0.9243054469426473,98
10,7,8,0.8902068654696147,98
10,8,9,0.894212253888448,98
10,9,10,0.8809722542762757,98
11,1,2,0.3281454525887966,98
11,2,3,0.5877210840582847,98
11,3,4,0.867213769753774,98
11,4,5,0.8500597755114238,98
11,5,6,0.8422465364138285,98
11,6,7,0.8702869613965353,98
11,7,8,0.625567352771759,98
11,8,9,0.8707702954610189,98
11,9,10,0.8038472016652425,98
0,1,2,0.9755828749565851,99
0,2,3,0.9761284504617963,99
0,3,4,0.9753250905445644,99
0,4,5,0.9734253854978652,99
0,5,6,0.9607475996017456,99
0,6,7,0.9266056673867362,99
0,7,8,0.9423686351094928,99
0,8,9,0.9748844248907906,99
0,9,10,0.9662494659423828,99
1,1,2,0.9285444106374469,99
1,2,3,0.9313946564992269,99
1,3,4,0.9311918531145368,99
1,4,5,0.9357878054891314,99
1,5,6,0.9338195806457883,99
1,6,7,0.9211992649804979,99
1,7,8,0.9428731969424656,99
1,8,9,0.930611911274138,99
1,9,10,0.9324069732711429,99
2,1,2,0.914679541474297,99
2,2,3,0.916965989839463,99
2,3,4,0.9208345186142695,99
2,4,5,0.9296483482633319,99
2,5,6,0.9216009321666899,99
2,6,7,0.9049617733274188,99
2,7,8,0.9240954035804385,99
2,8,9,0.9238831457637605,99
2,9,10,0.914893993309566,99
3,1,2,0.8922316573915028,99
3,2,3,0.8977988333929152,99
3,3,4,0.9111918920562381,99
3,4,5,0.9206268588701884,99
3,5,6,0.9175371272223336,99
3,6,7,0.8700185418128967,99
3,7,8,0.8796111345291138,99
3,8,9,0.9201164699736095,99
3,9,10,0.8784760123207456,99
4,1,2,0.8900479447273981,99
4,2,3,0.8968669261251178,99
4,3,4,0.908556960877918,99
4,4,5,0.9217123218945095,99
4,5,6,0.9229342398189363,99
4,6,7,0.887647773538317,99
4,7,8,0.8993453156380427,99
4,8,9,0.9128205407233465,99
4,9,10,0.8829624085199266,99
5,1,2,0.8643161654472351,99
5,2,3,0.8641209573972792,99
5,3,4,0.8898271662848336,99
5,4,5,0.9081973688943046,99
5,5,6,0.9061879089900425,99
5,6,7,0.871664841969808,99
5,7,8,0.8850738065583366,99
5,8,9,0.8627944191296896,99
5,9,10,0.8835394212177822,99
6,1,2,0.8406848566872733,99
6,2,3,0.8285915652910868,99
6,3,4,0.8667029937108358,99
6,4,5,0.8924023367109752,99
6,5,6,0.8812745724405561,99
6,6,7,0.8484187892505101,99
6,7,8,0.8804293360028949,99
6,8,9,0.8721780862127032,99
6,9,10,0.8586091910089765,99
7,1,2,0.850655095917838,99
7,2,3,0.814269849232265,99
7,3,4,0.8465102712313334,99
7,4,5,0.8766060414768401,99
7,5,6,0.8465244202386766,99
7,6,7,0.8263257458096459,99
7,7,8,0.8679195841153463,99
7,8,9,0.8781741658846537,99
7,9,10,0.8454856077829996,99
8,1,2,0.8612587139720008,99
8,2,3,0.8111969856988817,99
8,3,4,0.8389089050747099,99
8,4,5,0.8514566960788909,99
8,5,6,0.8499045712607247,99
8,6,7,0.8248968720436096,99
8,7,8,0.8573844035466512,99
8,8,9,0.9038053580692836,99
8,9,10,0.8690015900702703,99
9,1,2,0.7787944163594928,99
9,2,3,0.7049629376048133,99
9,3,4,0.8102152177265712,99
9,4,5,0.7909608199482873,99
9,5,6,0.8351497224399022,99
9,6,7,0.8558377396492731,99
9,7,8,0.8544479040872484,99
9,8,9,0.8890841972260248,99
9,9,10,0.8284717826616197,99
10,1,2,0.7985710217839196,99
10,2,3,0.6686991595086598,99
10,3,4,0.8205455428078061,99
10,4,5,0.8056906915846325,99
10,5,6,0.8539972390447345,99
10,6,7,0.848007395153954,99
10,7,8,0.8510608673095703,99
10,8,9,0.8313820078259423,99
10,9,10,0.8377178481646946,99
11,1,2,0.29256574454761686,99
11,2,3,0.38830025529577616,99
11,3,4,0.8302705344699678,99
11,4,5,0.8591116212663197,99
11,5,6,0.845937328679221,99
11,6,7,0.831662484577724,99
11,7,8,0.661578547386896,99
11,8,9,0.7715619745708647,99
11,9,10,0.6802644090993064,99
