layer_from,layer_to,k_used,variance_threshold,residual_fro,rotation,boot_id
0,1,5,,1.1995223760604858,"[[ 0.40778992  0.8472092   0.33011475  0.05228578  0.06507138]
 [ 0.7621978  -0.49862424  0.32375672  0.23030189 -0.11212082]
 [-0.4280158  -0.13994373  0.8842838  -0.08675042  0.08794708]
 [-0.2381856   0.05697111 -0.01767439  0.96731526  0.06333014]
 [ 0.11327864 -0.10382852 -0.06273403 -0.03166676  0.9856213 ]]",0
1,2,5,,1.3862563371658325,"[[ 0.94069976 -0.30891457 -0.01778171  0.13620578  0.02806359]
 [ 0.01574771  0.01253424  0.99535954  0.06385224 -0.06911727]
 [ 0.31980422  0.9148285   0.0067223  -0.16982354  0.17868657]
 [ 0.08116403 -0.19267894  0.0576099  -0.97247547 -0.08520465]
 [-0.07728943 -0.17429389  0.07469354 -0.05312573  0.9773671 ]]",0
2,3,5,,1.3501267433166504,"[[-0.8856894  -0.44508383  0.12122746 -0.00700025  0.05205406]
 [-0.31782168  0.7832175   0.5314927   0.01496821  0.05339514]
 [ 0.33103445 -0.4327986   0.8381751  -0.01010679 -0.02148827]
 [ 0.00168937 -0.01913161  0.00141546  0.99980766 -0.0036806 ]
 [ 0.07040624 -0.02810704 -0.0167239   0.00303707  0.99697745]]",0
3,4,5,,1.0866053104400635,"[[ 9.8789126e-01 -9.3945637e-02  1.0790916e-01 -4.0220376e-02
  -4.4531271e-02]
 [-1.3652141e-01 -3.8065937e-01  9.1439652e-01 -1.7426910e-02
   5.9654075e-03]
 [ 4.3652888e-02  9.1983539e-01  3.8928106e-01 -1.3942458e-02
  -1.6223079e-02]
 [ 4.6010867e-02  4.8560286e-03  2.6349027e-02  9.8060054e-01
   1.8864739e-01]
 [ 3.7552733e-02  1.2329430e-02  7.0885720e-04 -1.9054374e-01
   9.8088247e-01]]",0
4,5,5,,1.0770748853683472,"[[ 0.69777894  0.7084089  -0.07186152  0.07521475 -0.02097845]
 [-0.6518776   0.688345    0.21959423 -0.22980127 -0.01437193]
 [-0.28414533  0.14455666 -0.42206877  0.8422356  -0.10422021]
 [-0.08508198  0.0477156  -0.87367684 -0.4586919   0.12951761]
 [-0.01351697  0.03412598  0.0718401   0.1475636   0.98575693]]",0
5,6,5,,1.1075725555419922,"[[ 9.62428927e-01  1.04255714e-01 -1.96869597e-01  1.14725076e-01
  -1.04602583e-01]
 [-9.01807025e-02  9.88867104e-01  1.53071203e-04 -1.14498861e-01
   2.99850982e-02]
 [-2.21366525e-01  4.53337803e-02 -7.67407358e-01  5.91397405e-01
   1.01374559e-01]
 [-2.06665546e-02 -9.29660350e-02 -6.07662678e-01 -7.88454890e-01
  -3.89664550e-03]
 [-1.27152026e-01  2.39705518e-02 -5.54470457e-02  4.81267422e-02
  -9.88871694e-01]]",0
6,7,5,,1.140851616859436,"[[ 9.2231727e-01 -3.4708634e-01 -3.6279235e-02  5.0371204e-02
  -1.5814120e-01]
 [ 3.4390765e-01  8.9976150e-01  2.3523992e-01  1.2844501e-01
   1.7912295e-02]
 [-4.5799945e-02 -2.2777703e-01  9.7083002e-01 -5.8611263e-02
  -8.5814809e-03]
 [-9.9968448e-02 -1.0968945e-01  2.8888097e-02  9.8791027e-01
  -3.4252394e-02]
 [-1.3772134e-01  7.7757426e-02  6.3881889e-04 -3.9529148e-02
  -9.8662227e-01]]",0
7,8,5,,1.1927204132080078,"[[ 0.99573964  0.08955188  0.00409123  0.01910071  0.01007247]
 [ 0.06386375 -0.74531436  0.6612102   0.04301046 -0.03713527]
 [ 0.06614873 -0.64397043 -0.72044504 -0.23959316 -0.06693652]
 [ 0.00638813  0.13418452  0.20902061 -0.96544486 -0.07861468]
 [-0.00274469 -0.06151028 -0.00732358 -0.09108548  0.99391085]]",0
8,9,5,,1.8956972360610962,"[[ 0.800861    0.5678648   0.09288248 -0.0492487   0.15842578]
 [ 0.07223399 -0.27228564  0.8946689  -0.34606066 -0.02127202]
 [-0.5356326   0.7715759   0.22532667 -0.12233393 -0.22810204]
 [-0.0904649   0.05769617  0.36914915  0.8713357   0.30494317]
 [-0.24149075  0.06878828 -0.06242863 -0.32190862  0.91072935]]",0
9,10,5,,1.4745919704437256,"[[ 0.9778941  -0.18990166  0.02593553  0.08275663  0.01179692]
 [-0.00719327 -0.1430566  -0.98212564  0.04854836  0.11204994]
 [ 0.14120336  0.89362615 -0.10718074  0.41104016  0.03243694]
 [ 0.15393452  0.38046446 -0.10807461 -0.90346354 -0.06020461]
 [-0.00609595  0.01229623  0.1076503  -0.07479414  0.9912764 ]]",0
10,11,5,,1.8563116788864136,"[[ 0.84234023 -0.20468244  0.261268    0.29537892  0.30505475]
 [-0.30467477  0.16688837  0.74015594  0.5389609  -0.20251393]
 [ 0.24638824  0.9635994  -0.08030654 -0.02615056  0.06030065]
 [ 0.06566913  0.00923746  0.6129878  -0.7850161   0.05998302]
 [-0.36416563  0.04055086  0.04129302  0.07306352  0.9266583 ]]",0
0,1,5,,1.232901930809021,"[[ 0.23966506  0.85223854  0.4601161  -0.03191634  0.05936897]
 [-0.7758731   0.43239725 -0.41648954 -0.18661572  0.05257883]
 [ 0.5331891   0.28274608 -0.77522683  0.13113433 -0.13263167]
 [-0.20674028  0.07056396  0.03358601  0.97167057  0.08371037]
 [ 0.11640172 -0.04239723 -0.11280504 -0.05306541  0.9844349 ]]",1
1,2,5,,1.416571021080017,"[[-0.827568   -0.5485892   0.02622285  0.11498562  0.01648539]
 [ 0.19035614 -0.22061348  0.9428759   0.11823236 -0.1100017 ]
 [-0.50861645  0.7487069   0.32478905 -0.19087149  0.19704688]
 [ 0.00728706 -0.21507706  0.04833445 -0.959836   -0.17339954]
 [ 0.1419576  -0.20870903  0.04973174 -0.12281027  0.9585056 ]]",1
2,3,5,,1.3417893648147583,"[[-7.2504842e-01 -6.7969632e-01 -8.4893614e-02  2.7369097e-02
  -6.6043139e-02]
 [ 6.2403697e-01 -7.0823544e-01  3.2767379e-01  2.8232949e-02
   2.8516870e-02]
 [-2.8386477e-01  1.8506233e-01  9.4082886e-01 -3.5922709e-03
   9.2078367e-04]
 [-1.2155806e-04  3.8780075e-02 -3.8710935e-03  9.9901527e-01
   2.1201903e-02]
 [-6.5600887e-02 -2.5757767e-02 -1.5779538e-02 -2.0232288e-02
   9.9718338e-01]]",1
3,4,5,,1.0650211572647095,"[[ 0.94786686  0.07989837 -0.3051685   0.00755299  0.04449333]
 [ 0.28593352  0.17334045  0.9405729  -0.02663445  0.05299338]
 [-0.12694465  0.9812414  -0.14146625 -0.02104577 -0.02438673]
 [-0.01427696  0.02642041  0.01594243  0.9792426   0.19981948]
 [-0.05891957  0.00604771 -0.04390794 -0.19968593  0.9770822 ]]",1
4,5,5,,1.0624381303787231,"[[ 8.7485600e-01 -4.7956410e-01 -6.8135664e-02  8.8910887e-04
  -1.3923086e-03]
 [ 4.6827072e-01  8.6671609e-01 -8.4813312e-02  1.3987343e-01
  -5.2609533e-02]
 [-5.0964274e-02 -1.1035042e-01  1.3276300e-01  9.7721237e-01
   1.1249609e-01]
 [ 1.1023794e-01  6.1234046e-02  9.8142183e-01 -1.2834001e-01
   6.6618703e-02]
 [ 2.4487371e-02  5.3801510e-02 -8.5728914e-02 -9.4970755e-02
   9.9001855e-01]]",1
5,6,5,,1.0775641202926636,"[[-0.8228275  -0.52250147  0.19899508 -0.0862869  -0.05387514]
 [-0.512317    0.84889627  0.04959544 -0.10907965 -0.05048171]
 [ 0.19105737  0.06108738  0.96825117 -0.04719811  0.14151862]
 [-0.10871802  0.05006588  0.08114586  0.98424184 -0.1017694 ]
 [-0.11028914  0.01135946 -0.11767043  0.09847032  0.9819188 ]]",1
6,7,5,,1.1104282140731812,"[[-0.84270436 -0.52068967 -0.05836746  0.04292192 -0.1161138 ]
 [-0.51326865  0.81486785  0.23924631  0.12366931 -0.00357956]
 [ 0.08690656 -0.23807134  0.9650478   0.06167956 -0.02545107]
 [ 0.09377107 -0.06538086 -0.08722141  0.9893593   0.022202  ]
 [-0.10029364 -0.06260984  0.02072937 -0.01508018  0.99265504]]",1
7,8,5,,1.2381614446640015,"[[-0.94910884 -0.3128271   0.02776925 -0.0055695   0.0230084 ]
 [ 0.22143689 -0.60537845  0.76323354  0.0436754  -0.00705181]
 [ 0.22131824 -0.73098844 -0.64130235 -0.055216   -0.04854556]
 [ 0.00333775  0.01513383  0.06828924 -0.9973525   0.01960662]
 [ 0.03413429 -0.03290896 -0.0277742   0.01733922  0.9983385 ]]",1
8,9,5,,1.638405203819275,"[[-0.455071    0.8811739   0.05067284 -0.11771233  0.00435915]
 [-0.23492008 -0.1170461   0.8736752   0.4089709   0.02338867]
 [ 0.8396432   0.4430441   0.2158982   0.15734167 -0.16535662]
 [ 0.12266301 -0.07969194  0.43080923 -0.8803475   0.13414457]
 [ 0.1329515   0.08481647 -0.04376174  0.13827     0.97677857]]",1
9,10,5,,1.353958249092102,"[[ 0.53902155  0.81743777 -0.17025587 -0.10991439  0.01352361]
 [ 0.3535487  -0.41145965 -0.81969905 -0.03431055  0.1806113 ]
 [-0.70949906  0.39021245 -0.5309059   0.23427272 -0.08718071]
 [ 0.24816318 -0.01768511  0.07881902  0.9652278   0.01500953]
 [-0.13958895  0.09958807  0.10503753  0.01390517  0.97947484]]",1
10,11,5,,1.753465175628662,"[[-0.40570825 -0.266663   -0.614415   -0.5774456  -0.23096013]
 [-0.8942577   0.26669866  0.27212605  0.23142076 -0.03958306]
 [ 0.14093424  0.9219406  -0.31453782 -0.16062288 -0.07368348]
 [ 0.03414444  0.08570457  0.65738046 -0.7467861  -0.04062595]
 [-0.12114306  0.02104456 -0.13175224 -0.17179048  0.9685096 ]]",1
0,1,5,,1.2050269842147827,"[[ 0.41479057  0.8455278   0.3235063   0.06496177  0.06446127]
 [-0.7486106   0.507023   -0.3382081  -0.23904288  0.10480233]
 [-0.43774417 -0.12147098  0.88155013 -0.0972323   0.08390452]
 [-0.2507336   0.04972604 -0.02066181  0.9618221   0.09555738]
 [ 0.11420851 -0.10383923 -0.05832055 -0.06389447  0.9842205 ]]",2
1,2,5,,1.3801251649856567,"[[ 9.37786400e-01 -3.14918518e-01  4.60661203e-02  1.35545850e-01
   2.98012570e-02]
 [-6.87530730e-04  1.64781734e-01  9.81344521e-01  6.95805624e-02
  -7.04845041e-02]
 [ 3.28521341e-01  9.02250469e-01 -1.26118958e-01 -1.73209682e-01
   1.79193303e-01]
 [ 7.95225278e-02 -1.78523004e-01  9.01088491e-02 -9.69134390e-01
  -1.20268926e-01]
 [-7.94102103e-02 -1.66574091e-01  1.03996746e-01 -8.69643316e-02
   9.73431528e-01]]",2
2,3,5,,1.3550703525543213,"[[-0.87850344 -0.45357722  0.13988192 -0.0124133   0.05270999]
 [-0.27617362  0.73171777  0.6215061   0.00355397  0.04510892]
 [ 0.3835083  -0.5079668   0.7706013  -0.01643141 -0.028192  ]
 [-0.00230834 -0.0170204   0.01193174  0.9996044   0.01880826]
 [ 0.06982755 -0.02316855 -0.0139499  -0.01882626  0.99701476]]",2
3,4,5,,1.0927294492721558,"[[ 9.9118698e-01 -9.1014691e-02 -7.1100123e-02 -3.9462134e-02
  -5.1498573e-02]
 [-9.5710091e-02 -2.7370408e-01 -9.5564342e-01 -5.1681980e-02
   5.8915495e-04]
 [ 6.6146031e-02  9.5743686e-01 -2.7950895e-01 -2.4817478e-02
  -1.4082247e-02]
 [ 4.4909492e-02  7.5924592e-03 -5.9583701e-02  9.8044974e-01
   1.8191664e-01]
 [ 4.4673022e-02  7.7157491e-03  3.8748675e-03 -1.8404946e-01
   9.8186332e-01]]",2
4,5,5,,1.071690559387207,"[[ 0.6206785   0.777289    0.05614683  0.08112804 -0.02908335]
 [-0.745582    0.6243699  -0.14449678 -0.18232186 -0.01221433]
 [ 0.23017739 -0.06185916 -0.31201732 -0.9131643   0.10939831]
 [-0.07648082  0.03260468  0.9325572  -0.32380202  0.13629682]
 [-0.00590617  0.0330817  -0.09460628  0.14649308  0.98410374]]",2
5,6,5,,1.1166657209396362,"[[ 0.96314013  0.05964478 -0.20946328  0.11784824 -0.1050739 ]
 [-0.05193033  0.99538463 -0.00670937 -0.07928624  0.01346605]
 [ 0.22959454 -0.01488056  0.86603713 -0.42951506 -0.11207752]
 [ 0.0152326  -0.07307935 -0.44810084 -0.8908276  -0.00770322]
 [-0.12930061  0.00948123 -0.072563    0.04205516 -0.98800683]]",2
6,7,5,,1.1340301036834717,"[[ 0.9174445  -0.36055812 -0.02847267  0.03794128 -0.16137865]
 [ 0.35444537  0.894928    0.22379199  0.15247117  0.01191876]
 [-0.05298933 -0.20916983  0.97322    -0.07572509 -0.0234243 ]
 [-0.10079867 -0.1372378   0.0405343   0.9836524  -0.042311  ]
 [-0.14034134  0.08071865 -0.01750124 -0.04479465 -0.98563474]]",2
7,8,5,,1.1871806383132935,"[[ 0.99568355 -0.0836716  -0.02348636  0.03190174  0.00663548]
 [ 0.05593529  0.8380686  -0.53642935  0.06720454 -0.04732225]
 [ 0.07109309  0.529478    0.8140904  -0.21556476 -0.07339989]
 [ 0.02050849 -0.07060061 -0.2208473  -0.96769416 -0.09689914]
 [ 0.00327361  0.07286117  0.01323844 -0.10754393  0.99143314]]",2
8,9,5,,1.8650151491165161,"[[ 0.8299859   0.52290845  0.10812858 -0.05377519  0.1520084 ]
 [-0.1565707   0.42375147 -0.8407245   0.2828788   0.09530032]
 [ 0.5120476  -0.73348993 -0.3836078   0.21623614  0.07672569]
 [-0.0480613   0.06066774  0.36302552  0.92061883  0.12117421]
 [ 0.1486823   0.0728929  -0.05047771  0.15096666 -0.97326326]]",2
9,10,5,,1.6661784648895264,"[[ 0.9841923  -0.14606205  0.0403159   0.08990323 -0.01798216]
 [ 0.0084774  -0.17776532 -0.97555953  0.03083395 -0.12514184]
 [ 0.10020555  0.8930769  -0.14490347  0.41285017 -0.03050057]
 [ 0.1449348   0.38635397 -0.10326117 -0.90398616  0.04324944]
 [-0.01569487  0.01447926  0.12246771 -0.05770892 -0.99056315]]",2
10,11,5,,1.9961766004562378,"[[ 0.82812506 -0.2168867   0.2719158   0.2574916   0.356271  ]
 [-0.23787798  0.19979218  0.7127835   0.5643694  -0.277352  ]
 [ 0.2505341   0.95508003 -0.09634653 -0.05544856  0.11268461]
 [ 0.00702968  0.00998449  0.6341031  -0.7706039   0.06272028]
 [ 0.4413687  -0.02767484 -0.08143813 -0.1352052  -0.88290155]]",2
0,1,5,,1.211086630821228,"[[ 0.3711814   0.8516865   0.36077866  0.03476661  0.07405797]
 [ 0.76997554 -0.48046353  0.3424238   0.21923827 -0.10475177]
 [-0.4574844  -0.17230596  0.86353767 -0.07130104  0.10118097]
 [-0.21746011  0.06256157 -0.02887377  0.97209334  0.05475339]
 [ 0.11305389 -0.10090432 -0.07780551 -0.02600929  0.9850416 ]]",3
1,2,5,,1.387669324874878,"[[ 0.9460837  -0.2892288  -0.0469564   0.1353156   0.0275149 ]
 [ 0.01166062 -0.0961798   0.9900105   0.07138027 -0.07346677]
 [ 0.3049271   0.9158731   0.10988713 -0.16979071  0.1652024 ]
 [ 0.0804573  -0.20418131  0.04587493 -0.97338516 -0.04747066]
 [-0.07304576 -0.16304171  0.05911374 -0.0169417   0.9819879 ]]",3
2,3,5,,1.3509517908096313,"[[-0.74811    -0.65481496  0.09274624 -0.01581235  0.05193106]
 [-0.54310834  0.6913945   0.4735845   0.00980003  0.05126972]
 [ 0.37431517 -0.3045734   0.87568945 -0.00864637 -0.01471017]
 [-0.00374945 -0.01972781  0.00450519  0.9997678  -0.00639781]
 [ 0.0723797  -0.00606586 -0.01623196  0.00660631  0.9972047 ]]",3
3,4,5,,1.090821385383606,"[[ 0.9956972  -0.06692072  0.03885256 -0.02899033 -0.0419378 ]
 [ 0.00571538 -0.40901157 -0.910069   -0.06609985 -0.00906388]
 [ 0.07576981  0.91004753 -0.40651062 -0.02613533 -0.01176887]
 [ 0.03917189 -0.0042741  -0.07076606  0.97731286  0.1957015 ]
 [ 0.03576252  0.00513749  0.00249631 -0.1974005   0.9796538 ]]",3
4,5,5,,1.074986457824707,"[[ 0.6771926   0.73134345 -0.06832741  0.04090523 -0.01431904]
 [-0.68418384  0.6644245   0.20292456 -0.2209172  -0.02120974]
 [ 0.2589825  -0.14741367  0.47386143 -0.8209672   0.11254082]
 [-0.07506388  0.02052919 -0.85180044 -0.5009013   0.13220389]
 [-0.02441593  0.03904644  0.06359515  0.15694927  0.9844805 ]]",3
5,6,5,,1.1035621166229248,"[[ 0.95178574  0.16701058 -0.2139747   0.10886537 -0.09259861]
 [-0.1615069   0.98189807 -0.01071737 -0.09557636  0.0232797 ]
 [-0.23366281  0.00464435 -0.7937231   0.5539913   0.09207245]
 [-0.01980776 -0.08875675 -0.5674588  -0.8182381  -0.01438495]
 [-0.1141433   0.00917979 -0.04576206  0.05092717 -0.9910597 ]]",3
6,7,5,,1.141239881515503,"[[ 9.07437205e-01 -3.84720832e-01 -5.26547357e-02  7.18283355e-02
  -1.43582374e-01]
 [ 3.78959894e-01  8.91995430e-01  2.03278601e-01  1.39324620e-01
   1.17954369e-04]
 [-2.82510705e-02 -2.06357434e-01  9.77654278e-01 -2.84262579e-02
   1.62963732e-03]
 [-1.24683551e-01 -1.01960525e-01  3.60200042e-03  9.86680090e-01
  -2.25250479e-02]
 [-1.28853142e-01  5.79197817e-02  9.19402111e-03 -3.29177640e-02
  -9.89380598e-01]]",3
7,8,5,,1.194475769996643,"[[ 0.9942074   0.10698417 -0.00674942  0.0043053   0.00646965]
 [ 0.07390479 -0.63782555  0.76517004  0.03314658 -0.03365648]
 [ 0.07749954 -0.74915457 -0.6249395  -0.20171414 -0.03902859]
 [-0.00896164  0.13785931  0.15383554 -0.9738683  -0.09396569]
 [-0.00177242 -0.03866704  0.01595357 -0.09886657  0.9942196 ]]",3
8,9,5,,1.8196477890014648,"[[ 0.783295    0.5968898   0.12552828 -0.03986271  0.1132488 ]
 [-0.00178688 -0.19917281  0.7580732  -0.6210003   0.00326249]
 [-0.5908998   0.7735409   0.13148335 -0.08676491 -0.16630064]
 [-0.08750159 -0.01966041  0.5964241   0.73624206  0.30689228]
 [-0.17212418  0.07280654 -0.19120173 -0.25137436  0.9302286 ]]",3
9,10,5,,1.3247320652008057,"[[ 0.93538463 -0.33802205  0.04019752  0.09512424  0.01150331]
 [-0.08595616 -0.33343685 -0.9326893   0.042591    0.09852955]
 [ 0.29044563  0.8498389  -0.31926653  0.30157086 -0.02321591]
 [ 0.18193193  0.21816857 -0.14373873 -0.9463984  -0.05452045]
 [ 0.01446806  0.06882716  0.07670008 -0.05022397  0.99330163]]",3
10,11,5,,1.8167532682418823,"[[ 0.806226   -0.1713948   0.33039767  0.40392512  0.21978462]
 [-0.42059103  0.2998949   0.55035967  0.62496597 -0.1992185 ]
 [ 0.29729274  0.93678427 -0.13672559 -0.1124256   0.05214248]
 [ 0.01544601  0.02471903  0.75421184 -0.65515876  0.03289112]
 [-0.29065648  0.05011052  0.02030206  0.06625332  0.9529985 ]]",3
0,1,5,,1.2220237255096436,"[[ 0.252093    0.88604707  0.38185796 -0.0108793   0.07372831]
 [-0.8148592   0.38443968 -0.37644935 -0.19744104  0.08668066]
 [-0.4704903  -0.23852567  0.8373482  -0.06248417  0.12918206]
 [-0.19688462  0.075312   -0.01353155  0.9772777  -0.01759836]
 [ 0.11103542 -0.06753048 -0.10552346  0.04384831  0.9849127 ]]",4
1,2,5,,1.3950159549713135,"[[-0.90511763 -0.38721865 -0.122348    0.12182012  0.03185461]
 [ 0.04324282 -0.36570787  0.91974556  0.1050922  -0.08609027]
 [-0.41048938  0.79820275  0.37169138 -0.17984173  0.15451016]
 [-0.0333848  -0.23530334  0.01521825 -0.9704355  -0.03925704]
 [ 0.09631283 -0.15435109  0.0267015  -0.00523148  0.982934  ]]",4
2,3,5,,1.3443273305892944,"[[-0.75043005  0.64808017 -0.11113297  0.02922466 -0.06035099]
 [ 0.6086156   0.7504507   0.25356418  0.02712603  0.03715186]
 [-0.24969144 -0.12323897  0.9602149   0.01074887  0.01838941]
 [ 0.0110603  -0.03859444 -0.01237103  0.99806285 -0.04588893]
 [-0.06303694  0.01177088 -0.03448183  0.04653237  0.9962598 ]]",4
3,4,5,,1.0746649503707886,"[[-0.9887443   0.06646732 -0.12441798  0.01849878  0.04631138]
 [ 0.0912922  -0.3550135  -0.9293673  -0.03682974 -0.02347654]
 [ 0.10509601  0.9324923  -0.3448689  -0.01634671 -0.01452597]
 [ 0.03356721  0.00137978 -0.04129126  0.9753495   0.21414882]
 [ 0.04334163  0.00188372 -0.01253286 -0.21616542  0.975312  ]]",4
4,5,5,,1.066353678703308,"[[-0.8391367   0.53475666 -0.09883709  0.0074794  -0.007754  ]
 [ 0.49570313  0.81453246  0.18508783 -0.23177338 -0.05328135]
 [-0.19462924 -0.21167101  0.4330663  -0.84426796  0.13030738]
 [ 0.10535865  0.01166341 -0.8750046  -0.4585253   0.11351213]
 [ 0.03386664  0.07504389  0.05286046  0.15228687  0.9834815 ]]",4
5,6,5,,1.0586700439453125,"[[-0.91250503 -0.3484122   0.18914132 -0.07531925 -0.06705265]
 [-0.33377248  0.9344182   0.05243724 -0.0989356  -0.05404318]
 [-0.2113669   0.0193155  -0.81540126  0.52615833 -0.1150182 ]
 [-0.01909047 -0.06451315 -0.53992224 -0.8388993   0.01433175]
 [-0.10435519  0.03060396 -0.0712787   0.0628017   0.9895194 ]]",4
6,7,5,,1.0962307453155518,"[[ 0.9290491  -0.3221274  -0.0729937   0.12159187 -0.1139698 ]
 [ 0.32884592  0.91815907  0.21267465  0.05887401  0.01214764]
 [-0.01096903 -0.22464952  0.97264194  0.05505904 -0.01866287]
 [-0.13579908 -0.0011902  -0.0580079   0.9889707  -0.01136798]
 [ 0.10082905 -0.05243053  0.00663563  0.02558755  0.99316955]]",4
7,8,5,,1.1953109502792358,"[[ 0.9918753  -0.12605914 -0.01141696 -0.0109016  -0.00658042]
 [ 0.09928649  0.8287864  -0.549554    0.03302125 -0.01246405]
 [ 0.07686211  0.5426859   0.8233836  -0.1469839   0.00439465]
 [-0.01917329 -0.0517288  -0.14045906 -0.9883853  -0.01794547]
 [ 0.00708459  0.00618896 -0.01306739 -0.01675578  0.99972993]]",4
8,9,5,,1.6912988424301147,"[[ 0.6235963   0.7674186  -0.14722124  0.00104067  0.02282974]
 [-0.35601002  0.4193328   0.6637354   0.49391118 -0.11368389]
 [ 0.67508054 -0.4745389   0.40790185  0.3701529   0.12522788]
 [-0.11583314 -0.02608079 -0.5951239   0.7769587   0.16752663]
 [-0.12342433  0.09675366  0.13124375 -0.1239865   0.9709828 ]]",4
9,10,5,,1.2685457468032837,"[[-0.83864975 -0.52323776  0.12765597  0.07876483  0.01971867]
 [ 0.15507348 -0.45127875 -0.87032634  0.03461172  0.11676377]
 [ 0.4864462  -0.7056837   0.44904557 -0.24802274  0.04715256]
 [-0.18724743  0.12008416 -0.13806143 -0.96464354 -0.03033502]
 [-0.03044971  0.10079702  0.07438479 -0.02336349  0.99137974]]",4
10,11,5,,1.780110478401184,"[[-0.648712   -0.08831308 -0.43938193 -0.5688516  -0.23393357]
 [-0.6554669   0.43241856  0.42297202  0.42124978 -0.16437967]
 [ 0.25798738  0.89263666 -0.31351802 -0.19547296  0.01179077]
 [ 0.07224181  0.08409555  0.72400635 -0.67837906  0.05766977]
 [-0.27885407  0.03664266 -0.0745623  -0.02342196  0.95644623]]",4
0,1,5,,1.2312434911727905,"[[ 0.26186576  0.8785748   0.39357322 -0.0230632   0.06403799]
 [-0.83571017  0.38651842 -0.3294751  -0.19738996  0.06837691]
 [-0.41285586 -0.270043    0.84613365 -0.14436862  0.14086324]
 [-0.20256144  0.04999051  0.0447447   0.9539066   0.21102093]
 [ 0.14674379 -0.05733791 -0.13638942 -0.1724097   0.9627313 ]]",5
1,2,5,,1.407305121421814,"[[-8.59742224e-01 -4.56744909e-01  1.96264118e-01  1.13105752e-01
   3.02459933e-02]
 [ 2.28287324e-01  8.01683217e-03  9.59676743e-01  1.29289240e-01
  -1.00625694e-01]
 [-4.36904609e-01  8.41809392e-01  1.45012274e-01 -2.20262781e-01
   1.75861046e-01]
 [-6.64047140e-04 -2.05532238e-01  9.94376391e-02 -9.35105622e-01
  -2.71008581e-01]
 [ 1.33574277e-01 -2.01080352e-01  9.79010612e-02 -2.18066692e-01
   9.40524757e-01]]",5
2,3,5,,1.3637166023254395,"[[-8.70208919e-01  4.55825746e-01 -1.63394138e-01  2.33547855e-02
  -8.78416300e-02]
 [ 3.55597496e-01  8.30888629e-01  4.27417904e-01  2.20982842e-02
  -2.86479568e-04]
 [-3.33426297e-01 -3.13806742e-01  8.88595223e-01 -2.23085135e-02
   1.59045458e-02]
 [ 4.10726992e-03 -3.54425982e-02  1.38347205e-02  9.99150157e-01
   1.53073268e-02]
 [-7.13920072e-02  4.60010879e-02 -2.86927670e-02 -1.29348114e-02
   9.95889843e-01]]",5
3,4,5,,1.0847630500793457,"[[-0.98464036  0.05268748 -0.15135154 -0.01242921  0.06815883]
 [ 0.1544172   0.09412459 -0.97718084 -0.10689948 -0.03140138]
 [ 0.03665604  0.99374366  0.10363811 -0.016074   -0.01142677]
 [ 0.02073449  0.02857266 -0.10701694  0.96972454  0.21664576]
 [ 0.06975038  0.00465396  0.00410987 -0.21861829  0.9732946 ]]",5
4,5,5,,1.067051887512207,"[[ 0.6303532   0.77318037 -0.06871515  0.00101354 -0.01114526]
 [-0.7572865   0.6297771   0.1482834  -0.0645878  -0.06114275]
 [ 0.12342533 -0.04994369  0.5372186  -0.8228267   0.12893519]
 [-0.10965785  0.01822279 -0.82686424 -0.54001606  0.11100068]
 [-0.04374243  0.05240723  0.03133503  0.16482194  0.9834592 ]]",5
5,6,5,,1.110046625137329,"[[ 0.89039195  0.36444047  0.2443107  -0.0812249   0.09000093]
 [-0.35840878  0.9279244  -0.0420888   0.09236207 -0.01404509]
 [-0.2396597  -0.02931926  0.9122138  -0.25232455 -0.21424727]
 [ 0.04072922 -0.06741505  0.27265555  0.9588707  -0.00471924]
 [-0.14017749 -0.02711218  0.17906907 -0.042084    0.9725114 ]]",5
6,7,5,,1.1418620347976685,"[[-0.7451896  -0.648605    0.04879613  0.03117642 -0.14370446]
 [-0.6476999   0.73445106 -0.04495349 -0.19708501 -0.0142464 ]
 [-0.03228746  0.11308563  0.94261813  0.30933198  0.04420448]
 [-0.10439523  0.13764793 -0.32564288  0.9295089   0.01116011]
 [-0.11504895 -0.09032085 -0.03203132 -0.02263593  0.9884672 ]]",5
7,8,5,,1.2150057554244995,"[[-0.99536204 -0.08862623  0.02814738  0.00756506  0.02345638]
 [ 0.08449265 -0.74353725  0.6615243   0.03856942 -0.03018702]
 [-0.03491691  0.5845259   0.6881035  -0.42675582  0.03877384]
 [-0.01123396  0.3075709   0.29622933  0.9033456   0.03858531]
 [ 0.02774736 -0.05502102 -0.0188433  -0.01736079  0.99777067]]",5
8,9,5,,1.8246815204620361,"[[-0.5498535   0.82208735  0.14469452 -0.02764781 -0.01151445]
 [-0.26465896 -0.2702052   0.6586394   0.6466288   0.0707833 ]
 [ 0.76757294  0.48822886  0.19529866  0.33541796 -0.14770792]
 [ 0.17078958 -0.02805449  0.6953682  -0.67096454  0.19056126]
 [ 0.09633029  0.10957659 -0.15355508  0.13567744  0.96784604]]",5
9,10,5,,1.368349313735962,"[[ 0.36669898 -0.9079365  -0.16964664 -0.10986947 -0.01821854]
 [ 0.32183012  0.2855767  -0.8866195   0.05668931  0.1598859 ]
 [-0.85470515 -0.28273463 -0.40802845  0.12749901 -0.08244374]
 [ 0.13389437 -0.08061808  0.08430024  0.9840824  -0.00696314]
 [-0.11622667 -0.08751663  0.10738745  0.00640403  0.9834933 ]]",5
10,11,5,,1.7679648399353027,"[[-1.9950946e-01 -2.2085929e-01 -5.3127676e-01 -7.8326565e-01
  -1.2512790e-01]
 [ 9.3069655e-01 -2.6415005e-01 -4.2947609e-02 -1.6352433e-01
   1.8826565e-01]
 [ 2.2495145e-01  9.3778527e-01 -1.3808918e-01 -2.2443527e-01
  -2.2716632e-02]
 [-5.7007492e-02  4.3188590e-03  8.3243215e-01 -5.5116910e-01
  -9.6186897e-04]
 [-2.0036685e-01  4.4567671e-02 -6.2358942e-02 -7.4807234e-02
   9.7384906e-01]]",5
0,1,5,,1.1946111917495728,"[[ 0.46699908  0.8072801   0.34605575  0.08223104  0.06077988]
 [-0.7061194   0.5658443  -0.32433945 -0.25587243  0.1027071 ]
 [-0.44327602 -0.11300144  0.8794369  -0.11772443  0.05889661]
 [-0.2710202   0.05405488 -0.01336485  0.94786584  0.15810706]
 [ 0.11559237 -0.11148028 -0.03822933 -0.12433284  0.97841215]]",6
1,2,5,,1.3842769861221313,"[[-0.91268766 -0.37602872  0.07122412  0.14184773  0.02024804]
 [ 0.01008441  0.17615142  0.98025966  0.05017738 -0.0737713 ]
 [-0.39046893  0.87499225 -0.13005762 -0.1562915   0.20144597]
 [-0.08270148 -0.16044281  0.06632861 -0.96642977 -0.17038983]
 [ 0.08714362 -0.19031462  0.11271045 -0.13765182  0.9615273 ]]",6
2,3,5,,1.3579126596450806,"[[ 0.8382336   0.50226206 -0.20501502  0.01030065 -0.05440521]
 [-0.31761447  0.7638768   0.55969226 -0.00683914  0.0480732 ]
 [ 0.4365511  -0.40441948  0.8024991  -0.02373432 -0.03605457]
 [ 0.00598784 -0.01153084  0.02414142  0.9961362   0.08343306]
 [ 0.07663336 -0.02317279 -0.01121668 -0.08364511  0.993211  ]]",6
3,4,5,,1.100651741027832,"[[ 0.9966828  -0.03864545  0.03614344 -0.02393514 -0.05701557]
 [ 0.02687513 -0.19228208 -0.98033565 -0.03466135 -0.00677479]
 [ 0.04321509  0.9803134  -0.1900753  -0.02507266 -0.01899169]
 [ 0.03565013  0.01940285 -0.03879045  0.9833856   0.17262876]
 [ 0.05256179  0.01196411 -0.00151997 -0.17478518  0.9831286 ]]",6
4,5,5,,1.0826756954193115,"[[ 0.53252524  0.8399996  -0.00352954 -0.10186333 -0.02070819]
 [-0.82115424  0.53818285 -0.11476319  0.15102722 -0.00922603]
 [ 0.18597095  0.00298192 -0.04334227  0.9746876   0.11623869]
 [-0.0865095   0.0675603   0.98481613  0.04497595  0.12675172]
 [-0.00731099  0.01365721 -0.12278252 -0.12155609  0.9848394 ]]",6
5,6,5,,1.1537686586380005,"[[ 0.96200305 -0.03966478 -0.19425558  0.14678675  0.11702664]
 [ 0.03699544  0.9982697  -0.02370702 -0.02677314  0.02846482]
 [ 0.20624918  0.00573912  0.94858086 -0.20029564  0.13230415]
 [-0.09217457  0.03645214  0.23174605  0.9660358  -0.05695481]
 [-0.14881715 -0.02286353 -0.09050383  0.06628331  0.982215  ]]",6
6,7,5,,1.1604467630386353,"[[ 0.8956733  -0.399525   -0.00688961 -0.02068194 -0.19409786]
 [ 0.39619613  0.8652989   0.22681905  0.20626691  0.01713076]
 [-0.08689789 -0.18745421  0.97129834 -0.11165216 -0.03772421]
 [-0.07684148 -0.21251921  0.06293262  0.9718254  -0.02293147]
 [ 0.16535467 -0.10646153  0.03353794  0.01074215  0.97983855]]",6
7,8,5,,1.1947970390319824,"[[ 0.99265695  0.09780827  0.03891611 -0.05945615  0.0040349 ]
 [ 0.04758376 -0.77677846  0.6198467  -0.08168416 -0.05889472]
 [ 0.10142404 -0.60921925 -0.75625265  0.1890616  -0.10441583]
 [ 0.04329066  0.07264305  0.20482245  0.96878856 -0.11110999]
 [ 0.01439105 -0.10307063 -0.02012915  0.12448747  0.98654294]]",6
8,9,5,,1.8241745233535767,"[[ 0.866358   -0.46388197  0.10021441 -0.0400421   0.15030336]
 [ 0.04553919  0.25657174  0.95568144 -0.05913534 -0.12358493]
 [-0.47840866 -0.82992     0.23484418 -0.16488667 -0.00431723]
 [ 0.0514356   0.13498577 -0.10832753 -0.98113894 -0.06902745]
 [ 0.1258156  -0.10952717 -0.09870934  0.07126331 -0.97844374]]",6
9,10,5,,1.7767136096954346,"[[ 0.9957478   0.0343217  -0.01964534 -0.08286031 -0.00752133]
 [-0.0241098   0.09958762 -0.9895671  -0.02282266  0.09867696]
 [-0.01446573 -0.8560982  -0.08464062 -0.49895892 -0.10374339]
 [ 0.08708183 -0.49349725 -0.07409947  0.8618524  -0.02443247]
 [-0.01060813  0.11162769 -0.0878424   0.02939017 -0.98936677]]",6
10,11,5,,1.9333903789520264,"[[ 0.69083524 -0.2584041   0.17306209 -0.16151111 -0.6324063 ]
 [ 0.28704417  0.08127677 -0.8270462   0.4717809  -0.06646074]
 [-0.17728049 -0.9611942  -0.14394577  0.04209449  0.14894637]
 [-0.09452306  0.04949238 -0.5103582  -0.85210216 -0.04552231]
 [-0.6324471   0.01666256 -0.06970076  0.15325423 -0.75590205]]",6
0,1,5,,1.2030918598175049,"[[ 0.36020872  0.8516989   0.37298292  0.03502363  0.06719925]
 [-0.7765109   0.47598016 -0.3304926  -0.2323797   0.08513572]
 [-0.43176255 -0.19632086  0.86211616 -0.15034913  0.09586455]
 [-0.25495276  0.04281115  0.03089187  0.9528322   0.15595725]
 [ 0.12593958 -0.08761948 -0.08636954 -0.11949419  0.9770995 ]]",7
1,2,5,,1.3829615116119385,"[[-0.92089945 -0.35207677  0.10257249  0.12832475  0.03158846]
 [ 0.11314466  0.02054656  0.9846243   0.10179497 -0.08323973]
 [-0.3581568   0.8918539   0.05859669 -0.21147263  0.16782734]
 [-0.05096393 -0.20632459  0.08809206 -0.9447439  -0.23352015]
 [ 0.09093358 -0.19402716  0.09380849 -0.18949643  0.95361197]]",7
2,3,5,,1.3515788316726685,"[[ 8.8772589e-01  4.3088090e-01 -1.4355448e-01  1.5071101e-02
  -7.3819973e-02]
 [-2.8756252e-01  7.8239417e-01  5.5119061e-01  1.4807627e-04
   3.6824495e-02]
 [ 3.5062823e-01 -4.4937727e-01  8.2134360e-01 -2.1209363e-02
  -8.0403946e-03]
 [-5.5557461e-03 -1.6148677e-02  1.9401906e-02  9.9965191e-01
   5.2898740e-03]
 [ 7.9243608e-02 -5.3322682e-04 -2.4477761e-02 -4.3665525e-03
   9.9654502e-01]]",7
3,4,5,,1.0900133848190308,"[[ 0.9970667  -0.02308527 -0.00984066 -0.02114549 -0.06914549]
 [-0.01371703 -0.09991648 -0.9929363  -0.06236701 -0.00405303]
 [ 0.02025696  0.99429613 -0.09821808 -0.03264075 -0.01589831]
 [ 0.03414613  0.02802822 -0.06550727  0.9779579   0.1932761 ]
 [ 0.06398074  0.00857298  0.00653472 -0.19543849  0.97856736]]",7
4,5,5,,1.072850227355957,"[[ 0.60240185  0.79520255  0.04144501  0.05337292 -0.01408971]
 [-0.775217    0.6019234  -0.15305191 -0.1093081  -0.03679249]
 [ 0.15855715 -0.03882817 -0.32959923 -0.9207087   0.13042977]
 [-0.10081549  0.05261154  0.9277093  -0.33467785  0.12005977]
 [-0.02909496  0.03264097 -0.07467996  0.15965408  0.9833725 ]]",7
5,6,5,,1.1441059112548828,"[[ 0.92902035  0.2090431  -0.23900923  0.16286963  0.09782767]
 [-0.19961177  0.9745569   0.00176793 -0.10088559 -0.01458975]
 [ 0.26451287  0.0213883   0.8927538  -0.32487953  0.16437605]
 [ 0.07980923 -0.07775156 -0.36644363 -0.92245907  0.0487193 ]
 [-0.14401312 -0.00607964 -0.10761601  0.08257252  0.98021626]]",7
6,7,5,,1.1746448278427124,"[[-0.80508935 -0.57157654 -0.00797398 -0.04184661 -0.15269782]
 [-0.5683293   0.7869168   0.13846476  0.19618687 -0.01009321]
 [ 0.07441516 -0.10962567  0.9899503  -0.04450652 -0.02149861]
 [ 0.08254398 -0.18739899  0.01698031  0.97865814 -0.00282478]
 [-0.12838139 -0.0832222   0.02177209 -0.0026337   0.98798347]]",7
7,8,5,,1.203373908996582,"[[-9.9588734e-01 -8.7694079e-02  1.3775566e-02 -1.7223805e-02
   5.6337435e-03]
 [ 7.1318693e-02 -7.1494907e-01  6.9191545e-01  5.5424251e-02
  -4.4076432e-02]
 [ 5.2892916e-02 -6.8720526e-01 -7.0765758e-01 -1.4431842e-01
  -5.7828836e-02]
 [ 1.2683303e-02  6.7166463e-02  1.4242183e-01 -9.8484290e-01
  -7.1611263e-02]
 [ 1.2788062e-02 -6.6295974e-02 -3.0606275e-04 -7.6733544e-02
   9.9476290e-01]]",7
8,9,5,,1.8735100030899048,"[[ 0.77234876  0.62742686  0.08075114  0.0067715   0.05697571]
 [ 0.05429498 -0.17337438  0.81093705  0.55462426 -0.04202936]
 [-0.6114248   0.7542218   0.07143858  0.18056056 -0.14001264]
 [-0.13638964  0.0756546   0.55622816 -0.7522729   0.31681195]
 [-0.08992784  0.04126203 -0.14617488  0.30631587  0.9354218 ]]",7
9,10,5,,1.4163415431976318,"[[-0.5425825  -0.82625383  0.04628045  0.1379989   0.04151171]
 [ 0.19266146 -0.17538674 -0.96323675  0.01099633  0.06461553]
 [-0.74925005  0.5327485  -0.23947097  0.306744    0.05801046]
 [ 0.3257635  -0.04890388  0.08936009  0.93744695  0.06851702]
 [ 0.03143876  0.01820518  0.06856823 -0.0890885   0.99299634]]",7
10,11,5,,1.7972445487976074,"[[-4.3915769e-01 -4.0645458e-02 -6.1092269e-01  6.5720624e-01
   1.8488862e-02]
 [-8.0644715e-01  3.6421114e-01  2.1840355e-01 -3.0558470e-01
  -2.7551988e-01]
 [ 3.1213230e-01  9.2856979e-01 -1.1652895e-01  1.5632486e-01
   4.8114404e-02]
 [-5.4835878e-02  2.5425872e-04  7.4944228e-01  6.5937263e-01
   2.3597267e-02]
 [-2.3738171e-01  5.8789074e-02  6.1890710e-02 -1.2445160e-01
   9.5962238e-01]]",7
0,1,5,,1.1991537809371948,"[[ 0.354268    0.8534701   0.37453112  0.05255317  0.05520441]
 [-0.7425626   0.48761162 -0.38711292 -0.23476493  0.07658169]
 [-0.48543432 -0.16227622  0.8401484  -0.16156067  0.07790249]
 [-0.278913    0.04155192  0.023339    0.95585763  0.07919824]
 [ 0.09826535 -0.07591766 -0.05895795 -0.04855753  0.98931617]]",8
1,2,5,,1.3819297552108765,"[[-0.9200875  -0.36521834  0.06453796  0.12200294  0.03169526]
 [ 0.05174173  0.06426542  0.9897604   0.08081283 -0.08388221]
 [-0.3722989   0.88691145 -0.00598378 -0.1984112   0.18809256]
 [-0.05274642 -0.19085488  0.07537528 -0.95466506 -0.20910597]
 [ 0.09681422 -0.19861531  0.10242952 -0.16682956  0.9554344 ]]",8
2,3,5,,1.341618537902832,"[[ 0.8744075   0.46770686 -0.11545019  0.01199247 -0.05647385]
 [-0.3072695   0.73137116  0.60583264 -0.00323795  0.06031542]
 [ 0.36732656 -0.495298    0.78671396 -0.01327262 -0.02561544]
 [-0.00594395 -0.01007637  0.01359333  0.9997983   0.00903913]
 [ 0.07767157 -0.03041118 -0.02311942 -0.00853708  0.9962103 ]]",8
3,4,5,,1.0792416334152222,"[[ 0.99626774 -0.05112362  0.00379577 -0.0185503  -0.06692121]
 [-0.01568334 -0.22694343  0.9730924   0.03374083 -0.01426871]
 [ 0.04679048  0.97172517  0.22808896 -0.03075757 -0.02429615]
 [ 0.03185251  0.03903164 -0.02199838  0.98383826  0.17041238]
 [ 0.06325106  0.01047963  0.02384185 -0.1721446   0.9826939 ]]",8
4,5,5,,1.0690968036651611,"[[ 0.7535607   0.652638    0.00661205 -0.07694594 -0.01566573]
 [-0.62934095  0.7500962  -0.04151512  0.19831453 -0.01527983]
 [-0.15774159  0.07823744 -0.40110478 -0.89014465 -0.12551436]
 [-0.10547134  0.06807557  0.9053553  -0.39581847  0.08888774]
 [-0.00833607  0.02576707 -0.13296443 -0.07563601  0.9878595 ]]",8
5,6,5,,1.1335691213607788,"[[ 0.92235076  0.26348495 -0.19504902  0.18816559 -0.079964  ]
 [-0.24529018  0.9614241   0.00880578 -0.1164276   0.04316873]
 [ 0.1741142   0.04630519  0.9773231   0.05324358 -0.09769737]
 [-0.20523487  0.0594384  -0.0065843   0.9689078   0.12457997]
 [-0.12909143  0.02371354 -0.08169784  0.09706315 -0.9831975 ]]",8
6,7,5,,1.1449612379074097,"[[-8.6536539e-01 -4.8004419e-01  1.3047907e-02 -3.7308916e-02
  -1.3834020e-01]
 [-4.7141770e-01  8.4065789e-01  2.0711364e-01  1.6771021e-01
   6.0787275e-03]
 [ 1.1381105e-01 -1.7008466e-01  9.7801584e-01 -3.4597769e-02
  -2.0154040e-02]
 [ 4.9409728e-02 -1.6873899e-01 -4.6382975e-05  9.8436040e-01
   1.0977857e-02]
 [ 1.1624871e-01  7.3825911e-02 -2.0460084e-02  1.7861100e-02
  -9.9010015e-01]]",8
7,8,5,,1.1913458108901978,"[[-9.8887241e-01 -1.4243641e-01  4.0914658e-03 -4.2731799e-02
   6.8412191e-04]
 [ 1.0788779e-01 -7.5099945e-01  6.4642501e-01  6.7805022e-02
  -4.3556545e-02]
 [ 9.8807894e-02 -6.2359911e-01 -7.1799833e-01 -2.7814910e-01
  -9.2047311e-02]
 [ 2.1991093e-02  1.4086069e-01  2.5680116e-01 -9.5462817e-01
  -4.9121786e-02]
 [ 1.5651340e-02 -8.3631046e-02 -2.5485436e-02 -6.9961920e-02
   9.9358779e-01]]",8
8,9,5,,1.851091742515564,"[[ 0.7722775   0.62356585  0.09328239 -0.00614556  0.07754849]
 [ 0.06302613 -0.20996346  0.9310888  -0.27994668 -0.08152632]
 [-0.60806715  0.7493636   0.16019347 -0.11604815 -0.17198709]
 [-0.10763126  0.05559663  0.31415996  0.8865843   0.31716934]
 [-0.13522224  0.04944006 -0.00369004 -0.34941846  0.9258314 ]]",8
9,10,5,,1.4417972564697266,"[[-0.8749083  -0.47494653  0.02377225  0.08777883  0.02628745]
 [ 0.12797903 -0.28944895 -0.94370794 -0.05795768  0.07679138]
 [-0.38016647  0.7664716  -0.30114618  0.40203196  0.12520346]
 [-0.26764446  0.31844154 -0.08355466 -0.9033823  -0.06229483]
 [ 0.04468472 -0.0419676   0.10573459 -0.10586167  0.9868412 ]]",8
10,11,5,,1.8151767253875732,"[[-0.753314   -0.00145774 -0.5359937  -0.3616379  -0.1201859 ]
 [-0.5557966  -0.41685694  0.5428533   0.42379707 -0.20742877]
 [ 0.2703786  -0.90398973 -0.3041992  -0.1233594   0.0440826 ]
 [-0.01426439 -0.08281749  0.56812066 -0.8184142   0.01935959]
 [-0.22427677 -0.0466045   0.05217977  0.06778375  0.96964455]]",8
0,1,5,,1.2084277868270874,"[[ 0.36707646  0.86817586  0.3251518   0.04338043  0.06260887]
 [-0.7865194   0.45851752 -0.32458773 -0.23533261  0.10203051]
 [-0.41059652 -0.1590795   0.8849466  -0.11590318  0.0976734 ]
 [-0.24810468  0.04622148  0.00626925  0.96069145  0.11549972]
 [ 0.12843937 -0.09267968 -0.07582346 -0.07984344  0.98121846]]",9
1,2,5,,1.383068561553955,"[[ 0.9473446  -0.28402132  0.05839584  0.1318565   0.03277012]
 [-0.0358266   0.11344527  0.9868275   0.08263008 -0.07204424]
 [ 0.2990383   0.91322416 -0.06423131 -0.19821419  0.18216264]
 [ 0.07482549 -0.19513756  0.09415029 -0.9606792  -0.15669616]
 [-0.07894238 -0.18548593  0.0988507  -0.11658801  0.96747035]]",9
2,3,5,,1.3594313859939575,"[[-0.8918354  -0.42591834  0.13673615 -0.00815649  0.06678241]
 [-0.23710968  0.7134032   0.6584228   0.00491845  0.03591646]
 [ 0.37806994 -0.55629027  0.7397819  -0.01021569 -0.01491922]
 [-0.00334168 -0.01258417  0.00575744  0.9997926  -0.01456227]
 [ 0.07389577 -0.0056793  -0.02172625  0.01482079  0.99690294]]",9
3,4,5,,1.085740089416504,"[[ 0.9900532  -0.060045   -0.10492379 -0.04079566 -0.0592958 ]
 [-0.11932323 -0.25447384 -0.9570519  -0.0707126   0.00751857]
 [ 0.02902977  0.96505636 -0.25765157 -0.03604206 -0.01183311]
 [ 0.04427526  0.01604237 -0.08043016  0.9766892   0.19336867]
 [ 0.05247499  0.00681186  0.01376383 -0.19522943  0.9792324 ]]",9
4,5,5,,1.072177529335022,"[[ 0.53902155  0.8355106  -0.09138674  0.04390268 -0.03314713]
 [-0.80326426  0.5460005   0.20217824 -0.12380932 -0.02110079]
 [ 0.23920892 -0.04265461  0.630999   -0.7284544   0.11024521]
 [-0.08245331  0.01163591 -0.74253863 -0.6499462   0.13882475]
 [-0.01424439  0.04301802  0.03534255  0.17224328  0.98337674]]",9
5,6,5,,1.1224145889282227,"[[ 0.95492834  0.07482409 -0.23206526  0.1320109   0.10598188]
 [-0.06278478  0.9926046  -0.00178018 -0.10337718 -0.01020869]
 [-0.25309482  0.04153066 -0.7614578   0.57918614 -0.13763578]
 [-0.02680963 -0.08584259 -0.5983021  -0.7960395  -0.01636913]
 [-0.13926347  0.00661594 -0.09142832  0.05244745  0.9846076 ]]",9
6,7,5,,1.1455219984054565,"[[-0.88045204 -0.44597197 -0.02371794 -0.00511819 -0.15913673]
 [-0.44348267  0.8705476   0.12212905 -0.17479299  0.00140368]
 [ 0.0408866  -0.12263485  0.9909174  -0.02238976 -0.02950235]
 [ 0.08735494 -0.14664623 -0.04499216 -0.9837094  -0.03399462]
 [-0.13720334 -0.08192386  0.02409084 -0.03515462  0.986229  ]]",9
7,8,5,,1.1919074058532715,"[[ 9.99338388e-01  3.47960107e-02  6.61113625e-03 -8.25803634e-03
   8.76164268e-05]
 [-3.22168246e-02  8.29585075e-01  5.54188251e-01  4.00349386e-02
  -4.49803770e-02]
 [-1.40397996e-02  5.53346395e-01 -8.30733895e-01 -3.30144428e-02
  -4.90091182e-02]
 [ 8.79436918e-03 -7.55742611e-03 -5.10538779e-02  9.92679834e-01
   1.08838320e-01]
 [-3.20816273e-03  6.57910183e-02 -1.03141619e-02 -1.08746424e-01
   9.91831183e-01]]",9
8,9,5,,1.8760573863983154,"[[-0.7849241  -0.59162474 -0.12454793  0.0678634  -0.1172892 ]
 [-0.1492884   0.38810003 -0.7579447   0.4861455   0.12756845]
 [-0.58299845  0.70361257  0.28323075 -0.27149245 -0.10542489]
 [-0.0722999   0.04001674  0.57327545  0.80340385  0.13809007]
 [ 0.12842375  0.0518329  -0.03381137  0.1997279  -0.96942574]]",9
9,10,5,,1.4033524990081787,"[[ 0.8819425  -0.4538627   0.04791312  0.11490647  0.02620866]
 [-0.08221341 -0.23686263 -0.9568563   0.06431805  0.1320086 ]
 [ 0.39201295  0.82377183 -0.21921535  0.34421486 -0.03444728]
 [ 0.24739563  0.22526218 -0.15134767 -0.92599803 -0.08760139]
 [ 0.02322977  0.09252948  0.10568293 -0.08187531  0.9864209 ]]",9
10,11,5,,1.8035606145858765,"[[ 0.67610323 -0.12707727  0.4576262   0.52511615  0.20388022]
 [-0.5917185   0.3495448   0.4736187   0.5122691  -0.20236942]
 [ 0.3252554   0.92767006 -0.12493216 -0.11335164  0.07197636]
 [ 0.01123467  0.01189902  0.741985   -0.66957676  0.02928265]
 [-0.29468012  0.03092817 -0.01067368  0.02552903  0.95469445]]",9
0,1,5,,1.209802508354187,"[[ 0.35765797  0.87097734  0.32700777  0.04486118  0.06732581]
 [-0.7888525   0.45272487 -0.33118913 -0.23169361  0.09686933]
 [-0.41934046 -0.16121943  0.8813821  -0.10450181  0.10201387]
 [-0.24359156  0.0446245  -0.00470008  0.963944    0.09727098]
 [ 0.12086821 -0.09195514 -0.08076608 -0.06478322  0.9829623 ]]",10
1,2,5,,1.3787304162979126,"[[-0.93709683 -0.3166394   0.06154736  0.12872033  0.03509793]
 [ 0.04868739  0.07735974  0.98855186  0.09282691 -0.07611521]
 [-0.32956153  0.90988326 -0.02451728 -0.1929738   0.16019273]
 [-0.06313238 -0.20054357  0.09877807 -0.9631071  -0.13588284]
 [ 0.08296034 -0.1601553   0.09283897 -0.10000018  0.97408867]]",10
2,3,5,,1.3572919368743896,"[[ 0.8922218   0.42245105 -0.1444469   0.02017565 -0.0648334 ]
 [-0.2648952   0.7649813   0.5858179   0.00944875  0.03690921]
 [ 0.35881147 -0.4855109   0.79697037 -0.01799913 -0.00691298]
 [-0.00986027 -0.02444977  0.01202498  0.99952227 -0.01075571]
 [ 0.07019861 -0.00447806 -0.02542122  0.01161878  0.99713135]]",10
3,4,5,,1.093294620513916,"[[ 0.9936019  -0.06687889 -0.05811683 -0.03929838 -0.05796894]
 [-0.07331177 -0.1927321  -0.9744797  -0.08866198  0.00284514]
 [ 0.0527064   0.9789058  -0.1950183  -0.02843336 -0.01117286]
 [ 0.04528376  0.00952699 -0.09338804  0.974627    0.19808976]
 [ 0.05051641  0.00584771  0.01607095 -0.199721    0.97840023]]",10
4,5,5,,1.069732904434204,"[[ 0.64460456  0.75647116 -0.09360792  0.05044737 -0.03047954]
 [-0.72576594  0.6488141   0.18234335 -0.13487518 -0.02938836]
 [ 0.22520934 -0.06470535  0.5696297  -0.7788305   0.11848599]
 [-0.08213729  0.01646754 -0.79432493 -0.5841266   0.1443134 ]
 [-0.01682374  0.04830837  0.05057997  0.17743424  0.9814999 ]]",10
5,6,5,,1.1120522022247314,"[[ 0.9457551   0.18121086 -0.22476651  0.11103667 -0.09930149]
 [-0.16861838  0.98075116  0.02527331 -0.09222619  0.02346372]
 [-0.24274422  0.0275088  -0.7836182   0.555469    0.13309844]
 [-0.02541472 -0.06687662 -0.5713529  -0.8174407   0.01510792]
 [-0.13245551  0.00777968 -0.09132171  0.04909318 -0.98572063]]",10
6,7,5,,1.13313627243042,"[[-0.88680637 -0.43161488 -0.04603781  0.04585343 -0.15185854]
 [-0.42857718  0.8759863   0.16883753  0.14296357  0.00499618]
 [ 0.03368182 -0.16780813  0.98431903 -0.0323     -0.02790589]
 [ 0.10914347 -0.10934202  0.00914298  0.9874588  -0.0312001 ]
 [ 0.12980485  0.0790026  -0.02017085 -0.036614   -0.9875029 ]]",10
7,8,5,,1.184271216392517,"[[ 0.9983467   0.05548664 -0.00841715 -0.01220337 -0.00233324]
 [-0.04365267  0.8689958   0.4876206   0.05295269 -0.0486094 ]
 [-0.03631361  0.48690754 -0.8574007  -0.15853307 -0.0365199 ]
 [-0.00873216 -0.03751402  0.16425313 -0.9820062  -0.08485941]
 [-0.00187001  0.05728235  0.00634422 -0.08705241  0.9945335 ]]",10
8,9,5,,1.8703422546386719,"[[-0.7949882  -0.57944745 -0.10212641 -0.06717905 -0.1314972 ]
 [-0.2443545   0.48614177 -0.659578   -0.50749254  0.10660718]
 [-0.53039813  0.65003496  0.3504552   0.39491928 -0.13172792]
 [-0.08305696  0.05230216  0.65690535 -0.73490894  0.13693127]
 [ 0.14164716  0.05124296 -0.01354622 -0.20466013 -0.96707857]]",10
9,10,5,,1.4929500818252563,"[[ 0.9019643  -0.4127887   0.05355647  0.11076047  0.03049021]
 [-0.08233392 -0.2834105  -0.9483911   0.04319064  0.10765047]
 [ 0.37653598  0.85070485 -0.2769055   0.24036643 -0.00832325]
 [-0.19462541 -0.14873518  0.11139888  0.96153057  0.05520817]
 [-0.00479652  0.0588492   0.09273474 -0.05957791  0.99215144]]",10
10,11,5,,1.853827714920044,"[[ 0.7226918  -0.10201865  0.45677528  0.47493345  0.1819433 ]
 [-0.52843124  0.36537018  0.46424496  0.5426088  -0.27805996]
 [ 0.30476326  0.923798   -0.15870893 -0.14551874  0.08574513]
 [-0.03280757  0.02968437  0.7411092  -0.6691125   0.03298654]
 [-0.32329547  0.04257642  0.03743794  0.10548322  0.93869   ]]",10
0,1,5,,1.2129392623901367,"[[ 0.41587734  0.84101003  0.33169642  0.07015902  0.06930727]
 [-0.7410114   0.5144715  -0.34641504 -0.23666188  0.10103969]
 [-0.45657516 -0.1195951   0.8745391  -0.07553665  0.08192545]
 [-0.24164881  0.04944803 -0.04398127  0.96443754  0.08418164]
 [ 0.10532407 -0.10617554 -0.05675547 -0.05677369  0.9854893 ]]",11
1,2,5,,1.3835864067077637,"[[ 0.93588024 -0.3236993   0.03015592  0.13267507  0.02889452]
 [ 0.0117951   0.1428907   0.9852773   0.05743957 -0.0732982 ]
 [ 0.33333224  0.90811354 -0.11433554 -0.14711559  0.17176677]
 [ 0.08016193 -0.16722393  0.07595178 -0.9779656  -0.05852262]
 [-0.08032896 -0.14888582  0.09735573 -0.03222372  0.9802366 ]]",11
2,3,5,,1.3648658990859985,"[[-0.75920284 -0.633742    0.1378855  -0.02455691  0.04864834]
 [-0.47098815  0.68773854  0.5501147   0.0016135   0.05056782]
 [ 0.44306874 -0.35297436  0.8232891  -0.02214795 -0.02834927]
 [-0.00504485 -0.02505774  0.0202647   0.9986064   0.04148747]
 [ 0.07379611 -0.01296225 -0.01207213 -0.04109782  0.99626875]]",11
3,4,5,,1.1067781448364258,"[[ 0.98980635 -0.0603214   0.11928141 -0.0279502  -0.04044088]
 [ 0.09498127 -0.26969326 -0.9530914  -0.09791873 -0.01651594]
 [ 0.08835581  0.9610138  -0.25976914 -0.0299456  -0.01639883]
 [ 0.04736602  0.00237275 -0.0994783   0.97600615  0.18779436]
 [ 0.03480911  0.00858246  0.00357167 -0.19012046  0.9810994 ]]",11
4,5,5,,1.0757335424423218,"[[ 0.64028406  0.7599856   0.06118675  0.08833159 -0.03019803]
 [-0.73267066  0.6467495  -0.11962468 -0.17456983 -0.01114249]
 [ 0.2233457  -0.05162403 -0.33003816 -0.90935504  0.10770274]
 [-0.05763924  0.01830904  0.92955023 -0.3361044   0.13897029]
 [-0.00495302  0.03371507 -0.09464322  0.14775023  0.98389596]]",11
5,6,5,,1.1167184114456177,"[[ 0.9624077   0.08742036 -0.21439455  0.10463578 -0.09599704]
 [-0.08728036  0.9951653  -0.00932735 -0.04385106  0.00426847]
 [ 0.22830302  0.01150423  0.8850835  -0.39175555 -0.10440387]
 [ 0.01226505 -0.04293293 -0.4067437  -0.91244763 -0.00229405]
 [-0.11781714 -0.00530051 -0.07165686  0.03309709 -0.98987925]]",11
6,7,5,,1.1312549114227295,"[[ 0.9211836  -0.3499591  -0.03041053  0.06671484 -0.1535374 ]
 [ 0.338254    0.89814967  0.23615186  0.15212208  0.00160023]
 [-0.04766808 -0.21842603  0.968386   -0.10741592 -0.02661394]
 [-0.12634666 -0.13679478  0.07060501  0.9793547  -0.0346853 ]
 [-0.13700104  0.06658098 -0.02347554 -0.04164439 -0.9871739 ]]",11
7,8,5,,1.1856893301010132,"[[ 9.92908418e-01 -1.04946405e-01 -4.39227223e-02  3.07316724e-02
   1.56640224e-02]
 [ 6.91486597e-02  8.68560791e-01 -4.83832210e-01  6.55607730e-02
  -4.92822751e-02]
 [ 9.55103785e-02  4.75294143e-01  8.42166364e-01 -2.28108764e-01
  -6.07906170e-02]
 [ 1.44151784e-02 -6.58880249e-02 -2.33948991e-01 -9.61961031e-01
  -1.23894393e-01]
 [-4.60331049e-03  6.58983663e-02 -9.55935218e-04 -1.31737351e-01
   9.89080667e-01]]",11
8,9,5,,1.7997263669967651,"[[ 0.8539505   0.48819426  0.0954814  -0.06215046  0.13948365]
 [-0.18858403  0.50842637 -0.6883795   0.47807574  0.05929496]
 [ 0.4640142  -0.70664215 -0.40910023  0.3376704   0.06295559]
 [-0.04036957  0.02249116  0.59106284  0.7965001   0.1187299 ]
 [ 0.13515103  0.05762004  0.0172806   0.1383737  -0.97926927]]",11
9,10,5,,1.7123725414276123,"[[ 0.9957561  -0.04032746  0.02722115  0.07673141 -0.01465701]
 [ 0.01774797 -0.2632353  -0.94736886  0.002059    0.18132918]
 [ 0.02298442  0.91700417 -0.27712488  0.25871432 -0.12183473]
 [ 0.08463505  0.23418775 -0.0808605  -0.96180964 -0.07985447]
 [ 0.02152819  0.1825931   0.13570087 -0.04579415  0.9724631 ]]",11
10,11,5,,1.9411323070526123,"[[ 0.7181635  -0.21682052  0.26489675  0.19850327  0.57241267]
 [-0.2802292   0.24254455  0.6680939   0.6392608  -0.08740601]
 [ 0.2304251   0.94553125 -0.11539169 -0.11494788  0.16231665]
 [ 0.01747834  0.00629052  0.6854077  -0.7228158  -0.08607317]
 [-0.59355843 -0.00959731 -0.01952562 -0.12753965  0.7943228 ]]",11
0,1,5,,1.2201205492019653,"[[ 0.28297392  0.855429    0.4282833  -0.00890668  0.06827137]
 [-0.77897817  0.44452018 -0.38903508 -0.19698077  0.07379113]
 [-0.5070743  -0.2483632   0.80883396 -0.10547248  0.1259147 ]
 [-0.20705907  0.06926811  0.01034357  0.97440284  0.05254145]
 [ 0.1145469  -0.06450287 -0.10443036 -0.02310677  0.9855347 ]]",12
1,2,5,,1.4037314653396606,"[[-0.9048746  -0.40625528 -0.02794684  0.1223731   0.02005656]
 [ 0.08608105 -0.23371209  0.959052    0.09529998 -0.0954245 ]
 [-0.40203464  0.83099675  0.27618334 -0.18295409  0.1950977 ]
 [-0.03547619 -0.22021464  0.03633409 -0.96942216 -0.09564246]
 [ 0.10441013 -0.20318756  0.04290441 -0.05187711  0.9712267 ]]",12
2,3,5,,1.342516303062439,"[[-0.69746083 -0.7113973  -0.05236855  0.0188738  -0.06605714]
 [ 0.64081573 -0.6601593   0.3896917   0.01402112  0.03858382]
 [-0.312313    0.2389683   0.91937274 -0.00766169 -0.00705694]
 [ 0.00101407  0.02430998  0.00244202  0.9996386   0.01116822]
 [-0.07323369 -0.02016739 -0.01207085 -0.01054432  0.9969821 ]]",12
3,4,5,,1.0671111345291138,"[[-0.9789407   0.04490105 -0.19403678  0.00930258  0.0438434 ]
 [-0.168568    0.31742102  0.93233466  0.02296217  0.03245736]
 [ 0.1022848   0.9470671  -0.30263326 -0.02461772 -0.0202206 ]
 [ 0.02537738  0.01669117 -0.03215006  0.97888863  0.19955137]
 [ 0.04640918  0.00362749 -0.0219369  -0.20138808  0.9781588 ]]",12
4,5,5,,1.0571658611297607,"[[ 0.7633077   0.6429612   0.06142044  0.01281382 -0.00505863]
 [-0.622113    0.7523739  -0.10990725 -0.18227577 -0.0400606 ]
 [ 0.13907123 -0.13231173 -0.13243826 -0.96581537  0.11319703]
 [-0.10110851  0.02998866  0.97987235 -0.14222795  0.0921912 ]
 [-0.02780286  0.04613798 -0.08036348  0.11654713  0.9884618 ]]",12
5,6,5,,1.083022952079773,"[[ 0.90021324  0.3542907  -0.21896476  0.10576522  0.07044425]
 [-0.34909588  0.93020475  0.00617326 -0.10666725 -0.03788411]
 [ 0.2226955   0.05645336  0.93786824 -0.22718209  0.12653561]
 [ 0.07561412 -0.07705465 -0.25474662 -0.95851547  0.06853604]
 [-0.11152313  0.00853639 -0.08673935  0.08409551  0.98635393]]",12
6,7,5,,1.1240060329437256,"[[-8.55401278e-01 -4.97464746e-01 -5.35922013e-02  5.15392460e-02
  -1.23649225e-01]
 [-4.88566130e-01  8.35930347e-01  2.03544319e-01  1.44811720e-01
  -1.10846544e-02]
 [ 6.53323755e-02 -2.08767936e-01  9.74139690e-01  5.54541722e-02
  -1.11520290e-02]
 [ 1.12702660e-01 -8.49915147e-02 -8.18318501e-02  9.86558735e-01
   8.94775800e-03]
 [-1.12345800e-01 -5.42380065e-02  7.28252437e-03 -2.32918421e-04
   9.92161036e-01]]",12
7,8,5,,1.1936521530151367,"[[-0.9799008  -0.19754376  0.02603329  0.00178597  0.00948757]
 [ 0.13805792 -0.57974935  0.8022835   0.02851059 -0.01894939]
 [ 0.14260326 -0.78819555 -0.5924889  -0.07422966 -0.04311625]
 [-0.00926574  0.0437405   0.06754477 -0.99573535 -0.04415561]
 [ 0.01769008 -0.04125226 -0.00762387 -0.04674414  0.9978688 ]]",12
8,9,5,,1.7387712001800537,"[[ 0.6197946   0.7652592   0.15225561 -0.07021638  0.04605208]
 [ 0.05797845 -0.14648776  0.77531517  0.6111955   0.02250091]
 [-0.7617187   0.6081187   0.12622178  0.06425976 -0.17295969]
 [-0.10818064 -0.11212787  0.583468   -0.7649925   0.22377655]
 [-0.14343876  0.10265803 -0.13906042  0.17935142  0.95780057]]",12
9,10,5,,1.3159247636795044,"[[-6.03783786e-01 -7.86005259e-01  9.77499560e-02  8.99157152e-02
  -9.18455014e-04]
 [ 3.54334235e-01 -3.77988577e-01 -8.40062141e-01 -9.96826310e-03
   1.60524502e-01]
 [-6.74803853e-01  4.78838533e-01 -5.15121162e-01  2.13833198e-01
  -6.54145405e-02]
 [ 2.04505563e-01 -3.36668938e-02  9.85940322e-02  9.72234249e-01
   4.56474684e-02]
 [-1.12737015e-01  9.43423659e-02  9.83361155e-02 -2.91821528e-02
   9.83802915e-01]]",12
10,11,5,,1.769149661064148,"[[-0.45334223 -0.1750668  -0.5536257  -0.65221435 -0.17873846]
 [-0.8472542   0.32938242  0.26692575  0.30252686 -0.10438225]
 [ 0.22084509  0.92508906 -0.24622707 -0.18335958 -0.03448283]
 [ 0.02278991  0.06128541  0.7455563  -0.66318876 -0.00715365]
 [-0.16537587  0.03623634 -0.07594177 -0.09825446  0.97770995]]",12
0,1,5,,1.211983323097229,"[[ 3.39960247e-01  8.63998771e-01  3.64926547e-01  1.33610256e-02
   6.76989332e-02]
 [-8.02155793e-01  4.47405368e-01 -3.21372688e-01 -2.11169034e-01
   9.22050253e-02]
 [-4.25208300e-01 -2.07288057e-01  8.67860377e-01 -9.20176953e-02
   1.20750703e-01]
 [-2.11337879e-01  6.04458079e-02  7.15864240e-04  9.70969200e-01
   9.43442136e-02]
 [ 1.24528565e-01 -8.19292516e-02 -1.01814047e-01 -6.30920753e-02
   9.81546462e-01]]",13
1,2,5,,1.3959338665008545,"[[-0.89809966 -0.4187168   0.044311    0.12407583  0.02710865]
 [ 0.08798175 -0.06338418  0.985295    0.09179801 -0.09491298]
 [-0.41588265  0.86528575  0.1262705  -0.17438184  0.17879853]
 [-0.03985469 -0.20168093  0.07014454 -0.96968263 -0.11194441]
 [ 0.10549571 -0.17681643  0.07978548 -0.07405872  0.97249997]]",13
2,3,5,,1.3572912216186523,"[[ 0.8256204   0.5417912  -0.1370616   0.02125078 -0.07467075]
 [-0.44888362  0.79098296  0.41393432  0.02998008  0.02467788]
 [ 0.3338219  -0.28054756  0.89968693 -0.02039867 -0.00179497]
 [ 0.00496204 -0.04034233  0.00828372  0.9986534   0.03115582]
 [ 0.07343513  0.02176753 -0.01916139 -0.03041255  0.99641424]]",13
3,4,5,,1.086147665977478,"[[ 9.8623967e-01 -4.1323733e-02  1.5108234e-01 -1.6065028e-02
  -5.0394878e-02]
 [ 1.3993166e-01 -1.7005971e-01 -9.7223794e-01 -7.8174084e-02
  -1.1874780e-02]
 [ 6.4909913e-02  9.8446923e-01 -1.6169968e-01 -1.1654101e-02
  -1.8016960e-02]
 [ 3.8189974e-02  4.6463383e-04 -7.5466894e-02  9.7397745e-01
   2.1027125e-01]
 [ 4.5591757e-02  1.3868895e-02  9.2447316e-03 -2.1180849e-01
   9.7610486e-01]]",13
4,5,5,,1.0630074739456177,"[[ 0.7437072   0.66007847 -0.09398885  0.04514283 -0.01801012]
 [-0.6289987   0.74224705  0.17549796 -0.14340945 -0.04543355]
 [ 0.20406356 -0.09888522  0.5017674  -0.8275217   0.10962259]
 [-0.09443732  0.02564275 -0.84003294 -0.51959604  0.12160882]
 [-0.02645802  0.0541287   0.05422857  0.15041178  0.98529464]]",13
5,6,5,,1.0844017267227173,"[[ 0.93352854  0.2698643  -0.20318605 -0.06650975 -0.09994839]
 [-0.25935274  0.9612755   0.04491149  0.07524721  0.03172347]
 [-0.20624614  0.01337699 -0.86482096 -0.43070564  0.15446971]
 [-0.01507819 -0.05403038 -0.44090104  0.8956985   0.01356147]
 [-0.13599952  0.0049435  -0.11995544 -0.0461654  -0.98232335]]",13
6,7,5,,1.1166735887527466,"[[ 0.8828569  -0.42781672 -0.09011596 -0.07191872 -0.15570281]
 [ 0.43142834  0.86462367  0.21423733 -0.14228976  0.01230629]
 [-0.02485123 -0.23544897  0.96979314 -0.04872813 -0.03275771]
 [ 0.12948503  0.07928707  0.07272999  0.98554313  0.0190318 ]
 [-0.13057299  0.08761326 -0.01389689  0.03019224 -0.98700047]]",13
7,8,5,,1.1854652166366577,"[[ 0.9958434  -0.08026541 -0.04271558  0.00513484  0.0015626 ]
 [ 0.05814859  0.92325723 -0.37679026  0.03110815 -0.03572315]
 [ 0.06954259  0.37141463  0.92520183  0.0232484  -0.02599941]
 [-0.00844671 -0.03525457 -0.00914778  0.9984569   0.04105888]
 [ 0.00268092  0.04429185  0.01105704 -0.03935955  0.9981781 ]]",13
8,9,5,,1.8938233852386475,"[[ 0.73135036  0.6662374   0.0615828   0.02391483  0.12996165]
 [-0.44733128  0.5480229  -0.52449673 -0.4717999   0.04328551]
 [ 0.48880833 -0.5015786  -0.43324885 -0.5527263   0.1275708 ]
 [-0.08486199  0.0428469   0.729032   -0.6768355   0.03699726]
 [ 0.13742737  0.04880179 -0.04380216 -0.1149793  -0.9816278 ]]",13
9,10,5,,1.3465354442596436,"[[-0.87345296 -0.47268254  0.07235843  0.09142976  0.00749022]
 [ 0.07644543 -0.28194097 -0.9462242   0.0101909   0.13864082]
 [-0.46945035  0.82815444 -0.29506496  0.03622743 -0.0734905 ]
 [ 0.09633616  0.01676498  0.01441295  0.995084    0.00619866]
 [-0.03964642  0.10468847  0.11024041 -0.00567407  0.9875644 ]]",13
10,11,5,,1.7311619520187378,"[[-6.9718224e-01 -2.2859592e-02 -4.3741125e-01 -5.2299994e-01
  -2.2035627e-01]
 [-6.3705438e-01  3.0784881e-01  4.9091774e-01  4.8681921e-01
  -1.4627972e-01]
 [ 1.9901790e-01  9.4972903e-01 -1.9297552e-01 -1.4548950e-01
   1.7479468e-04]
 [ 5.0662860e-02  3.2487839e-02  7.2739846e-01 -6.8341762e-01
   1.4481784e-02]
 [-2.5675651e-01  4.0816285e-02 -3.6374625e-02 -3.5375625e-02
   9.6427983e-01]]",13
0,1,5,,1.24527907371521,"[[ 0.18132605  0.8501858   0.48632059 -0.03897209  0.07923549]
 [-0.82620543  0.37695703 -0.3746768  -0.17747544  0.05837619]
 [-0.48468053 -0.35954246  0.7768888  -0.09792588  0.15056007]
 [-0.18303823  0.06356547  0.01991173  0.97625595  0.09478578]
 [ 0.12683553 -0.04214281 -0.13840844 -0.06571577  0.97911257]]",14
1,2,5,,1.4128692150115967,"[[-0.77173054 -0.6241617   0.03875276  0.11208759  0.02808581]
 [ 0.30354002 -0.30085468  0.88715774  0.13529924 -0.10952266]
 [-0.53858346  0.6674174   0.4569164  -0.18602917  0.14526686]
 [ 0.04510618 -0.23185821  0.03796841 -0.96342903 -0.12070642]
 [ 0.1420874  -0.14389026  0.03514579 -0.07954925  0.97547084]]",14
2,3,5,,1.357142686843872,"[[-8.2425290e-01 -5.4375875e-01 -1.3149334e-01  3.8896091e-02
  -7.8295313e-02]
 [ 5.2318877e-01 -8.3286887e-01  1.7779595e-01  3.0710010e-02
  -6.9564106e-03]
 [-2.0881154e-01  7.5902976e-02  9.7448796e-01 -2.0359416e-02
   2.4395153e-02]
 [ 1.1763199e-02  4.8346363e-02  1.9525172e-02  9.9856371e-01
   3.6803228e-03]
 [-5.6035414e-02 -5.0569035e-02 -3.3015370e-02  8.0916034e-05
   9.9660057e-01]]",14
3,4,5,,1.089076042175293,"[[ 0.96225816  0.08091152 -0.25332442 -0.03331232  0.04721764]
 [ 0.25439295 -0.00249568  0.9585194   0.11967286  0.0468721 ]
 [-0.07743687  0.9963627   0.02630599 -0.02347608 -0.00468038]
 [-0.01332747  0.02614816 -0.1278855   0.96611273  0.22228393]
 [-0.05629645 -0.00498865 -0.0045404  -0.22504166  0.9726981 ]]",14
4,5,5,,1.066773533821106,"[[ 8.28638494e-01 -5.53762078e-01 -8.11930969e-02  1.06264651e-02
  -7.46148580e-04]
 [ 5.40274978e-01  8.23732913e-01 -1.16533652e-01 -9.97721925e-02
  -7.76690021e-02]
 [-9.15878192e-02 -9.41986740e-02 -4.10357088e-01 -8.93400490e-01
   1.27203897e-01]
 [ 1.05652817e-01  1.82331260e-02  8.99195671e-01 -4.10593539e-01
   1.06607124e-01]
 [ 4.37079594e-02  7.48717561e-02 -5.36822714e-02  1.52253047e-01
   9.83067214e-01]]",14
5,6,5,,1.0906507968902588,"[[-0.72992337 -0.643011    0.21465442 -0.06553306 -0.05811711]
 [-0.64054185  0.7593595   0.06069271 -0.09285057 -0.02782875]
 [ 0.21035826  0.0802751   0.9291733  -0.23842913  0.17056948]
 [ 0.05097685 -0.0518013  -0.26238605 -0.9610513   0.04745537]
 [-0.10034341 -0.02797311 -0.1342777   0.08134     0.98209065]]",14
6,7,5,,1.1309819221496582,"[[-0.72487456 -0.66819143 -0.12031224 -0.05496613 -0.10286285]
 [-0.66588247  0.72151524  0.1031217  -0.1561479  -0.03162492]
 [ 0.01088728 -0.16716771  0.97029763 -0.17112893 -0.03426175]
 [ 0.14634997 -0.04863021 -0.18078522 -0.97124034  0.01501943]
 [-0.09808486 -0.05124499  0.02702095 -0.00188006  0.9934886 ]]",14
7,8,5,,1.2061725854873657,"[[-0.98152494 -0.18811995  0.00471726  0.02880246  0.01917881]
 [ 0.12963253 -0.65463656  0.7442936   0.02489328 -0.00733201]
 [ 0.13913348 -0.72544116 -0.6657095   0.10535903  0.01036388]
 [ 0.01066779  0.09883796  0.05194401  0.99363494  0.01042516]
 [ 0.01822759  0.00529781  0.01172824 -0.01182437  0.9996811 ]]",14
8,9,5,,1.767745018005371,"[[-0.5076775   0.800214   -0.30241325 -0.08793925 -0.05228686]
 [-0.19386    -0.25489423 -0.58568126  0.73166656  0.13816193]
 [ 0.81762     0.47608414 -0.17357053  0.2596695  -0.08536044]
 [ 0.18797769 -0.19859035 -0.6991452  -0.62138075  0.22429523]
 [ 0.02904638  0.1690923   0.21585405  0.05821101  0.95947003]]",14
9,10,5,,1.3617466688156128,"[[ 0.35329562 -0.9187846  -0.15903103 -0.07276228 -0.02077962]
 [ 0.5827152   0.34366783 -0.7220528   0.02731294  0.14222929]
 [ 0.7057308   0.17164157  0.6564545  -0.19364047  0.0636712 ]
 [ 0.1535514  -0.04143913  0.13643378  0.9775028  -0.02405656]
 [-0.11828413 -0.08092717  0.06166219  0.03084054  0.9872722 ]]",14
10,11,5,,1.7880524396896362,"[[-0.20636424 -0.32375807 -0.4146643  -0.81762993 -0.11013304]
 [ 0.9137726  -0.31869602  0.05333409 -0.157024    0.18960881]
 [ 0.2622679   0.8896147  -0.12696946 -0.35089278 -0.0235394 ]
 [-0.12634218 -0.00146811  0.8972398  -0.42306358  0.00366831]
 [-0.19413064  0.0468718  -0.063628   -0.06867409  0.97537255]]",14
0,1,5,,1.243731141090393,"[[ 0.19200361  0.88619137  0.41245005 -0.04046841  0.07776119]
 [-0.858664    0.33119985 -0.34268934 -0.17396747  0.07281593]
 [-0.4204835  -0.31391025  0.8308434  -0.09134321  0.16127531]
 [-0.17617944  0.06337415  0.02507599  0.9779784   0.08873455]
 [ 0.13410896 -0.04914984 -0.14669509 -0.05755126  0.9771221 ]]",15
1,2,5,,1.412709355354309,"[[-0.85300875 -0.5074886   0.04610619  0.10768925  0.03329606]
 [ 0.22755434 -0.275629    0.91826147  0.1403135  -0.09672502]
 [-0.45179653  0.75997925  0.38829717 -0.21059294  0.15227419]
 [ 0.02273095 -0.24639982  0.05033542 -0.9554861  -0.1525881 ]
 [ 0.12632632 -0.1679365   0.03690254 -0.10682736  0.9711154 ]]",15
2,3,5,,1.359702706336975,"[[-0.84778416 -0.51204234 -0.10833166  0.02996335 -0.08025609]
 [ 0.47992784 -0.8427392   0.24062756  0.03935564 -0.00305745]
 [-0.21692804  0.15125825  0.96411115 -0.00873817  0.02182937]
 [ 0.00700929  0.05167556  0.00332167  0.99799824 -0.0356224 ]
 [-0.06184136 -0.04531827 -0.02900529  0.03842468  0.9958936 ]]",15
3,4,5,,1.0841355323791504,"[[ 9.8131818e-01  6.9181189e-02 -1.7117184e-01 -5.0755343e-03
   5.3879924e-02]
 [ 1.6710055e-01  3.5878770e-02  9.8089015e-01  8.6201765e-02
   3.4842677e-02]
 [-7.3703215e-02  9.9681175e-01 -2.1885242e-02 -1.9394480e-02
  -8.8885846e-03]
 [-2.4037717e-02  1.7115656e-02 -8.9706093e-02  9.7040588e-01
   2.2224857e-01]
 [-5.5516426e-02  8.0948201e-05 -5.3571104e-03 -2.2467697e-01
   9.7283584e-01]]",15
4,5,5,,1.0644638538360596,"[[ 0.84580874 -0.52802575 -0.07469041  0.01437993  0.00330482]
 [ 0.5094561   0.83470017 -0.1572897  -0.11528198 -0.07549859]
 [-0.11354692 -0.1307561  -0.5154373  -0.82936484  0.12840661]
 [ 0.1027498   0.03238644  0.8383642  -0.52396727  0.10486814]
 [ 0.04014494  0.07948786 -0.03392835  0.15529157  0.98326164]]",15
5,6,5,,1.084121584892273,"[[-7.8502464e-01 -5.7772911e-01  2.1048027e-01 -4.1506551e-02
  -6.2775567e-02]
 [-5.6648099e-01  8.1089652e-01  7.5262673e-02 -1.1572259e-01
  -4.9898814e-02]
 [ 2.2088850e-01  2.9658796e-02  8.8335896e-01 -3.7389275e-01
   1.7380956e-01]
 [ 8.4476043e-03 -8.8296384e-02 -3.8900074e-01 -9.1691393e-01
   8.9328187e-03]
 [-1.1820570e-01 -1.7394558e-04 -1.3560583e-01  6.6020213e-02
   9.8146820e-01]]",15
6,7,5,,1.125973105430603,"[[-0.7867732  -0.59028465  0.13089214 -0.02795587 -0.12098652]
 [-0.59702677  0.77605134 -0.13102858 -0.15504625 -0.0097751 ]
 [ 0.0183208  -0.20751867 -0.92042655 -0.3297352  -0.02626595]
 [ 0.11761507 -0.03732692  0.34407303 -0.930788    0.00458356]
 [-0.10187255 -0.06965006 -0.01128509 -0.00936497  0.9922478 ]]",15
7,8,5,,1.2200710773468018,"[[ 9.8464102e-01 -1.6675244e-01  3.4188684e-02  3.1207249e-02
   2.3085399e-02]
 [-1.3593063e-01 -6.4621764e-01  7.5068778e-01  1.8578516e-02
  -6.9443723e-03]
 [ 1.0669295e-01  7.0182472e-01  6.3125956e-01 -3.1230220e-01
   6.1041517e-03]
 [ 5.2568796e-03  2.4898639e-01  1.9185847e-01  9.4927382e-01
   6.9023245e-03]
 [-2.4370454e-02 -6.6428711e-03 -7.5403054e-04 -5.2390089e-03
   9.9966693e-01]]",15
8,9,5,,1.7387216091156006,"[[ 0.41581774 -0.87861377  0.2166852   0.08677853  0.02550271]
 [-0.25251427 -0.2129065  -0.6582791   0.6693532   0.09768423]
 [ 0.8517597   0.38009045 -0.1883104   0.27663663 -0.13434307]
 [ 0.1610213  -0.15571587 -0.6836865  -0.6810477   0.13627732]
 [ 0.1091316   0.11828957  0.1297229   0.0638906   0.9763134 ]]",15
9,10,5,,1.357717514038086,"[[ 0.4221533   0.87460655 -0.22092114 -0.08954582  0.00504542]
 [ 0.44110048 -0.40327597 -0.77718824  0.0684905   0.1846246 ]
 [ 0.76194185 -0.2418719   0.5680197  -0.16583472  0.10389894]
 [ 0.13808323  0.06639867  0.12957858  0.97965586 -0.00282623]
 [-0.166116    0.0975763   0.0879501   0.00798698  0.9772847 ]]",15
10,11,5,,1.7981288433074951,"[[-0.24060313 -0.27298063 -0.41777977 -0.8049378  -0.21243116]
 [-0.92314965  0.27610818  0.06935165  0.19194478 -0.17293511]
 [ 0.21473023  0.92044187 -0.16447955 -0.2775794  -0.05073275]
 [-0.02455368  0.02476621  0.8853308  -0.46351713  0.01118533]
 [-0.20782901  0.03767256 -0.09892595 -0.15275471  0.96034765]]",15
0,1,5,,1.2326549291610718,"[[ 0.27755114  0.8589696   0.42309156  0.00461919  0.07815851]
 [-0.78407514  0.43582323 -0.38165396 -0.21045123  0.07304003]
 [-0.49777958 -0.2512512   0.81452733 -0.09930786  0.12558459]
 [-0.21503355  0.06022348 -0.00799031  0.9707681   0.08763103]
 [ 0.11902811 -0.07399496 -0.10869738 -0.05861935  0.982398  ]]",16
1,2,5,,1.3888517618179321,"[[ 0.91911626 -0.37108552  0.01024739  0.1285543   0.02982427]
 [-0.10501039 -0.20360012  0.96316516  0.10742351 -0.09106524]
 [ 0.36665314  0.86024886  0.25738123 -0.19315241  0.14827132]
 [ 0.04331404 -0.23355275  0.05336034 -0.9646089  -0.1012887 ]
 [-0.0888107  -0.16207258  0.05581613 -0.06446596  0.9790678 ]]",16
2,3,5,,1.3565996885299683,"[[ 6.9431758e-01  7.0597219e-01  1.1775087e-01 -3.4724519e-02
   6.6749021e-02]
 [ 6.2092298e-01 -6.7885935e-01  3.9065436e-01 -1.0121370e-03
   3.1506784e-02]
 [-3.5758957e-01  1.9821620e-01  9.1241848e-01 -1.7697914e-02
   4.3891422e-03]
 [ 1.8562123e-02  2.7413527e-02  2.0699872e-02  9.9923742e-01
   2.9041895e-04]
 [-6.4520814e-02 -2.6685270e-02 -2.4245124e-02  2.1430582e-03
   9.9726254e-01]]",16
3,4,5,,1.0953106880187988,"[[-0.98314804  0.07268403 -0.15867274 -0.01649798  0.05184337]
 [-0.14315169  0.1747549   0.96215165  0.14892489  0.03246332]
 [ 0.09838507  0.9816841  -0.15634292 -0.04646352 -0.00384896]
 [ 0.02141836  0.01939441 -0.15672791  0.9653785   0.20650849]
 [ 0.05281235 -0.00990038  0.00896583 -0.20840973  0.97652334]]",16
4,5,5,,1.0686007738113403,"[[ 6.47004485e-01  7.58220851e-01 -7.92747587e-02  6.86443527e-04
  -1.41929910e-02]
 [-7.42434442e-01  6.45828664e-01  1.25342876e-01 -1.16588674e-01
  -4.89144810e-02]
 [ 1.48211569e-01 -6.97314441e-02  5.12458563e-01 -8.33082438e-01
   1.28571644e-01]
 [-8.33113939e-02 -1.41716879e-02 -8.44081581e-01 -5.12038827e-01
   1.34910524e-01]
 [-3.56201828e-02  5.42513207e-02  5.40113784e-02  1.73771039e-01
   9.81159747e-01]]",16
5,6,5,,1.1063586473464966,"[[ 0.8861876   0.3764525  -0.2387436   0.1026935  -0.07355634]
 [-0.37925813  0.92215323  0.01114068 -0.0746676   0.00986208]
 [-0.24381822 -0.06142007 -0.88610274  0.36542234  0.13441986]
 [ 0.02548854 -0.05905307 -0.38617498 -0.9198157  -0.0259035 ]
 [-0.10362328 -0.02563522 -0.09256469  0.06545478 -0.9878019 ]]",16
6,7,5,,1.135801076889038,"[[-0.81088996 -0.56541806 -0.07840945  0.05850421 -0.11484432]
 [-0.5564061   0.806826    0.10136312  0.16865759 -0.02691103]
 [ 0.00111829 -0.13112609  0.9905952   0.03206516 -0.02230714]
 [ 0.14541724 -0.09970684 -0.04528202  0.9832831  -0.00404554]
 [ 0.10827017  0.04689044 -0.0157511  -0.01606713 -0.9927601 ]]",16
7,8,5,,1.200731635093689,"[[ 0.9941938  -0.10702869  0.00321692  0.00443285  0.00967619]
 [-0.07968475 -0.7205578   0.6860873   0.05067487 -0.03410474]
 [-0.07105299 -0.68457305 -0.72132194 -0.07741223  0.00362375]
 [ 0.00687747  0.01776684  0.08852325 -0.99226016 -0.08497364]
 [-0.01154488 -0.01963188  0.03364687 -0.08270188  0.9957457 ]]",16
8,9,5,,1.805255651473999,"[[-0.71516234 -0.64503396 -0.26755103 -0.00753351 -0.02887616]
 [ 0.09772944 -0.35512617  0.5630676   0.7324141   0.10420498]
 [-0.67435116  0.64912695  0.24221104  0.23329645 -0.10388086]
 [-0.14189783 -0.138074    0.69923556 -0.6258591   0.28314424]
 [-0.06408818  0.13185765 -0.25253665  0.13185567  0.94728327]]",16
9,10,5,,1.3175938129425049,"[[-0.5324531  -0.83445877  0.0887856   0.10660267  0.03041772]
 [ 0.47166136 -0.3766934  -0.7896171   0.03499783  0.10448727]
 [-0.6577711   0.39264858 -0.57487315  0.28240225 -0.05416736]
 [ 0.23740335 -0.00939415  0.18935798  0.952709    0.00636289]
 [-0.07075302  0.08671535  0.04781565  0.00235307  0.99256366]]",16
10,11,5,,1.7856194972991943,"[[-0.38437727 -0.17208426 -0.46574107 -0.7764213  -0.05381767]
 [-0.8176086   0.44009253  0.04075921  0.29787475 -0.21781659]
 [ 0.34848163  0.87973803 -0.12661853 -0.2945265   0.04293388]
 [-0.12017217  0.01613973  0.8747166  -0.46918657  0.00574193]
 [-0.21883672  0.05005955 -0.01620208  0.03948068  0.9735416 ]]",16
0,1,5,,1.2283324003219604,"[[ 3.5905316e-01  8.6792231e-01  3.3076757e-01  5.7531144e-02
   7.1235873e-02]
 [-7.9010779e-01  4.5969874e-01 -3.3147511e-01 -2.1398665e-01
   9.3491979e-02]
 [-4.3739882e-01 -1.5855440e-01  8.7908113e-01 -4.6917059e-02
   9.2509724e-02]
 [-2.1582006e-01  4.2052235e-02 -5.0048333e-02  9.7401154e-01
   2.1213206e-02]
 [ 9.4416805e-02 -9.2086531e-02 -7.3679753e-02 -4.1867790e-04
   9.8852247e-01]]",17
1,2,5,,1.400791883468628,"[[-0.9209964  -0.3695226   0.03727853  0.11231321  0.03485404]
 [ 0.00702941  0.09354709  0.9900691   0.0628019  -0.08377731]
 [-0.37349612  0.90420014 -0.06187341 -0.11681407  0.15952705]
 [-0.05490457 -0.15053736  0.08000724 -0.9831793   0.0357958 ]
 [ 0.09592936 -0.12026039  0.09024424  0.05616606  0.9823626 ]]",17
2,3,5,,1.3828473091125488,"[[-0.53739357 -0.836057   -0.08798938  0.03718876 -0.05560251]
 [ 0.7233885  -0.5151559   0.4560042   0.02743301  0.0512942 ]
 [-0.42668176  0.18068348  0.8852329  -0.03643772 -0.01819785]
 [-0.01832525  0.05120752  0.02256846  0.99751836  0.03859801]
 [-0.07432431 -0.01882192 -0.01309406 -0.03865072  0.99622107]]",17
3,4,5,,1.1145130395889282,"[[-8.6910433e-01  4.3520560e-03 -4.9430525e-01  6.0960936e-04
   1.7340064e-02]
 [-4.8090908e-01  1.8919919e-01  8.4833479e-01  1.1170012e-01
   2.7952127e-02]
 [ 9.6494384e-02  9.8175997e-01 -1.6180360e-01 -1.3112870e-02
  -2.1995740e-02]
 [ 6.1043959e-02 -4.7783363e-03 -9.9034287e-02  9.7212863e-01
   2.0349148e-01]
 [ 1.8617725e-02  1.7584907e-02  1.4844034e-03 -2.0570986e-01
   9.7827673e-01]]",17
4,5,5,,1.0741935968399048,"[[ 0.82782215  0.5433862   0.09618511  0.09529482 -0.03330699]
 [-0.5199286   0.83426094 -0.09447972 -0.15485965 -0.02784038]
 [ 0.20155542 -0.07980631 -0.357874   -0.9040326   0.08750771]
 [-0.06124047  0.00227048  0.9201421  -0.36600682  0.1249879 ]
 [ 0.00315382  0.04864052 -0.08418255  0.12530553  0.9873378 ]]",17
5,6,5,,1.0883703231811523,"[[ 0.9381222   0.26342514 -0.20098725  0.06548044 -0.07648725]
 [-0.25240767  0.96434003  0.0592884  -0.0382415   0.03689332]
 [ 0.21040471 -0.01047466  0.8847371  -0.39781272 -0.12085339]
 [-0.01754504 -0.01634281 -0.4053408  -0.9137805   0.01136196]
 [-0.10788441  0.01669343 -0.09501708  0.03162434 -0.98896605]]",17
6,7,5,,1.1097043752670288,"[[ 0.9340983  -0.3070867  -0.03838767  0.12591974 -0.1258129 ]
 [ 0.29950264  0.908334    0.28263894  0.07277538 -0.00682295]
 [-0.04128217 -0.2746693   0.9537218  -0.10926779 -0.0364386 ]
 [-0.15053263 -0.05690788  0.08883178  0.98270714 -0.02229078]
 [-0.11573417  0.04410715 -0.0341346  -0.03456991 -0.9911104 ]]",17
7,8,5,,1.1892344951629639,"[[ 0.988925   -0.10723919 -0.09940423  0.0098674   0.02341887]
 [ 0.07894036  0.96154183 -0.25629258  0.04589246 -0.037599  ]
 [ 0.12337075  0.24815002  0.9294715  -0.24208164 -0.02608549]
 [-0.01536031 -0.02168856 -0.24595326 -0.9649028  -0.08810887]
 [-0.01842274  0.04345326 -0.00475817 -0.09030797  0.99478346]]",17
8,9,5,,1.777119755744934,"[[ 0.8280849   0.53733116  0.09975357  0.02260905 -0.12283629]
 [-0.42795345  0.718129   -0.2022132  -0.5101503  -0.00174328]
 [ 0.33898935 -0.42874306 -0.42172763 -0.7205166  -0.06532377]
 [-0.03848333 -0.10398255  0.87604517 -0.46103817 -0.08772296]
 [ 0.1213944   0.03054289  0.06204634 -0.0868049   0.9863801 ]]",17
9,10,5,,1.486750602722168,"[[ 9.97980058e-01 -4.05716598e-02  2.30177213e-02  4.29588743e-02
   3.79939144e-03]
 [ 1.96037909e-05 -5.19472301e-01 -8.35096240e-01 -2.77899597e-02
  -1.78858832e-01]
 [ 5.18191755e-02  8.27942133e-01 -5.30527771e-01 -1.46029204e-01
   9.50914621e-02]
 [-3.59333493e-02  1.05201855e-01 -1.05320528e-01  9.87662435e-01
   3.27380374e-02]
 [-7.70336203e-03 -1.78737015e-01 -9.76333767e-02 -2.40945909e-02
   9.78713930e-01]]",17
10,11,5,,1.8146324157714844,"[[ 0.82876456 -0.04444665  0.32713804  0.20648439  0.40189385]
 [-0.33585855  0.42910248  0.5633124   0.61998296 -0.03701941]
 [ 0.19262214  0.89893836 -0.30818248 -0.23345384  0.07300229]
 [-0.04233748  0.07127942  0.693108   -0.7082972  -0.10508683]
 [ 0.40181163  0.02691781  0.01687375  0.12961416 -0.9059461 ]]",17
0,1,5,,1.2291069030761719,"[[ 0.34331924  0.8580356   0.37441128 -0.0028471   0.07559723]
 [-0.8021271   0.45347893 -0.32400557 -0.19308472  0.09320773]
 [-0.4333574  -0.21439564  0.86100143 -0.08334097  0.13404018]
 [-0.18487842  0.0671987   0.00147915  0.9746825   0.10628263]
 [ 0.12940395 -0.08746827 -0.11623671 -0.07588381  0.97792363]]",18
1,2,5,,1.4102457761764526,"[[-0.9064853  -0.39560837  0.07494408  0.12529261  0.02152896]
 [ 0.10427313 -0.02720184  0.9852791   0.09508242 -0.09258285]
 [-0.39339718  0.87409675  0.10157453 -0.18063045  0.19557276]
 [-0.0407272  -0.20382693  0.08199716 -0.9686921  -0.10820341]
 [ 0.10483991 -0.19277824  0.08104035 -0.06534036  0.97005576]]",18
2,3,5,,1.364412546157837,"[[-7.63458371e-01 -6.34206593e-01 -9.58711654e-02  1.45880515e-02
  -7.42247328e-02]
 [ 5.35670698e-01 -7.14178264e-01  4.49006110e-01  3.23211960e-02
   1.88484397e-02]
 [-3.53119731e-01  2.92350829e-01  8.88362586e-01 -1.89607944e-02
  -1.70238949e-02]
 [-1.53835202e-02  3.68988775e-02  3.71530559e-03  9.98600721e-01
   3.44178192e-02]
 [-7.25126266e-02 -3.00160106e-02 -5.85724716e-04 -3.43451127e-02
   9.96323764e-01]]",18
3,4,5,,1.0846242904663086,"[[-0.97839344  0.04807399 -0.19629975  0.01033358  0.04236582]
 [-0.18186453  0.19153431  0.9612491   0.07695813  0.0178168 ]
 [ 0.08318815  0.9802397  -0.1785003  -0.00980904 -0.01585009]
 [ 0.03402635 -0.00342204 -0.07476413  0.9752186   0.20540117]
 [ 0.03991957  0.01103927  0.0038031  -0.20693788  0.9774696 ]]",18
4,5,5,,1.06191885471344,"[[ 0.70138747  0.71021867 -0.05391313  0.02384695 -0.01302773]
 [-0.6882768   0.69516987  0.15674332 -0.12900802 -0.04245459]
 [ 0.16179508 -0.09524633  0.4410262  -0.8723261   0.0964029 ]
 [-0.08643177  0.03585482 -0.8796765  -0.4520622   0.11424942]
 [-0.02612538  0.04439445  0.06473036  0.13219355  0.98776585]]",18
5,6,5,,1.0910534858703613,"[[ 0.93327063  0.267314   -0.21433441 -0.04897466  0.09597643]
 [-0.26292938  0.95924014  0.01533088  0.09765702 -0.03089717]
 [-0.2072463  -0.01232792 -0.90519613 -0.34093943 -0.14586703]
 [-0.0056795  -0.09079125 -0.34933037  0.93256533  0.00384247]
 [-0.12996495  0.00257339 -0.11141773 -0.04633204  0.9841453 ]]",18
6,7,5,,1.1360021829605103,"[[ 0.86024094 -0.47430226 -0.09783559 -0.04610237 -0.15272717]
 [ 0.47667158  0.8368722   0.21371715 -0.16355878 -0.00161534]
 [-0.03355284 -0.24608587  0.9636533  -0.09761956 -0.01259452]
 [ 0.11934025  0.09124481  0.12692368  0.98040235  0.01157106]
 [ 0.13191597 -0.07614681 -0.00397604 -0.0201181   0.98811907]]",18
7,8,5,,1.2358648777008057,"[[ 0.99249387  0.12180245 -0.00295587 -0.01034763 -0.00207354]
 [ 0.07234006 -0.5685717   0.8187842   0.01751922 -0.02790366]
 [ 0.09816377 -0.80291903 -0.5705596   0.13558668 -0.04198671]
 [-0.00377075  0.11749107  0.0633307   0.9882058   0.07496776]
 [ 0.00851561 -0.05837147 -0.00588681 -0.06820238  0.9959087 ]]",18
8,9,5,,1.7644540071487427,"[[ 0.699746    0.69716007  0.11834289 -0.02787172  0.09768046]
 [ 0.10643008 -0.19402094  0.6721957   0.7064636   0.00952483]
 [-0.67461073  0.67911243  0.17678636  0.12253831 -0.19348799]
 [-0.06953307 -0.09433216  0.70562    -0.68844336  0.12005357]
 [-0.19772124  0.0789393  -0.07067563  0.10565278  0.96877104]]",18
9,10,5,,1.3307013511657715,"[[-0.6471938  -0.7487056   0.09499298  0.1061098  -0.01724144]
 [ 0.24668665 -0.32445243 -0.8942115   0.04499309  0.17954881]
 [-0.6975124   0.55906355 -0.42200395  0.04473679 -0.14434543]
 [ 0.08898108  0.06995624  0.04972539  0.9923236   0.00314292]
 [-0.16076288  0.1293237   0.10393388 -0.00299113  0.9729437 ]]",18
10,11,5,,1.7599166631698608,"[[-0.5025043  -0.08245192 -0.481268   -0.6697532  -0.24597333]
 [-0.82892114  0.23848383  0.33861488  0.37119272 -0.05975867]
 [ 0.16796806  0.9665706  -0.13499886 -0.13045307 -0.04780309]
 [ 0.05856904  0.01741864  0.79217154 -0.60678685 -0.02324135]
 [-0.16951564  0.04200997 -0.0892223  -0.16863649  0.96597135]]",18
0,1,5,,1.1951441764831543,"[[ 0.44284827  0.81594217  0.36209697  0.05743207  0.06091884]
 [-0.7517266   0.5373459  -0.2687567  -0.25188258  0.10242771]
 [-0.38604414 -0.17943934  0.88940984 -0.1524691   0.06689414]
 [-0.26496607  0.04451993  0.03769391  0.9362687   0.22313918]
 [ 0.13984042 -0.10638253 -0.06469166 -0.18278636  0.9651588 ]]",19
1,2,5,,1.3945868015289307,"[[-0.91756415 -0.3421158   0.1472258   0.13752304  0.02109096]
 [ 0.10987604  0.15041025  0.97643983  0.07418168 -0.07978903]
 [-0.36370757  0.88519233 -0.06386106 -0.18858247  0.21097352]
 [-0.07334644 -0.16312692  0.08381905 -0.94485617 -0.2612105 ]
 [ 0.09132586 -0.22395936  0.11741329 -0.21741167  0.93832195]]",19
2,3,5,,1.3653855323791504,"[[ 0.91518164  0.34677777 -0.18925647  0.00198001 -0.07978626]
 [-0.1829515   0.80103415  0.5690011  -0.00117081  0.03330796]
 [ 0.34756738 -0.487619    0.7999718  -0.02289797 -0.03074877]
 [ 0.01275137 -0.01195216  0.01858932  0.9968601   0.07495981]
 [ 0.08947439 -0.0132035  -0.0109246  -0.0757653   0.99295527]]",19
3,4,5,,1.096533179283142,"[[ 0.99480814  0.03191248 -0.06469127 -0.02386482 -0.06770381]
 [-0.06447202 -0.0162681  -0.9973048  -0.02983736  0.00845668]
 [-0.035287    0.99856293 -0.01335755 -0.02878104 -0.02490459]
 [ 0.03263149  0.03350347 -0.03053731  0.98241645  0.17815183]
 [ 0.06237051  0.02160181  0.00933607 -0.1804709   0.9813187 ]]",19
4,5,5,,1.085942268371582,"[[ 0.44224742  0.8932083   0.0044502   0.0794905  -0.01604629]
 [-0.88096005  0.44166937 -0.15785994 -0.05770525 -0.02424713]
 [ 0.12432716  0.02560123 -0.29622194 -0.9397327   0.11420305]
 [-0.11232982  0.07922051  0.93872607 -0.2947351   0.11415236]
 [-0.01585498  0.0132546  -0.0781435   0.14277619  0.986449  ]]",19
5,6,5,,1.1787678003311157,"[[ 0.9444391  -0.03471432 -0.2523439  -0.17249072  0.11575449]
 [ 0.03716449  0.9963392  -0.02691955  0.06429164  0.03269267]
 [ 0.25943652 -0.0029258   0.9283849   0.18874483  0.18751243]
 [ 0.1032029  -0.07409743 -0.23576595  0.9618905   0.05513392]
 [-0.16939692 -0.02457669 -0.13458724 -0.07249499  0.9733095 ]]",19
6,7,5,,1.2153947353363037,"[[-0.804183   -0.5469599   0.05627605 -0.12613712 -0.1872084 ]
 [-0.5605998   0.7830839   0.11406027  0.24372852 -0.00969477]
 [ 0.1115877  -0.01080815  0.97853535 -0.16815059 -0.0403143 ]
 [-0.05475768  0.27788478 -0.15273501 -0.946689    0.01528058]
 [-0.15351619 -0.10137881  0.05444062 -0.01382212  0.98132575]]",19
7,8,5,,1.228895664215088,"[[-0.9964446  -0.07146253 -0.01086115  0.04236768  0.00884991]
 [ 0.03801112 -0.6741031   0.73464245 -0.04431789 -0.04976527]
 [ 0.06046924 -0.72699136 -0.674554    0.04472727 -0.10393935]
 [ 0.0394567   0.01632192  0.06637036  0.9923525  -0.09491265]
 [ 0.02097608 -0.10814457 -0.02746644  0.09735011  0.98875344]]",19
8,9,5,,1.9018155336380005,"[[ 0.81521636 -0.56185156  0.04956399 -0.03053745  0.12788993]
 [-0.04610687 -0.0065471   0.95693326 -0.23626566 -0.1621379 ]
 [-0.56562126 -0.81294423 -0.05844181 -0.1225913   0.02738818]
 [ 0.06902984  0.11107099 -0.24646981 -0.9565231  -0.08493702]
 [ 0.09275674 -0.10518905 -0.13288894  0.1152429  -0.974367  ]]",19
9,10,5,,1.517660140991211,"[[-0.7389015  -0.6585594   0.00433416  0.14028595  0.02500161]
 [-0.00729888  0.01399522  0.99594456  0.01212241 -0.08774056]
 [-0.50168467  0.67881024 -0.01149922  0.5280643   0.09243906]
 [-0.44823283  0.32353362 -0.00313401 -0.8310363  -0.06149882]
 [ 0.03702709 -0.02542253  0.08907109 -0.1034389   0.9896208 ]]",19
10,11,5,,1.8490493297576904,"[[-0.6359531   0.19731021 -0.5116406  -0.53279084 -0.10483402]
 [-0.67987067  0.16504121  0.5169251   0.42537242 -0.24976803]
 [ 0.25809318  0.96092296  0.08369826 -0.03997325  0.03757122]
 [ 0.02574596 -0.09764448  0.67929214 -0.7260559   0.03475086]
 [-0.25703028  0.03037394  0.05068738  0.0802315   0.96125257]]",19
0,1,5,,1.2353252172470093,"[[ 0.23987237  0.88034797  0.4034715  -0.01437754  0.0667283 ]
 [-0.82810897  0.37952638 -0.3552615  -0.19558859  0.07569423]
 [-0.44225797 -0.2741642   0.83400553 -0.12096158  0.13800354]
 [-0.20550166  0.04986931  0.02655934  0.9684861   0.12888524]
 [ 0.13738172 -0.05739474 -0.12136479 -0.09455878  0.9768119 ]]",20
1,2,5,,1.4106783866882324,"[[-0.93272996 -0.3371145   0.04618926  0.11586996  0.02845102]
 [ 0.12885499 -0.19872189  0.9623391   0.09777548 -0.090826  ]
 [-0.31890556  0.866466    0.26071262 -0.19918114  0.19972904]
 [-0.04233777 -0.21948577  0.04544478 -0.9640676  -0.136169  ]
 [ 0.09958961 -0.21892025  0.04163719 -0.08896454  0.9656642 ]]",20
2,3,5,,1.3680516481399536,"[[-7.6808578e-01 -6.2964302e-01 -7.7703930e-02  1.3968196e-02
  -8.5795030e-02]
 [ 5.4262877e-01 -7.1809119e-01  4.3537951e-01  3.1088842e-03
   1.8281020e-02]
 [-3.3128282e-01  2.9329634e-01  8.9672941e-01 -1.0246297e-02
  -4.7661873e-04]
 [ 5.8995625e-03  1.4169606e-02  8.9683039e-03  9.9983966e-01
  -2.1456892e-03]
 [-7.6257169e-02 -4.0880289e-02 -1.4234071e-02  3.2947364e-03
   9.9614263e-01]]",20
3,4,5,,1.0782227516174316,"[[-9.9369627e-01  3.1819392e-02 -9.2863522e-02  4.3195039e-03
   5.3971462e-02]
 [-8.3733819e-02  1.6867372e-01  9.7528702e-01  1.1211194e-01
   2.8000055e-02]
 [ 4.5597512e-02  9.8472804e-01 -1.6050628e-01 -4.7858506e-02
  -1.3374005e-02]
 [ 2.7721062e-02  2.9102659e-02 -1.2012043e-01  9.6969008e-01
   2.0894176e-01]
 [ 5.2045494e-02  6.6479656e-04  6.7153363e-04 -2.1171404e-01
   9.7594446e-01]]",20
4,5,5,,1.0661745071411133,"[[ 0.49579626  0.86440927 -0.08090168 -0.00531688 -0.02023392]
 [-0.84648985  0.4984308   0.15394548 -0.09948589 -0.03774939]
 [ 0.1722154  -0.0420379   0.6266615  -0.7500301   0.11543339]
 [-0.08299511 -0.02479716 -0.7594704  -0.6352067   0.11051667]
 [-0.03308561  0.04451232  0.01599128  0.1550532   0.9862184 ]]",20
5,6,5,,1.1126205921173096,"[[ 0.9225923   0.24916732  0.26076823 -0.11057762  0.08069498]
 [-0.25037807  0.9617862   0.01562384  0.10942668 -0.0077198 ]
 [-0.2642763  -0.04485453  0.8822973  -0.3483056  -0.16846623]
 [ 0.03257863 -0.10241365  0.3706467   0.92248     0.01008839]
 [-0.12341417 -0.01955078  0.12620774 -0.05926426  0.9823167 ]]",20
6,7,5,,1.1497045755386353,"[[-0.7528234  -0.6454552   0.02145906  0.00599114 -0.12707524]
 [-0.6371676   0.74778783 -0.02548386 -0.18126965 -0.03636998]
 [-0.02791265  0.06014039  0.9765279   0.20203806  0.03431953]
 [-0.11225863  0.13089176 -0.21068892  0.9621724   0.00999035]
 [-0.11786968 -0.05874934 -0.02989059 -0.02259052  0.99058133]]",20
7,8,5,,1.2057446241378784,"[[ 0.99760514 -0.05875587  0.01668111  0.02866666  0.01522429]
 [-0.05143005 -0.66565454  0.74385774  0.00822114 -0.02944462]
 [ 0.03960587  0.7062195   0.6382013  -0.30393037  0.00330315]
 [-0.01839143  0.23007296  0.19772153  0.9483726   0.09068521]
 [-0.01523644 -0.04209933  0.00161771 -0.08559416  0.99532235]]",20
8,9,5,,1.8660532236099243,"[[ 0.5947998  -0.73657256 -0.31853026 -0.00602938 -0.04664918]
 [-0.02680272 -0.23771316  0.47467735  0.844809    0.06126463]
 [ 0.78031534  0.5663308   0.17135374  0.10057934 -0.17578132]
 [ 0.12821305 -0.24212514  0.77289045 -0.5162499   0.24710977]
 [ 0.14200048  0.14696322 -0.21563429  0.09813939  0.9497938 ]]",20
9,10,5,,1.343890905380249,"[[ 0.36312783 -0.92278194 -0.1089632  -0.06882452 -0.00138941]
 [ 0.5380474   0.29344755 -0.75502425  0.09540545  0.21267241]
 [-0.73502225 -0.22651875 -0.61801475  0.13917255 -0.08438202]
 [ 0.07426187 -0.06240932  0.15494847  0.9831215   0.00729842]
 [-0.18130253 -0.08459538  0.11006398 -0.0162488   0.9734448 ]]",20
10,11,5,,1.7835288047790527,"[[ 0.12712012 -0.25962338 -0.47557762 -0.8122452  -0.17469889]
 [-0.9232612  -0.33195913  0.04776474 -0.10038511  0.15821925]
 [-0.2975872   0.90607965 -0.08247907 -0.2891772   0.00594869]
 [ 0.11098763 -0.03761674  0.86939645 -0.48001423  0.00170997]
 [ 0.17479387  0.0018941  -0.09429464 -0.12705657  0.97180694]]",20
0,1,5,,1.2226794958114624,"[[ 0.29811123  0.853611    0.42108086 -0.0061889   0.07162854]
 [-0.7866264   0.4468696  -0.36531165 -0.20480475  0.07828707]
 [-0.4843034  -0.24836315  0.8227491  -0.09956613  0.13014013]
 [-0.2053248   0.06946777  0.0026982   0.9716108   0.09476937]
 [ 0.12506194 -0.0717345  -0.11097296 -0.06384251  0.9812353 ]]",21
1,2,5,,1.3949328660964966,"[[-0.8685315  -0.47731987 -0.01828551  0.13002884  0.02401764]
 [ 0.13080424 -0.25032333  0.94815755  0.10650327 -0.09941196]
 [-0.46483806  0.791352    0.31097493 -0.1861786   0.16223359]
 [-0.02244874 -0.22954565  0.03783274 -0.9643807  -0.12386901]
 [ 0.10938406 -0.17485647  0.0502605  -0.08400638  0.97358984]]",21
2,3,5,,1.3484355211257935,"[[-0.7431673  -0.6480898  -0.14692292  0.02938334 -0.07233408]
 [ 0.5917776  -0.74791276  0.29939643  0.0189878   0.02066249]
 [-0.30557382  0.13537243  0.94238985 -0.01193601  0.00759815]
 [ 0.00606156  0.0344232   0.00954897  0.9992183   0.01580631]
 [-0.063949   -0.03309686 -0.02419745 -0.01401206  0.9970122 ]]",21
3,4,5,,1.0811563730239868,"[[-9.72758949e-01  5.62574230e-02 -2.18378425e-01 -1.40250362e-02
   5.18596210e-02]
 [-2.01578289e-01  2.05479294e-01  9.51869190e-01  1.00503884e-01
   3.14404443e-02]
 [ 9.82178524e-02  9.76990879e-01 -1.86513469e-01 -3.04998998e-02
  -1.11643411e-02]
 [ 2.20006723e-02  1.00927586e-02 -1.07068770e-01  9.70776796e-01
   2.13407725e-01]
 [ 5.45489378e-02 -6.40256505e-04  2.22029351e-03 -2.15324134e-01
   9.75015163e-01]]",21
4,5,5,,1.061782717704773,"[[ 0.7213358   0.68765     0.08169582  0.00838164 -0.00821803]
 [-0.66431195  0.7156443  -0.14865273 -0.14641693 -0.05483942]
 [ 0.1656081  -0.10733704 -0.45820993 -0.85760516  0.12493861]
 [-0.09655298  0.00497703  0.87068224 -0.46685407  0.12088225]
 [-0.04019672  0.05869092 -0.05643     0.15827927  0.9832105 ]]",21
5,6,5,,1.080789566040039,"[[ 0.90776175  0.34156677 -0.21235146  0.08444846 -0.08411932]
 [-0.33861047  0.9377131   0.02416742 -0.07060599  0.02162913]
 [ 0.21710512  0.03112654  0.8907993  -0.36874142 -0.14967576]
 [ 0.01418417 -0.05388781 -0.38557753 -0.92083746 -0.01683074]
 [-0.11821884 -0.01239108 -0.11013341  0.06301897 -0.984769  ]]",21
6,7,5,,1.114425778388977,"[[ 0.8579592  -0.4804687  -0.09786493 -0.0752533  -0.13347355]
 [ 0.4800395   0.8475611   0.1690808  -0.15031038 -0.00455493]
 [-0.01282751 -0.20164543  0.9757595  -0.07955904 -0.02717186]
 [-0.14088203 -0.07497053 -0.09772105 -0.9822818  -0.01023901]
 [-0.11599886  0.06714606 -0.01334566  0.02316573 -0.9906164 ]]",21
7,8,5,,1.1856504678726196,"[[ 0.99280214 -0.11881867  0.0107107   0.0019081  -0.01037413]
 [ 0.08578287  0.7760753   0.6231112   0.03475168 -0.02955033]
 [ 0.08226023  0.6178936  -0.7818372   0.00791737 -0.01042011]
 [-0.00514616 -0.03085758 -0.01519851  0.9989746   0.02898259]
 [ 0.01385405  0.02906153  0.01082836 -0.02785053  0.99903476]]",21
8,9,5,,1.8245729207992554,"[[ 0.683507    0.71646655  0.13727498  0.00301054  0.02530329]
 [-0.2541263   0.37390083 -0.6543162  -0.59763956 -0.10156414]
 [-0.6634178   0.5804094   0.2900785   0.349565   -0.12907569]
 [-0.13513567 -0.00211207  0.65272623 -0.70138973  0.25245756]
 [-0.09926262  0.09997147 -0.20695108  0.16933626  0.95323086]]",21
9,10,5,,1.3359510898590088,"[[-0.69938594 -0.6997546   0.10200219  0.10110509  0.02400516]
 [ 0.22659948 -0.350484   -0.90111727  0.02354757  0.11509522]
 [-0.6472453   0.61391026 -0.40406334  0.19338581 -0.05935114]
 [ 0.19519705 -0.04050427  0.09144182  0.9756129   0.00867851]
 [-0.04983641  0.0947535   0.07716559 -0.00214524  0.99125123]]",21
10,11,5,,1.7645362615585327,"[[-0.5355118  -0.09045194 -0.4959916  -0.66290253 -0.13999347]
 [-0.7702911   0.362677    0.29013914  0.39510345 -0.18662663]
 [ 0.26218897  0.92521423 -0.19444564 -0.1934168   0.00405152]
 [ 0.00122947  0.03981081  0.7942204  -0.60583055  0.02443424]
 [-0.22612858  0.05174547 -0.03487975 -0.00357841  0.97208995]]",21
0,1,5,,1.208165168762207,"[[ 0.3908653   0.8600778   0.31441662  0.06129291  0.069828  ]
 [-0.7747246   0.48018804 -0.3312976  -0.2194223   0.10638104]
 [-0.43086472 -0.13118078  0.8862383  -0.0602821   0.08997209]
 [-0.22839935  0.0482     -0.03823317  0.9716131   0.00409246]
 [ 0.09599692 -0.10076714 -0.06711213  0.02076372  0.98777294]]",22
1,2,5,,1.3871077299118042,"[[ 0.9308591  -0.34218606  0.00461541  0.12346818  0.03382695]
 [ 0.009818    0.06029971  0.9926282   0.075776   -0.07221399]
 [ 0.3492715   0.9117487  -0.03639672 -0.14722179  0.15402856]
 [ 0.06547336 -0.17600395  0.08312224 -0.97843456 -0.02219152]
 [-0.08442467 -0.13042091  0.08021208  0.00229434  0.98459315]]",22
2,3,5,,1.3563638925552368,"[[-0.89632773 -0.42827183  0.10269    -0.02273005  0.04602181]
 [-0.3271806   0.8067513   0.48734498  0.02809589  0.06173155]
 [ 0.29137525 -0.40332168  0.86699045 -0.01728987 -0.02146407]
 [-0.00639952 -0.03926174  0.00369491  0.99919033 -0.00474954]
 [ 0.06788969 -0.039061   -0.01623598  0.00369812  0.99678874]]",22
3,4,5,,1.0976287126541138,"[[ 0.9915252  -0.10375322  0.04579236 -0.0517915  -0.03652264]
 [-0.07606344 -0.30414718  0.94956446 -0.00454362 -0.00395488]
 [ 0.08420724  0.946813    0.30994517  0.00313343 -0.01945334]
 [ 0.05710894 -0.00697315  0.00782303  0.98000497  0.19031289]
 [ 0.02720295  0.01504171  0.01016317 -0.192035    0.980843  ]]",22
4,5,5,,1.0716382265090942,"[[-0.85910875  0.49843895  0.0585597   0.09786114 -0.02201488]
 [ 0.44968677  0.8419317  -0.12692857 -0.2690966  -0.02022619]
 [ 0.23209657  0.19471087  0.1445407   0.93650186 -0.10144455]
 [ 0.07633794  0.05557397  0.973346   -0.16710289  0.12553224]
 [ 0.00420129  0.04133894 -0.11029752  0.11424091  0.9864365 ]]",22
5,6,5,,1.0881365537643433,"[[-0.93891394 -0.26597756  0.19411208 -0.06112158  0.0792546 ]
 [-0.25022522  0.9605271   0.05255284 -0.0921141   0.05939731]
 [ 0.20850345 -0.0274298   0.88079524 -0.41285098 -0.09760994]
 [-0.01124134 -0.06563077 -0.42398483 -0.9031449  -0.01150761]
 [-0.11058035  0.03979473 -0.06320789  0.04077476 -0.9902174 ]]",22
6,7,5,,1.119594693183899,"[[ 0.9422139  -0.28474265 -0.03607269  0.1071632  -0.13553344]
 [ 0.2824433   0.9035298   0.31884345  0.04427471  0.01543257]
 [-0.04833266 -0.31253937  0.94313765 -0.10176536 -0.01087131]
 [-0.1249966  -0.03940981  0.08671851  0.98715633 -0.02872499]
 [-0.12040959  0.05763187 -0.00296367 -0.04149831 -0.9901764 ]]",22
7,8,5,,1.192126989364624,"[[ 0.99096847 -0.12112752 -0.0531075   0.01811007  0.01269908]
 [ 0.08074199  0.8746631  -0.47218183  0.06797274 -0.02948164]
 [ 0.10625714  0.45643237  0.8194021  -0.32699454 -0.04509576]
 [-0.01156521 -0.10109826 -0.32060996 -0.939648   -0.06258037]
 [-0.0061575   0.04172701  0.00365417 -0.07202744  0.9965037 ]]",22
8,9,5,,1.874753475189209,"[[ 0.8092264   0.5626716  -0.0706963  -0.02037127  0.1521195 ]
 [-0.2967223   0.54713017  0.6698644   0.39666942 -0.0808672 ]
 [ 0.4412593  -0.6129036   0.534515    0.3157048   0.21038945]
 [-0.07451317  0.01148522 -0.50514704  0.82837695  0.23007372]
 [-0.23842521  0.09092101  0.07351063 -0.23740356  0.9344103 ]]",22
9,10,5,,1.7250982522964478,"[[ 9.8756105e-01  1.3875444e-01  4.6951082e-02 -5.7074543e-02
   2.9196248e-03]
 [-8.7909517e-04  3.1684810e-01 -9.3960840e-01 -2.4366697e-02
  -1.2707786e-01]
 [-1.3173977e-01  9.2087919e-01  2.9783779e-01  2.0709085e-01
   5.5065062e-02]
 [ 8.5766397e-02 -1.7959875e-01 -8.7441094e-02  9.7602332e-01
   1.0993402e-02]
 [-3.3488651e-03  8.9615453e-03  1.3630211e-01  2.5308659e-02
  -9.9029779e-01]]",22
10,11,5,,2.017087697982788,"[[ 0.83447206 -0.10207206  0.28476286  0.19082217  0.41920725]
 [ 0.1834183  -0.27143264 -0.7404359  -0.50377154  0.30108312]
 [ 0.17194167  0.9542347  -0.21320057 -0.09222969  0.07688618]
 [ 0.01210749 -0.04408481 -0.5576867   0.8281355  -0.03297028]
 [ 0.4902077  -0.05829558 -0.11914721 -0.12444386 -0.8524175 ]]",22
0,1,5,,1.2143787145614624,"[[ 0.3445725   0.8530864   0.3851566   0.01384747  0.07054033]
 [-0.7738106   0.46924484 -0.3567007  -0.21191984  0.09423902]
 [-0.47169012 -0.19953778  0.84605944 -0.09209188  0.11573918]
 [-0.21272744  0.06719058 -0.00738226  0.9717968   0.07608514]
 [ 0.12141807 -0.08788005 -0.09245477 -0.04503663  0.98334056]]",23
1,2,5,,1.3932180404663086,"[[ 0.927263   -0.3476872  -0.02909503  0.13386053  0.02305906]
 [-0.03536402 -0.15020673  0.98088187  0.08266459 -0.08499796]
 [ 0.3570658   0.87998277  0.1787273  -0.18050452  0.18332744]
 [ 0.06318921 -0.21438192  0.0432862  -0.9694996  -0.09079812]
 [-0.08627751 -0.19032131  0.05663113 -0.05231178  0.9748797 ]]",23
2,3,5,,1.348712682723999,"[[-7.3023856e-01 -6.7333460e-01  9.5308922e-02 -1.3935366e-02
   6.3985467e-02]
 [-5.7295704e-01  6.8766630e-01  4.4413179e-01  1.0630096e-02
   3.8330637e-02]
 [ 3.6484042e-01 -2.7052125e-01  8.9077514e-01 -9.3882605e-03
  -1.1884508e-02]
 [ 4.8785660e-05 -1.9104484e-02  4.8488323e-03  9.9975544e-01
   1.0029525e-02]
 [ 7.3234797e-02  1.3741485e-02 -1.2621136e-02 -9.6825920e-03
   9.9709320e-01]]",23
3,4,5,,1.078572154045105,"[[ 9.9124324e-01 -4.9357634e-02  1.1212423e-01 -1.3717819e-02
  -4.7336049e-02]
 [ 8.5903250e-02 -3.5161430e-01 -9.2954791e-01 -6.8228267e-02
  -1.6542459e-02]
 [ 8.4346361e-02  9.3482804e-01 -3.4340739e-01 -2.9591601e-02
  -1.3341451e-02]
 [ 3.1542968e-02  3.8145517e-03 -7.3758192e-02  9.7674751e-01
   1.9878267e-01]
 [ 4.4139229e-02  3.6383509e-03  1.1086402e-05 -2.0061253e-01
   9.7866905e-01]]",23
4,5,5,,1.063909888267517,"[[ 0.6507641   0.7557152  -0.06792588  0.02432585 -0.01396423]
 [-0.72235566  0.6429892   0.1741289  -0.1828694  -0.03170273]
 [ 0.21564262 -0.11593666  0.44765148 -0.852674    0.11230373]
 [-0.0861607   0.01301469 -0.8723273  -0.4655544   0.12128951]
 [-0.02798228  0.04299672  0.060979    0.14890654  0.98563516]]",23
5,6,5,,1.091549038887024,"[[ 0.9481897   0.18723106 -0.21642949  0.10192204 -0.09301094]
 [-0.18340516  0.9785973  -0.00816574 -0.09087209  0.01963605]
 [-0.2292679  -0.01131952 -0.8574061   0.4442027   0.1218475 ]
 [ 0.00479466 -0.08461627 -0.4604384  -0.8834503  -0.01813928]
 [-0.12129346  0.00198099 -0.07708978  0.05961198 -0.9878196 ]]",23
6,7,5,,1.128722071647644,"[[ 8.85404408e-01 -4.33360785e-01 -6.30121753e-02  5.61086871e-02
  -1.45391420e-01]
 [ 4.29060817e-01  8.70265782e-01  1.84771895e-01  1.56214222e-01
  -8.57111940e-04]
 [-3.12384106e-02 -1.98326543e-01  9.79035735e-01  3.25987265e-02
  -1.08244689e-02]
 [-1.20947495e-01 -1.04896836e-01 -5.81173263e-02  9.85215187e-01
  -1.84889119e-02]
 [-1.27912521e-01  6.70755357e-02 -5.25650743e-04 -2.71548871e-02
  -9.89141822e-01]]",23
7,8,5,,1.189241886138916,"[[ 0.9940052   0.10904337 -0.0064928   0.00392034 -0.00238882]
 [ 0.0769015  -0.6583208   0.7474539   0.03046704 -0.03293002]
 [ 0.07729987 -0.7428256  -0.66155    -0.05640171 -0.03748764]
 [ 0.00127735  0.02604295  0.06002644 -0.9949792  -0.0757199 ]
 [ 0.00793403 -0.04748863  0.0043614  -0.07675789  0.995877  ]]",23
8,9,5,,1.8407411575317383,"[[ 0.7318623   0.66265875  0.12757343  0.01629531  0.09338259]
 [ 0.0576321  -0.22716992  0.7523962   0.61509335  0.02514859]
 [-0.6489117   0.7077543   0.16589418  0.12684889 -0.18543449]
 [-0.09852512 -0.02650293  0.6002079  -0.7458008   0.27041093]
 [-0.17396122  0.08751321 -0.17278454  0.22155182  0.93975484]]",23
9,10,5,,1.3262450695037842,"[[-0.83356327 -0.53971726  0.06625749  0.09697843  0.00910046]
 [ 0.14706846 -0.33083934 -0.92145026  0.03974269  0.1351523 ]
 [-0.48798382  0.7556698  -0.34805807  0.25527585 -0.06726662]
 [ 0.20541777 -0.12809949  0.12796903  0.96031815  0.05298189]
 [-0.05673249  0.10864785  0.09496778 -0.04048502  0.9870761 ]]",23
10,11,5,,1.7801973819732666,"[[-0.67805815  0.04762575 -0.42946845 -0.5583118  -0.20448396]
 [-0.64101     0.32901856  0.45896292  0.5023907  -0.13345276]
 [ 0.26835832  0.94179773 -0.15441512 -0.13057674  0.01031994]
 [ 0.0459833   0.02190711  0.7612195  -0.6462318   0.01830474]
 [-0.23497383  0.04489607 -0.0401339  -0.03501149  0.9695025 ]]",23
0,1,5,,1.221419334411621,"[[ 0.26342598  0.8730939   0.40527752 -0.00317062  0.06367132]
 [-0.7994935   0.4110941  -0.37889963 -0.20751098  0.0720142 ]
 [-0.47561035 -0.2490523   0.8250713  -0.12411544  0.12498205]
 [-0.22372088  0.05526929  0.01931638  0.9684392   0.09298812]
 [ 0.12312879 -0.06022555 -0.10521138 -0.06041634  0.9831036 ]]",24
1,2,5,,1.3965749740600586,"[[-0.91418046 -0.385981    0.01913863  0.11890531  0.02807199]
 [ 0.10243981 -0.17134202  0.9704946   0.09734604 -0.09387165]
 [-0.37619635  0.85616654  0.22856963 -0.1943314   0.18827222]
 [-0.03642841 -0.21826632  0.0489752  -0.96454006 -0.13526465]
 [ 0.10454413 -0.2024828   0.05595722 -0.09101047  0.9678105 ]]",24
2,3,5,,1.3514482975006104,"[[-7.7886128e-01  6.1585736e-01 -8.9248165e-02  1.9878078e-02
  -7.5726099e-02]
 [ 5.1827991e-01  7.2438681e-01  4.5377809e-01  3.9748657e-03
   2.6820205e-02]
 [-3.4549463e-01 -3.0801201e-01  8.8635355e-01 -1.1777705e-02
   8.1041263e-04]
 [ 9.0719527e-03 -1.8646751e-02  1.0335628e-02  9.9971747e-01
   5.2885967e-03]
 [-7.2885133e-02  2.7646279e-02 -1.9765979e-02 -3.8915072e-03
   9.9675345e-01]]",24
3,4,5,,1.073127269744873,"[[-0.9906463   0.04702788 -0.11508688  0.00548338  0.05597454]
 [ 0.09918193 -0.23012276 -0.9644696  -0.07937237 -0.0265506 ]
 [ 0.0706399   0.9717154  -0.22059596 -0.04330821 -0.01552085]
 [ 0.02844687  0.02447719 -0.08871655  0.97399527  0.20507112]
 [ 0.05462187  0.00135159 -0.00450104 -0.20767167  0.976661  ]]",24
4,5,5,,1.0586848258972168,"[[ 0.64645773  0.7576631   0.08634466  0.0163541  -0.01778089]
 [-0.73634785  0.6461853  -0.13876309 -0.13954495 -0.03883936]
 [ 0.17200114 -0.07696477 -0.42103028 -0.8789839   0.12088322]
 [-0.09763989 -0.00636795  0.8907735  -0.43028483  0.10864392]
 [-0.02768247  0.04926558 -0.05045335  0.15000652  0.98577845]]",24
5,6,5,,1.094109058380127,"[[ 0.9169699   0.291818   -0.2280838   0.12517782 -0.07947832]
 [-0.28669283  0.95311135  0.00744911 -0.09393609  0.02250429]
 [ 0.24383022  0.03614921  0.8922763  -0.344207   -0.15685871]
 [ 0.0528052  -0.07133426 -0.37350118 -0.9227429  -0.03413783]
 [-0.12137496 -0.00506242 -0.11073504  0.07465615 -0.9835683 ]]",24
6,7,5,,1.1236681938171387,"[[-0.82692885 -0.545063   -0.04098671 -0.02943186 -0.12864257]
 [-0.5369173   0.818542    0.1160788  -0.16731225 -0.01553123]
 [ 0.04607454 -0.1309973   0.9844622  -0.10282708 -0.03126534]
 [ 0.11305849 -0.10886974 -0.12221383 -0.98001206 -0.00231427]
 [ 0.11403294  0.06230915 -0.02727034  0.01197459 -0.99107367]]",24
7,8,5,,1.1850427389144897,"[[ 0.99544233 -0.09457485  0.00806346  0.00550523  0.00740643]
 [-0.07473612 -0.72944534  0.6785294   0.03068679 -0.03130897]
 [-0.05809009 -0.6746984  -0.73452604  0.03041224 -0.03089061]
 [-0.00224719  0.04024783  0.00136112  0.9964562   0.07381147]
 [-0.01138352 -0.04612216 -0.0016121  -0.07195853  0.9962743 ]]",24
8,9,5,,1.8512789011001587,"[[-0.6498966  -0.7327426  -0.19796592 -0.00501597 -0.03882114]
 [ 0.13107547 -0.28747162  0.60357004  0.7296152   0.05953284]
 [-0.72595596  0.5987412   0.1946787   0.21907741 -0.1691221 ]
 [-0.13082749 -0.08734781  0.71628875 -0.62523943  0.26694676]
 [-0.12777248  0.11969864 -0.21340892  0.1694614   0.9460898 ]]",24
9,10,5,,1.3317981958389282,"[[-0.55697453 -0.8205165   0.09184085  0.08852021  0.01616934]
 [ 0.36425248 -0.33688995 -0.8526587   0.02425151  0.16189578]
 [-0.7217385   0.4502889  -0.49546725  0.1599314  -0.07257864]
 [ 0.1561268   0.01131722  0.09573443  0.9825849   0.0292951 ]
 [-0.10870808  0.10183157  0.0994259  -0.02291137  0.98356616]]",24
10,11,5,,1.7682230472564697,"[[-0.31870523 -0.22709475 -0.5451506  -0.7278196  -0.14122422]
 [-0.8763794   0.37466276  0.08760052  0.23429526 -0.17034946]
 [ 0.293714    0.89652425 -0.22902799 -0.23945     0.01364514]
 [-0.0536816   0.06255644  0.7990389  -0.59557647  0.00550918]
 [-0.20306803  0.01966413 -0.06496022 -0.05776353  0.97510016]]",24
0,1,5,,1.2414394617080688,"[[ 0.166865    0.9116254   0.37005293 -0.00649221  0.06414012]
 [-0.83541745  0.31080422 -0.404      -0.19431381  0.06711549]
 [-0.47017166 -0.2604774   0.8295988  -0.07462995  0.13147761]
 [-0.20585231  0.05007273 -0.00947004  0.9769935  -0.0226184 ]
 [ 0.10390937 -0.04454431 -0.10733569  0.04597945  0.98670334]]",25
1,2,5,,1.413743257522583,"[[-0.96535    -0.22401252 -0.07846965  0.1028904   0.03426094]
 [-0.01586183 -0.24671756  0.96350825  0.0728991  -0.07222459]
 [-0.23984031  0.8988651   0.25422108 -0.16748093  0.20454822]
 [-0.05682379 -0.20774081  0.02126721 -0.97608244  0.02063363]
 [ 0.08423436 -0.19451001  0.02033912  0.05755579  0.9753687 ]]",25
2,3,5,,1.3755165338516235,"[[ 6.7772138e-01  7.3192704e-01  5.8063576e-03  2.6921554e-02
  -6.4946800e-02]
 [-6.5557128e-01  6.0681361e-01  4.4743046e-01  9.2774071e-03
   4.1514311e-02]
 [ 3.2505789e-01 -3.0812556e-01  8.9408708e-01  2.0459786e-03
   3.0408148e-04]
 [-1.6009169e-02 -2.5696246e-02 -5.3056832e-03  9.9859422e-01
  -4.3183472e-02]
 [ 7.0717812e-02  2.1412635e-02 -1.8772062e-02  4.4660125e-02
   9.9608916e-01]]",25
3,4,5,,1.0757888555526733,"[[ 9.9484348e-01 -6.7350186e-02  6.1662935e-02 -2.4673026e-02
  -3.6596347e-02]
 [ 2.8820235e-02 -3.6585531e-01 -9.2400295e-01 -1.0291832e-01
  -3.0751539e-02]
 [ 8.2530685e-02  9.2794663e-01 -3.5677922e-01 -6.6196740e-02
  -2.0740373e-02]
 [ 4.0649123e-02  2.2975765e-02 -1.2265200e-01  9.7061813e-01
   2.0168461e-01]
 [ 3.1498302e-02  9.1683550e-04 -9.0184361e-03 -2.0571214e-01
   9.7806346e-01]]",25
4,5,5,,1.0741394758224487,"[[ 0.64980143  0.7492569  -0.12343279  0.00520866 -0.03330726]
 [-0.7229396   0.6508895   0.14502254 -0.17864877 -0.02746365]
 [ 0.22295341 -0.08872107  0.57393616 -0.77580076  0.10559677]
 [-0.07219551 -0.05954972 -0.7959894  -0.587859    0.10983853]
 [-0.01400143  0.05949174  0.02703732  0.1435705   0.987381  ]]",25
5,6,5,,1.0853500366210938,"[[ 0.9271312   0.2624813  -0.22690015 -0.12941106 -0.05744953]
 [-0.25242332  0.9595453   0.00166196  0.12030362  0.03285414]
 [-0.2594982  -0.00985461 -0.8244107  -0.48784736  0.12212945]
 [ 0.0195544  -0.09968995 -0.5133969   0.8515721  -0.03046565]
 [-0.09480808  0.0184669  -0.07269272 -0.07489838 -0.9898366 ]]",25
6,7,5,,1.1114853620529175,"[[-0.8822311  -0.45345077 -0.03250505 -0.07058768 -0.1000576 ]
 [-0.44373676  0.8831984   0.08327188 -0.12337366 -0.03004965]
 [ 0.03315753 -0.10042053  0.97938377 -0.16813183 -0.0368156 ]
 [-0.11702345  0.06096896  0.17797762  0.9750981   0.00979599]
 [ 0.09986035  0.02327    -0.03377252  0.02667757 -0.9937978 ]]",25
7,8,5,,1.2123057842254639,"[[ 9.9734819e-01 -5.5721063e-02 -8.4188217e-03  4.6042088e-02
   9.6440769e-04]
 [-3.6307387e-02 -7.4839240e-01  6.6178244e-01  1.2390936e-03
   2.5163000e-02]
 [-4.4789795e-02 -6.6016471e-01 -7.4899197e-01  3.4374032e-02
  -2.4365208e-03]
 [-4.4136506e-02  2.4226708e-02  2.7188467e-02  9.9260366e-01
  -1.0706928e-01]
 [ 4.9128961e-03 -1.9992312e-02  1.5653245e-02 -1.0693466e-01
  -9.9392962e-01]]",25
8,9,5,,1.8385249376296997,"[[-0.57564694  0.7294473  -0.35932553 -0.03917198 -0.0767331 ]
 [ 0.13136181  0.3456303   0.36818218  0.8402887   0.14710774]
 [-0.7893376  -0.4676604   0.3208758   0.19749461 -0.12757197]
 [-0.0313781   0.3465539   0.78332657 -0.5014653   0.11767637]
 [ 0.16533707  0.09818596  0.1369862   0.04369148 -0.97074664]]",25
9,10,5,,1.227630376815796,"[[-0.67890114 -0.7255624   0.10479824  0.03558713 -0.02007836]
 [-0.50468427  0.5641898   0.6126648  -0.05379467 -0.22075261]
 [-0.49598527  0.36954856 -0.7461628   0.24094476 -0.05117856]
 [ 0.12386959 -0.03700159  0.21342295  0.96813315 -0.02135698]
 [-0.15179564  0.13158205  0.10654059  0.02244051  0.97354496]]",25
10,11,5,,1.7608245611190796,"[[-0.26688373  0.38854524 -0.37440044 -0.7682226  -0.2178625 ]
 [-0.8642647  -0.42305213 -0.14013128  0.19211993 -0.13238762]
 [ 0.34556517 -0.7954138  -0.30950615 -0.38643947  0.0526517 ]
 [-0.1497262  -0.1801367   0.8596714  -0.4537222  -0.01530083]
 [-0.19996567  0.07019472 -0.07320233 -0.13313425  0.9654031 ]]",25
0,1,5,,1.2038573026657104,"[[ 0.41710773  0.8251022   0.3716409   0.05530825  0.06365141]
 [-0.7106387   0.5365588  -0.3744869  -0.23989883  0.09646416]
 [-0.49507737 -0.12953399  0.8479005  -0.11688764  0.07430631]
 [-0.25172275  0.06091535 -0.01653936  0.95770633  0.12429786]
 [ 0.11201712 -0.1040252  -0.0493336  -0.09233285  0.982686  ]]",26
1,2,5,,1.386448860168457,"[[ 0.94055295 -0.30905887  0.00936054  0.13923103  0.01923015]
 [ 0.01969007  0.11071528  0.9895917   0.0559204  -0.07025435]
 [ 0.3197598   0.9048766  -0.08326276 -0.17409135  0.20423399]
 [ 0.08709308 -0.1778843   0.06237054 -0.9670734  -0.14714268]
 [-0.07169989 -0.20440221  0.09898454 -0.10931098  0.9650554 ]]",26
2,3,5,,1.347456455230713,"[[-0.6584743  -0.7443103   0.10299432 -0.00433468  0.04227519]
 [-0.5462431   0.570957    0.6101491  -0.01269792  0.05642242]
 [ 0.51143736 -0.3460851   0.7852899  -0.01487454 -0.04189818]
 [ 0.00126833 -0.00178026  0.01960715  0.9988777   0.04306139]
 [ 0.08037676 -0.01523813 -0.00675132 -0.04292112  0.99570054]]",26
3,4,5,,1.088171124458313,"[[ 0.9890052  -0.03756089 -0.13279122 -0.01377285 -0.0513289 ]
 [ 0.10809398 -0.37111774  0.92173815 -0.01864815 -0.02526581]
 [ 0.08263744  0.9276066   0.36273    -0.02917915 -0.01711208]
 [ 0.02732259  0.02014405  0.02951294  0.9841961   0.17127363]
 [ 0.05107736  0.00113744  0.01792197 -0.1731159   0.9834122 ]]",26
4,5,5,,1.0758928060531616,"[[ 0.49892256  0.86530066 -0.00437069 -0.04687221 -0.01071844]
 [-0.8423302   0.4960766  -0.06946868  0.19889197 -0.00196162]
 [-0.1859529   0.05280702 -0.1288792  -0.96542394 -0.11823532]
 [-0.08299511  0.04734141  0.98153967 -0.12567726  0.10796178]
 [-0.00945312  0.01152979 -0.12298395 -0.1020133   0.98703897]]",26
5,6,5,,1.139495611190796,"[[ 0.9609597  -0.02276656 -0.19493873  0.16875103  0.09777634]
 [ 0.01428686  0.99616313 -0.07626452 -0.03968594  0.00797935]
 [ 0.20501593  0.06693256  0.9684692  -0.08981961  0.08653537]
 [-0.13721345  0.05104198  0.12350716  0.9781024  -0.08141828]
 [-0.12447237 -0.00744793 -0.05473582  0.07208563  0.98805815]]",26
6,7,5,,1.1593598127365112,"[[ 8.8964689e-01 -4.2607793e-01 -2.8126268e-03 -2.2111412e-02
  -1.6275476e-01]
 [ 4.1775978e-01  8.5799962e-01  2.0160636e-01  2.2057404e-01
   3.9308118e-03]
 [-8.4296972e-02 -1.7719533e-01  9.7944254e-01 -4.6164647e-02
  -7.5547709e-03]
 [-7.9791397e-02 -2.1162456e-01  6.4226973e-04  9.7398078e-01
  -1.4472950e-02]
 [ 1.4329152e-01 -7.8173839e-02  6.2426347e-03  9.4086230e-03
   9.8652363e-01]]",26
7,8,5,,1.1997147798538208,"[[ 0.9858737   0.16008924 -0.00128106  0.04912249 -0.00312851]
 [ 0.09867285 -0.6222586   0.772427    0.06473523 -0.04715801]
 [ 0.12983987 -0.7514466  -0.6131275  -0.17937209 -0.10183275]
 [ 0.02905653  0.1180852   0.1655003  -0.9713127  -0.11988733]
 [ 0.02477953 -0.09246432 -0.00625796 -0.13331811  0.9864195 ]]",26
8,9,5,,1.8379764556884766,"[[ 0.8225153   0.541269    0.10525432 -0.03480246  0.134932  ]
 [-0.09657964 -0.03985762  0.96462065 -0.23342732 -0.06405037]
 [-0.52597594  0.83875763 -0.02882281 -0.00692678 -0.1376815 ]
 [-0.0726695   0.03041039  0.23524801  0.89589053  0.36855513]
 [-0.1794697   0.03162258 -0.0474989  -0.37634113  0.90713936]]",26
9,10,5,,1.3857687711715698,"[[ 9.73701894e-01 -2.03696564e-01  2.03806385e-02  9.94086787e-02
   1.07236747e-02]
 [-1.90650802e-02 -1.92517713e-01 -9.76985157e-01 -1.69614516e-02
   8.82365629e-02]
 [ 1.22855306e-01  8.26261520e-01 -1.71325937e-01  5.21331668e-01
   3.25468481e-02]
 [ 1.90911621e-01  4.87858385e-01 -9.16076452e-02 -8.43881011e-01
  -7.08507299e-02]
 [ 7.73687614e-04  2.70340126e-02  8.56738910e-02 -7.68658593e-02
   9.92985487e-01]]",26
10,11,5,,1.859082579612732,"[[ 0.887758   -0.24606276  0.21622367  0.23781109  0.21916226]
 [-0.26220492  0.17497972  0.72379816  0.6037427  -0.11064191]
 [ 0.28757685  0.9525224  -0.07171538 -0.0581552   0.0384105 ]
 [ 0.03855717 -0.00948856  0.65074795 -0.7581296   0.01378113]
 [-0.24279049  0.03802817  0.0273412   0.02825058  0.9685355 ]]",26
0,1,5,,1.2352961301803589,"[[ 0.2855126   0.8574136   0.42211524 -0.01912547  0.06911817]
 [-0.8114611   0.42576963 -0.33695582 -0.20388627  0.07170957]
 [-0.44295135 -0.27554804  0.83101517 -0.13859323  0.13443606]
 [-0.20215446  0.05448386  0.03092417  0.94917595  0.2329675 ]
 [ 0.15146336 -0.06831428 -0.12937127 -0.19473465  0.9579841 ]]",27
1,2,5,,1.3996707201004028,"[[-0.8128817  -0.55362296  0.12108611  0.132281    0.02376498]
 [ 0.2699822  -0.16577637  0.9345178   0.12777838 -0.09988482]
 [-0.4984761   0.75824076  0.32477275 -0.21534576  0.15729406]
 [ 0.00681624 -0.2322228   0.05718958 -0.9359392  -0.2584054 ]
 [ 0.13344672 -0.19277793  0.05715479 -0.20932873  0.94759876]]",27
2,3,5,,1.3649775981903076,"[[-0.8448279  -0.45977217 -0.25797823  0.03003325 -0.08614327]
 [ 0.41988188 -0.8838759   0.20529167  0.01473381 -0.01003703]
 [-0.32554293  0.06383685  0.9429609  -0.01667551  0.02220824]
 [ 0.01290618  0.02721228  0.01988299  0.99920386  0.0170064 ]
 [-0.06180876 -0.05056868 -0.04161535 -0.0139455   0.9958395 ]]",27
3,4,5,,1.0925264358520508,"[[ 0.98135847  0.05933245 -0.1650179  -0.03446272  0.0706868 ]
 [ 0.17307943 -0.14000283  0.9611044   0.15944195  0.03604592]
 [-0.03473697  0.98770237  0.15197581 -0.01163483  0.00232551]
 [-0.01132777  0.03511332 -0.16059978  0.9611438   0.22147033]
 [-0.07512711 -0.00948724  0.01258873 -0.22239126  0.9719308 ]]",27
4,5,5,,1.0766037702560425,"[[-0.4416734  -0.8943624   0.067478    0.01877498  0.01160838]
 [-0.8802324   0.44393435  0.14615157 -0.04121016 -0.07109606]
 [ 0.13001823 -0.02143271  0.7274468  -0.6598604   0.1343181 ]
 [-0.09611332 -0.01630744 -0.6670031  -0.725712    0.13764153]
 [-0.06303209  0.0480926   0.00378628  0.18940875  0.97868484]]",27
5,6,5,,1.117051601409912,"[[ 0.92414916  0.25900978  0.2572074  -0.06888656  0.0892264 ]
 [-0.26912993  0.9608014   0.0071868   0.06126206  0.02500239]
 [-0.23894024 -0.04994692  0.9027967  -0.28844604 -0.20535304]
 [ 0.00852533 -0.05972774  0.29595974  0.95273864 -0.03250988]
 [-0.12787643 -0.06093081  0.17651813 -0.02428248  0.9737488 ]]",27
6,7,5,,1.1460926532745361,"[[-0.7261227  -0.6691693   0.05907401  0.02608858 -0.14418039]
 [-0.6652132   0.72184074  0.03000475 -0.18726641 -0.02164149]
 [ 0.03096723  0.05126523  0.9684595   0.23747455  0.04588024]
 [-0.12290848  0.14437631 -0.23831813  0.95220697  0.02356585]
 [-0.11904538 -0.08766853 -0.03001142 -0.03403571  0.9879693 ]]",27
7,8,5,,1.19980788230896,"[[-0.99889785  0.03269772  0.01765566  0.00698996  0.02780744]
 [ 0.03581711  0.8013147   0.59431523  0.03951499 -0.04289377]
 [-0.00732847 -0.52079356  0.73153555 -0.4399473  -0.00475179]
 [ 0.00423758 -0.28878003  0.3335106   0.8957389   0.05487046]
 [ 0.02912817  0.04696575  0.01020655 -0.04988056  0.9971727 ]]",27
8,9,5,,1.8858598470687866,"[[-0.6413731   0.7438963   0.18217513  0.03608958 -0.02772241]
 [ 0.22939713  0.37377697 -0.6124408  -0.642878   -0.13889518]
 [ 0.7072605   0.5435144   0.18003385  0.41012067 -0.06134788]
 [ 0.18906775  0.03289187  0.697994   -0.6360806   0.2671653 ]
 [ 0.00731527  0.10207462 -0.26855275  0.11228501  0.95120907]]",27
9,10,5,,1.382752537727356,"[[ 0.32077354 -0.9302984  -0.13895403 -0.09866784 -0.05104566]
 [ 0.30797786  0.21721746 -0.90363014  0.16215414  0.12298302]
 [-0.86257315 -0.27328888 -0.32240897  0.26690453 -0.07807267]
 [ 0.2259004  -0.05543888  0.2301232   0.9446863  -0.02251136]
 [-0.08479805 -0.09798563  0.08508882  0.01733758  0.9877588 ]]",27
10,11,5,,1.782414197921753,"[[-0.18509752 -0.1579427  -0.4610501  -0.85027295 -0.07253809]
 [ 0.8958156  -0.34624887  0.01586187 -0.15877974  0.22839348]
 [ 0.30623263  0.919591    0.01024448 -0.24491668  0.02201925]
 [-0.12828477 -0.08396363  0.8858951  -0.43770063  0.0100582 ]
 [-0.23025626  0.04968252 -0.04760392 -0.01609129  0.97056097]]",27
0,1,5,,1.2073701620101929,"[[ 0.37273622  0.84319586  0.3798554   0.03157222  0.06929296]
 [-0.7507715   0.49639714 -0.36462748 -0.2183705   0.09640087]
 [-0.4848152  -0.17175937  0.84667253 -0.09355681  0.09922557]
 [-0.22452639  0.06487616 -0.01504637  0.9704198   0.05863422]
 [ 0.10932495 -0.09434213 -0.07533862 -0.02915513  0.98621583]]",28
1,2,5,,1.3921152353286743,"[[ 0.93800116 -0.31876758 -0.02535259  0.1319668   0.02197961]
 [ 0.0018461  -0.05085775  0.99341995  0.06771763 -0.0770796 ]
 [ 0.32916448  0.905791    0.0722867  -0.16989827  0.19262038]
 [ 0.07313696 -0.19700892  0.05023583 -0.9734163  -0.07599587]
 [-0.08032543 -0.1911305   0.06873941 -0.03992737  0.9750372 ]]",28
2,3,5,,1.3452560901641846,"[[-0.7100047  -0.6991262   0.06603335 -0.0101376   0.05150616]
 [-0.57793546  0.6385369   0.5052461   0.00719219  0.05418369]
 [ 0.39459658 -0.32125586  0.86037934 -0.01157921 -0.0264841 ]
 [ 0.00280626 -0.01551586  0.00686782  0.9997233   0.01604069]
 [ 0.07854738 -0.00687079 -0.00812766 -0.0162638   0.9967209 ]]",28
3,4,5,,1.0795928239822388,"[[ 0.9921461  -0.04081516 -0.10766135 -0.02533148 -0.04180434]
 [ 0.08113579 -0.40132132  0.9119048  -0.02152259 -0.01801709]
 [ 0.07925306  0.9149681   0.39482808 -0.01826683 -0.01815492]
 [ 0.03624747  0.00837556  0.02731764  0.9812477   0.18714342]
 [ 0.03831703  0.00622441  0.0142542  -0.18898246  0.9811094 ]]",28
4,5,5,,1.0665303468704224,"[[ 0.6893442   0.7220951   0.0354329   0.04485407 -0.01076167]
 [-0.6880494   0.67694336 -0.12428806 -0.22937974 -0.01652963]
 [-0.20977238  0.1326168   0.14006451  0.9524748  -0.10762041]
 [-0.08415736  0.04371893  0.97704124 -0.15586936  0.11000618]
 [-0.01748439  0.02877191 -0.09523316  0.11776961  0.98789036]]",28
5,6,5,,1.1040282249450684,"[[ 0.95257604  0.15903589 -0.21049736  0.12286787 -0.08888665]
 [-0.15504819  0.9824579  -0.02710492 -0.09616796  0.02745571]
 [ 0.22805846  0.03326343  0.9156051  -0.31421906 -0.09907889]
 [ 0.05636317 -0.09040307 -0.3368622  -0.93410593 -0.05119071]
 [-0.11563531  0.01432182 -0.05610154  0.066089   -0.9893979 ]]",28
6,7,5,,1.1436448097229004,"[[ 8.9800590e-01 -4.1267911e-01 -3.1536471e-02  4.0499218e-02
  -1.4368938e-01]
 [ 4.0183029e-01  8.7298071e-01  2.2583854e-01  1.5947974e-01
  -5.4464524e-04]
 [-6.5269813e-02 -2.1845727e-01  9.7348952e-01 -1.8276492e-02
   6.9223385e-04]
 [-1.0555632e-01 -1.2713121e-01 -1.7085455e-02  9.8602086e-01
  -1.2902126e-02]
 [-1.2928861e-01  6.0948815e-02  5.3588366e-03 -1.8837666e-02
  -9.8953831e-01]]",28
7,8,5,,1.191213846206665,"[[ 9.8795843e-01  1.5301920e-01 -1.6771065e-02  1.5295617e-02
   2.8342630e-03]
 [ 1.0109562e-01 -5.6657630e-01  8.1624293e-01  3.9055351e-02
  -3.1512555e-02]
 [ 1.1681673e-01 -7.9674327e-01 -5.6159323e-01 -1.7789474e-01
  -6.7234546e-02]
 [-2.5619648e-03  1.3069658e-01  1.3445875e-01 -9.7832775e-01
  -8.7792091e-02]
 [ 8.0684144e-03 -6.0785908e-02 -1.8585142e-04 -9.7308524e-02
   9.9336344e-01]]",28
8,9,5,,1.8120468854904175,"[[ 0.76578027  0.6236628   0.10440421 -0.0017272   0.11714057]
 [-0.04641116 -0.08149545  0.85124344 -0.5155075  -0.02900177]
 [-0.608609    0.7725642   0.04504855  0.01686088 -0.17443062]
 [-0.07972803 -0.03993342  0.49253327  0.8095393   0.30676684]
 [-0.18618542  0.07715619 -0.14094676 -0.2803763   0.9278497 ]]",28
9,10,5,,1.329085111618042,"[[-0.9087545  -0.4062353   0.03740939  0.08795614  0.00158015]
 [ 0.11294265 -0.33561343 -0.927414    0.0091329   0.12011458]
 [-0.34637004  0.81359166 -0.3366866   0.32265362 -0.02516294]
 [-0.20043868  0.232784   -0.12715836 -0.94040877 -0.07140093]
 [-0.03551714  0.0788462   0.09474552 -0.06087996  0.98986804]]",28
10,11,5,,1.7963029146194458,"[[-0.8003588   0.10804435 -0.37081292 -0.41213012 -0.20099457]
 [-0.490914    0.29481587  0.5886568   0.55834335 -0.117571  ]
 [ 0.25456285  0.9478216  -0.15891425 -0.10723373  0.00889016]
 [ 0.04420495  0.02499136  0.70048    -0.71184754  0.00471216]
 [-0.22731684  0.04918877 -0.00741463 -0.01324814  0.97245926]]",28
0,1,5,,1.2142027616500854,"[[ 0.41582844  0.8320911   0.35744524  0.04021307  0.07298624]
 [-0.7430422   0.51963884 -0.3408576  -0.22599244  0.10299199]
 [-0.45632628 -0.14781514  0.8660136  -0.10050745  0.09917486]
 [-0.22534338  0.05935365 -0.01321282  0.961973    0.14188313]
 [ 0.12633975 -0.11057924 -0.07677785 -0.10870362  0.97678   ]]",29
1,2,5,,1.3896130323410034,"[[ 0.93075997 -0.3286951   0.07504515  0.14001709  0.02021807]
 [-0.03934602  0.14077027  0.983369    0.07599761 -0.0764567 ]
 [ 0.34622598  0.89747036 -0.08621274 -0.1759786   0.19045585]
 [ 0.07660303 -0.18177244  0.09340487 -0.96669906 -0.1336385 ]
 [-0.07998264 -0.18343672  0.10581474 -0.09562465  0.96933633]]",29
2,3,5,,1.3580882549285889,"[[-7.5641131e-01 -6.3990706e-01  1.2071888e-01 -9.9269012e-03
   6.0740475e-02]
 [-4.5705590e-01  6.5634644e-01  5.9938842e-01  3.1398090e-03
   3.2139283e-02]
 [ 4.6158260e-01 -3.9925733e-01  7.9111576e-01 -2.2614572e-02
  -3.4052502e-02]
 [ 8.2581826e-03 -1.7211854e-02  1.7207911e-02  9.9839431e-01
   5.0479960e-02]
 [ 7.6257497e-02  5.0682854e-03 -5.2785018e-04 -5.0881855e-02
   9.9577606e-01]]",29
3,4,5,,1.0932804346084595,"[[ 9.9097484e-01 -5.6689546e-02  1.1018035e-01 -1.5886195e-02
  -4.8611190e-02]
 [ 8.9615189e-02 -2.5767326e-01 -9.5775050e-01 -8.9946717e-02
  -1.4041777e-02]
 [ 8.1928596e-02  9.6455359e-01 -2.4937852e-01 -2.4318201e-02
  -1.1956914e-02]
 [ 3.4970552e-02  3.6029815e-04 -9.1369309e-02  9.7769064e-01
   1.8587510e-01]
 [ 4.4751778e-02  5.1897480e-03  6.0221609e-03 -1.8758152e-01
   9.8119688e-01]]",29
4,5,5,,1.0684056282043457,"[[ 0.5270035   0.84821755  0.01811404  0.04686524 -0.01643064]
 [-0.8282317   0.5247267  -0.14149052 -0.13537806 -0.01863759]
 [ 0.1744193  -0.04837405 -0.33663282 -0.9176852   0.10849012]
 [-0.07497715  0.04820751  0.92639846 -0.34093523  0.13267857]
 [-0.01599379  0.02291464 -0.09009259  0.14523594  0.98489034]]",29
5,6,5,,1.1234701871871948,"[[ 0.9634197   0.05689853 -0.21873264  0.09765     0.10585683]
 [-0.059885    0.9949035  -0.0349814  -0.07299935  0.00531567]
 [ 0.22476089  0.02194404  0.9140003  -0.3144652   0.12131044]
 [ 0.02279918 -0.07932152 -0.32991782 -0.94016695  0.02070286]
 [-0.13114539 -0.01249746 -0.08179326  0.04830456  0.9867225 ]]",29
6,7,5,,1.1559815406799316,"[[ 8.76703918e-01 -4.46830064e-01 -4.58661690e-02  1.47549678e-02
  -1.71498418e-01]
 [ 4.41606611e-01  8.52648735e-01  1.99139625e-01  1.95746958e-01
  -4.45401471e-04]
 [-4.75172102e-02 -1.91950738e-01  9.78805721e-01 -5.24787717e-02
  -9.08209663e-03]
 [-1.09648466e-01 -1.70962721e-01  1.32904658e-02  9.78460312e-01
  -3.44632044e-02]
 [ 1.48637667e-01 -8.52034315e-02  1.59502518e-03  3.64250578e-02
   9.84539449e-01]]",29
7,8,5,,1.201851725578308,"[[ 0.9924812   0.11955945  0.00471489  0.02566585 -0.00237309]
 [ 0.0661744  -0.5922038   0.80038273  0.04864755 -0.04400408]
 [ 0.10005428 -0.79180664 -0.5932618  -0.07808921 -0.07052637]
 [ 0.0194029   0.04554753  0.08599979 -0.9886768  -0.11256631]
 [ 0.01465195 -0.07725216  0.0031019  -0.11573654  0.99015796]]",29
8,9,5,,1.8835124969482422,"[[ 0.8194738   0.54642475 -0.07829919 -0.03515618  0.15005317]
 [-0.02047828 -0.11294803 -0.8649797  -0.48667198 -0.04223645]
 [-0.5262717   0.82726854 -0.06628046 -0.03629254 -0.18153393]
 [-0.07571239  0.01555076 -0.4774552   0.82211095  0.30032647]
 [-0.21295314  0.06362115  0.11542454 -0.29108575  0.9233361 ]]",29
9,10,5,,1.4053611755371094,"[[-8.94654632e-01 -4.27400857e-01  5.38760498e-02  1.18398249e-01
   9.38239857e-04]
 [ 4.81462888e-02 -2.12075278e-01 -9.68130469e-01  3.78482752e-02
   1.18308544e-01]
 [ 3.68108392e-01 -8.39821458e-01  1.97160378e-01 -3.40340137e-01
   6.70267120e-02]
 [-2.43618757e-01  2.38146603e-01 -1.10220812e-01 -9.30409670e-01
  -7.82647803e-02]
 [-4.92059812e-02  1.01679556e-01  9.38079134e-02 -5.52798994e-02
   9.87615407e-01]]",29
10,11,5,,1.7991724014282227,"[[-0.79793423  0.17030165 -0.340092   -0.43064255 -0.18216132]
 [-0.5036411   0.20723604  0.5738402   0.60365134 -0.09854619]
 [ 0.26126194  0.9614503  -0.03484625 -0.07824026  0.00445342]
 [ 0.035378   -0.0368181   0.74419504 -0.6659938  -0.00433151]
 [-0.20034277  0.04804617 -0.00206806 -0.02197201  0.9782981 ]]",29
0,1,5,,1.2044942378997803,"[[ 0.3084764   0.88145393  0.350368    0.02642646  0.06652142]
 [-0.80436665  0.42027867 -0.35134038 -0.20958471  0.09483842]
 [-0.44880563 -0.19211188  0.86439294 -0.06635311  0.10044248]
 [-0.21823938  0.05849424 -0.02118552  0.9731657  -0.03807604]
 [ 0.0937108  -0.07794958 -0.07860192  0.06262415  0.9874422 ]]",30
1,2,5,,1.3955662250518799,"[[ 0.9338861  -0.3263558  -0.08271683  0.11620508  0.03167   ]
 [ 0.02267466 -0.16723004  0.9804313   0.06678654 -0.07624919]
 [ 0.340494    0.8961428   0.16867138 -0.14740027  0.17554198]
 [ 0.05664412 -0.19301513  0.034065   -0.97874373  0.02090226]
 [-0.09054236 -0.15874259  0.04797786  0.04868071  0.9807809 ]]",30
2,3,5,,1.3514808416366577,"[[-0.82619536 -0.5535885   0.08741938 -0.02034914  0.05371042]
 [-0.47921842  0.7822222   0.39210203  0.02759192  0.06303019]
 [ 0.2864414  -0.28310046  0.91531307 -0.00166959 -0.00213576]
 [-0.00465563 -0.03291897 -0.00695117  0.9992018  -0.02102864]
 [ 0.07537021 -0.02094366 -0.02770223  0.0204369   0.99634105]]",30
3,4,5,,1.0824310779571533,"[[ 9.96252418e-01 -6.24869317e-02 -1.12629524e-02 -4.59439270e-02
  -3.65918502e-02]
 [-1.64064672e-02 -4.21643853e-01  9.06592369e-01  3.27987655e-04
  -6.11409079e-03]
 [ 6.04054295e-02  9.04437542e-01  4.21570152e-01 -3.99018638e-03
  -2.46302057e-02]
 [ 5.28888777e-02  4.44279797e-03  4.04343475e-03  9.77588058e-01
   2.03686997e-01]
 [ 2.76777167e-02  1.68780088e-02  1.50207095e-02 -2.05413803e-01
   9.78022814e-01]]",30
4,5,5,,1.074783444404602,"[[-0.8415516   0.52348775 -0.11567184  0.06412929 -0.01609155]
 [ 0.45712307  0.81521684  0.2072988  -0.28796384 -0.02374858]
 [ 0.26862273  0.24120432 -0.37918764  0.8451659  -0.1075809 ]
 [ 0.10221742  0.02270401 -0.8921159  -0.42493317  0.11223679]
 [ 0.01492799  0.05183665  0.0631913   0.13450156  0.9874241 ]]",30
5,6,5,,1.077183485031128,"[[-0.934711   -0.27628577  0.18260577 -0.1057078   0.07390927]
 [-0.25968128  0.9571738   0.03201487 -0.1090107   0.05895304]
 [-0.21625671  0.02899181 -0.75614405  0.607091    0.10990524]
 [-0.01476547 -0.0705169  -0.62497586 -0.7771113  -0.01768033]
 [-0.10906894  0.04087969 -0.05728501  0.06694053 -0.98927766]]",30
6,7,5,,1.1138277053833008,"[[ 0.93184257 -0.32462332 -0.02692531  0.10026775 -0.12454087]
 [ 0.32127264  0.9154417   0.23654157  0.05220209  0.00856748]
 [-0.0520517  -0.23143983  0.9711811  -0.01971395 -0.01203824]
 [-0.11349005 -0.01924949  0.00947673  0.99330664 -0.00132143]
 [-0.11341903  0.05149002 -0.00637431 -0.01321985 -0.9921036 ]]",30
7,8,5,,1.1894804239273071,"[[ 0.9935524  -0.10937234 -0.02286452 -0.00568043  0.01834134]
 [ 0.07936063  0.8309898  -0.5498315   0.01631705 -0.0240206 ]
 [ 0.07491928  0.5233563   0.79469293 -0.29575306 -0.03845232]
 [-0.02677657 -0.14989242 -0.25615782 -0.9528176  -0.05776794]
 [-0.01502588  0.03352839  0.00298072 -0.06610822  0.99713135]]",30
8,9,5,,1.8454464673995972,"[[ 0.7286362   0.6670088   0.11886941  0.02316955  0.09757943]
 [-0.25606793  0.4195307  -0.6077021  -0.62006605 -0.0681135 ]
 [ 0.59559554 -0.60620826 -0.35350135 -0.33228406  0.20591593]
 [-0.09566163 -0.03132027  0.68073034 -0.677403    0.25999886]
 [-0.1990809   0.10307132 -0.1679622   0.213761    0.9358621 ]]",30
9,10,5,,1.3814716339111328,"[[ 9.71020877e-01 -2.31717378e-01  3.41306292e-02  4.70365249e-02
   6.94116205e-03]
 [-7.68371895e-02 -4.43242431e-01 -8.84378314e-01  2.64312457e-02
   1.21690243e-01]
 [ 2.11404681e-01  8.55187833e-01 -4.41908151e-01  1.69348732e-01
   7.51970219e-05]
 [-8.06060135e-02 -1.22260824e-01  1.01751111e-01  9.83526111e-01
   2.96323709e-02]
 [ 5.02264034e-03  5.95757626e-02  1.05232596e-01 -3.29601876e-02
   9.92101431e-01]]",30
10,11,5,,1.8343852758407593,"[[ 0.81068677  0.01167489  0.38844433  0.3390909   0.2770903 ]
 [-0.40784326 -0.44287038  0.5626364   0.5232576  -0.21718988]
 [ 0.23068261 -0.89225733 -0.3300344  -0.19430481  0.06312975]
 [-0.00489018 -0.07542115  0.65063363 -0.75505     0.02937879]
 [-0.3510163  -0.04379582  0.01744725  0.0580002   0.9333815 ]]",30
0,1,5,,1.223503828048706,"[[ 0.35289592  0.8615204   0.35620064  0.02560691  0.07558044]
 [-0.7894743   0.45962316 -0.33484307 -0.20997667  0.09626415]
 [-0.44328976 -0.18514769  0.86644393 -0.06569578  0.11905251]
 [-0.20422082  0.05991996 -0.02731223  0.97425556  0.06916343]
 [ 0.11824917 -0.09305388 -0.09762251 -0.0420026   0.9828855 ]]",31
1,2,5,,1.392118215560913,"[[-9.1530180e-01 -3.7901336e-01  4.1924622e-02  1.2638102e-01
   2.9011363e-02]
 [ 5.5055521e-02  7.6242327e-04  9.9038303e-01  9.2443384e-02
  -8.6970992e-02]
 [-3.8493297e-01  8.9228064e-01  5.0249979e-02 -1.6543119e-01
   1.6052818e-01]
 [-5.0488450e-02 -1.9713089e-01  8.8873982e-02 -9.7340792e-01
  -5.6292344e-02]
 [ 9.2027530e-02 -1.4602365e-01  8.3427243e-02 -2.4324130e-02
   9.8115045e-01]]",31
2,3,5,,1.3620243072509766,"[[-0.7651972   0.6295529  -0.11457106  0.02857705 -0.06475496]
 [ 0.52064604  0.71838754  0.45954075  0.02697735  0.03068477]
 [-0.37223035 -0.2922193   0.8805814  -0.02278547 -0.01047306]
 [-0.00213087 -0.04373249  0.01068957  0.9987447   0.02185233]
 [-0.06957739  0.01666608 -0.01256717 -0.0211013   0.9971349 ]]",31
3,4,5,,1.0958150625228882,"[[-0.9796823   0.06719403 -0.18385927  0.01479963  0.04104015]
 [ 0.16258132 -0.21254843 -0.95678616 -0.11255951 -0.0167664 ]
 [ 0.10310177  0.9747528  -0.19713812 -0.01408183 -0.01286129]
 [ 0.04293608 -0.00973729 -0.10845505  0.9718324   0.20455058]
 [ 0.03628227  0.00839366  0.0114064  -0.20604558  0.977767  ]]",31
4,5,5,,1.061804175376892,"[[ 0.7559327   0.6476611  -0.08115334  0.04506283 -0.02201062]
 [-0.6215192   0.7530977   0.14553098 -0.15455784 -0.03860545]
 [ 0.19104092 -0.10180793  0.4659055  -0.85160565  0.10410784]
 [-0.07397793  0.01549193 -0.86598825 -0.47586325  0.13381211]
 [-0.01761796  0.05267035  0.07232693  0.14967708  0.9845207 ]]",31
5,6,5,,1.0808355808258057,"[[ 0.93230295  0.27672657 -0.21016857  0.04955633 -0.08721811]
 [-0.2696041   0.9593258   0.03765778 -0.06707928  0.03301594]
 [-0.2084892   0.0010096  -0.8744411   0.4210186   0.12094364]
 [-0.03035367 -0.05537108 -0.4256458  -0.90259475  0.01268773]
 [-0.11719993  0.0070402  -0.09267951  0.03332435 -0.98818755]]",31
6,7,5,,1.1126458644866943,"[[ 9.07133341e-01 -3.73286337e-01 -8.34901333e-02  1.04947865e-01
  -1.40647113e-01]
 [ 3.74416947e-01  8.88194561e-01  2.40725219e-01  1.13901749e-01
  -3.49882961e-04]
 [-1.44001329e-02 -2.52109110e-01  9.66903150e-01 -3.03022470e-02
  -2.03415435e-02]
 [-1.46095321e-01 -6.77317083e-02  1.03882058e-02  9.86353219e-01
  -3.26793492e-02]
 [-1.23974629e-01  6.01758175e-02 -8.43954086e-03 -4.69189622e-02
  -9.89311159e-01]]",31
7,8,5,,1.1875061988830566,"[[ 9.9353284e-01 -1.0101395e-01 -5.1533256e-02  4.0505086e-03
   4.0626395e-03]
 [ 6.9835782e-02  9.0231657e-01 -4.2182645e-01  4.1733529e-02
  -3.5615820e-02]
 [ 8.9481831e-02  4.1708660e-01  8.9761019e-01 -1.0966134e-01
  -1.7382270e-02]
 [-2.8888215e-03 -1.1012196e-02 -1.1688107e-01 -9.9115896e-01
  -6.1750229e-02]
 [-1.7253750e-04  3.9223094e-02 -6.4466768e-03 -6.1807644e-02
   9.9729621e-01]]",31
8,9,5,,1.8980038166046143,"[[ 0.774       0.6092991   0.10066621  0.02401416 -0.13772519]
 [-0.39084446  0.5867347  -0.47184184 -0.5281324  -0.03774059]
 [ 0.474288   -0.52983725 -0.46016726 -0.52094835 -0.10574623]
 [-0.05868293 -0.03781722  0.7452997  -0.65963453 -0.06735604]
 [ 0.14061232  0.04836535 -0.00244843 -0.118299    0.98177814]]",31
9,10,5,,1.3541722297668457,"[[-9.1179240e-01 -3.9310661e-01  7.5848140e-02  9.1351755e-02
  -1.9215362e-03]
 [ 9.3623146e-02 -3.8658893e-01 -9.0605521e-01  2.6158890e-02
   1.4199795e-01]
 [-3.8190186e-01  8.2355493e-01 -4.0361705e-01  6.5282449e-02
  -9.3486644e-02]
 [ 1.0662860e-01 -8.1586586e-03  4.3156546e-02  9.9332833e-01
  -1.3450162e-04]
 [ 5.1484320e-02 -1.3306718e-01 -9.2422336e-02 -2.7375270e-03
  -9.8544055e-01]]",31
10,11,5,,1.7549853324890137,"[[-0.7587781   0.02881503 -0.38728598 -0.47089782 -0.2273551 ]
 [-0.55779576  0.33126935  0.47432044  0.58405966 -0.11410059]
 [ 0.23090996  0.9413409  -0.18294089 -0.16458741  0.00118594]
 [ 0.00825545  0.03572465  0.76865566 -0.6385351  -0.00985003]
 [-0.24440162  0.04506965 -0.02703362 -0.04809851  0.9670534 ]]",31
0,1,5,,1.2462605237960815,"[[ 0.16074172  0.8738676   0.45047724 -0.03823387  0.07826873]
 [-0.8537507   0.32788128 -0.35660905 -0.18250836  0.05589474]
 [-0.43290228 -0.35414523  0.8038585  -0.13589603  0.15006852]
 [-0.19534737  0.0404521   0.04117854  0.96188974  0.18241589]
 [ 0.14038098 -0.04235717 -0.14837806 -0.14672878  0.96693003]]",32
1,2,5,,1.40535569190979,"[[-0.7890109  -0.5907081   0.12480334  0.10747289  0.03741063]
 [ 0.33895713 -0.2424813   0.889996    0.1565036  -0.09861336]
 [-0.48977807  0.71330005  0.4332212  -0.22074342  0.12211546]
 [ 0.0518037  -0.24397215  0.05156869 -0.9361628  -0.24235053]
 [ 0.14143468 -0.15474913  0.04462452 -0.19704743  0.9566765 ]]",32
2,3,5,,1.3672922849655151,"[[-0.9065671   0.3715252  -0.17784241  0.03945543 -0.08318918]
 [ 0.35378534  0.92407775  0.14102945  0.02709245 -0.01711831]
 [-0.22127396 -0.06207962  0.9718968  -0.02376478  0.0451193 ]
 [ 0.02347834 -0.04331616  0.02871519  0.99766743 -0.03751835]
 [-0.05880999  0.04815864 -0.05545059  0.04247607  0.99465734]]",32
3,4,5,,1.0995748043060303,"[[ 0.9854618   0.05359011 -0.14364608 -0.02530774  0.06869192]
 [-0.15199472  0.24394165 -0.94550514 -0.14733358 -0.04126634]
 [-0.01628087  0.96715903  0.25340945 -0.00962574  0.00541047]
 [-0.01512474  0.04613058 -0.14546336  0.9608406   0.23080112]
 [-0.07258747 -0.00979128  0.00314723 -0.23312053  0.9696804 ]]",32
4,5,5,,1.0793006420135498,"[[ 0.7394946  -0.6684021  -0.07453149  0.02869624  0.00282042]
 [ 0.65332264  0.73709965 -0.14330983 -0.03039732 -0.09160798]
 [-0.10246784 -0.05995781 -0.72764957 -0.66004395  0.14413004]
 [ 0.11039122  0.01712961  0.66658473 -0.726604    0.12341698]
 [ 0.06026156  0.07768133  0.00991274  0.18612114  0.9775453 ]]",32
5,6,5,,1.123254418373108,"[[-0.7368902  -0.6236578  -0.24795738  0.04575312 -0.06684045]
 [-0.61673373  0.7749058  -0.09348117  0.10095733 -0.01514811]
 [ 0.25208375  0.05560848 -0.88556045  0.32454178  0.20932464]
 [ 0.00973887 -0.0742816   0.33686534  0.93831784 -0.02165539]
 [-0.11397944 -0.04429449  0.17911683 -0.04412166  0.9752011 ]]",32
6,7,5,,1.1588540077209473,"[[-0.63663715 -0.75970286  0.07469227  0.02189165 -0.1071749 ]
 [-0.7531837   0.6362638   0.04863299 -0.15606779 -0.03406302]
 [ 0.04509803  0.05819774  0.94828904  0.30575415  0.04291344]
 [-0.12693615  0.10330357 -0.30310035  0.9387974   0.00228446]
 [-0.0962325  -0.06293926 -0.03056247 -0.01836911  0.9927268 ]]",32
7,8,5,,1.2179651260375977,"[[ 0.993667   -0.10153598  0.01886401  0.03537573  0.02662968]
 [-0.08876531 -0.7259826   0.6791563   0.05962139 -0.01618332]
 [ 0.06349091  0.5939566   0.6799651  -0.42467666 -0.02194839]
 [-0.00409213  0.33142415  0.27508828  0.90218496  0.02301816]
 [-0.02643609 -0.00364096  0.01909973 -0.03009463  0.9990082 ]]",32
8,9,5,,1.8105214834213257,"[[ 0.52832276 -0.7858256  -0.30504167  0.04572227 -0.09062118]
 [-0.20061837 -0.2830534   0.5456711   0.7418456  -0.17759798]
 [ 0.77222586  0.5164608   0.05866582  0.3652209   0.01036674]
 [ 0.2811124  -0.10301325  0.73681545 -0.56051755 -0.23083995]
 [-0.07259814  0.158162   -0.2507069  -0.00285385 -0.95228785]]",32
9,10,5,,1.3965076208114624,"[[ 0.18417929 -0.96574944 -0.16720338 -0.03487776 -0.06505768]
 [ 0.56649363  0.22419214 -0.75728685  0.20754154  0.11075236]
 [-0.7809236  -0.0680505  -0.51883286  0.33766192 -0.04821155]
 [ 0.16909996 -0.05926495  0.35397875  0.9169279  -0.0428387 ]
 [ 0.0820153   0.09445966 -0.06380618 -0.03062237 -0.9896171 ]]",32
10,11,5,,1.8028721809387207,"[[-0.10963374 -0.33155063 -0.3000359  -0.88676864 -0.04092   ]
 [ 0.8703053  -0.36308768  0.20697162 -0.05363984  0.25499332]
 [ 0.2992667   0.85904753  0.11512314 -0.39827082  0.02457248]
 [-0.27968258 -0.13090113  0.92307436 -0.22746587 -0.02890594]
 [-0.25053206  0.05606896 -0.04268004 -0.02009404  0.9653313 ]]",32
0,1,5,,1.2014061212539673,"[[ 0.37330753  0.8399151   0.38813755  0.0287867   0.06086517]
 [-0.74983954  0.49996403 -0.35846245 -0.22533791  0.09221802]
 [-0.47519234 -0.18218149  0.8456423  -0.12860098  0.09671094]
 [-0.24170545  0.06140397  0.0121752   0.9629365   0.10204427]
 [ 0.11896563 -0.08728099 -0.07479819 -0.06789115  0.9838827 ]]",33
1,2,5,,1.3920739889144897,"[[-0.92257285 -0.3611764   0.0111476   0.13364585  0.02062626]
 [ 0.0378608  -0.04365705  0.9920473   0.07361635 -0.08416393]
 [-0.36755535  0.8842888   0.08398378 -0.18587895  0.20330293]
 [-0.06424149 -0.19982673  0.05246275 -0.9646289  -0.15060276]
 [ 0.09056468 -0.21388835  0.07689231 -0.10797985  0.9635755 ]]",33
2,3,5,,1.3436897993087769,"[[ 0.7829004   0.6103184  -0.10306495  0.0053023  -0.06267294]
 [-0.4757789   0.7038125   0.52543306  0.00408109  0.04675275]
 [ 0.3926768  -0.36336565  0.8444393  -0.01277581 -0.02300441]
 [ 0.00508941 -0.0108332   0.00885826  0.999495    0.02807326]
 [ 0.08050074 -0.00271973 -0.01189195 -0.02831688  0.9962775 ]]",33
3,4,5,,1.0735622644424438,"[[ 0.9951133  -0.03255935 -0.07323286 -0.01868416 -0.05456463]
 [ 0.05792188 -0.3243329   0.9440128  -0.01050543 -0.01351704]
 [ 0.05299238  0.9451052   0.32090074 -0.02443838 -0.01983784]
 [ 0.03071063  0.0211261   0.0189601   0.9816827   0.18587661]
 [ 0.05141282  0.00883128  0.01183365 -0.18772946  0.98076314]]",33
4,5,5,,1.0659599304199219,"[[ 0.6362206   0.7688598   0.03905959  0.04894223 -0.01253127]
 [-0.7385813   0.6302039  -0.13384037 -0.19750735 -0.02045397]
 [-0.19843982  0.09418649  0.1408493   0.9587906  -0.11239462]
 [-0.09985599  0.04468396  0.97610575 -0.15624644  0.10409951]
 [-0.01927602  0.0288079  -0.08910731  0.12207814  0.98790455]]",33
5,6,5,,1.1125935316085815,"[[ 0.95363605  0.12734781 -0.20675164  0.14851582  0.09776322]
 [-0.1201087   0.9877702  -0.0223917  -0.09521764 -0.01778352]
 [ 0.22730608  0.02388993  0.9232337  -0.28025645  0.1298345 ]
 [ 0.08390573 -0.08640867 -0.3124987  -0.94023794  0.06156728]
 [-0.13207573  0.00744885 -0.08207563  0.07928144  0.98462105]]",33
6,7,5,,1.145887017250061,"[[-0.87336093 -0.46175095 -0.02031154 -0.00100248 -0.15366547]
 [-0.45443028  0.849479    0.19577073  0.18314683  0.00308412]
 [ 0.07720479 -0.18394569  0.97977364 -0.00229804 -0.01554643]
 [ 0.08477937 -0.15867056 -0.0342741   0.9830632  -0.00693763]
 [-0.1326106  -0.0784796   0.01140642  0.00613937  0.98797154]]",33
7,8,5,,1.1904475688934326,"[[-0.9915922  -0.12625867  0.01263746 -0.0252366   0.00265732]
 [ 0.08921421 -0.63406366  0.7658325   0.04646448 -0.03668463]
 [ 0.0909057  -0.7557602  -0.63306785 -0.11615377 -0.07934771]
 [ 0.01761756  0.0687495   0.11123301 -0.9883991  -0.0752179 ]
 [ 0.01454323 -0.07824386 -0.01389788 -0.08233989  0.9933244 ]]",33
8,9,5,,1.8431435823440552,"[[ 0.74829257  0.65026736  0.08275663 -0.00567831  0.10163575]
 [-0.01349551 -0.09791367  0.9225092  -0.37025604 -0.04602242]
 [-0.63090456  0.7498038   0.04224528 -0.04651225 -0.18922366]
 [-0.09794108  0.02675742  0.3673872   0.8746132   0.2996163 ]
 [-0.17956361  0.06814434 -0.07328126 -0.30946165  0.928427  ]]",33
9,10,5,,1.36123526096344,"[[-8.6916608e-01 -4.8341921e-01  3.7471149e-02  9.6665859e-02
   1.0379936e-02]
 [ 9.0924829e-02 -2.3423913e-01 -9.5995277e-01  4.9489420e-03
   1.2381818e-01]
 [-4.0183046e-01  7.8669983e-01 -2.2789079e-01  4.0951368e-01
   1.7138971e-04]
 [-2.7248460e-01  2.9863280e-01 -1.1346750e-01 -9.0417421e-01
  -7.8515366e-02]
 [-2.3820322e-02  5.7962891e-02  1.1080417e-01 -7.3475935e-02
   9.8913932e-01]]",33
10,11,5,,1.7763524055480957,"[[-0.7451134   0.08883571 -0.43870413 -0.4562978  -0.19038202]
 [-0.57557476  0.27526695  0.59155464  0.47686028 -0.12493704]
 [ 0.24418749  0.95623505 -0.13608964 -0.08584649  0.00984913]
 [ 0.06536645  0.0104924   0.6624428  -0.7461033   0.01079738]
 [-0.2227543   0.04290426 -0.01584459 -0.01889026  0.9736179 ]]",33
0,1,5,,1.2027149200439453,"[[ 0.35223162  0.86122626  0.3594972   0.033799    0.06198088]
 [-0.778745    0.46439973 -0.34394243 -0.22648028  0.09110136]
 [-0.44205785 -0.18209916  0.8635752  -0.12411622  0.10128038]
 [-0.24565005  0.05080715  0.01323968  0.9639649   0.08758485]
 [ 0.11717529 -0.08295056 -0.08079519 -0.05414063  0.9848503 ]]",34
1,2,5,,1.3869774341583252,"[[-0.9252422  -0.3530354   0.05239721  0.12518878  0.02958404]
 [ 0.05583235  0.0234906   0.9911274   0.08379394 -0.0835226 ]
 [-0.35896346  0.8943033   0.03070325 -0.1881402   0.187156  ]
 [-0.05562109 -0.19717568  0.07698664 -0.9646437  -0.14684589]
 [ 0.09413373 -0.19015141  0.08972963 -0.10664052  0.9672423 ]]",34
2,3,5,,1.3492004871368408,"[[ 8.71296763e-01  4.71982509e-01 -1.15163036e-01  1.24895219e-02
  -6.82352334e-02]
 [-3.34455609e-01  7.58932531e-01  5.57170093e-01  9.86948330e-03
   4.03116941e-02]
 [ 3.50475192e-01 -4.48098183e-01  8.22115839e-01 -1.67386308e-02
  -1.48462076e-02]
 [-7.21246819e-04 -2.09535826e-02  9.47187934e-03  9.99652803e-01
   1.28408074e-02]
 [ 7.84098953e-02 -4.78755450e-03 -1.82960778e-02 -1.26727959e-02
   9.96661246e-01]]",34
3,4,5,,1.0801042318344116,"[[ 0.9969988  -0.04381483  0.00341    -0.02867548 -0.05691895]
 [-0.0079982  -0.2308664  -0.97239643 -0.03262192 -0.00420348]
 [ 0.04165117  0.97174835 -0.2301343  -0.02490898 -0.01970005]
 [ 0.040087    0.01820937 -0.03834769  0.97958946  0.19234198]
 [ 0.05086905  0.01243195 -0.00107311 -0.19467305  0.9794687 ]]",34
4,5,5,,1.0636756420135498,"[[ 0.6952173   0.7125088   0.06703693  0.06378547 -0.02100994]
 [-0.68208814  0.6942958  -0.15413064 -0.16805755 -0.02663603]
 [ 0.20406546 -0.08495914 -0.30193532 -0.920342    0.11377528]
 [-0.09765842  0.03914209  0.93523973 -0.31788203  0.11492721]
 [-0.01577246  0.03916924 -0.07688559  0.14003418  0.9862535 ]]",34
5,6,5,,1.1092402935028076,"[[ 0.9415765   0.20565525 -0.21164039  0.13089234 -0.09599587]
 [-0.19137096  0.97529876  0.01765608 -0.10434131  0.03115405]
 [ 0.23776025 -0.00640622  0.87634075 -0.391855   -0.1480055 ]
 [ 0.04446131 -0.0790414  -0.42147496 -0.90167314 -0.03346548]
 [-0.13529277  0.01447824 -0.09634508  0.07358813 -0.98325413]]",34
6,7,5,,1.137458086013794,"[[-0.8729163  -0.4624599  -0.02879067  0.01936443 -0.15147352]
 [-0.45661387  0.85447294  0.19630864  0.15106751  0.00461888]
 [ 0.06961275 -0.18494844  0.9798356  -0.01599373 -0.02478776]
 [ 0.08952045 -0.12363795 -0.01380741  0.9881394  -0.00946653]
 [ 0.12907845  0.08071294 -0.01911706 -0.01132812 -0.9880943 ]]",34
7,8,5,,1.1836744546890259,"[[-0.9958128  -0.09000587 -0.00113569 -0.01575506 -0.00250962]
 [ 0.06674621 -0.7536218   0.6511422   0.04581478 -0.03890999]
 [ 0.06157358 -0.64416516 -0.74522036 -0.1480241  -0.06320826]
 [ 0.00942402  0.06823801  0.14322716 -0.98492116 -0.06834576]
 [ 0.00465782 -0.06593879 -0.01204352 -0.07531302  0.9948936 ]]",34
8,9,5,,1.8957359790802002,"[[ 0.7549074   0.64154273  0.08955967 -0.02295993  0.09994759]
 [ 0.13059813 -0.2812266   0.8010138  -0.51181686 -0.01661369]
 [-0.60534763  0.70830387  0.21990718 -0.19249462 -0.2155147 ]
 [-0.11120031  0.03870997  0.53800815  0.78297246  0.28920123]
 [-0.18506087  0.07836945 -0.11199942 -0.2956625   0.9271734 ]]",34
9,10,5,,1.4080450534820557,"[[-8.56757641e-01 -5.04410744e-01  4.55664545e-02  9.59343091e-02
   1.60088446e-02]
 [ 1.07990257e-01 -2.64121920e-01 -9.50426877e-01  6.54504774e-03
   1.23384126e-01]
 [-4.55253303e-01  8.01218510e-01 -2.72574753e-01  2.76578784e-01
  -7.31887878e-04]
 [-2.16343537e-01  1.75773159e-01 -8.93093199e-02 -9.53506768e-01
  -7.17487782e-02]
 [-1.56261623e-02  5.44256382e-02  1.11082472e-01 -7.12930486e-02
   9.89632070e-01]]",34
10,11,5,,1.7911535501480103,"[[-0.68836254  0.02176189 -0.50639665 -0.48947015 -0.17223518]
 [-0.62674534  0.33888844  0.49212918  0.45803112 -0.20090121]
 [ 0.25342563  0.9390263  -0.19055934 -0.12896408  0.03256555]
 [ 0.01449645  0.03358754  0.6819198  -0.7303176   0.01683071]
 [-0.26251218  0.04222057  0.00661908  0.02511956  0.9636545 ]]",34
0,1,5,,1.2359625101089478,"[[ 0.24167141  0.86710525  0.43070462 -0.01841754  0.0622715 ]
 [-0.7883353   0.4143898  -0.40876213 -0.1899597   0.06031138]
 [ 0.51249284  0.26494384 -0.7965127   0.12294829 -0.13269185]
 [-0.2080299   0.06130477  0.0232527   0.97259384  0.08053374]
 [ 0.1191516  -0.04955912 -0.11150738 -0.05020866  0.98406917]]",35
1,2,5,,1.4139652252197266,"[[-0.90789604 -0.3997881   0.05167917  0.11323721  0.02001948]
 [ 0.12436994 -0.13215125  0.97302157  0.10377876 -0.09760667]
 [-0.38310343  0.8533273   0.20671521 -0.19107115  0.21406752]
 [-0.02609649 -0.21239173  0.0649861  -0.96655434 -0.12553173]
 [ 0.11317051 -0.22232352  0.06003189 -0.07531126  0.9635814 ]]",35
2,3,5,,1.3509190082550049,"[[-0.69860005 -0.71177316 -0.01396471  0.0199328  -0.06888106]
 [ 0.6185595  -0.6191121   0.4827887   0.01149028  0.02945178]
 [-0.35251522  0.32980064  0.8756109  -0.00994093 -0.01309321]
 [ 0.00225924  0.02419106  0.00338078  0.99957603  0.01568271]
 [-0.07120395 -0.02693632 -0.00378076 -0.01481636  0.9969808 ]]",35
3,4,5,,1.0650371313095093,"[[-0.97442704  0.07098155 -0.20857833  0.00276962  0.04405648]
 [-0.18283127  0.2510657   0.9490741   0.03079564  0.04299637]
 [ 0.11848626  0.9650017  -0.23032358 -0.03438878 -0.02238856]
 [ 0.0228268   0.02632136 -0.04322395  0.97897327  0.19628823]
 [ 0.05004626  0.00257195 -0.02891562 -0.19867717  0.97835577]]",35
4,5,5,,1.0559749603271484,"[[ 0.71640265  0.6943777   0.06693182 -0.004755   -0.01021355]
 [-0.6824624   0.71285915 -0.08649834  0.13217679 -0.03353079]
 [ 0.09884685 -0.0887977  -0.0503192   0.9838849   0.10854886]
 [-0.10451375  0.01402365  0.9895576   0.05326457  0.08257693]
 [-0.01784359  0.03987298 -0.07925909 -0.10788963  0.99003506]]",35
5,6,5,,1.0844289064407349,"[[ 0.8884598   0.37628528 -0.23078051  0.1098167   0.06106567]
 [-0.37289852  0.9206388   0.00373858 -0.10987487 -0.03583958]
 [ 0.2186523   0.07823737  0.9583723  -0.09772754  0.13432062]
 [-0.11060278  0.0684606   0.1307608   0.97957456 -0.08009725]
 [-0.10744252  0.00506703 -0.10559649  0.08216392  0.9851543 ]]",35
6,7,5,,1.1178679466247559,"[[-0.81864834 -0.56226885 -0.03021875  0.01943941 -0.11125427]
 [-0.5496101   0.8017673   0.16819538  0.1617735  -0.02525146]
 [ 0.08371317 -0.16709931  0.977771    0.0927278  -0.02086524]
 [ 0.09893523 -0.10509242 -0.11943131  0.9822687   0.00719806]
 [-0.10463082 -0.0453463   0.02229737  0.00111969  0.99322593]]",35
7,8,5,,1.2137612104415894,"[[ 0.9728166  -0.22935915  0.02752086  0.00505516  0.01547385]
 [-0.1670917  -0.6171256   0.7679105   0.03424634 -0.01942017]
 [-0.1580511  -0.7504821  -0.6393545   0.01078776 -0.0539065 ]
 [-0.00129595 -0.02816652  0.02043524 -0.99832404 -0.04622279]
 [-0.02695443 -0.05033603 -0.01908778 -0.04510473  0.99716645]]",35
8,9,5,,1.711655616760254,"[[ 0.54104644 -0.8040288   0.21570987  0.11099552 -0.04422313]
 [-0.11140329 -0.1923824  -0.75264096  0.6194918   0.01843643]
 [ 0.81215924  0.5132651  -0.1975702   0.07080873 -0.18140702]
 [ 0.09318452 -0.20809335 -0.58336174 -0.76156616  0.16649309]
 [ 0.16300938  0.09890857  0.08749805  0.13752516  0.9680269 ]]",35
9,10,5,,1.3290085792541504,"[[ 0.4811761  -0.8613277  -0.13263707 -0.09277663  0.01959679]
 [ 0.4907541   0.39747968 -0.74433964 -0.03553963  0.21416293]
 [ 0.67917764  0.30094737  0.64156705 -0.1703841   0.08665708]
 [ 0.18076591 -0.01511572  0.07231991  0.98035115  0.02786886]
 [-0.1834979  -0.09657445  0.10736611 -0.00321584  0.9723498 ]]",35
10,11,5,,1.767193078994751,"[[-2.89629430e-01 -2.86550373e-01 -5.46701372e-01 -6.90003633e-01
  -2.42932737e-01]
 [ 9.24682796e-01 -3.00326079e-01 -1.07046962e-01 -1.99476138e-01
   5.92969283e-02]
 [ 2.16822565e-01  9.04139817e-01 -2.94555694e-01 -2.14119002e-01
  -5.39364293e-02]
 [-1.30966054e-02  1.01115286e-01  7.66588449e-01 -6.33277237e-01
  -3.01023163e-02]
 [-1.17868155e-01  6.02583623e-06 -1.23440564e-01 -1.92917734e-01
   9.66256857e-01]]",35
0,1,5,,1.2132940292358398,"[[ 0.3247859   0.861347    0.38467067  0.01340843  0.06666405]
 [-0.7816666   0.4532212  -0.36271527 -0.21057867  0.0876482 ]
 [-0.47474813 -0.20539136  0.8437375  -0.08512414  0.11528018]
 [-0.2132945   0.06700331 -0.01140124  0.9736547   0.04338898]
 [ 0.11238846 -0.07743882 -0.09188682 -0.01507699  0.9862563 ]]",36
1,2,5,,1.3955334424972534,"[[-0.90649307 -0.40066713 -0.03691563  0.12536807  0.0256156 ]
 [ 0.03878785 -0.15856916  0.9789797   0.08071973 -0.0918397 ]
 [-0.40545276  0.8606131   0.18613164 -0.16380787  0.18296221]
 [-0.04795288 -0.20445047  0.04339285 -0.97480196 -0.06147118]
 [ 0.10037086 -0.17851275  0.06089498 -0.0263679   0.97655284]]",36
2,3,5,,1.3499397039413452,"[[-7.27061033e-01  6.73923373e-01 -1.12236604e-01  2.26079952e-02
  -6.40407950e-02]
 [ 5.92921495e-01  7.06591964e-01  3.83639693e-01  2.11297907e-02
   3.93191129e-02]
 [-3.38627756e-01 -2.12862596e-01  9.16461706e-01 -9.61310416e-03
  -5.11991000e-03]
 [-6.99305441e-04 -3.19533162e-02  2.91009899e-03  9.99297380e-01
   1.93599779e-02]
 [-7.18124285e-02  1.49500845e-02 -1.76898092e-02 -1.88356023e-02
   9.96971309e-01]]",36
3,4,5,,1.077684998512268,"[[-0.978726    0.03760041 -0.19642368  0.01579467  0.04300994]
 [ 0.17264561 -0.31793737 -0.9302934  -0.05672294 -0.02112094]
 [ 0.09632012  0.9473186  -0.30426884 -0.01944904 -0.01876281]
 [ 0.03645343  0.00175645 -0.0580156   0.97647583  0.20444348]
 [ 0.04101782  0.00929178 -0.00516462 -0.20651796  0.9775248 ]]",36
4,5,5,,1.060418725013733,"[[ 0.75878066  0.6430009   0.09414222  0.04081779 -0.01651852]
 [-0.6079567   0.7516495  -0.15220946 -0.20243908 -0.03553091]
 [ 0.2125376  -0.13710134 -0.37336305 -0.88581306  0.10939036]
 [-0.09484288  0.00686192  0.9077282  -0.3922836   0.11445938]
 [-0.02175249  0.05223989 -0.06781683  0.13711752  0.9866091 ]]",36
5,6,5,,1.0711584091186523,"[[ 0.9401697   0.24776737 -0.19900739  0.08702284 -0.08669106]
 [-0.23946248  0.9672016   0.0258188  -0.07265331  0.03512483]
 [ 0.21110298  0.00238903  0.87502956 -0.41580218 -0.12985243]
 [ 0.00525621 -0.05437069 -0.4310054  -0.90060025 -0.01302395]
 [-0.11893924  0.01306094 -0.09103339  0.05635747 -0.9870256 ]]",36
6,7,5,,1.1026344299316406,"[[ 0.9128293  -0.36798552 -0.06071475  0.09533987 -0.13621126]
 [ 0.36557782  0.895524    0.2281466   0.11088705  0.006536  ]
 [-0.03428081 -0.23397258  0.9712597   0.00580765 -0.02650372]
 [-0.13238527 -0.06166989 -0.02590331  0.9887938  -0.01693935]
 [-0.11997782  0.0638511  -0.01569648 -0.02945491 -0.9901588 ]]",36
7,8,5,,1.180138349533081,"[[ 9.9298590e-01 -1.1188109e-01 -3.7356846e-02  6.9804308e-03
   4.1510472e-03]
 [ 7.9356834e-02  8.6818057e-01 -4.8775384e-01  3.3945940e-02
  -3.0146362e-02]
 [ 8.7638833e-02  4.8103806e-01  8.6435008e-01 -1.1392465e-01
  -2.9015336e-02]
 [-4.0145958e-04 -2.8283710e-02 -1.1650813e-01 -9.9166417e-01
  -4.7200836e-02]
 [ 7.9587771e-04  3.9338056e-02  5.0412728e-03 -4.9217030e-02
   9.9800009e-01]]",36
8,9,5,,1.878467082977295,"[[ 0.72893053  0.66997254  0.10664956  0.01684484  0.09021766]
 [-0.3309638   0.48269337 -0.5975034  -0.53825223 -0.10365406]
 [ 0.5595467  -0.555606   -0.42355728 -0.4071385   0.18178818]
 [-0.1049682  -0.00425334  0.65300745 -0.7104579   0.2404047 ]
 [-0.18711609  0.09709658 -0.16061114  0.19871743  0.94354403]]",36
9,10,5,,1.344577431678772,"[[-0.9374615  -0.33345214  0.06759992  0.07307961  0.00807535]
 [ 0.07230522 -0.38277382 -0.90979946  0.00675236  0.14309289]
 [-0.3203502   0.84899676 -0.39226693  0.13472992 -0.0674891 ]
 [ 0.11243912 -0.08813936  0.05500317  0.9881565   0.01049719]
 [-0.02590503  0.1171744   0.10390671 -0.00287285  0.98731667]]",36
10,11,5,,1.7617063522338867,"[[-0.772942    0.00842009 -0.38930678 -0.43600637 -0.2466342 ]
 [-0.53091246  0.37688565  0.54039454  0.523259   -0.10130622]
 [ 0.22985564  0.92372787 -0.25985122 -0.16218919  0.00806931]
 [ 0.04701475  0.0592483   0.69738364 -0.7125666   0.01356892]
 [-0.25621995  0.03320618 -0.05047057 -0.0451889   0.9636697 ]]",36
0,1,5,,1.1962825059890747,"[[ 0.41675338  0.81288534  0.3993234   0.05117195  0.05878903]
 [-0.7098282   0.5494912  -0.36069667 -0.23663037  0.09004056]
 [-0.4924688  -0.15738305  0.84081614 -0.14016075  0.07802723]
 [-0.25957072  0.06044738  0.00703171  0.9557136   0.1246243 ]
 [ 0.11206254 -0.09409259 -0.0584595  -0.09140004  0.9832686 ]]",37
1,2,5,,1.390250325202942,"[[-0.9044938  -0.40202338  0.03958569  0.13560964  0.01763963]
 [ 0.03813589  0.02983892  0.99301934  0.06417467 -0.08631038]
 [-0.40858233  0.8717704   0.01865657 -0.17310311  0.2067948 ]
 [-0.06513512 -0.1808886   0.05476695 -0.9635737  -0.17765959]
 [ 0.09620023 -0.21161883  0.0948581  -0.13803113  0.9580774 ]]",37
2,3,5,,1.3435022830963135,"[[ 0.7333972   0.6639254  -0.13431214  0.00781151 -0.05684038]
 [-0.5154454   0.6791343   0.51985544 -0.00222498  0.05327265]
 [ 0.4351858  -0.31272167  0.8433625  -0.02105054 -0.03339202]
 [ 0.00777132 -0.01082188  0.01945141  0.99760646  0.06500413]
 [ 0.08365083 -0.00822751 -0.00847979 -0.06536287  0.99427897]]",37
3,4,5,,1.0808837413787842,"[[ 0.98083335 -0.00731659 -0.18625489 -0.01911975 -0.05344038]
 [ 0.17601648 -0.27985716  0.94335234  0.01430017 -0.02408228]
 [ 0.05746793  0.9596183   0.27366492 -0.01983352 -0.02333159]
 [ 0.02735596  0.02524614 -0.00806832  0.98387754  0.17474036]
 [ 0.05415846  0.01103946  0.0209237  -0.17612943  0.9825913 ]]",37
4,5,5,,1.0707749128341675,"[[ 0.6509003   0.7566884  -0.00537891 -0.06048593 -0.0079988 ]
 [-0.7328111   0.64540106 -0.08531342  0.1974714  -0.01311665]
 [-0.17067736  0.06788924 -0.20919235 -0.95337796 -0.11648724]
 [-0.09984139  0.07775008  0.9665923  -0.20056498  0.09726025]
 [-0.01474935  0.01504027 -0.12095661 -0.09050197  0.98829913]]",37
5,6,5,,1.1299785375595093,"[[ 9.57308531e-01  9.69463959e-02 -1.95972309e-01  1.59965247e-01
   1.00835279e-01]
 [-9.34003964e-02  9.93272901e-01 -2.21671257e-02 -6.40203953e-02
  -9.76206362e-03]
 [ 1.91922903e-01  3.74706648e-02  9.72390711e-01 -5.29932864e-02
   1.15799695e-01]
 [-1.39570192e-01  5.10460585e-02  9.09958854e-02  9.79500532e-01
  -1.01059176e-01]
 [-1.36097431e-01  7.53232162e-04 -8.53200853e-02  8.99053887e-02
   9.82911170e-01]]",37
6,7,5,,1.1543724536895752,"[[-8.78230870e-01 -4.48811680e-01 -6.67690672e-03 -2.42015813e-02
  -1.63242742e-01]
 [-4.39507186e-01  8.41863036e-01  2.41541460e-01  1.99115321e-01
   1.05316117e-02]
 [ 1.05699874e-01 -2.11346284e-01  9.70235527e-01 -4.90212962e-02
  -2.00070534e-02]
 [ 7.20421374e-02 -1.93629637e-01 -5.96979982e-04  9.78425801e-01
  -2.56386877e-04]
 [-1.38496593e-01 -8.76073688e-02  1.59963407e-02 -6.87163044e-03
   9.86326754e-01]]",37
7,8,5,,1.1910266876220703,"[[-9.85202968e-01 -1.63826779e-01  1.41531302e-04 -5.02048768e-02
   3.91424960e-03]
 [ 1.00931086e-01 -6.30127370e-01  7.64931142e-01  7.41244331e-02
  -4.62424830e-02]
 [ 1.32523179e-01 -7.45880485e-01 -6.20808423e-01 -1.76083088e-01
  -9.84452963e-02]
 [ 3.24504487e-02  1.02831632e-01  1.71079382e-01 -9.77067590e-01
  -6.66576251e-02]
 [ 2.39286795e-02 -9.58551764e-02 -1.44584076e-02 -7.94893801e-02
   9.91822422e-01]]",37
8,9,5,,1.8427318334579468,"[[ 0.798803    0.58857685  0.04673838 -0.01222338  0.11470504]
 [-0.01839604 -0.04047406  0.97641224 -0.19439685 -0.08277916]
 [-0.57028747  0.8036492  -0.00349122 -0.06377699 -0.1576085 ]
 [-0.09499566  0.068924    0.21060634  0.91632557  0.3197151 ]
 [-0.1652983   0.03655785  0.0082088  -0.34400645  0.9235432 ]]",37
9,10,5,,1.4198921918869019,"[[-0.9590462   0.26800972  0.01831888 -0.08958475  0.00634513]
 [ 0.01870999  0.14250575 -0.98451805  0.0314612   0.09527014]
 [-0.2003791  -0.85869336 -0.13657333 -0.4474553   0.06021183]
 [-0.19914481 -0.41244859 -0.03905316  0.88716567 -0.0404908 ]
 [ 0.0083648   0.0198694   0.10105026  0.06087458  0.9927831 ]]",37
10,11,5,,1.7849961519241333,"[[-0.8830655   0.1653635  -0.3020399  -0.26629275 -0.17524374]
 [ 0.36150908 -0.15501532 -0.7659457  -0.49704707  0.107485  ]
 [ 0.21615715  0.9731462  -0.06724663 -0.04106657  0.0073545 ]
 [-0.05496614  0.00812529 -0.5626766   0.82480687  0.00110152]
 [-0.1994025   0.03931568  0.03117826  0.00628691  0.97861195]]",37
0,1,5,,1.206263780593872,"[[ 0.41648492  0.8369562   0.33913168  0.08242225  0.06512267]
 [-0.7297386   0.5249254  -0.36150303 -0.22922726  0.09330214]
 [-0.47295973 -0.11243813  0.86640346 -0.08930134  0.07097252]
 [-0.2536942   0.04424858 -0.03387368  0.9656446   0.00802723]
 [ 0.07726754 -0.09673353 -0.05002859  0.01473995  0.990935  ]]",38
1,2,5,,1.3882249593734741,"[[ 0.92230093 -0.36555836  0.02358764  0.11929628  0.03066176]
 [ 0.02051354  0.12698643  0.9875334   0.05400824 -0.07290132]
 [ 0.36939198  0.89547896 -0.10202511 -0.13782217  0.17961892]
 [ 0.0640264  -0.15879926  0.06877998 -0.9813491  -0.05391312]
 [-0.09159912 -0.15212432  0.09529773 -0.02846858  0.9790688 ]]",38
2,3,5,,1.3542888164520264,"[[-7.5401157e-01 -6.4900875e-01  9.2224598e-02 -1.9819552e-02
   3.6825325e-02]
 [-5.1745987e-01  6.7864376e-01  5.1539302e-01  5.7032644e-03
   7.7559382e-02]
 [ 3.9571214e-01 -3.4033716e-01  8.5175681e-01 -2.1441819e-02
  -4.0412281e-02]
 [-7.6266442e-04 -2.5419725e-02  1.6857641e-02  9.9902683e-01
   3.1850297e-02]
 [ 8.4340073e-02 -4.1889794e-02 -9.5331119e-03 -3.2561805e-02
   9.9497783e-01]]",38
3,4,5,,1.0970611572265625,"[[ 0.97936845 -0.02740742 -0.19048645 -0.05235593 -0.03255834]
 [ 0.17244406 -0.32767498  0.927647    0.03967598 -0.0280876 ]
 [ 0.08685007  0.94412     0.31671065 -0.0046826  -0.02769314]
 [ 0.05114169  0.01860305 -0.0396437   0.98223865  0.1751398 ]
 [ 0.03069359  0.01300992  0.03617458 -0.17569825  0.9832142 ]]",38
4,5,5,,1.0749043226242065,"[[ 0.8655872   0.49114516 -0.02379335 -0.09329455 -0.01628587]
 [-0.45646694  0.8524157  -0.00887418  0.25484434 -0.00101438]
 [-0.19548061  0.15475285 -0.3856564  -0.88162434 -0.10884178]
 [-0.06467459  0.08904731  0.91222095 -0.38152543  0.100891  ]
 [-0.0011302   0.01691248 -0.13593055 -0.05939164  0.9887913 ]]",38
5,6,5,,1.1152803897857666,"[[ 0.93958926  0.24666306 -0.19950783  0.10532796 -0.07370158]
 [-0.23513372  0.96681476  0.02581037 -0.08106443  0.05238207]
 [ 0.19758537  0.02403645  0.97548836 -0.03268726 -0.08795523]
 [-0.10568499  0.0515011   0.06002699  0.9884019   0.07507893]
 [-0.10804994  0.03459157 -0.06595092  0.06578666 -0.9891669 ]]",38
6,7,5,,1.1382838487625122,"[[ 0.93441063 -0.3257507  -0.0072898   0.05531669 -0.13285387]
 [ 0.30351135  0.8753283   0.36180583  0.10317147  0.01155385]
 [-0.1081239  -0.338604    0.9316172  -0.07476671 -0.01248565]
 [-0.09344935 -0.09784911  0.03296925  0.99023175 -0.00684684]
 [-0.11972515  0.05881967 -0.00677002 -0.0121129  -0.99096596]]",38
7,8,5,,1.189792513847351,"[[ 9.8197407e-01  1.8317342e-01  2.5101634e-02  3.7685819e-02
   1.1140520e-02]
 [ 1.0827105e-01 -6.9309610e-01  7.0663631e-01  8.6584866e-02
  -3.2611657e-02]
 [ 1.5487839e-01 -6.7449880e-01 -6.5184069e-01 -3.0108300e-01
  -7.4274994e-02]
 [-6.2394264e-04  1.6431552e-01  2.7401313e-01 -9.4524485e-01
  -6.6549666e-02]
 [ 4.0760608e-03 -6.4165078e-02 -7.4566668e-03 -8.3329991e-02
   9.9441779e-01]]",38
8,9,5,,1.85703706741333,"[[ 0.8276215   0.53843     0.05918834 -0.01011113  0.14673202]
 [ 0.10574274 -0.26034445  0.8979712  -0.33760965 -0.02658463]
 [-0.5052959   0.7985405   0.25404328 -0.08351281 -0.18840563]
 [-0.07736462  0.00806968  0.34999433  0.8747986   0.32585448]
 [-0.20628084  0.06768972 -0.05577199 -0.33715078  0.9143769 ]]",38
9,10,5,,1.6802493333816528,"[[ 9.95604396e-01  8.04217458e-02  2.29627918e-02 -3.90312932e-02
   1.59178227e-02]
 [-2.44339957e-04  3.05313349e-01 -9.45104241e-01  2.00427137e-02
  -1.14717044e-01]
 [ 7.04303533e-02 -9.09830272e-01 -2.91273147e-01 -2.78262585e-01
  -7.05577880e-02]
 [ 6.04842342e-02 -2.68166691e-01 -6.90094084e-02  9.58735049e-01
   2.22030580e-02]
 [ 1.23667335e-02  2.47316305e-02  1.29028589e-01  3.83638777e-02
  -9.90512609e-01]]",38
10,11,5,,2.0031988620758057,"[[ 0.70004827 -0.11262553  0.274677    0.0639948  -0.6463011 ]
 [ 0.2967765  -0.26342008 -0.79468906 -0.4590773  -0.01583733]
 [ 0.15744722  0.9569576  -0.21062031 -0.07949666 -0.0936052 ]
 [-0.034088   -0.04582167 -0.48944566  0.85676223 -0.1521175 ]
 [-0.6292094  -0.00760945 -0.09541376 -0.21163979 -0.74171585]]",38
0,1,5,,1.2104902267456055,"[[ 0.37896612  0.8487257   0.3581587   0.05536653  0.06860254]
 [-0.73311037  0.5013949  -0.3947798  -0.21935035  0.08477407]
 [-0.5087564  -0.13003446  0.8429403  -0.08146993  0.08409785]
 [-0.23276018  0.05709749 -0.03675365  0.9700908  -0.01164406]
 [ 0.07696438 -0.08999317 -0.06302582  0.03326343  0.9904035 ]]",39
1,2,5,,1.390249490737915,"[[ 0.9291043  -0.34885553 -0.0170163   0.11834506  0.0277474 ]
 [ 0.036272    0.06489965  0.99251294  0.06591013 -0.07103749]
 [ 0.35235435  0.90315014 -0.0484885  -0.15420349  0.18448958]
 [ 0.06113832 -0.17663935  0.07061986 -0.97848725 -0.05134394]
 [-0.08693714 -0.16494317  0.08538292 -0.02083959  0.978525  ]]",39
2,3,5,,1.3420665264129639,"[[ 0.60447526 -0.7933585   0.0627232  -0.02266708  0.02727635]
 [ 0.66460353  0.54850864  0.5004394   0.01003116  0.08306701]
 [-0.43023795 -0.26063368  0.86342436 -0.00710117 -0.0375947 ]
 [ 0.00306125 -0.02569614  0.00242055  0.9996133   0.00988876]
 [-0.08830462 -0.03362164 -0.0108946  -0.01041467  0.9954118 ]]",39
3,4,5,,1.0851757526397705,"[[-0.95992446  0.01433083  0.27375263  0.05115731  0.02796595]
 [ 0.24697211 -0.39936584  0.8799888   0.05917848 -0.04036571]
 [ 0.12167256  0.9164979   0.38007239  0.00718064 -0.02684999]
 [ 0.0401644   0.01752322 -0.06135395  0.9818147   0.17422798]
 [ 0.03365182  0.00511991  0.04959762 -0.17282712  0.98311347]]",39
4,5,5,,1.06904935836792,"[[ 0.8945364   0.44475955 -0.00346017 -0.04410429 -0.00604205]
 [-0.41959745  0.8696911   0.01400965  0.2595076  -0.00590445]
 [-0.14066605  0.19326495 -0.44928268 -0.85343814 -0.11247261]
 [-0.06244129  0.08939112  0.8839532  -0.44627962  0.08701457]
 [-0.00753735  0.02200542 -0.12869957 -0.05646567  0.98980147]]",39
5,6,5,,1.1033350229263306,"[[ 0.9154973   0.31763965 -0.2194681   0.09959585  0.05370469]
 [-0.311492    0.9432281   0.0064547  -0.09966422 -0.0576085 ]
 [ 0.20715304  0.06550957  0.97396797 -0.0017424   0.06464881]
 [-0.11720754  0.06066049  0.0278418   0.98772913 -0.07873223]
 [-0.09048456  0.03813753 -0.04902366  0.06734922  0.9916747 ]]",39
6,7,5,,1.137992024421692,"[[ 9.38369513e-01 -3.19443762e-01 -1.19730206e-02  6.45460337e-02
  -1.14494056e-01]
 [ 2.95986474e-01  8.76820326e-01  3.62682611e-01  1.09672993e-01
   3.37503431e-03]
 [-1.02607809e-01 -3.45518380e-01  9.31825876e-01 -4.22621742e-02
   1.79033377e-03]
 [-9.96931940e-02 -9.04439315e-02  4.38302115e-04  9.90879953e-01
  -6.15924364e-03]
 [ 1.06712997e-01 -3.97345200e-02 -4.28880239e-03  1.32864518e-02
   9.93397474e-01]]",39
7,8,5,,1.197676181793213,"[[ 0.9664538   0.25425044 -0.01732269 -0.03195072  0.00169816]
 [ 0.1593598  -0.56049997  0.80859256 -0.0792447  -0.01851195]
 [ 0.20022759 -0.76075023 -0.5397631   0.2918168  -0.06831367]
 [-0.01673733  0.19927302  0.23333076  0.9501299  -0.05310338]
 [ 0.01415387 -0.05240087 -0.0095219   0.06924921  0.99607617]]",39
8,9,5,,1.712864637374878,"[[ 0.7803392   0.6131564   0.05905314  0.02602823  0.10461944]
 [ 0.04595055 -0.1282771   0.92362815 -0.35749105 -0.02333612]
 [-0.59695023  0.7749524   0.13055296 -0.00697416 -0.1612646 ]
 [ 0.06535058  0.03888197 -0.34808496 -0.8853887  -0.29856557]
 [-0.16834174  0.07430368 -0.07222474 -0.2959072   0.93453866]]",39
9,10,5,,1.3848968744277954,"[[ 0.96887857 -0.23706669  0.04393801  0.05518977 -0.0098583 ]
 [-0.06069566 -0.42386094 -0.8995018  -0.02411803  0.08350303]
 [ 0.2072406   0.83671314 -0.41180685  0.29197973  0.04610151]
 [ 0.12045272  0.25296086 -0.10671042 -0.95252436 -0.05302831]
 [ 0.01152244  0.00794478  0.08940892 -0.06178552  0.9939782 ]]",39
10,11,5,,1.8569483757019043,"[[ 9.1571522e-01 -8.8871472e-02  3.1181556e-01  1.7051838e-01
   1.6511224e-01]
 [-2.9331744e-01  3.2787672e-01  7.4313229e-01  4.9235082e-01
  -1.0865921e-01]
 [ 2.0107967e-01  9.3616146e-01 -2.7381870e-01 -9.0506010e-02
  -7.2546885e-04]
 [-5.6275981e-03  7.1936384e-02  5.2243114e-01 -8.4867007e-01
  -4.0226828e-02]
 [-1.8699156e-01  5.5004135e-02  5.1131718e-02 -9.0471441e-03
   9.7944492e-01]]",39
0,1,5,,1.197703242301941,"[[ 0.32909063  0.85592407  0.39392176  0.02133572  0.05885371]
 [-0.7721881   0.4647072  -0.36447647 -0.22065814  0.07899106]
 [ 0.47312853  0.20813088 -0.83954805  0.13305575 -0.1014208 ]
 [-0.24504001  0.05601921  0.02068246  0.9653435   0.06709179]
 [ 0.10737605 -0.07060157 -0.0819382  -0.03553552  0.9876787 ]]",40
1,2,5,,1.3908226490020752,"[[-0.88884914 -0.44052047  0.02043762  0.12140547  0.02705242]
 [ 0.07996793 -0.09811345  0.9835481   0.08540349 -0.09653065]
 [-0.4358468   0.8482424   0.15389349 -0.18031502  0.18527184]
 [-0.03600429 -0.20041052  0.05204144 -0.9660071  -0.1505361 ]
 [ 0.1108759  -0.19140516  0.07631393 -0.11083123  0.9659002 ]]",40
2,3,5,,1.3411613702774048,"[[ 8.3154082e-01  5.3604996e-01 -1.2737818e-01  1.8130777e-02
  -6.8090521e-02]
 [-4.3641368e-01  7.8587633e-01  4.3521377e-01  1.6501809e-02
   4.7519609e-02]
 [ 3.3438763e-01 -3.0701971e-01  8.9084673e-01 -1.7190062e-02
  -4.5091654e-03]
 [ 1.3555188e-04 -2.8029852e-02  9.7148325e-03  9.9914318e-01
   2.8860869e-02]
 [ 7.9169422e-02 -1.4255577e-03 -2.5717644e-02 -2.8574197e-02
   9.9611861e-01]]",40
3,4,5,,1.075629472732544,"[[ 0.9885802  -0.02977543 -0.13480303 -0.02170859 -0.05638758]
 [ 0.12428949 -0.22174373  0.96697074  0.00575038 -0.0177844 ]
 [ 0.05692676  0.9743014   0.2157408  -0.01730701 -0.02554395]
 [ 0.03306959  0.02096968 -0.00167486  0.97993225  0.19543985]
 [ 0.05410296  0.01549835  0.01577148 -0.19730434  0.9785985 ]]",40
4,5,5,,1.0626640319824219,"[[ 0.8077667   0.58226824  0.05849888  0.07049602 -0.00920337]
 [-0.5499865   0.7993844  -0.11568611 -0.20934966 -0.03590047]
 [-0.17934157  0.12767233  0.02039937  0.9678934  -0.11959274]
 [-0.11094803  0.0608408   0.98672247 -0.03769182  0.09458869]
 [-0.02355589  0.04411753 -0.09569346  0.11386182  0.9876118 ]]",40
5,6,5,,1.097334623336792,"[[ 0.912606    0.32863107 -0.18710306  0.12873285 -0.087018  ]
 [-0.31277663  0.9426507   0.04094779 -0.09984147  0.04399298]
 [ 0.20766908  0.01007713  0.9371303  -0.2370104  -0.14961615]
 [ 0.09137125 -0.05531984 -0.2726541  -0.9532481  -0.0746254 ]
 [-0.13358848  0.0157924  -0.10374183  0.09275665 -0.9810905 ]]",40
6,7,5,,1.124918818473816,"[[-0.873408   -0.46145108 -0.04314879  0.04261427 -0.1433304 ]
 [-0.455254    0.8453755   0.25144026  0.12123173  0.01283685]
 [ 0.08205895 -0.23945005  0.9667423  -0.02428022 -0.02738362]
 [ 0.09436005 -0.09000933 -0.00509093  0.9913859   0.01107182]
 [ 0.11943536  0.08345783 -0.01730477  0.00716741 -0.98915076]]",40
7,8,5,,1.1790945529937744,"[[-9.9061596e-01  1.3403414e-01 -1.2245402e-02 -2.3767926e-02
  -9.9538956e-05]
 [ 9.3160927e-02  7.5652462e-01  6.4449316e-01  5.1517162e-02
  -3.1081658e-02]
 [ 9.9344119e-02  6.2987345e-01 -7.3986167e-01 -2.0707949e-01
  -5.5793848e-02]
 [ 7.6623936e-03 -9.8944217e-02  1.9186012e-01 -9.7607589e-01
  -2.4837242e-02]
 [ 8.5501494e-03  5.6345407e-02 -1.6522583e-02 -3.4278497e-02
   9.9764925e-01]]",40
8,9,5,,1.8501615524291992,"[[ 0.7211455   0.68807036  0.0521487   0.00396222  0.06142677]
 [-0.2124439   0.28374314 -0.8477473   0.39443886  0.00999252]
 [-0.6317634   0.66050375  0.2670181  -0.23662311 -0.19318567]
 [-0.12837389  0.07232881  0.45080176  0.8411277   0.25994354]
 [-0.13860716  0.0674721  -0.06390652 -0.28445733  0.9440527 ]]",40
9,10,5,,1.416342854499817,"[[-0.88551116 -0.45456976  0.04921076  0.08051421  0.01822415]
 [ 0.08712292 -0.27546862 -0.95157224 -0.03764792  0.09807957]
 [-0.4115228   0.8217607  -0.27986512  0.2705048   0.06213787]
 [-0.19552596  0.2052313  -0.04309545 -0.9573571  -0.03549596]
 [ 0.02642337 -0.00854016  0.10911897 -0.04893591  0.992435  ]]",40
10,11,5,,1.7653229236602783,"[[-0.7513995  -0.03832715 -0.5021282   0.39743307 -0.15441507]
 [-0.57934237  0.34358096  0.57880855 -0.41093522 -0.20597924]
 [ 0.19426373  0.935379   -0.26769856  0.12444881  0.01333423]
 [ 0.0312539   0.05235101  0.58316886  0.8097421   0.02268022]
 [-0.24707495  0.05299754  0.03315899 -0.04482588  0.9659381 ]]",40
0,1,5,,1.2169232368469238,"[[ 0.33972463  0.85031956  0.39528057  0.01445687  0.0713305 ]
 [-0.7603905   0.4765093  -0.37913495 -0.20941469  0.0845415 ]
 [-0.4971526  -0.1959371   0.8313267  -0.09863868  0.11668029]
 [-0.21601696  0.06770617 -0.0059182   0.9723264   0.0574365 ]
 [ 0.11211304 -0.08318669 -0.09418524 -0.02807705  0.985318  ]]",41
1,2,5,,1.3932669162750244,"[[ 0.91258794 -0.38737953  0.01533508  0.12780452  0.02347639]
 [-0.05418042 -0.0626323   0.9882041   0.09453561 -0.08750669]
 [ 0.39119902  0.8765306   0.11058176 -0.18314472  0.18134817]
 [ 0.04772121 -0.21050966  0.07238428 -0.9678398  -0.10702871]
 [-0.09451814 -0.18274066  0.07582714 -0.06688266  0.97336996]]",41
2,3,5,,1.3432631492614746,"[[ 7.1743166e-01 -6.8995935e-01  7.4557595e-02 -1.9785067e-02
   5.7424854e-02]
 [ 5.7916641e-01  6.5727764e-01  4.7998926e-01  1.5883712e-02
   4.3707810e-02]
 [-3.8000053e-01 -3.0188927e-01  8.7404251e-01 -1.2542339e-02
  -1.8834403e-02]
 [-8.4200606e-04 -2.7809782e-02  4.6871244e-03  9.9949425e-01
   1.4664047e-02]
 [-7.3870964e-02  5.6308489e-03 -8.8931397e-03 -1.4492883e-02
   9.9710697e-01]]",41
3,4,5,,1.0762563943862915,"[[-0.97992027  0.06162843 -0.18365908  0.01532184  0.04464339]
 [ 0.15522306 -0.3031604  -0.9393111  -0.02981738 -0.02837337]
 [ 0.1126022   0.950916   -0.28726485 -0.01601707 -0.01737512]
 [ 0.03078847  0.00615654 -0.03381151  0.98035973  0.19174427]
 [ 0.04511252  0.00407081 -0.01730887 -0.1936867   0.9798643 ]]",41
4,5,5,,1.0571229457855225,"[[ 0.7830411   0.6198885   0.04246246 -0.02668939 -0.00834173]
 [-0.5989938   0.7712487  -0.10208078  0.18685088 -0.03237571]
 [ 0.14116395 -0.13025048 -0.06827382  0.9724508   0.11307347]
 [-0.08792652  0.0481872   0.98649514  0.07630961  0.10464804]
 [-0.01986994  0.04033025 -0.09971251 -0.11353706  0.9874945 ]]",41
5,6,5,,1.087670087814331,"[[ 0.91718906  0.31428227 -0.21638922  0.08596799  0.07600072]
 [-0.30813023  0.9455383   0.01483093 -0.09522779 -0.04153151]
 [ 0.21995775  0.03976295  0.94275737 -0.21973434  0.11385465]
 [-0.05409135  0.07331666  0.24103914  0.9646471  -0.0552708 ]
 [-0.11186025  0.0150875  -0.07787435  0.06865817  0.9881707 ]]",41
6,7,5,,1.125305414199829,"[[ 8.92499387e-01 -4.22222465e-01 -5.98654933e-02  6.31707609e-02
  -1.32659778e-01]
 [ 4.15795267e-01  8.61905515e-01  2.59240597e-01  1.30487308e-01
  -7.19359086e-04]
 [-5.89312650e-02 -2.60428160e-01  9.63654578e-01 -6.54930109e-03
  -5.58478897e-03]
 [-1.14492439e-01 -8.73385891e-02 -2.39422973e-02  9.89232719e-01
  -1.04342736e-02]
 [ 1.18227445e-01 -5.82768731e-02 -2.64683808e-03  1.89280622e-02
   9.91090715e-01]]",41
7,8,5,,1.1951888799667358,"[[ 0.98169893  0.18934256 -0.01337124  0.01390163 -0.00667258]
 [ 0.12449596 -0.5943679   0.792277    0.05399866 -0.02467359]
 [ 0.14312015 -0.774525   -0.59463006 -0.15349291 -0.04982799]
 [-0.00250907  0.09330563  0.13608408 -0.9851837  -0.04671229]
 [ 0.0166808  -0.04776348 -0.00382352 -0.05238282  0.99733734]]",41
8,9,5,,1.7529369592666626,"[[ 0.7159786   0.6856943  -0.09862379  0.03682719  0.07819927]
 [ 0.08989311 -0.18849298 -0.8379499  -0.50410545  0.01035794]
 [-0.66668224  0.69572425 -0.17781848 -0.08713966 -0.17969382]
 [-0.08861789 -0.04926829 -0.49627835  0.8321936   0.22556838]
 [-0.1642423   0.08851106  0.10100376 -0.21067004  0.95425713]]",41
9,10,5,,1.3233318328857422,"[[-7.80473053e-01 -6.10846579e-01  8.71683732e-02  1.00642301e-01
  -1.04749645e-03]
 [ 1.98459506e-01 -3.81173342e-01 -8.93345058e-01  6.25246787e-04
   1.31357655e-01]
 [ 5.44306517e-01 -6.78459823e-01  4.17571545e-01 -2.57992625e-01
   4.99646440e-02]
 [-2.25150093e-01  1.14250012e-01 -1.07491225e-01 -9.60052252e-01
  -5.47682829e-02]
 [-6.71825260e-02  9.06233191e-02  9.17377323e-02 -4.01257202e-02
   9.88558590e-01]]",41
10,11,5,,1.757481575012207,"[[-0.6780051  -0.02799398 -0.494523   -0.5165246  -0.16785367]
 [-0.67860365  0.3226476   0.47594744  0.44759864 -0.09233125]
 [ 0.21967427  0.94361484 -0.20819327 -0.13135982 -0.02710034]
 [ 0.04003411  0.04415138  0.69609284 -0.7152225  -0.0189639 ]
 [-0.17305116  0.0525028  -0.03211689 -0.06371205  0.98092103]]",41
0,1,5,,1.2105070352554321,"[[ 0.33638835  0.88308537  0.3173883   0.04176968  0.06725391]
 [-0.80450654  0.4290365  -0.3328159  -0.21996735  0.0976982 ]
 [-0.41654834 -0.16309291  0.88397634 -0.08499378  0.10606623]
 [-0.23275517  0.04457439 -0.0120189   0.970891    0.03262246]
 [ 0.10920028 -0.08661266 -0.08330427 -0.00403016  0.9867207 ]]",42
1,2,5,,1.3856310844421387,"[[-0.93595153 -0.3267187   0.04494854  0.11788394  0.03650601]
 [ 0.03175092  0.06870433  0.9901727   0.08882464 -0.07707045]
 [-0.33480027  0.91157156 -0.02434409 -0.17284364  0.16272227]
 [-0.05456649 -0.1893592   0.09668307 -0.9730543  -0.07059244]
 [ 0.08898273 -0.1473602   0.08716337 -0.0387811   0.9804416 ]]",42
2,3,5,,1.3582723140716553,"[[ 0.9065112   0.4033415  -0.10551186  0.02202575 -0.06273144]
 [-0.28275746  0.7845922   0.54962504  0.02380211  0.04253244]
 [ 0.3049839  -0.46920595  0.8284166  -0.02117208 -0.01040924]
 [-0.0076589  -0.0373611   0.00704517  0.9991765  -0.01192315]
 [ 0.07219315 -0.01343826 -0.02135271  0.01209862  0.99699813]]",42
3,4,5,,1.092189908027649,"[[ 9.9415469e-01 -7.1644880e-02  4.5548532e-02 -4.6878312e-02
  -4.7446489e-02]
 [-6.1861362e-02 -2.0662303e-01  9.7521609e-01 -4.9325705e-02
   7.5238687e-04]
 [ 5.9251875e-02  9.7569168e-01  2.0985153e-01 -1.2741835e-02
  -1.7747357e-02]
 [ 5.3251334e-02  1.7361909e-03  5.3018734e-02  9.7720200e-01
   1.9856095e-01]
 [ 3.8510900e-02  1.4024974e-02 -5.4923054e-03 -2.0070674e-01
   9.7877824e-01]]",42
4,5,5,,1.0653692483901978,"[[ 0.7904963   0.5993659  -0.09872184  0.0725867  -0.02934797]
 [-0.56287247  0.7896758   0.16690671 -0.17563999 -0.02965562]
 [-0.22515395  0.11720377 -0.42584354  0.8618657  -0.10683528]
 [-0.08691828  0.02988598 -0.8808765  -0.44598606  0.12924802]
 [-0.00640963  0.05042585  0.07148414  0.14888169  0.98495704]]",42
5,6,5,,1.092790126800537,"[[ 0.9306871   0.279632   -0.20210752  0.08572992 -0.08619957]
 [-0.26102918  0.95681095  0.05626987 -0.10277984  0.05144514]
 [-0.2231077   0.03617834 -0.81013525  0.52503073  0.13014492]
 [-0.02066028 -0.06405832 -0.5403963  -0.83871186  0.00202386]
 [-0.1244241   0.0301074  -0.08740113  0.05469925 -0.9863981 ]]",42
6,7,5,,1.1191569566726685,"[[ 0.90859467 -0.38159093 -0.04452844  0.08102174 -0.14246684]
 [ 0.3800814   0.8915486   0.23211117  0.08187068  0.01004299]
 [-0.04669729 -0.2273257   0.97072744 -0.05678009 -0.02462939]
 [-0.11208519 -0.05331522  0.03957961  0.9912622  -0.0206647 ]
 [-0.12349161  0.07078105 -0.01622622 -0.03013103 -0.9892264 ]]",42
7,8,5,,1.1833767890930176,"[[ 0.9961103  -0.08139424  0.03177777  0.00649483  0.00933684]
 [ 0.05871556  0.8915536   0.44522554  0.04460794 -0.03832703]
 [ 0.06516635  0.43677503 -0.86208737 -0.24533169 -0.03998297]
 [-0.00677648 -0.07389227  0.23992974 -0.9656939  -0.06605238]
 [-0.00491068  0.04769298 -0.00186043 -0.07221838  0.9962341 ]]",42
8,9,5,,1.8829418420791626,"[[ 0.7703671   0.61424774  0.09064671  0.04099589  0.13905655]
 [-0.34490973  0.5362499  -0.556622   -0.52909446  0.0608634 ]
 [-0.5104007   0.5772359   0.41733488  0.46365556 -0.13093884]
 [-0.07230533  0.00155145  0.7123572  -0.6855884   0.13147306]
 [ 0.14776628  0.04395634  0.01827033 -0.18267563 -0.97083926]]",42
9,10,5,,1.712650179862976,"[[-9.34736609e-01 -3.41470093e-01  5.54723889e-02  8.04520100e-02
  -1.07765310e-02]
 [ 8.26998129e-02 -3.65375221e-01 -9.16569293e-01  2.35721208e-02
  -1.37864277e-01]
 [-3.27099979e-01  8.62733006e-01 -3.68292928e-01  1.13312222e-01
  -1.47634670e-02]
 [ 1.11507535e-01 -6.05982319e-02  6.47145733e-02  9.89230037e-01
  -3.36157568e-02]
 [-2.49987177e-04  4.38028313e-02  1.30367473e-01 -3.94492075e-02
  -9.89711761e-01]]",42
10,11,5,,1.990450143814087,"[[-0.7620882   0.01729717 -0.43580666 -0.40074006 -0.2615386 ]
 [-0.42860803  0.37673858  0.51039475  0.5218331  -0.37623218]
 [ 0.21721235  0.92293936 -0.24557675 -0.17342235  0.10304621]
 [-0.03872866  0.05422937  0.6952695  -0.7137909   0.05159545]
 [ 0.432245   -0.05487267 -0.07656457 -0.16590616 -0.8813435 ]]",42
0,1,5,,1.2120766639709473,"[[ 0.31343806  0.86317295  0.39032865  0.01456097  0.06419193]
 [-0.7915127   0.4439921  -0.35099924 -0.21697964  0.07808962]
 [-0.4513586  -0.22424227  0.84502584 -0.1388595   0.1124283 ]
 [-0.23705201  0.0480986   0.02792839  0.96211743  0.12264971]
 [ 0.12387887 -0.07214847 -0.09795094 -0.08806759  0.9808661 ]]",43
1,2,5,,1.3937748670578003,"[[-0.9182529  -0.3652941   0.09196205  0.11877499  0.02841709]
 [ 0.11114711 -0.00775872  0.98502415  0.09463319 -0.09142341]
 [-0.36355555  0.8864398   0.08456282 -0.1956572   0.1913617 ]
 [-0.04208365 -0.19983527  0.07953712 -0.9605031  -0.17147128]
 [ 0.10254019 -0.20196642  0.08828088 -0.12684262  0.96167177]]",43
2,3,5,,1.3532193899154663,"[[ 0.8364886   0.53374875 -0.09556156  0.01445375 -0.07783414]
 [-0.4053221   0.7363193   0.54097515  0.00326836  0.02971643]
 [ 0.35974345 -0.4151571   0.8352848  -0.02064036 -0.01012084]
 [-0.00116899 -0.01827361  0.01644801  0.99931854  0.02750392]
 [ 0.08114225  0.01602654 -0.01557325 -0.02677082  0.99609226]]",43
3,4,5,,1.0808650255203247,"[[ 0.994352   -0.02850309  0.08180837 -0.01666379 -0.05900248]
 [ 0.07474169 -0.14938623 -0.98409474 -0.058229   -0.01625971]
 [ 0.03859236  0.98802614 -0.1449129  -0.03080682 -0.01913687]
 [ 0.03390748  0.02386539 -0.06214755  0.97741365  0.19768907]
 [ 0.05512351  0.01030405 -0.00169857 -0.20011294  0.9781652 ]]",43
4,5,5,,1.0609540939331055,"[[ 0.64895356  0.75715137  0.05729663  0.0451743  -0.01604635]
 [-0.73797274  0.64921415 -0.13313538 -0.12282816 -0.03324875]
 [ 0.15451244 -0.05289098 -0.27732292 -0.9393588   0.11843012]
 [-0.09946704  0.03281974  0.9469796  -0.28430235  0.10691585]
 [-0.02208583  0.03698942 -0.07289508  0.14017834  0.9864991 ]]",43
5,6,5,,1.1186206340789795,"[[ 0.92057294  0.2672511  -0.23388237  0.13684162  0.08772507]
 [-0.25946856  0.96029735  0.00913985 -0.09939844 -0.02326967]
 [ 0.24563053  0.03551168  0.92125976 -0.25147003  0.16262789]
 [ 0.08332333 -0.07166731 -0.28850254 -0.94950616  0.05590496]
 [-0.13395652 -0.00292323 -0.1151619   0.08121085  0.9809127 ]]",43
6,7,5,,1.1519185304641724,"[[-0.80606335 -0.57401586 -0.01591677 -0.01146522 -0.14276865]
 [-0.5656174   0.79069966  0.1444102   0.18369712 -0.01649793]
 [ 0.0767369  -0.1295201   0.9882046   0.01477839 -0.02386144]
 [ 0.0947627  -0.15277207 -0.04195958  0.9827998   0.00496401]
 [-0.12438001 -0.0720079   0.02415635 -0.00316607  0.9893185 ]]",43
7,8,5,,1.1934294700622559,"[[-0.9939743  -0.10904173  0.00880267 -0.00522823  0.00448229]
 [ 0.08102266 -0.6834278   0.7236417   0.03775537 -0.03576313]
 [ 0.0727448  -0.71870285 -0.6873045  -0.04817368 -0.05887421]
 [ 0.00385032  0.01448624  0.06145421 -0.9951587  -0.07521953]
 [ 0.01198799 -0.06551852 -0.01005426 -0.07671878  0.9947747 ]]",43
8,9,5,,1.8642438650131226,"[[ 0.7039009   0.6957001   0.12825505 -0.01183533  0.0627336 ]
 [ 0.07495418 -0.18682331  0.67475116  0.70991    -0.01475319]
 [-0.68084115  0.6860737   0.11693223  0.13750914 -0.18214364]
 [-0.12829821 -0.03547804  0.68948704 -0.64485955  0.30173615]
 [-0.13747843  0.09561708 -0.19797993  0.24725527  0.933609  ]]",43
9,10,5,,1.3632656335830688,"[[-0.5220399  -0.8440601   0.06223952  0.10454468  0.01528201]
 [ 0.30632725 -0.25338516 -0.9082057   0.00546284  0.13073714]
 [-0.7764675   0.4677684  -0.39660314  0.1405921  -0.03508248]
 [ 0.1607165   0.02795779  0.06122788  0.98275614  0.06188815]
 [-0.07004584  0.06139711  0.1012214  -0.0588631   0.98874325]]",43
10,11,5,,1.7650548219680786,"[[-0.35694814 -0.15869349 -0.5970919  -0.6982953  -0.05717778]
 [-0.87611127  0.3276017   0.14469105  0.26478285 -0.18455552]
 [ 0.25796005  0.93011093 -0.16703853 -0.20099136  0.00713175]
 [-0.05786077  0.01755258  0.7710983  -0.6338378   0.00099912]
 [-0.18741897  0.04559646 -0.00715092  0.01121854  0.9811311 ]]",43
0,1,5,,1.216810703277588,"[[ 0.31243464  0.87299776  0.3672222   0.01683322  0.07158163]
 [-0.79579794  0.43343794 -0.36159724 -0.20021853  0.08942668]
 [-0.46623397 -0.1993886   0.8519644  -0.06723561  0.1118308 ]
 [-0.20394525  0.06271777 -0.01879628  0.97675765 -0.00799724]
 [ 0.10061006 -0.07947979 -0.0905468   0.03244986  0.98707086]]",44
1,2,5,,1.4029614925384521,"[[ 0.9407567  -0.31528708 -0.03602098  0.11643888  0.02674609]
 [ 0.00109806 -0.08982196  0.99026823  0.07218231 -0.07803407]
 [ 0.32166764  0.9065659   0.10870544 -0.15564637  0.19653381]
 [ 0.05752125 -0.19529498  0.05370031 -0.9775784   0.00280364]
 [-0.09053651 -0.18034469  0.05805757  0.03669225  0.97701687]]",44
2,3,5,,1.3541879653930664,"[[-7.4520373e-01 -6.6330397e-01  3.3661585e-02 -1.6958570e-02
   5.7258133e-02]
 [-5.7370228e-01  6.7186886e-01  4.6515480e-01  2.3838839e-02
   5.0205313e-02]
 [ 3.3074906e-01 -3.2820919e-01  8.8454837e-01 -7.9559507e-03
  -1.9862533e-02]
 [ 3.7134790e-03 -2.9891444e-02 -3.4861956e-03  9.9954015e-01
   1.4531074e-04]
 [ 7.8283675e-02 -2.2736294e-03 -7.7347634e-03 -5.3073291e-04
   9.9689835e-01]]",44
3,4,5,,1.076953411102295,"[[ 0.9924009  -0.04994656 -0.10015307 -0.0397865  -0.03212832]
 [ 0.07238536 -0.38366193  0.92034376 -0.01724277 -0.01529272]
 [ 0.08338603  0.9220387   0.37726733 -0.00988727 -0.02151974]
 [ 0.04766946  0.00294979  0.01907883  0.9793301   0.19562064]
 [ 0.02598543  0.01203624  0.01555757 -0.19731818  0.9797976 ]]",44
4,5,5,,1.0615503787994385,"[[ 0.79651225  0.59775347  0.07499296  0.04816254 -0.01776217]
 [-0.56160784  0.7831565  -0.13719101 -0.22762848 -0.02502937]
 [-0.20618539  0.16404684  0.268013    0.9219086  -0.093967  ]
 [-0.08689259  0.02332002  0.94735676 -0.28810325  0.10685241]
 [-0.01010648  0.04360696 -0.07898607  0.11378356  0.98934865]]",44
5,6,5,,1.0781056880950928,"[[ 0.93501145  0.26172927 -0.21096921  0.08747354  0.07135675]
 [-0.2519328   0.9599212   0.01082029 -0.11071499 -0.05202138]
 [ 0.22585756  0.00764782  0.87581867 -0.41264123  0.10769731]
 [ 0.01064323 -0.09392231 -0.4292343  -0.8975036   0.03620201]
 [-0.10563423  0.0341927  -0.06383157  0.06561331  0.98959213]]",44
6,7,5,,1.1208579540252686,"[[ 9.13495779e-01 -3.76328558e-01 -3.42186317e-02  8.33380669e-02
  -1.25642359e-01]
 [ 3.67393792e-01  8.93829763e-01  2.38129616e-01  9.66329500e-02
  -6.81514200e-03]
 [-6.14628792e-02 -2.34271631e-01  9.70173776e-01  9.65016149e-03
  -2.99867732e-03]
 [-1.13777526e-01 -5.25419600e-02 -2.97718327e-02  9.91661131e-01
  -3.98269715e-03]
 [ 1.17576137e-01 -4.24408466e-02  1.15158182e-04  1.52290147e-02
   9.92039621e-01]]",44
7,8,5,,1.1896100044250488,"[[ 0.9899334   0.14058718 -0.00348981 -0.01274892  0.00961784]
 [ 0.09198812 -0.62577933  0.7741498   0.0148223  -0.02027026]
 [ 0.10370318 -0.75720644 -0.62251115 -0.16198587 -0.04609258]
 [-0.02811511  0.11685827  0.11463667 -0.98317575 -0.07600969]
 [-0.00503472 -0.04022552 -0.00427185 -0.08211999  0.99578846]]",44
8,9,5,,1.8391964435577393,"[[ 0.6970131   0.6878047   0.16602333 -0.00772139  0.11607772]
 [ 0.08213229 -0.22829121  0.6226338   0.74372286  0.01846507]
 [-0.6750571   0.6647073   0.22780347  0.09295608 -0.20476022]
 [-0.063401   -0.15229212  0.7148928  -0.6436505   0.21778372]
 [-0.21841519  0.09888908 -0.14763884  0.15456398  0.94701034]]",44
9,10,5,,1.288441777229309,"[[-0.8630325  -0.49645904  0.06491348  0.06491445 -0.01659867]
 [ 0.21245627 -0.48174238 -0.831209    0.0169184   0.1777413 ]
 [-0.43923247  0.7077999  -0.53899056  0.09065963 -0.08581401]
 [ 0.09081775 -0.02087355  0.06134235  0.9933855   0.02718189]
 [-0.09414913  0.14154926  0.10297627 -0.02158768  0.979811  ]]",44
10,11,5,,1.767676591873169,"[[-0.6653247  -0.0761071  -0.45647034 -0.5261125  -0.25766498]
 [-0.674102    0.38146025  0.4140499   0.4728508  -0.07105879]
 [ 0.22933172  0.9186793  -0.25898343 -0.18994163 -0.0168791 ]
 [ 0.02285504  0.06392398  0.7393843  -0.6695331  -0.0206793 ]
 [-0.22319092  0.02525241 -0.08022438 -0.1235529   0.9632481 ]]",44
0,1,5,,1.2259935140609741,"[[ 0.1965827   0.8998577   0.38256294 -0.03011667  0.06595556]
 [-0.852117    0.32561687 -0.35536262 -0.19109754  0.0711996 ]
 [-0.42069483 -0.28076315  0.8426372  -0.11579081  0.144024  ]
 [-0.20288518  0.05524187  0.03396289  0.9721337   0.09792053]
 [ 0.13078727 -0.04848041 -0.12716931 -0.06421195  0.97992307]]",45
1,2,5,,1.401544213294983,"[[-0.87386847 -0.47193843 -0.016437    0.10994142  0.03564844]
 [ 0.17213644 -0.32853562  0.9152482   0.1255315  -0.09484714]
 [-0.4378003   0.7584978   0.4008417  -0.21595229  0.16032001]
 [ 0.00291494 -0.24208556  0.02363038 -0.95163924 -0.18764456]
 [ 0.12265985 -0.18818638  0.02860252 -0.14107491  0.96375316]]",45
2,3,5,,1.3540101051330566,"[[-0.8756019   0.45259026 -0.14469     0.02739384 -0.08244902]
 [ 0.41534877  0.8779111   0.2362992   0.03013073  0.00350667]
 [-0.23712826 -0.14619826  0.95993817 -0.00325575  0.03007178]
 [ 0.0140945  -0.0412867   0.00209597  0.99787015 -0.04845286]
 [-0.06616896  0.03681877 -0.04173416  0.050857    0.9949562 ]]",45
3,4,5,,1.0751463174819946,"[[-0.9930501   0.04063448 -0.08954558  0.00402753  0.06454236]
 [ 0.08308415 -0.09904672 -0.9886283  -0.07212947 -0.02642243]
 [ 0.0480713   0.99391323 -0.09283834 -0.03224938 -0.01291131]
 [ 0.02679827  0.02592582 -0.07720394  0.96979254  0.22836761]
 [ 0.06260624  0.00172235 -0.0040271  -0.23074576  0.97098804]]",45
4,5,5,,1.0663999319076538,"[[-0.7631422   0.6385011  -0.09852577 -0.0106871  -0.01043304]
 [ 0.60875285  0.75515205  0.19912082 -0.12146951 -0.06900304]
 [-0.17985657 -0.12669982  0.6359345  -0.7262864   0.14033593]
 [ 0.11127205  0.00976952 -0.7390615  -0.65525156  0.10934623]
 [ 0.0480018   0.07689884  0.00436158  0.16817966  0.9815696 ]]",45
5,6,5,,1.0818437337875366,"[[-0.8713008  -0.42635822  0.21567711  0.08146252  0.07681678]
 [-0.41020006  0.90152854  0.06796452  0.11273109  0.04067801]
 [-0.236043    0.00663126 -0.82397443 -0.481333    0.18336955]
 [-0.00539153 -0.07352178 -0.4993393   0.8630877   0.01747672]
 [-0.12971304  0.00393444 -0.14349437 -0.06366918 -0.97903764]]",45
6,7,5,,1.1148250102996826,"[[-0.8191969  -0.54893243  0.10302916 -0.02088183 -0.12860227]
 [-0.5526421   0.81444883 -0.08182951 -0.15668261  0.00378136]
 [ 0.00950702 -0.15936328 -0.90594    -0.38981038 -0.04281997]
 [-0.11298852  0.05740904 -0.4017743   0.90690917  0.00555004]
 [ 0.10318123  0.0815709   0.02321809  0.02404045 -0.9907486 ]]",45
7,8,5,,1.191710352897644,"[[ 9.9607378e-01  8.1260748e-02  1.9764721e-02  2.3895813e-02
   1.6495315e-02]
 [-7.7411957e-02  8.0244356e-01  5.9098220e-01  2.2050038e-02
  -1.8589906e-02]
 [ 3.8098905e-02 -5.3707373e-01  7.4888343e-01 -3.8628796e-01
   7.4499026e-03]
 [-8.2537979e-03 -2.4608801e-01  2.9920387e-01  9.2171681e-01
   1.6960993e-02]
 [-1.8022126e-02  2.1762405e-02  6.3701482e-06 -1.2745796e-02
   9.9951947e-01]]",45
8,9,5,,1.8250467777252197,"[[ 5.0292498e-01 -8.5266477e-01 -1.3894898e-01 -1.2705738e-04
   2.6874831e-02]
 [ 3.6016703e-01  3.0600092e-01 -5.9514636e-01 -6.4031804e-01
  -1.1152011e-01]
 [ 7.5997305e-01  4.0870348e-01  2.1935233e-01  4.3956563e-01
  -1.1861230e-01]
 [ 1.8113723e-01 -6.7898356e-03  7.3641956e-01 -6.2054950e-01
   1.9936833e-01]
 [ 8.3524510e-02  1.1064076e-01 -1.8990719e-01  1.0813484e-01
   9.6593189e-01]]",45
9,10,5,,1.3578795194625854,"[[ 0.5024543   0.8384665  -0.18812287 -0.09056269 -0.03035955]
 [ 0.27616882 -0.34909686 -0.8793444   0.07613337  0.15106054]
 [-0.803641    0.40008107 -0.41341138  0.13048314 -0.07849468]
 [ 0.12990728  0.05291243  0.10705891  0.9842359   0.01194047]
 [-0.09249677  0.11063738  0.09482943 -0.01600241  0.984863  ]]",45
10,11,5,,1.7782548666000366,"[[-0.22546624 -0.2752246  -0.50758296 -0.77008003 -0.15084007]
 [-0.89534515  0.33483085  0.07963521  0.13827588 -0.2465429 ]
 [ 0.27313012  0.8995016  -0.22544841 -0.2555096   0.01359082]
 [-0.00696836  0.04733645  0.8229063  -0.56484133  0.03860235]
 [-0.2699508   0.02821173 -0.08953194 -0.0593773   0.956446  ]]",45
0,1,5,,1.2191442251205444,"[[ 0.34417146  0.87191516  0.3372297   0.04840909  0.07240606]
 [-0.78098416  0.45151874 -0.35905227 -0.21991754  0.09440497]
 [-0.46207502 -0.15749602  0.86561775 -0.05386875  0.097394  ]
 [-0.22171894  0.05228523 -0.04811836  0.97251654 -0.00180417]
 [ 0.0945363  -0.09141117 -0.0758156   0.02454923  0.98810744]]",46
1,2,5,,1.3861879110336304,"[[ 9.2993706e-01 -3.4469500e-01 -1.8171955e-02  1.2181196e-01
   3.5128295e-02]
 [ 1.2310270e-02  8.4330526e-04  9.9379027e-01  7.8981876e-02
  -7.7399395e-02]
 [ 3.5223752e-01  9.1175503e-01  1.8282225e-02 -1.4913292e-01
   1.4851448e-01]
 [ 6.0856212e-02 -1.8525423e-01  7.7238321e-02 -9.7775716e-01
   1.6347492e-03]
 [-8.5385665e-02 -1.2477267e-01  7.5834274e-02  2.5963893e-02
   9.8524928e-01]]",46
2,3,5,,1.3596547842025757,"[[-0.74186033 -0.6595106   0.10654656 -0.03478158  0.04612033]
 [-0.549117    0.6950533   0.45997888  0.0194505   0.0584166 ]
 [ 0.37813428 -0.28305313  0.8812217  -0.01432338 -0.01177411]
 [-0.01001323 -0.04049129  0.00747795  0.9990942  -0.00389262]
 [ 0.07090775 -0.0137152  -0.02144077  0.00420033  0.9971492 ]]",46
3,4,5,,1.100445032119751,"[[ 0.9838387  -0.07166057  0.1569171  -0.03190404 -0.03585227]
 [ 0.12366376 -0.31459913 -0.93821263 -0.07116009 -0.02068945]
 [ 0.11568493  0.9464562  -0.30043116 -0.01735973 -0.01665722]
 [ 0.04950022 -0.00675784 -0.06963716  0.97640777  0.19819844]
 [ 0.03058533  0.00819761 -0.00509385 -0.20061134  0.97914577]]",46
4,5,5,,1.0689747333526611,"[[ 0.8192182   0.56159675  0.08869256  0.07038255 -0.02589309]
 [-0.5239742   0.8102668  -0.10897083 -0.23770748 -0.02322291]
 [ 0.22025345 -0.15941173 -0.26348093 -0.9189121   0.11070098]
 [-0.07608929  0.0014648   0.94962794 -0.27522865  0.1290898 ]
 [-0.00560105  0.05159946 -0.09509731  0.13561437  0.9848205 ]]",46
5,6,5,,1.0785815715789795,"[[ 0.93516093  0.2666733  -0.20625207  0.08127255 -0.07220944]
 [-0.25398567  0.9624694   0.05080968 -0.06913079  0.04222947]
 [ 0.22541526 -0.01202925  0.8793582  -0.40807703 -0.09615403]
 [-0.00237025 -0.04316344 -0.42114207 -0.90593815 -0.00683578]
 [-0.10073536  0.02302827 -0.06516895  0.03694517 -0.9918216 ]]",46
6,7,5,,1.1039741039276123,"[[ 0.94475096 -0.277966   -0.03025762  0.12376732 -0.11809578]
 [ 0.2717416   0.925952    0.25391707  0.06551063 -0.00194671]
 [-0.03447863 -0.24867664  0.9643613  -0.0805787  -0.022036  ]
 [-0.14397994 -0.04536015  0.06489501  0.9860012  -0.02832824]
 [-0.10808834  0.0380801  -0.02016429 -0.04121519 -0.99235153]]",46
7,8,5,,1.1866899728775024,"[[ 0.9905989  -0.12273243 -0.05721659  0.01568867  0.01143406]
 [ 0.08718937  0.9023106  -0.4167314   0.05845657 -0.03392987]
 [ 0.10463183  0.40445068  0.8573009  -0.30004978 -0.02184269]
 [-0.01081859 -0.0769577  -0.29641122 -0.9493585  -0.06942144]
 [-0.00685644  0.03562778 -0.01538766 -0.07088927  0.9967054 ]]",46
8,9,5,,1.8670110702514648,"[[ 0.8008935   0.5728578   0.12482366  0.02712013  0.11868956]
 [-0.31778166  0.60312396 -0.5130133  -0.50973225 -0.11066478]
 [ 0.4605711  -0.5425224  -0.5274223  -0.4339495   0.16449095]
 [-0.07814887 -0.04919299  0.6475954  -0.7148848   0.24704815]
 [-0.19837211  0.10641875 -0.1538906   0.20016295  0.94105047]]",46
9,10,5,,1.5652998685836792,"[[ 0.9895345  -0.11965339  0.04869041  0.06375503 -0.00830723]
 [-0.0188019  -0.4927413  -0.8605301   0.00763048 -0.12760247]
 [ 0.11547221  0.84699196 -0.48879948  0.1731577   0.01903568]
 [-0.08435939 -0.13830024  0.08881536  0.9827659   0.0062932 ]
 [-0.00418916  0.07979293  0.10150949  0.0080453  -0.99158794]]",46
10,11,5,,1.9738608598709106,"[[ 0.84008044 -0.10170049  0.32116252  0.24668816  0.3462968 ]
 [-0.2553162   0.42048907  0.5849663   0.6027874  -0.22905117]
 [ 0.24095666  0.8970494  -0.29797485 -0.19795239  0.09627072]
 [-0.04330411  0.07594415  0.6809617  -0.72695357  0.0136701 ]
 [ 0.4112702  -0.048793   -0.04659601 -0.09025366 -0.90452147]]",46
0,1,5,,1.216800570487976,"[[ 0.32169598  0.8539026   0.40281737  0.01619456  0.06955459]
 [-0.76516986  0.4665555  -0.38343787 -0.20824152  0.08032409]
 [-0.50211525 -0.2078164   0.8260682  -0.09829313  0.11243838]
 [-0.2183829   0.06357494 -0.00659078  0.972896    0.04119563]
 [ 0.10590556 -0.07711558 -0.0910025  -0.01360215  0.98710215]]",47
1,2,5,,1.3969165086746216,"[[ 0.92468846 -0.36008388  0.00664403  0.12126139  0.02328568]
 [-0.04203586 -0.06759965  0.98954856  0.08240663 -0.08755564]
 [ 0.36276633  0.88880944  0.10752487 -0.17025784  0.1945997 ]
 [ 0.05108378 -0.20007645  0.06353706 -0.9739663  -0.06864795]
 [-0.09473711 -0.18909545  0.07176955 -0.03011181  0.97427416]]",47
2,3,5,,1.3465684652328491,"[[ 6.9029212e-01 -7.1955454e-01  4.4271190e-02 -1.9097704e-02
   5.8425315e-02]
 [ 6.1106294e-01  6.1989486e-01  4.8990017e-01  1.0639014e-02
   4.7085185e-02]
 [-3.7958255e-01 -3.1193817e-01  8.7058204e-01 -1.5157259e-02
  -2.1649390e-02]
 [-8.2564761e-04 -2.4928933e-02  8.6754495e-03  9.9939042e-01
   2.2835478e-02]
 [-7.7558555e-02  6.6905338e-03 -7.0274281e-03 -2.2609828e-02
   9.9668419e-01]]",47
3,4,5,,1.075866937637329,"[[-0.9795638   0.04455832 -0.19117698  0.02028177  0.03885148]
 [ 0.16518751 -0.32388037 -0.9307007  -0.02798963 -0.02876497]
 [ 0.10214742  0.9449678  -0.30947572 -0.01983055 -0.0208153 ]
 [ 0.03479996  0.01029355 -0.03282793  0.98008955  0.1924314 ]
 [ 0.03902318  0.0067777  -0.01986814 -0.194516    0.979898  ]]",47
4,5,5,,1.055941104888916,"[[ 0.7625942   0.6440237   0.04705455 -0.03664699 -0.01123993]
 [-0.6226411   0.7540294  -0.08981939  0.18711065 -0.02607349]
 [ 0.15095423 -0.11840297 -0.04117142  0.9746667   0.10734679]
 [-0.08802915  0.03648715  0.9892      0.04882757  0.10009348]
 [-0.01522733  0.03636572 -0.09750155 -0.10624184  0.98876274]]",47
5,6,5,,1.0898517370224,"[[ 0.91958195  0.29922074 -0.21960567  0.10687719  0.0720182 ]
 [-0.29490194  0.9501574   0.0015483  -0.09337734 -0.03888449]
 [ 0.22286223  0.05310595  0.9475091  -0.1937464   0.11045776]
 [-0.07686634  0.06814642  0.21996816  0.9677611  -0.06708412]
 [-0.10874701  0.01427056 -0.07490923  0.07588729  0.9882308 ]]",47
6,7,5,,1.1282271146774292,"[[ 0.88058865 -0.45212463 -0.03585345  0.05398445 -0.12628226]
 [ 0.43871695  0.85607606  0.23389742  0.14074747 -0.01197119]
 [-0.07678397 -0.2253976   0.971209   -0.00419826 -0.00597959]
 [-0.11175613 -0.09779153 -0.02725059  0.98853594  0.0011512 ]
 [ 0.11707206 -0.04847476  0.00414474  0.00739899  0.9919034 ]]",47
7,8,5,,1.1872061491012573,"[[ 9.82672453e-01  1.84874564e-01 -1.14237787e-02  6.74916198e-03
  -5.22788614e-04]
 [ 1.21669032e-01 -5.99409759e-01  7.89780498e-01  3.91345955e-02
  -2.48963218e-02]
 [ 1.38925105e-01 -7.69766212e-01 -5.99408329e-01 -1.60629734e-01
  -5.53857386e-02]
 [-1.18999835e-02  1.06972434e-01  1.29625037e-01 -9.83397901e-01
  -6.73883557e-02]
 [ 1.04786297e-02 -5.04598618e-02 -4.82671522e-03 -7.44954124e-02
   9.95877087e-01]]",47
8,9,5,,1.7925883531570435,"[[ 0.71070117  0.68148905  0.14596012 -0.03939244  0.08729518]
 [ 0.05186284 -0.17745043  0.7464924   0.63918656  0.00335141]
 [-0.6750151   0.69285685  0.1721979   0.04695846 -0.18013032]
 [-0.08576306 -0.1166678   0.60735023 -0.7361122   0.26133853]
 [-0.17091945  0.10208895 -0.15138802  0.21406193  0.94425815]]",47
9,10,5,,1.316460371017456,"[[-0.76973206 -0.6292827   0.06515879  0.08510553 -0.00521707]
 [ 0.2734814  -0.42642462 -0.84917855 -0.02034627  0.14782368]
 [-0.54464656  0.638403   -0.50982326  0.18141189 -0.05451402]
 [ 0.17095882 -0.06939796  0.07412387  0.9790399   0.04408754]
 [-0.08278746  0.09894878  0.09610446 -0.03023006  0.98651177]]",47
10,11,5,,1.7648093700408936,"[[-0.6303518  -0.08626665 -0.5131776  -0.553908   -0.15827008]
 [-0.72216666  0.36041072  0.3770705   0.4439373  -0.09652444]
 [ 0.23020914  0.9259916  -0.23908792 -0.17873366 -0.02084016]
 [-0.00320908  0.05844894  0.73207253 -0.6784598  -0.01831189]
 [-0.16770637  0.04225208 -0.03705799 -0.06206508  0.98227483]]",47
0,1,5,,1.2143385410308838,"[[ 0.36548975  0.8408787   0.39322415  0.01436735  0.06714596]
 [-0.7602924   0.4913869  -0.35206658 -0.21871409  0.09331464]
 [-0.47203058 -0.19666696  0.8446771  -0.1137621   0.10994551]
 [-0.21918291  0.06560238  0.00408149  0.9631244   0.1415273 ]
 [ 0.13235831 -0.09208868 -0.08903818 -0.10680529  0.97707   ]]",48
1,2,5,,1.3949350118637085,"[[-0.92170733 -0.3610348   0.00654545  0.1406028   0.01724645]
 [ 0.05852884 -0.10517537  0.98575485  0.07845001 -0.08743931]
 [-0.36729228  0.87788904  0.14758195 -0.18450058  0.19643392]
 [-0.06827853 -0.20722279  0.04609825 -0.9644174  -0.14202434]
 [ 0.08639644 -0.21204136  0.06587258 -0.09967539  0.96607447]]",48
2,3,5,,1.353295922279358,"[[-7.02265799e-01 -6.95037961e-01 -1.37035832e-01  8.96729715e-03
  -6.98984116e-02]
 [ 5.69240868e-01 -6.71621203e-01  4.73175406e-01  3.04218556e-04
   3.15391906e-02]
 [-4.21058446e-01  2.55358994e-01  8.70093763e-01 -1.31128673e-02
  -1.63214616e-02]
 [-2.25250935e-03  8.88185855e-03  1.20885195e-02  9.99132156e-01
   3.87941152e-02]
 [-7.41096362e-02 -2.36671027e-02 -1.08113606e-02 -3.85048687e-02
   9.96166706e-01]]",48
3,4,5,,1.0816876888275146,"[[-0.98811644  0.0371901  -0.1390001  -0.0019563   0.05401725]
 [-0.12110937  0.28976014  0.9446471   0.09296082  0.01928134]
 [ 0.07481992  0.95632344 -0.27977479 -0.03809173 -0.01107418]
 [ 0.02327149  0.01002189 -0.10005479  0.9750277   0.19664177]
 [ 0.05309196  0.00104614  0.00599857 -0.19805159  0.9787338 ]]",48
4,5,5,,1.067729115486145,"[[ 0.47875026  0.875752   -0.05734225  0.01851112 -0.01502648]
 [-0.85067016  0.47843355  0.16947167 -0.13346416 -0.03046859]
 [ 0.19768672 -0.05470201  0.5203163  -0.82122517  0.11308309]
 [-0.08437752  0.00493682 -0.8334822  -0.5314629   0.12534155]
 [-0.03096639  0.03380874  0.05069007  0.15805379  0.98506224]]",48
5,6,5,,1.1119176149368286,"[[ 0.95779574  0.09249388 -0.22365467  0.11699496  0.10179879]
 [-0.09828696  0.9920084  -0.03914516 -0.06717747  0.01462229]
 [-0.2346482  -0.02951363 -0.8789916   0.38852772 -0.1431403 ]
 [ 0.021454   -0.07579774 -0.4078419  -0.9095028   0.01624555]
 [-0.13208699 -0.0273462  -0.09739107  0.06041564  0.98421043]]",48
6,7,5,,1.1440507173538208,"[[ 0.8491214  -0.5000861  -0.04765999 -0.00820458 -0.16299674]
 [ 0.49536476  0.835217    0.12185629 -0.20524374 -0.0072356 ]
 [-0.02959566 -0.13725571  0.9889937  -0.04208757 -0.02012766]
 [-0.11320806 -0.16330546 -0.06804933 -0.9774967  -0.01961647]
 [ 0.14111935 -0.08257478  0.01184802 -0.02316422  0.9861996 ]]",48
7,8,5,,1.194115400314331,"[[ 9.9620873e-01  8.5420504e-02  6.3247312e-06  1.3760737e-02
  -9.0667577e-03]
 [ 5.6343295e-02 -6.6622657e-01  7.4187344e-01  2.8557140e-02
  -4.2141113e-02]
 [ 6.1678790e-02 -7.3513812e-01 -6.7007822e-01  6.8620481e-02
  -4.5321733e-02]
 [-1.8115968e-02  6.2210336e-02  2.4824349e-02  9.9238366e-01
   1.0178425e-01]
 [ 1.6161770e-02 -6.7433745e-02 -1.6441874e-03 -9.7267441e-02
   9.9283826e-01]]",48
8,9,5,,1.8881800174713135,"[[ 0.7520987   0.6392908   0.12090149 -0.03562329  0.0988366 ]
 [ 0.01154587 -0.19784439  0.803536   -0.56125784  0.00661666]
 [-0.62867385  0.7394449   0.11591081 -0.10976774 -0.18029457]
 [-0.1055905   0.01624828  0.5423124   0.7722065   0.31333846]
 [-0.16683576  0.0715683  -0.1793731  -0.2745336   0.92709243]]",48
9,10,5,,1.353054404258728,"[[-0.7973159  -0.59026676  0.05719194  0.1110824   0.01619403]
 [ 0.12075697 -0.24224833 -0.9522693   0.05058287  0.13174999]
 [-0.5193585   0.7400907  -0.24589483  0.34193704 -0.07174491]
 [-0.27685818  0.18361937 -0.13956578 -0.93089014 -0.05998571]
 [-0.05763166  0.10700739  0.0998467  -0.04030592  0.986729  ]]",48
10,11,5,,1.777348279953003,"[[-0.6517481   0.09163471 -0.43147755 -0.5901715  -0.17986724]
 [-0.67098963  0.29660037  0.43967408  0.5032328  -0.12346926]
 [ 0.283037    0.94922525 -0.0714754  -0.1166387   0.01217571]
 [ 0.033353   -0.02730599  0.78356886 -0.6195362   0.01834873]
 [-0.20922479  0.04309547 -0.03774836 -0.03200991  0.97566295]]",48
0,1,5,,1.2248481512069702,"[[ 0.3280663   0.8445605   0.4174393  -0.00298345  0.06946594]
 [-0.7702739   0.47226477 -0.36482966 -0.21035379  0.07933881]
 [-0.48606673 -0.22982089  0.82500887 -0.11910219  0.12687224]
 [-0.21033692  0.06740577  0.00997216  0.962812    0.15526947]
 [ 0.13619158 -0.07951269 -0.10910866 -0.12062436  0.9739993 ]]",49
1,2,5,,1.3935186862945557,"[[-0.871905   -0.46841457  0.02373081  0.13934264  0.01974506]
 [ 0.14168385 -0.18702802  0.96120316  0.10787879 -0.09693707]
 [-0.45541438  0.8089058   0.26401842 -0.1994387   0.1696692 ]
 [-0.03146532 -0.2304798   0.04846372 -0.9540611  -0.18250409]
 [ 0.1063719  -0.19534273  0.05891358 -0.13761349  0.96338874]]",49
2,3,5,,1.3510582447052002,"[[-7.3812389e-01 -6.4505076e-01 -1.8167277e-01  2.3769321e-02
  -7.4247055e-02]
 [ 5.6472135e-01 -7.4666405e-01  3.5106069e-01  8.2853483e-03
   1.6441004e-02]
 [-3.6347181e-01  1.5669656e-01  9.1823322e-01 -1.3463351e-02
   9.6977554e-04]
 [ 6.3862819e-03  2.2739504e-02  1.3271325e-02  9.9928457e-01
   2.6389113e-02]
 [-6.4112201e-02 -3.6487699e-02 -2.0567896e-02 -2.4809115e-02
   9.9675465e-01]]",49
3,4,5,,1.0825318098068237,"[[-0.97721153  0.06448597 -0.19183747 -0.02416851  0.05927476]
 [-0.17912608  0.16278985  0.96190196  0.12276402  0.03296767]
 [ 0.09378266  0.98439115 -0.14426205 -0.0363948  -0.00655232]
 [ 0.0153469   0.01659086 -0.13075285  0.96929854  0.20701033]
 [ 0.06277586 -0.00632568  0.00592383 -0.20852017  0.9759628 ]]",49
4,5,5,,1.0656702518463135,"[[ 0.55185086  0.83133554 -0.06498609 -0.00238829 -0.01062364]
 [-0.81291     0.5501725   0.14748982 -0.10980617 -0.05173913]
 [ 0.15512332 -0.06329792  0.51749146 -0.82966536  0.12565057]
 [-0.09272043 -0.00386046 -0.8387938  -0.52060914  0.12953426]
 [-0.04447069  0.04658159  0.05148847  0.16899237  0.9821625 ]]",49
5,6,5,,1.097174882888794,"[[ 0.9376884   0.22784    -0.22693837  0.09339517 -0.0927676 ]
 [-0.23285684  0.9704016  -0.01143351 -0.06274478 -0.00556467]
 [-0.22504593 -0.04213268 -0.9004146   0.3334385   0.16016063]
 [ 0.02170429 -0.0593945  -0.35043514 -0.934397   -0.00993374]
 [-0.12410282 -0.03327116 -0.12172491  0.05533054 -0.9826561 ]]",49
6,7,5,,1.127016544342041,"[[-0.82771975 -0.5344319  -0.08552744 -0.02612291 -0.14582586]
 [-0.53150207  0.81760293  0.10999855 -0.19193104 -0.00968579]
 [ 0.00719007 -0.15480052  0.9807029  -0.11587813 -0.02791668]
 [ 0.12974118 -0.12612344 -0.13648039 -0.97377855 -0.01970985]
 [ 0.12450337  0.07770244 -0.01343342  0.02841826 -0.98867244]]",49
7,8,5,,1.1910173892974854,"[[-0.99510044  0.09640303  0.00464577 -0.01018864  0.01887218]
 [ 0.07458046  0.750574    0.65400714  0.04188446 -0.03996103]
 [ 0.05700412  0.6424771  -0.7533125   0.12644991 -0.02245782]
 [-0.01960875 -0.11068157  0.06884851  0.9900621   0.04900988]
 [ 0.02405972  0.04814462  0.00576914 -0.04392388  0.99756736]]",49
8,9,5,,1.8478083610534668,"[[ 0.69947517  0.6989033  -0.14515007  0.01339199  0.03194726]
 [-0.1689255   0.33907583  0.7503847  -0.5348392  -0.08580027]
 [-0.6740381   0.62287706 -0.25363764  0.27371234 -0.13581672]
 [-0.13568813  0.0220393  -0.5606755  -0.77232635  0.26506203]
 [-0.09726199  0.09000052  0.19278309  0.20581804  0.95021766]]",49
9,10,5,,1.3482673168182373,"[[-0.6131858  -0.7725958   0.10982387  0.1190136   0.02955342]
 [ 0.21722826 -0.29050678 -0.9223772   0.05441052  0.12115034]
 [ 0.6958293  -0.55148494  0.3281037  -0.31498432  0.06941751]
 [ 0.29752082 -0.06906301  0.15035865  0.9399737   0.02352213]
 [-0.06417149  0.09897597  0.0830613  -0.01046392  0.98948324]]",49
10,11,5,,1.766682505607605,"[[-0.47312665 -0.05136364 -0.5039704  -0.70846415 -0.13268523]
 [-0.80738294  0.35050198  0.26201427  0.35870603 -0.16721134]
 [ 0.28775227  0.9338435  -0.12763178 -0.16979532  0.00382599]
 [ 0.0016873   0.00432582  0.8120018  -0.58321524  0.02217054]
 [-0.20366573  0.04927233 -0.04154006 -0.02093103  0.9766928 ]]",49
0,1,5,,1.1995471715927124,"[[ 0.3296452   0.86920655  0.3617664   0.02798422  0.06446687]
 [-0.79232186  0.4441986  -0.34304658 -0.22379689  0.08454386]
 [-0.4349159  -0.19722185  0.8621343  -0.13419439  0.10328657]
 [-0.24743631  0.04581255  0.02473681  0.96325284  0.09060142]
 [ 0.11481974 -0.07856423 -0.08692937 -0.05716423  0.9847942 ]]",50
1,2,5,,1.3847395181655884,"[[-0.91343164 -0.381557    0.06582489  0.1209175   0.03321007]
 [ 0.0901619  -0.02188475  0.9870384   0.09843644 -0.08635604]
 [-0.38230103  0.8820104   0.08905882 -0.19938791  0.16797774]
 [-0.04093558 -0.20753501  0.07872993 -0.9571682  -0.1813397 ]
 [ 0.09840533 -0.18144467  0.08539572 -0.1405798   0.96454096]]",50
2,3,5,,1.3463139533996582,"[[ 0.90145147  0.4066949  -0.12845063  0.01833595 -0.07175469]
 [-0.28922352  0.80881023  0.5101709   0.014468    0.04113379]
 [ 0.31252167 -0.42380962  0.84986794 -0.02081708 -0.00259059]
 [-0.00603699 -0.02798203  0.01274277  0.99950725 -0.00184149]
 [ 0.07764515 -0.00525461 -0.02807339  0.00251586  0.99656874]]",50
3,4,5,,1.0841411352157593,"[[ 9.9709916e-01 -3.4679163e-02  9.5848006e-04 -2.5529874e-02
  -6.2753052e-02]
 [-5.2621099e-03 -1.5039621e-01 -9.8812932e-01 -3.0729353e-02
  -3.0882440e-03]
 [ 3.2607906e-02  9.8770237e-01 -1.4971381e-01 -2.3377841e-02
  -2.0493777e-02]
 [ 3.8261153e-02  2.0787140e-02 -3.4421060e-02  9.7867519e-01
   1.9777271e-01]
 [ 5.6906976e-02  1.3793145e-02  7.6473836e-04 -2.0013057e-01
   9.7801763e-01]]",50
4,5,5,,1.0662158727645874,"[[ 0.76825464  0.633403    0.064565    0.06478278 -0.01483497]
 [-0.60378927  0.7638502  -0.15784512 -0.15976813 -0.03912153]
 [ 0.18465163 -0.09823679 -0.26999956 -0.9314614   0.12543212]
 [-0.10263243  0.0600077   0.9444821  -0.28551236  0.11091446]
 [-0.02436766  0.04563054 -0.0772669   0.145395    0.9849944 ]]",50
5,6,5,,1.1159451007843018,"[[ 0.90411574  0.33747676 -0.20684594  0.1336181  -0.08969519]
 [-0.31823334  0.9383335   0.04368884 -0.12072627  0.04211983]
 [ 0.24171339 -0.00108672  0.8760751  -0.384808   -0.16121031]
 [ 0.06016966 -0.07396529 -0.4206319  -0.90112513 -0.04417062]
 [-0.13876824  0.01294139 -0.10424653  0.08641559 -0.98093885]]",50
6,7,5,,1.1450636386871338,"[[-8.4607959e-01 -5.1024199e-01 -4.1404642e-02  1.5911991e-02
  -1.4776653e-01]
 [-5.0636446e-01  8.2613742e-01  2.0383616e-01  1.3972075e-01
   4.5891912e-03]
 [ 7.1841314e-02 -1.9252849e-01  9.7799540e-01 -2.7269030e-02
  -2.3515686e-02]
 [ 8.7024465e-02 -1.1376347e-01 -1.1584217e-03  9.8968744e-01
   1.4423601e-03]
 [ 1.2251518e-01  8.4503606e-02 -1.6127991e-02  3.6279528e-04
  -9.8873097e-01]]",50
7,8,5,,1.1874653100967407,"[[-9.94947255e-01 -9.94816273e-02  3.80827789e-03 -1.29894735e-02
  -1.18679396e-04]
 [ 7.67916664e-02 -7.49405265e-01  6.54667795e-01  4.97357361e-02
  -3.78320627e-02]
 [ 6.42763749e-02 -6.44168437e-01 -7.32449412e-01 -2.04153746e-01
  -5.24864085e-02]
 [ 3.37944063e-03  1.00874126e-01  1.86765149e-01 -9.76264894e-01
  -4.28790934e-02]
 [ 6.32479042e-03 -5.80231063e-02 -5.68456436e-03 -5.08499481e-02
   9.96983111e-01]]",50
8,9,5,,1.8749488592147827,"[[ 0.74514884  0.66076714  0.06603657 -0.00630447  0.06115099]
 [ 0.1687631  -0.27178878  0.7898431  -0.5225879  -0.02645413]
 [-0.61906147  0.69296473  0.1963437  -0.2543193  -0.1825745 ]
 [-0.13294132  0.07434202  0.5657003   0.75903136  0.28399712]
 [-0.12394223  0.06156882 -0.11497611 -0.2933516   0.93892115]]",50
9,10,5,,1.4325007200241089,"[[-0.7301864  -0.6720751   0.04868207  0.10855868  0.03143106]
 [ 0.15579173 -0.23587534 -0.9556845  -0.00752906  0.08186673]
 [-0.6181622   0.69450617 -0.26852012  0.24329147  0.06513767]
 [-0.24338344  0.10166271 -0.062887   -0.96024483 -0.06636439]
 [ 0.03459381  0.00195869  0.09077049 -0.08305044  0.99179775]]",50
10,11,5,,1.7926528453826904,"[[-0.57887274 -0.06596562 -0.6028948   0.5412183  -0.06446369]
 [-0.7272219   0.34899834  0.36573488 -0.36243436 -0.29022035]
 [ 0.25010267  0.931861   -0.21343812  0.14808351  0.03998868]
 [-0.01969807  0.04121513  0.6734462   0.73733705  0.02679122]
 [-0.27039847  0.06152228  0.06058438 -0.10064546  0.9535721 ]]",50
0,1,5,,1.2110023498535156,"[[ 0.4335107   0.8414429   0.30656463  0.0691771   0.07262874]
 [ 0.7599235  -0.51202023  0.30530456  0.23263562 -0.11411121]
 [-0.4058272  -0.11986478  0.89867663 -0.07419065  0.08838985]
 [-0.23609076  0.04457991 -0.03173203  0.9641198   0.10834996]
 [ 0.11895474 -0.11599185 -0.06465787 -0.07787044  0.9808931 ]]",51
1,2,5,,1.3818470239639282,"[[ 0.942079   -0.29786566  0.06507711  0.13634524  0.030631  ]
 [-0.01879633  0.18189006  0.9778545   0.07578199 -0.06797367]
 [ 0.31607744  0.9098968  -0.13927002 -0.16547583  0.15938793]
 [ 0.08169702 -0.17337455  0.10278021 -0.97178006 -0.09135936]
 [-0.07452918 -0.14220127  0.09800852 -0.06267581  0.98014814]]",51
2,3,5,,1.3645436763763428,"[[-0.9032799  -0.4023953   0.13694288 -0.01788935  0.05558896]
 [-0.24941202  0.76594317  0.59105635  0.01339861  0.03996899]
 [ 0.34214726 -0.5000257   0.7947054  -0.02598107 -0.02603557]
 [-0.00264798 -0.03085959  0.01498851  0.99924153  0.0182327 ]
 [ 0.06933523 -0.02076026 -0.01085006 -0.01848913  0.99714696]]",51
3,4,5,,1.1057608127593994,"[[ 0.98970807 -0.08656342 -0.090267   -0.05417556 -0.04360833]
 [-0.11088968 -0.20882814 -0.9681159  -0.08262082  0.00443582]
 [ 0.06410772  0.97405    -0.21618828 -0.01543586 -0.01188449]
 [ 0.05335555 -0.00514601 -0.08748139  0.9766109   0.1889572 ]
 [ 0.03499865  0.00988843  0.01459722 -0.19034612  0.9809345 ]]",51
4,5,5,,1.0767736434936523,"[[ 0.6526927   0.7504769  -0.0526569   0.08477886 -0.02857333]
 [-0.72057426  0.6549703   0.16832884 -0.15203008 -0.01841121]
 [ 0.2254833  -0.06385224  0.45521948 -0.8525207   0.10518485]
 [-0.06196234  0.05128183 -0.8684081  -0.46524152  0.15148763]
 [-0.00910958  0.03303627  0.08680548  0.1626597   0.9822587 ]]",51
5,6,5,,1.1209421157836914,"[[ 0.96109235  0.10476527 -0.21844165  0.07900434  0.10661758]
 [-0.09601936  0.99100876  0.01089918 -0.09061535 -0.01875828]
 [-0.22190389  0.03138039 -0.8304906   0.4996034  -0.10225336]
 [-0.03467607 -0.07649361 -0.5074124  -0.8574422  -0.01648397]
 [-0.12898844  0.00947458 -0.07058713  0.02713526  0.98871297]]",51
6,7,5,,1.1476060152053833,"[[ 0.91142684 -0.36781752 -0.04675543  0.06113527 -0.16759413]
 [ 0.36393464  0.88913375  0.24047238  0.13799784  0.01106205]
 [-0.0373197  -0.22749682  0.9658093  -0.11751384 -0.01597878]
 [-0.12110239 -0.12467758  0.0843279   0.9798322  -0.05106278]
 [ 0.14420183 -0.0827774   0.0093895   0.05777939  0.98434097]]",51
7,8,5,,1.1957446336746216,"[[ 0.9960818  -0.07830106  0.03301124  0.02229638  0.01014791]
 [ 0.05057832  0.8631962   0.49688423  0.05729885 -0.04644538]
 [ 0.07188819  0.4895646  -0.83654964 -0.22875711 -0.05489459]
 [ 0.009312   -0.07371636  0.22847292 -0.964904   -0.10601683]
 [-0.00284914  0.06044649  0.00105166 -0.11335839  0.9917092 ]]",51
8,9,5,,1.8398114442825317,"[[ 0.8535398   0.49264193  0.07057053 -0.05792259 -0.14296319]
 [-0.20092791  0.48148462 -0.72988594  0.43491018 -0.07694266]
 [-0.45847008  0.7200701   0.39838174 -0.3274268   0.07340149]
 [-0.03897009  0.05636081  0.5506161   0.82576174 -0.10121356]
 [ 0.13922742  0.06163455 -0.02000694  0.13567331  0.97877955]]",51
9,10,5,,1.6918188333511353,"[[ 0.9744944  -0.19216086  0.04619033  0.10205454 -0.02976675]
 [ 0.02025642 -0.13453977 -0.9774912   0.04113931  0.15590802]
 [ 0.15426841  0.92244077 -0.13931574  0.2771047  -0.17061184]
 [ 0.14418215  0.22462152 -0.08834431 -0.9511124  -0.12781726]
 [-0.07323227 -0.20885748 -0.12314177  0.08056498 -0.9640337 ]]",51
10,11,5,,1.9841803312301636,"[[ 0.63267595 -0.21497291  0.28692997  0.29314962  0.62067896]
 [-0.38928157  0.16221288  0.6516644   0.61500627 -0.13873596]
 [ 0.21062098  0.96296287 -0.03640501 -0.04653604  0.15764   ]
 [ 0.06123388 -0.01245202  0.6987506  -0.7105711  -0.05414535]
 [-0.6325111   0.0045897  -0.05854076 -0.16956913  0.7534772 ]]",51
0,1,5,,1.2268918752670288,"[[ 0.2551321   0.896109    0.35737365  0.00345136  0.06456295]
 [-0.8227154   0.37509382 -0.36317965 -0.21469074  0.06672558]
 [-0.435393   -0.22484823  0.8528819  -0.1276012   0.12722617]
 [-0.22969894  0.04466308  0.01989441  0.96381265  0.12614676]
 [ 0.12537241 -0.06116966 -0.11216569 -0.09316159  0.97942823]]",52
1,2,5,,1.3886595964431763,"[[-0.8991096  -0.39720443  0.14097244  0.1120322   0.03749826]
 [ 0.13533455  0.0647774   0.97742176  0.11674558 -0.09222593]
 [-0.40037915  0.8765632   0.03759314 -0.20755579  0.16383162]
 [-0.01951789 -0.20323831  0.11176313 -0.95310676 -0.19341618]
 [ 0.11225896 -0.16841502  0.10425566 -0.14942364  0.96220464]]",52
2,3,5,,1.360475778579712,"[[ 0.8684751   0.4652671  -0.1494097   0.03167601 -0.07714187]
 [-0.32465446  0.7797075   0.5350009   0.01245793  0.01656925]
 [ 0.36811227 -0.4166697   0.8307764  -0.02300723  0.01268852]
 [-0.01510543 -0.03410695  0.01724025  0.99915475  0.00111257]
 [ 0.06793842  0.02838808 -0.03105014  0.00142197  0.9968011 ]]",52
3,4,5,,1.0876193046569824,"[[ 9.91213322e-01 -6.86964467e-02  9.12228599e-02 -6.75759790e-03
  -6.64050803e-02]
 [ 8.77324492e-02 -1.33375684e-02 -9.88355875e-01 -1.21629804e-01
  -2.19999496e-02]
 [ 6.86507970e-02  9.97262418e-01 -4.02874546e-03 -2.53109448e-02
  -9.89835989e-03]
 [ 3.35523821e-02  2.38890536e-02 -1.21296026e-01  9.69084442e-01
   2.10869864e-01]
 [ 6.29320219e-02 -2.19860412e-05  1.01047251e-02 -2.13061407e-01
   9.74957526e-01]]",52
4,5,5,,1.060411810874939,"[[ 0.69472295  0.711429   -0.10045013  0.01970642 -0.02739052]
 [-0.6958636   0.69868934  0.1318845  -0.08821315 -0.04931455]
 [ 0.15211396 -0.04460155  0.5411347  -0.8158477   0.12820944]
 [-0.09733128 -0.00125907 -0.8234787  -0.5443206   0.12697586]
 [-0.02284303  0.06091878  0.03965085  0.17302486  0.9819661 ]]",52
5,6,5,,1.0958788394927979,"[[ 0.8988273   0.3569223  -0.22282146  0.08963747 -0.08385503]
 [-0.34560612  0.9330287   0.05999373 -0.075486    0.02676417]
 [-0.23580113 -0.00565588 -0.87693673  0.37720117  0.1818436 ]
 [ 0.01263474 -0.04456595 -0.39482227 -0.91748035  0.01412036]
 [-0.1300158  -0.00675574 -0.14781296  0.04707504 -0.9792781 ]]",52
6,7,5,,1.1125085353851318,"[[-0.8351803  -0.52712625 -0.06951047 -0.0377241  -0.13548814]
 [-0.5243564   0.8298004   0.10296849 -0.16081502 -0.00419377]
 [ 0.02234177 -0.13939542  0.97459996 -0.16681923 -0.04895061]
 [ 0.11981788 -0.08992976 -0.18308751 -0.9713101  -0.02433359]
 [ 0.11255556  0.07778652 -0.03463806  0.03799498 -0.98926085]]",52
7,8,5,,1.181266188621521,"[[ 0.997806    0.06409685 -0.01198491 -0.00295896  0.01105785]
 [-0.05091843  0.8872184   0.45358083  0.05194537 -0.04262477]
 [-0.03852297  0.44256288 -0.8862938   0.1300483  -0.01499155]
 [ 0.01008998 -0.10242247  0.09274246  0.989172    0.04842886]
 [-0.01430243  0.04881377  0.00169177 -0.04380684  0.9977428 ]]",52
8,9,5,,1.8904705047607422,"[[-0.690847   -0.7030501  -0.12935816 -0.05148485 -0.09521955]
 [-0.39934006  0.5118399  -0.4860081  -0.5779888   0.09095343]
 [-0.5800183   0.49198088  0.31641087  0.54678583 -0.14980951]
 [-0.12688953  0.00162891  0.8040738  -0.5676224   0.12315235]
 [ 0.10361324  0.04114118  0.02030117 -0.2052029  -0.9721375 ]]",52
9,10,5,,1.3486998081207275,"[[-0.6139904  -0.7732275   0.11720914  0.10227592  0.03060396]
 [ 0.28085244 -0.34690487 -0.8838582   0.03579983  0.13524748]
 [-0.72801113  0.5164489  -0.44180283  0.06029519 -0.06674657]
 [ 0.09672031  0.06186679  0.04750485  0.9922344   0.00564513]
 [-0.06915727  0.10596787  0.08723617 -0.00966396  0.98807114]]",52
10,11,5,,1.7427054643630981,"[[-3.4127551e-01 -2.3839022e-01 -5.4460776e-01 -7.2118622e-01
  -9.9969916e-02]
 [-8.5300875e-01  3.9126801e-01  6.4018436e-02  2.5674570e-01
  -2.2196539e-01]
 [ 2.9938543e-01  8.8637501e-01 -2.2624780e-01 -2.6877427e-01
   3.5776556e-02]
 [-8.9011990e-02  5.8111347e-02  8.0436128e-01 -5.8455342e-01
   3.4920423e-04]
 [-2.4156216e-01  3.2276690e-02 -3.3449382e-02 -5.4560727e-03
   9.6925598e-01]]",52
0,1,5,,1.2188867330551147,"[[ 0.25449854  0.849294    0.45607245 -0.01424565  0.07566449]
 [-0.79063493  0.43191326 -0.38108858 -0.19489577  0.07165439]
 [-0.5083184  -0.28827983  0.7966346  -0.0876761   0.12725297]
 [-0.2002118   0.07299564  0.00267293  0.9767811   0.02186857]
 [ 0.10795575 -0.06096682 -0.11016143  0.00490729  0.98613846]]",53
1,2,5,,1.4012577533721924,"[[-0.8689717  -0.47364107 -0.07291618  0.12097538  0.02450449]
 [ 0.1252171  -0.3497609   0.917158    0.10326739 -0.10072276]
 [-0.46569523  0.7587845   0.38993225 -0.171837    0.16062054]
 [-0.0150044  -0.22660878  0.01868038 -0.97195256 -0.05816014]
 [ 0.11005292 -0.16194443  0.03329219 -0.02193369  0.9798331 ]]",53
2,3,5,,1.3411275148391724,"[[-7.0420104e-01 -6.9916785e-01 -9.8531067e-02  3.2178871e-02
  -6.7240916e-02]
 [ 6.6084605e-01 -7.0422202e-01  2.5587690e-01  2.2222005e-02
   3.7242126e-02]
 [-2.5017437e-01  1.1496880e-01  9.6124160e-01 -6.6537773e-03
   1.2853224e-02]
 [ 6.4591863e-03  3.8989853e-02  3.9430689e-03  9.9921077e-01
  -6.5584586e-04]
 [-6.8952367e-02 -2.2305975e-02 -2.8594153e-02  2.0833395e-03
   9.9695837e-01]]",53
3,4,5,,1.0776808261871338,"[[-0.96925235  0.03320225 -0.24012974  0.00323904  0.0421271 ]
 [-0.22005574  0.27860832  0.933377    0.03940305  0.03475099]
 [ 0.09699242  0.95976245 -0.2620519  -0.02219642 -0.0168706 ]
 [ 0.02455679  0.01110047 -0.04669682  0.975103    0.21509814]
 [ 0.04598658  0.00279349 -0.01712589 -0.21706747  0.9749183 ]]",53
4,5,5,,1.0635000467300415,"[[-0.8537553   0.51489246  0.07599988  0.01388833  0.00434392]
 [ 0.49048135  0.8369864  -0.12028094 -0.20281926 -0.05725943]
 [-0.13457005 -0.170096   -0.19322585 -0.9484884   0.12645881]
 [ 0.10431026  0.03484669  0.967652   -0.20522676  0.0971422 ]
 [ 0.03924578  0.06475057 -0.07790924  0.13008933  0.98553234]]",53
5,6,5,,1.0830284357070923,"[[-0.8455133  -0.47959915  0.20379126 -0.09771261 -0.06335143]
 [-0.47325227  0.8738651   0.03314834 -0.09742662 -0.04244186]
 [ 0.21527894  0.05494604  0.9205332  -0.29509032  0.1271859 ]
 [ 0.05889202 -0.05755052 -0.32130167 -0.9409749   0.06746243]
 [-0.10642551  0.00364801 -0.08218371  0.09191459  0.9866397 ]]",53
6,7,5,,1.1264619827270508,"[[ 0.8560602  -0.48763007 -0.08049951  0.09905358 -0.11439428]
 [ 0.48488754  0.8406673   0.21421632  0.11032436 -0.01012279]
 [-0.04390849 -0.22735253  0.97205335  0.03691099 -0.01152178]
 [-0.13741057 -0.03689666 -0.05210868  0.9882237   0.02134687]
 [ 0.10599688 -0.04944584  0.00530861 -0.00827952  0.9930876 ]]",53
7,8,5,,1.1944921016693115,"[[ 0.9816658   0.18984382 -0.01130923 -0.01161708 -0.00536904]
 [ 0.12680918 -0.60779786  0.7834608   0.02464001 -0.00912024]
 [ 0.13855912 -0.76311994 -0.6093978  -0.16425246 -0.01023035]
 [-0.0316874   0.11000245  0.1211562  -0.98565084 -0.02662555]
 [ 0.00700421 -0.00940644  0.00407803 -0.02777438  0.9995371 ]]",53
8,9,5,,1.719806432723999,"[[ 0.62696856  0.7600114   0.16244727 -0.05387538  0.0012544 ]
 [ 0.10836276 -0.19012801  0.6963094   0.68009645  0.06878161]
 [-0.7546679   0.606675    0.13123196  0.1685866  -0.1295319 ]
 [-0.14246903 -0.07208398  0.65507275 -0.6937465   0.2531837 ]
 [-0.07312273  0.11394492 -0.20596598  0.15767252  0.9562359 ]]",53
9,10,5,,1.3017613887786865,"[[-0.6162006  -0.7780297   0.0888432   0.082289    0.0173791 ]
 [ 0.36108923 -0.38196748 -0.84661925 -0.01092173  0.08265627]
 [-0.6752015   0.49487603 -0.5152666   0.1827914  -0.01698164]
 [ 0.18111101 -0.03016079  0.08042139  0.97944474  0.02257341]
 [-0.03483     0.05439427  0.0580998  -0.01961061  0.9960261 ]]",53
10,11,5,,1.7743029594421387,"[[-0.49827904 -0.19079363 -0.54720217 -0.6410799  -0.07001525]
 [-0.8041336   0.36979994  0.23466633  0.33834743 -0.21695574]
 [ 0.24286354  0.90386856 -0.26810324 -0.22831671 -0.00557413]
 [-0.02571522  0.06781737  0.7573727  -0.64867926  0.01847485]
 [-0.2131739   0.0725823  -0.00296574  0.04030158  0.9734761 ]]",53
0,1,5,,1.2124404907226562,"[[ 0.36269075  0.85991263  0.3501926   0.04550347  0.06557533]
 [-0.7791769   0.46854258 -0.3310723  -0.23368457  0.0955713 ]
 [-0.43453842 -0.17434204  0.87288743 -0.09802197  0.09612695]
 [-0.24091814  0.04814762 -0.0139237   0.9633248   0.10701257]
 [ 0.12030607 -0.09113023 -0.07503232 -0.07561716  0.98278886]]",54
1,2,5,,1.3876118659973145,"[[-0.9391675  -0.31481415  0.03902369  0.12822814  0.02985109]
 [ 0.03375049  0.04140495  0.9931393   0.06543206 -0.08086735]
 [-0.3228872   0.9143973  -0.00160043 -0.16198716  0.18269923]
 [-0.07204644 -0.18159886  0.06755427 -0.97493654 -0.08225789]
 [ 0.08589756 -0.1734276   0.08709395 -0.05035006  0.9759221 ]]",54
2,3,5,,1.3680952787399292,"[[ 0.81431043  0.5564084  -0.14931394  0.02073217 -0.06770334]
 [-0.40687296  0.7424179   0.53089195  0.0025099   0.03765087]
 [ 0.40683755 -0.37253165  0.8337688  -0.01910964 -0.0129561 ]
 [-0.00543651 -0.02034182  0.017017    0.9989915   0.03581873]
 [ 0.0762009   0.00564112 -0.01997931 -0.03485116  0.9962669 ]]",54
3,4,5,,1.099351167678833,"[[ 0.9965174  -0.03672706  0.04733776 -0.02900224 -0.05022264]
 [ 0.0349908  -0.1995986  -0.97194475 -0.11920556 -0.00702556]
 [ 0.0435985   0.97908187 -0.1952989  -0.03328113 -0.01576917]
 [ 0.04448629  0.01011577 -0.12103079  0.97113526  0.20041594]
 [ 0.04299968  0.01039092  0.01709727 -0.20183566  0.9782705 ]]",54
4,5,5,,1.0739634037017822,"[[ 0.5725229   0.8094574  -0.11175968  0.05802035 -0.03375903]
 [-0.783989    0.58519334  0.1664162  -0.12111948 -0.02336009]
 [ 0.22944567 -0.01874631  0.62358236 -0.7394751   0.10641842]
 [-0.06882225 -0.00399294 -0.7545776  -0.6374965   0.1394931 ]
 [-0.01403295  0.04427325  0.03966151  0.16952428  0.98363173]]",54
5,6,5,,1.1220916509628296,"[[ 9.53357637e-01  1.25135541e-01 -2.27941453e-01  1.16016693e-01
  -1.00164995e-01]
 [-1.24762833e-01  9.90682542e-01 -5.48903970e-03 -5.43329939e-02
  -2.62952381e-04]
 [-2.40994766e-01 -7.21111381e-03 -8.17426801e-01  5.03801525e-01
   1.40949994e-01]
 [-1.22615062e-02 -5.11926785e-02 -5.19295633e-01 -8.52869093e-01
   1.32419737e-02]
 [-1.31584644e-01 -1.47119313e-02 -1.00786738e-01  4.88508567e-02
  -9.84847546e-01]]",54
6,7,5,,1.1412315368652344,"[[-0.87512136 -0.4537453  -0.03386364 -0.03705314 -0.16049345]
 [-0.4462883   0.86642057  0.13946143 -0.17512038 -0.00505792]
 [ 0.03394475 -0.13006063  0.9884232   0.0583018  -0.03939897]
 [ 0.11842531 -0.14305797  0.03414797 -0.9817674  -0.02182936]
 [ 0.1407572   0.07777721 -0.0354553   0.02633565 -0.98599565]]",54
7,8,5,,1.184611201286316,"[[-9.9814492e-01  5.3100578e-02 -2.5334042e-02 -8.8289445e-03
  -1.2937637e-02]
 [ 3.5432693e-02  8.8153708e-01  4.6703947e-01  3.0448753e-02
  -5.0832290e-02]
 [ 4.8264921e-02  4.6457812e-01 -8.7973541e-01 -7.9375789e-02
  -4.0034208e-02]
 [-7.3082047e-03  1.9403175e-02 -8.5427932e-02  9.8659676e-01
   1.3747363e-01]
 [-8.2723675e-03  6.2156033e-02 -6.3230153e-05 -1.3900082e-01
   9.8830515e-01]]",54
8,9,5,,1.8045287132263184,"[[ 0.81337935  0.55633503  0.08437481  0.09395676  0.11383535]
 [-0.22009572  0.4909275  -0.40580323 -0.7344488   0.08035444]
 [-0.5202426   0.66942203  0.21153615  0.47518018 -0.10333392]
 [-0.064819    0.00905009  0.8819139  -0.44711658  0.13428028]
 [ 0.1229555   0.03568938  0.07539812 -0.16139312 -0.9756411 ]]",54
9,10,5,,1.5594779253005981,"[[ 9.70418990e-01 -2.23547265e-01  1.43674323e-02  8.94446597e-02
   1.03393588e-02]
 [-6.03740737e-02 -3.00629795e-01 -9.39275563e-01  3.72571498e-02
   1.49499238e-01]
 [ 2.17690423e-01  9.18514490e-01 -3.20635617e-01 -5.64683555e-03
  -7.81217739e-02]
 [-8.35967287e-02  3.74543443e-02  3.29209901e-02  9.95251119e-01
   3.64584092e-04]
 [ 1.62631255e-02  1.20734155e-01  1.16893142e-01 -7.40522565e-03
   9.85616505e-01]]",54
10,11,5,,1.9032249450683594,"[[ 0.78889817 -0.16002443  0.38433978  0.37564704  0.25140417]
 [-0.41382197  0.3310112   0.4777673   0.66629815 -0.21672131]
 [ 0.29053667  0.9296325  -0.09664141 -0.18042207  0.09736601]
 [-0.09253487 -0.00910007  0.78388256 -0.6138978   0.00348464]
 [-0.33677408  0.02289882  0.01449044  0.07425222  0.938262  ]]",54
0,1,5,,1.2261312007904053,"[[ 0.30861557  0.8736787   0.36820397 -0.00323381  0.0765335 ]
 [-0.81811774  0.4187383  -0.328832   -0.19658813  0.09254308]
 [-0.42443272 -0.22552772  0.8612513  -0.08935642  0.13876507]
 [-0.19629635  0.06258003  0.00780877  0.97517306  0.08079562]
 [ 0.12947755 -0.08102333 -0.12033518 -0.04894377  0.97969115]]",55
1,2,5,,1.3995609283447266,"[[-0.9167682  -0.374822    0.05631471  0.12254643  0.02924824]
 [ 0.10681756 -0.0838067   0.98050344  0.11279894 -0.08634755]
 [-0.3708158   0.8771331   0.15354237 -0.20222448  0.16930221]
 [-0.03457952 -0.22693151  0.08400351 -0.96159893 -0.1248089 ]
 [ 0.09708685 -0.17783305  0.06935319 -0.08180188  0.9733694 ]]",55
2,3,5,,1.356723666191101,"[[ 8.3429086e-01  5.3896743e-01 -8.7470770e-02  1.8287174e-02
  -7.4075803e-02]
 [-4.4546261e-01  7.6646239e-01  4.6128055e-01  2.8863603e-02
   2.2033911e-02]
 [ 3.1644687e-01 -3.4674630e-01  8.8284379e-01 -1.3872686e-02
  -4.7648419e-03]
 [ 1.0549326e-03 -3.7085727e-02  6.9247599e-04  9.9923819e-01
  -1.2085337e-02]
 [ 7.3362239e-02  2.1000508e-02 -1.2466631e-02  1.2767954e-02
   9.9692452e-01]]",55
3,4,5,,1.0834614038467407,"[[ 0.9933611  -0.06115361  0.08065727 -0.01931013 -0.05114191]
 [ 0.06499448 -0.19687122 -0.9754998  -0.07238977 -0.01331422]
 [ 0.07479195  0.97849834 -0.19110505 -0.01640263 -0.01252551]
 [ 0.03564638  0.00196712 -0.07319707  0.97506785  0.20642278]
 [ 0.04631365  0.00624537  0.00394365 -0.20823184  0.9769544 ]]",55
4,5,5,,1.0614386796951294,"[[-0.7687504   0.63634455 -0.06013334  0.01781039 -0.01245494]
 [ 0.61131805  0.7577595   0.17126204 -0.14296994 -0.04816263]
 [-0.16372876 -0.12739861  0.46965423 -0.85069287  0.11273433]
 [ 0.08775028  0.04037772 -0.8620977  -0.48324463  0.118033  ]
 [ 0.02838461  0.05482164  0.05714742  0.14845422  0.98533463]]",55
5,6,5,,1.0912870168685913,"[[-0.8982119  -0.36816335  0.21889465 -0.05351901 -0.08301791]
 [-0.35739303  0.9242618   0.04117282 -0.11880904 -0.04690027]
 [-0.22318378 -0.00116661 -0.86963075  0.41691065 -0.14182901]
 [-0.01084289 -0.10003431 -0.42888466 -0.89769477  0.00880912]
 [-0.12472784  0.01370184 -0.1009467   0.05787646  0.9852488 ]]",55
6,7,5,,1.1359646320343018,"[[-0.8537166  -0.48878536 -0.09958459 -0.04833326 -0.14143415]
 [-0.49275064  0.8346808   0.19954465 -0.14381972 -0.00163123]
 [ 0.02970389 -0.23377724  0.9642921  -0.12050986 -0.00916201]
 [ 0.11298685 -0.06821331 -0.14269988 -0.98086977 -0.01058976]
 [-0.12131146 -0.07135811 -0.00650148 -0.01875225  0.9898473 ]]",55
7,8,5,,1.2188605070114136,"[[-9.9190909e-01 -1.2431065e-01  2.0914178e-02  1.2540487e-02
   8.2820626e-03]
 [ 9.3307123e-02 -6.1143494e-01  7.8498590e-01  2.5875509e-02
  -2.3848280e-02]
 [ 8.5046679e-02 -7.7735853e-01 -6.1872661e-01  7.0439853e-02
  -2.6388867e-02]
 [ 4.7171819e-03  7.0414186e-02  2.3158429e-02  9.9567896e-01
   5.5737603e-02]
 [ 1.2449296e-02 -3.8075097e-02  9.3113433e-04 -5.3243071e-02
   9.9777734e-01]]",55
8,9,5,,1.7714643478393555,"[[ 0.6490574   0.7454004   0.13356088 -0.03465442  0.06374346]
 [ 0.1361194  -0.21543463  0.6974408   0.6688605   0.03551564]
 [-0.7207986   0.6186448   0.18435314  0.16391563 -0.19202536]
 [-0.1009478  -0.07908052  0.6707719  -0.71283764  0.15963507]
 [-0.17451347  0.09482145 -0.10870507  0.12813602  0.96556634]]",55
9,10,5,,1.3292564153671265,"[[-0.5738826  -0.8008361   0.12749468  0.11406875 -0.00734246]
 [ 0.28710055 -0.33858874 -0.87940544  0.06057135  0.16096008]
 [-0.739448    0.48140898 -0.4364464   0.14062397 -0.10583692]
 [ 0.14921217  0.04920582  0.10598538  0.9807343   0.04734948]
 [-0.13850789  0.09921459  0.09312815 -0.04128772  0.98009926]]",55
10,11,5,,1.777346134185791,"[[-0.42866635 -0.11600345 -0.4927609  -0.7231326  -0.19249476]
 [-0.84926397  0.29363123  0.26333484  0.3169955  -0.15066518]
 [ 0.22174653  0.94724655 -0.15261279 -0.17121017 -0.03080541]
 [ 0.04131978  0.01630559  0.8129683  -0.5806083  -0.00179806]
 [-0.21004044  0.05274563 -0.06027628 -0.10086679  0.96917164]]",55
0,1,5,,1.214478850364685,"[[ 0.30913815  0.83831704  0.44403455  0.01127726  0.06606331]
 [-0.7425556   0.4852405  -0.40415683 -0.21195771  0.06988461]
 [-0.53809464 -0.22945495  0.79480803 -0.12010118  0.10798351]
 [-0.22888035  0.06543016  0.00176628  0.96917796  0.06343152]
 [ 0.10541657 -0.06953816 -0.0881339  -0.03487742  0.9874552 ]]",56
1,2,5,,1.3954806327819824,"[[-0.9169036  -0.37805182 -0.0200407   0.12487238  0.01923283]
 [ 0.05706726 -0.16753048  0.9761259   0.08306286 -0.09463336]
 [-0.38022146  0.8633079   0.20414402 -0.17533943  0.19419678]
 [-0.05034759 -0.20597325  0.04032839 -0.9710773  -0.1020915 ]
 [ 0.09448765 -0.20318665  0.05895134 -0.06142025  0.9708448 ]]",56
2,3,5,,1.3402372598648071,"[[-6.2153268e-01 -7.7910221e-01 -5.5703405e-02  2.0858094e-02
  -5.6203973e-02]
 [ 6.8281335e-01 -5.8010566e-01  4.4089633e-01 -4.3266144e-04
   5.3418752e-02]
 [-3.7607092e-01  2.3667313e-01  8.9561588e-01 -1.4330182e-02
  -1.4944367e-02]
 [ 5.9396587e-03  1.9158699e-02  1.3853448e-02  9.9936759e-01
   2.5886904e-02]
 [-7.7449434e-02 -9.7930497e-03 -1.3704496e-02 -2.4975659e-02
   9.9654108e-01]]",56
3,4,5,,1.0740183591842651,"[[-0.9716907   0.03120066 -0.23025951  0.00697895  0.04213644]
 [-0.20605978  0.3255482   0.9217041   0.01908362  0.04068289]
 [ 0.10246065  0.94473493 -0.30920547 -0.03016792 -0.0214367 ]
 [ 0.02358743  0.02277978 -0.0315557   0.98028624  0.19227003]
 [ 0.04797832  0.00134089 -0.02895408 -0.19420561  0.979358  ]]",56
4,5,5,,1.0607722997665405,"[[ 0.7264379   0.68523794  0.04514549 -0.02610482 -0.00414814]
 [-0.6671284   0.7185375  -0.06903008  0.18177952 -0.02888997]
 [ 0.13138576 -0.10870911  0.1089083   0.9721022   0.11864412]
 [-0.09705026  0.03455415  0.9850836  -0.10436911  0.09002578]
 [-0.02338193  0.03377921 -0.10462318 -0.10197623  0.98841643]]",56
5,6,5,,1.1022677421569824,"[[ 0.9091999   0.31481233 -0.21965134  0.14518291  0.07017159]
 [-0.3153812   0.9447046  -0.0157174  -0.08432527 -0.02664693]
 [ 0.20874467  0.08217552  0.96648306 -0.07237895  0.10170852]
 [-0.13657227  0.04088701  0.10949758  0.97895837 -0.09657729]
 [-0.1080001  -0.00134371 -0.07366823  0.09062601  0.98726594]]",56
6,7,5,,1.1381703615188599,"[[-0.8496683  -0.5118853  -0.01932574  0.02912156 -0.12172008]
 [-0.4954844   0.8285606   0.19573055  0.17153372 -0.0157564 ]
 [ 0.08727498 -0.17980291  0.9797874   0.00185109 -0.00819526]
 [ 0.11023428 -0.12930979 -0.03527978  0.9847042   0.01550409]
 [-0.11309517 -0.04909914  0.00938072 -0.00907437  0.9922845 ]]",56
7,8,5,,1.1910414695739746,"[[-0.97657615 -0.21356975  0.02019223 -0.01571796  0.00567899]
 [ 0.1493192  -0.6133973   0.7739412   0.04184223 -0.02667756]
 [ 0.15370111 -0.7493332  -0.6158065  -0.17986156 -0.05751425]
 [-0.00749737  0.11851734  0.14614761 -0.98000604 -0.06423701]
 [ 0.01796143 -0.05084353 -0.00552001 -0.07238834  0.9959025 ]]",56
8,9,5,,1.7603819370269775,"[[ 0.7001513   0.694139    0.14805853  0.05706762  0.05273632]
 [ 0.00320749 -0.12964243  0.80976355 -0.57216626  0.0095559 ]
 [-0.6957309   0.694942    0.09646836 -0.02736427 -0.15152276]
 [-0.11179369 -0.08779191  0.5311552   0.7761426   0.3086608 ]
 [-0.11505852  0.10349918 -0.17586836 -0.257338    0.937495  ]]",56
9,10,5,,1.3096601963043213,"[[-0.68635446 -0.7200859   0.04942694  0.08878105  0.0082915 ]
 [ 0.33566433 -0.38415208 -0.8511876  -0.05714497  0.10941115]
 [-0.5907685   0.56239355 -0.5072029   0.27796456 -0.01367299]
 [-0.25388715  0.11721791 -0.09567779 -0.95390403 -0.05209848]
 [-0.05273465  0.06226448  0.08141042 -0.04068528  0.9925015 ]]",56
10,11,5,,1.7665530443191528,"[[-0.58410406 -0.1275075  -0.5458301  -0.5806292  -0.08662289]
 [-0.7546981   0.3947592   0.30831605  0.40245885 -0.13252936]
 [ 0.25732797  0.90510076 -0.27382773 -0.19873306 -0.00992578]
 [-0.02380561  0.07829922  0.72931623 -0.6792592   0.00272693]
 [-0.14989606  0.05068446 -0.01126996  0.00295903  0.987333  ]]",56
0,1,5,,1.2144074440002441,"[[ 0.34841278  0.8610652   0.36203364  0.04232709  0.06569101]
 [-0.7572733   0.47220486 -0.3845484  -0.21918705  0.08740219]
 [-0.49244326 -0.15936914  0.8456994  -0.08731321  0.09628104]
 [-0.23163897  0.05578181 -0.02565499  0.9707715   0.01327795]
 [ 0.09480833 -0.08413761 -0.07203106  0.01202303  0.9892417 ]]",57
1,2,5,,1.3913402557373047,"[[ 9.3990874e-01 -3.1862286e-01 -3.0917058e-06  1.1950606e-01
   2.7738551e-02]
 [ 1.4707383e-02  6.1330128e-02  9.9297613e-01  6.5449715e-02
  -7.5743154e-02]
 [ 3.2312348e-01  9.1194201e-01 -3.5897732e-02 -1.5549637e-01
   1.9617645e-01]
 [ 6.4729422e-02 -1.7916396e-01  7.1840376e-02 -9.7838891e-01
  -3.6117710e-02]
 [-8.8071935e-02 -1.7601170e-01  8.6883232e-02 -3.2664770e-03
   9.7657758e-01]]",57
2,3,5,,1.3519282341003418,"[[-0.719411   -0.6908443   0.05105719 -0.01831065  0.04732795]
 [-0.5507498   0.61844224  0.557607    0.00696991  0.0568309 ]
 [ 0.4157964  -0.37360248  0.8284605  -0.01302471 -0.03190659]
 [-0.0025097  -0.02208653  0.00770221  0.99956363  0.01786593]
 [ 0.07892844 -0.01402394 -0.0078367  -0.01786412  0.99659073]]",57
3,4,5,,1.0816086530685425,"[[ 0.9878991  -0.05694265 -0.13534056 -0.03458623 -0.0360501 ]
 [ 0.1043796  -0.36211416  0.9257425  -0.01912738 -0.02476316]
 [ 0.10025441  0.93028593  0.35156235 -0.01939781 -0.023341  ]
 [ 0.04504516  0.01099404  0.02441498  0.9815973   0.18363176]
 [ 0.03286695  0.0088364   0.02217248 -0.18581803  0.9817442 ]]",57
4,5,5,,1.059950828552246,"[[ 7.53500640e-01  6.51758134e-01  4.78014275e-02 -6.81336746e-02
  -2.28225458e-02]
 [-6.23637795e-01  7.48054683e-01 -6.42095879e-02  2.17383385e-01
  -1.05712004e-02]
 [-1.91966578e-01  1.18451014e-01 -1.84100028e-02 -9.68720019e-01
  -1.01788670e-01]
 [-8.03822204e-02  2.28234176e-02  9.90705669e-01 -1.13230869e-02
   1.06732607e-01]
 [-3.60484322e-04  3.27724740e-02 -1.08422764e-01 -9.77534801e-02
   9.88743961e-01]]",57
5,6,5,,1.090666651725769,"[[ 0.9478342   0.19317143 -0.21259776  0.11678708 -0.07388039]
 [-0.18659793  0.9780323  -0.00324124 -0.08352537  0.04058415]
 [ 0.22344743  0.03248115  0.947996   -0.20251572 -0.09647337]
 [-0.07714863  0.06629608  0.22807209  0.9667276   0.05544137]
 [-0.10445596  0.02621973 -0.06386173  0.06172031 -0.9902089 ]]",57
6,7,5,,1.1193573474884033,"[[ 0.9231247  -0.35830554 -0.00814855  0.05989179 -0.1257164 ]
 [ 0.34160876  0.8983617   0.24463889  0.12787922 -0.00696129]
 [-0.07991638 -0.22930309  0.96951365 -0.03096019 -0.01087052]
 [-0.10506457 -0.10068887 -0.00103108  0.989267   -0.01314739]
 [-0.11712921  0.04295575 -0.01129575 -0.02126161 -0.99189514]]",57
7,8,5,,1.1823066473007202,"[[ 9.87931788e-01  1.53538316e-01  8.55448283e-03  1.50371799e-02
   1.08358534e-02]
 [ 1.01690367e-01 -6.96649432e-01  7.07700908e-01  5.10853976e-02
  -2.98051033e-02]
 [ 1.16670452e-01 -6.86196744e-01 -6.79030955e-01 -2.23037168e-01
  -6.85083792e-02]
 [-6.14288356e-03  1.30035251e-01  1.94804534e-01 -9.67667162e-01
  -9.34049338e-02]
 [-2.56885687e-04 -5.77094108e-02 -7.37660099e-03 -1.05065614e-01
   9.92761970e-01]]",57
8,9,5,,1.8653466701507568,"[[ 0.7647055   0.6141389  -0.14475152  0.00620935  0.13064188]
 [ 0.0807653  -0.28460586 -0.7467546   0.5956046   0.00944308]
 [-0.597637    0.7213162  -0.2740813   0.08525746 -0.20035857]
 [-0.06561001 -0.1043972  -0.5716965  -0.7621689   0.27759367]
 [-0.21731974  0.10313557  0.1394532   0.23884363  0.9303987 ]]",57
9,10,5,,1.3553215265274048,"[[-0.9644044  -0.25252897  0.04350933  0.06502666 -0.00563442]
 [ 0.08731672 -0.48774526 -0.8538946  -0.01407582  0.15857579]
 [ 0.21881986 -0.8083262   0.49696073 -0.22203168  0.04958471]
 [ 0.11492806 -0.17194808  0.10062537  0.97252405  0.03601169]
 [-0.03477583  0.12400156  0.10897487 -0.02173108  0.9854271 ]]",57
10,11,5,,1.8191919326782227,"[[-0.8303214   0.05294361 -0.37171346 -0.33747402 -0.23601647]
 [-0.4394389   0.410505    0.5515434   0.5755905  -0.05361426]
 [ 0.2543409   0.9063341  -0.2884866  -0.174607    0.01253975]
 [-0.00117972  0.08088883  0.6879081  -0.7206204  -0.03072648]
 [-0.22971548  0.02642538 -0.03444912 -0.07089006  0.9697012 ]]",57
0,1,5,,1.246006727218628,"[[ 0.16322386  0.88120043  0.43445954 -0.03298654  0.08366852]
 [-0.8535271   0.3228832  -0.36146602 -0.1773938   0.07149548]
 [-0.44013596 -0.33725613  0.8124273  -0.08822775  0.15721433]
 [-0.18463916  0.05625938  0.01782107  0.97912467  0.06115938]
 [ 0.13052988 -0.048221   -0.14223759 -0.03120883  0.9795056 ]]",58
1,2,5,,1.4046865701675415,"[[-0.86313456 -0.49116996 -0.00448645  0.11135413  0.03648036]
 [ 0.23462254 -0.39483216  0.8720575   0.14216098 -0.09146366]
 [-0.4318638   0.71683985  0.48858708 -0.20894514  0.131373  ]
 [ 0.02016082 -0.26115632  0.0209392  -0.95845383 -0.11098891]
 [ 0.1141845  -0.1442139   0.0184276  -0.07140384  0.98016644]]",58
2,3,5,,1.360282301902771,"[[-0.84286064 -0.5163402  -0.12359023  0.03660363 -0.07977749]
 [ 0.4956137  -0.8496458   0.1784723   0.0247323  -0.00224555]
 [-0.2000523   0.08788569  0.97533363 -0.00733229  0.0304246 ]
 [ 0.02101577  0.04349804  0.00979911  0.99689853 -0.06134695]
 [-0.05908018 -0.04334604 -0.03874678  0.06471428  0.99445534]]",58
3,4,5,,1.0888309478759766,"[[ 9.9039704e-01  5.4136697e-02 -1.1453103e-01 -6.4630238e-03
   5.4989535e-02]
 [ 1.1014138e-01  4.6853028e-02  9.8466754e-01  1.2188345e-01
   3.5325881e-02]
 [-5.8887169e-02  9.9702299e-01 -3.6642339e-02 -3.3666197e-02
  -1.2383203e-03]
 [-2.2108287e-02  2.6950741e-02 -1.2637076e-01  9.6619236e-01
   2.2200812e-01]
 [-5.5010486e-02 -9.6425172e-03 -4.8956397e-04 -2.2459188e-01
   9.7285104e-01]]",58
4,5,5,,1.0713284015655518,"[[ 0.81075436 -0.5794165  -0.07796726  0.02931992  0.00391691]
 [ 0.55898356  0.79982483 -0.17467704 -0.10486446 -0.07942858]
 [-0.133096   -0.13146167 -0.66632974 -0.70813626  0.13982506]
 [ 0.10070907  0.01061584  0.72065455 -0.6749417   0.12188428]
 [ 0.04855813  0.08462761 -0.00840888  0.17646714  0.97942275]]",58
5,6,5,,1.096881628036499,"[[-0.7660237  -0.596782    0.22462219 -0.0560502  -0.0588398 ]
 [-0.584653    0.7962951   0.08051942 -0.12778217 -0.03582398]
 [ 0.24469052  0.02676633  0.8291161  -0.4754464   0.16101936]
 [-0.00750419 -0.09451889 -0.4917607  -0.8655453   0.00355534]
 [-0.1070457  -0.01072778 -0.11747047  0.07288469  0.9845378 ]]",58
6,7,5,,1.1378827095031738,"[[-7.5419962e-01 -6.3514191e-01  1.2635252e-01 -3.4563072e-02
  -1.0304415e-01]
 [-6.3615578e-01  7.5562835e-01 -5.9076652e-02 -1.4196748e-01
  -2.6205523e-02]
 [-1.8119747e-02 -1.4565684e-01 -9.4327140e-01 -2.9661518e-01
  -2.6727339e-02]
 [ 1.3059622e-01 -4.3815862e-02  3.0098969e-01 -9.4362599e-01
  -2.0310062e-04]
 [-9.5419571e-02 -4.9848419e-02 -1.3761168e-02 -1.5494665e-02
   9.9397218e-01]]",58
7,8,5,,1.2140650749206543,"[[ 0.9905764  -0.12525755  0.02657951  0.04324881  0.02218184]
 [-0.10331994 -0.64688945  0.7547717   0.03331548 -0.00828697]
 [ 0.08534589  0.7229848   0.64158154 -0.23974925 -0.0300416 ]
 [-0.02015135  0.20718722  0.13229513  0.96884805  0.02233145]
 [-0.01983459  0.01452476  0.02200659 -0.0295505   0.99901855]]",58
8,9,5,,1.7485250234603882,"[[ 0.47320965 -0.8159455   0.32244968  0.06683249 -0.04318838]
 [-0.13671541 -0.24250695 -0.58708286  0.7462294  -0.1448265 ]
 [ 0.84445685  0.46109375 -0.1097819   0.23463278  0.08473772]
 [ 0.2079345  -0.19877353 -0.705541   -0.6187249  -0.19142562]
 [ 0.0322083   0.1526594   0.20376404  0.02832217 -0.966093  ]]",58
9,10,5,,1.347948670387268,"[[ 0.35219017 -0.9113394  -0.20391151 -0.05576209 -0.02708027]
 [ 0.5646431   0.36420733 -0.710688    0.13602832  0.15795611]
 [ 0.7095638   0.15907183  0.5966097  -0.33272025  0.06759686]
 [ 0.19161268 -0.05125917  0.3049183   0.9314898   0.00296915]
 [ 0.13016932  0.09424563 -0.06651542  0.0033221  -0.98475295]]",58
10,11,5,,1.8119516372680664,"[[-0.17425556 -0.31354767 -0.32905695 -0.86360306 -0.13127936]
 [ 0.88518536 -0.3775264   0.08811767 -0.11042956  0.23229565]
 [ 0.32578328  0.87066483 -0.05820282 -0.36316788  0.02300781]
 [-0.14340201 -0.01840005  0.9355456  -0.3221478   0.0085154 ]
 [-0.24368623  0.02767182 -0.07296325 -0.07953022  0.96343267]]",58
0,1,5,,1.2179428339004517,"[[ 0.26094538  0.8784509   0.39583525 -0.00817203  0.05898625]
 [-0.81234413  0.3994746  -0.3659491  -0.20347857  0.07207476]
 [-0.45229176 -0.2512972   0.8342582  -0.143793    0.12497421]
 [-0.22584343  0.04958935  0.0415562   0.9651347   0.11542812]
 [ 0.12818488 -0.05599005 -0.10808302 -0.0798009   0.98101157]]",59
1,2,5,,1.403574824333191,"[[-0.914791   -0.3820578   0.05758843  0.11447088  0.02773628]
 [ 0.12122347 -0.11998976  0.9758353   0.09991146 -0.09311549]
 [-0.36799666  0.8624184   0.19227637 -0.20797607  0.20146634]
 [-0.03203935 -0.21458721  0.05808693 -0.95704573 -0.1833447 ]
 [ 0.10960957 -0.22320646  0.0639121  -0.13313003  0.957265  ]]",59
2,3,5,,1.3522135019302368,"[[ 8.3439636e-01  5.3889805e-01 -8.0799468e-02  1.2175915e-02
  -8.1822693e-02]
 [-4.3365854e-01  7.4997848e-01  4.9871325e-01  8.8983756e-03
   2.6049037e-02]
 [ 3.3050808e-01 -3.8243124e-01  8.6278713e-01 -1.0269526e-02
  -1.8883601e-03]
 [-2.9894882e-03 -1.7189955e-02  5.4258010e-03  9.9983299e-01
  -2.7513108e-04]
 [ 8.0489665e-02  2.3919364e-02 -1.8038142e-02  1.0239449e-03
   9.9630463e-01]]",59
3,4,5,,1.0684622526168823,"[[ 0.99520487 -0.02730733  0.07016853 -0.01300206 -0.06106617]
 [ 0.0619143  -0.19250064 -0.9784038  -0.03723615 -0.02120551]
 [ 0.03842482  0.98033935 -0.18853515 -0.03858555 -0.0205913 ]
 [ 0.02937332  0.03269339 -0.04615999  0.9771023   0.20299917]
 [ 0.05826496  0.00798516 -0.01123474 -0.20549119  0.9768258 ]]",59
4,5,5,,1.0611237287521362,"[[ 0.6488948   0.75684416  0.07420018  0.01983993 -0.01494225]
 [-0.7347997   0.6472251  -0.14725284 -0.13455814 -0.03714688]
 [ 0.16298725 -0.07844575 -0.35838684 -0.9080881   0.11923242]
 [-0.10815824  0.01432968  0.9176318  -0.3705046   0.09367311]
 [-0.02723846  0.04390555 -0.04818359  0.14001034  0.9876264 ]]",59
5,6,5,,1.1058944463729858,"[[ 0.9139259   0.28816536 -0.23774081  0.13673618  0.08051419]
 [-0.27615637  0.9526028   0.01225145 -0.12384731 -0.02823845]
 [ 0.25549605  0.02865669  0.90290266 -0.2989832   0.17110363]
 [ 0.07743207 -0.09315611 -0.33641353 -0.93279314  0.04526587]
 [-0.13116023  0.00307207 -0.12215555  0.08044238  0.9805073 ]]",59
6,7,5,,1.1415644884109497,"[[-7.96433389e-01 -5.90256989e-01 -1.32093197e-02  1.04252826e-02
  -1.30411968e-01]
 [-5.82922697e-01  7.85164952e-01  1.02626935e-01 -1.81207895e-01
  -1.86698809e-02]
 [ 6.91884011e-02 -1.11260869e-01  9.80033636e-01 -1.46532267e-01
  -2.99409870e-02]
 [ 8.97234976e-02 -1.35842219e-01 -1.66963398e-01 -9.72410917e-01
   6.06446480e-03]
 [-1.14269860e-01 -6.54261336e-02  3.08323503e-02 -5.18480199e-04
   9.90813255e-01]]",59
7,8,5,,1.1991409063339233,"[[ 0.9936398  -0.10859204  0.02685764  0.00753897  0.01046784]
 [-0.09377973 -0.6790142   0.72719985  0.02530816 -0.02617104]
 [-0.06022028 -0.71648335 -0.6827599   0.11954215 -0.05073233]
 [ 0.00116585  0.10113546  0.06243208  0.9907987   0.06473275]
 [-0.01604691 -0.05975569 -0.02000473 -0.05770753  0.99621356]]",59
8,9,5,,1.8247040510177612,"[[-0.59071964 -0.788536   -0.16399547  0.03304089 -0.03570809]
 [ 0.08447559 -0.17866482  0.69332796  0.69297534  0.00493127]
 [-0.77729976  0.5734585   0.11113922  0.13277817 -0.19227202]
 [-0.13684455 -0.07717868  0.6741124  -0.6794051   0.24351229]
 [-0.1448892   0.10713856 -0.16006972  0.19867632  0.9499652 ]]",59
9,10,5,,1.3432977199554443,"[[-0.45045906 -0.88125336  0.10843387  0.09286661  0.00985209]
 [ 0.35775822 -0.28556648 -0.8714592   0.02451252  0.17440978]
 [-0.7930901   0.36607835 -0.45387778  0.16373822 -0.06464859]
 [ 0.15942726  0.03404282  0.09393464  0.9802882   0.06029464]
 [-0.12118868  0.08168238  0.11820394 -0.0547708   0.9806473 ]]",59
10,11,5,,1.7668449878692627,"[[-2.3348920e-01 -2.4734697e-01 -5.8515936e-01 -7.2104847e-01
  -1.4825603e-01]
 [-9.1879863e-01  3.1205288e-01  8.1811436e-02  1.5777437e-01
  -1.6384819e-01]
 [ 2.5562605e-01  9.1581339e-01 -2.2431645e-01 -2.1348681e-01
  -6.8420335e-03]
 [-2.4234656e-02  4.7735304e-02  7.7108735e-01 -6.3447434e-01
   8.7095355e-04]
 [-1.8804228e-01  2.1207791e-02 -7.7471972e-02 -8.4036149e-02
   9.7525710e-01]]",59
0,1,5,,1.2034978866577148,"[[ 0.35779732  0.8361691   0.41002244  0.02540216  0.06354935]
 [-0.7314673   0.5053709  -0.3913067  -0.2227641   0.08252891]
 [-0.52102697 -0.1835545   0.82028735 -0.10947569  0.09991185]
 [-0.23352394  0.0711535  -0.01032241  0.9679373   0.05826339]
 [ 0.10456651 -0.0816472  -0.07604435 -0.02904112  0.98781246]]",60
1,2,5,,1.388582468032837,"[[ 0.8983653  -0.4144585  -0.0545541   0.13312696  0.02155975]
 [-0.02087674 -0.1542112   0.9806527   0.07725025 -0.09019825]
 [ 0.42500183  0.85265434  0.17332184 -0.1717676   0.18113399]
 [ 0.05402989 -0.20496882  0.0347515  -0.9698761  -0.11489675]
 [-0.09464667 -0.1881794   0.06399979 -0.0783958   0.972311  ]]",60
2,3,5,,1.3359143733978271,"[[ 6.3629681e-01 -7.5875896e-01  1.2830546e-01 -2.0555643e-02
   5.0262280e-02]
 [ 6.6692179e-01  6.2962544e-01  3.9383909e-01  8.5495953e-03
   6.0039956e-02]
 [-3.8020203e-01 -1.6540588e-01  9.0990824e-01 -7.7583096e-03
  -9.6987365e-03]
 [ 2.7647126e-03 -2.2291655e-02  5.8624763e-03  9.9948227e-01
   2.2276960e-02]
 [-7.6028667e-02 -7.7599124e-04 -2.1472944e-02 -2.1894524e-02
   9.9663365e-01]]",60
3,4,5,,1.0752477645874023,"[[-0.9649806   0.0167769   0.25742114  0.01350515  0.04563891]
 [ 0.23269466 -0.36174202  0.9021026  -0.00160079 -0.03470398]
 [ 0.1070796   0.9319865   0.3452678  -0.01689346 -0.02097319]
 [ 0.02544977  0.01586874  0.0089146   0.9809521   0.1917134 ]
 [ 0.05051586  0.00325139  0.02561424 -0.19303533  0.9795503 ]]",60
4,5,5,,1.0652458667755127,"[[ 0.76530546  0.64056355  0.04654806 -0.04244884 -0.00416151]
 [-0.60932004  0.7495804  -0.07578395  0.24562888 -0.0279569 ]
 [-0.17976922  0.15606494 -0.07871954 -0.9603585  -0.12182601]
 [-0.10019296  0.0441749   0.986662   -0.06758902  0.09969847]
 [-0.02609739  0.03872879 -0.11131682 -0.10491832  0.987127  ]]",60
5,6,5,,1.0909273624420166,"[[ 0.9389048   0.24007314 -0.19522232  0.12474249 -0.08455954]
 [-0.23446277  0.96871495  0.00227015 -0.07540991  0.03044269]
 [ 0.2034483   0.03651913  0.9561091  -0.17790467 -0.10714707]
 [-0.09257767  0.05042477  0.20620868  0.9702564   0.07047846]
 [-0.11628949  0.00894108 -0.07222517  0.07553226 -0.9876615 ]]",60
6,7,5,,1.1219723224639893,"[[ 0.9105453  -0.38227406 -0.04245986  0.06935943 -0.13476047]
 [ 0.37322903  0.8800119   0.26335195  0.12976255  0.00930973]
 [-0.06408615 -0.25814158  0.96366733 -0.01974292 -0.01453741]
 [-0.11590085 -0.09285798 -0.01242745  0.9888088  -0.00686318]
 [-0.1186063   0.06469956 -0.00580423 -0.01477558 -0.99070406]]",60
7,8,5,,1.1833587884902954,"[[ 0.9841881   0.17386796 -0.00190843  0.03350541 -0.00419346]
 [ 0.11749445 -0.6697616   0.7299764   0.06212425 -0.02982356]
 [ 0.13130379 -0.7089374  -0.6547471  -0.2215024  -0.04909221]
 [ 0.01094105  0.12676115  0.19600412 -0.9718346  -0.03052527]
 [ 0.01444196 -0.05028639 -0.0044068  -0.03862844  0.9978733 ]]",60
8,9,5,,1.772597312927246,"[[ 0.75223655  0.6504755   0.0806475   0.00155012  0.0671966 ]
 [ 0.08639402 -0.21360742  0.9171464  -0.325109    0.00738136]
 [-0.63079804  0.724131    0.1809759  -0.13654889 -0.16226627]
 [-0.10861998  0.05266202  0.3358475   0.89039016  0.28256026]
 [-0.130276    0.06414469 -0.08241722 -0.2878568   0.94300556]]",60
9,10,5,,1.3250646591186523,"[[ 0.953927   -0.28427294  0.05010691  0.08037702  0.01552725]
 [-0.04101856 -0.30555138 -0.94751716 -0.01909372  0.0824772 ]
 [ 0.23865674  0.85354805 -0.28950992  0.3594895   0.03807766]
 [ 0.17647721  0.311841   -0.09200904 -0.9286047  -0.02895775]
 [-0.01547825  0.00617296  0.08613285 -0.04044121  0.995323  ]]",60
10,11,5,,1.7592657804489136,"[[ 0.8671012  -0.10537845  0.33304694 -0.29511255  0.19753288]
 [-0.372461    0.31275472  0.7091311  -0.4934025  -0.13093634]
 [ 0.23093434  0.9410738  -0.23052725  0.08844931  0.00913454]
 [ 0.05812109  0.05044392  0.57672006  0.8131832   0.01429916]
 [-0.229564    0.05399531  0.02153927 -0.01929828  0.97136426]]",60
0,1,5,,1.2068860530853271,"[[ 0.36136827  0.8453023   0.38728705  0.03662204  0.0595372 ]
 [-0.7487228   0.49308732 -0.36939353 -0.22854812  0.0871389 ]
 [-0.48251015 -0.18012086  0.8417101  -0.13304655  0.09253798]
 [-0.25044397  0.05423941  0.00894603  0.9613306   0.1004955 ]
 [ 0.11527772 -0.08332782 -0.07072032 -0.06757702  0.9849871 ]]",61
1,2,5,,1.391852855682373,"[[-9.3571883e-01 -3.2576984e-01  3.9547458e-02  1.2740640e-01
   2.2535210e-02]
 [ 3.3530999e-02  4.4900708e-02  9.9276161e-01  6.7432530e-02
  -8.2078703e-02]
 [-3.3291641e-01  9.0125322e-01  1.5495518e-04 -1.7824043e-01
   2.1246076e-01]
 [-6.7959629e-02 -1.8508947e-01  6.5380149e-02 -9.6892887e-01
  -1.3425933e-01]
 [ 8.8623188e-02 -2.1293756e-01  9.2659965e-02 -9.2884652e-02
   9.6415246e-01]]",61
2,3,5,,1.3503625392913818,"[[ 0.76700866  0.6341441  -0.07555393  0.00590717 -0.06177101]
 [-0.47034827  0.64494467  0.600591   -0.00504266  0.04565038]
 [ 0.42859644 -0.4264392   0.79579747 -0.01469721 -0.03074612]
 [ 0.00245972 -0.00688374  0.014878    0.99916935  0.03722684]
 [ 0.08227587 -0.00313828 -0.00820427 -0.03720614  0.99587613]]",61
3,4,5,,1.0773398876190186,"[[ 0.99472255 -0.0305654   0.07940748 -0.02233767 -0.05280488]
 [ 0.06484936 -0.30690604 -0.9490685  -0.02337157 -0.01805235]
 [ 0.05149335  0.95086247 -0.3027439  -0.03291744 -0.02171623]
 [ 0.03517753  0.02557337 -0.03350733  0.98173165  0.1821781 ]
 [ 0.04932194  0.00900293 -0.01366355 -0.18459222  0.9814404 ]]",61
4,5,5,,1.0638587474822998,"[[ 0.5868387   0.80635804  0.03824288  0.05972747 -0.01942221]
 [-0.78398746  0.5877967  -0.09984937 -0.17250696 -0.0114072 ]
 [ 0.18006812 -0.05348718 -0.05793119 -0.9743274   0.1097488 ]
 [-0.0921803   0.02758529  0.9878187  -0.06566236  0.10317254]
 [-0.00788926  0.02569017 -0.09708676  0.11423071  0.9883335 ]]",61
5,6,5,,1.1224098205566406,"[[ 0.9533414   0.09944975 -0.21392079  0.16454788  0.09171543]
 [-0.0971951   0.99156696 -0.03691733 -0.07594793 -0.01473335]
 [ 0.2263822   0.04597378  0.9490022  -0.17489336  0.12427601]
 [ 0.11843655 -0.06902169 -0.2127815  -0.9643229   0.0775508 ]
 [-0.12812912  0.00520619 -0.08362864  0.08154462  0.9848414 ]]",61
6,7,5,,1.148094654083252,"[[-8.6330909e-01 -4.8168129e-01  9.9669779e-03 -2.0375792e-02
  -1.4888282e-01]
 [-4.7148210e-01  8.4282327e-01  1.6801368e-01  1.9761065e-01
  -8.6601498e-03]
 [ 9.2976287e-02 -1.3946652e-01  9.8542488e-01 -2.1995556e-02
  -1.8934028e-02]
 [ 7.9189405e-02 -1.8314558e-01 -1.1550892e-02  9.7982192e-01
  -1.5242425e-03]
 [-1.3223682e-01 -6.8109013e-02  2.1827517e-02 -2.4807538e-04
   9.8863447e-01]]",61
7,8,5,,1.1896202564239502,"[[-0.9924264  -0.12060053  0.00311543 -0.02309926 -0.00136237]
 [ 0.08342854 -0.67628187  0.72927904  0.04718392 -0.04010358]
 [ 0.08818883 -0.71831006 -0.67303777 -0.12417818 -0.08861847]
 [ 0.01481529  0.07093203  0.12187872 -0.98411345 -0.10684235]
 [ 0.01151261 -0.08424677 -0.01755506 -0.11550082  0.9895056 ]]",61
8,9,5,,1.8804001808166504,"[[ 0.758643    0.6289241   0.12378456 -0.01400944  0.115743  ]
 [-0.02182196 -0.14249636  0.8399295  -0.5213405  -0.04405868]
 [-0.61596197  0.75897425  0.09353315 -0.01503495 -0.18861178]
 [-0.08816651 -0.03553031  0.5016976   0.793756    0.33047712]
 [-0.19183867  0.0827345  -0.13691935 -0.31262302  0.9164458 ]]",61
9,10,5,,1.3661653995513916,"[[-0.8655152  -0.49220493  0.02613484  0.08890163  0.00559965]
 [ 0.15096572 -0.3157734  -0.925451   -0.01555745  0.14420481]
 [-0.41641325  0.77355075 -0.34250054  0.33145034 -0.03245403]
 [-0.22875553  0.22622624 -0.11067388 -0.9372243  -0.07651356]
 [-0.04861957  0.09199105  0.11533517 -0.06004634  0.98603547]]",61
10,11,5,,1.7901712656021118,"[[-0.71941423  0.04922537 -0.46860418 -0.48032594 -0.17238677]
 [-0.6094136   0.34898707  0.4865026   0.50994706 -0.1004604 ]
 [ 0.27106714  0.9349697  -0.17810537 -0.14260288  0.01723706]
 [ 0.00349623  0.02874287  0.71505296 -0.6984589  -0.00399828]
 [-0.19382605  0.02811373 -0.02651529 -0.03256694  0.97973335]]",61
0,1,5,,1.2010809183120728,"[[ 0.3997624   0.84252536  0.34934485  0.06402411  0.06480886]
 [-0.7515058   0.5064576  -0.333343   -0.24414106  0.0895393 ]
 [-0.44017464 -0.1504859   0.8732578  -0.11940365  0.082243  ]
 [-0.2630677   0.04511098 -0.0056431   0.9559112   0.1223199 ]
 [ 0.11167251 -0.09471386 -0.06503576 -0.09095291  0.9828817 ]]",62
1,2,5,,1.3789539337158203,"[[-0.90894556 -0.38532168  0.08560418  0.13079207  0.03017178]
 [ 0.0583388   0.10112128  0.9865178   0.07721831 -0.0848006 ]
 [-0.39748546  0.88400817 -0.03889724 -0.17209823  0.17147586]
 [-0.05965513 -0.18059927  0.0841035  -0.96543777 -0.15710388]
 [ 0.09413271 -0.16496974  0.10425095 -0.12346187  0.9684075 ]]",62
2,3,5,,1.358554720878601,"[[ 0.8725426   0.4480634  -0.18250686  0.02457102 -0.06321564]
 [-0.2967128   0.79718494  0.5239346   0.00428713  0.04395276]
 [ 0.38096157 -0.40362927  0.83124286 -0.02838526 -0.01346621]
 [-0.00609728 -0.0264152   0.02478838  0.9983079   0.04507772]
 [ 0.07390612 -0.01100335 -0.02458968 -0.04419914  0.99592096]]",62
3,4,5,,1.1016051769256592,"[[ 0.9956063  -0.04958791  0.04568291 -0.02602915 -0.05953719]
 [ 0.03809791 -0.09895429 -0.99147373 -0.07527924 -0.00833895]
 [ 0.05205994  0.99359924 -0.09504049 -0.02593643 -0.01857528]
 [ 0.04156782  0.019652   -0.07617886  0.9771363   0.19309922]
 [ 0.05365174  0.01111576  0.00755409 -0.19541605  0.97915953]]",62
4,5,5,,1.0750834941864014,"[[ 0.6447341   0.75613177  0.0596283   0.09143245 -0.02583408]
 [-0.7369543   0.652135   -0.12570488 -0.12249897 -0.02846935]
 [ 0.1833037  -0.01703404 -0.28069618 -0.9339366   0.12280723]
 [-0.0858536   0.03758772  0.9448775  -0.2839908   0.13331182]
 [-0.01566144  0.03580072 -0.09517813  0.1540964   0.9826844 ]]",62
5,6,5,,1.1307910680770874,"[[ 0.9511131   0.1449622  -0.21426289  0.13128883 -0.10594583]
 [-0.13867654  0.9889003   0.02135175 -0.04865657  0.00465462]
 [ 0.23239298 -0.00285675  0.897302   -0.34152675 -0.15554403]
 [ 0.04685129 -0.03096809 -0.36932704 -0.9272915  -0.02395875]
 [-0.14124857 -0.00974599 -0.10991918  0.06233597 -0.9818278 ]]",62
6,7,5,,1.1400914192199707,"[[ 0.88190055 -0.4387832  -0.0263901   0.02980207 -0.16773824]
 [ 0.4321004   0.86178094  0.21302238  0.15842143  0.01212738]
 [-0.06774069 -0.18579286  0.97314054 -0.10982511 -0.0427573 ]
 [-0.10603604 -0.14542313  0.07489088  0.9807068  -0.01462581]
 [-0.14038596  0.09558322 -0.03624805 -0.01292297 -0.98472065]]",62
7,8,5,,1.181828498840332,"[[ 0.99572635 -0.07574166 -0.03676515  0.03739727  0.00648358]
 [ 0.04723037  0.8787309  -0.46528482  0.07499526 -0.05905162]
 [ 0.0755725   0.46253273  0.8514392  -0.22865498 -0.05586106]
 [ 0.02410044 -0.0509203  -0.23918311 -0.9659779  -0.08065014]
 [ 0.00251505  0.07460472  0.00104157 -0.08706759  0.9934012 ]]",62
8,9,5,,1.8267618417739868,"[[ 0.83555984  0.52026707 -0.07515724 -0.05850639  0.14862804]
 [-0.22847033  0.48162344  0.77191573  0.32597274  0.11716712]
 [ 0.47313258 -0.6894581   0.4044738   0.35702416  0.0986289 ]
 [-0.08080377  0.12315235 -0.48032758  0.85661364  0.11748517]
 [ 0.13877067  0.0827169   0.06468291  0.17048636 -0.96987176]]",62
9,10,5,,1.6995558738708496,"[[ 0.9832037  -0.15686294  0.021079    0.08903169 -0.01826032]
 [-0.00717271 -0.18300694 -0.9791068  -0.02856284 -0.08361228]
 [-0.11940882 -0.9182905   0.1759077  -0.32619092  0.07169414]
 [ 0.13579519  0.31119698 -0.03325276 -0.9398395   0.01766855]
 [-0.02366716 -0.04244366  0.0941076  -0.03948215 -0.9935911 ]]",62
10,11,5,,1.9990260601043701,"[[ 0.8240397  -0.17735645  0.35547677 -0.2461922   0.32020158]
 [-0.26070023  0.2565099   0.6555604  -0.5621811  -0.34703183]
 [ 0.24549401  0.9489935  -0.12698957  0.10143114  0.11282497]
 [-0.06401455  0.01618804  0.64396876  0.7609344   0.04385305]
 [ 0.4343143  -0.04355144 -0.11425749  0.18447828 -0.87314796]]",62
0,1,5,,1.2205876111984253,"[[ 0.31315535  0.8779097   0.35520765  0.02536772  0.06627521]
 [-0.8046871   0.42575243 -0.343606   -0.21390934  0.08597209]
 [-0.43746778 -0.19955802  0.8642415  -0.09377558  0.1144173 ]
 [-0.22316323  0.04860184 -0.00516241  0.97127694  0.06656163]
 [ 0.11503226 -0.07631512 -0.093928   -0.03776878  0.9852384 ]]",63
1,2,5,,1.3977128267288208,"[[-0.9338908  -0.3313782   0.06412104  0.11346274  0.03242126]
 [ 0.05276404  0.06096752  0.9900271   0.07737168 -0.08578406]
 [-0.3357295   0.90749776 -0.00856578 -0.16307145  0.19252978]
 [-0.05094102 -0.18046106  0.0848114  -0.9766492  -0.06166062]
 [ 0.09876543 -0.17422096  0.09202447 -0.02652795  0.97504884]]",63
2,3,5,,1.3663771152496338,"[[ 8.10392916e-01  5.75415254e-01 -8.07762668e-02  2.03187484e-02
  -7.22698271e-02]
 [-4.45055783e-01  7.07202017e-01  5.48332870e-01  1.28815472e-02
   3.09148226e-02]
 [ 3.72925013e-01 -4.09426928e-01  8.32154334e-01 -2.42851377e-02
  -1.50334127e-02]
 [ 7.22377968e-04 -3.03297117e-02  1.44718112e-02  9.98944879e-01
   3.12932059e-02]
 [ 7.81987384e-02  1.45700844e-02 -1.07718855e-02 -3.06685101e-02
   9.96301174e-01]]",63
3,4,5,,1.088943600654602,"[[ 0.99191594 -0.04149757  0.10810404 -0.0281646  -0.04360037]
 [ 0.09504387 -0.18622303 -0.9734417  -0.09212338 -0.01456441]
 [ 0.05904004  0.98150045 -0.17935415 -0.02485618 -0.01963278]
 [ 0.04694111  0.00899734 -0.09232593  0.9740052   0.20125969]
 [ 0.03715155  0.01322474  0.00572043 -0.20350963  0.9782617 ]]",63
4,5,5,,1.0597875118255615,"[[ 0.69896746  0.7055177  -0.09584291  0.05975844 -0.03053432]
 [-0.6839666   0.7051542   0.12896633 -0.13245614 -0.0277548 ]
 [ 0.1928365  -0.05312929  0.44212055 -0.86878973  0.09861627]
 [-0.07998154  0.00316705 -0.8801631  -0.4522412   0.11993226]
 [-0.00715833  0.04657856  0.06343667  0.13988057  0.9870098 ]]",63
5,6,5,,1.0977239608764648,"[[ 0.9364986   0.24074002 -0.21905908  0.09746847  0.08676183]
 [-0.2325511   0.96851695  0.02216282 -0.08019453 -0.03118431]
 [-0.23051338 -0.00778756 -0.87961227  0.38883936 -0.1479499 ]
 [ 0.01439986 -0.06226985 -0.40771925 -0.91079986  0.01112256]
 [-0.12468588  0.00899419 -0.10756022  0.05758723  0.98462534]]",63
6,7,5,,1.1253823041915894,"[[-0.8734706  -0.46043143 -0.04245369 -0.05623806 -0.1417279 ]
 [-0.45190915  0.86095345  0.18404771 -0.14339437 -0.01008911]
 [ 0.05468648 -0.18310258  0.98099744 -0.01034618 -0.03193411]
 [ 0.11768599 -0.09536709 -0.0352011  -0.98774856 -0.01299508]
 [-0.12643756 -0.06434774  0.02699999 -0.0228288   0.9892536 ]]",63
7,8,5,,1.1817799806594849,"[[-0.9957889   0.08670312 -0.02798412  0.00399919 -0.00938156]
 [ 0.05528566  0.8152362   0.57471997  0.02467717 -0.03769973]
 [ 0.07266503  0.56981707 -0.8153322  -0.06026391 -0.04037298]
 [ 0.00656142  0.01912472 -0.06416785  0.9931933   0.09508273]
 [-0.00497843  0.05305849 -0.00544513 -0.09649015  0.99389136]]",63
8,9,5,,1.8669703006744385,"[[ 0.74577004  0.63982004  0.14065428  0.04354085 -0.11304002]
 [-0.2580968   0.4246453  -0.37668493 -0.77881867 -0.06791492]
 [-0.5985735   0.6301796   0.2643004   0.40516955  0.10279311]
 [-0.06070807 -0.11251102  0.8735086  -0.45282185 -0.12486327]
 [ 0.12343994  0.02284127  0.07384368 -0.14945138  0.97798383]]",63
9,10,5,,1.3145734071731567,"[[-0.8455692  -0.5265367   0.04963952  0.0724962  -0.0072036 ]
 [ 0.20995271 -0.41856328 -0.86415446  0.01872539  0.18333305]
 [-0.48192593  0.7181967  -0.48650303 -0.08093155 -0.09330508]
 [ 0.01887823  0.10414131 -0.02746043  0.9938937  -0.01480873]
 [ 0.09123282 -0.14460996 -0.11547139 -0.00434987 -0.9784743 ]]",63
10,11,5,,1.7345770597457886,"[[-0.6002809  -0.08777573 -0.50661564 -0.5749595  -0.21147238]
 [-0.7243044   0.3829534   0.2954939   0.47846556 -0.11173151]
 [ 0.25059256  0.91839176 -0.20952153 -0.2227819   0.01512734]
 [-0.06344896  0.04539709  0.7804919  -0.6198418  -0.02327955]
 [-0.21959896  0.01173505 -0.05438012 -0.08158827  0.9705796 ]]",63
0,1,5,,1.2060034275054932,"[[ 0.32492107  0.85419214  0.40043572  0.00403249  0.06646088]
 [-0.7884298   0.45557162 -0.34430763 -0.21160983  0.08663981]
 [-0.45874786 -0.22949052  0.8433125  -0.10872861  0.11784112]
 [-0.21787086  0.06577388  0.01210629  0.9696978   0.08801021]
 [ 0.12201371 -0.07627704 -0.0988984  -0.05540223  0.9830789 ]]",64
1,2,5,,1.3940246105194092,"[[-0.8864266  -0.44307542 -0.02507167  0.12930256  0.0241721 ]
 [ 0.09776576 -0.2280025   0.95937645  0.09307885 -0.0969019 ]
 [-0.4383539   0.81724876  0.2744616  -0.184211    0.17517816]
 [-0.03553176 -0.21963519  0.03199617 -0.96571237 -0.12989885]
 [ 0.1061746  -0.1885838   0.05114102 -0.08990587  0.9708061 ]]",64
2,3,5,,1.34516441822052,"[[-7.9651368e-01  5.8265036e-01 -1.4246087e-01  1.9538946e-02
  -7.3536739e-02]
 [ 5.1579767e-01  7.8927630e-01  3.3105329e-01  2.0943522e-02
   3.0995499e-02]
 [-3.0687711e-01 -1.9044499e-01  9.3240905e-01 -1.1838929e-02
   5.5196537e-03]
 [-1.1884714e-04 -2.9846486e-02  6.4482661e-03  9.9937427e-01
   1.7850438e-02]
 [-7.3110409e-02  2.0033572e-02 -2.6086709e-02 -1.7043592e-02
   9.9663556e-01]]",64
3,4,5,,1.0775132179260254,"[[-9.8667067e-01  2.7115883e-02 -1.5067321e-01  8.7806284e-03
   5.4462805e-02]
 [ 1.3794215e-01 -2.4842548e-01 -9.5720017e-01 -5.2305583e-02
  -1.6991159e-02]
 [ 6.2222645e-02  9.6817595e-01 -2.4082795e-01 -2.1352222e-02
  -1.7599640e-02]
 [ 2.9043065e-02  9.7039705e-03 -5.5379704e-02  9.7546846e-01
   2.1084784e-01]
 [ 5.2323896e-02  9.5272046e-03 -6.3505297e-04 -2.1258526e-01
   9.7569388e-01]]",64
4,5,5,,1.0648465156555176,"[[ 0.73873246  0.6680289  -0.08347683  0.03148109 -0.00723295]
 [-0.63181025  0.7298597   0.18747045 -0.1753551  -0.04718054]
 [ 0.20661776 -0.13174815  0.44122514 -0.854383    0.12369995]
 [-0.10433744  0.02948588 -0.872043   -0.4638602   0.11233377]
 [-0.0388957   0.05305922  0.05241906  0.15206233  0.9847848 ]]",64
5,6,5,,1.0881990194320679,"[[ 9.2470193e-01  2.8940475e-01 -2.0463835e-01  1.0202351e-01
  -9.4262928e-02]
 [-2.8050336e-01  9.5507085e-01  2.6154073e-02 -8.7246589e-02
   2.9350903e-02]
 [-2.2059357e-01 -5.8126263e-03 -8.5629821e-01  4.4077307e-01
   1.5419833e-01]
 [ 1.3617915e-02 -6.3637868e-02 -4.6151453e-01 -8.8457376e-01
  -1.7274460e-02]
 [-1.3189831e-01  9.7163528e-04 -1.0581474e-01  7.2302431e-02
  -9.8294330e-01]]",64
6,7,5,,1.1245883703231812,"[[-0.8666989  -0.46551222 -0.0798453   0.06168219 -0.14816004]
 [-0.465882    0.8496362   0.19933069  0.14580013  0.00905148]
 [ 0.0349011  -0.21766973  0.9738091   0.0501283  -0.02418259]
 [ 0.1226722  -0.08454723 -0.0740913   0.98605853 -0.00151203]
 [ 0.12458084  0.08299649 -0.00991583 -0.01064338 -0.9886251 ]]",64
7,8,5,,1.1830238103866577,"[[-0.9942896   0.10628561 -0.00615553 -0.00685061  0.00260066]
 [ 0.07663804  0.75708497  0.6474128   0.02951221 -0.03057307]
 [ 0.07364862  0.6432035  -0.7605738  -0.03828013 -0.03045078]
 [ 0.00599458 -0.00456378  0.04841204 -0.9981384  -0.03632159]
 [ 0.00740101  0.04235788 -0.00159483 -0.03655787  0.9984047 ]]",64
8,9,5,,1.8479355573654175,"[[ 0.7041391   0.70457125  0.07371465  0.00690462  0.04781221]
 [-0.21676375  0.30309755 -0.742733   -0.554154   -0.04905522]
 [-0.65054816  0.634099    0.23514302  0.30113578 -0.16950127]
 [-0.13483527  0.06140565  0.5998743  -0.7409652   0.26300237]
 [-0.12573062  0.0765449  -0.16665062  0.23055066  0.9473156 ]]",64
9,10,5,,1.3604469299316406,"[[-0.80488753 -0.5813154   0.06689603  0.09624669  0.02213617]
 [ 0.11633324 -0.26438686 -0.9515247   0.01325234  0.1048397 ]
 [-0.54965097  0.7619574  -0.277305    0.2007255  -0.01076341]
 [ 0.19095151 -0.09415893  0.06670581  0.9742368   0.0329347 ]
 [-0.00662645  0.0522209   0.09369106 -0.03365973  0.99363875]]",64
10,11,5,,1.7636960744857788,"[[-6.5351784e-01 -1.9138413e-02 -4.9043679e-01  5.5497915e-01
  -1.5497774e-01]
 [-6.7065012e-01  3.1968749e-01  4.6408358e-01 -4.2975089e-01
  -2.1901795e-01]
 [ 2.2754544e-01  9.4523335e-01 -1.8929972e-01  1.3692971e-01
   1.3146489e-02]
 [ 4.7202524e-02  2.9759582e-02  7.1292603e-01  6.9785732e-01
   4.0224150e-02]
 [-2.6294065e-01  5.5514857e-02 -5.7392666e-04 -3.9468467e-02
   9.6240443e-01]]",64
0,1,5,,1.2143782377243042,"[[ 0.21691348  0.8981181   0.37820852 -0.01482002  0.05541678]
 [-0.82752484  0.35308012 -0.38134664 -0.20205565  0.06546213]
 [ 0.44589132  0.25420004 -0.83510935  0.1538539  -0.12443712]
 [-0.2325488   0.04398965  0.05172676  0.9648016   0.10231388]
 [ 0.12350363 -0.04653459 -0.10700352 -0.06663842  0.9832044 ]]",65
1,2,5,,1.3990565538406372,"[[-0.9061045  -0.40581983  0.03702497  0.10854208  0.03365545]
 [ 0.12710425 -0.17409919  0.9660757   0.10894854 -0.09144362]
 [-0.38637456  0.8411161   0.24489868 -0.22152373  0.1849063 ]
 [-0.01915177 -0.22456676  0.04830571 -0.9482282  -0.21847862]
 [ 0.11474777 -0.21700996  0.0549371  -0.16774818  0.9531957 ]]",65
2,3,5,,1.3484742641448975,"[[ 0.88280594  0.4488084  -0.11030818  0.01734998 -0.08219411]
 [-0.35460865  0.81451195  0.4581581   0.01381806  0.02689202]
 [ 0.2978757  -0.36643386  0.8813352  -0.00608739  0.01440176]
 [-0.01161405 -0.02204816  0.00226797  0.99899065 -0.03730262]
 [ 0.07772803  0.01952918 -0.03415103  0.03858262  0.9954507 ]]",65
3,4,5,,1.0660372972488403,"[[ 0.9968439  -0.02668565  0.02428332 -0.01336719 -0.0694406 ]
 [ 0.01797633 -0.16251206 -0.9860627  -0.02357739 -0.01977756]
 [ 0.02827678  0.985514   -0.16048127 -0.04213173 -0.02081471]
 [ 0.02950519  0.03982802 -0.03355095  0.97616595  0.20860851]
 [ 0.0656445   0.00731979 -0.01451842 -0.21116425  0.97510827]]",65
4,5,5,,1.0638455152511597,"[[ 0.7220068   0.68566567  0.09029774  0.01410797 -0.01469861]
 [-0.6583264   0.71782804 -0.17278239 -0.1388843  -0.0467617 ]
 [ 0.17353626 -0.10480965 -0.43480736 -0.8675396   0.13121662]
 [-0.11886459  0.02070044  0.87868077 -0.45304665  0.09006414]
 [-0.03269386  0.05632    -0.02924436  0.15045261  0.9860365 ]]",65
5,6,5,,1.102487325668335,"[[ 0.8854853   0.3727631  -0.22627844  0.14215106  0.07452824]
 [-0.35092965  0.92346245  0.045217   -0.14318995 -0.03895704]
 [ 0.26674584  0.00345648  0.8509452  -0.41301063  0.1847953 ]
 [ 0.06153681 -0.09026117 -0.45396018 -0.8838608   0.02786121]
 [-0.13350624  0.01028837 -0.12870885  0.08661361  0.9787759 ]]",65
6,7,5,,1.132391095161438,"[[-8.0108708e-01 -5.8496141e-01 -1.9573914e-02  3.0284964e-03
  -1.2524900e-01]
 [-5.8015281e-01  7.9276198e-01  8.6846665e-02 -1.6528684e-01
  -9.4428621e-03]
 [ 6.0650121e-02 -1.0856400e-01  9.6592051e-01 -2.2393218e-01
  -3.7248272e-02]
 [ 8.3273739e-02 -1.1288972e-01 -2.4024326e-01 -9.6048141e-01
   8.9446669e-03]
 [-1.0521046e-01 -6.9414973e-02  3.6815036e-02 -9.3952351e-04
   9.9134052e-01]]",65
7,8,5,,1.1933465003967285,"[[ 0.9949445  -0.09413327  0.03168869  0.01096307  0.01000365]
 [-0.09141537 -0.74203855  0.6630185   0.02973177 -0.02333366]
 [-0.0391323  -0.6517338  -0.7427125   0.14205706 -0.04369997]
 [-0.00324416  0.11486952  0.08552562  0.9884535   0.04939213]
 [-0.01367014 -0.05065385 -0.0215811  -0.04213519  0.9975    ]]",65
8,9,5,,1.8272055387496948,"[[-0.54805154 -0.82553124 -0.13244297  0.0242599   0.00283726]
 [ 0.18363908 -0.22078669  0.7301894   0.61968887  0.01841076]
 [-0.79141265  0.5091811   0.14352903  0.2519911  -0.1740703 ]
 [-0.16959482 -0.00993633  0.63829786 -0.71243864  0.23695135]
 [-0.10401817  0.10191812 -0.14579977  0.21054395  0.95561844]]",65
9,10,5,,1.3500715494155884,"[[-0.46489918 -0.8679742   0.14191726  0.09695784  0.03079027]
 [ 0.30954415 -0.30205593 -0.8881988   0.03206849  0.15172043]
 [-0.79769635  0.38507888 -0.40542182  0.22431019 -0.02669937]
 [ 0.21623385  0.01394321  0.11777376  0.9664494   0.07178755]
 [-0.07053073  0.08308234  0.11280446 -0.07232795  0.9849704 ]]",65
10,11,5,,1.7693703174591064,"[[-0.20454034 -0.3226091  -0.59839773 -0.6950679  -0.11352266]
 [-0.90575904  0.3385571   0.03805635  0.11340473 -0.22510174]
 [ 0.28164488  0.87958634 -0.3037372  -0.23304892  0.02087867]
 [-0.02540978  0.08493226  0.7372842  -0.66951656  0.01733238]
 [-0.24040459  0.02041693 -0.06802561 -0.03815524  0.9673187 ]]",65
0,1,5,,1.2063599824905396,"[[ 2.81502694e-01  8.71270537e-01  3.97159278e-01 -5.65332957e-05
   6.25167489e-02]
 [-7.89898574e-01  4.24749970e-01 -3.84210169e-01 -2.04862058e-01
   7.78578222e-02]
 [-4.86925572e-01 -2.28562430e-01  8.28273892e-01 -1.05753191e-01
   1.15936354e-01]
 [-2.21242934e-01  6.58488572e-02  1.09278327e-02  9.72880602e-01
   9.96845216e-03]
 [ 1.03786290e-01 -6.24351501e-02 -9.21409130e-02  1.87377539e-02
   9.88174677e-01]]",66
1,2,5,,1.39730966091156,"[[-0.9021614  -0.41043216 -0.05677996  0.11723559  0.0261198 ]
 [ 0.05075009 -0.22601327  0.9645509   0.08689692 -0.09183147]
 [-0.4135393   0.83562094  0.25159493 -0.1772791   0.18972334]
 [-0.03356703 -0.21356915  0.03144065 -0.9723287  -0.08276413]
 [ 0.106714   -0.19128323  0.04614266 -0.04305572  0.97367346]]",66
2,3,5,,1.3382716178894043,"[[-0.77517307  0.62231195 -0.08606865  0.01891837 -0.06378739]
 [ 0.5510003   0.7428089   0.37646502  0.02173878  0.04934757]
 [-0.29941967 -0.24521886  0.92206615 -0.00279602  0.00134082]
 [ 0.00196359 -0.0286235  -0.00394165  0.99957955 -0.00133539]
 [-0.07648196  0.00334132 -0.02539208  0.00147739  0.99674094]]",66
3,4,5,,1.0659253597259521,"[[-0.9880932   0.03857328  0.13868403  0.025778    0.04781321]
 [ 0.1175724  -0.33394396  0.93483484  0.0167877  -0.02144997]
 [ 0.08100914  0.94157624  0.32580268 -0.01117584 -0.0244834 ]
 [ 0.03441466  0.01768216 -0.01097413  0.9787474   0.20108688]
 [ 0.04584365  0.0107274   0.02413913 -0.20244052  0.9778642 ]]",66
4,5,5,,1.059861421585083,"[[-0.83525497  0.5426042   0.07667363  0.04474241 -0.0070027 ]
 [ 0.5077486   0.8175203  -0.11603842 -0.24274568 -0.03823043]
 [ 0.17742762  0.18059698  0.08597382  0.9565533  -0.11626934]
 [ 0.11163402  0.04285354  0.9830299  -0.10623282  0.08982302]
 [ 0.02444852  0.05281602 -0.08316799  0.11310686  0.9883838 ]]",66
5,6,5,,1.0751056671142578,"[[-0.9069071  -0.35280338  0.1890019  -0.11079407 -0.07108019]
 [-0.33870643  0.9320877   0.02799879 -0.11287957 -0.05444948]
 [ 0.21163681  0.01915251  0.9171035  -0.31164053  0.1290132 ]
 [ 0.06708067 -0.0746144  -0.3399812  -0.9328378   0.06449133]
 [-0.11622263  0.02842802 -0.08263326  0.08761598  0.98548436]]",66
6,7,5,,1.1111021041870117,"[[-0.89437944 -0.42041987 -0.04470163  0.07517564 -0.12523086]
 [-0.415216    0.87219673  0.24088936  0.09372049  0.00757906]
 [ 0.06770972 -0.23766798  0.96854067  0.02375435 -0.01714791]
 [ 0.10511815 -0.0449542  -0.04252401  0.9924701   0.01113636]
 [-0.10975689 -0.06334871  0.00973727 -0.00195705  0.991888  ]]",66
7,8,5,,1.1828501224517822,"[[-9.8796111e-01 -1.5458407e-01  4.6270341e-03 -3.8760244e-03
  -3.5337268e-04]
 [ 1.1351405e-01 -7.0528036e-01  6.9891173e-01  3.0333389e-02
  -1.7217970e-02]
 [ 1.0417723e-01 -6.8188441e-01 -6.9789076e-01 -1.8805593e-01
  -4.2001918e-02]
 [-1.2765609e-02  1.1091631e-01  1.5584777e-01 -9.8100471e-01
  -2.9592581e-02]
 [ 5.6114802e-03 -3.7611533e-02 -1.2683993e-02 -3.6461823e-02
   9.9853075e-01]]",66
8,9,5,,1.7861462831497192,"[[ 0.64217067  0.7584626  -0.09775495  0.02413339  0.04704046]
 [ 0.18520029 -0.2447037  -0.79632956 -0.52040046  0.02938568]
 [-0.7184199   0.5969076  -0.22863322 -0.19726193 -0.1907583 ]
 [-0.11804351 -0.00947709 -0.53912157  0.8005916   0.2331887 ]
 [-0.1525001   0.09201097  0.1156632  -0.22077535  0.9519233 ]]",66
9,10,5,,1.32759428024292,"[[-0.8256645  -0.5530454   0.08564039  0.07078105  0.00864547]
 [ 0.16388792 -0.38294542 -0.8999809  -0.00713132  0.12836327]
 [ 0.5085498  -0.7253636   0.40472212 -0.22646612  0.01174236]
 [-0.17879203  0.1285813  -0.08648363 -0.97040135 -0.0483969 ]
 [-0.02879886  0.06934088  0.10686798 -0.04442647  0.9904383 ]]",66
10,11,5,,1.7620078325271606,"[[-0.6574346  -0.12648265 -0.5222395  -0.49166325 -0.19317108]
 [-0.6823127   0.38604507  0.46580827  0.37958893 -0.15605588]
 [ 0.2053664   0.9096377  -0.32136095 -0.1645035  -0.00704388]
 [ 0.04820168  0.07566968  0.63667357 -0.76576495  0.01419484]
 [-0.24027152  0.0424813  -0.04077305 -0.02687211  0.9685455 ]]",66
0,1,5,,1.2087000608444214,"[[ 0.3565754   0.8535616   0.37278974  0.03604199  0.06336726]
 [-0.7489539   0.48340264 -0.38360092 -0.22486538  0.08761173]
 [-0.49635965 -0.16351497  0.8414108  -0.0948783   0.09957858]
 [-0.23419684  0.06322942 -0.02154697  0.96899176  0.04176823]
 [ 0.1034457  -0.08378202 -0.07376763 -0.01377     0.98825514]]",67
1,2,5,,1.3864457607269287,"[[ 9.1440457e-01 -3.8207555e-01 -2.4449168e-02  1.2875122e-01
   2.6605517e-02]
 [ 3.1382608e-04 -4.3951783e-02  9.9273717e-01  7.3344447e-02
  -8.4625170e-02]
 [ 3.8950041e-01  8.8530123e-01  6.6716880e-02 -1.6406006e-01
   1.8211052e-01]
 [ 5.9804268e-02 -1.9438513e-01  5.6424271e-02 -9.7409844e-01
  -8.1156708e-02]
 [-9.2612267e-02 -1.7476432e-01  7.8994215e-02 -4.7542006e-02
   9.7589958e-01]]",67
2,3,5,,1.345686912536621,"[[-0.7063431  -0.69503653  0.1220498  -0.0219785   0.05122916]
 [-0.57471204  0.66973954  0.46710372  0.00950823  0.05365345]
 [ 0.40663138 -0.26032785  0.87552935 -0.00964783 -0.01534868]
 [-0.00468909 -0.02424406  0.00633553  0.9994725   0.02012431]
 [ 0.07358268 -0.00384733 -0.01805907 -0.01970662  0.9969234 ]]",67
3,4,5,,1.08059823513031,"[[ 0.9795895  -0.04930827  0.1886685  -0.01912207 -0.04485077]
 [ 0.1590119  -0.34302086 -0.9247971  -0.03376143 -0.0257373 ]
 [ 0.1090244   0.9379705  -0.32782283 -0.02156693 -0.01979863]
 [ 0.03571262  0.00902963 -0.03830752  0.98014057  0.19104987]
 [ 0.04424771  0.00592385 -0.01480752 -0.19327134  0.98001736]]",67
4,5,5,,1.0624668598175049,"[[ 0.7429297   0.66282254  0.06872159  0.06031488 -0.0190055 ]
 [-0.6296272   0.73587555 -0.09609918 -0.2287807  -0.02193384]
 [ 0.20764329 -0.13086319 -0.1119772  -0.9562175   0.11343868]
 [-0.09131981  0.01508098  0.98147404 -0.1233395   0.11370744]
 [-0.0130362   0.04243707 -0.10105522  0.12023731  0.9865901 ]]",67
5,6,5,,1.0820564031600952,"[[ 0.9516528   0.18873452 -0.19844863  0.10911121 -0.0863081 ]
 [-0.18081155  0.9806426   0.01571969 -0.06728216  0.02955089]
 [ 0.21445633  0.00820584  0.9258423  -0.2899165  -0.11271939]
 [ 0.05022199 -0.0496589  -0.31190857 -0.94684887 -0.03467135]
 [-0.11467491  0.0136388  -0.07681231  0.05471385 -0.9888225 ]]",67
6,7,5,,1.1061352491378784,"[[ 0.9297181  -0.33115235 -0.03226953  0.08340242 -0.13403414]
 [ 0.3224124   0.9065945   0.24770227  0.11282799  0.00707713]
 [-0.0522449  -0.24080735  0.9680394  -0.03943413 -0.02503965]
 [-0.12137721 -0.08309122  0.01242656  0.98874396 -0.02438239]
 [-0.11921678  0.05943194 -0.01864429 -0.03382775 -0.990335  ]]",67
7,8,5,,1.1791819334030151,"[[ 0.9902805  -0.13234192 -0.0323164   0.02772266  0.00413176]
 [ 0.09105193  0.82748085 -0.54932785  0.06274255 -0.03587884]
 [ 0.10453548  0.53788996  0.80559963 -0.22005168 -0.04830294]
 [ 0.01017071 -0.07540873 -0.2194132  -0.9712451  -0.05244963]
 [ 0.00477342  0.05243013  0.00785412 -0.05962475  0.99680066]]",67
8,9,5,,1.8474887609481812,"[[ 0.7771342   0.6107939   0.1096472  -0.01493586  0.10367133]
 [-0.22216296  0.44284153 -0.78741896  0.36201736 -0.05873505]
 [ 0.55123377 -0.650529   -0.4298784   0.22957417  0.18829107]
 [-0.09587963  0.02351755  0.41794375  0.86406463  0.26262027]
 [-0.18345165  0.08414955 -0.09206746 -0.26345477  0.9388182 ]]",67
9,10,5,,1.3674157857894897,"[[ 0.9820643  -0.16718416  0.05223981  0.0685773   0.01293131]
 [-0.01378614 -0.3616026  -0.9243316  -0.00282862  0.12106464]
 [ 0.14359158  0.86837226 -0.34472626  0.3259904  -0.01432324]
 [ 0.12127641  0.2877121  -0.11501185 -0.9426336  -0.0269783 ]
 [-0.00574731  0.06666636  0.1040106  -0.02147564  0.99209034]]",67
10,11,5,,1.7994719743728638,"[[ 0.8626075  -0.10913246  0.31288645  0.28442478  0.25534874]
 [-0.3435885   0.36769426  0.6767772   0.52801985 -0.09957721]
 [ 0.24735588  0.9207751  -0.27300802 -0.12445623  0.03107258]
 [ 0.04590554  0.06084409  0.60784274 -0.79036444  0.0064816 ]
 [-0.2730621   0.03690821 -0.00828178 -0.01150536  0.9611836 ]]",67
0,1,5,,1.2324477434158325,"[[ 0.28393504  0.87610704  0.3821619   0.00662848  0.07566896]
 [-0.81057537  0.41120264 -0.35277864 -0.2072655   0.08042496]
 [-0.4552606  -0.23242986  0.84662616 -0.07133155  0.12980801]
 [-0.20259622  0.06131998 -0.02033505  0.97479147  0.06754681]
 [ 0.11849471 -0.07460003 -0.11095116 -0.04111366  0.983053  ]]",68
1,2,5,,1.392127275466919,"[[-0.8770137  -0.4624159   0.03693292  0.12070933  0.03292079]
 [ 0.10693429 -0.10258021  0.97814834  0.11060706 -0.09504845]
 [-0.45633084  0.843572    0.17187859 -0.17502864  0.14131902]
 [-0.01885628 -0.21605937  0.08205759 -0.9700446  -0.07240779]
 [ 0.10401283 -0.13173226  0.07473974 -0.03967182  0.9821752 ]]",68
2,3,5,,1.3627994060516357,"[[-0.75055444 -0.638993   -0.14731981  0.04332322 -0.0691087 ]
 [ 0.5616607  -0.7431843   0.36170378  0.03122031  0.0202454 ]
 [-0.34293926  0.18796043  0.92001873 -0.02237996  0.01132408]
 [ 0.00677944  0.05489773  0.0154518   0.9982815   0.01164557]
 [-0.05959898 -0.03196896 -0.02817911 -0.00903484  0.9972714 ]]",68
3,4,5,,1.099006175994873,"[[-9.6056414e-01  8.6515106e-02 -2.5949749e-01 -1.7063811e-02
   4.6921831e-02]
 [-2.4725263e-01  1.1751488e-01  9.5013225e-01  1.4639784e-01
   2.9543649e-02]
 [ 1.1322062e-01  9.8928940e-01 -8.9683302e-02 -1.8993903e-02
  -9.1536595e-03]
 [ 3.3536892e-02  3.3613206e-03 -1.4703606e-01  9.6425408e-01
   2.1784963e-01]
 [ 4.7319669e-02  8.1292167e-04  1.5719537e-02 -2.1938504e-01
   9.7436303e-01]]",68
4,5,5,,1.0638545751571655,"[[-0.78538346  0.6092691  -0.10522132  0.0217302  -0.02050371]
 [ 0.59072244  0.7853328   0.12268573 -0.12716714 -0.05546361]
 [-0.16304457 -0.08464787  0.5351032  -0.8159005   0.11925693]
 [ 0.08366979 -0.01127323 -0.8274166  -0.53837776  0.13565902]
 [ 0.02521351  0.0689303   0.05406438  0.16676971  0.9817728 ]]",68
5,6,5,,1.0723581314086914,"[[-0.8960568  -0.38384694  0.20240635 -0.05458865  0.07612807]
 [-0.3760402   0.92283565  0.06109992 -0.04853175  0.02965986]
 [-0.20748071 -0.00953274 -0.8802135   0.40333635  0.13930136]
 [-0.02234011 -0.03051085 -0.4092529  -0.91146445  0.01773709]
 [-0.11013012 -0.00376953 -0.11416966  0.03488692 -0.9867144 ]]",68
6,7,5,,1.0979762077331543,"[[ 0.8950822  -0.39752245 -0.10564423  0.1215191  -0.12196807]
 [ 0.40117404  0.88900083  0.19036253  0.11157293 -0.00710461]
 [ 0.01090982 -0.21640523  0.9752129   0.01858789 -0.04079499]
 [-0.16140464 -0.0449755  -0.02829045  0.98493415 -0.0320951 ]
 [-0.10824432  0.05290898 -0.02758717 -0.04841241 -0.9911503 ]]",68
7,8,5,,1.1859889030456543,"[[ 9.93443906e-01 -9.87780839e-02 -5.73999807e-02  2.60410761e-03
  -3.23130027e-03]
 [ 7.37319589e-02  9.38027918e-01 -3.34254861e-01  4.06723954e-02
  -3.58697176e-02]
 [ 8.72532353e-02  3.30581039e-01  9.37406242e-01 -6.40468970e-02
   1.64496079e-02]
 [-1.03825645e-04  1.61251035e-02 -7.33390749e-02 -9.96852338e-01
  -2.54330393e-02]
 [ 4.42180876e-03  2.83311531e-02 -2.94929221e-02 -2.28574220e-02
   9.98892128e-01]]",68
8,9,5,,1.8905545473098755,"[[ 0.7360697   0.6516199   0.12681058  0.04052385  0.12597507]
 [-0.47968155  0.63786715 -0.3663695  -0.47764     0.02577897]
 [ 0.44752607 -0.40721297 -0.43833795 -0.6493878   0.1416098 ]
 [-0.09303228 -0.03470228  0.810694   -0.56987345  0.09033411]
 [ 0.13846427  0.0386049   0.01810031 -0.15413484 -0.97737   ]]",68
9,10,5,,1.3658382892608643,"[[-0.8623385  -0.48920304  0.09373204  0.08900743  0.0185655 ]
 [ 0.16772407 -0.4540378  -0.86647075  0.01669326  0.12111217]
 [-0.46671405  0.7346277  -0.48491743  0.04218942 -0.07466806]
 [ 0.09524362  0.01666569  0.02469873  0.9945615  -0.0298031 ]
 [-0.03671007  0.12072509  0.06846742  0.02943477  0.9892035 ]]",68
10,11,5,,1.7587759494781494,"[[-0.669195   -0.06913894 -0.43209997 -0.5733779  -0.17867674]
 [-0.6456802   0.4173317   0.30337286  0.53199273 -0.18406524]
 [ 0.26300928  0.90340364 -0.21950702 -0.2570262   0.02102817]
 [-0.05146878  0.05250094  0.8199832  -0.5675449   0.01072214]
 [-0.25189734  0.04647136 -0.02643411  0.00720535  0.9662491 ]]",68
0,1,5,,1.213976502418518,"[[ 0.24006522  0.89047647  0.3813805  -0.01735442  0.06056491]
 [-0.8222384   0.37265834 -0.37324762 -0.20110203  0.07275964]
 [-0.45047942 -0.24874723  0.8379108  -0.12720223  0.13006996]
 [-0.22018932  0.05835257  0.03484526  0.97031105  0.07344347]
 [ 0.12197404 -0.05382555 -0.10920835 -0.03965972  0.9842387 ]]",69
1,2,5,,1.397682785987854,"[[-0.8893088  -0.4411944  -0.01424221  0.115275    0.03140333]
 [ 0.11957382 -0.24925032  0.9498795   0.111523   -0.09416936]
 [-0.42557007  0.8054113   0.3072247  -0.2108498   0.1770826 ]
 [-0.01551786 -0.23221189  0.03534302 -0.9551366  -0.1797268 ]
 [ 0.11610883 -0.2015246   0.04347319 -0.13240345  0.9625414 ]]",69
2,3,5,,1.3440624475479126,"[[ 0.8590865   0.49046177 -0.12309708  0.02036287 -0.07648502]
 [-0.42232174  0.8323564   0.35724238  0.02375121  0.0253152 ]
 [ 0.2799963  -0.25546667  0.9252269  -0.00294716  0.01688821]
 [-0.0088624  -0.03115522 -0.00219381  0.99902785 -0.02982123]
 [ 0.07168073  0.01990345 -0.03428124  0.03091693  0.99616   ]]",69
3,4,5,,1.0667039155960083,"[[ 0.9941161  -0.04577138  0.07422945 -0.01090461 -0.06331822]
 [ 0.06200061 -0.20236127 -0.9768013  -0.02487049 -0.02113222]
 [ 0.05826074  0.9778962  -0.19773011 -0.02949    -0.01891336]
 [ 0.02785511  0.02522647 -0.03290178  0.9758925   0.21245942]
 [ 0.06098233  0.00611589 -0.01302069 -0.21453834  0.97470385]]",69
4,5,5,,1.0620909929275513,"[[-0.78349733  0.61434096 -0.0917061   0.01394332 -0.01060685]
 [ 0.583186    0.7731087   0.17750423 -0.1666222  -0.05409634]
 [-0.17623511 -0.14086944  0.4142048  -0.8719075   0.13156264]
 [ 0.11703661  0.02839093 -0.8870567  -0.43504298  0.09676959]
 [ 0.03563149  0.06509876  0.04058328  0.15019172  0.9850319 ]]",69
5,6,5,,1.0814834833145142,"[[-0.8918462  -0.38207778  0.20223148 -0.10816412 -0.07765324]
 [-0.3639459   0.9206259   0.05017707 -0.12348451 -0.04717129]
 [-0.23298506  0.00412651 -0.85185266  0.43671587 -0.17125185]
 [ 0.03296963 -0.07857101 -0.46542826 -0.8806859   0.02254646]
 [-0.12955642  0.01655406 -0.11961699  0.08199736  0.98076975]]",69
6,7,5,,1.1125773191452026,"[[-0.8507195  -0.50253516 -0.06975173 -0.04021951 -0.13134658]
 [-0.502942    0.83858836  0.15514758 -0.1402004   0.00958858]
 [ 0.04450841 -0.18393676  0.96100974 -0.19871761 -0.03402627]
 [ 0.09963494 -0.06221833 -0.21675582 -0.9691222   0.00458526]
 [-0.10685322 -0.08077204  0.02326059 -0.00631508  0.99069536]]",69
7,8,5,,1.1879730224609375,"[[ 0.9935575  -0.11080992  0.01973652  0.00561202  0.0119813 ]
 [-0.09829862 -0.76972306  0.6296893   0.03134196 -0.01931236]
 [-0.05416869 -0.6228066  -0.7750445   0.08642039 -0.0318626 ]
 [ 0.00193234  0.07832437  0.0471088   0.99560744  0.0202042 ]
 [-0.0155826  -0.03499819 -0.01373575 -0.01684018  0.9990296 ]]",69
8,9,5,,1.8100732564926147,"[[-0.55424595 -0.8260344  -0.10142376  0.01365785 -0.00226323]
 [ 0.28561193 -0.27526334  0.7505013   0.5252891   0.05895051]
 [-0.7564941   0.4818914   0.2558394   0.31750575 -0.17097826]
 [-0.15623385  0.01938086  0.5880809  -0.76760125  0.20041081]
 [-0.12060224  0.09644718 -0.12315949  0.18401939  0.96287155]]",69
9,10,5,,1.345271348953247,"[[-0.61469495 -0.7669577   0.15281355  0.10000785  0.023925  ]
 [ 0.21251956 -0.34261423 -0.90348077  0.02498359  0.14335014]
 [-0.72556406  0.53430545 -0.37330416  0.21742615 -0.03800476]
 [ 0.21821685 -0.02788067  0.09603572  0.9696665   0.04613196]
 [-0.05407159  0.09017598  0.10858952 -0.04297744  0.98757577]]",69
10,11,5,,1.7619421482086182,"[[-0.3787465  -0.2316733  -0.58329463 -0.6600673  -0.16418573]
 [-0.85429287  0.35404697  0.24084742  0.20559883 -0.21108319]
 [ 0.24309567  0.9028846  -0.29550907 -0.19588695  0.0025675 ]
 [ 0.05301087  0.06847259  0.71340895 -0.6943374   0.03801091]
 [-0.25461566  0.03300183 -0.07404075 -0.03955007  0.9628268 ]]",69
0,1,5,,1.2107659578323364,"[[ 0.30707946  0.86955297  0.38082132  0.0075349   0.06706829]
 [-0.7999494   0.43196332 -0.3519472  -0.20641421  0.08375572]
 [-0.45536652 -0.21952759  0.84929883 -0.09432583  0.11934453]
 [-0.21474308  0.06272591  0.00355662  0.9738112   0.04037207]
 [ 0.11094992 -0.07182208 -0.09893023 -0.01143213  0.9862119 ]]",70
1,2,5,,1.3969576358795166,"[[-0.89392275 -0.43154114  0.01139773  0.11717503  0.02854028]
 [ 0.07627461 -0.11305358  0.9816761   0.09318864 -0.09502213]
 [-0.4269614   0.8539503   0.16506404 -0.17172289  0.17815153]
 [-0.0308019  -0.20444356  0.06253298 -0.9723265  -0.08902118]
 [ 0.10880998 -0.17309776  0.07089312 -0.05175149  0.97493255]]",70
2,3,5,,1.348793387413025,"[[-0.7993675   0.5873133  -0.10417954  0.02310424 -0.06846557]
 [ 0.5052931   0.76214844  0.40184522  0.03068965  0.03724653]
 [-0.31647015 -0.2690211   0.90952426 -0.01536834 -0.00193731]
 [-0.00322855 -0.04092036  0.00369176  0.9989852   0.01816824]
 [-0.0743426   0.01208444 -0.02047079 -0.01779793  0.9967905 ]]",70
3,4,5,,1.0787625312805176,"[[-0.980738    0.04397249 -0.1829505   0.02392478  0.04664867]
 [ 0.16716334 -0.22681266 -0.9589133  -0.02756793 -0.0183759 ]
 [ 0.08250243  0.9728309  -0.21506676 -0.00834853 -0.02168082]
 [ 0.03871786  0.0039022  -0.02622393  0.97738326  0.20620373]
 [ 0.0436311   0.01439939 -0.00853838 -0.2081343   0.9769832 ]]",70
4,5,5,,1.0584080219268799,"[[-0.8361513   0.5397636   0.08252921  0.0506084  -0.01157576]
 [ 0.5087721   0.82658726 -0.14104238 -0.19001594 -0.04365183]
 [-0.17650135 -0.14400935 -0.2593367  -0.93198234  0.11073394]
 [ 0.10184638  0.04091179  0.9488678  -0.27737322  0.10328402]
 [ 0.02182959  0.05473914 -0.07543464  0.12572105  0.9874366 ]]",70
5,6,5,,1.0753291845321655,"[[-0.9066     -0.3599129   0.18995503 -0.0767305   0.08104642]
 [-0.3468915   0.9310709   0.05135836 -0.08571416  0.05280822]
 [ 0.20491482  0.00173734  0.8970699  -0.3631069  -0.14637537]
 [ 0.01746228 -0.05562703 -0.38185796 -0.9219078  -0.029517  ]
 [-0.12428828  0.0217329  -0.10358299  0.07074544 -0.9840456 ]]",70
6,7,5,,1.109146237373352,"[[ 8.9365405e-01 -4.1117728e-01 -7.0907481e-02  9.1917716e-02
  -1.3725464e-01]
 [ 4.1237816e-01  8.6726427e-01  2.6361120e-01  9.0439647e-02
   1.1257148e-02]
 [-4.9633179e-02 -2.6764604e-01  9.6191537e-01 -7.9422109e-03
  -2.3619946e-02]
 [-1.2214914e-01 -4.2326249e-02 -9.8771816e-03  9.9155951e-01
   6.3205551e-04]
 [-1.1807918e-01  7.3212154e-02 -1.0126081e-02 -1.0890588e-02
  -9.9018997e-01]]",70
7,8,5,,1.1846715211868286,"[[ 9.90741551e-01 -1.30784392e-01 -3.59907746e-02  5.55553520e-03
   5.34623454e-04]
 [ 8.86904523e-02  8.26033890e-01 -5.54901540e-01  3.67285721e-02
  -2.31781043e-02]
 [ 1.02496706e-01  5.44785023e-01  8.19035709e-01 -1.44805804e-01
  -3.02580502e-02]
 [-6.28273934e-03 -5.08617833e-02 -1.41066954e-01 -9.88341868e-01
  -2.55780909e-02]
 [ 4.47136303e-03  3.44353020e-02  8.34067073e-03 -2.88435277e-02
   9.98945832e-01]]",70
8,9,5,,1.8458564281463623,"[[ 0.6948862   0.7116586   0.07554381 -0.0125532   0.06936046]
 [-0.35754043  0.41585976 -0.64190674 -0.52965033 -0.08155867]
 [ 0.5885171  -0.55847347 -0.391424   -0.39059326  0.18968147]
 [-0.11273444  0.00896087  0.6438424  -0.72863483  0.20437452]
 [-0.17388634  0.09289721 -0.12042917  0.18931764  0.9543528 ]]",70
9,10,5,,1.3522781133651733,"[[-0.857361   -0.50111496  0.08583041  0.08017018  0.00468238]
 [ 0.11817832 -0.35931635 -0.91594166 -0.00932939  0.13375144]
 [-0.48647952  0.7818943  -0.3767109   0.09062341 -0.04307246]
 [ 0.11433391 -0.03320141  0.02021274  0.99252856  0.01743344]
 [-0.03509309  0.08552504  0.10660359 -0.01265502  0.9899138 ]]",70
10,11,5,,1.7384028434753418,"[[-6.9734919e-01 -9.3839742e-02 -4.8304945e-01 -4.8166642e-01
  -1.9889413e-01]
 [-6.5123707e-01  3.4394953e-01  4.9606052e-01  4.3723977e-01
  -1.4259854e-01]
 [ 1.7946418e-01  9.3137878e-01 -2.7131996e-01 -1.6267633e-01
  -1.5751459e-02]
 [ 4.1434374e-02  5.7159156e-02  6.6785979e-01 -7.4093145e-01
   7.2921597e-05]
 [-2.3594533e-01  4.6467882e-02 -3.0594882e-02 -3.7091892e-02
   9.6946311e-01]]",70
0,1,5,,1.2229589223861694,"[[ 0.20829132  0.9045745   0.3662086  -0.00161579  0.06517927]
 [-0.83962315  0.33683664 -0.36825565 -0.20176043  0.07248834]
 [-0.43613255 -0.25214678  0.84750587 -0.10661736  0.12875119]
 [-0.22055955  0.04329058  0.0162839   0.97358555  0.03668142]
 [ 0.11309125 -0.05323507 -0.1083863  -0.00735638  0.98619205]]",71
1,2,5,,1.3988076448440552,"[[-0.93772364 -0.32941705  0.01394863  0.10268512  0.03768021]
 [ 0.07116531 -0.1419075   0.97935176  0.09253699 -0.08429045]
 [-0.3232041   0.8902827   0.18589206 -0.18756683  0.18220498]
 [-0.03346778 -0.21370307  0.05694904 -0.9718687  -0.07374924]
 [ 0.10014337 -0.1818636   0.05363391 -0.03438886  0.9761341 ]]",71
2,3,5,,1.3614407777786255,"[[ 0.83736306  0.5363816  -0.06665122  0.02334916 -0.07829659]
 [-0.44536474  0.7581549   0.475149    0.01311944  0.03021076]
 [ 0.30732894 -0.36912093  0.87695414 -0.01397311  0.00740674]
 [-0.01126336 -0.02815942  0.00820532  0.99925613 -0.02236194]
 [ 0.07678153  0.02127768 -0.02598396  0.02397186  0.9961938 ]]",71
3,4,5,,1.0801581144332886,"[[ 9.9660867e-01 -3.7287377e-02  4.3942336e-02 -2.7468538e-02
  -5.1915828e-02]
 [ 3.2313507e-02 -2.0577493e-01 -9.7491598e-01 -7.6671913e-02
  -1.6513156e-02]
 [ 4.3504357e-02  9.7761482e-01 -2.0168166e-01 -3.7054829e-02
  -1.8113907e-02]
 [ 4.2345271e-02  2.1732690e-02 -8.3260395e-02  9.7249591e-01
   2.1225926e-01]
 [ 4.5178939e-02  7.9563931e-03  2.0693109e-04 -2.1504784e-01
   9.7552544e-01]]",71
4,5,5,,1.062718391418457,"[[ 0.72653455  0.6764453  -0.11543138  0.0242801  -0.0255999 ]
 [-0.6488759   0.7285223   0.16395658 -0.1410103  -0.03807491]
 [ 0.20351925 -0.09094117  0.55521643 -0.7925819   0.11772119]
 [-0.09644967 -0.00931625 -0.8066871  -0.57228255  0.11117201]
 [-0.01962253  0.05761856  0.02800736  0.15438001  0.985737  ]]",71
5,6,5,,1.0963770151138306,"[[ 0.89106226  0.36861828 -0.22617763  0.11861506 -0.07001933]
 [-0.35386875  0.92579335  0.03880141 -0.12020775  0.04157121]
 [-0.25747994 -0.00701657 -0.8146931   0.4952575   0.15700348]
 [ 0.01338911 -0.08251797 -0.5222117  -0.84858143 -0.01469663]
 [-0.11962333  0.01299331 -0.10444306  0.07816678 -0.9841255 ]]",71
6,7,5,,1.1296144723892212,"[[-0.8287943  -0.54258084 -0.04126114 -0.04836307 -0.12109741]
 [-0.53541297  0.82618004  0.1094777  -0.1354702  -0.02054228]
 [ 0.04455978 -0.12381542  0.981837   -0.1329617  -0.03164658]
 [ 0.10984026 -0.07009755 -0.14649247 -0.98058474  0.00385764]
 [ 0.11127655  0.05280831 -0.02912465  0.00913843 -0.9919159 ]]",71
7,8,5,,1.190108299255371,"[[ 0.9970594  -0.07053187 -0.00355107  0.02953268 -0.00359338]
 [-0.05205083 -0.7626521   0.64393914  0.0096595  -0.03002644]
 [-0.04851562 -0.6419275  -0.7650173   0.01114695 -0.0141305 ]
 [-0.02820578  0.0138641   0.00311613  0.9959664   0.08398622]
 [ 0.0037185  -0.03352554  0.00828457 -0.08343519  0.9959077 ]]",71
8,9,5,,1.8876100778579712,"[[-0.64001787 -0.7316499  -0.22889493 -0.02776393 -0.04360927]
 [ 0.19119254 -0.32052293  0.37305254  0.84613645  0.07480217]
 [-0.72016054  0.56273556  0.21227682  0.2978504  -0.17584415]
 [-0.11843742 -0.15905406  0.840682   -0.42769364  0.2664699 ]
 [-0.14547831  0.14136434 -0.23797305  0.1079144   0.94370306]]",71
9,10,5,,1.322872281074524,"[[-0.5531394  -0.82636756  0.08160777  0.06663314  0.00732081]
 [ 0.4433047  -0.36841774 -0.79567647  0.0663486   0.17391406]
 [-0.6928855   0.40905952 -0.58730507  0.0485165  -0.07279259]
 [ 0.03835262  0.0623704   0.07853168  0.99411494  0.01439889]
 [-0.12631872  0.1008226   0.09562726 -0.02322892  0.98193395]]",71
10,11,5,,1.770858883857727,"[[-0.23129846  0.3347519  -0.5177835  -0.74315935 -0.1185606 ]
 [-0.88789403 -0.36460704 -0.05736839  0.1845273  -0.20338243]
 [ 0.2943484  -0.86712784 -0.22789533 -0.32904455  0.03523906]
 [-0.14212711 -0.05541166  0.82059354 -0.55066204 -0.01126465]
 [-0.22650409 -0.00466817 -0.05743666 -0.04652806  0.97119015]]",71
0,1,5,,1.2286988496780396,"[[ 0.30385473  0.8629288   0.39808238  0.00362554  0.06740524]
 [-0.7799366   0.44360211 -0.37889725 -0.20974256  0.08579595]
 [-0.48383635 -0.22127928  0.82972926 -0.11861408  0.1200751 ]
 [-0.21769737  0.05879911  0.009357    0.96661127  0.12134939]
 [ 0.13372141 -0.07841656 -0.09710412 -0.08711103  0.97926086]]",72
1,2,5,,1.4007912874221802,"[[ 0.95619017 -0.2601335   0.00600753  0.13247988  0.02106753]
 [-0.04874199 -0.12037925  0.98459136  0.08378924 -0.08180576]
 [ 0.2683943   0.9065221   0.15799668 -0.1970553   0.20588456]
 [ 0.07838304 -0.2122422   0.04932005 -0.9643001  -0.12846097]
 [-0.07172949 -0.22585456  0.0561093  -0.08199399  0.9664229 ]]",72
2,3,5,,1.36061692237854,"[[ 6.5801817e-01  7.4952543e-01  2.5909690e-02 -3.4966238e-03
   6.7381181e-02]
 [ 6.0782200e-01 -5.5648351e-01  5.6520689e-01 -9.0467539e-03
   3.6576573e-02]
 [-4.3807021e-01  3.5775176e-01  8.2444715e-01 -6.3517885e-03
  -1.8837014e-02]
 [ 5.0321459e-03 -1.3660776e-04  1.0442655e-02  9.9993283e-01
   2.5173419e-04]
 [-7.5057544e-02 -2.3483951e-02 -6.9132354e-03  1.9575164e-04
   9.9687862e-01]]",72
3,4,5,,1.0765736103057861,"[[-0.99365073  0.05769359 -0.08061839  0.00397421  0.05305221]
 [-0.05339493  0.3482931   0.93015915  0.09952831  0.02718423]
 [ 0.08085503  0.93530023 -0.33849505 -0.06279236 -0.01241304]
 [ 0.02504628  0.02336947 -0.11712591  0.9736253   0.192774  ]
 [ 0.05140361 -0.00553832 -0.00268706 -0.19542056  0.97935206]]",72
4,5,5,,1.0678112506866455,"[[ 0.38338864  0.9214206  -0.05987422 -0.00566761 -0.01949877]
 [-0.90286136  0.38408366  0.14833827 -0.12172499 -0.02235759]
 [ 0.17838146 -0.04147733  0.544421   -0.810969    0.11133182]
 [-0.07375176 -0.02371857 -0.82259387 -0.55141443  0.11523719]
 [-0.02439686  0.03436413  0.03682321  0.15304379  0.9866334 ]]",72
5,6,5,,1.1180142164230347,"[[ 0.95004344  0.10474873 -0.24343564  0.14095274  0.08553725]
 [-0.11351478  0.9873677  -0.06658044 -0.08795398  0.00710507]
 [-0.2616123  -0.05560004 -0.87976277  0.36837944 -0.13704671]
 [ 0.04326778 -0.10300522 -0.39303058 -0.9122126   0.03021633]
 [-0.11924261 -0.02076549 -0.08860385  0.06753723  0.9863762 ]]",72
6,7,5,,1.148139476776123,"[[-0.808403   -0.57198745 -0.01229015  0.01883654 -0.13714616]
 [-0.5644185   0.7968376   0.0572134  -0.20572393 -0.02976249]
 [ 0.03595978 -0.07057361  0.9922986  -0.09324736 -0.01935684]
 [ 0.1029174  -0.17136203 -0.10773388 -0.9737449  -0.01603926]
 [-0.12661451 -0.05945198  0.01767768 -0.02117898  0.9897844 ]]",72
7,8,5,,1.2069098949432373,"[[ 9.96435165e-01 -8.12199190e-02  1.54621992e-02  4.47807182e-03
   1.61602851e-02]
 [-6.34917840e-02 -6.38684034e-01  7.65607357e-01  2.61111837e-02
  -3.48584056e-02]
 [-5.17321751e-02 -7.55536616e-01 -6.40204310e-01  1.25479266e-01
  -2.96911001e-02]
 [ 1.30366511e-03  1.06686115e-01  6.11939169e-02  9.84575391e-01
   1.24430254e-01]
 [-2.01950595e-02 -5.71708977e-02 -1.86422680e-04 -1.19013920e-01
   9.91039515e-01]]",72
8,9,5,,1.832626223564148,"[[-0.6827572  -0.67155826 -0.27392426 -0.00630883 -0.0881918 ]
 [-0.07782952 -0.20593     0.67311877  0.70539224  0.02946882]
 [-0.7020366   0.6728553   0.15609078 -0.02279875 -0.17183171]
 [-0.08855399 -0.19863205  0.64067227 -0.6898766   0.2575128 ]
 [-0.16458386  0.12005579 -0.19248727  0.16103603  0.9463165 ]]",72
9,10,5,,1.313254952430725,"[[-0.50167745 -0.85566986  0.07811081  0.09987611  0.00850873]
 [ 0.44486454 -0.32636383 -0.8093832   0.05500484  0.19353428]
 [-0.6823881   0.387064   -0.5302109   0.31031373 -0.08431888]
 [ 0.245659   -0.01357894  0.21736406  0.9430616   0.05343333]
 [-0.15624793  0.10636204  0.10211177 -0.03660044  0.9759648 ]]",72
10,11,5,,1.7870440483093262,"[[-0.3233909  -0.12819093 -0.48605534 -0.78017294 -0.1845691 ]
 [-0.870835    0.39311382  0.13267334  0.23969387 -0.10978421]
 [ 0.3324045   0.9104439  -0.12372838 -0.21259397  0.00970723]
 [-0.0162938  -0.00107788  0.8509237  -0.52498156  0.00751931]
 [-0.16219276  0.01092352 -0.08226846 -0.11434675  0.97659147]]",72
0,1,5,,1.2100402116775513,"[[ 0.30162778  0.8522207   0.42147362  0.00341913  0.07133636]
 [-0.7837505   0.45307887 -0.36715034 -0.19817151  0.07989612]
 [-0.49431252 -0.24156168  0.8236969  -0.07781282  0.11301088]
 [-0.20225346  0.07171367 -0.00763067  0.9766687  -0.00327807]
 [ 0.09749089 -0.07031737 -0.0950035   0.02792527  0.98779833]]",73
1,2,5,,1.4044034481048584,"[[-0.89037    -0.4348032  -0.06308927  0.11692058  0.02316999]
 [ 0.05539267 -0.23662527  0.9619613   0.07992037 -0.09582992]
 [-0.43760294  0.82780755  0.25949317 -0.15014972  0.18263803]
 [-0.03320417 -0.20075013  0.03189173 -0.97836953 -0.01930268]
 [ 0.10758334 -0.17143121  0.04792137  0.01379052  0.978034  ]]",73
2,3,5,,1.3446413278579712,"[[-6.60478175e-01 -7.43977845e-01 -7.70853087e-02  2.50080284e-02
  -6.08121678e-02]
 [ 6.90609276e-01 -6.48907781e-01  3.13444972e-01  3.01037859e-02
   5.31373620e-02]
 [-2.84116685e-01  1.54125944e-01  9.46282983e-01 -8.03135987e-03
  -2.61069927e-03]
 [-8.21149535e-03  3.91798206e-02 -3.10186704e-04  9.98976409e-01
   2.10635159e-02]
 [-7.77024254e-02 -1.12236915e-02 -1.89325046e-02 -2.12158542e-02
   9.96507764e-01]]",73
3,4,5,,1.0763803720474243,"[[-0.95484984 -0.00441208  0.29332837  0.03402879  0.03229011]
 [-0.27608916  0.34700093 -0.8959197  -0.00395067  0.02602791]
 [ 0.09703807  0.9377423   0.33256558  0.00141018 -0.02492158]
 [ 0.0390337   0.00321332 -0.00907958  0.97750473  0.20704584]
 [ 0.03311194  0.01413875  0.02457725 -0.20810774  0.9771339 ]]",73
4,5,5,,1.0617598295211792,"[[-8.7892562e-01  4.7019306e-01  6.7575239e-02  4.2916674e-02
  -1.1221617e-04]
 [ 4.3716648e-01  8.5581565e-01 -1.0965556e-01 -2.5063065e-01
  -4.0311467e-02]
 [ 1.6103660e-01  2.0271477e-01  7.6097183e-02  9.5696723e-01
  -1.0675621e-01]
 [ 9.8837994e-02  5.1972970e-02  9.8488033e-01 -9.5751092e-02
   9.1499791e-02]
 [ 2.5951296e-02  5.1996693e-02 -8.7344669e-02  1.0192103e-01
   9.8924518e-01]]",73
5,6,5,,1.0739350318908691,"[[-0.89314353 -0.39183003  0.19300453 -0.08381103 -0.06699848]
 [-0.3837648   0.91729414  0.02990062 -0.08526848 -0.05595622]
 [ 0.20317647  0.0349733   0.92599607 -0.29247105  0.12036651]
 [ 0.04118571 -0.05664238 -0.31338972 -0.94503236  0.06161198]
 [-0.10973708  0.02467828 -0.07857057  0.0841395   0.98696303]]",73
6,7,5,,1.1175655126571655,"[[ 0.90230703 -0.39463985 -0.05822934  0.10801385 -0.12265289]
 [ 0.3905819   0.86869955  0.2957646   0.07297678  0.00213379]
 [-0.06533739 -0.29351515  0.9534742  -0.02045847 -0.00694297]
 [-0.1277929  -0.02730349  0.00424248  0.9912405   0.0186483 ]
 [ 0.11263982 -0.05219064 -0.00124188 -0.00557774  0.9922478 ]]",73
7,8,5,,1.1874526739120483,"[[ 0.9815527   0.19101135  0.00710012 -0.00202154  0.00379034]
 [ 0.11823019 -0.6354261   0.7626183   0.02318488 -0.01144831]
 [ 0.1469708  -0.7335127  -0.6279886  -0.21208908 -0.03173809]
 [-0.0312053   0.14492     0.15477474 -0.97621596 -0.03273496]
 [ 0.0012776  -0.02656447 -0.00616766 -0.03845739  0.9988872 ]]",73
8,9,5,,1.7739862203598022,"[[ 0.68089575  0.7219934   0.09553576 -0.04377757  0.06374099]
 [ 0.17783228 -0.2255121   0.7093154   0.64287937  0.03312999]
 [-0.68570095  0.6455041   0.21401116  0.1891386  -0.17766388]
 [-0.10476571 -0.05110627  0.6471618  -0.7151927   0.23684004]
 [-0.15360644  0.0926415  -0.15207021  0.19368902  0.95246094]]",73
9,10,5,,1.3297849893569946,"[[-0.8640778  -0.49507406  0.06532037  0.06323243 -0.00249212]
 [ 0.1735052  -0.42271218 -0.88191277 -0.02311806  0.1136032 ]
 [-0.45990354  0.7546709  -0.45751068  0.09577747 -0.02170778]
 [ 0.10281312 -0.04995672  0.02104728  0.99296653  0.02254711]
 [-0.03440556  0.06474758  0.09057613 -0.01764856  0.99302995]]",73
10,11,5,,1.7594341039657593,"[[-0.74105746 -0.09595452 -0.47465044 -0.4306285  -0.17576292]
 [-0.61059916  0.35328767  0.5216207   0.45692673 -0.14658199]
 [ 0.16912344  0.926372   -0.2921837  -0.16493167 -0.02566187]
 [ 0.02184502  0.0641166   0.6458796  -0.7603827  -0.00833659]
 [-0.22118448  0.06086553 -0.00933041 -0.01981609  0.97308433]]",73
0,1,5,,1.2264591455459595,"[[ 2.74073571e-01  8.62556159e-01  4.19640511e-01  1.28888249e-04
   6.91545531e-02]
 [-7.87487268e-01  4.29880679e-01 -3.80117178e-01 -2.14950114e-01
   6.61345795e-02]
 [-4.85649556e-01 -2.52891570e-01  8.16987514e-01 -1.33871049e-01
   1.21656626e-01]
 [-2.29462326e-01  5.33588864e-02  1.66270826e-02  9.61400926e-01
   1.41179264e-01]
 [ 1.27432242e-01 -6.63185120e-02 -1.08017422e-01 -1.07625104e-01
   9.77809787e-01]]",74
1,2,5,,1.3880897760391235,"[[-0.89142984 -0.43056822  0.0543942   0.12706634  0.02931207]
 [ 0.15371187 -0.16992426  0.962086    0.11280334 -0.09572989]
 [-0.412206    0.83558816  0.25340235 -0.20562966  0.15931849]
 [-0.02731618 -0.23015836  0.05710051 -0.95334065 -0.18482995]
 [ 0.10519261 -0.18589346  0.0629161  -0.14137752  0.96458906]]",74
2,3,5,,1.3544986248016357,"[[-0.7840415  -0.59314555 -0.16403437  0.03037464 -0.07501575]
 [ 0.49878296 -0.7712596   0.3948812  -0.00182891  0.02096844]
 [-0.36308366  0.22795936  0.90322113 -0.01692175  0.01048152]
 [ 0.01834112  0.02035683  0.020885    0.99938625  0.00633687]
 [-0.06578955 -0.03093782 -0.03027895 -0.00385068  0.9968866 ]]",74
3,4,5,,1.0874943733215332,"[[-0.98767716  0.06057328 -0.12844743 -0.01288097  0.06449862]
 [-0.12168904  0.08660537  0.97934055  0.13250737  0.03201787]
 [ 0.07071058  0.9938672  -0.07311264 -0.0431212  -0.00479313]
 [ 0.02089382  0.03134975 -0.1379025   0.9673937   0.2090766 ]
 [ 0.06518502 -0.00868572  0.00554741 -0.21110639  0.9752327 ]]",74
4,5,5,,1.0670870542526245,"[[ 0.58238     0.8086212   0.08187896  0.00179671 -0.01606371]
 [-0.79375577  0.58430207 -0.13289043 -0.09055266 -0.05179931]
 [ 0.14255057 -0.04374361 -0.5377519  -0.8190035   0.1334991 ]
 [-0.09438394 -0.01207932  0.8275397  -0.538276    0.12799492]
 [-0.03945018  0.05160927 -0.04045836  0.17688753  0.98125124]]",74
5,6,5,,1.1106857061386108,"[[ 0.9064292   0.31633377 -0.24054232  0.11783227 -0.08108043]
 [-0.31863773  0.94531393  0.00754857 -0.06917758  0.00302283]
 [ 0.24762696  0.05156682  0.88769925 -0.34637988 -0.16742997]
 [ 0.03807907 -0.05188106 -0.37220243 -0.92574555 -0.01785899]
 [-0.1186887  -0.03104539 -0.12465091  0.06592607 -0.9823773 ]]",74
6,7,5,,1.1339223384857178,"[[-0.7896263  -0.5970989  -0.05612806 -0.02152598 -0.12786473]
 [-0.58917755  0.7835903   0.0668972  -0.18443967 -0.01904695]
 [ 0.01034706 -0.09661417  0.9914211  -0.08037144 -0.03439988]
 [ 0.12914643 -0.12555921 -0.0931547  -0.97920805 -0.00546794]
 [ 0.11213487  0.06602742 -0.0279444   0.01451514 -0.99099684]]",74
7,8,5,,1.1915221214294434,"[[ 9.9699682e-01 -7.5828262e-02  5.5438983e-03 -3.5367440e-03
   1.4292192e-02]
 [-6.1643168e-02 -7.7472150e-01  6.2576550e-01  5.3318299e-02
  -3.9765578e-02]
 [-4.2770173e-02 -6.2318665e-01 -7.7980959e-01  3.9968729e-02
  -1.0418702e-02]
 [ 7.2388141e-03  6.3200295e-02 -9.3308056e-04  9.9500448e-01
   7.6931432e-02]
 [-1.7772600e-02 -4.1239779e-02  1.6817689e-02 -7.4250527e-02
   9.9608600e-01]]",74
8,9,5,,1.8472566604614258,"[[-0.70234907 -0.6803948  -0.20771071 -0.02271387 -0.01044142]
 [ 0.14982788 -0.36427513  0.607094    0.68354905  0.09514631]
 [-0.67507195  0.62622225  0.20197374  0.31686264 -0.10453813]
 [-0.16213988 -0.02785865  0.69446665 -0.6367323   0.29192945]
 [-0.04739131  0.1069397  -0.25537392  0.16252688  0.94587904]]",74
9,10,5,,1.3492237329483032,"[[-0.46274766  0.87354505  0.09310158  0.11046968  0.04372699]
 [ 0.38582858  0.28510562 -0.86953133  0.05312756  0.10461285]
 [-0.75872    -0.3844657  -0.4526162   0.26307085 -0.04962198]
 [ 0.23994063 -0.01190034  0.16262145  0.9569045   0.01322288]
 [-0.06142766 -0.08762525  0.06277122 -0.01006553  0.99222326]]",74
10,11,5,,1.7747831344604492,"[[-0.29320425 -0.20585501 -0.51521987 -0.7773891  -0.04323986]
 [ 0.8541085  -0.41446963 -0.00448305 -0.22179146  0.22249055]
 [ 0.3462786   0.88503665 -0.1423186  -0.2731048   0.04427595]
 [-0.12156177  0.02248896  0.84487915 -0.52043265  0.00677793]
 [-0.22325727  0.04519903 -0.02128162  0.03222355  0.972945  ]]",74
0,1,5,,1.2019144296646118,"[[ 0.34536555  0.86111397  0.36620802  0.03296541  0.0633283 ]
 [-0.7784157   0.461737   -0.3464683  -0.22973068  0.08973008]
 [-0.44672394 -0.18906404  0.859858   -0.12427542  0.09946018]
 [-0.24775785  0.05100144  0.01071028  0.9627872   0.09455708]
 [ 0.11766629 -0.08327933 -0.07988071 -0.06110305  0.98443115]]",75
1,2,5,,1.382946491241455,"[[-0.92430836 -0.3571405   0.02617431  0.12840873  0.03051033]
 [ 0.05690217 -0.05103219  0.9898396   0.08579296 -0.08375556]
 [-0.36192334  0.8899001   0.09812885 -0.19175403  0.17518717]
 [-0.05651153 -0.20806889  0.06334952 -0.96292007 -0.14928333]
 [ 0.09074245 -0.18609574  0.07674662 -0.11029994  0.9690604 ]]",75
2,3,5,,1.3482341766357422,"[[ 0.85924214  0.48790765 -0.13737701  0.0159364  -0.06725094]
 [-0.35769078  0.7797544   0.5120524   0.00607723  0.04249442]
 [ 0.35785398 -0.39190233  0.8474094  -0.01478426 -0.00563717]
 [-0.00612051 -0.01831659  0.01157023  0.9997442   0.00218723]
 [ 0.07525526 -0.00250009 -0.02633034 -0.00146118  0.99681246]]",75
3,4,5,,1.0832126140594482,"[[ 9.9690038e-01 -4.3946330e-02  9.1272983e-04 -2.5093812e-02
  -6.0231186e-02]
 [-1.1275151e-02 -2.3867011e-01 -9.6956992e-01 -5.3085398e-02
  -5.0533474e-03]
 [ 4.1173965e-02  9.6987766e-01 -2.3739716e-01 -3.1806570e-02
  -1.6515611e-02]
 [ 3.7481532e-02  1.9221587e-02 -5.9716366e-02  9.7743070e-01
   1.9821419e-01]
 [ 5.4427162e-02  8.5417237e-03  3.1398183e-03 -2.0042408e-01
   9.7815394e-01]]",75
4,5,5,,1.0680402517318726,"[[ 0.6618227   0.7431808  -0.08063385  0.05272857 -0.01976902]
 [-0.709739    0.66184574  0.17594276 -0.16235653 -0.03025375]
 [ 0.21972197 -0.08461084  0.4288916  -0.86348015  0.12254448]
 [-0.0970332   0.02586934 -0.88035977 -0.44716164  0.12218269]
 [-0.02383401  0.04259393  0.05967518  0.15908629  0.9842501 ]]",75
5,6,5,,1.1131662130355835,"[[ 0.9402231   0.20004074 -0.21391313  0.1443459  -0.09679722]
 [-0.18872477  0.97713816  0.01008076 -0.0946878   0.02272623]
 [-0.2480911   0.00424619 -0.825201    0.48569635  0.14688474]
 [ 0.02716109 -0.0717053  -0.514625   -0.85374093 -0.02020153]
 [-0.13444927  0.00499579 -0.09134527  0.07364715 -0.98393625]]",75
6,7,5,,1.139063835144043,"[[-0.86762995 -0.47241497 -0.03130207  0.02442636 -0.14988612]
 [-0.46704558  0.8535814   0.16968781  0.15640582  0.00324858]
 [ 0.05676667 -0.16229099  0.98471606 -0.01261188 -0.02478865]
 [ 0.09765609 -0.12469815 -0.01375101  0.9872448  -0.0085057 ]
 [ 0.12777919  0.07959221 -0.01927436 -0.01137012 -0.9883506 ]]",75
7,8,5,,1.1823649406433105,"[[-0.99704164 -0.07547653  0.0010097  -0.01431448 -0.00230806]
 [ 0.0587859  -0.7753249   0.62579703  0.04450127 -0.04258164]
 [ 0.04860574 -0.6197781  -0.7643423  -0.16318163 -0.05162498]
 [ 0.00883842  0.07390249  0.15542413 -0.98213136 -0.07564115]
 [ 0.00339722 -0.05990121 -0.00105833 -0.08126766  0.99488425]]",75
8,9,5,,1.8858015537261963,"[[ 0.76900095  0.6251428   0.10097589 -0.03594187  0.07966212]
 [ 0.12220293 -0.30604592  0.7803849  -0.5313699  -0.00690731]
 [-0.5985742   0.7122873   0.21045683 -0.23641905 -0.1848503 ]
 [-0.12166561  0.0630683   0.5609693   0.755529    0.3093693 ]
 [-0.14356315  0.06481919 -0.14773163 -0.29939306  0.9293693 ]]",75
9,10,5,,1.4056328535079956,"[[-0.8601908  -0.49736378  0.03385907  0.10331453  0.02967597]
 [ 0.11375149 -0.2530644  -0.9558074   0.01444775  0.09613816]
 [-0.4381666   0.8048476  -0.25844577  0.3048985   0.02174846]
 [-0.23462094  0.19911537 -0.10109702 -0.94408906 -0.06149256]
 [ 0.0097636   0.03407463  0.09094501 -0.06964293  0.99278516]]",75
10,11,5,,1.8054274320602417,"[[-0.692345    0.05539813 -0.50254506 -0.49253872 -0.14981149]
 [-0.59384423  0.365081    0.46154526  0.48367566 -0.25903422]
 [ 0.2903624   0.9274285  -0.1811433  -0.13772808  0.06151666]
 [-0.01626281  0.03640459  0.7074412  -0.70487744  0.03293872]
 [-0.28884688  0.0468844   0.03374244  0.08741991  0.95162416]]",75
0,1,5,,1.194965124130249,"[[ 4.15150881e-01  8.34333301e-01  3.52719575e-01  5.16340025e-02
   6.67869672e-02]
 [-7.75815308e-01  5.06954432e-01 -2.72626787e-01 -2.33843029e-01
   1.09999515e-01]
 [-3.91430557e-01 -1.83261052e-01  8.92236888e-01 -9.82533619e-02
   8.63544717e-02]
 [-2.39825219e-01  5.04129417e-02 -5.35851868e-04  9.62045848e-01
   1.20041505e-01]
 [ 1.22581720e-01 -1.03726067e-01 -7.19485730e-02 -8.64030197e-02
   9.80598032e-01]]",76
1,2,5,,1.3914116621017456,"[[-0.9240575  -0.3555283   0.03598485  0.13352135  0.02438145]
 [ 0.05802644 -0.03255184  0.99239796  0.06251848 -0.08252878]
 [-0.36061868  0.89825064  0.07548749 -0.15729046  0.18072443]
 [-0.07106495 -0.18287611  0.05104408 -0.9739267  -0.10181986]
 [ 0.08749031 -0.17956099  0.07448139 -0.07063904  0.9744567 ]]",76
2,3,5,,1.362973928451538,"[[ 0.90008205  0.39826334 -0.16076556  0.01279292 -0.07231465]
 [-0.29647067  0.8509676   0.4311458   0.0190188   0.0413633 ]
 [ 0.30878654 -0.34093168  0.8874876  -0.02537956 -0.01174743]
 [ 0.0054986  -0.03037598  0.01554328  0.99846715  0.04322854]
 [ 0.08110554 -0.00913147 -0.01979428 -0.04351713  0.9955164 ]]",76
3,4,5,,1.1004995107650757,"[[ 0.9974686  -0.00662894 -0.0333373  -0.04115963 -0.04697816]
 [-0.03601281 -0.1856598  -0.98024344 -0.05744608  0.00749705]
 [-0.00130303  0.98230857 -0.18537475 -0.01368862 -0.02273421]
 [ 0.04799848  0.00731234 -0.05876864  0.97582126  0.20484549]
 [ 0.0381301   0.02242194  0.01392192 -0.20637639  0.9773732 ]]",76
4,5,5,,1.0843420028686523,"[[ 0.6665801   0.7354264  -0.08746838  0.0828592  -0.01739529]
 [-0.69355     0.66951686  0.23515493 -0.12080924 -0.02903098]
 [ 0.25721377 -0.07507756  0.60362417 -0.7433187   0.10639371]
 [-0.08888254  0.0650292  -0.75560683 -0.6319678   0.13246201]
 [-0.02450194  0.03208871  0.0418047   0.16319783  0.9848801 ]]",76
5,6,5,,1.1342648267745972,"[[ 0.95182884  0.14263059 -0.2171577   0.11159414  0.11860724]
 [-0.1296424   0.9867789   0.02838213 -0.09276571 -0.00701462]
 [-0.23108533  0.04462775 -0.7705536   0.5732028  -0.1493106 ]
 [-0.02857583 -0.06254045 -0.5898253  -0.8043842  -0.01855763]
 [-0.15165003 -0.00457726 -0.10193282  0.0578442   0.98145044]]",76
6,7,5,,1.1734199523925781,"[[ 0.86788666 -0.45964932 -0.0334461   0.02708361 -0.18342055]
 [ 0.4567426   0.852311    0.19703658  0.16110894  0.01313877]
 [-0.0554366  -0.1721215   0.9754188  -0.12300453 -0.02700087]
 [-0.10834441 -0.14771987  0.09080126  0.9787672  -0.01450073]
 [ 0.15279803 -0.10412234  0.01926811  0.01396743  0.9824688 ]]",76
7,8,5,,1.1960543394088745,"[[ 9.97644901e-01  6.22988120e-02  2.06014253e-02  1.36791691e-02
   1.45608531e-02]
 [ 3.53010073e-02 -7.68263161e-01  6.37351334e-01  1.35270655e-02
  -4.61060293e-02]
 [ 5.76706789e-02 -6.27787054e-01 -7.60570228e-01 -1.46313429e-01
  -5.17958440e-02]
 [ 6.70853024e-03  8.97050127e-02  1.22028865e-01 -9.84198272e-01
  -9.14918855e-02]
 [-9.36102122e-03 -6.10483289e-02  8.61799053e-04 -9.78575274e-02
   9.93281722e-01]]",76
8,9,5,,1.8257766962051392,"[[ 0.82196134  0.54806083  0.03313029  0.05424003  0.14131297]
 [ 0.12426581 -0.2610934   0.76085615  0.57086724 -0.10768871]
 [-0.5330929   0.78280264  0.13334385  0.28223878 -0.07478514]
 [-0.07135914  0.12384827  0.63298184 -0.7569624   0.07688498]
 [ 0.14020534  0.05780351 -0.03941744 -0.13608019 -0.9782278 ]]",76
9,10,5,,1.6790894269943237,"[[ 0.96546084 -0.24172221 -0.00855094  0.09676901  0.00430591]
 [-0.02410873 -0.0562469  -0.9936396   0.00803721  0.09418585]
 [ 0.21223508  0.94505316 -0.05113921  0.23606867  0.05905108]
 [-0.14902133 -0.2090594   0.02782097  0.9648792   0.04817494]
 [-0.0072939  -0.03968924  0.09601134 -0.0620545   0.9926241 ]]",76
10,11,5,,1.9469306468963623,"[[ 0.8165115  -0.18819644  0.31233135 -0.32521287  0.3075335 ]
 [-0.29895604  0.13709205  0.6351519  -0.58356136 -0.3845376 ]
 [ 0.21589296  0.97135437 -0.01034414  0.05034523  0.08496655]
 [-0.01658087 -0.03201719  0.69680786  0.71286386  0.0705956 ]
 [-0.4439027   0.03512117  0.1156846  -0.20732366  0.86333704]]",76
0,1,5,,1.2050926685333252,"[[ 0.42616802  0.8404312   0.32102832  0.06549919  0.06860667]
 [-0.7595463   0.51121527 -0.30480567 -0.23839265  0.10959415]
 [-0.41133872 -0.13379844  0.8938897  -0.07923497  0.08707183]
 [-0.24026513  0.04851208 -0.02957896  0.96178484  0.11838242]
 [ 0.12059587 -0.10990428 -0.0641925  -0.08700961  0.980656  ]]",77
1,2,5,,1.3810094594955444,"[[-0.92867064 -0.33959186  0.04467513  0.13941589  0.02855644]
 [ 0.02243609  0.09212983  0.9900551   0.07196111 -0.0749761 ]
 [-0.35308254  0.90595996 -0.05241411 -0.16129188  0.16064534]
 [-0.07852951 -0.18165977  0.08196467 -0.9719363  -0.09723428]
 [ 0.07895061 -0.14975218  0.0912677  -0.06862666  0.97892886]]",77
2,3,5,,1.3626267910003662,"[[ 0.8917369   0.40968126 -0.181558    0.02237002 -0.05918344]
 [-0.26716703  0.8142514   0.51351094  0.0148719   0.04125285]
 [ 0.35859388 -0.40984556  0.8382666  -0.02324769 -0.0143401 ]
 [-0.00568372 -0.03124074  0.01535089  0.99896836  0.02860177]
 [ 0.0693185  -0.0143724  -0.02041092 -0.02828343  0.99688107]]",77
3,4,5,,1.105583906173706,"[[ 0.9932897  -0.07477921 -0.05798324 -0.04539554 -0.04859   ]
 [-0.07565325 -0.1949207  -0.97309643 -0.09665041  0.00496379]
 [ 0.06058253  0.97790056 -0.19892342 -0.01746846 -0.01283015]
 [ 0.04817075 -0.00310519 -0.0988693   0.97413105  0.1973918 ]
 [ 0.04076333  0.01071841  0.01938322 -0.19839737  0.9790231 ]]",77
4,5,5,,1.0791409015655518,"[[ 0.63048947  0.76683116 -0.08622582  0.07875008 -0.02857411]
 [-0.7319096   0.6372389   0.19112454 -0.14516868 -0.02514675]
 [ 0.24816273 -0.05672215  0.5620212  -0.7792674   0.10987446]
 [-0.07007884  0.03305813 -0.79749614 -0.57818735  0.15393336]
 [-0.0171917   0.03982772  0.06456468  0.17653991  0.9812152 ]]",77
5,6,5,,1.1163331270217896,"[[ 0.96179116  0.09668639 -0.21347794  0.08636755 -0.112149  ]
 [-0.08957294  0.9934824   0.01752331 -0.06823858  0.0024194 ]
 [-0.21651566  0.03231489 -0.7951223   0.55445087  0.11154082]
 [-0.04183174 -0.0505778  -0.56122893 -0.82447064  0.03102032]
 [-0.13529818 -0.00648904 -0.08320266  0.02676755 -0.9869211 ]]",77
6,7,5,,1.1373928785324097,"[[ 0.9100438  -0.36689776 -0.05360923  0.07111067 -0.17110135]
 [ 0.3645231   0.89333713  0.21943194  0.14393698  0.01426342]
 [-0.02301145 -0.20881706  0.969716   -0.12118771 -0.02881572]
 [-0.13073699 -0.12574455  0.09063593  0.97806597 -0.04762664]
 [-0.14601889  0.08898623 -0.02029053 -0.05409238 -0.98357624]]",77
7,8,5,,1.1875554323196411,"[[ 0.99685746 -0.05746856 -0.04573775  0.02778023  0.01043385]
 [ 0.0432343   0.9645087  -0.24871932  0.05487192 -0.05460394]
 [ 0.06382748  0.24968877  0.94326556 -0.20515706 -0.04174043]
 [ 0.01783621 -0.00628231 -0.21507977 -0.9718946  -0.0938292 ]
 [-0.00372798  0.06353293  0.00612963 -0.09771764  0.99315834]]",77
8,9,5,,1.798915147781372,"[[ 0.8539417   0.49076986  0.07328314 -0.06400892  0.14304185]
 [-0.317928    0.6612707  -0.6307533   0.24486482  0.06192128]
 [ 0.38203484 -0.551591   -0.59213275  0.4328197   0.10882406]
 [-0.0576057   0.11803284  0.49254704  0.8574424   0.07028379]
 [ 0.14295566  0.06067608 -0.05963233  0.1157747  -0.9792458 ]]",77
9,10,5,,1.7792640924453735,"[[ 0.98996127 -0.09919629  0.03510345  0.09296156 -0.01621277]
 [ 0.02114413 -0.08952968 -0.98837173  0.03216318 -0.11672293]
 [ 0.06461258  0.9376827  -0.06887224  0.33281898 -0.03262712]
 [ 0.12242237  0.320447   -0.05845112 -0.9374114   0.01302476]
 [-0.01917717 -0.01447155  0.11717159 -0.02854649 -0.99241054]]",77
10,11,5,,2.029184103012085,"[[ 0.5256117  -0.22916973  0.2686661  -0.26920816  0.72564393]
 [-0.29916146  0.13172844  0.69494176 -0.6008059  -0.22189704]
 [ 0.15945381  0.964289   -0.0217829   0.02993166  0.20820852]
 [ 0.06652389 -0.01392192  0.6658024   0.7426521  -0.02357454]
 [-0.7774213  -0.00904135 -0.03327328  0.1188748   0.6166816 ]]",77
0,1,5,,1.2014439105987549,"[[ 0.4438501   0.813858    0.3644697   0.06296649  0.06188235]
 [-0.7114829   0.55317605 -0.34201473 -0.24852045  0.09514108]
 [-0.45982632 -0.13113256  0.8644519  -0.13775054  0.07149691]
 [-0.26395082  0.05530545  0.00328419  0.9450257   0.18489705]
 [ 0.12521528 -0.10666358 -0.05385129 -0.1490773   0.97356045]]",78
1,2,5,,1.3856555223464966,"[[-0.90896904 -0.37399048  0.11647838  0.14137843  0.01874625]
 [ 0.04531351  0.21416558  0.9700856   0.06911224 -0.07897574]
 [-0.397283    0.8645217  -0.1428014  -0.17717312  0.20733063]
 [-0.07422557 -0.16357674  0.09018663 -0.9557577  -0.21477152]
 [ 0.09153602 -0.20027277  0.12977213 -0.17427726  0.9509462 ]]",78
2,3,5,,1.3559831380844116,"[[ 0.79529846  0.5718373  -0.19152965  0.00874775 -0.06117421]
 [-0.35218185  0.70103776  0.6190333  -0.00874612  0.03514757]
 [ 0.48695692 -0.4259646   0.7612583  -0.02222811 -0.03766829]
 [ 0.00750898 -0.00879541  0.02352628  0.9961052   0.08418635]
 [ 0.07927707 -0.00499681 -0.00682567 -0.08442432  0.9932352 ]]",78
3,4,5,,1.0934474468231201,"[[ 0.9914037  -0.04098903  0.10659488 -0.01082016 -0.06292119]
 [ 0.09742472 -0.15924169 -0.9810982  -0.04872809 -0.0149142 ]
 [ 0.05583789  0.98612624 -0.1528624  -0.02811348 -0.01672928]
 [ 0.02807285  0.02126848 -0.05210021  0.9832405   0.1711237 ]
 [ 0.06100158  0.00804042 -0.00159404 -0.17307897  0.9829829 ]]",78
4,5,5,,1.0756032466888428,"[[ 0.46595392  0.88199764 -0.00148221 -0.06807879 -0.01816513]
 [-0.8691821   0.46750382 -0.11297335  0.11401957 -0.01411566]
 [ 0.13624153  0.00625772 -0.04642562  0.9820232   0.12195947]
 [-0.09361386  0.05702193  0.98551315  0.04410439  0.12166987]
 [-0.00917051  0.01515026 -0.11765747 -0.12668853  0.9847807 ]]",78
5,6,5,,1.150633454322815,"[[ 0.9600059  -0.0313388  -0.2096867   0.14568414  0.11051814]
 [ 0.02507826  0.9982077  -0.03791696 -0.02663282  0.0283814 ]
 [ 0.2111962   0.02392543  0.9593767  -0.11571742  0.14501622]
 [-0.10625869  0.03656288  0.15131909  0.97952646 -0.07073068]
 [-0.14786851 -0.02626853 -0.10626763  0.07214133  0.9802794 ]]",78
6,7,5,,1.1606320142745972,"[[-0.87034434 -0.45262527 -0.00503157 -0.04785011 -0.18792598]
 [-0.45229566  0.84099615  0.19346622  0.22512366  0.00665821]
 [ 0.08724741 -0.15475932  0.9795713  -0.08735304 -0.035313  ]
 [ 0.07096699 -0.2309821   0.042885    0.96920633 -0.02027258]
 [-0.15899992 -0.10272657  0.03385993  0.00618804  0.9813162 ]]",78
7,8,5,,1.2001426219940186,"[[-0.99222857 -0.10815953 -0.02521183  0.05569477  0.00682059]
 [ 0.05522029 -0.7146574   0.6897045  -0.08481035 -0.05770917]
 [ 0.09786846 -0.68137354 -0.70884794  0.11234342 -0.10519216]
 [ 0.04703639  0.03442804  0.14422077  0.9825766  -0.10171452]
 [ 0.02534975 -0.11005043 -0.02017321  0.10783058  0.98752815]]",78
8,9,5,,1.8813045024871826,"[[ 8.39176595e-01  5.15098989e-01  9.21493024e-02 -3.75781730e-02
   1.43359616e-01]
 [ 1.91797093e-02 -1.78915262e-01  9.67327297e-01 -1.27850726e-01
  -1.24714360e-01]
 [-5.28324425e-01  8.24251950e-01  1.43983245e-01 -1.44049242e-01
   7.32194225e-04]
 [ 5.49501851e-02 -1.06998421e-01 -1.61309823e-01 -9.75474894e-01
  -8.92169625e-02]
 [ 1.15189284e-01  1.08729929e-01 -9.50499326e-02  9.97025222e-02
  -9.77718830e-01]]",78
9,10,5,,1.5933294296264648,"[[ 0.9693665   0.2148364   0.03679844 -0.11244713  0.01324623]
 [ 0.02165032  0.07456968 -0.9925375   0.01522956  0.09277896]
 [ 0.12960805 -0.8451017  -0.06379531 -0.51222503  0.05060062]
 [ 0.20700142 -0.4835308  -0.02190913  0.849556   -0.03350886]
 [-0.01456206  0.01690152  0.09468515  0.05480578  0.9937471 ]]",78
10,11,5,,1.9347635507583618,"[[ 0.8737386  -0.23522584  0.2600932   0.25085875  0.22510238]
 [ 0.30864215 -0.1044855  -0.7478385  -0.5521688   0.17224988]
 [ 0.2559193   0.9647472   0.0102548  -0.03894323  0.04632987]
 [-0.02660637  0.04677818 -0.6081858   0.79150164 -0.02718604]
 [-0.27407724  0.02874476  0.05562317  0.06471566  0.9574828 ]]",78
0,1,5,,1.2064540386199951,"[[ 0.36768246  0.8459574   0.3782417   0.03412701  0.07024443]
 [-0.7724536   0.4857206  -0.3332497  -0.21793179  0.09402844]
 [-0.45205474 -0.19250329  0.8594151  -0.09621222  0.10362392]
 [-0.22664061  0.05643099 -0.00656306  0.96972996  0.07092384]
 [ 0.1113805  -0.09049653 -0.08509128 -0.04132758  0.9851174 ]]",79
1,2,5,,1.3927055597305298,"[[-0.9162305  -0.37824854  0.03618377  0.12435321  0.02601406]
 [ 0.05672813 -0.02337441  0.99129105  0.07676858 -0.08765989]
 [-0.38118532  0.8892591   0.07129176 -0.16215755  0.18038411]
 [-0.05352276 -0.18989782  0.06702551 -0.9747947  -0.07973205]
 [ 0.09558583 -0.17186847  0.08036114 -0.04607903  0.9760857 ]]",79
2,3,5,,1.354001522064209,"[[ 0.7928382   0.5971687  -0.10058549  0.0183466  -0.06590216]
 [-0.4910281   0.73457885  0.4659615   0.01810857  0.04286427]
 [ 0.3520418  -0.3205261   0.8788634  -0.02493726 -0.01751568]
 [ 0.0060929  -0.03216546  0.01490453  0.9986637   0.03710659]
 [ 0.07955089  0.00346048 -0.01180759 -0.03720753  0.99606013]]",79
3,4,5,,1.0896422863006592,"[[ 0.9873296  -0.02584891  0.14785813 -0.02883691 -0.04264348]
 [ 0.13570793 -0.23683237 -0.9607712  -0.0471426  -0.01378927]
 [ 0.05861997  0.97107935 -0.23015974 -0.01298676 -0.02065152]
 [ 0.04409638  0.00385624 -0.04556473  0.9778603   0.1993835 ]
 [ 0.03718584  0.01524237 -0.00266835 -0.20141162  0.9786782 ]]",79
4,5,5,,1.0650067329406738,"[[ 0.7667941   0.6360846   0.05118681  0.06791804 -0.01379877]
 [-0.60622287  0.760842   -0.14538333 -0.17779961 -0.02939895]
 [ 0.19245102 -0.10945272 -0.2522113  -0.9359508   0.10662225]
 [-0.08456588  0.05642612  0.95127743 -0.26716048  0.11559142]
 [-0.01822243  0.03676998 -0.08777499  0.1280463   0.9870236 ]]",79
5,6,5,,1.1036328077316284,"[[ 0.9307855   0.26954484 -0.2082259   0.09589891 -0.0918116 ]
 [-0.2602233   0.9606015   0.02435039 -0.08774902  0.03515545]
 [ 0.22122653  0.01009782  0.90032613 -0.34962314 -0.13466063]
 [ 0.02806649 -0.06622157 -0.37076196 -0.9252598  -0.0354525 ]
 [-0.12725301  0.01015965 -0.08942924  0.06900366 -0.9853651 ]]",79
6,7,5,,1.1412197351455688,"[[ 0.8790594  -0.44580066 -0.04972611  0.05848507 -0.15040982]
 [ 0.4381358   0.85224134  0.25335023  0.13239925  0.00241317]
 [-0.06776226 -0.24387243  0.96584034 -0.05389839 -0.01348512]
 [-0.11585059 -0.10034517  0.0216298   0.98794466 -0.00266724]
 [-0.13144743  0.0735092  -0.00504944 -0.01050604 -0.9885252 ]]",79
7,8,5,,1.1850327253341675,"[[ 9.9150479e-01  1.2885478e-01  1.2224787e-02  1.0761518e-02
   7.0419502e-03]
 [ 7.7515036e-02 -6.6787463e-01  7.3844820e-01  3.8450953e-02
  -3.3921350e-02]
 [ 1.0430922e-01 -7.2230119e-01 -6.5724123e-01 -1.8066573e-01
  -5.2863263e-02]
 [-5.3643496e-03  1.1266942e-01  1.5026064e-01 -9.7969151e-01
  -7.0022069e-02]
 [ 7.8935019e-04 -5.4097660e-02  7.4406038e-04 -7.7266596e-02
   9.9554116e-01]]",79
8,9,5,,1.8891162872314453,"[[ 7.7381343e-01  6.1857408e-01  6.9811016e-02  2.9379204e-03
   1.1703251e-01]
 [ 1.1022585e-01 -2.1946873e-01  7.0576328e-01  6.6448468e-01
  -6.4837048e-03]
 [-5.8577520e-01  7.5028753e-01  1.6730392e-01  1.6536336e-01
  -1.9646934e-01]
 [-1.0306870e-01  9.1824343e-04  6.6018414e-01 -6.8086857e-01
   2.9991812e-01]
 [-1.8790236e-01  7.9165056e-02 -1.8218383e-01  2.5985450e-01
   9.2612648e-01]]",79
9,10,5,,1.4358371496200562,"[[-0.8960378  -0.4342389   0.03602425  0.0851705  -0.00105098]
 [ 0.10667821 -0.29986218 -0.9406788  -0.00720382  0.11736269]
 [-0.41031897  0.84439504 -0.32025144  0.1234502  -0.02888619]
 [ 0.12816265 -0.0679756   0.03373351  0.9880015   0.04084982]
 [-0.03080146  0.06241447  0.10063206 -0.03615418  0.9918274 ]]",79
10,11,5,,1.8057246208190918,"[[-7.7113032e-01  3.7640709e-02 -4.3980843e-01 -4.2670605e-01
  -1.6861705e-01]
 [-5.4865718e-01  2.9103675e-01  5.3113794e-01  5.4444873e-01
  -1.8905264e-01]
 [ 2.1150684e-01  9.5418394e-01 -1.6459189e-01 -1.3263856e-01
   1.0695227e-02]
 [-8.2539311e-03  2.4812218e-02  7.0464301e-01 -7.0907998e-01
  -2.3936627e-04]
 [-2.4398780e-01  5.2897409e-02  2.9134896e-02  3.3317167e-02
   9.6732259e-01]]",79
0,1,5,,1.2262563705444336,"[[ 0.25346634  0.9003484   0.34639052 -0.00566362  0.07147772]
 [-0.8448613   0.36015812 -0.33781502 -0.18905993  0.0814418 ]
 [-0.4103987  -0.22944829  0.86687547 -0.0930046   0.13712567]
 [-0.20026596  0.05264136  0.01841554  0.97751623  0.03528955]
 [ 0.11589032 -0.06512479 -0.1186692  -0.00603735  0.9839763 ]]",80
1,2,5,,1.4084995985031128,"[[-0.9333871  -0.33232367  0.08279464  0.10152043  0.0344699 ]
 [ 0.08753859  0.02321386  0.98703456  0.10381787 -0.08235778]
 [-0.33159578  0.9021188   0.04460378 -0.1962231   0.18903142]
 [-0.02692841 -0.20510788  0.10093587 -0.9682697  -0.09732073]
 [ 0.10219891 -0.18202884  0.08203869 -0.0535323   0.9730492 ]]",80
2,3,5,,1.3606483936309814,"[[ 8.6618346e-01  4.9213907e-01 -3.6546849e-02  1.7332809e-02
  -7.6742627e-02]
 [-3.9456016e-01  7.3810560e-01  5.4567057e-01  3.1900015e-02
   2.7357992e-02]
 [ 2.9587397e-01 -4.5952877e-01  8.3715266e-01 -1.8973405e-02
  -1.0360665e-02]
 [ 1.9585099e-03 -4.1020550e-02 -7.5168721e-04  9.9904418e-01
  -1.4954038e-02]
 [ 8.0643773e-02  1.2243261e-02 -9.1026826e-03  1.5253852e-02
   9.9650949e-01]]",80
3,4,5,,1.080941915512085,"[[ 0.99587315 -0.04817926  0.05042041 -0.03497234 -0.04636903]
 [ 0.04148073 -0.15352537 -0.9870703  -0.01754987 -0.00967175]
 [ 0.05403899  0.98681116 -0.15081732 -0.01109483 -0.02036009]
 [ 0.04525734  0.00981288 -0.01900453  0.97775334  0.20369758]
 [ 0.03933854  0.01470204 -0.00655452 -0.20577712  0.9776753 ]]",80
4,5,5,,1.0584385395050049,"[[-0.8428803   0.53244567  0.06614492  0.03783694 -0.01573344]
 [ 0.5105561   0.8347678  -0.14048819 -0.1450743  -0.04137174]
 [-0.14296478 -0.11987856 -0.30116454 -0.929784    0.09995942]
 [ 0.09091363  0.0525417   0.9384782  -0.31427515  0.09728348]
 [ 0.01345228  0.05032635 -0.06668364  0.11939311  0.98923445]]",80
5,6,5,,1.0942556858062744,"[[-0.85618746 -0.4619938   0.2129279  -0.06321698 -0.06457591]
 [-0.445212    0.8794686   0.05539045 -0.14543222 -0.06405116]
 [ 0.230777    0.01123466  0.88908684 -0.36576554  0.14951918]
 [ 0.02717688 -0.10993963 -0.38830918 -0.9136574   0.04025903]
 [-0.12137834  0.02972687 -0.10165741  0.07936475  0.98374313]]",80
6,7,5,,1.1406748294830322,"[[-0.8338998  -0.5302445  -0.0707294  -0.04601096 -0.12779753]
 [-0.5272956   0.8130571   0.21960846 -0.11167233 -0.014101  ]
 [ 0.06948601 -0.22848506  0.96693575 -0.08904714 -0.0084906 ]
 [ 0.09156208 -0.0468561  -0.10858598 -0.9886663   0.01299931]
 [-0.11557937 -0.05811933  0.00371034  0.00468049  0.99157846]]",80
7,8,5,,1.2348946332931519,"[[-0.98846775 -0.1479649   0.02224596  0.02318876  0.00228968]
 [ 0.10638396 -0.58929974  0.8006915   0.00796299 -0.01542636]
 [ 0.1045341  -0.7927501  -0.5980474  -0.02391691 -0.04885812]
 [ 0.0250597  -0.01350585 -0.02213     0.9978248   0.05518601]
 [ 0.00765054 -0.04687211 -0.01574212 -0.05632482  0.9971581 ]]",80
8,9,5,,1.753504753112793,"[[ 0.57722634  0.79288465  0.16926199 -0.06297886  0.07434809]
 [ 0.14424841 -0.1768775   0.61827064  0.7520847  -0.00410055]
 [-0.77428466  0.5547074   0.18137188  0.12872793 -0.20812589]
 [-0.08496426 -0.1600537   0.7411143  -0.62980306  0.14581367]
 [-0.19815782  0.08204096 -0.08334062  0.13107084  0.9643015 ]]",80
9,10,5,,1.3183521032333374,"[[-0.5339737  -0.8289887   0.13627003  0.09163771 -0.02613071]
 [ 0.37761343 -0.38034782 -0.822504    0.03599318  0.18690978]
 [-0.73716885  0.3921802  -0.54074883  0.02857202 -0.09773025]
 [ 0.04821249  0.08348115  0.03831121  0.9933586   0.04977373]
 [-0.16290447  0.08566711  0.10507425 -0.05224355  0.97588587]]",80
10,11,5,,1.7641193866729736,"[[-0.32639486 -0.24441111 -0.5402481  -0.71198887 -0.18690506]
 [-0.9098239   0.26403376  0.15622279  0.2437813  -0.13664487]
 [ 0.17953701  0.93152    -0.21746165 -0.22508474 -0.04565286]
 [-0.00993785  0.03991673  0.7947137  -0.604968   -0.02741748]
 [-0.18263255  0.03502081 -0.06976414 -0.1303575   0.97136956]]",80
0,1,5,,1.2110837697982788,"[[ 0.33820426  0.83776814  0.42385212  0.01092118  0.06318627]
 [-0.7594044   0.48763222 -0.3643243  -0.21522285  0.08041538]
 [-0.48841816 -0.22581345  0.82378656 -0.14277847  0.10698599]
 [-0.23331608  0.05803628  0.02644541  0.9607451   0.1358862 ]
 [ 0.12623051 -0.07745557 -0.09106874 -0.10071339  0.9796069 ]]",81
1,2,5,,1.3994715213775635,"[[-0.91508424 -0.37844995  0.04915276  0.12910397  0.01767616]
 [ 0.0997965  -0.08890411  0.98290753  0.0853349  -0.09352794]
 [-0.3745749   0.87010086  0.15298471 -0.1909502   0.20676503]
 [-0.05220465 -0.20264612  0.05427845 -0.96145827 -0.16988555]
 [ 0.09813055 -0.22523472  0.07159846 -0.12323217  0.9588156 ]]",81
2,3,5,,1.3479721546173096,"[[-0.74290276  0.6605133  -0.08069178  0.00761298 -0.07244699]
 [ 0.53951997  0.67258376  0.50516915 -0.00204844  0.03673165]
 [-0.38776922 -0.3331454   0.8590452  -0.01745401 -0.01964082]
 [-0.00341635 -0.00876216  0.01631529  0.99894243  0.04194699]
 [-0.08146822  0.01704614 -0.00824973 -0.0418018   0.9956189 ]]",81
3,4,5,,1.0748190879821777,"[[-0.9882625   0.01766689 -0.1412247   0.00706327  0.05505357]
 [ 0.13096932 -0.24739091 -0.95906955 -0.03442676 -0.02540202]
 [ 0.05044552  0.96838844 -0.2411821  -0.03356249 -0.01959538]
 [ 0.02435329  0.02571951 -0.0435541   0.9798924   0.19146639]
 [ 0.05519538  0.00693736 -0.01324675 -0.1935184   0.97942865]]",81
4,5,5,,1.0640801191329956,"[[ 0.57140446  0.81942207  0.0341102   0.02877332 -0.00728048]
 [-0.8003966   0.5680639  -0.12178061 -0.14522992 -0.02732007]
 [ 0.14766055 -0.06244176 -0.12909532 -0.97165424  0.11627523]
 [-0.10206548  0.03602979  0.9799661  -0.13646859  0.09657755]
 [-0.02532     0.02557019 -0.08370646  0.12387428  0.988106  ]]",81
5,6,5,,1.1222119331359863,"[[ 0.94015217  0.17592505 -0.22941838  0.15713724  0.08854003]
 [-0.17708191  0.97971183 -0.03663403 -0.08596117 -0.00868205]
 [ 0.23126578  0.06525875  0.9485201  -0.15107144  0.14051487]
 [ 0.12030838 -0.06959897 -0.1911242  -0.96806663  0.08366848]
 [-0.12960668 -0.01060246 -0.09902671  0.08912329  0.98251736]]",81
6,7,5,,1.1609001159667969,"[[-0.8032462  -0.5768399  -0.00129058 -0.03393364 -0.14456162]
 [-0.5678856   0.78274196  0.14338017  0.20958084 -0.0184125 ]
 [ 0.08733146 -0.12068221  0.9886843   0.00967253 -0.01479326]
 [ 0.09155669 -0.18754551 -0.04037974  0.97708774  0.01063341]
 [-0.12764044 -0.06952155  0.01770059 -0.01141708  0.9891567 ]]",81
7,8,5,,1.203270673751831,"[[-0.9858177  -0.16570057  0.01819029 -0.01617942  0.01068938]
 [ 0.11539812 -0.60606474  0.78540134  0.03507944 -0.03581885]
 [ 0.11848909 -0.77386177 -0.61637056 -0.03736824 -0.07608774]
 [ 0.01359429  0.01680157  0.05175832 -0.9951966  -0.08023486]
 [ 0.02494805 -0.07800383 -0.01490961 -0.08182253  0.99316454]]",81
8,9,5,,1.8001172542572021,"[[ 0.70366746  0.6976755   0.10479911 -0.04480787  0.07148711]
 [-0.03147785 -0.04935463  0.8116017   0.5802412  -0.03458447]
 [-0.6868473   0.7077149   0.01159285 -0.00311562 -0.16503383]
 [-0.11144034 -0.05075713  0.5538339  -0.76717526  0.2995244 ]
 [-0.14029628  0.0858852  -0.15314494  0.2697125   0.9363453 ]]",81
9,10,5,,1.3510342836380005,"[[-0.5185988  -0.84705454  0.04670304  0.1060276   0.01144362]
 [ 0.30216148 -0.23485602 -0.91413367 -0.01008404  0.13341339]
 [-0.74787825  0.47136933 -0.37571016  0.27648187 -0.02981208]
 [ 0.2728684  -0.0412212   0.10080168  0.9531403   0.07215448]
 [-0.07729638  0.05876328  0.10420866 -0.0611377   0.9879144 ]]",81
10,11,5,,1.7648773193359375,"[[-0.42178556 -0.08315737 -0.5889704  -0.6796085  -0.08017439]
 [-0.86160415  0.30436814  0.25354752  0.29233262 -0.12350581]
 [ 0.24624753  0.94779    -0.12438809 -0.15928836 -0.01452782]
 [-0.00313054 -0.00959242  0.7568828  -0.65345097  0.00533084]
 [-0.13815807  0.04524322 -0.02199002 -0.01740493  0.98897874]]",81
0,1,5,,1.2274974584579468,"[[ 0.31457824  0.8487754   0.42022574 -0.00341542  0.06339871]
 [-0.76317966  0.46946156 -0.38873464 -0.2037303   0.0673948 ]
 [ 0.5069779   0.22437036 -0.81291866  0.12787935 -0.12426359]
 [-0.2163127   0.06655042  0.01807306  0.9671125   0.1146589 ]
 [ 0.12157115 -0.06644597 -0.10550991 -0.0825992   0.9812494 ]]",82
1,2,5,,1.4043610095977783,"[[-8.67373109e-01 -4.70500946e-01  1.04569219e-01  1.22437716e-01
   1.91563256e-02]
 [ 1.30971372e-01 -5.50938013e-04  9.80529666e-01  1.04328208e-01
  -1.02583416e-01]
 [-4.63459164e-01  8.36520910e-01  1.03157893e-01 -1.87871963e-01
   1.98748544e-01]
 [-2.15523168e-02 -1.97941139e-01  8.71511251e-02 -9.61032569e-01
  -1.70809314e-01]
 [ 1.23496629e-01 -1.99200094e-01  9.69016626e-02 -1.23471178e-01
   9.59391892e-01]]",82
2,3,5,,1.3493767976760864,"[[-0.72022706 -0.68239564 -0.10242437  0.02266481 -0.06785861]
 [ 0.5609933  -0.6673194   0.48899844  0.01666997  0.0239574 ]
 [-0.4023186   0.2954923   0.86617076 -0.0186031  -0.0150386 ]
 [-0.00383714  0.03080816  0.01000231  0.9982544   0.04923481]
 [-0.06844337 -0.02750012 -0.00615612 -0.04848014  0.99607784]]",82
3,4,5,,1.0731725692749023,"[[-0.95539665  0.0760835  -0.28138566 -0.00555804  0.04711445]
 [-0.2634254   0.17256393  0.9471408   0.04502539  0.04154059]
 [ 0.11965052  0.9818994  -0.14365765 -0.02279511 -0.02000512]
 [ 0.02068399  0.01652677 -0.0523689   0.97895354  0.19546491]
 [ 0.05550015  0.00578396 -0.01913673 -0.19766685  0.9784927 ]]",82
4,5,5,,1.0567042827606201,"[[ 0.7393308   0.6708054   0.05458269 -0.01870843 -0.00898901]
 [-0.6580389   0.73601556 -0.09752083  0.11953121 -0.0383129 ]
 [ 0.09868864 -0.07445074 -0.06611488  0.98374796  0.11218955]
 [-0.10111243  0.0342729   0.9873967   0.06828649  0.09479674]
 [-0.02028817  0.03979516 -0.09048243 -0.1137509   0.9883716 ]]",82
5,6,5,,1.0869770050048828,"[[ 0.9080222   0.3416762  -0.21078302  0.09053382  0.07827594]
 [-0.33756617  0.9376717   0.02306398 -0.07334238 -0.03016344]
 [ 0.20379314  0.04569367  0.9592039  -0.1147227   0.15214124]
 [-0.07605055  0.04398313  0.14205484  0.9838     -0.06511388]
 [-0.11928689 -0.00259465 -0.12160112  0.0734902   0.9826374 ]]",82
6,7,5,,1.1149885654449463,"[[-0.8570763  -0.49244523 -0.06128141  0.0332284  -0.13438179]
 [-0.485587    0.82923824  0.22813301  0.156443   -0.00707896]
 [ 0.06976937 -0.2324488   0.96913254  0.03422786 -0.02665434]
 [ 0.10464407 -0.106171   -0.06793414  0.98648393 -0.00343915]
 [-0.11750495 -0.06750504  0.01915904  0.00997207  0.9905398 ]]",82
7,8,5,,1.208256483078003,"[[-0.9816399  -0.18972369 -0.00265178 -0.01380258  0.01379823]
 [ 0.1285705  -0.6813521   0.7178515   0.05626497 -0.02743025]
 [ 0.13750908 -0.70429564 -0.69340974 -0.02545242 -0.05995069]
 [ 0.01688845 -0.01684151  0.05855206 -0.99785465 -0.016998  ]
 [ 0.02566442 -0.05872295 -0.02089815 -0.01679418  0.99758416]]",82
8,9,5,,1.756662130355835,"[[ 0.65904224  0.74130154 -0.10711338 -0.04647065  0.05002476]
 [ 0.21219563 -0.27530712 -0.798412    0.49070466  0.03043339]
 [-0.69800824  0.6031798  -0.28552184  0.18686959 -0.180321  ]
 [-0.10093462 -0.04878493 -0.5139828  -0.83117455  0.18000765]
 [-0.15242384  0.09204387  0.07323911  0.17685592  0.9652217 ]]",82
9,10,5,,1.344264030456543,"[[-0.6527829  -0.74040085  0.11717781  0.10925203 -0.0038158 ]
 [ 0.26084343 -0.37234122 -0.8753984  -0.02021118  0.16307038]
 [ 0.6687582  -0.54754084  0.45348048 -0.19807963  0.08989656]
 [ 0.21578342 -0.03713894  0.05988212  0.973819    0.01219538]
 [-0.10970517  0.10949163  0.10352118  0.0098158   0.9824273 ]]",82
10,11,5,,1.7306452989578247,"[[-0.51330143 -0.14910032 -0.57672787 -0.59140944 -0.17863508]
 [-0.82888556  0.29908773  0.3259553   0.3395349  -0.04432295]
 [ 0.18589938  0.9400548  -0.23666264 -0.1532373  -0.04740916]
 [ 0.01241609  0.05888724  0.7065287  -0.70429265 -0.03416357]
 [-0.12148129  0.03383783 -0.07711036 -0.12426218  0.98117805]]",82
0,1,5,,1.2021600008010864,"[[ 0.36887118  0.8550441   0.35721266  0.03668305  0.0623462 ]
 [-0.7851847   0.4714997  -0.3099009  -0.2371554   0.09429625]
 [-0.4124945  -0.19028668  0.8774503  -0.12166557  0.09443392]
 [-0.24548323  0.04901728  0.01136871  0.9560025   0.15252969]
 [ 0.13040452 -0.08930728 -0.07945015 -0.11691209  0.97726053]]",83
1,2,5,,1.3863710165023804,"[[-0.91871077 -0.36658376  0.05760172  0.13239422  0.02721731]
 [ 0.07794021 -0.01819033  0.9899886   0.07755998 -0.08661052]
 [-0.370611    0.888924    0.07581005 -0.18123773  0.1840308 ]
 [-0.06204396 -0.19457248  0.06280759 -0.963706   -0.16005662]
 [ 0.09324145 -0.19297966  0.08314192 -0.12198339  0.9655425 ]]",83
2,3,5,,1.3615261316299438,"[[ 0.8718906   0.44022486 -0.19940141  0.01745736 -0.07709187]
 [-0.3065953   0.8261163   0.47170857  0.00649157  0.0313051 ]
 [ 0.37378287 -0.3511375   0.85828155 -0.01838595 -0.00188361]
 [-0.00361747 -0.01923581  0.01518633  0.9990376   0.03619453]
 [ 0.07797044  0.00814458 -0.02919257 -0.03519698  0.99587315]]",83
3,4,5,,1.0934072732925415,"[[ 9.97600794e-01 -1.71386395e-02  2.40428885e-03 -2.43192650e-02
  -6.24641292e-02]
 [-1.97730726e-03 -1.18055426e-01 -9.88293290e-01 -9.66191813e-02
   3.89502820e-04]
 [ 1.56333391e-02  9.92616475e-01 -1.15900084e-01 -2.77148075e-02
  -1.63442120e-02]
 [ 3.71716842e-02  1.86057948e-02 -9.73200053e-02  9.72798347e-01
   2.06068531e-01]
 [ 5.62375486e-02  1.16395429e-02  1.91471875e-02 -2.07288608e-01
   9.76404965e-01]]",83
4,5,5,,1.0762804746627808,"[[ 0.53668207  0.8354753  -0.10489424  0.04765357 -0.02607264]
 [-0.80857104  0.5475539   0.19283406 -0.08891842 -0.03614034]
 [ 0.22205783 -0.01466883  0.67498296 -0.6935747   0.11758953]
 [-0.08944876  0.01275124 -0.7040795  -0.6908257   0.13736132]
 [-0.02957152  0.04228492  0.02196074  0.17758545  0.9825064 ]]",83
5,6,5,,1.1292356252670288,"[[ 0.9502765   0.11189461 -0.2413437  -0.11839872  0.11040429]
 [-0.10915474  0.99208564  0.0055422   0.06076574  0.01132447]
 [-0.24993697  0.00947497 -0.8128971  -0.49795863 -0.1693434 ]
 [-0.01505962 -0.05087938 -0.51452285  0.85543275 -0.02618401]
 [-0.14954773 -0.02381785 -0.12722804 -0.0506097   0.97893816]]",83
6,7,5,,1.153937816619873,"[[-8.47179651e-01 -5.01201510e-01 -2.83568222e-02 -6.29059598e-03
  -1.73896760e-01]
 [-4.98510659e-01  8.38619888e-01  1.02143094e-01 -1.94336832e-01
   1.93530659e-03]
 [ 3.28485258e-02 -9.64945257e-02  9.93562579e-01  2.11050827e-02
  -4.46958430e-02]
 [-1.07986405e-01  1.63028643e-01 -4.87171434e-04  9.80472863e-01
   2.08153185e-02]
 [-1.45030156e-01 -9.81027335e-02  3.99474762e-02 -2.05213781e-02
   9.83526886e-01]]",83
7,8,5,,1.1861050128936768,"[[-0.9994006   0.03011507 -0.01105952 -0.01209524 -0.00477617]
 [ 0.02084515  0.872961    0.48352683  0.02994851 -0.0530048 ]
 [ 0.023787    0.4805031  -0.8749223   0.04410626 -0.03341527]
 [-0.01400801 -0.03998545  0.0234659   0.992653    0.11087928]
 [-0.00133127  0.06745472 -0.00631269 -0.10794143  0.9918452 ]]",83
8,9,5,,1.8285874128341675,"[[ 0.7991204   0.58053505  0.06489295  0.08303927  0.11523484]
 [-0.22066186  0.43312427 -0.6602234  -0.55919176  0.12296887]
 [-0.53802377  0.6753175   0.2370658   0.43026724 -0.11465866]
 [-0.09372722  0.12673856  0.70910513 -0.6796569   0.10192608]
 [ 0.12025215  0.05714946 -0.02938764 -0.18260796 -0.9736858 ]]",83
9,10,5,,1.498870849609375,"[[-0.9143651  -0.38850436  0.01172734  0.10940637  0.0298892 ]
 [ 0.05176321 -0.13544682 -0.9840743   0.0302758   0.09826399]
 [-0.36005312  0.90010995 -0.13710684  0.20331512 -0.00533517]
 [ 0.17737676 -0.13861847  0.06274341  0.97128695  0.0445804 ]
 [ 0.01249344  0.03613125  0.09340863 -0.0487681   0.9936976 ]]",83
10,11,5,,1.8463786840438843,"[[-0.72829294  0.15268703 -0.43890822 -0.4647064  -0.1941227 ]
 [-0.5209313   0.28154844  0.49200878  0.5667687  -0.29336262]
 [ 0.28406182  0.94633365 -0.05748871 -0.11530471  0.08462566]
 [-0.04509    -0.024699    0.7486378  -0.6599508   0.03692284]
 [-0.3398467   0.03549433  0.03903095  0.11828373  0.9315202 ]]",83
0,1,5,,1.2179006338119507,"[[ 0.266653    0.8857626   0.37380984  0.01678066  0.06561677]
 [-0.79300004  0.40563905 -0.39959836 -0.20313677  0.07526292]
 [-0.49700147 -0.2081949   0.8323568  -0.07325733  0.10705078]
 [-0.21412836  0.05871082 -0.02050397  0.9733011  -0.05446689]
 [ 0.0847685  -0.06395012 -0.08572672  0.07597502  0.98772645]]",84
1,2,5,,1.4008784294128418,"[[ 0.94303644 -0.30826917 -0.05805508  0.10714443  0.02832121]
 [ 0.02463296 -0.09386007  0.9900138   0.06941812 -0.07508197]
 [ 0.3146594   0.90932536  0.10421104 -0.15011139  0.2018007 ]
 [ 0.05098205 -0.19123296  0.05132333 -0.9784787   0.02785776]
 [-0.0920097  -0.18088071  0.05484758  0.06121368  0.9757362 ]]",84
2,3,5,,1.350119948387146,"[[-0.6914224  -0.7202862   0.01548945 -0.02383577  0.04811187]
 [-0.625835    0.6146635   0.47555417  0.01744038  0.06374558]
 [ 0.3520223  -0.32006297  0.8793916  -0.00305199 -0.01735295]
 [-0.00521185 -0.02878556 -0.0050996   0.9995183  -0.00902301]
 [ 0.0794906  -0.01037667 -0.01589953  0.0090313   0.99661386]]",84
3,4,5,,1.072238802909851,"[[ 0.98782223 -0.05750936 -0.13514587 -0.04118485 -0.03065023]
 [ 0.10075469 -0.40031797  0.9103963   0.00799595 -0.02661904]
 [ 0.10525422  0.9144203   0.3897486  -0.01120592 -0.02697194]
 [ 0.04726118  0.01325388 -0.00240349  0.9802028   0.19180046]
 [ 0.02727252  0.00989859  0.03169169 -0.19317551  0.980223  ]]",84
4,5,5,,1.0598393678665161,"[[ 0.8313247   0.54758877  0.07354297 -0.05723867 -0.0189958 ]
 [-0.5170547   0.81731355 -0.05316752  0.24782571 -0.02021396]
 [-0.17979407  0.17349705 -0.03413108 -0.962655   -0.09850549]
 [-0.09600451  0.01346488  0.99044776 -0.02447524  0.09495223]
 [-0.0032871   0.04315758 -0.09804515 -0.08945654  0.99020773]]",84
5,6,5,,1.0722193717956543,"[[ 0.92213804  0.3008286  -0.20776704  0.11465792  0.0533856 ]
 [-0.28931788  0.9490339   0.01445802 -0.11133493 -0.05500063]
 [ 0.2251853   0.03232792  0.94145066 -0.23190743  0.09020011]
 [-0.08236596  0.07916232  0.25921798  0.95655644 -0.06895733]
 [-0.0920004   0.03904854 -0.05568194  0.07534541  0.99057245]]",84
6,7,5,,1.1079094409942627,"[[ 0.92530656 -0.3548929   0.00112306  0.08269985 -0.10496806]
 [ 0.33911064  0.9101375   0.22029804  0.08877579 -0.01553749]
 [-0.08311161 -0.2069252   0.9746041   0.01907343 -0.00757903]
 [-0.1063761  -0.04773799 -0.03858892  0.99241596  0.00515071]
 [ 0.10289986 -0.02457335  0.01118973  0.00512224  0.99431205]]",84
7,8,5,,1.1876959800720215,"[[ 0.9861534   0.16513279  0.00192942 -0.0096369   0.01166529]
 [ 0.11440127 -0.6891203   0.71504766  0.02120196 -0.01681822]
 [ 0.11474434 -0.6876299  -0.67522126 -0.23588124 -0.04934657]
 [-0.0347021   0.15401664  0.18089114 -0.96776664 -0.07603114]
 [-0.00658446 -0.03589353 -0.00759603 -0.08511965  0.99567324]]",84
8,9,5,,1.7957512140274048,"[[ 0.66919905  0.70888615  0.20522729 -0.02271824  0.08377794]
 [ 0.11526275 -0.28038353  0.6499251   0.6952503   0.04820799]
 [-0.7071051   0.61077917  0.28368852  0.11115892 -0.18470417]
 [-0.05925637 -0.1826054   0.6586465  -0.69454736  0.21663967]
 [-0.18809088  0.11166711 -0.14554958  0.14614625  0.95373416]]",84
9,10,5,,1.2564237117767334,"[[-0.89538807 -0.4374247   0.06567924  0.04987653 -0.01176418]
 [ 0.22553062 -0.5832087  -0.7606102  -0.02368816  0.1729581 ]
 [-0.3603958   0.66316694 -0.6323408   0.16667008 -0.05187205]
 [ 0.11071855 -0.10210877  0.08693071  0.98435265  0.02842761]
 [-0.07261135  0.13531667  0.09872469 -0.01490564  0.983081  ]]",84
10,11,5,,1.7762067317962646,"[[-0.68715495  0.15270795 -0.45665154 -0.4859697  -0.24454285]
 [-0.6451891  -0.4921821   0.332055    0.47683865 -0.06206608]
 [ 0.2556875  -0.8457447  -0.39343137 -0.25396726 -0.00722756]
 [-0.02084626 -0.1383502   0.7216389  -0.6773497  -0.02931455]
 [-0.21386553 -0.00348698 -0.07521934 -0.11470131  0.967179  ]]",84
0,1,5,,1.2018121480941772,"[[ 0.34833115  0.8546223   0.379284    0.02884054  0.05998375]
 [-0.7573062   0.47666383 -0.37513947 -0.22576886  0.08704939]
 [-0.48376232 -0.1797392   0.8424606  -0.11809596  0.09990607]
 [-0.24289966  0.06128929  0.00151463  0.96604306  0.06326126]
 [ 0.1101198  -0.07968573 -0.07531138 -0.031794    0.98734045]]",85
1,2,5,,1.3861747980117798,"[[-0.9141023  -0.38295254 -0.0164074   0.12964004  0.02624027]
 [ 0.02598569 -0.0836815   0.9892996   0.07867553 -0.08613086]
 [-0.38940996  0.8758752   0.11504255 -0.18172963  0.1869279 ]
 [-0.05593164 -0.20491262  0.04995903 -0.9675089  -0.12772276]
 [ 0.09472691 -0.1928684   0.07270703 -0.08890712  0.96986485]]",85
2,3,5,,1.340698003768921,"[[ 0.7911354   0.59587675 -0.12408809  0.01475685 -0.05848192]
 [-0.4753184   0.7357546   0.47964844  0.0084522   0.0510243 ]
 [ 0.37755543 -0.32130593  0.8683399  -0.008898   -0.01099972]
 [-0.00346792 -0.01794237  0.0052576   0.99975437  0.01138477]
 [ 0.07494789 -0.00604233 -0.02230909 -0.01108292  0.99685794]]",85
3,4,5,,1.0738794803619385,"[[ 0.9932842  -0.05287072 -0.08484434 -0.01961542 -0.05484279]
 [ 0.0620596  -0.32523227  0.9433386  -0.01430731 -0.01674191]
 [ 0.07600843  0.94395953  0.31974396 -0.02315717 -0.01976688]
 [ 0.032781    0.01787688  0.02227387  0.98056763  0.1913031 ]
 [ 0.05179865  0.0070378   0.01347361 -0.19329111  0.9796552 ]]",85
4,5,5,,1.063457727432251,"[[ 0.7218329   0.6864538   0.06494313  0.05724668 -0.01560625]
 [-0.6508852   0.7141468  -0.12112163 -0.22587803 -0.02552341]
 [-0.21057427  0.12712017  0.12790379  0.9534839  -0.11835571]
 [-0.10289584  0.03020745  0.9777197  -0.1444868   0.10810971]
 [-0.01940603  0.04127254 -0.09389761  0.12527573  0.986615  ]]",85
5,6,5,,1.0930063724517822,"[[ 0.94654685  0.19892119 -0.1962687   0.13299176 -0.09094634]
 [-0.18808445  0.9775098   0.00835678 -0.08973238  0.03125818]
 [ 0.219865    0.00950823  0.9142329  -0.31602195 -0.1260051 ]
 [ 0.0689076  -0.06777904 -0.3449966  -0.93228304 -0.0498351 ]
 [-0.12483764  0.01485015 -0.08102018  0.0723871  -0.98609877]]",85
6,7,5,,1.1185641288757324,"[[-0.903285   -0.40073156 -0.03290172  0.04920265 -0.14137533]
 [-0.39374623  0.8819551   0.22153275  0.13388166  0.01086674]
 [ 0.06304402 -0.21504816  0.9742644  -0.00819483 -0.02283503]
 [ 0.10071049 -0.09997401 -0.02051568  0.98960733 -0.0109014 ]
 [ 0.12215973  0.07299916 -0.01512255 -0.01627182 -0.98957306]]",85
7,8,5,,1.179408311843872,"[[-9.92647886e-01 -1.18221529e-01 -4.25075693e-03 -2.56075542e-02
  -2.67501367e-04]
 [ 8.64116177e-02 -7.60483086e-01  6.40227318e-01  5.53414635e-02
  -3.52815613e-02]
 [ 8.31894204e-02 -6.29477143e-01 -7.45392621e-01 -1.94309995e-01
  -5.89203611e-02]
 [ 1.38486587e-02  8.88439566e-02  1.85309842e-01 -9.77215350e-01
  -5.12393452e-02]
 [ 8.42538662e-03 -5.96186183e-02 -1.18802525e-02 -5.97949103e-02
   9.96322274e-01]]",85
8,9,5,,1.8401634693145752,"[[ 0.7477249   0.6509787   0.1003923  -0.01335872  0.08292828]
 [ 0.13950045 -0.30367297  0.87441224 -0.35158044  0.01080158]
 [-0.61827576  0.6898054   0.27036503 -0.17471941 -0.19565149]
 [-0.1098341   0.05024542  0.38307863  0.8741584   0.2729646 ]
 [-0.16467737  0.07518858 -0.07401413 -0.28553966  0.93819886]]",85
9,10,5,,1.3582531213760376,"[[ 0.9423773  -0.31987178  0.04966349  0.0822049   0.0195704 ]
 [-0.05271914 -0.29610935 -0.94715446 -0.00217633  0.11150615]
 [ 0.26787972  0.84347045 -0.2770496   0.37365925  0.02050412]
 [ 0.19314988  0.3117349  -0.11170853 -0.9223651  -0.04773084]
 [-0.00890698  0.03715212  0.10581443 -0.05346933  0.992212  ]]",85
10,11,5,,1.776076316833496,"[[ 0.80705786 -0.0769024   0.396447    0.37057105  0.21966018]
 [-0.46079308  0.35343847  0.63698053  0.48429105 -0.14989662]
 [ 0.25041208  0.92976296 -0.24541977 -0.10801083  0.03061817]
 [ 0.05655862  0.05470537  0.613884   -0.7849772   0.02767131]
 [-0.2653721   0.04141822 -0.00111624  0.01684373  0.9631081 ]]",85
0,1,5,,1.2012932300567627,"[[ 0.36041224  0.85224295  0.37242913  0.03502348  0.06208588]
 [-0.76812226  0.47887957 -0.34399414 -0.23580971  0.0820022 ]
 [-0.44888565 -0.18657649  0.85804707 -0.13502535  0.09599108]
 [-0.25248548  0.05123978  0.01364209  0.95575124  0.14134768]
 [ 0.12183592 -0.0831854  -0.08083122 -0.10712138  0.97991204]]",86
1,2,5,,1.381522536277771,"[[-0.8921254  -0.42477846  0.07427449  0.13175702  0.02826243]
 [ 0.09388466 -0.00215368  0.98701566  0.0921166  -0.09217206]
 [-0.4273648   0.86319965  0.07651073 -0.19099702  0.17295071]
 [-0.0454594  -0.20098938  0.07462626 -0.9555081  -0.19741285]
 [ 0.10291048 -0.18452166  0.09413001 -0.15709537  0.9601155 ]]",86
2,3,5,,1.3509235382080078,"[[ 8.5861129e-01  4.6774900e-01 -1.9589733e-01  2.3344604e-02
  -7.1252353e-02]
 [-3.3245447e-01  8.1402284e-01  4.7498465e-01  7.6401490e-03
   3.4235582e-02]
 [ 3.8321209e-01 -3.4343216e-01  8.5716808e-01 -2.1576578e-02
  -4.2753204e-04]
 [-6.8426239e-03 -2.4372783e-02  1.8455889e-02  9.9892789e-01
   3.4085058e-02]
 [ 7.3228762e-02  6.1664688e-03 -3.0595701e-02 -3.2777622e-02
   9.9628758e-01]]",86
3,4,5,,1.0891422033309937,"[[ 0.9938803  -0.04373509  0.0751695  -0.01069428 -0.0672642 ]
 [ 0.06854101 -0.1049426  -0.9890065  -0.07754295 -0.01193307]
 [ 0.04984833  0.99324536 -0.09948887 -0.02879269 -0.01586311]
 [ 0.03103322  0.02200853 -0.07910679  0.9757125   0.20069811]
 [ 0.06368886  0.00731196  0.00772946 -0.20255555  0.9771396 ]]",86
4,5,5,,1.0694963932037354,"[[ 0.6299844   0.77020556 -0.08009854  0.05554346 -0.02005662]
 [-0.7469696   0.63447636  0.1532162  -0.11967686 -0.04096851]
 [ 0.18473925 -0.04092342  0.41751435 -0.8794343   0.12835033]
 [-0.10082977  0.0239973  -0.8896523  -0.42605796  0.12747863]
 [-0.0293397   0.04441439  0.06564663  0.16632003  0.9824433 ]]",86
5,6,5,,1.1158349514007568,"[[ 9.43380713e-01  1.86118022e-01 -2.17561081e-01  1.31119877e-01
  -1.04248062e-01]
 [-1.79813311e-01  9.81685221e-01  2.24087965e-02 -5.86050749e-02
   4.96278284e-03]
 [-2.36459136e-01 -8.25291791e-04 -8.71780694e-01  3.92932981e-01
   1.72303513e-01]
 [ 3.50851826e-02 -3.79939526e-02 -4.20258254e-01 -9.05841887e-01
  -1.26116714e-02]
 [-1.43374115e-01 -1.44918505e-02 -1.24685459e-01  6.65375143e-02
  -9.79418278e-01]]",86
6,7,5,,1.132276177406311,"[[-8.6031240e-01 -4.8104951e-01 -4.1789100e-02  2.5498046e-02
  -1.6142336e-01]
 [-4.7749162e-01  8.4523219e-01  1.6745111e-01  1.7160882e-01
   9.7357333e-03]
 [ 4.9212046e-02 -1.6078664e-01  9.8440558e-01 -2.9280290e-02
  -4.2592436e-02]
 [ 1.0889267e-01 -1.3831547e-01  6.8538421e-04  9.8429942e-01
  -1.2860922e-02]
 [ 1.3260779e-01  9.5866814e-02 -3.4043297e-02 -1.4056232e-02
  -9.8583376e-01]]",86
7,8,5,,1.1787638664245605,"[[-0.9970665   0.06823777  0.01814556 -0.02939933  0.00291184]
 [ 0.0482625   0.8652649  -0.49224028  0.06249445 -0.05273785]
 [ 0.05240846  0.49194953  0.86100334 -0.10868455 -0.04582498]
 [ 0.02634394 -0.00546062 -0.12651248 -0.9899195  -0.0577074 ]
 [ 0.00940919  0.06794178  0.00616765 -0.05896758  0.9958816 ]]",86
8,9,5,,1.8692656755447388,"[[ 0.7825254   0.5999255  -0.07664634 -0.0564188   0.13669512]
 [-0.2613711   0.4443414   0.7772834   0.33938774  0.12203479]
 [ 0.5393676  -0.64757484  0.37060225  0.3727185   0.11603528]
 [-0.10390986  0.13346767 -0.49461183  0.8485452   0.08197191]
 [ 0.13275693  0.07404905  0.0892699   0.1506149  -0.97274786]]",86
9,10,5,,1.4340587854385376,"[[-0.91303664 -0.38989827  0.04008768  0.10672131  0.03670131]
 [ 0.04539282 -0.20297027 -0.97483456 -0.01417334  0.07898876]
 [ 0.33659798 -0.8609961   0.19598371 -0.3239278  -0.04526149]
 [-0.2221665   0.25584793 -0.05170197 -0.9391745  -0.02149466]
 [ 0.04058909 -0.00314441  0.08371258 -0.03783747  0.9949388 ]]",86
10,11,5,,1.785646677017212,"[[-0.75377846  0.0936658  -0.46407112  0.42468858 -0.16529451]
 [-0.5235357   0.33262262  0.54576904 -0.50411147 -0.25155565]
 [ 0.27580136  0.93687284 -0.1678365   0.12163733  0.05690383]
 [-0.00725117  0.02522945  0.67569935  0.735607    0.04029318]
 [-0.28567353  0.0471335   0.04511479 -0.09796853  0.95107096]]",86
0,1,5,,1.232235074043274,"[[ 0.18904875  0.85977644  0.46943    -0.02637768  0.06312501]
 [-0.7746124   0.40320027 -0.44422323 -0.19364685  0.05071215]
 [-0.55239975 -0.30421305  0.75525814 -0.12218765  0.13024682]
 [-0.21667817  0.06474703  0.01746188  0.9729538   0.04375266]
 [ 0.11018744 -0.03842242 -0.10761665 -0.01536609  0.98720056]]",87
1,2,5,,1.4023178815841675,"[[-0.88525164 -0.44407097 -0.06960347  0.11747853  0.0220159 ]
 [ 0.14056563 -0.39526296  0.8948137   0.11426281 -0.10129683]
 [-0.42877683  0.7438303   0.44064108 -0.1917473   0.17870463]
 [-0.01486137 -0.23299256  0.00873364 -0.96459216 -0.12238976]
 [ 0.11180524 -0.19748208  0.01493545 -0.07705655  0.9707418 ]]",87
2,3,5,,1.3395723104476929,"[[-6.8297666e-01 -7.2356361e-01 -7.1352534e-02  3.2852948e-02
  -6.1872676e-02]
 [ 6.7927384e-01 -6.7282277e-01  2.9068115e-01  4.2586848e-03
   3.7187859e-02]
 [-2.6009902e-01  1.5024854e-01  9.5370960e-01  6.7770365e-04
   1.4543670e-02]
 [ 2.1556869e-02  2.7170219e-02  1.2962136e-03  9.9904031e-01
  -2.6720602e-02]
 [-6.3354217e-02 -2.1272477e-02 -2.9149974e-02  2.8647454e-02
   9.9692696e-01]]",87
3,4,5,,1.06403648853302,"[[ 0.97762924  0.06574314 -0.19376874 -0.00514468  0.04843773]
 [ 0.169218    0.24910489  0.95167804  0.02215272  0.05594815]
 [-0.11006051  0.9653243  -0.23092152 -0.04892992 -0.01780067]
 [-0.01609579  0.04125101 -0.04258221  0.9773862   0.20234206]
 [-0.05686868 -0.00848545 -0.04030641 -0.20446256  0.9763526 ]]",87
4,5,5,,1.0651949644088745,"[[ 0.8090702  -0.5814408  -0.08553132  0.00245733  0.00322356]
 [ 0.56882143  0.8013831  -0.06440639  0.16486545 -0.05383803]
 [-0.08647131 -0.12564282  0.06904331  0.97762764  0.12733339]
 [ 0.11600045  0.0162817   0.98764193 -0.06770194  0.07911235]
 [ 0.03023591  0.06050242 -0.0912839  -0.11168697  0.98722774]]",87
5,6,5,,1.0813102722167969,"[[-0.8390106  -0.48322463  0.20799735 -0.1290182  -0.05144466]
 [-0.47197574  0.8711185   0.03265059 -0.12704523 -0.03442303]
 [ 0.20287447  0.06898024  0.9679088  -0.06313841  0.11510783]
 [-0.14938696  0.05367891  0.10314842  0.97676605 -0.10045205]
 [-0.09912409  0.00261498 -0.09046566  0.09568419  0.9863205 ]]",87
6,7,5,,1.1132786273956299,"[[-8.37916136e-01 -5.32870710e-01 -3.13067697e-02  6.00602627e-02
  -9.67367068e-02]
 [-5.21987975e-01  8.31278503e-01  1.32825702e-01  1.36403605e-01
  -1.59992427e-02]
 [ 5.87531589e-02 -1.35333419e-01  9.84796107e-01  8.73550475e-02
  -2.79027261e-02]
 [ 1.18101448e-01 -7.06569701e-02 -1.03803925e-01  9.84964669e-01
   1.13600269e-02]
 [-8.95834640e-02 -4.14404199e-02  2.79014893e-02 -7.63435615e-04
   9.94725287e-01]]",87
7,8,5,,1.1985198259353638,"[[ 9.75878775e-01 -2.15855151e-01  2.66357921e-02  4.76085494e-04
   1.89057030e-02]
 [-1.67557687e-01 -6.68823123e-01  7.23302007e-01  3.71786542e-02
  -7.21182348e-03]
 [-1.37514040e-01 -7.07946002e-01 -6.80026531e-01 -1.30078033e-01
  -2.33663786e-02]
 [ 1.28978305e-02  6.82231039e-02  1.16716996e-01 -9.90385413e-01
  -2.63267420e-02]
 [-2.25503352e-02 -1.55013660e-02 -8.11092649e-03 -2.88777780e-02
   9.99175370e-01]]",87
8,9,5,,1.6925458908081055,"[[-0.50893533 -0.82561386 -0.22239037 -0.09790187  0.01744371]
 [ 0.08592085 -0.21136203  0.8216222  -0.5150348   0.08729127]
 [-0.8382987   0.49120554  0.14372157 -0.13441628 -0.13133453]
 [-0.15720314 -0.12610194  0.48022187  0.8273014   0.21058184]
 [-0.07838966  0.12846456 -0.15559733 -0.15052876  0.96461517]]",87
9,10,5,,1.3086456060409546,"[[-0.47891727  0.8606466   0.14446011  0.09353229  0.01756881]
 [ 0.4843708   0.4010702  -0.7586888  -0.06784322  0.15593667]
 [-0.64358795 -0.29452747 -0.60685813  0.3594529  -0.0395586 ]
 [-0.33095554 -0.05440131 -0.16762342 -0.9256763  -0.05034674]
 [-0.11084269 -0.09340341  0.0845468  -0.02379353  0.98553306]]",87
10,11,5,,1.7831625938415527,"[[-0.29456982  0.40724343 -0.47806415 -0.6985226  -0.1757905 ]
 [ 0.88599485  0.4036242  -0.01503241 -0.16699953  0.15487373]
 [ 0.301834   -0.78462106 -0.4765267  -0.25721273 -0.00548221]
 [-0.00146371 -0.23574029  0.73211974 -0.6390641   0.00470998]
 [-0.19270682  0.00605627 -0.09028693 -0.09806172  0.97214174]]",87
0,1,5,,1.2105138301849365,"[[ 2.89251477e-01  8.78240407e-01  3.75068903e-01  8.95722117e-03
   6.53484240e-02]
 [-8.02371144e-01  4.15788680e-01 -3.64338458e-01 -2.08874688e-01
   8.33619311e-02]
 [-4.61138815e-01 -2.17679322e-01  8.47127318e-01 -9.27554220e-02
   1.17211141e-01]
 [-2.19618395e-01  6.09360747e-02 -1.60573181e-04  9.73461986e-01
   2.06454061e-02]
 [ 1.07948706e-01 -6.86733946e-02 -9.46365148e-02  7.69966096e-03
   9.87226248e-01]]",88
1,2,5,,1.3939762115478516,"[[-0.90715384 -0.40248743 -0.02258591  0.11675134  0.03057411]
 [ 0.05111529 -0.15123056  0.9789639   0.08895733 -0.09073389]
 [-0.4028841   0.8613092   0.18619087 -0.1717162   0.17798159]
 [-0.03654359 -0.2081879   0.0518411  -0.9736026  -0.06879574]
 [ 0.10396205 -0.1730247   0.06135824 -0.0326687   0.9769454 ]]",88
2,3,5,,1.3475197553634644,"[[ 0.8036535   0.58192676 -0.10270149  0.02363705 -0.06630268]
 [-0.4993695   0.76468366  0.40445182  0.02495041  0.04105118]
 [ 0.3151751  -0.27440414  0.90844244 -0.00990156  0.00114631]
 [-0.00334005 -0.03556598  0.00130625  0.99935967  0.00160942]
 [ 0.0736526   0.00758707 -0.02453082 -0.0010573   0.9969528 ]]",88
3,4,5,,1.0761994123458862,"[[ 0.9890385  -0.04901934  0.12834007 -0.02559144 -0.04768528]
 [ 0.10826321 -0.2790362  -0.9534908  -0.03132563 -0.01708531]
 [ 0.08123168  0.9589306  -0.2705283  -0.01533078 -0.02080656]
 [ 0.03993837  0.00729689 -0.03340136  0.9770059   0.20662904]
 [ 0.04345444  0.01160771 -0.00910831 -0.20877808  0.97688574]]",88
4,5,5,,1.05939519405365,"[[-0.8145986   0.56953853  0.09732461  0.04835652 -0.01563361]
 [ 0.5335297   0.8051244  -0.14853726 -0.20865765 -0.03897989]
 [-0.2013117  -0.15416099 -0.3132732  -0.9079861   0.11458294]
 [ 0.1041109   0.02123819  0.93035746 -0.33415672  0.10716486]
 [ 0.02024042  0.056425   -0.06899025  0.13425456  0.9867232 ]]",88
5,6,5,,1.071934461593628,"[[-0.9179463  -0.32521453  0.1916083  -0.09353863  0.07840286]
 [-0.31130606  0.94350255  0.04482229 -0.0914321   0.05022435]
 [ 0.21428338 -0.00426709  0.8692054  -0.4235434  -0.13840985]
 [ 0.01696524 -0.05855642 -0.4439529  -0.8936125  -0.02541268]
 [-0.11940701  0.02431645 -0.09308551  0.07041553 -0.9856609 ]]",88
6,7,5,,1.1034075021743774,"[[ 0.90347064 -0.39366093 -0.05430699  0.0938523  -0.13043992]
 [ 0.39227405  0.88616425  0.23071519  0.08674023  0.00897828]
 [-0.04748495 -0.23230974  0.9710905   0.00788142 -0.02642829]
 [-0.12119718 -0.03738796 -0.02301506  0.9916507  -0.00353644]
 [-0.11365955  0.06616885 -0.01657589 -0.01531551 -0.991057  ]]",88
7,8,5,,1.1795157194137573,"[[ 9.9291921e-01 -1.1519711e-01 -2.8635444e-02  2.9536621e-03
   3.5251023e-03]
 [ 8.2707338e-02  8.4417182e-01 -5.2807879e-01  3.1661540e-02
  -2.5762707e-02]
 [ 8.4804192e-02  5.1857150e-01  8.3355659e-01 -1.6814470e-01
  -2.8330768e-02]
 [-8.8755433e-03 -6.3226737e-02 -1.5962428e-01 -9.8437488e-01
  -3.8075160e-02]
 [ 6.9624826e-04  3.4488920e-02  4.0397188e-03 -4.1499447e-02
   9.9853468e-01]]",88
8,9,5,,1.8568614721298218,"[[ 0.6952099   0.7079572   0.10483784  0.0060077   0.06672881]
 [-0.3355145   0.43296298 -0.6112412  -0.56464237 -0.08681136]
 [ 0.60114086 -0.5487913  -0.37874627 -0.39725745  0.19025114]
 [-0.11373734 -0.00339679  0.6703287  -0.6961122   0.23052011]
 [-0.17264615  0.10077813 -0.15034592  0.19686837  0.9479853 ]]",88
9,10,5,,1.353711485862732,"[[-0.8890057  -0.44553334  0.0773719   0.07112017  0.01115172]
 [ 0.12172879 -0.39564577 -0.90033656  0.00150723  0.13430665]
 [-0.42572376  0.7956347  -0.41275224  0.11778048 -0.03857713]
 [ 0.1137435  -0.0600823   0.04712882  0.9902624   0.02473487]
 [-0.02593576  0.0912146   0.10402918 -0.02116141  0.9898168 ]]",88
10,11,5,,1.7656396627426147,"[[-0.7026677  -0.08293062 -0.47238985 -0.4806205  -0.21267915]
 [-0.6212872   0.40557605  0.4659319   0.45317152 -0.16447894]
 [ 0.22303076  0.90667695 -0.30384046 -0.18904722  0.01167634]
 [ 0.02412651  0.07121473  0.68287647 -0.72644556  0.01740631]
 [-0.26445326  0.03867783 -0.0334078  -0.01332222  0.9629511 ]]",88
0,1,5,,1.2132035493850708,"[[ 0.37632883  0.8540376   0.34922427  0.04572261  0.07034563]
 [-0.77441704  0.47915244 -0.3261896  -0.23416534  0.09725259]
 [-0.43217254 -0.17017911  0.8747948  -0.09678642  0.09814525]
 [-0.23783465  0.04932537 -0.01565538  0.9616862   0.12615944]
 [ 0.12375935 -0.09817859 -0.0783058  -0.09417035  0.97981876]]",89
1,2,5,,1.3824331760406494,"[[-0.93644935 -0.31892714  0.05146479  0.13349153  0.0296564 ]
 [ 0.04761238  0.04551959  0.9915966   0.07809723 -0.07936122]
 [-0.3303197   0.91229635  0.00115017 -0.1751843   0.16707325]
 [-0.07166138 -0.19246732  0.08000258 -0.9694357  -0.10777242]
 [ 0.08092727 -0.16396719  0.0876698  -0.07473706  0.9763677 ]]",89
2,3,5,,1.364609956741333,"[[ 0.8174255   0.5479672  -0.16305238  0.02302207 -0.06656896]
 [-0.39348498  0.7493195   0.53143513  0.00248464  0.03550136]
 [ 0.41421753 -0.37111455  0.83076066 -0.02060197 -0.01049222]
 [-0.00734643 -0.02196335  0.01898382  0.999158    0.02804481]
 [ 0.07317797  0.00661975 -0.02160807 -0.02688172  0.99670035]]",89
3,4,5,,1.1026180982589722,"[[ 0.9960349  -0.05368341  0.03909874 -0.02501879 -0.05364555]
 [ 0.0251765  -0.17635432 -0.9751081  -0.13191672 -0.00524048]
 [ 0.0583544   0.9828188  -0.17196602 -0.03117809 -0.01084229]
 [ 0.04076752  0.00736443 -0.1325515   0.96976346  0.20068061]
 [ 0.04704595  0.0054943   0.0222095  -0.20139213  0.97811264]]",89
4,5,5,,1.0750164985656738,"[[ 0.5443716   0.8319192  -0.09071305  0.05008287 -0.02885991]
 [-0.8077604   0.5527684   0.1682663  -0.11344975 -0.02803122]
 [ 0.21450822 -0.023457    0.62747765 -0.73928094  0.11476684]
 [-0.06854112  0.00618857 -0.75354123 -0.63643914  0.14961495]
 [-0.02170287  0.04205919  0.04364507  0.18174101  0.98123664]]",89
5,6,5,,1.1245721578598022,"[[ 0.9526675   0.12782903 -0.23286825  0.1071634  -0.1018472 ]
 [-0.12903892  0.98990893 -0.00888692 -0.0576705  -0.00493602]
 [-0.2413911  -0.0088762  -0.81932956  0.50262153  0.13312471]
 [-0.02062979 -0.05703927 -0.51531446 -0.85473186  0.0143332 ]
 [-0.13068451 -0.02019247 -0.09403965  0.04466779 -0.98573583]]",89
6,7,5,,1.1456009149551392,"[[-0.86752766 -0.46662804 -0.04766748  0.03986552 -0.16060063]
 [-0.4602154   0.85815483  0.1414465   0.17815214 -0.00516626]
 [ 0.02229633 -0.13754109  0.98765796 -0.06490763 -0.03006775]
 [ 0.12474527 -0.14355393  0.04085883  0.9805675  -0.02546996]
 [ 0.13978174  0.07939328 -0.02414539 -0.03077026 -0.986219  ]]",89
7,8,5,,1.186458945274353,"[[-0.99822766  0.05452508 -0.01931036 -0.01227667 -0.00670892]
 [ 0.03707872  0.86020523  0.5041633   0.04137103 -0.05272543]
 [ 0.04547337  0.5031456  -0.85680276 -0.0989113  -0.02970131]
 [ 0.009703   -0.02254893  0.1054822  -0.98608047 -0.12615941]
 [-0.00218886  0.05839559  0.01445459 -0.1264894   0.9901397 ]]",89
8,9,5,,1.825880765914917,"[[ 0.8194374   0.5457537   0.09002651  0.08636349  0.12293043]
 [-0.19505323  0.4666882  -0.5564227  -0.65244234  0.0941758 ]
 [-0.5177999   0.6928748   0.24888834  0.42313883 -0.10399896]
 [-0.07486022  0.04594449  0.7864935  -0.5956506   0.13752593]
 [ 0.12944412  0.04656863  0.04209049 -0.18169782 -0.9727743 ]]",89
9,10,5,,1.5346980094909668,"[[ 0.93943936 -0.32233614  0.03510357  0.10932287  0.01921952]
 [-0.06154611 -0.25996965 -0.9560105   0.04994136  0.11035271]
 [ 0.30334133  0.9021342  -0.26345655  0.14744179 -0.05467603]
 [-0.14685833 -0.08423296  0.08652558  0.9814384   0.02508689]
 [ 0.00907962  0.08702806  0.08897032 -0.02436979  0.9918841 ]]",89
10,11,5,,1.8870311975479126,"[[ 0.77393216 -0.17996895  0.38589314  0.42115244  0.20580885]
 [-0.4429078   0.3075702   0.4540914   0.65828264 -0.2640042 ]
 [ 0.30595982  0.9332982  -0.05635072 -0.15548278  0.08940271]
 [-0.08570111 -0.02372435  0.800245   -0.59287167  0.01427276]
 [-0.3223439   0.03746287  0.03633246  0.11671744  0.9379488 ]]",89
0,1,5,,1.2043510675430298,"[[ 0.34760734  0.8589805   0.3687958   0.03780348  0.06230713]
 [-0.7721369   0.46750212 -0.3511507  -0.23450482  0.08334899]
 [-0.4520301  -0.18614675  0.85699636 -0.13201392  0.09564401]
 [-0.2545657   0.04773794  0.01075628  0.9587378   0.11671977]
 [ 0.11763845 -0.08163782 -0.07825855 -0.08350182  0.9830562 ]]",90
1,2,5,,1.3819289207458496,"[[-0.91688925 -0.37195227  0.06216651  0.12715931  0.03052079]
 [ 0.0714443   0.01127972  0.98988825  0.08517663 -0.08737833]
 [-0.37699282  0.88783884  0.04902684 -0.18811029  0.1784083 ]
 [-0.05375773 -0.19748123  0.07429288 -0.961883   -0.16544747]
 [ 0.09589787 -0.18511522  0.09128972 -0.12637642  0.9655212 ]]",90
2,3,5,,1.3528870344161987,"[[ 0.85233593  0.49377382 -0.15667374  0.01995695 -0.0690366 ]
 [-0.34746182  0.7730741   0.52926666  0.00139786  0.03875102]
 [ 0.38347384 -0.39773783  0.8332656  -0.01930105 -0.00695282]
 [-0.00740933 -0.01858222  0.01788778  0.99935377  0.02391191]
 [ 0.07541043  0.00181625 -0.02604989 -0.02278567  0.9965502 ]]",90
3,4,5,,1.0879889726638794,"[[ 0.9961065  -0.04173237  0.04085247 -0.02018734 -0.06287926]
 [ 0.03138872 -0.16295709 -0.98339665 -0.0727151  -0.01016503]
 [ 0.04607153  0.9854538  -0.15914427 -0.03395483 -0.01668613]
 [ 0.03634093  0.02286864 -0.07686628  0.9764216   0.19710095]
 [ 0.0578217   0.00782625  0.00518062 -0.1993813   0.97816956]]",90
4,5,5,,1.0676149129867554,"[[ 0.6221466   0.7760505  -0.0808287   0.05983184 -0.02379118]
 [-0.7523282   0.6276696   0.14602679 -0.13327378 -0.03078122]
 [ 0.19370842 -0.04201348  0.39284968 -0.88944525  0.12356424]
 [-0.09475777  0.01688384 -0.9018122  -0.40244618  0.12453043]
 [-0.02083021  0.04154863  0.06743033  0.15994506  0.9837228 ]]",90
5,6,5,,1.1195526123046875,"[[ 0.9425232   0.1799139  -0.22067474  0.14485832 -0.09797848]
 [-0.17337286  0.98235583  0.01031083 -0.06836738  0.01176398]
 [-0.24627747 -0.00864371 -0.8696012   0.39674866  0.160178  ]
 [ 0.04531984 -0.04992703 -0.42786258 -0.9010014  -0.02415447]
 [-0.1374243  -0.0063654  -0.10919588  0.07161647 -0.98184586]]",90
6,7,5,,1.1372095346450806,"[[-0.8592789  -0.4868587  -0.02330144  0.01708892 -0.15418611]
 [-0.48050436  0.84578675  0.15836257  0.1693446   0.00202668]
 [ 0.05998633 -0.14297372  0.98652107 -0.03782709 -0.03613021]
 [ 0.10091373 -0.14182377  0.01080613  0.9846501  -0.00706998]
 [ 0.13028188  0.08401182 -0.03221329 -0.00798744 -0.9873536 ]]",90
7,8,5,,1.1799900531768799,"[[-0.99728787  0.06938885 -0.01148391 -0.02156034 -0.0023258 ]
 [ 0.04964876  0.8220371   0.5624289   0.05484563 -0.0495546 ]
 [ 0.05156977  0.5592896  -0.81243986 -0.14683783 -0.05399892]
 [ 0.01653179 -0.04544013  0.15321723 -0.9832156  -0.08644956]
 [ 0.00438298  0.06760562 -0.00279911 -0.09084552  0.993554  ]]",90
8,9,5,,1.879833459854126,"[[ 0.78053856  0.60035866  0.09581725 -0.06052338  0.13223132]
 [-0.1825173   0.37934047 -0.7426299   0.50571316  0.12467299]
 [-0.5747451   0.6971181   0.25815594 -0.32460406 -0.108084  ]
 [-0.09815135  0.07411329  0.6102729   0.7676753   0.15203671]
 [ 0.13221739  0.06483779 -0.01557186  0.21423799 -0.96549165]]",90
9,10,5,,1.4413667917251587,"[[-0.8893475  -0.4439072   0.02944743  0.10132208  0.02956566]
 [ 0.10134307 -0.26104736 -0.955112   -0.00474439  0.09655286]
 [-0.39494002  0.835509   -0.2705489   0.26952145  0.01041975]
 [-0.2066683   0.18751884 -0.07362967 -0.9560646  -0.05142158]
 [ 0.01006251  0.03952272  0.09097197 -0.05486465  0.9935043 ]]",90
10,11,5,,1.8179214000701904,"[[-0.714019    0.06114551 -0.49903274 -0.46247116 -0.15337847]
 [-0.56819725  0.37586802  0.45428628  0.518457   -0.2463765 ]
 [ 0.29346246  0.92299294 -0.18121743 -0.15738761  0.06597912]
 [-0.05002102  0.03586538  0.7146041  -0.6964648   0.02212165]
 [-0.28054672  0.04221569  0.03303861  0.08653754  0.95442706]]",90
0,1,5,,1.1944926977157593,"[[ 0.41448498  0.8179481   0.39179736  0.04561572  0.05980899]
 [-0.7190807   0.5411152  -0.35644293 -0.23236409  0.09525067]
 [-0.48492503 -0.15812622  0.8460392  -0.13195893  0.08153707]
 [-0.2520812   0.06320934  0.00689673  0.95986146  0.10525219]
 [ 0.11148073 -0.09568653 -0.06011103 -0.07196482  0.9846948 ]]",91
1,2,5,,1.3918062448501587,"[[ 0.9133813  -0.38291597  0.00877812  0.13679026  0.01792805]
 [-0.02244039 -0.01178156  0.99428004  0.06377993 -0.08183525]
 [ 0.39047283  0.8786428   0.0474298  -0.17752604  0.20433465]
 [ 0.06779759 -0.1894338   0.04765594 -0.9645398  -0.16404328]
 [-0.09036365 -0.21292752  0.08251988 -0.12396779  0.961415  ]]",91
2,3,5,,1.3400365114212036,"[[-0.7587432  -0.6385189   0.11691555 -0.00419852  0.05399368]
 [-0.5049372   0.6974372   0.50514454  0.0035711   0.05861679]
 [ 0.4028815  -0.32477722  0.8549361  -0.01667263 -0.03181974]
 [ 0.00909096 -0.01133252  0.01253701  0.9988359   0.04425577]
 [ 0.08337188 -0.01631458 -0.00931717 -0.04492731  0.9953279 ]]",91
3,4,5,,1.0770517587661743,"[[ 0.99094075 -0.01440262 -0.12087455 -0.02195375 -0.05230979]
 [ 0.10874332 -0.3388864   0.93388706  0.02983743 -0.01718961]
 [ 0.05304407  0.9403411   0.33504632 -0.01297113 -0.02281886]
 [ 0.02866908  0.02430788 -0.02269446  0.983387    0.17613117]
 [ 0.0507511   0.01078552  0.02175214 -0.17722733  0.9825606 ]]",91
4,5,5,,1.072035551071167,"[[ 0.6923704   0.7193807  -0.00453373 -0.05538323 -0.00518853]
 [-0.6879439   0.6798564  -0.08585732  0.23871583 -0.01310818]
 [-0.19280195  0.11052158 -0.19834808 -0.9479202  -0.11277282]
 [-0.09932001  0.08824661  0.96926343 -0.18369348  0.09556798]
 [-0.01787445  0.0168614  -0.11744987 -0.08747239  0.98891366]]",91
5,6,5,,1.124206781387329,"[[ 0.9561977   0.12283003 -0.19211596  0.1542916   0.09941997]
 [-0.11503989  0.9884031  -0.02654443 -0.09301342 -0.02165671]
 [ 0.19491701  0.04133783  0.9687449  -0.10294247  0.10599354]
 [-0.13007501  0.07817447  0.13663945  0.97442836 -0.09374577]
 [-0.13243748  0.0123295  -0.07245499  0.08622546  0.9846948 ]]",91
6,7,5,,1.1581699848175049,"[[ 0.88518316 -0.43684638 -0.01803662 -0.01383769 -0.15842737]
 [ 0.42822444  0.8466869   0.25302762  0.18857607  0.01269825]
 [-0.0974096  -0.23221603  0.9671432  -0.03311532 -0.01116178]
 [-0.07293723 -0.17678055 -0.01623399  0.98140186 -0.00394094]
 [ 0.13515235 -0.08432633  0.00472091 -0.00110291  0.9872181 ]]",91
7,8,5,,1.195581316947937,"[[ 0.9838829   0.17244382 -0.0153563   0.04462379 -0.00324009]
 [ 0.11140378 -0.5813939   0.8024585   0.06373295 -0.03960631]
 [ 0.13589108 -0.7798923  -0.57380074 -0.18678237 -0.09574285]
 [ 0.02451135  0.1261214   0.16248174 -0.97637266 -0.06155177]
 [ 0.02228197 -0.09003092 -0.01330062 -0.07586507  0.9927062 ]]",91
8,9,5,,1.8097987174987793,"[[ 0.7861564   0.6060774   0.03362762 -0.00967294  0.11577585]
 [-0.04684813  0.01951887  0.9747013  -0.20083287 -0.08395097]
 [-0.5844354   0.79174006 -0.06583858 -0.03922961 -0.16034088]
 [-0.08924079  0.05980799  0.21091634  0.92127246  0.3085942 ]
 [-0.1738815   0.04312642  0.00247104 -0.33059132  0.92661136]]",91
9,10,5,,1.391522765159607,"[[-0.94351083 -0.3187041   0.01780161 -0.08873775  0.00486929]
 [ 0.02682029 -0.13579611 -0.9856387   0.01009762  0.09620085]
 [-0.24818662  0.851558   -0.12211683 -0.4403903   0.06630434]
 [-0.21776763  0.3929222  -0.05612094  0.8900698  -0.05306223]
 [ 0.00697244 -0.02117238  0.10068519  0.07652311  0.9917207 ]]",91
10,11,5,,1.7772561311721802,"[[-0.8691804   0.16129927 -0.30942214 -0.29246694 -0.19294816]
 [-0.382283    0.14176331  0.77280927  0.47254902 -0.11500502]
 [ 0.2100001   0.9755902  -0.0584408  -0.02640661  0.00331669]
 [-0.08158037  0.0071001  -0.5502899   0.83094066 -0.00361468]
 [-0.21824229  0.04537592  0.02809759  0.0010321   0.9744336 ]]",91
0,1,5,,1.2138515710830688,"[[ 0.42156205  0.84681773  0.30879766  0.06778801  0.0723468 ]
 [-0.7716797   0.5020779  -0.30266327 -0.21780998  0.11568052]
 [-0.41226757 -0.12672107  0.8975152  -0.03312537  0.08571151]
 [-0.21468188  0.04749303 -0.05960582  0.9729723   0.03779121]
 [ 0.10364817 -0.11182059 -0.06287008 -0.01382916  0.9862096 ]]",92
1,2,5,,1.392188310623169,"[[ 0.93153965 -0.33776796 -0.00885002  0.13082555  0.03087082]
 [ 0.01642524  0.03727472  0.9943651   0.06401643 -0.0740317 ]
 [ 0.3452935   0.91858655 -0.02133118 -0.12298294  0.14625736]
 [ 0.07896434 -0.16231646  0.06929415 -0.9809599   0.0182734 ]
 [-0.08062939 -0.11989742  0.0768308   0.03713987  0.98582006]]",92
2,3,5,,1.3694989681243896,"[[-0.89297533 -0.42980397  0.12203038 -0.02730162  0.04719   ]
 [-0.34227577  0.8356329   0.42445076  0.03477892  0.05654135]
 [ 0.28450125 -0.33709317  0.8970614  -0.01977594 -0.01780257]
 [-0.00601645 -0.04793207  0.00614276  0.998747    0.01152585]
 [ 0.066823   -0.03250967 -0.01389932 -0.01257856  0.9970588 ]]",92
3,4,5,,1.1093496084213257,"[[ 0.99072623 -0.10760072  0.04575307 -0.06300692 -0.02864388]
 [-0.08256575 -0.32923898  0.9391207  -0.05323098 -0.00182055]
 [ 0.08592284  0.9376501   0.33634844  0.0018377  -0.01719975]
 [ 0.06286328 -0.02310647  0.05315583  0.9764262   0.19819333]
 [ 0.01760603  0.01738009 -0.00176579 -0.1994619   0.97959167]]",92
4,5,5,,1.0803754329681396,"[[ 0.8232574   0.5500813  -0.09831075  0.09651171 -0.02604436]
 [-0.48692966  0.80931735  0.20644191 -0.25464058 -0.02109277]
 [-0.28432718  0.19794402 -0.44149226  0.82253015 -0.09222236]
 [-0.0653447   0.03409555 -0.86353934 -0.4784653   0.14120305]
 [-0.00591199  0.04551557  0.08426801  0.14268406  0.9851058 ]]",92
5,6,5,,1.084574580192566,"[[ 0.9565923   0.1919292  -0.19568513  0.03899599 -0.09100027]
 [-0.17801593  0.9789478   0.05580983 -0.07070903  0.04309314]
 [-0.18823129  0.0483753  -0.79875547  0.5634069   0.08240884]
 [-0.07003743 -0.04152201 -0.5624587  -0.82212895  0.03338977]
 [-0.11360146  0.02757034 -0.06498136  0.01249652 -0.9909369 ]]",92
6,7,5,,1.1176100969314575,"[[ 0.950206   -0.2388301  -0.04209898  0.13385691 -0.14275484]
 [ 0.24004923  0.92005354  0.30543134  0.04884198  0.01428415]
 [-0.01470887 -0.30027676  0.9412817  -0.15276869 -0.01637394]
 [-0.15253335 -0.05682611  0.13710633  0.97603256 -0.04546009]
 [-0.1265005   0.05537458 -0.01140408 -0.06098303 -0.9884747 ]]",92
7,8,5,,1.1969228982925415,"[[ 0.9925371  -0.07844999 -0.08972827  0.01612379  0.02011714]
 [ 0.06921828  0.9904867  -0.0978763   0.05763045 -0.03526954]
 [ 0.09884408  0.10257927  0.9422036  -0.3014927  -0.03258735]
 [-0.00900561  0.02253833 -0.30757344 -0.94784796 -0.07996109]
 [-0.0150936   0.04184812  0.00448348 -0.08429214  0.9954374 ]]",92
8,9,5,,1.8439840078353882,"[[ 0.84621716  0.5054281  -0.05848895 -0.02996304 -0.15537181]
 [-0.43200508  0.78240794  0.36927065  0.25461894  0.00420615]
 [ 0.26902837 -0.35978594  0.68898374  0.5640107  -0.07328844]
 [-0.03620261  0.01910886 -0.620854    0.7811321  -0.05193406]
 [ 0.15362759  0.05068601  0.00773599  0.07743439  0.9837549 ]]",92
9,10,5,,1.7043150663375854,"[[ 0.9971733   0.03663308  0.03711158 -0.05189618 -0.01526196]
 [ 0.02822833  0.22480889 -0.9574994  -0.03509482  0.17500697]
 [-0.03527091  0.9463808   0.2474023   0.11805145  0.16725837]
 [ 0.05715132 -0.09979226 -0.06336101  0.9909193  -0.02897649]
 [-0.01839127  0.20621333 -0.12882227 -0.01476541 -0.9697034 ]]",92
10,11,5,,1.962627649307251,"[[ 0.6908976  -0.13831922  0.21121122  0.16952947  0.6558795 ]
 [ 0.27606642 -0.20269854 -0.77019167 -0.5354531   0.0528717 ]
 [ 0.14440513  0.96910244 -0.1436805  -0.07411745  0.11768682]
 [-0.07363534 -0.01940032 -0.580338    0.8091894   0.05120377]
 [-0.6482074  -0.01565976 -0.06898033 -0.15578498  0.7419937 ]]",92
0,1,5,,1.2073607444763184,"[[ 0.32500553  0.8422028   0.42478627  0.00209875  0.06795651]
 [-0.78471303  0.46809492 -0.34050083 -0.20420705  0.0864369 ]
 [-0.4740301  -0.24639699  0.8332886  -0.08418877  0.11457016]
 [-0.20226282  0.07248886 -0.00345762  0.97476506  0.06046769]
 [ 0.11393885 -0.07493704 -0.09609346 -0.03225693  0.98545825]]",93
1,2,5,,1.4030207395553589,"[[-0.8630161  -0.48257342 -0.07586505  0.12708521  0.02049259]
 [ 0.09414782 -0.30093485  0.9402346   0.07477288 -0.10460562]
 [-0.48217067  0.77793694  0.32894623 -0.15231705  0.17583914]
 [-0.03240656 -0.20320758  0.00983339 -0.9770272  -0.05456885]
 [ 0.11313989 -0.17344123  0.04360158 -0.02181395  0.97710824]]",93
2,3,5,,1.351615071296692,"[[-0.66743124 -0.72654897 -0.14415164  0.02514436 -0.07245841]
 [ 0.69328046 -0.68359846  0.22385964  0.02893495  0.03324039]
 [-0.2627517   0.04894546  0.9635079  -0.01213613  0.00843226]
 [-0.00933782  0.03738012  0.00776014  0.9983359   0.04219943]
 [-0.06908034 -0.03204341 -0.02644694 -0.04133676  0.99588805]]",93
3,4,5,,1.082878589630127,"[[-9.40648675e-01 -2.85481587e-02 -3.35771680e-01  7.44387449e-04
   4.02726233e-02]
 [-3.26779157e-01  3.02743703e-01  8.92866254e-01  6.09897450e-02
   2.51337122e-02]
 [ 7.50930607e-02  9.52531040e-01 -2.93934852e-01 -1.40280752e-02
  -2.12387480e-02]
 [ 3.17908861e-02 -1.90592045e-03 -6.03797622e-02  9.73156333e-01
   2.19787896e-01]
 [ 4.17828485e-02  1.45665025e-02 -1.94085122e-03 -2.21471533e-01
   9.74160433e-01]]",93
4,5,5,,1.070442795753479,"[[ 0.78427804  0.6103597  -0.1051572   0.0361527  -0.00197028]
 [-0.5657411   0.7725515   0.19396043 -0.20828131 -0.04581917]
 [ 0.22893485 -0.16544586  0.45796278 -0.83475506  0.11692096]
 [-0.10396981  0.01472303 -0.85969406 -0.487707    0.10973375]
 [-0.04029927  0.05510045  0.05017465  0.14365825  0.9859943 ]]",93
5,6,5,,1.077301025390625,"[[ 9.2543828e-01  3.0002350e-01 -1.9280019e-01  8.8716693e-02
  -9.2235446e-02]
 [-2.9511681e-01  9.5308328e-01  2.7417716e-02 -5.3525679e-02
   3.0359125e-02]
 [-2.0142742e-01 -1.7575778e-02 -8.6260819e-01  4.3955070e-01
   1.4771709e-01]
 [ 1.0861394e-03 -3.6173079e-02 -4.5489213e-01 -8.8973415e-01
  -1.1694187e-02]
 [-1.2607901e-01 -9.2589291e-04 -1.0515027e-01  6.6579200e-02
  -9.8418182e-01]]",93
6,7,5,,1.1144078969955444,"[[ 0.88980293 -0.4102365  -0.08774455  0.10705315 -0.14421272]
 [ 0.41246167  0.87241393  0.23294432  0.11998101  0.0105285 ]
 [-0.02310293 -0.2471072   0.9682613  -0.00109238 -0.02954846]
 [-0.14810249 -0.06097157 -0.01788479  0.98692364  0.00314332]
 [-0.12513205  0.07629231 -0.01371061 -0.01116301 -0.9890444 ]]",93
7,8,5,,1.1844112873077393,"[[ 9.92411315e-01 -1.09357335e-01 -5.53630441e-02  4.79923654e-03
   8.52339901e-03]
 [ 7.49709457e-02  8.97869051e-01 -4.32776809e-01  1.26645314e-02
  -2.74643879e-02]
 [ 9.73275453e-02  4.24700588e-01  8.96756172e-01 -7.57456422e-02
  -1.57399066e-02]
 [-1.48169382e-03 -2.25788709e-02 -7.39428848e-02 -9.96338904e-01
  -3.64596359e-02]
 [-4.92772413e-03  3.14909071e-02  4.88444402e-06 -3.72562855e-02
   9.98797238e-01]]",93
8,9,5,,1.875702977180481,"[[ 0.7290887   0.6786707   0.06693782  0.01437     0.05611252]
 [-0.39529374  0.49651706 -0.5160941  -0.5648223  -0.10879441]
 [ 0.52796364 -0.53243196 -0.35332227 -0.5416401   0.13985702]
 [-0.13030171  0.05586296  0.7407437  -0.59147805  0.2852249 ]
 [-0.12825176  0.07919794 -0.23585662  0.19377543  0.94026697]]",93
9,10,5,,1.397695541381836,"[[-0.94436336 -0.31897867  0.03990723  0.06848215  0.01216715]
 [ 0.06714074 -0.3175017  -0.9409103  -0.02147179  0.09440124]
 [-0.31403145  0.8919026  -0.32485986  0.01519597 -0.01136398]
 [ 0.07107937  0.00154545 -0.01791749  0.9973043   0.00289738]
 [ 0.00138382  0.04418839  0.08508994 -0.0015302   0.9953908 ]]",93
10,11,5,,1.782152533531189,"[[-0.80923367  0.01615398 -0.36230433  0.4062405  -0.22041805]
 [-0.4641883   0.34267592  0.57718045 -0.53800863 -0.21097842]
 [ 0.2003239   0.9366899  -0.23566408  0.16284154  0.02067607]
 [ 0.03767351  0.04043159  0.6927227   0.71745837  0.04832023]
 [-0.29685193  0.05735533  0.01400228 -0.06520402  0.9508636 ]]",93
0,1,5,,1.2046838998794556,"[[ 0.36582038  0.86536896  0.3310631   0.05416895  0.06910075]
 [-0.7742425   0.4676978  -0.3521348  -0.21857636  0.10016338]
 [-0.45394322 -0.14463338  0.8722967  -0.06669603  0.08756086]
 [-0.23024052  0.05172224 -0.03457918  0.97084075 -0.02422103]
 [ 0.0874576  -0.09381489 -0.06558298  0.04806237  0.9884021 ]]",94
1,2,5,,1.386858582496643,"[[ 0.94258463 -0.30729747 -0.03984909  0.11992843  0.03363942]
 [ 0.03343303 -0.00693858  0.9947897   0.06879899 -0.06703848]
 [ 0.31518993  0.9217735   0.01755969 -0.15525042  0.1630272 ]
 [ 0.06661966 -0.18676855  0.06335764 -0.9780308  -0.0109905 ]
 [-0.08144617 -0.14481442  0.06695432  0.0153895   0.983705  ]]",94
2,3,5,,1.3474164009094238,"[[-0.8434501  -0.529745    0.07796348 -0.01993913  0.03855118]
 [-0.42616835  0.75554043  0.49162582  0.01941645  0.07393417]
 [ 0.31919998 -0.38190863  0.86704785 -0.00646994 -0.02106023]
 [-0.00812072 -0.02669758 -0.00189203  0.9993244  -0.02384363]
 [ 0.07083582 -0.04429434 -0.0212231   0.02311663  0.9960098 ]]",94
3,4,5,,1.0902280807495117,"[[ 9.9317354e-01 -9.6915372e-02  2.9395044e-02 -4.4349793e-02
  -3.7184175e-02]
 [-6.6365957e-02 -4.0895146e-01  9.0989691e-01  1.8655857e-02
  -9.6858824e-03]
 [ 7.5505018e-02  9.0730929e-01  4.1306439e-01  6.2521278e-05
  -2.1604367e-02]
 [ 5.1706683e-02  5.4990631e-03 -1.1870624e-02  9.8080993e-01
   1.8752910e-01]
 [ 2.8760955e-02  1.1215927e-02  2.1458164e-02 -1.8893635e-01
   9.8126942e-01]]",94
4,5,5,,1.074499249458313,"[[ 0.8580093   0.5042429   0.04014629  0.08767699 -0.01613024]
 [-0.45140246  0.82912487 -0.06560293 -0.32303882 -0.01140224]
 [-0.23081368  0.23205353 -0.06960273  0.936092   -0.10845955]
 [-0.08204157  0.05550438  0.98713607  0.05261153  0.11394253]
 [-0.00708261  0.03689828 -0.12166516  0.09445903  0.9873517 ]]",94
5,6,5,,1.0964717864990234,"[[ 0.9306895   0.28079665 -0.20030779  0.10087363 -0.06834748]
 [-0.26723516  0.95439583  0.01647387 -0.1173711   0.06055326]
 [ 0.22105433  0.01494645  0.92756575 -0.29101562 -0.07644106]
 [ 0.05885137 -0.09097882 -0.31226283 -0.9425569  -0.0483507 ]
 [-0.10036784  0.04220646 -0.04146177  0.05426726 -0.991706  ]]",94
6,7,5,,1.1312007904052734,"[[ 0.93638754 -0.3179097  -0.01863886  0.08000772 -0.12394848]
 [ 0.30718446  0.9053668   0.28292242  0.0766406   0.00546415]
 [-0.06921553 -0.27225873  0.95865494 -0.04540193  0.00193944]
 [-0.1051335  -0.05564715  0.02364012  0.99251384 -0.0144153 ]
 [-0.11389614  0.04497792  0.00541711 -0.02408214 -0.992167  ]]",94
7,8,5,,1.1915457248687744,"[[ 9.88775253e-01  1.48361579e-01  4.72081971e-04  1.11855203e-02
   1.36690615e-02]
 [ 1.02851830e-01 -6.89255536e-01  7.14965284e-01  5.05098403e-02
  -2.49333512e-02]
 [ 1.06079005e-01 -6.73713863e-01 -6.42340600e-01 -3.45057040e-01
  -5.64900748e-02]
 [-2.12201532e-02  2.17331842e-01  2.76084244e-01 -9.33407605e-01
  -6.96010888e-02]
 [-6.46437425e-03 -4.23326306e-02  7.53245200e-04 -8.37230012e-02
   9.95568156e-01]]",94
8,9,5,,1.8126893043518066,"[[ 0.7791685   0.6053453   0.11171594 -0.01216374  0.11758036]
 [ 0.08371534 -0.26846558  0.8202408  -0.4981075  -0.00346009]
 [-0.5842867   0.7433378   0.24107106 -0.1005105  -0.19452548]
 [-0.07785722 -0.03249608  0.49222293  0.81289816  0.29965863]
 [-0.19604973  0.0887472  -0.11969112 -0.28431508  0.92656755]]",94
9,10,5,,1.4217967987060547,"[[ 0.97431755 -0.21453302  0.0338722   0.05924046  0.00490803]
 [-0.05982335 -0.40964717 -0.9053365   0.01025598  0.09418646]
 [ 0.18295033  0.85190517 -0.38942492  0.29497856  0.04607191]
 [ 0.11684834  0.24544522 -0.13502525 -0.9513724  -0.05255377]
 [-0.00144549  0.0133788   0.09661763 -0.06529659  0.9930863 ]]",94
10,11,5,,1.8795875310897827,"[[ 0.86222404 -0.09943675  0.3425752   0.23786326  0.26971346]
 [-0.30016395  0.36606067  0.66082114  0.53915286 -0.22029711]
 [ 0.23514152  0.9202682  -0.27973893 -0.12818816  0.05593603]
 [-0.01382696  0.07556339  0.60247266 -0.79439944  0.00742245]
 [-0.33314952  0.05923305  0.0687777   0.07233667  0.9357029 ]]",94
0,1,5,,1.2174354791641235,"[[ 0.3694487   0.86185735  0.3370471   0.05225986  0.06616446]
 [-0.7726917   0.47142017 -0.3397646  -0.23808001  0.09267367]
 [-0.43710825 -0.15585274  0.8748534  -0.1016541   0.09457446]
 [-0.24679036  0.04486569 -0.01670498  0.9604013   0.12013261]
 [ 0.12035795 -0.09306955 -0.07288186 -0.08878388  0.98166066]]",95
1,2,5,,1.383995532989502,"[[-0.94159496 -0.30062416  0.07466973  0.12819321  0.03185839]
 [ 0.03771411  0.14790188  0.9826037   0.07100284 -0.07842842]
 [-0.31547153  0.910885   -0.09839102 -0.1686608   0.18066275]
 [-0.07300368 -0.17446892  0.09085773 -0.97200245 -0.10576935]
 [ 0.0844082  -0.16613042  0.10477713 -0.07273141  0.9741703 ]]",95
2,3,5,,1.3710012435913086,"[[ 0.82194257  0.5438728  -0.15425661  0.0227133  -0.06558849]
 [-0.35700345  0.71427834  0.60095894 -0.0032031   0.03454189]
 [ 0.4374827  -0.44004485  0.7837665  -0.01998398 -0.01673722]
 [-0.00834096 -0.0187194   0.02042776  0.99885464  0.03810723]
 [ 0.07415008  0.00436329 -0.01860344 -0.0369314   0.9963798 ]]",95
3,4,5,,1.1029552221298218,"[[ 0.99589163 -0.05638354  0.03673078 -0.0287115  -0.05336032]
 [ 0.02305729 -0.15321054 -0.978456   -0.13621512 -0.00800956]
 [ 0.05957007  0.9864629  -0.14803419 -0.03531304 -0.01346416]
 [ 0.04426285  0.01402947 -0.13779369  0.9700733   0.19445986]
 [ 0.04648113  0.00645127  0.01932446 -0.19578521  0.97933275]]",95
4,5,5,,1.0725440979003906,"[[ 0.52606666  0.84126127 -0.10226467  0.0597393  -0.03881558]
 [-0.82513064  0.53864914  0.13497344 -0.10178614 -0.02093635]
 [ 0.19602285  0.0095688   0.5949899  -0.7717904   0.10867452]
 [-0.06246691 -0.00698002 -0.7842016  -0.60016245  0.1445063 ]
 [-0.00929382  0.04468073  0.04836316  0.17382595  0.98252875]]",95
5,6,5,,1.1269574165344238,"[[ 0.95548934  0.1031816  -0.23257175  0.112836    0.09783669]
 [-0.10593106  0.9932775  -0.01379863 -0.04427606  0.00526225]
 [-0.2430768  -0.01656149 -0.84407675  0.45628694 -0.1413365 ]
 [-0.00423178 -0.04617299 -0.47138968 -0.8805783  -0.01495699]
 [-0.12928425 -0.01863289 -0.10510059  0.04113014  0.98498756]]",95
6,7,5,,1.1379220485687256,"[[-0.8757025  -0.45382568 -0.03176767  0.02943508 -0.15909642]
 [-0.44589427  0.86538666  0.13749476  0.18252884 -0.00791404]
 [ 0.03413656 -0.12438929  0.98798317 -0.07299365 -0.04385347]
 [ 0.11645281 -0.15443298  0.04762691  0.9795381  -0.02874049]
 [-0.13998857 -0.07632768  0.04131441  0.0315254   0.985838  ]]",95
7,8,5,,1.1842788457870483,"[[-9.98016357e-01  5.34573458e-02 -2.69453358e-02 -1.63048655e-02
  -1.06638512e-02]
 [ 3.59989032e-02  8.96059930e-01  4.36349422e-01  4.89616059e-02
  -5.46130016e-02]
 [ 4.93631102e-02  4.35252786e-01 -8.93438816e-01 -8.90063345e-02
  -4.43079807e-02]
 [ 1.45369414e-02 -6.09340938e-03  1.03148185e-01 -9.83473241e-01
  -1.47960320e-01]
 [-4.39824210e-03  6.88239634e-02 -7.92337931e-04 -1.48979977e-01
   9.86432135e-01]]",95
8,9,5,,1.7895926237106323,"[[ 8.2810277e-01  5.3206187e-01  9.7639978e-02  9.8592192e-02
   1.0909645e-01]
 [-2.2370748e-01  5.3655279e-01 -4.2749274e-01 -6.8710685e-01
   8.4853336e-02]
 [-4.9723041e-01  6.5379190e-01  2.6599520e-01  4.9466065e-01
  -9.9374771e-02]
 [-6.1839830e-02  6.0639484e-04  8.5513955e-01 -4.9328882e-01
   1.4689443e-01]
 [ 1.1462398e-01  3.9709825e-02  7.5493053e-02 -1.7361081e-01
  -9.7439444e-01]]",95
9,10,5,,1.7039419412612915,"[[ 0.9708463  -0.21781698  0.02900567  0.09485964 -0.0131725 ]
 [-0.05161607 -0.32695562 -0.9287083   0.03891431 -0.16254936]
 [ 0.21224478  0.9104003  -0.3446128   0.0345173   0.07857491]
 [-0.09795712  0.00228966  0.04585869  0.99412775  0.00248538]
 [ 0.01223755  0.12969914  0.12569194 -0.00243225 -0.98347545]]",95
10,11,5,,2.0078821182250977,"[[ 0.7811303  -0.16817461  0.3865754   0.36336455  0.2829812 ]
 [-0.36378253  0.3462551   0.46452567  0.67091066 -0.28611952]
 [ 0.2877139   0.922637   -0.09801617 -0.19388342  0.13698101]
 [-0.11468235 -0.00783886  0.789887   -0.60234976  0.00630876]
 [ 0.40195307 -0.02245687 -0.03530939 -0.13201888 -0.9051263 ]]",95
0,1,5,,1.2101558446884155,"[[ 0.3015783   0.8663488   0.39386195  0.0086229   0.05734735]
 [-0.7755746   0.44350964 -0.3864558  -0.2193773   0.06564097]
 [ 0.48225355  0.21431516 -0.8280469   0.15415178 -0.10989089]
 [-0.24715751  0.05369281  0.03292972  0.9596803   0.1181508 ]
 [ 0.11780997 -0.06265035 -0.0936942  -0.08396555  0.9830397 ]]",96
1,2,5,,1.388974666595459,"[[-0.8750625  -0.45731404  0.09676554  0.12219408  0.02888638]
 [ 0.12437491 -0.00725082  0.9811861   0.10981579 -0.09845165]
 [-0.45186305  0.8427176   0.10458327 -0.20702456  0.17846595]
 [-0.02321607 -0.20548621  0.08372987 -0.9460498  -0.23497993]
 [ 0.11864736 -0.19599454  0.09980984 -0.18745604  0.9499511 ]]",96
2,3,5,,1.341911792755127,"[[-8.4338212e-01  5.1101357e-01 -1.4893577e-01  2.2715263e-02
  -6.9813594e-02]
 [ 3.7610880e-01  7.7320778e-01  5.0930071e-01  1.2885606e-02
   3.3745062e-02]
 [-3.7681231e-01 -3.7441143e-01  8.4711260e-01 -1.5117097e-02
  -5.9147965e-04]
 [ 7.4687055e-03 -2.7089683e-02  9.1959517e-03  9.9941742e-01
   1.7048769e-02]
 [-7.2149307e-02  9.8552527e-03 -2.7326103e-02 -1.5947113e-02
   9.9684316e-01]]",96
3,4,5,,1.0729265213012695,"[[-0.987074    0.06309178 -0.13069157  0.00393254  0.06788608]
 [ 0.12042426 -0.12280175 -0.9844003  -0.0235161  -0.02864943]
 [ 0.07681563  0.990019   -0.11285376 -0.02957413 -0.01873854]
 [ 0.02294783  0.02777494 -0.02970939  0.9799109   0.19389169]
 [ 0.06896081  0.00548522 -0.01603633 -0.19578452  0.9780724 ]]",96
4,5,5,,1.0604809522628784,"[[ 0.7698981   0.6333541   0.06456474 -0.0423381  -0.01258769]
 [-0.6135931   0.7662129  -0.1101085   0.14946137 -0.0442565 ]
 [ 0.13034694 -0.0856595  -0.04731323  0.9779841   0.13031006]
 [-0.11492259  0.04469453  0.9862054   0.05411696  0.09625771]
 [-0.0237265   0.04944875 -0.09416986 -0.12840272  0.9857163 ]]",96
5,6,5,,1.097577691078186,"[[ 0.9010023   0.3552018  -0.19808924  0.12552595 -0.08384724]
 [-0.33983877  0.9334261   0.05151973 -0.09581873  0.03728073]
 [ 0.21044229  0.01412131  0.9495175  -0.16273358 -0.16567723]
 [-0.10301684  0.04803953  0.2012162   0.97014713  0.07352851]
 [-0.13343908  0.00634106 -0.12662928  0.08599091 -0.9791447 ]]",96
6,7,5,,1.1159917116165161,"[[-8.54397297e-01 -4.97807354e-01 -4.50289734e-02  2.41960362e-02
  -1.39928907e-01]
 [-4.93979692e-01  8.34070027e-01  1.98232189e-01  1.44610494e-01
   1.01584131e-02]
 [ 6.91466704e-02 -1.95323661e-01  9.77245033e-01  2.57837493e-02
  -3.73449698e-02]
 [ 9.16762501e-02 -1.04447015e-01 -5.34527637e-02  9.88852441e-01
  -1.46061200e-06]
 [ 1.13153271e-01  8.63397196e-02 -2.84823496e-02 -2.91190925e-03
  -9.89404917e-01]]",96
7,8,5,,1.1849108934402466,"[[-9.90493715e-01  1.33742407e-01 -4.11255425e-03 -2.76595727e-02
   1.59123000e-02]
 [ 1.02316536e-01  7.93844938e-01  5.94768286e-01  6.71944618e-02
  -3.28207389e-02]
 [ 8.52905288e-02  5.90343714e-01 -7.92831182e-01 -1.12869650e-01
  -5.38414940e-02]
 [ 2.47747730e-02 -1.73687991e-02  1.30842656e-01 -9.90941226e-01
  -5.46831521e-04]
 [ 2.37751696e-02  5.58200926e-02 -2.30783429e-02 -3.98186268e-03
   9.97882962e-01]]",96
8,9,5,,1.8300772905349731,"[[ 0.6678698   0.7404025   0.07235559  0.00581082  0.02201962]
 [-0.28029042  0.3323532  -0.8334387   0.34019616 -0.02500214]
 [-0.66610855  0.5745764   0.34335485 -0.28148794 -0.17039144]
 [-0.14035231  0.07210383  0.4231678   0.86631256  0.21338654]
 [-0.10948838  0.07751377 -0.05640068 -0.23345214  0.96141714]]",96
9,10,5,,1.3650816679000854,"[[-0.7236465  -0.66987604  0.11695451  0.11392511  0.03073294]
 [ 0.15003327 -0.32385272 -0.92684495 -0.03010395  0.11252339]
 [-0.6119892   0.65352064 -0.33452135  0.29338896  0.0199593 ]
 [-0.2813601   0.13064578 -0.06306344 -0.9483182  -0.02199356]
 [ 0.01146768  0.047201    0.10676343 -0.02702307  0.99272954]]",96
10,11,5,,1.72907292842865,"[[-0.55392563 -0.14549331 -0.60581106 -0.53810376 -0.12423962]
 [-0.7669204   0.38427436  0.3768535   0.30193737 -0.176016  ]
 [ 0.24322547  0.9080983  -0.3028142  -0.15641218  0.00614199]
 [ 0.03726547  0.06771166  0.6316595  -0.7712403   0.01486789]
 [-0.21083704  0.04401767 -0.01686332 -0.00131157  0.97638315]]",96
0,1,5,,1.1906064748764038,"[[ 0.38928083  0.8339861   0.38482296  0.04405135  0.05383721]
 [-0.7347095   0.51607686 -0.36013544 -0.2379488   0.08688774]
 [-0.46911228 -0.16780005  0.8469099  -0.16938417  0.07635115]
 [-0.27400085  0.0522094   0.03700055  0.950746    0.13004094]
 [ 0.11627373 -0.08514266 -0.05990295 -0.09397256  0.983266  ]]",97
1,2,5,,1.3864747285842896,"[[-0.90636504 -0.3971274   0.03763282  0.13663998  0.02656148]
 [ 0.0636434  -0.02764471  0.9903495   0.08543124 -0.08423036]
 [-0.4029693   0.8662349   0.08429408 -0.21451312  0.18474725]
 [-0.05601456 -0.20740816  0.05622717 -0.9383582  -0.2648899 ]
 [ 0.09449885 -0.21941882  0.08674531 -0.21794291  0.94228524]]",97
2,3,5,,1.3371893167495728,"[[ 8.8323927e-01  4.3833649e-01 -1.5472442e-01  5.0837034e-03
  -6.1514523e-02]
 [-2.9254571e-01  7.8790277e-01  5.3861320e-01  1.4662798e-03
   5.9327886e-02]
 [ 3.5797071e-01 -4.3154314e-01  8.2774311e-01 -1.1742279e-02
  -1.8192230e-02]
 [ 4.6428738e-04 -8.5654147e-03  9.6083246e-03  9.9990869e-01
   4.0994850e-03]
 [ 7.8499451e-02 -2.7702378e-02 -2.6555266e-02 -4.1027302e-03
   9.9616683e-01]]",97
3,4,5,,1.0749670267105103,"[[ 0.995929   -0.03716302  0.03767638 -0.00600773 -0.07272386]
 [-0.04583369 -0.24144143  0.96879584  0.03185438 -0.00502006]
 [ 0.02509763  0.9687475   0.24357384 -0.03264751 -0.02245522]
 [ 0.02075658  0.04164571 -0.02010327  0.98391825  0.1712761 ]
 [ 0.07045565  0.01089912  0.01681427 -0.17259261  0.9822659 ]]",97
4,5,5,,1.0777314901351929,"[[ 0.68948597  0.7218309   0.00414166 -0.05922399 -0.00667016]
 [-0.6918806   0.6798632  -0.07796966  0.2288174  -0.02550669]
 [-0.17836605  0.09451996 -0.28030843 -0.9298272  -0.12688631]
 [-0.11593937  0.08418947  0.9486036  -0.26744702  0.08996364]
 [-0.02557071  0.02691209 -0.12442636 -0.08960261  0.9874772 ]]",97
5,6,5,,1.1385900974273682,"[[ 0.93841064  0.18321466 -0.18946952  0.2023624   0.09470182]
 [-0.16527104  0.9780569  -0.01746406 -0.12259792 -0.02747526]
 [ 0.18488123  0.04677504  0.97434974 -0.04009141  0.11254417]
 [-0.19565462  0.08620363  0.08644273  0.9657702  -0.11875938]
 [-0.14003207  0.01476677 -0.08346533  0.0984876   0.9815837 ]]",97
6,7,5,,1.1617114543914795,"[[-0.85303867 -0.49676323 -0.0098386  -0.05988178 -0.14788066]
 [-0.49581742  0.8211486   0.20649308  0.19272472  0.00989142]
 [ 0.09985515 -0.18320759  0.9777013  -0.00892647 -0.02200554]
 [ 0.04458981 -0.19488873 -0.03206402  0.9792818   0.00305001]
 [-0.12054364 -0.08599237  0.01832217 -0.01410419  0.9887061 ]]",97
7,8,5,,1.2028989791870117,"[[-0.9879786  -0.14366889  0.02816818  0.0486538   0.00983857]
 [ 0.11631236 -0.68576753  0.7140549  -0.06828859 -0.04070169]
 [ 0.0922797  -0.697787   -0.6694002   0.21939993 -0.09135039]
 [ 0.03575478  0.12055574  0.20126194  0.9710472  -0.02736586]
 [ 0.02399309 -0.08741782 -0.02700301  0.04359475  0.9945616 ]]",97
8,9,5,,1.8184853792190552,"[[ 0.75897115  0.64593035  0.04586356 -0.0116683   0.0670611 ]
 [ 0.00396001 -0.06606845  0.97115433 -0.20213315 -0.1077991 ]
 [-0.63084805  0.7529483   0.01280208 -0.12096769 -0.14248703]
 [ 0.10927538 -0.10216586 -0.22887246 -0.9268109  -0.25741008]
 [-0.11847698  0.03224839  0.04700241 -0.29222316  0.94726956]]",97
9,10,5,,1.4038398265838623,"[[-0.82814807  0.5478833   0.02327156  0.11094026  0.03384396]
 [ 0.06321979  0.13810383 -0.9856805  -0.02441099  0.06905553]
 [-0.44931898 -0.7661235  -0.13495831  0.4084783   0.16155195]
 [-0.31585193 -0.29207996 -0.04005494 -0.9016801  -0.01718675]
 [ 0.09232575  0.09217065  0.08985695 -0.08493976  0.9837131 ]]",97
10,11,5,,1.7641927003860474,"[[-0.7333328   0.10370231 -0.52798665  0.3932676  -0.13431162]
 [ 0.5743891  -0.2722182  -0.6588031   0.33468953  0.22346318]
 [ 0.2544419   0.9552175  -0.14284186  0.04037297  0.02802187]
 [ 0.08064546  0.01776603  0.5134832   0.8525787   0.05123698]
 [-0.24709472  0.0488581   0.05603394 -0.06930475  0.96364635]]",97
0,1,5,,1.225381851196289,"[[ 0.19893397  0.8748184   0.4366706  -0.03406558  0.05724049]
 [-0.80962217  0.37538713 -0.40524057 -0.19078669  0.05456199]
 [-0.48926872 -0.29926428  0.7927446  -0.15860978  0.13212122]
 [-0.22062176  0.05204298  0.05370932  0.96309954  0.13480449]
 [ 0.12992088 -0.03885576 -0.11734673 -0.09860167  0.97883517]]",98
1,2,5,,1.4055733680725098,"[[-0.84461665 -0.5220431   0.00293056  0.11540161  0.02770958]
 [ 0.22350015 -0.333123    0.90085304  0.13055438 -0.10245098]
 [-0.46722957  0.71805966  0.43306828 -0.2230632   0.1696514 ]
 [ 0.00921205 -0.23560356  0.01748789 -0.9376224  -0.25488117]
 [ 0.1352121  -0.21302916  0.024522   -0.2018539   0.946039  ]]",98
2,3,5,,1.3439624309539795,"[[-0.84886014  0.5048236  -0.13353284  0.0245807  -0.07844905]
 [ 0.45972723  0.8458946   0.26943251  0.01670508  0.01550025]
 [-0.25164607 -0.16718167  0.95295435 -0.00178016  0.02448223]
 [ 0.01539682 -0.02803552  0.00197453  0.9987857  -0.03741962]
 [-0.06726404  0.02966006 -0.03806846  0.03925225  0.9957942 ]]",98
3,4,5,,1.0652483701705933,"[[ 0.9882884   0.04290469 -0.1294723  -0.00635225  0.06813108]
 [-0.12208714 -0.09712884 -0.986417   -0.02527015 -0.04476166]
 [-0.05402798  0.9933163  -0.08920696 -0.04689348 -0.01571126]
 [-0.01516089  0.045236   -0.03717515  0.975454    0.21173409]
 [-0.07233224 -0.001276   -0.02963955 -0.21356857  0.9737949 ]]",98
4,5,5,,1.0677236318588257,"[[ 0.78247386 -0.61786133 -0.07717595  0.00475297  0.00182541]
 [ 0.5987588   0.77382    -0.13471377 -0.14278887 -0.0644514 ]
 [-0.10926583 -0.11782718 -0.21986322 -0.95209485  0.13911584]
 [ 0.12415044  0.03558943  0.96155983 -0.22920918  0.07865077]
 [ 0.04324555  0.06557511 -0.05439636  0.14341281  0.9850399 ]]",98
5,6,5,,1.0962105989456177,"[[-0.83183587 -0.49068356  0.21584009 -0.12826449 -0.06511546]
 [-0.47329456  0.8669264   0.05047686 -0.14316271 -0.03724886]
 [ 0.23357901  0.04542739  0.9293931  -0.21650594  0.18091649]
 [ 0.11745136 -0.07482093 -0.26170146 -0.9523421   0.0718594 ]
 [-0.12524922 -0.00255731 -0.13640341  0.09603261  0.97799695]]",98
6,7,5,,1.1258898973464966,"[[-0.77390206 -0.62089896 -0.04121054  0.00183208 -0.11772195]
 [-0.6165388   0.7630961   0.0921424  -0.17038429 -0.00657704]
 [ 0.05427266 -0.12512346  0.96158314 -0.23532471 -0.03713147]
 [ 0.09450856 -0.1066357  -0.25280792 -0.95685315  0.01473764]
 [-0.09527907 -0.0717068   0.03546123  0.00449381  0.9922209 ]]",98
7,8,5,,1.2004488706588745,"[[ 0.98267376 -0.17768662  0.04573592  0.00299988  0.02605632]
 [-0.15754767 -0.6909138   0.70428145  0.04107539 -0.01083626]
 [-0.09094764 -0.6885515  -0.7045919   0.13848236 -0.04470307]
 [ 0.01617996  0.12546241  0.06914536  0.9895023   0.01007737]
 [-0.03158662 -0.03495237 -0.02579154 -0.00341903  0.9985508 ]]",98
8,9,5,,1.7464326620101929,"[[ 0.41468036 -0.89855653 -0.11418644  0.07308382  0.04750317]
 [-0.17242454 -0.14388846  0.8401758   0.49138558  0.04701816]
 [ 0.86878955  0.3990636   0.11443081  0.23820126 -0.12695968]
 [ 0.19904912 -0.02855732  0.50368226 -0.81804216  0.19150756]
 [ 0.06240327  0.10874283 -0.11948141  0.16512477  0.9709474 ]]",98
9,10,5,,1.3667094707489014,"[[ 0.3927845   0.88772154 -0.21250653 -0.10801338 -0.0290667 ]
 [ 0.34998438 -0.3527202  -0.85348755  0.01082553  0.15665638]
 [-0.788336    0.28122938 -0.44139937  0.32177362 -0.03262988]
 [ 0.30818617  0.01284999  0.14015995  0.9400452   0.03906871]
 [-0.082334    0.09101567  0.10918694 -0.03150627  0.9859122 ]]",98
10,11,5,,1.7807174921035767,"[[ 0.1999824  -0.34094653 -0.57527137 -0.6994762  -0.15348767]
 [ 0.91732293  0.32784107  0.05746991  0.09804495 -0.19525172]
 [-0.26973262  0.8748018  -0.33058488 -0.2292651  -0.01082133]
 [-0.00833092  0.10295073  0.7396717  -0.6647607   0.01762742]
 [ 0.21377686  0.01996205 -0.09674435 -0.08155371  0.9684475 ]]",98
0,1,5,,1.2105134725570679,"[[ 0.33168432  0.83599335  0.4322637   0.00974924  0.06444931]
 [-0.75831205  0.48667344 -0.36626047 -0.21833102  0.0793511 ]
 [-0.49331117 -0.23405577  0.81863177 -0.14315903  0.10587512]
 [-0.23550777  0.05874754  0.02437225  0.95942616  0.14139456]
 [ 0.12699799 -0.07765766 -0.09082645 -0.10603599  0.97895235]]",99
1,2,5,,1.395013451576233,"[[-0.91547483 -0.3788017   0.02111053  0.13271804  0.01885516]
 [ 0.10092302 -0.16365442  0.97290874  0.08763084 -0.09381547]
 [-0.3742792   0.8581753   0.21936983 -0.19472004  0.19341995]
 [-0.05403107 -0.2119832   0.03951768 -0.9592323  -0.1745151 ]
 [ 0.09336095 -0.2198291   0.05760469 -0.12909012  0.9607166 ]]",99
2,3,5,,1.346838355064392,"[[-0.7289585   0.6726832  -0.10411969  0.01038785 -0.07189028]
 [ 0.5632107   0.68565506  0.4595143  -0.00721603  0.03828003]
 [-0.3810842  -0.27742916  0.8817137  -0.01627861 -0.01113093]
 [ 0.00308754 -0.00598428  0.01828828  0.9993414   0.03061035]
 [-0.07860406  0.01928195 -0.01588216 -0.02986348  0.9961453 ]]",99
3,4,5,,1.0779964923858643,"[[-9.8963493e-01  2.0094782e-02 -1.2961239e-01  1.6699002e-04
   5.8478110e-02]
 [ 1.1924203e-01 -2.4378012e-01 -9.6049356e-01 -5.5468362e-02
  -2.6981574e-02]
 [ 4.9785115e-02  9.6922296e-01 -2.3697643e-01 -4.1539371e-02
  -1.5653677e-02]
 [ 2.0961503e-02  2.7752625e-02 -6.6398881e-02  9.7788739e-01
   1.9523799e-01]
 [ 5.9044793e-02  2.0448053e-03 -9.2815505e-03 -1.9731696e-01
   9.7851390e-01]]",99
4,5,5,,1.068049669265747,"[[ 0.5293583   0.84695137  0.04321577  0.02345028 -0.00596408]
 [-0.8266306   0.527124   -0.13269703 -0.14186329 -0.03299069]
 [ 0.15840292 -0.05959502 -0.24110739 -0.9476219   0.12343799]
 [-0.10117223  0.02198269  0.9575381  -0.24847415  0.10325845]
 [-0.03367819  0.02790755 -0.07424215  0.13999379  0.9863959 ]]",99
5,6,5,,1.126875638961792,"[[ 9.38671291e-01  1.72791526e-01 -2.30900466e-01  1.66937172e-01
   8.86351466e-02]
 [-1.78210676e-01  9.80151534e-01 -4.45570014e-02 -7.45509267e-02
   8.62861460e-04]
 [ 2.41798982e-01  6.95206150e-02  9.31682348e-01 -2.19171613e-01
   1.43638372e-01]
 [ 1.10443845e-01 -6.43750876e-02 -2.59971708e-01 -9.54123557e-01
   7.56372064e-02]
 [-1.28345236e-01 -2.16513872e-02 -9.53018218e-02  9.04775709e-02
   9.82746184e-01]]",99
6,7,5,,1.1628456115722656,"[[-0.7924783  -0.591878   -0.00448245 -0.02892266 -0.14422856]
 [-0.583643    0.7748063   0.11498556  0.21319306 -0.01905236]
 [ 0.07033207 -0.09857902  0.99241734  0.01415552 -0.01558484]
 [ 0.10128985 -0.18619688 -0.03939683  0.9763966   0.01298248]
 [-0.12701438 -0.07048742  0.01771456 -0.01270286  0.98915297]]",99
7,8,5,,1.198909044265747,"[[-0.9899822  -0.13920242  0.01599113 -0.01364605  0.01077126]
 [ 0.10087693 -0.6358764   0.76353556  0.03409957 -0.03654641]
 [ 0.09586448 -0.75593543 -0.6431128  -0.04527524 -0.06105515]
 [ 0.01071839  0.02065832  0.05586506 -0.9940803  -0.09023227]
 [ 0.02131264 -0.06647352 -0.00653594 -0.09168193  0.99331707]]",99
8,9,5,,1.8128604888916016,"[[ 0.7120619   0.6879464   0.12868944  0.02660503  0.04928388]
 [-0.04291381 -0.08044086  0.794952   -0.5997129  -0.00913575]
 [-0.6818296   0.7164655   0.00509605 -0.03838652 -0.14242956]
 [-0.12986699 -0.0227209   0.56037974  0.7501994   0.32525954]
 [-0.09679507  0.08012547 -0.19349153 -0.27452493  0.9334922 ]]",99
9,10,5,,1.3462409973144531,"[[-0.48930818 -0.8636437   0.0416307   0.11120301  0.02444856]
 [ 0.30612338 -0.21450657 -0.9216511   0.00320863  0.10403998]
 [-0.7528341   0.45075285 -0.3547486   0.32272416 -0.00807761]
 [-0.31304884  0.04875161 -0.12565155 -0.93804187 -0.06255249]
 [-0.04590409  0.05051312  0.08480093 -0.05958317  0.99227005]]",99
10,11,5,,1.7783379554748535,"[[-0.4042077  -0.08652211 -0.5740122  -0.7059326  -0.03604463]
 [-0.85051113  0.3491029   0.20584883  0.28577197 -0.17526717]
 [ 0.29027158  0.931578   -0.12211939 -0.1814754   0.00763795]
 [-0.02773993 -0.0098241   0.78308445 -0.6208096   0.02254006]
 [-0.16798754  0.05202837 -0.00135176  0.04068895  0.98357296]]",99
