2025-12-29 13:21:30,875 INFO __main__: Last token ids: [318, 257, 1332]
2025-12-29 13:21:30,875 INFO __main__: Last decoded tokens: [' is', ' a', ' test']
2025-12-29 13:22:32,617 INFO __main__: Last token ids: [318, 257, 1332]
2025-12-29 13:22:32,617 INFO __main__: Last decoded tokens: [' is', ' a', ' test']
2025-12-29 13:43:25,762 INFO __main__: Last token ids: [318, 257, 1332]
2025-12-29 13:43:25,763 INFO __main__: Last decoded tokens: [' is', ' a', ' test']
2025-12-29 13:43:27,425 INFO __main__: Last token ids: [318, 257, 1332]
2025-12-29 13:43:27,425 INFO __main__: Last decoded tokens: [' is', ' a', ' test']
2025-12-29 13:43:27,453 INFO __main__: Last token ids: [257, 2392, 1332]
2025-12-29 13:43:27,453 INFO __main__: Last decoded tokens: [' a', ' longer', ' test']
2025-12-29 13:44:40,094 INFO __main__: Last token ids: [318, 257, 1332]
2025-12-29 13:44:40,095 INFO __main__: Last decoded tokens: [' is', ' a', ' test']
2025-12-29 13:44:41,454 INFO __main__: Last token ids: [318, 257, 1332]
2025-12-29 13:44:41,454 INFO __main__: Last decoded tokens: [' is', ' a', ' test']
2025-12-29 13:44:41,483 INFO __main__: Last token ids: [257, 2392, 1332]
2025-12-29 13:44:41,483 INFO __main__: Last decoded tokens: [' a', ' longer', ' test']
2025-12-29 13:53:28,565 INFO src.capture: Last token ids: [450, 893, 7617]
2025-12-29 13:53:28,565 INFO src.capture: Last decoded tokens: [' ab', 'ys', 'mal']
2025-12-29 13:53:30,364 INFO src.capture: Last token ids: [373, 38324, 4680]
2025-12-29 13:53:30,364 INFO src.capture: Last decoded tokens: [' was', ' atro', 'cious']
2025-12-29 13:53:30,475 INFO src.capture: Last token ids: [1998, 373, 12659]
2025-12-29 13:53:30,475 INFO src.capture: Last decoded tokens: [' experience', ' was', ' awful']
2025-12-29 13:53:30,590 INFO src.capture: Last token ids: [1998, 373, 7818]
2025-12-29 13:53:30,590 INFO src.capture: Last decoded tokens: [' experience', ' was', ' terrible']
2025-12-29 13:53:30,619 INFO src.capture: Last token ids: [1998, 373, 12361]
2025-12-29 13:53:30,620 INFO src.capture: Last decoded tokens: [' experience', ' was', ' horrible']
2025-12-29 13:53:30,649 INFO src.capture: Last token ids: [1998, 373, 35483]
2025-12-29 13:53:30,649 INFO src.capture: Last decoded tokens: [' experience', ' was', ' dreadful']
2025-12-29 13:54:19,660 INFO src.capture: Last token ids: [450, 893, 7617]
2025-12-29 13:54:19,660 INFO src.capture: Last decoded tokens: [' ab', 'ys', 'mal']
2025-12-29 13:54:20,624 INFO src.capture: Last token ids: [373, 38324, 4680]
2025-12-29 13:54:20,625 INFO src.capture: Last decoded tokens: [' was', ' atro', 'cious']
2025-12-29 13:54:20,740 INFO src.capture: Last token ids: [1998, 373, 12659]
2025-12-29 13:54:20,740 INFO src.capture: Last decoded tokens: [' experience', ' was', ' awful']
2025-12-29 13:54:20,859 INFO src.capture: Last token ids: [1998, 373, 7818]
2025-12-29 13:54:20,859 INFO src.capture: Last decoded tokens: [' experience', ' was', ' terrible']
2025-12-29 13:54:20,889 INFO src.capture: Last token ids: [1998, 373, 12361]
2025-12-29 13:54:20,889 INFO src.capture: Last decoded tokens: [' experience', ' was', ' horrible']
2025-12-29 13:54:20,919 INFO src.capture: Last token ids: [1998, 373, 35483]
2025-12-29 13:54:20,919 INFO src.capture: Last decoded tokens: [' experience', ' was', ' dreadful']
2025-12-29 13:54:47,077 INFO src.capture: Last token ids: [450, 893, 7617]
2025-12-29 13:54:47,077 INFO src.capture: Last decoded tokens: [' ab', 'ys', 'mal']
2025-12-29 13:54:47,889 INFO src.capture: Last token ids: [373, 38324, 4680]
2025-12-29 13:54:47,889 INFO src.capture: Last decoded tokens: [' was', ' atro', 'cious']
2025-12-29 13:54:47,997 INFO src.capture: Last token ids: [1998, 373, 12659]
2025-12-29 13:54:47,997 INFO src.capture: Last decoded tokens: [' experience', ' was', ' awful']
2025-12-29 13:54:48,103 INFO src.capture: Last token ids: [1998, 373, 7818]
2025-12-29 13:54:48,103 INFO src.capture: Last decoded tokens: [' experience', ' was', ' terrible']
2025-12-29 13:54:48,132 INFO src.capture: Last token ids: [1998, 373, 12361]
2025-12-29 13:54:48,133 INFO src.capture: Last decoded tokens: [' experience', ' was', ' horrible']
2025-12-29 13:54:48,162 INFO src.capture: Last token ids: [1998, 373, 35483]
2025-12-29 13:54:48,163 INFO src.capture: Last decoded tokens: [' experience', ' was', ' dreadful']
2025-12-29 13:55:46,838 INFO src.capture: Last token ids: [450, 893, 7617]
2025-12-29 13:55:46,838 INFO src.capture: Last decoded tokens: [' ab', 'ys', 'mal']
2025-12-29 13:55:47,684 INFO src.capture: Last token ids: [373, 38324, 4680]
2025-12-29 13:55:47,684 INFO src.capture: Last decoded tokens: [' was', ' atro', 'cious']
2025-12-29 13:55:47,798 INFO src.capture: Last token ids: [1998, 373, 12659]
2025-12-29 13:55:47,798 INFO src.capture: Last decoded tokens: [' experience', ' was', ' awful']
2025-12-29 13:55:47,915 INFO src.capture: Last token ids: [1998, 373, 7818]
2025-12-29 13:55:47,915 INFO src.capture: Last decoded tokens: [' experience', ' was', ' terrible']
2025-12-29 13:55:47,943 INFO src.capture: Last token ids: [1998, 373, 12361]
2025-12-29 13:55:47,943 INFO src.capture: Last decoded tokens: [' experience', ' was', ' horrible']
2025-12-29 13:55:47,971 INFO src.capture: Last token ids: [1998, 373, 35483]
2025-12-29 13:55:47,971 INFO src.capture: Last decoded tokens: [' experience', ' was', ' dreadful']
2025-12-29 13:56:24,682 INFO src.capture: Last token ids: [450, 893, 7617]
2025-12-29 13:56:24,682 INFO src.capture: Last decoded tokens: [' ab', 'ys', 'mal']
2025-12-29 13:56:25,516 INFO src.capture: Last token ids: [373, 38324, 4680]
2025-12-29 13:56:25,516 INFO src.capture: Last decoded tokens: [' was', ' atro', 'cious']
2025-12-29 13:56:25,628 INFO src.capture: Last token ids: [1998, 373, 12659]
2025-12-29 13:56:25,629 INFO src.capture: Last decoded tokens: [' experience', ' was', ' awful']
2025-12-29 13:56:25,739 INFO src.capture: Last token ids: [1998, 373, 7818]
2025-12-29 13:56:25,739 INFO src.capture: Last decoded tokens: [' experience', ' was', ' terrible']
2025-12-29 13:56:25,769 INFO src.capture: Last token ids: [1998, 373, 12361]
2025-12-29 13:56:25,769 INFO src.capture: Last decoded tokens: [' experience', ' was', ' horrible']
2025-12-29 13:56:25,800 INFO src.capture: Last token ids: [1998, 373, 35483]
2025-12-29 13:56:25,800 INFO src.capture: Last decoded tokens: [' experience', ' was', ' dreadful']
2025-12-29 13:58:06,143 INFO src.capture: Last token ids: [450, 893, 7617]
2025-12-29 13:58:06,143 INFO src.capture: Last decoded tokens: [' ab', 'ys', 'mal']
2025-12-29 13:58:07,563 INFO src.capture: Last token ids: [373, 38324, 4680]
2025-12-29 13:58:07,563 INFO src.capture: Last decoded tokens: [' was', ' atro', 'cious']
2025-12-29 13:58:07,677 INFO src.capture: Last token ids: [1998, 373, 12659]
2025-12-29 13:58:07,677 INFO src.capture: Last decoded tokens: [' experience', ' was', ' awful']
2025-12-29 13:58:07,791 INFO src.capture: Last token ids: [1998, 373, 7818]
2025-12-29 13:58:07,791 INFO src.capture: Last decoded tokens: [' experience', ' was', ' terrible']
2025-12-29 13:58:07,820 INFO src.capture: Last token ids: [1998, 373, 12361]
2025-12-29 13:58:07,820 INFO src.capture: Last decoded tokens: [' experience', ' was', ' horrible']
2025-12-29 13:58:07,850 INFO src.capture: Last token ids: [1998, 373, 35483]
2025-12-29 13:58:07,851 INFO src.capture: Last decoded tokens: [' experience', ' was', ' dreadful']
2025-12-29 14:01:50,097 INFO src.capture: Last token ids: [450, 893, 7617]
2025-12-29 14:01:50,097 INFO src.capture: Last decoded tokens: [' ab', 'ys', 'mal']
2025-12-29 14:01:51,492 INFO src.capture: Last token ids: [373, 38324, 4680]
2025-12-29 14:01:51,492 INFO src.capture: Last decoded tokens: [' was', ' atro', 'cious']
2025-12-29 14:01:51,605 INFO src.capture: Last token ids: [1998, 373, 12659]
2025-12-29 14:01:51,605 INFO src.capture: Last decoded tokens: [' experience', ' was', ' awful']
2025-12-29 14:01:51,718 INFO src.capture: Last token ids: [1998, 373, 7818]
2025-12-29 14:01:51,718 INFO src.capture: Last decoded tokens: [' experience', ' was', ' terrible']
2025-12-29 14:01:51,747 INFO src.capture: Last token ids: [1998, 373, 12361]
2025-12-29 14:01:51,747 INFO src.capture: Last decoded tokens: [' experience', ' was', ' horrible']
2025-12-29 14:01:51,778 INFO src.capture: Last token ids: [1998, 373, 35483]
2025-12-29 14:01:51,778 INFO src.capture: Last decoded tokens: [' experience', ' was', ' dreadful']
2025-12-29 14:01:59,060 INFO src.capture: Last token ids: [450, 893, 7617]
2025-12-29 14:01:59,060 INFO src.capture: Last decoded tokens: [' ab', 'ys', 'mal']
2025-12-29 14:01:59,933 INFO src.capture: Last token ids: [373, 38324, 4680]
2025-12-29 14:01:59,933 INFO src.capture: Last decoded tokens: [' was', ' atro', 'cious']
2025-12-29 14:02:00,049 INFO src.capture: Last token ids: [1998, 373, 12659]
2025-12-29 14:02:00,049 INFO src.capture: Last decoded tokens: [' experience', ' was', ' awful']
2025-12-29 14:02:00,159 INFO src.capture: Last token ids: [1998, 373, 7818]
2025-12-29 14:02:00,159 INFO src.capture: Last decoded tokens: [' experience', ' was', ' terrible']
2025-12-29 14:02:00,189 INFO src.capture: Last token ids: [1998, 373, 12361]
2025-12-29 14:02:00,190 INFO src.capture: Last decoded tokens: [' experience', ' was', ' horrible']
2025-12-29 14:02:00,220 INFO src.capture: Last token ids: [1998, 373, 35483]
2025-12-29 14:02:00,220 INFO src.capture: Last decoded tokens: [' experience', ' was', ' dreadful']
2025-12-29 14:02:49,802 INFO src.capture: Last token ids: [450, 893, 7617]
2025-12-29 14:02:49,803 INFO src.capture: Last decoded tokens: [' ab', 'ys', 'mal']
2025-12-29 14:02:50,663 INFO src.capture: Last token ids: [373, 38324, 4680]
2025-12-29 14:02:50,664 INFO src.capture: Last decoded tokens: [' was', ' atro', 'cious']
2025-12-29 14:02:50,774 INFO src.capture: Last token ids: [1998, 373, 12659]
2025-12-29 14:02:50,774 INFO src.capture: Last decoded tokens: [' experience', ' was', ' awful']
2025-12-29 14:02:50,892 INFO src.capture: Last token ids: [1998, 373, 7818]
2025-12-29 14:02:50,892 INFO src.capture: Last decoded tokens: [' experience', ' was', ' terrible']
2025-12-29 14:02:50,922 INFO src.capture: Last token ids: [1998, 373, 12361]
2025-12-29 14:02:50,922 INFO src.capture: Last decoded tokens: [' experience', ' was', ' horrible']
2025-12-29 14:02:50,955 INFO src.capture: Last token ids: [1998, 373, 35483]
2025-12-29 14:02:50,955 INFO src.capture: Last decoded tokens: [' experience', ' was', ' dreadful']
2025-12-29 14:03:05,724 INFO src.capture: Last token ids: [450, 893, 7617]
2025-12-29 14:03:05,724 INFO src.capture: Last decoded tokens: [' ab', 'ys', 'mal']
2025-12-29 14:03:06,503 INFO src.capture: Last token ids: [373, 38324, 4680]
2025-12-29 14:03:06,504 INFO src.capture: Last decoded tokens: [' was', ' atro', 'cious']
2025-12-29 14:03:06,615 INFO src.capture: Last token ids: [1998, 373, 12659]
2025-12-29 14:03:06,615 INFO src.capture: Last decoded tokens: [' experience', ' was', ' awful']
2025-12-29 14:03:06,723 INFO src.capture: Last token ids: [1998, 373, 7818]
2025-12-29 14:03:06,724 INFO src.capture: Last decoded tokens: [' experience', ' was', ' terrible']
2025-12-29 14:03:06,752 INFO src.capture: Last token ids: [1998, 373, 12361]
2025-12-29 14:03:06,752 INFO src.capture: Last decoded tokens: [' experience', ' was', ' horrible']
2025-12-29 14:03:06,782 INFO src.capture: Last token ids: [1998, 373, 35483]
2025-12-29 14:03:06,782 INFO src.capture: Last decoded tokens: [' experience', ' was', ' dreadful']
2025-12-29 14:21:48,774 INFO src.capture: Last token ids: [450, 893, 7617]
2025-12-29 14:21:48,775 INFO src.capture: Last decoded tokens: [' ab', 'ys', 'mal']
2025-12-29 14:21:50,471 INFO src.capture: Last token ids: [373, 38324, 4680]
2025-12-29 14:21:50,471 INFO src.capture: Last decoded tokens: [' was', ' atro', 'cious']
2025-12-29 14:21:50,585 INFO src.capture: Last token ids: [1998, 373, 12659]
2025-12-29 14:21:50,585 INFO src.capture: Last decoded tokens: [' experience', ' was', ' awful']
2025-12-29 14:21:50,699 INFO src.capture: Last token ids: [1998, 373, 7818]
2025-12-29 14:21:50,699 INFO src.capture: Last decoded tokens: [' experience', ' was', ' terrible']
2025-12-29 14:21:50,729 INFO src.capture: Last token ids: [1998, 373, 12361]
2025-12-29 14:21:50,729 INFO src.capture: Last decoded tokens: [' experience', ' was', ' horrible']
2025-12-29 14:21:50,756 INFO src.capture: Last token ids: [1998, 373, 35483]
2025-12-29 14:21:50,757 INFO src.capture: Last decoded tokens: [' experience', ' was', ' dreadful']
2025-12-29 14:22:10,055 INFO src.capture: Last token ids: [450, 893, 7617]
2025-12-29 14:22:10,055 INFO src.capture: Last decoded tokens: [' ab', 'ys', 'mal']
2025-12-29 14:22:11,184 INFO src.capture: Last token ids: [373, 38324, 4680]
2025-12-29 14:22:11,184 INFO src.capture: Last decoded tokens: [' was', ' atro', 'cious']
2025-12-29 14:22:11,293 INFO src.capture: Last token ids: [1998, 373, 12659]
2025-12-29 14:22:11,293 INFO src.capture: Last decoded tokens: [' experience', ' was', ' awful']
2025-12-29 14:22:11,403 INFO src.capture: Last token ids: [1998, 373, 7818]
2025-12-29 14:22:11,403 INFO src.capture: Last decoded tokens: [' experience', ' was', ' terrible']
2025-12-29 14:22:11,434 INFO src.capture: Last token ids: [1998, 373, 12361]
2025-12-29 14:22:11,434 INFO src.capture: Last decoded tokens: [' experience', ' was', ' horrible']
2025-12-29 14:22:11,464 INFO src.capture: Last token ids: [1998, 373, 35483]
2025-12-29 14:22:11,464 INFO src.capture: Last decoded tokens: [' experience', ' was', ' dreadful']
2025-12-29 14:27:50,947 INFO src.capture: Last token ids: [450, 893, 7617]
2025-12-29 14:27:50,948 INFO src.capture: Last decoded tokens: [' ab', 'ys', 'mal']
2025-12-29 14:27:52,139 INFO src.capture: Last token ids: [373, 38324, 4680]
2025-12-29 14:27:52,139 INFO src.capture: Last decoded tokens: [' was', ' atro', 'cious']
2025-12-29 14:27:52,256 INFO src.capture: Last token ids: [1998, 373, 12659]
2025-12-29 14:27:52,256 INFO src.capture: Last decoded tokens: [' experience', ' was', ' awful']
2025-12-29 14:27:52,367 INFO src.capture: Last token ids: [1998, 373, 7818]
2025-12-29 14:27:52,368 INFO src.capture: Last decoded tokens: [' experience', ' was', ' terrible']
2025-12-29 14:27:52,397 INFO src.capture: Last token ids: [1998, 373, 12361]
2025-12-29 14:27:52,397 INFO src.capture: Last decoded tokens: [' experience', ' was', ' horrible']
2025-12-29 14:27:52,430 INFO src.capture: Last token ids: [1998, 373, 35483]
2025-12-29 14:27:52,430 INFO src.capture: Last decoded tokens: [' experience', ' was', ' dreadful']
2025-12-29 14:29:14,165 INFO src.capture: Last token ids: [450, 893, 7617]
2025-12-29 14:29:14,166 INFO src.capture: Last decoded tokens: [' ab', 'ys', 'mal']
2025-12-29 14:29:15,350 INFO src.capture: Last token ids: [373, 38324, 4680]
2025-12-29 14:29:15,350 INFO src.capture: Last decoded tokens: [' was', ' atro', 'cious']
2025-12-29 14:29:15,468 INFO src.capture: Last token ids: [1998, 373, 12659]
2025-12-29 14:29:15,468 INFO src.capture: Last decoded tokens: [' experience', ' was', ' awful']
2025-12-29 14:29:15,585 INFO src.capture: Last token ids: [1998, 373, 7818]
2025-12-29 14:29:15,585 INFO src.capture: Last decoded tokens: [' experience', ' was', ' terrible']
2025-12-29 14:29:15,615 INFO src.capture: Last token ids: [1998, 373, 12361]
2025-12-29 14:29:15,615 INFO src.capture: Last decoded tokens: [' experience', ' was', ' horrible']
2025-12-29 14:29:15,645 INFO src.capture: Last token ids: [1998, 373, 35483]
2025-12-29 14:29:15,645 INFO src.capture: Last decoded tokens: [' experience', ' was', ' dreadful']
2025-12-29 15:29:40,355 INFO src.capture: Last token ids: [450, 893, 7617]
2025-12-29 15:29:40,355 INFO src.capture: Last decoded tokens: [' ab', 'ys', 'mal']
2025-12-29 15:29:41,590 INFO src.capture: Last token ids: [373, 38324, 4680]
2025-12-29 15:29:41,591 INFO src.capture: Last decoded tokens: [' was', ' atro', 'cious']
2025-12-29 15:29:41,722 INFO src.capture: Last token ids: [1998, 373, 12659]
2025-12-29 15:29:41,722 INFO src.capture: Last decoded tokens: [' experience', ' was', ' awful']
2025-12-29 15:29:41,840 INFO src.capture: Last token ids: [1998, 373, 7818]
2025-12-29 15:29:41,840 INFO src.capture: Last decoded tokens: [' experience', ' was', ' terrible']
2025-12-29 15:29:41,869 INFO src.capture: Last token ids: [1998, 373, 12361]
2025-12-29 15:29:41,869 INFO src.capture: Last decoded tokens: [' experience', ' was', ' horrible']
2025-12-29 15:29:41,900 INFO src.capture: Last token ids: [1998, 373, 35483]
2025-12-29 15:29:41,900 INFO src.capture: Last decoded tokens: [' experience', ' was', ' dreadful']
2025-12-29 15:30:31,689 INFO src.capture: Last token ids: [450, 893, 7617]
2025-12-29 15:30:31,690 INFO src.capture: Last decoded tokens: [' ab', 'ys', 'mal']
2025-12-29 15:30:32,641 INFO src.capture: Last token ids: [373, 38324, 4680]
2025-12-29 15:30:32,642 INFO src.capture: Last decoded tokens: [' was', ' atro', 'cious']
2025-12-29 15:30:32,759 INFO src.capture: Last token ids: [1998, 373, 12659]
2025-12-29 15:30:32,759 INFO src.capture: Last decoded tokens: [' experience', ' was', ' awful']
2025-12-29 15:30:32,867 INFO src.capture: Last token ids: [1998, 373, 7818]
2025-12-29 15:30:32,867 INFO src.capture: Last decoded tokens: [' experience', ' was', ' terrible']
2025-12-29 15:30:32,894 INFO src.capture: Last token ids: [1998, 373, 12361]
2025-12-29 15:30:32,895 INFO src.capture: Last decoded tokens: [' experience', ' was', ' horrible']
2025-12-29 15:30:32,923 INFO src.capture: Last token ids: [1998, 373, 35483]
2025-12-29 15:30:32,923 INFO src.capture: Last decoded tokens: [' experience', ' was', ' dreadful']
2025-12-29 15:30:55,999 INFO src.capture: Last token ids: [450, 893, 7617]
2025-12-29 15:30:55,999 INFO src.capture: Last decoded tokens: [' ab', 'ys', 'mal']
2025-12-29 15:30:56,831 INFO src.capture: Last token ids: [373, 38324, 4680]
2025-12-29 15:30:56,831 INFO src.capture: Last decoded tokens: [' was', ' atro', 'cious']
2025-12-29 15:30:56,939 INFO src.capture: Last token ids: [1998, 373, 12659]
2025-12-29 15:30:56,939 INFO src.capture: Last decoded tokens: [' experience', ' was', ' awful']
2025-12-29 15:30:57,044 INFO src.capture: Last token ids: [1998, 373, 7818]
2025-12-29 15:30:57,044 INFO src.capture: Last decoded tokens: [' experience', ' was', ' terrible']
2025-12-29 15:30:57,071 INFO src.capture: Last token ids: [1998, 373, 12361]
2025-12-29 15:30:57,072 INFO src.capture: Last decoded tokens: [' experience', ' was', ' horrible']
2025-12-29 15:30:57,099 INFO src.capture: Last token ids: [1998, 373, 35483]
2025-12-29 15:30:57,099 INFO src.capture: Last decoded tokens: [' experience', ' was', ' dreadful']
2025-12-29 15:37:00,648 INFO __main__: Last token ids: [318, 257, 1332]
2025-12-29 15:37:00,648 INFO __main__: Last decoded tokens: [' is', ' a', ' test']
2025-12-29 15:37:01,593 INFO __main__: Last token ids: [318, 257, 1332]
2025-12-29 15:37:01,594 INFO __main__: Last decoded tokens: [' is', ' a', ' test']
2025-12-29 15:37:01,621 INFO __main__: Last token ids: [257, 2392, 1332]
2025-12-29 15:37:01,621 INFO __main__: Last decoded tokens: [' a', ' longer', ' test']
2025-12-29 15:37:02,386 INFO __main__: Last token ids: [318, 257, 1332]
2025-12-29 15:37:02,386 INFO __main__: Last decoded tokens: [' is', ' a', ' test']
2025-12-29 15:37:02,973 INFO __main__: Last token ids: [257, 2392, 1332]
2025-12-29 15:37:02,974 INFO __main__: Last decoded tokens: [' a', ' longer', ' test']
2025-12-29 15:43:54,815 INFO src.capture: Last token ids: [450, 893, 7617]
2025-12-29 15:43:54,815 INFO src.capture: Last decoded tokens: [' ab', 'ys', 'mal']
2025-12-29 15:43:55,632 INFO src.capture: Last token ids: [373, 38324, 4680]
2025-12-29 15:43:55,632 INFO src.capture: Last decoded tokens: [' was', ' atro', 'cious']
2025-12-29 15:43:55,740 INFO src.capture: Last token ids: [1998, 373, 12659]
2025-12-29 15:43:55,741 INFO src.capture: Last decoded tokens: [' experience', ' was', ' awful']
2025-12-29 15:43:55,850 INFO src.capture: Last token ids: [1998, 373, 7818]
2025-12-29 15:43:55,850 INFO src.capture: Last decoded tokens: [' experience', ' was', ' terrible']
2025-12-29 15:43:55,880 INFO src.capture: Last token ids: [1998, 373, 12361]
2025-12-29 15:43:55,880 INFO src.capture: Last decoded tokens: [' experience', ' was', ' horrible']
2025-12-29 15:43:55,911 INFO src.capture: Last token ids: [1998, 373, 35483]
2025-12-29 15:43:55,911 INFO src.capture: Last decoded tokens: [' experience', ' was', ' dreadful']
2025-12-29 15:45:31,576 INFO src.capture: Last token ids: [450, 893, 7617]
2025-12-29 15:45:31,576 INFO src.capture: Last decoded tokens: [' ab', 'ys', 'mal']
2025-12-29 15:45:32,510 INFO src.capture: Last token ids: [373, 38324, 4680]
2025-12-29 15:45:32,510 INFO src.capture: Last decoded tokens: [' was', ' atro', 'cious']
2025-12-29 15:45:32,627 INFO src.capture: Last token ids: [1998, 373, 12659]
2025-12-29 15:45:32,627 INFO src.capture: Last decoded tokens: [' experience', ' was', ' awful']
2025-12-29 15:45:32,742 INFO src.capture: Last token ids: [1998, 373, 7818]
2025-12-29 15:45:32,742 INFO src.capture: Last decoded tokens: [' experience', ' was', ' terrible']
2025-12-29 15:45:32,770 INFO src.capture: Last token ids: [1998, 373, 12361]
2025-12-29 15:45:32,771 INFO src.capture: Last decoded tokens: [' experience', ' was', ' horrible']
2025-12-29 15:45:32,801 INFO src.capture: Last token ids: [1998, 373, 35483]
2025-12-29 15:45:32,801 INFO src.capture: Last decoded tokens: [' experience', ' was', ' dreadful']
2025-12-29 15:52:39,577 INFO src.capture: Last token ids: [450, 893, 7617]
2025-12-29 15:52:39,577 INFO src.capture: Last decoded tokens: [' ab', 'ys', 'mal']
2025-12-29 15:52:40,875 INFO src.capture: Last token ids: [373, 38324, 4680]
2025-12-29 15:52:40,875 INFO src.capture: Last decoded tokens: [' was', ' atro', 'cious']
2025-12-29 15:52:40,991 INFO src.capture: Last token ids: [1998, 373, 12659]
2025-12-29 15:52:40,992 INFO src.capture: Last decoded tokens: [' experience', ' was', ' awful']
2025-12-29 15:52:41,105 INFO src.capture: Last token ids: [1998, 373, 7818]
2025-12-29 15:52:41,105 INFO src.capture: Last decoded tokens: [' experience', ' was', ' terrible']
2025-12-29 15:52:41,137 INFO src.capture: Last token ids: [1998, 373, 12361]
2025-12-29 15:52:41,137 INFO src.capture: Last decoded tokens: [' experience', ' was', ' horrible']
2025-12-29 15:52:41,167 INFO src.capture: Last token ids: [1998, 373, 35483]
2025-12-29 15:52:41,168 INFO src.capture: Last decoded tokens: [' experience', ' was', ' dreadful']
2025-12-29 15:54:59,345 INFO src.capture: Last token ids: [450, 893, 7617]
2025-12-29 15:54:59,346 INFO src.capture: Last decoded tokens: [' ab', 'ys', 'mal']
2025-12-29 15:55:00,257 INFO src.capture: Last token ids: [373, 38324, 4680]
2025-12-29 15:55:00,257 INFO src.capture: Last decoded tokens: [' was', ' atro', 'cious']
2025-12-29 15:55:00,369 INFO src.capture: Last token ids: [1998, 373, 12659]
2025-12-29 15:55:00,369 INFO src.capture: Last decoded tokens: [' experience', ' was', ' awful']
2025-12-29 15:55:00,478 INFO src.capture: Last token ids: [1998, 373, 7818]
2025-12-29 15:55:00,479 INFO src.capture: Last decoded tokens: [' experience', ' was', ' terrible']
2025-12-29 15:55:00,509 INFO src.capture: Last token ids: [1998, 373, 12361]
2025-12-29 15:55:00,509 INFO src.capture: Last decoded tokens: [' experience', ' was', ' horrible']
2025-12-29 15:55:00,540 INFO src.capture: Last token ids: [1998, 373, 35483]
2025-12-29 15:55:00,540 INFO src.capture: Last decoded tokens: [' experience', ' was', ' dreadful']
2025-12-29 15:55:00,571 INFO src.capture: Last token ids: [450, 893, 7617]
2025-12-29 15:55:00,571 INFO src.capture: Last decoded tokens: [' ab', 'ys', 'mal']
2025-12-29 15:55:00,602 INFO src.capture: Last token ids: [2936, 38324, 4680]
2025-12-29 15:55:00,602 INFO src.capture: Last decoded tokens: [' felt', ' atro', 'cious']
2025-12-29 15:55:00,631 INFO src.capture: Last token ids: [8055, 2936, 12659]
2025-12-29 15:55:00,631 INFO src.capture: Last decoded tokens: [' outcome', ' felt', ' awful']
2025-12-29 15:55:00,742 INFO src.capture: Last token ids: [8055, 2936, 7818]
2025-12-29 15:55:00,742 INFO src.capture: Last decoded tokens: [' outcome', ' felt', ' terrible']
2025-12-29 15:55:00,770 INFO src.capture: Last token ids: [8055, 2936, 12361]
2025-12-29 15:55:00,770 INFO src.capture: Last decoded tokens: [' outcome', ' felt', ' horrible']
2025-12-29 15:55:00,798 INFO src.capture: Last token ids: [8055, 2936, 35483]
2025-12-29 15:55:00,798 INFO src.capture: Last decoded tokens: [' outcome', ' felt', ' dreadful']
2025-12-29 16:16:33,326 INFO src.capture: Last token ids: [450, 893, 7617]
2025-12-29 16:16:33,326 INFO src.capture: Last decoded tokens: [' ab', 'ys', 'mal']
2025-12-29 16:16:34,809 INFO src.capture: Last token ids: [373, 38324, 4680]
2025-12-29 16:16:34,809 INFO src.capture: Last decoded tokens: [' was', ' atro', 'cious']
2025-12-29 16:16:34,922 INFO src.capture: Last token ids: [1998, 373, 12659]
2025-12-29 16:16:34,922 INFO src.capture: Last decoded tokens: [' experience', ' was', ' awful']
2025-12-29 16:16:35,031 INFO src.capture: Last token ids: [1998, 373, 7818]
2025-12-29 16:16:35,031 INFO src.capture: Last decoded tokens: [' experience', ' was', ' terrible']
2025-12-29 16:16:35,061 INFO src.capture: Last token ids: [1998, 373, 12361]
2025-12-29 16:16:35,061 INFO src.capture: Last decoded tokens: [' experience', ' was', ' horrible']
2025-12-29 16:16:35,090 INFO src.capture: Last token ids: [1998, 373, 35483]
2025-12-29 16:16:35,090 INFO src.capture: Last decoded tokens: [' experience', ' was', ' dreadful']
2025-12-29 16:16:35,120 INFO src.capture: Last token ids: [1998, 373, 2089]
2025-12-29 16:16:35,120 INFO src.capture: Last decoded tokens: [' experience', ' was', ' bad']
2025-12-29 16:16:35,148 INFO src.capture: Last token ids: [1998, 373, 3595]
2025-12-29 16:16:35,148 INFO src.capture: Last decoded tokens: [' experience', ' was', ' poor']
2025-12-29 16:16:35,180 INFO src.capture: Last token ids: [1998, 373, 4939]
2025-12-29 16:16:35,180 INFO src.capture: Last decoded tokens: [' experience', ' was', ' weak']
2025-12-29 16:16:35,208 INFO src.capture: Last token ids: [1998, 373, 29956]
2025-12-29 16:16:35,208 INFO src.capture: Last decoded tokens: [' experience', ' was', ' mediocre']
2025-12-29 16:16:35,237 INFO src.capture: Last token ids: [373, 555, 24194]
2025-12-29 16:16:35,237 INFO src.capture: Last decoded tokens: [' was', ' un', 'inspired']
2025-12-29 16:16:35,266 INFO src.capture: Last token ids: [1998, 373, 50146]
2025-12-29 16:16:35,266 INFO src.capture: Last decoded tokens: [' experience', ' was', ' lackluster']
2025-12-29 16:16:35,296 INFO src.capture: Last token ids: [1998, 373, 8788]
2025-12-29 16:16:35,296 INFO src.capture: Last decoded tokens: [' experience', ' was', ' okay']
2025-12-29 16:16:35,323 INFO src.capture: Last token ids: [1998, 373, 3734]
2025-12-29 16:16:35,324 INFO src.capture: Last decoded tokens: [' experience', ' was', ' fine']
2025-12-29 16:16:35,352 INFO src.capture: Last token ids: [1998, 373, 2811]
2025-12-29 16:16:35,352 INFO src.capture: Last decoded tokens: [' experience', ' was', ' average']
2025-12-29 16:16:35,380 INFO src.capture: Last token ids: [1998, 373, 7709]
2025-12-29 16:16:35,381 INFO src.capture: Last decoded tokens: [' experience', ' was', ' decent']
2025-12-29 16:16:35,410 INFO src.capture: Last token ids: [1998, 373, 4735]
2025-12-29 16:16:35,410 INFO src.capture: Last decoded tokens: [' experience', ' was', ' solid']
2025-12-29 16:16:35,438 INFO src.capture: Last token ids: [1998, 373, 15497]
2025-12-29 16:16:35,438 INFO src.capture: Last decoded tokens: [' experience', ' was', ' pleasant']
2025-12-29 16:16:35,466 INFO src.capture: Last token ids: [1998, 373, 922]
2025-12-29 16:16:35,467 INFO src.capture: Last decoded tokens: [' experience', ' was', ' good']
2025-12-29 16:16:35,493 INFO src.capture: Last token ids: [1998, 373, 20050]
2025-12-29 16:16:35,493 INFO src.capture: Last decoded tokens: [' experience', ' was', ' enjoyable']
2025-12-29 16:16:35,522 INFO src.capture: Last token ids: [1998, 373, 19201]
2025-12-29 16:16:35,522 INFO src.capture: Last decoded tokens: [' experience', ' was', ' satisfying']
2025-12-29 16:16:35,549 INFO src.capture: Last token ids: [1998, 373, 1049]
2025-12-29 16:16:35,549 INFO src.capture: Last decoded tokens: [' experience', ' was', ' great']
2025-12-29 16:16:35,577 INFO src.capture: Last token ids: [1998, 373, 8036]
2025-12-29 16:16:35,578 INFO src.capture: Last decoded tokens: [' experience', ' was', ' impressive']
2025-12-29 16:16:35,605 INFO src.capture: Last token ids: [1998, 373, 1913]
2025-12-29 16:16:35,605 INFO src.capture: Last decoded tokens: [' experience', ' was', ' strong']
2025-12-29 16:16:35,633 INFO src.capture: Last token ids: [1998, 373, 6275]
2025-12-29 16:16:35,633 INFO src.capture: Last decoded tokens: [' experience', ' was', ' excellent']
2025-12-29 16:16:35,660 INFO src.capture: Last token ids: [1998, 373, 9623]
2025-12-29 16:16:35,660 INFO src.capture: Last decoded tokens: [' experience', ' was', ' fantastic']
2025-12-29 16:16:35,690 INFO src.capture: Last token ids: [1998, 373, 11660]
2025-12-29 16:16:35,690 INFO src.capture: Last decoded tokens: [' experience', ' was', ' outstanding']
2025-12-29 16:16:35,717 INFO src.capture: Last token ids: [1998, 373, 15313]
2025-12-29 16:16:35,717 INFO src.capture: Last decoded tokens: [' experience', ' was', ' exceptional']
2025-12-29 16:16:35,746 INFO src.capture: Last token ids: [1998, 373, 11004]
2025-12-29 16:16:35,746 INFO src.capture: Last decoded tokens: [' experience', ' was', ' remarkable']
2025-12-29 16:16:35,773 INFO src.capture: Last token ids: [1998, 373, 21840]
2025-12-29 16:16:35,773 INFO src.capture: Last decoded tokens: [' experience', ' was', ' superb']
2025-12-29 16:16:35,803 INFO src.capture: Last token ids: [450, 893, 7617]
2025-12-29 16:16:35,803 INFO src.capture: Last decoded tokens: [' ab', 'ys', 'mal']
2025-12-29 16:16:35,832 INFO src.capture: Last token ids: [2936, 38324, 4680]
2025-12-29 16:16:35,832 INFO src.capture: Last decoded tokens: [' felt', ' atro', 'cious']
2025-12-29 16:16:35,862 INFO src.capture: Last token ids: [8055, 2936, 12659]
2025-12-29 16:16:35,862 INFO src.capture: Last decoded tokens: [' outcome', ' felt', ' awful']
2025-12-29 16:16:35,971 INFO src.capture: Last token ids: [8055, 2936, 7818]
2025-12-29 16:16:35,971 INFO src.capture: Last decoded tokens: [' outcome', ' felt', ' terrible']
2025-12-29 16:16:35,999 INFO src.capture: Last token ids: [8055, 2936, 12361]
2025-12-29 16:16:35,999 INFO src.capture: Last decoded tokens: [' outcome', ' felt', ' horrible']
2025-12-29 16:16:36,026 INFO src.capture: Last token ids: [8055, 2936, 35483]
2025-12-29 16:16:36,026 INFO src.capture: Last decoded tokens: [' outcome', ' felt', ' dreadful']
2025-12-29 16:16:36,055 INFO src.capture: Last token ids: [8055, 2936, 2089]
2025-12-29 16:16:36,056 INFO src.capture: Last decoded tokens: [' outcome', ' felt', ' bad']
2025-12-29 16:16:36,082 INFO src.capture: Last token ids: [8055, 2936, 3595]
2025-12-29 16:16:36,082 INFO src.capture: Last decoded tokens: [' outcome', ' felt', ' poor']
2025-12-29 16:16:36,109 INFO src.capture: Last token ids: [8055, 2936, 4939]
2025-12-29 16:16:36,109 INFO src.capture: Last decoded tokens: [' outcome', ' felt', ' weak']
2025-12-29 16:16:36,136 INFO src.capture: Last token ids: [8055, 2936, 29956]
2025-12-29 16:16:36,136 INFO src.capture: Last decoded tokens: [' outcome', ' felt', ' mediocre']
2025-12-29 16:16:36,167 INFO src.capture: Last token ids: [2936, 555, 24194]
2025-12-29 16:16:36,167 INFO src.capture: Last decoded tokens: [' felt', ' un', 'inspired']
2025-12-29 16:16:36,194 INFO src.capture: Last token ids: [8055, 2936, 50146]
2025-12-29 16:16:36,194 INFO src.capture: Last decoded tokens: [' outcome', ' felt', ' lackluster']
2025-12-29 16:16:36,223 INFO src.capture: Last token ids: [8055, 2936, 8788]
2025-12-29 16:16:36,223 INFO src.capture: Last decoded tokens: [' outcome', ' felt', ' okay']
2025-12-29 16:16:36,252 INFO src.capture: Last token ids: [8055, 2936, 3734]
2025-12-29 16:16:36,252 INFO src.capture: Last decoded tokens: [' outcome', ' felt', ' fine']
2025-12-29 16:16:36,280 INFO src.capture: Last token ids: [8055, 2936, 2811]
2025-12-29 16:16:36,280 INFO src.capture: Last decoded tokens: [' outcome', ' felt', ' average']
2025-12-29 16:16:36,307 INFO src.capture: Last token ids: [8055, 2936, 7709]
2025-12-29 16:16:36,308 INFO src.capture: Last decoded tokens: [' outcome', ' felt', ' decent']
2025-12-29 16:16:36,334 INFO src.capture: Last token ids: [8055, 2936, 4735]
2025-12-29 16:16:36,334 INFO src.capture: Last decoded tokens: [' outcome', ' felt', ' solid']
2025-12-29 16:16:36,361 INFO src.capture: Last token ids: [8055, 2936, 15497]
2025-12-29 16:16:36,361 INFO src.capture: Last decoded tokens: [' outcome', ' felt', ' pleasant']
2025-12-29 16:16:36,388 INFO src.capture: Last token ids: [8055, 2936, 922]
2025-12-29 16:16:36,388 INFO src.capture: Last decoded tokens: [' outcome', ' felt', ' good']
2025-12-29 16:16:36,415 INFO src.capture: Last token ids: [8055, 2936, 20050]
2025-12-29 16:16:36,415 INFO src.capture: Last decoded tokens: [' outcome', ' felt', ' enjoyable']
2025-12-29 16:16:36,442 INFO src.capture: Last token ids: [8055, 2936, 19201]
2025-12-29 16:16:36,442 INFO src.capture: Last decoded tokens: [' outcome', ' felt', ' satisfying']
2025-12-29 16:16:36,469 INFO src.capture: Last token ids: [8055, 2936, 1049]
2025-12-29 16:16:36,469 INFO src.capture: Last decoded tokens: [' outcome', ' felt', ' great']
2025-12-29 16:16:36,499 INFO src.capture: Last token ids: [8055, 2936, 8036]
2025-12-29 16:16:36,499 INFO src.capture: Last decoded tokens: [' outcome', ' felt', ' impressive']
2025-12-29 16:16:36,528 INFO src.capture: Last token ids: [8055, 2936, 1913]
2025-12-29 16:16:36,528 INFO src.capture: Last decoded tokens: [' outcome', ' felt', ' strong']
2025-12-29 16:16:36,557 INFO src.capture: Last token ids: [8055, 2936, 6275]
2025-12-29 16:16:36,557 INFO src.capture: Last decoded tokens: [' outcome', ' felt', ' excellent']
2025-12-29 16:16:36,583 INFO src.capture: Last token ids: [8055, 2936, 9623]
2025-12-29 16:16:36,583 INFO src.capture: Last decoded tokens: [' outcome', ' felt', ' fantastic']
2025-12-29 16:16:36,611 INFO src.capture: Last token ids: [8055, 2936, 11660]
2025-12-29 16:16:36,611 INFO src.capture: Last decoded tokens: [' outcome', ' felt', ' outstanding']
2025-12-29 16:16:36,638 INFO src.capture: Last token ids: [8055, 2936, 15313]
2025-12-29 16:16:36,638 INFO src.capture: Last decoded tokens: [' outcome', ' felt', ' exceptional']
2025-12-29 16:16:36,666 INFO src.capture: Last token ids: [8055, 2936, 11004]
2025-12-29 16:16:36,667 INFO src.capture: Last decoded tokens: [' outcome', ' felt', ' remarkable']
2025-12-29 16:16:36,697 INFO src.capture: Last token ids: [8055, 2936, 21840]
2025-12-29 16:16:36,697 INFO src.capture: Last decoded tokens: [' outcome', ' felt', ' superb']
2025-12-29 16:16:36,727 INFO src.capture: Last token ids: [450, 893, 7617]
2025-12-29 16:16:36,728 INFO src.capture: Last decoded tokens: [' ab', 'ys', 'mal']
2025-12-29 16:16:36,760 INFO src.capture: Last token ids: [373, 38324, 4680]
2025-12-29 16:16:36,760 INFO src.capture: Last decoded tokens: [' was', ' atro', 'cious']
2025-12-29 16:16:36,794 INFO src.capture: Last token ids: [1255, 373, 12659]
2025-12-29 16:16:36,794 INFO src.capture: Last decoded tokens: [' result', ' was', ' awful']
2025-12-29 16:16:36,822 INFO src.capture: Last token ids: [1255, 373, 7818]
2025-12-29 16:16:36,822 INFO src.capture: Last decoded tokens: [' result', ' was', ' terrible']
2025-12-29 16:16:36,849 INFO src.capture: Last token ids: [1255, 373, 12361]
2025-12-29 16:16:36,849 INFO src.capture: Last decoded tokens: [' result', ' was', ' horrible']
2025-12-29 16:16:36,877 INFO src.capture: Last token ids: [1255, 373, 35483]
2025-12-29 16:16:36,877 INFO src.capture: Last decoded tokens: [' result', ' was', ' dreadful']
2025-12-29 16:16:36,905 INFO src.capture: Last token ids: [1255, 373, 2089]
2025-12-29 16:16:36,905 INFO src.capture: Last decoded tokens: [' result', ' was', ' bad']
2025-12-29 16:16:36,931 INFO src.capture: Last token ids: [1255, 373, 3595]
2025-12-29 16:16:36,931 INFO src.capture: Last decoded tokens: [' result', ' was', ' poor']
2025-12-29 16:16:36,958 INFO src.capture: Last token ids: [1255, 373, 4939]
2025-12-29 16:16:36,958 INFO src.capture: Last decoded tokens: [' result', ' was', ' weak']
2025-12-29 16:16:36,987 INFO src.capture: Last token ids: [1255, 373, 29956]
2025-12-29 16:16:36,987 INFO src.capture: Last decoded tokens: [' result', ' was', ' mediocre']
2025-12-29 16:16:37,014 INFO src.capture: Last token ids: [373, 555, 24194]
2025-12-29 16:16:37,014 INFO src.capture: Last decoded tokens: [' was', ' un', 'inspired']
2025-12-29 16:16:37,041 INFO src.capture: Last token ids: [1255, 373, 50146]
2025-12-29 16:16:37,042 INFO src.capture: Last decoded tokens: [' result', ' was', ' lackluster']
2025-12-29 16:16:37,069 INFO src.capture: Last token ids: [1255, 373, 8788]
2025-12-29 16:16:37,069 INFO src.capture: Last decoded tokens: [' result', ' was', ' okay']
2025-12-29 16:16:37,096 INFO src.capture: Last token ids: [1255, 373, 3734]
2025-12-29 16:16:37,096 INFO src.capture: Last decoded tokens: [' result', ' was', ' fine']
2025-12-29 16:16:37,123 INFO src.capture: Last token ids: [1255, 373, 2811]
2025-12-29 16:16:37,123 INFO src.capture: Last decoded tokens: [' result', ' was', ' average']
2025-12-29 16:16:37,150 INFO src.capture: Last token ids: [1255, 373, 7709]
2025-12-29 16:16:37,150 INFO src.capture: Last decoded tokens: [' result', ' was', ' decent']
2025-12-29 16:16:37,177 INFO src.capture: Last token ids: [1255, 373, 4735]
2025-12-29 16:16:37,177 INFO src.capture: Last decoded tokens: [' result', ' was', ' solid']
2025-12-29 16:16:37,204 INFO src.capture: Last token ids: [1255, 373, 15497]
2025-12-29 16:16:37,204 INFO src.capture: Last decoded tokens: [' result', ' was', ' pleasant']
2025-12-29 16:16:37,230 INFO src.capture: Last token ids: [1255, 373, 922]
2025-12-29 16:16:37,230 INFO src.capture: Last decoded tokens: [' result', ' was', ' good']
2025-12-29 16:16:37,259 INFO src.capture: Last token ids: [1255, 373, 20050]
2025-12-29 16:16:37,259 INFO src.capture: Last decoded tokens: [' result', ' was', ' enjoyable']
2025-12-29 16:16:37,287 INFO src.capture: Last token ids: [1255, 373, 19201]
2025-12-29 16:16:37,287 INFO src.capture: Last decoded tokens: [' result', ' was', ' satisfying']
2025-12-29 16:16:37,314 INFO src.capture: Last token ids: [1255, 373, 1049]
2025-12-29 16:16:37,314 INFO src.capture: Last decoded tokens: [' result', ' was', ' great']
2025-12-29 16:16:37,341 INFO src.capture: Last token ids: [1255, 373, 8036]
2025-12-29 16:16:37,341 INFO src.capture: Last decoded tokens: [' result', ' was', ' impressive']
2025-12-29 16:16:37,368 INFO src.capture: Last token ids: [1255, 373, 1913]
2025-12-29 16:16:37,368 INFO src.capture: Last decoded tokens: [' result', ' was', ' strong']
2025-12-29 16:16:37,394 INFO src.capture: Last token ids: [1255, 373, 6275]
2025-12-29 16:16:37,394 INFO src.capture: Last decoded tokens: [' result', ' was', ' excellent']
2025-12-29 16:16:37,421 INFO src.capture: Last token ids: [1255, 373, 9623]
2025-12-29 16:16:37,421 INFO src.capture: Last decoded tokens: [' result', ' was', ' fantastic']
2025-12-29 16:16:37,448 INFO src.capture: Last token ids: [1255, 373, 11660]
2025-12-29 16:16:37,448 INFO src.capture: Last decoded tokens: [' result', ' was', ' outstanding']
2025-12-29 16:16:37,475 INFO src.capture: Last token ids: [1255, 373, 15313]
2025-12-29 16:16:37,475 INFO src.capture: Last decoded tokens: [' result', ' was', ' exceptional']
2025-12-29 16:16:37,501 INFO src.capture: Last token ids: [1255, 373, 11004]
2025-12-29 16:16:37,501 INFO src.capture: Last decoded tokens: [' result', ' was', ' remarkable']
2025-12-29 16:16:37,527 INFO src.capture: Last token ids: [1255, 373, 21840]
2025-12-29 16:16:37,527 INFO src.capture: Last decoded tokens: [' result', ' was', ' superb']
2025-12-29 16:16:37,555 INFO src.capture: Last token ids: [450, 893, 7617]
2025-12-29 16:16:37,555 INFO src.capture: Last decoded tokens: [' ab', 'ys', 'mal']
2025-12-29 16:16:37,665 INFO src.capture: Last token ids: [373, 38324, 4680]
2025-12-29 16:16:37,665 INFO src.capture: Last decoded tokens: [' was', ' atro', 'cious']
2025-12-29 16:16:38,265 INFO src.capture: Last token ids: [670, 373, 12659]
2025-12-29 16:16:38,265 INFO src.capture: Last decoded tokens: [' work', ' was', ' awful']
2025-12-29 16:16:38,295 INFO src.capture: Last token ids: [670, 373, 7818]
2025-12-29 16:16:38,295 INFO src.capture: Last decoded tokens: [' work', ' was', ' terrible']
2025-12-29 16:16:38,325 INFO src.capture: Last token ids: [670, 373, 12361]
2025-12-29 16:16:38,325 INFO src.capture: Last decoded tokens: [' work', ' was', ' horrible']
2025-12-29 16:16:38,354 INFO src.capture: Last token ids: [670, 373, 35483]
2025-12-29 16:16:38,354 INFO src.capture: Last decoded tokens: [' work', ' was', ' dreadful']
2025-12-29 16:16:38,383 INFO src.capture: Last token ids: [670, 373, 2089]
2025-12-29 16:16:38,383 INFO src.capture: Last decoded tokens: [' work', ' was', ' bad']
2025-12-29 16:16:38,413 INFO src.capture: Last token ids: [670, 373, 3595]
2025-12-29 16:16:38,414 INFO src.capture: Last decoded tokens: [' work', ' was', ' poor']
2025-12-29 16:16:38,445 INFO src.capture: Last token ids: [670, 373, 4939]
2025-12-29 16:16:38,445 INFO src.capture: Last decoded tokens: [' work', ' was', ' weak']
2025-12-29 16:16:38,476 INFO src.capture: Last token ids: [670, 373, 29956]
2025-12-29 16:16:38,476 INFO src.capture: Last decoded tokens: [' work', ' was', ' mediocre']
2025-12-29 16:16:38,511 INFO src.capture: Last token ids: [373, 555, 24194]
2025-12-29 16:16:38,511 INFO src.capture: Last decoded tokens: [' was', ' un', 'inspired']
2025-12-29 16:16:38,545 INFO src.capture: Last token ids: [670, 373, 50146]
2025-12-29 16:16:38,545 INFO src.capture: Last decoded tokens: [' work', ' was', ' lackluster']
2025-12-29 16:16:38,578 INFO src.capture: Last token ids: [670, 373, 8788]
2025-12-29 16:16:38,578 INFO src.capture: Last decoded tokens: [' work', ' was', ' okay']
2025-12-29 16:16:38,611 INFO src.capture: Last token ids: [670, 373, 3734]
2025-12-29 16:16:38,611 INFO src.capture: Last decoded tokens: [' work', ' was', ' fine']
2025-12-29 16:16:38,643 INFO src.capture: Last token ids: [670, 373, 2811]
2025-12-29 16:16:38,644 INFO src.capture: Last decoded tokens: [' work', ' was', ' average']
2025-12-29 16:16:38,675 INFO src.capture: Last token ids: [670, 373, 7709]
2025-12-29 16:16:38,675 INFO src.capture: Last decoded tokens: [' work', ' was', ' decent']
2025-12-29 16:16:38,708 INFO src.capture: Last token ids: [670, 373, 4735]
2025-12-29 16:16:38,709 INFO src.capture: Last decoded tokens: [' work', ' was', ' solid']
2025-12-29 16:16:38,739 INFO src.capture: Last token ids: [670, 373, 15497]
2025-12-29 16:16:38,739 INFO src.capture: Last decoded tokens: [' work', ' was', ' pleasant']
2025-12-29 16:16:38,768 INFO src.capture: Last token ids: [670, 373, 922]
2025-12-29 16:16:38,768 INFO src.capture: Last decoded tokens: [' work', ' was', ' good']
2025-12-29 16:16:38,799 INFO src.capture: Last token ids: [670, 373, 20050]
2025-12-29 16:16:38,799 INFO src.capture: Last decoded tokens: [' work', ' was', ' enjoyable']
2025-12-29 16:16:38,830 INFO src.capture: Last token ids: [670, 373, 19201]
2025-12-29 16:16:38,830 INFO src.capture: Last decoded tokens: [' work', ' was', ' satisfying']
2025-12-29 16:16:38,859 INFO src.capture: Last token ids: [670, 373, 1049]
2025-12-29 16:16:38,859 INFO src.capture: Last decoded tokens: [' work', ' was', ' great']
2025-12-29 16:16:38,890 INFO src.capture: Last token ids: [670, 373, 8036]
2025-12-29 16:16:38,890 INFO src.capture: Last decoded tokens: [' work', ' was', ' impressive']
2025-12-29 16:16:38,921 INFO src.capture: Last token ids: [670, 373, 1913]
2025-12-29 16:16:38,921 INFO src.capture: Last decoded tokens: [' work', ' was', ' strong']
2025-12-29 16:16:38,950 INFO src.capture: Last token ids: [670, 373, 6275]
2025-12-29 16:16:38,950 INFO src.capture: Last decoded tokens: [' work', ' was', ' excellent']
2025-12-29 16:16:38,977 INFO src.capture: Last token ids: [670, 373, 9623]
2025-12-29 16:16:38,977 INFO src.capture: Last decoded tokens: [' work', ' was', ' fantastic']
2025-12-29 16:16:39,006 INFO src.capture: Last token ids: [670, 373, 11660]
2025-12-29 16:16:39,006 INFO src.capture: Last decoded tokens: [' work', ' was', ' outstanding']
2025-12-29 16:16:39,034 INFO src.capture: Last token ids: [670, 373, 15313]
2025-12-29 16:16:39,035 INFO src.capture: Last decoded tokens: [' work', ' was', ' exceptional']
2025-12-29 16:16:39,067 INFO src.capture: Last token ids: [670, 373, 11004]
2025-12-29 16:16:39,067 INFO src.capture: Last decoded tokens: [' work', ' was', ' remarkable']
2025-12-29 16:16:39,098 INFO src.capture: Last token ids: [670, 373, 21840]
2025-12-29 16:16:39,098 INFO src.capture: Last decoded tokens: [' work', ' was', ' superb']
2025-12-29 16:16:39,130 INFO src.capture: Last token ids: [450, 893, 7617]
2025-12-29 16:16:39,130 INFO src.capture: Last decoded tokens: [' ab', 'ys', 'mal']
2025-12-29 16:16:39,164 INFO src.capture: Last token ids: [373, 38324, 4680]
2025-12-29 16:16:39,164 INFO src.capture: Last decoded tokens: [' was', ' atro', 'cious']
2025-12-29 16:16:39,193 INFO src.capture: Last token ids: [2854, 373, 12659]
2025-12-29 16:16:39,193 INFO src.capture: Last decoded tokens: [' performance', ' was', ' awful']
2025-12-29 16:16:39,220 INFO src.capture: Last token ids: [2854, 373, 7818]
2025-12-29 16:16:39,220 INFO src.capture: Last decoded tokens: [' performance', ' was', ' terrible']
2025-12-29 16:16:39,248 INFO src.capture: Last token ids: [2854, 373, 12361]
2025-12-29 16:16:39,248 INFO src.capture: Last decoded tokens: [' performance', ' was', ' horrible']
2025-12-29 16:16:39,275 INFO src.capture: Last token ids: [2854, 373, 35483]
2025-12-29 16:16:39,275 INFO src.capture: Last decoded tokens: [' performance', ' was', ' dreadful']
2025-12-29 16:16:39,301 INFO src.capture: Last token ids: [2854, 373, 2089]
2025-12-29 16:16:39,302 INFO src.capture: Last decoded tokens: [' performance', ' was', ' bad']
2025-12-29 16:16:39,328 INFO src.capture: Last token ids: [2854, 373, 3595]
2025-12-29 16:16:39,328 INFO src.capture: Last decoded tokens: [' performance', ' was', ' poor']
2025-12-29 16:16:39,355 INFO src.capture: Last token ids: [2854, 373, 4939]
2025-12-29 16:16:39,355 INFO src.capture: Last decoded tokens: [' performance', ' was', ' weak']
2025-12-29 16:16:39,381 INFO src.capture: Last token ids: [2854, 373, 29956]
2025-12-29 16:16:39,381 INFO src.capture: Last decoded tokens: [' performance', ' was', ' mediocre']
2025-12-29 16:16:39,408 INFO src.capture: Last token ids: [373, 555, 24194]
2025-12-29 16:16:39,408 INFO src.capture: Last decoded tokens: [' was', ' un', 'inspired']
2025-12-29 16:16:39,436 INFO src.capture: Last token ids: [2854, 373, 50146]
2025-12-29 16:16:39,436 INFO src.capture: Last decoded tokens: [' performance', ' was', ' lackluster']
2025-12-29 16:16:39,465 INFO src.capture: Last token ids: [2854, 373, 8788]
2025-12-29 16:16:39,465 INFO src.capture: Last decoded tokens: [' performance', ' was', ' okay']
2025-12-29 16:16:39,492 INFO src.capture: Last token ids: [2854, 373, 3734]
2025-12-29 16:16:39,492 INFO src.capture: Last decoded tokens: [' performance', ' was', ' fine']
2025-12-29 16:16:39,519 INFO src.capture: Last token ids: [2854, 373, 2811]
2025-12-29 16:16:39,519 INFO src.capture: Last decoded tokens: [' performance', ' was', ' average']
2025-12-29 16:16:39,546 INFO src.capture: Last token ids: [2854, 373, 7709]
2025-12-29 16:16:39,546 INFO src.capture: Last decoded tokens: [' performance', ' was', ' decent']
2025-12-29 16:16:39,575 INFO src.capture: Last token ids: [2854, 373, 4735]
2025-12-29 16:16:39,575 INFO src.capture: Last decoded tokens: [' performance', ' was', ' solid']
2025-12-29 16:16:39,602 INFO src.capture: Last token ids: [2854, 373, 15497]
2025-12-29 16:16:39,602 INFO src.capture: Last decoded tokens: [' performance', ' was', ' pleasant']
2025-12-29 16:16:39,629 INFO src.capture: Last token ids: [2854, 373, 922]
2025-12-29 16:16:39,629 INFO src.capture: Last decoded tokens: [' performance', ' was', ' good']
2025-12-29 16:16:39,655 INFO src.capture: Last token ids: [2854, 373, 20050]
2025-12-29 16:16:39,655 INFO src.capture: Last decoded tokens: [' performance', ' was', ' enjoyable']
2025-12-29 16:16:39,683 INFO src.capture: Last token ids: [2854, 373, 19201]
2025-12-29 16:16:39,684 INFO src.capture: Last decoded tokens: [' performance', ' was', ' satisfying']
2025-12-29 16:16:39,710 INFO src.capture: Last token ids: [2854, 373, 1049]
2025-12-29 16:16:39,710 INFO src.capture: Last decoded tokens: [' performance', ' was', ' great']
2025-12-29 16:16:39,737 INFO src.capture: Last token ids: [2854, 373, 8036]
2025-12-29 16:16:39,737 INFO src.capture: Last decoded tokens: [' performance', ' was', ' impressive']
2025-12-29 16:16:39,764 INFO src.capture: Last token ids: [2854, 373, 1913]
2025-12-29 16:16:39,764 INFO src.capture: Last decoded tokens: [' performance', ' was', ' strong']
2025-12-29 16:16:39,790 INFO src.capture: Last token ids: [2854, 373, 6275]
2025-12-29 16:16:39,790 INFO src.capture: Last decoded tokens: [' performance', ' was', ' excellent']
2025-12-29 16:16:39,817 INFO src.capture: Last token ids: [2854, 373, 9623]
2025-12-29 16:16:39,817 INFO src.capture: Last decoded tokens: [' performance', ' was', ' fantastic']
2025-12-29 16:16:39,843 INFO src.capture: Last token ids: [2854, 373, 11660]
2025-12-29 16:16:39,843 INFO src.capture: Last decoded tokens: [' performance', ' was', ' outstanding']
2025-12-29 16:16:39,869 INFO src.capture: Last token ids: [2854, 373, 15313]
2025-12-29 16:16:39,870 INFO src.capture: Last decoded tokens: [' performance', ' was', ' exceptional']
2025-12-29 16:16:39,897 INFO src.capture: Last token ids: [2854, 373, 11004]
2025-12-29 16:16:39,897 INFO src.capture: Last decoded tokens: [' performance', ' was', ' remarkable']
2025-12-29 16:16:39,925 INFO src.capture: Last token ids: [2854, 373, 21840]
2025-12-29 16:16:39,925 INFO src.capture: Last decoded tokens: [' performance', ' was', ' superb']
2025-12-29 16:16:39,952 INFO src.capture: Last token ids: [450, 893, 7617]
2025-12-29 16:16:39,952 INFO src.capture: Last decoded tokens: [' ab', 'ys', 'mal']
2025-12-29 16:16:39,979 INFO src.capture: Last token ids: [3947, 38324, 4680]
2025-12-29 16:16:39,979 INFO src.capture: Last decoded tokens: [' seemed', ' atro', 'cious']
2025-12-29 16:16:40,011 INFO src.capture: Last token ids: [4069, 3947, 12659]
2025-12-29 16:16:40,011 INFO src.capture: Last decoded tokens: [' behavior', ' seemed', ' awful']
2025-12-29 16:16:40,036 INFO src.capture: Last token ids: [4069, 3947, 7818]
2025-12-29 16:16:40,037 INFO src.capture: Last decoded tokens: [' behavior', ' seemed', ' terrible']
2025-12-29 16:16:40,064 INFO src.capture: Last token ids: [4069, 3947, 12361]
2025-12-29 16:16:40,064 INFO src.capture: Last decoded tokens: [' behavior', ' seemed', ' horrible']
2025-12-29 16:16:40,091 INFO src.capture: Last token ids: [4069, 3947, 35483]
2025-12-29 16:16:40,091 INFO src.capture: Last decoded tokens: [' behavior', ' seemed', ' dreadful']
2025-12-29 16:16:40,118 INFO src.capture: Last token ids: [4069, 3947, 2089]
2025-12-29 16:16:40,118 INFO src.capture: Last decoded tokens: [' behavior', ' seemed', ' bad']
2025-12-29 16:16:40,144 INFO src.capture: Last token ids: [4069, 3947, 3595]
2025-12-29 16:16:40,144 INFO src.capture: Last decoded tokens: [' behavior', ' seemed', ' poor']
2025-12-29 16:16:40,172 INFO src.capture: Last token ids: [4069, 3947, 4939]
2025-12-29 16:16:40,172 INFO src.capture: Last decoded tokens: [' behavior', ' seemed', ' weak']
2025-12-29 16:16:40,202 INFO src.capture: Last token ids: [4069, 3947, 29956]
2025-12-29 16:16:40,202 INFO src.capture: Last decoded tokens: [' behavior', ' seemed', ' mediocre']
2025-12-29 16:16:40,229 INFO src.capture: Last token ids: [3947, 555, 24194]
2025-12-29 16:16:40,230 INFO src.capture: Last decoded tokens: [' seemed', ' un', 'inspired']
2025-12-29 16:16:40,257 INFO src.capture: Last token ids: [4069, 3947, 50146]
2025-12-29 16:16:40,257 INFO src.capture: Last decoded tokens: [' behavior', ' seemed', ' lackluster']
2025-12-29 16:16:40,286 INFO src.capture: Last token ids: [4069, 3947, 8788]
2025-12-29 16:16:40,286 INFO src.capture: Last decoded tokens: [' behavior', ' seemed', ' okay']
2025-12-29 16:16:40,313 INFO src.capture: Last token ids: [4069, 3947, 3734]
2025-12-29 16:16:40,313 INFO src.capture: Last decoded tokens: [' behavior', ' seemed', ' fine']
2025-12-29 16:16:40,341 INFO src.capture: Last token ids: [4069, 3947, 2811]
2025-12-29 16:16:40,341 INFO src.capture: Last decoded tokens: [' behavior', ' seemed', ' average']
2025-12-29 16:16:40,373 INFO src.capture: Last token ids: [4069, 3947, 7709]
2025-12-29 16:16:40,374 INFO src.capture: Last decoded tokens: [' behavior', ' seemed', ' decent']
2025-12-29 16:16:40,403 INFO src.capture: Last token ids: [4069, 3947, 4735]
2025-12-29 16:16:40,403 INFO src.capture: Last decoded tokens: [' behavior', ' seemed', ' solid']
2025-12-29 16:16:40,432 INFO src.capture: Last token ids: [4069, 3947, 15497]
2025-12-29 16:16:40,432 INFO src.capture: Last decoded tokens: [' behavior', ' seemed', ' pleasant']
2025-12-29 16:16:40,462 INFO src.capture: Last token ids: [4069, 3947, 922]
2025-12-29 16:16:40,462 INFO src.capture: Last decoded tokens: [' behavior', ' seemed', ' good']
2025-12-29 16:16:40,491 INFO src.capture: Last token ids: [4069, 3947, 20050]
2025-12-29 16:16:40,492 INFO src.capture: Last decoded tokens: [' behavior', ' seemed', ' enjoyable']
2025-12-29 16:16:40,521 INFO src.capture: Last token ids: [4069, 3947, 19201]
2025-12-29 16:16:40,521 INFO src.capture: Last decoded tokens: [' behavior', ' seemed', ' satisfying']
2025-12-29 16:16:40,550 INFO src.capture: Last token ids: [4069, 3947, 1049]
2025-12-29 16:16:40,550 INFO src.capture: Last decoded tokens: [' behavior', ' seemed', ' great']
2025-12-29 16:16:40,580 INFO src.capture: Last token ids: [4069, 3947, 8036]
2025-12-29 16:16:40,581 INFO src.capture: Last decoded tokens: [' behavior', ' seemed', ' impressive']
2025-12-29 16:16:40,609 INFO src.capture: Last token ids: [4069, 3947, 1913]
2025-12-29 16:16:40,609 INFO src.capture: Last decoded tokens: [' behavior', ' seemed', ' strong']
2025-12-29 16:16:40,639 INFO src.capture: Last token ids: [4069, 3947, 6275]
2025-12-29 16:16:40,640 INFO src.capture: Last decoded tokens: [' behavior', ' seemed', ' excellent']
2025-12-29 16:16:40,667 INFO src.capture: Last token ids: [4069, 3947, 9623]
2025-12-29 16:16:40,667 INFO src.capture: Last decoded tokens: [' behavior', ' seemed', ' fantastic']
2025-12-29 16:16:40,696 INFO src.capture: Last token ids: [4069, 3947, 11660]
2025-12-29 16:16:40,696 INFO src.capture: Last decoded tokens: [' behavior', ' seemed', ' outstanding']
2025-12-29 16:16:40,723 INFO src.capture: Last token ids: [4069, 3947, 15313]
2025-12-29 16:16:40,723 INFO src.capture: Last decoded tokens: [' behavior', ' seemed', ' exceptional']
2025-12-29 16:16:40,751 INFO src.capture: Last token ids: [4069, 3947, 11004]
2025-12-29 16:16:40,751 INFO src.capture: Last decoded tokens: [' behavior', ' seemed', ' remarkable']
2025-12-29 16:16:40,779 INFO src.capture: Last token ids: [4069, 3947, 21840]
2025-12-29 16:16:40,779 INFO src.capture: Last decoded tokens: [' behavior', ' seemed', ' superb']
2025-12-29 16:16:40,807 INFO src.capture: Last token ids: [450, 893, 7617]
2025-12-29 16:16:40,807 INFO src.capture: Last decoded tokens: [' ab', 'ys', 'mal']
2025-12-29 16:16:40,834 INFO src.capture: Last token ids: [373, 38324, 4680]
2025-12-29 16:16:40,835 INFO src.capture: Last decoded tokens: [' was', ' atro', 'cious']
2025-12-29 16:16:40,864 INFO src.capture: Last token ids: [2882, 373, 12659]
2025-12-29 16:16:40,865 INFO src.capture: Last decoded tokens: [' response', ' was', ' awful']
2025-12-29 16:16:40,893 INFO src.capture: Last token ids: [2882, 373, 7818]
2025-12-29 16:16:40,893 INFO src.capture: Last decoded tokens: [' response', ' was', ' terrible']
2025-12-29 16:16:40,921 INFO src.capture: Last token ids: [2882, 373, 12361]
2025-12-29 16:16:40,921 INFO src.capture: Last decoded tokens: [' response', ' was', ' horrible']
2025-12-29 16:16:40,948 INFO src.capture: Last token ids: [2882, 373, 35483]
2025-12-29 16:16:40,948 INFO src.capture: Last decoded tokens: [' response', ' was', ' dreadful']
2025-12-29 16:16:40,975 INFO src.capture: Last token ids: [2882, 373, 2089]
2025-12-29 16:16:40,975 INFO src.capture: Last decoded tokens: [' response', ' was', ' bad']
2025-12-29 16:16:41,001 INFO src.capture: Last token ids: [2882, 373, 3595]
2025-12-29 16:16:41,001 INFO src.capture: Last decoded tokens: [' response', ' was', ' poor']
2025-12-29 16:16:41,028 INFO src.capture: Last token ids: [2882, 373, 4939]
2025-12-29 16:16:41,028 INFO src.capture: Last decoded tokens: [' response', ' was', ' weak']
2025-12-29 16:16:41,055 INFO src.capture: Last token ids: [2882, 373, 29956]
2025-12-29 16:16:41,055 INFO src.capture: Last decoded tokens: [' response', ' was', ' mediocre']
2025-12-29 16:16:41,083 INFO src.capture: Last token ids: [373, 555, 24194]
2025-12-29 16:16:41,084 INFO src.capture: Last decoded tokens: [' was', ' un', 'inspired']
2025-12-29 16:16:41,111 INFO src.capture: Last token ids: [2882, 373, 50146]
2025-12-29 16:16:41,111 INFO src.capture: Last decoded tokens: [' response', ' was', ' lackluster']
2025-12-29 16:16:41,139 INFO src.capture: Last token ids: [2882, 373, 8788]
2025-12-29 16:16:41,139 INFO src.capture: Last decoded tokens: [' response', ' was', ' okay']
2025-12-29 16:16:41,166 INFO src.capture: Last token ids: [2882, 373, 3734]
2025-12-29 16:16:41,166 INFO src.capture: Last decoded tokens: [' response', ' was', ' fine']
2025-12-29 16:16:41,194 INFO src.capture: Last token ids: [2882, 373, 2811]
2025-12-29 16:16:41,194 INFO src.capture: Last decoded tokens: [' response', ' was', ' average']
2025-12-29 16:16:41,224 INFO src.capture: Last token ids: [2882, 373, 7709]
2025-12-29 16:16:41,224 INFO src.capture: Last decoded tokens: [' response', ' was', ' decent']
2025-12-29 16:16:41,251 INFO src.capture: Last token ids: [2882, 373, 4735]
2025-12-29 16:16:41,252 INFO src.capture: Last decoded tokens: [' response', ' was', ' solid']
2025-12-29 16:16:41,278 INFO src.capture: Last token ids: [2882, 373, 15497]
2025-12-29 16:16:41,278 INFO src.capture: Last decoded tokens: [' response', ' was', ' pleasant']
2025-12-29 16:16:41,305 INFO src.capture: Last token ids: [2882, 373, 922]
2025-12-29 16:16:41,306 INFO src.capture: Last decoded tokens: [' response', ' was', ' good']
2025-12-29 16:16:41,332 INFO src.capture: Last token ids: [2882, 373, 20050]
2025-12-29 16:16:41,332 INFO src.capture: Last decoded tokens: [' response', ' was', ' enjoyable']
2025-12-29 16:16:41,359 INFO src.capture: Last token ids: [2882, 373, 19201]
2025-12-29 16:16:41,360 INFO src.capture: Last decoded tokens: [' response', ' was', ' satisfying']
2025-12-29 16:16:41,388 INFO src.capture: Last token ids: [2882, 373, 1049]
2025-12-29 16:16:41,388 INFO src.capture: Last decoded tokens: [' response', ' was', ' great']
2025-12-29 16:16:41,416 INFO src.capture: Last token ids: [2882, 373, 8036]
2025-12-29 16:16:41,416 INFO src.capture: Last decoded tokens: [' response', ' was', ' impressive']
2025-12-29 16:16:41,444 INFO src.capture: Last token ids: [2882, 373, 1913]
2025-12-29 16:16:41,445 INFO src.capture: Last decoded tokens: [' response', ' was', ' strong']
2025-12-29 16:16:41,473 INFO src.capture: Last token ids: [2882, 373, 6275]
2025-12-29 16:16:41,473 INFO src.capture: Last decoded tokens: [' response', ' was', ' excellent']
2025-12-29 16:16:41,501 INFO src.capture: Last token ids: [2882, 373, 9623]
2025-12-29 16:16:41,501 INFO src.capture: Last decoded tokens: [' response', ' was', ' fantastic']
2025-12-29 16:16:41,530 INFO src.capture: Last token ids: [2882, 373, 11660]
2025-12-29 16:16:41,530 INFO src.capture: Last decoded tokens: [' response', ' was', ' outstanding']
2025-12-29 16:16:41,556 INFO src.capture: Last token ids: [2882, 373, 15313]
2025-12-29 16:16:41,557 INFO src.capture: Last decoded tokens: [' response', ' was', ' exceptional']
2025-12-29 16:16:41,585 INFO src.capture: Last token ids: [2882, 373, 11004]
2025-12-29 16:16:41,585 INFO src.capture: Last decoded tokens: [' response', ' was', ' remarkable']
2025-12-29 16:16:41,613 INFO src.capture: Last token ids: [2882, 373, 21840]
2025-12-29 16:16:41,613 INFO src.capture: Last decoded tokens: [' response', ' was', ' superb']
2025-12-29 16:16:41,640 INFO src.capture: Last token ids: [450, 893, 7617]
2025-12-29 16:16:41,640 INFO src.capture: Last decoded tokens: [' ab', 'ys', 'mal']
2025-12-29 16:16:41,669 INFO src.capture: Last token ids: [373, 38324, 4680]
2025-12-29 16:16:41,669 INFO src.capture: Last decoded tokens: [' was', ' atro', 'cious']
2025-12-29 16:16:41,696 INFO src.capture: Last token ids: [12660, 373, 12659]
2025-12-29 16:16:41,696 INFO src.capture: Last decoded tokens: [' evaluation', ' was', ' awful']
2025-12-29 16:16:41,722 INFO src.capture: Last token ids: [12660, 373, 7818]
2025-12-29 16:16:41,723 INFO src.capture: Last decoded tokens: [' evaluation', ' was', ' terrible']
2025-12-29 16:16:41,749 INFO src.capture: Last token ids: [12660, 373, 12361]
2025-12-29 16:16:41,749 INFO src.capture: Last decoded tokens: [' evaluation', ' was', ' horrible']
2025-12-29 16:16:41,775 INFO src.capture: Last token ids: [12660, 373, 35483]
2025-12-29 16:16:41,775 INFO src.capture: Last decoded tokens: [' evaluation', ' was', ' dreadful']
2025-12-29 16:16:41,802 INFO src.capture: Last token ids: [12660, 373, 2089]
2025-12-29 16:16:41,802 INFO src.capture: Last decoded tokens: [' evaluation', ' was', ' bad']
2025-12-29 16:16:41,829 INFO src.capture: Last token ids: [12660, 373, 3595]
2025-12-29 16:16:41,829 INFO src.capture: Last decoded tokens: [' evaluation', ' was', ' poor']
2025-12-29 16:16:41,857 INFO src.capture: Last token ids: [12660, 373, 4939]
2025-12-29 16:16:41,857 INFO src.capture: Last decoded tokens: [' evaluation', ' was', ' weak']
2025-12-29 16:16:41,885 INFO src.capture: Last token ids: [12660, 373, 29956]
2025-12-29 16:16:41,886 INFO src.capture: Last decoded tokens: [' evaluation', ' was', ' mediocre']
2025-12-29 16:16:41,914 INFO src.capture: Last token ids: [373, 555, 24194]
2025-12-29 16:16:41,914 INFO src.capture: Last decoded tokens: [' was', ' un', 'inspired']
2025-12-29 16:16:41,941 INFO src.capture: Last token ids: [12660, 373, 50146]
2025-12-29 16:16:41,941 INFO src.capture: Last decoded tokens: [' evaluation', ' was', ' lackluster']
2025-12-29 16:16:41,971 INFO src.capture: Last token ids: [12660, 373, 8788]
2025-12-29 16:16:41,971 INFO src.capture: Last decoded tokens: [' evaluation', ' was', ' okay']
2025-12-29 16:16:41,998 INFO src.capture: Last token ids: [12660, 373, 3734]
2025-12-29 16:16:41,998 INFO src.capture: Last decoded tokens: [' evaluation', ' was', ' fine']
2025-12-29 16:16:42,026 INFO src.capture: Last token ids: [12660, 373, 2811]
2025-12-29 16:16:42,026 INFO src.capture: Last decoded tokens: [' evaluation', ' was', ' average']
2025-12-29 16:16:42,054 INFO src.capture: Last token ids: [12660, 373, 7709]
2025-12-29 16:16:42,054 INFO src.capture: Last decoded tokens: [' evaluation', ' was', ' decent']
2025-12-29 16:16:42,084 INFO src.capture: Last token ids: [12660, 373, 4735]
2025-12-29 16:16:42,084 INFO src.capture: Last decoded tokens: [' evaluation', ' was', ' solid']
2025-12-29 16:16:42,114 INFO src.capture: Last token ids: [12660, 373, 15497]
2025-12-29 16:16:42,114 INFO src.capture: Last decoded tokens: [' evaluation', ' was', ' pleasant']
2025-12-29 16:16:42,145 INFO src.capture: Last token ids: [12660, 373, 922]
2025-12-29 16:16:42,146 INFO src.capture: Last decoded tokens: [' evaluation', ' was', ' good']
2025-12-29 16:16:42,174 INFO src.capture: Last token ids: [12660, 373, 20050]
2025-12-29 16:16:42,175 INFO src.capture: Last decoded tokens: [' evaluation', ' was', ' enjoyable']
2025-12-29 16:16:42,204 INFO src.capture: Last token ids: [12660, 373, 19201]
2025-12-29 16:16:42,204 INFO src.capture: Last decoded tokens: [' evaluation', ' was', ' satisfying']
2025-12-29 16:16:42,232 INFO src.capture: Last token ids: [12660, 373, 1049]
2025-12-29 16:16:42,232 INFO src.capture: Last decoded tokens: [' evaluation', ' was', ' great']
2025-12-29 16:16:42,261 INFO src.capture: Last token ids: [12660, 373, 8036]
2025-12-29 16:16:42,261 INFO src.capture: Last decoded tokens: [' evaluation', ' was', ' impressive']
2025-12-29 16:16:42,289 INFO src.capture: Last token ids: [12660, 373, 1913]
2025-12-29 16:16:42,290 INFO src.capture: Last decoded tokens: [' evaluation', ' was', ' strong']
2025-12-29 16:16:42,325 INFO src.capture: Last token ids: [12660, 373, 6275]
2025-12-29 16:16:42,325 INFO src.capture: Last decoded tokens: [' evaluation', ' was', ' excellent']
2025-12-29 16:16:42,355 INFO src.capture: Last token ids: [12660, 373, 9623]
2025-12-29 16:16:42,355 INFO src.capture: Last decoded tokens: [' evaluation', ' was', ' fantastic']
2025-12-29 16:16:42,387 INFO src.capture: Last token ids: [12660, 373, 11660]
2025-12-29 16:16:42,387 INFO src.capture: Last decoded tokens: [' evaluation', ' was', ' outstanding']
2025-12-29 16:16:42,419 INFO src.capture: Last token ids: [12660, 373, 15313]
2025-12-29 16:16:42,419 INFO src.capture: Last decoded tokens: [' evaluation', ' was', ' exceptional']
2025-12-29 16:16:42,449 INFO src.capture: Last token ids: [12660, 373, 11004]
2025-12-29 16:16:42,450 INFO src.capture: Last decoded tokens: [' evaluation', ' was', ' remarkable']
2025-12-29 16:16:42,477 INFO src.capture: Last token ids: [12660, 373, 21840]
2025-12-29 16:16:42,478 INFO src.capture: Last decoded tokens: [' evaluation', ' was', ' superb']
2025-12-29 16:16:42,506 INFO src.capture: Last token ids: [450, 893, 7617]
2025-12-29 16:16:42,506 INFO src.capture: Last decoded tokens: [' ab', 'ys', 'mal']
2025-12-29 16:16:42,536 INFO src.capture: Last token ids: [373, 38324, 4680]
2025-12-29 16:16:42,536 INFO src.capture: Last decoded tokens: [' was', ' atro', 'cious']
2025-12-29 16:16:42,570 INFO src.capture: Last token ids: [10647, 373, 12659]
2025-12-29 16:16:42,570 INFO src.capture: Last decoded tokens: [' impression', ' was', ' awful']
2025-12-29 16:16:42,602 INFO src.capture: Last token ids: [10647, 373, 7818]
2025-12-29 16:16:42,602 INFO src.capture: Last decoded tokens: [' impression', ' was', ' terrible']
2025-12-29 16:16:42,633 INFO src.capture: Last token ids: [10647, 373, 12361]
2025-12-29 16:16:42,633 INFO src.capture: Last decoded tokens: [' impression', ' was', ' horrible']
2025-12-29 16:16:42,663 INFO src.capture: Last token ids: [10647, 373, 35483]
2025-12-29 16:16:42,663 INFO src.capture: Last decoded tokens: [' impression', ' was', ' dreadful']
2025-12-29 16:16:42,694 INFO src.capture: Last token ids: [10647, 373, 2089]
2025-12-29 16:16:42,694 INFO src.capture: Last decoded tokens: [' impression', ' was', ' bad']
2025-12-29 16:16:42,722 INFO src.capture: Last token ids: [10647, 373, 3595]
2025-12-29 16:16:42,722 INFO src.capture: Last decoded tokens: [' impression', ' was', ' poor']
2025-12-29 16:16:42,752 INFO src.capture: Last token ids: [10647, 373, 4939]
2025-12-29 16:16:42,752 INFO src.capture: Last decoded tokens: [' impression', ' was', ' weak']
2025-12-29 16:16:42,782 INFO src.capture: Last token ids: [10647, 373, 29956]
2025-12-29 16:16:42,782 INFO src.capture: Last decoded tokens: [' impression', ' was', ' mediocre']
2025-12-29 16:16:42,814 INFO src.capture: Last token ids: [373, 555, 24194]
2025-12-29 16:16:42,814 INFO src.capture: Last decoded tokens: [' was', ' un', 'inspired']
2025-12-29 16:16:42,844 INFO src.capture: Last token ids: [10647, 373, 50146]
2025-12-29 16:16:42,844 INFO src.capture: Last decoded tokens: [' impression', ' was', ' lackluster']
2025-12-29 16:16:42,879 INFO src.capture: Last token ids: [10647, 373, 8788]
2025-12-29 16:16:42,879 INFO src.capture: Last decoded tokens: [' impression', ' was', ' okay']
2025-12-29 16:16:42,913 INFO src.capture: Last token ids: [10647, 373, 3734]
2025-12-29 16:16:42,913 INFO src.capture: Last decoded tokens: [' impression', ' was', ' fine']
2025-12-29 16:16:42,949 INFO src.capture: Last token ids: [10647, 373, 2811]
2025-12-29 16:16:42,950 INFO src.capture: Last decoded tokens: [' impression', ' was', ' average']
2025-12-29 16:16:42,979 INFO src.capture: Last token ids: [10647, 373, 7709]
2025-12-29 16:16:42,979 INFO src.capture: Last decoded tokens: [' impression', ' was', ' decent']
2025-12-29 16:16:43,010 INFO src.capture: Last token ids: [10647, 373, 4735]
2025-12-29 16:16:43,010 INFO src.capture: Last decoded tokens: [' impression', ' was', ' solid']
2025-12-29 16:16:43,038 INFO src.capture: Last token ids: [10647, 373, 15497]
2025-12-29 16:16:43,038 INFO src.capture: Last decoded tokens: [' impression', ' was', ' pleasant']
2025-12-29 16:16:43,066 INFO src.capture: Last token ids: [10647, 373, 922]
2025-12-29 16:16:43,066 INFO src.capture: Last decoded tokens: [' impression', ' was', ' good']
2025-12-29 16:16:43,096 INFO src.capture: Last token ids: [10647, 373, 20050]
2025-12-29 16:16:43,096 INFO src.capture: Last decoded tokens: [' impression', ' was', ' enjoyable']
2025-12-29 16:16:43,126 INFO src.capture: Last token ids: [10647, 373, 19201]
2025-12-29 16:16:43,126 INFO src.capture: Last decoded tokens: [' impression', ' was', ' satisfying']
2025-12-29 16:16:43,153 INFO src.capture: Last token ids: [10647, 373, 1049]
2025-12-29 16:16:43,153 INFO src.capture: Last decoded tokens: [' impression', ' was', ' great']
2025-12-29 16:16:43,182 INFO src.capture: Last token ids: [10647, 373, 8036]
2025-12-29 16:16:43,183 INFO src.capture: Last decoded tokens: [' impression', ' was', ' impressive']
2025-12-29 16:16:43,212 INFO src.capture: Last token ids: [10647, 373, 1913]
2025-12-29 16:16:43,212 INFO src.capture: Last decoded tokens: [' impression', ' was', ' strong']
2025-12-29 16:16:43,243 INFO src.capture: Last token ids: [10647, 373, 6275]
2025-12-29 16:16:43,243 INFO src.capture: Last decoded tokens: [' impression', ' was', ' excellent']
2025-12-29 16:16:43,271 INFO src.capture: Last token ids: [10647, 373, 9623]
2025-12-29 16:16:43,271 INFO src.capture: Last decoded tokens: [' impression', ' was', ' fantastic']
2025-12-29 16:16:43,299 INFO src.capture: Last token ids: [10647, 373, 11660]
2025-12-29 16:16:43,299 INFO src.capture: Last decoded tokens: [' impression', ' was', ' outstanding']
2025-12-29 16:16:43,328 INFO src.capture: Last token ids: [10647, 373, 15313]
2025-12-29 16:16:43,328 INFO src.capture: Last decoded tokens: [' impression', ' was', ' exceptional']
2025-12-29 16:16:43,357 INFO src.capture: Last token ids: [10647, 373, 11004]
2025-12-29 16:16:43,357 INFO src.capture: Last decoded tokens: [' impression', ' was', ' remarkable']
2025-12-29 16:16:43,387 INFO src.capture: Last token ids: [10647, 373, 21840]
2025-12-29 16:16:43,387 INFO src.capture: Last decoded tokens: [' impression', ' was', ' superb']
2025-12-29 16:16:43,418 INFO src.capture: Last token ids: [450, 893, 7617]
2025-12-29 16:16:43,418 INFO src.capture: Last decoded tokens: [' ab', 'ys', 'mal']
2025-12-29 16:16:43,449 INFO src.capture: Last token ids: [373, 38324, 4680]
2025-12-29 16:16:43,450 INFO src.capture: Last decoded tokens: [' was', ' atro', 'cious']
2025-12-29 16:16:43,485 INFO src.capture: Last token ids: [8922, 373, 12659]
2025-12-29 16:16:43,485 INFO src.capture: Last decoded tokens: [' assessment', ' was', ' awful']
2025-12-29 16:16:43,516 INFO src.capture: Last token ids: [8922, 373, 7818]
2025-12-29 16:16:43,517 INFO src.capture: Last decoded tokens: [' assessment', ' was', ' terrible']
2025-12-29 16:16:43,545 INFO src.capture: Last token ids: [8922, 373, 12361]
2025-12-29 16:16:43,545 INFO src.capture: Last decoded tokens: [' assessment', ' was', ' horrible']
2025-12-29 16:16:43,579 INFO src.capture: Last token ids: [8922, 373, 35483]
2025-12-29 16:16:43,579 INFO src.capture: Last decoded tokens: [' assessment', ' was', ' dreadful']
2025-12-29 16:16:43,614 INFO src.capture: Last token ids: [8922, 373, 2089]
2025-12-29 16:16:43,614 INFO src.capture: Last decoded tokens: [' assessment', ' was', ' bad']
2025-12-29 16:16:43,646 INFO src.capture: Last token ids: [8922, 373, 3595]
2025-12-29 16:16:43,647 INFO src.capture: Last decoded tokens: [' assessment', ' was', ' poor']
2025-12-29 16:16:43,679 INFO src.capture: Last token ids: [8922, 373, 4939]
2025-12-29 16:16:43,680 INFO src.capture: Last decoded tokens: [' assessment', ' was', ' weak']
2025-12-29 16:16:43,708 INFO src.capture: Last token ids: [8922, 373, 29956]
2025-12-29 16:16:43,708 INFO src.capture: Last decoded tokens: [' assessment', ' was', ' mediocre']
2025-12-29 16:16:43,739 INFO src.capture: Last token ids: [373, 555, 24194]
2025-12-29 16:16:43,739 INFO src.capture: Last decoded tokens: [' was', ' un', 'inspired']
2025-12-29 16:16:43,770 INFO src.capture: Last token ids: [8922, 373, 50146]
2025-12-29 16:16:43,770 INFO src.capture: Last decoded tokens: [' assessment', ' was', ' lackluster']
2025-12-29 16:16:43,802 INFO src.capture: Last token ids: [8922, 373, 8788]
2025-12-29 16:16:43,802 INFO src.capture: Last decoded tokens: [' assessment', ' was', ' okay']
2025-12-29 16:16:43,831 INFO src.capture: Last token ids: [8922, 373, 3734]
2025-12-29 16:16:43,831 INFO src.capture: Last decoded tokens: [' assessment', ' was', ' fine']
2025-12-29 16:16:43,867 INFO src.capture: Last token ids: [8922, 373, 2811]
2025-12-29 16:16:43,867 INFO src.capture: Last decoded tokens: [' assessment', ' was', ' average']
2025-12-29 16:16:43,897 INFO src.capture: Last token ids: [8922, 373, 7709]
2025-12-29 16:16:43,897 INFO src.capture: Last decoded tokens: [' assessment', ' was', ' decent']
2025-12-29 16:16:43,926 INFO src.capture: Last token ids: [8922, 373, 4735]
2025-12-29 16:16:43,926 INFO src.capture: Last decoded tokens: [' assessment', ' was', ' solid']
2025-12-29 16:16:43,954 INFO src.capture: Last token ids: [8922, 373, 15497]
2025-12-29 16:16:43,954 INFO src.capture: Last decoded tokens: [' assessment', ' was', ' pleasant']
2025-12-29 16:16:43,985 INFO src.capture: Last token ids: [8922, 373, 922]
2025-12-29 16:16:43,986 INFO src.capture: Last decoded tokens: [' assessment', ' was', ' good']
2025-12-29 16:16:44,014 INFO src.capture: Last token ids: [8922, 373, 20050]
2025-12-29 16:16:44,014 INFO src.capture: Last decoded tokens: [' assessment', ' was', ' enjoyable']
2025-12-29 16:16:44,044 INFO src.capture: Last token ids: [8922, 373, 19201]
2025-12-29 16:16:44,044 INFO src.capture: Last decoded tokens: [' assessment', ' was', ' satisfying']
2025-12-29 16:16:44,073 INFO src.capture: Last token ids: [8922, 373, 1049]
2025-12-29 16:16:44,073 INFO src.capture: Last decoded tokens: [' assessment', ' was', ' great']
2025-12-29 16:16:44,102 INFO src.capture: Last token ids: [8922, 373, 8036]
2025-12-29 16:16:44,103 INFO src.capture: Last decoded tokens: [' assessment', ' was', ' impressive']
2025-12-29 16:16:44,131 INFO src.capture: Last token ids: [8922, 373, 1913]
2025-12-29 16:16:44,131 INFO src.capture: Last decoded tokens: [' assessment', ' was', ' strong']
2025-12-29 16:16:44,162 INFO src.capture: Last token ids: [8922, 373, 6275]
2025-12-29 16:16:44,162 INFO src.capture: Last decoded tokens: [' assessment', ' was', ' excellent']
2025-12-29 16:16:44,192 INFO src.capture: Last token ids: [8922, 373, 9623]
2025-12-29 16:16:44,192 INFO src.capture: Last decoded tokens: [' assessment', ' was', ' fantastic']
2025-12-29 16:16:44,222 INFO src.capture: Last token ids: [8922, 373, 11660]
2025-12-29 16:16:44,222 INFO src.capture: Last decoded tokens: [' assessment', ' was', ' outstanding']
2025-12-29 16:16:44,251 INFO src.capture: Last token ids: [8922, 373, 15313]
2025-12-29 16:16:44,251 INFO src.capture: Last decoded tokens: [' assessment', ' was', ' exceptional']
2025-12-29 16:16:44,279 INFO src.capture: Last token ids: [8922, 373, 11004]
2025-12-29 16:16:44,280 INFO src.capture: Last decoded tokens: [' assessment', ' was', ' remarkable']
2025-12-29 16:16:44,311 INFO src.capture: Last token ids: [8922, 373, 21840]
2025-12-29 16:16:44,311 INFO src.capture: Last decoded tokens: [' assessment', ' was', ' superb']
2025-12-29 16:31:39,502 INFO src.capture: Last token ids: [450, 893, 7617]
2025-12-29 16:31:39,502 INFO src.capture: Last decoded tokens: [' ab', 'ys', 'mal']
2025-12-29 16:31:40,659 INFO src.capture: Last token ids: [373, 38324, 4680]
2025-12-29 16:31:40,659 INFO src.capture: Last decoded tokens: [' was', ' atro', 'cious']
2025-12-29 16:31:40,783 INFO src.capture: Last token ids: [1998, 373, 12659]
2025-12-29 16:31:40,783 INFO src.capture: Last decoded tokens: [' experience', ' was', ' awful']
2025-12-29 16:31:40,896 INFO src.capture: Last token ids: [1998, 373, 7818]
2025-12-29 16:31:40,896 INFO src.capture: Last decoded tokens: [' experience', ' was', ' terrible']
2025-12-29 16:31:40,926 INFO src.capture: Last token ids: [1998, 373, 12361]
2025-12-29 16:31:40,926 INFO src.capture: Last decoded tokens: [' experience', ' was', ' horrible']
2025-12-29 16:31:40,957 INFO src.capture: Last token ids: [1998, 373, 35483]
2025-12-29 16:31:40,957 INFO src.capture: Last decoded tokens: [' experience', ' was', ' dreadful']
2025-12-29 16:31:40,985 INFO src.capture: Last token ids: [1998, 373, 2089]
2025-12-29 16:31:40,985 INFO src.capture: Last decoded tokens: [' experience', ' was', ' bad']
2025-12-29 16:31:41,013 INFO src.capture: Last token ids: [1998, 373, 3595]
2025-12-29 16:31:41,013 INFO src.capture: Last decoded tokens: [' experience', ' was', ' poor']
2025-12-29 16:31:41,043 INFO src.capture: Last token ids: [1998, 373, 4939]
2025-12-29 16:31:41,043 INFO src.capture: Last decoded tokens: [' experience', ' was', ' weak']
2025-12-29 16:31:41,072 INFO src.capture: Last token ids: [1998, 373, 29956]
2025-12-29 16:31:41,072 INFO src.capture: Last decoded tokens: [' experience', ' was', ' mediocre']
2025-12-29 16:31:41,099 INFO src.capture: Last token ids: [373, 555, 24194]
2025-12-29 16:31:41,100 INFO src.capture: Last decoded tokens: [' was', ' un', 'inspired']
2025-12-29 16:31:41,127 INFO src.capture: Last token ids: [1998, 373, 50146]
2025-12-29 16:31:41,127 INFO src.capture: Last decoded tokens: [' experience', ' was', ' lackluster']
2025-12-29 16:31:41,156 INFO src.capture: Last token ids: [1998, 373, 8788]
2025-12-29 16:31:41,156 INFO src.capture: Last decoded tokens: [' experience', ' was', ' okay']
2025-12-29 16:31:41,183 INFO src.capture: Last token ids: [1998, 373, 3734]
2025-12-29 16:31:41,183 INFO src.capture: Last decoded tokens: [' experience', ' was', ' fine']
2025-12-29 16:31:41,210 INFO src.capture: Last token ids: [1998, 373, 2811]
2025-12-29 16:31:41,210 INFO src.capture: Last decoded tokens: [' experience', ' was', ' average']
2025-12-29 16:31:41,238 INFO src.capture: Last token ids: [1998, 373, 7709]
2025-12-29 16:31:41,238 INFO src.capture: Last decoded tokens: [' experience', ' was', ' decent']
2025-12-29 16:31:41,268 INFO src.capture: Last token ids: [1998, 373, 4735]
2025-12-29 16:31:41,268 INFO src.capture: Last decoded tokens: [' experience', ' was', ' solid']
2025-12-29 16:31:41,294 INFO src.capture: Last token ids: [1998, 373, 15497]
2025-12-29 16:31:41,295 INFO src.capture: Last decoded tokens: [' experience', ' was', ' pleasant']
2025-12-29 16:31:41,324 INFO src.capture: Last token ids: [1998, 373, 922]
2025-12-29 16:31:41,324 INFO src.capture: Last decoded tokens: [' experience', ' was', ' good']
2025-12-29 16:31:41,353 INFO src.capture: Last token ids: [1998, 373, 20050]
2025-12-29 16:31:41,353 INFO src.capture: Last decoded tokens: [' experience', ' was', ' enjoyable']
2025-12-29 16:31:41,382 INFO src.capture: Last token ids: [1998, 373, 19201]
2025-12-29 16:31:41,382 INFO src.capture: Last decoded tokens: [' experience', ' was', ' satisfying']
2025-12-29 16:31:41,408 INFO src.capture: Last token ids: [1998, 373, 1049]
2025-12-29 16:31:41,408 INFO src.capture: Last decoded tokens: [' experience', ' was', ' great']
2025-12-29 16:31:41,437 INFO src.capture: Last token ids: [1998, 373, 8036]
2025-12-29 16:31:41,438 INFO src.capture: Last decoded tokens: [' experience', ' was', ' impressive']
2025-12-29 16:31:41,464 INFO src.capture: Last token ids: [1998, 373, 1913]
2025-12-29 16:31:41,465 INFO src.capture: Last decoded tokens: [' experience', ' was', ' strong']
2025-12-29 16:31:41,494 INFO src.capture: Last token ids: [1998, 373, 6275]
2025-12-29 16:31:41,495 INFO src.capture: Last decoded tokens: [' experience', ' was', ' excellent']
2025-12-29 16:31:41,522 INFO src.capture: Last token ids: [1998, 373, 9623]
2025-12-29 16:31:41,522 INFO src.capture: Last decoded tokens: [' experience', ' was', ' fantastic']
2025-12-29 16:31:41,554 INFO src.capture: Last token ids: [1998, 373, 11660]
2025-12-29 16:31:41,554 INFO src.capture: Last decoded tokens: [' experience', ' was', ' outstanding']
2025-12-29 16:31:41,582 INFO src.capture: Last token ids: [1998, 373, 15313]
2025-12-29 16:31:41,583 INFO src.capture: Last decoded tokens: [' experience', ' was', ' exceptional']
2025-12-29 16:31:41,613 INFO src.capture: Last token ids: [1998, 373, 11004]
2025-12-29 16:31:41,613 INFO src.capture: Last decoded tokens: [' experience', ' was', ' remarkable']
2025-12-29 16:31:41,641 INFO src.capture: Last token ids: [1998, 373, 21840]
2025-12-29 16:31:41,641 INFO src.capture: Last decoded tokens: [' experience', ' was', ' superb']
2025-12-29 16:31:41,670 INFO src.capture: Last token ids: [450, 893, 7617]
2025-12-29 16:31:41,670 INFO src.capture: Last decoded tokens: [' ab', 'ys', 'mal']
2025-12-29 16:31:41,699 INFO src.capture: Last token ids: [2936, 38324, 4680]
2025-12-29 16:31:41,699 INFO src.capture: Last decoded tokens: [' felt', ' atro', 'cious']
2025-12-29 16:31:41,729 INFO src.capture: Last token ids: [8055, 2936, 12659]
2025-12-29 16:31:41,730 INFO src.capture: Last decoded tokens: [' outcome', ' felt', ' awful']
2025-12-29 16:31:41,838 INFO src.capture: Last token ids: [8055, 2936, 7818]
2025-12-29 16:31:41,838 INFO src.capture: Last decoded tokens: [' outcome', ' felt', ' terrible']
2025-12-29 16:31:41,867 INFO src.capture: Last token ids: [8055, 2936, 12361]
2025-12-29 16:31:41,868 INFO src.capture: Last decoded tokens: [' outcome', ' felt', ' horrible']
2025-12-29 16:31:41,894 INFO src.capture: Last token ids: [8055, 2936, 35483]
2025-12-29 16:31:41,895 INFO src.capture: Last decoded tokens: [' outcome', ' felt', ' dreadful']
2025-12-29 16:31:41,921 INFO src.capture: Last token ids: [8055, 2936, 2089]
2025-12-29 16:31:41,921 INFO src.capture: Last decoded tokens: [' outcome', ' felt', ' bad']
2025-12-29 16:31:41,948 INFO src.capture: Last token ids: [8055, 2936, 3595]
2025-12-29 16:31:41,948 INFO src.capture: Last decoded tokens: [' outcome', ' felt', ' poor']
2025-12-29 16:31:41,977 INFO src.capture: Last token ids: [8055, 2936, 4939]
2025-12-29 16:31:41,977 INFO src.capture: Last decoded tokens: [' outcome', ' felt', ' weak']
2025-12-29 16:31:42,004 INFO src.capture: Last token ids: [8055, 2936, 29956]
2025-12-29 16:31:42,004 INFO src.capture: Last decoded tokens: [' outcome', ' felt', ' mediocre']
2025-12-29 16:31:42,031 INFO src.capture: Last token ids: [2936, 555, 24194]
2025-12-29 16:31:42,031 INFO src.capture: Last decoded tokens: [' felt', ' un', 'inspired']
2025-12-29 16:31:42,059 INFO src.capture: Last token ids: [8055, 2936, 50146]
2025-12-29 16:31:42,059 INFO src.capture: Last decoded tokens: [' outcome', ' felt', ' lackluster']
2025-12-29 16:31:42,088 INFO src.capture: Last token ids: [8055, 2936, 8788]
2025-12-29 16:31:42,088 INFO src.capture: Last decoded tokens: [' outcome', ' felt', ' okay']
2025-12-29 16:31:42,115 INFO src.capture: Last token ids: [8055, 2936, 3734]
2025-12-29 16:31:42,115 INFO src.capture: Last decoded tokens: [' outcome', ' felt', ' fine']
2025-12-29 16:31:42,142 INFO src.capture: Last token ids: [8055, 2936, 2811]
2025-12-29 16:31:42,142 INFO src.capture: Last decoded tokens: [' outcome', ' felt', ' average']
2025-12-29 16:31:42,169 INFO src.capture: Last token ids: [8055, 2936, 7709]
2025-12-29 16:31:42,169 INFO src.capture: Last decoded tokens: [' outcome', ' felt', ' decent']
2025-12-29 16:31:42,197 INFO src.capture: Last token ids: [8055, 2936, 4735]
2025-12-29 16:31:42,198 INFO src.capture: Last decoded tokens: [' outcome', ' felt', ' solid']
2025-12-29 16:31:42,224 INFO src.capture: Last token ids: [8055, 2936, 15497]
2025-12-29 16:31:42,224 INFO src.capture: Last decoded tokens: [' outcome', ' felt', ' pleasant']
2025-12-29 16:31:42,251 INFO src.capture: Last token ids: [8055, 2936, 922]
2025-12-29 16:31:42,251 INFO src.capture: Last decoded tokens: [' outcome', ' felt', ' good']
2025-12-29 16:31:42,279 INFO src.capture: Last token ids: [8055, 2936, 20050]
2025-12-29 16:31:42,279 INFO src.capture: Last decoded tokens: [' outcome', ' felt', ' enjoyable']
2025-12-29 16:31:42,306 INFO src.capture: Last token ids: [8055, 2936, 19201]
2025-12-29 16:31:42,306 INFO src.capture: Last decoded tokens: [' outcome', ' felt', ' satisfying']
2025-12-29 16:31:42,333 INFO src.capture: Last token ids: [8055, 2936, 1049]
2025-12-29 16:31:42,333 INFO src.capture: Last decoded tokens: [' outcome', ' felt', ' great']
2025-12-29 16:31:42,360 INFO src.capture: Last token ids: [8055, 2936, 8036]
2025-12-29 16:31:42,360 INFO src.capture: Last decoded tokens: [' outcome', ' felt', ' impressive']
2025-12-29 16:31:42,390 INFO src.capture: Last token ids: [8055, 2936, 1913]
2025-12-29 16:31:42,390 INFO src.capture: Last decoded tokens: [' outcome', ' felt', ' strong']
2025-12-29 16:31:42,421 INFO src.capture: Last token ids: [8055, 2936, 6275]
2025-12-29 16:31:42,421 INFO src.capture: Last decoded tokens: [' outcome', ' felt', ' excellent']
2025-12-29 16:31:42,451 INFO src.capture: Last token ids: [8055, 2936, 9623]
2025-12-29 16:31:42,451 INFO src.capture: Last decoded tokens: [' outcome', ' felt', ' fantastic']
2025-12-29 16:31:42,484 INFO src.capture: Last token ids: [8055, 2936, 11660]
2025-12-29 16:31:42,484 INFO src.capture: Last decoded tokens: [' outcome', ' felt', ' outstanding']
2025-12-29 16:31:42,511 INFO src.capture: Last token ids: [8055, 2936, 15313]
2025-12-29 16:31:42,511 INFO src.capture: Last decoded tokens: [' outcome', ' felt', ' exceptional']
2025-12-29 16:31:42,538 INFO src.capture: Last token ids: [8055, 2936, 11004]
2025-12-29 16:31:42,538 INFO src.capture: Last decoded tokens: [' outcome', ' felt', ' remarkable']
2025-12-29 16:31:42,567 INFO src.capture: Last token ids: [8055, 2936, 21840]
2025-12-29 16:31:42,567 INFO src.capture: Last decoded tokens: [' outcome', ' felt', ' superb']
2025-12-29 16:31:42,596 INFO src.capture: Last token ids: [450, 893, 7617]
2025-12-29 16:31:42,596 INFO src.capture: Last decoded tokens: [' ab', 'ys', 'mal']
2025-12-29 16:31:42,624 INFO src.capture: Last token ids: [373, 38324, 4680]
2025-12-29 16:31:42,624 INFO src.capture: Last decoded tokens: [' was', ' atro', 'cious']
2025-12-29 16:31:42,653 INFO src.capture: Last token ids: [1255, 373, 12659]
2025-12-29 16:31:42,654 INFO src.capture: Last decoded tokens: [' result', ' was', ' awful']
2025-12-29 16:31:42,682 INFO src.capture: Last token ids: [1255, 373, 7818]
2025-12-29 16:31:42,682 INFO src.capture: Last decoded tokens: [' result', ' was', ' terrible']
2025-12-29 16:31:42,711 INFO src.capture: Last token ids: [1255, 373, 12361]
2025-12-29 16:31:42,711 INFO src.capture: Last decoded tokens: [' result', ' was', ' horrible']
2025-12-29 16:31:42,738 INFO src.capture: Last token ids: [1255, 373, 35483]
2025-12-29 16:31:42,739 INFO src.capture: Last decoded tokens: [' result', ' was', ' dreadful']
2025-12-29 16:31:42,765 INFO src.capture: Last token ids: [1255, 373, 2089]
2025-12-29 16:31:42,766 INFO src.capture: Last decoded tokens: [' result', ' was', ' bad']
2025-12-29 16:31:42,792 INFO src.capture: Last token ids: [1255, 373, 3595]
2025-12-29 16:31:42,792 INFO src.capture: Last decoded tokens: [' result', ' was', ' poor']
2025-12-29 16:31:42,819 INFO src.capture: Last token ids: [1255, 373, 4939]
2025-12-29 16:31:42,819 INFO src.capture: Last decoded tokens: [' result', ' was', ' weak']
2025-12-29 16:31:42,845 INFO src.capture: Last token ids: [1255, 373, 29956]
2025-12-29 16:31:42,846 INFO src.capture: Last decoded tokens: [' result', ' was', ' mediocre']
2025-12-29 16:31:42,872 INFO src.capture: Last token ids: [373, 555, 24194]
2025-12-29 16:31:42,872 INFO src.capture: Last decoded tokens: [' was', ' un', 'inspired']
2025-12-29 16:31:42,899 INFO src.capture: Last token ids: [1255, 373, 50146]
2025-12-29 16:31:42,899 INFO src.capture: Last decoded tokens: [' result', ' was', ' lackluster']
2025-12-29 16:31:42,927 INFO src.capture: Last token ids: [1255, 373, 8788]
2025-12-29 16:31:42,927 INFO src.capture: Last decoded tokens: [' result', ' was', ' okay']
2025-12-29 16:31:42,957 INFO src.capture: Last token ids: [1255, 373, 3734]
2025-12-29 16:31:42,957 INFO src.capture: Last decoded tokens: [' result', ' was', ' fine']
2025-12-29 16:31:42,987 INFO src.capture: Last token ids: [1255, 373, 2811]
2025-12-29 16:31:42,987 INFO src.capture: Last decoded tokens: [' result', ' was', ' average']
2025-12-29 16:31:43,014 INFO src.capture: Last token ids: [1255, 373, 7709]
2025-12-29 16:31:43,014 INFO src.capture: Last decoded tokens: [' result', ' was', ' decent']
2025-12-29 16:31:43,043 INFO src.capture: Last token ids: [1255, 373, 4735]
2025-12-29 16:31:43,043 INFO src.capture: Last decoded tokens: [' result', ' was', ' solid']
2025-12-29 16:31:43,072 INFO src.capture: Last token ids: [1255, 373, 15497]
2025-12-29 16:31:43,072 INFO src.capture: Last decoded tokens: [' result', ' was', ' pleasant']
2025-12-29 16:31:43,099 INFO src.capture: Last token ids: [1255, 373, 922]
2025-12-29 16:31:43,099 INFO src.capture: Last decoded tokens: [' result', ' was', ' good']
2025-12-29 16:31:43,126 INFO src.capture: Last token ids: [1255, 373, 20050]
2025-12-29 16:31:43,126 INFO src.capture: Last decoded tokens: [' result', ' was', ' enjoyable']
2025-12-29 16:31:43,153 INFO src.capture: Last token ids: [1255, 373, 19201]
2025-12-29 16:31:43,153 INFO src.capture: Last decoded tokens: [' result', ' was', ' satisfying']
2025-12-29 16:31:43,182 INFO src.capture: Last token ids: [1255, 373, 1049]
2025-12-29 16:31:43,182 INFO src.capture: Last decoded tokens: [' result', ' was', ' great']
2025-12-29 16:31:43,209 INFO src.capture: Last token ids: [1255, 373, 8036]
2025-12-29 16:31:43,209 INFO src.capture: Last decoded tokens: [' result', ' was', ' impressive']
2025-12-29 16:31:43,236 INFO src.capture: Last token ids: [1255, 373, 1913]
2025-12-29 16:31:43,236 INFO src.capture: Last decoded tokens: [' result', ' was', ' strong']
2025-12-29 16:31:43,263 INFO src.capture: Last token ids: [1255, 373, 6275]
2025-12-29 16:31:43,263 INFO src.capture: Last decoded tokens: [' result', ' was', ' excellent']
2025-12-29 16:31:43,290 INFO src.capture: Last token ids: [1255, 373, 9623]
2025-12-29 16:31:43,290 INFO src.capture: Last decoded tokens: [' result', ' was', ' fantastic']
2025-12-29 16:31:43,316 INFO src.capture: Last token ids: [1255, 373, 11660]
2025-12-29 16:31:43,316 INFO src.capture: Last decoded tokens: [' result', ' was', ' outstanding']
2025-12-29 16:31:43,343 INFO src.capture: Last token ids: [1255, 373, 15313]
2025-12-29 16:31:43,344 INFO src.capture: Last decoded tokens: [' result', ' was', ' exceptional']
2025-12-29 16:31:43,370 INFO src.capture: Last token ids: [1255, 373, 11004]
2025-12-29 16:31:43,371 INFO src.capture: Last decoded tokens: [' result', ' was', ' remarkable']
2025-12-29 16:31:43,397 INFO src.capture: Last token ids: [1255, 373, 21840]
2025-12-29 16:31:43,397 INFO src.capture: Last decoded tokens: [' result', ' was', ' superb']
2025-12-29 16:31:43,424 INFO src.capture: Last token ids: [450, 893, 7617]
2025-12-29 16:31:43,424 INFO src.capture: Last decoded tokens: [' ab', 'ys', 'mal']
2025-12-29 16:31:43,537 INFO src.capture: Last token ids: [373, 38324, 4680]
2025-12-29 16:31:43,537 INFO src.capture: Last decoded tokens: [' was', ' atro', 'cious']
2025-12-29 16:31:43,649 INFO src.capture: Last token ids: [670, 373, 12659]
2025-12-29 16:31:43,649 INFO src.capture: Last decoded tokens: [' work', ' was', ' awful']
2025-12-29 16:31:43,680 INFO src.capture: Last token ids: [670, 373, 7818]
2025-12-29 16:31:43,680 INFO src.capture: Last decoded tokens: [' work', ' was', ' terrible']
2025-12-29 16:31:43,712 INFO src.capture: Last token ids: [670, 373, 12361]
2025-12-29 16:31:43,712 INFO src.capture: Last decoded tokens: [' work', ' was', ' horrible']
2025-12-29 16:31:43,742 INFO src.capture: Last token ids: [670, 373, 35483]
2025-12-29 16:31:43,742 INFO src.capture: Last decoded tokens: [' work', ' was', ' dreadful']
2025-12-29 16:31:43,771 INFO src.capture: Last token ids: [670, 373, 2089]
2025-12-29 16:31:43,771 INFO src.capture: Last decoded tokens: [' work', ' was', ' bad']
2025-12-29 16:31:43,799 INFO src.capture: Last token ids: [670, 373, 3595]
2025-12-29 16:31:43,799 INFO src.capture: Last decoded tokens: [' work', ' was', ' poor']
2025-12-29 16:31:43,831 INFO src.capture: Last token ids: [670, 373, 4939]
2025-12-29 16:31:43,831 INFO src.capture: Last decoded tokens: [' work', ' was', ' weak']
2025-12-29 16:31:43,864 INFO src.capture: Last token ids: [670, 373, 29956]
2025-12-29 16:31:43,864 INFO src.capture: Last decoded tokens: [' work', ' was', ' mediocre']
2025-12-29 16:31:43,897 INFO src.capture: Last token ids: [373, 555, 24194]
2025-12-29 16:31:43,897 INFO src.capture: Last decoded tokens: [' was', ' un', 'inspired']
2025-12-29 16:31:43,930 INFO src.capture: Last token ids: [670, 373, 50146]
2025-12-29 16:31:43,930 INFO src.capture: Last decoded tokens: [' work', ' was', ' lackluster']
2025-12-29 16:31:43,963 INFO src.capture: Last token ids: [670, 373, 8788]
2025-12-29 16:31:43,963 INFO src.capture: Last decoded tokens: [' work', ' was', ' okay']
2025-12-29 16:31:43,996 INFO src.capture: Last token ids: [670, 373, 3734]
2025-12-29 16:31:43,997 INFO src.capture: Last decoded tokens: [' work', ' was', ' fine']
2025-12-29 16:31:44,030 INFO src.capture: Last token ids: [670, 373, 2811]
2025-12-29 16:31:44,030 INFO src.capture: Last decoded tokens: [' work', ' was', ' average']
2025-12-29 16:31:44,058 INFO src.capture: Last token ids: [670, 373, 7709]
2025-12-29 16:31:44,058 INFO src.capture: Last decoded tokens: [' work', ' was', ' decent']
2025-12-29 16:31:44,087 INFO src.capture: Last token ids: [670, 373, 4735]
2025-12-29 16:31:44,087 INFO src.capture: Last decoded tokens: [' work', ' was', ' solid']
2025-12-29 16:31:44,116 INFO src.capture: Last token ids: [670, 373, 15497]
2025-12-29 16:31:44,116 INFO src.capture: Last decoded tokens: [' work', ' was', ' pleasant']
2025-12-29 16:31:44,145 INFO src.capture: Last token ids: [670, 373, 922]
2025-12-29 16:31:44,145 INFO src.capture: Last decoded tokens: [' work', ' was', ' good']
2025-12-29 16:31:44,175 INFO src.capture: Last token ids: [670, 373, 20050]
2025-12-29 16:31:44,175 INFO src.capture: Last decoded tokens: [' work', ' was', ' enjoyable']
2025-12-29 16:31:44,204 INFO src.capture: Last token ids: [670, 373, 19201]
2025-12-29 16:31:44,204 INFO src.capture: Last decoded tokens: [' work', ' was', ' satisfying']
2025-12-29 16:31:44,236 INFO src.capture: Last token ids: [670, 373, 1049]
2025-12-29 16:31:44,237 INFO src.capture: Last decoded tokens: [' work', ' was', ' great']
2025-12-29 16:31:44,269 INFO src.capture: Last token ids: [670, 373, 8036]
2025-12-29 16:31:44,269 INFO src.capture: Last decoded tokens: [' work', ' was', ' impressive']
2025-12-29 16:31:44,303 INFO src.capture: Last token ids: [670, 373, 1913]
2025-12-29 16:31:44,303 INFO src.capture: Last decoded tokens: [' work', ' was', ' strong']
2025-12-29 16:31:44,338 INFO src.capture: Last token ids: [670, 373, 6275]
2025-12-29 16:31:44,338 INFO src.capture: Last decoded tokens: [' work', ' was', ' excellent']
2025-12-29 16:31:44,371 INFO src.capture: Last token ids: [670, 373, 9623]
2025-12-29 16:31:44,371 INFO src.capture: Last decoded tokens: [' work', ' was', ' fantastic']
2025-12-29 16:31:44,403 INFO src.capture: Last token ids: [670, 373, 11660]
2025-12-29 16:31:44,403 INFO src.capture: Last decoded tokens: [' work', ' was', ' outstanding']
2025-12-29 16:31:44,433 INFO src.capture: Last token ids: [670, 373, 15313]
2025-12-29 16:31:44,433 INFO src.capture: Last decoded tokens: [' work', ' was', ' exceptional']
2025-12-29 16:31:44,462 INFO src.capture: Last token ids: [670, 373, 11004]
2025-12-29 16:31:44,462 INFO src.capture: Last decoded tokens: [' work', ' was', ' remarkable']
2025-12-29 16:31:44,491 INFO src.capture: Last token ids: [670, 373, 21840]
2025-12-29 16:31:44,491 INFO src.capture: Last decoded tokens: [' work', ' was', ' superb']
2025-12-29 16:31:44,520 INFO src.capture: Last token ids: [450, 893, 7617]
2025-12-29 16:31:44,520 INFO src.capture: Last decoded tokens: [' ab', 'ys', 'mal']
2025-12-29 16:31:44,550 INFO src.capture: Last token ids: [373, 38324, 4680]
2025-12-29 16:31:44,550 INFO src.capture: Last decoded tokens: [' was', ' atro', 'cious']
2025-12-29 16:31:44,579 INFO src.capture: Last token ids: [2854, 373, 12659]
2025-12-29 16:31:44,579 INFO src.capture: Last decoded tokens: [' performance', ' was', ' awful']
2025-12-29 16:31:44,606 INFO src.capture: Last token ids: [2854, 373, 7818]
2025-12-29 16:31:44,606 INFO src.capture: Last decoded tokens: [' performance', ' was', ' terrible']
2025-12-29 16:31:44,633 INFO src.capture: Last token ids: [2854, 373, 12361]
2025-12-29 16:31:44,633 INFO src.capture: Last decoded tokens: [' performance', ' was', ' horrible']
2025-12-29 16:31:44,660 INFO src.capture: Last token ids: [2854, 373, 35483]
2025-12-29 16:31:44,660 INFO src.capture: Last decoded tokens: [' performance', ' was', ' dreadful']
2025-12-29 16:31:44,687 INFO src.capture: Last token ids: [2854, 373, 2089]
2025-12-29 16:31:44,687 INFO src.capture: Last decoded tokens: [' performance', ' was', ' bad']
2025-12-29 16:31:44,713 INFO src.capture: Last token ids: [2854, 373, 3595]
2025-12-29 16:31:44,714 INFO src.capture: Last decoded tokens: [' performance', ' was', ' poor']
2025-12-29 16:31:44,740 INFO src.capture: Last token ids: [2854, 373, 4939]
2025-12-29 16:31:44,740 INFO src.capture: Last decoded tokens: [' performance', ' was', ' weak']
2025-12-29 16:31:44,767 INFO src.capture: Last token ids: [2854, 373, 29956]
2025-12-29 16:31:44,767 INFO src.capture: Last decoded tokens: [' performance', ' was', ' mediocre']
2025-12-29 16:31:44,793 INFO src.capture: Last token ids: [373, 555, 24194]
2025-12-29 16:31:44,793 INFO src.capture: Last decoded tokens: [' was', ' un', 'inspired']
2025-12-29 16:31:44,820 INFO src.capture: Last token ids: [2854, 373, 50146]
2025-12-29 16:31:44,820 INFO src.capture: Last decoded tokens: [' performance', ' was', ' lackluster']
2025-12-29 16:31:44,848 INFO src.capture: Last token ids: [2854, 373, 8788]
2025-12-29 16:31:44,848 INFO src.capture: Last decoded tokens: [' performance', ' was', ' okay']
2025-12-29 16:31:44,875 INFO src.capture: Last token ids: [2854, 373, 3734]
2025-12-29 16:31:44,875 INFO src.capture: Last decoded tokens: [' performance', ' was', ' fine']
2025-12-29 16:31:44,901 INFO src.capture: Last token ids: [2854, 373, 2811]
2025-12-29 16:31:44,901 INFO src.capture: Last decoded tokens: [' performance', ' was', ' average']
2025-12-29 16:31:44,928 INFO src.capture: Last token ids: [2854, 373, 7709]
2025-12-29 16:31:44,928 INFO src.capture: Last decoded tokens: [' performance', ' was', ' decent']
2025-12-29 16:31:44,954 INFO src.capture: Last token ids: [2854, 373, 4735]
2025-12-29 16:31:44,954 INFO src.capture: Last decoded tokens: [' performance', ' was', ' solid']
2025-12-29 16:31:44,981 INFO src.capture: Last token ids: [2854, 373, 15497]
2025-12-29 16:31:44,981 INFO src.capture: Last decoded tokens: [' performance', ' was', ' pleasant']
2025-12-29 16:31:45,007 INFO src.capture: Last token ids: [2854, 373, 922]
2025-12-29 16:31:45,007 INFO src.capture: Last decoded tokens: [' performance', ' was', ' good']
2025-12-29 16:31:45,034 INFO src.capture: Last token ids: [2854, 373, 20050]
2025-12-29 16:31:45,034 INFO src.capture: Last decoded tokens: [' performance', ' was', ' enjoyable']
2025-12-29 16:31:45,061 INFO src.capture: Last token ids: [2854, 373, 19201]
2025-12-29 16:31:45,061 INFO src.capture: Last decoded tokens: [' performance', ' was', ' satisfying']
2025-12-29 16:31:45,087 INFO src.capture: Last token ids: [2854, 373, 1049]
2025-12-29 16:31:45,087 INFO src.capture: Last decoded tokens: [' performance', ' was', ' great']
2025-12-29 16:31:45,114 INFO src.capture: Last token ids: [2854, 373, 8036]
2025-12-29 16:31:45,114 INFO src.capture: Last decoded tokens: [' performance', ' was', ' impressive']
2025-12-29 16:31:45,142 INFO src.capture: Last token ids: [2854, 373, 1913]
2025-12-29 16:31:45,142 INFO src.capture: Last decoded tokens: [' performance', ' was', ' strong']
2025-12-29 16:31:45,173 INFO src.capture: Last token ids: [2854, 373, 6275]
2025-12-29 16:31:45,173 INFO src.capture: Last decoded tokens: [' performance', ' was', ' excellent']
2025-12-29 16:31:45,201 INFO src.capture: Last token ids: [2854, 373, 9623]
2025-12-29 16:31:45,202 INFO src.capture: Last decoded tokens: [' performance', ' was', ' fantastic']
2025-12-29 16:31:45,230 INFO src.capture: Last token ids: [2854, 373, 11660]
2025-12-29 16:31:45,230 INFO src.capture: Last decoded tokens: [' performance', ' was', ' outstanding']
2025-12-29 16:31:45,257 INFO src.capture: Last token ids: [2854, 373, 15313]
2025-12-29 16:31:45,257 INFO src.capture: Last decoded tokens: [' performance', ' was', ' exceptional']
2025-12-29 16:31:45,284 INFO src.capture: Last token ids: [2854, 373, 11004]
2025-12-29 16:31:45,284 INFO src.capture: Last decoded tokens: [' performance', ' was', ' remarkable']
2025-12-29 16:31:45,315 INFO src.capture: Last token ids: [2854, 373, 21840]
2025-12-29 16:31:45,315 INFO src.capture: Last decoded tokens: [' performance', ' was', ' superb']
2025-12-29 16:31:45,345 INFO src.capture: Last token ids: [450, 893, 7617]
2025-12-29 16:31:45,345 INFO src.capture: Last decoded tokens: [' ab', 'ys', 'mal']
2025-12-29 16:31:45,375 INFO src.capture: Last token ids: [3947, 38324, 4680]
2025-12-29 16:31:45,375 INFO src.capture: Last decoded tokens: [' seemed', ' atro', 'cious']
2025-12-29 16:31:45,408 INFO src.capture: Last token ids: [4069, 3947, 12659]
2025-12-29 16:31:45,408 INFO src.capture: Last decoded tokens: [' behavior', ' seemed', ' awful']
2025-12-29 16:31:45,437 INFO src.capture: Last token ids: [4069, 3947, 7818]
2025-12-29 16:31:45,437 INFO src.capture: Last decoded tokens: [' behavior', ' seemed', ' terrible']
2025-12-29 16:31:45,467 INFO src.capture: Last token ids: [4069, 3947, 12361]
2025-12-29 16:31:45,467 INFO src.capture: Last decoded tokens: [' behavior', ' seemed', ' horrible']
2025-12-29 16:31:45,494 INFO src.capture: Last token ids: [4069, 3947, 35483]
2025-12-29 16:31:45,494 INFO src.capture: Last decoded tokens: [' behavior', ' seemed', ' dreadful']
2025-12-29 16:31:45,524 INFO src.capture: Last token ids: [4069, 3947, 2089]
2025-12-29 16:31:45,524 INFO src.capture: Last decoded tokens: [' behavior', ' seemed', ' bad']
2025-12-29 16:31:45,554 INFO src.capture: Last token ids: [4069, 3947, 3595]
2025-12-29 16:31:45,554 INFO src.capture: Last decoded tokens: [' behavior', ' seemed', ' poor']
2025-12-29 16:31:45,582 INFO src.capture: Last token ids: [4069, 3947, 4939]
2025-12-29 16:31:45,582 INFO src.capture: Last decoded tokens: [' behavior', ' seemed', ' weak']
2025-12-29 16:31:45,610 INFO src.capture: Last token ids: [4069, 3947, 29956]
2025-12-29 16:31:45,610 INFO src.capture: Last decoded tokens: [' behavior', ' seemed', ' mediocre']
2025-12-29 16:31:45,637 INFO src.capture: Last token ids: [3947, 555, 24194]
2025-12-29 16:31:45,638 INFO src.capture: Last decoded tokens: [' seemed', ' un', 'inspired']
2025-12-29 16:31:45,665 INFO src.capture: Last token ids: [4069, 3947, 50146]
2025-12-29 16:31:45,666 INFO src.capture: Last decoded tokens: [' behavior', ' seemed', ' lackluster']
2025-12-29 16:31:45,694 INFO src.capture: Last token ids: [4069, 3947, 8788]
2025-12-29 16:31:45,694 INFO src.capture: Last decoded tokens: [' behavior', ' seemed', ' okay']
2025-12-29 16:31:45,723 INFO src.capture: Last token ids: [4069, 3947, 3734]
2025-12-29 16:31:45,723 INFO src.capture: Last decoded tokens: [' behavior', ' seemed', ' fine']
2025-12-29 16:31:45,752 INFO src.capture: Last token ids: [4069, 3947, 2811]
2025-12-29 16:31:45,752 INFO src.capture: Last decoded tokens: [' behavior', ' seemed', ' average']
2025-12-29 16:31:45,779 INFO src.capture: Last token ids: [4069, 3947, 7709]
2025-12-29 16:31:45,779 INFO src.capture: Last decoded tokens: [' behavior', ' seemed', ' decent']
2025-12-29 16:31:45,808 INFO src.capture: Last token ids: [4069, 3947, 4735]
2025-12-29 16:31:45,808 INFO src.capture: Last decoded tokens: [' behavior', ' seemed', ' solid']
2025-12-29 16:31:45,837 INFO src.capture: Last token ids: [4069, 3947, 15497]
2025-12-29 16:31:45,837 INFO src.capture: Last decoded tokens: [' behavior', ' seemed', ' pleasant']
2025-12-29 16:31:45,865 INFO src.capture: Last token ids: [4069, 3947, 922]
2025-12-29 16:31:45,865 INFO src.capture: Last decoded tokens: [' behavior', ' seemed', ' good']
2025-12-29 16:31:45,892 INFO src.capture: Last token ids: [4069, 3947, 20050]
2025-12-29 16:31:45,892 INFO src.capture: Last decoded tokens: [' behavior', ' seemed', ' enjoyable']
2025-12-29 16:31:45,924 INFO src.capture: Last token ids: [4069, 3947, 19201]
2025-12-29 16:31:45,924 INFO src.capture: Last decoded tokens: [' behavior', ' seemed', ' satisfying']
2025-12-29 16:31:45,953 INFO src.capture: Last token ids: [4069, 3947, 1049]
2025-12-29 16:31:45,953 INFO src.capture: Last decoded tokens: [' behavior', ' seemed', ' great']
2025-12-29 16:31:45,981 INFO src.capture: Last token ids: [4069, 3947, 8036]
2025-12-29 16:31:45,982 INFO src.capture: Last decoded tokens: [' behavior', ' seemed', ' impressive']
2025-12-29 16:31:46,009 INFO src.capture: Last token ids: [4069, 3947, 1913]
2025-12-29 16:31:46,009 INFO src.capture: Last decoded tokens: [' behavior', ' seemed', ' strong']
2025-12-29 16:31:46,038 INFO src.capture: Last token ids: [4069, 3947, 6275]
2025-12-29 16:31:46,038 INFO src.capture: Last decoded tokens: [' behavior', ' seemed', ' excellent']
2025-12-29 16:31:46,068 INFO src.capture: Last token ids: [4069, 3947, 9623]
2025-12-29 16:31:46,068 INFO src.capture: Last decoded tokens: [' behavior', ' seemed', ' fantastic']
2025-12-29 16:31:46,098 INFO src.capture: Last token ids: [4069, 3947, 11660]
2025-12-29 16:31:46,098 INFO src.capture: Last decoded tokens: [' behavior', ' seemed', ' outstanding']
2025-12-29 16:31:46,128 INFO src.capture: Last token ids: [4069, 3947, 15313]
2025-12-29 16:31:46,128 INFO src.capture: Last decoded tokens: [' behavior', ' seemed', ' exceptional']
2025-12-29 16:31:46,156 INFO src.capture: Last token ids: [4069, 3947, 11004]
2025-12-29 16:31:46,156 INFO src.capture: Last decoded tokens: [' behavior', ' seemed', ' remarkable']
2025-12-29 16:31:46,188 INFO src.capture: Last token ids: [4069, 3947, 21840]
2025-12-29 16:31:46,188 INFO src.capture: Last decoded tokens: [' behavior', ' seemed', ' superb']
2025-12-29 16:31:46,218 INFO src.capture: Last token ids: [450, 893, 7617]
2025-12-29 16:31:46,218 INFO src.capture: Last decoded tokens: [' ab', 'ys', 'mal']
2025-12-29 16:31:46,247 INFO src.capture: Last token ids: [373, 38324, 4680]
2025-12-29 16:31:46,247 INFO src.capture: Last decoded tokens: [' was', ' atro', 'cious']
2025-12-29 16:31:46,277 INFO src.capture: Last token ids: [2882, 373, 12659]
2025-12-29 16:31:46,277 INFO src.capture: Last decoded tokens: [' response', ' was', ' awful']
2025-12-29 16:31:46,305 INFO src.capture: Last token ids: [2882, 373, 7818]
2025-12-29 16:31:46,305 INFO src.capture: Last decoded tokens: [' response', ' was', ' terrible']
2025-12-29 16:31:46,333 INFO src.capture: Last token ids: [2882, 373, 12361]
2025-12-29 16:31:46,333 INFO src.capture: Last decoded tokens: [' response', ' was', ' horrible']
2025-12-29 16:31:46,362 INFO src.capture: Last token ids: [2882, 373, 35483]
2025-12-29 16:31:46,362 INFO src.capture: Last decoded tokens: [' response', ' was', ' dreadful']
2025-12-29 16:31:46,389 INFO src.capture: Last token ids: [2882, 373, 2089]
2025-12-29 16:31:46,389 INFO src.capture: Last decoded tokens: [' response', ' was', ' bad']
2025-12-29 16:31:46,417 INFO src.capture: Last token ids: [2882, 373, 3595]
2025-12-29 16:31:46,417 INFO src.capture: Last decoded tokens: [' response', ' was', ' poor']
2025-12-29 16:31:46,448 INFO src.capture: Last token ids: [2882, 373, 4939]
2025-12-29 16:31:46,448 INFO src.capture: Last decoded tokens: [' response', ' was', ' weak']
2025-12-29 16:31:46,476 INFO src.capture: Last token ids: [2882, 373, 29956]
2025-12-29 16:31:46,476 INFO src.capture: Last decoded tokens: [' response', ' was', ' mediocre']
2025-12-29 16:31:46,504 INFO src.capture: Last token ids: [373, 555, 24194]
2025-12-29 16:31:46,504 INFO src.capture: Last decoded tokens: [' was', ' un', 'inspired']
2025-12-29 16:31:46,532 INFO src.capture: Last token ids: [2882, 373, 50146]
2025-12-29 16:31:46,532 INFO src.capture: Last decoded tokens: [' response', ' was', ' lackluster']
2025-12-29 16:31:46,565 INFO src.capture: Last token ids: [2882, 373, 8788]
2025-12-29 16:31:46,565 INFO src.capture: Last decoded tokens: [' response', ' was', ' okay']
2025-12-29 16:31:46,593 INFO src.capture: Last token ids: [2882, 373, 3734]
2025-12-29 16:31:46,593 INFO src.capture: Last decoded tokens: [' response', ' was', ' fine']
2025-12-29 16:31:46,621 INFO src.capture: Last token ids: [2882, 373, 2811]
2025-12-29 16:31:46,621 INFO src.capture: Last decoded tokens: [' response', ' was', ' average']
2025-12-29 16:31:46,649 INFO src.capture: Last token ids: [2882, 373, 7709]
2025-12-29 16:31:46,649 INFO src.capture: Last decoded tokens: [' response', ' was', ' decent']
2025-12-29 16:31:46,676 INFO src.capture: Last token ids: [2882, 373, 4735]
2025-12-29 16:31:46,676 INFO src.capture: Last decoded tokens: [' response', ' was', ' solid']
2025-12-29 16:31:46,707 INFO src.capture: Last token ids: [2882, 373, 15497]
2025-12-29 16:31:46,707 INFO src.capture: Last decoded tokens: [' response', ' was', ' pleasant']
2025-12-29 16:31:46,736 INFO src.capture: Last token ids: [2882, 373, 922]
2025-12-29 16:31:46,737 INFO src.capture: Last decoded tokens: [' response', ' was', ' good']
2025-12-29 16:31:46,766 INFO src.capture: Last token ids: [2882, 373, 20050]
2025-12-29 16:31:46,766 INFO src.capture: Last decoded tokens: [' response', ' was', ' enjoyable']
2025-12-29 16:31:46,792 INFO src.capture: Last token ids: [2882, 373, 19201]
2025-12-29 16:31:46,792 INFO src.capture: Last decoded tokens: [' response', ' was', ' satisfying']
2025-12-29 16:31:46,819 INFO src.capture: Last token ids: [2882, 373, 1049]
2025-12-29 16:31:46,819 INFO src.capture: Last decoded tokens: [' response', ' was', ' great']
2025-12-29 16:31:46,846 INFO src.capture: Last token ids: [2882, 373, 8036]
2025-12-29 16:31:46,846 INFO src.capture: Last decoded tokens: [' response', ' was', ' impressive']
2025-12-29 16:31:46,872 INFO src.capture: Last token ids: [2882, 373, 1913]
2025-12-29 16:31:46,872 INFO src.capture: Last decoded tokens: [' response', ' was', ' strong']
2025-12-29 16:31:46,900 INFO src.capture: Last token ids: [2882, 373, 6275]
2025-12-29 16:31:46,900 INFO src.capture: Last decoded tokens: [' response', ' was', ' excellent']
2025-12-29 16:31:46,933 INFO src.capture: Last token ids: [2882, 373, 9623]
2025-12-29 16:31:46,934 INFO src.capture: Last decoded tokens: [' response', ' was', ' fantastic']
2025-12-29 16:31:46,961 INFO src.capture: Last token ids: [2882, 373, 11660]
2025-12-29 16:31:46,961 INFO src.capture: Last decoded tokens: [' response', ' was', ' outstanding']
2025-12-29 16:31:46,989 INFO src.capture: Last token ids: [2882, 373, 15313]
2025-12-29 16:31:46,989 INFO src.capture: Last decoded tokens: [' response', ' was', ' exceptional']
2025-12-29 16:31:47,016 INFO src.capture: Last token ids: [2882, 373, 11004]
2025-12-29 16:31:47,016 INFO src.capture: Last decoded tokens: [' response', ' was', ' remarkable']
2025-12-29 16:31:47,044 INFO src.capture: Last token ids: [2882, 373, 21840]
2025-12-29 16:31:47,044 INFO src.capture: Last decoded tokens: [' response', ' was', ' superb']
2025-12-29 16:31:47,075 INFO src.capture: Last token ids: [450, 893, 7617]
2025-12-29 16:31:47,075 INFO src.capture: Last decoded tokens: [' ab', 'ys', 'mal']
2025-12-29 16:31:47,104 INFO src.capture: Last token ids: [373, 38324, 4680]
2025-12-29 16:31:47,104 INFO src.capture: Last decoded tokens: [' was', ' atro', 'cious']
2025-12-29 16:31:47,135 INFO src.capture: Last token ids: [12660, 373, 12659]
2025-12-29 16:31:47,135 INFO src.capture: Last decoded tokens: [' evaluation', ' was', ' awful']
2025-12-29 16:31:47,163 INFO src.capture: Last token ids: [12660, 373, 7818]
2025-12-29 16:31:47,163 INFO src.capture: Last decoded tokens: [' evaluation', ' was', ' terrible']
2025-12-29 16:31:47,191 INFO src.capture: Last token ids: [12660, 373, 12361]
2025-12-29 16:31:47,191 INFO src.capture: Last decoded tokens: [' evaluation', ' was', ' horrible']
2025-12-29 16:31:47,220 INFO src.capture: Last token ids: [12660, 373, 35483]
2025-12-29 16:31:47,220 INFO src.capture: Last decoded tokens: [' evaluation', ' was', ' dreadful']
2025-12-29 16:31:47,249 INFO src.capture: Last token ids: [12660, 373, 2089]
2025-12-29 16:31:47,249 INFO src.capture: Last decoded tokens: [' evaluation', ' was', ' bad']
2025-12-29 16:31:47,284 INFO src.capture: Last token ids: [12660, 373, 3595]
2025-12-29 16:31:47,284 INFO src.capture: Last decoded tokens: [' evaluation', ' was', ' poor']
2025-12-29 16:31:47,315 INFO src.capture: Last token ids: [12660, 373, 4939]
2025-12-29 16:31:47,315 INFO src.capture: Last decoded tokens: [' evaluation', ' was', ' weak']
2025-12-29 16:31:47,344 INFO src.capture: Last token ids: [12660, 373, 29956]
2025-12-29 16:31:47,344 INFO src.capture: Last decoded tokens: [' evaluation', ' was', ' mediocre']
2025-12-29 16:31:47,373 INFO src.capture: Last token ids: [373, 555, 24194]
2025-12-29 16:31:47,373 INFO src.capture: Last decoded tokens: [' was', ' un', 'inspired']
2025-12-29 16:31:47,402 INFO src.capture: Last token ids: [12660, 373, 50146]
2025-12-29 16:31:47,403 INFO src.capture: Last decoded tokens: [' evaluation', ' was', ' lackluster']
2025-12-29 16:31:47,437 INFO src.capture: Last token ids: [12660, 373, 8788]
2025-12-29 16:31:47,437 INFO src.capture: Last decoded tokens: [' evaluation', ' was', ' okay']
2025-12-29 16:31:47,466 INFO src.capture: Last token ids: [12660, 373, 3734]
2025-12-29 16:31:47,467 INFO src.capture: Last decoded tokens: [' evaluation', ' was', ' fine']
2025-12-29 16:31:47,495 INFO src.capture: Last token ids: [12660, 373, 2811]
2025-12-29 16:31:47,495 INFO src.capture: Last decoded tokens: [' evaluation', ' was', ' average']
2025-12-29 16:31:47,524 INFO src.capture: Last token ids: [12660, 373, 7709]
2025-12-29 16:31:47,524 INFO src.capture: Last decoded tokens: [' evaluation', ' was', ' decent']
2025-12-29 16:31:47,559 INFO src.capture: Last token ids: [12660, 373, 4735]
2025-12-29 16:31:47,559 INFO src.capture: Last decoded tokens: [' evaluation', ' was', ' solid']
2025-12-29 16:31:47,589 INFO src.capture: Last token ids: [12660, 373, 15497]
2025-12-29 16:31:47,589 INFO src.capture: Last decoded tokens: [' evaluation', ' was', ' pleasant']
2025-12-29 16:31:47,620 INFO src.capture: Last token ids: [12660, 373, 922]
2025-12-29 16:31:47,621 INFO src.capture: Last decoded tokens: [' evaluation', ' was', ' good']
2025-12-29 16:31:47,654 INFO src.capture: Last token ids: [12660, 373, 20050]
2025-12-29 16:31:47,654 INFO src.capture: Last decoded tokens: [' evaluation', ' was', ' enjoyable']
2025-12-29 16:31:47,683 INFO src.capture: Last token ids: [12660, 373, 19201]
2025-12-29 16:31:47,683 INFO src.capture: Last decoded tokens: [' evaluation', ' was', ' satisfying']
2025-12-29 16:31:47,709 INFO src.capture: Last token ids: [12660, 373, 1049]
2025-12-29 16:31:47,709 INFO src.capture: Last decoded tokens: [' evaluation', ' was', ' great']
2025-12-29 16:31:47,739 INFO src.capture: Last token ids: [12660, 373, 8036]
2025-12-29 16:31:47,739 INFO src.capture: Last decoded tokens: [' evaluation', ' was', ' impressive']
2025-12-29 16:31:47,767 INFO src.capture: Last token ids: [12660, 373, 1913]
2025-12-29 16:31:47,767 INFO src.capture: Last decoded tokens: [' evaluation', ' was', ' strong']
2025-12-29 16:31:47,795 INFO src.capture: Last token ids: [12660, 373, 6275]
2025-12-29 16:31:47,795 INFO src.capture: Last decoded tokens: [' evaluation', ' was', ' excellent']
2025-12-29 16:31:47,825 INFO src.capture: Last token ids: [12660, 373, 9623]
2025-12-29 16:31:47,825 INFO src.capture: Last decoded tokens: [' evaluation', ' was', ' fantastic']
2025-12-29 16:31:47,853 INFO src.capture: Last token ids: [12660, 373, 11660]
2025-12-29 16:31:47,853 INFO src.capture: Last decoded tokens: [' evaluation', ' was', ' outstanding']
2025-12-29 16:31:47,880 INFO src.capture: Last token ids: [12660, 373, 15313]
2025-12-29 16:31:47,880 INFO src.capture: Last decoded tokens: [' evaluation', ' was', ' exceptional']
2025-12-29 16:31:47,908 INFO src.capture: Last token ids: [12660, 373, 11004]
2025-12-29 16:31:47,908 INFO src.capture: Last decoded tokens: [' evaluation', ' was', ' remarkable']
2025-12-29 16:31:47,937 INFO src.capture: Last token ids: [12660, 373, 21840]
2025-12-29 16:31:47,937 INFO src.capture: Last decoded tokens: [' evaluation', ' was', ' superb']
2025-12-29 16:31:47,964 INFO src.capture: Last token ids: [450, 893, 7617]
2025-12-29 16:31:47,964 INFO src.capture: Last decoded tokens: [' ab', 'ys', 'mal']
2025-12-29 16:31:47,990 INFO src.capture: Last token ids: [373, 38324, 4680]
2025-12-29 16:31:47,990 INFO src.capture: Last decoded tokens: [' was', ' atro', 'cious']
2025-12-29 16:31:48,025 INFO src.capture: Last token ids: [10647, 373, 12659]
2025-12-29 16:31:48,025 INFO src.capture: Last decoded tokens: [' impression', ' was', ' awful']
2025-12-29 16:31:48,053 INFO src.capture: Last token ids: [10647, 373, 7818]
2025-12-29 16:31:48,054 INFO src.capture: Last decoded tokens: [' impression', ' was', ' terrible']
2025-12-29 16:31:48,081 INFO src.capture: Last token ids: [10647, 373, 12361]
2025-12-29 16:31:48,081 INFO src.capture: Last decoded tokens: [' impression', ' was', ' horrible']
2025-12-29 16:31:48,111 INFO src.capture: Last token ids: [10647, 373, 35483]
2025-12-29 16:31:48,111 INFO src.capture: Last decoded tokens: [' impression', ' was', ' dreadful']
2025-12-29 16:31:48,141 INFO src.capture: Last token ids: [10647, 373, 2089]
2025-12-29 16:31:48,142 INFO src.capture: Last decoded tokens: [' impression', ' was', ' bad']
2025-12-29 16:31:48,172 INFO src.capture: Last token ids: [10647, 373, 3595]
2025-12-29 16:31:48,172 INFO src.capture: Last decoded tokens: [' impression', ' was', ' poor']
2025-12-29 16:31:48,203 INFO src.capture: Last token ids: [10647, 373, 4939]
2025-12-29 16:31:48,203 INFO src.capture: Last decoded tokens: [' impression', ' was', ' weak']
2025-12-29 16:31:48,233 INFO src.capture: Last token ids: [10647, 373, 29956]
2025-12-29 16:31:48,233 INFO src.capture: Last decoded tokens: [' impression', ' was', ' mediocre']
2025-12-29 16:31:48,264 INFO src.capture: Last token ids: [373, 555, 24194]
2025-12-29 16:31:48,264 INFO src.capture: Last decoded tokens: [' was', ' un', 'inspired']
2025-12-29 16:31:48,301 INFO src.capture: Last token ids: [10647, 373, 50146]
2025-12-29 16:31:48,301 INFO src.capture: Last decoded tokens: [' impression', ' was', ' lackluster']
2025-12-29 16:31:48,334 INFO src.capture: Last token ids: [10647, 373, 8788]
2025-12-29 16:31:48,335 INFO src.capture: Last decoded tokens: [' impression', ' was', ' okay']
2025-12-29 16:31:48,366 INFO src.capture: Last token ids: [10647, 373, 3734]
2025-12-29 16:31:48,366 INFO src.capture: Last decoded tokens: [' impression', ' was', ' fine']
2025-12-29 16:31:48,396 INFO src.capture: Last token ids: [10647, 373, 2811]
2025-12-29 16:31:48,396 INFO src.capture: Last decoded tokens: [' impression', ' was', ' average']
2025-12-29 16:31:48,425 INFO src.capture: Last token ids: [10647, 373, 7709]
2025-12-29 16:31:48,425 INFO src.capture: Last decoded tokens: [' impression', ' was', ' decent']
2025-12-29 16:31:48,455 INFO src.capture: Last token ids: [10647, 373, 4735]
2025-12-29 16:31:48,455 INFO src.capture: Last decoded tokens: [' impression', ' was', ' solid']
2025-12-29 16:31:48,485 INFO src.capture: Last token ids: [10647, 373, 15497]
2025-12-29 16:31:48,485 INFO src.capture: Last decoded tokens: [' impression', ' was', ' pleasant']
2025-12-29 16:31:48,514 INFO src.capture: Last token ids: [10647, 373, 922]
2025-12-29 16:31:48,515 INFO src.capture: Last decoded tokens: [' impression', ' was', ' good']
2025-12-29 16:31:48,542 INFO src.capture: Last token ids: [10647, 373, 20050]
2025-12-29 16:31:48,543 INFO src.capture: Last decoded tokens: [' impression', ' was', ' enjoyable']
2025-12-29 16:31:48,574 INFO src.capture: Last token ids: [10647, 373, 19201]
2025-12-29 16:31:48,574 INFO src.capture: Last decoded tokens: [' impression', ' was', ' satisfying']
2025-12-29 16:31:48,602 INFO src.capture: Last token ids: [10647, 373, 1049]
2025-12-29 16:31:48,602 INFO src.capture: Last decoded tokens: [' impression', ' was', ' great']
2025-12-29 16:31:48,631 INFO src.capture: Last token ids: [10647, 373, 8036]
2025-12-29 16:31:48,631 INFO src.capture: Last decoded tokens: [' impression', ' was', ' impressive']
2025-12-29 16:31:48,658 INFO src.capture: Last token ids: [10647, 373, 1913]
2025-12-29 16:31:48,658 INFO src.capture: Last decoded tokens: [' impression', ' was', ' strong']
2025-12-29 16:31:48,688 INFO src.capture: Last token ids: [10647, 373, 6275]
2025-12-29 16:31:48,688 INFO src.capture: Last decoded tokens: [' impression', ' was', ' excellent']
2025-12-29 16:31:48,715 INFO src.capture: Last token ids: [10647, 373, 9623]
2025-12-29 16:31:48,715 INFO src.capture: Last decoded tokens: [' impression', ' was', ' fantastic']
2025-12-29 16:31:48,744 INFO src.capture: Last token ids: [10647, 373, 11660]
2025-12-29 16:31:48,744 INFO src.capture: Last decoded tokens: [' impression', ' was', ' outstanding']
2025-12-29 16:31:48,774 INFO src.capture: Last token ids: [10647, 373, 15313]
2025-12-29 16:31:48,774 INFO src.capture: Last decoded tokens: [' impression', ' was', ' exceptional']
2025-12-29 16:31:48,805 INFO src.capture: Last token ids: [10647, 373, 11004]
2025-12-29 16:31:48,805 INFO src.capture: Last decoded tokens: [' impression', ' was', ' remarkable']
2025-12-29 16:31:48,834 INFO src.capture: Last token ids: [10647, 373, 21840]
2025-12-29 16:31:48,834 INFO src.capture: Last decoded tokens: [' impression', ' was', ' superb']
2025-12-29 16:31:48,863 INFO src.capture: Last token ids: [450, 893, 7617]
2025-12-29 16:31:48,863 INFO src.capture: Last decoded tokens: [' ab', 'ys', 'mal']
2025-12-29 16:31:48,893 INFO src.capture: Last token ids: [373, 38324, 4680]
2025-12-29 16:31:48,893 INFO src.capture: Last decoded tokens: [' was', ' atro', 'cious']
2025-12-29 16:31:48,926 INFO src.capture: Last token ids: [8922, 373, 12659]
2025-12-29 16:31:48,926 INFO src.capture: Last decoded tokens: [' assessment', ' was', ' awful']
2025-12-29 16:31:48,956 INFO src.capture: Last token ids: [8922, 373, 7818]
2025-12-29 16:31:48,956 INFO src.capture: Last decoded tokens: [' assessment', ' was', ' terrible']
2025-12-29 16:31:48,985 INFO src.capture: Last token ids: [8922, 373, 12361]
2025-12-29 16:31:48,985 INFO src.capture: Last decoded tokens: [' assessment', ' was', ' horrible']
2025-12-29 16:31:49,013 INFO src.capture: Last token ids: [8922, 373, 35483]
2025-12-29 16:31:49,013 INFO src.capture: Last decoded tokens: [' assessment', ' was', ' dreadful']
2025-12-29 16:31:49,041 INFO src.capture: Last token ids: [8922, 373, 2089]
2025-12-29 16:31:49,041 INFO src.capture: Last decoded tokens: [' assessment', ' was', ' bad']
2025-12-29 16:31:49,070 INFO src.capture: Last token ids: [8922, 373, 3595]
2025-12-29 16:31:49,070 INFO src.capture: Last decoded tokens: [' assessment', ' was', ' poor']
2025-12-29 16:31:49,100 INFO src.capture: Last token ids: [8922, 373, 4939]
2025-12-29 16:31:49,101 INFO src.capture: Last decoded tokens: [' assessment', ' was', ' weak']
2025-12-29 16:31:49,128 INFO src.capture: Last token ids: [8922, 373, 29956]
2025-12-29 16:31:49,128 INFO src.capture: Last decoded tokens: [' assessment', ' was', ' mediocre']
2025-12-29 16:31:49,157 INFO src.capture: Last token ids: [373, 555, 24194]
2025-12-29 16:31:49,157 INFO src.capture: Last decoded tokens: [' was', ' un', 'inspired']
2025-12-29 16:31:49,185 INFO src.capture: Last token ids: [8922, 373, 50146]
2025-12-29 16:31:49,185 INFO src.capture: Last decoded tokens: [' assessment', ' was', ' lackluster']
2025-12-29 16:31:49,215 INFO src.capture: Last token ids: [8922, 373, 8788]
2025-12-29 16:31:49,215 INFO src.capture: Last decoded tokens: [' assessment', ' was', ' okay']
2025-12-29 16:31:49,242 INFO src.capture: Last token ids: [8922, 373, 3734]
2025-12-29 16:31:49,242 INFO src.capture: Last decoded tokens: [' assessment', ' was', ' fine']
2025-12-29 16:31:49,270 INFO src.capture: Last token ids: [8922, 373, 2811]
2025-12-29 16:31:49,270 INFO src.capture: Last decoded tokens: [' assessment', ' was', ' average']
2025-12-29 16:31:49,297 INFO src.capture: Last token ids: [8922, 373, 7709]
2025-12-29 16:31:49,298 INFO src.capture: Last decoded tokens: [' assessment', ' was', ' decent']
2025-12-29 16:31:49,327 INFO src.capture: Last token ids: [8922, 373, 4735]
2025-12-29 16:31:49,328 INFO src.capture: Last decoded tokens: [' assessment', ' was', ' solid']
2025-12-29 16:31:49,358 INFO src.capture: Last token ids: [8922, 373, 15497]
2025-12-29 16:31:49,358 INFO src.capture: Last decoded tokens: [' assessment', ' was', ' pleasant']
2025-12-29 16:31:49,388 INFO src.capture: Last token ids: [8922, 373, 922]
2025-12-29 16:31:49,388 INFO src.capture: Last decoded tokens: [' assessment', ' was', ' good']
2025-12-29 16:31:49,418 INFO src.capture: Last token ids: [8922, 373, 20050]
2025-12-29 16:31:49,418 INFO src.capture: Last decoded tokens: [' assessment', ' was', ' enjoyable']
2025-12-29 16:31:49,449 INFO src.capture: Last token ids: [8922, 373, 19201]
2025-12-29 16:31:49,449 INFO src.capture: Last decoded tokens: [' assessment', ' was', ' satisfying']
2025-12-29 16:31:49,477 INFO src.capture: Last token ids: [8922, 373, 1049]
2025-12-29 16:31:49,477 INFO src.capture: Last decoded tokens: [' assessment', ' was', ' great']
2025-12-29 16:31:49,506 INFO src.capture: Last token ids: [8922, 373, 8036]
2025-12-29 16:31:49,506 INFO src.capture: Last decoded tokens: [' assessment', ' was', ' impressive']
2025-12-29 16:31:49,536 INFO src.capture: Last token ids: [8922, 373, 1913]
2025-12-29 16:31:49,536 INFO src.capture: Last decoded tokens: [' assessment', ' was', ' strong']
2025-12-29 16:31:49,565 INFO src.capture: Last token ids: [8922, 373, 6275]
2025-12-29 16:31:49,565 INFO src.capture: Last decoded tokens: [' assessment', ' was', ' excellent']
2025-12-29 16:31:49,595 INFO src.capture: Last token ids: [8922, 373, 9623]
2025-12-29 16:31:49,595 INFO src.capture: Last decoded tokens: [' assessment', ' was', ' fantastic']
2025-12-29 16:31:49,624 INFO src.capture: Last token ids: [8922, 373, 11660]
2025-12-29 16:31:49,624 INFO src.capture: Last decoded tokens: [' assessment', ' was', ' outstanding']
2025-12-29 16:31:49,655 INFO src.capture: Last token ids: [8922, 373, 15313]
2025-12-29 16:31:49,655 INFO src.capture: Last decoded tokens: [' assessment', ' was', ' exceptional']
2025-12-29 16:31:49,685 INFO src.capture: Last token ids: [8922, 373, 11004]
2025-12-29 16:31:49,685 INFO src.capture: Last decoded tokens: [' assessment', ' was', ' remarkable']
2025-12-29 16:31:49,716 INFO src.capture: Last token ids: [8922, 373, 21840]
2025-12-29 16:31:49,716 INFO src.capture: Last decoded tokens: [' assessment', ' was', ' superb']
2025-12-29 16:32:10,299 INFO src.capture: Last token ids: [450, 893, 7617]
2025-12-29 16:32:10,300 INFO src.capture: Last decoded tokens: [' ab', 'ys', 'mal']
2025-12-29 16:32:11,323 INFO src.capture: Last token ids: [373, 38324, 4680]
2025-12-29 16:32:11,323 INFO src.capture: Last decoded tokens: [' was', ' atro', 'cious']
2025-12-29 16:32:11,429 INFO src.capture: Last token ids: [1998, 373, 12659]
2025-12-29 16:32:11,429 INFO src.capture: Last decoded tokens: [' experience', ' was', ' awful']
2025-12-29 16:32:11,541 INFO src.capture: Last token ids: [1998, 373, 7818]
2025-12-29 16:32:11,542 INFO src.capture: Last decoded tokens: [' experience', ' was', ' terrible']
2025-12-29 16:32:11,574 INFO src.capture: Last token ids: [1998, 373, 12361]
2025-12-29 16:32:11,574 INFO src.capture: Last decoded tokens: [' experience', ' was', ' horrible']
2025-12-29 16:32:11,606 INFO src.capture: Last token ids: [1998, 373, 35483]
2025-12-29 16:32:11,606 INFO src.capture: Last decoded tokens: [' experience', ' was', ' dreadful']
2025-12-29 16:32:11,634 INFO src.capture: Last token ids: [1998, 373, 2089]
2025-12-29 16:32:11,634 INFO src.capture: Last decoded tokens: [' experience', ' was', ' bad']
2025-12-29 16:32:11,664 INFO src.capture: Last token ids: [1998, 373, 3595]
2025-12-29 16:32:11,664 INFO src.capture: Last decoded tokens: [' experience', ' was', ' poor']
2025-12-29 16:32:11,693 INFO src.capture: Last token ids: [1998, 373, 4939]
2025-12-29 16:32:11,694 INFO src.capture: Last decoded tokens: [' experience', ' was', ' weak']
2025-12-29 16:32:11,723 INFO src.capture: Last token ids: [1998, 373, 29956]
2025-12-29 16:32:11,723 INFO src.capture: Last decoded tokens: [' experience', ' was', ' mediocre']
2025-12-29 16:32:11,753 INFO src.capture: Last token ids: [373, 555, 24194]
2025-12-29 16:32:11,753 INFO src.capture: Last decoded tokens: [' was', ' un', 'inspired']
2025-12-29 16:32:11,780 INFO src.capture: Last token ids: [1998, 373, 50146]
2025-12-29 16:32:11,781 INFO src.capture: Last decoded tokens: [' experience', ' was', ' lackluster']
2025-12-29 16:32:11,812 INFO src.capture: Last token ids: [1998, 373, 8788]
2025-12-29 16:32:11,812 INFO src.capture: Last decoded tokens: [' experience', ' was', ' okay']
2025-12-29 16:32:11,840 INFO src.capture: Last token ids: [1998, 373, 3734]
2025-12-29 16:32:11,840 INFO src.capture: Last decoded tokens: [' experience', ' was', ' fine']
2025-12-29 16:32:11,871 INFO src.capture: Last token ids: [1998, 373, 2811]
2025-12-29 16:32:11,871 INFO src.capture: Last decoded tokens: [' experience', ' was', ' average']
2025-12-29 16:32:11,898 INFO src.capture: Last token ids: [1998, 373, 7709]
2025-12-29 16:32:11,898 INFO src.capture: Last decoded tokens: [' experience', ' was', ' decent']
2025-12-29 16:32:11,926 INFO src.capture: Last token ids: [1998, 373, 4735]
2025-12-29 16:32:11,926 INFO src.capture: Last decoded tokens: [' experience', ' was', ' solid']
2025-12-29 16:32:11,955 INFO src.capture: Last token ids: [1998, 373, 15497]
2025-12-29 16:32:11,955 INFO src.capture: Last decoded tokens: [' experience', ' was', ' pleasant']
2025-12-29 16:32:11,984 INFO src.capture: Last token ids: [1998, 373, 922]
2025-12-29 16:32:11,984 INFO src.capture: Last decoded tokens: [' experience', ' was', ' good']
2025-12-29 16:32:12,011 INFO src.capture: Last token ids: [1998, 373, 20050]
2025-12-29 16:32:12,011 INFO src.capture: Last decoded tokens: [' experience', ' was', ' enjoyable']
2025-12-29 16:32:12,041 INFO src.capture: Last token ids: [1998, 373, 19201]
2025-12-29 16:32:12,041 INFO src.capture: Last decoded tokens: [' experience', ' was', ' satisfying']
2025-12-29 16:32:12,068 INFO src.capture: Last token ids: [1998, 373, 1049]
2025-12-29 16:32:12,069 INFO src.capture: Last decoded tokens: [' experience', ' was', ' great']
2025-12-29 16:32:12,098 INFO src.capture: Last token ids: [1998, 373, 8036]
2025-12-29 16:32:12,098 INFO src.capture: Last decoded tokens: [' experience', ' was', ' impressive']
2025-12-29 16:32:12,126 INFO src.capture: Last token ids: [1998, 373, 1913]
2025-12-29 16:32:12,126 INFO src.capture: Last decoded tokens: [' experience', ' was', ' strong']
2025-12-29 16:32:12,154 INFO src.capture: Last token ids: [1998, 373, 6275]
2025-12-29 16:32:12,154 INFO src.capture: Last decoded tokens: [' experience', ' was', ' excellent']
2025-12-29 16:32:12,183 INFO src.capture: Last token ids: [1998, 373, 9623]
2025-12-29 16:32:12,183 INFO src.capture: Last decoded tokens: [' experience', ' was', ' fantastic']
2025-12-29 16:32:12,211 INFO src.capture: Last token ids: [1998, 373, 11660]
2025-12-29 16:32:12,211 INFO src.capture: Last decoded tokens: [' experience', ' was', ' outstanding']
2025-12-29 16:32:12,238 INFO src.capture: Last token ids: [1998, 373, 15313]
2025-12-29 16:32:12,239 INFO src.capture: Last decoded tokens: [' experience', ' was', ' exceptional']
2025-12-29 16:32:12,267 INFO src.capture: Last token ids: [1998, 373, 11004]
2025-12-29 16:32:12,267 INFO src.capture: Last decoded tokens: [' experience', ' was', ' remarkable']
2025-12-29 16:32:12,294 INFO src.capture: Last token ids: [1998, 373, 21840]
2025-12-29 16:32:12,294 INFO src.capture: Last decoded tokens: [' experience', ' was', ' superb']
2025-12-29 16:32:12,322 INFO src.capture: Last token ids: [450, 893, 7617]
2025-12-29 16:32:12,322 INFO src.capture: Last decoded tokens: [' ab', 'ys', 'mal']
2025-12-29 16:32:12,349 INFO src.capture: Last token ids: [2936, 38324, 4680]
2025-12-29 16:32:12,349 INFO src.capture: Last decoded tokens: [' felt', ' atro', 'cious']
2025-12-29 16:32:12,377 INFO src.capture: Last token ids: [8055, 2936, 12659]
2025-12-29 16:32:12,377 INFO src.capture: Last decoded tokens: [' outcome', ' felt', ' awful']
2025-12-29 16:32:12,482 INFO src.capture: Last token ids: [8055, 2936, 7818]
2025-12-29 16:32:12,482 INFO src.capture: Last decoded tokens: [' outcome', ' felt', ' terrible']
2025-12-29 16:32:12,509 INFO src.capture: Last token ids: [8055, 2936, 12361]
2025-12-29 16:32:12,509 INFO src.capture: Last decoded tokens: [' outcome', ' felt', ' horrible']
2025-12-29 16:32:12,535 INFO src.capture: Last token ids: [8055, 2936, 35483]
2025-12-29 16:32:12,535 INFO src.capture: Last decoded tokens: [' outcome', ' felt', ' dreadful']
2025-12-29 16:32:12,566 INFO src.capture: Last token ids: [8055, 2936, 2089]
2025-12-29 16:32:12,566 INFO src.capture: Last decoded tokens: [' outcome', ' felt', ' bad']
2025-12-29 16:32:12,596 INFO src.capture: Last token ids: [8055, 2936, 3595]
2025-12-29 16:32:12,596 INFO src.capture: Last decoded tokens: [' outcome', ' felt', ' poor']
2025-12-29 16:32:12,627 INFO src.capture: Last token ids: [8055, 2936, 4939]
2025-12-29 16:32:12,627 INFO src.capture: Last decoded tokens: [' outcome', ' felt', ' weak']
2025-12-29 16:32:12,654 INFO src.capture: Last token ids: [8055, 2936, 29956]
2025-12-29 16:32:12,654 INFO src.capture: Last decoded tokens: [' outcome', ' felt', ' mediocre']
2025-12-29 16:32:12,685 INFO src.capture: Last token ids: [2936, 555, 24194]
2025-12-29 16:32:12,685 INFO src.capture: Last decoded tokens: [' felt', ' un', 'inspired']
2025-12-29 16:32:12,714 INFO src.capture: Last token ids: [8055, 2936, 50146]
2025-12-29 16:32:12,714 INFO src.capture: Last decoded tokens: [' outcome', ' felt', ' lackluster']
2025-12-29 16:32:12,743 INFO src.capture: Last token ids: [8055, 2936, 8788]
2025-12-29 16:32:12,743 INFO src.capture: Last decoded tokens: [' outcome', ' felt', ' okay']
2025-12-29 16:32:12,770 INFO src.capture: Last token ids: [8055, 2936, 3734]
2025-12-29 16:32:12,771 INFO src.capture: Last decoded tokens: [' outcome', ' felt', ' fine']
2025-12-29 16:32:12,800 INFO src.capture: Last token ids: [8055, 2936, 2811]
2025-12-29 16:32:12,800 INFO src.capture: Last decoded tokens: [' outcome', ' felt', ' average']
2025-12-29 16:32:12,828 INFO src.capture: Last token ids: [8055, 2936, 7709]
2025-12-29 16:32:12,828 INFO src.capture: Last decoded tokens: [' outcome', ' felt', ' decent']
2025-12-29 16:32:12,858 INFO src.capture: Last token ids: [8055, 2936, 4735]
2025-12-29 16:32:12,858 INFO src.capture: Last decoded tokens: [' outcome', ' felt', ' solid']
2025-12-29 16:32:12,885 INFO src.capture: Last token ids: [8055, 2936, 15497]
2025-12-29 16:32:12,885 INFO src.capture: Last decoded tokens: [' outcome', ' felt', ' pleasant']
2025-12-29 16:32:12,914 INFO src.capture: Last token ids: [8055, 2936, 922]
2025-12-29 16:32:12,914 INFO src.capture: Last decoded tokens: [' outcome', ' felt', ' good']
2025-12-29 16:32:12,941 INFO src.capture: Last token ids: [8055, 2936, 20050]
2025-12-29 16:32:12,941 INFO src.capture: Last decoded tokens: [' outcome', ' felt', ' enjoyable']
2025-12-29 16:32:12,970 INFO src.capture: Last token ids: [8055, 2936, 19201]
2025-12-29 16:32:12,970 INFO src.capture: Last decoded tokens: [' outcome', ' felt', ' satisfying']
2025-12-29 16:32:12,999 INFO src.capture: Last token ids: [8055, 2936, 1049]
2025-12-29 16:32:12,999 INFO src.capture: Last decoded tokens: [' outcome', ' felt', ' great']
2025-12-29 16:32:13,028 INFO src.capture: Last token ids: [8055, 2936, 8036]
2025-12-29 16:32:13,029 INFO src.capture: Last decoded tokens: [' outcome', ' felt', ' impressive']
2025-12-29 16:32:13,057 INFO src.capture: Last token ids: [8055, 2936, 1913]
2025-12-29 16:32:13,057 INFO src.capture: Last decoded tokens: [' outcome', ' felt', ' strong']
2025-12-29 16:32:13,085 INFO src.capture: Last token ids: [8055, 2936, 6275]
2025-12-29 16:32:13,085 INFO src.capture: Last decoded tokens: [' outcome', ' felt', ' excellent']
2025-12-29 16:32:13,112 INFO src.capture: Last token ids: [8055, 2936, 9623]
2025-12-29 16:32:13,112 INFO src.capture: Last decoded tokens: [' outcome', ' felt', ' fantastic']
2025-12-29 16:32:13,141 INFO src.capture: Last token ids: [8055, 2936, 11660]
2025-12-29 16:32:13,141 INFO src.capture: Last decoded tokens: [' outcome', ' felt', ' outstanding']
2025-12-29 16:32:13,168 INFO src.capture: Last token ids: [8055, 2936, 15313]
2025-12-29 16:32:13,168 INFO src.capture: Last decoded tokens: [' outcome', ' felt', ' exceptional']
2025-12-29 16:32:13,195 INFO src.capture: Last token ids: [8055, 2936, 11004]
2025-12-29 16:32:13,195 INFO src.capture: Last decoded tokens: [' outcome', ' felt', ' remarkable']
2025-12-29 16:32:13,222 INFO src.capture: Last token ids: [8055, 2936, 21840]
2025-12-29 16:32:13,222 INFO src.capture: Last decoded tokens: [' outcome', ' felt', ' superb']
2025-12-29 16:32:13,248 INFO src.capture: Last token ids: [450, 893, 7617]
2025-12-29 16:32:13,249 INFO src.capture: Last decoded tokens: [' ab', 'ys', 'mal']
2025-12-29 16:32:13,275 INFO src.capture: Last token ids: [373, 38324, 4680]
2025-12-29 16:32:13,275 INFO src.capture: Last decoded tokens: [' was', ' atro', 'cious']
2025-12-29 16:32:13,305 INFO src.capture: Last token ids: [1255, 373, 12659]
2025-12-29 16:32:13,305 INFO src.capture: Last decoded tokens: [' result', ' was', ' awful']
2025-12-29 16:32:13,330 INFO src.capture: Last token ids: [1255, 373, 7818]
2025-12-29 16:32:13,330 INFO src.capture: Last decoded tokens: [' result', ' was', ' terrible']
2025-12-29 16:32:13,356 INFO src.capture: Last token ids: [1255, 373, 12361]
2025-12-29 16:32:13,356 INFO src.capture: Last decoded tokens: [' result', ' was', ' horrible']
2025-12-29 16:32:13,382 INFO src.capture: Last token ids: [1255, 373, 35483]
2025-12-29 16:32:13,382 INFO src.capture: Last decoded tokens: [' result', ' was', ' dreadful']
2025-12-29 16:32:13,409 INFO src.capture: Last token ids: [1255, 373, 2089]
2025-12-29 16:32:13,409 INFO src.capture: Last decoded tokens: [' result', ' was', ' bad']
2025-12-29 16:32:13,436 INFO src.capture: Last token ids: [1255, 373, 3595]
2025-12-29 16:32:13,436 INFO src.capture: Last decoded tokens: [' result', ' was', ' poor']
2025-12-29 16:32:13,463 INFO src.capture: Last token ids: [1255, 373, 4939]
2025-12-29 16:32:13,463 INFO src.capture: Last decoded tokens: [' result', ' was', ' weak']
2025-12-29 16:32:13,491 INFO src.capture: Last token ids: [1255, 373, 29956]
2025-12-29 16:32:13,492 INFO src.capture: Last decoded tokens: [' result', ' was', ' mediocre']
2025-12-29 16:32:13,519 INFO src.capture: Last token ids: [373, 555, 24194]
2025-12-29 16:32:13,519 INFO src.capture: Last decoded tokens: [' was', ' un', 'inspired']
2025-12-29 16:32:13,546 INFO src.capture: Last token ids: [1255, 373, 50146]
2025-12-29 16:32:13,546 INFO src.capture: Last decoded tokens: [' result', ' was', ' lackluster']
2025-12-29 16:32:13,574 INFO src.capture: Last token ids: [1255, 373, 8788]
2025-12-29 16:32:13,575 INFO src.capture: Last decoded tokens: [' result', ' was', ' okay']
2025-12-29 16:32:13,603 INFO src.capture: Last token ids: [1255, 373, 3734]
2025-12-29 16:32:13,604 INFO src.capture: Last decoded tokens: [' result', ' was', ' fine']
2025-12-29 16:32:13,634 INFO src.capture: Last token ids: [1255, 373, 2811]
2025-12-29 16:32:13,634 INFO src.capture: Last decoded tokens: [' result', ' was', ' average']
2025-12-29 16:32:13,662 INFO src.capture: Last token ids: [1255, 373, 7709]
2025-12-29 16:32:13,662 INFO src.capture: Last decoded tokens: [' result', ' was', ' decent']
2025-12-29 16:32:13,689 INFO src.capture: Last token ids: [1255, 373, 4735]
2025-12-29 16:32:13,689 INFO src.capture: Last decoded tokens: [' result', ' was', ' solid']
2025-12-29 16:32:13,718 INFO src.capture: Last token ids: [1255, 373, 15497]
2025-12-29 16:32:13,718 INFO src.capture: Last decoded tokens: [' result', ' was', ' pleasant']
2025-12-29 16:32:13,746 INFO src.capture: Last token ids: [1255, 373, 922]
2025-12-29 16:32:13,746 INFO src.capture: Last decoded tokens: [' result', ' was', ' good']
2025-12-29 16:32:13,773 INFO src.capture: Last token ids: [1255, 373, 20050]
2025-12-29 16:32:13,774 INFO src.capture: Last decoded tokens: [' result', ' was', ' enjoyable']
2025-12-29 16:32:13,801 INFO src.capture: Last token ids: [1255, 373, 19201]
2025-12-29 16:32:13,801 INFO src.capture: Last decoded tokens: [' result', ' was', ' satisfying']
2025-12-29 16:32:13,829 INFO src.capture: Last token ids: [1255, 373, 1049]
2025-12-29 16:32:13,829 INFO src.capture: Last decoded tokens: [' result', ' was', ' great']
2025-12-29 16:32:13,859 INFO src.capture: Last token ids: [1255, 373, 8036]
2025-12-29 16:32:13,859 INFO src.capture: Last decoded tokens: [' result', ' was', ' impressive']
2025-12-29 16:32:13,885 INFO src.capture: Last token ids: [1255, 373, 1913]
2025-12-29 16:32:13,886 INFO src.capture: Last decoded tokens: [' result', ' was', ' strong']
2025-12-29 16:32:13,914 INFO src.capture: Last token ids: [1255, 373, 6275]
2025-12-29 16:32:13,914 INFO src.capture: Last decoded tokens: [' result', ' was', ' excellent']
2025-12-29 16:32:13,941 INFO src.capture: Last token ids: [1255, 373, 9623]
2025-12-29 16:32:13,941 INFO src.capture: Last decoded tokens: [' result', ' was', ' fantastic']
2025-12-29 16:32:13,970 INFO src.capture: Last token ids: [1255, 373, 11660]
2025-12-29 16:32:13,970 INFO src.capture: Last decoded tokens: [' result', ' was', ' outstanding']
2025-12-29 16:32:13,996 INFO src.capture: Last token ids: [1255, 373, 15313]
2025-12-29 16:32:13,996 INFO src.capture: Last decoded tokens: [' result', ' was', ' exceptional']
2025-12-29 16:32:14,023 INFO src.capture: Last token ids: [1255, 373, 11004]
2025-12-29 16:32:14,023 INFO src.capture: Last decoded tokens: [' result', ' was', ' remarkable']
2025-12-29 16:32:14,049 INFO src.capture: Last token ids: [1255, 373, 21840]
2025-12-29 16:32:14,049 INFO src.capture: Last decoded tokens: [' result', ' was', ' superb']
2025-12-29 16:32:14,076 INFO src.capture: Last token ids: [450, 893, 7617]
2025-12-29 16:32:14,076 INFO src.capture: Last decoded tokens: [' ab', 'ys', 'mal']
2025-12-29 16:32:14,183 INFO src.capture: Last token ids: [373, 38324, 4680]
2025-12-29 16:32:14,183 INFO src.capture: Last decoded tokens: [' was', ' atro', 'cious']
2025-12-29 16:32:14,299 INFO src.capture: Last token ids: [670, 373, 12659]
2025-12-29 16:32:14,299 INFO src.capture: Last decoded tokens: [' work', ' was', ' awful']
2025-12-29 16:32:14,329 INFO src.capture: Last token ids: [670, 373, 7818]
2025-12-29 16:32:14,329 INFO src.capture: Last decoded tokens: [' work', ' was', ' terrible']
2025-12-29 16:32:14,359 INFO src.capture: Last token ids: [670, 373, 12361]
2025-12-29 16:32:14,360 INFO src.capture: Last decoded tokens: [' work', ' was', ' horrible']
2025-12-29 16:32:14,387 INFO src.capture: Last token ids: [670, 373, 35483]
2025-12-29 16:32:14,387 INFO src.capture: Last decoded tokens: [' work', ' was', ' dreadful']
2025-12-29 16:32:14,418 INFO src.capture: Last token ids: [670, 373, 2089]
2025-12-29 16:32:14,418 INFO src.capture: Last decoded tokens: [' work', ' was', ' bad']
2025-12-29 16:32:14,447 INFO src.capture: Last token ids: [670, 373, 3595]
2025-12-29 16:32:14,447 INFO src.capture: Last decoded tokens: [' work', ' was', ' poor']
2025-12-29 16:32:14,477 INFO src.capture: Last token ids: [670, 373, 4939]
2025-12-29 16:32:14,477 INFO src.capture: Last decoded tokens: [' work', ' was', ' weak']
2025-12-29 16:32:14,506 INFO src.capture: Last token ids: [670, 373, 29956]
2025-12-29 16:32:14,506 INFO src.capture: Last decoded tokens: [' work', ' was', ' mediocre']
2025-12-29 16:32:14,538 INFO src.capture: Last token ids: [373, 555, 24194]
2025-12-29 16:32:14,538 INFO src.capture: Last decoded tokens: [' was', ' un', 'inspired']
2025-12-29 16:32:14,571 INFO src.capture: Last token ids: [670, 373, 50146]
2025-12-29 16:32:14,571 INFO src.capture: Last decoded tokens: [' work', ' was', ' lackluster']
2025-12-29 16:32:14,602 INFO src.capture: Last token ids: [670, 373, 8788]
2025-12-29 16:32:14,602 INFO src.capture: Last decoded tokens: [' work', ' was', ' okay']
2025-12-29 16:32:14,631 INFO src.capture: Last token ids: [670, 373, 3734]
2025-12-29 16:32:14,631 INFO src.capture: Last decoded tokens: [' work', ' was', ' fine']
2025-12-29 16:32:14,660 INFO src.capture: Last token ids: [670, 373, 2811]
2025-12-29 16:32:14,660 INFO src.capture: Last decoded tokens: [' work', ' was', ' average']
2025-12-29 16:32:14,690 INFO src.capture: Last token ids: [670, 373, 7709]
2025-12-29 16:32:14,690 INFO src.capture: Last decoded tokens: [' work', ' was', ' decent']
2025-12-29 16:32:14,720 INFO src.capture: Last token ids: [670, 373, 4735]
2025-12-29 16:32:14,720 INFO src.capture: Last decoded tokens: [' work', ' was', ' solid']
2025-12-29 16:32:14,749 INFO src.capture: Last token ids: [670, 373, 15497]
2025-12-29 16:32:14,749 INFO src.capture: Last decoded tokens: [' work', ' was', ' pleasant']
2025-12-29 16:32:14,778 INFO src.capture: Last token ids: [670, 373, 922]
2025-12-29 16:32:14,778 INFO src.capture: Last decoded tokens: [' work', ' was', ' good']
2025-12-29 16:32:14,811 INFO src.capture: Last token ids: [670, 373, 20050]
2025-12-29 16:32:14,811 INFO src.capture: Last decoded tokens: [' work', ' was', ' enjoyable']
2025-12-29 16:32:14,842 INFO src.capture: Last token ids: [670, 373, 19201]
2025-12-29 16:32:14,842 INFO src.capture: Last decoded tokens: [' work', ' was', ' satisfying']
2025-12-29 16:32:14,874 INFO src.capture: Last token ids: [670, 373, 1049]
2025-12-29 16:32:14,874 INFO src.capture: Last decoded tokens: [' work', ' was', ' great']
2025-12-29 16:32:14,908 INFO src.capture: Last token ids: [670, 373, 8036]
2025-12-29 16:32:14,908 INFO src.capture: Last decoded tokens: [' work', ' was', ' impressive']
2025-12-29 16:32:14,940 INFO src.capture: Last token ids: [670, 373, 1913]
2025-12-29 16:32:14,940 INFO src.capture: Last decoded tokens: [' work', ' was', ' strong']
2025-12-29 16:32:14,972 INFO src.capture: Last token ids: [670, 373, 6275]
2025-12-29 16:32:14,972 INFO src.capture: Last decoded tokens: [' work', ' was', ' excellent']
2025-12-29 16:32:15,004 INFO src.capture: Last token ids: [670, 373, 9623]
2025-12-29 16:32:15,004 INFO src.capture: Last decoded tokens: [' work', ' was', ' fantastic']
2025-12-29 16:32:15,038 INFO src.capture: Last token ids: [670, 373, 11660]
2025-12-29 16:32:15,041 INFO src.capture: Last decoded tokens: [' work', ' was', ' outstanding']
2025-12-29 16:32:15,071 INFO src.capture: Last token ids: [670, 373, 15313]
2025-12-29 16:32:15,071 INFO src.capture: Last decoded tokens: [' work', ' was', ' exceptional']
2025-12-29 16:32:15,100 INFO src.capture: Last token ids: [670, 373, 11004]
2025-12-29 16:32:15,100 INFO src.capture: Last decoded tokens: [' work', ' was', ' remarkable']
2025-12-29 16:32:15,130 INFO src.capture: Last token ids: [670, 373, 21840]
2025-12-29 16:32:15,131 INFO src.capture: Last decoded tokens: [' work', ' was', ' superb']
2025-12-29 16:32:15,160 INFO src.capture: Last token ids: [450, 893, 7617]
2025-12-29 16:32:15,160 INFO src.capture: Last decoded tokens: [' ab', 'ys', 'mal']
2025-12-29 16:32:15,188 INFO src.capture: Last token ids: [373, 38324, 4680]
2025-12-29 16:32:15,189 INFO src.capture: Last decoded tokens: [' was', ' atro', 'cious']
2025-12-29 16:32:15,216 INFO src.capture: Last token ids: [2854, 373, 12659]
2025-12-29 16:32:15,216 INFO src.capture: Last decoded tokens: [' performance', ' was', ' awful']
2025-12-29 16:32:15,243 INFO src.capture: Last token ids: [2854, 373, 7818]
2025-12-29 16:32:15,243 INFO src.capture: Last decoded tokens: [' performance', ' was', ' terrible']
2025-12-29 16:32:15,270 INFO src.capture: Last token ids: [2854, 373, 12361]
2025-12-29 16:32:15,270 INFO src.capture: Last decoded tokens: [' performance', ' was', ' horrible']
2025-12-29 16:32:15,297 INFO src.capture: Last token ids: [2854, 373, 35483]
2025-12-29 16:32:15,298 INFO src.capture: Last decoded tokens: [' performance', ' was', ' dreadful']
2025-12-29 16:32:15,324 INFO src.capture: Last token ids: [2854, 373, 2089]
2025-12-29 16:32:15,324 INFO src.capture: Last decoded tokens: [' performance', ' was', ' bad']
2025-12-29 16:32:15,351 INFO src.capture: Last token ids: [2854, 373, 3595]
2025-12-29 16:32:15,351 INFO src.capture: Last decoded tokens: [' performance', ' was', ' poor']
2025-12-29 16:32:15,378 INFO src.capture: Last token ids: [2854, 373, 4939]
2025-12-29 16:32:15,378 INFO src.capture: Last decoded tokens: [' performance', ' was', ' weak']
2025-12-29 16:32:15,405 INFO src.capture: Last token ids: [2854, 373, 29956]
2025-12-29 16:32:15,405 INFO src.capture: Last decoded tokens: [' performance', ' was', ' mediocre']
2025-12-29 16:32:15,431 INFO src.capture: Last token ids: [373, 555, 24194]
2025-12-29 16:32:15,431 INFO src.capture: Last decoded tokens: [' was', ' un', 'inspired']
2025-12-29 16:32:15,457 INFO src.capture: Last token ids: [2854, 373, 50146]
2025-12-29 16:32:15,458 INFO src.capture: Last decoded tokens: [' performance', ' was', ' lackluster']
2025-12-29 16:32:15,487 INFO src.capture: Last token ids: [2854, 373, 8788]
2025-12-29 16:32:15,487 INFO src.capture: Last decoded tokens: [' performance', ' was', ' okay']
2025-12-29 16:32:15,514 INFO src.capture: Last token ids: [2854, 373, 3734]
2025-12-29 16:32:15,514 INFO src.capture: Last decoded tokens: [' performance', ' was', ' fine']
2025-12-29 16:32:15,540 INFO src.capture: Last token ids: [2854, 373, 2811]
2025-12-29 16:32:15,540 INFO src.capture: Last decoded tokens: [' performance', ' was', ' average']
2025-12-29 16:32:15,567 INFO src.capture: Last token ids: [2854, 373, 7709]
2025-12-29 16:32:15,567 INFO src.capture: Last decoded tokens: [' performance', ' was', ' decent']
2025-12-29 16:32:15,596 INFO src.capture: Last token ids: [2854, 373, 4735]
2025-12-29 16:32:15,596 INFO src.capture: Last decoded tokens: [' performance', ' was', ' solid']
2025-12-29 16:32:15,623 INFO src.capture: Last token ids: [2854, 373, 15497]
2025-12-29 16:32:15,623 INFO src.capture: Last decoded tokens: [' performance', ' was', ' pleasant']
2025-12-29 16:32:15,650 INFO src.capture: Last token ids: [2854, 373, 922]
2025-12-29 16:32:15,650 INFO src.capture: Last decoded tokens: [' performance', ' was', ' good']
2025-12-29 16:32:15,676 INFO src.capture: Last token ids: [2854, 373, 20050]
2025-12-29 16:32:15,677 INFO src.capture: Last decoded tokens: [' performance', ' was', ' enjoyable']
2025-12-29 16:32:15,703 INFO src.capture: Last token ids: [2854, 373, 19201]
2025-12-29 16:32:15,703 INFO src.capture: Last decoded tokens: [' performance', ' was', ' satisfying']
2025-12-29 16:32:15,730 INFO src.capture: Last token ids: [2854, 373, 1049]
2025-12-29 16:32:15,730 INFO src.capture: Last decoded tokens: [' performance', ' was', ' great']
2025-12-29 16:32:15,757 INFO src.capture: Last token ids: [2854, 373, 8036]
2025-12-29 16:32:15,757 INFO src.capture: Last decoded tokens: [' performance', ' was', ' impressive']
2025-12-29 16:32:15,784 INFO src.capture: Last token ids: [2854, 373, 1913]
2025-12-29 16:32:15,784 INFO src.capture: Last decoded tokens: [' performance', ' was', ' strong']
2025-12-29 16:32:15,812 INFO src.capture: Last token ids: [2854, 373, 6275]
2025-12-29 16:32:15,812 INFO src.capture: Last decoded tokens: [' performance', ' was', ' excellent']
2025-12-29 16:32:15,841 INFO src.capture: Last token ids: [2854, 373, 9623]
2025-12-29 16:32:15,841 INFO src.capture: Last decoded tokens: [' performance', ' was', ' fantastic']
2025-12-29 16:32:15,870 INFO src.capture: Last token ids: [2854, 373, 11660]
2025-12-29 16:32:15,870 INFO src.capture: Last decoded tokens: [' performance', ' was', ' outstanding']
2025-12-29 16:32:15,901 INFO src.capture: Last token ids: [2854, 373, 15313]
2025-12-29 16:32:15,901 INFO src.capture: Last decoded tokens: [' performance', ' was', ' exceptional']
2025-12-29 16:32:15,931 INFO src.capture: Last token ids: [2854, 373, 11004]
2025-12-29 16:32:15,931 INFO src.capture: Last decoded tokens: [' performance', ' was', ' remarkable']
2025-12-29 16:32:15,960 INFO src.capture: Last token ids: [2854, 373, 21840]
2025-12-29 16:32:15,960 INFO src.capture: Last decoded tokens: [' performance', ' was', ' superb']
2025-12-29 16:32:15,989 INFO src.capture: Last token ids: [450, 893, 7617]
2025-12-29 16:32:15,989 INFO src.capture: Last decoded tokens: [' ab', 'ys', 'mal']
2025-12-29 16:32:16,018 INFO src.capture: Last token ids: [3947, 38324, 4680]
2025-12-29 16:32:16,018 INFO src.capture: Last decoded tokens: [' seemed', ' atro', 'cious']
2025-12-29 16:32:16,050 INFO src.capture: Last token ids: [4069, 3947, 12659]
2025-12-29 16:32:16,050 INFO src.capture: Last decoded tokens: [' behavior', ' seemed', ' awful']
2025-12-29 16:32:16,077 INFO src.capture: Last token ids: [4069, 3947, 7818]
2025-12-29 16:32:16,077 INFO src.capture: Last decoded tokens: [' behavior', ' seemed', ' terrible']
2025-12-29 16:32:16,103 INFO src.capture: Last token ids: [4069, 3947, 12361]
2025-12-29 16:32:16,104 INFO src.capture: Last decoded tokens: [' behavior', ' seemed', ' horrible']
2025-12-29 16:32:16,130 INFO src.capture: Last token ids: [4069, 3947, 35483]
2025-12-29 16:32:16,130 INFO src.capture: Last decoded tokens: [' behavior', ' seemed', ' dreadful']
2025-12-29 16:32:16,158 INFO src.capture: Last token ids: [4069, 3947, 2089]
2025-12-29 16:32:16,159 INFO src.capture: Last decoded tokens: [' behavior', ' seemed', ' bad']
2025-12-29 16:32:16,185 INFO src.capture: Last token ids: [4069, 3947, 3595]
2025-12-29 16:32:16,185 INFO src.capture: Last decoded tokens: [' behavior', ' seemed', ' poor']
2025-12-29 16:32:16,212 INFO src.capture: Last token ids: [4069, 3947, 4939]
2025-12-29 16:32:16,213 INFO src.capture: Last decoded tokens: [' behavior', ' seemed', ' weak']
2025-12-29 16:32:16,239 INFO src.capture: Last token ids: [4069, 3947, 29956]
2025-12-29 16:32:16,239 INFO src.capture: Last decoded tokens: [' behavior', ' seemed', ' mediocre']
2025-12-29 16:32:16,271 INFO src.capture: Last token ids: [3947, 555, 24194]
2025-12-29 16:32:16,271 INFO src.capture: Last decoded tokens: [' seemed', ' un', 'inspired']
2025-12-29 16:32:16,302 INFO src.capture: Last token ids: [4069, 3947, 50146]
2025-12-29 16:32:16,302 INFO src.capture: Last decoded tokens: [' behavior', ' seemed', ' lackluster']
2025-12-29 16:32:16,332 INFO src.capture: Last token ids: [4069, 3947, 8788]
2025-12-29 16:32:16,332 INFO src.capture: Last decoded tokens: [' behavior', ' seemed', ' okay']
2025-12-29 16:32:16,360 INFO src.capture: Last token ids: [4069, 3947, 3734]
2025-12-29 16:32:16,360 INFO src.capture: Last decoded tokens: [' behavior', ' seemed', ' fine']
2025-12-29 16:32:16,390 INFO src.capture: Last token ids: [4069, 3947, 2811]
2025-12-29 16:32:16,390 INFO src.capture: Last decoded tokens: [' behavior', ' seemed', ' average']
2025-12-29 16:32:16,419 INFO src.capture: Last token ids: [4069, 3947, 7709]
2025-12-29 16:32:16,419 INFO src.capture: Last decoded tokens: [' behavior', ' seemed', ' decent']
2025-12-29 16:32:16,446 INFO src.capture: Last token ids: [4069, 3947, 4735]
2025-12-29 16:32:16,447 INFO src.capture: Last decoded tokens: [' behavior', ' seemed', ' solid']
2025-12-29 16:32:16,474 INFO src.capture: Last token ids: [4069, 3947, 15497]
2025-12-29 16:32:16,475 INFO src.capture: Last decoded tokens: [' behavior', ' seemed', ' pleasant']
2025-12-29 16:32:16,505 INFO src.capture: Last token ids: [4069, 3947, 922]
2025-12-29 16:32:16,505 INFO src.capture: Last decoded tokens: [' behavior', ' seemed', ' good']
2025-12-29 16:32:16,537 INFO src.capture: Last token ids: [4069, 3947, 20050]
2025-12-29 16:32:16,537 INFO src.capture: Last decoded tokens: [' behavior', ' seemed', ' enjoyable']
2025-12-29 16:32:16,567 INFO src.capture: Last token ids: [4069, 3947, 19201]
2025-12-29 16:32:16,568 INFO src.capture: Last decoded tokens: [' behavior', ' seemed', ' satisfying']
2025-12-29 16:32:16,597 INFO src.capture: Last token ids: [4069, 3947, 1049]
2025-12-29 16:32:16,597 INFO src.capture: Last decoded tokens: [' behavior', ' seemed', ' great']
2025-12-29 16:32:16,627 INFO src.capture: Last token ids: [4069, 3947, 8036]
2025-12-29 16:32:16,627 INFO src.capture: Last decoded tokens: [' behavior', ' seemed', ' impressive']
2025-12-29 16:32:16,655 INFO src.capture: Last token ids: [4069, 3947, 1913]
2025-12-29 16:32:16,655 INFO src.capture: Last decoded tokens: [' behavior', ' seemed', ' strong']
2025-12-29 16:32:16,685 INFO src.capture: Last token ids: [4069, 3947, 6275]
2025-12-29 16:32:16,685 INFO src.capture: Last decoded tokens: [' behavior', ' seemed', ' excellent']
2025-12-29 16:32:16,713 INFO src.capture: Last token ids: [4069, 3947, 9623]
2025-12-29 16:32:16,713 INFO src.capture: Last decoded tokens: [' behavior', ' seemed', ' fantastic']
2025-12-29 16:32:16,743 INFO src.capture: Last token ids: [4069, 3947, 11660]
2025-12-29 16:32:16,743 INFO src.capture: Last decoded tokens: [' behavior', ' seemed', ' outstanding']
2025-12-29 16:32:16,770 INFO src.capture: Last token ids: [4069, 3947, 15313]
2025-12-29 16:32:16,770 INFO src.capture: Last decoded tokens: [' behavior', ' seemed', ' exceptional']
2025-12-29 16:32:16,798 INFO src.capture: Last token ids: [4069, 3947, 11004]
2025-12-29 16:32:16,798 INFO src.capture: Last decoded tokens: [' behavior', ' seemed', ' remarkable']
2025-12-29 16:32:16,826 INFO src.capture: Last token ids: [4069, 3947, 21840]
2025-12-29 16:32:16,826 INFO src.capture: Last decoded tokens: [' behavior', ' seemed', ' superb']
2025-12-29 16:32:16,856 INFO src.capture: Last token ids: [450, 893, 7617]
2025-12-29 16:32:16,856 INFO src.capture: Last decoded tokens: [' ab', 'ys', 'mal']
2025-12-29 16:32:16,887 INFO src.capture: Last token ids: [373, 38324, 4680]
2025-12-29 16:32:16,887 INFO src.capture: Last decoded tokens: [' was', ' atro', 'cious']
2025-12-29 16:32:16,919 INFO src.capture: Last token ids: [2882, 373, 12659]
2025-12-29 16:32:16,919 INFO src.capture: Last decoded tokens: [' response', ' was', ' awful']
2025-12-29 16:32:16,948 INFO src.capture: Last token ids: [2882, 373, 7818]
2025-12-29 16:32:16,948 INFO src.capture: Last decoded tokens: [' response', ' was', ' terrible']
2025-12-29 16:32:16,979 INFO src.capture: Last token ids: [2882, 373, 12361]
2025-12-29 16:32:16,979 INFO src.capture: Last decoded tokens: [' response', ' was', ' horrible']
2025-12-29 16:32:17,009 INFO src.capture: Last token ids: [2882, 373, 35483]
2025-12-29 16:32:17,009 INFO src.capture: Last decoded tokens: [' response', ' was', ' dreadful']
2025-12-29 16:32:17,039 INFO src.capture: Last token ids: [2882, 373, 2089]
2025-12-29 16:32:17,039 INFO src.capture: Last decoded tokens: [' response', ' was', ' bad']
2025-12-29 16:32:17,066 INFO src.capture: Last token ids: [2882, 373, 3595]
2025-12-29 16:32:17,066 INFO src.capture: Last decoded tokens: [' response', ' was', ' poor']
2025-12-29 16:32:17,094 INFO src.capture: Last token ids: [2882, 373, 4939]
2025-12-29 16:32:17,095 INFO src.capture: Last decoded tokens: [' response', ' was', ' weak']
2025-12-29 16:32:17,122 INFO src.capture: Last token ids: [2882, 373, 29956]
2025-12-29 16:32:17,122 INFO src.capture: Last decoded tokens: [' response', ' was', ' mediocre']
2025-12-29 16:32:17,151 INFO src.capture: Last token ids: [373, 555, 24194]
2025-12-29 16:32:17,152 INFO src.capture: Last decoded tokens: [' was', ' un', 'inspired']
2025-12-29 16:32:17,182 INFO src.capture: Last token ids: [2882, 373, 50146]
2025-12-29 16:32:17,182 INFO src.capture: Last decoded tokens: [' response', ' was', ' lackluster']
2025-12-29 16:32:17,214 INFO src.capture: Last token ids: [2882, 373, 8788]
2025-12-29 16:32:17,214 INFO src.capture: Last decoded tokens: [' response', ' was', ' okay']
2025-12-29 16:32:17,243 INFO src.capture: Last token ids: [2882, 373, 3734]
2025-12-29 16:32:17,243 INFO src.capture: Last decoded tokens: [' response', ' was', ' fine']
2025-12-29 16:32:17,271 INFO src.capture: Last token ids: [2882, 373, 2811]
2025-12-29 16:32:17,271 INFO src.capture: Last decoded tokens: [' response', ' was', ' average']
2025-12-29 16:32:17,301 INFO src.capture: Last token ids: [2882, 373, 7709]
2025-12-29 16:32:17,301 INFO src.capture: Last decoded tokens: [' response', ' was', ' decent']
2025-12-29 16:32:17,330 INFO src.capture: Last token ids: [2882, 373, 4735]
2025-12-29 16:32:17,330 INFO src.capture: Last decoded tokens: [' response', ' was', ' solid']
2025-12-29 16:32:17,358 INFO src.capture: Last token ids: [2882, 373, 15497]
2025-12-29 16:32:17,358 INFO src.capture: Last decoded tokens: [' response', ' was', ' pleasant']
2025-12-29 16:32:17,387 INFO src.capture: Last token ids: [2882, 373, 922]
2025-12-29 16:32:17,387 INFO src.capture: Last decoded tokens: [' response', ' was', ' good']
2025-12-29 16:32:17,417 INFO src.capture: Last token ids: [2882, 373, 20050]
2025-12-29 16:32:17,417 INFO src.capture: Last decoded tokens: [' response', ' was', ' enjoyable']
2025-12-29 16:32:17,446 INFO src.capture: Last token ids: [2882, 373, 19201]
2025-12-29 16:32:17,446 INFO src.capture: Last decoded tokens: [' response', ' was', ' satisfying']
2025-12-29 16:32:17,473 INFO src.capture: Last token ids: [2882, 373, 1049]
2025-12-29 16:32:17,473 INFO src.capture: Last decoded tokens: [' response', ' was', ' great']
2025-12-29 16:32:17,500 INFO src.capture: Last token ids: [2882, 373, 8036]
2025-12-29 16:32:17,500 INFO src.capture: Last decoded tokens: [' response', ' was', ' impressive']
2025-12-29 16:32:17,527 INFO src.capture: Last token ids: [2882, 373, 1913]
2025-12-29 16:32:17,527 INFO src.capture: Last decoded tokens: [' response', ' was', ' strong']
2025-12-29 16:32:17,554 INFO src.capture: Last token ids: [2882, 373, 6275]
2025-12-29 16:32:17,554 INFO src.capture: Last decoded tokens: [' response', ' was', ' excellent']
2025-12-29 16:32:17,581 INFO src.capture: Last token ids: [2882, 373, 9623]
2025-12-29 16:32:17,581 INFO src.capture: Last decoded tokens: [' response', ' was', ' fantastic']
2025-12-29 16:32:17,608 INFO src.capture: Last token ids: [2882, 373, 11660]
2025-12-29 16:32:17,608 INFO src.capture: Last decoded tokens: [' response', ' was', ' outstanding']
2025-12-29 16:32:17,636 INFO src.capture: Last token ids: [2882, 373, 15313]
2025-12-29 16:32:17,637 INFO src.capture: Last decoded tokens: [' response', ' was', ' exceptional']
2025-12-29 16:32:17,663 INFO src.capture: Last token ids: [2882, 373, 11004]
2025-12-29 16:32:17,663 INFO src.capture: Last decoded tokens: [' response', ' was', ' remarkable']
2025-12-29 16:32:17,691 INFO src.capture: Last token ids: [2882, 373, 21840]
2025-12-29 16:32:17,691 INFO src.capture: Last decoded tokens: [' response', ' was', ' superb']
2025-12-29 16:32:17,719 INFO src.capture: Last token ids: [450, 893, 7617]
2025-12-29 16:32:17,719 INFO src.capture: Last decoded tokens: [' ab', 'ys', 'mal']
2025-12-29 16:32:17,748 INFO src.capture: Last token ids: [373, 38324, 4680]
2025-12-29 16:32:17,748 INFO src.capture: Last decoded tokens: [' was', ' atro', 'cious']
2025-12-29 16:32:17,778 INFO src.capture: Last token ids: [12660, 373, 12659]
2025-12-29 16:32:17,778 INFO src.capture: Last decoded tokens: [' evaluation', ' was', ' awful']
2025-12-29 16:32:17,805 INFO src.capture: Last token ids: [12660, 373, 7818]
2025-12-29 16:32:17,805 INFO src.capture: Last decoded tokens: [' evaluation', ' was', ' terrible']
2025-12-29 16:32:17,833 INFO src.capture: Last token ids: [12660, 373, 12361]
2025-12-29 16:32:17,833 INFO src.capture: Last decoded tokens: [' evaluation', ' was', ' horrible']
2025-12-29 16:32:17,861 INFO src.capture: Last token ids: [12660, 373, 35483]
2025-12-29 16:32:17,861 INFO src.capture: Last decoded tokens: [' evaluation', ' was', ' dreadful']
2025-12-29 16:32:17,890 INFO src.capture: Last token ids: [12660, 373, 2089]
2025-12-29 16:32:17,890 INFO src.capture: Last decoded tokens: [' evaluation', ' was', ' bad']
2025-12-29 16:32:17,916 INFO src.capture: Last token ids: [12660, 373, 3595]
2025-12-29 16:32:17,916 INFO src.capture: Last decoded tokens: [' evaluation', ' was', ' poor']
2025-12-29 16:32:17,944 INFO src.capture: Last token ids: [12660, 373, 4939]
2025-12-29 16:32:17,944 INFO src.capture: Last decoded tokens: [' evaluation', ' was', ' weak']
2025-12-29 16:32:17,971 INFO src.capture: Last token ids: [12660, 373, 29956]
2025-12-29 16:32:17,971 INFO src.capture: Last decoded tokens: [' evaluation', ' was', ' mediocre']
2025-12-29 16:32:17,998 INFO src.capture: Last token ids: [373, 555, 24194]
2025-12-29 16:32:17,998 INFO src.capture: Last decoded tokens: [' was', ' un', 'inspired']
2025-12-29 16:32:18,024 INFO src.capture: Last token ids: [12660, 373, 50146]
2025-12-29 16:32:18,025 INFO src.capture: Last decoded tokens: [' evaluation', ' was', ' lackluster']
2025-12-29 16:32:18,054 INFO src.capture: Last token ids: [12660, 373, 8788]
2025-12-29 16:32:18,055 INFO src.capture: Last decoded tokens: [' evaluation', ' was', ' okay']
2025-12-29 16:32:18,081 INFO src.capture: Last token ids: [12660, 373, 3734]
2025-12-29 16:32:18,081 INFO src.capture: Last decoded tokens: [' evaluation', ' was', ' fine']
2025-12-29 16:32:18,108 INFO src.capture: Last token ids: [12660, 373, 2811]
2025-12-29 16:32:18,108 INFO src.capture: Last decoded tokens: [' evaluation', ' was', ' average']
2025-12-29 16:32:18,135 INFO src.capture: Last token ids: [12660, 373, 7709]
2025-12-29 16:32:18,136 INFO src.capture: Last decoded tokens: [' evaluation', ' was', ' decent']
2025-12-29 16:32:18,164 INFO src.capture: Last token ids: [12660, 373, 4735]
2025-12-29 16:32:18,164 INFO src.capture: Last decoded tokens: [' evaluation', ' was', ' solid']
2025-12-29 16:32:18,191 INFO src.capture: Last token ids: [12660, 373, 15497]
2025-12-29 16:32:18,191 INFO src.capture: Last decoded tokens: [' evaluation', ' was', ' pleasant']
2025-12-29 16:32:18,217 INFO src.capture: Last token ids: [12660, 373, 922]
2025-12-29 16:32:18,218 INFO src.capture: Last decoded tokens: [' evaluation', ' was', ' good']
2025-12-29 16:32:18,244 INFO src.capture: Last token ids: [12660, 373, 20050]
2025-12-29 16:32:18,244 INFO src.capture: Last decoded tokens: [' evaluation', ' was', ' enjoyable']
2025-12-29 16:32:18,271 INFO src.capture: Last token ids: [12660, 373, 19201]
2025-12-29 16:32:18,271 INFO src.capture: Last decoded tokens: [' evaluation', ' was', ' satisfying']
2025-12-29 16:32:18,298 INFO src.capture: Last token ids: [12660, 373, 1049]
2025-12-29 16:32:18,298 INFO src.capture: Last decoded tokens: [' evaluation', ' was', ' great']
2025-12-29 16:32:18,325 INFO src.capture: Last token ids: [12660, 373, 8036]
2025-12-29 16:32:18,325 INFO src.capture: Last decoded tokens: [' evaluation', ' was', ' impressive']
2025-12-29 16:32:18,351 INFO src.capture: Last token ids: [12660, 373, 1913]
2025-12-29 16:32:18,352 INFO src.capture: Last decoded tokens: [' evaluation', ' was', ' strong']
2025-12-29 16:32:18,378 INFO src.capture: Last token ids: [12660, 373, 6275]
2025-12-29 16:32:18,378 INFO src.capture: Last decoded tokens: [' evaluation', ' was', ' excellent']
2025-12-29 16:32:18,405 INFO src.capture: Last token ids: [12660, 373, 9623]
2025-12-29 16:32:18,405 INFO src.capture: Last decoded tokens: [' evaluation', ' was', ' fantastic']
2025-12-29 16:32:18,432 INFO src.capture: Last token ids: [12660, 373, 11660]
2025-12-29 16:32:18,432 INFO src.capture: Last decoded tokens: [' evaluation', ' was', ' outstanding']
2025-12-29 16:32:18,460 INFO src.capture: Last token ids: [12660, 373, 15313]
2025-12-29 16:32:18,460 INFO src.capture: Last decoded tokens: [' evaluation', ' was', ' exceptional']
2025-12-29 16:32:18,488 INFO src.capture: Last token ids: [12660, 373, 11004]
2025-12-29 16:32:18,488 INFO src.capture: Last decoded tokens: [' evaluation', ' was', ' remarkable']
2025-12-29 16:32:18,517 INFO src.capture: Last token ids: [12660, 373, 21840]
2025-12-29 16:32:18,518 INFO src.capture: Last decoded tokens: [' evaluation', ' was', ' superb']
2025-12-29 16:32:18,546 INFO src.capture: Last token ids: [450, 893, 7617]
2025-12-29 16:32:18,546 INFO src.capture: Last decoded tokens: [' ab', 'ys', 'mal']
2025-12-29 16:32:18,576 INFO src.capture: Last token ids: [373, 38324, 4680]
2025-12-29 16:32:18,576 INFO src.capture: Last decoded tokens: [' was', ' atro', 'cious']
2025-12-29 16:32:18,612 INFO src.capture: Last token ids: [10647, 373, 12659]
2025-12-29 16:32:18,612 INFO src.capture: Last decoded tokens: [' impression', ' was', ' awful']
2025-12-29 16:32:18,640 INFO src.capture: Last token ids: [10647, 373, 7818]
2025-12-29 16:32:18,640 INFO src.capture: Last decoded tokens: [' impression', ' was', ' terrible']
2025-12-29 16:32:18,670 INFO src.capture: Last token ids: [10647, 373, 12361]
2025-12-29 16:32:18,670 INFO src.capture: Last decoded tokens: [' impression', ' was', ' horrible']
2025-12-29 16:32:18,699 INFO src.capture: Last token ids: [10647, 373, 35483]
2025-12-29 16:32:18,699 INFO src.capture: Last decoded tokens: [' impression', ' was', ' dreadful']
2025-12-29 16:32:18,727 INFO src.capture: Last token ids: [10647, 373, 2089]
2025-12-29 16:32:18,727 INFO src.capture: Last decoded tokens: [' impression', ' was', ' bad']
2025-12-29 16:32:18,757 INFO src.capture: Last token ids: [10647, 373, 3595]
2025-12-29 16:32:18,757 INFO src.capture: Last decoded tokens: [' impression', ' was', ' poor']
2025-12-29 16:32:18,787 INFO src.capture: Last token ids: [10647, 373, 4939]
2025-12-29 16:32:18,787 INFO src.capture: Last decoded tokens: [' impression', ' was', ' weak']
2025-12-29 16:32:18,818 INFO src.capture: Last token ids: [10647, 373, 29956]
2025-12-29 16:32:18,819 INFO src.capture: Last decoded tokens: [' impression', ' was', ' mediocre']
2025-12-29 16:32:18,850 INFO src.capture: Last token ids: [373, 555, 24194]
2025-12-29 16:32:18,850 INFO src.capture: Last decoded tokens: [' was', ' un', 'inspired']
2025-12-29 16:32:18,879 INFO src.capture: Last token ids: [10647, 373, 50146]
2025-12-29 16:32:18,879 INFO src.capture: Last decoded tokens: [' impression', ' was', ' lackluster']
2025-12-29 16:32:18,910 INFO src.capture: Last token ids: [10647, 373, 8788]
2025-12-29 16:32:18,910 INFO src.capture: Last decoded tokens: [' impression', ' was', ' okay']
2025-12-29 16:32:18,939 INFO src.capture: Last token ids: [10647, 373, 3734]
2025-12-29 16:32:18,939 INFO src.capture: Last decoded tokens: [' impression', ' was', ' fine']
2025-12-29 16:32:18,970 INFO src.capture: Last token ids: [10647, 373, 2811]
2025-12-29 16:32:18,971 INFO src.capture: Last decoded tokens: [' impression', ' was', ' average']
2025-12-29 16:32:19,001 INFO src.capture: Last token ids: [10647, 373, 7709]
2025-12-29 16:32:19,001 INFO src.capture: Last decoded tokens: [' impression', ' was', ' decent']
2025-12-29 16:32:19,033 INFO src.capture: Last token ids: [10647, 373, 4735]
2025-12-29 16:32:19,033 INFO src.capture: Last decoded tokens: [' impression', ' was', ' solid']
2025-12-29 16:32:19,062 INFO src.capture: Last token ids: [10647, 373, 15497]
2025-12-29 16:32:19,062 INFO src.capture: Last decoded tokens: [' impression', ' was', ' pleasant']
2025-12-29 16:32:19,090 INFO src.capture: Last token ids: [10647, 373, 922]
2025-12-29 16:32:19,090 INFO src.capture: Last decoded tokens: [' impression', ' was', ' good']
2025-12-29 16:32:19,121 INFO src.capture: Last token ids: [10647, 373, 20050]
2025-12-29 16:32:19,121 INFO src.capture: Last decoded tokens: [' impression', ' was', ' enjoyable']
2025-12-29 16:32:19,151 INFO src.capture: Last token ids: [10647, 373, 19201]
2025-12-29 16:32:19,151 INFO src.capture: Last decoded tokens: [' impression', ' was', ' satisfying']
2025-12-29 16:32:19,181 INFO src.capture: Last token ids: [10647, 373, 1049]
2025-12-29 16:32:19,181 INFO src.capture: Last decoded tokens: [' impression', ' was', ' great']
2025-12-29 16:32:19,211 INFO src.capture: Last token ids: [10647, 373, 8036]
2025-12-29 16:32:19,211 INFO src.capture: Last decoded tokens: [' impression', ' was', ' impressive']
2025-12-29 16:32:19,239 INFO src.capture: Last token ids: [10647, 373, 1913]
2025-12-29 16:32:19,240 INFO src.capture: Last decoded tokens: [' impression', ' was', ' strong']
2025-12-29 16:32:19,272 INFO src.capture: Last token ids: [10647, 373, 6275]
2025-12-29 16:32:19,272 INFO src.capture: Last decoded tokens: [' impression', ' was', ' excellent']
2025-12-29 16:32:19,302 INFO src.capture: Last token ids: [10647, 373, 9623]
2025-12-29 16:32:19,303 INFO src.capture: Last decoded tokens: [' impression', ' was', ' fantastic']
2025-12-29 16:32:19,334 INFO src.capture: Last token ids: [10647, 373, 11660]
2025-12-29 16:32:19,334 INFO src.capture: Last decoded tokens: [' impression', ' was', ' outstanding']
2025-12-29 16:32:19,363 INFO src.capture: Last token ids: [10647, 373, 15313]
2025-12-29 16:32:19,363 INFO src.capture: Last decoded tokens: [' impression', ' was', ' exceptional']
2025-12-29 16:32:19,397 INFO src.capture: Last token ids: [10647, 373, 11004]
2025-12-29 16:32:19,397 INFO src.capture: Last decoded tokens: [' impression', ' was', ' remarkable']
2025-12-29 16:32:19,426 INFO src.capture: Last token ids: [10647, 373, 21840]
2025-12-29 16:32:19,426 INFO src.capture: Last decoded tokens: [' impression', ' was', ' superb']
2025-12-29 16:32:19,457 INFO src.capture: Last token ids: [450, 893, 7617]
2025-12-29 16:32:19,457 INFO src.capture: Last decoded tokens: [' ab', 'ys', 'mal']
2025-12-29 16:32:19,486 INFO src.capture: Last token ids: [373, 38324, 4680]
2025-12-29 16:32:19,486 INFO src.capture: Last decoded tokens: [' was', ' atro', 'cious']
2025-12-29 16:32:19,521 INFO src.capture: Last token ids: [8922, 373, 12659]
2025-12-29 16:32:19,521 INFO src.capture: Last decoded tokens: [' assessment', ' was', ' awful']
2025-12-29 16:32:19,553 INFO src.capture: Last token ids: [8922, 373, 7818]
2025-12-29 16:32:19,553 INFO src.capture: Last decoded tokens: [' assessment', ' was', ' terrible']
2025-12-29 16:32:19,585 INFO src.capture: Last token ids: [8922, 373, 12361]
2025-12-29 16:32:19,585 INFO src.capture: Last decoded tokens: [' assessment', ' was', ' horrible']
2025-12-29 16:32:19,615 INFO src.capture: Last token ids: [8922, 373, 35483]
2025-12-29 16:32:19,615 INFO src.capture: Last decoded tokens: [' assessment', ' was', ' dreadful']
2025-12-29 16:32:19,643 INFO src.capture: Last token ids: [8922, 373, 2089]
2025-12-29 16:32:19,643 INFO src.capture: Last decoded tokens: [' assessment', ' was', ' bad']
2025-12-29 16:32:19,673 INFO src.capture: Last token ids: [8922, 373, 3595]
2025-12-29 16:32:19,674 INFO src.capture: Last decoded tokens: [' assessment', ' was', ' poor']
2025-12-29 16:32:19,704 INFO src.capture: Last token ids: [8922, 373, 4939]
2025-12-29 16:32:19,704 INFO src.capture: Last decoded tokens: [' assessment', ' was', ' weak']
2025-12-29 16:32:19,734 INFO src.capture: Last token ids: [8922, 373, 29956]
2025-12-29 16:32:19,734 INFO src.capture: Last decoded tokens: [' assessment', ' was', ' mediocre']
2025-12-29 16:32:19,764 INFO src.capture: Last token ids: [373, 555, 24194]
2025-12-29 16:32:19,765 INFO src.capture: Last decoded tokens: [' was', ' un', 'inspired']
2025-12-29 16:32:19,793 INFO src.capture: Last token ids: [8922, 373, 50146]
2025-12-29 16:32:19,793 INFO src.capture: Last decoded tokens: [' assessment', ' was', ' lackluster']
2025-12-29 16:32:19,822 INFO src.capture: Last token ids: [8922, 373, 8788]
2025-12-29 16:32:19,822 INFO src.capture: Last decoded tokens: [' assessment', ' was', ' okay']
2025-12-29 16:32:19,849 INFO src.capture: Last token ids: [8922, 373, 3734]
2025-12-29 16:32:19,849 INFO src.capture: Last decoded tokens: [' assessment', ' was', ' fine']
2025-12-29 16:32:19,879 INFO src.capture: Last token ids: [8922, 373, 2811]
2025-12-29 16:32:19,880 INFO src.capture: Last decoded tokens: [' assessment', ' was', ' average']
2025-12-29 16:32:19,911 INFO src.capture: Last token ids: [8922, 373, 7709]
2025-12-29 16:32:19,911 INFO src.capture: Last decoded tokens: [' assessment', ' was', ' decent']
2025-12-29 16:32:19,939 INFO src.capture: Last token ids: [8922, 373, 4735]
2025-12-29 16:32:19,939 INFO src.capture: Last decoded tokens: [' assessment', ' was', ' solid']
2025-12-29 16:32:19,968 INFO src.capture: Last token ids: [8922, 373, 15497]
2025-12-29 16:32:19,968 INFO src.capture: Last decoded tokens: [' assessment', ' was', ' pleasant']
2025-12-29 16:32:20,001 INFO src.capture: Last token ids: [8922, 373, 922]
2025-12-29 16:32:20,001 INFO src.capture: Last decoded tokens: [' assessment', ' was', ' good']
2025-12-29 16:32:20,030 INFO src.capture: Last token ids: [8922, 373, 20050]
2025-12-29 16:32:20,030 INFO src.capture: Last decoded tokens: [' assessment', ' was', ' enjoyable']
2025-12-29 16:32:20,062 INFO src.capture: Last token ids: [8922, 373, 19201]
2025-12-29 16:32:20,062 INFO src.capture: Last decoded tokens: [' assessment', ' was', ' satisfying']
2025-12-29 16:32:20,094 INFO src.capture: Last token ids: [8922, 373, 1049]
2025-12-29 16:32:20,094 INFO src.capture: Last decoded tokens: [' assessment', ' was', ' great']
2025-12-29 16:32:20,123 INFO src.capture: Last token ids: [8922, 373, 8036]
2025-12-29 16:32:20,124 INFO src.capture: Last decoded tokens: [' assessment', ' was', ' impressive']
2025-12-29 16:32:20,153 INFO src.capture: Last token ids: [8922, 373, 1913]
2025-12-29 16:32:20,153 INFO src.capture: Last decoded tokens: [' assessment', ' was', ' strong']
2025-12-29 16:32:20,183 INFO src.capture: Last token ids: [8922, 373, 6275]
2025-12-29 16:32:20,183 INFO src.capture: Last decoded tokens: [' assessment', ' was', ' excellent']
2025-12-29 16:32:20,213 INFO src.capture: Last token ids: [8922, 373, 9623]
2025-12-29 16:32:20,213 INFO src.capture: Last decoded tokens: [' assessment', ' was', ' fantastic']
2025-12-29 16:32:20,243 INFO src.capture: Last token ids: [8922, 373, 11660]
2025-12-29 16:32:20,244 INFO src.capture: Last decoded tokens: [' assessment', ' was', ' outstanding']
2025-12-29 16:32:20,272 INFO src.capture: Last token ids: [8922, 373, 15313]
2025-12-29 16:32:20,272 INFO src.capture: Last decoded tokens: [' assessment', ' was', ' exceptional']
2025-12-29 16:32:20,304 INFO src.capture: Last token ids: [8922, 373, 11004]
2025-12-29 16:32:20,304 INFO src.capture: Last decoded tokens: [' assessment', ' was', ' remarkable']
2025-12-29 16:32:20,337 INFO src.capture: Last token ids: [8922, 373, 21840]
2025-12-29 16:32:20,337 INFO src.capture: Last decoded tokens: [' assessment', ' was', ' superb']
2025-12-29 16:32:52,121 INFO src.capture: Last token ids: [450, 893, 7617]
2025-12-29 16:32:52,121 INFO src.capture: Last decoded tokens: [' ab', 'ys', 'mal']
2025-12-29 16:32:53,146 INFO src.capture: Last token ids: [373, 38324, 4680]
2025-12-29 16:32:53,146 INFO src.capture: Last decoded tokens: [' was', ' atro', 'cious']
2025-12-29 16:32:53,255 INFO src.capture: Last token ids: [1998, 373, 12659]
2025-12-29 16:32:53,255 INFO src.capture: Last decoded tokens: [' experience', ' was', ' awful']
2025-12-29 16:32:53,363 INFO src.capture: Last token ids: [1998, 373, 7818]
2025-12-29 16:32:53,363 INFO src.capture: Last decoded tokens: [' experience', ' was', ' terrible']
2025-12-29 16:32:53,391 INFO src.capture: Last token ids: [1998, 373, 12361]
2025-12-29 16:32:53,391 INFO src.capture: Last decoded tokens: [' experience', ' was', ' horrible']
2025-12-29 16:32:53,419 INFO src.capture: Last token ids: [1998, 373, 35483]
2025-12-29 16:32:53,419 INFO src.capture: Last decoded tokens: [' experience', ' was', ' dreadful']
2025-12-29 16:32:53,451 INFO src.capture: Last token ids: [1998, 373, 2089]
2025-12-29 16:32:53,451 INFO src.capture: Last decoded tokens: [' experience', ' was', ' bad']
2025-12-29 16:32:53,479 INFO src.capture: Last token ids: [1998, 373, 3595]
2025-12-29 16:32:53,479 INFO src.capture: Last decoded tokens: [' experience', ' was', ' poor']
2025-12-29 16:32:53,509 INFO src.capture: Last token ids: [1998, 373, 4939]
2025-12-29 16:32:53,509 INFO src.capture: Last decoded tokens: [' experience', ' was', ' weak']
2025-12-29 16:32:53,538 INFO src.capture: Last token ids: [1998, 373, 29956]
2025-12-29 16:32:53,538 INFO src.capture: Last decoded tokens: [' experience', ' was', ' mediocre']
2025-12-29 16:32:53,567 INFO src.capture: Last token ids: [373, 555, 24194]
2025-12-29 16:32:53,568 INFO src.capture: Last decoded tokens: [' was', ' un', 'inspired']
2025-12-29 16:32:53,596 INFO src.capture: Last token ids: [1998, 373, 50146]
2025-12-29 16:32:53,597 INFO src.capture: Last decoded tokens: [' experience', ' was', ' lackluster']
2025-12-29 16:32:53,628 INFO src.capture: Last token ids: [1998, 373, 8788]
2025-12-29 16:32:53,628 INFO src.capture: Last decoded tokens: [' experience', ' was', ' okay']
2025-12-29 16:32:53,657 INFO src.capture: Last token ids: [1998, 373, 3734]
2025-12-29 16:32:53,657 INFO src.capture: Last decoded tokens: [' experience', ' was', ' fine']
2025-12-29 16:32:53,688 INFO src.capture: Last token ids: [1998, 373, 2811]
2025-12-29 16:32:53,688 INFO src.capture: Last decoded tokens: [' experience', ' was', ' average']
2025-12-29 16:32:53,718 INFO src.capture: Last token ids: [1998, 373, 7709]
2025-12-29 16:32:53,718 INFO src.capture: Last decoded tokens: [' experience', ' was', ' decent']
2025-12-29 16:32:53,748 INFO src.capture: Last token ids: [1998, 373, 4735]
2025-12-29 16:32:53,749 INFO src.capture: Last decoded tokens: [' experience', ' was', ' solid']
2025-12-29 16:32:53,777 INFO src.capture: Last token ids: [1998, 373, 15497]
2025-12-29 16:32:53,777 INFO src.capture: Last decoded tokens: [' experience', ' was', ' pleasant']
2025-12-29 16:32:53,807 INFO src.capture: Last token ids: [1998, 373, 922]
2025-12-29 16:32:53,807 INFO src.capture: Last decoded tokens: [' experience', ' was', ' good']
2025-12-29 16:32:53,835 INFO src.capture: Last token ids: [1998, 373, 20050]
2025-12-29 16:32:53,835 INFO src.capture: Last decoded tokens: [' experience', ' was', ' enjoyable']
2025-12-29 16:32:53,867 INFO src.capture: Last token ids: [1998, 373, 19201]
2025-12-29 16:32:53,867 INFO src.capture: Last decoded tokens: [' experience', ' was', ' satisfying']
2025-12-29 16:32:53,895 INFO src.capture: Last token ids: [1998, 373, 1049]
2025-12-29 16:32:53,895 INFO src.capture: Last decoded tokens: [' experience', ' was', ' great']
2025-12-29 16:32:53,924 INFO src.capture: Last token ids: [1998, 373, 8036]
2025-12-29 16:32:53,924 INFO src.capture: Last decoded tokens: [' experience', ' was', ' impressive']
2025-12-29 16:32:53,952 INFO src.capture: Last token ids: [1998, 373, 1913]
2025-12-29 16:32:53,952 INFO src.capture: Last decoded tokens: [' experience', ' was', ' strong']
2025-12-29 16:32:53,984 INFO src.capture: Last token ids: [1998, 373, 6275]
2025-12-29 16:32:53,984 INFO src.capture: Last decoded tokens: [' experience', ' was', ' excellent']
2025-12-29 16:32:54,014 INFO src.capture: Last token ids: [1998, 373, 9623]
2025-12-29 16:32:54,014 INFO src.capture: Last decoded tokens: [' experience', ' was', ' fantastic']
2025-12-29 16:32:54,043 INFO src.capture: Last token ids: [1998, 373, 11660]
2025-12-29 16:32:54,043 INFO src.capture: Last decoded tokens: [' experience', ' was', ' outstanding']
2025-12-29 16:32:54,073 INFO src.capture: Last token ids: [1998, 373, 15313]
2025-12-29 16:32:54,073 INFO src.capture: Last decoded tokens: [' experience', ' was', ' exceptional']
2025-12-29 16:32:54,104 INFO src.capture: Last token ids: [1998, 373, 11004]
2025-12-29 16:32:54,104 INFO src.capture: Last decoded tokens: [' experience', ' was', ' remarkable']
2025-12-29 16:32:54,134 INFO src.capture: Last token ids: [1998, 373, 21840]
2025-12-29 16:32:54,134 INFO src.capture: Last decoded tokens: [' experience', ' was', ' superb']
2025-12-29 16:32:54,165 INFO src.capture: Last token ids: [450, 893, 7617]
2025-12-29 16:32:54,166 INFO src.capture: Last decoded tokens: [' ab', 'ys', 'mal']
2025-12-29 16:32:54,193 INFO src.capture: Last token ids: [2936, 38324, 4680]
2025-12-29 16:32:54,193 INFO src.capture: Last decoded tokens: [' felt', ' atro', 'cious']
2025-12-29 16:32:54,225 INFO src.capture: Last token ids: [8055, 2936, 12659]
2025-12-29 16:32:54,225 INFO src.capture: Last decoded tokens: [' outcome', ' felt', ' awful']
2025-12-29 16:32:54,339 INFO src.capture: Last token ids: [8055, 2936, 7818]
2025-12-29 16:32:54,339 INFO src.capture: Last decoded tokens: [' outcome', ' felt', ' terrible']
2025-12-29 16:32:54,369 INFO src.capture: Last token ids: [8055, 2936, 12361]
2025-12-29 16:32:54,369 INFO src.capture: Last decoded tokens: [' outcome', ' felt', ' horrible']
2025-12-29 16:32:54,397 INFO src.capture: Last token ids: [8055, 2936, 35483]
2025-12-29 16:32:54,397 INFO src.capture: Last decoded tokens: [' outcome', ' felt', ' dreadful']
2025-12-29 16:32:54,425 INFO src.capture: Last token ids: [8055, 2936, 2089]
2025-12-29 16:32:54,425 INFO src.capture: Last decoded tokens: [' outcome', ' felt', ' bad']
2025-12-29 16:32:54,453 INFO src.capture: Last token ids: [8055, 2936, 3595]
2025-12-29 16:32:54,453 INFO src.capture: Last decoded tokens: [' outcome', ' felt', ' poor']
2025-12-29 16:32:54,479 INFO src.capture: Last token ids: [8055, 2936, 4939]
2025-12-29 16:32:54,480 INFO src.capture: Last decoded tokens: [' outcome', ' felt', ' weak']
2025-12-29 16:32:54,507 INFO src.capture: Last token ids: [8055, 2936, 29956]
2025-12-29 16:32:54,507 INFO src.capture: Last decoded tokens: [' outcome', ' felt', ' mediocre']
2025-12-29 16:32:54,534 INFO src.capture: Last token ids: [2936, 555, 24194]
2025-12-29 16:32:54,534 INFO src.capture: Last decoded tokens: [' felt', ' un', 'inspired']
2025-12-29 16:32:54,561 INFO src.capture: Last token ids: [8055, 2936, 50146]
2025-12-29 16:32:54,561 INFO src.capture: Last decoded tokens: [' outcome', ' felt', ' lackluster']
2025-12-29 16:32:54,592 INFO src.capture: Last token ids: [8055, 2936, 8788]
2025-12-29 16:32:54,592 INFO src.capture: Last decoded tokens: [' outcome', ' felt', ' okay']
2025-12-29 16:32:54,620 INFO src.capture: Last token ids: [8055, 2936, 3734]
2025-12-29 16:32:54,620 INFO src.capture: Last decoded tokens: [' outcome', ' felt', ' fine']
2025-12-29 16:32:54,650 INFO src.capture: Last token ids: [8055, 2936, 2811]
2025-12-29 16:32:54,650 INFO src.capture: Last decoded tokens: [' outcome', ' felt', ' average']
2025-12-29 16:32:54,679 INFO src.capture: Last token ids: [8055, 2936, 7709]
2025-12-29 16:32:54,679 INFO src.capture: Last decoded tokens: [' outcome', ' felt', ' decent']
2025-12-29 16:32:54,707 INFO src.capture: Last token ids: [8055, 2936, 4735]
2025-12-29 16:32:54,707 INFO src.capture: Last decoded tokens: [' outcome', ' felt', ' solid']
2025-12-29 16:32:54,735 INFO src.capture: Last token ids: [8055, 2936, 15497]
2025-12-29 16:32:54,735 INFO src.capture: Last decoded tokens: [' outcome', ' felt', ' pleasant']
2025-12-29 16:32:54,770 INFO src.capture: Last token ids: [8055, 2936, 922]
2025-12-29 16:32:54,770 INFO src.capture: Last decoded tokens: [' outcome', ' felt', ' good']
2025-12-29 16:32:54,798 INFO src.capture: Last token ids: [8055, 2936, 20050]
2025-12-29 16:32:54,798 INFO src.capture: Last decoded tokens: [' outcome', ' felt', ' enjoyable']
2025-12-29 16:32:54,829 INFO src.capture: Last token ids: [8055, 2936, 19201]
2025-12-29 16:32:54,829 INFO src.capture: Last decoded tokens: [' outcome', ' felt', ' satisfying']
2025-12-29 16:32:54,858 INFO src.capture: Last token ids: [8055, 2936, 1049]
2025-12-29 16:32:54,858 INFO src.capture: Last decoded tokens: [' outcome', ' felt', ' great']
2025-12-29 16:32:54,887 INFO src.capture: Last token ids: [8055, 2936, 8036]
2025-12-29 16:32:54,887 INFO src.capture: Last decoded tokens: [' outcome', ' felt', ' impressive']
2025-12-29 16:32:54,914 INFO src.capture: Last token ids: [8055, 2936, 1913]
2025-12-29 16:32:54,914 INFO src.capture: Last decoded tokens: [' outcome', ' felt', ' strong']
2025-12-29 16:32:54,944 INFO src.capture: Last token ids: [8055, 2936, 6275]
2025-12-29 16:32:54,944 INFO src.capture: Last decoded tokens: [' outcome', ' felt', ' excellent']
2025-12-29 16:32:54,972 INFO src.capture: Last token ids: [8055, 2936, 9623]
2025-12-29 16:32:54,972 INFO src.capture: Last decoded tokens: [' outcome', ' felt', ' fantastic']
2025-12-29 16:32:55,000 INFO src.capture: Last token ids: [8055, 2936, 11660]
2025-12-29 16:32:55,000 INFO src.capture: Last decoded tokens: [' outcome', ' felt', ' outstanding']
2025-12-29 16:32:55,026 INFO src.capture: Last token ids: [8055, 2936, 15313]
2025-12-29 16:32:55,027 INFO src.capture: Last decoded tokens: [' outcome', ' felt', ' exceptional']
2025-12-29 16:32:55,056 INFO src.capture: Last token ids: [8055, 2936, 11004]
2025-12-29 16:32:55,056 INFO src.capture: Last decoded tokens: [' outcome', ' felt', ' remarkable']
2025-12-29 16:32:55,083 INFO src.capture: Last token ids: [8055, 2936, 21840]
2025-12-29 16:32:55,083 INFO src.capture: Last decoded tokens: [' outcome', ' felt', ' superb']
2025-12-29 16:32:55,112 INFO src.capture: Last token ids: [450, 893, 7617]
2025-12-29 16:32:55,112 INFO src.capture: Last decoded tokens: [' ab', 'ys', 'mal']
2025-12-29 16:32:55,139 INFO src.capture: Last token ids: [373, 38324, 4680]
2025-12-29 16:32:55,140 INFO src.capture: Last decoded tokens: [' was', ' atro', 'cious']
2025-12-29 16:32:55,167 INFO src.capture: Last token ids: [1255, 373, 12659]
2025-12-29 16:32:55,167 INFO src.capture: Last decoded tokens: [' result', ' was', ' awful']
2025-12-29 16:32:55,195 INFO src.capture: Last token ids: [1255, 373, 7818]
2025-12-29 16:32:55,195 INFO src.capture: Last decoded tokens: [' result', ' was', ' terrible']
2025-12-29 16:32:55,223 INFO src.capture: Last token ids: [1255, 373, 12361]
2025-12-29 16:32:55,223 INFO src.capture: Last decoded tokens: [' result', ' was', ' horrible']
2025-12-29 16:32:55,250 INFO src.capture: Last token ids: [1255, 373, 35483]
2025-12-29 16:32:55,250 INFO src.capture: Last decoded tokens: [' result', ' was', ' dreadful']
2025-12-29 16:32:55,276 INFO src.capture: Last token ids: [1255, 373, 2089]
2025-12-29 16:32:55,276 INFO src.capture: Last decoded tokens: [' result', ' was', ' bad']
2025-12-29 16:32:55,303 INFO src.capture: Last token ids: [1255, 373, 3595]
2025-12-29 16:32:55,303 INFO src.capture: Last decoded tokens: [' result', ' was', ' poor']
2025-12-29 16:32:55,329 INFO src.capture: Last token ids: [1255, 373, 4939]
2025-12-29 16:32:55,330 INFO src.capture: Last decoded tokens: [' result', ' was', ' weak']
2025-12-29 16:32:55,357 INFO src.capture: Last token ids: [1255, 373, 29956]
2025-12-29 16:32:55,357 INFO src.capture: Last decoded tokens: [' result', ' was', ' mediocre']
2025-12-29 16:32:55,383 INFO src.capture: Last token ids: [373, 555, 24194]
2025-12-29 16:32:55,383 INFO src.capture: Last decoded tokens: [' was', ' un', 'inspired']
2025-12-29 16:32:55,410 INFO src.capture: Last token ids: [1255, 373, 50146]
2025-12-29 16:32:55,410 INFO src.capture: Last decoded tokens: [' result', ' was', ' lackluster']
2025-12-29 16:32:55,437 INFO src.capture: Last token ids: [1255, 373, 8788]
2025-12-29 16:32:55,437 INFO src.capture: Last decoded tokens: [' result', ' was', ' okay']
2025-12-29 16:32:55,463 INFO src.capture: Last token ids: [1255, 373, 3734]
2025-12-29 16:32:55,463 INFO src.capture: Last decoded tokens: [' result', ' was', ' fine']
2025-12-29 16:32:55,491 INFO src.capture: Last token ids: [1255, 373, 2811]
2025-12-29 16:32:55,491 INFO src.capture: Last decoded tokens: [' result', ' was', ' average']
2025-12-29 16:32:55,517 INFO src.capture: Last token ids: [1255, 373, 7709]
2025-12-29 16:32:55,518 INFO src.capture: Last decoded tokens: [' result', ' was', ' decent']
2025-12-29 16:32:55,544 INFO src.capture: Last token ids: [1255, 373, 4735]
2025-12-29 16:32:55,544 INFO src.capture: Last decoded tokens: [' result', ' was', ' solid']
2025-12-29 16:32:55,570 INFO src.capture: Last token ids: [1255, 373, 15497]
2025-12-29 16:32:55,570 INFO src.capture: Last decoded tokens: [' result', ' was', ' pleasant']
2025-12-29 16:32:55,597 INFO src.capture: Last token ids: [1255, 373, 922]
2025-12-29 16:32:55,597 INFO src.capture: Last decoded tokens: [' result', ' was', ' good']
2025-12-29 16:32:55,624 INFO src.capture: Last token ids: [1255, 373, 20050]
2025-12-29 16:32:55,624 INFO src.capture: Last decoded tokens: [' result', ' was', ' enjoyable']
2025-12-29 16:32:55,651 INFO src.capture: Last token ids: [1255, 373, 19201]
2025-12-29 16:32:55,651 INFO src.capture: Last decoded tokens: [' result', ' was', ' satisfying']
2025-12-29 16:32:55,679 INFO src.capture: Last token ids: [1255, 373, 1049]
2025-12-29 16:32:55,679 INFO src.capture: Last decoded tokens: [' result', ' was', ' great']
2025-12-29 16:32:55,706 INFO src.capture: Last token ids: [1255, 373, 8036]
2025-12-29 16:32:55,706 INFO src.capture: Last decoded tokens: [' result', ' was', ' impressive']
2025-12-29 16:32:55,733 INFO src.capture: Last token ids: [1255, 373, 1913]
2025-12-29 16:32:55,733 INFO src.capture: Last decoded tokens: [' result', ' was', ' strong']
2025-12-29 16:32:55,760 INFO src.capture: Last token ids: [1255, 373, 6275]
2025-12-29 16:32:55,760 INFO src.capture: Last decoded tokens: [' result', ' was', ' excellent']
2025-12-29 16:32:55,788 INFO src.capture: Last token ids: [1255, 373, 9623]
2025-12-29 16:32:55,789 INFO src.capture: Last decoded tokens: [' result', ' was', ' fantastic']
2025-12-29 16:32:55,820 INFO src.capture: Last token ids: [1255, 373, 11660]
2025-12-29 16:32:55,820 INFO src.capture: Last decoded tokens: [' result', ' was', ' outstanding']
2025-12-29 16:32:55,848 INFO src.capture: Last token ids: [1255, 373, 15313]
2025-12-29 16:32:55,848 INFO src.capture: Last decoded tokens: [' result', ' was', ' exceptional']
2025-12-29 16:32:55,877 INFO src.capture: Last token ids: [1255, 373, 11004]
2025-12-29 16:32:55,877 INFO src.capture: Last decoded tokens: [' result', ' was', ' remarkable']
2025-12-29 16:32:55,905 INFO src.capture: Last token ids: [1255, 373, 21840]
2025-12-29 16:32:55,905 INFO src.capture: Last decoded tokens: [' result', ' was', ' superb']
2025-12-29 16:32:55,931 INFO src.capture: Last token ids: [450, 893, 7617]
2025-12-29 16:32:55,932 INFO src.capture: Last decoded tokens: [' ab', 'ys', 'mal']
2025-12-29 16:32:56,039 INFO src.capture: Last token ids: [373, 38324, 4680]
2025-12-29 16:32:56,039 INFO src.capture: Last decoded tokens: [' was', ' atro', 'cious']
2025-12-29 16:32:56,153 INFO src.capture: Last token ids: [670, 373, 12659]
2025-12-29 16:32:56,153 INFO src.capture: Last decoded tokens: [' work', ' was', ' awful']
2025-12-29 16:32:56,183 INFO src.capture: Last token ids: [670, 373, 7818]
2025-12-29 16:32:56,183 INFO src.capture: Last decoded tokens: [' work', ' was', ' terrible']
2025-12-29 16:32:56,213 INFO src.capture: Last token ids: [670, 373, 12361]
2025-12-29 16:32:56,213 INFO src.capture: Last decoded tokens: [' work', ' was', ' horrible']
2025-12-29 16:32:56,240 INFO src.capture: Last token ids: [670, 373, 35483]
2025-12-29 16:32:56,240 INFO src.capture: Last decoded tokens: [' work', ' was', ' dreadful']
2025-12-29 16:32:56,269 INFO src.capture: Last token ids: [670, 373, 2089]
2025-12-29 16:32:56,269 INFO src.capture: Last decoded tokens: [' work', ' was', ' bad']
2025-12-29 16:32:56,301 INFO src.capture: Last token ids: [670, 373, 3595]
2025-12-29 16:32:56,301 INFO src.capture: Last decoded tokens: [' work', ' was', ' poor']
2025-12-29 16:32:56,334 INFO src.capture: Last token ids: [670, 373, 4939]
2025-12-29 16:32:56,335 INFO src.capture: Last decoded tokens: [' work', ' was', ' weak']
2025-12-29 16:32:56,367 INFO src.capture: Last token ids: [670, 373, 29956]
2025-12-29 16:32:56,367 INFO src.capture: Last decoded tokens: [' work', ' was', ' mediocre']
2025-12-29 16:32:56,401 INFO src.capture: Last token ids: [373, 555, 24194]
2025-12-29 16:32:56,401 INFO src.capture: Last decoded tokens: [' was', ' un', 'inspired']
2025-12-29 16:32:56,433 INFO src.capture: Last token ids: [670, 373, 50146]
2025-12-29 16:32:56,433 INFO src.capture: Last decoded tokens: [' work', ' was', ' lackluster']
2025-12-29 16:32:56,465 INFO src.capture: Last token ids: [670, 373, 8788]
2025-12-29 16:32:56,465 INFO src.capture: Last decoded tokens: [' work', ' was', ' okay']
2025-12-29 16:32:56,497 INFO src.capture: Last token ids: [670, 373, 3734]
2025-12-29 16:32:56,497 INFO src.capture: Last decoded tokens: [' work', ' was', ' fine']
2025-12-29 16:32:56,534 INFO src.capture: Last token ids: [670, 373, 2811]
2025-12-29 16:32:56,534 INFO src.capture: Last decoded tokens: [' work', ' was', ' average']
2025-12-29 16:32:56,566 INFO src.capture: Last token ids: [670, 373, 7709]
2025-12-29 16:32:56,566 INFO src.capture: Last decoded tokens: [' work', ' was', ' decent']
2025-12-29 16:32:56,599 INFO src.capture: Last token ids: [670, 373, 4735]
2025-12-29 16:32:56,599 INFO src.capture: Last decoded tokens: [' work', ' was', ' solid']
2025-12-29 16:32:56,629 INFO src.capture: Last token ids: [670, 373, 15497]
2025-12-29 16:32:56,630 INFO src.capture: Last decoded tokens: [' work', ' was', ' pleasant']
2025-12-29 16:32:56,657 INFO src.capture: Last token ids: [670, 373, 922]
2025-12-29 16:32:56,657 INFO src.capture: Last decoded tokens: [' work', ' was', ' good']
2025-12-29 16:32:56,687 INFO src.capture: Last token ids: [670, 373, 20050]
2025-12-29 16:32:56,687 INFO src.capture: Last decoded tokens: [' work', ' was', ' enjoyable']
2025-12-29 16:32:56,717 INFO src.capture: Last token ids: [670, 373, 19201]
2025-12-29 16:32:56,717 INFO src.capture: Last decoded tokens: [' work', ' was', ' satisfying']
2025-12-29 16:32:56,748 INFO src.capture: Last token ids: [670, 373, 1049]
2025-12-29 16:32:56,748 INFO src.capture: Last decoded tokens: [' work', ' was', ' great']
2025-12-29 16:32:56,777 INFO src.capture: Last token ids: [670, 373, 8036]
2025-12-29 16:32:56,777 INFO src.capture: Last decoded tokens: [' work', ' was', ' impressive']
2025-12-29 16:32:56,808 INFO src.capture: Last token ids: [670, 373, 1913]
2025-12-29 16:32:56,808 INFO src.capture: Last decoded tokens: [' work', ' was', ' strong']
2025-12-29 16:32:56,841 INFO src.capture: Last token ids: [670, 373, 6275]
2025-12-29 16:32:56,841 INFO src.capture: Last decoded tokens: [' work', ' was', ' excellent']
2025-12-29 16:32:56,873 INFO src.capture: Last token ids: [670, 373, 9623]
2025-12-29 16:32:56,873 INFO src.capture: Last decoded tokens: [' work', ' was', ' fantastic']
2025-12-29 16:32:56,903 INFO src.capture: Last token ids: [670, 373, 11660]
2025-12-29 16:32:56,903 INFO src.capture: Last decoded tokens: [' work', ' was', ' outstanding']
2025-12-29 16:32:56,932 INFO src.capture: Last token ids: [670, 373, 15313]
2025-12-29 16:32:56,933 INFO src.capture: Last decoded tokens: [' work', ' was', ' exceptional']
2025-12-29 16:32:56,962 INFO src.capture: Last token ids: [670, 373, 11004]
2025-12-29 16:32:56,962 INFO src.capture: Last decoded tokens: [' work', ' was', ' remarkable']
2025-12-29 16:32:56,991 INFO src.capture: Last token ids: [670, 373, 21840]
2025-12-29 16:32:56,991 INFO src.capture: Last decoded tokens: [' work', ' was', ' superb']
2025-12-29 16:32:57,020 INFO src.capture: Last token ids: [450, 893, 7617]
2025-12-29 16:32:57,020 INFO src.capture: Last decoded tokens: [' ab', 'ys', 'mal']
2025-12-29 16:32:57,050 INFO src.capture: Last token ids: [373, 38324, 4680]
2025-12-29 16:32:57,050 INFO src.capture: Last decoded tokens: [' was', ' atro', 'cious']
2025-12-29 16:32:57,079 INFO src.capture: Last token ids: [2854, 373, 12659]
2025-12-29 16:32:57,079 INFO src.capture: Last decoded tokens: [' performance', ' was', ' awful']
2025-12-29 16:32:57,107 INFO src.capture: Last token ids: [2854, 373, 7818]
2025-12-29 16:32:57,107 INFO src.capture: Last decoded tokens: [' performance', ' was', ' terrible']
2025-12-29 16:32:57,136 INFO src.capture: Last token ids: [2854, 373, 12361]
2025-12-29 16:32:57,136 INFO src.capture: Last decoded tokens: [' performance', ' was', ' horrible']
2025-12-29 16:32:57,164 INFO src.capture: Last token ids: [2854, 373, 35483]
2025-12-29 16:32:57,164 INFO src.capture: Last decoded tokens: [' performance', ' was', ' dreadful']
2025-12-29 16:32:57,191 INFO src.capture: Last token ids: [2854, 373, 2089]
2025-12-29 16:32:57,191 INFO src.capture: Last decoded tokens: [' performance', ' was', ' bad']
2025-12-29 16:32:57,219 INFO src.capture: Last token ids: [2854, 373, 3595]
2025-12-29 16:32:57,219 INFO src.capture: Last decoded tokens: [' performance', ' was', ' poor']
2025-12-29 16:32:57,246 INFO src.capture: Last token ids: [2854, 373, 4939]
2025-12-29 16:32:57,246 INFO src.capture: Last decoded tokens: [' performance', ' was', ' weak']
2025-12-29 16:32:57,274 INFO src.capture: Last token ids: [2854, 373, 29956]
2025-12-29 16:32:57,274 INFO src.capture: Last decoded tokens: [' performance', ' was', ' mediocre']
2025-12-29 16:32:57,302 INFO src.capture: Last token ids: [373, 555, 24194]
2025-12-29 16:32:57,302 INFO src.capture: Last decoded tokens: [' was', ' un', 'inspired']
2025-12-29 16:32:57,328 INFO src.capture: Last token ids: [2854, 373, 50146]
2025-12-29 16:32:57,329 INFO src.capture: Last decoded tokens: [' performance', ' was', ' lackluster']
2025-12-29 16:32:57,358 INFO src.capture: Last token ids: [2854, 373, 8788]
2025-12-29 16:32:57,359 INFO src.capture: Last decoded tokens: [' performance', ' was', ' okay']
2025-12-29 16:32:57,386 INFO src.capture: Last token ids: [2854, 373, 3734]
2025-12-29 16:32:57,386 INFO src.capture: Last decoded tokens: [' performance', ' was', ' fine']
2025-12-29 16:32:57,413 INFO src.capture: Last token ids: [2854, 373, 2811]
2025-12-29 16:32:57,413 INFO src.capture: Last decoded tokens: [' performance', ' was', ' average']
2025-12-29 16:32:57,440 INFO src.capture: Last token ids: [2854, 373, 7709]
2025-12-29 16:32:57,440 INFO src.capture: Last decoded tokens: [' performance', ' was', ' decent']
2025-12-29 16:32:57,467 INFO src.capture: Last token ids: [2854, 373, 4735]
2025-12-29 16:32:57,467 INFO src.capture: Last decoded tokens: [' performance', ' was', ' solid']
2025-12-29 16:32:57,494 INFO src.capture: Last token ids: [2854, 373, 15497]
2025-12-29 16:32:57,494 INFO src.capture: Last decoded tokens: [' performance', ' was', ' pleasant']
2025-12-29 16:32:57,522 INFO src.capture: Last token ids: [2854, 373, 922]
2025-12-29 16:32:57,522 INFO src.capture: Last decoded tokens: [' performance', ' was', ' good']
2025-12-29 16:32:57,551 INFO src.capture: Last token ids: [2854, 373, 20050]
2025-12-29 16:32:57,551 INFO src.capture: Last decoded tokens: [' performance', ' was', ' enjoyable']
2025-12-29 16:32:57,581 INFO src.capture: Last token ids: [2854, 373, 19201]
2025-12-29 16:32:57,581 INFO src.capture: Last decoded tokens: [' performance', ' was', ' satisfying']
2025-12-29 16:32:57,609 INFO src.capture: Last token ids: [2854, 373, 1049]
2025-12-29 16:32:57,609 INFO src.capture: Last decoded tokens: [' performance', ' was', ' great']
2025-12-29 16:32:57,636 INFO src.capture: Last token ids: [2854, 373, 8036]
2025-12-29 16:32:57,637 INFO src.capture: Last decoded tokens: [' performance', ' was', ' impressive']
2025-12-29 16:32:57,663 INFO src.capture: Last token ids: [2854, 373, 1913]
2025-12-29 16:32:57,664 INFO src.capture: Last decoded tokens: [' performance', ' was', ' strong']
2025-12-29 16:32:57,691 INFO src.capture: Last token ids: [2854, 373, 6275]
2025-12-29 16:32:57,692 INFO src.capture: Last decoded tokens: [' performance', ' was', ' excellent']
2025-12-29 16:32:57,720 INFO src.capture: Last token ids: [2854, 373, 9623]
2025-12-29 16:32:57,720 INFO src.capture: Last decoded tokens: [' performance', ' was', ' fantastic']
2025-12-29 16:32:57,749 INFO src.capture: Last token ids: [2854, 373, 11660]
2025-12-29 16:32:57,749 INFO src.capture: Last decoded tokens: [' performance', ' was', ' outstanding']
2025-12-29 16:32:57,776 INFO src.capture: Last token ids: [2854, 373, 15313]
2025-12-29 16:32:57,776 INFO src.capture: Last decoded tokens: [' performance', ' was', ' exceptional']
2025-12-29 16:32:57,803 INFO src.capture: Last token ids: [2854, 373, 11004]
2025-12-29 16:32:57,803 INFO src.capture: Last decoded tokens: [' performance', ' was', ' remarkable']
2025-12-29 16:32:57,831 INFO src.capture: Last token ids: [2854, 373, 21840]
2025-12-29 16:32:57,831 INFO src.capture: Last decoded tokens: [' performance', ' was', ' superb']
2025-12-29 16:32:57,858 INFO src.capture: Last token ids: [450, 893, 7617]
2025-12-29 16:32:57,858 INFO src.capture: Last decoded tokens: [' ab', 'ys', 'mal']
2025-12-29 16:32:57,885 INFO src.capture: Last token ids: [3947, 38324, 4680]
2025-12-29 16:32:57,885 INFO src.capture: Last decoded tokens: [' seemed', ' atro', 'cious']
2025-12-29 16:32:57,918 INFO src.capture: Last token ids: [4069, 3947, 12659]
2025-12-29 16:32:57,918 INFO src.capture: Last decoded tokens: [' behavior', ' seemed', ' awful']
2025-12-29 16:32:57,944 INFO src.capture: Last token ids: [4069, 3947, 7818]
2025-12-29 16:32:57,945 INFO src.capture: Last decoded tokens: [' behavior', ' seemed', ' terrible']
2025-12-29 16:32:57,973 INFO src.capture: Last token ids: [4069, 3947, 12361]
2025-12-29 16:32:57,973 INFO src.capture: Last decoded tokens: [' behavior', ' seemed', ' horrible']
2025-12-29 16:32:57,999 INFO src.capture: Last token ids: [4069, 3947, 35483]
2025-12-29 16:32:58,000 INFO src.capture: Last decoded tokens: [' behavior', ' seemed', ' dreadful']
2025-12-29 16:32:58,025 INFO src.capture: Last token ids: [4069, 3947, 2089]
2025-12-29 16:32:58,025 INFO src.capture: Last decoded tokens: [' behavior', ' seemed', ' bad']
2025-12-29 16:32:58,053 INFO src.capture: Last token ids: [4069, 3947, 3595]
2025-12-29 16:32:58,053 INFO src.capture: Last decoded tokens: [' behavior', ' seemed', ' poor']
2025-12-29 16:32:58,080 INFO src.capture: Last token ids: [4069, 3947, 4939]
2025-12-29 16:32:58,080 INFO src.capture: Last decoded tokens: [' behavior', ' seemed', ' weak']
2025-12-29 16:32:58,106 INFO src.capture: Last token ids: [4069, 3947, 29956]
2025-12-29 16:32:58,107 INFO src.capture: Last decoded tokens: [' behavior', ' seemed', ' mediocre']
2025-12-29 16:32:58,136 INFO src.capture: Last token ids: [3947, 555, 24194]
2025-12-29 16:32:58,137 INFO src.capture: Last decoded tokens: [' seemed', ' un', 'inspired']
2025-12-29 16:32:58,165 INFO src.capture: Last token ids: [4069, 3947, 50146]
2025-12-29 16:32:58,166 INFO src.capture: Last decoded tokens: [' behavior', ' seemed', ' lackluster']
2025-12-29 16:32:58,194 INFO src.capture: Last token ids: [4069, 3947, 8788]
2025-12-29 16:32:58,195 INFO src.capture: Last decoded tokens: [' behavior', ' seemed', ' okay']
2025-12-29 16:32:58,221 INFO src.capture: Last token ids: [4069, 3947, 3734]
2025-12-29 16:32:58,221 INFO src.capture: Last decoded tokens: [' behavior', ' seemed', ' fine']
2025-12-29 16:32:58,248 INFO src.capture: Last token ids: [4069, 3947, 2811]
2025-12-29 16:32:58,248 INFO src.capture: Last decoded tokens: [' behavior', ' seemed', ' average']
2025-12-29 16:32:58,274 INFO src.capture: Last token ids: [4069, 3947, 7709]
2025-12-29 16:32:58,274 INFO src.capture: Last decoded tokens: [' behavior', ' seemed', ' decent']
2025-12-29 16:32:58,301 INFO src.capture: Last token ids: [4069, 3947, 4735]
2025-12-29 16:32:58,301 INFO src.capture: Last decoded tokens: [' behavior', ' seemed', ' solid']
2025-12-29 16:32:58,328 INFO src.capture: Last token ids: [4069, 3947, 15497]
2025-12-29 16:32:58,328 INFO src.capture: Last decoded tokens: [' behavior', ' seemed', ' pleasant']
2025-12-29 16:32:58,355 INFO src.capture: Last token ids: [4069, 3947, 922]
2025-12-29 16:32:58,355 INFO src.capture: Last decoded tokens: [' behavior', ' seemed', ' good']
2025-12-29 16:32:58,385 INFO src.capture: Last token ids: [4069, 3947, 20050]
2025-12-29 16:32:58,385 INFO src.capture: Last decoded tokens: [' behavior', ' seemed', ' enjoyable']
2025-12-29 16:32:58,416 INFO src.capture: Last token ids: [4069, 3947, 19201]
2025-12-29 16:32:58,416 INFO src.capture: Last decoded tokens: [' behavior', ' seemed', ' satisfying']
2025-12-29 16:32:58,443 INFO src.capture: Last token ids: [4069, 3947, 1049]
2025-12-29 16:32:58,444 INFO src.capture: Last decoded tokens: [' behavior', ' seemed', ' great']
2025-12-29 16:32:58,473 INFO src.capture: Last token ids: [4069, 3947, 8036]
2025-12-29 16:32:58,473 INFO src.capture: Last decoded tokens: [' behavior', ' seemed', ' impressive']
2025-12-29 16:32:58,503 INFO src.capture: Last token ids: [4069, 3947, 1913]
2025-12-29 16:32:58,503 INFO src.capture: Last decoded tokens: [' behavior', ' seemed', ' strong']
2025-12-29 16:32:58,530 INFO src.capture: Last token ids: [4069, 3947, 6275]
2025-12-29 16:32:58,530 INFO src.capture: Last decoded tokens: [' behavior', ' seemed', ' excellent']
2025-12-29 16:32:58,558 INFO src.capture: Last token ids: [4069, 3947, 9623]
2025-12-29 16:32:58,558 INFO src.capture: Last decoded tokens: [' behavior', ' seemed', ' fantastic']
2025-12-29 16:32:58,587 INFO src.capture: Last token ids: [4069, 3947, 11660]
2025-12-29 16:32:58,588 INFO src.capture: Last decoded tokens: [' behavior', ' seemed', ' outstanding']
2025-12-29 16:32:58,615 INFO src.capture: Last token ids: [4069, 3947, 15313]
2025-12-29 16:32:58,615 INFO src.capture: Last decoded tokens: [' behavior', ' seemed', ' exceptional']
2025-12-29 16:32:58,645 INFO src.capture: Last token ids: [4069, 3947, 11004]
2025-12-29 16:32:58,645 INFO src.capture: Last decoded tokens: [' behavior', ' seemed', ' remarkable']
2025-12-29 16:32:58,672 INFO src.capture: Last token ids: [4069, 3947, 21840]
2025-12-29 16:32:58,672 INFO src.capture: Last decoded tokens: [' behavior', ' seemed', ' superb']
2025-12-29 16:32:58,700 INFO src.capture: Last token ids: [450, 893, 7617]
2025-12-29 16:32:58,700 INFO src.capture: Last decoded tokens: [' ab', 'ys', 'mal']
2025-12-29 16:32:58,727 INFO src.capture: Last token ids: [373, 38324, 4680]
2025-12-29 16:32:58,727 INFO src.capture: Last decoded tokens: [' was', ' atro', 'cious']
2025-12-29 16:32:58,754 INFO src.capture: Last token ids: [2882, 373, 12659]
2025-12-29 16:32:58,754 INFO src.capture: Last decoded tokens: [' response', ' was', ' awful']
2025-12-29 16:32:58,779 INFO src.capture: Last token ids: [2882, 373, 7818]
2025-12-29 16:32:58,779 INFO src.capture: Last decoded tokens: [' response', ' was', ' terrible']
2025-12-29 16:32:58,805 INFO src.capture: Last token ids: [2882, 373, 12361]
2025-12-29 16:32:58,805 INFO src.capture: Last decoded tokens: [' response', ' was', ' horrible']
2025-12-29 16:32:58,832 INFO src.capture: Last token ids: [2882, 373, 35483]
2025-12-29 16:32:58,832 INFO src.capture: Last decoded tokens: [' response', ' was', ' dreadful']
2025-12-29 16:32:58,861 INFO src.capture: Last token ids: [2882, 373, 2089]
2025-12-29 16:32:58,861 INFO src.capture: Last decoded tokens: [' response', ' was', ' bad']
2025-12-29 16:32:58,890 INFO src.capture: Last token ids: [2882, 373, 3595]
2025-12-29 16:32:58,890 INFO src.capture: Last decoded tokens: [' response', ' was', ' poor']
2025-12-29 16:32:58,918 INFO src.capture: Last token ids: [2882, 373, 4939]
2025-12-29 16:32:58,918 INFO src.capture: Last decoded tokens: [' response', ' was', ' weak']
2025-12-29 16:32:58,945 INFO src.capture: Last token ids: [2882, 373, 29956]
2025-12-29 16:32:58,945 INFO src.capture: Last decoded tokens: [' response', ' was', ' mediocre']
2025-12-29 16:32:58,972 INFO src.capture: Last token ids: [373, 555, 24194]
2025-12-29 16:32:58,972 INFO src.capture: Last decoded tokens: [' was', ' un', 'inspired']
2025-12-29 16:32:58,998 INFO src.capture: Last token ids: [2882, 373, 50146]
2025-12-29 16:32:58,998 INFO src.capture: Last decoded tokens: [' response', ' was', ' lackluster']
2025-12-29 16:32:59,029 INFO src.capture: Last token ids: [2882, 373, 8788]
2025-12-29 16:32:59,029 INFO src.capture: Last decoded tokens: [' response', ' was', ' okay']
2025-12-29 16:32:59,056 INFO src.capture: Last token ids: [2882, 373, 3734]
2025-12-29 16:32:59,057 INFO src.capture: Last decoded tokens: [' response', ' was', ' fine']
2025-12-29 16:32:59,084 INFO src.capture: Last token ids: [2882, 373, 2811]
2025-12-29 16:32:59,084 INFO src.capture: Last decoded tokens: [' response', ' was', ' average']
2025-12-29 16:32:59,113 INFO src.capture: Last token ids: [2882, 373, 7709]
2025-12-29 16:32:59,113 INFO src.capture: Last decoded tokens: [' response', ' was', ' decent']
2025-12-29 16:32:59,140 INFO src.capture: Last token ids: [2882, 373, 4735]
2025-12-29 16:32:59,141 INFO src.capture: Last decoded tokens: [' response', ' was', ' solid']
2025-12-29 16:32:59,167 INFO src.capture: Last token ids: [2882, 373, 15497]
2025-12-29 16:32:59,167 INFO src.capture: Last decoded tokens: [' response', ' was', ' pleasant']
2025-12-29 16:32:59,194 INFO src.capture: Last token ids: [2882, 373, 922]
2025-12-29 16:32:59,195 INFO src.capture: Last decoded tokens: [' response', ' was', ' good']
2025-12-29 16:32:59,221 INFO src.capture: Last token ids: [2882, 373, 20050]
2025-12-29 16:32:59,221 INFO src.capture: Last decoded tokens: [' response', ' was', ' enjoyable']
2025-12-29 16:32:59,248 INFO src.capture: Last token ids: [2882, 373, 19201]
2025-12-29 16:32:59,248 INFO src.capture: Last decoded tokens: [' response', ' was', ' satisfying']
2025-12-29 16:32:59,274 INFO src.capture: Last token ids: [2882, 373, 1049]
2025-12-29 16:32:59,274 INFO src.capture: Last decoded tokens: [' response', ' was', ' great']
2025-12-29 16:32:59,301 INFO src.capture: Last token ids: [2882, 373, 8036]
2025-12-29 16:32:59,302 INFO src.capture: Last decoded tokens: [' response', ' was', ' impressive']
2025-12-29 16:32:59,328 INFO src.capture: Last token ids: [2882, 373, 1913]
2025-12-29 16:32:59,328 INFO src.capture: Last decoded tokens: [' response', ' was', ' strong']
2025-12-29 16:32:59,354 INFO src.capture: Last token ids: [2882, 373, 6275]
2025-12-29 16:32:59,354 INFO src.capture: Last decoded tokens: [' response', ' was', ' excellent']
2025-12-29 16:32:59,381 INFO src.capture: Last token ids: [2882, 373, 9623]
2025-12-29 16:32:59,381 INFO src.capture: Last decoded tokens: [' response', ' was', ' fantastic']
2025-12-29 16:32:59,408 INFO src.capture: Last token ids: [2882, 373, 11660]
2025-12-29 16:32:59,408 INFO src.capture: Last decoded tokens: [' response', ' was', ' outstanding']
2025-12-29 16:32:59,434 INFO src.capture: Last token ids: [2882, 373, 15313]
2025-12-29 16:32:59,434 INFO src.capture: Last decoded tokens: [' response', ' was', ' exceptional']
2025-12-29 16:32:59,461 INFO src.capture: Last token ids: [2882, 373, 11004]
2025-12-29 16:32:59,462 INFO src.capture: Last decoded tokens: [' response', ' was', ' remarkable']
2025-12-29 16:32:59,488 INFO src.capture: Last token ids: [2882, 373, 21840]
2025-12-29 16:32:59,488 INFO src.capture: Last decoded tokens: [' response', ' was', ' superb']
2025-12-29 16:32:59,515 INFO src.capture: Last token ids: [450, 893, 7617]
2025-12-29 16:32:59,515 INFO src.capture: Last decoded tokens: [' ab', 'ys', 'mal']
2025-12-29 16:32:59,542 INFO src.capture: Last token ids: [373, 38324, 4680]
2025-12-29 16:32:59,542 INFO src.capture: Last decoded tokens: [' was', ' atro', 'cious']
2025-12-29 16:32:59,573 INFO src.capture: Last token ids: [12660, 373, 12659]
2025-12-29 16:32:59,574 INFO src.capture: Last decoded tokens: [' evaluation', ' was', ' awful']
2025-12-29 16:32:59,602 INFO src.capture: Last token ids: [12660, 373, 7818]
2025-12-29 16:32:59,602 INFO src.capture: Last decoded tokens: [' evaluation', ' was', ' terrible']
2025-12-29 16:32:59,629 INFO src.capture: Last token ids: [12660, 373, 12361]
2025-12-29 16:32:59,629 INFO src.capture: Last decoded tokens: [' evaluation', ' was', ' horrible']
2025-12-29 16:32:59,656 INFO src.capture: Last token ids: [12660, 373, 35483]
2025-12-29 16:32:59,656 INFO src.capture: Last decoded tokens: [' evaluation', ' was', ' dreadful']
2025-12-29 16:32:59,683 INFO src.capture: Last token ids: [12660, 373, 2089]
2025-12-29 16:32:59,683 INFO src.capture: Last decoded tokens: [' evaluation', ' was', ' bad']
2025-12-29 16:32:59,710 INFO src.capture: Last token ids: [12660, 373, 3595]
2025-12-29 16:32:59,710 INFO src.capture: Last decoded tokens: [' evaluation', ' was', ' poor']
2025-12-29 16:32:59,738 INFO src.capture: Last token ids: [12660, 373, 4939]
2025-12-29 16:32:59,738 INFO src.capture: Last decoded tokens: [' evaluation', ' was', ' weak']
2025-12-29 16:32:59,765 INFO src.capture: Last token ids: [12660, 373, 29956]
2025-12-29 16:32:59,765 INFO src.capture: Last decoded tokens: [' evaluation', ' was', ' mediocre']
2025-12-29 16:32:59,792 INFO src.capture: Last token ids: [373, 555, 24194]
2025-12-29 16:32:59,792 INFO src.capture: Last decoded tokens: [' was', ' un', 'inspired']
2025-12-29 16:32:59,818 INFO src.capture: Last token ids: [12660, 373, 50146]
2025-12-29 16:32:59,819 INFO src.capture: Last decoded tokens: [' evaluation', ' was', ' lackluster']
2025-12-29 16:32:59,849 INFO src.capture: Last token ids: [12660, 373, 8788]
2025-12-29 16:32:59,849 INFO src.capture: Last decoded tokens: [' evaluation', ' was', ' okay']
2025-12-29 16:32:59,875 INFO src.capture: Last token ids: [12660, 373, 3734]
2025-12-29 16:32:59,875 INFO src.capture: Last decoded tokens: [' evaluation', ' was', ' fine']
2025-12-29 16:32:59,902 INFO src.capture: Last token ids: [12660, 373, 2811]
2025-12-29 16:32:59,902 INFO src.capture: Last decoded tokens: [' evaluation', ' was', ' average']
2025-12-29 16:32:59,929 INFO src.capture: Last token ids: [12660, 373, 7709]
2025-12-29 16:32:59,929 INFO src.capture: Last decoded tokens: [' evaluation', ' was', ' decent']
2025-12-29 16:32:59,956 INFO src.capture: Last token ids: [12660, 373, 4735]
2025-12-29 16:32:59,956 INFO src.capture: Last decoded tokens: [' evaluation', ' was', ' solid']
2025-12-29 16:32:59,983 INFO src.capture: Last token ids: [12660, 373, 15497]
2025-12-29 16:32:59,983 INFO src.capture: Last decoded tokens: [' evaluation', ' was', ' pleasant']
2025-12-29 16:33:00,010 INFO src.capture: Last token ids: [12660, 373, 922]
2025-12-29 16:33:00,011 INFO src.capture: Last decoded tokens: [' evaluation', ' was', ' good']
2025-12-29 16:33:00,038 INFO src.capture: Last token ids: [12660, 373, 20050]
2025-12-29 16:33:00,039 INFO src.capture: Last decoded tokens: [' evaluation', ' was', ' enjoyable']
2025-12-29 16:33:00,067 INFO src.capture: Last token ids: [12660, 373, 19201]
2025-12-29 16:33:00,067 INFO src.capture: Last decoded tokens: [' evaluation', ' was', ' satisfying']
2025-12-29 16:33:00,094 INFO src.capture: Last token ids: [12660, 373, 1049]
2025-12-29 16:33:00,094 INFO src.capture: Last decoded tokens: [' evaluation', ' was', ' great']
2025-12-29 16:33:00,123 INFO src.capture: Last token ids: [12660, 373, 8036]
2025-12-29 16:33:00,123 INFO src.capture: Last decoded tokens: [' evaluation', ' was', ' impressive']
2025-12-29 16:33:00,151 INFO src.capture: Last token ids: [12660, 373, 1913]
2025-12-29 16:33:00,151 INFO src.capture: Last decoded tokens: [' evaluation', ' was', ' strong']
2025-12-29 16:33:00,178 INFO src.capture: Last token ids: [12660, 373, 6275]
2025-12-29 16:33:00,178 INFO src.capture: Last decoded tokens: [' evaluation', ' was', ' excellent']
2025-12-29 16:33:00,205 INFO src.capture: Last token ids: [12660, 373, 9623]
2025-12-29 16:33:00,205 INFO src.capture: Last decoded tokens: [' evaluation', ' was', ' fantastic']
2025-12-29 16:33:00,232 INFO src.capture: Last token ids: [12660, 373, 11660]
2025-12-29 16:33:00,232 INFO src.capture: Last decoded tokens: [' evaluation', ' was', ' outstanding']
2025-12-29 16:33:00,265 INFO src.capture: Last token ids: [12660, 373, 15313]
2025-12-29 16:33:00,265 INFO src.capture: Last decoded tokens: [' evaluation', ' was', ' exceptional']
2025-12-29 16:33:00,296 INFO src.capture: Last token ids: [12660, 373, 11004]
2025-12-29 16:33:00,296 INFO src.capture: Last decoded tokens: [' evaluation', ' was', ' remarkable']
2025-12-29 16:33:00,325 INFO src.capture: Last token ids: [12660, 373, 21840]
2025-12-29 16:33:00,325 INFO src.capture: Last decoded tokens: [' evaluation', ' was', ' superb']
2025-12-29 16:33:00,351 INFO src.capture: Last token ids: [450, 893, 7617]
2025-12-29 16:33:00,352 INFO src.capture: Last decoded tokens: [' ab', 'ys', 'mal']
2025-12-29 16:33:00,379 INFO src.capture: Last token ids: [373, 38324, 4680]
2025-12-29 16:33:00,379 INFO src.capture: Last decoded tokens: [' was', ' atro', 'cious']
2025-12-29 16:33:00,411 INFO src.capture: Last token ids: [10647, 373, 12659]
2025-12-29 16:33:00,411 INFO src.capture: Last decoded tokens: [' impression', ' was', ' awful']
2025-12-29 16:33:00,439 INFO src.capture: Last token ids: [10647, 373, 7818]
2025-12-29 16:33:00,439 INFO src.capture: Last decoded tokens: [' impression', ' was', ' terrible']
2025-12-29 16:33:00,466 INFO src.capture: Last token ids: [10647, 373, 12361]
2025-12-29 16:33:00,466 INFO src.capture: Last decoded tokens: [' impression', ' was', ' horrible']
2025-12-29 16:33:00,493 INFO src.capture: Last token ids: [10647, 373, 35483]
2025-12-29 16:33:00,493 INFO src.capture: Last decoded tokens: [' impression', ' was', ' dreadful']
2025-12-29 16:33:00,519 INFO src.capture: Last token ids: [10647, 373, 2089]
2025-12-29 16:33:00,519 INFO src.capture: Last decoded tokens: [' impression', ' was', ' bad']
2025-12-29 16:33:00,545 INFO src.capture: Last token ids: [10647, 373, 3595]
2025-12-29 16:33:00,546 INFO src.capture: Last decoded tokens: [' impression', ' was', ' poor']
2025-12-29 16:33:00,574 INFO src.capture: Last token ids: [10647, 373, 4939]
2025-12-29 16:33:00,574 INFO src.capture: Last decoded tokens: [' impression', ' was', ' weak']
2025-12-29 16:33:00,601 INFO src.capture: Last token ids: [10647, 373, 29956]
2025-12-29 16:33:00,601 INFO src.capture: Last decoded tokens: [' impression', ' was', ' mediocre']
2025-12-29 16:33:00,629 INFO src.capture: Last token ids: [373, 555, 24194]
2025-12-29 16:33:00,629 INFO src.capture: Last decoded tokens: [' was', ' un', 'inspired']
2025-12-29 16:33:00,660 INFO src.capture: Last token ids: [10647, 373, 50146]
2025-12-29 16:33:00,660 INFO src.capture: Last decoded tokens: [' impression', ' was', ' lackluster']
2025-12-29 16:33:00,691 INFO src.capture: Last token ids: [10647, 373, 8788]
2025-12-29 16:33:00,692 INFO src.capture: Last decoded tokens: [' impression', ' was', ' okay']
2025-12-29 16:33:00,720 INFO src.capture: Last token ids: [10647, 373, 3734]
2025-12-29 16:33:00,720 INFO src.capture: Last decoded tokens: [' impression', ' was', ' fine']
2025-12-29 16:33:00,748 INFO src.capture: Last token ids: [10647, 373, 2811]
2025-12-29 16:33:00,748 INFO src.capture: Last decoded tokens: [' impression', ' was', ' average']
2025-12-29 16:33:00,777 INFO src.capture: Last token ids: [10647, 373, 7709]
2025-12-29 16:33:00,777 INFO src.capture: Last decoded tokens: [' impression', ' was', ' decent']
2025-12-29 16:33:00,808 INFO src.capture: Last token ids: [10647, 373, 4735]
2025-12-29 16:33:00,808 INFO src.capture: Last decoded tokens: [' impression', ' was', ' solid']
2025-12-29 16:33:00,837 INFO src.capture: Last token ids: [10647, 373, 15497]
2025-12-29 16:33:00,837 INFO src.capture: Last decoded tokens: [' impression', ' was', ' pleasant']
2025-12-29 16:33:00,868 INFO src.capture: Last token ids: [10647, 373, 922]
2025-12-29 16:33:00,868 INFO src.capture: Last decoded tokens: [' impression', ' was', ' good']
2025-12-29 16:33:00,899 INFO src.capture: Last token ids: [10647, 373, 20050]
2025-12-29 16:33:00,900 INFO src.capture: Last decoded tokens: [' impression', ' was', ' enjoyable']
2025-12-29 16:33:00,931 INFO src.capture: Last token ids: [10647, 373, 19201]
2025-12-29 16:33:00,931 INFO src.capture: Last decoded tokens: [' impression', ' was', ' satisfying']
2025-12-29 16:33:00,961 INFO src.capture: Last token ids: [10647, 373, 1049]
2025-12-29 16:33:00,961 INFO src.capture: Last decoded tokens: [' impression', ' was', ' great']
2025-12-29 16:33:00,991 INFO src.capture: Last token ids: [10647, 373, 8036]
2025-12-29 16:33:00,991 INFO src.capture: Last decoded tokens: [' impression', ' was', ' impressive']
2025-12-29 16:33:01,019 INFO src.capture: Last token ids: [10647, 373, 1913]
2025-12-29 16:33:01,019 INFO src.capture: Last decoded tokens: [' impression', ' was', ' strong']
2025-12-29 16:33:01,049 INFO src.capture: Last token ids: [10647, 373, 6275]
2025-12-29 16:33:01,049 INFO src.capture: Last decoded tokens: [' impression', ' was', ' excellent']
2025-12-29 16:33:01,077 INFO src.capture: Last token ids: [10647, 373, 9623]
2025-12-29 16:33:01,077 INFO src.capture: Last decoded tokens: [' impression', ' was', ' fantastic']
2025-12-29 16:33:01,108 INFO src.capture: Last token ids: [10647, 373, 11660]
2025-12-29 16:33:01,108 INFO src.capture: Last decoded tokens: [' impression', ' was', ' outstanding']
2025-12-29 16:33:01,137 INFO src.capture: Last token ids: [10647, 373, 15313]
2025-12-29 16:33:01,137 INFO src.capture: Last decoded tokens: [' impression', ' was', ' exceptional']
2025-12-29 16:33:01,167 INFO src.capture: Last token ids: [10647, 373, 11004]
2025-12-29 16:33:01,167 INFO src.capture: Last decoded tokens: [' impression', ' was', ' remarkable']
2025-12-29 16:33:01,197 INFO src.capture: Last token ids: [10647, 373, 21840]
2025-12-29 16:33:01,197 INFO src.capture: Last decoded tokens: [' impression', ' was', ' superb']
2025-12-29 16:33:01,226 INFO src.capture: Last token ids: [450, 893, 7617]
2025-12-29 16:33:01,226 INFO src.capture: Last decoded tokens: [' ab', 'ys', 'mal']
2025-12-29 16:33:01,253 INFO src.capture: Last token ids: [373, 38324, 4680]
2025-12-29 16:33:01,253 INFO src.capture: Last decoded tokens: [' was', ' atro', 'cious']
2025-12-29 16:33:01,283 INFO src.capture: Last token ids: [8922, 373, 12659]
2025-12-29 16:33:01,283 INFO src.capture: Last decoded tokens: [' assessment', ' was', ' awful']
2025-12-29 16:33:01,309 INFO src.capture: Last token ids: [8922, 373, 7818]
2025-12-29 16:33:01,309 INFO src.capture: Last decoded tokens: [' assessment', ' was', ' terrible']
2025-12-29 16:33:01,336 INFO src.capture: Last token ids: [8922, 373, 12361]
2025-12-29 16:33:01,336 INFO src.capture: Last decoded tokens: [' assessment', ' was', ' horrible']
2025-12-29 16:33:01,361 INFO src.capture: Last token ids: [8922, 373, 35483]
2025-12-29 16:33:01,361 INFO src.capture: Last decoded tokens: [' assessment', ' was', ' dreadful']
2025-12-29 16:33:01,388 INFO src.capture: Last token ids: [8922, 373, 2089]
2025-12-29 16:33:01,388 INFO src.capture: Last decoded tokens: [' assessment', ' was', ' bad']
2025-12-29 16:33:01,416 INFO src.capture: Last token ids: [8922, 373, 3595]
2025-12-29 16:33:01,416 INFO src.capture: Last decoded tokens: [' assessment', ' was', ' poor']
2025-12-29 16:33:01,443 INFO src.capture: Last token ids: [8922, 373, 4939]
2025-12-29 16:33:01,444 INFO src.capture: Last decoded tokens: [' assessment', ' was', ' weak']
2025-12-29 16:33:01,473 INFO src.capture: Last token ids: [8922, 373, 29956]
2025-12-29 16:33:01,473 INFO src.capture: Last decoded tokens: [' assessment', ' was', ' mediocre']
2025-12-29 16:33:01,502 INFO src.capture: Last token ids: [373, 555, 24194]
2025-12-29 16:33:01,502 INFO src.capture: Last decoded tokens: [' was', ' un', 'inspired']
2025-12-29 16:33:01,530 INFO src.capture: Last token ids: [8922, 373, 50146]
2025-12-29 16:33:01,530 INFO src.capture: Last decoded tokens: [' assessment', ' was', ' lackluster']
2025-12-29 16:33:01,562 INFO src.capture: Last token ids: [8922, 373, 8788]
2025-12-29 16:33:01,562 INFO src.capture: Last decoded tokens: [' assessment', ' was', ' okay']
2025-12-29 16:33:01,590 INFO src.capture: Last token ids: [8922, 373, 3734]
2025-12-29 16:33:01,590 INFO src.capture: Last decoded tokens: [' assessment', ' was', ' fine']
2025-12-29 16:33:01,619 INFO src.capture: Last token ids: [8922, 373, 2811]
2025-12-29 16:33:01,619 INFO src.capture: Last decoded tokens: [' assessment', ' was', ' average']
2025-12-29 16:33:01,646 INFO src.capture: Last token ids: [8922, 373, 7709]
2025-12-29 16:33:01,646 INFO src.capture: Last decoded tokens: [' assessment', ' was', ' decent']
2025-12-29 16:33:01,674 INFO src.capture: Last token ids: [8922, 373, 4735]
2025-12-29 16:33:01,674 INFO src.capture: Last decoded tokens: [' assessment', ' was', ' solid']
2025-12-29 16:33:01,702 INFO src.capture: Last token ids: [8922, 373, 15497]
2025-12-29 16:33:01,702 INFO src.capture: Last decoded tokens: [' assessment', ' was', ' pleasant']
2025-12-29 16:33:01,733 INFO src.capture: Last token ids: [8922, 373, 922]
2025-12-29 16:33:01,733 INFO src.capture: Last decoded tokens: [' assessment', ' was', ' good']
2025-12-29 16:33:01,766 INFO src.capture: Last token ids: [8922, 373, 20050]
2025-12-29 16:33:01,766 INFO src.capture: Last decoded tokens: [' assessment', ' was', ' enjoyable']
2025-12-29 16:33:01,797 INFO src.capture: Last token ids: [8922, 373, 19201]
2025-12-29 16:33:01,797 INFO src.capture: Last decoded tokens: [' assessment', ' was', ' satisfying']
2025-12-29 16:33:01,825 INFO src.capture: Last token ids: [8922, 373, 1049]
2025-12-29 16:33:01,825 INFO src.capture: Last decoded tokens: [' assessment', ' was', ' great']
2025-12-29 16:33:01,853 INFO src.capture: Last token ids: [8922, 373, 8036]
2025-12-29 16:33:01,854 INFO src.capture: Last decoded tokens: [' assessment', ' was', ' impressive']
2025-12-29 16:33:01,881 INFO src.capture: Last token ids: [8922, 373, 1913]
2025-12-29 16:33:01,881 INFO src.capture: Last decoded tokens: [' assessment', ' was', ' strong']
2025-12-29 16:33:01,911 INFO src.capture: Last token ids: [8922, 373, 6275]
2025-12-29 16:33:01,911 INFO src.capture: Last decoded tokens: [' assessment', ' was', ' excellent']
2025-12-29 16:33:01,940 INFO src.capture: Last token ids: [8922, 373, 9623]
2025-12-29 16:33:01,940 INFO src.capture: Last decoded tokens: [' assessment', ' was', ' fantastic']
2025-12-29 16:33:01,971 INFO src.capture: Last token ids: [8922, 373, 11660]
2025-12-29 16:33:01,971 INFO src.capture: Last decoded tokens: [' assessment', ' was', ' outstanding']
2025-12-29 16:33:01,998 INFO src.capture: Last token ids: [8922, 373, 15313]
2025-12-29 16:33:01,999 INFO src.capture: Last decoded tokens: [' assessment', ' was', ' exceptional']
2025-12-29 16:33:02,030 INFO src.capture: Last token ids: [8922, 373, 11004]
2025-12-29 16:33:02,030 INFO src.capture: Last decoded tokens: [' assessment', ' was', ' remarkable']
2025-12-29 16:33:02,060 INFO src.capture: Last token ids: [8922, 373, 21840]
2025-12-29 16:33:02,060 INFO src.capture: Last decoded tokens: [' assessment', ' was', ' superb']
2025-12-29 16:35:59,670 INFO src.capture: Last token ids: [450, 893, 7617]
2025-12-29 16:35:59,670 INFO src.capture: Last decoded tokens: [' ab', 'ys', 'mal']
2025-12-29 16:36:00,616 INFO src.capture: Last token ids: [373, 38324, 4680]
2025-12-29 16:36:00,616 INFO src.capture: Last decoded tokens: [' was', ' atro', 'cious']
2025-12-29 16:36:00,728 INFO src.capture: Last token ids: [1998, 373, 12659]
2025-12-29 16:36:00,728 INFO src.capture: Last decoded tokens: [' experience', ' was', ' awful']
2025-12-29 16:36:00,839 INFO src.capture: Last token ids: [1998, 373, 7818]
2025-12-29 16:36:00,839 INFO src.capture: Last decoded tokens: [' experience', ' was', ' terrible']
2025-12-29 16:36:00,870 INFO src.capture: Last token ids: [1998, 373, 12361]
2025-12-29 16:36:00,870 INFO src.capture: Last decoded tokens: [' experience', ' was', ' horrible']
2025-12-29 16:36:00,900 INFO src.capture: Last token ids: [1998, 373, 35483]
2025-12-29 16:36:00,901 INFO src.capture: Last decoded tokens: [' experience', ' was', ' dreadful']
2025-12-29 16:36:00,930 INFO src.capture: Last token ids: [1998, 373, 2089]
2025-12-29 16:36:00,930 INFO src.capture: Last decoded tokens: [' experience', ' was', ' bad']
2025-12-29 16:36:00,959 INFO src.capture: Last token ids: [1998, 373, 3595]
2025-12-29 16:36:00,960 INFO src.capture: Last decoded tokens: [' experience', ' was', ' poor']
2025-12-29 16:36:00,990 INFO src.capture: Last token ids: [1998, 373, 4939]
2025-12-29 16:36:00,990 INFO src.capture: Last decoded tokens: [' experience', ' was', ' weak']
2025-12-29 16:36:01,019 INFO src.capture: Last token ids: [1998, 373, 29956]
2025-12-29 16:36:01,019 INFO src.capture: Last decoded tokens: [' experience', ' was', ' mediocre']
2025-12-29 16:36:01,048 INFO src.capture: Last token ids: [373, 555, 24194]
2025-12-29 16:36:01,048 INFO src.capture: Last decoded tokens: [' was', ' un', 'inspired']
2025-12-29 16:36:01,077 INFO src.capture: Last token ids: [1998, 373, 50146]
2025-12-29 16:36:01,077 INFO src.capture: Last decoded tokens: [' experience', ' was', ' lackluster']
2025-12-29 16:36:01,107 INFO src.capture: Last token ids: [1998, 373, 8788]
2025-12-29 16:36:01,107 INFO src.capture: Last decoded tokens: [' experience', ' was', ' okay']
2025-12-29 16:36:01,136 INFO src.capture: Last token ids: [1998, 373, 3734]
2025-12-29 16:36:01,136 INFO src.capture: Last decoded tokens: [' experience', ' was', ' fine']
2025-12-29 16:36:01,164 INFO src.capture: Last token ids: [1998, 373, 2811]
2025-12-29 16:36:01,165 INFO src.capture: Last decoded tokens: [' experience', ' was', ' average']
2025-12-29 16:36:01,193 INFO src.capture: Last token ids: [1998, 373, 7709]
2025-12-29 16:36:01,193 INFO src.capture: Last decoded tokens: [' experience', ' was', ' decent']
2025-12-29 16:36:01,222 INFO src.capture: Last token ids: [1998, 373, 4735]
2025-12-29 16:36:01,222 INFO src.capture: Last decoded tokens: [' experience', ' was', ' solid']
2025-12-29 16:36:01,250 INFO src.capture: Last token ids: [1998, 373, 15497]
2025-12-29 16:36:01,250 INFO src.capture: Last decoded tokens: [' experience', ' was', ' pleasant']
2025-12-29 16:36:01,280 INFO src.capture: Last token ids: [1998, 373, 922]
2025-12-29 16:36:01,280 INFO src.capture: Last decoded tokens: [' experience', ' was', ' good']
2025-12-29 16:36:01,308 INFO src.capture: Last token ids: [1998, 373, 20050]
2025-12-29 16:36:01,308 INFO src.capture: Last decoded tokens: [' experience', ' was', ' enjoyable']
2025-12-29 16:36:01,339 INFO src.capture: Last token ids: [1998, 373, 19201]
2025-12-29 16:36:01,339 INFO src.capture: Last decoded tokens: [' experience', ' was', ' satisfying']
2025-12-29 16:36:01,368 INFO src.capture: Last token ids: [1998, 373, 1049]
2025-12-29 16:36:01,368 INFO src.capture: Last decoded tokens: [' experience', ' was', ' great']
2025-12-29 16:36:01,400 INFO src.capture: Last token ids: [1998, 373, 8036]
2025-12-29 16:36:01,400 INFO src.capture: Last decoded tokens: [' experience', ' was', ' impressive']
2025-12-29 16:36:01,428 INFO src.capture: Last token ids: [1998, 373, 1913]
2025-12-29 16:36:01,429 INFO src.capture: Last decoded tokens: [' experience', ' was', ' strong']
2025-12-29 16:36:01,458 INFO src.capture: Last token ids: [1998, 373, 6275]
2025-12-29 16:36:01,458 INFO src.capture: Last decoded tokens: [' experience', ' was', ' excellent']
2025-12-29 16:36:01,487 INFO src.capture: Last token ids: [1998, 373, 9623]
2025-12-29 16:36:01,487 INFO src.capture: Last decoded tokens: [' experience', ' was', ' fantastic']
2025-12-29 16:36:01,518 INFO src.capture: Last token ids: [1998, 373, 11660]
2025-12-29 16:36:01,518 INFO src.capture: Last decoded tokens: [' experience', ' was', ' outstanding']
2025-12-29 16:36:01,546 INFO src.capture: Last token ids: [1998, 373, 15313]
2025-12-29 16:36:01,547 INFO src.capture: Last decoded tokens: [' experience', ' was', ' exceptional']
2025-12-29 16:36:01,576 INFO src.capture: Last token ids: [1998, 373, 11004]
2025-12-29 16:36:01,576 INFO src.capture: Last decoded tokens: [' experience', ' was', ' remarkable']
2025-12-29 16:36:01,603 INFO src.capture: Last token ids: [1998, 373, 21840]
2025-12-29 16:36:01,603 INFO src.capture: Last decoded tokens: [' experience', ' was', ' superb']
2025-12-29 16:36:01,631 INFO src.capture: Last token ids: [450, 893, 7617]
2025-12-29 16:36:01,631 INFO src.capture: Last decoded tokens: [' ab', 'ys', 'mal']
2025-12-29 16:36:01,660 INFO src.capture: Last token ids: [2936, 38324, 4680]
2025-12-29 16:36:01,660 INFO src.capture: Last decoded tokens: [' felt', ' atro', 'cious']
2025-12-29 16:36:01,687 INFO src.capture: Last token ids: [8055, 2936, 12659]
2025-12-29 16:36:01,687 INFO src.capture: Last decoded tokens: [' outcome', ' felt', ' awful']
2025-12-29 16:36:01,801 INFO src.capture: Last token ids: [8055, 2936, 7818]
2025-12-29 16:36:01,801 INFO src.capture: Last decoded tokens: [' outcome', ' felt', ' terrible']
2025-12-29 16:36:01,829 INFO src.capture: Last token ids: [8055, 2936, 12361]
2025-12-29 16:36:01,829 INFO src.capture: Last decoded tokens: [' outcome', ' felt', ' horrible']
2025-12-29 16:36:01,858 INFO src.capture: Last token ids: [8055, 2936, 35483]
2025-12-29 16:36:01,858 INFO src.capture: Last decoded tokens: [' outcome', ' felt', ' dreadful']
2025-12-29 16:36:01,887 INFO src.capture: Last token ids: [8055, 2936, 2089]
2025-12-29 16:36:01,887 INFO src.capture: Last decoded tokens: [' outcome', ' felt', ' bad']
2025-12-29 16:36:01,917 INFO src.capture: Last token ids: [8055, 2936, 3595]
2025-12-29 16:36:01,917 INFO src.capture: Last decoded tokens: [' outcome', ' felt', ' poor']
2025-12-29 16:36:01,947 INFO src.capture: Last token ids: [8055, 2936, 4939]
2025-12-29 16:36:01,947 INFO src.capture: Last decoded tokens: [' outcome', ' felt', ' weak']
2025-12-29 16:36:01,979 INFO src.capture: Last token ids: [8055, 2936, 29956]
2025-12-29 16:36:01,980 INFO src.capture: Last decoded tokens: [' outcome', ' felt', ' mediocre']
2025-12-29 16:36:02,009 INFO src.capture: Last token ids: [2936, 555, 24194]
2025-12-29 16:36:02,009 INFO src.capture: Last decoded tokens: [' felt', ' un', 'inspired']
2025-12-29 16:36:02,037 INFO src.capture: Last token ids: [8055, 2936, 50146]
2025-12-29 16:36:02,037 INFO src.capture: Last decoded tokens: [' outcome', ' felt', ' lackluster']
2025-12-29 16:36:02,068 INFO src.capture: Last token ids: [8055, 2936, 8788]
2025-12-29 16:36:02,068 INFO src.capture: Last decoded tokens: [' outcome', ' felt', ' okay']
2025-12-29 16:36:02,096 INFO src.capture: Last token ids: [8055, 2936, 3734]
2025-12-29 16:36:02,096 INFO src.capture: Last decoded tokens: [' outcome', ' felt', ' fine']
2025-12-29 16:36:02,123 INFO src.capture: Last token ids: [8055, 2936, 2811]
2025-12-29 16:36:02,123 INFO src.capture: Last decoded tokens: [' outcome', ' felt', ' average']
2025-12-29 16:36:02,151 INFO src.capture: Last token ids: [8055, 2936, 7709]
2025-12-29 16:36:02,151 INFO src.capture: Last decoded tokens: [' outcome', ' felt', ' decent']
2025-12-29 16:36:02,180 INFO src.capture: Last token ids: [8055, 2936, 4735]
2025-12-29 16:36:02,180 INFO src.capture: Last decoded tokens: [' outcome', ' felt', ' solid']
2025-12-29 16:36:02,208 INFO src.capture: Last token ids: [8055, 2936, 15497]
2025-12-29 16:36:02,208 INFO src.capture: Last decoded tokens: [' outcome', ' felt', ' pleasant']
2025-12-29 16:36:02,238 INFO src.capture: Last token ids: [8055, 2936, 922]
2025-12-29 16:36:02,238 INFO src.capture: Last decoded tokens: [' outcome', ' felt', ' good']
2025-12-29 16:36:02,266 INFO src.capture: Last token ids: [8055, 2936, 20050]
2025-12-29 16:36:02,266 INFO src.capture: Last decoded tokens: [' outcome', ' felt', ' enjoyable']
2025-12-29 16:36:02,295 INFO src.capture: Last token ids: [8055, 2936, 19201]
2025-12-29 16:36:02,295 INFO src.capture: Last decoded tokens: [' outcome', ' felt', ' satisfying']
2025-12-29 16:36:02,322 INFO src.capture: Last token ids: [8055, 2936, 1049]
2025-12-29 16:36:02,322 INFO src.capture: Last decoded tokens: [' outcome', ' felt', ' great']
2025-12-29 16:36:02,351 INFO src.capture: Last token ids: [8055, 2936, 8036]
2025-12-29 16:36:02,351 INFO src.capture: Last decoded tokens: [' outcome', ' felt', ' impressive']
2025-12-29 16:36:02,379 INFO src.capture: Last token ids: [8055, 2936, 1913]
2025-12-29 16:36:02,379 INFO src.capture: Last decoded tokens: [' outcome', ' felt', ' strong']
2025-12-29 16:36:02,409 INFO src.capture: Last token ids: [8055, 2936, 6275]
2025-12-29 16:36:02,409 INFO src.capture: Last decoded tokens: [' outcome', ' felt', ' excellent']
2025-12-29 16:36:02,441 INFO src.capture: Last token ids: [8055, 2936, 9623]
2025-12-29 16:36:02,441 INFO src.capture: Last decoded tokens: [' outcome', ' felt', ' fantastic']
2025-12-29 16:36:02,473 INFO src.capture: Last token ids: [8055, 2936, 11660]
2025-12-29 16:36:02,473 INFO src.capture: Last decoded tokens: [' outcome', ' felt', ' outstanding']
2025-12-29 16:36:02,503 INFO src.capture: Last token ids: [8055, 2936, 15313]
2025-12-29 16:36:02,503 INFO src.capture: Last decoded tokens: [' outcome', ' felt', ' exceptional']
2025-12-29 16:36:02,532 INFO src.capture: Last token ids: [8055, 2936, 11004]
2025-12-29 16:36:02,532 INFO src.capture: Last decoded tokens: [' outcome', ' felt', ' remarkable']
2025-12-29 16:36:02,560 INFO src.capture: Last token ids: [8055, 2936, 21840]
2025-12-29 16:36:02,560 INFO src.capture: Last decoded tokens: [' outcome', ' felt', ' superb']
2025-12-29 16:36:02,588 INFO src.capture: Last token ids: [450, 893, 7617]
2025-12-29 16:36:02,588 INFO src.capture: Last decoded tokens: [' ab', 'ys', 'mal']
2025-12-29 16:36:02,619 INFO src.capture: Last token ids: [373, 38324, 4680]
2025-12-29 16:36:02,619 INFO src.capture: Last decoded tokens: [' was', ' atro', 'cious']
2025-12-29 16:36:02,649 INFO src.capture: Last token ids: [1255, 373, 12659]
2025-12-29 16:36:02,649 INFO src.capture: Last decoded tokens: [' result', ' was', ' awful']
2025-12-29 16:36:02,676 INFO src.capture: Last token ids: [1255, 373, 7818]
2025-12-29 16:36:02,676 INFO src.capture: Last decoded tokens: [' result', ' was', ' terrible']
2025-12-29 16:36:02,705 INFO src.capture: Last token ids: [1255, 373, 12361]
2025-12-29 16:36:02,705 INFO src.capture: Last decoded tokens: [' result', ' was', ' horrible']
2025-12-29 16:36:02,734 INFO src.capture: Last token ids: [1255, 373, 35483]
2025-12-29 16:36:02,734 INFO src.capture: Last decoded tokens: [' result', ' was', ' dreadful']
2025-12-29 16:36:02,764 INFO src.capture: Last token ids: [1255, 373, 2089]
2025-12-29 16:36:02,764 INFO src.capture: Last decoded tokens: [' result', ' was', ' bad']
2025-12-29 16:36:02,790 INFO src.capture: Last token ids: [1255, 373, 3595]
2025-12-29 16:36:02,790 INFO src.capture: Last decoded tokens: [' result', ' was', ' poor']
2025-12-29 16:36:02,817 INFO src.capture: Last token ids: [1255, 373, 4939]
2025-12-29 16:36:02,817 INFO src.capture: Last decoded tokens: [' result', ' was', ' weak']
2025-12-29 16:36:02,845 INFO src.capture: Last token ids: [1255, 373, 29956]
2025-12-29 16:36:02,845 INFO src.capture: Last decoded tokens: [' result', ' was', ' mediocre']
2025-12-29 16:36:02,875 INFO src.capture: Last token ids: [373, 555, 24194]
2025-12-29 16:36:02,875 INFO src.capture: Last decoded tokens: [' was', ' un', 'inspired']
2025-12-29 16:36:02,903 INFO src.capture: Last token ids: [1255, 373, 50146]
2025-12-29 16:36:02,903 INFO src.capture: Last decoded tokens: [' result', ' was', ' lackluster']
2025-12-29 16:36:02,932 INFO src.capture: Last token ids: [1255, 373, 8788]
2025-12-29 16:36:02,932 INFO src.capture: Last decoded tokens: [' result', ' was', ' okay']
2025-12-29 16:36:02,960 INFO src.capture: Last token ids: [1255, 373, 3734]
2025-12-29 16:36:02,960 INFO src.capture: Last decoded tokens: [' result', ' was', ' fine']
2025-12-29 16:36:02,989 INFO src.capture: Last token ids: [1255, 373, 2811]
2025-12-29 16:36:02,989 INFO src.capture: Last decoded tokens: [' result', ' was', ' average']
2025-12-29 16:36:03,017 INFO src.capture: Last token ids: [1255, 373, 7709]
2025-12-29 16:36:03,017 INFO src.capture: Last decoded tokens: [' result', ' was', ' decent']
2025-12-29 16:36:03,045 INFO src.capture: Last token ids: [1255, 373, 4735]
2025-12-29 16:36:03,046 INFO src.capture: Last decoded tokens: [' result', ' was', ' solid']
2025-12-29 16:36:03,073 INFO src.capture: Last token ids: [1255, 373, 15497]
2025-12-29 16:36:03,073 INFO src.capture: Last decoded tokens: [' result', ' was', ' pleasant']
2025-12-29 16:36:03,101 INFO src.capture: Last token ids: [1255, 373, 922]
2025-12-29 16:36:03,101 INFO src.capture: Last decoded tokens: [' result', ' was', ' good']
2025-12-29 16:36:03,130 INFO src.capture: Last token ids: [1255, 373, 20050]
2025-12-29 16:36:03,130 INFO src.capture: Last decoded tokens: [' result', ' was', ' enjoyable']
2025-12-29 16:36:03,159 INFO src.capture: Last token ids: [1255, 373, 19201]
2025-12-29 16:36:03,159 INFO src.capture: Last decoded tokens: [' result', ' was', ' satisfying']
2025-12-29 16:36:03,187 INFO src.capture: Last token ids: [1255, 373, 1049]
2025-12-29 16:36:03,187 INFO src.capture: Last decoded tokens: [' result', ' was', ' great']
2025-12-29 16:36:03,215 INFO src.capture: Last token ids: [1255, 373, 8036]
2025-12-29 16:36:03,215 INFO src.capture: Last decoded tokens: [' result', ' was', ' impressive']
2025-12-29 16:36:03,242 INFO src.capture: Last token ids: [1255, 373, 1913]
2025-12-29 16:36:03,242 INFO src.capture: Last decoded tokens: [' result', ' was', ' strong']
2025-12-29 16:36:03,269 INFO src.capture: Last token ids: [1255, 373, 6275]
2025-12-29 16:36:03,269 INFO src.capture: Last decoded tokens: [' result', ' was', ' excellent']
2025-12-29 16:36:03,295 INFO src.capture: Last token ids: [1255, 373, 9623]
2025-12-29 16:36:03,295 INFO src.capture: Last decoded tokens: [' result', ' was', ' fantastic']
2025-12-29 16:36:03,321 INFO src.capture: Last token ids: [1255, 373, 11660]
2025-12-29 16:36:03,321 INFO src.capture: Last decoded tokens: [' result', ' was', ' outstanding']
2025-12-29 16:36:03,349 INFO src.capture: Last token ids: [1255, 373, 15313]
2025-12-29 16:36:03,349 INFO src.capture: Last decoded tokens: [' result', ' was', ' exceptional']
2025-12-29 16:36:03,378 INFO src.capture: Last token ids: [1255, 373, 11004]
2025-12-29 16:36:03,378 INFO src.capture: Last decoded tokens: [' result', ' was', ' remarkable']
2025-12-29 16:36:03,404 INFO src.capture: Last token ids: [1255, 373, 21840]
2025-12-29 16:36:03,404 INFO src.capture: Last decoded tokens: [' result', ' was', ' superb']
2025-12-29 16:36:03,431 INFO src.capture: Last token ids: [450, 893, 7617]
2025-12-29 16:36:03,431 INFO src.capture: Last decoded tokens: [' ab', 'ys', 'mal']
2025-12-29 16:36:03,539 INFO src.capture: Last token ids: [373, 38324, 4680]
2025-12-29 16:36:03,539 INFO src.capture: Last decoded tokens: [' was', ' atro', 'cious']
2025-12-29 16:36:03,654 INFO src.capture: Last token ids: [670, 373, 12659]
2025-12-29 16:36:03,654 INFO src.capture: Last decoded tokens: [' work', ' was', ' awful']
2025-12-29 16:36:03,684 INFO src.capture: Last token ids: [670, 373, 7818]
2025-12-29 16:36:03,685 INFO src.capture: Last decoded tokens: [' work', ' was', ' terrible']
2025-12-29 16:36:03,719 INFO src.capture: Last token ids: [670, 373, 12361]
2025-12-29 16:36:03,720 INFO src.capture: Last decoded tokens: [' work', ' was', ' horrible']
2025-12-29 16:36:03,753 INFO src.capture: Last token ids: [670, 373, 35483]
2025-12-29 16:36:03,753 INFO src.capture: Last decoded tokens: [' work', ' was', ' dreadful']
2025-12-29 16:36:03,787 INFO src.capture: Last token ids: [670, 373, 2089]
2025-12-29 16:36:03,788 INFO src.capture: Last decoded tokens: [' work', ' was', ' bad']
2025-12-29 16:36:03,821 INFO src.capture: Last token ids: [670, 373, 3595]
2025-12-29 16:36:03,821 INFO src.capture: Last decoded tokens: [' work', ' was', ' poor']
2025-12-29 16:36:03,855 INFO src.capture: Last token ids: [670, 373, 4939]
2025-12-29 16:36:03,855 INFO src.capture: Last decoded tokens: [' work', ' was', ' weak']
2025-12-29 16:36:03,888 INFO src.capture: Last token ids: [670, 373, 29956]
2025-12-29 16:36:03,888 INFO src.capture: Last decoded tokens: [' work', ' was', ' mediocre']
2025-12-29 16:36:03,921 INFO src.capture: Last token ids: [373, 555, 24194]
2025-12-29 16:36:03,921 INFO src.capture: Last decoded tokens: [' was', ' un', 'inspired']
2025-12-29 16:36:03,950 INFO src.capture: Last token ids: [670, 373, 50146]
2025-12-29 16:36:03,951 INFO src.capture: Last decoded tokens: [' work', ' was', ' lackluster']
2025-12-29 16:36:03,977 INFO src.capture: Last token ids: [670, 373, 8788]
2025-12-29 16:36:03,977 INFO src.capture: Last decoded tokens: [' work', ' was', ' okay']
2025-12-29 16:36:04,005 INFO src.capture: Last token ids: [670, 373, 3734]
2025-12-29 16:36:04,005 INFO src.capture: Last decoded tokens: [' work', ' was', ' fine']
2025-12-29 16:36:04,035 INFO src.capture: Last token ids: [670, 373, 2811]
2025-12-29 16:36:04,035 INFO src.capture: Last decoded tokens: [' work', ' was', ' average']
2025-12-29 16:36:04,065 INFO src.capture: Last token ids: [670, 373, 7709]
2025-12-29 16:36:04,065 INFO src.capture: Last decoded tokens: [' work', ' was', ' decent']
2025-12-29 16:36:04,096 INFO src.capture: Last token ids: [670, 373, 4735]
2025-12-29 16:36:04,096 INFO src.capture: Last decoded tokens: [' work', ' was', ' solid']
2025-12-29 16:36:04,129 INFO src.capture: Last token ids: [670, 373, 15497]
2025-12-29 16:36:04,129 INFO src.capture: Last decoded tokens: [' work', ' was', ' pleasant']
2025-12-29 16:36:04,163 INFO src.capture: Last token ids: [670, 373, 922]
2025-12-29 16:36:04,163 INFO src.capture: Last decoded tokens: [' work', ' was', ' good']
2025-12-29 16:36:04,201 INFO src.capture: Last token ids: [670, 373, 20050]
2025-12-29 16:36:04,202 INFO src.capture: Last decoded tokens: [' work', ' was', ' enjoyable']
2025-12-29 16:36:04,236 INFO src.capture: Last token ids: [670, 373, 19201]
2025-12-29 16:36:04,236 INFO src.capture: Last decoded tokens: [' work', ' was', ' satisfying']
2025-12-29 16:36:04,268 INFO src.capture: Last token ids: [670, 373, 1049]
2025-12-29 16:36:04,268 INFO src.capture: Last decoded tokens: [' work', ' was', ' great']
2025-12-29 16:36:04,300 INFO src.capture: Last token ids: [670, 373, 8036]
2025-12-29 16:36:04,301 INFO src.capture: Last decoded tokens: [' work', ' was', ' impressive']
2025-12-29 16:36:04,333 INFO src.capture: Last token ids: [670, 373, 1913]
2025-12-29 16:36:04,333 INFO src.capture: Last decoded tokens: [' work', ' was', ' strong']
2025-12-29 16:36:04,366 INFO src.capture: Last token ids: [670, 373, 6275]
2025-12-29 16:36:04,366 INFO src.capture: Last decoded tokens: [' work', ' was', ' excellent']
2025-12-29 16:36:04,397 INFO src.capture: Last token ids: [670, 373, 9623]
2025-12-29 16:36:04,397 INFO src.capture: Last decoded tokens: [' work', ' was', ' fantastic']
2025-12-29 16:36:04,429 INFO src.capture: Last token ids: [670, 373, 11660]
2025-12-29 16:36:04,430 INFO src.capture: Last decoded tokens: [' work', ' was', ' outstanding']
2025-12-29 16:36:04,462 INFO src.capture: Last token ids: [670, 373, 15313]
2025-12-29 16:36:04,462 INFO src.capture: Last decoded tokens: [' work', ' was', ' exceptional']
2025-12-29 16:36:04,494 INFO src.capture: Last token ids: [670, 373, 11004]
2025-12-29 16:36:04,494 INFO src.capture: Last decoded tokens: [' work', ' was', ' remarkable']
2025-12-29 16:36:04,528 INFO src.capture: Last token ids: [670, 373, 21840]
2025-12-29 16:36:04,528 INFO src.capture: Last decoded tokens: [' work', ' was', ' superb']
2025-12-29 16:36:04,563 INFO src.capture: Last token ids: [450, 893, 7617]
2025-12-29 16:36:04,563 INFO src.capture: Last decoded tokens: [' ab', 'ys', 'mal']
2025-12-29 16:36:04,596 INFO src.capture: Last token ids: [373, 38324, 4680]
2025-12-29 16:36:04,597 INFO src.capture: Last decoded tokens: [' was', ' atro', 'cious']
2025-12-29 16:36:04,626 INFO src.capture: Last token ids: [2854, 373, 12659]
2025-12-29 16:36:04,626 INFO src.capture: Last decoded tokens: [' performance', ' was', ' awful']
2025-12-29 16:36:04,654 INFO src.capture: Last token ids: [2854, 373, 7818]
2025-12-29 16:36:04,654 INFO src.capture: Last decoded tokens: [' performance', ' was', ' terrible']
2025-12-29 16:36:04,681 INFO src.capture: Last token ids: [2854, 373, 12361]
2025-12-29 16:36:04,681 INFO src.capture: Last decoded tokens: [' performance', ' was', ' horrible']
2025-12-29 16:36:04,707 INFO src.capture: Last token ids: [2854, 373, 35483]
2025-12-29 16:36:04,708 INFO src.capture: Last decoded tokens: [' performance', ' was', ' dreadful']
2025-12-29 16:36:04,734 INFO src.capture: Last token ids: [2854, 373, 2089]
2025-12-29 16:36:04,735 INFO src.capture: Last decoded tokens: [' performance', ' was', ' bad']
2025-12-29 16:36:04,763 INFO src.capture: Last token ids: [2854, 373, 3595]
2025-12-29 16:36:04,763 INFO src.capture: Last decoded tokens: [' performance', ' was', ' poor']
2025-12-29 16:36:04,790 INFO src.capture: Last token ids: [2854, 373, 4939]
2025-12-29 16:36:04,790 INFO src.capture: Last decoded tokens: [' performance', ' was', ' weak']
2025-12-29 16:36:04,817 INFO src.capture: Last token ids: [2854, 373, 29956]
2025-12-29 16:36:04,817 INFO src.capture: Last decoded tokens: [' performance', ' was', ' mediocre']
2025-12-29 16:36:04,844 INFO src.capture: Last token ids: [373, 555, 24194]
2025-12-29 16:36:04,845 INFO src.capture: Last decoded tokens: [' was', ' un', 'inspired']
2025-12-29 16:36:04,872 INFO src.capture: Last token ids: [2854, 373, 50146]
2025-12-29 16:36:04,873 INFO src.capture: Last decoded tokens: [' performance', ' was', ' lackluster']
2025-12-29 16:36:04,901 INFO src.capture: Last token ids: [2854, 373, 8788]
2025-12-29 16:36:04,901 INFO src.capture: Last decoded tokens: [' performance', ' was', ' okay']
2025-12-29 16:36:04,930 INFO src.capture: Last token ids: [2854, 373, 3734]
2025-12-29 16:36:04,930 INFO src.capture: Last decoded tokens: [' performance', ' was', ' fine']
2025-12-29 16:36:04,957 INFO src.capture: Last token ids: [2854, 373, 2811]
2025-12-29 16:36:04,958 INFO src.capture: Last decoded tokens: [' performance', ' was', ' average']
2025-12-29 16:36:04,984 INFO src.capture: Last token ids: [2854, 373, 7709]
2025-12-29 16:36:04,984 INFO src.capture: Last decoded tokens: [' performance', ' was', ' decent']
2025-12-29 16:36:05,012 INFO src.capture: Last token ids: [2854, 373, 4735]
2025-12-29 16:36:05,012 INFO src.capture: Last decoded tokens: [' performance', ' was', ' solid']
2025-12-29 16:36:05,039 INFO src.capture: Last token ids: [2854, 373, 15497]
2025-12-29 16:36:05,039 INFO src.capture: Last decoded tokens: [' performance', ' was', ' pleasant']
2025-12-29 16:36:05,066 INFO src.capture: Last token ids: [2854, 373, 922]
2025-12-29 16:36:05,066 INFO src.capture: Last decoded tokens: [' performance', ' was', ' good']
2025-12-29 16:36:05,093 INFO src.capture: Last token ids: [2854, 373, 20050]
2025-12-29 16:36:05,093 INFO src.capture: Last decoded tokens: [' performance', ' was', ' enjoyable']
2025-12-29 16:36:05,120 INFO src.capture: Last token ids: [2854, 373, 19201]
2025-12-29 16:36:05,120 INFO src.capture: Last decoded tokens: [' performance', ' was', ' satisfying']
2025-12-29 16:36:05,147 INFO src.capture: Last token ids: [2854, 373, 1049]
2025-12-29 16:36:05,148 INFO src.capture: Last decoded tokens: [' performance', ' was', ' great']
2025-12-29 16:36:05,174 INFO src.capture: Last token ids: [2854, 373, 8036]
2025-12-29 16:36:05,174 INFO src.capture: Last decoded tokens: [' performance', ' was', ' impressive']
2025-12-29 16:36:05,201 INFO src.capture: Last token ids: [2854, 373, 1913]
2025-12-29 16:36:05,201 INFO src.capture: Last decoded tokens: [' performance', ' was', ' strong']
2025-12-29 16:36:05,228 INFO src.capture: Last token ids: [2854, 373, 6275]
2025-12-29 16:36:05,228 INFO src.capture: Last decoded tokens: [' performance', ' was', ' excellent']
2025-12-29 16:36:05,254 INFO src.capture: Last token ids: [2854, 373, 9623]
2025-12-29 16:36:05,255 INFO src.capture: Last decoded tokens: [' performance', ' was', ' fantastic']
2025-12-29 16:36:05,284 INFO src.capture: Last token ids: [2854, 373, 11660]
2025-12-29 16:36:05,284 INFO src.capture: Last decoded tokens: [' performance', ' was', ' outstanding']
2025-12-29 16:36:05,312 INFO src.capture: Last token ids: [2854, 373, 15313]
2025-12-29 16:36:05,312 INFO src.capture: Last decoded tokens: [' performance', ' was', ' exceptional']
2025-12-29 16:36:05,340 INFO src.capture: Last token ids: [2854, 373, 11004]
2025-12-29 16:36:05,341 INFO src.capture: Last decoded tokens: [' performance', ' was', ' remarkable']
2025-12-29 16:36:05,369 INFO src.capture: Last token ids: [2854, 373, 21840]
2025-12-29 16:36:05,369 INFO src.capture: Last decoded tokens: [' performance', ' was', ' superb']
2025-12-29 16:36:05,396 INFO src.capture: Last token ids: [450, 893, 7617]
2025-12-29 16:36:05,396 INFO src.capture: Last decoded tokens: [' ab', 'ys', 'mal']
2025-12-29 16:36:05,423 INFO src.capture: Last token ids: [3947, 38324, 4680]
2025-12-29 16:36:05,423 INFO src.capture: Last decoded tokens: [' seemed', ' atro', 'cious']
2025-12-29 16:36:05,452 INFO src.capture: Last token ids: [4069, 3947, 12659]
2025-12-29 16:36:05,452 INFO src.capture: Last decoded tokens: [' behavior', ' seemed', ' awful']
2025-12-29 16:36:05,479 INFO src.capture: Last token ids: [4069, 3947, 7818]
2025-12-29 16:36:05,479 INFO src.capture: Last decoded tokens: [' behavior', ' seemed', ' terrible']
2025-12-29 16:36:05,505 INFO src.capture: Last token ids: [4069, 3947, 12361]
2025-12-29 16:36:05,505 INFO src.capture: Last decoded tokens: [' behavior', ' seemed', ' horrible']
2025-12-29 16:36:05,532 INFO src.capture: Last token ids: [4069, 3947, 35483]
2025-12-29 16:36:05,532 INFO src.capture: Last decoded tokens: [' behavior', ' seemed', ' dreadful']
2025-12-29 16:36:05,558 INFO src.capture: Last token ids: [4069, 3947, 2089]
2025-12-29 16:36:05,559 INFO src.capture: Last decoded tokens: [' behavior', ' seemed', ' bad']
2025-12-29 16:36:05,586 INFO src.capture: Last token ids: [4069, 3947, 3595]
2025-12-29 16:36:05,586 INFO src.capture: Last decoded tokens: [' behavior', ' seemed', ' poor']
2025-12-29 16:36:05,614 INFO src.capture: Last token ids: [4069, 3947, 4939]
2025-12-29 16:36:05,614 INFO src.capture: Last decoded tokens: [' behavior', ' seemed', ' weak']
2025-12-29 16:36:05,643 INFO src.capture: Last token ids: [4069, 3947, 29956]
2025-12-29 16:36:05,643 INFO src.capture: Last decoded tokens: [' behavior', ' seemed', ' mediocre']
2025-12-29 16:36:05,671 INFO src.capture: Last token ids: [3947, 555, 24194]
2025-12-29 16:36:05,671 INFO src.capture: Last decoded tokens: [' seemed', ' un', 'inspired']
2025-12-29 16:36:05,698 INFO src.capture: Last token ids: [4069, 3947, 50146]
2025-12-29 16:36:05,698 INFO src.capture: Last decoded tokens: [' behavior', ' seemed', ' lackluster']
2025-12-29 16:36:05,728 INFO src.capture: Last token ids: [4069, 3947, 8788]
2025-12-29 16:36:05,728 INFO src.capture: Last decoded tokens: [' behavior', ' seemed', ' okay']
2025-12-29 16:36:05,753 INFO src.capture: Last token ids: [4069, 3947, 3734]
2025-12-29 16:36:05,753 INFO src.capture: Last decoded tokens: [' behavior', ' seemed', ' fine']
2025-12-29 16:36:05,779 INFO src.capture: Last token ids: [4069, 3947, 2811]
2025-12-29 16:36:05,779 INFO src.capture: Last decoded tokens: [' behavior', ' seemed', ' average']
2025-12-29 16:36:05,805 INFO src.capture: Last token ids: [4069, 3947, 7709]
2025-12-29 16:36:05,805 INFO src.capture: Last decoded tokens: [' behavior', ' seemed', ' decent']
2025-12-29 16:36:05,833 INFO src.capture: Last token ids: [4069, 3947, 4735]
2025-12-29 16:36:05,833 INFO src.capture: Last decoded tokens: [' behavior', ' seemed', ' solid']
2025-12-29 16:36:05,863 INFO src.capture: Last token ids: [4069, 3947, 15497]
2025-12-29 16:36:05,863 INFO src.capture: Last decoded tokens: [' behavior', ' seemed', ' pleasant']
2025-12-29 16:36:05,891 INFO src.capture: Last token ids: [4069, 3947, 922]
2025-12-29 16:36:05,891 INFO src.capture: Last decoded tokens: [' behavior', ' seemed', ' good']
2025-12-29 16:36:05,919 INFO src.capture: Last token ids: [4069, 3947, 20050]
2025-12-29 16:36:05,919 INFO src.capture: Last decoded tokens: [' behavior', ' seemed', ' enjoyable']
2025-12-29 16:36:05,948 INFO src.capture: Last token ids: [4069, 3947, 19201]
2025-12-29 16:36:05,948 INFO src.capture: Last decoded tokens: [' behavior', ' seemed', ' satisfying']
2025-12-29 16:36:05,977 INFO src.capture: Last token ids: [4069, 3947, 1049]
2025-12-29 16:36:05,978 INFO src.capture: Last decoded tokens: [' behavior', ' seemed', ' great']
2025-12-29 16:36:06,006 INFO src.capture: Last token ids: [4069, 3947, 8036]
2025-12-29 16:36:06,006 INFO src.capture: Last decoded tokens: [' behavior', ' seemed', ' impressive']
2025-12-29 16:36:06,033 INFO src.capture: Last token ids: [4069, 3947, 1913]
2025-12-29 16:36:06,033 INFO src.capture: Last decoded tokens: [' behavior', ' seemed', ' strong']
2025-12-29 16:36:06,060 INFO src.capture: Last token ids: [4069, 3947, 6275]
2025-12-29 16:36:06,060 INFO src.capture: Last decoded tokens: [' behavior', ' seemed', ' excellent']
2025-12-29 16:36:06,088 INFO src.capture: Last token ids: [4069, 3947, 9623]
2025-12-29 16:36:06,088 INFO src.capture: Last decoded tokens: [' behavior', ' seemed', ' fantastic']
2025-12-29 16:36:06,117 INFO src.capture: Last token ids: [4069, 3947, 11660]
2025-12-29 16:36:06,117 INFO src.capture: Last decoded tokens: [' behavior', ' seemed', ' outstanding']
2025-12-29 16:36:06,144 INFO src.capture: Last token ids: [4069, 3947, 15313]
2025-12-29 16:36:06,144 INFO src.capture: Last decoded tokens: [' behavior', ' seemed', ' exceptional']
2025-12-29 16:36:06,174 INFO src.capture: Last token ids: [4069, 3947, 11004]
2025-12-29 16:36:06,174 INFO src.capture: Last decoded tokens: [' behavior', ' seemed', ' remarkable']
2025-12-29 16:36:06,202 INFO src.capture: Last token ids: [4069, 3947, 21840]
2025-12-29 16:36:06,202 INFO src.capture: Last decoded tokens: [' behavior', ' seemed', ' superb']
2025-12-29 16:36:06,230 INFO src.capture: Last token ids: [450, 893, 7617]
2025-12-29 16:36:06,230 INFO src.capture: Last decoded tokens: [' ab', 'ys', 'mal']
2025-12-29 16:36:06,257 INFO src.capture: Last token ids: [373, 38324, 4680]
2025-12-29 16:36:06,257 INFO src.capture: Last decoded tokens: [' was', ' atro', 'cious']
2025-12-29 16:36:06,283 INFO src.capture: Last token ids: [2882, 373, 12659]
2025-12-29 16:36:06,283 INFO src.capture: Last decoded tokens: [' response', ' was', ' awful']
2025-12-29 16:36:06,309 INFO src.capture: Last token ids: [2882, 373, 7818]
2025-12-29 16:36:06,309 INFO src.capture: Last decoded tokens: [' response', ' was', ' terrible']
2025-12-29 16:36:06,334 INFO src.capture: Last token ids: [2882, 373, 12361]
2025-12-29 16:36:06,334 INFO src.capture: Last decoded tokens: [' response', ' was', ' horrible']
2025-12-29 16:36:06,359 INFO src.capture: Last token ids: [2882, 373, 35483]
2025-12-29 16:36:06,359 INFO src.capture: Last decoded tokens: [' response', ' was', ' dreadful']
2025-12-29 16:36:06,386 INFO src.capture: Last token ids: [2882, 373, 2089]
2025-12-29 16:36:06,386 INFO src.capture: Last decoded tokens: [' response', ' was', ' bad']
2025-12-29 16:36:06,413 INFO src.capture: Last token ids: [2882, 373, 3595]
2025-12-29 16:36:06,413 INFO src.capture: Last decoded tokens: [' response', ' was', ' poor']
2025-12-29 16:36:06,444 INFO src.capture: Last token ids: [2882, 373, 4939]
2025-12-29 16:36:06,444 INFO src.capture: Last decoded tokens: [' response', ' was', ' weak']
2025-12-29 16:36:06,472 INFO src.capture: Last token ids: [2882, 373, 29956]
2025-12-29 16:36:06,472 INFO src.capture: Last decoded tokens: [' response', ' was', ' mediocre']
2025-12-29 16:36:06,499 INFO src.capture: Last token ids: [373, 555, 24194]
2025-12-29 16:36:06,499 INFO src.capture: Last decoded tokens: [' was', ' un', 'inspired']
2025-12-29 16:36:06,527 INFO src.capture: Last token ids: [2882, 373, 50146]
2025-12-29 16:36:06,528 INFO src.capture: Last decoded tokens: [' response', ' was', ' lackluster']
2025-12-29 16:36:06,558 INFO src.capture: Last token ids: [2882, 373, 8788]
2025-12-29 16:36:06,558 INFO src.capture: Last decoded tokens: [' response', ' was', ' okay']
2025-12-29 16:36:06,585 INFO src.capture: Last token ids: [2882, 373, 3734]
2025-12-29 16:36:06,585 INFO src.capture: Last decoded tokens: [' response', ' was', ' fine']
2025-12-29 16:36:06,613 INFO src.capture: Last token ids: [2882, 373, 2811]
2025-12-29 16:36:06,614 INFO src.capture: Last decoded tokens: [' response', ' was', ' average']
2025-12-29 16:36:06,641 INFO src.capture: Last token ids: [2882, 373, 7709]
2025-12-29 16:36:06,641 INFO src.capture: Last decoded tokens: [' response', ' was', ' decent']
2025-12-29 16:36:06,669 INFO src.capture: Last token ids: [2882, 373, 4735]
2025-12-29 16:36:06,669 INFO src.capture: Last decoded tokens: [' response', ' was', ' solid']
2025-12-29 16:36:06,696 INFO src.capture: Last token ids: [2882, 373, 15497]
2025-12-29 16:36:06,696 INFO src.capture: Last decoded tokens: [' response', ' was', ' pleasant']
2025-12-29 16:36:06,723 INFO src.capture: Last token ids: [2882, 373, 922]
2025-12-29 16:36:06,723 INFO src.capture: Last decoded tokens: [' response', ' was', ' good']
2025-12-29 16:36:06,750 INFO src.capture: Last token ids: [2882, 373, 20050]
2025-12-29 16:36:06,751 INFO src.capture: Last decoded tokens: [' response', ' was', ' enjoyable']
2025-12-29 16:36:06,779 INFO src.capture: Last token ids: [2882, 373, 19201]
2025-12-29 16:36:06,779 INFO src.capture: Last decoded tokens: [' response', ' was', ' satisfying']
2025-12-29 16:36:06,807 INFO src.capture: Last token ids: [2882, 373, 1049]
2025-12-29 16:36:06,808 INFO src.capture: Last decoded tokens: [' response', ' was', ' great']
2025-12-29 16:36:06,837 INFO src.capture: Last token ids: [2882, 373, 8036]
2025-12-29 16:36:06,837 INFO src.capture: Last decoded tokens: [' response', ' was', ' impressive']
2025-12-29 16:36:06,865 INFO src.capture: Last token ids: [2882, 373, 1913]
2025-12-29 16:36:06,865 INFO src.capture: Last decoded tokens: [' response', ' was', ' strong']
2025-12-29 16:36:06,893 INFO src.capture: Last token ids: [2882, 373, 6275]
2025-12-29 16:36:06,893 INFO src.capture: Last decoded tokens: [' response', ' was', ' excellent']
2025-12-29 16:36:06,919 INFO src.capture: Last token ids: [2882, 373, 9623]
2025-12-29 16:36:06,920 INFO src.capture: Last decoded tokens: [' response', ' was', ' fantastic']
2025-12-29 16:36:06,948 INFO src.capture: Last token ids: [2882, 373, 11660]
2025-12-29 16:36:06,948 INFO src.capture: Last decoded tokens: [' response', ' was', ' outstanding']
2025-12-29 16:36:06,976 INFO src.capture: Last token ids: [2882, 373, 15313]
2025-12-29 16:36:06,976 INFO src.capture: Last decoded tokens: [' response', ' was', ' exceptional']
2025-12-29 16:36:07,004 INFO src.capture: Last token ids: [2882, 373, 11004]
2025-12-29 16:36:07,005 INFO src.capture: Last decoded tokens: [' response', ' was', ' remarkable']
2025-12-29 16:36:07,032 INFO src.capture: Last token ids: [2882, 373, 21840]
2025-12-29 16:36:07,032 INFO src.capture: Last decoded tokens: [' response', ' was', ' superb']
2025-12-29 16:36:07,060 INFO src.capture: Last token ids: [450, 893, 7617]
2025-12-29 16:36:07,060 INFO src.capture: Last decoded tokens: [' ab', 'ys', 'mal']
2025-12-29 16:36:07,087 INFO src.capture: Last token ids: [373, 38324, 4680]
2025-12-29 16:36:07,088 INFO src.capture: Last decoded tokens: [' was', ' atro', 'cious']
2025-12-29 16:36:07,117 INFO src.capture: Last token ids: [12660, 373, 12659]
2025-12-29 16:36:07,117 INFO src.capture: Last decoded tokens: [' evaluation', ' was', ' awful']
2025-12-29 16:36:07,144 INFO src.capture: Last token ids: [12660, 373, 7818]
2025-12-29 16:36:07,144 INFO src.capture: Last decoded tokens: [' evaluation', ' was', ' terrible']
2025-12-29 16:36:07,172 INFO src.capture: Last token ids: [12660, 373, 12361]
2025-12-29 16:36:07,172 INFO src.capture: Last decoded tokens: [' evaluation', ' was', ' horrible']
2025-12-29 16:36:07,198 INFO src.capture: Last token ids: [12660, 373, 35483]
2025-12-29 16:36:07,199 INFO src.capture: Last decoded tokens: [' evaluation', ' was', ' dreadful']
2025-12-29 16:36:07,226 INFO src.capture: Last token ids: [12660, 373, 2089]
2025-12-29 16:36:07,226 INFO src.capture: Last decoded tokens: [' evaluation', ' was', ' bad']
2025-12-29 16:36:07,253 INFO src.capture: Last token ids: [12660, 373, 3595]
2025-12-29 16:36:07,253 INFO src.capture: Last decoded tokens: [' evaluation', ' was', ' poor']
2025-12-29 16:36:07,282 INFO src.capture: Last token ids: [12660, 373, 4939]
2025-12-29 16:36:07,282 INFO src.capture: Last decoded tokens: [' evaluation', ' was', ' weak']
2025-12-29 16:36:07,310 INFO src.capture: Last token ids: [12660, 373, 29956]
2025-12-29 16:36:07,310 INFO src.capture: Last decoded tokens: [' evaluation', ' was', ' mediocre']
2025-12-29 16:36:07,339 INFO src.capture: Last token ids: [373, 555, 24194]
2025-12-29 16:36:07,339 INFO src.capture: Last decoded tokens: [' was', ' un', 'inspired']
2025-12-29 16:36:07,369 INFO src.capture: Last token ids: [12660, 373, 50146]
2025-12-29 16:36:07,369 INFO src.capture: Last decoded tokens: [' evaluation', ' was', ' lackluster']
2025-12-29 16:36:07,398 INFO src.capture: Last token ids: [12660, 373, 8788]
2025-12-29 16:36:07,398 INFO src.capture: Last decoded tokens: [' evaluation', ' was', ' okay']
2025-12-29 16:36:07,427 INFO src.capture: Last token ids: [12660, 373, 3734]
2025-12-29 16:36:07,427 INFO src.capture: Last decoded tokens: [' evaluation', ' was', ' fine']
2025-12-29 16:36:07,455 INFO src.capture: Last token ids: [12660, 373, 2811]
2025-12-29 16:36:07,456 INFO src.capture: Last decoded tokens: [' evaluation', ' was', ' average']
2025-12-29 16:36:07,484 INFO src.capture: Last token ids: [12660, 373, 7709]
2025-12-29 16:36:07,484 INFO src.capture: Last decoded tokens: [' evaluation', ' was', ' decent']
2025-12-29 16:36:07,513 INFO src.capture: Last token ids: [12660, 373, 4735]
2025-12-29 16:36:07,513 INFO src.capture: Last decoded tokens: [' evaluation', ' was', ' solid']
2025-12-29 16:36:07,541 INFO src.capture: Last token ids: [12660, 373, 15497]
2025-12-29 16:36:07,542 INFO src.capture: Last decoded tokens: [' evaluation', ' was', ' pleasant']
2025-12-29 16:36:07,570 INFO src.capture: Last token ids: [12660, 373, 922]
2025-12-29 16:36:07,570 INFO src.capture: Last decoded tokens: [' evaluation', ' was', ' good']
2025-12-29 16:36:07,597 INFO src.capture: Last token ids: [12660, 373, 20050]
2025-12-29 16:36:07,598 INFO src.capture: Last decoded tokens: [' evaluation', ' was', ' enjoyable']
2025-12-29 16:36:07,626 INFO src.capture: Last token ids: [12660, 373, 19201]
2025-12-29 16:36:07,626 INFO src.capture: Last decoded tokens: [' evaluation', ' was', ' satisfying']
2025-12-29 16:36:07,653 INFO src.capture: Last token ids: [12660, 373, 1049]
2025-12-29 16:36:07,653 INFO src.capture: Last decoded tokens: [' evaluation', ' was', ' great']
2025-12-29 16:36:07,680 INFO src.capture: Last token ids: [12660, 373, 8036]
2025-12-29 16:36:07,680 INFO src.capture: Last decoded tokens: [' evaluation', ' was', ' impressive']
2025-12-29 16:36:07,709 INFO src.capture: Last token ids: [12660, 373, 1913]
2025-12-29 16:36:07,709 INFO src.capture: Last decoded tokens: [' evaluation', ' was', ' strong']
2025-12-29 16:36:07,737 INFO src.capture: Last token ids: [12660, 373, 6275]
2025-12-29 16:36:07,737 INFO src.capture: Last decoded tokens: [' evaluation', ' was', ' excellent']
2025-12-29 16:36:07,764 INFO src.capture: Last token ids: [12660, 373, 9623]
2025-12-29 16:36:07,764 INFO src.capture: Last decoded tokens: [' evaluation', ' was', ' fantastic']
2025-12-29 16:36:07,791 INFO src.capture: Last token ids: [12660, 373, 11660]
2025-12-29 16:36:07,791 INFO src.capture: Last decoded tokens: [' evaluation', ' was', ' outstanding']
2025-12-29 16:36:07,818 INFO src.capture: Last token ids: [12660, 373, 15313]
2025-12-29 16:36:07,818 INFO src.capture: Last decoded tokens: [' evaluation', ' was', ' exceptional']
2025-12-29 16:36:07,845 INFO src.capture: Last token ids: [12660, 373, 11004]
2025-12-29 16:36:07,845 INFO src.capture: Last decoded tokens: [' evaluation', ' was', ' remarkable']
2025-12-29 16:36:07,872 INFO src.capture: Last token ids: [12660, 373, 21840]
2025-12-29 16:36:07,872 INFO src.capture: Last decoded tokens: [' evaluation', ' was', ' superb']
2025-12-29 16:36:07,902 INFO src.capture: Last token ids: [450, 893, 7617]
2025-12-29 16:36:07,902 INFO src.capture: Last decoded tokens: [' ab', 'ys', 'mal']
2025-12-29 16:36:07,930 INFO src.capture: Last token ids: [373, 38324, 4680]
2025-12-29 16:36:07,930 INFO src.capture: Last decoded tokens: [' was', ' atro', 'cious']
2025-12-29 16:36:07,964 INFO src.capture: Last token ids: [10647, 373, 12659]
2025-12-29 16:36:07,964 INFO src.capture: Last decoded tokens: [' impression', ' was', ' awful']
2025-12-29 16:36:07,994 INFO src.capture: Last token ids: [10647, 373, 7818]
2025-12-29 16:36:07,994 INFO src.capture: Last decoded tokens: [' impression', ' was', ' terrible']
2025-12-29 16:36:08,022 INFO src.capture: Last token ids: [10647, 373, 12361]
2025-12-29 16:36:08,022 INFO src.capture: Last decoded tokens: [' impression', ' was', ' horrible']
2025-12-29 16:36:08,052 INFO src.capture: Last token ids: [10647, 373, 35483]
2025-12-29 16:36:08,052 INFO src.capture: Last decoded tokens: [' impression', ' was', ' dreadful']
2025-12-29 16:36:08,082 INFO src.capture: Last token ids: [10647, 373, 2089]
2025-12-29 16:36:08,082 INFO src.capture: Last decoded tokens: [' impression', ' was', ' bad']
2025-12-29 16:36:08,111 INFO src.capture: Last token ids: [10647, 373, 3595]
2025-12-29 16:36:08,111 INFO src.capture: Last decoded tokens: [' impression', ' was', ' poor']
2025-12-29 16:36:08,140 INFO src.capture: Last token ids: [10647, 373, 4939]
2025-12-29 16:36:08,140 INFO src.capture: Last decoded tokens: [' impression', ' was', ' weak']
2025-12-29 16:36:08,169 INFO src.capture: Last token ids: [10647, 373, 29956]
2025-12-29 16:36:08,170 INFO src.capture: Last decoded tokens: [' impression', ' was', ' mediocre']
2025-12-29 16:36:08,198 INFO src.capture: Last token ids: [373, 555, 24194]
2025-12-29 16:36:08,198 INFO src.capture: Last decoded tokens: [' was', ' un', 'inspired']
2025-12-29 16:36:08,226 INFO src.capture: Last token ids: [10647, 373, 50146]
2025-12-29 16:36:08,226 INFO src.capture: Last decoded tokens: [' impression', ' was', ' lackluster']
2025-12-29 16:36:08,255 INFO src.capture: Last token ids: [10647, 373, 8788]
2025-12-29 16:36:08,256 INFO src.capture: Last decoded tokens: [' impression', ' was', ' okay']
2025-12-29 16:36:08,283 INFO src.capture: Last token ids: [10647, 373, 3734]
2025-12-29 16:36:08,283 INFO src.capture: Last decoded tokens: [' impression', ' was', ' fine']
2025-12-29 16:36:08,311 INFO src.capture: Last token ids: [10647, 373, 2811]
2025-12-29 16:36:08,311 INFO src.capture: Last decoded tokens: [' impression', ' was', ' average']
2025-12-29 16:36:08,338 INFO src.capture: Last token ids: [10647, 373, 7709]
2025-12-29 16:36:08,338 INFO src.capture: Last decoded tokens: [' impression', ' was', ' decent']
2025-12-29 16:36:08,370 INFO src.capture: Last token ids: [10647, 373, 4735]
2025-12-29 16:36:08,370 INFO src.capture: Last decoded tokens: [' impression', ' was', ' solid']
2025-12-29 16:36:08,398 INFO src.capture: Last token ids: [10647, 373, 15497]
2025-12-29 16:36:08,398 INFO src.capture: Last decoded tokens: [' impression', ' was', ' pleasant']
2025-12-29 16:36:08,426 INFO src.capture: Last token ids: [10647, 373, 922]
2025-12-29 16:36:08,426 INFO src.capture: Last decoded tokens: [' impression', ' was', ' good']
2025-12-29 16:36:08,454 INFO src.capture: Last token ids: [10647, 373, 20050]
2025-12-29 16:36:08,454 INFO src.capture: Last decoded tokens: [' impression', ' was', ' enjoyable']
2025-12-29 16:36:08,483 INFO src.capture: Last token ids: [10647, 373, 19201]
2025-12-29 16:36:08,483 INFO src.capture: Last decoded tokens: [' impression', ' was', ' satisfying']
2025-12-29 16:36:08,510 INFO src.capture: Last token ids: [10647, 373, 1049]
2025-12-29 16:36:08,510 INFO src.capture: Last decoded tokens: [' impression', ' was', ' great']
2025-12-29 16:36:08,538 INFO src.capture: Last token ids: [10647, 373, 8036]
2025-12-29 16:36:08,539 INFO src.capture: Last decoded tokens: [' impression', ' was', ' impressive']
2025-12-29 16:36:08,567 INFO src.capture: Last token ids: [10647, 373, 1913]
2025-12-29 16:36:08,567 INFO src.capture: Last decoded tokens: [' impression', ' was', ' strong']
2025-12-29 16:36:08,597 INFO src.capture: Last token ids: [10647, 373, 6275]
2025-12-29 16:36:08,597 INFO src.capture: Last decoded tokens: [' impression', ' was', ' excellent']
2025-12-29 16:36:08,625 INFO src.capture: Last token ids: [10647, 373, 9623]
2025-12-29 16:36:08,625 INFO src.capture: Last decoded tokens: [' impression', ' was', ' fantastic']
2025-12-29 16:36:08,654 INFO src.capture: Last token ids: [10647, 373, 11660]
2025-12-29 16:36:08,654 INFO src.capture: Last decoded tokens: [' impression', ' was', ' outstanding']
2025-12-29 16:36:08,681 INFO src.capture: Last token ids: [10647, 373, 15313]
2025-12-29 16:36:08,682 INFO src.capture: Last decoded tokens: [' impression', ' was', ' exceptional']
2025-12-29 16:36:08,712 INFO src.capture: Last token ids: [10647, 373, 11004]
2025-12-29 16:36:08,712 INFO src.capture: Last decoded tokens: [' impression', ' was', ' remarkable']
2025-12-29 16:36:08,741 INFO src.capture: Last token ids: [10647, 373, 21840]
2025-12-29 16:36:08,741 INFO src.capture: Last decoded tokens: [' impression', ' was', ' superb']
2025-12-29 16:36:08,771 INFO src.capture: Last token ids: [450, 893, 7617]
2025-12-29 16:36:08,771 INFO src.capture: Last decoded tokens: [' ab', 'ys', 'mal']
2025-12-29 16:36:08,801 INFO src.capture: Last token ids: [373, 38324, 4680]
2025-12-29 16:36:08,802 INFO src.capture: Last decoded tokens: [' was', ' atro', 'cious']
2025-12-29 16:36:08,837 INFO src.capture: Last token ids: [8922, 373, 12659]
2025-12-29 16:36:08,838 INFO src.capture: Last decoded tokens: [' assessment', ' was', ' awful']
2025-12-29 16:36:08,868 INFO src.capture: Last token ids: [8922, 373, 7818]
2025-12-29 16:36:08,868 INFO src.capture: Last decoded tokens: [' assessment', ' was', ' terrible']
2025-12-29 16:36:08,904 INFO src.capture: Last token ids: [8922, 373, 12361]
2025-12-29 16:36:08,904 INFO src.capture: Last decoded tokens: [' assessment', ' was', ' horrible']
2025-12-29 16:36:08,932 INFO src.capture: Last token ids: [8922, 373, 35483]
2025-12-29 16:36:08,932 INFO src.capture: Last decoded tokens: [' assessment', ' was', ' dreadful']
2025-12-29 16:36:08,963 INFO src.capture: Last token ids: [8922, 373, 2089]
2025-12-29 16:36:08,964 INFO src.capture: Last decoded tokens: [' assessment', ' was', ' bad']
2025-12-29 16:36:08,991 INFO src.capture: Last token ids: [8922, 373, 3595]
2025-12-29 16:36:08,991 INFO src.capture: Last decoded tokens: [' assessment', ' was', ' poor']
2025-12-29 16:36:09,019 INFO src.capture: Last token ids: [8922, 373, 4939]
2025-12-29 16:36:09,019 INFO src.capture: Last decoded tokens: [' assessment', ' was', ' weak']
2025-12-29 16:36:09,047 INFO src.capture: Last token ids: [8922, 373, 29956]
2025-12-29 16:36:09,047 INFO src.capture: Last decoded tokens: [' assessment', ' was', ' mediocre']
2025-12-29 16:36:09,078 INFO src.capture: Last token ids: [373, 555, 24194]
2025-12-29 16:36:09,078 INFO src.capture: Last decoded tokens: [' was', ' un', 'inspired']
2025-12-29 16:36:09,107 INFO src.capture: Last token ids: [8922, 373, 50146]
2025-12-29 16:36:09,107 INFO src.capture: Last decoded tokens: [' assessment', ' was', ' lackluster']
2025-12-29 16:36:09,137 INFO src.capture: Last token ids: [8922, 373, 8788]
2025-12-29 16:36:09,137 INFO src.capture: Last decoded tokens: [' assessment', ' was', ' okay']
2025-12-29 16:36:09,166 INFO src.capture: Last token ids: [8922, 373, 3734]
2025-12-29 16:36:09,166 INFO src.capture: Last decoded tokens: [' assessment', ' was', ' fine']
2025-12-29 16:36:09,195 INFO src.capture: Last token ids: [8922, 373, 2811]
2025-12-29 16:36:09,195 INFO src.capture: Last decoded tokens: [' assessment', ' was', ' average']
2025-12-29 16:36:09,225 INFO src.capture: Last token ids: [8922, 373, 7709]
2025-12-29 16:36:09,225 INFO src.capture: Last decoded tokens: [' assessment', ' was', ' decent']
2025-12-29 16:36:09,254 INFO src.capture: Last token ids: [8922, 373, 4735]
2025-12-29 16:36:09,254 INFO src.capture: Last decoded tokens: [' assessment', ' was', ' solid']
2025-12-29 16:36:09,281 INFO src.capture: Last token ids: [8922, 373, 15497]
2025-12-29 16:36:09,281 INFO src.capture: Last decoded tokens: [' assessment', ' was', ' pleasant']
2025-12-29 16:36:09,310 INFO src.capture: Last token ids: [8922, 373, 922]
2025-12-29 16:36:09,310 INFO src.capture: Last decoded tokens: [' assessment', ' was', ' good']
2025-12-29 16:36:09,337 INFO src.capture: Last token ids: [8922, 373, 20050]
2025-12-29 16:36:09,337 INFO src.capture: Last decoded tokens: [' assessment', ' was', ' enjoyable']
2025-12-29 16:36:09,368 INFO src.capture: Last token ids: [8922, 373, 19201]
2025-12-29 16:36:09,368 INFO src.capture: Last decoded tokens: [' assessment', ' was', ' satisfying']
2025-12-29 16:36:09,396 INFO src.capture: Last token ids: [8922, 373, 1049]
2025-12-29 16:36:09,396 INFO src.capture: Last decoded tokens: [' assessment', ' was', ' great']
2025-12-29 16:36:09,427 INFO src.capture: Last token ids: [8922, 373, 8036]
2025-12-29 16:36:09,427 INFO src.capture: Last decoded tokens: [' assessment', ' was', ' impressive']
2025-12-29 16:36:09,457 INFO src.capture: Last token ids: [8922, 373, 1913]
2025-12-29 16:36:09,457 INFO src.capture: Last decoded tokens: [' assessment', ' was', ' strong']
2025-12-29 16:36:09,485 INFO src.capture: Last token ids: [8922, 373, 6275]
2025-12-29 16:36:09,486 INFO src.capture: Last decoded tokens: [' assessment', ' was', ' excellent']
2025-12-29 16:36:09,514 INFO src.capture: Last token ids: [8922, 373, 9623]
2025-12-29 16:36:09,514 INFO src.capture: Last decoded tokens: [' assessment', ' was', ' fantastic']
2025-12-29 16:36:09,545 INFO src.capture: Last token ids: [8922, 373, 11660]
2025-12-29 16:36:09,545 INFO src.capture: Last decoded tokens: [' assessment', ' was', ' outstanding']
2025-12-29 16:36:09,575 INFO src.capture: Last token ids: [8922, 373, 15313]
2025-12-29 16:36:09,575 INFO src.capture: Last decoded tokens: [' assessment', ' was', ' exceptional']
2025-12-29 16:36:09,605 INFO src.capture: Last token ids: [8922, 373, 11004]
2025-12-29 16:36:09,605 INFO src.capture: Last decoded tokens: [' assessment', ' was', ' remarkable']
2025-12-29 16:36:09,637 INFO src.capture: Last token ids: [8922, 373, 21840]
2025-12-29 16:36:09,637 INFO src.capture: Last decoded tokens: [' assessment', ' was', ' superb']
2025-12-29 16:36:56,496 INFO src.capture: Last token ids: [450, 893, 7617]
2025-12-29 16:36:56,496 INFO src.capture: Last decoded tokens: [' ab', 'ys', 'mal']
2025-12-29 16:36:57,497 INFO src.capture: Last token ids: [373, 38324, 4680]
2025-12-29 16:36:57,497 INFO src.capture: Last decoded tokens: [' was', ' atro', 'cious']
2025-12-29 16:36:57,605 INFO src.capture: Last token ids: [1998, 373, 12659]
2025-12-29 16:36:57,605 INFO src.capture: Last decoded tokens: [' experience', ' was', ' awful']
2025-12-29 16:36:57,721 INFO src.capture: Last token ids: [1998, 373, 7818]
2025-12-29 16:36:57,721 INFO src.capture: Last decoded tokens: [' experience', ' was', ' terrible']
2025-12-29 16:36:57,752 INFO src.capture: Last token ids: [1998, 373, 12361]
2025-12-29 16:36:57,753 INFO src.capture: Last decoded tokens: [' experience', ' was', ' horrible']
2025-12-29 16:36:57,781 INFO src.capture: Last token ids: [1998, 373, 35483]
2025-12-29 16:36:57,781 INFO src.capture: Last decoded tokens: [' experience', ' was', ' dreadful']
2025-12-29 16:36:57,809 INFO src.capture: Last token ids: [1998, 373, 2089]
2025-12-29 16:36:57,809 INFO src.capture: Last decoded tokens: [' experience', ' was', ' bad']
2025-12-29 16:36:57,838 INFO src.capture: Last token ids: [1998, 373, 3595]
2025-12-29 16:36:57,839 INFO src.capture: Last decoded tokens: [' experience', ' was', ' poor']
2025-12-29 16:36:57,873 INFO src.capture: Last token ids: [1998, 373, 4939]
2025-12-29 16:36:57,873 INFO src.capture: Last decoded tokens: [' experience', ' was', ' weak']
2025-12-29 16:36:57,903 INFO src.capture: Last token ids: [1998, 373, 29956]
2025-12-29 16:36:57,903 INFO src.capture: Last decoded tokens: [' experience', ' was', ' mediocre']
2025-12-29 16:36:57,932 INFO src.capture: Last token ids: [373, 555, 24194]
2025-12-29 16:36:57,932 INFO src.capture: Last decoded tokens: [' was', ' un', 'inspired']
2025-12-29 16:36:57,960 INFO src.capture: Last token ids: [1998, 373, 50146]
2025-12-29 16:36:57,960 INFO src.capture: Last decoded tokens: [' experience', ' was', ' lackluster']
2025-12-29 16:36:57,989 INFO src.capture: Last token ids: [1998, 373, 8788]
2025-12-29 16:36:57,990 INFO src.capture: Last decoded tokens: [' experience', ' was', ' okay']
2025-12-29 16:36:58,016 INFO src.capture: Last token ids: [1998, 373, 3734]
2025-12-29 16:36:58,017 INFO src.capture: Last decoded tokens: [' experience', ' was', ' fine']
2025-12-29 16:36:58,046 INFO src.capture: Last token ids: [1998, 373, 2811]
2025-12-29 16:36:58,046 INFO src.capture: Last decoded tokens: [' experience', ' was', ' average']
2025-12-29 16:36:58,076 INFO src.capture: Last token ids: [1998, 373, 7709]
2025-12-29 16:36:58,076 INFO src.capture: Last decoded tokens: [' experience', ' was', ' decent']
2025-12-29 16:36:58,106 INFO src.capture: Last token ids: [1998, 373, 4735]
2025-12-29 16:36:58,106 INFO src.capture: Last decoded tokens: [' experience', ' was', ' solid']
2025-12-29 16:36:58,134 INFO src.capture: Last token ids: [1998, 373, 15497]
2025-12-29 16:36:58,134 INFO src.capture: Last decoded tokens: [' experience', ' was', ' pleasant']
2025-12-29 16:36:58,163 INFO src.capture: Last token ids: [1998, 373, 922]
2025-12-29 16:36:58,163 INFO src.capture: Last decoded tokens: [' experience', ' was', ' good']
2025-12-29 16:36:58,190 INFO src.capture: Last token ids: [1998, 373, 20050]
2025-12-29 16:36:58,190 INFO src.capture: Last decoded tokens: [' experience', ' was', ' enjoyable']
2025-12-29 16:36:58,219 INFO src.capture: Last token ids: [1998, 373, 19201]
2025-12-29 16:36:58,219 INFO src.capture: Last decoded tokens: [' experience', ' was', ' satisfying']
2025-12-29 16:36:58,246 INFO src.capture: Last token ids: [1998, 373, 1049]
2025-12-29 16:36:58,246 INFO src.capture: Last decoded tokens: [' experience', ' was', ' great']
2025-12-29 16:36:58,276 INFO src.capture: Last token ids: [1998, 373, 8036]
2025-12-29 16:36:58,276 INFO src.capture: Last decoded tokens: [' experience', ' was', ' impressive']
2025-12-29 16:36:58,304 INFO src.capture: Last token ids: [1998, 373, 1913]
2025-12-29 16:36:58,304 INFO src.capture: Last decoded tokens: [' experience', ' was', ' strong']
2025-12-29 16:36:58,331 INFO src.capture: Last token ids: [1998, 373, 6275]
2025-12-29 16:36:58,332 INFO src.capture: Last decoded tokens: [' experience', ' was', ' excellent']
2025-12-29 16:36:58,358 INFO src.capture: Last token ids: [1998, 373, 9623]
2025-12-29 16:36:58,359 INFO src.capture: Last decoded tokens: [' experience', ' was', ' fantastic']
2025-12-29 16:36:58,388 INFO src.capture: Last token ids: [1998, 373, 11660]
2025-12-29 16:36:58,388 INFO src.capture: Last decoded tokens: [' experience', ' was', ' outstanding']
2025-12-29 16:36:58,415 INFO src.capture: Last token ids: [1998, 373, 15313]
2025-12-29 16:36:58,415 INFO src.capture: Last decoded tokens: [' experience', ' was', ' exceptional']
2025-12-29 16:36:58,445 INFO src.capture: Last token ids: [1998, 373, 11004]
2025-12-29 16:36:58,445 INFO src.capture: Last decoded tokens: [' experience', ' was', ' remarkable']
2025-12-29 16:36:58,473 INFO src.capture: Last token ids: [1998, 373, 21840]
2025-12-29 16:36:58,473 INFO src.capture: Last decoded tokens: [' experience', ' was', ' superb']
2025-12-29 16:36:58,502 INFO src.capture: Last token ids: [450, 893, 7617]
2025-12-29 16:36:58,502 INFO src.capture: Last decoded tokens: [' ab', 'ys', 'mal']
2025-12-29 16:36:58,529 INFO src.capture: Last token ids: [2936, 38324, 4680]
2025-12-29 16:36:58,529 INFO src.capture: Last decoded tokens: [' felt', ' atro', 'cious']
2025-12-29 16:36:58,559 INFO src.capture: Last token ids: [8055, 2936, 12659]
2025-12-29 16:36:58,559 INFO src.capture: Last decoded tokens: [' outcome', ' felt', ' awful']
2025-12-29 16:36:58,665 INFO src.capture: Last token ids: [8055, 2936, 7818]
2025-12-29 16:36:58,665 INFO src.capture: Last decoded tokens: [' outcome', ' felt', ' terrible']
2025-12-29 16:36:58,693 INFO src.capture: Last token ids: [8055, 2936, 12361]
2025-12-29 16:36:58,693 INFO src.capture: Last decoded tokens: [' outcome', ' felt', ' horrible']
2025-12-29 16:36:58,719 INFO src.capture: Last token ids: [8055, 2936, 35483]
2025-12-29 16:36:58,719 INFO src.capture: Last decoded tokens: [' outcome', ' felt', ' dreadful']
2025-12-29 16:36:58,746 INFO src.capture: Last token ids: [8055, 2936, 2089]
2025-12-29 16:36:58,746 INFO src.capture: Last decoded tokens: [' outcome', ' felt', ' bad']
2025-12-29 16:36:58,773 INFO src.capture: Last token ids: [8055, 2936, 3595]
2025-12-29 16:36:58,773 INFO src.capture: Last decoded tokens: [' outcome', ' felt', ' poor']
2025-12-29 16:36:58,800 INFO src.capture: Last token ids: [8055, 2936, 4939]
2025-12-29 16:36:58,800 INFO src.capture: Last decoded tokens: [' outcome', ' felt', ' weak']
2025-12-29 16:36:58,827 INFO src.capture: Last token ids: [8055, 2936, 29956]
2025-12-29 16:36:58,828 INFO src.capture: Last decoded tokens: [' outcome', ' felt', ' mediocre']
2025-12-29 16:36:58,855 INFO src.capture: Last token ids: [2936, 555, 24194]
2025-12-29 16:36:58,855 INFO src.capture: Last decoded tokens: [' felt', ' un', 'inspired']
2025-12-29 16:36:58,885 INFO src.capture: Last token ids: [8055, 2936, 50146]
2025-12-29 16:36:58,885 INFO src.capture: Last decoded tokens: [' outcome', ' felt', ' lackluster']
2025-12-29 16:36:58,917 INFO src.capture: Last token ids: [8055, 2936, 8788]
2025-12-29 16:36:58,917 INFO src.capture: Last decoded tokens: [' outcome', ' felt', ' okay']
2025-12-29 16:36:58,944 INFO src.capture: Last token ids: [8055, 2936, 3734]
2025-12-29 16:36:58,945 INFO src.capture: Last decoded tokens: [' outcome', ' felt', ' fine']
2025-12-29 16:36:58,975 INFO src.capture: Last token ids: [8055, 2936, 2811]
2025-12-29 16:36:58,975 INFO src.capture: Last decoded tokens: [' outcome', ' felt', ' average']
2025-12-29 16:36:59,003 INFO src.capture: Last token ids: [8055, 2936, 7709]
2025-12-29 16:36:59,003 INFO src.capture: Last decoded tokens: [' outcome', ' felt', ' decent']
2025-12-29 16:36:59,031 INFO src.capture: Last token ids: [8055, 2936, 4735]
2025-12-29 16:36:59,031 INFO src.capture: Last decoded tokens: [' outcome', ' felt', ' solid']
2025-12-29 16:36:59,060 INFO src.capture: Last token ids: [8055, 2936, 15497]
2025-12-29 16:36:59,060 INFO src.capture: Last decoded tokens: [' outcome', ' felt', ' pleasant']
2025-12-29 16:36:59,092 INFO src.capture: Last token ids: [8055, 2936, 922]
2025-12-29 16:36:59,092 INFO src.capture: Last decoded tokens: [' outcome', ' felt', ' good']
2025-12-29 16:36:59,121 INFO src.capture: Last token ids: [8055, 2936, 20050]
2025-12-29 16:36:59,121 INFO src.capture: Last decoded tokens: [' outcome', ' felt', ' enjoyable']
2025-12-29 16:36:59,150 INFO src.capture: Last token ids: [8055, 2936, 19201]
2025-12-29 16:36:59,150 INFO src.capture: Last decoded tokens: [' outcome', ' felt', ' satisfying']
2025-12-29 16:36:59,178 INFO src.capture: Last token ids: [8055, 2936, 1049]
2025-12-29 16:36:59,179 INFO src.capture: Last decoded tokens: [' outcome', ' felt', ' great']
2025-12-29 16:36:59,208 INFO src.capture: Last token ids: [8055, 2936, 8036]
2025-12-29 16:36:59,208 INFO src.capture: Last decoded tokens: [' outcome', ' felt', ' impressive']
2025-12-29 16:36:59,236 INFO src.capture: Last token ids: [8055, 2936, 1913]
2025-12-29 16:36:59,236 INFO src.capture: Last decoded tokens: [' outcome', ' felt', ' strong']
2025-12-29 16:36:59,264 INFO src.capture: Last token ids: [8055, 2936, 6275]
2025-12-29 16:36:59,264 INFO src.capture: Last decoded tokens: [' outcome', ' felt', ' excellent']
2025-12-29 16:36:59,292 INFO src.capture: Last token ids: [8055, 2936, 9623]
2025-12-29 16:36:59,292 INFO src.capture: Last decoded tokens: [' outcome', ' felt', ' fantastic']
2025-12-29 16:36:59,321 INFO src.capture: Last token ids: [8055, 2936, 11660]
2025-12-29 16:36:59,321 INFO src.capture: Last decoded tokens: [' outcome', ' felt', ' outstanding']
2025-12-29 16:36:59,351 INFO src.capture: Last token ids: [8055, 2936, 15313]
2025-12-29 16:36:59,351 INFO src.capture: Last decoded tokens: [' outcome', ' felt', ' exceptional']
2025-12-29 16:36:59,379 INFO src.capture: Last token ids: [8055, 2936, 11004]
2025-12-29 16:36:59,379 INFO src.capture: Last decoded tokens: [' outcome', ' felt', ' remarkable']
2025-12-29 16:36:59,406 INFO src.capture: Last token ids: [8055, 2936, 21840]
2025-12-29 16:36:59,406 INFO src.capture: Last decoded tokens: [' outcome', ' felt', ' superb']
2025-12-29 16:36:59,433 INFO src.capture: Last token ids: [450, 893, 7617]
2025-12-29 16:36:59,433 INFO src.capture: Last decoded tokens: [' ab', 'ys', 'mal']
2025-12-29 16:36:59,460 INFO src.capture: Last token ids: [373, 38324, 4680]
2025-12-29 16:36:59,460 INFO src.capture: Last decoded tokens: [' was', ' atro', 'cious']
2025-12-29 16:36:59,490 INFO src.capture: Last token ids: [1255, 373, 12659]
2025-12-29 16:36:59,490 INFO src.capture: Last decoded tokens: [' result', ' was', ' awful']
2025-12-29 16:36:59,517 INFO src.capture: Last token ids: [1255, 373, 7818]
2025-12-29 16:36:59,517 INFO src.capture: Last decoded tokens: [' result', ' was', ' terrible']
2025-12-29 16:36:59,544 INFO src.capture: Last token ids: [1255, 373, 12361]
2025-12-29 16:36:59,544 INFO src.capture: Last decoded tokens: [' result', ' was', ' horrible']
2025-12-29 16:36:59,570 INFO src.capture: Last token ids: [1255, 373, 35483]
2025-12-29 16:36:59,570 INFO src.capture: Last decoded tokens: [' result', ' was', ' dreadful']
2025-12-29 16:36:59,597 INFO src.capture: Last token ids: [1255, 373, 2089]
2025-12-29 16:36:59,598 INFO src.capture: Last decoded tokens: [' result', ' was', ' bad']
2025-12-29 16:36:59,624 INFO src.capture: Last token ids: [1255, 373, 3595]
2025-12-29 16:36:59,624 INFO src.capture: Last decoded tokens: [' result', ' was', ' poor']
2025-12-29 16:36:59,651 INFO src.capture: Last token ids: [1255, 373, 4939]
2025-12-29 16:36:59,651 INFO src.capture: Last decoded tokens: [' result', ' was', ' weak']
2025-12-29 16:36:59,678 INFO src.capture: Last token ids: [1255, 373, 29956]
2025-12-29 16:36:59,678 INFO src.capture: Last decoded tokens: [' result', ' was', ' mediocre']
2025-12-29 16:36:59,706 INFO src.capture: Last token ids: [373, 555, 24194]
2025-12-29 16:36:59,706 INFO src.capture: Last decoded tokens: [' was', ' un', 'inspired']
2025-12-29 16:36:59,733 INFO src.capture: Last token ids: [1255, 373, 50146]
2025-12-29 16:36:59,733 INFO src.capture: Last decoded tokens: [' result', ' was', ' lackluster']
2025-12-29 16:36:59,761 INFO src.capture: Last token ids: [1255, 373, 8788]
2025-12-29 16:36:59,761 INFO src.capture: Last decoded tokens: [' result', ' was', ' okay']
2025-12-29 16:36:59,787 INFO src.capture: Last token ids: [1255, 373, 3734]
2025-12-29 16:36:59,787 INFO src.capture: Last decoded tokens: [' result', ' was', ' fine']
2025-12-29 16:36:59,815 INFO src.capture: Last token ids: [1255, 373, 2811]
2025-12-29 16:36:59,815 INFO src.capture: Last decoded tokens: [' result', ' was', ' average']
2025-12-29 16:36:59,842 INFO src.capture: Last token ids: [1255, 373, 7709]
2025-12-29 16:36:59,842 INFO src.capture: Last decoded tokens: [' result', ' was', ' decent']
2025-12-29 16:36:59,868 INFO src.capture: Last token ids: [1255, 373, 4735]
2025-12-29 16:36:59,868 INFO src.capture: Last decoded tokens: [' result', ' was', ' solid']
2025-12-29 16:36:59,895 INFO src.capture: Last token ids: [1255, 373, 15497]
2025-12-29 16:36:59,895 INFO src.capture: Last decoded tokens: [' result', ' was', ' pleasant']
2025-12-29 16:36:59,923 INFO src.capture: Last token ids: [1255, 373, 922]
2025-12-29 16:36:59,924 INFO src.capture: Last decoded tokens: [' result', ' was', ' good']
2025-12-29 16:36:59,950 INFO src.capture: Last token ids: [1255, 373, 20050]
2025-12-29 16:36:59,950 INFO src.capture: Last decoded tokens: [' result', ' was', ' enjoyable']
2025-12-29 16:36:59,977 INFO src.capture: Last token ids: [1255, 373, 19201]
2025-12-29 16:36:59,977 INFO src.capture: Last decoded tokens: [' result', ' was', ' satisfying']
2025-12-29 16:37:00,003 INFO src.capture: Last token ids: [1255, 373, 1049]
2025-12-29 16:37:00,003 INFO src.capture: Last decoded tokens: [' result', ' was', ' great']
2025-12-29 16:37:00,033 INFO src.capture: Last token ids: [1255, 373, 8036]
2025-12-29 16:37:00,033 INFO src.capture: Last decoded tokens: [' result', ' was', ' impressive']
2025-12-29 16:37:00,060 INFO src.capture: Last token ids: [1255, 373, 1913]
2025-12-29 16:37:00,060 INFO src.capture: Last decoded tokens: [' result', ' was', ' strong']
2025-12-29 16:37:00,090 INFO src.capture: Last token ids: [1255, 373, 6275]
2025-12-29 16:37:00,090 INFO src.capture: Last decoded tokens: [' result', ' was', ' excellent']
2025-12-29 16:37:00,116 INFO src.capture: Last token ids: [1255, 373, 9623]
2025-12-29 16:37:00,116 INFO src.capture: Last decoded tokens: [' result', ' was', ' fantastic']
2025-12-29 16:37:00,144 INFO src.capture: Last token ids: [1255, 373, 11660]
2025-12-29 16:37:00,144 INFO src.capture: Last decoded tokens: [' result', ' was', ' outstanding']
2025-12-29 16:37:00,172 INFO src.capture: Last token ids: [1255, 373, 15313]
2025-12-29 16:37:00,173 INFO src.capture: Last decoded tokens: [' result', ' was', ' exceptional']
2025-12-29 16:37:00,199 INFO src.capture: Last token ids: [1255, 373, 11004]
2025-12-29 16:37:00,199 INFO src.capture: Last decoded tokens: [' result', ' was', ' remarkable']
2025-12-29 16:37:00,226 INFO src.capture: Last token ids: [1255, 373, 21840]
2025-12-29 16:37:00,227 INFO src.capture: Last decoded tokens: [' result', ' was', ' superb']
2025-12-29 16:37:00,255 INFO src.capture: Last token ids: [450, 893, 7617]
2025-12-29 16:37:00,255 INFO src.capture: Last decoded tokens: [' ab', 'ys', 'mal']
2025-12-29 16:37:00,367 INFO src.capture: Last token ids: [373, 38324, 4680]
2025-12-29 16:37:00,368 INFO src.capture: Last decoded tokens: [' was', ' atro', 'cious']
2025-12-29 16:37:00,484 INFO src.capture: Last token ids: [670, 373, 12659]
2025-12-29 16:37:00,484 INFO src.capture: Last decoded tokens: [' work', ' was', ' awful']
2025-12-29 16:37:00,517 INFO src.capture: Last token ids: [670, 373, 7818]
2025-12-29 16:37:00,517 INFO src.capture: Last decoded tokens: [' work', ' was', ' terrible']
2025-12-29 16:37:00,551 INFO src.capture: Last token ids: [670, 373, 12361]
2025-12-29 16:37:00,551 INFO src.capture: Last decoded tokens: [' work', ' was', ' horrible']
2025-12-29 16:37:00,582 INFO src.capture: Last token ids: [670, 373, 35483]
2025-12-29 16:37:00,582 INFO src.capture: Last decoded tokens: [' work', ' was', ' dreadful']
2025-12-29 16:37:00,610 INFO src.capture: Last token ids: [670, 373, 2089]
2025-12-29 16:37:00,611 INFO src.capture: Last decoded tokens: [' work', ' was', ' bad']
2025-12-29 16:37:00,639 INFO src.capture: Last token ids: [670, 373, 3595]
2025-12-29 16:37:00,639 INFO src.capture: Last decoded tokens: [' work', ' was', ' poor']
2025-12-29 16:37:00,669 INFO src.capture: Last token ids: [670, 373, 4939]
2025-12-29 16:37:00,669 INFO src.capture: Last decoded tokens: [' work', ' was', ' weak']
2025-12-29 16:37:00,700 INFO src.capture: Last token ids: [670, 373, 29956]
2025-12-29 16:37:00,700 INFO src.capture: Last decoded tokens: [' work', ' was', ' mediocre']
2025-12-29 16:37:00,730 INFO src.capture: Last token ids: [373, 555, 24194]
2025-12-29 16:37:00,730 INFO src.capture: Last decoded tokens: [' was', ' un', 'inspired']
2025-12-29 16:37:00,760 INFO src.capture: Last token ids: [670, 373, 50146]
2025-12-29 16:37:00,760 INFO src.capture: Last decoded tokens: [' work', ' was', ' lackluster']
2025-12-29 16:37:00,792 INFO src.capture: Last token ids: [670, 373, 8788]
2025-12-29 16:37:00,792 INFO src.capture: Last decoded tokens: [' work', ' was', ' okay']
2025-12-29 16:37:00,825 INFO src.capture: Last token ids: [670, 373, 3734]
2025-12-29 16:37:00,825 INFO src.capture: Last decoded tokens: [' work', ' was', ' fine']
2025-12-29 16:37:00,858 INFO src.capture: Last token ids: [670, 373, 2811]
2025-12-29 16:37:00,858 INFO src.capture: Last decoded tokens: [' work', ' was', ' average']
2025-12-29 16:37:00,890 INFO src.capture: Last token ids: [670, 373, 7709]
2025-12-29 16:37:00,890 INFO src.capture: Last decoded tokens: [' work', ' was', ' decent']
2025-12-29 16:37:00,922 INFO src.capture: Last token ids: [670, 373, 4735]
2025-12-29 16:37:00,922 INFO src.capture: Last decoded tokens: [' work', ' was', ' solid']
2025-12-29 16:37:00,950 INFO src.capture: Last token ids: [670, 373, 15497]
2025-12-29 16:37:00,950 INFO src.capture: Last decoded tokens: [' work', ' was', ' pleasant']
2025-12-29 16:37:00,978 INFO src.capture: Last token ids: [670, 373, 922]
2025-12-29 16:37:00,978 INFO src.capture: Last decoded tokens: [' work', ' was', ' good']
2025-12-29 16:37:01,006 INFO src.capture: Last token ids: [670, 373, 20050]
2025-12-29 16:37:01,006 INFO src.capture: Last decoded tokens: [' work', ' was', ' enjoyable']
2025-12-29 16:37:01,035 INFO src.capture: Last token ids: [670, 373, 19201]
2025-12-29 16:37:01,035 INFO src.capture: Last decoded tokens: [' work', ' was', ' satisfying']
2025-12-29 16:37:01,065 INFO src.capture: Last token ids: [670, 373, 1049]
2025-12-29 16:37:01,065 INFO src.capture: Last decoded tokens: [' work', ' was', ' great']
2025-12-29 16:37:01,095 INFO src.capture: Last token ids: [670, 373, 8036]
2025-12-29 16:37:01,095 INFO src.capture: Last decoded tokens: [' work', ' was', ' impressive']
2025-12-29 16:37:01,128 INFO src.capture: Last token ids: [670, 373, 1913]
2025-12-29 16:37:01,128 INFO src.capture: Last decoded tokens: [' work', ' was', ' strong']
2025-12-29 16:37:01,162 INFO src.capture: Last token ids: [670, 373, 6275]
2025-12-29 16:37:01,162 INFO src.capture: Last decoded tokens: [' work', ' was', ' excellent']
2025-12-29 16:37:01,195 INFO src.capture: Last token ids: [670, 373, 9623]
2025-12-29 16:37:01,195 INFO src.capture: Last decoded tokens: [' work', ' was', ' fantastic']
2025-12-29 16:37:01,229 INFO src.capture: Last token ids: [670, 373, 11660]
2025-12-29 16:37:01,229 INFO src.capture: Last decoded tokens: [' work', ' was', ' outstanding']
2025-12-29 16:37:01,260 INFO src.capture: Last token ids: [670, 373, 15313]
2025-12-29 16:37:01,260 INFO src.capture: Last decoded tokens: [' work', ' was', ' exceptional']
2025-12-29 16:37:01,291 INFO src.capture: Last token ids: [670, 373, 11004]
2025-12-29 16:37:01,291 INFO src.capture: Last decoded tokens: [' work', ' was', ' remarkable']
2025-12-29 16:37:01,324 INFO src.capture: Last token ids: [670, 373, 21840]
2025-12-29 16:37:01,324 INFO src.capture: Last decoded tokens: [' work', ' was', ' superb']
2025-12-29 16:37:01,356 INFO src.capture: Last token ids: [450, 893, 7617]
2025-12-29 16:37:01,356 INFO src.capture: Last decoded tokens: [' ab', 'ys', 'mal']
2025-12-29 16:37:01,388 INFO src.capture: Last token ids: [373, 38324, 4680]
2025-12-29 16:37:01,389 INFO src.capture: Last decoded tokens: [' was', ' atro', 'cious']
2025-12-29 16:37:01,421 INFO src.capture: Last token ids: [2854, 373, 12659]
2025-12-29 16:37:01,421 INFO src.capture: Last decoded tokens: [' performance', ' was', ' awful']
2025-12-29 16:37:01,451 INFO src.capture: Last token ids: [2854, 373, 7818]
2025-12-29 16:37:01,451 INFO src.capture: Last decoded tokens: [' performance', ' was', ' terrible']
2025-12-29 16:37:01,480 INFO src.capture: Last token ids: [2854, 373, 12361]
2025-12-29 16:37:01,480 INFO src.capture: Last decoded tokens: [' performance', ' was', ' horrible']
2025-12-29 16:37:01,509 INFO src.capture: Last token ids: [2854, 373, 35483]
2025-12-29 16:37:01,509 INFO src.capture: Last decoded tokens: [' performance', ' was', ' dreadful']
2025-12-29 16:37:01,538 INFO src.capture: Last token ids: [2854, 373, 2089]
2025-12-29 16:37:01,538 INFO src.capture: Last decoded tokens: [' performance', ' was', ' bad']
2025-12-29 16:37:01,567 INFO src.capture: Last token ids: [2854, 373, 3595]
2025-12-29 16:37:01,567 INFO src.capture: Last decoded tokens: [' performance', ' was', ' poor']
2025-12-29 16:37:01,595 INFO src.capture: Last token ids: [2854, 373, 4939]
2025-12-29 16:37:01,595 INFO src.capture: Last decoded tokens: [' performance', ' was', ' weak']
2025-12-29 16:37:01,624 INFO src.capture: Last token ids: [2854, 373, 29956]
2025-12-29 16:37:01,624 INFO src.capture: Last decoded tokens: [' performance', ' was', ' mediocre']
2025-12-29 16:37:01,655 INFO src.capture: Last token ids: [373, 555, 24194]
2025-12-29 16:37:01,655 INFO src.capture: Last decoded tokens: [' was', ' un', 'inspired']
2025-12-29 16:37:01,684 INFO src.capture: Last token ids: [2854, 373, 50146]
2025-12-29 16:37:01,684 INFO src.capture: Last decoded tokens: [' performance', ' was', ' lackluster']
2025-12-29 16:37:01,713 INFO src.capture: Last token ids: [2854, 373, 8788]
2025-12-29 16:37:01,713 INFO src.capture: Last decoded tokens: [' performance', ' was', ' okay']
2025-12-29 16:37:01,741 INFO src.capture: Last token ids: [2854, 373, 3734]
2025-12-29 16:37:01,741 INFO src.capture: Last decoded tokens: [' performance', ' was', ' fine']
2025-12-29 16:37:01,770 INFO src.capture: Last token ids: [2854, 373, 2811]
2025-12-29 16:37:01,770 INFO src.capture: Last decoded tokens: [' performance', ' was', ' average']
2025-12-29 16:37:01,797 INFO src.capture: Last token ids: [2854, 373, 7709]
2025-12-29 16:37:01,797 INFO src.capture: Last decoded tokens: [' performance', ' was', ' decent']
2025-12-29 16:37:01,825 INFO src.capture: Last token ids: [2854, 373, 4735]
2025-12-29 16:37:01,825 INFO src.capture: Last decoded tokens: [' performance', ' was', ' solid']
2025-12-29 16:37:01,853 INFO src.capture: Last token ids: [2854, 373, 15497]
2025-12-29 16:37:01,854 INFO src.capture: Last decoded tokens: [' performance', ' was', ' pleasant']
2025-12-29 16:37:01,882 INFO src.capture: Last token ids: [2854, 373, 922]
2025-12-29 16:37:01,882 INFO src.capture: Last decoded tokens: [' performance', ' was', ' good']
2025-12-29 16:37:01,909 INFO src.capture: Last token ids: [2854, 373, 20050]
2025-12-29 16:37:01,910 INFO src.capture: Last decoded tokens: [' performance', ' was', ' enjoyable']
2025-12-29 16:37:01,939 INFO src.capture: Last token ids: [2854, 373, 19201]
2025-12-29 16:37:01,939 INFO src.capture: Last decoded tokens: [' performance', ' was', ' satisfying']
2025-12-29 16:37:01,966 INFO src.capture: Last token ids: [2854, 373, 1049]
2025-12-29 16:37:01,966 INFO src.capture: Last decoded tokens: [' performance', ' was', ' great']
2025-12-29 16:37:01,994 INFO src.capture: Last token ids: [2854, 373, 8036]
2025-12-29 16:37:01,994 INFO src.capture: Last decoded tokens: [' performance', ' was', ' impressive']
2025-12-29 16:37:02,022 INFO src.capture: Last token ids: [2854, 373, 1913]
2025-12-29 16:37:02,022 INFO src.capture: Last decoded tokens: [' performance', ' was', ' strong']
2025-12-29 16:37:02,050 INFO src.capture: Last token ids: [2854, 373, 6275]
2025-12-29 16:37:02,050 INFO src.capture: Last decoded tokens: [' performance', ' was', ' excellent']
2025-12-29 16:37:02,077 INFO src.capture: Last token ids: [2854, 373, 9623]
2025-12-29 16:37:02,077 INFO src.capture: Last decoded tokens: [' performance', ' was', ' fantastic']
2025-12-29 16:37:02,104 INFO src.capture: Last token ids: [2854, 373, 11660]
2025-12-29 16:37:02,104 INFO src.capture: Last decoded tokens: [' performance', ' was', ' outstanding']
2025-12-29 16:37:02,131 INFO src.capture: Last token ids: [2854, 373, 15313]
2025-12-29 16:37:02,131 INFO src.capture: Last decoded tokens: [' performance', ' was', ' exceptional']
2025-12-29 16:37:02,158 INFO src.capture: Last token ids: [2854, 373, 11004]
2025-12-29 16:37:02,158 INFO src.capture: Last decoded tokens: [' performance', ' was', ' remarkable']
2025-12-29 16:37:02,186 INFO src.capture: Last token ids: [2854, 373, 21840]
2025-12-29 16:37:02,186 INFO src.capture: Last decoded tokens: [' performance', ' was', ' superb']
2025-12-29 16:37:02,213 INFO src.capture: Last token ids: [450, 893, 7617]
2025-12-29 16:37:02,213 INFO src.capture: Last decoded tokens: [' ab', 'ys', 'mal']
2025-12-29 16:37:02,240 INFO src.capture: Last token ids: [3947, 38324, 4680]
2025-12-29 16:37:02,240 INFO src.capture: Last decoded tokens: [' seemed', ' atro', 'cious']
2025-12-29 16:37:02,268 INFO src.capture: Last token ids: [4069, 3947, 12659]
2025-12-29 16:37:02,268 INFO src.capture: Last decoded tokens: [' behavior', ' seemed', ' awful']
2025-12-29 16:37:02,294 INFO src.capture: Last token ids: [4069, 3947, 7818]
2025-12-29 16:37:02,294 INFO src.capture: Last decoded tokens: [' behavior', ' seemed', ' terrible']
2025-12-29 16:37:02,319 INFO src.capture: Last token ids: [4069, 3947, 12361]
2025-12-29 16:37:02,319 INFO src.capture: Last decoded tokens: [' behavior', ' seemed', ' horrible']
2025-12-29 16:37:02,345 INFO src.capture: Last token ids: [4069, 3947, 35483]
2025-12-29 16:37:02,345 INFO src.capture: Last decoded tokens: [' behavior', ' seemed', ' dreadful']
2025-12-29 16:37:02,370 INFO src.capture: Last token ids: [4069, 3947, 2089]
2025-12-29 16:37:02,370 INFO src.capture: Last decoded tokens: [' behavior', ' seemed', ' bad']
2025-12-29 16:37:02,396 INFO src.capture: Last token ids: [4069, 3947, 3595]
2025-12-29 16:37:02,396 INFO src.capture: Last decoded tokens: [' behavior', ' seemed', ' poor']
2025-12-29 16:37:02,422 INFO src.capture: Last token ids: [4069, 3947, 4939]
2025-12-29 16:37:02,422 INFO src.capture: Last decoded tokens: [' behavior', ' seemed', ' weak']
2025-12-29 16:37:02,451 INFO src.capture: Last token ids: [4069, 3947, 29956]
2025-12-29 16:37:02,452 INFO src.capture: Last decoded tokens: [' behavior', ' seemed', ' mediocre']
2025-12-29 16:37:02,479 INFO src.capture: Last token ids: [3947, 555, 24194]
2025-12-29 16:37:02,479 INFO src.capture: Last decoded tokens: [' seemed', ' un', 'inspired']
2025-12-29 16:37:02,506 INFO src.capture: Last token ids: [4069, 3947, 50146]
2025-12-29 16:37:02,506 INFO src.capture: Last decoded tokens: [' behavior', ' seemed', ' lackluster']
2025-12-29 16:37:02,536 INFO src.capture: Last token ids: [4069, 3947, 8788]
2025-12-29 16:37:02,536 INFO src.capture: Last decoded tokens: [' behavior', ' seemed', ' okay']
2025-12-29 16:37:02,563 INFO src.capture: Last token ids: [4069, 3947, 3734]
2025-12-29 16:37:02,563 INFO src.capture: Last decoded tokens: [' behavior', ' seemed', ' fine']
2025-12-29 16:37:02,591 INFO src.capture: Last token ids: [4069, 3947, 2811]
2025-12-29 16:37:02,591 INFO src.capture: Last decoded tokens: [' behavior', ' seemed', ' average']
2025-12-29 16:37:02,620 INFO src.capture: Last token ids: [4069, 3947, 7709]
2025-12-29 16:37:02,620 INFO src.capture: Last decoded tokens: [' behavior', ' seemed', ' decent']
2025-12-29 16:37:02,649 INFO src.capture: Last token ids: [4069, 3947, 4735]
2025-12-29 16:37:02,649 INFO src.capture: Last decoded tokens: [' behavior', ' seemed', ' solid']
2025-12-29 16:37:02,676 INFO src.capture: Last token ids: [4069, 3947, 15497]
2025-12-29 16:37:02,677 INFO src.capture: Last decoded tokens: [' behavior', ' seemed', ' pleasant']
2025-12-29 16:37:02,706 INFO src.capture: Last token ids: [4069, 3947, 922]
2025-12-29 16:37:02,706 INFO src.capture: Last decoded tokens: [' behavior', ' seemed', ' good']
2025-12-29 16:37:02,733 INFO src.capture: Last token ids: [4069, 3947, 20050]
2025-12-29 16:37:02,733 INFO src.capture: Last decoded tokens: [' behavior', ' seemed', ' enjoyable']
2025-12-29 16:37:02,762 INFO src.capture: Last token ids: [4069, 3947, 19201]
2025-12-29 16:37:02,762 INFO src.capture: Last decoded tokens: [' behavior', ' seemed', ' satisfying']
2025-12-29 16:37:02,789 INFO src.capture: Last token ids: [4069, 3947, 1049]
2025-12-29 16:37:02,789 INFO src.capture: Last decoded tokens: [' behavior', ' seemed', ' great']
2025-12-29 16:37:02,818 INFO src.capture: Last token ids: [4069, 3947, 8036]
2025-12-29 16:37:02,819 INFO src.capture: Last decoded tokens: [' behavior', ' seemed', ' impressive']
2025-12-29 16:37:02,846 INFO src.capture: Last token ids: [4069, 3947, 1913]
2025-12-29 16:37:02,846 INFO src.capture: Last decoded tokens: [' behavior', ' seemed', ' strong']
2025-12-29 16:37:02,873 INFO src.capture: Last token ids: [4069, 3947, 6275]
2025-12-29 16:37:02,873 INFO src.capture: Last decoded tokens: [' behavior', ' seemed', ' excellent']
2025-12-29 16:37:02,900 INFO src.capture: Last token ids: [4069, 3947, 9623]
2025-12-29 16:37:02,900 INFO src.capture: Last decoded tokens: [' behavior', ' seemed', ' fantastic']
2025-12-29 16:37:02,928 INFO src.capture: Last token ids: [4069, 3947, 11660]
2025-12-29 16:37:02,929 INFO src.capture: Last decoded tokens: [' behavior', ' seemed', ' outstanding']
2025-12-29 16:37:02,955 INFO src.capture: Last token ids: [4069, 3947, 15313]
2025-12-29 16:37:02,955 INFO src.capture: Last decoded tokens: [' behavior', ' seemed', ' exceptional']
2025-12-29 16:37:02,984 INFO src.capture: Last token ids: [4069, 3947, 11004]
2025-12-29 16:37:02,984 INFO src.capture: Last decoded tokens: [' behavior', ' seemed', ' remarkable']
2025-12-29 16:37:03,011 INFO src.capture: Last token ids: [4069, 3947, 21840]
2025-12-29 16:37:03,011 INFO src.capture: Last decoded tokens: [' behavior', ' seemed', ' superb']
2025-12-29 16:37:03,040 INFO src.capture: Last token ids: [450, 893, 7617]
2025-12-29 16:37:03,040 INFO src.capture: Last decoded tokens: [' ab', 'ys', 'mal']
2025-12-29 16:37:03,067 INFO src.capture: Last token ids: [373, 38324, 4680]
2025-12-29 16:37:03,067 INFO src.capture: Last decoded tokens: [' was', ' atro', 'cious']
2025-12-29 16:37:03,094 INFO src.capture: Last token ids: [2882, 373, 12659]
2025-12-29 16:37:03,095 INFO src.capture: Last decoded tokens: [' response', ' was', ' awful']
2025-12-29 16:37:03,120 INFO src.capture: Last token ids: [2882, 373, 7818]
2025-12-29 16:37:03,120 INFO src.capture: Last decoded tokens: [' response', ' was', ' terrible']
2025-12-29 16:37:03,146 INFO src.capture: Last token ids: [2882, 373, 12361]
2025-12-29 16:37:03,146 INFO src.capture: Last decoded tokens: [' response', ' was', ' horrible']
2025-12-29 16:37:03,174 INFO src.capture: Last token ids: [2882, 373, 35483]
2025-12-29 16:37:03,174 INFO src.capture: Last decoded tokens: [' response', ' was', ' dreadful']
2025-12-29 16:37:03,202 INFO src.capture: Last token ids: [2882, 373, 2089]
2025-12-29 16:37:03,203 INFO src.capture: Last decoded tokens: [' response', ' was', ' bad']
2025-12-29 16:37:03,229 INFO src.capture: Last token ids: [2882, 373, 3595]
2025-12-29 16:37:03,229 INFO src.capture: Last decoded tokens: [' response', ' was', ' poor']
2025-12-29 16:37:03,256 INFO src.capture: Last token ids: [2882, 373, 4939]
2025-12-29 16:37:03,256 INFO src.capture: Last decoded tokens: [' response', ' was', ' weak']
2025-12-29 16:37:03,283 INFO src.capture: Last token ids: [2882, 373, 29956]
2025-12-29 16:37:03,283 INFO src.capture: Last decoded tokens: [' response', ' was', ' mediocre']
2025-12-29 16:37:03,310 INFO src.capture: Last token ids: [373, 555, 24194]
2025-12-29 16:37:03,310 INFO src.capture: Last decoded tokens: [' was', ' un', 'inspired']
2025-12-29 16:37:03,336 INFO src.capture: Last token ids: [2882, 373, 50146]
2025-12-29 16:37:03,336 INFO src.capture: Last decoded tokens: [' response', ' was', ' lackluster']
2025-12-29 16:37:03,367 INFO src.capture: Last token ids: [2882, 373, 8788]
2025-12-29 16:37:03,367 INFO src.capture: Last decoded tokens: [' response', ' was', ' okay']
2025-12-29 16:37:03,393 INFO src.capture: Last token ids: [2882, 373, 3734]
2025-12-29 16:37:03,394 INFO src.capture: Last decoded tokens: [' response', ' was', ' fine']
2025-12-29 16:37:03,421 INFO src.capture: Last token ids: [2882, 373, 2811]
2025-12-29 16:37:03,422 INFO src.capture: Last decoded tokens: [' response', ' was', ' average']
2025-12-29 16:37:03,451 INFO src.capture: Last token ids: [2882, 373, 7709]
2025-12-29 16:37:03,451 INFO src.capture: Last decoded tokens: [' response', ' was', ' decent']
2025-12-29 16:37:03,479 INFO src.capture: Last token ids: [2882, 373, 4735]
2025-12-29 16:37:03,479 INFO src.capture: Last decoded tokens: [' response', ' was', ' solid']
2025-12-29 16:37:03,507 INFO src.capture: Last token ids: [2882, 373, 15497]
2025-12-29 16:37:03,507 INFO src.capture: Last decoded tokens: [' response', ' was', ' pleasant']
2025-12-29 16:37:03,537 INFO src.capture: Last token ids: [2882, 373, 922]
2025-12-29 16:37:03,538 INFO src.capture: Last decoded tokens: [' response', ' was', ' good']
2025-12-29 16:37:03,565 INFO src.capture: Last token ids: [2882, 373, 20050]
2025-12-29 16:37:03,565 INFO src.capture: Last decoded tokens: [' response', ' was', ' enjoyable']
2025-12-29 16:37:03,593 INFO src.capture: Last token ids: [2882, 373, 19201]
2025-12-29 16:37:03,593 INFO src.capture: Last decoded tokens: [' response', ' was', ' satisfying']
2025-12-29 16:37:03,622 INFO src.capture: Last token ids: [2882, 373, 1049]
2025-12-29 16:37:03,622 INFO src.capture: Last decoded tokens: [' response', ' was', ' great']
2025-12-29 16:37:03,650 INFO src.capture: Last token ids: [2882, 373, 8036]
2025-12-29 16:37:03,650 INFO src.capture: Last decoded tokens: [' response', ' was', ' impressive']
2025-12-29 16:37:03,678 INFO src.capture: Last token ids: [2882, 373, 1913]
2025-12-29 16:37:03,678 INFO src.capture: Last decoded tokens: [' response', ' was', ' strong']
2025-12-29 16:37:03,708 INFO src.capture: Last token ids: [2882, 373, 6275]
2025-12-29 16:37:03,709 INFO src.capture: Last decoded tokens: [' response', ' was', ' excellent']
2025-12-29 16:37:03,736 INFO src.capture: Last token ids: [2882, 373, 9623]
2025-12-29 16:37:03,737 INFO src.capture: Last decoded tokens: [' response', ' was', ' fantastic']
2025-12-29 16:37:03,764 INFO src.capture: Last token ids: [2882, 373, 11660]
2025-12-29 16:37:03,764 INFO src.capture: Last decoded tokens: [' response', ' was', ' outstanding']
2025-12-29 16:37:03,793 INFO src.capture: Last token ids: [2882, 373, 15313]
2025-12-29 16:37:03,793 INFO src.capture: Last decoded tokens: [' response', ' was', ' exceptional']
2025-12-29 16:37:03,822 INFO src.capture: Last token ids: [2882, 373, 11004]
2025-12-29 16:37:03,822 INFO src.capture: Last decoded tokens: [' response', ' was', ' remarkable']
2025-12-29 16:37:03,849 INFO src.capture: Last token ids: [2882, 373, 21840]
2025-12-29 16:37:03,849 INFO src.capture: Last decoded tokens: [' response', ' was', ' superb']
2025-12-29 16:37:03,877 INFO src.capture: Last token ids: [450, 893, 7617]
2025-12-29 16:37:03,877 INFO src.capture: Last decoded tokens: [' ab', 'ys', 'mal']
2025-12-29 16:37:03,905 INFO src.capture: Last token ids: [373, 38324, 4680]
2025-12-29 16:37:03,905 INFO src.capture: Last decoded tokens: [' was', ' atro', 'cious']
2025-12-29 16:37:03,932 INFO src.capture: Last token ids: [12660, 373, 12659]
2025-12-29 16:37:03,933 INFO src.capture: Last decoded tokens: [' evaluation', ' was', ' awful']
2025-12-29 16:37:03,958 INFO src.capture: Last token ids: [12660, 373, 7818]
2025-12-29 16:37:03,958 INFO src.capture: Last decoded tokens: [' evaluation', ' was', ' terrible']
2025-12-29 16:37:03,984 INFO src.capture: Last token ids: [12660, 373, 12361]
2025-12-29 16:37:03,984 INFO src.capture: Last decoded tokens: [' evaluation', ' was', ' horrible']
2025-12-29 16:37:04,009 INFO src.capture: Last token ids: [12660, 373, 35483]
2025-12-29 16:37:04,009 INFO src.capture: Last decoded tokens: [' evaluation', ' was', ' dreadful']
2025-12-29 16:37:04,035 INFO src.capture: Last token ids: [12660, 373, 2089]
2025-12-29 16:37:04,036 INFO src.capture: Last decoded tokens: [' evaluation', ' was', ' bad']
2025-12-29 16:37:04,061 INFO src.capture: Last token ids: [12660, 373, 3595]
2025-12-29 16:37:04,062 INFO src.capture: Last decoded tokens: [' evaluation', ' was', ' poor']
2025-12-29 16:37:04,089 INFO src.capture: Last token ids: [12660, 373, 4939]
2025-12-29 16:37:04,089 INFO src.capture: Last decoded tokens: [' evaluation', ' was', ' weak']
2025-12-29 16:37:04,116 INFO src.capture: Last token ids: [12660, 373, 29956]
2025-12-29 16:37:04,116 INFO src.capture: Last decoded tokens: [' evaluation', ' was', ' mediocre']
2025-12-29 16:37:04,143 INFO src.capture: Last token ids: [373, 555, 24194]
2025-12-29 16:37:04,143 INFO src.capture: Last decoded tokens: [' was', ' un', 'inspired']
2025-12-29 16:37:04,170 INFO src.capture: Last token ids: [12660, 373, 50146]
2025-12-29 16:37:04,170 INFO src.capture: Last decoded tokens: [' evaluation', ' was', ' lackluster']
2025-12-29 16:37:04,200 INFO src.capture: Last token ids: [12660, 373, 8788]
2025-12-29 16:37:04,200 INFO src.capture: Last decoded tokens: [' evaluation', ' was', ' okay']
2025-12-29 16:37:04,226 INFO src.capture: Last token ids: [12660, 373, 3734]
2025-12-29 16:37:04,226 INFO src.capture: Last decoded tokens: [' evaluation', ' was', ' fine']
2025-12-29 16:37:04,254 INFO src.capture: Last token ids: [12660, 373, 2811]
2025-12-29 16:37:04,254 INFO src.capture: Last decoded tokens: [' evaluation', ' was', ' average']
2025-12-29 16:37:04,280 INFO src.capture: Last token ids: [12660, 373, 7709]
2025-12-29 16:37:04,280 INFO src.capture: Last decoded tokens: [' evaluation', ' was', ' decent']
2025-12-29 16:37:04,307 INFO src.capture: Last token ids: [12660, 373, 4735]
2025-12-29 16:37:04,307 INFO src.capture: Last decoded tokens: [' evaluation', ' was', ' solid']
2025-12-29 16:37:04,333 INFO src.capture: Last token ids: [12660, 373, 15497]
2025-12-29 16:37:04,334 INFO src.capture: Last decoded tokens: [' evaluation', ' was', ' pleasant']
2025-12-29 16:37:04,362 INFO src.capture: Last token ids: [12660, 373, 922]
2025-12-29 16:37:04,362 INFO src.capture: Last decoded tokens: [' evaluation', ' was', ' good']
2025-12-29 16:37:04,389 INFO src.capture: Last token ids: [12660, 373, 20050]
2025-12-29 16:37:04,389 INFO src.capture: Last decoded tokens: [' evaluation', ' was', ' enjoyable']
2025-12-29 16:37:04,417 INFO src.capture: Last token ids: [12660, 373, 19201]
2025-12-29 16:37:04,417 INFO src.capture: Last decoded tokens: [' evaluation', ' was', ' satisfying']
2025-12-29 16:37:04,445 INFO src.capture: Last token ids: [12660, 373, 1049]
2025-12-29 16:37:04,445 INFO src.capture: Last decoded tokens: [' evaluation', ' was', ' great']
2025-12-29 16:37:04,475 INFO src.capture: Last token ids: [12660, 373, 8036]
2025-12-29 16:37:04,475 INFO src.capture: Last decoded tokens: [' evaluation', ' was', ' impressive']
2025-12-29 16:37:04,510 INFO src.capture: Last token ids: [12660, 373, 1913]
2025-12-29 16:37:04,511 INFO src.capture: Last decoded tokens: [' evaluation', ' was', ' strong']
2025-12-29 16:37:04,544 INFO src.capture: Last token ids: [12660, 373, 6275]
2025-12-29 16:37:04,544 INFO src.capture: Last decoded tokens: [' evaluation', ' was', ' excellent']
2025-12-29 16:37:04,573 INFO src.capture: Last token ids: [12660, 373, 9623]
2025-12-29 16:37:04,574 INFO src.capture: Last decoded tokens: [' evaluation', ' was', ' fantastic']
2025-12-29 16:37:04,603 INFO src.capture: Last token ids: [12660, 373, 11660]
2025-12-29 16:37:04,603 INFO src.capture: Last decoded tokens: [' evaluation', ' was', ' outstanding']
2025-12-29 16:37:04,635 INFO src.capture: Last token ids: [12660, 373, 15313]
2025-12-29 16:37:04,635 INFO src.capture: Last decoded tokens: [' evaluation', ' was', ' exceptional']
2025-12-29 16:37:04,665 INFO src.capture: Last token ids: [12660, 373, 11004]
2025-12-29 16:37:04,665 INFO src.capture: Last decoded tokens: [' evaluation', ' was', ' remarkable']
2025-12-29 16:37:04,692 INFO src.capture: Last token ids: [12660, 373, 21840]
2025-12-29 16:37:04,693 INFO src.capture: Last decoded tokens: [' evaluation', ' was', ' superb']
2025-12-29 16:37:04,721 INFO src.capture: Last token ids: [450, 893, 7617]
2025-12-29 16:37:04,721 INFO src.capture: Last decoded tokens: [' ab', 'ys', 'mal']
2025-12-29 16:37:04,749 INFO src.capture: Last token ids: [373, 38324, 4680]
2025-12-29 16:37:04,749 INFO src.capture: Last decoded tokens: [' was', ' atro', 'cious']
2025-12-29 16:37:04,784 INFO src.capture: Last token ids: [10647, 373, 12659]
2025-12-29 16:37:04,784 INFO src.capture: Last decoded tokens: [' impression', ' was', ' awful']
2025-12-29 16:37:04,815 INFO src.capture: Last token ids: [10647, 373, 7818]
2025-12-29 16:37:04,815 INFO src.capture: Last decoded tokens: [' impression', ' was', ' terrible']
2025-12-29 16:37:04,847 INFO src.capture: Last token ids: [10647, 373, 12361]
2025-12-29 16:37:04,847 INFO src.capture: Last decoded tokens: [' impression', ' was', ' horrible']
2025-12-29 16:37:04,875 INFO src.capture: Last token ids: [10647, 373, 35483]
2025-12-29 16:37:04,875 INFO src.capture: Last decoded tokens: [' impression', ' was', ' dreadful']
2025-12-29 16:37:04,904 INFO src.capture: Last token ids: [10647, 373, 2089]
2025-12-29 16:37:04,904 INFO src.capture: Last decoded tokens: [' impression', ' was', ' bad']
2025-12-29 16:37:04,934 INFO src.capture: Last token ids: [10647, 373, 3595]
2025-12-29 16:37:04,934 INFO src.capture: Last decoded tokens: [' impression', ' was', ' poor']
2025-12-29 16:37:04,965 INFO src.capture: Last token ids: [10647, 373, 4939]
2025-12-29 16:37:04,965 INFO src.capture: Last decoded tokens: [' impression', ' was', ' weak']
2025-12-29 16:37:04,992 INFO src.capture: Last token ids: [10647, 373, 29956]
2025-12-29 16:37:04,992 INFO src.capture: Last decoded tokens: [' impression', ' was', ' mediocre']
2025-12-29 16:37:05,021 INFO src.capture: Last token ids: [373, 555, 24194]
2025-12-29 16:37:05,021 INFO src.capture: Last decoded tokens: [' was', ' un', 'inspired']
2025-12-29 16:37:05,050 INFO src.capture: Last token ids: [10647, 373, 50146]
2025-12-29 16:37:05,051 INFO src.capture: Last decoded tokens: [' impression', ' was', ' lackluster']
2025-12-29 16:37:05,078 INFO src.capture: Last token ids: [10647, 373, 8788]
2025-12-29 16:37:05,078 INFO src.capture: Last decoded tokens: [' impression', ' was', ' okay']
2025-12-29 16:37:05,105 INFO src.capture: Last token ids: [10647, 373, 3734]
2025-12-29 16:37:05,105 INFO src.capture: Last decoded tokens: [' impression', ' was', ' fine']
2025-12-29 16:37:05,133 INFO src.capture: Last token ids: [10647, 373, 2811]
2025-12-29 16:37:05,133 INFO src.capture: Last decoded tokens: [' impression', ' was', ' average']
2025-12-29 16:37:05,160 INFO src.capture: Last token ids: [10647, 373, 7709]
2025-12-29 16:37:05,160 INFO src.capture: Last decoded tokens: [' impression', ' was', ' decent']
2025-12-29 16:37:05,187 INFO src.capture: Last token ids: [10647, 373, 4735]
2025-12-29 16:37:05,187 INFO src.capture: Last decoded tokens: [' impression', ' was', ' solid']
2025-12-29 16:37:05,214 INFO src.capture: Last token ids: [10647, 373, 15497]
2025-12-29 16:37:05,214 INFO src.capture: Last decoded tokens: [' impression', ' was', ' pleasant']
2025-12-29 16:37:05,243 INFO src.capture: Last token ids: [10647, 373, 922]
2025-12-29 16:37:05,243 INFO src.capture: Last decoded tokens: [' impression', ' was', ' good']
2025-12-29 16:37:05,271 INFO src.capture: Last token ids: [10647, 373, 20050]
2025-12-29 16:37:05,271 INFO src.capture: Last decoded tokens: [' impression', ' was', ' enjoyable']
2025-12-29 16:37:05,300 INFO src.capture: Last token ids: [10647, 373, 19201]
2025-12-29 16:37:05,301 INFO src.capture: Last decoded tokens: [' impression', ' was', ' satisfying']
2025-12-29 16:37:05,328 INFO src.capture: Last token ids: [10647, 373, 1049]
2025-12-29 16:37:05,328 INFO src.capture: Last decoded tokens: [' impression', ' was', ' great']
2025-12-29 16:37:05,357 INFO src.capture: Last token ids: [10647, 373, 8036]
2025-12-29 16:37:05,357 INFO src.capture: Last decoded tokens: [' impression', ' was', ' impressive']
2025-12-29 16:37:05,387 INFO src.capture: Last token ids: [10647, 373, 1913]
2025-12-29 16:37:05,387 INFO src.capture: Last decoded tokens: [' impression', ' was', ' strong']
2025-12-29 16:37:05,415 INFO src.capture: Last token ids: [10647, 373, 6275]
2025-12-29 16:37:05,415 INFO src.capture: Last decoded tokens: [' impression', ' was', ' excellent']
2025-12-29 16:37:05,443 INFO src.capture: Last token ids: [10647, 373, 9623]
2025-12-29 16:37:05,443 INFO src.capture: Last decoded tokens: [' impression', ' was', ' fantastic']
2025-12-29 16:37:05,473 INFO src.capture: Last token ids: [10647, 373, 11660]
2025-12-29 16:37:05,473 INFO src.capture: Last decoded tokens: [' impression', ' was', ' outstanding']
2025-12-29 16:37:05,502 INFO src.capture: Last token ids: [10647, 373, 15313]
2025-12-29 16:37:05,502 INFO src.capture: Last decoded tokens: [' impression', ' was', ' exceptional']
2025-12-29 16:37:05,531 INFO src.capture: Last token ids: [10647, 373, 11004]
2025-12-29 16:37:05,531 INFO src.capture: Last decoded tokens: [' impression', ' was', ' remarkable']
2025-12-29 16:37:05,560 INFO src.capture: Last token ids: [10647, 373, 21840]
2025-12-29 16:37:05,560 INFO src.capture: Last decoded tokens: [' impression', ' was', ' superb']
2025-12-29 16:37:05,589 INFO src.capture: Last token ids: [450, 893, 7617]
2025-12-29 16:37:05,589 INFO src.capture: Last decoded tokens: [' ab', 'ys', 'mal']
2025-12-29 16:37:05,618 INFO src.capture: Last token ids: [373, 38324, 4680]
2025-12-29 16:37:05,618 INFO src.capture: Last decoded tokens: [' was', ' atro', 'cious']
2025-12-29 16:37:05,651 INFO src.capture: Last token ids: [8922, 373, 12659]
2025-12-29 16:37:05,651 INFO src.capture: Last decoded tokens: [' assessment', ' was', ' awful']
2025-12-29 16:37:05,678 INFO src.capture: Last token ids: [8922, 373, 7818]
2025-12-29 16:37:05,678 INFO src.capture: Last decoded tokens: [' assessment', ' was', ' terrible']
2025-12-29 16:37:05,704 INFO src.capture: Last token ids: [8922, 373, 12361]
2025-12-29 16:37:05,705 INFO src.capture: Last decoded tokens: [' assessment', ' was', ' horrible']
2025-12-29 16:37:05,730 INFO src.capture: Last token ids: [8922, 373, 35483]
2025-12-29 16:37:05,730 INFO src.capture: Last decoded tokens: [' assessment', ' was', ' dreadful']
2025-12-29 16:37:05,756 INFO src.capture: Last token ids: [8922, 373, 2089]
2025-12-29 16:37:05,756 INFO src.capture: Last decoded tokens: [' assessment', ' was', ' bad']
2025-12-29 16:37:05,782 INFO src.capture: Last token ids: [8922, 373, 3595]
2025-12-29 16:37:05,782 INFO src.capture: Last decoded tokens: [' assessment', ' was', ' poor']
2025-12-29 16:37:05,808 INFO src.capture: Last token ids: [8922, 373, 4939]
2025-12-29 16:37:05,809 INFO src.capture: Last decoded tokens: [' assessment', ' was', ' weak']
2025-12-29 16:37:05,835 INFO src.capture: Last token ids: [8922, 373, 29956]
2025-12-29 16:37:05,835 INFO src.capture: Last decoded tokens: [' assessment', ' was', ' mediocre']
2025-12-29 16:37:05,863 INFO src.capture: Last token ids: [373, 555, 24194]
2025-12-29 16:37:05,863 INFO src.capture: Last decoded tokens: [' was', ' un', 'inspired']
2025-12-29 16:37:05,890 INFO src.capture: Last token ids: [8922, 373, 50146]
2025-12-29 16:37:05,890 INFO src.capture: Last decoded tokens: [' assessment', ' was', ' lackluster']
2025-12-29 16:37:05,919 INFO src.capture: Last token ids: [8922, 373, 8788]
2025-12-29 16:37:05,919 INFO src.capture: Last decoded tokens: [' assessment', ' was', ' okay']
2025-12-29 16:37:05,946 INFO src.capture: Last token ids: [8922, 373, 3734]
2025-12-29 16:37:05,946 INFO src.capture: Last decoded tokens: [' assessment', ' was', ' fine']
2025-12-29 16:37:05,975 INFO src.capture: Last token ids: [8922, 373, 2811]
2025-12-29 16:37:05,975 INFO src.capture: Last decoded tokens: [' assessment', ' was', ' average']
2025-12-29 16:37:06,003 INFO src.capture: Last token ids: [8922, 373, 7709]
2025-12-29 16:37:06,003 INFO src.capture: Last decoded tokens: [' assessment', ' was', ' decent']
2025-12-29 16:37:06,033 INFO src.capture: Last token ids: [8922, 373, 4735]
2025-12-29 16:37:06,033 INFO src.capture: Last decoded tokens: [' assessment', ' was', ' solid']
2025-12-29 16:37:06,062 INFO src.capture: Last token ids: [8922, 373, 15497]
2025-12-29 16:37:06,062 INFO src.capture: Last decoded tokens: [' assessment', ' was', ' pleasant']
2025-12-29 16:37:06,093 INFO src.capture: Last token ids: [8922, 373, 922]
2025-12-29 16:37:06,093 INFO src.capture: Last decoded tokens: [' assessment', ' was', ' good']
2025-12-29 16:37:06,122 INFO src.capture: Last token ids: [8922, 373, 20050]
2025-12-29 16:37:06,122 INFO src.capture: Last decoded tokens: [' assessment', ' was', ' enjoyable']
2025-12-29 16:37:06,153 INFO src.capture: Last token ids: [8922, 373, 19201]
2025-12-29 16:37:06,153 INFO src.capture: Last decoded tokens: [' assessment', ' was', ' satisfying']
2025-12-29 16:37:06,183 INFO src.capture: Last token ids: [8922, 373, 1049]
2025-12-29 16:37:06,183 INFO src.capture: Last decoded tokens: [' assessment', ' was', ' great']
2025-12-29 16:37:06,212 INFO src.capture: Last token ids: [8922, 373, 8036]
2025-12-29 16:37:06,212 INFO src.capture: Last decoded tokens: [' assessment', ' was', ' impressive']
2025-12-29 16:37:06,239 INFO src.capture: Last token ids: [8922, 373, 1913]
2025-12-29 16:37:06,239 INFO src.capture: Last decoded tokens: [' assessment', ' was', ' strong']
2025-12-29 16:37:06,268 INFO src.capture: Last token ids: [8922, 373, 6275]
2025-12-29 16:37:06,268 INFO src.capture: Last decoded tokens: [' assessment', ' was', ' excellent']
2025-12-29 16:37:06,298 INFO src.capture: Last token ids: [8922, 373, 9623]
2025-12-29 16:37:06,298 INFO src.capture: Last decoded tokens: [' assessment', ' was', ' fantastic']
2025-12-29 16:37:06,327 INFO src.capture: Last token ids: [8922, 373, 11660]
2025-12-29 16:37:06,327 INFO src.capture: Last decoded tokens: [' assessment', ' was', ' outstanding']
2025-12-29 16:37:06,356 INFO src.capture: Last token ids: [8922, 373, 15313]
2025-12-29 16:37:06,356 INFO src.capture: Last decoded tokens: [' assessment', ' was', ' exceptional']
2025-12-29 16:37:06,387 INFO src.capture: Last token ids: [8922, 373, 11004]
2025-12-29 16:37:06,387 INFO src.capture: Last decoded tokens: [' assessment', ' was', ' remarkable']
2025-12-29 16:37:06,419 INFO src.capture: Last token ids: [8922, 373, 21840]
2025-12-29 16:37:06,419 INFO src.capture: Last decoded tokens: [' assessment', ' was', ' superb']
2025-12-29 16:37:27,937 INFO src.capture: Last token ids: [450, 893, 7617]
2025-12-29 16:37:27,937 INFO src.capture: Last decoded tokens: [' ab', 'ys', 'mal']
2025-12-29 16:37:29,043 INFO src.capture: Last token ids: [373, 38324, 4680]
2025-12-29 16:37:29,043 INFO src.capture: Last decoded tokens: [' was', ' atro', 'cious']
2025-12-29 16:37:29,149 INFO src.capture: Last token ids: [1998, 373, 12659]
2025-12-29 16:37:29,149 INFO src.capture: Last decoded tokens: [' experience', ' was', ' awful']
2025-12-29 16:37:29,254 INFO src.capture: Last token ids: [1998, 373, 7818]
2025-12-29 16:37:29,254 INFO src.capture: Last decoded tokens: [' experience', ' was', ' terrible']
2025-12-29 16:37:29,282 INFO src.capture: Last token ids: [1998, 373, 12361]
2025-12-29 16:37:29,283 INFO src.capture: Last decoded tokens: [' experience', ' was', ' horrible']
2025-12-29 16:37:29,314 INFO src.capture: Last token ids: [1998, 373, 35483]
2025-12-29 16:37:29,314 INFO src.capture: Last decoded tokens: [' experience', ' was', ' dreadful']
2025-12-29 16:37:29,343 INFO src.capture: Last token ids: [1998, 373, 2089]
2025-12-29 16:37:29,343 INFO src.capture: Last decoded tokens: [' experience', ' was', ' bad']
2025-12-29 16:37:29,372 INFO src.capture: Last token ids: [1998, 373, 3595]
2025-12-29 16:37:29,372 INFO src.capture: Last decoded tokens: [' experience', ' was', ' poor']
2025-12-29 16:37:29,402 INFO src.capture: Last token ids: [1998, 373, 4939]
2025-12-29 16:37:29,402 INFO src.capture: Last decoded tokens: [' experience', ' was', ' weak']
2025-12-29 16:37:29,430 INFO src.capture: Last token ids: [1998, 373, 29956]
2025-12-29 16:37:29,430 INFO src.capture: Last decoded tokens: [' experience', ' was', ' mediocre']
2025-12-29 16:37:29,459 INFO src.capture: Last token ids: [373, 555, 24194]
2025-12-29 16:37:29,459 INFO src.capture: Last decoded tokens: [' was', ' un', 'inspired']
2025-12-29 16:37:29,490 INFO src.capture: Last token ids: [1998, 373, 50146]
2025-12-29 16:37:29,490 INFO src.capture: Last decoded tokens: [' experience', ' was', ' lackluster']
2025-12-29 16:37:29,521 INFO src.capture: Last token ids: [1998, 373, 8788]
2025-12-29 16:37:29,521 INFO src.capture: Last decoded tokens: [' experience', ' was', ' okay']
2025-12-29 16:37:29,549 INFO src.capture: Last token ids: [1998, 373, 3734]
2025-12-29 16:37:29,549 INFO src.capture: Last decoded tokens: [' experience', ' was', ' fine']
2025-12-29 16:37:29,579 INFO src.capture: Last token ids: [1998, 373, 2811]
2025-12-29 16:37:29,579 INFO src.capture: Last decoded tokens: [' experience', ' was', ' average']
2025-12-29 16:37:29,607 INFO src.capture: Last token ids: [1998, 373, 7709]
2025-12-29 16:37:29,607 INFO src.capture: Last decoded tokens: [' experience', ' was', ' decent']
2025-12-29 16:37:29,636 INFO src.capture: Last token ids: [1998, 373, 4735]
2025-12-29 16:37:29,637 INFO src.capture: Last decoded tokens: [' experience', ' was', ' solid']
2025-12-29 16:37:29,665 INFO src.capture: Last token ids: [1998, 373, 15497]
2025-12-29 16:37:29,665 INFO src.capture: Last decoded tokens: [' experience', ' was', ' pleasant']
2025-12-29 16:37:29,695 INFO src.capture: Last token ids: [1998, 373, 922]
2025-12-29 16:37:29,695 INFO src.capture: Last decoded tokens: [' experience', ' was', ' good']
2025-12-29 16:37:29,722 INFO src.capture: Last token ids: [1998, 373, 20050]
2025-12-29 16:37:29,722 INFO src.capture: Last decoded tokens: [' experience', ' was', ' enjoyable']
2025-12-29 16:37:29,753 INFO src.capture: Last token ids: [1998, 373, 19201]
2025-12-29 16:37:29,754 INFO src.capture: Last decoded tokens: [' experience', ' was', ' satisfying']
2025-12-29 16:37:29,783 INFO src.capture: Last token ids: [1998, 373, 1049]
2025-12-29 16:37:29,783 INFO src.capture: Last decoded tokens: [' experience', ' was', ' great']
2025-12-29 16:37:29,815 INFO src.capture: Last token ids: [1998, 373, 8036]
2025-12-29 16:37:29,815 INFO src.capture: Last decoded tokens: [' experience', ' was', ' impressive']
2025-12-29 16:37:29,843 INFO src.capture: Last token ids: [1998, 373, 1913]
2025-12-29 16:37:29,843 INFO src.capture: Last decoded tokens: [' experience', ' was', ' strong']
2025-12-29 16:37:29,873 INFO src.capture: Last token ids: [1998, 373, 6275]
2025-12-29 16:37:29,874 INFO src.capture: Last decoded tokens: [' experience', ' was', ' excellent']
2025-12-29 16:37:29,903 INFO src.capture: Last token ids: [1998, 373, 9623]
2025-12-29 16:37:29,903 INFO src.capture: Last decoded tokens: [' experience', ' was', ' fantastic']
2025-12-29 16:37:29,935 INFO src.capture: Last token ids: [1998, 373, 11660]
2025-12-29 16:37:29,935 INFO src.capture: Last decoded tokens: [' experience', ' was', ' outstanding']
2025-12-29 16:37:29,963 INFO src.capture: Last token ids: [1998, 373, 15313]
2025-12-29 16:37:29,963 INFO src.capture: Last decoded tokens: [' experience', ' was', ' exceptional']
2025-12-29 16:37:29,991 INFO src.capture: Last token ids: [1998, 373, 11004]
2025-12-29 16:37:29,991 INFO src.capture: Last decoded tokens: [' experience', ' was', ' remarkable']
2025-12-29 16:37:30,018 INFO src.capture: Last token ids: [1998, 373, 21840]
2025-12-29 16:37:30,018 INFO src.capture: Last decoded tokens: [' experience', ' was', ' superb']
2025-12-29 16:37:30,048 INFO src.capture: Last token ids: [450, 893, 7617]
2025-12-29 16:37:30,048 INFO src.capture: Last decoded tokens: [' ab', 'ys', 'mal']
2025-12-29 16:37:30,076 INFO src.capture: Last token ids: [2936, 38324, 4680]
2025-12-29 16:37:30,076 INFO src.capture: Last decoded tokens: [' felt', ' atro', 'cious']
2025-12-29 16:37:30,107 INFO src.capture: Last token ids: [8055, 2936, 12659]
2025-12-29 16:37:30,107 INFO src.capture: Last decoded tokens: [' outcome', ' felt', ' awful']
2025-12-29 16:37:30,221 INFO src.capture: Last token ids: [8055, 2936, 7818]
2025-12-29 16:37:30,221 INFO src.capture: Last decoded tokens: [' outcome', ' felt', ' terrible']
2025-12-29 16:37:30,250 INFO src.capture: Last token ids: [8055, 2936, 12361]
2025-12-29 16:37:30,250 INFO src.capture: Last decoded tokens: [' outcome', ' felt', ' horrible']
2025-12-29 16:37:30,278 INFO src.capture: Last token ids: [8055, 2936, 35483]
2025-12-29 16:37:30,278 INFO src.capture: Last decoded tokens: [' outcome', ' felt', ' dreadful']
2025-12-29 16:37:30,306 INFO src.capture: Last token ids: [8055, 2936, 2089]
2025-12-29 16:37:30,306 INFO src.capture: Last decoded tokens: [' outcome', ' felt', ' bad']
2025-12-29 16:37:30,334 INFO src.capture: Last token ids: [8055, 2936, 3595]
2025-12-29 16:37:30,334 INFO src.capture: Last decoded tokens: [' outcome', ' felt', ' poor']
2025-12-29 16:37:30,362 INFO src.capture: Last token ids: [8055, 2936, 4939]
2025-12-29 16:37:30,362 INFO src.capture: Last decoded tokens: [' outcome', ' felt', ' weak']
2025-12-29 16:37:30,389 INFO src.capture: Last token ids: [8055, 2936, 29956]
2025-12-29 16:37:30,389 INFO src.capture: Last decoded tokens: [' outcome', ' felt', ' mediocre']
2025-12-29 16:37:30,416 INFO src.capture: Last token ids: [2936, 555, 24194]
2025-12-29 16:37:30,417 INFO src.capture: Last decoded tokens: [' felt', ' un', 'inspired']
2025-12-29 16:37:30,445 INFO src.capture: Last token ids: [8055, 2936, 50146]
2025-12-29 16:37:30,446 INFO src.capture: Last decoded tokens: [' outcome', ' felt', ' lackluster']
2025-12-29 16:37:30,476 INFO src.capture: Last token ids: [8055, 2936, 8788]
2025-12-29 16:37:30,476 INFO src.capture: Last decoded tokens: [' outcome', ' felt', ' okay']
2025-12-29 16:37:30,504 INFO src.capture: Last token ids: [8055, 2936, 3734]
2025-12-29 16:37:30,504 INFO src.capture: Last decoded tokens: [' outcome', ' felt', ' fine']
2025-12-29 16:37:30,535 INFO src.capture: Last token ids: [8055, 2936, 2811]
2025-12-29 16:37:30,535 INFO src.capture: Last decoded tokens: [' outcome', ' felt', ' average']
2025-12-29 16:37:30,565 INFO src.capture: Last token ids: [8055, 2936, 7709]
2025-12-29 16:37:30,565 INFO src.capture: Last decoded tokens: [' outcome', ' felt', ' decent']
2025-12-29 16:37:30,596 INFO src.capture: Last token ids: [8055, 2936, 4735]
2025-12-29 16:37:30,596 INFO src.capture: Last decoded tokens: [' outcome', ' felt', ' solid']
2025-12-29 16:37:30,624 INFO src.capture: Last token ids: [8055, 2936, 15497]
2025-12-29 16:37:30,624 INFO src.capture: Last decoded tokens: [' outcome', ' felt', ' pleasant']
2025-12-29 16:37:30,652 INFO src.capture: Last token ids: [8055, 2936, 922]
2025-12-29 16:37:30,652 INFO src.capture: Last decoded tokens: [' outcome', ' felt', ' good']
2025-12-29 16:37:30,680 INFO src.capture: Last token ids: [8055, 2936, 20050]
2025-12-29 16:37:30,680 INFO src.capture: Last decoded tokens: [' outcome', ' felt', ' enjoyable']
2025-12-29 16:37:30,708 INFO src.capture: Last token ids: [8055, 2936, 19201]
2025-12-29 16:37:30,708 INFO src.capture: Last decoded tokens: [' outcome', ' felt', ' satisfying']
2025-12-29 16:37:30,735 INFO src.capture: Last token ids: [8055, 2936, 1049]
2025-12-29 16:37:30,736 INFO src.capture: Last decoded tokens: [' outcome', ' felt', ' great']
2025-12-29 16:37:30,764 INFO src.capture: Last token ids: [8055, 2936, 8036]
2025-12-29 16:37:30,764 INFO src.capture: Last decoded tokens: [' outcome', ' felt', ' impressive']
2025-12-29 16:37:30,792 INFO src.capture: Last token ids: [8055, 2936, 1913]
2025-12-29 16:37:30,792 INFO src.capture: Last decoded tokens: [' outcome', ' felt', ' strong']
2025-12-29 16:37:30,820 INFO src.capture: Last token ids: [8055, 2936, 6275]
2025-12-29 16:37:30,820 INFO src.capture: Last decoded tokens: [' outcome', ' felt', ' excellent']
2025-12-29 16:37:30,850 INFO src.capture: Last token ids: [8055, 2936, 9623]
2025-12-29 16:37:30,850 INFO src.capture: Last decoded tokens: [' outcome', ' felt', ' fantastic']
2025-12-29 16:37:30,878 INFO src.capture: Last token ids: [8055, 2936, 11660]
2025-12-29 16:37:30,878 INFO src.capture: Last decoded tokens: [' outcome', ' felt', ' outstanding']
2025-12-29 16:37:30,905 INFO src.capture: Last token ids: [8055, 2936, 15313]
2025-12-29 16:37:30,905 INFO src.capture: Last decoded tokens: [' outcome', ' felt', ' exceptional']
2025-12-29 16:37:30,934 INFO src.capture: Last token ids: [8055, 2936, 11004]
2025-12-29 16:37:30,934 INFO src.capture: Last decoded tokens: [' outcome', ' felt', ' remarkable']
2025-12-29 16:37:30,963 INFO src.capture: Last token ids: [8055, 2936, 21840]
2025-12-29 16:37:30,963 INFO src.capture: Last decoded tokens: [' outcome', ' felt', ' superb']
2025-12-29 16:37:30,992 INFO src.capture: Last token ids: [450, 893, 7617]
2025-12-29 16:37:30,992 INFO src.capture: Last decoded tokens: [' ab', 'ys', 'mal']
2025-12-29 16:37:31,027 INFO src.capture: Last token ids: [373, 38324, 4680]
2025-12-29 16:37:31,027 INFO src.capture: Last decoded tokens: [' was', ' atro', 'cious']
2025-12-29 16:37:31,058 INFO src.capture: Last token ids: [1255, 373, 12659]
2025-12-29 16:37:31,058 INFO src.capture: Last decoded tokens: [' result', ' was', ' awful']
2025-12-29 16:37:31,086 INFO src.capture: Last token ids: [1255, 373, 7818]
2025-12-29 16:37:31,086 INFO src.capture: Last decoded tokens: [' result', ' was', ' terrible']
2025-12-29 16:37:31,115 INFO src.capture: Last token ids: [1255, 373, 12361]
2025-12-29 16:37:31,115 INFO src.capture: Last decoded tokens: [' result', ' was', ' horrible']
2025-12-29 16:37:31,143 INFO src.capture: Last token ids: [1255, 373, 35483]
2025-12-29 16:37:31,143 INFO src.capture: Last decoded tokens: [' result', ' was', ' dreadful']
2025-12-29 16:37:31,170 INFO src.capture: Last token ids: [1255, 373, 2089]
2025-12-29 16:37:31,170 INFO src.capture: Last decoded tokens: [' result', ' was', ' bad']
2025-12-29 16:37:31,198 INFO src.capture: Last token ids: [1255, 373, 3595]
2025-12-29 16:37:31,198 INFO src.capture: Last decoded tokens: [' result', ' was', ' poor']
2025-12-29 16:37:31,225 INFO src.capture: Last token ids: [1255, 373, 4939]
2025-12-29 16:37:31,225 INFO src.capture: Last decoded tokens: [' result', ' was', ' weak']
2025-12-29 16:37:31,252 INFO src.capture: Last token ids: [1255, 373, 29956]
2025-12-29 16:37:31,252 INFO src.capture: Last decoded tokens: [' result', ' was', ' mediocre']
2025-12-29 16:37:31,279 INFO src.capture: Last token ids: [373, 555, 24194]
2025-12-29 16:37:31,279 INFO src.capture: Last decoded tokens: [' was', ' un', 'inspired']
2025-12-29 16:37:31,305 INFO src.capture: Last token ids: [1255, 373, 50146]
2025-12-29 16:37:31,305 INFO src.capture: Last decoded tokens: [' result', ' was', ' lackluster']
2025-12-29 16:37:31,333 INFO src.capture: Last token ids: [1255, 373, 8788]
2025-12-29 16:37:31,333 INFO src.capture: Last decoded tokens: [' result', ' was', ' okay']
2025-12-29 16:37:31,359 INFO src.capture: Last token ids: [1255, 373, 3734]
2025-12-29 16:37:31,359 INFO src.capture: Last decoded tokens: [' result', ' was', ' fine']
2025-12-29 16:37:31,386 INFO src.capture: Last token ids: [1255, 373, 2811]
2025-12-29 16:37:31,386 INFO src.capture: Last decoded tokens: [' result', ' was', ' average']
2025-12-29 16:37:31,414 INFO src.capture: Last token ids: [1255, 373, 7709]
2025-12-29 16:37:31,414 INFO src.capture: Last decoded tokens: [' result', ' was', ' decent']
2025-12-29 16:37:31,443 INFO src.capture: Last token ids: [1255, 373, 4735]
2025-12-29 16:37:31,443 INFO src.capture: Last decoded tokens: [' result', ' was', ' solid']
2025-12-29 16:37:31,470 INFO src.capture: Last token ids: [1255, 373, 15497]
2025-12-29 16:37:31,470 INFO src.capture: Last decoded tokens: [' result', ' was', ' pleasant']
2025-12-29 16:37:31,498 INFO src.capture: Last token ids: [1255, 373, 922]
2025-12-29 16:37:31,498 INFO src.capture: Last decoded tokens: [' result', ' was', ' good']
2025-12-29 16:37:31,525 INFO src.capture: Last token ids: [1255, 373, 20050]
2025-12-29 16:37:31,525 INFO src.capture: Last decoded tokens: [' result', ' was', ' enjoyable']
2025-12-29 16:37:31,551 INFO src.capture: Last token ids: [1255, 373, 19201]
2025-12-29 16:37:31,552 INFO src.capture: Last decoded tokens: [' result', ' was', ' satisfying']
2025-12-29 16:37:31,578 INFO src.capture: Last token ids: [1255, 373, 1049]
2025-12-29 16:37:31,578 INFO src.capture: Last decoded tokens: [' result', ' was', ' great']
2025-12-29 16:37:31,606 INFO src.capture: Last token ids: [1255, 373, 8036]
2025-12-29 16:37:31,606 INFO src.capture: Last decoded tokens: [' result', ' was', ' impressive']
2025-12-29 16:37:31,632 INFO src.capture: Last token ids: [1255, 373, 1913]
2025-12-29 16:37:31,632 INFO src.capture: Last decoded tokens: [' result', ' was', ' strong']
2025-12-29 16:37:31,661 INFO src.capture: Last token ids: [1255, 373, 6275]
2025-12-29 16:37:31,661 INFO src.capture: Last decoded tokens: [' result', ' was', ' excellent']
2025-12-29 16:37:31,689 INFO src.capture: Last token ids: [1255, 373, 9623]
2025-12-29 16:37:31,690 INFO src.capture: Last decoded tokens: [' result', ' was', ' fantastic']
2025-12-29 16:37:31,717 INFO src.capture: Last token ids: [1255, 373, 11660]
2025-12-29 16:37:31,717 INFO src.capture: Last decoded tokens: [' result', ' was', ' outstanding']
2025-12-29 16:37:31,744 INFO src.capture: Last token ids: [1255, 373, 15313]
2025-12-29 16:37:31,744 INFO src.capture: Last decoded tokens: [' result', ' was', ' exceptional']
2025-12-29 16:37:31,771 INFO src.capture: Last token ids: [1255, 373, 11004]
2025-12-29 16:37:31,771 INFO src.capture: Last decoded tokens: [' result', ' was', ' remarkable']
2025-12-29 16:37:31,797 INFO src.capture: Last token ids: [1255, 373, 21840]
2025-12-29 16:37:31,797 INFO src.capture: Last decoded tokens: [' result', ' was', ' superb']
2025-12-29 16:37:31,824 INFO src.capture: Last token ids: [450, 893, 7617]
2025-12-29 16:37:31,824 INFO src.capture: Last decoded tokens: [' ab', 'ys', 'mal']
2025-12-29 16:37:31,928 INFO src.capture: Last token ids: [373, 38324, 4680]
2025-12-29 16:37:31,928 INFO src.capture: Last decoded tokens: [' was', ' atro', 'cious']
2025-12-29 16:37:32,038 INFO src.capture: Last token ids: [670, 373, 12659]
2025-12-29 16:37:32,039 INFO src.capture: Last decoded tokens: [' work', ' was', ' awful']
2025-12-29 16:37:32,070 INFO src.capture: Last token ids: [670, 373, 7818]
2025-12-29 16:37:32,070 INFO src.capture: Last decoded tokens: [' work', ' was', ' terrible']
2025-12-29 16:37:32,102 INFO src.capture: Last token ids: [670, 373, 12361]
2025-12-29 16:37:32,103 INFO src.capture: Last decoded tokens: [' work', ' was', ' horrible']
2025-12-29 16:37:32,133 INFO src.capture: Last token ids: [670, 373, 35483]
2025-12-29 16:37:32,133 INFO src.capture: Last decoded tokens: [' work', ' was', ' dreadful']
2025-12-29 16:37:32,162 INFO src.capture: Last token ids: [670, 373, 2089]
2025-12-29 16:37:32,162 INFO src.capture: Last decoded tokens: [' work', ' was', ' bad']
2025-12-29 16:37:32,192 INFO src.capture: Last token ids: [670, 373, 3595]
2025-12-29 16:37:32,192 INFO src.capture: Last decoded tokens: [' work', ' was', ' poor']
2025-12-29 16:37:32,222 INFO src.capture: Last token ids: [670, 373, 4939]
2025-12-29 16:37:32,222 INFO src.capture: Last decoded tokens: [' work', ' was', ' weak']
2025-12-29 16:37:32,252 INFO src.capture: Last token ids: [670, 373, 29956]
2025-12-29 16:37:32,252 INFO src.capture: Last decoded tokens: [' work', ' was', ' mediocre']
2025-12-29 16:37:32,285 INFO src.capture: Last token ids: [373, 555, 24194]
2025-12-29 16:37:32,285 INFO src.capture: Last decoded tokens: [' was', ' un', 'inspired']
2025-12-29 16:37:32,317 INFO src.capture: Last token ids: [670, 373, 50146]
2025-12-29 16:37:32,317 INFO src.capture: Last decoded tokens: [' work', ' was', ' lackluster']
2025-12-29 16:37:32,350 INFO src.capture: Last token ids: [670, 373, 8788]
2025-12-29 16:37:32,350 INFO src.capture: Last decoded tokens: [' work', ' was', ' okay']
2025-12-29 16:37:32,381 INFO src.capture: Last token ids: [670, 373, 3734]
2025-12-29 16:37:32,381 INFO src.capture: Last decoded tokens: [' work', ' was', ' fine']
2025-12-29 16:37:32,414 INFO src.capture: Last token ids: [670, 373, 2811]
2025-12-29 16:37:32,414 INFO src.capture: Last decoded tokens: [' work', ' was', ' average']
2025-12-29 16:37:32,441 INFO src.capture: Last token ids: [670, 373, 7709]
2025-12-29 16:37:32,441 INFO src.capture: Last decoded tokens: [' work', ' was', ' decent']
2025-12-29 16:37:32,470 INFO src.capture: Last token ids: [670, 373, 4735]
2025-12-29 16:37:32,470 INFO src.capture: Last decoded tokens: [' work', ' was', ' solid']
2025-12-29 16:37:32,500 INFO src.capture: Last token ids: [670, 373, 15497]
2025-12-29 16:37:32,501 INFO src.capture: Last decoded tokens: [' work', ' was', ' pleasant']
2025-12-29 16:37:32,532 INFO src.capture: Last token ids: [670, 373, 922]
2025-12-29 16:37:32,532 INFO src.capture: Last decoded tokens: [' work', ' was', ' good']
2025-12-29 16:37:32,562 INFO src.capture: Last token ids: [670, 373, 20050]
2025-12-29 16:37:32,562 INFO src.capture: Last decoded tokens: [' work', ' was', ' enjoyable']
2025-12-29 16:37:32,593 INFO src.capture: Last token ids: [670, 373, 19201]
2025-12-29 16:37:32,594 INFO src.capture: Last decoded tokens: [' work', ' was', ' satisfying']
2025-12-29 16:37:32,625 INFO src.capture: Last token ids: [670, 373, 1049]
2025-12-29 16:37:32,625 INFO src.capture: Last decoded tokens: [' work', ' was', ' great']
2025-12-29 16:37:32,654 INFO src.capture: Last token ids: [670, 373, 8036]
2025-12-29 16:37:32,654 INFO src.capture: Last decoded tokens: [' work', ' was', ' impressive']
2025-12-29 16:37:32,683 INFO src.capture: Last token ids: [670, 373, 1913]
2025-12-29 16:37:32,683 INFO src.capture: Last decoded tokens: [' work', ' was', ' strong']
2025-12-29 16:37:32,711 INFO src.capture: Last token ids: [670, 373, 6275]
2025-12-29 16:37:32,711 INFO src.capture: Last decoded tokens: [' work', ' was', ' excellent']
2025-12-29 16:37:32,740 INFO src.capture: Last token ids: [670, 373, 9623]
2025-12-29 16:37:32,740 INFO src.capture: Last decoded tokens: [' work', ' was', ' fantastic']
2025-12-29 16:37:32,772 INFO src.capture: Last token ids: [670, 373, 11660]
2025-12-29 16:37:32,772 INFO src.capture: Last decoded tokens: [' work', ' was', ' outstanding']
2025-12-29 16:37:32,803 INFO src.capture: Last token ids: [670, 373, 15313]
2025-12-29 16:37:32,803 INFO src.capture: Last decoded tokens: [' work', ' was', ' exceptional']
2025-12-29 16:37:32,835 INFO src.capture: Last token ids: [670, 373, 11004]
2025-12-29 16:37:32,835 INFO src.capture: Last decoded tokens: [' work', ' was', ' remarkable']
2025-12-29 16:37:32,867 INFO src.capture: Last token ids: [670, 373, 21840]
2025-12-29 16:37:32,867 INFO src.capture: Last decoded tokens: [' work', ' was', ' superb']
2025-12-29 16:37:32,898 INFO src.capture: Last token ids: [450, 893, 7617]
2025-12-29 16:37:32,898 INFO src.capture: Last decoded tokens: [' ab', 'ys', 'mal']
2025-12-29 16:37:32,926 INFO src.capture: Last token ids: [373, 38324, 4680]
2025-12-29 16:37:32,926 INFO src.capture: Last decoded tokens: [' was', ' atro', 'cious']
2025-12-29 16:37:32,952 INFO src.capture: Last token ids: [2854, 373, 12659]
2025-12-29 16:37:32,952 INFO src.capture: Last decoded tokens: [' performance', ' was', ' awful']
2025-12-29 16:37:32,978 INFO src.capture: Last token ids: [2854, 373, 7818]
2025-12-29 16:37:32,978 INFO src.capture: Last decoded tokens: [' performance', ' was', ' terrible']
2025-12-29 16:37:33,003 INFO src.capture: Last token ids: [2854, 373, 12361]
2025-12-29 16:37:33,003 INFO src.capture: Last decoded tokens: [' performance', ' was', ' horrible']
2025-12-29 16:37:33,029 INFO src.capture: Last token ids: [2854, 373, 35483]
2025-12-29 16:37:33,029 INFO src.capture: Last decoded tokens: [' performance', ' was', ' dreadful']
2025-12-29 16:37:33,056 INFO src.capture: Last token ids: [2854, 373, 2089]
2025-12-29 16:37:33,056 INFO src.capture: Last decoded tokens: [' performance', ' was', ' bad']
2025-12-29 16:37:33,083 INFO src.capture: Last token ids: [2854, 373, 3595]
2025-12-29 16:37:33,083 INFO src.capture: Last decoded tokens: [' performance', ' was', ' poor']
2025-12-29 16:37:33,109 INFO src.capture: Last token ids: [2854, 373, 4939]
2025-12-29 16:37:33,109 INFO src.capture: Last decoded tokens: [' performance', ' was', ' weak']
2025-12-29 16:37:33,138 INFO src.capture: Last token ids: [2854, 373, 29956]
2025-12-29 16:37:33,139 INFO src.capture: Last decoded tokens: [' performance', ' was', ' mediocre']
2025-12-29 16:37:33,166 INFO src.capture: Last token ids: [373, 555, 24194]
2025-12-29 16:37:33,166 INFO src.capture: Last decoded tokens: [' was', ' un', 'inspired']
2025-12-29 16:37:33,194 INFO src.capture: Last token ids: [2854, 373, 50146]
2025-12-29 16:37:33,194 INFO src.capture: Last decoded tokens: [' performance', ' was', ' lackluster']
2025-12-29 16:37:33,223 INFO src.capture: Last token ids: [2854, 373, 8788]
2025-12-29 16:37:33,223 INFO src.capture: Last decoded tokens: [' performance', ' was', ' okay']
2025-12-29 16:37:33,249 INFO src.capture: Last token ids: [2854, 373, 3734]
2025-12-29 16:37:33,249 INFO src.capture: Last decoded tokens: [' performance', ' was', ' fine']
2025-12-29 16:37:33,276 INFO src.capture: Last token ids: [2854, 373, 2811]
2025-12-29 16:37:33,276 INFO src.capture: Last decoded tokens: [' performance', ' was', ' average']
2025-12-29 16:37:33,303 INFO src.capture: Last token ids: [2854, 373, 7709]
2025-12-29 16:37:33,303 INFO src.capture: Last decoded tokens: [' performance', ' was', ' decent']
2025-12-29 16:37:33,329 INFO src.capture: Last token ids: [2854, 373, 4735]
2025-12-29 16:37:33,330 INFO src.capture: Last decoded tokens: [' performance', ' was', ' solid']
2025-12-29 16:37:33,356 INFO src.capture: Last token ids: [2854, 373, 15497]
2025-12-29 16:37:33,356 INFO src.capture: Last decoded tokens: [' performance', ' was', ' pleasant']
2025-12-29 16:37:33,384 INFO src.capture: Last token ids: [2854, 373, 922]
2025-12-29 16:37:33,384 INFO src.capture: Last decoded tokens: [' performance', ' was', ' good']
2025-12-29 16:37:33,411 INFO src.capture: Last token ids: [2854, 373, 20050]
2025-12-29 16:37:33,411 INFO src.capture: Last decoded tokens: [' performance', ' was', ' enjoyable']
2025-12-29 16:37:33,438 INFO src.capture: Last token ids: [2854, 373, 19201]
2025-12-29 16:37:33,438 INFO src.capture: Last decoded tokens: [' performance', ' was', ' satisfying']
2025-12-29 16:37:33,464 INFO src.capture: Last token ids: [2854, 373, 1049]
2025-12-29 16:37:33,464 INFO src.capture: Last decoded tokens: [' performance', ' was', ' great']
2025-12-29 16:37:33,491 INFO src.capture: Last token ids: [2854, 373, 8036]
2025-12-29 16:37:33,491 INFO src.capture: Last decoded tokens: [' performance', ' was', ' impressive']
2025-12-29 16:37:33,517 INFO src.capture: Last token ids: [2854, 373, 1913]
2025-12-29 16:37:33,517 INFO src.capture: Last decoded tokens: [' performance', ' was', ' strong']
2025-12-29 16:37:33,543 INFO src.capture: Last token ids: [2854, 373, 6275]
2025-12-29 16:37:33,544 INFO src.capture: Last decoded tokens: [' performance', ' was', ' excellent']
2025-12-29 16:37:33,570 INFO src.capture: Last token ids: [2854, 373, 9623]
2025-12-29 16:37:33,570 INFO src.capture: Last decoded tokens: [' performance', ' was', ' fantastic']
2025-12-29 16:37:33,600 INFO src.capture: Last token ids: [2854, 373, 11660]
2025-12-29 16:37:33,600 INFO src.capture: Last decoded tokens: [' performance', ' was', ' outstanding']
2025-12-29 16:37:33,627 INFO src.capture: Last token ids: [2854, 373, 15313]
2025-12-29 16:37:33,627 INFO src.capture: Last decoded tokens: [' performance', ' was', ' exceptional']
2025-12-29 16:37:33,655 INFO src.capture: Last token ids: [2854, 373, 11004]
2025-12-29 16:37:33,655 INFO src.capture: Last decoded tokens: [' performance', ' was', ' remarkable']
2025-12-29 16:37:33,683 INFO src.capture: Last token ids: [2854, 373, 21840]
2025-12-29 16:37:33,684 INFO src.capture: Last decoded tokens: [' performance', ' was', ' superb']
2025-12-29 16:37:33,711 INFO src.capture: Last token ids: [450, 893, 7617]
2025-12-29 16:37:33,711 INFO src.capture: Last decoded tokens: [' ab', 'ys', 'mal']
2025-12-29 16:37:33,738 INFO src.capture: Last token ids: [3947, 38324, 4680]
2025-12-29 16:37:33,738 INFO src.capture: Last decoded tokens: [' seemed', ' atro', 'cious']
2025-12-29 16:37:33,767 INFO src.capture: Last token ids: [4069, 3947, 12659]
2025-12-29 16:37:33,767 INFO src.capture: Last decoded tokens: [' behavior', ' seemed', ' awful']
2025-12-29 16:37:33,793 INFO src.capture: Last token ids: [4069, 3947, 7818]
2025-12-29 16:37:33,794 INFO src.capture: Last decoded tokens: [' behavior', ' seemed', ' terrible']
2025-12-29 16:37:33,819 INFO src.capture: Last token ids: [4069, 3947, 12361]
2025-12-29 16:37:33,819 INFO src.capture: Last decoded tokens: [' behavior', ' seemed', ' horrible']
2025-12-29 16:37:33,846 INFO src.capture: Last token ids: [4069, 3947, 35483]
2025-12-29 16:37:33,846 INFO src.capture: Last decoded tokens: [' behavior', ' seemed', ' dreadful']
2025-12-29 16:37:33,872 INFO src.capture: Last token ids: [4069, 3947, 2089]
2025-12-29 16:37:33,872 INFO src.capture: Last decoded tokens: [' behavior', ' seemed', ' bad']
2025-12-29 16:37:33,898 INFO src.capture: Last token ids: [4069, 3947, 3595]
2025-12-29 16:37:33,898 INFO src.capture: Last decoded tokens: [' behavior', ' seemed', ' poor']
2025-12-29 16:37:33,924 INFO src.capture: Last token ids: [4069, 3947, 4939]
2025-12-29 16:37:33,924 INFO src.capture: Last decoded tokens: [' behavior', ' seemed', ' weak']
2025-12-29 16:37:33,951 INFO src.capture: Last token ids: [4069, 3947, 29956]
2025-12-29 16:37:33,951 INFO src.capture: Last decoded tokens: [' behavior', ' seemed', ' mediocre']
2025-12-29 16:37:33,980 INFO src.capture: Last token ids: [3947, 555, 24194]
2025-12-29 16:37:33,980 INFO src.capture: Last decoded tokens: [' seemed', ' un', 'inspired']
2025-12-29 16:37:34,008 INFO src.capture: Last token ids: [4069, 3947, 50146]
2025-12-29 16:37:34,008 INFO src.capture: Last decoded tokens: [' behavior', ' seemed', ' lackluster']
2025-12-29 16:37:34,037 INFO src.capture: Last token ids: [4069, 3947, 8788]
2025-12-29 16:37:34,037 INFO src.capture: Last decoded tokens: [' behavior', ' seemed', ' okay']
2025-12-29 16:37:34,064 INFO src.capture: Last token ids: [4069, 3947, 3734]
2025-12-29 16:37:34,064 INFO src.capture: Last decoded tokens: [' behavior', ' seemed', ' fine']
2025-12-29 16:37:34,092 INFO src.capture: Last token ids: [4069, 3947, 2811]
2025-12-29 16:37:34,092 INFO src.capture: Last decoded tokens: [' behavior', ' seemed', ' average']
2025-12-29 16:37:34,119 INFO src.capture: Last token ids: [4069, 3947, 7709]
2025-12-29 16:37:34,120 INFO src.capture: Last decoded tokens: [' behavior', ' seemed', ' decent']
2025-12-29 16:37:34,149 INFO src.capture: Last token ids: [4069, 3947, 4735]
2025-12-29 16:37:34,149 INFO src.capture: Last decoded tokens: [' behavior', ' seemed', ' solid']
2025-12-29 16:37:34,176 INFO src.capture: Last token ids: [4069, 3947, 15497]
2025-12-29 16:37:34,176 INFO src.capture: Last decoded tokens: [' behavior', ' seemed', ' pleasant']
2025-12-29 16:37:34,204 INFO src.capture: Last token ids: [4069, 3947, 922]
2025-12-29 16:37:34,204 INFO src.capture: Last decoded tokens: [' behavior', ' seemed', ' good']
2025-12-29 16:37:34,231 INFO src.capture: Last token ids: [4069, 3947, 20050]
2025-12-29 16:37:34,231 INFO src.capture: Last decoded tokens: [' behavior', ' seemed', ' enjoyable']
2025-12-29 16:37:34,260 INFO src.capture: Last token ids: [4069, 3947, 19201]
2025-12-29 16:37:34,260 INFO src.capture: Last decoded tokens: [' behavior', ' seemed', ' satisfying']
2025-12-29 16:37:34,287 INFO src.capture: Last token ids: [4069, 3947, 1049]
2025-12-29 16:37:34,287 INFO src.capture: Last decoded tokens: [' behavior', ' seemed', ' great']
2025-12-29 16:37:34,316 INFO src.capture: Last token ids: [4069, 3947, 8036]
2025-12-29 16:37:34,316 INFO src.capture: Last decoded tokens: [' behavior', ' seemed', ' impressive']
2025-12-29 16:37:34,343 INFO src.capture: Last token ids: [4069, 3947, 1913]
2025-12-29 16:37:34,343 INFO src.capture: Last decoded tokens: [' behavior', ' seemed', ' strong']
2025-12-29 16:37:34,372 INFO src.capture: Last token ids: [4069, 3947, 6275]
2025-12-29 16:37:34,372 INFO src.capture: Last decoded tokens: [' behavior', ' seemed', ' excellent']
2025-12-29 16:37:34,399 INFO src.capture: Last token ids: [4069, 3947, 9623]
2025-12-29 16:37:34,399 INFO src.capture: Last decoded tokens: [' behavior', ' seemed', ' fantastic']
2025-12-29 16:37:34,428 INFO src.capture: Last token ids: [4069, 3947, 11660]
2025-12-29 16:37:34,428 INFO src.capture: Last decoded tokens: [' behavior', ' seemed', ' outstanding']
2025-12-29 16:37:34,455 INFO src.capture: Last token ids: [4069, 3947, 15313]
2025-12-29 16:37:34,455 INFO src.capture: Last decoded tokens: [' behavior', ' seemed', ' exceptional']
2025-12-29 16:37:34,484 INFO src.capture: Last token ids: [4069, 3947, 11004]
2025-12-29 16:37:34,484 INFO src.capture: Last decoded tokens: [' behavior', ' seemed', ' remarkable']
2025-12-29 16:37:34,512 INFO src.capture: Last token ids: [4069, 3947, 21840]
2025-12-29 16:37:34,512 INFO src.capture: Last decoded tokens: [' behavior', ' seemed', ' superb']
2025-12-29 16:37:34,540 INFO src.capture: Last token ids: [450, 893, 7617]
2025-12-29 16:37:34,540 INFO src.capture: Last decoded tokens: [' ab', 'ys', 'mal']
2025-12-29 16:37:34,568 INFO src.capture: Last token ids: [373, 38324, 4680]
2025-12-29 16:37:34,568 INFO src.capture: Last decoded tokens: [' was', ' atro', 'cious']
2025-12-29 16:37:34,595 INFO src.capture: Last token ids: [2882, 373, 12659]
2025-12-29 16:37:34,595 INFO src.capture: Last decoded tokens: [' response', ' was', ' awful']
2025-12-29 16:37:34,620 INFO src.capture: Last token ids: [2882, 373, 7818]
2025-12-29 16:37:34,621 INFO src.capture: Last decoded tokens: [' response', ' was', ' terrible']
2025-12-29 16:37:34,646 INFO src.capture: Last token ids: [2882, 373, 12361]
2025-12-29 16:37:34,646 INFO src.capture: Last decoded tokens: [' response', ' was', ' horrible']
2025-12-29 16:37:34,672 INFO src.capture: Last token ids: [2882, 373, 35483]
2025-12-29 16:37:34,672 INFO src.capture: Last decoded tokens: [' response', ' was', ' dreadful']
2025-12-29 16:37:34,697 INFO src.capture: Last token ids: [2882, 373, 2089]
2025-12-29 16:37:34,698 INFO src.capture: Last decoded tokens: [' response', ' was', ' bad']
2025-12-29 16:37:34,724 INFO src.capture: Last token ids: [2882, 373, 3595]
2025-12-29 16:37:34,724 INFO src.capture: Last decoded tokens: [' response', ' was', ' poor']
2025-12-29 16:37:34,755 INFO src.capture: Last token ids: [2882, 373, 4939]
2025-12-29 16:37:34,755 INFO src.capture: Last decoded tokens: [' response', ' was', ' weak']
2025-12-29 16:37:34,784 INFO src.capture: Last token ids: [2882, 373, 29956]
2025-12-29 16:37:34,784 INFO src.capture: Last decoded tokens: [' response', ' was', ' mediocre']
2025-12-29 16:37:34,814 INFO src.capture: Last token ids: [373, 555, 24194]
2025-12-29 16:37:34,814 INFO src.capture: Last decoded tokens: [' was', ' un', 'inspired']
2025-12-29 16:37:34,843 INFO src.capture: Last token ids: [2882, 373, 50146]
2025-12-29 16:37:34,843 INFO src.capture: Last decoded tokens: [' response', ' was', ' lackluster']
2025-12-29 16:37:34,871 INFO src.capture: Last token ids: [2882, 373, 8788]
2025-12-29 16:37:34,872 INFO src.capture: Last decoded tokens: [' response', ' was', ' okay']
2025-12-29 16:37:34,898 INFO src.capture: Last token ids: [2882, 373, 3734]
2025-12-29 16:37:34,898 INFO src.capture: Last decoded tokens: [' response', ' was', ' fine']
2025-12-29 16:37:34,926 INFO src.capture: Last token ids: [2882, 373, 2811]
2025-12-29 16:37:34,926 INFO src.capture: Last decoded tokens: [' response', ' was', ' average']
2025-12-29 16:37:34,954 INFO src.capture: Last token ids: [2882, 373, 7709]
2025-12-29 16:37:34,954 INFO src.capture: Last decoded tokens: [' response', ' was', ' decent']
2025-12-29 16:37:34,981 INFO src.capture: Last token ids: [2882, 373, 4735]
2025-12-29 16:37:34,981 INFO src.capture: Last decoded tokens: [' response', ' was', ' solid']
2025-12-29 16:37:35,010 INFO src.capture: Last token ids: [2882, 373, 15497]
2025-12-29 16:37:35,010 INFO src.capture: Last decoded tokens: [' response', ' was', ' pleasant']
2025-12-29 16:37:35,038 INFO src.capture: Last token ids: [2882, 373, 922]
2025-12-29 16:37:35,038 INFO src.capture: Last decoded tokens: [' response', ' was', ' good']
2025-12-29 16:37:35,065 INFO src.capture: Last token ids: [2882, 373, 20050]
2025-12-29 16:37:35,065 INFO src.capture: Last decoded tokens: [' response', ' was', ' enjoyable']
2025-12-29 16:37:35,092 INFO src.capture: Last token ids: [2882, 373, 19201]
2025-12-29 16:37:35,092 INFO src.capture: Last decoded tokens: [' response', ' was', ' satisfying']
2025-12-29 16:37:35,119 INFO src.capture: Last token ids: [2882, 373, 1049]
2025-12-29 16:37:35,119 INFO src.capture: Last decoded tokens: [' response', ' was', ' great']
2025-12-29 16:37:35,146 INFO src.capture: Last token ids: [2882, 373, 8036]
2025-12-29 16:37:35,146 INFO src.capture: Last decoded tokens: [' response', ' was', ' impressive']
2025-12-29 16:37:35,173 INFO src.capture: Last token ids: [2882, 373, 1913]
2025-12-29 16:37:35,173 INFO src.capture: Last decoded tokens: [' response', ' was', ' strong']
2025-12-29 16:37:35,200 INFO src.capture: Last token ids: [2882, 373, 6275]
2025-12-29 16:37:35,201 INFO src.capture: Last decoded tokens: [' response', ' was', ' excellent']
2025-12-29 16:37:35,228 INFO src.capture: Last token ids: [2882, 373, 9623]
2025-12-29 16:37:35,228 INFO src.capture: Last decoded tokens: [' response', ' was', ' fantastic']
2025-12-29 16:37:35,254 INFO src.capture: Last token ids: [2882, 373, 11660]
2025-12-29 16:37:35,255 INFO src.capture: Last decoded tokens: [' response', ' was', ' outstanding']
2025-12-29 16:37:35,281 INFO src.capture: Last token ids: [2882, 373, 15313]
2025-12-29 16:37:35,281 INFO src.capture: Last decoded tokens: [' response', ' was', ' exceptional']
2025-12-29 16:37:35,308 INFO src.capture: Last token ids: [2882, 373, 11004]
2025-12-29 16:37:35,308 INFO src.capture: Last decoded tokens: [' response', ' was', ' remarkable']
2025-12-29 16:37:35,335 INFO src.capture: Last token ids: [2882, 373, 21840]
2025-12-29 16:37:35,335 INFO src.capture: Last decoded tokens: [' response', ' was', ' superb']
2025-12-29 16:37:35,362 INFO src.capture: Last token ids: [450, 893, 7617]
2025-12-29 16:37:35,363 INFO src.capture: Last decoded tokens: [' ab', 'ys', 'mal']
2025-12-29 16:37:35,390 INFO src.capture: Last token ids: [373, 38324, 4680]
2025-12-29 16:37:35,390 INFO src.capture: Last decoded tokens: [' was', ' atro', 'cious']
2025-12-29 16:37:35,419 INFO src.capture: Last token ids: [12660, 373, 12659]
2025-12-29 16:37:35,419 INFO src.capture: Last decoded tokens: [' evaluation', ' was', ' awful']
2025-12-29 16:37:35,446 INFO src.capture: Last token ids: [12660, 373, 7818]
2025-12-29 16:37:35,446 INFO src.capture: Last decoded tokens: [' evaluation', ' was', ' terrible']
2025-12-29 16:37:35,473 INFO src.capture: Last token ids: [12660, 373, 12361]
2025-12-29 16:37:35,473 INFO src.capture: Last decoded tokens: [' evaluation', ' was', ' horrible']
2025-12-29 16:37:35,500 INFO src.capture: Last token ids: [12660, 373, 35483]
2025-12-29 16:37:35,500 INFO src.capture: Last decoded tokens: [' evaluation', ' was', ' dreadful']
2025-12-29 16:37:35,527 INFO src.capture: Last token ids: [12660, 373, 2089]
2025-12-29 16:37:35,527 INFO src.capture: Last decoded tokens: [' evaluation', ' was', ' bad']
2025-12-29 16:37:35,554 INFO src.capture: Last token ids: [12660, 373, 3595]
2025-12-29 16:37:35,554 INFO src.capture: Last decoded tokens: [' evaluation', ' was', ' poor']
2025-12-29 16:37:35,581 INFO src.capture: Last token ids: [12660, 373, 4939]
2025-12-29 16:37:35,581 INFO src.capture: Last decoded tokens: [' evaluation', ' was', ' weak']
2025-12-29 16:37:35,610 INFO src.capture: Last token ids: [12660, 373, 29956]
2025-12-29 16:37:35,610 INFO src.capture: Last decoded tokens: [' evaluation', ' was', ' mediocre']
2025-12-29 16:37:35,638 INFO src.capture: Last token ids: [373, 555, 24194]
2025-12-29 16:37:35,638 INFO src.capture: Last decoded tokens: [' was', ' un', 'inspired']
2025-12-29 16:37:35,665 INFO src.capture: Last token ids: [12660, 373, 50146]
2025-12-29 16:37:35,665 INFO src.capture: Last decoded tokens: [' evaluation', ' was', ' lackluster']
2025-12-29 16:37:35,694 INFO src.capture: Last token ids: [12660, 373, 8788]
2025-12-29 16:37:35,694 INFO src.capture: Last decoded tokens: [' evaluation', ' was', ' okay']
2025-12-29 16:37:35,720 INFO src.capture: Last token ids: [12660, 373, 3734]
2025-12-29 16:37:35,721 INFO src.capture: Last decoded tokens: [' evaluation', ' was', ' fine']
2025-12-29 16:37:35,748 INFO src.capture: Last token ids: [12660, 373, 2811]
2025-12-29 16:37:35,748 INFO src.capture: Last decoded tokens: [' evaluation', ' was', ' average']
2025-12-29 16:37:35,775 INFO src.capture: Last token ids: [12660, 373, 7709]
2025-12-29 16:37:35,775 INFO src.capture: Last decoded tokens: [' evaluation', ' was', ' decent']
2025-12-29 16:37:35,803 INFO src.capture: Last token ids: [12660, 373, 4735]
2025-12-29 16:37:35,803 INFO src.capture: Last decoded tokens: [' evaluation', ' was', ' solid']
2025-12-29 16:37:35,830 INFO src.capture: Last token ids: [12660, 373, 15497]
2025-12-29 16:37:35,830 INFO src.capture: Last decoded tokens: [' evaluation', ' was', ' pleasant']
2025-12-29 16:37:35,857 INFO src.capture: Last token ids: [12660, 373, 922]
2025-12-29 16:37:35,857 INFO src.capture: Last decoded tokens: [' evaluation', ' was', ' good']
2025-12-29 16:37:35,884 INFO src.capture: Last token ids: [12660, 373, 20050]
2025-12-29 16:37:35,884 INFO src.capture: Last decoded tokens: [' evaluation', ' was', ' enjoyable']
2025-12-29 16:37:35,911 INFO src.capture: Last token ids: [12660, 373, 19201]
2025-12-29 16:37:35,911 INFO src.capture: Last decoded tokens: [' evaluation', ' was', ' satisfying']
2025-12-29 16:37:35,938 INFO src.capture: Last token ids: [12660, 373, 1049]
2025-12-29 16:37:35,938 INFO src.capture: Last decoded tokens: [' evaluation', ' was', ' great']
2025-12-29 16:37:35,965 INFO src.capture: Last token ids: [12660, 373, 8036]
2025-12-29 16:37:35,965 INFO src.capture: Last decoded tokens: [' evaluation', ' was', ' impressive']
2025-12-29 16:37:35,992 INFO src.capture: Last token ids: [12660, 373, 1913]
2025-12-29 16:37:35,992 INFO src.capture: Last decoded tokens: [' evaluation', ' was', ' strong']
2025-12-29 16:37:36,018 INFO src.capture: Last token ids: [12660, 373, 6275]
2025-12-29 16:37:36,018 INFO src.capture: Last decoded tokens: [' evaluation', ' was', ' excellent']
2025-12-29 16:37:36,045 INFO src.capture: Last token ids: [12660, 373, 9623]
2025-12-29 16:37:36,045 INFO src.capture: Last decoded tokens: [' evaluation', ' was', ' fantastic']
2025-12-29 16:37:36,072 INFO src.capture: Last token ids: [12660, 373, 11660]
2025-12-29 16:37:36,072 INFO src.capture: Last decoded tokens: [' evaluation', ' was', ' outstanding']
2025-12-29 16:37:36,099 INFO src.capture: Last token ids: [12660, 373, 15313]
2025-12-29 16:37:36,099 INFO src.capture: Last decoded tokens: [' evaluation', ' was', ' exceptional']
2025-12-29 16:37:36,126 INFO src.capture: Last token ids: [12660, 373, 11004]
2025-12-29 16:37:36,126 INFO src.capture: Last decoded tokens: [' evaluation', ' was', ' remarkable']
2025-12-29 16:37:36,152 INFO src.capture: Last token ids: [12660, 373, 21840]
2025-12-29 16:37:36,152 INFO src.capture: Last decoded tokens: [' evaluation', ' was', ' superb']
2025-12-29 16:37:36,179 INFO src.capture: Last token ids: [450, 893, 7617]
2025-12-29 16:37:36,180 INFO src.capture: Last decoded tokens: [' ab', 'ys', 'mal']
2025-12-29 16:37:36,206 INFO src.capture: Last token ids: [373, 38324, 4680]
2025-12-29 16:37:36,206 INFO src.capture: Last decoded tokens: [' was', ' atro', 'cious']
2025-12-29 16:37:36,236 INFO src.capture: Last token ids: [10647, 373, 12659]
2025-12-29 16:37:36,236 INFO src.capture: Last decoded tokens: [' impression', ' was', ' awful']
2025-12-29 16:37:36,264 INFO src.capture: Last token ids: [10647, 373, 7818]
2025-12-29 16:37:36,264 INFO src.capture: Last decoded tokens: [' impression', ' was', ' terrible']
2025-12-29 16:37:36,291 INFO src.capture: Last token ids: [10647, 373, 12361]
2025-12-29 16:37:36,291 INFO src.capture: Last decoded tokens: [' impression', ' was', ' horrible']
2025-12-29 16:37:36,317 INFO src.capture: Last token ids: [10647, 373, 35483]
2025-12-29 16:37:36,317 INFO src.capture: Last decoded tokens: [' impression', ' was', ' dreadful']
2025-12-29 16:37:36,343 INFO src.capture: Last token ids: [10647, 373, 2089]
2025-12-29 16:37:36,343 INFO src.capture: Last decoded tokens: [' impression', ' was', ' bad']
2025-12-29 16:37:36,369 INFO src.capture: Last token ids: [10647, 373, 3595]
2025-12-29 16:37:36,369 INFO src.capture: Last decoded tokens: [' impression', ' was', ' poor']
2025-12-29 16:37:36,396 INFO src.capture: Last token ids: [10647, 373, 4939]
2025-12-29 16:37:36,396 INFO src.capture: Last decoded tokens: [' impression', ' was', ' weak']
2025-12-29 16:37:36,423 INFO src.capture: Last token ids: [10647, 373, 29956]
2025-12-29 16:37:36,423 INFO src.capture: Last decoded tokens: [' impression', ' was', ' mediocre']
2025-12-29 16:37:36,453 INFO src.capture: Last token ids: [373, 555, 24194]
2025-12-29 16:37:36,453 INFO src.capture: Last decoded tokens: [' was', ' un', 'inspired']
2025-12-29 16:37:36,481 INFO src.capture: Last token ids: [10647, 373, 50146]
2025-12-29 16:37:36,481 INFO src.capture: Last decoded tokens: [' impression', ' was', ' lackluster']
2025-12-29 16:37:36,511 INFO src.capture: Last token ids: [10647, 373, 8788]
2025-12-29 16:37:36,511 INFO src.capture: Last decoded tokens: [' impression', ' was', ' okay']
2025-12-29 16:37:36,539 INFO src.capture: Last token ids: [10647, 373, 3734]
2025-12-29 16:37:36,540 INFO src.capture: Last decoded tokens: [' impression', ' was', ' fine']
2025-12-29 16:37:36,569 INFO src.capture: Last token ids: [10647, 373, 2811]
2025-12-29 16:37:36,569 INFO src.capture: Last decoded tokens: [' impression', ' was', ' average']
2025-12-29 16:37:36,596 INFO src.capture: Last token ids: [10647, 373, 7709]
2025-12-29 16:37:36,596 INFO src.capture: Last decoded tokens: [' impression', ' was', ' decent']
2025-12-29 16:37:36,626 INFO src.capture: Last token ids: [10647, 373, 4735]
2025-12-29 16:37:36,626 INFO src.capture: Last decoded tokens: [' impression', ' was', ' solid']
2025-12-29 16:37:36,653 INFO src.capture: Last token ids: [10647, 373, 15497]
2025-12-29 16:37:36,653 INFO src.capture: Last decoded tokens: [' impression', ' was', ' pleasant']
2025-12-29 16:37:36,682 INFO src.capture: Last token ids: [10647, 373, 922]
2025-12-29 16:37:36,682 INFO src.capture: Last decoded tokens: [' impression', ' was', ' good']
2025-12-29 16:37:36,709 INFO src.capture: Last token ids: [10647, 373, 20050]
2025-12-29 16:37:36,709 INFO src.capture: Last decoded tokens: [' impression', ' was', ' enjoyable']
2025-12-29 16:37:36,738 INFO src.capture: Last token ids: [10647, 373, 19201]
2025-12-29 16:37:36,738 INFO src.capture: Last decoded tokens: [' impression', ' was', ' satisfying']
2025-12-29 16:37:36,765 INFO src.capture: Last token ids: [10647, 373, 1049]
2025-12-29 16:37:36,765 INFO src.capture: Last decoded tokens: [' impression', ' was', ' great']
2025-12-29 16:37:36,794 INFO src.capture: Last token ids: [10647, 373, 8036]
2025-12-29 16:37:36,794 INFO src.capture: Last decoded tokens: [' impression', ' was', ' impressive']
2025-12-29 16:37:36,822 INFO src.capture: Last token ids: [10647, 373, 1913]
2025-12-29 16:37:36,822 INFO src.capture: Last decoded tokens: [' impression', ' was', ' strong']
2025-12-29 16:37:36,849 INFO src.capture: Last token ids: [10647, 373, 6275]
2025-12-29 16:37:36,850 INFO src.capture: Last decoded tokens: [' impression', ' was', ' excellent']
2025-12-29 16:37:36,880 INFO src.capture: Last token ids: [10647, 373, 9623]
2025-12-29 16:37:36,880 INFO src.capture: Last decoded tokens: [' impression', ' was', ' fantastic']
2025-12-29 16:37:36,911 INFO src.capture: Last token ids: [10647, 373, 11660]
2025-12-29 16:37:36,911 INFO src.capture: Last decoded tokens: [' impression', ' was', ' outstanding']
2025-12-29 16:37:36,939 INFO src.capture: Last token ids: [10647, 373, 15313]
2025-12-29 16:37:36,939 INFO src.capture: Last decoded tokens: [' impression', ' was', ' exceptional']
2025-12-29 16:37:36,968 INFO src.capture: Last token ids: [10647, 373, 11004]
2025-12-29 16:37:36,968 INFO src.capture: Last decoded tokens: [' impression', ' was', ' remarkable']
2025-12-29 16:37:36,996 INFO src.capture: Last token ids: [10647, 373, 21840]
2025-12-29 16:37:36,996 INFO src.capture: Last decoded tokens: [' impression', ' was', ' superb']
2025-12-29 16:37:37,025 INFO src.capture: Last token ids: [450, 893, 7617]
2025-12-29 16:37:37,025 INFO src.capture: Last decoded tokens: [' ab', 'ys', 'mal']
2025-12-29 16:37:37,056 INFO src.capture: Last token ids: [373, 38324, 4680]
2025-12-29 16:37:37,056 INFO src.capture: Last decoded tokens: [' was', ' atro', 'cious']
2025-12-29 16:37:37,091 INFO src.capture: Last token ids: [8922, 373, 12659]
2025-12-29 16:37:37,091 INFO src.capture: Last decoded tokens: [' assessment', ' was', ' awful']
2025-12-29 16:37:37,122 INFO src.capture: Last token ids: [8922, 373, 7818]
2025-12-29 16:37:37,123 INFO src.capture: Last decoded tokens: [' assessment', ' was', ' terrible']
2025-12-29 16:37:37,150 INFO src.capture: Last token ids: [8922, 373, 12361]
2025-12-29 16:37:37,151 INFO src.capture: Last decoded tokens: [' assessment', ' was', ' horrible']
2025-12-29 16:37:37,178 INFO src.capture: Last token ids: [8922, 373, 35483]
2025-12-29 16:37:37,178 INFO src.capture: Last decoded tokens: [' assessment', ' was', ' dreadful']
2025-12-29 16:37:37,207 INFO src.capture: Last token ids: [8922, 373, 2089]
2025-12-29 16:37:37,207 INFO src.capture: Last decoded tokens: [' assessment', ' was', ' bad']
2025-12-29 16:37:37,235 INFO src.capture: Last token ids: [8922, 373, 3595]
2025-12-29 16:37:37,235 INFO src.capture: Last decoded tokens: [' assessment', ' was', ' poor']
2025-12-29 16:37:37,264 INFO src.capture: Last token ids: [8922, 373, 4939]
2025-12-29 16:37:37,264 INFO src.capture: Last decoded tokens: [' assessment', ' was', ' weak']
2025-12-29 16:37:37,292 INFO src.capture: Last token ids: [8922, 373, 29956]
2025-12-29 16:37:37,292 INFO src.capture: Last decoded tokens: [' assessment', ' was', ' mediocre']
2025-12-29 16:37:37,321 INFO src.capture: Last token ids: [373, 555, 24194]
2025-12-29 16:37:37,321 INFO src.capture: Last decoded tokens: [' was', ' un', 'inspired']
2025-12-29 16:37:37,349 INFO src.capture: Last token ids: [8922, 373, 50146]
2025-12-29 16:37:37,349 INFO src.capture: Last decoded tokens: [' assessment', ' was', ' lackluster']
2025-12-29 16:37:37,380 INFO src.capture: Last token ids: [8922, 373, 8788]
2025-12-29 16:37:37,380 INFO src.capture: Last decoded tokens: [' assessment', ' was', ' okay']
2025-12-29 16:37:37,406 INFO src.capture: Last token ids: [8922, 373, 3734]
2025-12-29 16:37:37,406 INFO src.capture: Last decoded tokens: [' assessment', ' was', ' fine']
2025-12-29 16:37:37,437 INFO src.capture: Last token ids: [8922, 373, 2811]
2025-12-29 16:37:37,437 INFO src.capture: Last decoded tokens: [' assessment', ' was', ' average']
2025-12-29 16:37:37,464 INFO src.capture: Last token ids: [8922, 373, 7709]
2025-12-29 16:37:37,464 INFO src.capture: Last decoded tokens: [' assessment', ' was', ' decent']
2025-12-29 16:37:37,491 INFO src.capture: Last token ids: [8922, 373, 4735]
2025-12-29 16:37:37,491 INFO src.capture: Last decoded tokens: [' assessment', ' was', ' solid']
2025-12-29 16:37:37,517 INFO src.capture: Last token ids: [8922, 373, 15497]
2025-12-29 16:37:37,517 INFO src.capture: Last decoded tokens: [' assessment', ' was', ' pleasant']
2025-12-29 16:37:37,547 INFO src.capture: Last token ids: [8922, 373, 922]
2025-12-29 16:37:37,547 INFO src.capture: Last decoded tokens: [' assessment', ' was', ' good']
2025-12-29 16:37:37,576 INFO src.capture: Last token ids: [8922, 373, 20050]
2025-12-29 16:37:37,576 INFO src.capture: Last decoded tokens: [' assessment', ' was', ' enjoyable']
2025-12-29 16:37:37,606 INFO src.capture: Last token ids: [8922, 373, 19201]
2025-12-29 16:37:37,607 INFO src.capture: Last decoded tokens: [' assessment', ' was', ' satisfying']
2025-12-29 16:37:37,634 INFO src.capture: Last token ids: [8922, 373, 1049]
2025-12-29 16:37:37,634 INFO src.capture: Last decoded tokens: [' assessment', ' was', ' great']
2025-12-29 16:37:37,663 INFO src.capture: Last token ids: [8922, 373, 8036]
2025-12-29 16:37:37,664 INFO src.capture: Last decoded tokens: [' assessment', ' was', ' impressive']
2025-12-29 16:37:37,691 INFO src.capture: Last token ids: [8922, 373, 1913]
2025-12-29 16:37:37,691 INFO src.capture: Last decoded tokens: [' assessment', ' was', ' strong']
2025-12-29 16:37:37,719 INFO src.capture: Last token ids: [8922, 373, 6275]
2025-12-29 16:37:37,720 INFO src.capture: Last decoded tokens: [' assessment', ' was', ' excellent']
2025-12-29 16:37:37,747 INFO src.capture: Last token ids: [8922, 373, 9623]
2025-12-29 16:37:37,747 INFO src.capture: Last decoded tokens: [' assessment', ' was', ' fantastic']
2025-12-29 16:37:37,776 INFO src.capture: Last token ids: [8922, 373, 11660]
2025-12-29 16:37:37,776 INFO src.capture: Last decoded tokens: [' assessment', ' was', ' outstanding']
2025-12-29 16:37:37,803 INFO src.capture: Last token ids: [8922, 373, 15313]
2025-12-29 16:37:37,804 INFO src.capture: Last decoded tokens: [' assessment', ' was', ' exceptional']
2025-12-29 16:37:37,831 INFO src.capture: Last token ids: [8922, 373, 11004]
2025-12-29 16:37:37,831 INFO src.capture: Last decoded tokens: [' assessment', ' was', ' remarkable']
2025-12-29 16:37:37,861 INFO src.capture: Last token ids: [8922, 373, 21840]
2025-12-29 16:37:37,861 INFO src.capture: Last decoded tokens: [' assessment', ' was', ' superb']
