layer_from,layer_to,k_used,variance_threshold,residual_fro,rotation,boot_id
0,1,6,0.9,0.8966319561004639,"[[ 9.9822026e-01 -1.0078310e-02  2.7499391e-02 -1.5000224e-02
  -3.2031912e-02 -3.8045667e-02]
 [ 1.2426188e-02  9.8742133e-01 -1.4837099e-02  1.5544556e-01
   1.2105449e-02 -1.7739778e-02]
 [-2.5126513e-02  4.8679579e-03  9.9682981e-01  6.3071668e-02
   4.1195933e-02  4.1257532e-04]
 [ 1.1090785e-02 -1.5681663e-01 -6.0121931e-02  9.8230821e-01
  -2.3058856e-02 -7.8801014e-02]
 [ 3.7427645e-02 -1.5475975e-02 -4.1704770e-02  2.6691610e-02
   9.9182838e-01  1.1038330e-01]
 [-3.5309013e-02 -6.5484834e-03 -2.4001705e-04 -7.7405512e-02
   1.1346866e-01 -9.8987049e-01]]",0
1,2,6,0.9,0.9003987908363342,"[[ 0.98359835  0.17843106  0.00810945 -0.00349596 -0.02321029  0.00894478]
 [-0.17316124  0.96632326 -0.09928989 -0.14327814  0.07642629 -0.00255128]
 [-0.03221798  0.14946814  0.88371146  0.4397589   0.00808266 -0.04713993]
 [ 0.00918682 -0.08467841  0.45388192 -0.88625854  0.01863085 -0.03057986]
 [ 0.03410453 -0.06779547  0.00116189  0.02250859  0.9835875   0.16213709]
 [-0.01624902  0.01656435  0.05585443 -0.01051157 -0.16051057  0.9851232 ]]",0
2,3,6,0.9,0.832313597202301,"[[ 9.9711728e-01  6.3857831e-02 -4.6420889e-03 -2.7301285e-02
  -2.7558500e-02 -1.2362245e-02]
 [-6.0541108e-02  9.9490649e-01 -1.2539714e-02  4.7116209e-02
   5.9177719e-02  2.4833057e-02]
 [ 4.9184507e-04  1.7610855e-02  9.9263412e-01 -1.1755876e-01
   1.5654860e-02 -1.7377131e-02]
 [ 2.9732965e-02 -4.2198446e-02  1.1869364e-01  9.9117440e-01
  -2.7497837e-02  8.0061117e-03]
 [ 3.1355288e-02 -5.7675783e-02 -1.2376031e-02  2.6080383e-02
   9.9648780e-01 -4.3232903e-02]
 [ 1.4978635e-02 -2.5805568e-02  1.6041966e-02 -1.0373896e-02
   4.1825887e-02  9.9849653e-01]]",0
3,4,7,0.9,0.9503379464149475,"[[ 9.93470669e-01  1.03702627e-01 -1.26753123e-02 -3.66408229e-02
  -2.02440098e-02 -1.86748710e-02 -2.43578746e-04]
 [-1.03658296e-01  9.93963838e-01 -2.51127835e-02  1.58955287e-02
  -1.71113126e-02  9.56514012e-03 -4.82628681e-03]
 [ 2.08076183e-02  2.21465994e-02  9.60962117e-01  2.73159921e-01
   1.47727197e-02  2.55516768e-02  1.18649323e-02]
 [ 3.40439975e-02 -1.98692977e-02 -2.73568392e-01  9.58868802e-01
  -4.11989205e-02  4.97128554e-02  2.89794686e-03]
 [ 2.12640353e-02  1.70978308e-02 -2.73017399e-02  2.85946131e-02
   9.92456496e-01  1.12665884e-01  5.38269803e-03]
 [ 1.50542306e-02 -9.19888914e-03 -7.82298297e-03 -5.91176860e-02
  -1.11199826e-01  9.91777956e-01 -1.19856587e-02]
 [-5.37948043e-04  4.41570906e-03 -1.06818993e-02 -6.81564258e-03
  -6.81946427e-03  1.08769303e-02  9.99827385e-01]]",0
4,5,7,0.9,0.9073089957237244,"[[ 9.9554956e-01  5.8811963e-02  4.8887525e-03 -2.8926428e-02
  -5.1734138e-02  1.6901728e-02  3.9992869e-02]
 [-5.8394015e-02  9.9256903e-01 -9.5347583e-02  3.7185706e-02
   3.4332785e-04  1.1272754e-02  2.8210621e-02]
 [-1.1715240e-02  9.4738983e-02  9.9477065e-01  4.3632546e-03
  -2.6417814e-02  2.2484472e-02 -9.8112756e-03]
 [ 2.9998252e-02 -3.4513045e-02  7.6076289e-04  9.9229771e-01
  -4.0663768e-02 -1.0677121e-01  1.4148776e-02]
 [ 4.8891731e-02  1.1205468e-03  2.7406786e-02  3.8738694e-02
   9.9371821e-01  6.8662693e-03  8.8506944e-02]
 [ 8.3125532e-03  1.4820040e-02  2.2565199e-02 -1.0758119e-01
   3.0069993e-04 -9.8784542e-01  1.0858034e-01]
 [-4.4435371e-02 -3.0991290e-02  7.4512884e-03 -5.7005822e-03
  -8.6579591e-02  1.0860883e-01  9.8877960e-01]]",0
5,6,7,0.9,0.8460097908973694,"[[ 9.9018770e-01 -1.3033450e-01  1.5102255e-02 -2.3802720e-02
   4.8988801e-04 -6.8495865e-03  4.1224632e-02]
 [ 1.2989868e-01  9.9075335e-01  2.2880413e-02  2.1598414e-02
  -8.5717365e-03 -1.6867854e-02  1.3643556e-02]
 [-1.0583529e-02 -2.5285618e-02  9.6681720e-01  2.4927121e-01
   2.6415943e-03  3.8650956e-02 -2.9600361e-02]
 [ 2.5631007e-02 -1.8434152e-02 -2.5036690e-01  9.6721476e-01
  -1.6603500e-02  3.3324480e-03 -2.2989044e-02]
 [ 8.8958754e-05  1.0382165e-02 -1.0986132e-02  1.5093313e-02
   9.8483849e-01  1.6186631e-01  5.8618378e-02]
 [ 7.9479599e-03  1.5046276e-02 -3.3964731e-02 -1.4292835e-02
  -1.6383855e-01  9.8529518e-01  2.6511997e-02]
 [-4.2691261e-02 -1.0362713e-02  2.3559837e-02  2.9905923e-02
  -5.3792868e-02 -3.4003843e-02  9.9627841e-01]]",0
6,7,7,0.9,0.8627117872238159,"[[ 9.9759883e-01 -5.0348647e-02 -2.7153866e-02  3.1164527e-02
  -2.4552331e-03  2.3349578e-02  1.3908910e-03]
 [ 4.7328450e-02  9.9567872e-01 -5.7851139e-02  4.1784447e-02
   3.5483968e-02  5.5041714e-03  1.2956955e-03]
 [ 3.8159266e-02  6.6580549e-02  9.5492178e-01 -2.8536090e-01
  -2.6791528e-02  1.2405773e-03  9.2193121e-03]
 [ 2.3204068e-02  2.0859618e-02 -2.8700027e-01 -9.5649016e-01
   4.2095568e-02  1.0777002e-03 -3.2504131e-03]
 [-2.9865454e-03  3.3983361e-02 -3.9919246e-02 -3.1106764e-02
  -9.9333435e-01  8.9123122e-02  4.0235598e-02]
 [-2.3465905e-02 -7.4810199e-03  3.6235116e-03  3.2154908e-03
   8.8893868e-02  9.9572468e-01 -2.9596494e-04]
 [-1.6134196e-03 -3.1383317e-03 -8.0234902e-03  6.7748758e-04
   4.0369637e-02 -3.3416532e-03  9.9914056e-01]]",0
7,8,7,0.9,0.9438196420669556,"[[ 9.9748743e-01  4.2083126e-02 -1.6743751e-02  4.3177925e-02
   1.3506082e-02  7.0042317e-03 -2.9524427e-02]
 [-4.4176929e-02  9.9635863e-01  4.2992532e-02  5.5349201e-02
   1.4777260e-03 -9.9395225e-03 -1.7466672e-02]
 [ 2.7780453e-02 -2.7260665e-02  9.6914506e-01 -2.4304567e-01
   8.1004603e-03 -9.5398417e-03 -3.9066989e-03]
 [-3.5217330e-02 -6.5368712e-02  2.4170171e-01  9.6694630e-01
   2.4073670e-02  2.0137491e-02  9.8280190e-03]
 [-1.4149321e-02 -4.5738753e-04 -1.3319667e-02 -2.2649588e-02
   9.9780065e-01  4.6341356e-02 -3.6817219e-02]
 [-1.4831269e-03  1.3430029e-02  5.6601078e-03 -2.1634763e-02
  -4.0766805e-02  9.8752797e-01  1.4981297e-01]
 [ 2.9203173e-02  1.7371988e-02  3.3313670e-04 -5.8780145e-03
   4.3613814e-02 -1.4831260e-01  9.8737633e-01]]",0
8,9,8,0.9,0.9823693037033081,"[[ 9.99273062e-01 -1.55060366e-02 -1.21863149e-02  1.91081967e-02
   1.30410148e-02  2.08071340e-02 -6.05115155e-03 -7.72867678e-03]
 [ 1.36935292e-02  9.97593522e-01 -3.53659410e-03  6.16046526e-02
   5.74186631e-03  1.35888839e-02 -3.41895549e-03 -2.41398290e-02]
 [ 1.53276781e-02  1.30288666e-02  9.87648904e-01 -1.54337525e-01
   1.18734585e-02 -9.38316248e-03  8.48895591e-03  4.89783613e-03]
 [-1.95535403e-02 -6.13622703e-02  1.55727223e-01  9.82392311e-01
  -9.31403134e-03  7.48613328e-02 -2.05356218e-02 -1.98488776e-02]
 [-3.66168516e-03 -1.83421792e-03 -8.26027058e-03  4.27439809e-02
   9.01342690e-01 -4.30789411e-01  8.97558779e-03  3.03398818e-03]
 [-2.36689020e-02 -1.10899005e-02 -6.08407659e-03 -6.55037686e-02
   4.32519436e-01  8.98222446e-01 -2.00636927e-02 -2.66463626e-02]
 [ 4.60597873e-03  1.21400917e-04 -5.15956199e-03  1.86253153e-02
  -2.40273584e-04  2.16598473e-02  9.96888638e-01 -7.31367469e-02]
 [ 7.33390404e-03  2.24793125e-02 -2.44902866e-03  2.14538109e-02
   8.80059879e-03  2.89495923e-02  7.20260143e-02  9.96429265e-01]]",0
9,10,8,0.9,1.1036323308944702,"[[ 9.9829650e-01 -3.7381581e-03 -1.2039441e-03 -1.1994463e-03
   3.4548953e-02  1.6596533e-02  3.7436627e-02 -2.2728400e-02]
 [ 2.5321383e-03  9.9468994e-01  9.3745045e-02 -1.7365612e-02
   1.9173866e-02  9.4404921e-04  2.7680432e-02  1.8999817e-02]
 [-1.2786302e-03  9.0330273e-02 -9.8448753e-01 -1.3177848e-01
   2.7727878e-02 -6.4845949e-02  1.6628490e-04 -1.6843036e-02]
 [-5.8072607e-04  3.0853437e-02 -1.3166380e-01  9.8813927e-01
   3.6469812e-03  4.9000565e-02 -1.0982298e-02 -5.2518297e-02]
 [ 3.8897421e-02  1.7513730e-02  5.5166967e-03  2.7475581e-02
  -8.7101680e-01 -4.8838761e-01 -1.4220490e-02 -2.0065597e-04]
 [ 1.9846077e-03  1.2719726e-02 -6.3580841e-02 -4.8812702e-02
  -4.8873940e-01  8.6812007e-01  2.2870656e-02  1.9681510e-02]
 [-3.5470169e-02 -2.8133402e-02 -3.8467539e-03  1.6179692e-02
  -2.3181585e-03 -2.7872058e-02  9.9642974e-01  6.3398473e-02]
 [ 2.4910964e-02 -1.4365249e-02 -2.3908408e-02  5.0128106e-02
   1.0715515e-02 -1.3633257e-02 -6.4141728e-02  9.9582821e-01]]",0
10,11,10,0.9,1.6820002794265747,"[[ 0.9314493  -0.2784046   0.01248876  0.03530515 -0.04674236  0.13538116
   0.16777423  0.01294298 -0.00969191  0.06758708]
 [ 0.24638139  0.9525441   0.07166565  0.00878277 -0.02380905  0.08784127
   0.12138115 -0.00435267  0.05532383  0.0254305 ]
 [-0.02491407 -0.06205442  0.9932627   0.0473971  -0.02011299 -0.03372424
  -0.00992328 -0.04941729 -0.0346557  -0.03778732]
 [ 0.00197577  0.01661034 -0.03628445  0.94234544  0.3038797  -0.01579494
  -0.11070008  0.03161614 -0.02494517  0.06260996]
 [-0.02456565  0.00496693 -0.02651402  0.26911813 -0.9339861  -0.03844009
  -0.18636316  0.0643378   0.03791307  0.11012989]
 [-0.03856829 -0.00663641  0.01941339 -0.04807033  0.03370994  0.8728086
  -0.47099346 -0.07914627 -0.06454006 -0.02419468]
 [-0.01087119  0.01372091  0.04179172 -0.03699643  0.02987022  0.06632785
   0.00277848  0.96732384 -0.20529363 -0.11583639]
 [ 0.20416707  0.05085719  0.02689865 -0.1524651   0.16186072 -0.3616196
  -0.7460526   0.12586479  0.40639997  0.19286029]
 [ 0.00336533 -0.04597595 -0.00458045  0.09514994 -0.05164079  0.10177384
   0.11012906  0.05655373  0.67363644 -0.71180254]
 [-0.16483036 -0.07788848  0.05700715  0.0034389   0.03572878  0.25252864
   0.34564227  0.1766713   0.57299805  0.64764756]]",0
0,1,6,0.9,0.8911537528038025,"[[ 9.9791747e-01 -1.9820863e-02  2.0949690e-02 -1.6893722e-02
   3.7134420e-02 -4.0797945e-02]
 [ 2.2333445e-02  9.8780984e-01 -8.7961421e-04  1.5189846e-01
  -2.0415369e-02 -1.5564485e-02]
 [-1.8763606e-02 -9.4842287e-03  9.9688566e-01  6.4214155e-02
  -4.0262561e-02 -5.6878072e-03]
 [ 1.0562161e-02 -1.5188056e-01 -6.3559599e-02  9.8277974e-01
   3.5215337e-02 -7.5397909e-02]
 [ 4.1038580e-02 -2.5611034e-02 -4.1419849e-02  3.4353547e-02
  -9.9451369e-01  7.5542532e-02]
 [-3.8910288e-02 -5.0290176e-03 -4.8804088e-03 -7.4039757e-02
  -7.9281725e-02 -9.9331230e-01]]",1
1,2,6,0.9,0.8990484476089478,"[[ 0.9827002   0.18308696  0.01058532 -0.00491736 -0.02304223  0.01059469]
 [-0.17706342  0.96345556 -0.11740261 -0.14375323  0.07664911 -0.00886204]
 [-0.03675671  0.15827231  0.91457504  0.36659727  0.00804348 -0.05189445]
 [ 0.00843578 -0.08962491  0.3823214  -0.919031    0.00420659 -0.03302894]
 [-0.03432209  0.06838673 -0.00852877 -0.00998461 -0.98696977 -0.14093816]
 [-0.01867053  0.02175076  0.05843516 -0.01412872 -0.13929223  0.988009  ]]",1
2,3,6,0.9,0.8373539447784424,"[[ 0.99704623  0.05806649 -0.02410986 -0.02862865  0.03245909 -0.00852219]
 [-0.05520573  0.994871   -0.03015888  0.04165768 -0.06482009  0.01836589]
 [ 0.02170843  0.03230395  0.9987834  -0.02121697 -0.00682848 -0.02049439]
 [ 0.0302233  -0.03718257  0.02220185  0.99785674  0.03734377  0.00991983]
 [ 0.03650446 -0.06348806 -0.00587793  0.03442505 -0.9953528  -0.05186304]
 [ 0.01157019 -0.02007497  0.02032958 -0.0095744  -0.05075723  0.99818933]]",1
3,4,6,0.9,0.8127777576446533,"[[ 0.99288857  0.10193824 -0.01267453 -0.05293252 -0.02305398 -0.01693761]
 [-0.10199125  0.9942373  -0.02794018  0.01242002 -0.01197717  0.00340511]
 [ 0.02528088  0.02600626  0.9572618   0.28648037  0.01092476  0.01200124]
 [ 0.04871238 -0.01567942 -0.28660518  0.95426    -0.04333845  0.05242486]
 [-0.02469644 -0.01315823  0.02314298 -0.03228034 -0.99482065 -0.08928131]
 [ 0.01217049 -0.00233685  0.0055145  -0.0576084  -0.08751751  0.99440336]]",1
4,5,7,0.9,0.9682108759880066,"[[ 9.9556839e-01  5.5197041e-02  9.2856241e-03 -3.5765469e-02
  -5.6029838e-02  8.1888372e-03  3.5002597e-02]
 [-5.3430863e-02  9.9319315e-01 -9.4817296e-02  3.7769850e-02
   2.1002680e-04  2.4597519e-03  1.7017554e-02]
 [-1.6162334e-02  9.4463922e-02  9.9446380e-01 -7.5213006e-03
  -2.6518850e-02  3.1395767e-02 -1.0559014e-02]
 [ 3.5968460e-02 -3.4404628e-02  1.3498671e-02  9.9326354e-01
  -3.6957119e-02 -9.6776925e-02  6.0268552e-03]
 [ 5.3218760e-02  2.0886848e-03  2.7116295e-02  3.8113635e-02
   9.9224752e-01  4.0901311e-02  9.3527324e-02]
 [ 3.7519811e-03  8.1865666e-03  3.1567357e-02 -9.5943339e-02
   3.7297670e-02 -9.9196994e-01  6.5738663e-02]
 [-3.9844260e-02 -1.8499255e-02  7.1492931e-03 -2.7342220e-03
  -9.4049148e-02  6.2433239e-02  9.9260688e-01]]",1
5,6,7,0.9,0.8500953316688538,"[[ 0.9916509  -0.11589206  0.01801037 -0.03783574  0.01408961 -0.01853359
   0.02999533]
 [ 0.11590888  0.99224585  0.02310232  0.0302069   0.00651804 -0.0204809
   0.01025784]
 [-0.01540246 -0.02289315  0.99330604  0.0942345   0.01125674  0.0516043
  -0.03019868]
 [ 0.03663317 -0.03183655 -0.09592221  0.9938971   0.0079534   0.01713995
  -0.01596393]
 [ 0.01506967  0.00582403  0.00748082  0.00750432 -0.9931888   0.09958114
   0.05732676]
 [ 0.01732611  0.01884455 -0.04790686 -0.02151772  0.10297075  0.99080694
   0.06546272]
 [-0.03297333 -0.00951564  0.03054445  0.0206164   0.05041924 -0.06830515
   0.9951163 ]]",1
6,7,7,0.9,0.8637969493865967,"[[ 9.9827468e-01 -3.6474451e-02 -2.5972743e-02 -3.2361597e-02
   1.8505866e-03  1.9521678e-02 -3.3050922e-03]
 [ 3.3703111e-02  9.9625146e-01 -6.9695935e-02 -2.6674917e-02
   2.7798787e-02 -1.8724027e-03 -1.3388931e-03]
 [ 3.4653608e-02  7.2947167e-02  9.7385144e-01  2.1174538e-01
  -1.0792193e-02  1.1676144e-02 -1.5003622e-03]
 [ 2.6080916e-02  9.2787081e-03 -2.1350336e-01  9.7566223e-01
   3.8149256e-02  1.4686640e-02  7.8777000e-03]
 [-2.5565259e-03 -2.7294043e-02  2.0914052e-02 -3.3155680e-02
   9.9734324e-01 -4.6814512e-02 -2.8750602e-02]
 [-2.0545490e-02  2.7338095e-04 -7.1550831e-03 -1.7051740e-02
   4.3881152e-02  9.9525487e-01 -8.2328826e-02]
 [ 1.4315755e-03  4.8933807e-04  2.9876083e-03 -9.9061821e-03
   3.2137182e-02  8.0867246e-02  9.9615180e-01]]",1
7,8,7,0.9,0.9366798400878906,"[[ 9.97786939e-01 -1.55375516e-02 -3.75603139e-02  2.94782426e-02
   2.31831223e-02 -9.27564048e-04 -3.68998386e-02]
 [ 1.42510133e-02  9.98297155e-01  1.68123189e-02  4.75313701e-02
  -2.27795099e-03 -2.06359830e-02 -1.50578152e-02]
 [ 4.09663022e-02 -1.00753028e-02  9.88299370e-01 -1.44974634e-01
   1.98609661e-02  8.15289747e-03  2.45549437e-03]
 [ 2.47387942e-02  4.91945185e-02 -1.45256892e-01 -9.87799644e-01
  -1.01408437e-02  4.14312584e-03  4.88360354e-04]
 [-2.45765094e-02  5.75168757e-03 -2.08907258e-02 -6.81657763e-03
   9.88419831e-01  1.44099265e-01 -3.37882265e-02]
 [ 8.48590117e-03  2.13901661e-02 -4.62997193e-03  7.56827882e-03
  -1.39164865e-01  9.82774436e-01  1.19076684e-01]
 [ 3.53797339e-02  1.22105628e-02 -3.67438863e-03  1.52328459e-03
   5.11803292e-02 -1.13487586e-01  9.91506159e-01]]",1
8,9,8,0.9,0.9797331094741821,"[[ 0.99797803 -0.04633344  0.00823526  0.03298324 -0.00584137  0.02427016
  -0.01055947 -0.00166969]
 [ 0.0454435   0.99832714 -0.00107478  0.02945136 -0.00449512 -0.00422219
   0.00133289 -0.01921931]
 [-0.00221207  0.00655908  0.98481774 -0.1673745   0.03294197  0.01573865
   0.02308606  0.01435608]
 [-0.03628141 -0.02767681  0.16957417  0.98186064 -0.06020569  0.01998275
  -0.02589624 -0.02042929]
 [ 0.00318932  0.00273265 -0.02392441  0.06552085  0.9957049   0.04867411
   0.03489887  0.01007417]
 [-0.02370819  0.00544992 -0.01738307 -0.02186585 -0.04666758  0.99779457
  -0.02481156 -0.01550797]
 [ 0.00876212 -0.00410168 -0.01697907  0.02498659 -0.03722994  0.02224394
   0.99532527 -0.08025272]
 [ 0.00214199  0.01824913 -0.01211918  0.02418295 -0.01560225  0.01697636
   0.078595    0.9961034 ]]",1
9,10,8,0.9,1.1237376928329468,"[[ 9.96939898e-01  3.03416159e-02 -1.87914409e-02 -2.87162736e-02
   4.98904809e-02  2.28345450e-02  2.03102604e-02 -2.42789071e-02]
 [-3.30432169e-02  9.96979892e-01 -5.26736900e-02 -3.03764478e-03
   2.59011090e-02  1.78896030e-03  3.44373472e-02  1.71938185e-02]
 [ 1.37817785e-02  5.22518381e-02  9.82291758e-01 -1.65725574e-01
  -8.04785732e-03 -6.73508272e-02  3.07743787e-03 -1.03622228e-02]
 [ 2.34546345e-02  1.10028638e-02  1.64162219e-01  9.75595653e-01
   1.27182379e-01  3.02927510e-04 -2.35221423e-02 -6.21606074e-02]
 [ 3.71129885e-02  1.00216791e-02 -6.09004982e-02  4.57217991e-02
  -3.00497979e-01 -9.47986543e-01 -5.54313771e-02 -2.59358007e-02]
 [ 4.27320302e-02  2.58721653e-02  3.07743512e-02  1.17636360e-01
  -9.43257928e-01  3.02124679e-01  4.10645381e-02  4.25125845e-03]
 [-1.82631481e-02 -3.55364494e-02 -1.54129125e-03  2.21408010e-02
   2.32868530e-02 -6.55880198e-02  9.96527314e-01  4.73756634e-04]
 [ 2.72387024e-02 -1.50548909e-02  1.91762485e-02  5.91208264e-02
   4.80700890e-03 -2.60679442e-02 -3.62367067e-03  9.97222424e-01]]",1
10,11,9,0.9,1.4881800413131714,"[[ 0.9324973  -0.29944938  0.00254418 -0.08553335  0.08621395 -0.10714734
   0.09950858  0.06473625  0.02122058]
 [ 0.26663622  0.94684803 -0.02203253 -0.10477722  0.05526006 -0.08474562
   0.09624345  0.03610822  0.01086555]
 [ 0.00623751  0.021586    0.991083   -0.05569527 -0.07898669  0.00760072
  -0.03899308  0.05696516  0.05554675]
 [ 0.04898032  0.05433902  0.07504701  0.9148406   0.37196648 -0.08177897
   0.02940896  0.05847767  0.05245244]
 [-0.0157333  -0.00127088  0.03898765 -0.2807266   0.8098748   0.3554326
  -0.35976225 -0.07259142 -0.04995522]
 [-0.02948106 -0.00446883 -0.01959324 -0.05957077  0.03553876 -0.7686175
  -0.6325284  -0.03512993  0.04261612]
 [ 0.04739852  0.03340437 -0.07276354  0.06362657 -0.18615773  0.25700617
  -0.38319004  0.8541319  -0.10105369]
 [ 0.22653064  0.09490102 -0.02551034  0.22313179 -0.38829973  0.43622488
  -0.5487231  -0.48349085  0.11536834]
 [-0.0472918  -0.01569987 -0.06149162 -0.07401422  0.04820793  0.03380161
   0.03157768  0.13428476  0.9827317 ]]",1
0,1,6,0.9,0.8914299607276917,"[[ 9.98206675e-01 -1.48738967e-02  2.78222449e-02 -1.46866804e-02
   3.19660790e-02 -3.67525816e-02]
 [ 1.68130454e-02  9.88464952e-01 -3.11810989e-03  1.49232537e-01
  -1.16025181e-02 -1.54762911e-02]
 [-2.59484965e-02 -1.50830823e-03  9.98334646e-01  3.09547745e-02
  -4.10074219e-02  3.56203481e-03]
 [ 9.22453310e-03 -1.49774700e-01 -2.89894044e-02  9.84714687e-01
   3.04817241e-02 -7.77807087e-02]
 [ 3.69928852e-02 -1.60575714e-02 -4.12741490e-02  3.48440818e-02
  -9.92404342e-01  1.02905296e-01]
 [-3.42639945e-02 -4.80334507e-03  5.94768266e-04 -7.53561929e-02
  -1.06612816e-01 -9.90836918e-01]]",2
1,2,6,0.9,0.8964893817901611,"[[ 0.98407835  0.17530294  0.01174442 -0.00498026 -0.02526889  0.00757921]
 [-0.1700235   0.96792805 -0.09149056 -0.14092974  0.07708727 -0.00575513]
 [-0.03293363  0.13942799  0.8947208   0.42045042  0.00375459 -0.04644644]
 [ 0.00708614 -0.08998025  0.4334145  -0.89581454  0.01960934 -0.03371915]
 [-0.03623479  0.06728591 -0.00371265 -0.02483439 -0.9856612  -0.1483273 ]
 [-0.01529778  0.01789269  0.05571644 -0.0153305  -0.14660247  0.9872255 ]]",2
2,3,6,0.9,0.8302735090255737,"[[ 0.99720436  0.06223887 -0.0065682  -0.02678964 -0.02909367 -0.01012804]
 [-0.05911366  0.9951805  -0.01624129  0.04221154  0.06071481  0.01973611]
 [ 0.00418919  0.01833425  0.9980117  -0.05616524  0.0146999  -0.0157544 ]
 [ 0.02904721 -0.03852211  0.05730548  0.9967554  -0.02365704  0.0175306 ]
 [ 0.03253923 -0.05864767 -0.01350003  0.02233992  0.9952322  -0.06582541]
 [ 0.01300012 -0.02196615  0.01412191 -0.01804105  0.06483964  0.99730605]]",2
3,4,7,0.9,0.9159242510795593,"[[ 9.9321902e-01  1.0919926e-01 -9.0526659e-03 -2.9422840e-02
  -1.8556187e-02 -1.7298980e-02 -4.6445627e-04]
 [-1.0905686e-01  9.9324805e-01 -2.6911870e-02  1.9261926e-02
  -1.8719578e-02  9.8867752e-03 -4.6413080e-03]
 [ 1.3438083e-02  2.3821220e-02  9.7527474e-01  2.1706600e-01
   1.6900390e-02  2.3935191e-02  1.0726214e-02]
 [ 2.9761130e-02 -2.2758102e-02 -2.1727285e-01  9.7282362e-01
  -3.4844387e-02  6.1549585e-02 -7.7383011e-04]
 [ 1.8737720e-02  1.8647796e-02 -2.5639005e-02  2.3347309e-02
   9.9392551e-01  1.0102022e-01  2.3756521e-03]
 [ 1.4322560e-02 -9.1110691e-03 -7.1776891e-03 -6.8617530e-02
  -9.9503204e-02  9.9239594e-01 -1.4190789e-02]
 [-7.2492080e-06  4.2147175e-03 -1.0801052e-02 -2.5293855e-03
  -4.0776655e-03  1.3673995e-02  9.9982774e-01]]",2
4,5,7,0.9,0.923158586025238,"[[ 9.9599564e-01  5.7428502e-02  7.8475606e-03 -2.8353821e-02
  -4.9842834e-02  1.2414927e-02  3.4506392e-02]
 [-5.6113638e-02  9.9316365e-01 -8.6920612e-02  4.8354868e-02
  -8.3092134e-04  1.2855723e-02  2.0436095e-02]
 [-1.6468773e-02  8.9339480e-02  9.9253958e-01 -7.2227105e-02
  -2.9726777e-02  2.0828990e-02 -8.8386564e-03]
 [ 2.9145563e-02 -3.8674913e-02  7.7489898e-02  9.8936546e-01
  -2.9290918e-02 -1.0826173e-01  1.5084071e-02]
 [ 4.6506263e-02  2.8683878e-03  3.2651905e-02  2.5974179e-02
   9.9331695e-01  1.6798235e-02  9.5537275e-02]
 [ 4.6314839e-03  1.7199870e-02  1.2486696e-02 -1.0994598e-01
   8.1667406e-03 -9.8738438e-01  1.1155271e-01]
 [-3.9229795e-02 -2.3373861e-02  4.6519404e-03 -5.8577764e-03
  -9.5016211e-02  1.1097748e-01  9.8818761e-01]]",2
5,6,7,0.9,0.8442178964614868,"[[ 9.9134248e-01 -1.2119050e-01  8.4622540e-03 -2.7431890e-02
   3.8261016e-04 -1.0423096e-02  4.0250424e-02]
 [ 1.2087373e-01  9.9185616e-01  2.6953798e-02  2.0062720e-02
   6.2133274e-03 -1.6555935e-02  1.3008888e-02]
 [-3.7256032e-03 -2.9697150e-02  9.6952730e-01  2.3803206e-01
   5.6137992e-03  3.9873056e-02 -2.8991364e-02]
 [ 2.7447555e-02 -1.6364468e-02 -2.3919497e-01  9.7018641e-01
   1.7876806e-02  2.5284563e-03 -1.3303858e-02]
 [ 1.9003004e-03  7.7933325e-03 -3.6063644e-03  1.7499670e-02
  -9.8667043e-01  1.5669470e-01  3.9302327e-02]
 [ 1.1250831e-02  1.5130553e-02 -3.6840655e-02 -1.4339132e-02
   1.5747459e-01  9.8634130e-01  2.0351283e-02]
 [-4.1620176e-02 -9.7411126e-03  2.5186051e-02  2.0303726e-02
   3.5963815e-02 -2.4465626e-02  9.9761432e-01]]",2
6,7,7,0.9,0.8587818741798401,"[[ 9.9845481e-01 -3.0500518e-02 -2.7909208e-02  2.8197533e-02
   2.3396342e-04  2.4158740e-02  3.4911206e-04]
 [ 2.7489364e-02  9.9631894e-01 -6.1542727e-02  4.0285908e-02
   3.4183770e-02  3.3272204e-03 -1.7276861e-03]
 [ 3.7077114e-02  7.0520796e-02  9.5014322e-01 -3.0066997e-01
  -2.0543780e-02  5.3802612e-03  5.1619397e-03]
 [ 1.9001219e-02  1.7953083e-02 -3.0247471e-01 -9.5200294e-01
   3.8872752e-02 -1.2593217e-03 -1.8645707e-03]
 [ 1.1954850e-03 -3.2939989e-02  3.3834282e-02  2.9392382e-02
   9.9366611e-01 -9.5547467e-02 -2.0081352e-02]
 [-2.4385581e-02 -6.1207479e-03 -1.3269924e-03  2.4182342e-03
   9.5188014e-02  9.9503374e-01 -1.4402615e-02]
 [-7.8453595e-04  6.5203104e-04 -4.9063913e-03  4.6193163e-04
   2.1569544e-02  1.2383569e-02  9.9967796e-01]]",2
7,8,7,0.9,0.9434443116188049,"[[ 9.96102571e-01  6.99312836e-02 -2.04967242e-02  3.60487886e-02
   1.48202274e-02  4.90613887e-03 -3.04269493e-02]
 [-7.14064538e-02  9.95465815e-01  3.40738930e-02  4.95206080e-02
   3.29981884e-03 -1.10716661e-02 -1.42193399e-02]
 [ 2.92779431e-02 -2.06904858e-02  9.75501537e-01 -2.16243759e-01
   1.34643270e-02 -1.28281284e-02  2.09217542e-03]
 [-2.68370751e-02 -5.75072691e-02  2.15363383e-01  9.74049807e-01
   2.21698117e-02  1.41339665e-02  1.12705724e-02]
 [-1.54901883e-02 -3.05840722e-03 -1.72766857e-02 -1.95024572e-02
   9.98563409e-01  2.69411411e-02 -3.48875523e-02]
 [ 9.44491985e-05  1.38190249e-02  9.47276689e-03 -1.69336926e-02
  -2.12610215e-02  9.87049222e-01  1.57208085e-01]
 [ 2.93811820e-02  1.48988245e-02 -6.79223938e-03 -6.83659222e-03
   3.89325842e-02 -1.56515405e-01  9.86310899e-01]]",2
8,9,8,0.9,0.9795147776603699,"[[ 0.99949473 -0.00564535 -0.00314117  0.01575616  0.01732152  0.01921954
  -0.00388272 -0.00599235]
 [ 0.00386808  0.9972963  -0.00162178  0.06490302  0.01331298  0.01722255
  -0.00499952 -0.0259091 ]
 [ 0.00692405  0.01643823  0.97495186 -0.22035062  0.00679103 -0.01496455
   0.0138066   0.01164263]
 [-0.01631866 -0.06430263  0.22193237  0.9706743   0.0024123   0.05943357
  -0.01890896 -0.01551146]
 [-0.00648772 -0.00512062 -0.00716712  0.02856963  0.8790776  -0.4752877
   0.01874362  0.00608988]
 [-0.02457507 -0.01856882 -0.00159569 -0.05702318  0.47599778  0.8762655
  -0.02218911 -0.02982193]
 [ 0.00272757  0.00158342 -0.00863573  0.01877339 -0.00644052  0.02773608
   0.99703664 -0.06833985]
 [ 0.00526641  0.02428326 -0.0085922   0.01886964  0.00883819  0.03268874
   0.0669787   0.99665433]]",2
9,10,8,0.9,1.0861639976501465,"[[ 0.99815196 -0.01454123 -0.00333294 -0.00587739 -0.03630842  0.02047526
   0.03001738 -0.02823264]
 [ 0.01316911  0.9943432   0.09518501 -0.02247384 -0.02228932  0.00271279
   0.03061435  0.01007493]
 [-0.00250292  0.09058373 -0.9823485  -0.14896797 -0.02040005 -0.06374448
  -0.00195914 -0.01024133]
 [ 0.00352391  0.03669433 -0.14702196  0.9864751  -0.02243441  0.02786848
  -0.01475112 -0.04893944]
 [ 0.04289733  0.0223936   0.00467775  0.03104179  0.91208166 -0.40431556
  -0.03566832 -0.0060568 ]
 [-0.00510267  0.0105532  -0.06297337 -0.02479113  0.4063886   0.90975946
   0.04753345  0.01445128]
 [-0.02734633 -0.02938284 -0.00451714  0.01952287  0.0145365  -0.05881619
   0.99624157  0.04265478]
 [ 0.02977609 -0.00648625 -0.01722488  0.04665354 -0.00308438 -0.0118579
  -0.04371997  0.99726456]]",2
10,11,10,0.9,1.665772795677185,"[[ 9.32560205e-01 -2.66670257e-01  2.76730377e-02  1.75886508e-02
  -6.16189614e-02  1.42333910e-01 -1.75164059e-01  3.10268812e-02
   8.38696957e-03 -4.87026311e-02]
 [ 2.34138966e-01  9.56024110e-01  8.57421607e-02 -1.30402334e-02
  -1.67333633e-02  7.93157667e-02 -1.21602245e-01  8.13177787e-03
   4.72955815e-02 -3.72464606e-03]
 [-3.50356847e-02 -6.89476058e-02  9.89549279e-01  7.40421787e-02
  -7.49525707e-03 -5.40801659e-02  2.18668412e-02 -4.92767394e-02
  -5.14427088e-02  2.81974766e-02]
 [ 1.77678522e-02  2.85963472e-02 -6.67962357e-02  9.70320940e-01
   2.00278714e-01 -8.11990234e-04  8.91746506e-02  2.10484620e-02
   1.54435998e-02 -6.43123537e-02]
 [ 2.18815282e-02 -1.73506234e-02  1.95366759e-02 -1.72519118e-01
   9.58129346e-01  7.02726319e-02 -1.82524964e-01 -4.07773145e-02
  -7.59524703e-02  7.33398572e-02]
 [-3.90655175e-02 -2.40044668e-04  2.88249608e-02 -3.86078320e-02
   9.03913938e-03  8.67642999e-01  4.72882479e-01 -1.13662317e-01
  -8.17091540e-02 -7.27174059e-03]
 [ 6.79347059e-03  1.67516395e-02  3.75349522e-02 -3.66374217e-02
   4.32989821e-02  1.58824660e-02  1.60111710e-01  9.60571885e-01
  -2.12237328e-01  3.76316421e-02]
 [ 2.26141065e-01  5.05703390e-02  3.76418629e-03 -1.12445116e-01
   1.74029693e-01 -3.68844241e-01  7.51219213e-01 -3.84168811e-02
   4.43898022e-01  6.67883977e-02]
 [-8.71484429e-02 -6.52333349e-02  2.91288719e-02  6.81578889e-02
  -4.58274335e-02  2.31720984e-01 -2.66448379e-01  1.64055660e-01
   6.48285329e-01  6.39279425e-01]
 [-1.14810675e-01 -4.40316759e-02  6.87663704e-02 -5.12872003e-02
   5.83151281e-02  1.50960550e-01 -1.67946726e-01  1.74440593e-01
   5.65684319e-01 -7.56767094e-01]]",2
0,1,6,0.9,0.9026293754577637,"[[ 0.998072   -0.01496052  0.02774618 -0.0174192  -0.03026129 -0.04048837]
 [ 0.01754753  0.985816   -0.01806993  0.16458742  0.00675567 -0.0199412 ]
 [-0.0254022   0.00778311  0.9968653   0.06368264  0.03864551 -0.00220266]
 [ 0.01224973 -0.16649441 -0.06025929  0.98044515 -0.02430657 -0.08145617]
 [ 0.03607065 -0.01076234 -0.03906372  0.02925908  0.99173105  0.11256365]
 [-0.03805018 -0.00679211 -0.00247399 -0.08014693  0.11586154 -0.98926866]]",3
1,2,6,0.9,0.9094690084457397,"[[ 9.8520315e-01  1.6959563e-01  6.6544246e-03 -5.2225608e-03
  -1.9929247e-02  1.1973629e-02]
 [-1.6543269e-01  9.6936959e-01 -8.6327992e-02 -1.3771078e-01
   8.0755174e-02  4.0605860e-03]
 [-2.6431076e-02  1.3699934e-01  8.8352329e-01  4.4378775e-01
   5.3481362e-03 -5.4248892e-02]
 [ 7.6916702e-03 -8.5586809e-02  4.5653620e-01 -8.8497359e-01
   2.3129234e-02 -2.1844003e-02]
 [ 3.0514807e-02 -7.2935574e-02  1.7205143e-03  2.9705897e-02
   9.8202562e-01  1.6878831e-01]
 [-1.7829312e-02  1.2101920e-02  5.8834277e-02  3.5710196e-04
  -1.6776028e-01  9.8383456e-01]]",3
2,3,6,0.9,0.8462463617324829,"[[ 0.9975191   0.05747249 -0.00183189 -0.02554495 -0.02828589 -0.01402259]
 [-0.05360561  0.9943633  -0.00815406  0.06200179  0.06057219  0.02807623]
 [-0.00258608  0.01642574  0.9891267  -0.14438727  0.0162145  -0.01553766]
 [ 0.02821487 -0.05745189  0.1455371   0.9869881  -0.02385423  0.00274577]
 [ 0.03168661 -0.05939758 -0.01269453  0.02170257  0.9966997  -0.03775683]
 [ 0.01659364 -0.02898033  0.01471261 -0.00624134  0.03590014  0.9986694 ]]",3
3,4,6,0.9,0.8351845145225525,"[[ 0.99390215  0.10074386 -0.01427489 -0.03482502 -0.01920798 -0.014953  ]
 [-0.10092797  0.994091   -0.03092437  0.01340374 -0.01842509  0.01101117]
 [ 0.02259175  0.02759378  0.94666624  0.31927592  0.01836105  0.01664283]
 [ 0.03062759 -0.02066837 -0.31908137  0.945426   -0.03395399  0.04287902]
 [ 0.01934593  0.01794663 -0.02912542  0.02053222  0.99277234  0.11152098]
 [ 0.0122177  -0.01109708  0.0013117  -0.04917838 -0.11047491  0.9925233 ]]",3
4,5,7,0.9,0.8853533267974854,"[[ 0.99485415  0.06461041  0.00225985 -0.02802444 -0.05283849  0.02396573
   0.0439749 ]
 [-0.0645622   0.9926119  -0.08995685  0.03865825  0.0028488   0.01072855
   0.02903936]
 [-0.01087291  0.09125488  0.99361604 -0.04724386 -0.02051178  0.03768281
  -0.01444869]
 [ 0.029917   -0.03071729  0.05290746  0.9925295  -0.04243952 -0.09186041
  -0.00281539]
 [ 0.05038881 -0.00104438  0.02581187  0.03597979  0.9921168  -0.04096979
   0.09759568]
 [ 0.01420731  0.01611508  0.03187951 -0.09509006 -0.04653678 -0.9906755
   0.07665797]
 [-0.04840073 -0.03186185  0.01216781  0.0060554  -0.09228666  0.07959757
   0.9907598 ]]",3
5,6,7,0.9,0.8705235719680786,"[[ 9.88283753e-01 -1.43951789e-01  1.63497645e-02 -2.41526458e-02
  -7.32609478e-04 -1.14232386e-02  3.98941785e-02]
 [ 1.43142715e-01  9.88067687e-01  3.45553569e-02  3.01669426e-02
  -8.14819057e-03 -2.89683212e-02  1.49209322e-02]
 [-1.54276052e-02 -3.52837890e-02  9.83267605e-01  1.67935222e-01
   1.30213145e-02  4.76492383e-02 -3.25512551e-02]
 [ 2.37909518e-02 -2.74335276e-02 -1.69196486e-01  9.84425783e-01
  -1.97370518e-02 -1.55211682e-03 -2.38298569e-02]
 [ 3.44997621e-03  1.28349699e-02 -2.32323762e-02  1.75556112e-02
   9.77835417e-01  1.99193865e-01  5.59908859e-02]
 [ 1.43758710e-02  2.62197815e-02 -4.12011482e-02 -8.56490433e-03
  -2.01896906e-01  9.77688313e-01  2.64229663e-02]
 [-4.22247052e-02 -1.22584449e-02  2.93030292e-02  2.87868809e-02
  -4.94912229e-02 -3.47109325e-02  9.96356010e-01]]",3
6,7,7,0.9,0.8836744427680969,"[[ 9.96600688e-01 -6.61457852e-02 -3.64759713e-02 -2.75610220e-02
  -3.41496151e-03  1.65553577e-02  5.98239480e-03]
 [ 6.28913343e-02  9.94839251e-01 -6.18043654e-02 -3.71209979e-02
   3.32896076e-02 -3.80621082e-03  4.36429353e-03]
 [ 4.77206036e-02  6.81325346e-02  9.42184448e-01  3.24059337e-01
  -1.51796928e-02  9.98100918e-03  4.97086020e-03]
 [ 1.51171647e-02  1.20380307e-02 -3.25098693e-01  9.43278849e-01
   6.26455322e-02  9.46445111e-03 -1.21772885e-02]
 [-3.16706602e-03  3.32028121e-02 -3.74288708e-02  5.19471429e-02
  -9.90662158e-01  1.08520530e-01  3.99992131e-02]
 [-1.67090036e-02  4.23914607e-04 -1.98570034e-03 -1.74977873e-02
   1.08379446e-01  9.93786812e-01  7.22049922e-03]
 [-6.04801392e-03 -5.47445612e-03 -6.64913608e-03  8.25888664e-03
   3.95938270e-02 -1.15440553e-02  9.99059618e-01]]",3
7,8,7,0.9,0.9686044454574585,"[[ 9.9850172e-01  1.2713673e-03 -1.8940290e-02  4.3276165e-02
   1.4242206e-02 -3.8055538e-03 -2.3321206e-02]
 [-3.4177566e-03  9.9725091e-01  3.9631497e-02  5.5620119e-02
   1.2757435e-03 -2.3359273e-02 -1.6349854e-02]
 [ 2.9396925e-02 -2.3727572e-02  9.6466160e-01 -2.6056772e-01
   3.5396838e-03  4.9300385e-03 -8.2747377e-03]
 [ 3.6856819e-02  6.3968204e-02 -2.5950956e-01 -9.6246731e-01
  -2.7438838e-02 -6.9818512e-04 -1.0374766e-02]
 [-1.3751278e-02  1.5839122e-03 -1.0723683e-02 -2.5681414e-02
   9.9694282e-01  6.5353587e-02 -2.9458314e-02]
 [ 7.6002562e-03  2.5450541e-02 -2.6681162e-03  2.2638657e-03
  -6.0734775e-02  9.8865461e-01  1.3474312e-01]
 [ 2.2654710e-02  1.3555545e-02  5.5961171e-03 -1.1399080e-02
   3.8031902e-02 -1.3306439e-01  9.8994404e-01]]",3
8,9,7,0.9,0.9321603178977966,"[[ 9.9913627e-01  8.7590590e-03  7.1984925e-03  3.6097962e-02
   6.3386173e-03  1.4042324e-02 -7.6058051e-03]
 [-1.0806098e-02  9.9806756e-01  1.2940625e-02  5.7299308e-02
  -1.3828165e-02 -5.8481819e-03 -8.2648909e-03]
 [ 1.2761643e-02  2.2550151e-02 -9.8602295e-01 -1.6413386e-01
   1.1005487e-02  2.7135040e-03  4.3660551e-03]
 [-3.4347780e-02 -5.5027179e-02 -1.6554567e-01  9.8182428e-01
  -4.1731119e-02  4.8702382e-02 -1.7163770e-02]
 [-3.6962240e-03  8.0345785e-03  4.9227680e-04  5.6285627e-02
   9.4783115e-01 -3.1363168e-01  2.1691674e-03]
 [-1.4383282e-02  1.1419804e-02  1.1455277e-02 -3.1589765e-02
   3.1546301e-01  9.4816291e-01 -1.9285601e-03]
 [ 6.8464614e-03  7.2788601e-03  1.6467398e-03  1.8137613e-02
  -2.2785312e-03  3.3922107e-03  9.9977589e-01]]",3
9,10,8,0.9,1.1316286325454712,"[[ 9.98247027e-01  1.00583965e-02 -1.14338323e-02  2.79227346e-02
  -2.20939554e-02  1.61993261e-02  3.98540460e-02  1.23466281e-02]
 [-1.05438726e-02  9.92852330e-01  1.08592324e-01  2.77922787e-02
  -1.99674871e-02 -3.76990158e-03  2.33265869e-02 -2.47284845e-02]
 [ 1.65162459e-02 -1.00477546e-01  9.69370186e-01 -2.11778060e-01
  -1.59424692e-02  6.79169595e-02  6.07812824e-03 -1.41167650e-02]
 [ 2.08576098e-02  4.99766991e-02 -2.10753202e-01 -9.69420433e-01
  -9.22750980e-02  4.28928696e-02 -4.47870174e-04  5.01965880e-02]
 [ 3.06669064e-02  1.31688202e-02  3.36246341e-02 -1.07101008e-01
   7.77342439e-01 -6.18040204e-01 -5.84980845e-03  3.96491913e-03]
 [ 1.38053406e-06  1.91184115e-02 -4.67706434e-02 -1.56815127e-02
   6.20523870e-01  7.80449510e-01  3.31630521e-02 -4.41568978e-02]
 [-3.81089188e-02 -2.53888723e-02 -8.59340653e-03 -5.22572501e-03
  -1.72192920e-02 -3.36379036e-02  9.94126081e-01 -8.99289325e-02]
 [ 1.70640834e-02 -1.91392731e-02 -2.42835134e-02 -4.55863029e-02
  -2.71399785e-02 -3.26216705e-02 -9.17040780e-02 -9.93209124e-01]]",3
10,11,8,0.9,1.3461822271347046,"[[ 0.94900036 -0.22108197 -0.00480981 -0.01997536 -0.01577815  0.17961015
   0.13259035  0.00315813]
 [ 0.20325859  0.97208124  0.0603072  -0.01708635 -0.00508557  0.0818923
   0.05439432 -0.0111425 ]
 [-0.01813821 -0.06204037  0.99487424  0.02703325 -0.02087612  0.02143459
   0.03634423 -0.05568048]
 [-0.0285536  -0.01483425  0.02471471 -0.99801683  0.02691177 -0.00448231
   0.03952425 -0.00313886]
 [-0.02644409 -0.00692014  0.00943007  0.03459161  0.97749794  0.08198334
   0.18879083 -0.01008985]
 [-0.054348   -0.01633179  0.00583273 -0.02550619  0.06187371  0.75202566
  -0.6524642  -0.03184782]
 [-0.06425432 -0.00375433  0.04112423  0.00473967 -0.04149247  0.18876398
   0.17226261  0.9628685 ]
 [-0.22171678 -0.04222631 -0.06434447  0.02590693 -0.19368245  0.59385055
   0.6968156  -0.26177064]]",3
0,1,6,0.9,0.8960025310516357,"[[ 0.99804455 -0.01424347  0.02527893 -0.01446272  0.03543174 -0.04000615]
 [ 0.01666306  0.9880204  -0.01453639  0.15047866 -0.0197334  -0.01713115]
 [-0.02192815 -0.00408308  0.99164426  0.11907108 -0.04432223 -0.00129684]
 [ 0.01116706 -0.15178496 -0.11697913  0.9782256   0.02143516 -0.07594482]
 [ 0.0405147  -0.02247966 -0.04585516  0.02035113 -0.9922729   0.10358926]
 [-0.03717969 -0.00721888  0.00210503 -0.07502995 -0.10642198 -0.9907603 ]]",4
1,2,6,0.9,0.8919912576675415,"[[ 0.9828034   0.18274611  0.00582802 -0.00379586 -0.02340413  0.01025173]
 [-0.1768196   0.96241677 -0.12390496 -0.14453009  0.07859379 -0.00839829]
 [-0.03458906  0.16935624  0.894851    0.40880713  0.00584843 -0.0469687 ]
 [ 0.0097478  -0.08040869  0.42484158 -0.90061665  0.01589993 -0.03982319]
 [-0.03499297  0.06916809 -0.00573529 -0.02064488 -0.9873387  -0.13672782]
 [-0.017784    0.02065407  0.05772186 -0.02090005 -0.13472416  0.988604  ]]",4
2,3,6,0.9,0.8319710493087769,"[[ 0.9963434   0.06951308 -0.01745817 -0.03436952 -0.02950952 -0.01053068]
 [-0.06555627  0.9935364  -0.02195974  0.05581997  0.06573172  0.02586162]
 [ 0.01534258  0.02381727  0.9992463  -0.02091957  0.01146751 -0.01161504]
 [ 0.03739765 -0.05098649  0.02202993  0.9970901  -0.03517006  0.00953453]
 [ 0.03460465 -0.06481339 -0.01012132  0.0310426   0.99630517 -0.03019492]
 [ 0.01306662 -0.02618184  0.01148571 -0.01062818  0.0285686   0.9990409 ]]",4
3,4,7,0.9,0.9108704328536987,"[[ 0.9935798   0.09640752 -0.01137323 -0.04895153 -0.02801736 -0.01347854
  -0.00352833]
 [-0.09644863  0.9946723  -0.03124163  0.013373   -0.00973791  0.0047204
  -0.00726069]
 [ 0.02325322  0.02860599  0.9561553   0.28888932  0.01908146  0.01921156
   0.01476004]
 [ 0.04506614 -0.01810915 -0.28911358  0.95302165 -0.04310871  0.06048244
   0.0169653 ]
 [ 0.02914572  0.01089768 -0.0314285   0.02952335  0.99582994  0.0737271
   0.00770953]
 [ 0.00851592 -0.00390301  0.00172756 -0.06571675 -0.07158338  0.9946537
  -0.0336227 ]
 [ 0.00176079  0.00723831 -0.00918266 -0.02296534 -0.00981271  0.03157941
   0.9991192 ]]",4
4,5,7,0.9,0.9125174880027771,"[[ 9.95575786e-01  4.69015390e-02  7.85353186e-05 -4.22950983e-02
  -5.81106804e-02  1.00811869e-02  3.69020365e-02]
 [-4.57654484e-02  9.92361784e-01 -1.05763160e-01  3.61704305e-02
   6.36738213e-03  5.67672355e-03  2.35920604e-02]
 [-3.85496393e-03  1.03671610e-01  9.91751671e-01  6.30574971e-02
  -3.28911059e-02  1.97321232e-02 -1.47841424e-02]
 [ 4.28210087e-02 -3.95291038e-02 -5.76247238e-02  9.90250349e-01
  -3.48618366e-02 -1.07016824e-01  4.40863101e-03]
 [ 5.57900220e-02 -4.43601795e-03  3.11578438e-02  4.01981771e-02
   9.91167903e-01  6.00096323e-02  9.09177437e-02]
 [ 6.53645070e-03  1.10787991e-02  2.78864820e-02 -1.03508838e-01
   5.81287704e-02 -9.91029143e-01  5.31512164e-02]
 [-4.16010469e-02 -2.37792321e-02  1.31811071e-02 -8.84945039e-04
  -9.21551958e-02  4.77936752e-02  9.93354261e-01]]",4
5,6,7,0.9,0.8424925208091736,"[[ 0.99122924 -0.11964305  0.0249053  -0.03545727 -0.01094386 -0.01548186
   0.03021743]
 [ 0.1195651   0.9920513   0.01436517  0.02540784 -0.00352108 -0.02383426
   0.01029861]
 [-0.01832415 -0.01538143  0.9808708   0.18545294 -0.00596928  0.04469915
  -0.02989553]
 [ 0.0373712  -0.02651318 -0.18621467  0.98118246  0.00327096  0.00823284
  -0.02066715]
 [ 0.01033072  0.00377396  0.00461995 -0.00186999  0.9920148   0.09738153
   0.07923133]
 [ 0.01463057  0.02160255 -0.0397509  -0.01354346 -0.10446849  0.98908496
   0.09139489]
 [-0.0333995  -0.00996756  0.02808088  0.028259   -0.06938598 -0.09671743
   0.9914784 ]]",4
6,7,7,0.9,0.8687633275985718,"[[ 9.97855127e-01 -4.26456891e-02 -3.00247706e-02  3.25832441e-02
   9.67458915e-03  1.98544804e-02 -3.93989589e-03]
 [ 3.90122831e-02  9.95807767e-01 -7.10907653e-02  3.28491293e-02
   2.61408929e-02  3.20708076e-03 -4.29176446e-03]
 [ 3.96615751e-02  7.56774917e-02  9.72548068e-01 -2.14538112e-01
  -2.79360469e-02  6.11436460e-03  2.39515607e-03]
 [ 2.51887944e-02  1.43888835e-02 -2.15769172e-01 -9.74599481e-01
   5.07117175e-02  1.35951890e-02  1.15048361e-03]
 [ 9.90754645e-03  2.42221113e-02 -4.04674895e-02 -4.14481275e-02
  -9.95804131e-01  5.37004396e-02  3.80794369e-02]
 [-2.12718863e-02 -4.49093198e-03  4.42581659e-05  1.58127826e-02
   5.02880104e-02  9.96300876e-01 -6.42876923e-02]
 [ 2.23640352e-03  2.70444411e-03 -9.63454775e-04  4.51206090e-03
   4.14281227e-02  6.22420087e-02  9.97184038e-01]]",4
7,8,8,0.9,0.9880933165550232,"[[ 9.95465696e-01 -3.59468125e-02 -2.87882239e-02  3.25898975e-02
  -2.68874522e-02 -8.45314749e-03 -4.01159413e-02 -5.88332154e-02]
 [ 3.45768109e-02  9.97637987e-01  3.63741852e-02  3.82763222e-02
   2.59257411e-03 -1.70463268e-02 -1.99692529e-02 -6.22331817e-03]
 [ 3.60595509e-02 -2.65610199e-02  9.64838505e-01 -2.57521540e-01
  -1.21877370e-02 -9.45747015e-04 -8.67285952e-03  2.32155491e-02]
 [-2.70842835e-02 -4.54055443e-02  2.57590950e-01  9.64522958e-01
  -8.00012238e-03  9.03757475e-03  1.58391864e-04 -2.00367998e-02]
 [-2.56252605e-02  5.60615491e-03 -1.36794988e-02 -5.53697301e-03
  -9.92685080e-01  1.10011548e-01 -3.04858442e-02  2.52672192e-02]
 [ 8.99185147e-03  1.74411647e-02  2.97400635e-03 -1.03559131e-02
   1.03897184e-01  9.85271633e-01  7.86908641e-02 -1.08406261e-01]
 [ 2.89517846e-02  1.59497410e-02  1.02854948e-02 -4.22506174e-03
  -4.52220067e-02 -9.20266733e-02  9.80806947e-01 -1.62133589e-01]
 [ 6.51378930e-02  8.31694528e-03 -1.67343616e-02  2.63669901e-02
   2.81847604e-02  9.06855464e-02  1.69742569e-01  9.78203356e-01]]",4
8,9,8,0.9,0.9758700132369995,"[[ 9.9886000e-01 -2.0937297e-02 -1.1376596e-02  2.9134450e-02
   1.4680875e-03  2.6983464e-02 -1.1235185e-02  2.3495725e-03]
 [ 1.9726783e-02  9.9897456e-01 -6.9521568e-03  3.6363982e-02
   2.5889662e-04  3.1394241e-03 -2.3885097e-03 -1.6568873e-02]
 [-7.5366790e-03 -1.9370073e-03 -9.9096531e-01 -1.3071577e-01
   2.6755510e-02  3.4041244e-03  1.0279976e-02  2.7374073e-03]
 [-3.3061307e-02 -3.6755517e-02 -1.3149749e-01  9.8462570e-01
  -6.6880397e-02  6.9844693e-02 -3.0128419e-02 -2.2752456e-02]
 [-1.1423319e-03  2.5015427e-03 -1.5358592e-02 -8.1477568e-02
  -9.8147398e-01  1.7168297e-01 -1.8505903e-02 -3.0519662e-03]
 [-2.5291212e-02 -7.0902111e-04  1.5561055e-02 -5.7755645e-02
   1.7694554e-01  9.8136538e-01 -3.5235573e-02 -1.2356605e-02]
 [ 9.6908687e-03 -3.5667213e-04  6.3467165e-03  2.5762312e-02
  -1.3940675e-02  3.8722426e-02  9.9447650e-01 -9.2329182e-02]
 [-2.1832425e-03  1.5811304e-02  3.6544260e-04  2.4828905e-02
  -3.7078671e-03  1.7879011e-02  9.1033593e-02  9.9524277e-01]]",4
9,10,8,0.9,1.1142817735671997,"[[ 9.96897817e-01  4.46979217e-02  1.61519069e-02 -3.61508154e-03
  -4.82028835e-02  1.55876931e-02  2.95650940e-02 -2.19568666e-02]
 [-4.65203971e-02  9.96725798e-01  5.63201010e-02 -5.03744557e-03
  -9.16812476e-03  1.55418564e-03  2.77904123e-02  1.78152323e-02]
 [-1.34620052e-02 -5.62709458e-02  9.87737060e-01  1.22157894e-01
   7.25501264e-03  7.51590282e-02  1.40215340e-03  2.00441126e-02]
 [-1.34413276e-04  1.21267978e-02 -1.23514205e-01  9.87373471e-01
  -7.41590783e-02  4.66305241e-02 -4.28673858e-03 -4.47025634e-02]
 [ 4.35944013e-02  9.43920109e-03  4.23329771e-02  8.80126506e-02
   6.63074791e-01 -7.38088727e-01 -5.26712574e-02 -3.54224443e-02]
 [ 2.53562685e-02  9.43853986e-03 -5.75088598e-02  1.74072552e-02
   7.42898226e-01  6.65532708e-01  2.83103157e-02  4.96239029e-03]
 [-2.59930454e-02 -2.91233081e-02 -7.46571925e-04  9.66763683e-03
   1.56939309e-02 -5.90265058e-02  9.97019827e-01  2.45590806e-02]
 [ 2.51019690e-02 -1.41386902e-02 -2.42267847e-02  4.46072668e-02
   1.50985904e-02 -2.71745063e-02 -2.66255289e-02  9.97455716e-01]]",4
10,11,10,0.9,1.4875673055648804,"[[ 0.92946446 -0.28759682  0.00948862  0.13652542 -0.06997804  0.09707673
   0.12042125  0.03441504 -0.0640723  -0.02329902]
 [ 0.25610822  0.95027477  0.08267099  0.08240351 -0.06971271  0.06238352
   0.0916945   0.01013532 -0.01849665  0.01254176]
 [-0.02391383 -0.07379806  0.9926164  -0.02853235  0.01954218 -0.02313864
   0.01005781 -0.06460541  0.01625253 -0.04923429]
 [-0.00780631  0.02006326  0.00352165  0.57424796  0.81236696 -0.01057646
  -0.08886962  0.01217095 -0.04002208 -0.00799017]
 [ 0.06261323  0.02194911 -0.02233334 -0.6696054   0.5277731   0.238545
   0.45646036  0.03330188  0.02917744  0.03103116]
 [-0.04754081 -0.01339164  0.02046171  0.01332755 -0.03919877  0.90983325
  -0.39996043 -0.07936137  0.01692285  0.03283631]
 [-0.00197346  0.00910165  0.06161496 -0.06734822  0.01204553  0.00754891
  -0.18148355  0.97766024 -0.00294931 -0.05113363]
 [ 0.209172    0.08119401 -0.01316614 -0.42788664  0.20710897 -0.29177362
  -0.7117536  -0.16524643 -0.31847826 -0.05513877]
 [ 0.13421582  0.01552245  0.00993897 -0.07751048  0.07338518 -0.1265852
  -0.23478977 -0.02114272  0.8099355   0.49260578]
 [-0.0438218  -0.02897925  0.05281727  0.04261368 -0.03762553  0.01114885
   0.07817712  0.05840271 -0.48488796  0.8639765 ]]",4
0,1,6,0.9,0.8913410305976868,"[[ 9.98296738e-01 -1.70399528e-02  2.11810432e-02 -1.39016621e-02
   2.97602434e-02 -3.98216546e-02]
 [ 1.92577839e-02  9.85919297e-01 -1.09453630e-02  1.63606465e-01
  -2.02562269e-02 -1.71788353e-02]
 [-1.98157728e-02  8.40348471e-03  9.99067068e-01  1.42639773e-02
  -3.46158445e-02  1.90703533e-04]
 [ 7.40766898e-03 -1.64231420e-01 -1.16501031e-02  9.83150363e-01
   2.43568048e-02 -7.52300471e-02]
 [ 3.44385020e-02 -2.42522154e-02 -3.39258201e-02  2.78441906e-02
  -9.92707968e-01  1.04069583e-01]
 [-3.74069102e-02 -6.48540165e-03 -3.14817927e-03 -7.40018636e-02
  -1.06973976e-01 -9.90771949e-01]]",5
1,2,6,0.9,0.8970085978507996,"[[ 0.984071    0.17530136  0.00985365 -0.00856637 -0.0247029   0.00963713]
 [-0.1704713   0.96647406 -0.09254856 -0.14888307  0.07729623 -0.01269942]
 [-0.03028436  0.14018385  0.91153777  0.3828386   0.00194866 -0.04428324]
 [ 0.00688771 -0.10239298  0.3973138  -0.9113946   0.0109127  -0.0291674 ]
 [-0.03545118  0.06716093 -0.00830817 -0.01877565 -0.9870326  -0.13992025]
 [-0.01795347  0.02346993  0.05009209 -0.01422691 -0.13805354  0.98861337]]",5
2,3,6,0.9,0.815411388874054,"[[ 0.99769574  0.05159473 -0.01350677 -0.02740964 -0.03071096 -0.00801399]
 [-0.04856912  0.9956029  -0.02195935  0.04392906  0.05992362  0.02032223]
 [ 0.01172321  0.02350048  0.99890536 -0.03290008  0.01419244 -0.01464776]
 [ 0.02909825 -0.04023091  0.03404175  0.99767625 -0.03029649  0.01000455]
 [ 0.03365843 -0.05831634 -0.01326956  0.02803571  0.9947394  -0.07069472]
 [ 0.01127534 -0.02326274  0.01373093 -0.00962151  0.06957161  0.99710095]]",5
3,4,6,0.9,0.7916911840438843,"[[ 0.9925255   0.11331949 -0.00558494 -0.0374392  -0.01657083 -0.01855566]
 [-0.11323845  0.99273986 -0.03501429  0.00976234 -0.01501401  0.00989363]
 [ 0.00918255  0.0338153   0.98167026  0.18625088  0.00994169  0.01753869]
 [ 0.03786008 -0.01297616 -0.18639179  0.9794054  -0.03462921  0.05676446]
 [ 0.01737     0.01531653 -0.0173231   0.02649081  0.9955814   0.08532036]
 [ 0.01583446 -0.00893281 -0.00494387 -0.06226486 -0.08378366  0.9943583 ]]",5
4,5,7,0.9,0.9326657056808472,"[[ 9.9613488e-01  5.5509344e-02  1.3788186e-02 -2.7815787e-02
  -4.9117815e-02  9.4644139e-03  3.4176361e-02]
 [-5.3465918e-02  9.9258971e-01 -9.8607846e-02  4.2811483e-02
  -1.0786845e-03  7.0129163e-03  1.7332846e-02]
 [-2.1450683e-02  9.8593369e-02  9.9395388e-01 -2.5883278e-02
  -2.8482100e-02  1.9565403e-02 -3.3359560e-03]
 [ 2.7793169e-02 -3.7789870e-02  3.1310257e-02  9.9138618e-01
  -3.8002133e-02 -1.0987489e-01  2.1352284e-02]
 [ 4.6122782e-02  3.0094695e-03  2.9579034e-02  3.9057747e-02
   9.9305826e-01  4.4619430e-02  8.5485026e-02]
 [ 4.2996663e-03  1.2121897e-02  1.6940849e-02 -1.1017672e-01
   4.0257771e-02 -9.8876649e-01  9.0158753e-02]
 [-3.8448427e-02 -1.9485861e-02 -1.7227579e-04 -1.4578763e-02
  -8.6865209e-02  8.8066310e-02  9.9127603e-01]]",5
5,6,7,0.9,0.8437585234642029,"[[ 0.9908055  -0.12322511  0.01017256 -0.03353592  0.0069272  -0.01670719
   0.0395565 ]
 [ 0.12300455  0.99189734  0.02023247  0.01692607  0.00650379 -0.01095056
   0.01230905]
 [-0.00577273 -0.02165992  0.98467654  0.16861078  0.00336158  0.03274162
  -0.01991695]
 [ 0.03338587 -0.01737732 -0.16933565  0.9845487   0.01911669  0.00736136
  -0.01237074]
 [ 0.00864521  0.00594847 -0.00259433  0.01827632 -0.99216133  0.11613799
   0.04094977]
 [ 0.01591925  0.00880442 -0.03008841 -0.01497038  0.11704934  0.99214053
   0.02227523]
 [-0.04120903 -0.00843978  0.01768129  0.01627726  0.03805542 -0.02537348
   0.99777806]]",5
6,7,7,0.9,0.8544834852218628,"[[ 9.9715048e-01 -5.8305614e-02 -2.5546378e-02  3.3632204e-02
  -1.9263809e-03  2.2279819e-02 -2.7277623e-03]
 [ 5.5524241e-02  9.9557710e-01 -6.0822707e-02  3.3367071e-02
   3.0366449e-02  2.8730866e-03 -7.6462980e-05]
 [ 3.5935719e-02  6.5154105e-02  9.7355276e-01 -2.1543875e-01
  -1.5339876e-02  2.5580027e-03  1.6895737e-03]
 [ 2.8220138e-02  1.6663130e-02 -2.1729991e-01 -9.7481740e-01
   3.7415627e-02  6.0595963e-03 -1.0840882e-03]
 [ 1.5501122e-03 -2.9730439e-02  2.4888108e-02  3.1681284e-02
   9.9479949e-01 -8.3953179e-02 -2.8572824e-02]
 [-2.2617161e-02 -4.3322896e-03  1.6768795e-03  8.3010737e-03
   8.3349817e-02  9.9615693e-01 -1.1049455e-02]
 [ 2.4896685e-03 -1.0727585e-03 -1.2257133e-03  3.9861529e-04
   2.9422712e-02  8.6755902e-03  9.9952489e-01]]",5
7,8,7,0.9,0.9346276521682739,"[[ 9.96538341e-01  5.26056737e-02 -3.52252759e-02  3.64529639e-02
   1.51324775e-02  2.95057776e-03 -3.65602970e-02]
 [-5.46157062e-02  9.97300625e-01  4.65840101e-03  4.78684008e-02
   2.98320549e-03 -7.47109530e-04 -9.27726179e-03]
 [ 3.81951556e-02  1.09503174e-03  9.95912313e-01 -7.54908919e-02
   4.90543153e-03 -3.03372666e-02  7.44307786e-03]
 [-3.10079828e-02 -4.97481041e-02  7.73721561e-02  9.94763792e-01
   1.31947547e-02  2.79340260e-02  8.23391322e-03]
 [-1.61816347e-02 -3.51194758e-03 -3.91133921e-03 -1.43575044e-02
   9.98199761e-01  3.83141339e-02 -4.04172987e-02]
 [ 5.64608444e-03  4.05863440e-03  2.63335705e-02 -3.03013902e-02
  -3.10838781e-02  9.83989716e-01  1.70698941e-01]
 [ 3.48480232e-02  1.09201083e-02 -1.41785657e-02 -1.28085888e-03
   4.68495265e-02 -1.69075191e-01  9.83708560e-01]]",5
8,9,8,0.9,0.9746977686882019,"[[ 0.998899   -0.03261252 -0.00997475  0.01447258  0.02208433  0.01556771
  -0.00288715 -0.0094834 ]
 [ 0.03077837  0.9975164  -0.02748236  0.04657227  0.02378944  0.01160445
   0.00993549 -0.01703611]
 [ 0.01479134  0.03586179  0.9824528  -0.1759424  -0.02397013 -0.03521288
   0.01797985  0.01370949]
 [-0.01586964 -0.04212555  0.18090633  0.9791346   0.04162259  0.06765298
  -0.0096445  -0.01180708]
 [-0.00656604 -0.01073776 -0.00312423  0.01461276  0.7459534  -0.6651496
   0.02608979  0.00819212]
 [-0.02562243 -0.01903743  0.02914293 -0.08659354  0.6633243   0.7411507
  -0.02389885 -0.02754438]
 [ 0.00114514 -0.01219004 -0.01417371  0.0089328  -0.00381235  0.03448495
   0.9970829  -0.06474195]
 [ 0.00905528  0.01451147 -0.01201953  0.0130142   0.01338624  0.02980846
   0.06364505  0.99713343]]",5
9,10,9,0.9,1.2640390396118164,"[[ 9.94845450e-01  3.92417982e-02 -1.90385059e-02  1.01835560e-02
  -5.96841164e-02  1.81429517e-02  2.74166912e-02 -4.19400819e-02
  -4.32964228e-02]
 [-4.08377945e-02  9.95262980e-01 -7.75829256e-02 -1.85198300e-02
  -1.13162445e-02  6.47276989e-04  2.91541908e-02  1.86953954e-02
   9.68708191e-03]
 [ 1.17171118e-02  7.43126199e-02  9.84462142e-01 -1.19398408e-01
  -8.64539146e-02 -5.51900640e-02  2.94239074e-03 -9.42840986e-03
  -1.73451994e-02]
 [-3.90322576e-03  3.00922841e-02  1.23564683e-01  9.86500323e-01
   7.92358965e-02 -1.71965864e-02 -2.46987212e-02 -4.96432222e-02
   3.12993489e-02]
 [ 5.82527928e-02  1.79502312e-02  5.42914681e-02 -8.73485804e-02
   9.52045381e-01 -2.64102727e-01 -1.55918105e-02 -3.27892192e-02
  -9.08186734e-02]
 [ 2.58179707e-03  5.65435877e-03  7.62214214e-02 -1.27709527e-02
   2.66670614e-01  9.57467794e-01  4.43779007e-02  4.19461355e-02
   4.90089171e-02]
 [-2.63143871e-02 -2.95673497e-02  1.72266664e-04  2.56846547e-02
   5.67103969e-03 -4.61202599e-02  9.97408628e-01  6.52621873e-03
  -2.73471251e-02]
 [ 2.57890392e-02 -1.10792406e-02  9.04532429e-03  5.66148683e-02
  -2.78170616e-03 -2.24054214e-02 -1.74596049e-02  9.39638317e-01
  -3.34948123e-01]
 [ 6.08674847e-02 -1.15166316e-02  1.85835026e-02 -2.13702414e-02
   7.08061457e-02 -8.48811269e-02  2.09388789e-02  3.30969334e-01
   9.34431970e-01]]",5
10,11,10,0.9,1.6248365640640259,"[[ 0.9413727  -0.2700791  -0.02010846  0.05287706 -0.05568966  0.16244249
   0.0260511   0.01468147 -0.08229584 -0.02277758]
 [ 0.24890596  0.9551458  -0.05923941 -0.04264032 -0.02066491  0.13545105
  -0.00373322 -0.02199289 -0.01580303 -0.02989291]
 [ 0.02859668  0.0439763   0.9944464  -0.05194059 -0.02918901  0.0418799
   0.01620133 -0.0500828   0.0086987  -0.01320166]
 [ 0.00872885  0.05584804  0.05328402  0.8675312   0.4768624  -0.05575709
   0.03932997 -0.08693384  0.0324297  -0.02631666]
 [ 0.01962882 -0.03301113  0.00270284 -0.4371316   0.8560584   0.20921354
   0.01437923  0.14978    -0.08868375  0.01793505]
 [-0.00545324  0.01929337 -0.01071768 -0.03457457 -0.01985981 -0.11716244
   0.9878561   0.07681236 -0.02502721 -0.04219128]
 [ 0.03787482  0.01306462 -0.0190598  -0.11604343  0.08694758 -0.3564411
  -0.00152271 -0.700773   -0.5922922   0.08977854]
 [ 0.15656005  0.01169618 -0.01967975 -0.16228807  0.14010374 -0.3301225
   0.01957294 -0.40273118  0.7746693   0.23943609]
 [-0.1497186  -0.08900881 -0.0584266   0.01985911 -0.06077527  0.75736535
   0.12707555 -0.5531531   0.14342664 -0.21414946]
 [-0.04683153  0.00300093  0.00607421  0.08717959 -0.06410018  0.28856862
   0.06998564  0.04058637 -0.10892908  0.940409  ]]",5
0,1,6,0.9,0.8913589119911194,"[[ 0.99822    -0.00838277  0.02862808 -0.01651828  0.0315305  -0.03741582]
 [ 0.01034043  0.98890316  0.00688345  0.14728114 -0.00832548 -0.01245505]
 [-0.02760951 -0.00186545  0.99798554 -0.03437528 -0.0453708   0.00435453]
 [ 0.00956326 -0.14756308  0.03622395  0.9839922   0.04367276 -0.08169209]
 [-0.03638925  0.0148482   0.04283505 -0.0499047   0.9936856  -0.08196908]
 [-0.03566455 -0.00118257 -0.00330629 -0.07824753 -0.08694591 -0.99248844]]",6
1,2,6,0.9,0.8986389636993408,"[[ 0.9854665   0.16719027  0.0131035  -0.00698328 -0.02562694  0.00508826]
 [-0.1632262   0.9728621  -0.06376817 -0.13235837  0.0727254  -0.00473949]
 [-0.02752374  0.1102103   0.90333337  0.41133922  0.00179424 -0.04337904]
 [ 0.0047235  -0.0954721   0.4210032  -0.90150625  0.01446279 -0.02638882]
 [-0.0357115   0.06376341 -0.00499797 -0.02054067 -0.98499066 -0.15493724]
 [-0.01255866  0.01611696  0.04982012 -0.00985254 -0.15373816  0.98659414]]",6
2,3,6,0.9,0.8365981578826904,"[[ 9.9770135e-01  5.5633720e-02 -1.9570566e-03 -2.5113126e-02
   2.7292516e-02  1.0840331e-02]
 [-5.3006433e-02  9.9625897e-01 -9.8540597e-03  3.3135373e-02
  -5.4851208e-02 -2.1322738e-02]
 [ 3.9566975e-04  1.0851363e-02  9.9815851e-01 -5.5426788e-02
  -1.9874929e-02  9.7285593e-03]
 [ 2.6300481e-02 -3.0026473e-02  5.6400750e-02  9.9708068e-01
   2.7892713e-02 -1.6666094e-02]
 [ 3.0121917e-02 -5.2891176e-02 -1.8367056e-02  2.7599357e-02
  -9.9541575e-01  6.5906376e-02]
 [ 1.3532236e-02 -2.3582181e-02  7.7696349e-03 -1.6359767e-02
  -6.4969055e-02 -9.9735236e-01]]",6
3,4,6,0.9,0.8253095149993896,"[[ 9.92402136e-01  1.19525783e-01  8.42583104e-05 -1.87901650e-02
  -1.53871626e-02 -1.61798801e-02]
 [-1.19144224e-01  9.91804719e-01 -3.10625266e-02  2.21482664e-02
  -2.18854211e-02  1.39190163e-02]
 [ 6.64764666e-04  2.65285186e-02  9.80761647e-01  1.92966178e-01
   8.20065197e-03  9.96087957e-03]
 [ 2.20632646e-02 -2.65570134e-02 -1.92177907e-01  9.79155004e-01
  -2.98414174e-02  4.73354869e-02]
 [-1.51604181e-02 -2.11435314e-02  1.43970940e-02 -2.20196713e-02
  -9.92495179e-01 -1.16551705e-01]
 [-1.50208222e-02  1.34531539e-02 -1.45125319e-03  5.18761985e-02
   1.15238108e-01 -9.91776407e-01]]",6
4,5,7,0.9,0.9995898604393005,"[[ 9.9543852e-01  7.3192954e-02  7.7809640e-03 -2.2981189e-02
  -4.4997938e-02  1.4934728e-02  3.0140188e-02]
 [-7.2165482e-02  9.9292332e-01 -8.1148528e-02  4.3161672e-02
  -2.2811638e-03  1.4000066e-02  1.5688617e-02]
 [-1.8743008e-02  8.4563673e-02  9.8661131e-01 -1.3196857e-01
  -3.0526565e-02  2.7340675e-02 -7.7934773e-04]
 [ 2.2861565e-02 -2.9019980e-02  1.3633902e-01  9.8321140e-01
  -3.4028355e-02 -1.0578725e-01  3.1518500e-02]
 [ 4.1921902e-02  5.4741860e-03  3.4547225e-02  2.6076384e-02
   9.9363077e-01  3.1314597e-03  9.5011681e-02]
 [ 5.7070651e-03  1.7549364e-02  1.0664479e-02 -1.1193747e-01
  -9.3295248e-03 -9.8155397e-01  1.5323344e-01]
 [-3.5076439e-02 -2.0368395e-02 -7.5380146e-03 -1.6693508e-02
  -9.2146978e-02  1.5551370e-01  9.8251903e-01]]",6
5,6,7,0.9,0.8554297089576721,"[[ 9.9093455e-01 -1.2498678e-01  5.9343628e-03 -2.4114408e-02
  -3.4498044e-03 -4.4911564e-03  4.2168416e-02]
 [ 1.2451825e-01  9.9151331e-01  2.8239377e-02  1.0693395e-02
   1.0665193e-02 -1.2820778e-02  1.4374162e-02]
 [-3.5648104e-03 -2.8614681e-02  9.8119259e-01  1.8304053e-01
   1.2165836e-02  4.4172123e-02 -2.8752550e-02]
 [ 2.4480071e-02 -8.6076334e-03 -1.8411741e-01  9.8194927e-01
   3.3033062e-02  1.2526530e-03 -1.0497582e-02]
 [-1.4093289e-03  1.2353453e-02 -9.6577924e-04  3.3078354e-02
  -9.8248047e-01  1.8087779e-01  2.7673388e-02]
 [ 6.9149518e-03  1.1478162e-02 -4.3525677e-02 -1.5674876e-02
   1.8017273e-01  9.8238248e-01 -1.1945298e-02]
 [-4.3383040e-02 -1.0118936e-02  2.5177930e-02  1.5360940e-02
   3.0087257e-02  8.4023438e-03  9.9808300e-01]]",6
6,7,7,0.9,0.8651082515716553,"[[ 9.9836498e-01 -3.7851818e-02 -2.5250021e-02 -2.2635493e-02
  -7.6345960e-03  2.4599843e-02  4.6249744e-03]
 [ 3.5508506e-02  9.9595845e-01 -6.3538089e-02 -3.9815746e-02
   3.4331724e-02  6.0223986e-04 -2.1395939e-03]
 [ 3.3207957e-02  7.1660168e-02  9.5163572e-01  2.9663876e-01
  -8.0181854e-03  9.4340844e-03  1.9271687e-03]
 [ 1.4982470e-02  1.7426614e-02 -2.9878399e-01  9.5350897e-01
   3.1469736e-02  2.5089917e-04 -5.4951226e-03]
 [ 8.9637525e-03 -3.4286845e-02  1.9888455e-02 -2.6117368e-02
   9.9273700e-01 -1.0881993e-01 -1.7257513e-02]
 [-2.4057252e-02 -4.1122232e-03 -6.1057480e-03 -5.3483904e-03
   1.0888252e-01  9.9370509e-01 -5.7706968e-03]
 [-4.5081293e-03  1.6485542e-03 -3.1876143e-03  4.2067305e-03
   1.8061182e-02  3.7278424e-03  9.9980444e-01]]",6
7,8,7,0.9,0.9491199851036072,"[[ 9.9501932e-01  8.7624565e-02 -1.8926585e-02  3.3247370e-02
   7.0981537e-03  5.4716319e-03 -2.6733076e-02]
 [-8.9187756e-02  9.9371511e-01  2.7774764e-02  5.9470840e-02
   2.0231572e-03 -1.2626419e-02 -1.0207777e-02]
 [ 2.6998345e-02 -1.1758940e-02  9.7460747e-01 -2.2116360e-01
   1.3180196e-02 -1.3486611e-02  2.0267200e-03]
 [ 2.2302588e-02  6.6109434e-02 -2.2028656e-01 -9.7245157e-01
  -2.4252633e-02 -1.0975629e-02 -1.5339352e-02]
 [-7.9354243e-03 -1.2516836e-03 -1.7661121e-02 -2.0664616e-02
   9.9848181e-01  1.6978696e-02 -4.4070087e-02]
 [-8.0519984e-04  1.5008351e-02  1.0052052e-02 -1.5166635e-02
  -8.3396239e-03  9.8110688e-01  1.9184086e-01]
 [ 2.6310585e-02  1.0806922e-02 -8.4534278e-03 -1.1198895e-02
   4.6346482e-02 -1.9144043e-01  9.7989625e-01]]",6
8,9,7,0.9,0.9300779104232788,"[[ 9.99265552e-01 -2.41092127e-02 -1.28813591e-02  1.13792717e-02
   1.84194539e-02  1.52705600e-02 -4.39637620e-03]
 [ 2.29028426e-02  9.97266412e-01  2.04307237e-03  6.76375255e-02
   7.73545308e-03  1.69988405e-02 -2.70732795e-03]
 [ 1.68416314e-02  2.16511395e-02  9.36586559e-01 -3.48576337e-01
   3.14137712e-03 -1.74969044e-02  1.52212577e-02]
 [-8.32774397e-03 -6.45196810e-02  3.50037575e-01  9.33653593e-01
   1.79789995e-03  3.61586064e-02 -1.48951393e-02]
 [-8.31331406e-03  8.67833151e-04 -4.95527778e-03  2.00458933e-02
   8.60455692e-01 -5.08953035e-01  9.30640846e-03]
 [-2.25221068e-02 -1.56517047e-02  1.78871269e-03 -3.64523381e-02
   5.09120464e-01  8.59354556e-01 -1.48994895e-02]
 [ 3.81806935e-03  1.06246187e-03 -9.02408082e-03  1.87235288e-02
  -3.41370876e-04  1.84658561e-02  9.99605477e-01]]",6
9,10,8,0.9,1.0966806411743164,"[[ 9.9748915e-01 -4.4526465e-02 -5.6166267e-03 -7.5657754e-03
   2.2111395e-02  2.2156300e-02  3.7519973e-02 -2.3587946e-02]
 [ 4.3148290e-02  9.9372208e-01  9.1298953e-02 -2.8715374e-02
   2.0384336e-02  1.3163551e-03  3.1957682e-02  7.4794092e-03]
 [-2.0834275e-03  8.4973402e-02 -9.7966510e-01 -1.7206918e-01
   9.6740806e-03 -5.7626784e-02  1.5534357e-03 -2.6330187e-03]
 [ 7.2712186e-03  4.3880198e-02 -1.6960432e-01  9.8266381e-01
   3.8570698e-02  2.0916626e-02 -2.4450036e-02 -3.3235658e-02]
 [ 3.0893676e-02  1.9639559e-02  5.7373694e-03  4.3808058e-02
  -9.3168098e-01 -3.5790911e-01 -2.2446668e-02  8.6927377e-03]
 [-1.4731181e-02  9.3809729e-03 -5.4907348e-02 -1.3569815e-02
  -3.5958612e-01  9.2913979e-01  6.1536189e-02  1.0316947e-02]
 [-3.6590792e-02 -2.9551122e-02 -2.0346709e-03  2.8173426e-02
   9.8688074e-04 -6.5834954e-02  9.9604774e-01  2.3317408e-02]
 [ 2.4208434e-02 -6.3868933e-03 -8.4781069e-03  3.1383444e-02
   1.3478739e-02 -3.8881160e-03 -2.3856731e-02  9.9877447e-01]]",6
10,11,9,0.9,1.7791428565979004,"[[ 9.33208764e-01 -2.24298745e-01  2.88579315e-02  4.72291820e-02
  -4.50220667e-02  8.43036175e-02 -2.25323692e-01 -8.27455595e-02
   9.48493406e-02]
 [ 1.92877054e-01  9.70774949e-01  4.72510532e-02  7.40079163e-03
  -4.28668864e-04  2.94590089e-02 -1.18296020e-01 -2.38008406e-02
   5.17543741e-02]
 [-3.40880528e-02 -3.66288349e-02  9.85892773e-01  1.28524020e-01
  -4.41591963e-02 -3.07952873e-02  2.19684280e-03  5.17707206e-02
  -5.83940074e-02]
 [-1.18028233e-02  1.17711015e-02 -1.13168754e-01  9.65628088e-01
   1.83939412e-01  1.12250093e-02  1.25809446e-01 -6.41555898e-03
   6.81793541e-02]
 [-3.23605761e-02  1.63018648e-02 -5.48224375e-02  1.50578335e-01
  -9.68577147e-01  3.05194017e-02  1.36396468e-01 -1.47269573e-02
   1.22937687e-01]
 [-3.84581536e-02 -1.04393240e-03  2.69102938e-02 -3.10997982e-02
   3.90401371e-02  9.81182933e-01  1.42781064e-01  1.02117941e-01
  -4.20695357e-02]
 [-1.81831792e-03  1.52325686e-02  4.54913266e-02 -2.83776987e-02
   2.42049266e-02  4.92601544e-02  2.64117360e-01 -9.45203602e-01
  -1.75242126e-01]
 [ 2.30081797e-01  5.09108268e-02  3.78533714e-02 -1.49507016e-01
   1.23264581e-01 -1.33473307e-01  8.66936743e-01  1.86077043e-01
   3.18546772e-01]
 [ 1.87486976e-01  5.21056391e-02 -7.00768083e-02  4.42706384e-02
  -8.21169391e-02 -8.40093195e-02  2.43053123e-01  2.26243213e-01
  -9.11702514e-01]]",6
0,1,6,0.9,0.8923900723457336,"[[ 0.99828506 -0.01595674  0.02487156 -0.01693395 -0.02674296 -0.03939247]
 [ 0.01779479  0.9845807   0.00817764  0.1723395   0.00707851 -0.0215964 ]
 [-0.02467126 -0.00284103  0.9986975  -0.03027874  0.03259876 -0.00262706]
 [ 0.00903846 -0.17360483  0.03023454  0.9803922  -0.03056544 -0.08223382]
 [ 0.03192054 -0.01186871 -0.03021724  0.03823147  0.99277294  0.10424741]
 [-0.03742972 -0.00766414 -0.00951026 -0.08040527  0.10788798 -0.9901238 ]]",7
1,2,6,0.9,0.9092811942100525,"[[ 9.85154808e-01  1.69441745e-01  1.33554414e-02 -1.01908958e-02
  -2.00978890e-02  8.55964236e-03]
 [-1.65686622e-01  9.69700217e-01 -7.17202872e-02 -1.44993588e-01
   7.77331740e-02 -4.46624821e-03]
 [-2.86039673e-02  1.19097255e-01  9.16869938e-01  3.76351267e-01
  -1.71658164e-03 -5.19976467e-02]
 [ 4.40432876e-03 -1.08581908e-01  3.88779849e-01 -9.14621353e-01
   1.56735685e-02 -1.62121151e-02]
 [ 3.04745585e-02 -6.81283921e-02  1.01396581e-02  2.64648627e-02
   9.83043849e-01  1.65080234e-01]
 [-1.58614665e-02  1.88475065e-02  5.26739918e-02 -1.90637104e-04
  -1.64103270e-01  9.84727740e-01]]",7
2,3,6,0.9,0.8353084325790405,"[[ 0.99845064  0.04124324 -0.00458629 -0.02007986 -0.02881778 -0.01185459]
 [-0.03820787  0.9959367  -0.0109064   0.05111477  0.05777641  0.02409328]
 [ 0.00234024  0.01522462  0.99529827 -0.09248766  0.01631808 -0.01799426]
 [ 0.02198922 -0.04829632  0.09341228  0.9940638  -0.01659989  0.00443215]
 [ 0.03058532 -0.05609486 -0.01523297  0.0149266   0.9959475  -0.05959502]
 [ 0.01455779 -0.02642249  0.01683512 -0.0066655   0.05812137  0.9976893 ]]",7
3,4,6,0.9,0.8253060579299927,"[[ 0.9934809   0.10763332 -0.00636561 -0.02878245 -0.01126889 -0.0203678 ]
 [-0.10766689  0.9931921  -0.03642594  0.00563541 -0.02165704  0.01223793]
 [ 0.00943155  0.03554226  0.9736299   0.22385903  0.01457118  0.01916979]
 [ 0.0287117  -0.01177896 -0.22402197  0.9725545  -0.02583292  0.04818151]
 [ 0.01190979  0.02047501 -0.02163177  0.01499436  0.9913727   0.1261993 ]
 [ 0.01866532 -0.01278327 -0.00487148 -0.05422043 -0.12531729  0.99036366]]",7
4,5,6,0.9,0.8030189871788025,"[[ 0.99655706  0.06234964  0.01933156  0.01592471 -0.0442594   0.020014  ]
 [-0.06009602  0.9941702  -0.07654157 -0.04509328  0.00258288  0.01074416]
 [-0.02678096  0.07743499  0.9940749   0.06072776 -0.02530369  0.02781537]
 [ 0.01680555 -0.03764699  0.06551462 -0.99061334 -0.04844441 -0.10171749]
 [ 0.04527405  0.00120515  0.03042077 -0.04067289  0.996337   -0.05178429]
 [ 0.0146055   0.01797941  0.0191131   0.10514778 -0.0485779  -0.9928153 ]]",7
5,6,7,0.9,0.8610096573829651,"[[ 9.89590108e-01 -1.32912636e-01 -1.25738734e-04 -3.08122635e-02
   2.92014284e-03 -1.40465247e-02  4.34784032e-02]
 [ 1.32797927e-01  9.89919901e-01  3.75109985e-02  2.26764735e-02
   7.27101229e-03 -1.57038588e-02  1.42363431e-02]
 [ 1.48470060e-03 -4.05439399e-02  9.82797623e-01  1.75341666e-01
  -1.30400341e-02  3.47001255e-02 -1.85449161e-02]
 [-2.87048202e-02  1.95025578e-02  1.76545918e-01 -9.83449996e-01
  -1.32008968e-02 -2.97144474e-03  1.64411534e-02]
 [ 5.31393569e-03  9.60660260e-03 -2.06528492e-02  9.61299520e-03
  -9.77231503e-01  2.05321640e-01  4.71393429e-02]
 [ 1.38633568e-02  1.31971985e-02 -2.89648324e-02 -1.07570989e-02
   2.07001552e-01  9.77480769e-01  1.89906098e-02]
 [-4.50499915e-02 -1.01168053e-02  1.63616817e-02  2.02423260e-02
   4.19908762e-02 -2.67860331e-02  9.97351527e-01]]",7
6,7,7,0.9,0.8725746870040894,"[[ 9.9747056e-01 -5.0969820e-02 -3.1727389e-02  2.9149173e-02
  -7.3744976e-03  2.3177203e-02  2.5831969e-03]
 [ 4.7802769e-02  9.9542123e-01 -5.7591464e-02  4.7217425e-02
   3.5777569e-02  4.7854618e-03  1.5256600e-03]
 [ 4.1118544e-02  6.5915644e-02  9.6743083e-01 -2.4036278e-01
  -1.4235238e-02 -3.3787850e-03  7.3229517e-03]
 [ 2.2441382e-02  2.9454842e-02 -2.4293637e-01 -9.6849424e-01
   3.8407207e-02 -1.9531711e-03 -1.2279625e-02]
 [ 8.7362602e-03 -3.5297286e-02  2.4575749e-02  3.2950364e-02
   9.8734534e-01 -1.4246772e-01 -4.2897370e-02]
 [-2.2238351e-02 -8.5464390e-03  6.9888388e-03  7.0884358e-04
   1.4397572e-01  9.8854834e-01  3.7765671e-02]
 [-1.4630465e-03 -2.7041289e-03 -9.1233803e-03 -8.9087039e-03
   3.7522860e-02 -4.3586973e-02  9.9825859e-01]]",7
7,8,7,0.9,0.9511683583259583,"[[ 9.9655467e-01  6.1608560e-02 -2.0029003e-02  4.4735555e-02
   5.7771876e-03 -7.6561687e-03 -2.4265040e-02]
 [-6.4263128e-02  9.9644059e-01  5.7512578e-05  5.3011000e-02
   9.2204493e-03 -2.1121965e-03 -8.7648053e-03]
 [ 2.2581181e-02  4.4847289e-03  9.9784452e-01 -5.6439750e-02
  -2.2864016e-04  2.4062680e-02  3.4387778e-03]
 [-4.0076930e-02 -5.5750091e-02  5.7967141e-02  9.9503368e-01
   3.2655396e-02 -2.3676392e-02  1.4372505e-02]
 [-5.0498662e-03 -8.2839690e-03 -1.5803098e-03 -3.2242302e-02
   9.9792868e-01  1.3267906e-02 -5.3159796e-02]
 [-1.3784879e-03  7.9583842e-04  2.1437719e-02 -2.8083680e-02
   2.2324512e-02 -9.8075676e-01  1.9070128e-01]
 [ 2.4609145e-02  1.0637646e-02 -9.1065736e-03 -9.0995217e-03
   4.9547818e-02  1.9167022e-01  9.7975659e-01]]",7
8,9,8,0.9,1.015070915222168,"[[ 9.9861592e-01  4.0157653e-02 -1.8505156e-02  9.6417507e-03
   2.1457922e-02  7.3560025e-03 -2.9043879e-03 -1.3968867e-02]
 [-4.2549312e-02  9.9518722e-01 -4.5850296e-02  6.1398301e-02
   3.3974290e-02  1.4037879e-02  1.1975321e-02 -2.0621330e-02]
 [ 1.8664744e-02  5.8013268e-02  9.8374760e-01 -1.6228141e-01
  -3.8872797e-02 -2.1743290e-02  3.5766477e-03  1.3961888e-02]
 [-5.5920980e-03 -5.5479590e-02  1.6841921e-01  9.8142588e-01
   4.7751848e-02  5.5158123e-02 -6.6087331e-04 -2.4288544e-03]
 [-9.2525696e-03 -1.4117724e-02  1.3725325e-02  2.2060235e-03
   7.0601475e-01 -7.0782608e-01 -2.6196670e-03 -6.3679372e-03]
 [ 1.8336006e-02  2.9142598e-02 -3.2617498e-02  8.1200220e-02
  -7.0340270e-01 -7.0318490e-01 -2.8833777e-03  4.3639634e-02]
 [ 2.6789580e-03 -1.3055505e-02 -2.2195762e-03  6.1609427e-04
  -2.4632139e-03 -5.4556653e-03  9.9827218e-01 -5.6867275e-02]
 [ 1.2127632e-02  1.8088566e-02 -1.3184924e-02  2.5635348e-03
   3.6821656e-02  2.6779320e-02  5.7204872e-02  9.9699545e-01]]",7
9,10,8,0.9,1.252599835395813,"[[ 9.97154236e-01  1.21612344e-02  3.19197541e-04  9.81603656e-03
  -5.32737970e-02  7.85269868e-03  3.69108729e-02  3.43056098e-02]
 [-1.12357168e-02  9.91511762e-01 -1.05836965e-01 -6.31871596e-02
   2.74079177e-03 -7.00584799e-03  2.66210437e-02 -2.86168456e-02]
 [-5.64181805e-03  9.65245515e-02  9.79828000e-01 -1.27237156e-01
  -1.08913928e-01 -5.01964875e-02 -3.06808483e-03  2.71896133e-03]
 [-6.29831431e-03  7.73721039e-02  1.31298676e-01  9.81430352e-01
   1.07929304e-01 -7.15894671e-03  6.98240256e-05  4.27686833e-02]
 [ 5.38359210e-02 -1.31922087e-03  8.15089867e-02 -1.19368128e-01
   9.65493143e-01 -2.07642362e-01 -1.13076326e-02  2.80557405e-02]
 [ 5.40910754e-03  8.29000399e-03  6.92560002e-02 -2.05977652e-02
   2.03426912e-01  9.69810426e-01  4.11162153e-02 -1.05242290e-01]
 [-3.51334512e-02 -2.77168639e-02  4.07398911e-03  1.64504792e-03
   4.35613375e-03 -4.58069146e-02  9.97600436e-01 -2.55775005e-02]
 [ 3.63832153e-02 -2.47892160e-02  6.26462512e-03  4.29023728e-02
   8.04697908e-03 -1.07574821e-01 -2.99069490e-02 -9.91791487e-01]]",7
10,11,9,0.9,1.4697388410568237,"[[ 9.50100124e-01 -2.64716744e-01  9.29055456e-03  5.70145212e-02
  -1.24450866e-02 -6.24041930e-02  4.46028821e-03  1.15663506e-01
  -8.03171769e-02]
 [ 2.59055465e-01  9.53755617e-01 -6.91418871e-02 -8.63732994e-02
   3.69989760e-02 -8.20802003e-02 -5.75161260e-03  5.03015555e-02
  -1.81693360e-02]
 [ 1.04556018e-02  5.96939996e-02  9.93408799e-01 -6.85486645e-02
  -9.88863595e-03 -5.82250468e-02  2.61989441e-02 -1.60240717e-02
   1.83382891e-02]
 [-7.64573645e-03  8.15070122e-02  5.82251288e-02  8.98376167e-01
   4.00919020e-01  1.88494828e-02  5.82414195e-02 -1.34152070e-01
   1.86564568e-02]
 [ 3.45957582e-03 -6.56797141e-02  8.89972958e-04 -3.69643331e-01
   8.98004472e-01  1.50230154e-01 -5.83125800e-02  1.59672797e-01
  -3.40624228e-02]
 [ 1.27248308e-02  2.54009217e-02 -4.42055147e-03 -3.13593484e-02
  -3.84616069e-02  3.73411775e-01  9.15293336e-01  1.39236614e-01
   1.12066790e-02]
 [-1.39434841e-02 -4.27077152e-03 -6.84175361e-03 -8.34259018e-02
   4.77227494e-02 -1.05215386e-01  1.28388420e-01 -4.97501105e-01
  -8.45838070e-01]
 [-9.00750235e-02  4.40359563e-02  6.17052354e-02  1.72817171e-01
  -1.50732115e-01  4.47464854e-01 -2.73911029e-01  6.40130460e-01
  -4.98532593e-01]
 [ 1.46801144e-01  5.61430119e-02  3.17370258e-02 -5.53635396e-02
  -6.89440668e-02  7.82510400e-01 -2.51387268e-01 -5.13499260e-01
   1.65142491e-01]]",7
0,1,6,0.9,0.8816487789154053,"[[ 9.9829674e-01 -1.1917608e-02  2.3974912e-02 -1.7033970e-02
   3.1446144e-02 -3.7520569e-02]
 [ 1.3085791e-02  9.8865521e-01  3.3590853e-02  1.4461701e-01
  -8.0577955e-03 -1.6799208e-02]
 [-2.3876149e-02 -2.5913944e-02  9.9707615e-01 -5.4425478e-02
  -4.0429294e-02  9.0389937e-04]
 [ 9.1969343e-03 -1.4674480e-01  5.2011110e-02  9.8317146e-01
   4.5939952e-02 -8.3303846e-02]
 [-3.6115602e-02  1.3659346e-02  3.6949739e-02 -5.3188153e-02
   9.9354047e-01 -8.4806167e-02]
 [-3.5684805e-02 -5.1598460e-03 -8.0931941e-03 -7.9865158e-02
  -8.9880347e-02 -9.9205720e-01]]",8
1,2,6,0.9,0.8959265947341919,"[[ 9.83093500e-01  1.80175811e-01  1.81290582e-02 -8.27977061e-03
  -2.53722761e-02  4.77648061e-03]
 [-1.75246581e-01  9.68272090e-01 -8.07576030e-02 -1.41115353e-01
   7.13422745e-02 -1.45863164e-02]
 [-3.61193344e-02  1.20399408e-01  9.29645598e-01  3.43248814e-01
  -9.80997109e-04 -4.62366901e-02]
 [ 5.53759048e-03 -1.06031254e-01  3.55112314e-01 -9.28168237e-01
   1.23595055e-02 -3.11928280e-02]
 [-3.59237120e-02  6.05827533e-02 -9.84729920e-03 -1.94910914e-02
  -9.87973273e-01 -1.35909051e-01]
 [-1.37827881e-02  2.40196176e-02  5.20284809e-02 -1.79461613e-02
  -1.34245038e-01  9.89030898e-01]]",8
2,3,6,0.9,0.8360397815704346,"[[ 0.9979043   0.0523048  -0.00945758 -0.02143203  0.02906512 -0.00759035]
 [-0.04978389  0.9961524  -0.01607632  0.03395192 -0.06008118  0.01344945]
 [ 0.00744803  0.01801065  0.9976982  -0.05875588 -0.01316722 -0.02434897]
 [ 0.02362642 -0.03174688  0.05977756  0.9971314   0.00676059  0.02331924]
 [ 0.03144717 -0.05786037 -0.01376955  0.00675373 -0.99483496 -0.07570614]
 [ 0.01029178 -0.0162601   0.02207953 -0.02487957 -0.07503179  0.99644035]]",8
3,4,6,0.9,0.8133416771888733,"[[ 0.9936441   0.10568422 -0.00236216 -0.02650599 -0.01817889 -0.0215325 ]
 [-0.10546881  0.9936018  -0.03080419  0.01511929 -0.01867802  0.01026938]
 [ 0.0047041   0.02865661  0.9849101   0.16730356  0.02253881  0.02470411]
 [ 0.0286084  -0.01839096 -0.16742401  0.98256516 -0.03215985  0.06590972]
 [-0.01891112 -0.01841082  0.02940419 -0.02046366 -0.99378127 -0.10207271]
 [ 0.01869627 -0.00937814 -0.01011054 -0.072287   -0.10088208  0.99199677]]",8
4,5,7,0.9,0.9211484789848328,"[[ 9.96674716e-01  5.17547689e-02  1.66077577e-02  1.67408437e-02
  -4.49840128e-02  9.45095904e-03  3.59490179e-02]
 [-5.02013527e-02  9.93918836e-01 -7.24631920e-02 -6.23958558e-02
  -1.53783499e-03  1.02226390e-02  1.88209098e-02]
 [-2.24542916e-02  7.51046538e-02  9.94452119e-01  5.85868359e-02
  -3.06123197e-02  1.78072751e-02 -1.52765298e-02]
 [ 1.81483924e-02 -5.54158464e-02  6.43288270e-02 -9.88708913e-01
  -2.49144565e-02 -1.19326711e-01  7.52321538e-03]
 [ 4.12287861e-02  2.91533465e-03  3.38950045e-02 -2.23871358e-02
   9.94243741e-01  6.75829593e-03  8.98630545e-02]
 [ 2.97900848e-03  1.68717150e-02  1.08721685e-02  1.19781233e-01
   4.89089929e-04 -9.88251150e-01  9.27375257e-02]
 [-3.97167690e-02 -2.10259557e-02  1.15282303e-02 -1.92426582e-04
  -8.88560414e-02  9.25434828e-02  9.90650237e-01]]",8
5,6,7,0.9,0.8375547528266907,"[[ 9.9273711e-01 -1.0558826e-01 -1.9755024e-03 -4.0714473e-02
   9.8836608e-04 -1.1036942e-02  3.9238911e-02]
 [ 1.0585821e-01  9.9365652e-01  3.0111961e-02  1.6520549e-02
   6.5755527e-03 -9.1874255e-03  1.1552037e-02]
 [ 8.8377688e-03 -3.3680934e-02  9.7228390e-01  2.2797240e-01
   2.5990787e-03  3.3064462e-02 -1.9495282e-02]
 [-3.8252287e-02  1.3228591e-02  2.2900710e-01 -9.7256708e-01
  -3.4757948e-05 -1.6456762e-03  5.2998420e-03]
 [ 1.8964020e-03  7.3456899e-03 -1.4881284e-03 -3.3486099e-04
  -9.8725533e-01  1.5396030e-01  3.9537821e-02]
 [ 1.0207492e-02  7.8127971e-03 -3.1141898e-02 -9.1652451e-03
   1.5505947e-01  9.8696113e-01  2.5400717e-02]
 [-4.0222399e-02 -8.5696094e-03  1.8360250e-02  1.1275864e-02
   3.5106800e-02 -3.0028746e-02  9.9785280e-01]]",8
6,7,7,0.9,0.856157124042511,"[[ 9.9870604e-01 -1.5047064e-02 -2.8827459e-02  2.7185574e-02
   6.4168492e-04  2.8096333e-02  1.6408069e-04]
 [ 1.1845821e-02  9.9665427e-01 -5.5044439e-02  4.4325795e-02
   3.7094023e-02  1.2500506e-02 -3.6160154e-03]
 [ 3.5926215e-02  6.5233193e-02  9.6350110e-01 -2.5562671e-01
  -2.6410878e-02 -5.6120628e-03  6.7536370e-03]
 [ 1.9757604e-02  2.7838401e-02 -2.5815347e-01 -9.6506029e-01
   2.2034869e-02 -1.8975496e-02 -2.1248839e-03]
 [ 1.8759136e-03 -3.4855254e-02  3.3128817e-02  1.4671702e-02
   9.9442786e-01 -8.8096522e-02 -2.8653320e-02]
 [-2.7588060e-02 -1.4296021e-02  5.0028916e-03 -1.9864064e-02
   8.7535046e-02  9.9540204e-01 -1.1283305e-02]
 [-5.7952007e-04  2.0659976e-03 -6.2474413e-03  2.7857644e-05
   2.9855667e-02  8.7497625e-03  9.9949414e-01]]",8
7,8,7,0.9,0.9323147535324097,"[[ 9.9557149e-01  7.8945406e-02 -1.3258511e-02  3.6275838e-02
   1.2528672e-02  1.0668894e-02 -2.9025057e-02]
 [-8.0979794e-02  9.9536788e-01  8.6550247e-03  4.9425352e-02
   1.0559025e-02  2.6830372e-03 -6.9714654e-03]
 [ 1.6646752e-02 -3.6430263e-03  9.9683166e-01 -7.2283596e-02
   3.9525339e-03 -2.7310938e-02  7.0600989e-03]
 [-3.1289160e-02 -5.2820105e-02  7.3080398e-02  9.9445945e-01
   2.6795331e-02  3.1262230e-02  1.5664434e-02]
 [-1.1657029e-02 -1.0404546e-02 -6.7339935e-03 -2.4913497e-02
   9.9711394e-01 -5.2960530e-02 -4.5264084e-02]
 [-3.9964127e-03 -6.1635440e-04  2.2605183e-02 -3.7200294e-02
   5.9795652e-02  9.7896999e-01  1.9008160e-01]
 [ 2.9523546e-02  9.9272262e-03 -1.3374552e-02 -7.8831743e-03
   3.4441702e-02 -1.9227238e-01  9.8011929e-01]]",8
8,9,8,0.9,0.9889007806777954,"[[ 9.99165654e-01  3.34457532e-02 -7.24478997e-03  5.46788506e-04
   1.55328633e-02  1.28009403e-02 -3.71125224e-03 -8.81203357e-03]
 [-3.47286761e-02  9.95913267e-01 -1.48349619e-02  5.47937304e-02
   5.04767448e-02  2.58318447e-02  1.04309665e-02 -2.01058667e-02]
 [ 7.08961999e-03  2.90588308e-02  9.73626077e-01 -2.22547010e-01
  -2.55347844e-02 -2.57036928e-02  1.32028470e-02  1.19770020e-02]
 [ 1.35152973e-03 -5.39488234e-02  2.26137787e-01  9.69270766e-01
   5.12349717e-02  6.15106486e-02 -5.67750400e-03  4.76672873e-03]
 [-5.04779490e-03 -2.81050969e-02  5.43289119e-03 -1.25439875e-02
   8.38694811e-01 -5.43296099e-01  2.01254487e-02 -3.61509179e-03]
 [-1.78524405e-02 -4.53470275e-02  1.82946101e-02 -8.80153328e-02
   5.37964582e-01  8.35125804e-01 -1.09016662e-02 -5.08301221e-02]
 [ 3.53376218e-03 -1.17646419e-02 -1.07357344e-02  7.42700091e-03
  -1.24253631e-02  1.84314363e-02  9.98327672e-01 -5.02646826e-02]
 [ 7.28805875e-03  1.72795411e-02 -1.27280299e-02 -5.00865001e-03
   3.10553294e-02  4.21807207e-02  4.98893782e-02  9.97110128e-01]]",8
9,10,8,0.9,1.2044869661331177,"[[ 9.96950090e-01 -1.06089078e-02 -4.08275425e-03  2.55267210e-02
  -5.14277332e-02  1.49886115e-02  2.76036020e-02  4.09650765e-02]
 [ 1.14781391e-02  9.92320597e-01 -1.06012344e-01 -4.77937758e-02
   1.18990522e-03 -4.69111977e-03  3.34284976e-02 -2.24523954e-02]
 [ 3.62572679e-03  1.00328289e-01  9.85012114e-01 -9.43842307e-02
  -8.58623236e-02 -5.77425249e-02  6.70091063e-03  3.54955718e-03]
 [-1.83319915e-02  5.90372346e-02  1.00751057e-01  9.81802464e-01
   1.43364727e-01  4.34286008e-03 -1.32020237e-03  3.89561467e-02]
 [ 5.50489463e-02 -2.31196033e-03  5.31634726e-02 -1.43782616e-01
   9.47906792e-01 -2.67103344e-01 -2.06789058e-02  5.62627129e-02]
 [ 4.28292929e-04  6.88215205e-03  7.33285844e-02 -4.89924178e-02
   2.61866391e-01  9.58535314e-01  6.06565624e-02 -3.36439796e-02]
 [-2.61297394e-02 -3.44119221e-02 -5.99113572e-03  3.44422250e-03
   6.75330823e-03 -6.45686612e-02  9.96812701e-01 -1.53282918e-02]
 [ 4.35443446e-02 -1.99752469e-02  1.02926064e-02  3.36760357e-02
   4.77620512e-02 -4.57928106e-02 -1.82062332e-02 -9.95869100e-01]]",8
10,11,10,0.9,1.5510174036026,"[[ 0.9371795  -0.28967637 -0.02561582  0.09592718 -0.04092291  0.1186
  -0.01847196 -0.06176837 -0.08952215  0.0035475 ]
 [ 0.2781375   0.94339067 -0.10707445 -0.06622498  0.0234627   0.10611837
  -0.04370785 -0.0316969  -0.01882487  0.0414947 ]
 [ 0.04046987  0.08036552  0.98402834 -0.05992505 -0.00657492  0.1407678
   0.00128566  0.01172958 -0.00107516 -0.00126558]
 [-0.03113969  0.08801053  0.06120749  0.9295795   0.306254   -0.06913868
   0.08174923  0.11984678  0.03855211  0.04812397]
 [ 0.04461048 -0.05270886  0.00463429 -0.28284103  0.9363145  -0.08085304
  -0.01329383 -0.14275375 -0.10199549 -0.03210427]
 [ 0.00390415  0.01887008 -0.02219968 -0.05996025 -0.01299312  0.11694395
   0.98347837 -0.10571137 -0.04584369  0.03449321]
 [ 0.02075329  0.01154658 -0.01683184 -0.09436255  0.03478889 -0.00818777
   0.06384335  0.82646805 -0.5320047  -0.1371735 ]
 [-0.08511771  0.03197351  0.04801618  0.11501661 -0.14080198 -0.25178716
  -0.05637358 -0.4822366  -0.80665946  0.08091182]
 [-0.17900017 -0.07394622 -0.11274769  0.08750579  0.07111604  0.93074805
  -0.12593672 -0.10536512 -0.20930602  0.00113587]
 [ 0.00211513  0.04625154  0.00235521  0.07292791 -0.03151946 -0.01041
   0.02331321 -0.14974056  0.01008284 -0.9840543 ]]",8
0,1,6,0.9,0.8900397419929504,"[[ 9.9842334e-01 -1.2237230e-02  2.4353309e-02 -1.3140931e-02
   3.0084584e-02 -3.6473282e-02]
 [ 1.3981649e-02  9.8867536e-01 -3.9253836e-03  1.4789444e-01
  -1.3472749e-02 -1.5995445e-02]
 [-2.2643680e-02  5.5530196e-04  9.9870414e-01  2.2039197e-02
  -3.9375439e-02  6.3821487e-03]
 [ 8.0703348e-03 -1.4850542e-01 -2.0015247e-02  9.8533899e-01
   2.4580985e-02 -7.7352293e-02]
 [ 3.5465196e-02 -1.6770115e-02 -3.9693967e-02  3.0655360e-02
  -9.9049717e-01  1.2190538e-01]
 [-3.3462878e-02 -5.9891855e-03  2.2835613e-03 -7.5075164e-02
  -1.2519607e-01 -9.8870051e-01]]",9
1,2,6,0.9,0.8923709392547607,"[[ 9.8310459e-01  1.8039466e-01  1.1016839e-02 -6.4714742e-03
  -2.7099671e-02  8.0908975e-03]
 [-1.7500345e-01  9.6606189e-01 -9.3479492e-02 -1.4663815e-01
   7.5607546e-02 -1.1851599e-02]
 [-3.3156157e-02  1.4406523e-01  8.9161903e-01  4.2609927e-01
   5.0495272e-03 -3.9688524e-02]
 [ 7.2490824e-03 -9.3597762e-02  4.3991950e-01 -8.9208412e-01
   2.0538243e-02 -3.7707429e-02]
 [-3.8180970e-02  6.4942285e-02 -6.5261609e-04 -2.4463594e-02
  -9.8762947e-01 -1.3532932e-01]
 [-1.6415423e-02  2.1196144e-02  5.1244240e-02 -2.1960685e-02
  -1.3300370e-01  9.8918301e-01]]",9
2,3,6,0.9,0.8242164254188538,"[[ 0.99692327  0.06699029 -0.00385046 -0.02801195  0.02822537  0.00775597]
 [-0.06394266  0.99496883 -0.01792031  0.0398626  -0.06091541 -0.01809591]
 [ 0.00114393  0.01977085  0.9975908  -0.06180933 -0.01733512  0.01730708]
 [ 0.03038046 -0.03622502  0.06314062  0.9964404   0.01713397 -0.02430928]
 [ 0.03187307 -0.05836832 -0.01647924  0.01697866 -0.99436396  0.07910591]
 [ 0.01073235 -0.02095892  0.01477706 -0.02498229 -0.07835113 -0.99622494]]",9
3,4,7,0.9,0.9182586073875427,"[[ 9.93393838e-01  1.07493795e-01 -5.03734080e-03 -2.80252211e-02
  -2.17747670e-02 -1.78689938e-02  3.08224279e-03]
 [-1.07140891e-01  9.93371904e-01 -2.96046287e-02  2.20261645e-02
  -1.52303968e-02  1.12033170e-02 -3.73104401e-03]
 [ 6.96350215e-03  2.73363795e-02  9.89573121e-01  1.34811759e-01
   2.59182286e-02  3.14371176e-02  1.07245399e-02]
 [ 3.02945692e-02 -2.39674281e-02 -1.35447696e-01  9.86791790e-01
  -3.37650515e-02  7.24186078e-02  4.38369438e-03]
 [-2.19748393e-02 -1.53470840e-02  3.22154239e-02 -2.41564456e-02
  -9.96301174e-01 -7.10217953e-02  4.36426868e-04]
 [-1.51226912e-02  9.52731166e-03  1.87174510e-02  7.85255507e-02
   6.97527379e-02 -9.93995190e-01  1.64931137e-02]
 [-3.41082900e-03  3.03711207e-03 -1.04388921e-02 -6.88912300e-03
  -8.35468585e-04  1.58707481e-02  9.99785006e-01]]",9
4,5,7,0.9,0.8990893363952637,"[[ 0.99667776  0.04728414  0.00481907 -0.02641931  0.04799735  0.00782323
   0.036218  ]
 [-0.04598171  0.9920968  -0.09514759  0.06233932  0.00188603  0.012378
   0.02309948]
 [-0.01142989  0.09700328  0.9941888  -0.03390589  0.02827029  0.00608371
  -0.00790032]
 [ 0.02818359 -0.05592492  0.03980045  0.9897583   0.02011738 -0.11954665
   0.01328087]
 [ 0.04442883  0.00277634  0.02970673  0.02151372 -0.9931775   0.04037812
   0.09295727]
 [ 0.00181058  0.01786851  0.00198455 -0.11900798 -0.03341955 -0.98737985
   0.0973386 ]
 [-0.04021461 -0.02537535  0.0064601  -0.00435588  0.0947118   0.09438128
   0.9898485 ]]",9
5,6,7,0.9,0.828403651714325,"[[ 0.9922326  -0.11266863  0.00711879 -0.03050118 -0.00290526 -0.01025052
   0.04105721]
 [ 0.11252946  0.993358    0.01425183  0.01088632  0.00690065 -0.01041677
   0.00995445]
 [ 0.0031369  -0.01713876  0.93692374  0.3474944   0.00207339  0.0264104
  -0.02040044]
 [ 0.03066437 -0.00876258 -0.34789148  0.9368879   0.01080061 -0.00224841
  -0.00858175]
 [ 0.00181146 -0.00805938  0.00451998 -0.01054015  0.9901338  -0.13414939
  -0.03793708]
 [ 0.01039948  0.00843844 -0.02443751 -0.00827454  0.13522995  0.99002874
   0.02666487]
 [-0.04183257 -0.00623188  0.01655376  0.01612959  0.03421827 -0.03051177
   0.99778515]]",9
6,7,7,0.9,0.8470331430435181,"[[ 9.9814504e-01 -3.4070395e-02 -2.9470112e-02  3.1761657e-02
   5.4875459e-03  2.5260832e-02 -5.2717683e-04]
 [ 3.0832151e-02  9.9674582e-01 -5.4403696e-02  3.5508305e-02
   3.4879286e-02  1.0337675e-02 -1.7856508e-03]
 [ 3.9599508e-02  6.2308423e-02  9.5581162e-01 -2.8211418e-01
  -3.6312632e-02 -2.8332211e-03  7.6563940e-03]
 [ 2.2790994e-02  1.6930370e-02 -2.8359726e-01 -9.5791739e-01
   3.2201208e-02 -1.1119434e-02  5.0321710e-04]
 [-3.7232845e-03 -3.2060806e-02  4.5921452e-02  2.0140100e-02
   9.9430662e-01 -8.4410764e-02 -2.5944065e-02]
 [-2.5583237e-02 -1.1830429e-02  4.7311252e-03 -1.0950465e-02
   8.4132768e-02  9.9598229e-01  2.0598422e-03]
 [ 2.2276906e-04  4.6902784e-04 -6.1086994e-03  3.2684333e-03
   2.5959667e-02 -4.1839313e-03  9.9963009e-01]]",9
7,8,8,0.9,0.981560230255127,"[[ 9.93131220e-01  7.77132884e-02 -1.96962487e-02  3.51867974e-02
   2.11747810e-02  2.46600993e-03 -3.82274874e-02 -6.41024411e-02]
 [-8.00847039e-02  9.95054126e-01  3.17474119e-02  4.62201685e-02
   7.35977059e-03 -9.02647967e-04 -1.36514949e-02 -8.25530104e-03]
 [ 2.90632583e-02 -2.03720257e-02  9.82113421e-01 -1.81420401e-01
   2.84145167e-03 -2.83096805e-02  4.95262351e-03  2.11203117e-02]
 [-2.79511288e-02 -5.37114814e-02  1.81907430e-01  9.80464518e-01
   2.48698201e-02  3.23013887e-02  1.05088614e-02 -1.26705887e-02]
 [-1.99341793e-02 -7.93172698e-03 -7.91233312e-03 -2.32775658e-02
   9.98413622e-01 -3.25147696e-02 -2.79163923e-02  1.64003819e-02]
 [-2.99350824e-03  2.62458064e-03  2.24850681e-02 -4.03579846e-02
   3.70235704e-02  9.81535196e-01  1.45519555e-01 -1.09049335e-01]
 [ 2.88089663e-02  1.49177704e-02 -8.39222688e-03 -4.20196354e-03
   2.46594213e-02 -1.59097582e-01  9.79373336e-01 -1.17333375e-01]
 [ 6.64419681e-02  1.53499767e-02 -1.81215573e-02  1.46056172e-02
  -7.89253227e-03  9.14750099e-02  1.30728304e-01  9.84524369e-01]]",9
8,9,8,0.9,0.9700677394866943,"[[ 9.99566257e-01 -1.07797235e-02 -1.19049363e-02  8.98788031e-03
   1.66996829e-02  1.43691851e-02 -3.62976664e-03 -5.47560770e-03]
 [ 9.11768153e-03  9.97100115e-01 -5.42148761e-03  5.84185570e-02
   3.64415161e-02  2.31652148e-02  1.55394524e-03 -1.99751016e-02]
 [ 1.43132973e-02  1.84331611e-02  9.77433085e-01 -2.07690328e-01
  -9.74499248e-03 -2.33255383e-02  1.41614359e-02  1.02456724e-02]
 [-8.93521402e-03 -5.94585203e-02  2.10366055e-01  9.71096098e-01
   4.68354933e-02  8.02305564e-02 -1.80965234e-02 -1.20549202e-02]
 [-8.26098491e-03 -2.12024096e-02 -3.05096945e-03 -4.72831819e-03
   8.85727227e-01 -4.63150144e-01  2.00705118e-02  5.18296659e-03]
 [-2.00487878e-02 -3.18967961e-02  6.26654970e-03 -9.95405540e-02
   4.59769726e-01  8.80011439e-01 -3.74213010e-02 -3.77407484e-02]
 [ 2.34640017e-03 -4.89132339e-03 -9.26403794e-03  1.60440691e-02
  -5.41701971e-04  4.14567068e-02  9.96565163e-01 -6.90376237e-02]
 [ 4.86600306e-03  1.75816733e-02 -8.06711894e-03  1.24690542e-02
   1.42570371e-02  4.03618403e-02  6.71640933e-02  9.96545732e-01]]",9
9,10,9,0.9,1.3032861948013306,"[[ 0.9967495  -0.00807885  0.0036731   0.0235805  -0.04461809  0.01853643
   0.02838048 -0.04094524 -0.03223826]
 [ 0.00760526  0.9936769   0.10322978 -0.01554948 -0.0148087   0.00112366
   0.03029094  0.01183696  0.01928863]
 [ 0.00347012  0.10092697 -0.9874906  -0.08062146 -0.06014594 -0.06265407
   0.00326267 -0.01661243 -0.01829401]
 [-0.01888088  0.02738454 -0.0873306   0.98538816  0.12805875  0.03743814
  -0.01640503 -0.04617492  0.008677  ]
 [ 0.04771322  0.01816349 -0.02705858 -0.11652234  0.94871974 -0.27265066
  -0.03869485 -0.03489026 -0.07721385]
 [-0.00266093  0.00719394 -0.07087468 -0.07693842  0.2683731   0.9561214
   0.03142098  0.01345287  0.04047138]
 [-0.02512027 -0.02974505 -0.00120753  0.01575797  0.03393821 -0.0415355
   0.9969645   0.03765573  0.00115259]
 [ 0.03383882 -0.00372014 -0.01700938  0.04402913  0.0180153  -0.00582576
  -0.03732701  0.9729812  -0.21947445]
 [ 0.04476991 -0.0180157  -0.02279902 -0.00535983  0.06483816 -0.06373639
  -0.01346152  0.21509679  0.9707772 ]]",9
10,11,11,0.9,1.6063923835754395,"[[ 9.23900723e-01 -2.99547672e-01 -3.86230797e-02  6.85823709e-02
  -1.64261386e-02  1.75845504e-01  6.02996796e-02 -2.79794913e-02
  -9.05985311e-02 -2.16605868e-02 -7.87119344e-02]
 [ 2.60137051e-01  9.39544499e-01 -1.25527546e-01 -2.11076476e-02
   2.28164271e-02  1.51825622e-01  7.44604319e-02 -9.73356795e-03
  -1.82045158e-02 -2.77470648e-02 -5.54080382e-02]
 [-4.58970666e-02 -9.52788442e-02 -9.84394014e-01 -7.17959786e-03
  -9.97574255e-03 -1.30095780e-01 -2.17827801e-02 -4.20439281e-02
  -6.83827652e-03  1.47920782e-02  1.41442576e-02]
 [-1.66992936e-02  4.44297977e-02 -5.60585060e-04  9.35047388e-01
   2.90230364e-01 -1.16012275e-01 -1.08556286e-01  7.79283494e-02
   5.01064733e-02 -7.08200037e-02 -1.88965350e-02]
 [ 3.36138383e-02 -2.71905102e-02  7.69291911e-03 -2.75190234e-01
   9.43928480e-01 -5.59114292e-02  2.34523620e-02 -1.13336205e-01
  -7.88101703e-02  6.83579519e-02  6.27374575e-02]
 [-2.09223032e-02  4.84105479e-03 -2.73680203e-02 -4.88429181e-02
   1.45664020e-02  4.05886024e-01 -8.98490310e-01 -1.29648119e-01
  -5.09962477e-02 -5.46149313e-02  4.20898721e-02]
 [ 1.26373712e-02  1.30098704e-02 -2.40639541e-02 -7.29952008e-02
   3.81891094e-02 -5.42074405e-02 -1.29721314e-01  8.71266484e-01
  -4.39802915e-01  1.39515668e-01 -2.32981704e-02]
 [ 1.29642799e-01  1.05198873e-02  6.44548491e-05 -1.28899232e-01
   6.76677749e-02 -1.81455150e-01 -1.93864152e-01  3.23489249e-01
   8.18786383e-01  1.61321893e-01 -3.00495744e-01]
 [-1.08308405e-01 -8.33536983e-02 -9.42164361e-02  6.57631680e-02
   8.38069245e-02  7.01641202e-01  2.86677241e-01  2.62623310e-01
   3.15575153e-01 -1.53562082e-02  4.66709346e-01]
 [-4.32406738e-02  4.14366834e-03 -1.17111520e-03  1.25324920e-01
  -4.18491177e-02  1.66968167e-01  3.53917703e-02 -1.69428185e-01
  -8.48178491e-02  9.50715363e-01 -1.08459301e-01]
 [ 2.10275009e-01  9.20187533e-02  5.87688684e-02 -1.98971052e-02
  -9.40798074e-02 -4.37870860e-01 -1.81323782e-01 -1.41686071e-02
   9.73240361e-02  1.90489292e-01  8.14891517e-01]]",9
0,1,6,0.9,0.890088677406311,"[[ 9.98282015e-01 -1.55789061e-02  2.68622600e-02 -1.40791899e-02
   2.95162629e-02 -3.74087542e-02]
 [ 1.73482914e-02  9.87468421e-01 -1.37668219e-03  1.55304447e-01
  -1.28448857e-02 -1.78524423e-02]
 [-2.53750868e-02 -1.49998569e-03  9.98784721e-01  1.85562801e-02
  -3.77263427e-02  3.92104127e-03]
 [ 8.19851458e-03 -1.56013489e-01 -1.70045793e-02  9.84136343e-01
   2.64607202e-02 -7.79673606e-02]
 [ 3.47571224e-02 -1.65601820e-02 -3.76364253e-02  3.20428386e-02
  -9.91626918e-01  1.12917915e-01]
 [-3.48281562e-02 -6.82840450e-03  1.20620452e-05 -7.60716200e-02
  -1.16259873e-01 -9.89665151e-01]]",10
1,2,6,0.9,0.8950106501579285,"[[ 9.8414135e-01  1.7486934e-01  1.1841476e-02 -7.4378764e-03
  -2.5266849e-02  7.2483816e-03]
 [-1.6987604e-01  9.6753854e-01 -8.8272579e-02 -1.4501551e-01
   7.8040481e-02 -9.9702785e-03]
 [-3.1856384e-02  1.3747156e-01  9.0035999e-01  4.0911302e-01
  -8.8202424e-04 -4.5434568e-02]
 [ 6.2009050e-03 -9.7353473e-02  4.2250678e-01 -9.0024287e-01
   2.1343919e-02 -3.2851823e-02]
 [-3.6305852e-02  6.6842109e-02 -6.5115066e-03 -2.8771445e-02
  -9.8660606e-01 -1.4125240e-01]
 [-1.5378921e-02  2.1115324e-02  5.3527772e-02 -1.6637219e-02
  -1.3936765e-01  9.8830777e-01]]",10
2,3,6,0.9,0.8240700364112854,"[[ 0.9974816   0.05781372 -0.00618722 -0.02639988 -0.02949104 -0.00912618]
 [-0.05454669  0.9951967  -0.016069    0.04675789  0.06133135  0.02005455]
 [ 0.00437763  0.01768235  0.9986904  -0.04273938  0.01590484 -0.01434856]
 [ 0.02883892 -0.04381938  0.0438733   0.9973377  -0.01799321  0.01780747]
 [ 0.03254726 -0.05914736 -0.01524387  0.01632571  0.99503475 -0.06963664]
 [ 0.0120482  -0.02258161  0.0127903  -0.01846926  0.06854142  0.99706674]]",10
3,4,7,0.9,0.9067063927650452,"[[ 9.93411362e-01  1.08062521e-01 -5.80754457e-03 -2.80818939e-02
  -1.76492948e-02 -1.79254040e-02  1.11879606e-03]
 [-1.07966945e-01  9.93326187e-01 -3.10836099e-02  1.37885911e-02
  -1.81982275e-02  1.07643735e-02 -6.55029435e-03]
 [ 8.40177201e-03  2.93166228e-02  9.82868373e-01  1.78653985e-01
   1.89222824e-02  2.59960834e-02  9.40944348e-03]
 [ 2.92144790e-02 -1.73213687e-02 -1.79140598e-01  9.80478048e-01
  -3.06725428e-02  6.69053793e-02  9.38100682e-04]
 [ 1.77989826e-02  1.80749688e-02 -2.59336513e-02  1.97897144e-02
   9.94761467e-01  9.34705809e-02  2.27399846e-03]
 [ 1.52601684e-02 -1.01777781e-02 -1.09023722e-02 -7.32445493e-02
  -9.21758562e-02  9.92767036e-01 -9.85057931e-03]
 [-1.81546982e-03  5.98541554e-03 -9.32684168e-03 -3.24597140e-03
  -3.41920089e-03  9.35106538e-03  9.99882102e-01]]",10
4,5,7,0.9,0.9047145843505859,"[[ 9.96350586e-01  5.25111109e-02  1.16179110e-02 -2.65467260e-02
  -4.80707660e-02  1.25561124e-02  3.49281952e-02]
 [-5.07027954e-02  9.93143201e-01 -8.80325735e-02  5.27399778e-02
   1.39529898e-03  1.29618570e-02  1.98652316e-02]
 [-1.91256125e-02  8.99351314e-02  9.93659496e-01 -5.23234047e-02
  -3.28248478e-02  1.59416851e-02 -1.08257877e-02]
 [ 2.75558718e-02 -4.48343046e-02  5.76682799e-02  9.90152180e-01
  -3.00567187e-02 -1.11444734e-01  1.34209478e-02]
 [ 4.48271185e-02  5.15361491e-04  3.57698277e-02  2.79022045e-02
   9.93680179e-01  2.01483015e-02  9.01437327e-02]
 [ 5.74444421e-03  1.81091670e-02  9.93023813e-03 -1.12077303e-01
   1.39454519e-02 -9.88809764e-01  9.50782970e-02]
 [-3.93344313e-02 -2.19665933e-02  7.22688809e-03 -5.89125138e-03
  -9.00638625e-02  9.40719917e-02  9.90415215e-01]]",10
5,6,7,0.9,0.8418859243392944,"[[ 9.9138486e-01 -1.1945250e-01  5.3953524e-03 -3.2525811e-02
   2.2748224e-03 -1.3230725e-02  4.0246498e-02]
 [ 1.1925957e-01  9.9214870e-01  2.6856599e-02  1.7644582e-02
   4.3488978e-03 -1.4301660e-02  1.2732561e-02]
 [ 4.4135898e-04 -2.9842375e-02  9.6876603e-01  2.4299712e-01
  -3.1405306e-04  3.2566462e-02 -2.2209322e-02]
 [ 3.1823345e-02 -1.4363223e-02 -2.4377415e-01  9.6909487e-01
   8.9865280e-03 -5.9582497e-04 -1.1364987e-02]
 [ 3.5398237e-03  5.6016622e-03 -6.3900459e-03  8.1165330e-03
  -9.8691696e-01  1.5476304e-01  4.3506131e-02]
 [ 1.3092614e-02  1.2570117e-02 -3.0018182e-02 -8.3121955e-03
   1.5618907e-01  9.8668194e-01  2.7642606e-02]
 [-4.1668277e-02 -9.2657115e-03  1.9342870e-02  1.7415732e-02
   3.8665637e-02 -3.2659281e-02  9.9746621e-01]]",10
6,7,7,0.9,0.8589475154876709,"[[ 9.9821049e-01 -3.5232633e-02 -3.0170707e-02  2.8381649e-02
   2.7104635e-03  2.4706298e-02 -9.8806678e-04]
 [ 3.1871773e-02  9.9613774e-01 -6.1885182e-02  4.1374635e-02
   3.3298541e-02  5.9645399e-03 -2.8080714e-03]
 [ 3.8898513e-02  7.0007198e-02  9.6322894e-01 -2.5529718e-01
  -2.3762606e-02  6.0207047e-04  5.8450913e-03]
 [ 2.0471595e-02  2.2177918e-02 -2.5724536e-01 -9.6507859e-01
   3.8627435e-02 -5.3825779e-03 -4.0128240e-03]
 [-1.0496612e-03 -3.1668082e-02  3.5072956e-02  3.0312290e-02
   9.9265951e-01 -1.0457198e-01 -2.3214201e-02]
 [-2.5021151e-02 -8.3546015e-03  2.8361527e-03 -2.8350356e-03
   1.0436059e-01  9.9417764e-01 -2.7667403e-03]
 [ 8.3721953e-04  1.6844018e-03 -6.0458388e-03 -1.5408550e-03
   2.3729810e-02  3.3922627e-04  9.9969715e-01]]",10
7,8,7,0.9,0.9429710507392883,"[[ 0.9956497   0.07610124 -0.02209814  0.03448193  0.01370536  0.00442739
  -0.03170788]
 [-0.07776161  0.9956461   0.01829514  0.04565835  0.00795263 -0.00309121
  -0.01223809]
 [ 0.02713026 -0.01072595  0.9920923  -0.11907642  0.00554166 -0.02599708
   0.00401903]
 [-0.02792535 -0.04978498  0.11954764  0.99054974  0.02425454  0.02335907
   0.01127621]
 [-0.01370283 -0.00831441 -0.00812923 -0.02369387  0.99876285 -0.00576431
  -0.03943598]
 [ 0.00176762  0.00602966  0.02176307 -0.02770242  0.01188926  0.98517084
   0.1673812 ]
 [ 0.03046178  0.01408424 -0.00992984 -0.00542082  0.03822793 -0.16779295
   0.98444396]]",10
8,9,8,0.9,0.9799268245697021,"[[ 9.99257803e-01  2.44087800e-02 -5.39228087e-03  1.02462526e-02
   2.10503396e-02  1.62948612e-02 -1.84434943e-03 -6.48926804e-03]
 [-2.62509584e-02  9.96464491e-01 -1.70525666e-02  6.44989610e-02
   3.33534889e-02  2.02728789e-02  2.37548957e-03 -1.97362006e-02]
 [ 7.62383174e-03  3.20607647e-02  9.75989223e-01 -2.11714640e-01
  -1.85699239e-02 -2.79613882e-02  1.36338659e-02  1.49443783e-02]
 [-9.14287753e-03 -6.20439053e-02  2.15691179e-01  9.71455872e-01
   3.20290029e-02  6.76413700e-02 -1.10630561e-02 -9.70110111e-03]
 [-8.55657365e-03 -1.79474149e-02  2.78858212e-03  8.05553887e-03
   8.42189252e-01 -5.38564146e-01  1.40414042e-02  8.98389495e-04]
 [-2.34945118e-02 -3.04908641e-02  1.81406345e-02 -8.27267095e-02
   5.36212325e-01  8.38264763e-01 -1.70362145e-02 -2.90481653e-02]
 [ 1.10399444e-03 -4.80996259e-03 -9.84210148e-03  1.12479301e-02
  -3.11966403e-03  2.12894417e-02  9.97696579e-01 -6.23762943e-02]
 [ 5.17199095e-03  1.76225919e-02 -1.29897967e-02  1.22525655e-02
   1.60519276e-02  2.78181527e-02  6.16181865e-02  9.97253954e-01]]",10
9,10,9,0.9,1.265348196029663,"[[ 0.9966266   0.016757    0.00229679  0.0112434  -0.04623378  0.018553
   0.02981148 -0.04090544 -0.03576649]
 [-0.01632391  0.99381554 -0.09901596 -0.02993624 -0.00951928 -0.00170699
   0.02923692  0.01373665  0.01505958]
 [-0.00525923  0.09363254  0.9826718  -0.13086453 -0.06433915 -0.06161434
  -0.00147263 -0.0090403  -0.02039481]
 [-0.00988139  0.04430073  0.13303538  0.98523575  0.08419855  0.0133479
  -0.00676539 -0.04641096  0.0091951 ]
 [ 0.04724434  0.01232027  0.02958894 -0.08196701  0.9455743  -0.29797247
  -0.03435425 -0.03259526 -0.06986464]
 [-0.00145563  0.00742916  0.07355602 -0.04705349  0.29922864  0.9461762
   0.05282441  0.03802441  0.05740038]
 [-0.02698841 -0.02927709  0.00248871  0.00816649  0.01885351 -0.06114397
   0.9966137   0.02603233 -0.01819694]
 [ 0.03173552 -0.00564091  0.00957061  0.04646574  0.00840279 -0.02257082
  -0.03109917  0.96451443 -0.25470597]
 [ 0.04872424 -0.01497563  0.02154762 -0.00199395  0.04968247 -0.08598488
   0.00565745  0.24985656  0.96156716]]",10
10,11,10,0.9,1.5836960077285767,"[[ 9.36973155e-01 -2.73403555e-01 -2.69483663e-02  5.44668101e-02
  -4.26519625e-02  1.74429357e-01 -3.82311940e-02 -4.95359264e-02
  -8.59641656e-02 -9.43177007e-03]
 [ 2.48348311e-01  9.50833321e-01 -1.05783746e-01 -4.07052152e-02
   1.08221406e-02  1.31202206e-01 -5.48856147e-02 -1.95090640e-02
  -1.07186865e-02 -2.35170666e-02]
 [ 3.80652212e-02  8.34984705e-02  9.87709820e-01 -5.39153516e-02
  -2.21325513e-02  1.05318911e-01 -1.20789986e-02  3.31022181e-02
   1.66386589e-02 -1.06578250e-03]
 [-1.03794679e-03  5.56475595e-02  5.71893193e-02  9.31762874e-01
   3.23271513e-01 -5.88246547e-02  7.27498829e-02  8.45274180e-02
   3.03688310e-02 -6.42269552e-02]
 [ 2.24469323e-02 -3.97186019e-02  7.41070975e-03 -2.95593709e-01
   9.34697390e-01  5.38903400e-02 -3.32910754e-02 -1.41945884e-01
  -8.45833868e-02  7.42524788e-02]
 [-2.47238483e-02  9.86701716e-03 -2.14730762e-02 -4.07775939e-02
  -1.14540923e-02  3.20124060e-01  9.40706611e-01 -9.16939229e-02
  -2.79493034e-02 -2.09491700e-02]
 [ 5.71744610e-03  1.07678920e-02 -2.06795037e-02 -6.73242137e-02
   4.53620926e-02 -2.77089491e-03  6.44177049e-02  8.17268074e-01
  -5.50444305e-01  1.33266732e-01]
 [ 1.77081183e-01  1.69054046e-02 -7.64738303e-03 -1.37355819e-01
   1.14359125e-01 -3.02013397e-01  1.72618210e-01  4.74700511e-01
   7.66659915e-01  4.72880639e-02]
 [-1.62628308e-01 -9.20588151e-02 -9.07321349e-02  4.71253768e-02
   2.00586729e-02  8.60353291e-01 -2.64730334e-01  2.31302217e-01
   3.00357461e-01 -1.47149703e-02]
 [ 9.52974078e-04  2.33764425e-02  2.80998065e-03  9.81280506e-02
  -6.11635260e-02  3.15727592e-02  4.61620511e-03 -1.16619453e-01
   4.88841906e-02  9.84411895e-01]]",10
0,1,6,0.9,0.8946774005889893,"[[ 9.9811542e-01 -1.2517902e-02  3.0206976e-02 -1.6843004e-02
   3.0617731e-02 -3.8407821e-02]
 [ 1.4584457e-02  9.8861831e-01 -1.6985310e-03  1.4882602e-01
  -6.5665375e-03 -1.5035270e-02]
 [-2.8811475e-02  3.1404588e-03  9.9864566e-01 -7.9350835e-03
  -4.2105753e-02  5.5740452e-03]
 [ 1.0049884e-02 -1.4931330e-01  1.0716796e-02  9.8449206e-01
   3.9809257e-02 -8.1733346e-02]
 [ 3.6033079e-02 -1.2697554e-02 -4.0945429e-02  4.6320174e-02
  -9.9265605e-01  9.6706815e-02]
 [-3.6376689e-02 -3.4203930e-03 -4.0733401e-04 -7.8320108e-02
  -1.0146758e-01 -9.9107778e-01]]",11
1,2,6,0.9,0.900102436542511,"[[ 9.8545414e-01  1.6718844e-01  1.0889184e-02 -7.3398496e-03
  -2.6639987e-02  6.7836773e-03]
 [-1.6307661e-01  9.7243583e-01 -6.9809392e-02 -1.3023514e-01
   7.7017330e-02 -2.8730931e-03]
 [-2.6295286e-02  1.1840279e-01  8.8755023e-01  4.4209296e-01
  -3.0450671e-04 -4.5799572e-02]
 [ 4.1427286e-03 -8.7689064e-02  4.5216170e-01 -8.8683200e-01
   2.5162166e-02 -2.7186986e-02]
 [-3.7156038e-02  6.6954948e-02 -2.5181668e-03 -3.1400584e-02
  -9.8507124e-01 -1.5092647e-01]
 [-1.4034348e-02  1.4997540e-02  5.2972160e-02 -9.0429774e-03
  -1.4953293e-01  9.8708165e-01]]",11
2,3,6,0.9,0.8417789340019226,"[[ 9.9733847e-01  6.0736332e-02  9.1526628e-04 -2.4780814e-02
  -3.0241884e-02 -9.8816715e-03]
 [-5.7607502e-02  9.9547791e-01 -1.3233173e-02  4.2877465e-02
   5.7930008e-02  1.8317876e-02]
 [-2.7543767e-03  1.4651466e-02  9.9798548e-01 -5.7412539e-02
   1.9506594e-02 -1.1227715e-02]
 [ 2.6786730e-02 -3.9907921e-02  5.8581460e-02  9.9676079e-01
  -1.8232105e-02  1.9838292e-02]
 [ 3.3255190e-02 -5.5577982e-02 -1.8367937e-02  1.7656714e-02
   9.9471879e-01 -7.5435348e-02]
 [ 1.2899833e-02 -2.0940876e-02  8.9385603e-03 -2.0184156e-02
   7.4505575e-02  9.9667287e-01]]",11
3,4,6,0.9,0.8288199305534363,"[[ 0.9931188   0.11329573 -0.00471071 -0.01931956 -0.01605472 -0.01502887]
 [-0.11309367  0.9926701  -0.02725874  0.02101331 -0.02094405  0.01387474]
 [ 0.00585062  0.02408738  0.98394454  0.17514901  0.01646984  0.01703988]
 [ 0.02153586 -0.02447484 -0.17491755  0.9820228  -0.02507209  0.05782422]
 [ 0.01547815  0.02039484 -0.02178162  0.01571626  0.99417996  0.10113994]
 [ 0.01368221 -0.01322303 -0.00417132 -0.06238777 -0.10004982  0.9928335 ]]",11
4,5,7,0.9,0.9408183097839355,"[[ 0.99560297  0.06768915  0.00729047 -0.0257085  -0.04769697  0.0157764
   0.0309033 ]
 [-0.0663835   0.9927897  -0.08064853  0.05397028 -0.00170645  0.01521612
   0.01762003]
 [-0.01915709  0.08689721  0.9814131  -0.16408285 -0.03038445  0.03229312
  -0.00456743]
 [ 0.02636847 -0.03640691  0.16997533  0.9787061  -0.02601549 -0.10144112
   0.0159594 ]
 [ 0.04435859  0.00483602  0.0346984   0.01713337  0.9930327  -0.00541343
   0.10182392]
 [ 0.00721746  0.02046566  0.0130817  -0.10630496 -0.01580578 -0.9876728
   0.11094928]
 [-0.03586051 -0.02163352 -0.00204389 -0.00655549 -0.0987839   0.11251445
   0.98781633]]",11
5,6,7,0.9,0.8639638423919678,"[[ 9.9067599e-01 -1.2729512e-01  6.1513311e-03 -2.3987181e-02
  -5.7625528e-03 -9.9935681e-03  4.0130924e-02]
 [ 1.2658291e-01  9.9079275e-01  3.5569724e-02  1.4306761e-02
   6.7919106e-03 -2.2889834e-02  1.6326429e-02]
 [-4.4714706e-03 -3.5794336e-02  9.8033547e-01  1.8554433e-01
   1.0298086e-02  4.7487531e-02 -2.9214270e-02]
 [ 2.4044616e-02 -1.0726663e-02 -1.8635127e-01  9.8168701e-01
   2.7011361e-02 -6.4388416e-03 -9.9763153e-03]
 [-2.3116481e-03  1.1272560e-02 -4.2328918e-03  2.7868839e-02
  -9.7640198e-01  2.1257837e-01  2.2860147e-02]
 [ 1.3852209e-02  2.1113196e-02 -4.7035173e-02 -8.4812269e-03
   2.1260084e-01  9.7564262e-01  6.4045755e-04]
 [-4.1740220e-02 -1.2512569e-02  2.6123812e-02  1.5337270e-02
   2.2913666e-02 -3.3922889e-03  9.9832201e-01]]",11
6,7,7,0.9,0.8756893277168274,"[[ 9.98003840e-01 -4.32954319e-02 -3.26609202e-02 -2.07192115e-02
  -1.79728272e-03  2.44000126e-02  4.38852375e-03]
 [ 4.05837931e-02  9.96013701e-01 -6.25263676e-02 -3.56392749e-02
   3.33660804e-02 -4.05085180e-03 -3.91395559e-04]
 [ 4.05787006e-02  6.98173940e-02  9.30792391e-01  3.56245190e-01
  -7.27433711e-03  1.15166306e-02  2.87962146e-03]
 [ 8.24398641e-03  9.12710372e-03 -3.57649505e-01  9.32766378e-01
   4.30994704e-02 -3.95737914e-03 -3.03351437e-03]
 [ 3.14112147e-03 -3.35250311e-02  2.54159477e-02 -3.63012478e-02
   9.92321968e-01 -1.10108651e-01 -8.70161783e-03]
 [-2.43830718e-02  6.34559139e-04 -8.81154090e-03 -4.09060204e-03
   1.10304989e-01  9.93476748e-01 -1.21414475e-02]
 [-4.72506043e-03  1.22461526e-04 -3.53269838e-03  1.51533249e-03
   1.01480335e-02  1.09516764e-02  9.99869943e-01]]",11
7,8,7,0.9,0.9657937288284302,"[[ 9.94268537e-01  9.59895179e-02 -2.01782212e-02  3.08069717e-02
   1.19843436e-02  1.00759818e-04 -2.67619137e-02]
 [-9.70924050e-02  9.93372917e-01  3.14465128e-02  4.79152091e-02
   3.10929096e-03 -1.89326704e-02 -1.14194658e-02]
 [ 2.87566707e-02 -1.62302777e-02  9.68794107e-01 -2.44752347e-01
   1.76291745e-02 -9.95854847e-03  5.81254764e-03]
 [ 1.95111129e-02  5.61451837e-02 -2.43559554e-01 -9.67602372e-01
  -2.54757907e-02 -2.48303963e-03 -1.53667275e-02]
 [-1.23425154e-02 -2.85070390e-03 -2.28357259e-02 -2.05404274e-02
   9.99050260e-01  4.65141470e-03 -2.78001484e-02]
 [ 2.59553036e-03  2.09530145e-02  7.95839727e-03 -5.85097633e-03
   8.54354585e-05  9.86416876e-01  1.62599072e-01]
 [ 2.52271984e-02  1.15483245e-02 -1.16498144e-02 -1.18635511e-02
   2.80218758e-02 -1.62777066e-01  9.85734344e-01]]",11
8,9,7,0.9,0.9348762631416321,"[[ 9.9909902e-01  2.8497221e-02  3.9756750e-03  2.0678068e-02
   1.7211793e-02  1.5680794e-02 -1.8715356e-03]
 [-3.0111691e-02  9.9693662e-01  1.6087056e-03  7.0096903e-02
   4.1812853e-04  1.2034961e-02 -1.2221690e-02]
 [ 9.9217184e-03  2.4899922e-02 -9.4571489e-01 -3.2323682e-01
   2.4154934e-03 -1.2073757e-02  1.6470769e-02]
 [-1.6972871e-02 -6.6953540e-02 -3.2480538e-01  9.4216466e-01
  -8.0281112e-04  4.1818917e-02 -1.7520007e-02]
 [-8.0428394e-03  3.7608589e-03  8.1871019e-04  2.2826640e-02
   8.7486124e-01 -4.8362076e-01  1.1323320e-02]
 [-2.1038750e-02 -8.8813566e-03  2.5823959e-03 -3.8822573e-02
   4.8405948e-01  8.7368482e-01 -1.8055439e-02]
 [ 7.5269252e-04  1.0457646e-02  9.9563878e-03  2.1779574e-02
  -1.1836598e-03  2.2372160e-02  9.9940711e-01]]",11
9,10,8,0.9,1.100515604019165,"[[ 0.99769247 -0.031319   -0.02254231  0.01983757 -0.01670604  0.02743964
   0.02995424 -0.02824813]
 [ 0.03156836  0.99357975  0.09646162  0.02180323 -0.03169588  0.0032631
   0.03105278  0.00654397]
 [ 0.02134595 -0.09111563  0.97166777 -0.2071175  -0.00404749  0.06377028
   0.00836838  0.00729651]
 [ 0.01323988  0.03939914 -0.20604709 -0.9735549  -0.07077309  0.03190394
  -0.01742476 -0.04095701]
 [ 0.0293932   0.03097654  0.01316179 -0.08034549  0.9256598  -0.36613947
  -0.02395175  0.00836617]
 [-0.02145149  0.01234031 -0.05550671  0.01302666  0.36928073  0.92456967
   0.06379885  0.02948433]
 [-0.02732112 -0.0288706  -0.0109958  -0.02124327 -0.00222871 -0.06997574
   0.9952316   0.04960053]
 [ 0.03019488 -0.00431205 -0.01476917 -0.03671297 -0.02172022 -0.01918852
  -0.05132997  0.99701005]]",11
10,11,8,0.9,1.310837745666504,"[[ 9.46209252e-01 -2.35388681e-01  3.17132324e-02  1.88834372e-03
  -3.12242787e-02  9.24029723e-02  1.85349867e-01  6.63562119e-02]
 [ 2.15532750e-01  9.68259275e-01  7.57252052e-02  7.10653607e-03
   3.79233412e-03  3.62907648e-02  9.28284004e-02  1.69178769e-02]
 [-5.04685417e-02 -6.66906610e-02  9.92579639e-01 -7.46691227e-02
  -1.32932980e-02 -2.49688420e-02  2.43513007e-02 -2.86747478e-02]
 [-2.44693588e-02 -1.51116820e-02  7.11783245e-02  9.93771076e-01
   1.96744106e-03 -3.54302814e-03  7.75372088e-02  2.22957693e-02]
 [-5.70497592e-04 -1.74503010e-02  1.02150235e-02 -1.29344389e-02
   9.91547704e-01  2.84012146e-02  1.16481707e-01  4.33842018e-02]
 [-5.50533906e-02 -6.70919428e-03  2.50226427e-02  1.69058982e-02
  -2.28650356e-03  9.76419270e-01 -1.91474795e-01 -7.71345273e-02]
 [-1.14299720e-02  1.00531867e-02  3.50013003e-02 -1.57435623e-03
  -8.78416933e-03  1.77011285e-02 -2.87684530e-01  9.56759095e-01]
 [ 2.27872923e-01  4.40393947e-02  3.19940820e-02  7.95856416e-02
   1.24823824e-01 -1.87067106e-01 -9.04118538e-01 -2.66029179e-01]]",11
0,1,6,0.9,0.8953938484191895,"[[ 0.9980775  -0.01421126  0.02290035 -0.01804381 -0.03271329 -0.04146234]
 [ 0.01678792  0.98692495 -0.00984855  0.15848067  0.01228836 -0.01825565]
 [-0.02088005  0.00229662  0.99792486  0.04650564  0.03912403 -0.00334654]
 [ 0.01214422 -0.1595016  -0.04422171  0.98234767 -0.03079152 -0.08062988]
 [ 0.03783814 -0.01708162 -0.03936623  0.03404322  0.99309504  0.09659313]
 [-0.03929671 -0.00628125 -0.00438564 -0.0789283   0.10031155 -0.99101216]]",12
1,2,6,0.9,0.8999401926994324,"[[ 0.9836913   0.17777403  0.00753151 -0.00598511 -0.02280099  0.01164531]
 [-0.17301832  0.9669019  -0.09704082 -0.14050998  0.0774255  -0.00327924]
 [-0.02966766  0.14472656  0.89371324  0.42052838  0.00749189 -0.05050069]
 [ 0.00754434 -0.08661351  0.43430936 -0.89604807  0.0156176  -0.02589348]
 [ 0.03355628 -0.0689696   0.00290203  0.02103289  0.98467046  0.15521114]
 [-0.01879374  0.01710789  0.05630089 -0.00569924 -0.15365383  0.98617566]]",12
2,3,6,0.9,0.8372777700424194,"[[ 0.9972664   0.06033731 -0.00867759 -0.02567819 -0.03115156 -0.01067969]
 [-0.05692106  0.99476826 -0.02065491  0.04975612  0.06177633  0.02184881]
 [ 0.00454546  0.02582484  0.99360573 -0.10693307  0.01400426 -0.02071974]
 [ 0.02845341 -0.04432574  0.10834844  0.9923488  -0.02584165  0.0078884 ]
 [ 0.03471938 -0.06016254 -0.01112991  0.02387389  0.99592274 -0.05117695]
 [ 0.01356587 -0.02332755  0.01955781 -0.01020213  0.04987228  0.99814725]]",12
3,4,7,0.9,0.9755398631095886,"[[ 9.93484914e-01  1.01039752e-01 -1.30965151e-02 -4.24345732e-02
  -2.18059868e-02 -1.75143555e-02 -4.92323795e-03]
 [-1.01018749e-01  9.94223833e-01 -2.84030624e-02  1.49537735e-02
  -1.35766286e-02  8.72070994e-03 -4.83092805e-03]
 [ 2.21723709e-02  2.59404145e-02  9.63050663e-01  2.65666336e-01
   1.87080801e-02  1.66910682e-02  1.27198780e-02]
 [ 3.94951552e-02 -1.89462360e-02 -2.65675753e-01  9.61139739e-01
  -3.81675512e-02  4.72244099e-02  4.58388682e-03]
 [ 2.28514522e-02  1.38694262e-02 -2.91338377e-02  2.60575507e-02
   9.94308770e-01  9.52421427e-02  6.05117483e-03]
 [ 1.38709005e-02 -7.90829677e-03 -5.09180012e-04 -5.33190779e-02
  -9.38851833e-02  9.93785739e-01 -2.18468048e-02]
 [ 4.10636049e-03  4.80243843e-03 -1.10727046e-02 -9.24766157e-03
  -8.30687862e-03  2.06695385e-02  9.99627769e-01]]",12
4,5,7,0.9,0.8960705399513245,"[[ 0.99539375  0.05876312  0.00451059 -0.02843083 -0.05464799  0.01520695
   0.0411308 ]
 [-0.05815424  0.9924705  -0.09503294  0.0434006  -0.00133085  0.00629433
   0.02576723]
 [-0.01163668  0.09499574  0.99442565 -0.00939658 -0.02167486  0.03557182
  -0.01160161]
 [ 0.03019669 -0.03945812  0.01628987  0.992849   -0.03680345 -0.10079617
  -0.00153901]
 [ 0.05120548  0.00244752  0.02325001  0.03575898  0.9930699   0.00629658
   0.0965668 ]
 [ 0.0090748   0.01297775  0.03416579 -0.10087548  0.00287708 -0.9924231
   0.05911095]
 [-0.0453612  -0.02816878  0.00963449  0.00401059 -0.09482249  0.05797048
   0.9923145 ]]",12
5,6,7,0.9,0.8531279563903809,"[[ 9.8999369e-01 -1.3115576e-01  1.6841076e-02 -2.9781999e-02
  -2.2396464e-03 -1.4365054e-02  3.6449805e-02]
 [ 1.3063209e-01  9.9030274e-01  2.7020182e-02  2.5375919e-02
  -8.4040910e-03 -2.4783619e-02  1.3299934e-02]
 [-1.4493022e-02 -2.6849052e-02  9.8863429e-01  1.3493295e-01
   5.2854070e-05  5.0985366e-02 -2.9409446e-02]
 [ 2.9560484e-02 -2.5249660e-02 -1.3624600e-01  9.8951942e-01
  -1.7368395e-02  6.1817733e-03 -2.0907607e-02]
 [ 4.6663587e-03  1.0824443e-02 -8.5388441e-03  1.6383272e-02
   9.8570430e-01  1.5855734e-01  5.2594762e-02]
 [ 1.5810836e-02  2.2317121e-02 -4.6797674e-02 -1.4502570e-02
  -1.6093472e-01  9.8460484e-01  3.8794216e-02]
 [-3.8626421e-02 -1.1182631e-02  2.7615907e-02  2.5195107e-02
  -4.5930613e-02 -4.4211037e-02  9.9645436e-01]]",12
6,7,7,0.9,0.863967776298523,"[[ 9.9679834e-01 -6.3043945e-02 -3.3242699e-02 -3.0407678e-02
  -8.8479667e-04  1.9492874e-02  2.8293615e-03]
 [ 6.0222235e-02  9.9554467e-01 -5.8497865e-02 -2.8222473e-02
   3.1972598e-02 -2.6814563e-03  4.0272488e-03]
 [ 4.4378236e-02  6.2135916e-02  9.5365059e-01  2.9038930e-01
  -1.6906375e-02  9.5689362e-03  4.1160914e-03]
 [ 1.9791232e-02  7.1816645e-03 -2.9138193e-01  9.5505434e-01
   4.9782544e-02  6.5855221e-03 -1.6807149e-03]
 [-1.8841623e-04  3.1230960e-02 -3.3040110e-02  4.1155346e-02
  -9.9512511e-01  6.8014741e-02  3.6595695e-02]
 [-1.9760637e-02  1.2846013e-03 -4.3948907e-03 -1.1348398e-02
   6.6715062e-02  9.9701166e-01 -3.1251628e-02]
 [-3.8274042e-03 -5.1835063e-03 -3.0171862e-03 -1.2526476e-03
   3.8574751e-02  2.8630299e-02  9.9881935e-01]]",12
7,8,7,0.9,0.9429609775543213,"[[ 9.98148799e-01 -4.85018920e-03 -2.79359575e-02  3.93046513e-02
   2.02246029e-02 -6.59559155e-04 -3.06713209e-02]
 [ 3.04303155e-03  9.97713923e-01  3.01933624e-02  5.52273989e-02
   6.14485180e-04 -1.95241105e-02 -1.46443015e-02]
 [ 3.46296132e-02 -1.91261377e-02  9.80712414e-01 -1.91021413e-01
   1.09032178e-02  5.39752468e-03 -9.75805684e-04]
 [ 3.37658301e-02  5.97391799e-02 -1.90466732e-01 -9.79015648e-01
  -2.23174039e-02 -1.75435399e-03 -6.37941062e-03]
 [-2.05395035e-02  2.36091833e-03 -1.47728575e-02 -2.03577522e-02
   9.95157301e-01  8.86880532e-02 -2.71338113e-02]
 [ 6.07351447e-03  2.12082472e-02 -3.86321731e-03  1.61458598e-03
  -8.47016200e-02  9.88558173e-01  1.22777082e-01]
 [ 2.98603158e-02  1.23905232e-02 -6.04478701e-04 -5.21278940e-03
   3.82258631e-02 -1.20305255e-01  9.91459906e-01]]",12
8,9,8,0.9,0.9773603081703186,"[[ 9.9900091e-01 -1.9939348e-02 -8.0939559e-03  3.2047104e-02
   4.8171366e-03  1.8966462e-02 -8.2826260e-03 -7.4567660e-03]
 [ 1.8465545e-02  9.9865317e-01 -1.0394590e-02  4.0716033e-02
  -9.4191888e-03 -4.1658259e-03 -5.0813165e-03 -2.1285919e-02]
 [ 1.4089146e-02  1.7696986e-02  9.8354501e-01 -1.7690231e-01
   2.2495583e-02 -3.2230328e-05  1.4848099e-02  1.0325572e-02]
 [-3.1991940e-02 -3.8246766e-02  1.7881258e-01  9.7987592e-01
  -3.5353091e-02  5.4546956e-02 -2.3560481e-02 -2.4548665e-02]
 [ 5.6746532e-05  5.3674718e-03 -1.2105719e-02  5.5148710e-02
   9.4370401e-01 -3.2532349e-01  1.8617863e-02  4.8974566e-03]
 [-1.8509101e-02  8.2856994e-03 -1.3889632e-02 -3.9483592e-02
   3.2776523e-01  9.4311351e-01 -2.3196349e-02 -2.0141892e-02]
 [ 6.4682118e-03  2.3146211e-03 -1.0113752e-02  2.2241196e-02
  -1.1172527e-02  2.7639708e-02  9.9629182e-01 -7.6614074e-02]
 [ 7.0606200e-03  2.0381622e-02 -7.0696147e-03  2.7729949e-02
  -1.4111475e-04  2.4190191e-02  7.5152971e-02  9.9623424e-01]]",12
9,10,8,0.9,1.114112138748169,"[[ 9.98258054e-01  1.41060315e-02  8.56683590e-04 -2.02152561e-02
  -3.47563587e-02  2.00069416e-02  3.08498181e-02 -1.76791698e-02]
 [-1.59017351e-02  9.95156288e-01  8.54383335e-02 -1.17696989e-02
  -2.78076697e-02 -1.53683650e-04  2.90335361e-02  1.88882872e-02]
 [-3.13341548e-03  8.14225301e-02 -9.72035170e-01 -2.07796231e-01
   4.34167031e-03 -7.12121874e-02 -2.65993900e-03 -1.52263278e-02]
 [ 1.52137913e-02  2.84005590e-02 -2.06840247e-01  9.71378922e-01
  -9.30968896e-02  2.71719266e-02 -1.65119842e-02 -5.40743358e-02]
 [ 4.05555218e-02  1.89980175e-02  3.51450928e-02  9.38513055e-02
   7.16601133e-01 -6.88721180e-01 -8.90167151e-03 -4.21478739e-03]
 [ 9.09638219e-03  2.28701159e-02 -5.58854118e-02  3.55211161e-02
   6.89021945e-01  7.19309449e-01  4.56688106e-02  2.76816357e-02]
 [-2.92077009e-02 -3.03900167e-02 -6.98869955e-03  1.81983896e-02
  -2.58495994e-02 -4.05129790e-02  9.96545196e-01  4.93095741e-02]
 [ 2.01541670e-02 -1.48788448e-02 -2.56345775e-02  4.79114950e-02
  -1.99057963e-02 -2.01462321e-02 -5.15591316e-02  9.96473491e-01]]",12
10,11,10,0.9,1.6643418073654175,"[[ 0.9244789  -0.2675734   0.00330481 -0.03292003 -0.04348629  0.15595081
   0.16647682  0.06262635 -0.092193   -0.07937718]
 [ 0.23600087  0.95907205  0.04876994 -0.04153611 -0.02246359  0.08885983
   0.09625188  0.01498952 -0.01437116 -0.04779488]
 [-0.02356522 -0.04885736  0.9947031   0.03802687 -0.0331151   0.01044578
   0.04356513 -0.05157421  0.01566404 -0.01296979]
 [ 0.03388066  0.03239501 -0.0353789   0.994907   -0.04476411  0.05151839
  -0.01493361  0.01630731 -0.03472757  0.0189273 ]
 [ 0.00384363 -0.00242854  0.02253931  0.04093691  0.9719992   0.118714
   0.17853093  0.01087429  0.0420155   0.07185511]
 [-0.03588276 -0.01157821  0.01340409 -0.04873775 -0.00106174  0.82716095
  -0.5530247  -0.0583858   0.01023677  0.04976827]
 [-0.0121275   0.01153063  0.06147381 -0.01020696  0.03665452 -0.07157202
  -0.2090692   0.97178215  0.02053426 -0.0296371 ]
 [ 0.17504749  0.05244678  0.0396409   0.01294875  0.21776684 -0.4401083
  -0.68554336 -0.19105524 -0.34753972 -0.31063697]
 [ 0.16539262  0.01061484 -0.00422923  0.03605472  0.03083821 -0.16187704
  -0.24024935 -0.08527121  0.9308851  -0.11189988]
 [ 0.1687998   0.04486181  0.02946917 -0.01679723 -0.0018345  -0.20422949
  -0.22757661 -0.03558511 -0.01482781  0.93453366]]",12
0,1,6,0.9,0.8963565826416016,"[[ 9.9824113e-01 -6.6899867e-03  2.6549384e-02 -1.3934238e-02
   3.1811759e-02 -3.9483257e-02]
 [ 9.3511762e-03  9.8723847e-01 -2.1871466e-02  1.5533175e-01
  -1.9916030e-02 -1.6425986e-02]
 [-2.4560587e-02  1.6185509e-02  9.9813575e-01  3.4123354e-02
  -4.1112408e-02  2.3020674e-03]
 [ 9.6351989e-03 -1.5634203e-01 -2.9674320e-02  9.8387223e-01
   2.4540728e-02 -7.7310681e-02]
 [ 3.6973424e-02 -2.3888905e-02 -4.0758565e-02  2.7387895e-02
  -9.9259329e-01  1.0202692e-01]
 [-3.6934599e-02 -6.3232286e-03 -2.5789294e-04 -7.5886808e-02
  -1.0515441e-01 -9.9084789e-01]]",13
1,2,6,0.9,0.8970748782157898,"[[ 0.98386216  0.17649421  0.00649048 -0.00556706 -0.02727119  0.0069518 ]
 [-0.17160092  0.96746737 -0.09254191 -0.14241143  0.07493734 -0.00996426]
 [-0.02866667  0.14322871  0.88687855  0.43639746  0.00438454 -0.04059809]
 [ 0.00834354 -0.08763616  0.449921   -0.8880669   0.0143447  -0.03086807]
 [-0.03797531  0.06481021 -0.00405653 -0.01953102 -0.98569494 -0.1495493 ]
 [-0.01532864  0.02148669  0.04893833 -0.01417629 -0.14771959  0.9873634 ]]",13
2,3,6,0.9,0.8190214037895203,"[[ 0.9971463   0.06200713 -0.00709998 -0.02924337 -0.02934721  0.00935008]
 [-0.0590308   0.9955554  -0.01639227  0.03916277  0.05587681 -0.0214467 ]
 [ 0.00448485  0.01846666  0.99753755 -0.06427458  0.01757113  0.01084582]
 [ 0.03097186 -0.03466238  0.06537044  0.99619883 -0.03251308 -0.00983975]
 [ 0.03293125 -0.05415586 -0.01530857  0.03116756  0.99568564  0.05819793]
 [ 0.01227531 -0.02343068  0.00959004 -0.00981929  0.05710314 -0.99792343]]",13
3,4,6,0.9,0.7933768630027771,"[[ 0.9926169   0.11315297 -0.00490499 -0.03520267 -0.01719529 -0.01868345]
 [-0.11301012  0.9930481  -0.02392603  0.01093226 -0.01645346  0.01102784]
 [ 0.0098663   0.02239062  0.979275    0.19992146  0.00609672  0.02039722]
 [ 0.03538384 -0.01276572 -0.20031363  0.976915   -0.03921846  0.05058079]
 [ 0.01817984  0.01675484 -0.01517757  0.03133869  0.9943565   0.09711607]
 [-0.01613944  0.01034205  0.00824956  0.05768527  0.0954651  -0.99354076]]",13
4,5,7,0.9,0.9845690727233887,"[[ 0.99581647  0.0616237   0.00947102 -0.03136154 -0.04882767  0.01152294
   0.03101282]
 [-0.06003     0.99189097 -0.10381652  0.03634845 -0.00169487  0.00944286
   0.01891156]
 [-0.01863123  0.10350657  0.99335057 -0.02670407 -0.03255524  0.02022861
   0.00343756]
 [ 0.03111756 -0.03090913  0.03131777  0.9912919  -0.03686447 -0.10811986
   0.03724366]
 [ 0.04599593  0.00432382  0.03244302  0.03802349  0.99238694  0.0602718
   0.08308414]
 [ 0.00558365  0.0132302   0.01708712 -0.11042853  0.05258173 -0.9842078
   0.12600555]
 [-0.03582755 -0.02218496 -0.00786093 -0.02612207 -0.08716445  0.12402071
   0.9871683 ]]",13
5,6,7,0.9,0.8485207557678223,"[[ 9.9042833e-01 -1.2822531e-01  1.6014799e-02 -2.6575562e-02
   7.6922931e-04 -6.5654777e-03  4.0043797e-02]
 [ 1.2756786e-01  9.9131268e-01  2.2019081e-02  1.0160613e-02
   1.0449394e-02 -9.8526655e-03  1.5213772e-02]
 [-1.2450902e-02 -2.1456895e-02  9.8145729e-01  1.8492566e-01
   8.9766355e-03  3.4991823e-02 -2.4974672e-02]
 [ 2.8898854e-02 -9.5853247e-03 -1.8563920e-01  9.8162931e-01
   2.4826676e-02  3.0593604e-03 -1.9728614e-02]
 [ 1.7424887e-03  1.0470678e-02  1.0880035e-03  2.5851954e-02
  -9.9031729e-01  1.2756191e-01  4.7090001e-02]
 [ 7.7832681e-03  8.3982926e-03 -3.3810228e-02 -1.2862927e-02
   1.2736878e-01  9.9112928e-01 -5.7401846e-04]
 [-4.1524999e-02 -1.1188576e-02  1.9852597e-02  2.3729684e-02
   4.7351453e-02 -4.1012987e-03  9.9746388e-01]]",13
6,7,7,0.9,0.8622468113899231,"[[ 9.9653316e-01 -7.0403099e-02 -2.1931814e-02 -2.8709184e-02
  -2.3820936e-03  2.5477037e-02 -2.2633374e-03]
 [ 6.8018407e-02  9.9476999e-01 -5.9738889e-02 -3.3889681e-02
   3.2944459e-02  1.8346764e-03 -3.9637467e-04]
 [ 3.2406326e-02  6.4490259e-02  9.6965963e-01  2.3285131e-01
  -1.6699316e-02  6.4856689e-03  3.2391883e-03]
 [ 2.3973173e-02  1.6303550e-02 -2.3457082e-01  9.7114325e-01
   3.1725097e-02  2.8608416e-03  1.4980781e-03]
 [ 1.9136142e-03 -3.2266237e-02  2.5957225e-02 -2.5478130e-02
   9.9532914e-01 -7.9538926e-02 -2.5014456e-02]
 [-2.5766738e-02 -3.0575318e-03 -2.8522399e-03 -5.4839421e-03
   7.8972742e-02  9.9629831e-01 -2.1012021e-02]
 [ 1.6489162e-03 -8.7017752e-04 -2.2746967e-03 -3.0416995e-03
   2.6585650e-02  1.8988023e-02  9.9945718e-01]]",13
7,8,7,0.9,0.9441562294960022,"[[ 9.95720565e-01  6.89386353e-02 -2.94537060e-02  3.82570103e-02
   1.07141631e-02  4.87369997e-03 -3.63101959e-02]
 [-7.08724558e-02  9.95760798e-01  2.12340634e-02  5.21052852e-02
   2.70008249e-03 -5.66925621e-03 -1.52432183e-02]
 [ 3.55347432e-02 -1.15946159e-02  9.89752114e-01 -1.34556666e-01
   1.23659139e-02 -2.59106830e-02  7.98624009e-03]
 [ 3.00675370e-02  5.64931892e-02 -1.35225222e-01 -9.88192260e-01
  -1.59667730e-02 -2.78122835e-02 -8.14116560e-03]
 [-1.21089648e-02 -2.64372770e-03 -1.20589575e-02 -1.66917499e-02
   9.96167183e-01  7.33798966e-02 -4.10930514e-02]
 [ 3.36924801e-03  9.81366914e-03  2.09920369e-02 -3.02229431e-02
  -6.52959719e-02  9.81717527e-01  1.74657971e-01]
 [ 3.45394574e-02  1.66968144e-02 -1.41548654e-02 -1.97659814e-04
   5.34546748e-02 -1.71304777e-01  9.82916653e-01]]",13
8,9,8,0.9,0.9831691980361938,"[[ 9.9902111e-01 -1.7883888e-02 -1.8100943e-02  1.0866236e-02
   2.0927081e-02  2.4132021e-02 -2.9224341e-03 -1.2745947e-02]
 [ 1.6109575e-02  9.9789983e-01 -1.4456259e-02  5.4149289e-02
   1.4452308e-02  1.4320503e-02 -2.7424735e-03 -1.9332891e-02]
 [ 2.1585988e-02  2.5969291e-02  9.7616208e-01 -2.0990641e-01
  -6.4900508e-03 -3.6322676e-02  2.2663847e-02  5.6104739e-03]
 [-1.0145115e-02 -5.1266655e-02  2.1395676e-01  9.7222805e-01
   2.7170740e-02  7.0097931e-02 -1.8216671e-02 -1.6733551e-02]
 [-2.6921192e-03 -4.2545372e-03 -1.2220108e-02  2.3819303e-02
   7.9923683e-01 -6.0003155e-01  2.0590430e-02  4.0911334e-03]
 [-3.1211829e-02 -1.5502318e-02  1.8261377e-02 -8.0173835e-02
   5.9970498e-01  7.9426956e-01 -3.1139344e-02 -2.3330839e-02]
 [ 4.3463518e-04 -6.1220920e-04 -1.7313171e-02  1.8326335e-02
   2.0404395e-03  3.7435114e-02  9.9585229e-01 -7.8971222e-02]
 [ 1.2117627e-02  1.7736079e-02 -3.3105486e-03  1.8180782e-02
   1.1966041e-02  2.6002878e-02  7.7607915e-02  9.9616998e-01]]",13
9,10,8,0.9,1.098677158355713,"[[ 9.97747838e-01  2.33310610e-02 -6.12934411e-04  8.09510984e-03
  -3.33304442e-02  2.60460284e-02  3.37183699e-02 -3.10278535e-02]
 [-2.48036645e-02  9.96469498e-01  7.00692311e-02 -1.37414690e-03
  -2.19207034e-02  7.27957301e-03  2.92852186e-02  1.14248078e-02]
 [-1.51384308e-03  6.81819245e-02 -9.82457280e-01 -1.53462231e-01
  -5.19137457e-02 -6.13055080e-02  2.77236896e-03 -1.07226288e-02]
 [-8.19577929e-03  1.42431706e-02 -1.55411646e-01  9.85048771e-01
   3.93218547e-02  1.53620485e-02 -2.75817700e-02 -5.20880856e-02]
 [ 4.07592393e-02  2.49543618e-02 -1.76599510e-02 -3.25617306e-02
   9.19087172e-01 -3.89115542e-01  5.58544090e-03  1.34307565e-02]
 [-1.09353643e-02  5.56402653e-03 -7.13470951e-02 -3.92999761e-02
   3.85879576e-01  9.18306530e-01  2.16531660e-02  2.35751309e-02]
 [-3.22142020e-02 -3.03620603e-02 -2.50101741e-03  3.00325602e-02
  -1.11554684e-02 -1.87165998e-02  9.97881293e-01  2.98393443e-02]
 [ 3.15575637e-02 -8.77227169e-03 -1.75039899e-02  5.05386926e-02
  -2.04573013e-02 -1.50385592e-02 -3.11434753e-02  9.97222126e-01]]",13
10,11,10,0.9,1.650856375694275,"[[ 9.2849827e-01 -2.5864297e-01  3.7667487e-02  5.5028580e-02
  -5.9517287e-02  1.5117772e-01  1.5847267e-01 -9.9078432e-02
   1.6551759e-02 -7.0332378e-02]
 [ 2.2314188e-01  9.6042651e-01  5.4592520e-02  4.4790749e-03
  -2.2665462e-02  7.9741396e-02  1.1386336e-01 -5.1102981e-02
   4.1772328e-02 -2.4383370e-02]
 [-4.2715527e-02 -3.8732007e-02  9.9153453e-01  9.4511926e-02
   1.1993952e-02 -3.0137699e-02 -9.1371490e-03  4.6837408e-02
  -3.2674398e-02  1.4311069e-02]
 [-1.1751647e-03  2.4708916e-02 -9.1657087e-02  9.2009485e-01
   3.4849074e-01 -2.4693664e-02 -1.2997378e-01 -9.9550700e-04
   5.5744732e-03 -7.3701933e-02]
 [ 3.0189728e-02 -1.1343501e-02  2.2218494e-02 -3.1403750e-01
   9.2177618e-01  1.1471528e-01  1.7289425e-01 -7.1097729e-03
  -6.0586877e-02  5.8326960e-02]
 [-3.7789084e-02  5.9236125e-03  1.6132409e-02 -3.6916368e-02
  -2.6464013e-02  8.4962398e-01 -5.0748527e-01  1.0398908e-01
  -7.7441342e-02 -4.4254129e-04]
 [ 2.4611009e-02  1.9205768e-02  3.5105199e-02 -7.6823346e-02
   5.2335087e-02 -1.6204837e-01 -4.2472562e-01 -8.7038553e-01
  -1.4813614e-01  5.4638989e-02]
 [ 2.1521229e-01  5.0723616e-02  1.1978303e-02 -1.6736306e-01
   1.4440238e-01 -3.6570445e-01 -6.3408232e-01  3.1532493e-01
   4.9900532e-01 -1.3367383e-01]
 [ 3.1274863e-02 -1.3337669e-02 -3.0610433e-03  8.4761500e-02
  -1.9485448e-02  6.5709949e-02  3.3384837e-02 -4.5012455e-02
   3.8580969e-01  9.1376305e-01]
 [-1.8982369e-01 -7.2737008e-02  4.3814830e-02  1.9128203e-02
  -3.4621076e-03  2.6444411e-01  2.7192721e-01 -3.3983231e-01
   7.5326937e-01 -3.6000392e-01]]",13
0,1,6,0.9,0.8983588814735413,"[[ 0.9979648  -0.01998593  0.02315931 -0.01901424 -0.02915396 -0.04380735]
 [ 0.02254339  0.9846405  -0.00578441  0.17149103  0.01083815 -0.02036571]
 [-0.0219628   0.00297841  0.9989784   0.01672603  0.03538484 -0.00437479]
 [ 0.01091361 -0.1724801  -0.0147992   0.98071694 -0.03474367 -0.08306414]
 [ 0.03442513 -0.01681517 -0.03461913  0.03941061  0.99331355  0.09543952]
 [-0.04209043 -0.00652856 -0.00741017 -0.08118258  0.09950672 -0.99077684]]",14
1,2,6,0.9,0.9027591347694397,"[[ 0.9862679   0.1627908   0.00769334 -0.01145924 -0.02085681  0.01221873]
 [-0.15956034  0.9713264  -0.07473943 -0.13706188  0.08173218 -0.00365824]
 [-0.02210099  0.1222725   0.9083889   0.395494   -0.00479704 -0.05433309]
 [ 0.00302253 -0.09785271  0.40753227 -0.9075926   0.01875587 -0.0160317 ]
 [ 0.03114425 -0.07203135  0.01123303  0.03063931  0.9851658   0.14908043]
 [-0.01867051  0.0176042   0.05454963  0.00203525 -0.14818384  0.98711866]]",14
2,3,6,0.9,0.8379402160644531,"[[ 0.99798924  0.04518351 -0.00967039 -0.02629758 -0.03294609 -0.0102709 ]
 [-0.04115963  0.9945258  -0.01933554  0.06501546  0.06277491  0.02613042]
 [ 0.00808201  0.02159868  0.99874353 -0.04035267  0.01635082 -0.00916198]
 [ 0.02860339 -0.06154079  0.0418041   0.9964741  -0.02614591  0.00170713]
 [ 0.03560053 -0.06181045 -0.01482095  0.0219974   0.99586785 -0.0495547 ]
 [ 0.01313705 -0.02833057  0.00876518 -0.00295465  0.04764509  0.99833316]]",14
3,4,6,0.9,0.8304264545440674,"[[ 0.99373376  0.10392994 -0.00652609 -0.0351572  -0.0166618  -0.01164081]
 [-0.10409734  0.9935252  -0.04114275  0.00600726 -0.01521212  0.01054253]
 [ 0.01046254  0.04025927  0.973164    0.22572681  0.01627937  0.00197572]
 [ 0.03430415 -0.01243553 -0.22507863  0.97242045 -0.02486196  0.04229119]
 [ 0.0166393   0.01500141 -0.02135062  0.01602221  0.99498075  0.09380248]
 [ 0.00968571 -0.01028107  0.01001108 -0.04378424 -0.09285046  0.99456626]]",14
4,5,7,0.9,0.894831657409668,"[[ 9.9527371e-01  6.3338697e-02  4.3005729e-03 -2.8704366e-02
  -5.0999030e-02  2.1472402e-02  3.8911406e-02]
 [-6.2241741e-02  9.9275839e-01 -9.0581417e-02  4.3950960e-02
   3.3780637e-03  7.4271285e-03  1.8798279e-02]
 [-1.4137412e-02  9.2881173e-02  9.9146992e-01 -7.4629411e-02
  -2.6299909e-02  4.1945565e-02 -1.1831996e-02]
 [ 3.0217635e-02 -3.3727713e-02  8.0614924e-02  9.9099863e-01
  -4.3574065e-02 -8.6283334e-02 -5.3652786e-03]
 [ 4.8366979e-02 -8.5175136e-04  3.2134417e-02  3.8062975e-02
   9.9212086e-01 -2.2895001e-02  1.0173776e-01]
 [ 1.4777248e-02  1.4727778e-02  3.3922091e-02 -9.0140946e-02
  -2.5656361e-02 -9.9388748e-01  4.2638671e-02]
 [-4.3422922e-02 -2.0899018e-02  9.0478333e-03  4.7294442e-03
  -9.9173121e-02  4.4079710e-02  9.9287218e-01]]",14
5,6,7,0.9,0.8734588027000427,"[[ 9.88095701e-01 -1.43200755e-01  1.39481304e-02 -3.53976674e-02
  -8.98067746e-03 -2.21024025e-02  3.38163748e-02]
 [ 1.42467767e-01  9.88038838e-01  3.80759500e-02  2.89149042e-02
  -5.06481389e-03 -3.12285814e-02  1.39817530e-02]
 [-1.35031100e-02 -3.71732824e-02  9.91917849e-01  1.03843056e-01
   8.46416131e-03  5.53183369e-02 -2.48929411e-02]
 [ 3.32130343e-02 -2.96420846e-02 -1.04947709e-01  9.93229270e-01
  -1.47577813e-02  2.34050414e-04 -1.67957731e-02]
 [ 1.31542431e-02  8.48568045e-03 -1.81631278e-02  1.33352121e-02
   9.81169045e-01  1.83537811e-01  5.35565838e-02]
 [ 2.32340209e-02  2.81674750e-02 -4.97781895e-02 -7.46739516e-03
  -1.86967164e-01  9.79425669e-01  4.36088704e-02]
 [-3.70318405e-02 -1.21205943e-02  2.51569320e-02  1.97405443e-02
  -4.42124717e-02 -5.01524396e-02  9.96488452e-01]]",14
6,7,7,0.9,0.881568431854248,"[[ 9.9549246e-01 -8.1575379e-02 -3.9529089e-02 -2.3652812e-02
  -2.5438520e-03  1.3946330e-02  4.1509792e-03]
 [ 7.8207955e-02  9.9367982e-01 -7.0704505e-02 -2.6784265e-02
   2.5102751e-02 -1.1695950e-02  7.0859352e-04]
 [ 4.9189784e-02  7.1298584e-02  9.7392040e-01  2.0858581e-01
   1.5755386e-04  2.1273369e-02 -3.9313152e-03]
 [ 1.5429238e-02  8.6701820e-03 -2.1071737e-01  9.7493005e-01
   6.5326020e-02  2.0565452e-02 -1.0290011e-02]
 [-1.0446219e-03  2.6722997e-02 -1.6789988e-02  6.0913105e-02
  -9.9250025e-01  9.6956424e-02  2.8901175e-02]
 [-1.4170943e-02  8.5391337e-03 -1.5182386e-02 -3.0826924e-02
   9.4678268e-02  9.9412739e-01 -3.5948761e-02]
 [-4.3196692e-03 -4.6187243e-04  1.8162262e-03  8.1097502e-03
   3.2790780e-02  3.3218797e-02  9.9886602e-01]]",14
7,8,7,0.9,0.963658332824707,"[[ 9.96758938e-01 -5.54068126e-02 -3.68838236e-02  2.97758952e-02
   1.54367946e-02 -1.43779777e-02 -2.66369097e-02]
 [ 5.36433868e-02  9.97168899e-01  6.32930407e-03  4.55891937e-02
   3.99134587e-03 -2.34155804e-02 -9.69054922e-03]
 [ 3.93944010e-02 -3.96783883e-03  9.94597912e-01 -9.56487507e-02
   5.04256971e-03  5.48427319e-03 -1.76547165e-03]
 [ 2.88748462e-02  4.46760021e-02 -9.64564607e-02 -9.93623018e-01
  -2.22379640e-02  6.85351621e-03 -6.16617221e-03]
 [-1.35366730e-02  1.10163423e-03 -7.34968903e-03 -2.04240754e-02
   9.86763477e-01  1.56461105e-01 -3.40898521e-02]
 [ 2.04598662e-02  2.31929086e-02 -4.04992374e-03  1.14363618e-02
  -1.50948778e-01  9.80806649e-01  1.18865795e-01]
 [ 2.46240739e-02  5.78326872e-03  4.74753353e-04 -7.17453426e-03
   5.23267500e-02 -1.12721726e-01  9.91899252e-01]]",14
8,9,7,0.9,0.9228830337524414,"[[ 9.9881238e-01  2.1696629e-02 -7.9497062e-03  3.9539848e-02
   3.7522840e-03  1.5252358e-02 -5.4637068e-03]
 [-2.2976115e-02  9.9863327e-01 -2.8124776e-02  3.2503746e-02
  -1.3724297e-02 -1.2595801e-02 -3.0539855e-03]
 [ 1.5198657e-02  3.4736384e-02  9.7794569e-01 -2.0438460e-01
   1.5872827e-02 -4.8818570e-03  1.1652303e-02]
 [-3.6717594e-02 -2.7141064e-02  2.0652737e-01  9.7537160e-01
  -5.3018842e-02  3.1364739e-02 -1.0823805e-02]
 [-6.5544521e-04  6.1278283e-03 -3.9998265e-03  6.3233048e-02
   9.3153888e-01 -3.5792533e-01  8.5036447e-03]
 [-1.5599385e-02  1.6560571e-02 -3.5653496e-03 -9.8696034e-03
   3.5902750e-01  9.3299001e-01 -1.0899734e-03]
 [ 4.8019974e-03  2.4362258e-03 -9.2608044e-03  1.2707945e-02
  -8.3119245e-03  4.5026806e-03  9.9981719e-01]]",14
9,10,8,0.9,1.1259065866470337,"[[ 0.996036    0.06399153  0.00759435 -0.0374635   0.03049458  0.01269448
   0.03493438 -0.00668361]
 [-0.06501807  0.9922095  -0.09557806 -0.02636772  0.01813537 -0.00837635
   0.02079717  0.02511797]
 [-0.0204886   0.08398134  0.957853   -0.2628644  -0.0277437  -0.0713256
  -0.00922309  0.00226569]
 [ 0.02724269  0.05156245  0.26130387  0.95633185  0.10803257 -0.00548556
  -0.00336527 -0.0451264 ]
 [ 0.03256771  0.00475569 -0.05392827  0.07881489 -0.6250873  -0.7735788
  -0.01772151 -0.01800864]
 [ 0.01525957  0.02426037  0.04466884  0.07951155 -0.7703383   0.6257431
   0.05190535  0.05649296]
 [-0.03337788 -0.02422266  0.00856985  0.00181592  0.02931795 -0.04946803
   0.99656314  0.0421618 ]
 [ 0.01074085 -0.02271282  0.00825011  0.04117952  0.03585576 -0.04717552
  -0.04587227  0.9959867 ]]",14
10,11,9,0.9,1.4097874164581299,"[[ 9.6091276e-01 -1.5820405e-01  5.7213730e-03 -3.1040646e-02
  -6.8013467e-02  1.8983883e-01  8.1180952e-02  3.3663541e-02
  -4.7261126e-02]
 [ 1.4558983e-01  9.8419446e-01 -6.1734848e-02 -3.1635419e-02
  -5.7627545e-03  6.4299166e-02  3.4021117e-02  1.5855989e-03
   5.0362526e-03]
 [ 1.8870432e-02  6.0443930e-02  9.8502666e-01 -1.1663247e-01
   6.8004578e-02 -5.3898752e-02 -4.2604126e-02  4.7168180e-02
   2.3239072e-02]
 [ 3.3522733e-02  3.4432232e-02  1.1625071e-01  9.8994297e-01
  -5.2622437e-02  6.9168196e-03 -3.0458195e-02  2.0738097e-02
  -3.8226636e-03]
 [ 3.3466846e-02  2.2132665e-02  2.4372591e-02 -5.2940253e-02
  -8.9054257e-01 -4.3296549e-01 -1.1931477e-01  6.5611061e-03
  -1.3753733e-02]
 [-2.9016526e-02  6.4944517e-04 -5.2286182e-03 -3.3882640e-02
  -1.1771084e-01  4.8139116e-01 -8.6646134e-01 -3.5845071e-02
   1.8674340e-02]
 [-3.4514084e-02  2.7587157e-04 -4.9859550e-02 -1.4773109e-02
   4.0956493e-03  1.2211678e-02 -3.3046279e-02  9.9741763e-01
  -2.1537032e-03]
 [ 2.0407356e-01  3.1032292e-02 -8.6114295e-02  1.4213042e-02
   4.1690633e-01 -7.1163791e-01 -4.6364713e-01 -5.9060017e-03
  -2.3351742e-01]
 [ 9.5765859e-02 -6.3538044e-03 -4.2909581e-02  8.6323144e-03
   8.4838837e-02 -1.7635123e-01 -9.1963664e-02  2.1581384e-03
   9.7062528e-01]]",14
0,1,6,0.9,0.900205135345459,"[[ 0.99805844 -0.02198857  0.02173144 -0.01512599 -0.03097821 -0.04165497]
 [ 0.02473464  0.98363566 -0.02989252  0.17340854  0.02117041 -0.02089901]
 [-0.01921513  0.01332859  0.9947613   0.09386092  0.03238973 -0.00663648]
 [ 0.00935204 -0.17649762 -0.08968075  0.97729075 -0.01464335 -0.07353114]
 [ 0.03589829 -0.0236216  -0.03203142  0.01576972  0.9920964   0.11235332]
 [-0.0390148  -0.00950213 -0.00392668 -0.07446407  0.11433847 -0.9898252 ]]",15
1,2,6,0.9,0.9082051515579224,"[[ 0.98373246  0.17780086  0.00596446 -0.00574529 -0.01999083  0.01375058]
 [-0.17241293  0.96259105 -0.11736989 -0.15212415  0.08213622 -0.00533074]
 [-0.03228674  0.16564484  0.9025607   0.39243266  0.00402702 -0.05370162]
 [ 0.00964198 -0.09283359  0.40996093 -0.9068056   0.01273524 -0.02761394]
 [ 0.03123288 -0.07310343  0.00961811  0.0214879   0.9854598   0.1483074 ]
 [-0.02081657  0.020122    0.05841573 -0.00798892 -0.14678055  0.9869858 ]]",15
2,3,6,0.9,0.8295156955718994,"[[ 0.9974561   0.05313309 -0.01860395 -0.02760924 -0.03218089 -0.01069322]
 [-0.04928353  0.99408066 -0.02347952  0.06298032  0.06458552  0.02618343]
 [ 0.01546838  0.02817306  0.9972939  -0.06292655  0.00938947 -0.01799812]
 [ 0.03073715 -0.05780683  0.06419456  0.99525005 -0.03250828 -0.00362153]
 [ 0.03572796 -0.06378458 -0.00711492  0.0280325   0.99602896 -0.04177223]
 [ 0.01385857 -0.02786717  0.01832698  0.00170093  0.03967964  0.998558  ]]",15
3,4,6,0.9,0.8063827753067017,"[[ 9.93289292e-01  9.81998593e-02 -1.63294803e-02 -5.29090688e-02
  -1.93571802e-02 -1.70989931e-02]
 [-9.87851396e-02  9.94504988e-01 -3.16136964e-02  3.38997226e-03
  -1.21818967e-02  6.47506164e-03]
 [ 2.89414711e-02  3.22123468e-02  9.53138530e-01  2.98654050e-01
   1.34711284e-02  1.66081302e-02]
 [ 4.67235446e-02 -8.88772402e-03 -2.99417198e-01  9.50982749e-01
  -3.70534696e-02  4.84362580e-02]
 [ 2.06683800e-02  1.27618285e-02 -2.46829484e-02  2.53586024e-02
   9.94748294e-01  9.29163471e-02]
 [ 1.30353840e-02 -6.08600024e-03  8.96958867e-04 -5.46224602e-02
  -9.16420296e-02  9.94188249e-01]]",15
4,5,7,0.9,0.8935856223106384,"[[ 9.9545705e-01  5.1452264e-02  1.0682394e-02 -3.3861984e-02
  -5.6832071e-02  1.4417475e-02  4.1465908e-02]
 [-4.9790539e-02  9.9265212e-01 -1.0267781e-01  3.3575322e-02
   3.8586596e-03  3.2619021e-03  2.1612318e-02]
 [-1.6586704e-02  1.0162494e-01  9.9365330e-01  1.9103868e-02
  -2.6456445e-02  2.7961375e-02 -1.4274121e-02]
 [ 3.4126759e-02 -3.2823838e-02 -1.3888722e-02  9.9323505e-01
  -4.9792789e-02 -9.2573650e-02  7.8611360e-05]
 [ 5.4293916e-02 -1.9502696e-03  2.7384939e-02  4.9749509e-02
   9.9290425e-01  1.6386205e-02  8.7727703e-02]
 [ 9.9694226e-03  9.1240248e-03  2.9925095e-02 -9.1488615e-02
   1.6520588e-02 -9.9449939e-01  3.5350263e-02]
 [-4.5816839e-02 -2.2412686e-02  1.2571938e-02 -2.5867161e-04
  -8.6280182e-02  3.3647593e-02  9.9431586e-01]]",15
5,6,7,0.9,0.8628853559494019,"[[ 0.9891197  -0.13572745  0.01877889 -0.03215516 -0.01590793 -0.02115055
   0.03366443]
 [ 0.1354752   0.98954314  0.02525314  0.03372639 -0.00265327 -0.02319593
   0.01142018]
 [-0.01606384 -0.0263287   0.98894864  0.13573046  0.00876555  0.04397536
  -0.02441285]
 [ 0.03115263 -0.03390957 -0.13726959  0.98907954 -0.00307407  0.01233926
  -0.02442626]
 [ 0.01652534  0.002547   -0.01200998  0.00134827  0.9900838   0.11740176
   0.07433216]
 [ 0.01979329  0.02083304 -0.03801867 -0.01614831 -0.12337152  0.9885381
   0.07099261]
 [-0.03735405 -0.00993583  0.02361553  0.02940871 -0.06455355 -0.07705701
   0.99346787]]",15
6,7,7,0.9,0.873301088809967,"[[ 9.9599433e-01 -7.3402196e-02 -3.0073997e-02 -3.7323531e-02
   6.5463442e-05  1.7103449e-02 -4.1741049e-03]
 [ 7.0071734e-02  9.9425572e-01 -6.9470026e-02 -3.1071562e-02
   2.7199348e-02 -3.0294808e-03  2.2551564e-03]
 [ 4.2377822e-02  7.1977526e-02  9.7458261e-01  2.0728807e-01
  -1.3574210e-02  7.5502587e-03  1.5938024e-03]
 [ 3.0723816e-02  1.2269104e-02 -2.0912498e-01  9.7546738e-01
   5.5420067e-02  2.3605376e-02 -2.6637760e-03]
 [ 1.9405509e-03  2.6827401e-02 -2.6912006e-02  4.8606463e-02
  -9.9418563e-01  7.5732276e-02  4.5268200e-02]
 [-1.8197592e-02  1.5389764e-03 -5.0389182e-05 -2.7800612e-02
   7.2807387e-02  9.9607748e-01 -3.7713058e-02]
 [ 3.2452231e-03 -3.7936571e-03 -8.6438458e-04 -1.0683149e-03
   4.7943037e-02  3.4326117e-02  9.9824667e-01]]",15
7,8,7,0.9,0.951863706111908,"[[ 9.97232437e-01 -3.04982625e-02 -3.96071523e-02  3.71514969e-02
   1.79860592e-02 -4.18249518e-03 -3.61589715e-02]
 [ 2.88179852e-02  9.98286903e-01  1.21134603e-02  4.64736409e-02
  -2.45081680e-03 -1.09006707e-02 -1.27061252e-02]
 [ 4.31764200e-02 -8.17064941e-03  9.92828131e-01 -1.10774219e-01
   7.56879523e-03 -5.70066972e-03  7.62580312e-04]
 [ 3.41919102e-02  4.64880951e-02 -1.11691646e-01 -9.91964579e-01
  -1.39242979e-02 -2.67145806e-03  3.03114182e-04]
 [-1.81944128e-02  4.75496706e-03 -7.42627680e-03 -1.38412965e-02
   9.89251375e-01  1.39600500e-01 -3.59602533e-02]
 [ 1.17475744e-02  1.16238594e-02  6.09850325e-03 -4.65648656e-04
  -1.33868337e-01  9.82699633e-01  1.26768231e-01]
 [ 3.45653035e-02  1.03692561e-02 -3.07069113e-03  1.89825066e-03
   5.36694191e-02 -1.20984286e-01  9.90538776e-01]]",15
8,9,8,0.9,0.9758503437042236,"[[ 9.9852562e-01 -3.3060201e-02 -6.1236373e-03  3.5349626e-02
   6.2067853e-03  2.1835852e-02 -6.9782878e-03 -1.5824812e-03]
 [ 3.1648893e-02  9.9831861e-01 -2.7479216e-02  3.6617748e-02
   5.6140605e-05 -1.4621109e-03  7.3738145e-03 -1.4346067e-02]
 [ 1.2283337e-02  3.1932976e-02  9.8969758e-01 -1.3519779e-01
   1.6329454e-02 -1.5480942e-02  1.5026138e-02  1.7818280e-02]
 [-3.6179982e-02 -3.1279299e-02  1.3859588e-01  9.8552972e-01
  -5.4464530e-02  5.8164876e-02 -1.9406851e-02 -2.2555940e-02]
 [-1.9939127e-03 -3.4424991e-03 -1.0836680e-02  7.2053559e-02
   9.5196557e-01 -2.9639798e-01  2.3264984e-02  6.6068936e-03]
 [-2.1188920e-02  3.6776995e-03  4.7980910e-03 -4.1440811e-02
   3.0015150e-01  9.5259666e-01 -1.3749955e-02 -8.7634204e-03]
 [ 5.5358978e-03 -9.4375834e-03 -1.0657962e-02  1.7166045e-02
  -1.8888211e-02  2.0655930e-02  9.9688363e-01 -7.0083566e-02]
 [ 1.2184207e-03  1.2426409e-02 -1.5593133e-02  2.5661644e-02
  -6.5115625e-03  1.3395978e-02  6.9190368e-02  9.9696201e-01]]",15
9,10,8,0.9,1.107524037361145,"[[ 0.9944165   0.07922067 -0.01893969 -0.01571577  0.0609174   0.00531311
   0.02245074 -0.00331731]
 [-0.08183571  0.99330324 -0.07315326 -0.00872527  0.01205413 -0.00189897
   0.02311291  0.02325866]
 [ 0.00909387  0.07149484  0.98165363 -0.1612805   0.02942542 -0.06456245
  -0.00575304 -0.0091246 ]
 [ 0.01134444  0.0217303   0.1555442   0.9811224   0.09112843 -0.00837513
  -0.01575478 -0.06309756]
 [ 0.04097035  0.00841278 -0.02798052  0.05091646 -0.59071416 -0.8026903
  -0.04009444 -0.00357962]
 [ 0.0457151   0.01889538  0.07270884  0.06892795 -0.7983325   0.5893746
   0.04807317  0.02252307]
 [-0.0206392  -0.02528947  0.0062089   0.01574418  0.01538544 -0.06178246
   0.9968656   0.02921122]
 [ 0.00573809 -0.02053494  0.01854675  0.05893226  0.02142141 -0.01544526
  -0.03195146  0.9970006 ]]",15
10,11,10,0.9,1.5909940004348755,"[[ 0.9486295   0.29329917  0.03654756  0.00211799  0.03485464  0.04305894
  -0.08315742 -0.04272388 -0.02625966  0.01543873]
 [ 0.2817042  -0.9473475  -0.04439388 -0.05054392  0.03253956  0.06204969
  -0.08837122 -0.05574309  0.05186708  0.01157137]
 [-0.01415891 -0.0537688   0.9925259  -0.02640751 -0.06771097 -0.0286739
   0.04731293 -0.02536248  0.04131411  0.03328522]
 [ 0.00611945 -0.04356544  0.02463975  0.99551827  0.03557604 -0.00318271
  -0.02760943 -0.04335618  0.04981254  0.00132293]
 [ 0.0044876  -0.00452763  0.04004382 -0.02949732  0.92808104 -0.17161652
   0.3158073   0.01476583  0.07980413 -0.01944821]
 [ 0.00367168 -0.010833   -0.00854903 -0.01749938 -0.01104764 -0.889393
  -0.4538652  -0.02350433  0.0221145   0.03623289]
 [ 0.03109006 -0.02107556 -0.05356613 -0.00526038 -0.18562382 -0.238143
   0.49756104 -0.78500366 -0.17823046 -0.09465761]
 [ 0.12834209 -0.04611265 -0.06403623  0.02050964 -0.3050808  -0.30024326
   0.5926558   0.44846216  0.4852459  -0.07640427]
 [-0.04972435  0.08777166 -0.00683932 -0.06012095  0.05368253  0.15656596
  -0.2780515  -0.3766313   0.786749   -0.347318  ]
 [-0.0237139   0.03615092 -0.04780604 -0.02115842 -0.00268651  0.04025331
   0.02064607 -0.18048173  0.31523108  0.92811614]]",15
0,1,6,0.9,0.8961900472640991,"[[ 9.9796140e-01 -2.3241458e-02  2.5783801e-02 -1.8856026e-02
  -2.8466783e-02 -4.1255385e-02]
 [ 2.5258195e-02  9.8602468e-01  4.4993721e-03  1.6345043e-01
   3.9557372e-03 -1.9114412e-02]
 [-2.4764325e-02 -5.3394148e-03  9.9898511e-01  7.6173372e-03
   3.6454681e-02 -3.2735057e-04]
 [ 1.0360149e-02 -1.6448645e-01 -6.7451317e-03  9.8202413e-01
  -3.8160767e-02 -8.3449274e-02]
 [ 3.4090940e-02 -1.0157749e-02 -3.5733458e-02  4.4985577e-02
   9.9241412e-01  1.0270504e-01]
 [-3.9396808e-02 -5.2553923e-03 -4.6294122e-03 -8.0469467e-02
   1.0725242e-01 -9.9016178e-01]]",16
1,2,6,0.9,0.9024482369422913,"[[ 9.8659170e-01  1.6072690e-01  1.0662376e-02 -1.1315107e-02
  -2.0642305e-02  1.1657655e-02]
 [-1.5746218e-01  9.7240192e-01 -6.8287604e-02 -1.3424207e-01
   8.3399206e-02 -8.2121167e-04]
 [-2.3501832e-02  1.1574592e-01  9.0634632e-01  4.0181342e-01
  -5.5810530e-03 -5.5691559e-02]
 [ 1.9054913e-03 -9.7956903e-02  4.1275406e-01 -9.0495938e-01
   2.6861543e-02 -1.9024551e-02]
 [ 3.1219792e-02 -7.3500507e-02  8.3388817e-03  3.8018782e-02
   9.8538649e-01  1.4533263e-01]
 [-1.7660175e-02  1.4368040e-02  5.7653103e-02 -3.4683649e-04
  -1.4449672e-01  9.8756188e-01]]",16
2,3,6,0.9,0.8454516530036926,"[[ 0.99792075  0.04885282 -0.00455237 -0.02539777 -0.03160453 -0.01014927]
 [-0.04481991  0.9943648  -0.01707613  0.06477844  0.06450889  0.02409418]
 [ 0.00340547  0.01823136  0.999281   -0.02693724  0.01653758 -0.00971202]
 [ 0.02812323 -0.06234819  0.02830931  0.99704856 -0.01719593  0.01090586]
 [ 0.03427161 -0.06275476 -0.01565713  0.01336497  0.9954985  -0.05870549]
 [ 0.01297457 -0.02634691  0.00886158 -0.01219575  0.05703831  0.9978261 ]]",16
3,4,6,0.9,0.8397169709205627,"[[ 0.9939692   0.10465159 -0.00753254 -0.02491484 -0.01705296 -0.01023876]
 [-0.10475607  0.99322665 -0.04337908  0.01345584 -0.01813138  0.01163209]
 [ 0.00886791  0.04101639  0.975905    0.21281172  0.02278838  0.00635135]
 [ 0.02523965 -0.02078559 -0.2118802   0.9750862  -0.01956595  0.05349579]
 [ 0.01623384  0.0174644  -0.02666529  0.00886281  0.9947197   0.09578396]
 [ 0.0084865  -0.01137345  0.00816842 -0.05511566 -0.09492633  0.9938226 ]]",16
4,5,7,0.9,0.8843096494674683,"[[ 0.99560374  0.06031671  0.00365676 -0.02640761 -0.04991638  0.02119009
   0.03851714]
 [-0.05925899  0.9932801  -0.07951811  0.05460563  0.00439083  0.01126653
   0.02077752]
 [-0.01352265  0.08479472  0.9877827  -0.11917361 -0.02626769  0.04203827
  -0.01590169]
 [ 0.02890963 -0.0409892   0.12567426  0.9859734  -0.03318169 -0.09112776
  -0.01188733]
 [ 0.04720069 -0.00201988  0.0335291   0.02541189  0.991904   -0.03760369
   0.10349104]
 [ 0.01342556  0.01884397  0.02889714 -0.09587859 -0.04167142 -0.9927136
   0.04711833]
 [-0.04283299 -0.02295445  0.01398815  0.01168523 -0.10043873  0.04958085
   0.99235076]]",16
5,6,7,0.9,0.8720575571060181,"[[ 0.9893068  -0.13540031  0.0076134  -0.03321071  0.00411611 -0.02245266
   0.03545244]
 [ 0.13471     0.988822    0.04297306  0.02909774  0.00217566 -0.03484125
   0.01312289]
 [-0.00642044 -0.0439852   0.98623943  0.14671703 -0.00682885  0.0549881
  -0.0275629 ]
 [ 0.03079972 -0.02696091 -0.14782265  0.98798436  0.01403144 -0.00654643
  -0.01095872]
 [ 0.00920786  0.0084092  -0.01911613  0.01282171 -0.97515076  0.2160703
   0.04134372]
 [ 0.02457253  0.03224562 -0.04961462 -0.00357045  0.218554    0.97305995
   0.03564398]
 [-0.03803783 -0.01121049  0.02736101  0.01530424  0.0324031  -0.04102838
   0.9973521 ]]",16
6,7,7,0.9,0.8856532573699951,"[[ 9.97344315e-01 -5.09746708e-02 -4.55553196e-02 -2.01079715e-02
  -5.78293228e-04  1.37225175e-02  6.13350095e-03]
 [ 4.72321361e-02  9.95593190e-01 -6.94562569e-02 -3.10195051e-02
   2.61482522e-02 -9.64916497e-03  4.91671264e-04]
 [ 5.26608303e-02  7.29899183e-02  9.60211992e-01  2.63643980e-01
  -3.82874021e-03  1.89766604e-02 -3.07430583e-03]
 [ 7.73522770e-03  9.30899661e-03 -2.65036494e-01  9.61336255e-01
   7.19429404e-02  9.99591779e-03 -1.28849056e-02]
 [ 7.81534705e-04 -2.73713674e-02  2.62463056e-02 -6.56837001e-02
   9.90092397e-01 -1.16154440e-01 -2.17335634e-02]
 [-1.42684877e-02  5.69259282e-03 -1.26619823e-02 -2.25241203e-02
   1.15247339e-01  9.92822945e-01 -1.08169224e-02]
 [-6.01863908e-03 -3.65954736e-04  2.84146256e-04  1.16693340e-02
   2.36802772e-02  8.32590554e-03  9.99598563e-01]]",16
7,8,7,0.9,0.9728906750679016,"[[ 9.98574317e-01 -1.65595785e-02 -2.98863109e-02  2.76276190e-02
   1.56431943e-02 -1.36990976e-02 -2.20549479e-02]
 [ 1.50835663e-02  9.98341024e-01  1.43277226e-02  4.52564657e-02
   3.78833478e-03 -2.68166065e-02 -1.00337379e-02]
 [ 3.32106352e-02 -8.32702406e-03  9.89604056e-01 -1.39414653e-01
   5.81906317e-03  4.61799046e-03 -4.46036458e-03]
 [ 2.41618156e-02  4.65664938e-02 -1.39600739e-01 -9.88469183e-01
  -2.38143895e-02  4.78090718e-03 -9.91460681e-03]
 [-1.49435755e-02 -8.64253321e-04 -8.98181088e-03 -2.25617681e-02
   9.96958137e-01  6.74049631e-02 -2.67802104e-02]
 [ 1.72684286e-02  2.74542421e-02 -3.05303955e-03  7.32540805e-03
  -6.35098889e-02  9.90881622e-01  1.14040226e-01]
 [ 2.03403011e-02  6.97282655e-03  2.64129951e-03 -1.08770747e-02
   3.43630947e-02 -1.12513058e-01  9.92760003e-01]]",16
8,9,7,0.9,0.927574872970581,"[[ 9.9824905e-01  4.2092010e-02  2.6556230e-03  3.8731486e-02
   8.6439932e-03  1.1134524e-02 -4.5994851e-03]
 [-4.3879688e-02  9.9715602e-01 -2.6171407e-02  5.2600827e-02
  -1.4625580e-02 -4.4097803e-03 -8.3209509e-03]
 [ 6.0361279e-03  3.9652888e-02  9.6355486e-01 -2.6421490e-01
   7.7153831e-03 -4.4806777e-03  8.0127660e-03]
 [-3.6176093e-02 -4.5760468e-02  2.6606897e-01  9.6054274e-01
  -3.9714705e-02  3.8872313e-02 -8.5952049e-03]
 [-5.6319968e-03  8.6010993e-03  5.0228303e-03  5.3228177e-02
   9.0768957e-01 -4.1604978e-01  6.1735148e-03]
 [-1.3461865e-02  1.0394580e-02 -4.4750823e-03 -1.8279051e-02
   4.1729584e-01  9.0841663e-01  2.7254561e-04]
 [ 3.9059785e-03  7.7249375e-03 -5.6699184e-03  1.0666760e-02
  -6.2032593e-03  2.7058045e-03  9.9986666e-01]]",16
9,10,8,0.9,1.1177499294281006,"[[ 0.9978333   0.01401503 -0.01142685  0.0449478  -0.02172984  0.01527916
   0.03346194 -0.01249553]
 [-0.01505939  0.9911055   0.11941706  0.04127229 -0.01603429 -0.01150346
   0.02321747  0.02430528]
 [-0.02284326  0.10220058 -0.94972336  0.28393456  0.03548709 -0.07110482
  -0.010865    0.00256276]
 [ 0.03511237  0.07343767 -0.28185067 -0.9486539  -0.10732374  0.01448326
   0.00631624 -0.04713763]
 [ 0.03271001  0.00891332  0.03865128 -0.11146411  0.83264536 -0.53864294
  -0.03539862 -0.01564421]
 [-0.00134212  0.02331267 -0.05042577 -0.03426018  0.5409498   0.8349656
   0.05075962  0.05802975]
 [-0.03142601 -0.02503351 -0.00762539  0.00170326  0.00279491 -0.06593607
   0.99542475  0.05566655]
 [ 0.01696944 -0.02063423 -0.00999025 -0.04596005 -0.02366735 -0.0521267
  -0.05901834  0.9951451 ]]",16
10,11,8,0.9,1.3350012302398682,"[[ 0.9571293  -0.16251506  0.01497322  0.04023391 -0.04736244  0.21391757
   0.08648117  0.0129025 ]
 [ 0.14862515  0.9808584   0.10442241  0.02327606  0.00861341  0.05982344
   0.02672058 -0.00382758]
 [-0.035928   -0.10000664  0.98896587 -0.08244777 -0.0099318   0.01768497
   0.03470746 -0.0473351 ]
 [-0.04358177 -0.02616055  0.07832051  0.991988    0.08130559 -0.00786343
   0.02302628 -0.00625843]
 [-0.04045716 -0.02279712 -0.0109615  -0.07750793  0.929277    0.34121245
   0.1082761  -0.00325088]
 [-0.04899178 -0.0038349   0.01756336  0.0277569  -0.09657288  0.52997243
  -0.8397512  -0.03357276]
 [-0.04967325 -0.00173922  0.04115401  0.00469876 -0.05008131  0.12633727
   0.04994018  0.9873453 ]
 [ 0.22829688  0.01681145  0.05061406 -0.01419442  0.3399754  -0.73282194
  -0.52026194  0.14680208]]",16
0,1,6,0.9,0.8990371227264404,"[[ 9.9811381e-01 -3.6629909e-03  3.1276360e-02 -1.6358666e-02
   3.0655628e-02 -3.9619494e-02]
 [ 6.1436524e-03  9.8897451e-01 -1.2423804e-02  1.4592174e-01
  -1.2876916e-02 -1.6682267e-02]
 [-3.0124947e-02  1.6752139e-02  9.9808365e-01 -2.9974353e-02
  -4.0942568e-02  8.1316866e-03]
 [ 1.0079270e-02 -1.4577098e-01  3.4567293e-02  9.8450404e-01
   3.8567137e-02 -8.1967413e-02]
 [ 3.6305387e-02 -1.8654820e-02 -3.8747821e-02  4.5357868e-02
  -9.9244606e-01  9.9125631e-02]
 [-3.7466995e-02 -6.1749825e-03  4.1377556e-04 -7.8963205e-02
  -1.0383354e-01 -9.9072766e-01]]",17
1,2,6,0.9,0.9071364402770996,"[[ 0.98418564  0.17371795  0.00777689 -0.00708963 -0.03277203  0.00400062]
 [-0.16934322  0.9716468  -0.07523651 -0.12685508  0.07317749 -0.01084989]
 [-0.02533203  0.1239571   0.8745224   0.4667928  -0.00154824 -0.03613221]
 [ 0.0048172  -0.07871111  0.47687873 -0.8745117   0.02608842 -0.03027624]
 [-0.0432569   0.06105136 -0.00109816 -0.03081965 -0.98645234 -0.14269668]
 [-0.01286374  0.02089358  0.04555283 -0.01553398 -0.14071202  0.9885756 ]]",17
2,3,6,0.9,0.8424904942512512,"[[ 0.9968634   0.06820349  0.00315829 -0.02315321  0.03203453  0.00626519]
 [-0.06552192  0.9957078  -0.01398863  0.0335915  -0.05316335 -0.0110662 ]
 [-0.00558401  0.01549162  0.9958492  -0.08562965 -0.02202355  0.0139908 ]
 [ 0.02476928 -0.03048415  0.08675347  0.9950758   0.00978905 -0.02567597]
 [ 0.03504071 -0.0502624  -0.02138456  0.01184173 -0.99262446  0.10170969]
 [ 0.00987678 -0.01478837  0.00976044 -0.02620924 -0.10130712 -0.9943029 ]]",17
3,4,6,0.9,0.8237788081169128,"[[ 0.9930874   0.11324662 -0.00176203 -0.01921991  0.0140377  -0.01957055]
 [-0.11296961  0.9931152  -0.0133057   0.01391306  0.01886654  0.01528407]
 [ 0.00234124  0.01262493  0.99736303  0.06379674 -0.01652028  0.02755488]
 [ 0.02154694 -0.01376598 -0.06479117  0.9954432   0.02522681  0.06003949]
 [-0.01382731 -0.01875128  0.02016754 -0.01915597  0.99624854 -0.07856496]
 [-0.01882266  0.0140356   0.02196165  0.06397534 -0.07763131 -0.99440783]]",17
4,5,7,0.9,1.009214162826538,"[[ 0.996064    0.06448743  0.01445279 -0.02736362  0.04640941  0.00814896
   0.0228043 ]
 [-0.06184415  0.9918736  -0.09126687  0.06106951  0.00614372  0.01236926
   0.01059253]
 [-0.02583783  0.09595033  0.98689276 -0.11958436  0.03480418  0.02405627
   0.00884307]
 [ 0.02776835 -0.04637023  0.12636465  0.98428166  0.01098795 -0.10488114
   0.03434211]
 [-0.04278098 -0.00967407 -0.03401428 -0.00901397  0.9924318  -0.05877421
  -0.09199269]
 [ 0.00318312  0.01911388  0.00964565 -0.10906018 -0.04766059 -0.9854867
   0.11908753]
 [-0.02743786 -0.01457921 -0.01691617 -0.02086678  0.09635304  0.11646216
   0.98765665]]",17
5,6,7,0.9,0.8750971555709839,"[[ 9.91563499e-01 -1.20900437e-01  5.91469510e-03 -2.29943227e-02
  -1.05955275e-02 -4.12978884e-03  3.86243761e-02]
 [ 1.20096371e-01  9.91865754e-01  3.30432579e-02  2.20624101e-03
   9.57257953e-03 -1.53772123e-02  1.88240334e-02]
 [-5.09084761e-03 -3.17510180e-02  9.87140417e-01  1.48384050e-01
   1.98311247e-02  4.04418297e-02 -2.17556376e-02]
 [ 2.44915001e-02 -3.67340312e-04 -1.48844793e-01  9.88074183e-01
   2.66953930e-02 -9.21781920e-03 -1.25314426e-02]
 [ 8.19944311e-03 -1.26637220e-02 -8.40302091e-03 -2.99448576e-02
   9.82049346e-01 -1.84646979e-01 -1.70195252e-02]
 [ 8.99709295e-03  1.43026374e-02 -4.35299575e-02 -2.91155628e-03
   1.83745831e-01  9.81517613e-01 -2.59197373e-02]
 [-4.00592387e-02 -1.45664467e-02  1.75190140e-02  1.58990193e-02
   2.25103963e-02  2.35518962e-02  9.98279512e-01]]",17
6,7,7,0.9,0.8854008316993713,"[[ 9.9653131e-01 -6.8830140e-02 -2.7593998e-02 -2.0420292e-02
   2.8650854e-03  3.1611312e-02 -1.3010025e-03]
 [ 6.6560887e-02  9.9507540e-01 -5.6351326e-02 -3.2500502e-02
   3.3746745e-02 -4.8542554e-03  5.2753492e-04]
 [ 3.7355050e-02  6.2406030e-02  9.2415482e-01  3.7479901e-01
  -8.5999640e-03  8.1222914e-03  5.8027981e-03]
 [ 9.4459066e-03  7.5149746e-03 -3.7620306e-01  9.2608505e-01
   2.1450484e-02 -1.3207394e-02  7.5818719e-03]
 [-2.1905433e-03 -3.3489771e-02  1.9000463e-02 -1.6278839e-02
   9.9523109e-01 -8.8081986e-02 -2.0500473e-03]
 [-3.1706877e-02  3.7059130e-03 -1.0143102e-02  8.6364718e-03
   8.8343568e-02  9.9470305e-01 -3.9557140e-02]
 [-2.8595162e-04 -9.5644727e-04 -2.8812105e-03 -8.9049088e-03
   5.4125986e-03  3.9296411e-02  9.9916863e-01]]",17
7,8,7,0.9,0.9758761525154114,"[[ 9.86703217e-01  1.53723747e-01 -2.51246057e-02  2.73468532e-02
   1.37589537e-02  3.96256102e-03 -3.46657261e-02]
 [-1.54839948e-01  9.86653864e-01  1.99983846e-02  4.26391326e-02
   4.55575250e-03 -1.20703559e-02 -1.24175875e-02]
 [ 3.02241351e-02 -1.19021954e-02  9.95215952e-01 -8.39310959e-02
   1.51773291e-02 -2.61801742e-02  2.30200682e-02]
 [ 1.77506879e-02  4.72318605e-02 -8.31227601e-02 -9.94638503e-01
  -2.72501111e-02 -6.61182776e-03 -2.12787651e-02]
 [-1.27063794e-02 -6.78777974e-03 -1.96932238e-02 -2.49120817e-02
   9.91965115e-01 -1.20389216e-01 -1.71928667e-02]
 [-3.15468060e-05  1.40748629e-02  1.81151945e-02 -1.48363570e-02
   1.21525668e-01  9.72640932e-01  1.96098432e-01]
 [ 3.24248262e-02  1.63219348e-02 -2.98111439e-02 -1.55978519e-02
  -7.32399384e-03 -1.96431652e-01  9.79240119e-01]]",17
8,9,7,0.9,0.9474619030952454,"[[ 9.9800450e-01  5.0829127e-02 -1.9603718e-02  9.1564422e-03
   2.6361877e-02  1.5487244e-02 -7.3730433e-04]
 [-5.2495122e-02  9.9605697e-01 -2.3054659e-02  6.1059609e-02
   1.8335847e-02  1.6509628e-02 -1.5691914e-02]
 [ 2.0427991e-02  4.4627827e-02  9.4080985e-01 -3.3170727e-01
  -2.8230451e-02 -2.6350925e-02  3.0770073e-02]
 [-1.1210304e-03 -5.1488366e-02  3.3624277e-01  9.3846202e-01
   4.2677879e-02  3.8573410e-02 -1.6374588e-02]
 [-1.4090897e-02 -6.5211137e-03  4.6229465e-03 -1.9750016e-02
   8.5798675e-01 -5.1288390e-01  1.2501948e-02]
 [-2.4736518e-02 -2.0967860e-02  1.8512795e-02 -6.6867948e-02
   5.0998491e-01  8.5586941e-01 -3.9209656e-02]
 [-1.5310068e-03  1.2730704e-02 -2.3187734e-02  2.4201743e-02
   1.1162091e-02  4.1749246e-02  9.9842107e-01]]",17
9,10,7,0.9,1.0252048969268799,"[[ 0.998637   -0.013203   -0.03307007  0.00155384 -0.01195314  0.03066075
   0.01925349]
 [ 0.01409374  0.99568594  0.0745598   0.01329212 -0.03856863  0.01492147
   0.03106217]
 [-0.02865421  0.07594007 -0.9587598  -0.26470456 -0.02432348 -0.05880885
  -0.00855746]
 [-0.00966696  0.00827501 -0.26528597  0.9635037   0.0054545   0.00599527
  -0.03249855]
 [ 0.01888158  0.04130533 -0.00648722 -0.00597754  0.97303164 -0.22597307
   0.00226101]
 [-0.03017718 -0.00251572 -0.05900667 -0.02184538  0.22529338  0.9699867
   0.05909877]
 [-0.018539   -0.02978883 -0.01504827  0.0299986  -0.01415961 -0.05835058
   0.99701416]]",17
10,11,8,0.9,1.299972414970398,"[[ 9.3909317e-01 -2.8101245e-01  3.1316582e-02  1.1379224e-02
  -3.5479754e-02  3.6033437e-02 -1.1096737e-01 -1.5216751e-01]
 [ 2.6192126e-01  9.5615017e-01  7.2716139e-02 -1.0206125e-02
  -1.8971340e-03  6.7445743e-03 -7.3941112e-02 -7.9157308e-02]
 [-4.9539145e-02 -5.8810104e-02  9.8507559e-01  1.5051615e-01
  -6.9730409e-04 -2.1134280e-02 -1.2639789e-02  2.1241454e-02]
 [ 1.8907217e-02  2.5430225e-02 -1.4702463e-01  9.7975725e-01
   9.8308139e-02  3.7483416e-02  5.1267505e-02  6.1298862e-02]
 [ 1.7183730e-02 -1.3744597e-02  1.6529046e-02 -9.2185616e-02
   9.9173236e-01  3.5916962e-02 -3.9107352e-02 -6.6271566e-02]
 [-3.5308313e-02  2.5704857e-03  2.4302004e-02 -3.1780746e-02
  -3.7253059e-02  9.9766237e-01  7.9633472e-03  1.9100811e-02]
 [ 2.7270369e-02  1.6925652e-02  2.6005952e-02 -1.1831777e-02
  -4.4149038e-04  2.3724784e-03  8.6955947e-01 -4.9194920e-01]
 [ 2.1072294e-01  4.7132686e-02  1.4186404e-02 -8.6826675e-02
   6.4432561e-02 -1.3368666e-02  4.7085494e-01  8.4829217e-01]]",17
0,1,6,0.9,0.9076562523841858,"[[ 0.99814475 -0.01488138  0.02445542 -0.01536903 -0.03183015 -0.04047562]
 [ 0.01831711  0.9842773  -0.04928621  0.16641532  0.01975847 -0.01868117]
 [-0.02162376  0.03461801  0.99471855  0.08759014  0.03421429 -0.00513279]
 [ 0.01103856 -0.1708594  -0.07991545  0.97911024 -0.01437797 -0.07372313]
 [ 0.03688604 -0.02283337 -0.03334807  0.01585346  0.99211335  0.1116503 ]
 [-0.03770445 -0.0079959  -0.00303694 -0.07409082  0.11371128 -0.9899926 ]]",18
1,2,6,0.9,0.9172414541244507,"[[ 9.8384374e-01  1.7705333e-01  3.9499346e-03 -1.9682359e-03
  -2.2680650e-02  1.3027015e-02]
 [-1.7165816e-01  9.6490079e-01 -1.1328129e-01 -1.4283128e-01
   7.9159334e-02  5.8352103e-04]
 [-3.0714013e-02  1.6090637e-01  8.8805807e-01  4.2645457e-01
   1.2753627e-02 -4.9923968e-02]
 [ 1.1426923e-02 -7.9490878e-02  4.4197193e-01 -8.9294565e-01
   1.5204330e-02 -2.5070392e-02]
 [ 3.3427142e-02 -7.1917377e-02  2.9777971e-04  1.9033015e-02
   9.8265404e-01  1.6655108e-01]
 [-1.9840864e-02  1.5389255e-02  5.6260634e-02 -4.2232126e-03
  -1.6497472e-01  9.8436266e-01]]",18
2,3,6,0.9,0.8347180485725403,"[[ 9.9714130e-01  6.1924726e-02 -1.0438975e-02 -2.6162770e-02
  -3.0549403e-02 -1.2157044e-02]
 [-5.8587775e-02  9.9488795e-01 -1.7807014e-02  5.0011694e-02
   5.7912540e-02  2.4360709e-02]
 [ 5.0060907e-03  2.5246745e-02  9.8846954e-01 -1.4735214e-01
   1.1224730e-02 -2.0664137e-02]
 [ 2.9023359e-02 -4.3144051e-02  1.4843448e-01  9.8692292e-01
  -3.5247769e-02 -2.0257621e-03]
 [ 3.4237862e-02 -5.6545429e-02 -6.1443592e-03  3.2920692e-02
   9.9607587e-01 -4.8390236e-02]
 [ 1.5395622e-02 -2.5830731e-02  2.0772645e-02 -9.9073432e-04
   4.6660770e-02  9.9824148e-01]]",18
3,4,6,0.9,0.8211114406585693,"[[ 0.9925775   0.10643086 -0.02172416 -0.04816121 -0.01562378 -0.02065833]
 [-0.10660984  0.9938813  -0.01984207  0.00924571 -0.01617844  0.00966369]
 [ 0.03424716  0.01961016  0.9495481   0.31038502  0.00439755  0.02104264]
 [ 0.04056416 -0.01167784 -0.31164923  0.9477522  -0.03901679  0.03655717]
 [ 0.01738453  0.01623377 -0.01792847  0.0298608   0.9921411   0.11780146]
 [ 0.01742529 -0.00938018 -0.00678816 -0.04615522 -0.11665568  0.99187875]]",18
4,5,6,0.9,0.8107277750968933,"[[ 9.9579114e-01  6.3527383e-02  1.1088352e-02 -3.2211822e-02
  -5.4298844e-02  1.5983121e-02]
 [-6.1403077e-02  9.9195451e-01 -1.0729859e-01  2.6751742e-02
  -1.8775465e-03  4.8741945e-03]
 [-1.8690201e-02  1.0571703e-01  9.9353319e-01  1.5621654e-02
  -1.6948717e-02  2.8896760e-02]
 [ 3.2950047e-02 -2.5519270e-02 -1.0378561e-02  9.9386704e-01
  -4.4306606e-02 -9.1763929e-02]
 [ 5.5205584e-02  5.9544365e-03  1.6734675e-02  4.2989213e-02
   9.9739093e-01  3.0471469e-04]
 [ 1.2127630e-02  1.1302803e-02  2.9462421e-02 -9.1558605e-02
   3.0172935e-03 -9.9522108e-01]]",18
5,6,7,0.9,0.8761893510818481,"[[ 0.98781824 -0.14714044  0.02151209 -0.01840237 -0.00369106 -0.00980479
   0.04066429]
 [ 0.14621308  0.98814905  0.0282734   0.02678662 -0.0107763  -0.01740932
   0.0157135 ]
 [-0.02176812 -0.02704646  0.9911794   0.11687996  0.00365644  0.04222048
  -0.03001861]
 [ 0.01839266 -0.02592807 -0.11836144  0.9914882  -0.03092158  0.00801638
  -0.0301808 ]
 [ 0.00565532  0.01132106 -0.01165528  0.02985224  0.9867651   0.15063788
   0.04914939]
 [ 0.01214637  0.01555734 -0.0388351  -0.01719167 -0.15084837  0.9874456
  -0.00160723]
 [-0.0429551  -0.0117057   0.02545113  0.03236439 -0.04939707 -0.00364628
   0.99692994]]",18
6,7,7,0.9,0.880420982837677,"[[ 9.9450213e-01 -9.3865357e-02 -2.2457173e-02 -3.4811534e-02
  -7.4651111e-03  1.9511700e-02 -1.4189122e-03]
 [ 9.1942221e-02  9.9319166e-01 -5.5248674e-02 -2.6188927e-02
   3.6277082e-02 -4.2312765e-03  6.6863773e-03]
 [ 3.7147421e-02  5.7800069e-02  9.5149821e-01  2.9943022e-01
  -1.1319559e-02  1.0165245e-02  6.3496237e-03]
 [ 2.6983785e-02  4.3580043e-03 -3.0062377e-01  9.5223045e-01
   4.3628599e-02  1.5224961e-02  1.8822111e-04]
 [-4.9499162e-03  3.6385167e-02 -2.6260363e-02  3.5900377e-02
  -9.9427176e-01  8.3241560e-02  3.4173161e-02]
 [-1.9469487e-02  2.4002404e-03 -2.6925730e-03 -2.0022703e-02
   8.2669608e-02  9.9614984e-01 -7.6258183e-03]
 [ 5.7645957e-04 -8.3724596e-03 -4.7737900e-03 -3.3364813e-03
   3.4440957e-02  4.7435435e-03  9.9934328e-01]]",18
7,8,7,0.9,0.9647663235664368,"[[ 9.97170448e-01  2.74856500e-02 -3.57147567e-02  4.59243134e-02
   1.41372923e-02  1.88040198e-03 -3.61605883e-02]
 [-2.97441371e-02  9.97270763e-01  2.66795270e-02  5.71010597e-02
  -3.19379731e-03 -1.59846842e-02 -1.81153174e-02]
 [ 4.24124524e-02 -1.71907786e-02  9.89265740e-01 -1.37835294e-01
   1.23525392e-02 -5.26718516e-03  8.94066319e-03]
 [ 3.90272476e-02  6.12910986e-02 -1.37935489e-01 -9.87573564e-01
  -1.96052194e-02  3.32167285e-04 -2.83135404e-03]
 [-1.50859347e-02  5.33241360e-03 -1.33552998e-02 -1.80073753e-02
   9.93494630e-01  1.06979184e-01 -2.76597142e-02]
 [ 5.39823854e-03  1.83884595e-02  5.34356060e-03  2.44086771e-03
  -1.00597359e-01  9.79693234e-01  1.72277808e-01]
 [ 3.44623215e-02  1.66363269e-02 -1.15202116e-02  2.16132816e-04
   4.58412580e-02 -1.68729946e-01  9.83784318e-01]]",18
8,9,7,0.9,0.9339646697044373,"[[ 9.97645319e-01 -5.12717254e-02 -2.31398959e-02  3.09744086e-02
   4.26144945e-03  2.29868814e-02 -5.79863321e-03]
 [ 4.95787524e-02  9.97467875e-01 -2.48433128e-02  4.20802347e-02
  -1.09498333e-02 -7.94958975e-03 -5.34908567e-03]
 [ 2.99774706e-02  3.02817654e-02  9.84482288e-01 -1.66854739e-01
   2.01599263e-02 -1.58311948e-02  2.19431091e-02]
 [-2.95246262e-02 -3.58480401e-02  1.70558125e-01  9.82108295e-01
  -3.08848321e-02  4.74577881e-02 -3.17854211e-02]
 [ 9.34216310e-04  5.94310043e-03 -1.68007482e-02  4.76001836e-02
   9.58352923e-01 -2.80020773e-01  2.37427931e-02]
 [-2.14230567e-02  1.34144295e-02  3.76469316e-03 -3.89493816e-02
   2.82388359e-01  9.57900226e-01 -2.26665009e-02]
 [ 3.95137770e-03  3.40176118e-03 -1.59852151e-02  3.33135985e-02
  -1.78346541e-02  3.03473398e-02  9.98683393e-01]]",18
9,10,8,0.9,1.1337544918060303,"[[ 9.97786343e-01  3.36772613e-02 -1.86488393e-03 -1.46169774e-02
   4.14230973e-02  2.01066099e-02  2.95240097e-02 -8.90630670e-03]
 [-3.59084196e-02  9.94850516e-01  7.79672265e-02 -6.62084948e-03
   4.05708253e-02  1.12680299e-02  2.29479019e-02  2.36798320e-02]
 [-7.05364021e-03  7.49646574e-02 -9.74933922e-01 -1.96880221e-01
   2.38152537e-02 -6.53773621e-02  3.43621679e-04 -1.52015872e-02]
 [ 1.05905961e-02  2.13167891e-02 -1.93683565e-01  9.74804103e-01
   7.47352019e-02  1.70280002e-02 -4.65033464e-02 -6.03251085e-02]
 [ 3.97292711e-02  3.12744081e-02  2.84744557e-02  6.59775734e-02
  -5.80731988e-01 -8.08507383e-01  2.84818895e-02  2.31196862e-02]
 [ 2.00501420e-02  3.04665286e-02 -6.56309351e-02  4.19438817e-02
  -8.05018604e-01  5.84124088e-01  4.63613458e-02  3.46089825e-02]
 [-2.96297781e-02 -2.67778859e-02 -1.00608729e-02  4.59176674e-02
   5.84378019e-02 -4.20642691e-03  9.94293928e-01  6.43593743e-02]
 [ 1.06183635e-02 -2.09958032e-02 -2.62433756e-02  5.01678139e-02
   4.20236029e-02 -1.31397112e-03 -6.96985349e-02  9.94794071e-01]]",18
10,11,8,0.9,1.3835996389389038,"[[ 9.4682264e-01 -2.4285847e-01 -1.7808855e-02 -5.1029406e-02
  -3.6420021e-02  1.6934715e-02 -1.7276917e-01  1.0081213e-01]
 [ 2.2152925e-01  9.6713054e-01  2.0315296e-03 -5.3723641e-02
  -1.3609387e-02 -2.1599336e-03 -1.0550070e-01  3.7051402e-02]
 [ 1.8317705e-03 -1.0872234e-02  9.9465394e-01  2.6425758e-02
   2.3209043e-02 -1.3720007e-02 -9.5236667e-02 -6.8342853e-03]
 [ 4.7617838e-02  3.6559470e-02 -3.2025944e-02  9.9401796e-01
   1.0468588e-02  4.7838554e-02 -6.7575261e-02  1.8282479e-02]
 [ 3.7850212e-02  5.3615961e-03 -2.0714909e-02 -1.5077169e-02
   9.9732804e-01  5.0632671e-02  1.3790628e-02  2.1567633e-02]
 [-2.7256995e-02  6.5533316e-04  1.0410647e-02 -4.8738882e-02
  -4.8164062e-02  9.9446410e-01 -5.6995876e-02 -4.7387410e-02]
 [ 6.3483445e-03  2.1528952e-02  5.5777282e-02  1.6357269e-02
  -2.7979299e-02  6.8878107e-02  5.0651932e-01  8.5675478e-01]
 [ 2.2352840e-01  6.1081562e-02  7.5285919e-02  5.3568572e-02
  -8.6210202e-03  3.1064896e-02  8.2787883e-01 -5.0134200e-01]]",18
0,1,6,0.9,0.8951926827430725,"[[ 9.9845326e-01 -5.9861103e-03  2.4195397e-02 -1.5764255e-02
   2.7307384e-02 -3.8411506e-02]
 [ 8.1613455e-03  9.8592097e-01 -2.9697241e-03  1.6577847e-01
  -9.0882313e-03 -1.7873442e-02]
 [-2.3902850e-02  1.1474554e-02  9.9770588e-01 -5.1048275e-02
  -3.5681076e-02  9.2869531e-04]
 [ 9.1959340e-03 -1.6602109e-01  5.3489227e-02  9.8072565e-01
   3.0863069e-02 -8.1951670e-02]
 [ 3.2411642e-02 -1.4198981e-02 -3.2672908e-02  3.8871542e-02
  -9.9282008e-01  1.0236024e-01]
 [-3.6302444e-02 -5.2792956e-03 -7.7516488e-03 -7.9557113e-02
  -1.0608630e-01 -9.9045974e-01]]",19
1,2,6,0.9,0.910776674747467,"[[ 0.9847092   0.17187063  0.01151065 -0.00837385 -0.02349475  0.00731687]
 [-0.16811912  0.9706671  -0.06418008 -0.14210327  0.07213145 -0.00508647]
 [-0.02659481  0.1142578   0.9044653   0.4078439   0.00569414 -0.04255896]
 [ 0.00600138 -0.10415202  0.4190207  -0.90171885  0.01066733 -0.01809021]
 [-0.03335845  0.06357747 -0.00319231 -0.01720562 -0.98221457 -0.17260763]
 [-0.01508469  0.01792146  0.04585147 -0.00262863 -0.17132811  0.9838642 ]]",19
2,3,6,0.9,0.8332704901695251,"[[ 0.99812573  0.05006348  0.00170917 -0.02000038 -0.02630303 -0.01199613]
 [-0.04766292  0.99665827 -0.00877293  0.03420657  0.05110862  0.02326999]
 [-0.00457307  0.01229468  0.99106306 -0.12975346  0.02126087 -0.01827343]
 [ 0.0206439  -0.03083288  0.13077426  0.990422   -0.02313952  0.00708166]
 [ 0.02838335 -0.04907717 -0.01873186  0.02410587  0.9955421  -0.06891757]
 [ 0.01485237 -0.02560553  0.01616484 -0.00878508  0.0678556   0.9970862 ]]",19
3,4,6,0.9,0.8234692215919495,"[[ 0.99241096  0.11779457 -0.00186338 -0.02422996 -0.01082553 -0.02318048]
 [-0.11734481  0.9921419  -0.03101755  0.01527662 -0.02182099  0.01460408]
 [ 0.00338951  0.0283196   0.9834574   0.17750612  0.00919222  0.02013093]
 [ 0.02650216 -0.01881685 -0.17739026  0.98226744 -0.03085164  0.04092816]
 [ 0.01198891  0.02039196 -0.01667971  0.02267023  0.99057645  0.13193431]
 [ 0.02220948 -0.01439556 -0.01002925 -0.04804007 -0.13087672  0.9898295 ]]",19
4,5,6,0.9,0.8099433779716492,"[[ 0.99640965  0.06777671  0.01756815 -0.01423993 -0.04207066  0.01710986]
 [-0.0657618   0.99319345 -0.08631054  0.04057151 -0.00241104  0.01185952]
 [-0.0252536   0.08618012  0.99462235 -0.04210507 -0.02112584  0.02103431]
 [ 0.01554621 -0.03417312  0.04663698  0.9907654  -0.04816334 -0.11171326]
 [ 0.04256878  0.00613623  0.02439411  0.0421486   0.997011   -0.04180567]
 [ 0.01231434  0.01845213  0.01407509 -0.11395563 -0.03777939 -0.99241954]]",19
5,6,6,0.9,0.7830248475074768,"[[ 9.9106175e-01 -1.3147140e-01  1.9162557e-03 -2.1135932e-02
  -6.7872410e-03 -3.9109900e-03]
 [ 1.3163550e-01  9.9087453e-01  2.3859339e-02  7.8565832e-03
   1.3220120e-02 -5.8307196e-03]
 [-8.1152568e-04 -2.4827508e-02  9.7896487e-01  1.9987965e-01
  -2.3316226e-03  3.2456994e-02]
 [ 2.0696869e-02 -6.0924147e-03 -2.0011228e-01  9.7899646e-01
   3.2103945e-02  4.9853786e-03]
 [-3.2488292e-03  1.4845306e-02 -1.4751851e-02  2.8078474e-02
  -9.7638357e-01  2.1316221e-01]
 [ 5.3861439e-03  3.0059104e-03 -2.8148623e-02 -1.7809870e-02
   2.1311533e-01  9.7643960e-01]]",19
6,7,7,0.9,0.8689873218536377,"[[ 0.99675006 -0.06478588 -0.02434227  0.02866315 -0.01248035  0.0266124
   0.00375294]
 [ 0.0625812   0.9952706  -0.04769133  0.04187173  0.03777626  0.00756703
   0.00283801]
 [ 0.03493558  0.05598572  0.9584309  -0.27692646 -0.01550566 -0.00588215
   0.00959591]
 [ 0.02280254  0.02475426 -0.27905735 -0.9593779   0.02253523 -0.00404191
  -0.0080029 ]
 [ 0.01369153 -0.03694356  0.02223042  0.01705999  0.9892751  -0.13065724
  -0.04388683]
 [-0.02531986 -0.01057261  0.0078254  -0.00467934  0.13306975  0.9889577
   0.05847226]
 [-0.00199518 -0.00393458 -0.01071513 -0.00423626  0.03600354 -0.06383456
   0.9972345 ]]",19
7,8,7,0.9,0.9461926817893982,"[[ 9.92908061e-01  1.03140704e-01 -2.02880818e-02  4.54749502e-02
   5.47173433e-03  1.61386132e-02 -2.69363280e-02]
 [-1.06121808e-01  9.92101014e-01  1.39221773e-02  6.39486015e-02
   6.39023446e-03  7.21123256e-03 -9.88317933e-03]
 [ 2.54406799e-02 -5.53823588e-03  9.95661139e-01 -8.42835158e-02
   4.34819303e-05 -2.87401527e-02  7.15119578e-03]
 [-3.66828144e-02 -6.93176612e-02  8.53177980e-02  9.92092669e-01
   3.11608389e-02  3.18130106e-02  1.84215363e-02]
 [-4.20342339e-03 -5.06839668e-03 -3.72432638e-03 -2.85842326e-02
   9.96363997e-01 -5.96611053e-02 -5.31498566e-02]
 [-7.69119617e-03 -3.96889681e-03  2.33582109e-02 -3.99014987e-02
   6.85636848e-02  9.73404408e-01  2.13471949e-01]
 [ 2.83201542e-02  1.48507822e-02 -1.46530932e-02 -9.04477853e-03
   3.89343873e-02 -2.16272831e-01  9.74879980e-01]]",19
8,9,7,0.9,0.9325034618377686,"[[ 9.98751521e-01 -2.70479713e-02 -3.55378836e-02 -2.55702646e-03
   2.13635731e-02  3.54356808e-03 -5.03829028e-03]
 [ 2.48980541e-02  9.96222854e-01 -4.11489531e-02  5.95535189e-02
   3.54853831e-02  1.77198183e-02  1.03421602e-02]
 [ 3.67115811e-02  5.28444797e-02  9.77708042e-01 -1.93794429e-01
  -3.94104086e-02 -2.73641087e-02  9.40417591e-03]
 [ 6.44770963e-03 -5.33987805e-02  2.00014740e-01  9.74707007e-01
   7.12153837e-02  4.37297635e-02 -7.95893837e-03]
 [-1.28324451e-02 -1.08954189e-02  5.62501093e-03 -2.19330061e-02
   7.09677100e-01 -7.03961849e-01  2.25332915e-04]
 [-1.74086392e-02 -3.01507469e-02  3.23130190e-02 -9.10609886e-02
   6.98536158e-01  7.08083153e-01 -1.08225485e-02]
 [ 4.29591350e-03 -1.16875311e-02 -7.00904848e-03  7.97233544e-03
   8.07969738e-03  8.26352183e-03  9.99799371e-01]]",19
9,10,8,0.9,1.205728530883789,"[[ 9.97420013e-01 -4.29676510e-02 -6.11781434e-05  1.84163842e-02
  -3.49293053e-02  5.96553925e-03  3.74014676e-02 -1.77071113e-02]
 [ 4.27387469e-02  9.91596639e-01 -1.02005407e-01 -4.61378023e-02
  -8.38389993e-03  3.55073321e-03  3.08901500e-02  3.65848020e-02]
 [ 2.66369223e-03  9.44827795e-02  9.81496572e-01 -1.19477272e-01
  -1.05128035e-01 -4.85544279e-02  6.23369403e-03 -2.69652996e-03]
 [-9.48843267e-03  6.23148456e-02  1.29527241e-01  9.77341592e-01
   1.49906158e-01  7.15942355e-03 -2.96337716e-02 -2.55300235e-02]
 [ 3.85584906e-02  8.75124894e-03  7.60375410e-02 -1.59037009e-01
   9.70824301e-01 -1.55618459e-01 -1.71728954e-02 -1.87151115e-02]
 [-1.65305263e-03  9.49795765e-04  5.97830564e-02 -3.66591923e-02
   1.48078397e-01  9.85520780e-01  4.35501523e-02 -1.84479624e-03]
 [-3.84603254e-02 -2.73732077e-02 -5.40196721e-04  2.91462876e-02
   1.67098362e-02 -4.55205292e-02  9.97213542e-01 -1.16391294e-02]
 [ 1.61563493e-02 -3.53951752e-02  1.12270117e-02  2.39722263e-02
   2.18992904e-02 -1.59882277e-03  1.01723140e-02  9.98598933e-01]]",19
10,11,9,0.9,1.6751768589019775,"[[ 9.39579606e-01 -2.55171508e-01 -9.89357475e-03  4.27770801e-02
   6.41103014e-02 -1.99738696e-01  2.11400781e-02 -5.49761616e-02
   5.17208353e-02]
 [ 2.27843195e-01  9.57292020e-01 -5.70313744e-02 -6.55660927e-02
   7.04252347e-02 -1.33294657e-01  2.56415680e-02 -2.46692207e-02
  -1.16004599e-02]
 [ 1.57075487e-02  3.85644510e-02  9.89822030e-01 -1.20656423e-01
   1.94345210e-02 -5.40377982e-02 -8.91249441e-03  1.90941859e-02
  -1.47906346e-02]
 [-1.26555078e-02  6.47282973e-02  1.03358254e-01  9.18889225e-01
   3.18040609e-01  8.31740946e-02 -8.96657109e-02  1.23981416e-01
  -9.55546051e-02]
 [ 1.51117090e-02 -3.91972847e-02 -2.90057044e-02 -3.04626584e-01
   8.63885462e-01  3.80304396e-01  3.88358347e-02 -8.57226998e-02
   6.93574101e-02]
 [ 4.62322757e-02  2.37024017e-02 -7.85996206e-03 -6.40994310e-02
  -4.48715948e-02  1.07862405e-01 -9.72038209e-01 -1.86076254e-01
   2.65115435e-04]
 [ 3.87840904e-02  1.39978649e-02 -2.49525812e-02 -9.55992416e-02
   2.29921471e-02  5.25067979e-03 -1.60251379e-01  8.80652428e-01
   4.32148784e-01]
 [-9.07048881e-02 -8.52557421e-02 -6.64934069e-02 -1.57464087e-01
   2.68713415e-01 -5.38804352e-01 -1.25623509e-01  3.01776648e-01
  -6.97079837e-01]
 [-2.29724824e-01 -5.69176674e-02 -1.64918527e-02  6.41532466e-02
   2.61448950e-01 -6.97062075e-01 -5.42971268e-02 -2.68407255e-01
   5.57097435e-01]]",19
0,1,6,0.9,0.8935889005661011,"[[ 9.9843574e-01 -9.9233203e-03  1.8867407e-02 -1.5463026e-02
   2.8332951e-02 -4.0368658e-02]
 [ 1.1969056e-02  9.8841155e-01 -8.6877337e-03  1.4976823e-01
  -1.1300167e-02 -1.6298527e-02]
 [-1.7650953e-02  1.0584185e-02  9.9900085e-01 -1.2571926e-02
  -3.7047803e-02  6.5628826e-03]
 [ 9.3730167e-03 -1.5019403e-01  1.5747322e-02  9.8474920e-01
   2.8751997e-02 -8.0921330e-02]
 [ 3.4217786e-02 -1.5611937e-02 -3.6301311e-02  3.6977135e-02
  -9.9021071e-01  1.2402841e-01]
 [-3.7582159e-02 -5.4878867e-03  1.6151989e-04 -7.7936061e-02
  -1.2787910e-01 -9.8799306e-01]]",20
1,2,6,0.9,0.8943315148353577,"[[ 0.9831788   0.17949788  0.00812531 -0.01105306 -0.02882158  0.01100168]
 [-0.17531401  0.96797    -0.08069663 -0.14156708  0.07475826 -0.01253563]
 [-0.02597927  0.13345253  0.88237286  0.44901043  0.00791808 -0.03550281]
 [ 0.00406556 -0.09189066  0.4611562  -0.8816604   0.02209022 -0.0325805 ]
 [-0.03954756  0.06432285  0.00497366 -0.02417303 -0.9880943  -0.13175422]
 [-0.0192074   0.02058473  0.04637086 -0.01780028 -0.12922668  0.98997   ]]",20
2,3,6,0.9,0.8338954448699951,"[[ 0.9966778   0.07027785  0.003152   -0.02746102  0.03004243  0.00527605]
 [-0.06714101  0.99484414 -0.02310633  0.03865954 -0.05942869 -0.0147319 ]
 [-0.00696868  0.02528256  0.99477214 -0.09410908 -0.02188067  0.02013782]
 [ 0.02943933 -0.03439511  0.09582879  0.99395823  0.00713972 -0.0276254 ]
 [ 0.03370373 -0.05643376 -0.02129135  0.00893744 -0.99281377  0.09729824]
 [ 0.00862037 -0.01841722  0.01575661 -0.02935863 -0.09673056 -0.9945449 ]]",20
3,4,7,0.9,0.9738141894340515,"[[ 0.9933286   0.10836619 -0.00200852 -0.02613551  0.02431892 -0.01650478
   0.00204462]
 [-0.10779163  0.99321723 -0.0315351   0.02458058  0.01036739  0.01383868
  -0.00164275]
 [ 0.0012189   0.03058601  0.9973567   0.0490998  -0.0338673   0.02633614
   0.00954531]
 [ 0.02921736 -0.02428723 -0.04926607  0.995146    0.02774619  0.07076391
   0.00604153]
 [-0.02442591 -0.01080788  0.03635707 -0.02286372  0.99797773 -0.03836325
   0.00326392]
 [-0.01494696  0.01152377  0.02088501  0.07351365 -0.03766731 -0.9960034
   0.01902657]
 [-0.00203261  0.00108111 -0.00978866 -0.00771311 -0.00241829  0.018458
   0.9997464 ]]",20
4,5,7,0.9,0.88100266456604,"[[ 9.96752679e-01  4.68734428e-02 -9.12583055e-05  2.19526757e-02
   4.85415570e-02  5.19330194e-03  3.77076790e-02]
 [-4.61631678e-02  9.90521789e-01 -9.80643556e-02 -7.95013309e-02
   5.75029384e-03  7.82658346e-03  2.65367944e-02]
 [-7.04217982e-03  1.02814347e-01  9.92378831e-01  6.23725653e-02
   2.10464876e-02  1.44564556e-02 -4.64974903e-03]
 [ 2.51586977e-02 -7.01813549e-02  7.10855350e-02 -9.87215936e-01
   8.94082151e-03 -1.21275894e-01  2.30664737e-03]
 [-4.43936773e-02 -5.95340319e-03 -2.12956183e-02  1.23553742e-02
   9.92756963e-01 -4.74939048e-02 -9.78031754e-02]
 [ 1.74268067e-03  1.69980098e-02  6.26247330e-03  1.20651960e-01
  -4.31817397e-02 -9.90087926e-01  5.45273907e-02]
 [-4.11915518e-02 -2.91367546e-02  4.66624275e-03 -1.53262867e-03
   9.82681587e-02  4.96513732e-02  9.92626965e-01]]",20
5,6,7,0.9,0.8348068594932556,"[[ 0.9921266  -0.11386763  0.00685196 -0.02831069 -0.0117537  -0.01230026
   0.03976116]
 [ 0.11348652  0.9932078   0.01032127  0.00476577  0.00976314 -0.01718583
   0.01178964]
 [ 0.00279155 -0.01099525  0.9426216   0.33186978  0.00128814  0.02971418
  -0.01771249]
 [-0.02903244  0.00465182  0.3318826  -0.94260716 -0.01919828  0.00850033
   0.00635125]
 [ 0.00855992 -0.01307741  0.00943033 -0.01863822  0.9878248  -0.15193272
  -0.02092734]
 [ 0.01517487  0.01402062 -0.02926964 -0.00481029  0.15242462  0.98755896
   0.01368787]
 [-0.0406357  -0.00788256  0.01481219  0.01262729  0.01910894 -0.01555413
   0.9986494 ]]",20
6,7,7,0.9,0.8484064340591431,"[[ 0.99625695 -0.06702333 -0.03673937  0.03219145  0.00725735  0.02285762
   0.00433197]
 [ 0.0642396   0.99599344 -0.04904569  0.01910445  0.032585    0.00351231
   0.00507177]
 [ 0.04971235  0.0506137   0.92535096 -0.3706149  -0.03604596  0.0012679
   0.00601879]
 [ 0.01623262 -0.00267029 -0.37085518 -0.9276528   0.03638236 -0.01748761
   0.00515944]
 [-0.00619835 -0.02972201  0.0492392   0.02065562  0.99475914 -0.07839289
  -0.02315029]
 [-0.02337965 -0.00446191 -0.00281081 -0.01493871  0.07881485  0.9964766
   0.00499768]
 [-0.00505286 -0.00571964 -0.00209492  0.00733578  0.02247513 -0.00683141
   0.9996658 ]]",20
7,8,8,0.9,0.9842211604118347,"[[ 0.9933799   0.07159572 -0.02451113  0.03338367  0.03013061 -0.00623446
  -0.03670835 -0.06372467]
 [-0.07380389  0.9955258   0.03060269  0.04760853  0.00773096 -0.00662484
  -0.00974987 -0.00892155]
 [ 0.03327782 -0.01839144  0.9802015  -0.1919818   0.0012374  -0.02220815
   0.00886082  0.01814642]
 [-0.02562909 -0.05469685  0.19233184  0.9784504   0.02827356  0.02876027
   0.00895578 -0.01697388]
 [-0.02857886 -0.00885377 -0.00764817 -0.02570321  0.99547964 -0.0844387
  -0.00498915  0.01584664]
 [ 0.00269712  0.00763198  0.01578715 -0.03677287  0.08491015  0.9834764
   0.11862687 -0.09912211]
 [ 0.02677348  0.01017561 -0.01100674 -0.00376829 -0.00352335 -0.13090374
   0.9831026  -0.12411793]
 [ 0.06666443  0.01524134 -0.01573121  0.01923162 -0.00543208  0.08429391
   0.13345656  0.9847642 ]]",20
8,9,8,0.9,0.969220757484436,"[[ 9.9915296e-01 -1.7048622e-02  2.1673439e-02  2.0235559e-02
   1.6979486e-02  1.1201679e-02 -3.5862264e-03 -9.8453024e-03]
 [ 1.5127979e-02  9.9821091e-01  1.3892989e-02  4.8947588e-02
   1.8153580e-02  1.1087533e-02 -2.4280229e-03 -1.7287735e-02]
 [ 2.6514664e-02  2.4544511e-02 -9.7413200e-01 -2.2144385e-01
  -9.0023540e-03 -1.6440613e-02  1.7504955e-02  8.1417691e-03]
 [-1.7821703e-02 -4.6516150e-02 -2.2407772e-01  9.6724522e-01
   6.7814440e-02  7.9069056e-02 -2.4135163e-02 -1.7641345e-02]
 [-9.9394592e-03 -9.9069774e-03  4.9085058e-03 -2.6001366e-02
   8.9799249e-01 -4.3848750e-01  1.9141059e-02  8.6427610e-03]
 [-1.6095739e-02 -1.3181851e-02  2.7793075e-03 -1.0583428e-01
   4.3365732e-01  8.9155841e-01 -6.3978687e-02 -3.6472313e-02]
 [ 1.2200807e-03 -9.9411211e-04  1.1506819e-02  1.9939117e-02
   1.1732776e-02  6.4881422e-02  9.9462783e-01 -7.6392137e-02]
 [ 9.1972016e-03  1.5660316e-02  5.3912899e-03  1.7871460e-02
   1.0745409e-02  4.3267794e-02  7.3130943e-02  9.9598491e-01]]",20
9,10,9,0.9,1.2300937175750732,"[[ 9.96589184e-01 -2.25452390e-02 -5.19190729e-03  1.42282443e-02
  -3.53242047e-02  2.54759714e-02  2.37076487e-02 -3.79983969e-02
  -4.65793982e-02]
 [ 1.97291039e-02  9.93052959e-01  1.02978244e-01  1.29233394e-02
  -3.30552571e-02  3.77095188e-03  3.08936387e-02  2.04619858e-03
  -2.48865969e-02]
 [ 1.89955940e-03 -1.01813830e-01  9.79421556e-01  1.49218857e-01
   6.01891428e-02  6.40013963e-02 -7.67604739e-04  1.94333643e-02
  -5.51057456e-04]
 [-1.43345743e-02  7.40661519e-03 -1.56257361e-01  9.79526877e-01
   1.02438733e-01  3.88818495e-02 -2.56286580e-02 -5.27771749e-02
  -2.00642236e-02]
 [ 4.14381810e-02  3.61217186e-02 -2.51246970e-02 -9.64464396e-02
   9.63427961e-01 -2.39499316e-01 -2.58418191e-02 -4.98001371e-03
  -2.82656997e-02]
 [-1.31675648e-02  1.25619350e-02 -6.56380951e-02 -7.11194426e-02
   2.33276889e-01  9.66093302e-01  1.82548799e-02  1.90101527e-02
   4.30509411e-02]
 [-2.05276217e-02 -2.88119763e-02 -6.90355385e-03  2.60096882e-02
   2.57106181e-02 -2.53578033e-02  9.97172952e-01  4.31791134e-02
   2.24035252e-02]
 [ 3.00671104e-02 -3.37146618e-03 -2.63153929e-02  4.52289395e-02
  -4.37577604e-04 -9.11750365e-03 -3.99267972e-02  9.83486176e-01
  -1.65601909e-01]
 [ 5.47342971e-02  2.47448478e-02 -2.40305113e-03  2.84474231e-02
   1.64412037e-02 -4.80245426e-02 -2.96143200e-02  1.60913795e-01
   9.82969880e-01]]",20
10,11,11,0.9,1.7257335186004639,"[[ 9.24651802e-01 -2.92115033e-01 -4.94235866e-02  2.34165899e-02
   5.59540140e-03  1.53086916e-01  1.41860694e-01 -9.73446742e-02
  -9.52301361e-03  5.61544746e-02  1.96315609e-02]
 [ 2.52178639e-01  9.45945978e-01 -1.19892664e-01 -1.36407726e-02
   1.49306338e-02  9.77869555e-02  1.03568152e-01 -5.95094077e-02
   3.74844559e-02  3.73783335e-02  1.32899247e-02]
 [-6.34290278e-02 -9.42564756e-02 -9.87459838e-01  6.80344924e-03
  -1.00057889e-02 -6.00048564e-02  1.18553324e-03  7.08501711e-02
  -4.06085104e-02 -3.99674252e-02 -9.58976743e-04]
 [ 1.15535839e-03  2.44782772e-02  2.71630543e-03  9.65314627e-01
   2.23659098e-01 -2.54311506e-02 -1.10875987e-01  1.67812407e-02
  -1.66539401e-02  6.33375272e-02 -5.04519045e-03]
 [ 6.29806193e-03 -1.34756751e-02 -3.21763079e-03 -2.20700130e-01
   9.71221626e-01 -1.73067655e-02  6.74460642e-03  4.21227776e-02
  -7.04188785e-03 -7.08332732e-02 -2.45371442e-02]
 [-3.87144685e-02 -5.43499319e-03 -3.06499992e-02 -4.19383645e-02
  -1.67445606e-03  8.22648168e-01 -5.26480377e-01  1.71639472e-01
  -1.01370841e-01 -1.76203474e-02 -4.23373692e-02]
 [ 2.36476082e-02  1.56355761e-02 -4.23914492e-02 -4.29203026e-02
   1.67612582e-02 -1.59585431e-01 -4.88451451e-01 -8.29461873e-01
  -1.41219288e-01 -1.41708538e-01  5.65045513e-02]
 [ 1.78448617e-01  3.55320610e-02 -5.98029979e-03 -8.79475251e-02
  -7.77391111e-03 -3.51829648e-01 -5.86555779e-01  3.01394492e-01
   5.38113832e-01  2.61130720e-01  2.06485689e-01]
 [ 4.49150940e-03 -2.21751947e-02 -1.10607538e-02  7.28245229e-02
  -2.95324922e-02  1.17382057e-01  7.02900961e-02 -9.00051668e-02
   6.57306612e-01 -6.55556977e-01 -3.23362082e-01]
 [-2.07252353e-01 -9.01439711e-02 -7.03972280e-02  8.54582805e-03
   7.16248378e-02  3.37429792e-01  2.86700606e-01 -4.01373535e-01
   4.94557530e-01  5.47579587e-01  1.92806229e-01]
 [-2.20237933e-02 -5.97444177e-03  1.54278465e-02  4.43411618e-02
   2.07776693e-03  9.38949287e-02  9.92811322e-02  4.89861965e-02
   1.01837600e-02 -4.08220202e-01  8.99694741e-01]]",20
0,1,6,0.9,0.894482433795929,"[[ 0.99804413 -0.01582858  0.02573932 -0.0163394   0.03219051 -0.04112925]
 [ 0.01833268  0.9868421  -0.01061118  0.1587476  -0.01500225 -0.01637248]
 [-0.02359673  0.00267779  0.99766773  0.04873683 -0.04145635 -0.00108078]
 [ 0.01046831 -0.15955858 -0.04610218  0.98236984  0.03122107 -0.07925145]
 [ 0.03718511 -0.020079   -0.04187558  0.03345943 -0.9933113   0.09313245]
 [-0.03902137 -0.00477421 -0.0022284  -0.07737501 -0.09683991 -0.9915063 ]]",21
1,2,6,0.9,0.8938839435577393,"[[ 9.8524457e-01  1.6894920e-01  7.9712961e-03 -7.5900145e-03
  -2.3044558e-02  9.8537626e-03]
 [-1.6466464e-01  9.6924120e-01 -8.7693632e-02 -1.3951275e-01
   7.9216897e-02 -5.2693458e-03]
 [-2.6865060e-02  1.3553800e-01  9.0042675e-01  4.0945306e-01
   3.7941331e-04 -4.9873903e-02]
 [ 6.0409983e-03 -9.1918245e-02  4.2232448e-01 -9.0121031e-01
   1.5757876e-02 -2.6984850e-02]
 [-3.3682551e-02  6.9834322e-02 -8.2869036e-03 -2.4072614e-02
  -9.8579198e-01 -1.4681533e-01]
 [-1.6909828e-02  1.8202646e-02  5.5238806e-02 -8.1952326e-03
  -1.4546283e-01  9.8747396e-01]]",21
2,3,6,0.9,0.8278017640113831,"[[ 0.99745756  0.05467049 -0.01089278 -0.03039379 -0.03044111 -0.01097023]
 [-0.05088154  0.9948048  -0.01754062  0.05497042  0.06153093  0.02566868]
 [ 0.0094475   0.0188338   0.9992728  -0.02671592  0.01531819 -0.00784464]
 [ 0.03249039 -0.0509565   0.02788572  0.9971701  -0.03451326  0.00556566]
 [ 0.03405    -0.06072685 -0.01395418  0.03089047  0.9960935  -0.04244573]
 [ 0.01360516 -0.0271181   0.00743212 -0.00620105  0.0407333   0.9986624 ]]",21
3,4,6,0.9,0.809596836566925,"[[ 0.99309784  0.10876846 -0.0066306  -0.03655465 -0.01966832 -0.01261207]
 [-0.10879184  0.99319935 -0.03551152  0.01134566 -0.01564613  0.00921753]
 [ 0.0122817   0.03320258  0.9677543   0.24909575  0.01030538  0.00660374]
 [ 0.03568421 -0.01700534 -0.2484737   0.96600586 -0.03477407  0.04818483]
 [ 0.01996524  0.01602249 -0.01869341  0.02586304  0.9947444   0.09386058]
 [ 0.00991007 -0.00873681  0.00762375 -0.0514797  -0.09239265  0.99427396]]",21
4,5,7,0.9,0.9291618466377258,"[[ 9.9528617e-01  6.3896820e-02  1.9759031e-03 -3.4383047e-02
  -5.1444631e-02  1.6916204e-02  3.4695782e-02]
 [-6.2925041e-02  9.9271142e-01 -9.3154237e-02  3.7861086e-02
   2.5695094e-03  8.6329961e-03  1.9290822e-02]
 [-1.1783114e-02  9.4461098e-02  9.9292153e-01 -5.3942923e-02
  -3.1907156e-02  3.2200716e-02 -8.9636520e-03]
 [ 3.5061125e-02 -2.9350935e-02  5.8983576e-02  9.9152309e-01
  -4.1959792e-02 -9.6922442e-02  1.2554047e-02]
 [ 4.8877966e-02  2.9919742e-04  3.4891438e-02  3.8572829e-02
   9.9255753e-01  1.6331647e-02  9.7306304e-02]
 [ 9.9942712e-03  1.3822873e-02  2.6663188e-02 -9.9039413e-02
   1.0244452e-02 -9.9076480e-01  8.6426780e-02]
 [-3.9859537e-02 -2.1579042e-02  4.2284522e-03 -7.7351551e-03
  -9.6399523e-02  8.5597731e-02  9.9057966e-01]]",21
5,6,7,0.9,0.8552720546722412,"[[ 9.89528120e-01 -1.33619264e-01  1.73096638e-02 -3.30986343e-02
   7.90416077e-03 -1.54826185e-02  3.58134396e-02]
 [ 1.33038014e-01  9.90039170e-01  2.76003592e-02  2.31749322e-02
   6.75263721e-03 -2.40477305e-02  1.41585628e-02]
 [-1.44874798e-02 -2.72076912e-02  9.88252044e-01  1.38016313e-01
   9.63380851e-04  4.95041423e-02 -3.01288478e-02]
 [ 3.29045765e-02 -2.34632175e-02 -1.39061034e-01  9.89161372e-01
   1.66429188e-02  4.31364402e-03 -1.71148218e-02]
 [ 9.87179577e-03  7.92340096e-03 -6.41899882e-03  1.58991329e-02
  -9.87896264e-01  1.43577218e-01  5.47020957e-02]
 [ 1.61446966e-02  2.18002070e-02 -4.57689688e-02 -1.25203980e-02
   1.46097794e-01  9.86939549e-01  4.02287431e-02]
 [-3.85256149e-02 -1.18070440e-02  2.86813043e-02  2.16579698e-02
   4.82742786e-02 -4.52623963e-02  9.96346116e-01]]",21
6,7,7,0.9,0.8682632446289062,"[[ 9.9729884e-01 -5.8478579e-02 -3.1540580e-02 -2.5828090e-02
  -1.3034563e-03  1.7537137e-02  1.9988483e-03]
 [ 5.5405699e-02  9.9502337e-01 -7.1296051e-02 -3.1193050e-02
   2.7845193e-02 -4.6668747e-03 -2.3627903e-03]
 [ 4.0484864e-02  7.4561343e-02  9.7188020e-01  2.1888964e-01
  -8.6914022e-03  1.6144026e-02 -1.2790750e-03]
 [ 1.8712373e-02  1.2217718e-02 -2.2077069e-01  9.7340316e-01
   5.3849123e-02  1.7784391e-02 -5.5897105e-03]
 [ 6.3874078e-04 -2.8156318e-02  2.3186028e-02 -4.8050787e-02
   9.9444455e-01 -8.2496308e-02 -2.5194690e-02]
 [-1.8154874e-02  1.8568817e-03 -9.6788658e-03 -2.4750156e-02
   8.0638319e-02  9.9539125e-01 -4.0674578e-02]
 [-2.4313424e-03  2.0000271e-03  9.4221446e-05  3.4856803e-03
   2.8726434e-02  3.8527593e-02  9.9883354e-01]]",21
7,8,7,0.9,0.9488992691040039,"[[ 9.9831933e-01 -8.8724652e-03 -3.2171875e-02  3.2833308e-02
   1.5643148e-02 -7.1882755e-03 -2.9500311e-02]
 [ 7.3347786e-03  9.9821156e-01  2.1211332e-02  4.9568504e-02
   1.8494899e-03 -2.0309497e-02 -1.4037817e-02]
 [ 3.7062187e-02 -1.2463428e-02  9.8334420e-01 -1.7699394e-01
   1.2411079e-02  3.6950485e-04 -4.9266354e-03]
 [ 2.7127683e-02  5.2224007e-02 -1.7699632e-01 -9.8230594e-01
  -1.5605352e-02 -3.4226445e-03 -5.3834212e-03]
 [-1.5669547e-02  1.5372150e-03 -1.4591151e-02 -1.3705238e-02
   9.8927152e-01  1.3840209e-01 -3.9218936e-02]
 [ 1.3270214e-02  2.1973001e-02  1.5873776e-03 -7.9101260e-04
  -1.3206260e-01  9.8227936e-01  1.3047870e-01]
 [ 2.7811356e-02  1.1275514e-02  2.4856222e-03 -4.9792798e-03
   5.7058442e-02 -1.2448357e-01  9.9010944e-01]]",21
8,9,8,0.9,0.9839752316474915,"[[ 9.99138415e-01 -7.78060779e-03  7.54445035e-04  3.14303190e-02
   3.92685179e-03  2.34906189e-02 -5.84825501e-03 -8.47945921e-03]
 [ 6.31589117e-03  9.98720348e-01 -8.32649786e-03  4.51817811e-02
  -7.57129351e-03 -4.07418655e-03 -3.37145245e-03 -1.79396924e-02]
 [ 6.64610462e-03  1.85253359e-02  9.74257767e-01 -2.22607553e-01
   2.32740417e-02 -6.83296751e-03  1.38916373e-02  9.94630158e-03]
 [-3.20861824e-02 -4.24999595e-02  2.24676222e-01  9.70616341e-01
  -4.65012789e-02  3.98546122e-02 -1.72539093e-02 -2.32429113e-02]
 [ 8.10648024e-04  3.47088161e-03 -1.13816233e-02  6.02449663e-02
   9.60929334e-01 -2.69533515e-01  1.34729901e-02  3.65578244e-03]
 [-2.29699668e-02  7.01739267e-03 -5.38978307e-03 -2.61991806e-02
   2.71531612e-01  9.61588919e-01 -1.40959052e-02 -1.12340720e-02]
 [ 4.30440670e-03  1.11246225e-03 -9.23041534e-03  1.70339514e-02
  -1.00802835e-02  1.70725565e-02  9.96689498e-01 -7.63011426e-02]
 [ 7.86853954e-03  1.68888420e-02 -5.35308290e-03  2.67299097e-02
  -2.65584211e-03  1.42609589e-02  7.54559934e-02  9.96496677e-01]]",21
9,10,8,0.9,1.1142566204071045,"[[ 9.97298062e-01  3.78177203e-02  5.31803409e-04 -2.40402222e-02
  -3.26181836e-02  2.02369019e-02  3.63496430e-02 -2.43577007e-02]
 [-3.93178761e-02  9.95584130e-01  7.43523762e-02 -1.94358956e-02
  -1.80869158e-02 -2.58929608e-03  2.63867304e-02  1.81695819e-02]
 [-5.51345525e-03  6.82502165e-02 -9.70364392e-01 -2.19456464e-01
   1.28045939e-02 -7.28441328e-02 -3.77737847e-03 -7.67187821e-03]
 [ 1.78990401e-02  3.53801847e-02 -2.18799561e-01  9.69066679e-01
  -9.45214927e-02  1.57413464e-02 -8.83211102e-03 -4.69508767e-02]
 [ 3.84799950e-02  1.03415325e-02  4.81110066e-02  8.24232101e-02
   6.31674767e-01 -7.67199039e-01 -3.41652595e-02 -2.30090171e-02]
 [ 1.21011259e-02  1.87177416e-02 -4.90892120e-02  5.51149137e-02
   7.67939150e-01  6.32488430e-01  5.05366921e-02  4.15895656e-02]
 [-3.37184109e-02 -2.81809065e-02 -3.91602330e-03  1.03995120e-02
  -1.70256644e-02 -6.03624433e-02  9.96679008e-01  2.53541283e-02]
 [ 2.71240827e-02 -1.48547590e-02 -1.58558358e-02  4.30543162e-02
  -2.18444876e-02 -4.18343395e-02 -2.82817911e-02  9.96951044e-01]]",21
10,11,9,0.9,1.4239615201950073,"[[ 0.9389955  -0.20646822  0.01624277  0.00200742 -0.14283766  0.17729278
   0.11997712  0.04561603 -0.08414172]
 [ 0.18194532  0.97550446  0.0446415  -0.01444851 -0.05475374  0.07794507
   0.06293496  0.00415856 -0.00580353]
 [-0.03111341 -0.04113738  0.99161714  0.0950508  -0.03383473 -0.00499629
   0.02665854 -0.05581842  0.00207855]
 [ 0.02167324  0.02341012 -0.08825014  0.9901483   0.07520831 -0.01636511
  -0.05471506  0.01724176 -0.03981638]
 [ 0.01859385 -0.00819404  0.02820784 -0.03847649  0.86105114  0.41423488
   0.28489766  0.01037559  0.0551104 ]
 [-0.05440874 -0.00662083  0.01474092 -0.01470924 -0.10408254  0.6981151
  -0.7028187  -0.06215669  0.02338329]
 [-0.02216872  0.00845988  0.06168646 -0.02135183  0.03724295 -0.02658459
  -0.11624746  0.98971796 -0.00519248]
 [ 0.23257475  0.05724768  0.04210209 -0.08929603  0.45615345 -0.5153512
  -0.596336   -0.10248174 -0.3051284 ]
 [ 0.16080143  0.00784988  0.00773765  0.01524424  0.08996198 -0.19222434
  -0.18354681 -0.0217636   0.9458237 ]]",21
0,1,6,0.9,0.8975017666816711,"[[ 0.9980476  -0.01360671  0.03083379 -0.01508427 -0.03270785 -0.03831302]
 [ 0.01607891  0.9864817  -0.01690372  0.160252    0.01443091 -0.02050949]
 [-0.02850677  0.00565457  0.99643725  0.06942596  0.0379769  -0.00244148]
 [ 0.01088701 -0.16196238 -0.06639805  0.98111105 -0.02415336 -0.07796544]
 [ 0.03775927 -0.01799818 -0.03825846  0.02650227  0.99290127  0.10114959]
 [-0.03585573 -0.00900008 -0.00197862 -0.07739805  0.10413132 -0.99085605]]",22
1,2,6,0.9,0.9090951085090637,"[[ 0.98356974  0.17861697  0.00943398 -0.00296292 -0.02313142  0.00732938]
 [-0.17289847  0.96557444 -0.10719728 -0.1421667   0.07786285 -0.00261391]
 [-0.03491705  0.1552058   0.8866958   0.43089882  0.00350972 -0.05269068]
 [ 0.0085013  -0.0816464   0.44568294 -0.89076066  0.01757106 -0.02941127]
 [ 0.0342798  -0.06827208  0.00747714  0.02424216  0.98288065  0.16572821]
 [-0.01517009  0.01859807  0.05916957 -0.00798701 -0.16439845  0.98429275]]",22
2,3,6,0.9,0.8383700251579285,"[[ 0.99733245  0.05925858 -0.01000089 -0.02510225 -0.03047    -0.01256166]
 [-0.05596871  0.9951324  -0.01497285  0.04804289  0.05983388  0.02160098]
 [ 0.00632472  0.01997026  0.99437004 -0.1013849   0.01111762 -0.0196694 ]
 [ 0.02799566 -0.04360157  0.10230752  0.9931385  -0.02232074  0.00510901]
 [ 0.03370189 -0.05807814 -0.00908797  0.02007557  0.99634975 -0.04788186]
 [ 0.0153578  -0.02295502  0.01883001 -0.00747245  0.04644197  0.9983336 ]]",22
3,4,6,0.9,0.8151659369468689,"[[ 0.99350536  0.10149406 -0.01633062 -0.04142941 -0.01475852 -0.02109816]
 [-0.1017679   0.9944526  -0.01576108  0.00513234 -0.01943985  0.00738484]
 [ 0.02745224  0.01631913  0.9511713   0.3056006   0.01095192  0.02723142]
 [ 0.03576916 -0.00719741 -0.30681816  0.9490387  -0.03724623  0.04969488]
 [ 0.01616006  0.01951594 -0.02366164  0.02373096  0.9900927   0.13398287]
 [ 0.01720983 -0.00799108 -0.00779729 -0.06023178 -0.1327159   0.9891096 ]]",22
4,5,7,0.9,0.934026300907135,"[[ 9.95452344e-01  5.90771995e-02  1.76547784e-02 -2.89487112e-02
  -5.26031666e-02  1.79040339e-02  3.67027819e-02]
 [-5.72901964e-02  9.93382752e-01 -8.99745449e-02  3.43770161e-02
   1.82426511e-03  1.04325097e-02  2.27837302e-02]
 [-2.55860388e-02  8.98092762e-02  9.94164765e-01 -3.51280011e-02
  -2.88779233e-02  2.69386023e-02 -1.10628158e-02]
 [ 2.87733972e-02 -2.83483546e-02  3.99375036e-02  9.92722392e-01
  -4.20853011e-02 -9.62281376e-02  1.56441610e-02]
 [ 4.99280244e-02  7.52355903e-04  3.23822945e-02  3.80317420e-02
   9.93966639e-01 -5.72649471e-04  8.39144662e-02]
 [ 9.59072169e-03  1.41483173e-02  2.32333373e-02 -9.86028090e-02
  -6.60596462e-03 -9.89506423e-01  1.01385206e-01]
 [-4.15339023e-02 -2.51084920e-02  6.76909089e-03 -8.92187282e-03
  -8.13092887e-02  1.02282949e-01  9.90174770e-01]]",22
5,6,7,0.9,0.8638073205947876,"[[ 0.9899611  -0.13227426  0.01175172 -0.02657851 -0.00581499 -0.00881698
   0.0390452 ]
 [ 0.13169517  0.98973376  0.04037743  0.02907866 -0.00688273 -0.01671026
   0.01675627]
 [-0.01147068 -0.04215175  0.98488665  0.16003725  0.00418918  0.0395824
  -0.02989567]
 [ 0.02604852 -0.02534927 -0.16192776  0.9856991  -0.01012203  0.00499939
  -0.02698301]
 [ 0.0063407   0.00796916 -0.01022     0.00925233  0.98370636  0.16854519
   0.06017091]
 [ 0.00934792  0.01573243 -0.03562785 -0.01200201 -0.17007862  0.9844161
   0.01580688]
 [-0.04117982 -0.01414361  0.02520938  0.03168083 -0.05651419 -0.02384672
   0.9963445 ]]",22
6,7,7,0.9,0.880116879940033,"[[ 9.97675598e-01 -5.02173938e-02 -2.36031990e-02  2.97918636e-02
  -1.75320974e-03  2.57930029e-02 -2.92207976e-03]
 [ 4.72918525e-02  9.95155513e-01 -6.53557703e-02  4.35070060e-02
   3.55488621e-02  6.94459246e-04  7.44820689e-04]
 [ 3.40748243e-02  7.34109059e-02  9.62430418e-01 -2.58633196e-01
  -1.46943666e-02  4.18519508e-03  7.27443723e-03]
 [ 2.38351878e-02  2.26391684e-02 -2.61124045e-01 -9.64128911e-01
   3.44584361e-02 -9.69511108e-04 -7.94556167e-04]
 [-2.58005830e-03  3.49734351e-02 -2.58963276e-02 -2.78176256e-02
  -9.91956592e-01  1.12074077e-01  2.80596893e-02]
 [-2.57963315e-02 -3.59682762e-03 -6.54095842e-04  2.46036239e-03
   1.11697234e-01  9.93288875e-01 -1.46963783e-02]
 [ 2.34564138e-03 -2.43953033e-03 -6.51532691e-03  1.98777835e-03
   2.95939706e-02  1.15027446e-02  9.99466896e-01]]",22
7,8,7,0.9,0.9595981240272522,"[[ 9.9656165e-01  5.8272187e-02 -2.2566834e-02  4.3200843e-02
   7.0447116e-03  6.1631086e-03 -3.1717118e-02]
 [-6.0457006e-02  9.9638462e-01  2.3732947e-02  5.0570194e-02
   3.8834491e-03 -1.0028898e-02 -1.8065548e-02]
 [ 2.8977660e-02 -1.5491832e-02  9.9124879e-01 -1.2640099e-01
   1.5102126e-02 -1.0284960e-02  5.9355036e-03]
 [-3.6866903e-02 -5.5251610e-02  1.2603630e-01  9.8919374e-01
   2.9289952e-02  1.6839519e-02  7.5702854e-03]
 [-7.9730097e-03 -2.5093139e-03 -1.7530017e-02 -2.8678920e-02
   9.9520659e-01  7.9491764e-02 -4.5222711e-02]
 [ 5.0739145e-05  1.3945494e-02  8.3692018e-03 -1.6237751e-02
  -7.0796654e-02  9.8189032e-01  1.7421538e-01]
 [ 3.0778510e-02  1.8124856e-02 -9.5382100e-03 -2.9732592e-03
   5.8316633e-02 -1.7042442e-01  9.8294401e-01]]",22
8,9,8,0.9,0.99270099401474,"[[ 0.9987332   0.03203715 -0.00648073  0.01940436  0.01743101  0.02688394
  -0.00302875 -0.00716541]
 [-0.03407592  0.99677116 -0.02067542  0.0636307   0.00879397  0.01496886
  -0.0067762  -0.0215038 ]
 [ 0.00933273  0.03235023  0.9843047  -0.17025998  0.00524463 -0.0224476
   0.01491073  0.01637611]
 [-0.017819   -0.0609921   0.17376716  0.98023826 -0.00505871  0.06616989
  -0.01454327 -0.01687579]
 [-0.0028981  -0.00314598 -0.00903606  0.03871572  0.87386495 -0.484355
   0.01258803 -0.00174567]
 [-0.03043605 -0.01502391  0.00831535 -0.05987673  0.48552024  0.87102705
  -0.01405365 -0.02404377]
 [ 0.00168982  0.00412695 -0.01125769  0.01477347 -0.00500525  0.01847364
   0.99780464 -0.06045425]
 [ 0.00534953  0.02004091 -0.0142118   0.02041305  0.0130741   0.02327462
   0.05950651  0.9973452 ]]",22
9,10,8,0.9,1.0943291187286377,"[[ 9.97745037e-01  3.50676067e-02  1.34419696e-02 -4.34078835e-03
   3.68153788e-02  1.70130488e-02  3.03947181e-02 -2.25164313e-02]
 [-3.50466184e-02  9.94890749e-01 -8.51119161e-02 -1.59227606e-02
   1.89024322e-02  3.65252397e-03  2.71076523e-02  1.90044474e-02]
 [-1.67690888e-02  8.07346180e-02  9.80852962e-01 -1.61351040e-01
   3.13235186e-02 -6.31864741e-02 -7.79498508e-03 -7.71955959e-03]
 [-5.74662001e-04  3.02907806e-02  1.59550041e-01  9.85164046e-01
   1.34647880e-02  1.38366362e-02 -8.06450751e-03 -5.13801575e-02]
 [ 3.97603847e-02  1.90406404e-02 -8.61089397e-03  1.97336897e-02
  -8.17605793e-01 -5.73533773e-01 -1.24038095e-02 -4.35300777e-03]
 [ 5.23554068e-03  1.22907283e-02  6.81276098e-02 -1.35858860e-02
  -5.73106587e-01  8.15332770e-01  3.59690711e-02  2.19799411e-02]
 [-2.77691856e-02 -2.83625834e-02  9.27529205e-03  1.10858055e-02
   9.84046049e-03 -3.86640020e-02  9.96462464e-01  6.07155785e-02]
 [ 2.48131659e-02 -1.44595606e-02  1.56523809e-02  4.94808704e-02
   9.88208316e-03 -1.76016595e-02 -6.18911907e-02  9.96114373e-01]]",22
10,11,9,0.9,1.5837918519973755,"[[ 9.30043876e-01 -2.89779663e-01 -4.49568732e-03 -9.36379936e-03
  -6.19709454e-02  8.90706778e-02  1.93713620e-01  4.04068567e-02
  -2.58132792e-03]
 [ 2.60465384e-01  9.50004935e-01  5.69671579e-02 -3.30627561e-02
  -2.30437387e-02  4.38165069e-02  1.40212327e-01  1.59064308e-02
   5.42822219e-02]
 [ 1.10539189e-02  5.18069267e-02 -9.91950333e-01 -1.02261916e-01
   2.73195151e-02  1.61702130e-02 -7.87267368e-03  2.89207622e-02
   2.94078942e-02]
 [ 3.10473442e-02  3.59704047e-02 -9.16693658e-02  9.76547897e-01
   1.76568151e-01  5.53310513e-02 -2.51271855e-02  2.86970306e-02
  -7.04830745e-04]
 [-2.28239311e-04  2.15293597e-02 -3.92859653e-02  1.64171413e-01
  -9.51953351e-01 -6.79068714e-02 -2.40780011e-01  3.90557349e-02
   2.67196298e-02]
 [-2.94271950e-02  4.94648935e-03  1.99937560e-02 -5.44509590e-02
  -1.11036655e-02  9.54208612e-01 -2.80452907e-01 -7.53048956e-02
  -2.79810689e-02]
 [-1.78097766e-02  8.97369534e-03  3.17058116e-02 -4.02495861e-02
   5.30450121e-02  3.81276496e-02 -1.09161749e-01  9.79994416e-01
  -1.42842740e-01]
 [ 2.24579364e-01  4.85373177e-02  3.07651311e-02 -5.35371341e-02
   2.24057600e-01 -2.25854024e-01 -8.19365144e-01 -3.41295339e-02
   4.11897510e-01]
 [-1.20295703e-01 -8.13394189e-02  2.17040330e-02  1.76792555e-02
  -6.59689382e-02  1.38688043e-01  3.49596560e-01  1.66445687e-01
   8.97006691e-01]]",22
0,1,6,0.9,0.8978803157806396,"[[ 9.9813819e-01 -1.3356562e-02  2.5296364e-02 -1.6395407e-02
  -3.1894781e-02 -4.0197581e-02]
 [ 1.5968569e-02  9.8698139e-01 -1.8399661e-02  1.5755954e-01
   1.2446391e-02 -1.7152047e-02]
 [-2.2881938e-02  8.6696604e-03  9.9701029e-01  6.1187964e-02
   4.0341970e-02 -6.0401269e-04]
 [ 1.1465815e-02 -1.5908092e-01 -5.7643156e-02  9.8200542e-01
  -2.5341952e-02 -7.9134569e-02]
 [ 3.7275068e-02 -1.6602889e-02 -4.0843103e-02  2.8658343e-02
   9.9223131e-01  1.0640711e-01]
 [-3.7693072e-02 -5.6300857e-03 -1.0986533e-03 -7.7500649e-02
   1.0970475e-01 -9.9020445e-01]]",23
1,2,6,0.9,0.8988577127456665,"[[ 0.9842888   0.1744939   0.00655033 -0.00513475 -0.02308446  0.01119439]
 [-0.16978581  0.967645   -0.09467417 -0.14039697  0.07847618 -0.00170362]
 [-0.0284784   0.1442954   0.8865295   0.43591088  0.00748402 -0.04856919]
 [ 0.00822774 -0.08511738  0.44936472 -0.88860565  0.01909718 -0.02781856]
 [ 0.03383371 -0.07005053  0.00107452  0.02380503  0.9842458   0.15697354]
 [-0.01802631  0.01555015  0.05594138 -0.00757276 -0.15539697  0.9859504 ]]",23
2,3,6,0.9,0.8330569863319397,"[[ 0.9971307   0.06258365 -0.00588481 -0.02803232 -0.0292615  -0.01170616]
 [-0.05898887  0.9946265  -0.0157861   0.05199372  0.06054032  0.02491339]
 [ 0.00194777  0.02071536  0.9941878  -0.10328216  0.01586368 -0.01545967]
 [ 0.03066683 -0.04677359  0.10460398  0.99246943 -0.02971022  0.00718615]
 [ 0.03311231 -0.05916783 -0.01256663  0.02766632  0.9961803  -0.04587054]
 [ 0.01449367 -0.02614585  0.01438879 -0.00909753  0.04437328  0.99842256]]",23
3,4,7,0.9,0.9596083760261536,"[[ 0.9933347   0.10488533 -0.0121394  -0.03780732 -0.02129433 -0.0158497
  -0.00195507]
 [-0.10482482  0.99372596 -0.0295677   0.01689093 -0.01524195  0.00989974
  -0.00552185]
 [ 0.0198349   0.02629645  0.9624592   0.268163    0.01583137  0.01771934
   0.01054594]
 [ 0.03552071 -0.02159687 -0.26807272  0.9605291  -0.03818864  0.04811786
   0.00436621]
 [ 0.02194172  0.015379   -0.02652489  0.02677522  0.99419326  0.09704953
   0.00477008]
 [ 0.012653   -0.00924358 -0.00133377 -0.05454347 -0.09561122  0.9936347
  -0.01806479]
 [ 0.00112314  0.00527025 -0.00906647 -0.00811767 -0.00659728  0.01711798
   0.9997431 ]]",23
4,5,7,0.9,0.900044322013855,"[[ 9.95281339e-01  6.09638430e-02  1.30519900e-03 -3.10022719e-02
  -5.34896143e-02  1.68538280e-02  3.98802198e-02]
 [-6.06474355e-02  9.92303193e-01 -9.64831114e-02  3.96683179e-02
  -4.05540137e-04  8.81395396e-03  2.63828319e-02]
 [-9.22882464e-03  9.67429355e-02  9.94314790e-01 -1.68372598e-02
  -2.44445801e-02  3.05529293e-02 -8.89613573e-03]
 [ 3.23838741e-02 -3.47889438e-02  2.27249227e-02  9.92648661e-01
  -3.87638286e-02 -1.01605266e-01  6.85760844e-03]
 [ 5.03575765e-02  1.91127253e-03  2.59869378e-02  3.65807079e-02
   9.92968380e-01  6.30817562e-03  9.70623717e-02]
 [ 9.42011923e-03  1.40140634e-02  2.81910896e-02 -1.02415115e-01
   7.45814119e-04 -9.90757287e-01  8.26483443e-02]
 [-4.44796048e-02 -2.91286800e-02  6.39080629e-03 -1.87088142e-03
  -9.51413289e-02  8.21059197e-02  9.90623772e-01]]",23
5,6,7,0.9,0.8533648252487183,"[[ 9.8957926e-01 -1.3454194e-01  1.8071556e-02 -2.5334697e-02
  -6.8474805e-04 -1.1911749e-02  3.8995214e-02]
 [ 1.3392708e-01  9.9001861e-01  2.4001693e-02  2.3128496e-02
  -8.4860185e-03 -2.3597350e-02  1.3665537e-02]
 [-1.4887627e-02 -2.4405789e-02  9.8187184e-01  1.7870694e-01
   1.2071074e-03  4.7076732e-02 -3.0926801e-02]
 [ 2.6327679e-02 -2.1962022e-02 -1.7981294e-01  9.8262119e-01
  -2.1788822e-02  3.6416745e-03 -2.1432800e-02]
 [ 2.7912594e-03  1.0975589e-02 -1.0743163e-02  2.0585991e-02
   9.8518264e-01  1.6138507e-01  5.1985040e-02]
 [ 1.3741288e-02  2.1127105e-02 -4.2653300e-02 -1.4264180e-02
  -1.6346107e-01  9.8466253e-01  3.2592822e-02]
 [-4.1049782e-02 -1.0804573e-02  2.7523208e-02  2.6746068e-02
  -4.6333950e-02 -3.8293689e-02  9.9655008e-01]]",23
6,7,7,0.9,0.8658085465431213,"[[ 9.9695373e-01 -6.1707832e-02 -3.1883787e-02 -2.9594755e-02
  -1.7249965e-03  1.9188421e-02  3.4359938e-03]
 [ 5.8835249e-02  9.9543655e-01 -5.9759140e-02 -3.1616043e-02
   3.2675803e-02 -1.1399646e-03  2.1685543e-03]
 [ 4.3042939e-02  6.4650439e-02  9.5103800e-01  2.9835850e-01
  -1.9040108e-02  9.3656378e-03  5.1172837e-03]
 [ 1.9211246e-02  9.4259102e-03 -2.9929906e-01  9.5238942e-01
   5.3007200e-02  9.3149310e-03 -4.4792593e-03]
 [-1.2915124e-03  3.1900033e-02 -3.6462493e-02  4.2962618e-02
  -9.9410319e-01  7.9802163e-02  3.4582064e-02]
 [-1.9559039e-02 -8.7897060e-04 -2.6122171e-03 -1.4630100e-02
   7.8891799e-02  9.9645030e-01 -1.6083388e-02]
 [-3.9602323e-03 -3.3550870e-03 -4.7528865e-03  1.1893255e-03
   3.5944179e-02  1.3206982e-02  9.9924099e-01]]",23
7,8,7,0.9,0.9489266276359558,"[[ 9.98195112e-01  1.33151971e-02 -2.44251695e-02  4.04676944e-02
   1.83318444e-02 -9.75552946e-04 -2.92906761e-02]
 [-1.50391320e-02  9.97346997e-01  3.91766168e-02  5.40576428e-02
  -1.48145831e-04 -1.84433125e-02 -1.65980309e-02]
 [ 3.37856524e-02 -2.40642298e-02  9.67542052e-01 -2.49061763e-01
   9.42590274e-03  4.20814351e-04 -4.59999451e-03]
 [ 3.23974788e-02  6.23511709e-02 -2.48063698e-01 -9.65930104e-01
  -2.03486662e-02 -5.59976138e-03 -7.79449567e-03]
 [-1.86679587e-02  2.40088557e-03 -1.38280503e-02 -1.81382932e-02
   9.95993137e-01  7.96463862e-02 -2.79227905e-02]
 [ 5.95731428e-03  2.06657331e-02  2.62668298e-04 -3.69905890e-03
  -7.55155534e-02  9.88797605e-01  1.26887634e-01]
 [ 2.83768438e-02  1.48996031e-02  2.05117464e-03 -6.68995827e-03
   3.81589420e-02 -1.24752544e-01  9.90910947e-01]]",23
8,9,8,0.9,0.9835326075553894,"[[ 9.9899226e-01 -2.2364322e-02  7.3658982e-03  3.0441174e-02
   6.6188825e-03  1.9206824e-02 -6.9516934e-03 -8.5006747e-03]
 [ 2.0653317e-02  9.9825537e-01  5.4278113e-03  4.9307473e-02
  -8.5721696e-03 -1.1858429e-03 -6.4003519e-03 -2.1977400e-02]
 [ 1.2986273e-02  1.4128454e-02 -9.8386502e-01 -1.7646231e-01
   1.8956784e-02 -2.5904016e-03  1.0692216e-02  4.6870681e-03]
 [-3.0881602e-02 -4.7711823e-02 -1.7795038e-01  9.7949874e-01
  -3.3148412e-02  5.7723694e-02 -2.4442485e-02 -2.5641147e-02]
 [-1.0496556e-03  5.1086498e-03  9.4308341e-03  5.4441720e-02
   9.3683630e-01 -3.4501219e-01  1.4255622e-02  4.5861672e-03]
 [-1.9266751e-02  5.9627136e-03  1.1391991e-02 -4.2710539e-02
   3.4743667e-01  9.3598157e-01 -2.1562437e-02 -2.0017214e-02]
 [ 5.1751961e-03  3.3774630e-03  6.3204234e-03  2.2584356e-02
  -6.9915201e-03  2.4912290e-02  9.9630213e-01 -7.8259028e-02]
 [ 8.1492523e-03  2.0901047e-02  9.1346679e-04  2.8057175e-02
   1.0441804e-03  2.3990601e-02  7.6895773e-02  9.9610192e-01]]",23
9,10,8,0.9,1.1178306341171265,"[[ 9.9825168e-01  9.3811154e-03 -1.4768369e-03 -1.7934352e-02
  -3.0670065e-02  2.1269474e-02  3.5391290e-02 -2.0882973e-02]
 [-1.0928382e-02  9.9520195e-01  8.6445235e-02 -1.6436823e-02
  -2.6088785e-02  1.1567944e-03  2.6812786e-02  1.7602930e-02]
 [ 4.4400222e-03 -8.1946172e-02  9.7508866e-01  1.9275448e-01
  -4.7829287e-04  7.0609868e-02  2.5645797e-03  1.7900208e-02]
 [ 1.2995813e-02  3.2038134e-02 -1.9206154e-01  9.7489500e-01
  -8.3353825e-02  4.0414505e-02 -1.5997225e-02 -5.1571917e-02]
 [ 3.8932931e-02  2.0815348e-02  2.8215116e-02  9.6158884e-02
   7.7315295e-01 -6.2463003e-01 -8.9074392e-03 -9.3574420e-04]
 [ 2.0678509e-03  1.9078469e-02 -5.7338886e-02  1.1979074e-02
   6.2667549e-01  7.7510583e-01  3.8225506e-02  3.5043880e-02]
 [-3.3212774e-02 -2.7774114e-02 -7.0891879e-03  1.9500269e-02
  -1.8235879e-02 -3.7182163e-02  9.9613750e-01  6.0744610e-02]
 [ 2.3713743e-02 -1.3222677e-02 -2.6560433e-02  4.5424081e-02
  -2.4708372e-02 -2.4349958e-02 -6.2733456e-02  9.9566817e-01]]",23
10,11,9,0.9,1.4197657108306885,"[[ 0.9348716  -0.24454339  0.01631326 -0.00867041 -0.05774092  0.16948365
   0.15537979  0.04336276 -0.08826226]
 [ 0.21964614  0.9662085   0.05120171 -0.01669521 -0.0293622   0.08677831
   0.08278193  0.00217669 -0.00678671]
 [-0.03131236 -0.0479548   0.99536395  0.033582   -0.02298461 -0.00264514
   0.03170557 -0.05330699  0.02146061]
 [ 0.02132161  0.01897584 -0.02847226  0.99636966  0.03319059  0.00309599
  -0.05429837  0.00385095 -0.03934256]
 [ 0.00380598 -0.00281016  0.01542875 -0.01812106  0.96505344  0.13744833
   0.21269786  0.00574485  0.06259017]
 [-0.05460194 -0.01436633  0.01448361 -0.0300764   0.00429381  0.8228594
  -0.55964214 -0.0688571   0.02532048]
 [-0.02762636  0.00914353  0.05620551 -0.00721047  0.01300387  0.01077595
  -0.10120684  0.99256986  0.01480691]
 [ 0.21032256  0.06017897  0.04317377 -0.06404549  0.24947439 -0.48224175
  -0.7317366  -0.06526908 -0.33419153]
 [ 0.16834722  0.00777204 -0.00901912  0.01947064  0.02051059 -0.18725722
  -0.24683946 -0.03208223  0.9347157 ]]",23
0,1,6,0.9,0.8881451487541199,"[[ 0.9983083  -0.01055853  0.02215483 -0.01588912  0.03056292 -0.03989655]
 [ 0.01244639  0.9889542   0.00376547  0.14632824 -0.011982   -0.01564989]
 [-0.02089796 -0.00250334  0.9988793  -0.00982648 -0.04093496  0.00498561]
 [ 0.00951713 -0.14676799  0.01139828  0.98504204  0.03586479 -0.08151382]
 [-0.03593137  0.01693275  0.04004942 -0.04236142  0.9920176  -0.10452133]
 [-0.03751447 -0.00492256 -0.0010886  -0.07833675 -0.10890972 -0.990237  ]]",24
1,2,6,0.9,0.8877009749412537,"[[ 0.98349816  0.1779384   0.010539   -0.00969672 -0.02813188  0.00853021]
 [-0.17348534  0.96858627 -0.08238788 -0.13878387  0.0742576  -0.01343676]
 [-0.028642    0.129996    0.8993642   0.41459027  0.00307343 -0.03911811]
 [ 0.00437656 -0.0936974   0.4264546  -0.8987751   0.01959884 -0.03401991]
 [-0.03884995  0.06343465 -0.00151825 -0.02417466 -0.98848426 -0.12953337]
 [-0.01689179  0.02182765  0.04877913 -0.01946466 -0.12727813  0.9900911 ]]",24
2,3,6,0.9,0.8273884654045105,"[[ 9.97068942e-01  6.41457289e-02 -3.16000264e-03 -2.74009202e-02
   3.05858161e-02  6.51441189e-03]
 [-6.10258169e-02  9.95142877e-01 -2.09184326e-02  3.99249233e-02
  -6.06379509e-02 -1.60673670e-02]
 [ 8.11365084e-04  2.21678428e-02  9.98075366e-01 -5.19629754e-02
  -1.98142491e-02  1.61433648e-02]
 [ 2.97144521e-02 -3.67104597e-02  5.33782057e-02  9.97026801e-01
   1.26718795e-02 -2.64040008e-02]
 [ 3.40183862e-02 -5.81481382e-02 -1.90883875e-02  1.25782788e-02
  -9.94390607e-01  7.82710165e-02]
 [ 9.40180477e-03 -1.88653786e-02  1.35745313e-02 -2.71000788e-02
  -7.75999129e-02 -9.96300757e-01]]",24
3,4,7,0.9,0.9227274060249329,"[[ 9.93271828e-01  1.08916968e-01 -1.31576322e-03 -2.77529042e-02
   2.32052039e-02 -1.54173141e-02 -1.54185138e-04]
 [-1.08471982e-01  9.93155420e-01 -3.31889279e-02  2.13497076e-02
   1.30036129e-02  1.18485093e-02 -3.08223953e-03]
 [ 2.03366973e-03  3.10569983e-02  9.92390871e-01  1.14057109e-01
  -2.63750944e-02  2.06379816e-02  7.80721055e-03]
 [ 3.03608235e-02 -2.29632817e-02 -1.13746315e-01  9.89989042e-01
   3.07335109e-02  6.76250160e-02  4.08613216e-03]
 [-2.32811011e-02 -1.34303914e-02  3.07949577e-02 -2.33176295e-02
   9.97421682e-01 -5.41611053e-02 -1.50599878e-03]
 [-1.33025339e-02  1.00036021e-02  1.06371362e-02  7.14246482e-02
  -5.28653823e-02 -9.95618701e-01  2.13804301e-02]
 [-7.17867442e-05  2.69593229e-03 -7.56864808e-03 -6.43812679e-03
   2.75715766e-03  2.08075717e-02  9.99726713e-01]]",24
4,5,7,0.9,0.9001048803329468,"[[ 0.9965699   0.05133124  0.00267395 -0.02504768  0.04824621  0.00774874
   0.03451728]
 [-0.05008687  0.9916958  -0.09472935  0.06714854  0.00283937  0.00914679
   0.0213647 ]
 [-0.01038815  0.0979708   0.99296826 -0.05509652  0.02935524  0.01865949
  -0.00789446]
 [ 0.02762264 -0.05866585  0.06275126  0.9887462   0.01565455 -0.11808768
   0.00698969]
 [-0.04442467 -0.00425567 -0.03029234 -0.01749447  0.9924927  -0.04511524
  -0.09852706]
 [ 0.0031859   0.01696574  0.01214876 -0.11790671 -0.03919959 -0.9893241
   0.07316991]
 [-0.03853952 -0.02363592  0.00550487 -0.00102108  0.09989565  0.06903657
   0.9915541 ]]",24
5,6,7,0.9,0.8293777704238892,"[[ 9.9218994e-01 -1.1278680e-01  8.2222335e-03 -3.4250062e-02
  -4.8294663e-03 -1.2736493e-02  3.7576858e-02]
 [ 1.1240791e-01  9.9323976e-01  1.6380059e-02  8.2778633e-03
   7.7408091e-03 -1.7041072e-02  1.2335177e-02]
 [ 3.9582403e-05 -1.7234057e-02  9.6663749e-01  2.5210512e-01
   7.4952557e-03  3.5126984e-02 -2.1629728e-02]
 [ 3.4806866e-02 -7.9362290e-03 -2.5237757e-01  9.6685272e-01
   1.2879307e-02 -4.6083415e-03 -6.3009080e-03]
 [ 2.4392593e-03 -1.0022057e-02  5.1156047e-04 -1.4104092e-02
   9.8845744e-01 -1.4739014e-01 -3.0373277e-02]
 [ 1.4282024e-02  1.4531530e-02 -3.4590457e-02 -6.5438505e-03
   1.4801958e-01  9.8790312e-01  2.1982541e-02]
 [-3.8757097e-02 -9.0760430e-03  1.9616982e-02  1.2467049e-02
   2.7145339e-02 -2.4817001e-02  9.9825972e-01]]",24
6,7,7,0.9,0.8450090885162354,"[[ 9.9754024e-01 -4.7967829e-02 -3.5062637e-02  2.7886873e-02
   6.0163550e-03  2.3739181e-02  2.4039277e-03]
 [ 4.4903394e-02  9.9651533e-01 -5.6202836e-02  2.7064279e-02
   3.2179240e-02  3.7450495e-03 -5.5824381e-05]
 [ 4.4840038e-02  6.0661547e-02  9.4930708e-01 -3.0382571e-01
  -2.8044159e-02  4.1468069e-03  3.4492249e-03]
 [ 1.6208138e-02  6.6941087e-03 -3.0450538e-01 -9.5147127e-01
   3.9628159e-02 -9.8428633e-03  2.0215244e-03]
 [-5.1540388e-03 -3.0128920e-02  4.1133266e-02  2.8653728e-02
   9.9573791e-01 -6.7207746e-02 -2.3275746e-02]
 [-2.4218529e-02 -4.7984258e-03 -3.0979041e-03 -7.0381011e-03
   6.6808581e-02  9.9714875e-01 -2.3714690e-02]
 [-3.2790564e-03 -8.6739671e-04 -1.6947095e-03  3.4078064e-03
   2.4778793e-02  2.2043901e-02  9.9943686e-01]]",24
7,8,8,0.9,0.9781407713890076,"[[ 0.99470407  0.05609615 -0.02395051  0.03106247  0.02393031 -0.00428455
  -0.03687003 -0.06267364]
 [-0.05826201  0.9966822   0.02550975  0.04728821  0.00671105 -0.00992698
  -0.01040365 -0.00955397]
 [ 0.03157127 -0.0144262   0.9814002  -0.1862058   0.00698927 -0.02064615
   0.00544129  0.02171348]
 [-0.02418892 -0.05265165  0.18658343  0.9800524   0.02111097  0.02285081
   0.01008527 -0.01603284]
 [-0.02309908 -0.00721192 -0.01097132 -0.01923779  0.9987074  -0.02763702
  -0.02112737  0.01724236]
 [ 0.00231686  0.0110413   0.01665488 -0.02926942  0.03164458  0.98420346
   0.1324928  -0.10736135]
 [ 0.02718342  0.00960258 -0.00793728 -0.00637411  0.01927826 -0.14604367
   0.98130286 -0.12004035]
 [ 0.0656468   0.01520699 -0.0188453   0.01887363 -0.00991263  0.09047464
   0.13208032  0.98438746]]",24
8,9,8,0.9,0.9652180075645447,"[[ 9.99485493e-01  9.02113039e-04 -9.77012143e-03  1.59750562e-02
   1.73303150e-02  1.67546459e-02 -4.05529328e-03 -8.92643631e-03]
 [-2.51162378e-03  9.98220026e-01 -5.62692387e-03  5.08545078e-02
   1.87254734e-02  1.40204327e-02 -2.19263742e-03 -1.95083823e-02]
 [ 1.40078329e-02  1.88275948e-02  9.67336416e-01 -2.50750452e-01
  -3.92822688e-03 -2.06484143e-02  1.79885868e-02  8.27685744e-03]
 [-1.49117718e-02 -4.96600084e-02  2.52824932e-01  9.62404549e-01
   3.52950878e-02  7.33669922e-02 -1.80720277e-02 -1.46085657e-02]
 [-7.29435915e-03 -1.00078965e-02 -5.36444644e-03  5.17373532e-03
   8.79835725e-01 -4.74526346e-01  2.19297446e-02  4.90705064e-03]
 [-2.18928475e-02 -1.74572468e-02 -1.47938219e-04 -8.64492506e-02
   4.73152965e-01  8.74854565e-01 -4.12594415e-02 -2.82117352e-02]
 [ 2.21939711e-03 -8.23466456e-04 -1.24413585e-02  1.73352379e-02
   3.35021876e-04  4.62225601e-02  9.96097565e-01 -7.20574483e-02]
 [ 8.14465620e-03  1.81591529e-02 -5.40268747e-03  1.61087867e-02
   1.01576969e-02  3.21148112e-02  7.02504441e-02  9.96617079e-01]]",24
9,10,9,0.9,1.245605230331421,"[[ 9.9664432e-01 -7.0441300e-03 -1.0994059e-03  6.5249535e-03
  -3.7702598e-02  2.6327299e-02  2.7012980e-02 -3.6940623e-02
  -4.8966087e-02]
 [ 5.2947653e-03  9.9450237e-01  9.6224971e-02 -1.1494118e-03
  -2.3832690e-02  2.2400015e-04  3.2509979e-02  5.0957520e-03
  -5.0495230e-03]
 [-1.0475798e-04  9.3712524e-02 -9.8022550e-01 -1.5509552e-01
  -4.2676635e-02 -6.5210313e-02 -2.4224327e-04 -1.4752355e-02
  -5.4777795e-03]
 [-8.2413070e-03  1.8277273e-02 -1.5743978e-01  9.8346734e-01
   5.4625288e-02  3.1815946e-02 -1.4517549e-02 -4.8691019e-02
  -3.2013565e-02]
 [ 4.3111052e-02  2.4533415e-02 -1.1350894e-02 -4.7124937e-02
   9.5070904e-01 -2.9879919e-01 -2.9718475e-02 -1.1844089e-02
  -3.2215111e-02]
 [-1.1438379e-02  1.2109693e-02 -6.6823497e-02 -5.4943699e-02
   2.9785359e-01  9.4821185e-01  4.2300198e-02  2.4228275e-02
   4.5159996e-02]
 [-2.3855565e-02 -3.1697549e-02 -3.7877993e-03  1.6695367e-02
   1.8615376e-02 -5.0685100e-02  9.9723852e-01  2.4584262e-02
   1.1331127e-02]
 [ 3.2967646e-02 -2.8667054e-03 -2.0358564e-02  4.3162670e-02
   2.8018688e-03 -1.9020412e-02 -2.4495531e-02  9.9305791e-01
  -9.7435735e-02]
 [ 5.4393776e-02  6.1485758e-03 -9.3421396e-03  3.6222152e-02
   1.6924119e-02 -5.2198380e-02 -1.5660632e-02  9.2332274e-02
   9.9187833e-01]]",24
10,11,12,0.9,2.0621190071105957,"[[ 9.11284328e-01 -2.80298620e-01  4.52496633e-02  6.55818731e-02
  -5.54666333e-02  1.86804086e-01  1.64042786e-01 -6.16757832e-02
  -1.48340585e-02  4.12599593e-02  8.57576877e-02 -8.17438290e-02]
 [ 2.30654120e-01  9.48840857e-01  1.17457427e-01  1.38783047e-03
  -1.43321017e-02  1.11231342e-01  1.13415234e-01 -3.37938368e-02
   3.68271247e-02  2.32899673e-02  4.94901538e-02 -4.20809127e-02]
 [-6.90953061e-02 -9.53763351e-02  9.82430398e-01  3.49387750e-02
   1.08682727e-02 -5.87460250e-02 -4.25388850e-03  7.07392544e-02
  -5.64979166e-02 -2.87435818e-02 -4.89236368e-03 -8.42947587e-02]
 [-3.99940705e-04  3.11189629e-02 -3.25046368e-02  9.36002731e-01
   3.05257708e-01 -6.17172420e-02 -1.36272117e-01 -6.30852720e-03
  -8.25413689e-03  6.74247295e-02  2.72431644e-04  4.07205150e-02]
 [ 2.56221257e-02 -1.76281426e-02 -1.74052734e-03 -2.72695035e-01
   9.39379692e-01  1.30779773e-01  1.23753674e-01  1.75185669e-02
  -4.09844555e-02 -6.70713857e-02 -3.80325541e-02 -4.33918238e-02]
 [-3.90236713e-02 -1.55721570e-03  2.90170442e-02 -2.29942743e-02
  -4.16329503e-02  7.76036918e-01 -6.02783501e-01  1.33790895e-01
  -9.40884724e-02  5.55841951e-04 -4.92891520e-02  2.46343352e-02]
 [ 6.25456963e-03  1.10964999e-02  4.22010086e-02 -5.38506620e-02
   3.30231786e-02 -8.59590918e-02 -2.87701577e-01 -9.17358637e-01
  -2.04310924e-01 -1.18832573e-01  4.81114313e-02 -6.46503195e-02]
 [ 1.46328464e-01  2.54628044e-02 -9.87170544e-03 -1.33274019e-01
   1.10232875e-01 -3.55579644e-01 -5.59067905e-01  1.36163533e-01
   4.87405688e-01  1.38046280e-01  3.71177346e-01 -3.09840143e-01]
 [-1.41833967e-03 -3.02240923e-02  3.39447595e-02  7.97977671e-02
  -3.07585597e-02  1.45161673e-01  7.65363798e-02 -1.42023638e-01
   6.96425021e-01 -5.67548692e-01 -3.68977040e-01 -1.59573443e-02]
 [-1.51941612e-01 -5.97903691e-02  3.66630964e-02  7.80300098e-03
  -2.10981374e-03  2.33468637e-01  2.10349053e-01 -2.59111255e-01
   3.49878579e-01  7.52186656e-01 -2.40064472e-01 -2.45368376e-01]
 [-1.29765093e-01 -5.91562428e-02  7.85880089e-02  1.75128486e-02
   2.01600734e-02  2.35699087e-01  1.98651716e-01 -1.56217307e-01
   2.97545046e-01  3.96109484e-02  6.86023057e-01  5.40945649e-01]
 [ 2.19151869e-01  4.46797237e-02  8.08354989e-02 -1.26833245e-01
   6.82002380e-02 -2.47336730e-01 -2.79427320e-01 -1.70406851e-03
   9.67890099e-02  2.55422711e-01 -4.26387668e-01  7.25968659e-01]]",24
0,1,6,0.9,0.8942895531654358,"[[ 9.9848503e-01 -2.5052046e-03  1.9109843e-02 -1.4687192e-02
   3.0604837e-02 -3.8778860e-02]
 [ 4.0252483e-03  9.9276316e-01  2.0084148e-03  1.1893132e-01
  -1.0041796e-02 -1.2471619e-02]
 [-1.7354365e-02 -9.7077100e-05  9.9854296e-01 -1.7570836e-02
  -4.5137975e-02  1.6266383e-02]
 [ 9.3864445e-03 -1.1914037e-01  2.0663649e-02  9.8828369e-01
   3.8724717e-02 -8.4179014e-02]
 [-3.7053544e-02  1.4236804e-02  4.5339927e-02 -4.9038071e-02
   9.8787379e-01 -1.3442172e-01]
 [-3.5343740e-02 -4.2280438e-03  7.7480930e-03 -7.8875765e-02
  -1.3975246e-01 -9.8636746e-01]]",25
1,2,6,0.9,0.9043737053871155,"[[ 0.98063195  0.19159442  0.01155755 -0.01325519 -0.03542409  0.0094078 ]
 [-0.18707937  0.96708167 -0.08513062 -0.13212337  0.06730342 -0.02281988]
 [-0.02928723  0.13707407  0.8499353   0.50724226  0.012056   -0.02286704]
 [-0.00201749 -0.07359411  0.5178302  -0.8506231   0.02016247 -0.04965489]
 [-0.04653338  0.05682627  0.01101138 -0.01670278 -0.99348783 -0.08477642]
 [-0.01830855  0.02469745  0.04426982 -0.0351348  -0.08151914  0.994593  ]]",25
2,3,6,0.9,0.8833345770835876,"[[ 0.99423885  0.09527582  0.00969224 -0.03972925  0.02702521  0.00299574]
 [-0.09215182  0.99321043 -0.02420561  0.02850008 -0.05998518 -0.00668458]
 [-0.01525304  0.02403647  0.9938767  -0.10012321 -0.02968196  0.02220791]
 [ 0.04190945 -0.02418364  0.10131399  0.992233   -0.02926236 -0.04485232]
 [ 0.03142291 -0.05642294 -0.03245003 -0.02411275 -0.9920377   0.10027789]
 [ 0.00455587 -0.01045943  0.01455668 -0.04976986 -0.09897041 -0.9936729 ]]",25
3,4,6,0.9,0.8299004435539246,"[[ 9.9422956e-01  9.9875346e-02  3.8027610e-03 -2.0986050e-02
   3.1866588e-02  7.8845108e-03]
 [-9.9122778e-02  9.9442375e-01 -1.4874109e-02  3.1172013e-02
   7.2490331e-04 -1.0135621e-02]
 [-9.9373525e-03  2.2314006e-02  9.5271260e-01 -2.9543734e-01
  -6.2032863e-02 -2.4716906e-02]
 [ 2.1665938e-02 -2.4206245e-02  2.9402104e-01  9.5050645e-01
   1.4032198e-02 -9.4004147e-02]
 [-3.2505538e-02 -2.2972035e-03  5.4239925e-02 -3.2317437e-02
   9.9735767e-01 -1.5145856e-02]
 [-7.5823399e-03  7.5702183e-03  5.2085012e-02  8.2447864e-02
   1.4720391e-02  9.9506676e-01]]",25
4,5,7,0.9,0.9271944165229797,"[[ 0.9974703   0.03525482  0.02210393  0.01088544  0.04709942 -0.00458928
   0.0310421 ]
 [-0.03415599  0.98401487  0.01058359 -0.17240903  0.00686404  0.00962476
   0.02390248]
 [ 0.01190202  0.08552596 -0.8989604   0.42852023  0.00911168 -0.02544831
  -0.00731786]
 [ 0.02495728 -0.14771418 -0.4312628  -0.8823119  -0.01896021 -0.11271615
  -0.0056002 ]
 [-0.04363152 -0.00824061  0.00366009 -0.01546425  0.99245185 -0.05380917
  -0.09959847]
 [ 0.0067063  -0.02367272 -0.07156269 -0.08835479  0.04924247  0.9913778
  -0.03481536]
 [-0.03425151 -0.02663141 -0.0121373  -0.00265549  0.09953209  0.02843264
   0.9936036 ]]",25
5,6,7,0.9,0.8349911570549011,"[[ 9.95124996e-01 -8.48984048e-02  3.20536979e-02  2.01445815e-04
  -1.72203556e-02 -5.26957121e-03  3.41559798e-02]
 [ 8.46461803e-02  9.96095717e-01  8.36637150e-03  2.99296435e-03
   1.68489311e-02 -1.40693104e-02  8.21631867e-03]
 [-2.97961645e-02 -4.02545929e-03  9.07933176e-01 -4.17829096e-01
   5.99177880e-03  7.33573921e-04  1.16444565e-02]
 [-1.36631578e-02 -4.48873127e-03  4.17631745e-01  9.08087552e-01
  -9.95367486e-03  2.26586014e-02 -1.18911006e-02]
 [ 1.52276028e-02 -1.96700748e-02  3.35242716e-04  1.35909803e-02
   9.92952168e-01 -1.14639692e-01 -1.00098765e-02]
 [ 9.10366140e-03  1.15804859e-02 -9.76640172e-03 -1.90415103e-02
   1.14826985e-01  9.92915392e-01 -1.60918161e-02]
 [-3.42335552e-02 -5.30647440e-03 -6.93017524e-03  1.54762007e-02
   1.20599819e-02  1.54011659e-02  9.99064445e-01]]",25
6,7,7,0.9,0.8553130030632019,"[[ 9.9710578e-01 -4.2740047e-02  3.3058453e-02  4.1823465e-02
   2.5104534e-02  2.0941354e-02  6.5266271e-03]
 [ 3.9168049e-02  9.9646509e-01  6.6014320e-02  8.4193749e-03
   3.1731747e-02  9.2369393e-03  1.4957335e-03]
 [-1.3259255e-02  3.2653503e-02 -5.8483613e-01  8.0959451e-01
  -1.4182193e-02  2.7106028e-02 -1.8590463e-02]
 [ 5.4992620e-02  5.7906296e-02 -8.0530494e-01 -5.8449501e-01
  -5.8305431e-02  8.4898882e-03 -7.4214570e-04]
 [-2.2364600e-02 -2.6345406e-02 -5.9098832e-02 -2.3290001e-02
   9.9648964e-01 -4.1693326e-02 -6.3801198e-03]
 [-2.1760629e-02 -1.0720469e-02  1.9779777e-02 -1.9909196e-02
   4.1142799e-02  9.9586999e-01 -7.1932420e-02]
 [-8.5038580e-03 -1.5049669e-03 -1.0769010e-02  1.2786566e-02
   8.8237356e-03  7.1930952e-02  9.9719310e-01]]",25
7,8,7,0.9,0.9459871053695679,"[[ 9.9371958e-01  8.9775279e-02  2.3502713e-02  2.8354852e-02
   4.3624092e-02 -1.7783197e-02 -2.9768156e-02]
 [-9.0115458e-02  9.9457771e-01 -4.5102842e-02  1.0924187e-02
   1.1906196e-02 -1.9349849e-02 -4.9649971e-03]
 [-3.5481095e-02  3.5311647e-02  9.3012446e-01  3.6297995e-01
  -4.9227881e-03  1.8189430e-02 -1.5913162e-02]
 [-1.5647348e-02 -2.7540863e-02 -3.6319086e-01  9.2998457e-01
   2.1248426e-02  4.2027034e-02 -2.8220072e-04]
 [-4.2968195e-02 -1.6343348e-02  1.2078620e-02 -1.6232301e-02
   9.9644136e-01 -6.6853128e-02  1.0608601e-02]
 [ 1.7233353e-02  2.1067593e-02  2.0095056e-04 -4.5283187e-02
   6.5798663e-02  9.9140084e-01  1.0001730e-01]
 [ 2.7452210e-02  6.2663681e-03  1.5111652e-02  1.1704406e-02
  -1.5956793e-02 -9.9334009e-02  9.9434400e-01]]",25
8,9,8,0.9,1.0400396585464478,"[[ 0.9991352   0.0211501   0.01548337  0.02239207  0.01133371  0.01706478
  -0.006101   -0.0091424 ]
 [-0.02248617  0.9984178  -0.01177178  0.03452422  0.028618    0.01694307
  -0.01286514 -0.00736475]
 [-0.01735201  0.00850843  0.99330205  0.10887975 -0.02040529 -0.02500051
  -0.00736437  0.00521434]
 [-0.02211584 -0.03950916 -0.10532889  0.9872509   0.05190337  0.08443226
  -0.04592007 -0.01611754]
 [-0.0057628  -0.02224169  0.01701276 -0.02813125  0.9685652  -0.24450594
   0.01986816  0.00973707]
 [-0.01792233 -0.02124929  0.03891793 -0.09690131  0.24031001  0.9588806
  -0.10296178 -0.02282019]
 [ 0.00224155  0.00895154  0.00661899  0.03624699  0.0084188   0.10573575
   0.98981124 -0.08706399]
 [ 0.00858227  0.00740832 -0.00554743  0.01709557 -0.00196526  0.03539325
   0.08314074  0.99568045]]",25
9,10,8,0.9,1.16996431350708,"[[ 0.99684215 -0.03060226  0.01577323  0.02745653 -0.01839893  0.04005666
  -0.00404588 -0.04906354]
 [ 0.02860284  0.9919285  -0.0981269   0.05827937 -0.03076308  0.01029433
   0.02870618 -0.01891793]
 [ 0.01343902 -0.09736895 -0.993423   -0.00475677  0.019488    0.04023738
  -0.00379731  0.03760074]
 [-0.03241791 -0.05390916  0.00495426  0.9854318   0.11896659  0.09479129
  -0.01983778 -0.03755706]
 [ 0.02999352  0.03811587  0.00364148 -0.08871292  0.954633   -0.27125862
  -0.05878343 -0.03746246]
 [-0.026497    0.01096272  0.04560056 -0.12026701  0.26485184  0.9513352
   0.04052306  0.07620193]
 [ 0.00666284 -0.0278715  -0.00166031  0.01874459  0.0491918  -0.05459124
   0.99655294  0.01751639]
 [ 0.05108882  0.02011324  0.03336708  0.04545008  0.01708189 -0.07800502
  -0.02315609  0.99342513]]",25
10,11,8,0.9,1.2867803573608398,"[[ 0.9023904  -0.36828226 -0.05634339  0.08805357 -0.0010643   0.15709116
   0.107791    0.05323593]
 [ 0.32555762  0.91473085 -0.18272123  0.05041678  0.01641068  0.11635812
   0.08504926  0.01757605]
 [ 0.0933776   0.14489546  0.97459286  0.10698982  0.00426731  0.08000214
  -0.00614027  0.05051453]
 [-0.07885204 -0.02294256 -0.08771343  0.97350776  0.13081096 -0.099081
  -0.1015649  -0.02451627]
 [ 0.03081922 -0.00546187  0.01341513 -0.1411192   0.98591495 -0.05159164
  -0.06421076 -0.01061921]
 [-0.12541349 -0.04311451 -0.05502588  0.02686011  0.02795619  0.897304
  -0.40026402 -0.11187451]
 [ 0.07042892  0.03293359 -0.03661585 -0.0501929  -0.04808562 -0.16061592
  -0.60347736  0.77317554]
 [ 0.2076733   0.0560469   0.03694687 -0.08593692 -0.08647422 -0.33459234
  -0.6650379  -0.61909217]]",25
0,1,6,0.9,0.8934288620948792,"[[ 9.9805987e-01 -1.7068565e-02  2.6039308e-02 -1.9001799e-02
   3.2146595e-02 -3.8890935e-02]
 [ 1.9078169e-02  9.8792386e-01  8.6930050e-03  1.5273692e-01
  -2.8772564e-03 -1.5163206e-02]
 [-2.4801200e-02 -9.1421772e-03  9.9874395e-01  4.4975332e-03
  -4.2317864e-02 -9.3316199e-04]
 [ 1.1606371e-02 -1.5342295e-01 -3.8325496e-03  9.8368025e-01
   4.2267546e-02 -8.3057493e-02]
 [ 3.7270401e-02 -9.3270354e-03 -4.1382324e-02  4.8081860e-02
  -9.9332935e-01  8.8297024e-02]
 [-3.7060656e-02 -2.4082838e-03 -5.4571391e-03 -7.9695456e-02
  -9.3154550e-02 -9.9174684e-01]]",26
1,2,6,0.9,0.9037550687789917,"[[ 9.8534644e-01  1.6837604e-01  1.2468444e-02 -6.3751624e-03
  -2.0934789e-02  1.0368078e-02]
 [-1.6433372e-01  9.7156113e-01 -7.3331259e-02 -1.3285622e-01
   7.7630699e-02  2.9471810e-03]
 [-2.8414946e-02  1.1901084e-01  9.0239990e-01  4.0961000e-01
   5.8731912e-03 -5.3746980e-02]
 [ 5.1852129e-03 -9.2108682e-02  4.2042696e-01 -9.0219283e-01
   1.7691839e-02 -2.1571361e-02]
 [-3.1313103e-02  7.0290253e-02 -2.6600529e-03 -2.3988353e-02
  -9.8336774e-01 -1.6273947e-01]
 [-1.6491951e-02  1.1411659e-02  5.8101177e-02 -9.0610841e-04
  -1.6178875e-01  9.8490888e-01]]",26
2,3,6,0.9,0.850588321685791,"[[ 9.97736871e-01  5.49381636e-02 -3.47503438e-03 -2.32869368e-02
  -2.82754209e-02 -1.22093474e-02]
 [-5.17724678e-02  9.95391130e-01 -1.27796987e-02  4.69462462e-02
   6.04329035e-02  2.22857092e-02]
 [ 1.51155589e-04  1.74128860e-02  9.93428886e-01 -1.10444464e-01
   1.60129294e-02 -1.84800811e-02]
 [ 2.53721401e-02 -4.28538769e-02  1.11649841e-01  9.92144346e-01
  -2.38330998e-02  1.16507141e-02]
 [ 3.12928855e-02 -5.88816516e-02 -1.35000255e-02  2.27324106e-02
   9.95972335e-01 -5.37938140e-02]
 [ 1.47557193e-02 -2.39067059e-02  1.66073944e-02 -1.37355141e-02
   5.25644124e-02  9.97989595e-01]]",26
3,4,6,0.9,0.8463557362556458,"[[ 0.99342537  0.10791629 -0.01022116 -0.02830275 -0.01811866 -0.01504174]
 [-0.10773336  0.993053   -0.03360402  0.02405545 -0.02012815  0.01122953]
 [ 0.01540873  0.0275315   0.95862097  0.282125    0.01851947  0.01062717]
 [ 0.0278409  -0.03083905 -0.28114784  0.9571478  -0.0317076   0.04574413]
 [ 0.01806944  0.01933547 -0.027018    0.01932328  0.99195683  0.11923896]
 [ 0.01266746 -0.01080669  0.00617061 -0.05020491 -0.11806729  0.9915767 ]]",26
4,5,7,0.9,0.9032796621322632,"[[ 0.9951021   0.06876405  0.00252102 -0.02267276 -0.05021916  0.01969867
   0.04016216]
 [-0.0686343   0.9932557  -0.07499481  0.0484608  -0.00106879  0.01192786
   0.02482435]
 [-0.01211049  0.07961434  0.9879412  -0.12399395 -0.01959489  0.03973105
  -0.012251  ]
 [ 0.02477595 -0.0353454   0.12996736  0.9851187  -0.03588898 -0.09742817
  -0.00247777]
 [ 0.0470893   0.00290264  0.02647932  0.02759786  0.99186546 -0.04270359
   0.10339542]
 [ 0.0094778   0.01697459  0.02583382 -0.10237604 -0.05104692 -0.9881097
   0.09750496]
 [-0.04464859 -0.02881331  0.00903155  0.00784722 -0.09696368  0.10106678
   0.9886438 ]]",26
5,6,7,0.9,0.8633374571800232,"[[ 9.9008507e-01 -1.3142259e-01  7.8341542e-03 -2.5683885e-02
  -1.5133565e-03 -1.1625131e-02  4.0014345e-02]
 [ 1.3094680e-01  9.8992485e-01  3.5945922e-02  2.5634719e-02
   8.7475441e-03 -2.6436476e-02  1.3313432e-02]
 [-6.8089329e-03 -3.6874451e-02  9.8610270e-01  1.4879836e-01
   8.3062577e-04  5.3424209e-02 -3.4635965e-02]
 [ 2.4230348e-02 -2.3426035e-02 -1.5014930e-01  9.8763376e-01
   2.7298991e-02 -8.5153885e-04 -1.2367045e-02]
 [ 2.0354779e-03  1.3158733e-02 -1.2483615e-02  2.5996566e-02
  -9.7764415e-01  2.0496061e-01  3.4555305e-02]
 [ 1.4558706e-02  2.4282888e-02 -4.9804762e-02 -1.2038203e-02
   2.0590527e-01  9.7673154e-01  1.3100016e-02]
 [-4.1651919e-02 -1.0283369e-02  3.2663018e-02  1.7352758e-02
   3.1466708e-02 -1.7259527e-02  9.9774915e-01]]",26
6,7,7,0.9,0.8712745904922485,"[[ 0.9982477  -0.0352984  -0.03485569 -0.0246572  -0.00678352  0.01794037
   0.00805141]
 [ 0.03244772  0.99633145 -0.06051538 -0.03739721  0.03450348 -0.0026566
   0.00352101]
 [ 0.04369076  0.06906582  0.921609    0.37912878 -0.00739     0.01261588
   0.002341  ]
 [ 0.01023687  0.00938515 -0.3805013   0.92306924  0.05363826  0.00268007
  -0.0092116 ]
 [ 0.00750636 -0.03463487  0.03014818 -0.04496292  0.9923731  -0.10090945
  -0.02874634]
 [-0.01772284 -0.00110873 -0.0071299  -0.01152596  0.10078378  0.99464476
  -0.00505359]
 [-0.00803741 -0.00430253 -0.00434042  0.00659821  0.02949599  0.00198681
   0.99949014]]",26
7,8,7,0.9,0.9554936289787292,"[[ 9.9830908e-01  3.0846147e-02 -1.6302211e-02  3.9143778e-02
   1.4371622e-02  8.8144687e-04 -2.0547219e-02]
 [-3.2506492e-02  9.9644917e-01  4.4509731e-02  5.6895416e-02
   7.9808937e-04 -2.6335550e-02 -1.0958381e-02]
 [ 2.8723827e-02 -2.2111140e-02  9.4297576e-01 -3.3041829e-01
   1.2405997e-02  1.0737005e-02 -6.1030881e-03]
 [ 2.9484356e-02  6.9254532e-02 -3.2875225e-01 -9.4099396e-01
  -2.4964856e-02 -1.8093109e-05 -1.2787371e-02]
 [-1.4669510e-02  1.7203708e-03 -2.0187503e-02 -1.9331347e-02
   9.9774814e-01  5.0424352e-02 -3.0930491e-02]
 [ 1.5825100e-03  2.7893197e-02 -7.7044512e-03  4.0410366e-03
  -4.5610640e-02  9.8822868e-01  1.4306493e-01]
 [ 2.0254208e-02  8.4608402e-03  2.2063879e-03 -1.3953233e-02
   3.7868731e-02 -1.4160466e-01  9.8885423e-01]]",26
8,9,7,0.9,0.9285649061203003,"[[ 0.9993034  -0.01550424 -0.00146516  0.02912537  0.007501    0.01359231
  -0.00779246]
 [ 0.01390895  0.99810785 -0.00182884  0.05721622 -0.01597523 -0.00212975
  -0.00709464]
 [ 0.00513679  0.01147284 -0.9736075  -0.22699042  0.01589378  0.01116513
   0.00534395]
 [-0.02970358 -0.05628677 -0.22745575  0.9704534  -0.03783     0.02785803
  -0.01504873]
 [-0.00405507  0.01199915  0.00123727  0.0468835   0.95036614 -0.30714944
   0.01016468]
 [-0.01483759  0.00777558  0.01848719 -0.01109591  0.30780923  0.9510223
  -0.00802961]
 [ 0.00733526  0.0059941   0.00189193  0.01588859 -0.00789981  0.01121178
   0.99973303]]",26
9,10,8,0.9,1.1213041543960571,"[[ 0.99702656 -0.04757933 -0.00237338  0.03290693 -0.0171135   0.02278658
   0.03854685 -0.01696363]
 [ 0.04508952  0.99091643  0.11334548  0.03905869 -0.01900018 -0.00286127
   0.03155069  0.01772721]
 [ 0.00208779 -0.10428031  0.9730671  -0.19466518 -0.02490806  0.0601726
   0.00163659  0.01110286]
 [ 0.03126913  0.05778999 -0.19226569 -0.9704761  -0.11778138  0.02861924
  -0.01017495 -0.04580012]
 [ 0.03207887  0.01535646  0.03116619 -0.12140563  0.8435837  -0.5202849
  -0.02570087 -0.00583999]
 [-0.01025844  0.01687937 -0.04393598 -0.03107807  0.5223893   0.8484342
   0.05443103  0.0319336 ]
 [-0.03707626 -0.03017471 -0.00510416 -0.01614393 -0.00771515 -0.06204732
   0.9949373   0.06015396]
 [ 0.02034443 -0.01325267 -0.01984162 -0.04132137 -0.01642413 -0.02541512
  -0.0623614   0.99624527]]",26
10,11,8,0.9,1.3341151475906372,"[[ 9.5052713e-01 -2.1987268e-01  1.5272276e-02  2.6590660e-02
   3.3495919e-04  1.2133616e-01 -1.8016599e-01  5.6133927e-03]
 [ 2.0048912e-01  9.7276616e-01  4.8943717e-02  1.9249480e-02
   6.5612891e-03  6.0782731e-02 -8.2008086e-02 -1.7348094e-02]
 [-3.3302620e-02 -4.7063705e-02  9.9551952e-01 -1.2685583e-02
  -1.5873756e-02 -5.0529027e-03 -4.1022163e-02 -5.9123345e-02]
 [-3.6258601e-02 -1.5321783e-02  1.0575299e-02  9.9615043e-01
   7.1706392e-02 -6.4349822e-03 -2.8930763e-02 -1.6772745e-03]
 [-2.5408311e-02 -1.0797951e-02  6.5162559e-03 -7.6895520e-02
   9.8195255e-01 -4.9483307e-02 -1.6307937e-01  2.8661154e-03]
 [-5.3425666e-02 -1.8340951e-02  1.6610252e-02  6.4391461e-03
   1.0579673e-01  9.2294461e-01  3.6351001e-01 -3.6505993e-02]
 [-3.9851695e-02  7.2920411e-03  5.2486259e-02 -1.8175390e-03
  -2.0710805e-02  8.7617330e-02 -1.2528615e-01  9.8579824e-01]
 [ 2.2088571e-01  4.9253367e-02  5.5920824e-02  2.2092517e-02
   1.3678607e-01 -3.4578004e-01  8.8536096e-01  1.5175654e-01]]",26
0,1,6,0.9,0.8919754028320312,"[[ 0.99819773 -0.01959334  0.02287168 -0.01500501  0.02867488 -0.04058062]
 [ 0.02171917  0.9862809  -0.00446308  0.16222033 -0.0148306  -0.01493256]
 [-0.02149248  0.00258165  0.9989615   0.01131663 -0.03842024  0.00177694]
 [ 0.00770978 -0.16260843 -0.00920655  0.98300034  0.03129787 -0.07839016]
 [ 0.03357982 -0.02018837 -0.03799262  0.03559446 -0.99289477  0.09957077]
 [-0.03847734 -0.00322027 -0.00216719 -0.07599116 -0.10325724 -0.99099326]]",27
1,2,6,0.9,0.8910863995552063,"[[ 0.9863515   0.16203351  0.01006242 -0.01123774 -0.02281043  0.0103922 ]
 [-0.1584508   0.9710701  -0.07297447 -0.14184476  0.07992953 -0.00906695]
 [-0.02437482  0.12040433  0.9150203   0.38138798 -0.00418909 -0.04660536]
 [ 0.00345761 -0.10483133  0.39318016 -0.912952    0.01636968 -0.02566145]
 [-0.03311246  0.06996541 -0.01037884 -0.02656075 -0.9875019  -0.13429494]
 [-0.01736495  0.01964607  0.05111534 -0.01050035 -0.13283584  0.98941606]]",27
2,3,6,0.9,0.8188276886940002,"[[ 0.9978884   0.04735357 -0.00963761 -0.03029269 -0.02962794 -0.00937611]
 [-0.04364341  0.9951027  -0.01818945  0.05555796  0.06131719  0.02623812]
 [ 0.00973582  0.01696974  0.99957085  0.01331471  0.01707589 -0.00254812]
 [ 0.03166946 -0.05253709 -0.01206265  0.9973507  -0.03603425  0.0091976 ]
 [ 0.03272109 -0.06054839 -0.01686346  0.03204097  0.99544907 -0.05507596]
 [ 0.01206066 -0.02852964  0.00212023 -0.00913421  0.0534179   0.99804765]]",27
3,4,6,0.9,0.8029320240020752,"[[ 9.9257821e-01  1.1656209e-01 -7.9832558e-04 -2.7594779e-02
  -1.8375412e-02 -1.0102712e-02]
 [-1.1628069e-01  9.9171734e-01 -4.8691455e-02  1.4437590e-02
  -1.6196093e-02  1.1583277e-02]
 [ 5.9031323e-04  4.5868054e-02  9.8275465e-01  1.7881140e-01
   1.0578992e-02  1.8995991e-03]
 [ 2.9561475e-02 -2.0613473e-02 -1.7746148e-01  9.8168457e-01
  -2.8867539e-02  5.1678833e-02]
 [ 1.7916383e-02  1.6371807e-02 -1.5685244e-02  2.2178229e-02
   9.9631417e-01  7.7660859e-02]
 [ 8.4924977e-03 -1.0650765e-02  9.1191027e-03 -5.3480070e-02
  -7.6242581e-02  9.9551910e-01]]",27
4,5,7,0.9,0.9118830561637878,"[[ 9.95699406e-01  6.27650023e-02  5.01526869e-04 -3.15718614e-02
  -4.75383848e-02  1.54733052e-02  3.38653252e-02]
 [-6.17423356e-02  9.92804825e-01 -9.06390846e-02  4.40745167e-02
   2.22830172e-03  9.62243881e-03  1.64599996e-02]
 [-1.02760997e-02  9.29221287e-02  9.92367446e-01 -6.79944456e-02
  -3.35992314e-02  2.57706866e-02 -7.10966717e-03]
 [ 3.27758528e-02 -3.43952924e-02  7.28351697e-02  9.89942133e-01
  -3.95158269e-02 -1.03455082e-01  1.37007628e-02]
 [ 4.48326990e-02  4.62903059e-04  3.66627946e-02  3.63443270e-02
   9.92612958e-01  2.14582663e-02  9.78970379e-02]
 [ 8.91390257e-03  1.50319496e-02  1.83422770e-02 -1.05178356e-01
   1.56713240e-02 -9.90263641e-01  8.61859247e-02]
 [-3.87461185e-02 -1.88528970e-02  2.38477369e-03 -8.27335380e-03
  -9.75637287e-02  8.49611014e-02  9.90622103e-01]]",27
5,6,7,0.9,0.8478960394859314,"[[ 0.9897223  -0.13093303  0.01185032 -0.03565405  0.00731422 -0.01973554
   0.03809932]
 [ 0.13056855  0.99076855  0.02068823  0.01794407  0.00441109 -0.02038737
   0.01201384]
 [-0.0069681  -0.02143177  0.9850632   0.16332455  0.00184986  0.0434304
  -0.02404669]
 [ 0.03511532 -0.01903011 -0.1638284   0.9854234   0.02099774  0.00100274
  -0.00798167]
 [ 0.01006115  0.0052554  -0.00647297  0.01992157 -0.9890124   0.1403333
   0.03991606]
 [ 0.01966256  0.01770056 -0.04059819 -0.01083991  0.1420144   0.9879251
   0.03701511]
 [-0.04039826 -0.00846875  0.02350219  0.01257436  0.03419024 -0.04022523
   0.99739593]]",27
6,7,7,0.9,0.8575093746185303,"[[ 9.97442245e-01 -5.49167059e-02 -3.39816995e-02 -2.60871463e-02
  -2.30857823e-03  1.56723391e-02  2.63945339e-03]
 [ 5.16325645e-02  9.95233834e-01 -7.15026632e-02 -3.19857411e-02
   2.61433441e-02 -2.42433860e-03 -4.30635875e-03]
 [ 4.25376408e-02  7.47270659e-02  9.73693490e-01  2.10289881e-01
  -7.55576929e-03  1.53520145e-02 -3.59394727e-03]
 [ 1.88449211e-02  1.34935705e-02 -2.12264910e-01  9.74729300e-01
   6.13420978e-02  2.09367685e-02 -1.03831533e-02]
 [ 1.62783824e-03 -2.66366564e-02  2.29917709e-02 -5.55222295e-02
   9.93560851e-01 -8.91385376e-02 -2.38265898e-02]
 [-1.64442975e-02 -6.06573885e-04 -8.15835223e-03 -2.85409838e-02
   8.74424502e-02  9.95401680e-01 -1.94231085e-02]
 [-2.34370888e-03  4.19536326e-03  1.46733702e-03  8.93525314e-03
   2.61142794e-02  1.74401905e-02  9.99454200e-01]]",27
7,8,7,0.9,0.9412652850151062,"[[ 9.98386383e-01  3.60625982e-03 -3.43633220e-02  2.90807020e-02
   1.62114147e-02 -8.29724874e-03 -2.92147994e-02]
 [-5.09912381e-03  9.98634815e-01  9.71065369e-03  4.83461656e-02
   2.18947046e-03 -1.34286126e-02 -9.25546605e-03]
 [ 3.75881828e-02 -3.24874348e-03  9.90338743e-01 -1.32582903e-01
   7.02789333e-03 -1.22375479e-02 -5.32679027e-03]
 [ 2.39372998e-02  4.91676517e-02 -1.33276716e-01 -9.89456952e-01
  -1.02119707e-02 -7.83454068e-03 -7.49072852e-03]
 [-1.64625645e-02 -7.61194038e-04 -6.81062369e-03 -1.02451714e-02
   9.94094074e-01  9.82850119e-02 -4.11590301e-02]
 [ 1.43719325e-02  1.51158823e-02  1.19556645e-02 -8.43144674e-03
  -9.14082751e-02  9.85606134e-01  1.39914244e-01]
 [ 2.71155257e-02  7.63853220e-03  1.42586324e-03 -6.13165880e-03
   5.47740608e-02 -1.35868624e-01  9.88790333e-01]]",27
8,9,8,0.9,0.977485179901123,"[[ 9.99105275e-01 -2.25478839e-02 -2.88920011e-04  2.57843025e-02
   1.52711887e-02  1.68949496e-02 -3.99824698e-03 -8.97764880e-03]
 [ 2.10418329e-02  9.98275638e-01 -1.59188602e-02  4.90856506e-02
   1.04878063e-03  4.03178064e-03  5.49047953e-03 -1.71086472e-02]
 [ 7.58733507e-03  2.74634007e-02  9.69275892e-01 -2.42642432e-01
   6.56987075e-03 -2.11782064e-02  1.23496810e-02  1.31500745e-02]
 [-2.65154764e-02 -4.34775278e-02  2.44977504e-01  9.66538727e-01
  -2.26244889e-02  4.68936972e-02 -1.18899168e-02 -1.85292326e-02]
 [-5.34069305e-03 -9.47305292e-04 -5.64427115e-03  4.67555895e-02
   8.52962375e-01 -5.19592285e-01  1.06918858e-02  1.08256582e-02]
 [-2.17443742e-02 -1.98332779e-03  7.57358037e-03 -3.21206264e-02
   5.21189928e-01  8.52373302e-01 -1.03337476e-02 -1.21709164e-02]
 [ 2.68334965e-03 -7.54767330e-03 -8.21510702e-03  1.19340699e-02
  -3.78707214e-03  1.39478780e-02  9.97151017e-01 -7.21583739e-02]
 [ 8.75322893e-03  1.51998904e-02 -8.94976314e-03  2.22060196e-02
  -3.52561707e-03  1.84323471e-02  7.16147870e-02  9.96814013e-01]]",27
9,10,9,0.9,1.2338917255401611,"[[ 9.9562353e-01  2.5591210e-02  1.0259955e-02 -2.3593422e-02
   4.2511702e-02  1.7299546e-02  3.5056014e-02  3.8202196e-02
  -5.1205974e-02]
 [-2.7799245e-02  9.9506795e-01  8.3828643e-02 -3.2804769e-02
   9.2731155e-03 -6.1406647e-03  2.5567921e-02 -1.3531450e-02
   1.7347824e-03]
 [ 4.1756392e-03  7.4121580e-02 -9.7042084e-01 -2.1972902e-01
   7.9374388e-03 -6.6031300e-02 -3.5860919e-04 -1.2510892e-03
   8.1370054e-03]
 [ 1.9319082e-02  5.1047195e-02 -2.1528926e-01  9.7124481e-01
   6.8047553e-02 -2.7220547e-03 -1.1953590e-02  5.0544512e-02
  -4.4007604e-03]
 [ 4.3997277e-02  9.1461940e-03  1.0891729e-02  5.9537828e-02
  -8.8161820e-01 -4.5913550e-01 -4.1405678e-02  2.3162717e-02
  -6.3326880e-02]
 [ 7.8497613e-03  1.3738336e-02 -6.7231208e-02  2.3386257e-02
  -4.6363893e-01  8.7703556e-01  6.7535475e-02 -6.1109431e-02
   4.7273319e-02]
 [-3.4849245e-02 -2.6207225e-02 -7.2055112e-04  1.3398393e-02
  -5.2763647e-03 -7.6226972e-02  9.9531567e-01  1.4613837e-02
  -3.4836121e-02]
 [ 2.3833293e-02 -1.0142761e-02 -8.8827526e-03  4.5155570e-02
   2.0928269e-02 -4.2900033e-02  1.2034159e-03 -9.5860052e-01
  -2.7571049e-01]
 [ 6.1566152e-02 -4.7847941e-03  9.1247028e-03  2.1436960e-02
  -2.7125640e-02 -8.7451018e-02  3.2314949e-02 -2.6907566e-01
   9.5593643e-01]]",27
10,11,10,0.9,1.653987169265747,"[[ 9.50650454e-01 -1.79997474e-01  2.37016678e-02  5.27548641e-02
  -9.68662053e-02  2.02175841e-01  8.05808976e-02  4.26642820e-02
  -4.55328124e-03  4.39034551e-02]
 [ 1.56927034e-01  9.78198707e-01  7.00211301e-02 -1.22812530e-02
  -2.07513198e-02  8.97267759e-02  5.19533716e-02  1.53994551e-02
   3.80614772e-02  2.40977928e-02]
 [-3.44387628e-02 -5.88625446e-02  9.87778962e-01  1.05402946e-01
   8.99994688e-04 -2.00753789e-02  1.16735566e-02 -6.67085871e-02
  -5.47319725e-02 -2.33752318e-02]
 [ 1.35683920e-02  3.46619785e-02 -9.61883143e-02  9.29762781e-01
   3.30717653e-01 -9.09484923e-02 -7.12427571e-02  2.24693622e-02
  -1.17770536e-02  3.92241552e-02]
 [-1.15292659e-02  2.75452677e-02 -2.46994980e-02  2.54836351e-01
  -8.74776602e-01 -3.57256263e-01 -1.81158960e-01  4.46470827e-02
   1.40370447e-02  7.53757954e-02]
 [-3.97496857e-02  4.33210051e-03  1.19722104e-02  4.02181130e-03
  -4.10934910e-02  5.22149980e-01 -8.46634328e-01 -7.75915086e-02
  -3.31333615e-02 -2.11128802e-03]
 [ 2.24165106e-03  9.35446844e-03  5.30329272e-02 -5.95645644e-02
   7.41036236e-02 -8.15309733e-02 -1.29273400e-01  9.39520836e-01
  -2.54905105e-01 -1.30464152e-01]
 [-2.27660522e-01 -3.38807628e-02 -4.33647409e-02  2.15080619e-01
  -3.18881065e-01  6.73117518e-01  4.50631618e-01  4.91280705e-02
  -3.37393165e-01 -1.57460660e-01]
 [-5.08139245e-02 -4.10494544e-02  4.03445847e-02  8.17305371e-02
  -7.94735923e-02  1.81260020e-01  6.81070760e-02  2.03873932e-01
   8.45043659e-01 -4.33534533e-01]
 [-1.18904345e-01 -4.86184955e-02  5.00175394e-02  7.23046204e-03
  -1.98977534e-02  2.22569466e-01  1.07556835e-01  2.41446599e-01
   3.18106860e-01  8.71753395e-01]]",27
0,1,6,0.9,0.8996602296829224,"[[ 0.99808216 -0.01352331  0.02609995 -0.01832091 -0.03156375 -0.04044801]
 [ 0.01608861  0.9865108  -0.01187787  0.16120085  0.00704164 -0.01900723]
 [-0.02408491  0.00463594  0.99789274  0.04549043  0.03911085 -0.00307501]
 [ 0.012672   -0.16252576 -0.04278475  0.9818201  -0.02972569 -0.08209734]
 [ 0.03700333 -0.01182679 -0.03921492  0.03439737  0.9927084   0.10148875]
 [-0.03825315 -0.00613412 -0.00440796 -0.08034553  0.10521857 -0.99043083]]",28
1,2,6,0.9,0.9091777801513672,"[[ 9.8451751e-01  1.7340125e-01  7.8964038e-03 -4.8034447e-03
  -2.0912407e-02  1.1596782e-02]
 [-1.6898452e-01  9.6890891e-01 -8.8587426e-02 -1.3676064e-01
   7.8102201e-02  2.9421577e-03]
 [-2.8354971e-02  1.3719052e-01  8.8752383e-01  4.3563378e-01
   8.2063498e-03 -5.3217169e-02]
 [ 7.6329308e-03 -8.4663309e-02  4.4838154e-01 -8.8932759e-01
   1.8953132e-02 -2.1565860e-02]
 [ 3.1417985e-02 -7.0668347e-02  1.0769145e-03  2.4352556e-02
   9.8212999e-01  1.6983916e-01]
 [-1.7891617e-02  1.2824434e-02  5.7828594e-02  3.3152424e-04
  -1.6869144e-01  9.8372471e-01]]",28
2,3,6,0.9,0.8472497463226318,"[[ 0.9974836   0.05861431 -0.00291789 -0.02369543 -0.02907795 -0.01324155]
 [-0.05517611  0.99490726 -0.01225305  0.05285405  0.05980586  0.02438397]
 [-0.00187097  0.02002979  0.98688966 -0.15805933  0.01535657 -0.02062672]
 [ 0.02604688 -0.04763487  0.15932506  0.985427   -0.02394272  0.00532257]
 [ 0.03237782 -0.05833683 -0.01157845  0.0226508   0.9964184  -0.04529555]
 [ 0.01586899 -0.02550116  0.01927555 -0.00909674  0.04380596  0.99836093]]",28
3,4,6,0.9,0.8369044661521912,"[[ 9.93681729e-01  1.01489596e-01 -1.53480005e-02 -3.72279286e-02
  -1.90169085e-02 -1.76998954e-02]
 [-1.01492763e-01  9.94126916e-01 -2.67284755e-02  1.62427686e-02
  -1.78914554e-02  1.06105562e-02]
 [ 2.44643632e-02  2.31823493e-02  9.50849950e-01  3.06801230e-01
   1.77463274e-02  1.75069850e-02]
 [ 3.30620036e-02 -2.14714110e-02 -3.06741893e-01  9.49406326e-01
  -3.61435115e-02  4.09467854e-02]
 [ 1.96876042e-02  1.74704324e-02 -2.90390160e-02  2.30965484e-02
   9.92205024e-01  1.16015889e-01]
 [ 1.47160692e-02 -1.03881480e-02 -7.11159955e-04 -4.81406003e-02
  -1.15005150e-01  9.92033899e-01]]",28
4,5,7,0.9,0.8890624046325684,"[[ 9.94924307e-01  6.53754994e-02  4.54217941e-03 -2.51779705e-02
  -5.30374646e-02  2.15077866e-02  4.38361242e-02]
 [-6.53052777e-02  9.92637336e-01 -8.82098824e-02  4.11840416e-02
  -7.96438777e-04  9.72821191e-03  2.88748108e-02]
 [-1.27016949e-02  8.92357528e-02  9.94063616e-01 -4.24155518e-02
  -1.78820640e-02  3.79486121e-02 -1.24184545e-02]
 [ 2.71398742e-02 -3.40887792e-02  4.86363173e-02  9.92436528e-01
  -4.07702811e-02 -9.55861211e-02 -2.58762902e-03]
 [ 5.00311740e-02  2.12282548e-03  2.23431997e-02  3.53058837e-02
   9.92532492e-01 -3.45875472e-02  9.71056893e-02]
 [ 1.21807866e-02  1.51712224e-02  3.26747522e-02 -9.82563868e-02
  -4.00913805e-02 -9.90514278e-01  7.85727799e-02]
 [-4.80781198e-02 -3.22058499e-02  1.01761501e-02  6.30638981e-03
  -9.20666009e-02  8.09393525e-02  9.90696967e-01]]",28
5,6,7,0.9,0.8655791878700256,"[[ 9.8902673e-01 -1.3911860e-01  1.4431018e-02 -2.3874659e-02
   1.2950486e-03 -1.0043545e-02  3.9891217e-02]
 [ 1.3842057e-01  9.8888075e-01  3.4533124e-02  2.7988356e-02
  -9.7093983e-03 -2.5742268e-02  1.4889066e-02]
 [-1.4054484e-02 -3.4676120e-02  9.8741364e-01  1.4163066e-01
   7.1700183e-03  4.9316578e-02 -3.2734741e-02]
 [ 2.3237977e-02 -2.6100222e-02 -1.4301129e-01  9.8857218e-01
  -2.3016650e-02  7.7833410e-04 -2.2830935e-02]
 [ 1.4845516e-03  1.3831274e-02 -1.7939765e-02  2.1489402e-02
   9.7853845e-01  1.9774736e-01  4.8800129e-02]
 [ 1.3160244e-02  2.3270655e-02 -4.4250909e-02 -1.1117934e-02
  -1.9946952e-01  9.7832799e-01  1.7017981e-02]
 [-4.1867796e-02 -1.2012455e-02  2.9686665e-02  2.6964530e-02
  -4.4692136e-02 -2.3956154e-02  9.9695694e-01]]",28
6,7,7,0.9,0.8756504058837891,"[[ 9.9686873e-01 -6.2373981e-02 -3.3606432e-02 -2.8379435e-02
  -5.1322957e-03  1.9203234e-02  5.6788786e-03]
 [ 5.9559289e-02  9.9531728e-01 -5.7515230e-02 -3.4504104e-02
   3.5467684e-02 -2.7660206e-03  5.6637498e-03]
 [ 4.5162156e-02  6.3864790e-02  9.3293953e-01  3.5099024e-01
  -1.4002808e-02  8.8538779e-03  6.0821590e-03]
 [ 1.5545757e-02  9.2691248e-03 -3.5205635e-01  9.3424207e-01
   5.3309947e-02  4.2119604e-03 -7.7972952e-03]
 [-4.8847301e-03  3.5211280e-02 -3.4500699e-02  4.3264877e-02
  -9.9256837e-01  9.4779313e-02  3.8716428e-02]
 [-1.9079383e-02 -4.6203263e-07 -3.0445203e-03 -1.0739423e-02
   9.4673097e-02  9.9526006e-01 -2.4306974e-03]
 [-6.0141571e-03 -6.9682244e-03 -6.5799127e-03  3.8083685e-03
   3.9020404e-02 -1.3658430e-03  9.9916619e-01]]",28
7,8,7,0.9,0.9584808349609375,"[[ 0.9982859   0.01599646 -0.01968024  0.04422668  0.01458207  0.00136948
  -0.02472903]
 [-0.01819807  0.996894    0.03981493  0.05953707  0.0012181  -0.02234594
  -0.01550438]
 [ 0.02993913 -0.02372644  0.96976507 -0.24076396  0.00844497  0.00660993
  -0.003757  ]
 [ 0.03720493  0.06785483 -0.23943947 -0.9673565  -0.02814117 -0.0014881
  -0.01037522]
 [-0.01457797  0.0015051  -0.01505088 -0.02551161  0.9972473   0.05929047
  -0.0298375 ]
 [ 0.00242234  0.02457678 -0.00479738  0.00153824 -0.05449747  0.98792446
   0.14282888]
 [ 0.02439516  0.01314847  0.00154324 -0.01001738  0.03808476 -0.14121917
   0.98880535]]",28
8,9,7,0.9,0.9280009269714355,"[[ 0.99922377 -0.00542849 -0.01095234  0.0326133   0.00611723  0.01542186
  -0.00797053]
 [ 0.00363876  0.99835724 -0.01155291  0.05345816 -0.01381189 -0.00439027
  -0.00826364]
 [ 0.01647918  0.02095495  0.98421896 -0.17390627  0.01696136  0.00360579
   0.00763267]
 [-0.03102058 -0.05081207  0.17548008  0.9807665  -0.03501363  0.04649624
  -0.0192846 ]
 [-0.00239725  0.00891408 -0.00632281  0.05075026  0.9444513  -0.32444414
   0.00684311]
 [-0.01576226  0.01010756 -0.01437728 -0.03076641  0.3259703   0.94451594
  -0.01136778]
 [ 0.00711023  0.00712352 -0.00443274  0.02025318 -0.00362884  0.01391819
   0.999631  ]]",28
9,10,8,0.9,1.1227200031280518,"[[ 9.98368561e-01 -7.66658084e-03 -9.34564881e-03 -2.54881065e-02
  -2.25680824e-02  1.92255098e-02  3.72759737e-02 -1.40034985e-02]
 [ 6.69056596e-03  9.93576527e-01  1.01511456e-01 -2.40200423e-02
  -2.58427281e-02 -9.14485252e-04  2.71725748e-02  2.17369795e-02]
 [-1.23705454e-02  9.45617259e-02 -9.68940735e-01 -2.17180505e-01
   1.28487926e-02 -6.67933375e-02 -4.32533585e-03 -1.56947169e-02]
 [ 1.99550036e-02  4.43669409e-02 -2.16032028e-01  9.68751729e-01
  -9.23121423e-02  3.75997089e-02 -1.08935460e-02 -4.92920056e-02]
 [ 3.26353237e-02  1.84596460e-02  3.15615088e-02  1.03469685e-01
   7.70762205e-01 -6.26741350e-01 -3.79854464e-04  3.58081842e-03]
 [-1.58002949e-03  2.06940901e-02 -4.81982380e-02  2.01670714e-02
   6.28302634e-01  7.74261236e-01  4.07979600e-02  3.05013042e-02]
 [-3.59547846e-02 -2.81242914e-02 -9.11096111e-03  1.38965668e-02
  -2.67988257e-02 -3.39819305e-02  9.94861305e-01  7.75763392e-02]
 [ 1.74353272e-02 -1.66351236e-02 -2.62651350e-02  4.26650941e-02
  -2.40722802e-02 -1.77330077e-02 -7.95049667e-02  9.94833767e-01]]",28
10,11,9,0.9,1.420625925064087,"[[ 0.93824893 -0.24469283  0.00161372 -0.03044155  0.0143932   0.12119592
   0.18729056  0.01526884 -0.09315883]
 [ 0.22488485  0.96679837  0.04586478 -0.02764449  0.0089657   0.06300694
   0.08741595 -0.01070765 -0.00731195]
 [-0.01922902 -0.04664738  0.9953583   0.02603207 -0.02304989  0.00683476
   0.04390702 -0.05515067  0.02215941]
 [ 0.03230748  0.02068233 -0.02419991  0.9967904  -0.03874511  0.04202936
  -0.0122297   0.00450086 -0.03023794]
 [-0.02229969 -0.0082371   0.01523419  0.04553534  0.98921156 -0.06347229
   0.10394968 -0.0027644   0.06122081]
 [-0.04591412 -0.01711253  0.00930908 -0.03642888  0.09739419  0.915891
  -0.3815613  -0.03852289  0.02775327]
 [-0.04400204  0.00453728  0.04877284 -0.00382251 -0.00521169  0.0809533
   0.10097107  0.9892405   0.01665608]
 [ 0.18335728  0.04918378  0.06218693 -0.00943529  0.09287588 -0.3328492
  -0.8355449   0.12384196 -0.35653627]
 [ 0.17187423  0.00472053 -0.00230396  0.02315664 -0.03165139 -0.13892901
  -0.3007961   0.03413531  0.9262553 ]]",28
0,1,6,0.9,0.9033530950546265,"[[ 0.9980521  -0.01952198  0.02732798 -0.01678943 -0.0304688  -0.03942045]
 [ 0.02238889  0.98501694 -0.02632183  0.16770168  0.00971882 -0.01814434]
 [-0.02515314  0.01781956  0.99749905  0.05279289  0.03525887 -0.0038823 ]
 [ 0.01065778 -0.16971242 -0.04804078  0.98085254 -0.02473601 -0.07805578]
 [ 0.03556209 -0.01451321 -0.03505225  0.02867299  0.9928388   0.10365832]
 [-0.03714747 -0.00548111 -0.00439729 -0.07689875  0.10673933 -0.9905877 ]]",29
1,2,6,0.9,0.9178993105888367,"[[ 0.9856351   0.16698708  0.00858847 -0.00414897 -0.01981709  0.01245267]
 [-0.16256015  0.9697764  -0.08799408 -0.1370226   0.08094689  0.00612146]
 [-0.02812416  0.13549395  0.89535517  0.41950473  0.00790719 -0.05606073]
 [ 0.00788358 -0.0875247   0.43239594 -0.8970081   0.01752108 -0.01950582]
 [ 0.03017545 -0.07422262  0.00302378  0.02433929  0.98112446  0.17428091]
 [-0.01827477  0.01099746  0.05955718  0.00271617 -0.17343679  0.9828074 ]]",29
2,3,6,0.9,0.8459631204605103,"[[ 9.9775195e-01  5.3379588e-02 -6.3934373e-03 -2.3445260e-02
  -2.9040834e-02 -1.4411708e-02]
 [-4.9921438e-02  9.9510795e-01 -1.0031424e-02  5.5225648e-02
   5.8594014e-02  2.6156882e-02]
 [ 2.1402058e-03  1.7746119e-02  9.8913074e-01 -1.4421219e-01
   1.3654247e-02 -1.7812053e-02]
 [ 2.5897365e-02 -5.0170846e-02  1.4524069e-01  9.8726821e-01
  -3.1910215e-02  8.5863861e-04]
 [ 3.2027602e-02 -5.7548355e-02 -9.2960401e-03  2.9843286e-02
   9.9619913e-01 -4.7671739e-02]
 [ 1.7257880e-02 -2.7692163e-02  1.7250896e-02 -3.7827499e-03
   4.5889959e-02  9.9825722e-01]]",29
3,4,6,0.9,0.8397896885871887,"[[ 0.9929943   0.1087563  -0.01758207 -0.0369285  -0.01306173 -0.01705273]
 [-0.10889724  0.99330276 -0.02743     0.01293721 -0.02148115  0.01048083]
 [ 0.02699598  0.02447437  0.93889874  0.3419008   0.00832933  0.0132623 ]
 [ 0.03115865 -0.0193233  -0.34209406  0.93766695 -0.03162049  0.03752649]
 [ 0.01345186  0.02071395 -0.01925726  0.02113389  0.99070626  0.13066575]
 [ 0.0149325  -0.01096711  0.00291751 -0.04366666 -0.12961388  0.99042505]]",29
4,5,6,0.9,0.81825190782547,"[[ 9.9546534e-01  7.1539402e-02  9.7614052e-03 -2.7325740e-02
  -5.0848011e-02  2.2434473e-02]
 [-6.9807880e-02  9.9310011e-01 -8.7842405e-02  3.2746021e-02
   3.0146094e-04  9.5006982e-03]
 [-2.0034306e-02  8.8708892e-02  9.9154603e-01 -8.3563879e-02
  -1.6101617e-02  3.6382392e-02]
 [ 2.7580546e-02 -2.2085752e-02  8.8436335e-02  9.9085331e-01
  -4.4062629e-02 -8.4844917e-02]
 [ 5.2579410e-02  4.6686539e-03  2.1912482e-02  3.6226962e-02
   9.9616039e-01 -5.5547375e-02]
 [ 1.5776439e-02  1.5979867e-02  2.6903331e-02 -8.9974009e-02
  -5.3647548e-02 -9.9388051e-01]]",29
5,6,7,0.9,0.8796935677528381,"[[ 0.98771954 -0.14820439  0.01391064 -0.0192271  -0.00310488 -0.01037211
   0.04201538]
 [ 0.14725663  0.98731136  0.04036639  0.03199134 -0.01027672 -0.02295925
   0.01568828]
 [-0.0160819  -0.0396474   0.9925997   0.09783337  0.00985158  0.04605033
  -0.03355729]
 [ 0.017047   -0.03059593 -0.09943925  0.99360317 -0.03327981  0.00253212
  -0.02289163]
 [ 0.00647372  0.0131129  -0.02024529  0.03136669  0.97806144  0.20103978
   0.03703063]
 [ 0.01342316  0.02088223 -0.04129249 -0.01314065 -0.201574    0.9781693
  -0.00766164]
 [-0.0442086  -0.01164849  0.03032554  0.02513604 -0.03799907  0.00245525
   0.997451  ]]",29
6,7,7,0.9,0.883463442325592,"[[ 0.9969742  -0.06333799 -0.02901807 -0.02809399 -0.0096449   0.01699392
   0.00419838]
 [ 0.0608918   0.9949258  -0.06332015 -0.03221834  0.03609629 -0.00626279
   0.00501268]
 [ 0.0407436   0.06819472  0.94000435  0.331414   -0.00140783  0.01529968
   0.0031557 ]
 [ 0.01754367  0.00645896 -0.33314595  0.9411155   0.05174743  0.01366814
  -0.01005823]
 [-0.00873876  0.03716714 -0.02177855  0.04519512 -0.9904066   0.12007938
   0.02647896]
 [-0.01653694  0.00167505 -0.00721698 -0.02319695  0.11977124  0.9923497
   0.00551136]
 [-0.00412231 -0.00586757 -0.00526386  0.00763408  0.02596077 -0.0086033
   0.99955726]]",29
7,8,7,0.9,0.970097005367279,"[[ 9.9758220e-01  3.6565300e-02 -2.9018356e-02  4.3370590e-02
   1.0656481e-02 -1.6487190e-03 -2.5560569e-02]
 [-3.8844250e-02  9.9654251e-01  2.8053783e-02  6.1977766e-02
  -8.3940692e-04 -2.2559214e-02 -1.6011812e-02]
 [ 3.6298811e-02 -1.6081570e-02  9.8574835e-01 -1.6319771e-01
   8.7793935e-03  3.4776600e-03  1.0974088e-03]
 [ 3.5626218e-02  6.7014150e-02 -1.6277128e-01 -9.8332280e-01
  -2.7155966e-02  2.3440360e-03 -8.8693472e-03]
 [-1.0809320e-02  3.5289144e-03 -1.2794601e-02 -2.5042245e-02
   9.9595147e-01  7.7248901e-02 -3.4543306e-02]
 [ 5.7575386e-03  2.4998058e-02 -2.0306034e-03  4.9036019e-03
  -6.9825791e-02  9.8107338e-01  1.7869875e-01]
 [ 2.4166480e-02  1.3388245e-02 -2.9478129e-03 -8.3259959e-03
   4.7710612e-02 -1.7606385e-01  9.8279399e-01]]",29
8,9,7,0.9,0.9363694190979004,"[[ 9.9885845e-01 -2.4449563e-02 -1.2070800e-02  3.4227885e-02
   7.0100757e-03  1.6604098e-02 -6.4764288e-03]
 [ 2.2471309e-02  9.9775630e-01 -2.3442440e-02  5.4809336e-02
  -1.6657265e-02 -8.8346107e-03 -8.2725761e-03]
 [ 2.0382399e-02  3.5228923e-02  9.7287130e-01 -2.2669634e-01
   1.7847406e-02 -2.4817197e-03  1.2205319e-02]
 [-3.1881109e-02 -4.7784213e-02  2.2951174e-01  9.7043717e-01
  -3.7650481e-02  2.2447003e-02 -1.8843301e-02]
 [-3.5926218e-03  1.1059089e-02 -8.0075115e-03  4.6017103e-02
   9.6118200e-01 -2.7161023e-01  6.3249604e-03]
 [-1.7267251e-02  1.3896972e-02 -5.0939675e-03 -1.0378443e-02
   2.7206036e-01  9.6195537e-01 -2.3700905e-04]
 [ 5.8259778e-03  6.7008124e-03 -7.7746771e-03  2.1441706e-02
  -7.0369490e-03  2.4344244e-03  9.9967271e-01]]",29
9,10,7,0.9,1.0492560863494873,"[[ 9.9824196e-01  4.6083299e-04 -1.0902853e-02  3.5038285e-02
   2.3175970e-02  1.5999427e-02  3.7055518e-02]
 [-2.3559644e-03  9.9386674e-01  9.7021811e-02  3.6647607e-02
   2.7947284e-02  3.6890130e-03  2.5930712e-02]
 [-1.8034920e-02  8.4830523e-02 -9.5924950e-01  2.6009884e-01
  -1.6084203e-02 -6.6230193e-02 -4.7339532e-03]
 [ 2.9357404e-02  5.8536548e-02 -2.5781512e-01 -9.5853680e-01
   9.7043537e-02  1.5162195e-02 -2.8331997e-02]
 [ 3.1175369e-02  2.2019986e-02  3.7641421e-02 -8.9689642e-02
  -6.9849563e-01 -7.0794284e-01 -1.6933685e-03]
 [ 4.0632412e-03  2.2144763e-02 -4.7970679e-02 -4.7850393e-02
  -7.0659673e-01  7.0140207e-01  6.0485139e-02]
 [-3.6495268e-02 -2.5113000e-02 -1.1028122e-02 -2.5515752e-02
   4.2785529e-02 -4.4340748e-02  9.9672872e-01]]",29
10,11,8,0.9,1.347333312034607,"[[ 0.95423967 -0.21188863 -0.01220716  0.04543686 -0.06190378  0.05377217
   0.18514225  0.03626338]
 [ 0.1945884   0.9751891   0.01918137  0.03871298 -0.03171421  0.02136601
   0.08837794 -0.00143233]
 [-0.00196695 -0.02343751  0.9947244  -0.04930365  0.01962342 -0.00223328
   0.07561957 -0.03782891]
 [-0.04922453 -0.02903954  0.05162443  0.99429405 -0.05243056 -0.0446738
  -0.02585076  0.00590211]
 [ 0.05282918  0.01483394 -0.01692404  0.06225646  0.9879135   0.12807572
   0.02006138  0.00691132]
 [-0.03874583 -0.00776844  0.01298634  0.03179096 -0.12354851  0.9800522
  -0.12813954 -0.071224  ]
 [-0.03147697  0.00911472  0.04104552 -0.00811266 -0.01170761  0.06417181
  -0.04020289  0.9956426 ]
 [ 0.20940875  0.04851176  0.0721223  -0.02080459  0.02556664 -0.11673746
  -0.9659641  -0.02814632]]",29
0,1,6,0.9,0.8947807550430298,"[[ 9.98218477e-01  1.80696661e-04  2.67598704e-02 -1.57449748e-02
   3.19914445e-02 -3.96539681e-02]
 [ 1.99446548e-03  9.88891721e-01 -6.86330022e-03  1.46794304e-01
  -1.25497682e-02 -1.83286276e-02]
 [-2.46649478e-02  1.78267912e-03  9.98190582e-01  3.17201167e-02
  -4.44967151e-02  4.23192559e-03]
 [ 1.20937694e-02 -1.47556111e-01 -2.90700812e-02  9.84610021e-01
   2.92373542e-02 -8.32119137e-02]
 [ 3.79273929e-02 -1.60514712e-02 -4.47967052e-02  3.46171372e-02
  -9.91361558e-01  1.10909849e-01]
 [-3.69165652e-02 -7.70845450e-03  7.47430255e-04 -8.08838233e-02
  -1.14832394e-01 -9.89367723e-01]]",30
1,2,6,0.9,0.892673134803772,"[[ 9.8231566e-01  1.8472587e-01  6.2970445e-03 -5.9469999e-03
  -2.8614145e-02  6.2117060e-03]
 [-1.7979570e-01  9.6626836e-01 -9.4090410e-02 -1.4094342e-01
   7.1783282e-02 -1.1319864e-02]
 [-2.9931657e-02  1.4683762e-01  8.6853486e-01  4.7086060e-01
   5.4071755e-03 -3.8093638e-02]
 [ 7.5710155e-03 -8.0373667e-02  4.8408249e-01 -8.7037116e-01
   2.1080269e-02 -3.4007773e-02]
 [-3.9380342e-02  6.0836844e-02  8.2846312e-04 -2.3617441e-02
  -9.8611099e-01 -1.4756259e-01]
 [-1.5016393e-02  2.1898525e-02  4.9173590e-02 -1.6915102e-02
  -1.4539564e-01  9.8764920e-01]]",30
2,3,6,0.9,0.8338879942893982,"[[ 0.9964834   0.0728761   0.00128315 -0.02806588 -0.02903028  0.00882503]
 [-0.06976324  0.99479556 -0.01550674  0.03972488  0.05770826 -0.01913242]
 [-0.00550409  0.0188812   0.99251646 -0.11743864  0.02104657  0.01701619]
 [ 0.03011334 -0.03519599  0.11879443  0.991544   -0.0140219  -0.01965156]
 [ 0.03297215 -0.05522236 -0.01916019  0.01457259  0.9959369   0.05825534]
 [ 0.01138983 -0.0206404   0.01377728 -0.02169153  0.05742176 -0.99774075]]",30
3,4,7,0.9,0.9345377683639526,"[[ 9.9393016e-01  1.0007145e-01 -4.5732623e-03 -3.3276007e-02
  -2.4064722e-02 -1.9525168e-02  3.4263750e-04]
 [-9.9815398e-02  9.9454945e-01 -1.9943582e-02  1.4711316e-02
  -1.2700451e-02  1.1436500e-02 -1.4398455e-03]
 [ 9.0550324e-03  1.8389380e-02  9.8701864e-01  1.5370384e-01
   2.4552485e-02  3.1997137e-02  1.1069140e-02]
 [ 3.4034085e-02 -1.5437863e-02 -1.5441751e-01  9.8460400e-01
  -3.9717600e-02  6.0616676e-02  7.8484882e-03]
 [ 2.5201730e-02  1.3221086e-02 -3.2507844e-02  2.9312367e-02
   9.9527186e-01  8.1738234e-02  5.1787538e-03]
 [-1.6243394e-02  1.0229661e-02  1.9415474e-02  6.8090968e-02
   8.0459788e-02 -9.9395227e-01  1.4258532e-02]
 [-7.5069570e-04  1.1012199e-03 -9.8511884e-03 -1.0521287e-02
  -6.2729050e-03  1.2944909e-02  9.9979174e-01]]",30
4,5,7,0.9,0.9132651090621948,"[[ 0.99625856  0.05282719  0.00264581 -0.02645308 -0.04956368  0.01142131
   0.03720779]
 [-0.05206518  0.9912168  -0.10298733  0.05675581 -0.00172593  0.01102447
   0.02874602]
 [-0.00956249  0.10297169  0.9940685  -0.00345682 -0.02950035  0.01422883
  -0.0069666 ]
 [ 0.02878833 -0.05325894  0.01038982  0.99048525 -0.02265743 -0.12012172
   0.01493665]
 [ 0.04589714  0.00250226  0.02959798  0.0263214   0.9926522   0.05344662
   0.0900193 ]
 [ 0.00630705  0.0171555   0.01403144 -0.1194051   0.04765097 -0.9875652
   0.08749662]
 [-0.04112886 -0.0309562   0.00579311 -0.00745607 -0.09234662  0.08351408
   0.9908373 ]]",30
5,6,7,0.9,0.8369090557098389,"[[ 0.99163747 -0.11875132  0.01479764 -0.02819117 -0.00769851 -0.00450123
   0.03821126]
 [ 0.1182352   0.992502    0.01939114  0.00764214  0.01058731 -0.01407158
   0.01468701]
 [-0.00608811 -0.01947208  0.94433624  0.32590753  0.00370908  0.03231182
  -0.02322255]
 [ 0.03188956 -0.0046187  -0.3261466   0.9445443   0.00934202 -0.00556876
  -0.01754529]
 [-0.00716629  0.01280598 -0.00373636  0.01073581 -0.98533547  0.16027665
   0.05550348]
 [ 0.00599721  0.01162983 -0.03109949 -0.00599545  0.16253139  0.98541546
   0.03695339]
 [-0.03917069 -0.01175404  0.0167725   0.02481802  0.04924411 -0.04443418
   0.9965093 ]]",30
6,7,7,0.9,0.860223114490509,"[[ 9.9673903e-01 -6.2988237e-02 -3.0308262e-02  2.7679883e-02
   5.4854355e-03  2.8765781e-02  1.1736166e-03]
 [ 5.9987627e-02  9.9561614e-01 -5.1485237e-02  3.4160320e-02
   3.5690214e-02  7.5371861e-03  1.2886719e-03]
 [ 4.0785179e-02  5.7949968e-02  9.5568997e-01 -2.8335139e-01
  -3.5543595e-02 -3.2445637e-04  9.1370931e-03]
 [ 1.9224420e-02  1.5942844e-02 -2.8456083e-01 -9.5765132e-01
   3.2262009e-02 -1.5840413e-02  3.6877182e-03]
 [-4.9075224e-03 -3.3203259e-02  4.5592859e-02  2.0217638e-02
   9.9547803e-01 -6.2312212e-02 -3.9072379e-02]
 [-2.9154396e-02 -7.4632219e-03 -1.3535851e-05 -1.5189463e-02
   6.1689839e-02  9.9738503e-01 -1.6769240e-02]
 [-2.3735750e-03 -3.2229403e-03 -5.8052535e-03  6.5855742e-03
   4.0121812e-02  1.4322294e-02  9.9904555e-01]]",30
7,8,8,0.9,0.9861538410186768,"[[ 0.99427754  0.06437452 -0.01398835  0.03771432  0.01825326  0.00476483
  -0.03846475 -0.06176288]
 [-0.0669046   0.9956064   0.04024244  0.04725105  0.00837774 -0.00546309
  -0.01707576 -0.00691697]
 [ 0.025603   -0.02616117  0.96991795 -0.2386575   0.00757899 -0.02430259
   0.00428797  0.01718958]
 [-0.03058783 -0.05756172  0.23823442  0.96778727  0.02845916  0.03733001
   0.00913917 -0.00980453]
 [-0.01738034 -0.00810007 -0.01405045 -0.0268775   0.998789    0.00897677
  -0.02975178  0.01293461]
 [-0.00587617  0.00781502  0.0158394  -0.0438459  -0.00447474  0.98326606
   0.12709573 -0.12143096]
 [ 0.02914326  0.01724768 -0.00682525 -0.00238121  0.03259689 -0.14201477
   0.98079836 -0.12491911]
 [ 0.06448962  0.01420536 -0.01391379  0.01116914 -0.00820011  0.10441414
   0.13828619  0.9824604 ]]",30
8,9,8,0.9,0.9852033257484436,"[[ 9.9880272e-01  2.9434500e-02  2.1548269e-02  1.1942726e-02
   1.5654624e-02  2.2686580e-02 -3.1811234e-03 -1.2247530e-02]
 [-3.1089898e-02  9.9740982e-01  3.3945811e-04  5.4098960e-02
   2.2732666e-02  1.9384140e-02 -8.1809759e-03 -1.7911209e-02]
 [ 2.3466311e-02  1.1244252e-02 -9.8320198e-01 -1.7920423e-01
   7.1573630e-04 -1.7546440e-02  1.4615931e-02  7.6070172e-04]
 [-9.1868676e-03 -5.6435902e-02 -1.8077040e-01  9.7597796e-01
   4.1504335e-02  9.4821617e-02 -2.3098813e-02 -1.6500780e-02]
 [-2.9677304e-03 -1.1427563e-02  7.3435400e-03  9.5528495e-03
   8.8006914e-01 -4.7436687e-01  1.2321892e-02 -4.2489143e-03]
 [-2.5744461e-02 -2.3500953e-02  2.7641570e-03 -1.0745546e-01
   4.7178271e-01  8.7289900e-01 -4.6079908e-02 -2.3992704e-02]
 [ 4.3247678e-04  4.6344930e-03  1.0425606e-02  1.9482143e-02
   1.0887337e-02  4.7165353e-02  9.9585438e-01 -7.3627755e-02]
 [ 1.0945176e-02  1.7072169e-02 -1.1035245e-03  1.6308043e-02
   1.7201710e-02  2.4686934e-02  7.1935058e-02  9.9661511e-01]]",30
9,10,9,0.9,1.2140882015228271,"[[ 9.96715605e-01  4.03773040e-03 -1.17258895e-02  1.47183919e-02
  -2.35758051e-02  3.06396708e-02  3.45817804e-02 -4.45662290e-02
  -3.88702787e-02]
 [-4.23668977e-03  9.95551765e-01  8.63345191e-02  1.13301361e-02
  -1.49520859e-02  3.81761952e-03  3.07705700e-02  9.44041647e-03
   1.65377639e-03]
 [ 1.08982585e-02 -8.64731744e-02  9.87603486e-01  1.02738008e-01
   4.39494699e-02  6.34190589e-02 -3.12178186e-03  2.18070485e-02
   7.00173061e-03]
 [-1.92826223e-02  5.54067781e-04 -1.09782092e-01  9.82061327e-01
   1.14398420e-01  6.74992576e-02 -7.36914016e-03 -5.53052798e-02
  -4.87361848e-02]
 [ 3.27916965e-02  1.76683888e-02 -1.04047172e-02 -8.87944773e-02
   9.40813959e-01 -3.24475050e-01 -5.27770212e-03 -6.22681715e-03
  -1.17533347e-02]
 [-1.58443246e-02  7.45469658e-03 -6.41227141e-02 -1.02764457e-01
   3.14537406e-01  9.37700808e-01 -5.53191314e-03  4.10025604e-02
   7.13633001e-02]
 [-2.81631164e-02 -3.14546339e-02 -3.05314385e-03  1.36177074e-02
   8.26913491e-03 -4.22776025e-03  9.93654609e-01  8.09423774e-02
   6.35237768e-02]
 [ 3.60555127e-02 -5.02963830e-03 -2.37242319e-02  4.20350619e-02
  -1.48176390e-03 -2.07050405e-02 -6.36995584e-02  9.67869401e-01
  -2.34702229e-01]
 [ 5.12829944e-02 -3.76801880e-04 -1.42805567e-02  6.52540997e-02
  -8.16970039e-03 -7.38582164e-02 -7.95464665e-02  2.22143218e-01
   9.65251744e-01]]",30
10,11,10,0.9,1.6033612489700317,"[[ 9.19322550e-01 -3.11519951e-01  4.30898815e-02  8.42864886e-02
  -3.71006839e-02  1.51644468e-01  1.49294943e-01  2.16965135e-02
   1.91287380e-02  3.66355591e-02]
 [ 2.74768442e-01  9.40874040e-01  1.11325972e-01  3.10059711e-02
  -5.72583964e-03  1.03194855e-01  1.11235797e-01  8.41708505e-04
  -3.87420356e-02  3.66943367e-02]
 [-6.00167960e-02 -8.70836824e-02  9.89509106e-01  1.54005056e-02
   5.80703781e-04 -6.64840490e-02 -2.62502972e-02 -4.76708598e-02
   2.68033631e-02 -3.67210098e-02]
 [-3.97044569e-02  1.12844165e-02 -2.25894395e-02  9.38938022e-01
   2.72557765e-01 -6.15104362e-02 -1.58029050e-01  3.63067798e-02
   8.55098143e-02  6.71319813e-02]
 [ 3.28435376e-02 -1.28798457e-02  7.80664338e-03 -2.48487875e-01
   9.56860006e-01  7.73699731e-02  9.17359069e-02 -2.37642359e-02
  -4.41564433e-03 -7.98837617e-02]
 [-5.68765700e-02 -1.07790772e-02  3.11474130e-02 -2.74811834e-02
  -3.00956387e-02  8.41747284e-01 -5.17924666e-01 -5.50001226e-02
   1.01578921e-01 -6.23710901e-02]
 [-6.68060873e-03  1.29445437e-02  3.82745862e-02 -4.00346555e-02
   1.94648677e-03  1.01109585e-02 -3.97001281e-02  9.74748850e-01
   1.03774935e-01 -1.84752628e-01]
 [ 2.01637819e-01  4.25685681e-02  1.57101615e-03 -1.53477326e-01
   8.10094774e-02 -3.58786732e-01 -7.27071106e-01  7.40083680e-02
  -3.85277122e-01  3.40784222e-01]
 [-2.18192767e-02 -3.56049761e-02  5.88800339e-03  1.43263757e-01
  -2.84886900e-02  1.15749814e-01  8.85919780e-02 -4.29911353e-03
  -8.22076201e-01 -5.28971791e-01]
 [-1.69344649e-01 -8.04425627e-02  5.98161966e-02  4.36868332e-02
   2.09289994e-02  3.18431199e-01  3.53492588e-01  1.91617340e-01
  -3.80457729e-01  7.42365181e-01]]",30
0,1,6,0.9,0.9006088376045227,"[[ 9.9804628e-01 -1.6150674e-02  2.8763380e-02 -1.5262812e-02
  -3.1463545e-02 -3.9905436e-02]
 [ 1.9032285e-02  9.8593765e-01 -2.8903781e-02  1.6164106e-01
   1.6169069e-02 -1.8434366e-02]
 [-2.6316347e-02  1.8730793e-02  9.9678248e-01  6.3296460e-02
   3.7072796e-02 -7.2933786e-04]
 [ 1.0247212e-02 -1.6386697e-01 -5.8177155e-02  9.8145771e-01
  -2.2919441e-02 -7.6638557e-02]
 [ 3.6629587e-02 -2.0273378e-02 -3.7105009e-02  2.5432188e-02
   9.9254251e-01  1.0527656e-01]
 [-3.7443522e-02 -7.1882550e-03 -7.9722202e-04 -7.5675078e-02
   1.0820530e-01 -9.9051023e-01]]",31
1,2,6,0.9,0.906119167804718,"[[ 0.9848169   0.17144433  0.00658446 -0.0047915  -0.02419846  0.00951584]
 [-0.166546    0.9679429  -0.0968409  -0.1396704   0.08037083 -0.00186546]
 [-0.02871417  0.14642076  0.88523006  0.43764368  0.00309467 -0.05062289]
 [ 0.00790827 -0.08328579  0.45133883 -0.88779515  0.01981079 -0.0268603 ]
 [ 0.03507743 -0.07094083  0.00529132  0.0267917   0.9836908   0.15919651]
 [-0.01674972  0.01688721  0.05667012 -0.00626238 -0.15781403  0.98553455]]",31
2,3,6,0.9,0.8323888778686523,"[[ 0.9972567   0.05951199 -0.00852521 -0.02739448 -0.03132148 -0.01154137]
 [-0.0559565   0.99491143 -0.016505    0.05189368  0.05943498  0.02284986]
 [ 0.00546998  0.02033943  0.9966307  -0.07691631  0.01373831 -0.0133696 ]
 [ 0.02996617 -0.04729483  0.07805558  0.9949377  -0.02907722  0.00509632]
 [ 0.03473047 -0.05785933 -0.01142195  0.02648103  0.9958233  -0.05431684]
 [ 0.01462304 -0.02472368  0.01260913 -0.00617419  0.05280298  0.99809307]]",31
3,4,6,0.9,0.815176784992218,"[[ 0.9930403   0.10837577 -0.01337822 -0.03777757 -0.01480037 -0.01733185]
 [-0.10853098  0.9935831  -0.02268986  0.00829732 -0.01837101  0.00961935]
 [ 0.02127486  0.02201569  0.96224105  0.2696767   0.00830413  0.0189856 ]
 [ 0.03449003 -0.01151766 -0.2702905   0.9602765  -0.03374894  0.04848582]
 [ 0.01544197  0.01832415 -0.01821208  0.02366908  0.9927345   0.11407048]
 [ 0.01453521 -0.00970758 -0.00312491 -0.0555638  -0.11275511  0.9919091 ]]",31
4,5,7,0.9,0.9396870136260986,"[[ 9.9523985e-01  6.3758880e-02  1.1917576e-02 -3.2346945e-02
  -5.2717432e-02  1.7622307e-02  3.3977237e-02]
 [-6.2127378e-02  9.9248886e-01 -9.6965134e-02  3.4705248e-02
   4.7747276e-04  9.9568488e-03  2.0000342e-02]
 [-2.2039477e-02  9.7501650e-02  9.9215120e-01 -6.2327966e-02
  -2.7407702e-02  3.1537224e-02 -3.6146026e-03]
 [ 3.1937238e-02 -2.5514595e-02  6.7399494e-02  9.9163097e-01
  -4.0202387e-02 -9.2220783e-02  1.8257534e-02]
 [ 5.0008811e-02  2.5103569e-03  3.0711921e-02  3.5388920e-02
   9.9336886e-01  4.7985842e-03  9.2155427e-02]
 [ 9.8397201e-03  1.4364880e-02  2.4577329e-02 -9.5563062e-02
  -1.9889418e-03 -9.9034441e-01  9.5783211e-02]
 [-3.9171904e-02 -2.3031918e-02 -1.3071240e-03 -1.2152499e-02
  -8.9820378e-02  9.6363433e-02  9.9016768e-01]]",31
5,6,7,0.9,0.8693526983261108,"[[ 0.9890181  -0.13892572  0.01580387 -0.02443292  0.00462147 -0.01225341
   0.03904746]
 [ 0.13801788  0.98905504  0.03552742  0.02554128  0.00774397 -0.02128305
   0.01713387]
 [-0.01576045 -0.03519229  0.98919433  0.13048717 -0.00106875  0.04535563
  -0.03037268]
 [ 0.02408058 -0.02387458 -0.13196078  0.99012214  0.02308246  0.00423919
  -0.02331989]
 [ 0.00690939  0.00937322 -0.00987417  0.02203776 -0.98419297  0.16900204
   0.04564856]
 [ 0.01415376  0.01958116 -0.04198541 -0.01343971  0.16979654  0.9841594
   0.00849709]
 [-0.04144911 -0.01377906  0.02662137  0.02675032  0.04379621 -0.0137952
   0.997276  ]]",31
6,7,7,0.9,0.8797393441200256,"[[ 9.96736407e-01 -6.71704859e-02 -2.69902796e-02 -2.80656423e-02
  -2.81787361e-03  2.19180621e-02 -4.82755189e-04]
 [ 6.45558387e-02  9.94652569e-01 -6.58358559e-02 -3.24094705e-02
   3.28496285e-02 -5.80597064e-03  1.10168464e-03]
 [ 3.78596634e-02  7.00714737e-02  9.61202025e-01  2.63634294e-01
  -7.33173918e-03  1.34027032e-02  3.29486420e-03]
 [ 2.05645170e-02  1.10306758e-02 -2.65455097e-01  9.62719738e-01
   4.52790260e-02  1.02531677e-02 -2.10602488e-03]
 [ 2.40862113e-03 -3.33469249e-02  2.21942682e-02 -3.91248539e-02
   9.92488623e-01 -1.07289314e-01 -1.77216101e-02]
 [-2.20699869e-02  2.67160474e-03 -7.54963979e-03 -1.72874033e-02
   1.06648684e-01  9.93624151e-01 -2.20687091e-02]
 [-1.15785391e-04 -1.86861982e-03 -3.44129326e-03  1.06210129e-04
   2.00322717e-02  2.00292561e-02  9.99590933e-01]]",31
7,8,7,0.9,0.9654750227928162,"[[ 9.97002065e-01  4.92657572e-02 -3.19846570e-02  3.72060239e-02
   1.11850947e-02 -1.90958160e-03 -3.19968872e-02]
 [-5.09643778e-02  9.96918678e-01  2.31262688e-02  4.96912822e-02
   2.45289761e-03 -1.64823420e-02 -1.65513959e-02]
 [ 3.74584757e-02 -1.45066129e-02  9.90304470e-01 -1.31816953e-01
   1.47764115e-02 -6.16331864e-03  7.17551913e-03]
 [ 3.00632659e-02  5.37479594e-02 -1.31607860e-01 -9.89041209e-01
  -2.46432703e-02 -4.81671374e-03 -7.32001010e-03]
 [-1.16805695e-02 -2.70297111e-04 -1.65408961e-02 -2.31874771e-02
   9.93005216e-01  1.08744375e-01 -3.41693535e-02]
 [ 7.52332201e-03  1.95386056e-02  6.07109675e-03 -2.95057939e-03
  -1.01820417e-01  9.81468081e-01  1.60838604e-01]
 [ 2.98267212e-02  1.56466402e-02 -1.04005523e-02 -4.66558617e-03
   5.11516593e-02 -1.56711653e-01  9.85677719e-01]]",31
8,9,7,0.9,0.9299938678741455,"[[ 0.99907434  0.01313691 -0.00857095  0.02915972  0.0122708   0.02439468
  -0.00291002]
 [-0.01493551  0.99805933 -0.02181481  0.05521848 -0.00607174  0.00248188
  -0.00930401]
 [ 0.01456655  0.03369773  0.9756352  -0.21418366  0.01190898 -0.01954294
   0.0197505 ]
 [-0.02683984 -0.04990701  0.21731257  0.9728513  -0.02113373  0.04784231
  -0.0197245 ]
 [-0.00159903  0.00401713 -0.01057532  0.04405456  0.8958779  -0.44162446
   0.01729977]
 [-0.02626213  0.0020735   0.00512742 -0.03644105  0.44331658  0.8951086
  -0.01424213]
 [ 0.001606    0.00763956 -0.01496512  0.02275239 -0.00986434  0.02182699
   0.99931157]]",31
9,10,8,0.9,1.1075719594955444,"[[ 0.99752957  0.03926944 -0.01543173 -0.01744346 -0.03195968  0.02232717
   0.03035558 -0.0202221 ]
 [-0.03984519  0.99499404  0.0780459  -0.014627   -0.03281947  0.00560149
   0.02625871  0.01720572]
 [-0.02028867  0.07261553 -0.9701503  -0.21994355 -0.00427523 -0.06793893
  -0.00682394 -0.00824348]
 [ 0.00933875  0.03067151 -0.2178829   0.9707266  -0.07607019  0.01214578
  -0.02324373 -0.05210179]
 [ 0.03954574  0.02925712  0.02635066  0.07273129  0.76201653 -0.64097357
  -0.00281669  0.00846653]
 [ 0.00149573  0.02029375 -0.06199308  0.02911847  0.6399115   0.76280546
   0.04686343  0.03660323]
 [-0.02788113 -0.02790405 -0.011432    0.02365312 -0.02986505 -0.03990815
   0.9960001   0.05703617]
 [ 0.02246949 -0.01358331 -0.0183814   0.04581885 -0.03238361 -0.01987139
  -0.05984922  0.9959156 ]]",31
10,11,9,0.9,1.4395462274551392,"[[ 9.29039776e-01 -2.43155003e-01  6.13595778e-03 -4.06068228e-02
  -3.46196927e-02  1.42158091e-01  1.95025370e-01  7.17387721e-02
  -1.07169941e-01]
 [ 2.16805369e-01  9.67259228e-01  4.03137468e-02 -3.80778238e-02
  -6.88269688e-03  5.60673028e-02  1.00404985e-01  1.93689317e-02
  -2.61253472e-02]
 [-2.05532778e-02 -3.70728597e-02  9.91885543e-01  1.00143664e-01
  -3.98772769e-02 -6.67490182e-04  4.36484031e-02 -2.88451165e-02
  -3.09643452e-03]
 [ 4.15812954e-02  3.05912569e-02 -9.88438278e-02  9.91810679e-01
  -2.71763820e-02  5.20264953e-02 -5.63067943e-03  5.40309073e-03
  -1.92424580e-02]
 [-5.36473980e-03 -1.15560358e-02  3.00308391e-02  2.77775191e-02
   9.82216299e-01  8.62764493e-02  1.51876971e-01  1.20788123e-02
   5.25279716e-02]
 [-4.47594486e-02 -2.14150696e-05  1.94026083e-02 -4.52963039e-02
  -1.68064050e-02  9.05391037e-01 -4.09576446e-01 -7.97169358e-02
   3.80160697e-02]
 [-1.02809342e-02  1.09256543e-02  4.10456285e-02  3.40492988e-05
   3.14494632e-02 -3.56283300e-02 -2.64890909e-01  9.62089062e-01
  -7.02186907e-03]
 [ 1.95906714e-01  4.66746949e-02  3.73528674e-02  4.71794419e-03
   1.72883287e-01 -3.32347423e-01 -7.57736444e-01 -2.29803264e-01
  -4.36700135e-01]
 [ 2.17282727e-01  2.33114809e-02  1.92820076e-02  1.83907244e-02
   2.27220450e-02 -1.87188372e-01 -3.38815361e-01 -9.32291821e-02
   8.90219867e-01]]",31
0,1,6,0.9,0.8946126699447632,"[[ 0.99813074 -0.02286029  0.02189557 -0.01719192  0.02526527 -0.04241722]
 [ 0.02472704  0.98366964  0.00803139  0.17653523 -0.00967118 -0.0214449 ]
 [-0.02160505 -0.00505337  0.9991144  -0.01628229 -0.03174933 -0.00224384]
 [ 0.00812768 -0.1776727   0.01610168  0.97992533  0.0327258  -0.08235525]
 [ 0.03057173 -0.01508114 -0.03008176  0.03945915 -0.99267775  0.10472301]
 [-0.04069684 -0.00713248 -0.00789855 -0.08039831 -0.10853601 -0.9899427 ]]",32
1,2,6,0.9,0.9008172154426575,"[[ 9.86803293e-01  1.59255952e-01  1.10270092e-02 -1.51048563e-02
  -1.96333099e-02  1.10341059e-02]
 [-1.56510979e-01  9.71561253e-01 -6.60605282e-02 -1.42809018e-01
   8.20643008e-02 -8.95548239e-03]
 [-2.26327404e-02  1.11867681e-01  9.26730812e-01  3.54021817e-01
  -1.11502688e-02 -5.18441275e-02]
 [ 5.60764282e-04 -1.12699032e-01  3.65756720e-01 -9.23485816e-01
   2.09408700e-02 -1.60042737e-02]
 [-2.99077146e-02  7.10579008e-02 -1.56148765e-02 -3.48465703e-02
  -9.86619055e-01 -1.38495535e-01]
 [-1.77964047e-02  2.10167002e-02  5.16026728e-02 -2.39096652e-03
  -1.37477085e-01  9.88773465e-01]]",32
2,3,6,0.9,0.8301433324813843,"[[ 0.9984717   0.03576187 -0.00935606 -0.02526099 -0.03116755 -0.0088393 ]
 [-0.03188278  0.9946758  -0.01846934  0.06690545  0.06334639  0.02780703]
 [ 0.00908523  0.01822113  0.99961984 -0.00470789  0.01719507 -0.00526515]
 [ 0.02696101 -0.06482545  0.00603535  0.9972614  -0.02200893  0.00443457]
 [ 0.03309859 -0.06225741 -0.01650591  0.0173805   0.9956493  -0.05600394]
 [ 0.01151755 -0.03050775  0.00475243 -0.00556881  0.05402055  0.99798036]]",32
3,4,6,0.9,0.8207532167434692,"[[ 0.99377006  0.10627355 -0.00171591 -0.02783424 -0.01489521 -0.01129142]
 [-0.1062453   0.9927302  -0.05266701  0.00415436 -0.01628155  0.01193952]
 [ 0.00129813  0.0518469   0.983456    0.17258239  0.01810184  0.00346672]
 [ 0.02870416 -0.01106002 -0.17182569  0.98323023 -0.01878885  0.04934458]
 [ 0.01451382  0.01564224 -0.02134259  0.01061309  0.99557537  0.08835298]
 [ 0.00983823 -0.01173065  0.00760456 -0.0506844  -0.08753325  0.9947245 ]]",32
4,5,6,0.9,0.7956418991088867,"[[ 0.99685204  0.0570807   0.00715742 -0.02400269 -0.04479196  0.01984965]
 [-0.05495386  0.9935827  -0.08439966  0.05043512  0.0062819   0.00818693]
 [-0.01578872  0.08687276  0.99271905 -0.06871719 -0.03100034  0.03209122]
 [ 0.02555337 -0.04145608  0.07428097  0.99026877 -0.04583567 -0.09683877]
 [ 0.04606852 -0.00262147  0.03552929  0.04027269  0.99729604 -0.01968119]
 [ 0.01553703  0.01621294  0.023549   -0.09951942 -0.01711841 -0.9943561 ]]",32
5,6,7,0.9,0.8631694316864014,"[[ 9.8886174e-01 -1.3588084e-01  4.4909678e-03 -4.0374670e-02
   1.0389577e-02 -2.5799232e-02  3.5567362e-02]
 [ 1.3573076e-01  9.8935705e-01  3.5127360e-02  2.6218178e-02
   9.5421291e-04 -2.6044628e-02  1.2220826e-02]
 [-1.4225575e-03 -3.7535097e-02  9.8609465e-01  1.5445088e-01
  -1.2334058e-02  4.3294150e-02 -1.8024966e-02]
 [ 3.7669871e-02 -2.5764262e-02 -1.5544161e-01  9.8671508e-01
   5.8804988e-03 -3.2974950e-03 -1.0148478e-02]
 [ 1.3836408e-02  3.7159908e-03 -1.9569062e-02  3.4803685e-03
  -9.8209924e-01  1.7915487e-01  5.2764934e-02]
 [ 2.4679571e-02  2.2947967e-02 -3.8176987e-02 -3.5606865e-03
   1.8314777e-01  9.7994769e-01  5.9612595e-02]
 [-3.8833737e-02 -9.8000979e-03  1.8994026e-02  1.3999213e-02
   4.0524729e-02 -6.6158712e-02  9.9590158e-01]]",32
6,7,7,0.9,0.8756000399589539,"[[ 9.9629676e-01 -6.8473265e-02 -4.2620569e-02 -2.5445817e-02
  -1.7711684e-03  1.5185800e-02  2.5266504e-03]
 [ 6.4438216e-02  9.9429405e-01 -7.2449118e-02 -3.6110859e-02
   2.5427001e-02 -4.8444187e-03 -2.0329684e-03]
 [ 5.1679760e-02  7.5048909e-02  9.7701162e-01  1.9222924e-01
  -6.8732575e-03  1.1714718e-02 -2.9130199e-03]
 [ 1.7868957e-02  1.8447237e-02 -1.9449285e-01  9.7787035e-01
   6.9367670e-02  1.4335428e-02 -1.6289519e-02]
 [ 1.2560780e-03 -2.6701530e-02  2.2895999e-02 -6.3889340e-02
   9.8891270e-01 -1.2431278e-01 -3.5739996e-02]
 [-1.5645534e-02  1.4019418e-03 -5.5602845e-03 -2.4219917e-02
   1.2309960e-01  9.9194086e-01 -5.9654000e-03]
 [-1.9947742e-03  1.7689459e-03  4.2371298e-04  1.4063247e-02
   3.7273955e-02  1.6951632e-03  9.9920106e-01]]",32
7,8,7,0.9,0.9573150277137756,"[[ 9.9785233e-01 -3.6705069e-02 -3.2771729e-02  3.0204337e-02
   1.1634648e-02 -1.1348487e-02 -2.6326202e-02]
 [ 3.4813628e-02  9.9838948e-01 -9.6105840e-03  4.1298203e-02
   7.8352662e-03 -1.1122348e-02 -4.8393174e-03]
 [ 3.4818675e-02  1.0832757e-02  9.9718654e-01 -6.3433342e-02
  -2.1541754e-03 -1.5736055e-02 -3.6327695e-03]
 [ 2.9360516e-02  3.9573312e-02 -6.5058492e-02 -9.9638242e-01
  -1.9784218e-02 -9.1687525e-03 -9.2762643e-03]
 [-1.1693722e-02 -6.1410824e-03  2.0322739e-03 -2.0621439e-02
   9.9718410e-01  5.5474084e-02 -4.4075288e-02]
 [ 1.6535152e-02  1.2004982e-02  1.4689949e-02 -9.3606664e-03
  -4.9142223e-02  9.8957622e-01  1.3267665e-01]
 [ 2.4377231e-02  2.4331366e-03  2.5292655e-04 -8.2292669e-03
   5.1147461e-02 -1.3068065e-01  9.8976690e-01]]",32
8,9,8,0.9,1.040905237197876,"[[ 9.9863464e-01  3.6598425e-02 -9.2463447e-03  2.8860822e-02
   1.8867781e-02  9.3956701e-03 -2.2800155e-03 -4.6339077e-03]
 [-3.8451906e-02  9.9722695e-01 -4.2133812e-02  4.4974998e-02
   9.8126270e-03  2.4921675e-03  1.0729969e-02 -6.6397232e-03]
 [ 1.2978565e-02  5.0200898e-02  9.8288810e-01 -1.7281149e-01
  -2.3222135e-02 -1.8474156e-02  3.9272015e-03  2.1968823e-02]
 [-2.5790453e-02 -3.7921458e-02  1.7595358e-01  9.8149627e-01
  -8.1458734e-03  5.8824088e-02 -2.4773364e-03 -8.3345687e-03]
 [-8.3851144e-03 -7.3119970e-03  1.2922551e-02  4.3858662e-02
   7.3328108e-01 -6.7826265e-01 -7.2691799e-04 -6.6196090e-03]
 [-1.8059509e-02 -6.3709454e-03  2.2962982e-02 -4.3148313e-02
   6.7905444e-01  7.3215669e-01  2.1325776e-03 -8.4515233e-03]
 [ 2.4738039e-03 -1.1082860e-02 -2.3055808e-03  2.3720704e-03
  -1.3081905e-03 -1.9358331e-03  9.9928015e-01 -3.5969146e-02]
 [ 3.7568484e-03  4.8760483e-03 -2.0272870e-02  1.2432770e-02
   1.1152187e-02  2.5872134e-03  3.5946667e-02  9.9898618e-01]]",32
9,10,8,0.9,1.2057087421417236,"[[ 0.9953225   0.06557217 -0.01003203 -0.02194976  0.05460055  0.00368747
   0.03528101 -0.01453661]
 [-0.0670362   0.9905016  -0.10089987 -0.05261912 -0.01122759 -0.01807512
   0.01869313  0.02570854]
 [-0.00287013  0.08753768  0.9713964  -0.20563847  0.05551797 -0.05650967
  -0.01163304  0.0044342 ]
 [ 0.01671174  0.07357316  0.19780116  0.9761353   0.02008713 -0.02441098
   0.01262958 -0.03439882]
 [ 0.05459916 -0.00656101  0.04011604  0.00315177 -0.9580251  -0.27508768
  -0.01931678 -0.03870762]
 [ 0.01217729  0.01849584  0.07263545  0.01780985 -0.27475163  0.9449801
   0.04348562  0.15345962]
 [-0.03274351 -0.02300756  0.00842895 -0.01199587 -0.00755114 -0.05462533
   0.99663186  0.04321453]
 [ 0.01871252 -0.0248291  -0.00508744  0.03392611  0.00703662 -0.15564723
  -0.05071216  0.985398  ]]",32
10,11,9,0.9,1.495099663734436,"[[ 9.71738875e-01 -1.73830956e-01  5.58817666e-03  4.60965708e-02
  -2.10361872e-02  9.35212299e-02 -1.15948461e-01  2.14095097e-02
   1.60957817e-02]
 [ 1.70678869e-01  9.75139320e-01 -9.78901535e-02 -6.57547042e-02
   2.98204273e-02 -3.11776035e-04 -6.35937452e-02  3.19669396e-02
  -1.05179437e-02]
 [ 1.46596413e-02  8.54565948e-02  9.84637916e-01 -1.16479792e-01
  -2.48364061e-02 -3.75792943e-02 -1.43344011e-02  8.46657753e-02
  -3.76873446e-04]
 [-3.51107004e-03  6.24115616e-02  1.03434734e-01  8.84445190e-01
   4.25837964e-01 -9.69643146e-02  9.24888179e-02  4.91903238e-02
   3.79007533e-02]
 [ 1.53003037e-02  6.04748428e-02  6.21325988e-03  3.68782520e-01
  -8.77636075e-01 -2.27547631e-01  1.77609682e-01  4.33321297e-02
   6.79971203e-02]
 [-1.09344907e-02  2.65877601e-02 -6.44163345e-04  2.34944504e-02
  -4.95208427e-02  7.26223290e-01  5.43396950e-01  4.14499670e-01
  -4.09661233e-02]
 [-3.52259763e-02 -8.60060658e-03 -2.90101599e-02 -5.53990528e-02
   3.57567891e-02  1.04078872e-03 -1.29692927e-01  2.69170046e-01
   9.50905919e-01]
 [ 1.11668162e-01 -3.78031172e-02 -8.32982734e-02 -2.15086475e-01
   1.80226773e-01 -6.28229141e-01  4.48330641e-01  5.41092813e-01
  -1.09384887e-01]
 [ 1.10908762e-01  4.26740535e-02  4.85444404e-02 -1.08888835e-01
   1.01270437e-01 -8.11683238e-02  6.55061841e-01 -6.70827925e-01
   2.75144875e-01]]",32
0,1,6,0.9,0.8920867443084717,"[[ 9.98241246e-01 -9.55988280e-03  2.41568014e-02 -1.66316777e-02
   3.21116261e-02 -3.91380824e-02]
 [ 1.17831780e-02  9.87964869e-01 -2.27536960e-03  1.52959868e-01
  -1.10163828e-02 -1.62264854e-02]
 [-2.25333348e-02 -6.51635579e-04  9.98721123e-01  1.78222097e-02
  -4.15975228e-02  1.59634845e-04]
 [ 1.10828569e-02 -1.53491750e-01 -1.60295460e-02  9.84087050e-01
   3.28609385e-02 -8.09515640e-02]
 [ 3.72021794e-02 -1.58359725e-02 -4.12128307e-02  3.75480726e-02
  -9.92930949e-01  9.66697186e-02]
 [-3.68927121e-02 -4.80527617e-03 -3.46628204e-03 -7.85599500e-02
  -1.00625336e-01 -9.91113842e-01]]",33
1,2,6,0.9,0.8964166045188904,"[[ 0.98363054  0.17796989  0.00978105 -0.00582338 -0.02424514  0.00896033]
 [-0.17320502  0.9678764  -0.08802216 -0.14122081  0.07413854 -0.00524995]
 [-0.03049811  0.13663101  0.89436734  0.42232075  0.00809751 -0.04570096]
 [ 0.00742829 -0.09093077  0.43527228 -0.89512014  0.01422358 -0.02778666]
 [-0.034794    0.06551491 -0.00154752 -0.01848572 -0.9847139  -0.15649796]
 [-0.01658485  0.01770184  0.05290777 -0.00928248 -0.1548752   0.9861744 ]]",33
2,3,6,0.9,0.8314103484153748,"[[ 0.99736613  0.06052051 -0.00474702 -0.0254444  -0.02854273 -0.01064488]
 [-0.05755067  0.9954461  -0.01633392  0.04019571  0.05857643  0.02147918]
 [ 0.00111398  0.02003381  0.99392784 -0.10510834  0.01696841 -0.01921804]
 [ 0.02738073 -0.03550491  0.10636166  0.9929049  -0.02586609  0.01214983]
 [ 0.03193505 -0.056819   -0.0142926   0.02523961  0.9959193  -0.05527449]
 [ 0.01333459 -0.02310936  0.01735537 -0.01385147  0.05423988  0.9979244 ]]",33
3,4,7,0.9,0.9475903511047363,"[[ 9.93184566e-01  1.07482620e-01 -8.31866637e-03 -3.45361158e-02
  -2.01884545e-02 -1.89490318e-02 -1.84085313e-03]
 [-1.07221685e-01  9.93444622e-01 -2.85353344e-02  1.91991813e-02
  -1.63313877e-02  1.04370862e-02 -3.58367502e-03]
 [ 1.41113559e-02  2.51237471e-02  9.72623646e-01  2.29004890e-01
   1.60840452e-02  1.97591484e-02  8.97489488e-03]
 [ 3.44365649e-02 -2.27757934e-02 -2.28777215e-01  9.70561564e-01
  -3.93320881e-02  4.91876639e-02 -2.50573386e-04]
 [ 2.11900435e-02  1.62594486e-02 -2.60282122e-02  2.85303723e-02
   9.93535101e-01  1.03172027e-01  6.22679805e-03]
 [ 1.58703886e-02 -9.50357690e-03 -5.03935106e-03 -5.64190410e-02
  -1.01698004e-01  9.92894828e-01 -1.63321141e-02]
 [ 1.45357370e-03  3.27105098e-03 -8.82610492e-03 -2.90656299e-03
  -8.09900369e-03  1.54142510e-02  9.99798775e-01]]",33
4,5,7,0.9,0.9183642268180847,"[[ 0.99572295  0.06077505  0.00495461 -0.02485861 -0.05000004  0.0142481
   0.03868493]
 [-0.06029335  0.9925943  -0.09149259  0.044617   -0.00285488  0.00943461
   0.02574063]
 [-0.01237568  0.09178449  0.99480534 -0.02125708 -0.02434576  0.02606918
  -0.00779311]
 [ 0.0262877  -0.03983452  0.02729212  0.9915185  -0.03704409 -0.11106995
   0.01262892]
 [ 0.04661117  0.00392413  0.02569124  0.03555695  0.99350774  0.01258619
   0.09312148]
 [ 0.00661013  0.01428953  0.02321343 -0.11200437  0.00582431 -0.9878531
   0.10382984]
 [-0.04289353 -0.02884847  0.00482163 -0.00460656 -0.09184388  0.1033427
   0.989024  ]]",33
5,6,7,0.9,0.8406422138214111,"[[ 9.90769625e-01 -1.25631019e-01  1.22409398e-02 -2.69960426e-02
  -2.25091004e-03 -8.35986063e-03  4.04832587e-02]
 [ 1.25249490e-01  9.91471887e-01  2.18976010e-02  1.65833328e-02
   1.01517895e-02 -1.62900481e-02  1.31545300e-02]
 [-7.84803927e-03 -2.30374224e-02  9.76567149e-01  2.07916290e-01
   2.98241689e-03  4.17436548e-02 -2.72725206e-02]
 [ 2.80563198e-02 -1.51998186e-02 -2.08869845e-01  9.77022946e-01
   2.17493940e-02  4.23339847e-03 -1.70448981e-02]
 [-5.86531591e-04  1.19911442e-02 -6.71071233e-03  2.08158549e-02
  -9.85720694e-01  1.60126731e-01  4.57355492e-02]
 [ 9.64973867e-03  1.41502824e-02 -3.82698625e-02 -1.57254729e-02
   1.61204144e-01  9.85673666e-01  2.13410221e-02]
 [-4.17849496e-02 -9.72041581e-03  2.34767105e-02  2.26431284e-02
   4.21657115e-02 -2.66674533e-02  9.97299612e-01]]",33
6,7,7,0.9,0.8537415266036987,"[[ 9.9760509e-01 -4.9967919e-02 -2.8748719e-02  2.9767048e-02
  -3.7398294e-03  2.3486216e-02  3.0307129e-03]
 [ 4.7235742e-02  9.9605703e-01 -5.5497423e-02  3.6321573e-02
   3.4908723e-02  4.0717493e-03  2.1556600e-03]
 [ 3.9227135e-02  6.2724844e-02  9.5221496e-01 -2.9539698e-01
  -2.2385873e-02  2.7650504e-03  6.7401244e-03]
 [ 2.0868229e-02  1.5888836e-02 -2.9684845e-01 -9.5376265e-01
   3.9049715e-02 -6.4517977e-04 -2.1360654e-03]
 [ 4.1043530e-03 -3.3778131e-02  3.5070989e-02  2.9471807e-02
   9.9466628e-01 -7.7437051e-02 -3.7230331e-02]
 [-2.3458265e-02 -5.6592980e-03  8.2591921e-04  1.6370835e-03
   7.7102236e-02  9.9669290e-01 -8.5388320e-03]
 [-3.3951530e-03 -3.6932521e-03 -5.5368389e-03  8.9712074e-04
   3.7889373e-02  5.5317963e-03  9.9923831e-01]]",33
7,8,7,0.9,0.9328822493553162,"[[ 9.9747735e-01  4.2226225e-02 -1.9980267e-02  4.0945567e-02
   1.5323519e-02  7.0203566e-03 -2.9932914e-02]
 [-4.4302892e-02  9.9644625e-01  3.5429820e-02  5.9748873e-02
   2.1847594e-03 -1.0433772e-02 -1.3904352e-02]
 [ 2.9158076e-02 -2.0594321e-02  9.7572666e-01 -2.1564415e-01
   9.8444894e-03 -9.1302292e-03 -7.7912310e-04]
 [-3.2947179e-02 -6.7155428e-02  2.1464337e-01  9.7332925e-01
   2.2053273e-02  1.8755082e-02  1.1182556e-02]
 [-1.6056750e-02 -1.2464254e-03 -1.3813194e-02 -2.0572534e-02
   9.9812013e-01  4.0463120e-02 -3.5293587e-02]
 [-1.5946879e-03  1.3437132e-02  5.5640219e-03 -2.0296635e-02
  -3.5168987e-02  9.8803568e-01  1.4806272e-01]
 [ 2.9665856e-02  1.3991934e-02 -3.0947784e-03 -6.8002385e-03
   4.1189820e-02 -1.4681596e-01  9.8773313e-01]]",33
8,9,8,0.9,0.9739272594451904,"[[ 9.99009490e-01 -2.84483824e-02 -1.48212668e-02  1.74354855e-02
   1.40107619e-02  1.80153139e-02 -6.38911547e-03 -9.24063288e-03]
 [ 2.68286392e-02  9.97679353e-01 -5.62955951e-03  5.51331975e-02
   5.10532688e-03  1.18583618e-02 -1.60281279e-03 -2.59916130e-02]
 [ 1.86528359e-02  1.62493996e-02  9.79602039e-01 -1.98186189e-01
   1.19243748e-02 -1.27902543e-02  1.20886536e-02  6.17873063e-03]
 [-1.71210300e-02 -5.35984151e-02  1.99760616e-01  9.75576103e-01
   3.18177463e-03  6.75606653e-02 -1.84357911e-02 -1.63260084e-02]
 [-3.64233996e-03 -9.98826727e-05 -1.02651985e-02  3.44256051e-02
   8.63540053e-01 -5.02722323e-01  1.46942390e-02  7.00559234e-03]
 [-2.23292317e-02 -9.70629230e-03 -6.31780922e-03 -6.18642047e-02
   5.03797531e-01  8.60262334e-01 -2.49112416e-02 -3.25012617e-02]
 [ 4.71011875e-03 -1.82867981e-03 -8.01163539e-03  1.72609743e-02
  -9.15598706e-04  2.78088991e-02  9.96530533e-01 -7.59283379e-02]
 [ 9.22816526e-03  2.43361145e-02 -3.83165060e-03  1.78757422e-02
   1.05372695e-02  3.53903584e-02  7.45724514e-02  9.96024013e-01]]",33
9,10,9,0.9,1.2505977153778076,"[[ 9.9699664e-01 -1.8993787e-02  3.9559449e-03 -5.1610852e-03
   3.3936862e-02  2.1203579e-02  3.7190635e-02 -2.4872554e-02
  -4.4626262e-02]
 [ 1.6832687e-02  9.9456871e-01  9.2732318e-02 -1.6620973e-02
   2.1855129e-02  1.2949300e-03  3.1319518e-02  1.4513259e-02
  -1.8590043e-03]
 [ 4.4648107e-03  8.8396974e-02 -9.8123658e-01 -1.5565684e-01
   2.8075632e-02 -6.3882738e-02  2.4736703e-03 -1.4200657e-02
  -5.8819610e-03]
 [ 2.8481914e-03  3.1696953e-02 -1.5432034e-01  9.8467076e-01
   1.1387027e-02  3.3916991e-02 -1.8133232e-02 -4.8035860e-02
  -4.0981922e-02]
 [ 3.9685119e-02  2.0367101e-02  4.2873085e-04  2.3282785e-02
  -9.0239525e-01 -4.2721054e-01 -1.0886704e-02 -2.5025971e-04
  -2.2877464e-02]
 [-2.8589773e-03  1.2616242e-02 -6.4793825e-02 -3.3181172e-02
  -4.2786130e-01  8.9873755e-01  3.2680791e-02  1.4683626e-02
   4.9551208e-02]
 [-3.4184292e-02 -3.0683732e-02 -2.5314703e-03  2.3844298e-02
   2.7690588e-03 -3.6709219e-02  9.9641305e-01  3.9717775e-02
   3.9283223e-02]
 [ 2.3430021e-02 -1.1322405e-02 -2.1062441e-02  4.2412803e-02
   7.2696130e-03 -7.6484368e-03 -3.8108833e-02  9.9574280e-01
  -6.3347355e-02]
 [ 4.8843108e-02  3.1685960e-03 -9.8217269e-03  4.3370128e-02
   3.1142880e-03 -5.1704101e-02 -4.2697717e-02  5.8005206e-02
   9.9385923e-01]]",33
10,11,11,0.9,1.632946491241455,"[[ 9.24514294e-01 -2.72253036e-01  1.90209616e-02  3.32351439e-02
  -4.43472303e-02  1.27196938e-01  1.92523018e-01  5.03306463e-02
   1.43006900e-02 -6.78270459e-02  8.44752640e-02]
 [ 2.32703507e-01  9.54567313e-01  6.53245077e-02  7.93237123e-04
  -1.94940995e-02  8.12514275e-02  1.35947153e-01  1.99617185e-02
   5.14615290e-02 -1.29071726e-02  4.12989743e-02]
 [-2.67979931e-02 -5.33759110e-02  9.91475105e-01  6.46640286e-02
  -2.60354951e-02 -3.41763459e-02 -9.41519719e-03 -6.31562769e-02
  -4.88580503e-02  3.02369930e-02  1.99919660e-03]
 [ 9.69506055e-03  2.35119592e-02 -5.05700223e-02  9.44036961e-01
   2.93612272e-01 -1.01610571e-02 -1.20216109e-01  1.96937751e-02
  -5.18325774e-04 -6.56575635e-02 -1.13024125e-02]
 [-2.21781638e-02  8.83682538e-03 -3.62746865e-02  2.63084620e-01
  -9.41407025e-01 -3.78426462e-02 -1.66552201e-01  4.26339135e-02
   7.13476315e-02 -7.92550892e-02  1.70969591e-02]
 [-2.27116887e-02 -2.43278896e-03  1.97317451e-02 -4.78268564e-02
   1.60650536e-02  8.91847193e-01 -4.28500265e-01 -9.76575390e-02
  -7.95159191e-02 -1.05474023e-02 -3.96049321e-02]
 [-1.16625114e-03  1.53934928e-02  5.07984199e-02 -4.91093770e-02
   4.05725539e-02 -7.36100180e-03 -1.89809397e-01  9.50239897e-01
  -2.14804620e-01  6.67703450e-02  5.90448976e-02]
 [ 1.31679356e-01  2.91808676e-02  2.88922843e-02 -1.22553334e-01
   1.35426641e-01 -2.40912080e-01 -6.22618318e-01 -3.53033766e-02
   5.62362254e-01 -5.98084256e-02  4.25261855e-01]
 [ 3.34496163e-02 -2.86639314e-02 -5.30504156e-03  7.98466578e-02
  -3.93091962e-02  8.60976502e-02  7.57576451e-02  6.58002347e-02
   4.03463393e-01  8.73086929e-01 -2.18095198e-01]
 [-4.09060195e-02 -3.24544683e-02  6.25713915e-02 -3.73214781e-02
   4.52782400e-02  9.13599655e-02  1.11486085e-01  2.17869818e-01
   5.82450628e-01 -4.51603174e-01 -6.15205705e-01]
 [-2.63000906e-01 -9.07211378e-02  2.69627683e-02  8.25059041e-02
  -2.60810237e-02  3.24456722e-01  5.26033342e-01  1.59179017e-01
   3.44851702e-01 -9.67141315e-02  6.15457714e-01]]",33
0,1,6,0.9,0.8898218870162964,"[[ 9.98328984e-01 -8.69050063e-03  2.50908546e-02 -1.51449153e-02
   3.05585936e-02 -3.83522771e-02]
 [ 1.06558297e-02  9.87890899e-01 -2.20487927e-04  1.53241783e-01
  -1.29987979e-02 -1.74904373e-02]
 [-2.38111652e-02  1.66165482e-04  9.98933077e-01 -1.02657452e-03
  -3.94699536e-02  2.62495317e-03]
 [ 9.50566214e-03 -1.53806955e-01  2.68334616e-03  9.84309912e-01
   3.05911768e-02 -8.02748054e-02]
 [ 3.57545316e-02 -1.72528960e-02 -3.85908037e-02  3.64117101e-02
  -9.92334485e-01  1.04312405e-01]
 [-3.59153077e-02 -6.45978749e-03 -2.60216626e-03 -7.80687109e-02
  -1.08054154e-01 -9.90399420e-01]]",34
1,2,6,0.9,0.8953921794891357,"[[ 0.98330146  0.17946927  0.01089061 -0.00677982 -0.02640436  0.00687498]
 [-0.17451976  0.96731794 -0.08753111 -0.1436497   0.07366282 -0.01075272]
 [-0.03159495  0.13650675  0.89763284  0.4157042   0.00367955 -0.04242115]
 [ 0.00701878 -0.09481563  0.4288633  -0.89767414  0.01626257 -0.03088169]
 [-0.03708174  0.0631942  -0.00387555 -0.02158495 -0.98601335 -0.1480815 ]
 [-0.01544444  0.02165877  0.05036222 -0.01496854 -0.146206    0.9874997 ]]",34
2,3,6,0.9,0.8250361084938049,"[[ 0.99741566  0.05993112 -0.00454735 -0.02475791 -0.02926742 -0.00894314]
 [-0.05709007  0.99565715 -0.01621488  0.03793248  0.05805378  0.01831679]
 [ 0.00170735  0.01879939  0.9961408  -0.08189838  0.01693085 -0.01879569]
 [ 0.02674699 -0.0342567   0.08306727  0.9952742  -0.0186732   0.01707088]
 [ 0.03230548 -0.05582664 -0.01573598  0.01840659  0.9951151  -0.07070488]
 [ 0.01186138 -0.02077338  0.0164989  -0.01819955  0.06988342  0.9969657 ]]",34
3,4,7,0.9,0.91370689868927,"[[ 9.93269265e-01  1.08097218e-01 -5.02241496e-03 -3.07466779e-02
  -1.82542559e-02 -2.06711572e-02  1.78939837e-04]
 [-1.07872345e-01  9.93482888e-01 -2.66075041e-02  1.49430111e-02
  -1.69545785e-02  1.11015532e-02 -3.65648186e-03]
 [ 8.51871539e-03  2.47108079e-02  9.84023929e-01  1.72932491e-01
   1.75502002e-02  2.68242415e-02  8.96625314e-03]
 [ 3.19628716e-02 -1.72134470e-02 -1.73359215e-01  9.81737852e-01
  -3.59084904e-02  5.94114363e-02  5.41479036e-04]
 [ 1.91126987e-02  1.69084352e-02 -2.55134664e-02  2.56773476e-02
   9.94309545e-01  9.67935994e-02  4.24259435e-03]
 [ 1.78869478e-02 -1.01838112e-02 -1.34226140e-02 -6.66945949e-02
  -9.53854173e-02  9.92814839e-01 -1.29763447e-02]
 [-5.14910091e-04  3.19761829e-03 -8.89271684e-03 -2.99678580e-03
  -5.65364584e-03  1.22457743e-02  9.99859750e-01]]",34
4,5,7,0.9,0.9219086766242981,"[[ 0.99631965  0.05491241  0.01158178 -0.02339499 -0.047352    0.01131368
   0.03577695]
 [-0.05347572  0.99271655 -0.09195853  0.05090755 -0.00237719  0.01069475
   0.02205114]
 [-0.018697    0.09250512  0.99450856 -0.02923618 -0.02921144  0.01720403
  -0.00647108]
 [ 0.02455553 -0.04546895  0.03504866  0.9906182  -0.03049738 -0.11616585
   0.01876581]
 [ 0.04384611  0.00371071  0.0306104   0.0305021   0.9936683   0.0306322
   0.08877727]
 [ 0.0047878   0.01586764  0.01364037 -0.1168756   0.02392039 -0.98702973
   0.10525858]
 [-0.03986765 -0.02466476  0.00327273 -0.00957187 -0.08955396  0.10392796
   0.98938316]]",34
5,6,7,0.9,0.8372026085853577,"[[ 9.9149483e-01 -1.1920729e-01  7.1632587e-03 -3.0408200e-02
  -2.0095117e-03 -8.5572088e-03  4.0918805e-02]
 [ 1.1890225e-01  9.9237919e-01  2.3157248e-02  1.2141357e-02
   8.9527071e-03 -1.0373633e-02  1.3206699e-02]
 [-1.6003796e-03 -2.4756538e-02  9.7065139e-01  2.3607610e-01
   2.8631533e-03  3.2276597e-02 -2.0939788e-02]
 [ 3.0887885e-02 -9.9898633e-03 -2.3671450e-01  9.7082841e-01
   1.4748123e-02  1.6571427e-03 -1.3574591e-02]
 [-8.0268958e-04  9.9419625e-03 -4.4444371e-03  1.4386970e-02
  -9.8734444e-01  1.5155269e-01  4.3088216e-02]
 [ 9.0549132e-03  8.4861210e-03 -2.9965123e-02 -1.1280813e-02
   1.5234676e-01  9.8759770e-01  1.6191665e-02]
 [-4.1963771e-02 -9.4697885e-03  1.7229289e-02  1.8811855e-02
   4.0393144e-02 -2.1384627e-02  9.9770224e-01]]",34
6,7,7,0.9,0.8534719347953796,"[[ 9.9768692e-01 -4.7740154e-02 -2.7306765e-02  2.9261732e-02
  -2.9224050e-04  2.7197413e-02 -2.0080819e-04]
 [ 4.4860307e-02  9.9612838e-01 -5.4268889e-02  3.8371619e-02
   3.5238013e-02  7.5147208e-03  6.5324079e-05]
 [ 3.7102018e-02  6.1816942e-02  9.6107000e-01 -2.6543659e-01
  -2.5101379e-02 -2.2068974e-03  7.4183447e-03]
 [ 2.2176677e-02  2.0569419e-02 -2.6731542e-01 -9.6264923e-01
   2.8954729e-02 -9.7703747e-03 -3.5749725e-04]
 [ 1.3763729e-03 -3.3531357e-02  3.3839367e-02  2.0723185e-02
   9.9433786e-01 -8.7216593e-02 -3.1381715e-02]
 [-2.7168924e-02 -8.8158548e-03  3.6111183e-03 -9.3019987e-03
   8.7143414e-02  9.9573618e-01 -2.2587455e-04]
 [-3.2868018e-05 -1.5809608e-03 -6.1675040e-03  2.2777370e-03
   3.1434268e-02 -2.4955093e-03  9.9947977e-01]]",34
7,8,7,0.9,0.932832658290863,"[[ 9.95288253e-01  7.79365599e-02 -2.07966771e-02  3.89844999e-02
   1.38162831e-02  9.69737768e-03 -3.30161788e-02]
 [-8.00417289e-02  9.95087862e-01  2.09954325e-02  5.24632558e-02
   6.87242486e-03 -1.22952959e-04 -1.23720430e-02]
 [ 2.69270651e-02 -1.21697905e-02  9.91404295e-01 -1.24190643e-01
   6.35328423e-03 -2.71602888e-02  6.56231120e-03]
 [-3.19125541e-02 -5.73663935e-02  1.24701545e-01  9.89062726e-01
   2.61561684e-02  3.25271264e-02  1.23706330e-02]
 [-1.37511929e-02 -6.97130058e-03 -9.27242450e-03 -2.52824835e-02
   9.98679936e-01 -9.38405190e-03 -3.98433991e-02]
 [-2.43149768e-03  3.49806203e-03  2.11275220e-02 -3.74644697e-02
   1.53789576e-02  9.83882368e-01  1.72831833e-01]
 [ 3.24997827e-02  1.50410663e-02 -1.27071291e-02 -4.08416335e-03
   3.79380137e-02 -1.73198298e-01  9.83413696e-01]]",34
8,9,8,0.9,0.9743854403495789,"[[ 9.9944639e-01  8.6465001e-04 -1.7394083e-02  6.5393960e-03
   2.0115940e-02  1.5918992e-02 -3.1866734e-03 -9.6324235e-03]
 [-2.7188000e-03  9.9723363e-01 -1.7631313e-02  5.7302196e-02
   3.2067530e-02  2.0397021e-02  1.9243282e-03 -2.1799758e-02]
 [ 1.9298237e-02  3.0576222e-02  9.7688538e-01 -2.0703565e-01
  -1.7436463e-02 -2.9501211e-02  1.5704170e-02  1.0144067e-02]
 [-4.9222773e-03 -5.5383395e-02  2.1114199e-01  9.7179419e-01
   5.1161095e-02  7.1463041e-02 -1.2318779e-02 -8.2136048e-03]
 [-7.2988663e-03 -1.4587156e-02 -2.6029465e-03 -1.0227071e-03
   8.1894308e-01 -5.7340062e-01  1.6221505e-02  2.6319891e-03]
 [-2.3920618e-02 -2.9974157e-02  1.6620453e-02 -9.5920727e-02
   5.6970936e-01  8.1394291e-01 -2.5585745e-02 -3.6411732e-02]
 [ 1.7594586e-03 -4.9413401e-03 -1.1728653e-02  1.2143577e-02
   8.4635738e-04  2.9237963e-02  9.9708349e-01 -6.8237968e-02]
 [ 8.6289374e-03  1.9658707e-02 -8.9457184e-03  8.7625114e-03
   2.0204350e-02  3.4742717e-02  6.7041315e-02  9.9663055e-01]]",34
9,10,9,0.9,1.300772786140442,"[[ 9.9700880e-01 -1.4841952e-03  3.5932248e-05  1.7156674e-02
  -3.9798543e-02  1.9707413e-02  3.1742491e-02 -3.6018696e-02
  -3.7411675e-02]
 [ 1.5122860e-03  9.9445117e-01  9.5589295e-02 -1.7983168e-02
  -1.1433605e-02  1.9764784e-03  3.0613689e-02  1.4349431e-02
   1.8059140e-02]
 [-6.8502891e-04  9.2147261e-02 -9.8379779e-01 -1.1973707e-01
  -7.2035447e-02 -5.9865739e-02  2.2875071e-03 -1.0531948e-02
  -2.0590546e-02]
 [-1.3439219e-02  3.2360129e-02 -1.2613522e-01  9.8277617e-01
   1.2043655e-01  1.8828908e-02 -1.5965438e-02 -4.3553073e-02
   1.3205227e-03]
 [ 4.2575948e-02  1.4832984e-02 -3.5144616e-02 -1.1634301e-01
   9.4794828e-01 -2.8060451e-01 -1.8576900e-02 -2.0932427e-02
  -7.1192428e-02]
 [-5.7493988e-03  4.9964264e-03 -7.1503893e-02 -6.0530234e-02
   2.7693504e-01  9.5452732e-01  3.5275143e-02  1.3568913e-02
   4.3834880e-02]
 [-2.9986637e-02 -3.0338960e-02 -1.2689048e-03  1.7268250e-02
   1.1955807e-02 -3.9505254e-02  9.9761266e-01  3.0142153e-02
  -6.1217551e-03]
 [ 2.9776558e-02 -7.9910783e-03 -1.3104874e-02  4.1193765e-02
   9.7053321e-03 -5.8208765e-03 -3.1184949e-02  9.8286217e-01
  -1.7338480e-01]
 [ 4.6459127e-02 -1.7235674e-02 -2.3937268e-02 -1.2017426e-03
   5.5273887e-02 -6.4911895e-02 -1.4954502e-03  1.7011808e-01
   9.8018312e-01]]",34
10,11,11,0.9,1.6361678838729858,"[[ 9.21082735e-01 -2.90984303e-01  2.79841218e-02  6.26207292e-02
  -2.33007092e-02  1.89832956e-01  7.12191910e-02 -2.41555180e-02
  -8.17998052e-02 -3.85397673e-02 -1.08713478e-01]
 [ 2.54154176e-01  9.46391404e-01  9.35562029e-02 -2.78162248e-02
   1.41641274e-02  1.41844913e-01  7.35544711e-02 -1.01031410e-02
  -1.05505027e-02 -3.02973334e-02 -5.79669774e-02]
 [-3.79345194e-02 -7.03493804e-02  9.88989890e-01  6.78984970e-02
   1.90293853e-04 -9.50237885e-02 -1.78163927e-02 -3.64136212e-02
  -1.45912329e-02  3.78900650e-03  6.69507484e-04]
 [-1.12105487e-02  4.94512208e-02 -6.53356314e-02  9.26995456e-01
   3.22777599e-01 -7.38431364e-02 -1.00148648e-01  8.38789567e-02
   5.78077063e-02 -5.97751178e-02 -1.48739442e-02]
 [ 3.22237387e-02 -2.96274051e-02  1.25966379e-02 -3.02760690e-01
   9.36883688e-01 -1.59494374e-02  1.67273507e-02 -1.14042893e-01
  -1.03457332e-01  3.78447399e-02  5.32389171e-02]
 [-1.19873239e-02  9.51634347e-03  2.08984297e-02 -5.14902137e-02
  -1.16901537e-02  3.95344138e-01 -9.07134652e-01 -1.05209254e-01
  -5.40901273e-02 -5.00958413e-02  2.90950686e-02]
 [ 9.61263943e-03  1.13267843e-02  2.60694027e-02 -7.61125535e-02
   3.66274863e-02 -4.89281416e-02 -9.94805992e-02  8.88650000e-01
  -4.28515851e-01  6.69486448e-02 -4.32199240e-02]
 [ 1.16961002e-01  7.96536077e-03  1.06001897e-02 -1.28737926e-01
   8.41932073e-02 -2.17236429e-01 -1.94836721e-01  2.84689188e-01
   7.71593153e-01  2.62176961e-01 -3.63577604e-01]
 [-8.62585008e-02 -6.72149435e-02  7.39454031e-02  3.92817706e-02
   5.89410663e-02  6.88240767e-01  2.56635815e-01  2.56036490e-01
   3.61886650e-01  1.17535569e-01  4.77166712e-01]
 [-4.65992326e-03  2.09451951e-02 -1.40560409e-02  1.09160639e-01
  -4.57520150e-02  5.80799840e-02  2.99908279e-04 -1.73092976e-01
  -2.37320855e-01  9.45424974e-01 -4.29949835e-02]
 [ 2.51059711e-01  7.84872472e-02 -3.22706811e-02 -3.51173505e-02
  -5.64436279e-02 -4.96160805e-01 -2.05615059e-01  2.48092972e-02
   9.87356156e-02  9.59458500e-02  7.85700619e-01]]",34
0,1,6,0.9,0.8911753296852112,"[[ 9.9813485e-01 -1.7451337e-02  1.9641839e-02 -1.7047452e-02
   3.3615790e-02 -4.0198423e-02]
 [ 1.9732311e-02  9.8855340e-01 -3.9467928e-03  1.4792348e-01
  -1.4679316e-02 -1.6138181e-02]
 [-1.7881528e-02 -5.4781127e-04  9.9870372e-01  2.8971205e-02
  -3.7833847e-02  2.9950179e-04]
 [ 1.0488581e-02 -1.4845394e-01 -2.7158411e-02  9.8484665e-01
   3.3818427e-02 -7.7763967e-02]
 [ 3.8447976e-02 -1.9656260e-02 -3.8047019e-02  3.7449181e-02
  -9.9276167e-01  9.8537542e-02]
 [-3.7809152e-02 -5.6950357e-03 -2.0823497e-03 -7.5255141e-02
  -1.0248749e-01 -9.9114412e-01]]",35
1,2,6,0.9,0.8971888422966003,"[[ 9.8240095e-01  1.8418188e-01  9.4508994e-03 -6.5687615e-03
  -2.6370650e-02  1.1724571e-02]
 [-1.7865956e-01  9.6479440e-01 -1.0547146e-01 -1.4223616e-01
   7.6219223e-02 -9.3743512e-03]
 [-3.3437029e-02  1.5129517e-01  8.9700991e-01  4.1130087e-01
   9.6870800e-03 -4.5855600e-02]
 [ 6.9122878e-03 -8.6421303e-02  4.2557231e-01 -8.9997542e-01
   1.5327452e-02 -3.4366604e-02]
 [-3.7552666e-02  6.6947587e-02 -4.8249244e-04 -1.8560441e-02
  -9.8751992e-01 -1.3626271e-01]
 [-1.9825853e-02  2.0199262e-02  5.5205885e-02 -1.6032057e-02
  -1.3405551e-01  9.8890007e-01]]",35
2,3,6,0.9,0.8399159908294678,"[[ 0.99668455  0.06854122 -0.01119594 -0.0262625   0.03264052 -0.00644203]
 [-0.06558168  0.99451697 -0.03156336  0.03827181 -0.06327274  0.01306535]
 [ 0.00706687  0.0345639   0.9962752  -0.07331309 -0.01084339 -0.02643372]
 [ 0.02894416 -0.03322395  0.07502268  0.9957917   0.01742152  0.02292326]
 [ 0.03650613 -0.06067535 -0.00995896  0.01699346 -0.99371535 -0.08442479]
 [ 0.00992544 -0.01606836  0.02421889 -0.0241027  -0.0839033   0.9957088 ]]",35
3,4,7,0.9,0.9681753516197205,"[[ 0.9933191   0.10247204 -0.01377208 -0.04069465 -0.02473894 -0.01808352
  -0.00566338]
 [-0.10220317  0.99410826 -0.02622878  0.02096292 -0.01074971  0.00744782
  -0.00223416]
 [ 0.01973994  0.0243042   0.98228437  0.18020314  0.02836524  0.02462948
   0.01590195]
 [ 0.04027938 -0.0221422  -0.18073097  0.9795717  -0.03520973  0.0660632
   0.00766697]
 [-0.02525571 -0.01147471  0.0355925  -0.02441136 -0.99686456 -0.06021757
  -0.00163947]
 [ 0.01395598 -0.00548305 -0.00973435 -0.07144815 -0.05893543  0.9949641
  -0.03388814]
 [ 0.00520993  0.00238177 -0.0146537  -0.0130306  -0.00397977  0.03265932
   0.9992498 ]]",35
4,5,7,0.9,0.9051063060760498,"[[ 9.96231437e-01  4.84798662e-02  6.72452385e-03  2.74686161e-02
   5.45218848e-02  3.84110655e-03  3.72221470e-02]
 [-4.70182784e-02  9.91789222e-01 -1.00390449e-01 -5.93784042e-02
   3.89952888e-03  4.52136155e-03  2.24443562e-02]
 [-1.28722843e-02  1.00891866e-01  9.94090497e-01  1.46424267e-02
   1.97540242e-02  2.74363384e-02 -9.05012339e-03]
 [ 2.96312571e-02 -5.50637543e-02  2.32938286e-02 -9.91529107e-01
   1.47342132e-02 -1.10381126e-01 -4.03434224e-03]
 [ 5.06595187e-02  4.84650768e-03  1.99000929e-02 -1.80461816e-02
  -9.92719948e-01  4.14141268e-02  9.73667130e-02]
 [ 5.07415039e-04  1.28781023e-02  2.56184358e-02  1.09574810e-01
  -3.85530293e-02 -9.91885543e-01  4.29835655e-02]
 [-4.12534736e-02 -2.45631672e-02  8.10891204e-03 -6.55398099e-03
   9.70848203e-02  3.84175815e-02  9.93320107e-01]]",35
5,6,7,0.9,0.843856692314148,"[[ 0.99228406 -0.11284478  0.01275326 -0.03093247 -0.0012319  -0.01775901
   0.03467081]
 [ 0.11249162  0.99288213  0.02040838  0.02060886  0.00674363 -0.02255992
   0.0116181 ]
 [-0.00808744 -0.0215279   0.9839672   0.16831142  0.01173647  0.04600371
  -0.02640051]
 [-0.03108683  0.02032641  0.16939884 -0.98461264 -0.01719979 -0.00586704
   0.0114919 ]
 [-0.00161969 -0.00885469 -0.00343533 -0.01756798  0.9897504  -0.13767405
  -0.03222628]
 [ 0.01897971  0.02016686 -0.04363496 -0.01558001  0.13841256  0.98825777
   0.03570755]
 [-0.03637799 -0.00945158  0.02485434  0.01661902  0.0274871  -0.0376496
   0.9977576 ]]",35
6,7,7,0.9,0.8540633916854858,"[[ 9.9760377e-01 -4.5924649e-02 -3.2332458e-02  3.3450738e-02
   6.5066908e-03  2.1691063e-02  6.4597849e-04]
 [ 4.3265067e-02  9.9684507e-01 -5.5419672e-02  1.9359723e-02
   3.0996801e-02 -1.1817921e-03  4.4489345e-03]
 [ 4.4353064e-02  5.7549946e-02  9.3844599e-01 -3.3667839e-01
  -2.4845093e-02  7.3604276e-03  4.0217354e-03]
 [ 2.0347517e-02 -2.6053698e-03 -3.3715126e-01 -9.4038445e-01
   3.8475093e-02 -5.4755039e-03  8.6569460e-03]
 [-6.2712044e-03 -2.9056206e-02  3.8671616e-02  2.6969478e-02
   9.9665034e-01 -5.5330064e-02 -2.2807153e-02]
 [-2.2122785e-02  3.2835599e-04 -5.9953085e-03 -2.2616650e-03
   5.4646615e-02  9.9747616e-01 -3.9044000e-02]
 [-2.2006028e-03 -5.2697076e-03  5.9942457e-05  9.9246586e-03
   2.4515556e-02  3.7733328e-02  9.9892145e-01]]",35
7,8,7,0.9,0.9336179494857788,"[[ 9.97385681e-01  3.15227211e-02 -3.27289961e-02  3.17416266e-02
   3.03960592e-02 -1.91301398e-03 -3.49549763e-02]
 [-3.26717086e-02  9.97666180e-01  2.78798249e-02  4.91201654e-02
   3.08332557e-04 -1.54166408e-02 -1.29194120e-02]
 [ 3.78985405e-02 -1.81987993e-02  9.85551596e-01 -1.62862167e-01
   1.73552223e-02 -2.25348002e-03  9.49895009e-03]
 [-2.46737059e-02 -5.36624566e-02  1.62334040e-01  9.84761596e-01
   1.81811228e-02  6.75171241e-03  5.26011502e-03]
 [-3.09496913e-02  5.64319707e-05 -1.89200826e-02 -1.61280129e-02
   9.99046445e-01  1.36608295e-02 -1.19794933e-02]
 [ 5.95086860e-03  1.73199587e-02  4.50632244e-04 -6.17855322e-03
  -1.21152727e-02  9.93161619e-01  1.14497028e-01]
 [ 3.34065892e-02  1.25568891e-02 -1.13618728e-02 -1.38487783e-03
   1.42669398e-02 -1.14680022e-01  9.92592752e-01]]",35
8,9,8,0.9,0.9716466069221497,"[[ 0.9988484  -0.02996042 -0.00449156  0.02890883  0.01298545  0.01701289
  -0.00813929 -0.00490296]
 [ 0.02859494  0.9985964  -0.01004363  0.0381896  -0.00138666  0.00521909
  -0.00513662 -0.01930482]
 [ 0.01057962  0.01728661  0.9810346  -0.18941662  0.01955101 -0.00873544
   0.02482768  0.01438593]
 [-0.03014212 -0.03549385  0.19111408  0.97736746  0.01139969  0.06748717
  -0.03050845 -0.02108247]
 [-0.00406379  0.00294621 -0.01769897  0.02631346  0.8854518  -0.46225792
   0.03408431  0.00999999]
 [-0.01976423 -0.00177721 -0.01235283 -0.06668367  0.46391997  0.8811913
  -0.04971401 -0.02855927]
 [ 0.00596514  0.00193834 -0.01790297  0.02922004 -0.00745933  0.05983144
   0.9949843  -0.07181343]
 [ 0.00458257  0.01825796 -0.0118034   0.02422649  0.00386881  0.03594627
   0.06879857  0.99643314]]",35
9,10,8,0.9,1.1134504079818726,"[[ 9.9810326e-01 -7.5880322e-03  6.2789796e-03 -1.2245506e-02
  -4.5807123e-02  2.4054784e-02  1.5180968e-02 -2.5212465e-02]
 [ 4.9029519e-03  9.9520266e-01  8.1431478e-02  2.9605550e-03
  -4.1646626e-02  3.9704391e-03  3.1822480e-02  1.2033329e-02]
 [ 5.0518406e-03  8.0378108e-02 -9.7400993e-01 -1.9922617e-01
  -1.0037075e-02 -6.8569340e-02 -1.3119170e-03 -1.7982328e-02]
 [ 8.0533586e-03  1.1640585e-02 -1.9798918e-01  9.7432345e-01
  -7.7309884e-02  2.3908790e-02 -2.9998185e-02 -6.2010836e-02]
 [ 5.2826181e-02  3.8943771e-02  7.5805401e-03  8.1274182e-02
   8.9961255e-01 -4.2340264e-01 -1.9699808e-02 -8.3175525e-03]
 [-1.9717596e-03  1.7983757e-02 -6.6747777e-02  2.7642003e-04
   4.2515740e-01  9.0112644e-01  4.6859477e-02  1.5294159e-02]
 [-1.3000629e-02 -3.1593937e-02 -7.7126371e-03  3.2780826e-02
  -2.6856849e-03 -5.1122893e-02  9.9697644e-01  3.3406183e-02]
 [ 2.6684798e-02 -8.9238370e-03 -2.9366119e-02  5.6247775e-02
  -4.5730332e-03 -1.4834854e-02 -3.6185078e-02  9.9681079e-01]]",35
10,11,10,0.9,1.633595585823059,"[[ 0.90898037 -0.31234533  0.02867725 -0.06525292 -0.02828186  0.13791627
  -0.16110979  0.09815416  0.08867403 -0.08854586]
 [ 0.26612616  0.94231385  0.07925262 -0.07392998 -0.01201358  0.09046353
  -0.11821994  0.04965965  0.04676949 -0.05017589]
 [-0.03490051 -0.06288663  0.9918157   0.04071304 -0.0060777  -0.02803736
  -0.01807795 -0.06283206 -0.06521662  0.01097441]
 [ 0.05263057  0.04415611 -0.02928776  0.98724496 -0.05587213  0.1100214
  -0.04428923  0.02979097  0.04002695 -0.0095942 ]
 [ 0.01025413 -0.00322143  0.00470679  0.04351006  0.9871183   0.07031707
  -0.10252015  0.02189928 -0.00385307  0.08727669]
 [-0.03653563 -0.00948509  0.02970152 -0.06712878 -0.00811394  0.8527537
   0.5081151  -0.06848194  0.00700598  0.05488431]
 [ 0.03085257  0.02224407  0.05634452  0.02149968  0.04808639 -0.2070482
   0.47151148  0.8500757  -0.04205489 -0.0549055 ]
 [ 0.15837783  0.05305935  0.00725699  0.05787172  0.12992622 -0.3509176
   0.5912533  -0.43971455  0.33960426 -0.41281354]
 [ 0.1310641   0.03411623 -0.06153573  0.04384059  0.03956492 -0.05667249
   0.13639812 -0.15782572 -0.9229293  -0.27542785]
 [ 0.23300299  0.06329553 -0.02054757  0.04281649 -0.02588728 -0.24196596
   0.31397462 -0.19237536 -0.12301215  0.8541135 ]]",35
0,1,6,0.9,0.8938137888908386,"[[ 0.99816275 -0.00673028  0.02619828 -0.01509139  0.03379907 -0.03961577]
 [ 0.00916688  0.9890677  -0.01199748  0.1449694  -0.01691714 -0.01465487]
 [-0.02383462  0.00546548  0.9977861   0.04187792 -0.0453568   0.0037278 ]
 [ 0.0107275  -0.14555913 -0.03856691  0.9848814   0.03125233 -0.07900563]
 [ 0.03902638 -0.02142781 -0.0458582   0.03387712 -0.99267143  0.09680255]
 [-0.03716074 -0.00482409  0.0014782  -0.07657183 -0.10070286 -0.99125636]]",36
1,2,6,0.9,0.8894809484481812,"[[ 0.98343146  0.17868067  0.00691756 -0.0053474  -0.02836281  0.00739864]
 [-0.17365095  0.9675254  -0.09549048 -0.13785338  0.07428267 -0.01000058]
 [-0.02952127  0.14397243  0.88454735  0.44086018  0.00562961 -0.0398359 ]
 [ 0.00762538 -0.08185395  0.45370492 -0.8864828   0.01733085 -0.03523678]
 [-0.03917462  0.06419562 -0.0014719  -0.02072824 -0.9869986  -0.14052115]
 [-0.01560321  0.02045957  0.0505891  -0.01813381 -0.13848945  0.98857   ]]",36
2,3,6,0.9,0.8252917528152466,"[[ 0.99662393  0.06914032 -0.00661168 -0.03073163  0.02995428 -0.00865836]
 [-0.06600402  0.99493426 -0.01913158  0.03906192 -0.05888982  0.01973942]
 [ 0.00399566  0.02069113  0.9981311  -0.0532152  -0.01823097 -0.01123091]
 [ 0.03277026 -0.03453733  0.05446592  0.99678713  0.02928592  0.01801248]
 [ 0.03412227 -0.05692135 -0.01629925  0.02810129 -0.99555606 -0.05838138]
 [ 0.0114034  -0.02155609  0.0096185  -0.01798775 -0.05755696  0.9978359 ]]",36
3,4,7,0.9,0.8893985152244568,"[[ 9.93009627e-01  1.09242737e-01 -5.08750789e-03 -3.48593779e-02
  -2.27170140e-02 -1.54586472e-02 -1.30916561e-03]
 [-1.08957097e-01  9.93424714e-01 -2.47813240e-02  1.78411826e-02
  -1.39939049e-02  1.00003667e-02 -2.75783730e-03]
 [ 9.93424933e-03  2.21535452e-02  9.81000662e-01  1.90797746e-01
   1.43635189e-02  1.99456345e-02  6.34890469e-03]
 [ 3.55087630e-02 -1.95553508e-02 -1.90816432e-01  9.78254795e-01
  -3.98950167e-02  5.75918742e-02  7.41194282e-03]
 [-2.33071577e-02 -1.47313708e-02  2.27716379e-02 -3.12251020e-02
  -9.96106982e-01 -7.40152299e-02 -6.22843765e-03]
 [ 1.25133395e-02 -8.76340084e-03 -6.62794057e-03 -6.32265136e-02
  -7.20866695e-02  9.94880855e-01 -2.72176657e-02]
 [ 8.69070180e-04  2.55786162e-03 -4.92968271e-03 -1.03784744e-02
  -8.03358387e-03  2.60827392e-02  9.99557793e-01]]",36
4,5,7,0.9,0.9648284912109375,"[[ 0.9959113   0.05854778  0.00109212 -0.03321692  0.0507125   0.00940365
   0.03111462]
 [-0.05748184  0.991749   -0.10263295  0.04583812  0.00202878  0.00915626
   0.02017741]
 [-0.01014266  0.10357028  0.99321675 -0.03445343  0.0329733   0.02033225
  -0.00177186]
 [ 0.03433494 -0.03915316  0.04031596  0.99092424  0.02485688 -0.11187675
   0.02444848]
 [ 0.04749134  0.00435967  0.03269241  0.02720188 -0.9912014   0.06631523
   0.09507285]
 [ 0.00424182  0.01422172  0.01693913 -0.11279214 -0.05780439 -0.9857176
   0.10858256]
 [-0.0360744  -0.02291336 -0.00216118 -0.01468634  0.09948572  0.10421605
   0.98853165]]",36
5,6,7,0.9,0.8403006196022034,"[[ 9.91414487e-01 -1.20559931e-01  1.75612755e-02 -2.86657140e-02
  -1.81113754e-03 -8.25148541e-03  3.68945226e-02]
 [ 1.19972102e-01  9.92255867e-01  1.92865077e-02  1.03364065e-02
   9.39889532e-03 -1.63011979e-02  1.42116398e-02]
 [-1.20479167e-02 -1.87601577e-02  9.76064324e-01  2.10044742e-01
   1.44441146e-02  4.02328037e-02 -2.92445514e-02]
 [ 3.14066112e-02 -9.82765388e-03 -2.10793152e-01  9.76628661e-01
   2.08349712e-02  1.19156553e-03 -1.56309232e-02]
 [ 5.13251638e-04 -1.05803795e-02 -5.88462967e-03 -2.30628978e-02
   9.90348041e-01 -1.28926829e-01 -4.37024124e-02]
 [ 9.73885320e-03  1.44300666e-02 -3.90418246e-02 -1.22081172e-02
   1.29544824e-01  9.90323246e-01  2.23976374e-02]
 [-3.84375043e-02 -1.11697912e-02  2.50084717e-02  2.16394756e-02
   4.11650389e-02 -2.61504408e-02  9.97459590e-01]]",36
6,7,7,0.9,0.8571922183036804,"[[ 9.9747068e-01 -5.4541431e-02 -2.7501309e-02 -2.6552804e-02
   3.0352615e-03  2.4632556e-02  4.2937904e-06]
 [ 5.1905572e-02  9.9592227e-01 -5.9526145e-02 -2.9418822e-02
   3.2128885e-02  1.1782889e-03 -1.4803272e-03]
 [ 3.6986932e-02  6.4101636e-02  9.5954031e-01  2.7063257e-01
  -2.1416541e-02  9.8437155e-03  2.8024334e-03]
 [ 1.8510994e-02  9.9594072e-03 -2.7169046e-01  9.6137947e-01
   3.8438581e-02  7.2149932e-04  3.7072457e-03]
 [-3.1658360e-03 -3.0830666e-02  3.3506766e-02 -2.9863887e-02
   9.9657720e-01 -5.7645105e-02 -2.3145739e-02]
 [-2.5208693e-02 -2.2715647e-03 -6.5331371e-03 -4.1723773e-03
   5.6562457e-02  9.9701875e-01 -4.5315679e-02]
 [-1.3170547e-03  4.4197249e-04 -1.2920225e-03 -5.2530882e-03
   2.5628265e-02  4.3875068e-02  9.9869263e-01]]",36
7,8,7,0.9,0.9391238689422607,"[[ 9.9713850e-01  4.7560334e-02 -2.6607899e-02  3.4713589e-02
   1.8493023e-02  3.1352954e-04 -3.4608390e-02]
 [-4.8893724e-02  9.9675798e-01  3.5295211e-02  4.8667975e-02
   2.3436700e-03 -1.4239951e-02 -1.6137684e-02]
 [ 3.5151158e-02 -2.0831635e-02  9.6843135e-01 -2.4484682e-01
   1.6452609e-02 -1.5601011e-02  2.6502551e-03]
 [ 2.4474233e-02  5.6711286e-02 -2.4427186e-01 -9.6737713e-01
  -1.5848421e-02 -1.9522540e-02 -8.0716470e-03]
 [-1.9538371e-02 -1.5790778e-03 -1.8501278e-02 -1.3290149e-02
   9.9699503e-01  6.4370520e-02 -3.0888714e-02]
 [ 5.7162181e-03  1.7398370e-02  1.1228972e-02 -2.1773072e-02
  -5.9576858e-02  9.8854518e-01  1.3525330e-01]
 [ 3.2790553e-02  1.6009511e-02 -7.0534591e-03 -2.6661563e-03
   3.9775535e-02 -1.3344446e-01  9.8955655e-01]]",36
8,9,8,0.9,0.9830084443092346,"[[ 9.9919242e-01 -1.4563997e-02  9.0242755e-03  1.9144688e-02
   1.1965544e-02  2.5886046e-02 -5.0429320e-03 -1.0764427e-02]
 [ 1.3068434e-02  9.9838221e-01 -4.7522914e-03  4.9432203e-02
   4.2916080e-03  1.0448907e-02 -8.7705329e-03 -1.9788969e-02]
 [ 1.3617736e-02  6.6296761e-03 -9.7375792e-01 -2.2489667e-01
   1.5407889e-02 -1.9457940e-02  1.9274296e-02  5.6733708e-05]
 [-1.9550262e-02 -5.0224267e-02 -2.2642364e-01  9.6912026e-01
   1.2591825e-03  7.4394889e-02 -2.6013529e-02 -2.0507913e-02]
 [ 2.2914389e-04 -6.8442273e-04  1.4892781e-02  3.7423484e-02
   8.9215350e-01 -4.4937617e-01  2.2288090e-02  1.8506298e-03]
 [-2.7680350e-02 -8.1991963e-03  4.3583927e-03 -7.0338808e-02
   4.5119661e-01  8.8785064e-01 -4.2469416e-02 -2.3219187e-02]
 [ 2.3745236e-03  5.3886804e-03  1.3083969e-02  2.4610085e-02
  -1.6337594e-03  4.8230499e-02  9.9488384e-01 -8.4057353e-02]
 [ 1.0212758e-02  1.8914541e-02 -3.4263383e-03  2.1529999e-02
   8.9650815e-03  2.7631316e-02  8.2189098e-02  9.9572271e-01]]",36
9,10,8,0.9,1.1062039136886597,"[[ 9.9775755e-01  1.0051705e-02 -1.1600382e-03 -1.7823685e-04
  -3.1678110e-02  3.2962613e-02  2.9915294e-02 -3.7315868e-02]
 [-1.1681972e-02  9.9693668e-01  6.4112775e-02  3.8688886e-03
  -2.8716194e-02  5.6350431e-03  3.0567959e-02  8.0367289e-03]
 [ 9.0269826e-04 -6.3784301e-02  9.8230273e-01  1.6000754e-01
   1.9307643e-02  6.8147905e-02  4.3951700e-04  1.9813888e-02]
 [-3.2338556e-03  6.6051651e-03 -1.6133909e-01  9.8453867e-01
  -2.3065120e-02  4.0044151e-02 -1.9978235e-02 -4.5438472e-02]
 [ 4.3307561e-02  2.7970228e-02  1.0941496e-02  4.1071180e-02
   8.7741053e-01 -4.7490004e-01 -1.0050846e-02 -7.4429032e-03]
 [-1.3629992e-02  1.1764051e-02 -6.4560331e-02 -3.3049267e-02
   4.7673914e-01  8.7479883e-01  2.8873272e-02  3.2072846e-02]
 [-2.7368039e-02 -3.0931205e-02 -4.5310999e-03  2.2441698e-02
  -4.0010307e-03 -3.1543687e-02  9.9775261e-01  3.5339475e-02]
 [ 3.9009929e-02 -5.1652598e-03 -2.5119150e-02  4.2232536e-02
  -1.1034971e-02 -2.8913626e-02 -3.6420655e-02  9.9687141e-01]]",36
10,11,9,0.9,1.4267160892486572,"[[ 9.2610073e-01 -2.6191631e-01  5.3623099e-02  5.7504676e-02
  -9.9119648e-02  1.4938487e-01  1.5317804e-01  8.2147032e-02
  -7.2129928e-02]
 [ 2.3011434e-01  9.6106297e-01  6.4904228e-02  1.9803779e-02
  -4.7710743e-02  7.7500395e-02  9.9146448e-02  2.5671614e-02
  -5.3712819e-03]
 [-5.9576221e-02 -4.8279274e-02  9.9257207e-01  5.5621997e-02
   1.3709616e-02 -4.2532574e-02  1.3347316e-03 -5.7337981e-02
   2.3243466e-02]
 [-2.9764755e-03  1.2753648e-02 -5.5938713e-02  9.4220179e-01
   3.0225328e-01 -1.9171644e-02 -1.0991533e-01 -7.0093605e-03
  -7.1414381e-02]
 [ 4.7421370e-02 -3.8246431e-05  1.4122332e-02 -2.5843918e-01
   9.1730332e-01  1.8021919e-01  2.2076753e-01  6.1819233e-02
   6.5396711e-02]
 [-7.3889300e-02 -1.1535388e-02  2.9727262e-02 -1.0803830e-02
  -6.3784003e-02  8.8936871e-01 -4.3572661e-01 -9.2012890e-02
   6.1464864e-03]
 [-5.2032841e-04  1.7748093e-02  5.2741688e-02 -4.0589422e-02
   2.6284829e-02 -8.0880560e-02 -3.5998979e-01  9.2624223e-01
   2.2480896e-02]
 [ 2.4706043e-01  6.9235221e-02 -2.3655943e-03 -1.8676393e-01
   2.2381075e-01 -3.6127523e-01 -7.4309623e-01 -3.3012486e-01
  -2.3978278e-01]
 [ 1.3068648e-01  4.7562588e-03 -2.6704155e-02  4.5024179e-02
   7.6235775e-03 -9.4785102e-02 -1.8504764e-01 -1.0030312e-01
   9.6271104e-01]]",36
0,1,6,0.9,0.8907040953636169,"[[ 0.9981526  -0.01004425  0.02588595 -0.01805454  0.03265306 -0.03909229]
 [ 0.01215897  0.98804843  0.00899812  0.15240239 -0.00872947 -0.01512728]
 [-0.0249237  -0.00640083  0.99857956 -0.01804444 -0.04301186 -0.00109575]
 [ 0.01111894 -0.15290934  0.0188328   0.9835926   0.04300884 -0.08268134]
 [ 0.03737465 -0.01508437 -0.04102767  0.04808048 -0.99409586  0.07844757]
 [-0.03744122 -0.0031104  -0.00707019 -0.0797229  -0.08325395 -0.99259835]]",37
1,2,6,0.9,0.9004413485527039,"[[ 0.98458403  0.17261513  0.01256679 -0.00654799 -0.02342952  0.00697376]
 [-0.16835885  0.97066367 -0.07501865 -0.13601458  0.07297793 -0.00370866]
 [-0.02956907  0.12044753  0.9067706   0.40001187  0.00493368 -0.04849084]
 [ 0.00578952 -0.09504104  0.4112982  -0.9061746   0.01022087 -0.02259667]
 [-0.03365032  0.0647421  -0.00569159 -0.01663536 -0.9838616  -0.16242898]
 [-0.01447311  0.0168539   0.05275245 -0.00430394 -0.16128442  0.98523724]]",37
2,3,6,0.9,0.8385194540023804,"[[ 0.99782926  0.05303199 -0.00568769 -0.02356487 -0.02836116 -0.01151004]
 [-0.0502938   0.99613327 -0.0132144   0.03663743  0.05671996  0.02132638]
 [ 0.00293801  0.01612422  0.9953823  -0.0914293   0.01690275 -0.01733547]
 [ 0.02511    -0.03277427  0.09243432  0.99444807 -0.0268158   0.01026103]
 [ 0.03114993 -0.05513826 -0.01465397  0.02617781  0.99606353 -0.05428504]
 [ 0.01406962 -0.02305635  0.01575886 -0.01144312  0.05320837  0.99802804]]",37
3,4,6,0.9,0.8269906640052795,"[[ 0.9928393   0.11273084 -0.00572865 -0.0303042  -0.01587535 -0.01894148]
 [-0.11247575  0.99281186 -0.02914261  0.01731863 -0.02003342  0.01110364]
 [ 0.01066178  0.02538408  0.968191    0.24821948  0.01048192  0.01119895]
 [ 0.03079435 -0.02181901 -0.24767631  0.9665584  -0.03498309  0.04210903]
 [ 0.01671318  0.01946647 -0.01937469  0.02529799  0.9911086   0.12661055]
 [ 0.01667672 -0.01081877  0.00227585 -0.04789288 -0.12536676  0.9907518 ]]",37
4,5,7,0.9,0.9713078141212463,"[[ 9.95336354e-01  7.02368245e-02  9.67764109e-03 -2.19720192e-02
  -4.75671403e-02  1.71224400e-02  3.52174044e-02]
 [-6.94185346e-02  9.93129551e-01 -8.11655894e-02  4.16606180e-02
  -2.69554835e-03  1.06417108e-02  2.07550023e-02]
 [-1.88875161e-02  8.29720199e-02  9.91951287e-01 -8.39072317e-02
  -2.46355236e-02  3.32800038e-02 -6.05677674e-03]
 [ 2.23116875e-02 -3.20348404e-02  8.92890096e-02  9.88797545e-01
  -4.18000892e-02 -1.03241615e-01  1.94112994e-02]
 [ 4.45994250e-02  4.92856279e-03  2.91139856e-02  3.53132337e-02
   9.93581235e-01 -1.34331286e-02  9.22379568e-02]
 [ 7.65285641e-03  1.47518050e-02  2.30435729e-02 -1.08112924e-01
  -2.25422066e-02 -9.85067248e-01  1.28991187e-01]
 [-3.98065262e-02 -2.46570725e-02 -3.97894109e-05 -9.23107937e-03
  -8.75450447e-02  1.31488428e-01  9.86290514e-01]]",37
5,6,7,0.9,0.8521374464035034,"[[ 9.9053007e-01 -1.2776674e-01  8.1606489e-03 -2.7476598e-02
  -5.3503446e-04 -6.6485396e-03  4.0740106e-02]
 [ 1.2736197e-01  9.9091095e-01  3.1013720e-02  1.8187378e-02
   1.1639743e-02 -1.5096191e-02  1.4778335e-02]
 [-6.7201145e-03 -3.1587224e-02  9.8765737e-01  1.4308415e-01
   4.6581416e-03  4.6151936e-02 -2.9417019e-02]
 [ 2.7109068e-02 -1.7106069e-02 -1.4442229e-01  9.8847991e-01
   2.7186392e-02  5.4336418e-03 -1.5920946e-02]
 [ 1.5530371e-03  1.3205795e-02 -5.9254440e-03  2.5981799e-02
  -9.8256558e-01  1.7938067e-01  3.8735919e-02]
 [ 8.3044162e-03  1.3464824e-02 -4.3832697e-02 -1.6725883e-02
   1.7941028e-01  9.8252749e-01  5.1790377e-04]
 [-4.2161949e-02 -1.1184029e-02  2.6275201e-02  1.9844171e-02
   3.8473923e-02 -5.5316985e-03  9.9774855e-01]]",37
6,7,7,0.9,0.861778736114502,"[[ 9.9805456e-01 -4.3368313e-02 -2.6113980e-02 -2.5985567e-02
  -8.6484067e-03  2.3595221e-02  4.1792714e-03]
 [ 4.0917866e-02  9.9587637e-01 -6.1474055e-02 -3.9284542e-02
   3.5092868e-02  1.0269855e-03  1.0404852e-03]
 [ 3.5097685e-02  6.9060177e-02  9.5598328e-01  2.8271365e-01
  -9.9331699e-03  7.4226581e-03  3.7293008e-03]
 [ 1.8566078e-02  1.8285483e-02 -2.8485572e-01  9.5764983e-01
   3.2605074e-02  4.6012207e-04 -4.6499632e-03]
 [ 9.3551902e-03 -3.5014693e-02  2.1384669e-02 -2.7077906e-02
   9.9360603e-01 -9.6811607e-02 -2.9504456e-02]
 [-2.3027595e-02 -3.9086328e-03 -4.1943579e-03 -4.5574591e-03
   9.6594922e-02  9.9494278e-01 -1.3202714e-02]
 [-4.2886236e-03 -2.1133486e-03 -4.1433200e-03  2.6905548e-03
   3.0796340e-02  1.0159962e-02  9.9945039e-01]]",37
7,8,7,0.9,0.9404019117355347,"[[ 9.9716640e-01  5.3235222e-02 -2.1030752e-02  3.9353993e-02
   8.1620403e-03  7.0573925e-03 -2.6788384e-02]
 [-5.5412013e-02  9.9595010e-01  2.4058668e-02  6.3953154e-02
   2.5149717e-03 -1.4407642e-02 -1.1411039e-02]
 [ 2.8287230e-02 -1.0906710e-02  9.8361498e-01 -1.7720088e-01
   1.2285187e-02 -5.4974305e-03  1.0510185e-03]
 [ 3.1267170e-02  6.8720922e-02 -1.7659897e-01 -9.8090231e-01
  -2.4725139e-02 -1.2908478e-02 -1.2854892e-02]
 [-9.2027681e-03 -8.8117481e-04 -1.5925223e-02 -2.2764642e-02
   9.9683458e-01  5.7566606e-02 -4.6364751e-02]
 [-2.0380244e-03  1.7056026e-02  3.7068047e-03 -1.3586460e-02
  -4.8653670e-02  9.8236811e-01  1.7914303e-01]
 [ 2.6868656e-02  1.0781167e-02 -5.0856555e-03 -9.4284192e-03
   5.5843800e-02 -1.7659177e-01  9.8221385e-01]]",37
8,9,7,0.9,0.9215406775474548,"[[ 9.9925494e-01 -2.1521831e-02 -1.2978300e-02  1.5176238e-02
   1.5158372e-02  1.9091068e-02 -5.7892213e-03]
 [ 2.0249568e-02  9.9794048e-01 -7.5047673e-03  5.9193857e-02
   9.6507440e-04  1.1956684e-02 -7.6328352e-04]
 [ 1.7156634e-02  2.2703953e-02  9.6389443e-01 -2.6386961e-01
   1.1760342e-02 -1.2775666e-02  1.3007960e-02]
 [-1.3150540e-02 -5.5285662e-02  2.6553589e-01  9.6132040e-01
  -6.7126374e-03  4.3769848e-02 -1.2783395e-02]
 [-4.0318640e-03  3.3126068e-03 -8.7049734e-03  3.1486202e-02
   8.6522019e-01 -5.0020403e-01  9.7749867e-03]
 [-2.3861060e-02 -8.2688993e-03 -3.6797081e-03 -3.5792276e-02
   5.0097114e-01  8.6426950e-01 -1.1570743e-02]
 [ 5.1739495e-03 -4.9313979e-04 -9.1849435e-03  1.5136962e-02
  -2.8120510e-03  1.5739804e-02  9.9970192e-01]]",37
9,10,8,0.9,1.0988543033599854,"[[ 9.97930884e-01 -2.98745707e-02 -8.02306633e-04 -1.24775227e-02
   2.81882398e-02  1.91415362e-02  3.81690972e-02 -2.16180421e-02]
 [ 2.80594938e-02  9.94184196e-01  9.18261707e-02 -2.80823186e-02
   1.87604446e-02 -4.07169224e-04  3.19568552e-02  1.47154368e-02]
 [-7.00778182e-05  8.43076333e-02 -9.75097418e-01 -1.95839092e-01
   9.58074629e-03 -5.99355549e-02  3.16951633e-03 -5.50078461e-03]
 [ 1.15544023e-02  4.53422405e-02 -1.92694530e-01  9.77727830e-01
   5.02336919e-02  1.47850718e-02 -1.85039360e-02 -4.05378863e-02]
 [ 3.55710015e-02  1.61650088e-02  1.14906365e-02  5.30916415e-02
  -8.75487447e-01 -4.78411078e-01 -1.29205799e-02  6.33590156e-04]
 [-4.59459564e-03  1.29261790e-02 -5.74582480e-02  1.16285624e-03
  -4.79032099e-01  8.74045432e-01  5.34175150e-02  1.51145961e-02]
 [-3.75316218e-02 -3.10032424e-02 -5.61156659e-04  2.18916088e-02
   1.38333794e-02 -5.36168851e-02  9.96645987e-01  2.79510710e-02]
 [ 2.27627028e-02 -1.23336799e-02 -1.36900386e-02  3.81023474e-02
   9.84740909e-03 -1.07376948e-02 -2.90833544e-02  9.98314798e-01]]",37
10,11,10,0.9,1.701430320739746,"[[ 9.4078034e-01 -2.4128354e-01  1.5692938e-02  1.5631868e-02
  -5.0109796e-02  7.5485766e-02 -2.0553927e-01  4.0857390e-02
   4.4552907e-02 -4.5980267e-02]
 [ 2.1196033e-01  9.6526837e-01  4.3512791e-02 -8.2364762e-03
  -1.1740122e-02  3.8963612e-02 -1.3108118e-01  1.0032800e-02
   4.9208455e-02  2.8917317e-03]
 [-2.4437141e-02 -3.5456210e-02  9.8729253e-01  1.1968483e-01
  -5.2837025e-02 -2.0507168e-02 -5.1339353e-03 -5.5014253e-02
  -5.1726434e-02  1.1570504e-02]
 [ 1.5716983e-02  2.2835447e-02 -1.0162884e-01  9.6863103e-01
   1.8698616e-01  1.9388720e-02  9.8229125e-02  2.8258566e-02
   2.5338113e-02 -6.5020904e-02]
 [-1.5557876e-02  1.6072089e-02 -6.0673673e-02  1.5342508e-01
  -9.6074128e-01  2.9780483e-03  1.9031401e-01  4.4783983e-02
   9.9328898e-02 -3.3987422e-02]
 [-2.0060148e-02 -7.4734628e-05  2.0886291e-02 -4.4733122e-02
   3.2084409e-02  9.6548843e-01  2.3182626e-01 -7.5524054e-02
  -6.0221698e-02 -2.9815720e-02]
 [ 1.1716080e-02  1.9838991e-02  4.9781255e-02 -4.2693805e-02
   4.2031635e-02  1.4851677e-02  1.6449599e-01  9.5115560e-01
  -2.4748471e-01 -1.3280193e-02]
 [ 1.9889225e-01  4.6791863e-02  4.9959399e-02 -1.0894163e-01
   1.7419593e-01 -1.6756684e-01  7.9865336e-01 -3.1782169e-02
   4.6022126e-01  1.8655959e-01]
 [-3.0151036e-02 -3.4915298e-02 -1.6077109e-02  8.8571951e-02
  -4.8444837e-02  1.0007626e-01 -2.1997748e-01  8.2361460e-02
   9.4080478e-02  9.5570993e-01]
 [-1.6706891e-01 -6.4810000e-02  5.8611568e-02 -6.3952329e-03
   3.2932799e-02  1.4661503e-01 -3.5726327e-01  2.7240574e-01
   8.3479315e-01 -2.0762788e-01]]",37
0,1,6,0.9,0.8933305740356445,"[[ 0.998001   -0.0126073   0.03022287 -0.01903206  0.03261215 -0.03867608]
 [ 0.01456547  0.9874423   0.01139315  0.15560603 -0.00633298 -0.01903897]
 [-0.02941697 -0.00921354  0.99864686 -0.01377664 -0.03949127 -0.00221666]
 [ 0.01166763 -0.15656574  0.01401118  0.9829721   0.04392874 -0.08361072]
 [ 0.03745711 -0.01272866 -0.03747461  0.0492026  -0.9941754   0.07889866]
 [-0.03711194 -0.00625292 -0.00778658 -0.08111483 -0.08379938 -0.9924319 ]]",38
1,2,6,0.9,0.9128099083900452,"[[ 9.84217346e-01  1.74694955e-01  1.36482781e-02 -5.42015489e-03
  -2.34788228e-02  5.57189621e-03]
 [-1.69915840e-01  9.69790041e-01 -8.36391225e-02 -1.34284452e-01
   7.48550743e-02 -2.17928900e-03]
 [-3.26988399e-02  1.28170222e-01  9.02498782e-01  4.06267434e-01
   8.96311656e-04 -5.42696528e-02]
 [ 5.58482017e-03 -8.93357843e-02  4.18294430e-01 -9.03492093e-01
   1.60295237e-02 -2.15144213e-02]
 [-3.40977646e-02  6.53778687e-02 -8.82012304e-03 -2.41690185e-02
  -9.82536614e-01 -1.68886989e-01]
 [-1.34846205e-02  1.74972117e-02  5.71505949e-02 -1.76277349e-03
  -1.67956471e-01  9.83886778e-01]]",38
2,3,6,0.9,0.853908121585846,"[[ 0.997812    0.05334764 -0.00630217 -0.01978689 -0.03091749 -0.01175354]
 [-0.05056172  0.996022   -0.01347726  0.04005986  0.05767897  0.01644722]
 [ 0.00321626  0.01776576  0.9932288  -0.11170756  0.01232277 -0.02323999]
 [ 0.02206482 -0.03666997  0.11265931  0.9925474  -0.01378422  0.01166344]
 [ 0.03324513 -0.0555811  -0.01150972  0.01310307  0.99563885 -0.06484339]
 [ 0.01457114 -0.01856743  0.02122611 -0.01425214  0.06386483  0.99735177]]",38
3,4,6,0.9,0.8418367505073547,"[[ 0.99355805  0.10514037 -0.0116534  -0.03181055 -0.01197283 -0.02228777]
 [-0.10513258  0.99394923 -0.01771956  0.00972823 -0.02257131  0.00969788]
 [ 0.01912319  0.01650384  0.95948845  0.27936304  0.01439219  0.02220508]
 [ 0.02941929 -0.01240899 -0.27991307  0.9577981  -0.03010681  0.04843107]
 [ 0.01312118  0.02183366 -0.02368799  0.01667936  0.9886172   0.14542319]
 [ 0.01964918 -0.01036462 -0.00444709 -0.05651822 -0.14446358  0.9876349 ]]",38
4,5,6,0.9,0.8123478293418884,"[[ 9.96060967e-01  6.60935715e-02  2.15527490e-02  2.06159279e-02
  -4.77297194e-02  1.80696733e-02]
 [-6.36404827e-02  9.94142294e-01 -7.28272274e-02 -4.69245836e-02
  -3.85049701e-04  1.11797461e-02]
 [-3.08691729e-02  7.59076998e-02  9.87576425e-01  1.26431420e-01
  -2.43689474e-02  3.74078006e-02]
 [ 1.98627207e-02 -3.44820693e-02  1.32150918e-01 -9.85137939e-01
  -3.53939570e-02 -9.59324837e-02]
 [ 4.80879098e-02  4.90018213e-03  3.07216328e-02 -2.69490927e-02
   9.97166753e-01 -4.06433679e-02]
 [ 1.23510407e-02  1.83739681e-02  2.27370076e-02  1.00822054e-01
  -3.91607285e-02 -9.93626773e-01]]",38
5,6,7,0.9,0.8727180361747742,"[[ 9.90594149e-01 -1.27745181e-01  2.79098470e-03 -2.78515276e-02
  -1.73929002e-04 -8.91878549e-03  3.92628647e-02]
 [ 1.27395168e-01  9.89873886e-01  5.01761697e-02  2.63222363e-02
  -9.13694128e-03 -1.78987645e-02  1.74863171e-02]
 [-4.46523353e-03 -5.15027530e-02  9.89665926e-01  1.22227944e-01
   2.75302591e-04  4.65393960e-02 -2.79859900e-02]
 [-2.60202326e-02  2.31796596e-02  1.24184124e-01 -9.91314888e-01
   1.66452620e-02 -2.56437249e-03  1.93667281e-02]
 [ 2.57549551e-03  1.20107420e-02 -1.05959736e-02  1.54702244e-02
   9.75336492e-01  2.16050580e-01  3.92234214e-02]
 [ 1.06621049e-02  1.67486463e-02 -4.34277542e-02 -1.14679374e-02
  -2.16547191e-01  9.75035727e-01  9.68230306e-04]
 [-4.09467705e-02 -1.47046354e-02  2.48188637e-02  2.27084439e-02
  -3.82815674e-02 -7.41988420e-03  9.97724831e-01]]",38
6,7,7,0.9,0.8850554823875427,"[[ 9.98217762e-01 -3.84599939e-02 -2.56161876e-02 -2.51143407e-02
  -4.93374001e-03  2.77526006e-02  8.20814108e-04]
 [ 3.58425006e-02  9.95693803e-01 -6.32967949e-02 -4.39791866e-02
   3.69235054e-02 -1.06955110e-03  2.01683608e-03]
 [ 3.46412882e-02  7.27688223e-02  9.49305773e-01  3.03663194e-01
  -7.10949721e-03  4.41917963e-03  6.46728650e-03]
 [ 1.72943044e-02  2.09424514e-02 -3.06230783e-01  9.51150596e-01
   2.62357090e-02 -1.02251815e-02 -2.17304658e-03]
 [-6.84240786e-03  3.69342379e-02 -1.78474355e-02  2.22799480e-02
  -9.90921140e-01  1.24214604e-01  2.05004252e-02]
 [-2.70022713e-02 -2.55534775e-03 -4.44605341e-03  6.31979946e-03
   1.24391921e-01  9.91763473e-01 -1.16805015e-02]
 [-1.25360209e-03 -3.18966969e-03 -6.34412654e-03 -1.70650907e-04
   2.18064692e-02  8.96917190e-03  9.99695957e-01]]",38
7,8,7,0.9,0.9629626870155334,"[[ 0.99491966  0.08556111 -0.01741855  0.04103576  0.00588284  0.00873762
  -0.02675642]
 [-0.08770896  0.9943944   0.01610055  0.05351466  0.00454144 -0.01299947
  -0.01319979]
 [ 0.02250684 -0.00881327  0.9945737  -0.09891973  0.01691794 -0.00673284
   0.0110556 ]
 [ 0.03411632  0.05782772 -0.09827305 -0.99217254 -0.03346732 -0.00961373
  -0.01468315]
 [-0.00609662 -0.00329261 -0.01933513 -0.03176185  0.9978795   0.0285117
  -0.04464295]
 [-0.00417621  0.01562599  0.00396671 -0.01129157 -0.01975319  0.9812118
   0.19086236]
 [ 0.02677592  0.01350268 -0.01460481 -0.01115648  0.04883525 -0.18980901
   0.9799748 ]]",38
8,9,7,0.9,0.9354824423789978,"[[ 9.9812621e-01  5.1183123e-02 -5.9754029e-03  1.4740584e-02
   2.1907369e-02  1.9635933e-02 -2.3949211e-03]
 [-5.2742232e-02  9.9589545e-01 -2.2457348e-02  6.7032501e-02
   9.5205270e-03  1.6399195e-02 -7.2965715e-03]
 [ 7.6658675e-03  3.8301311e-02  9.7175276e-01 -2.3177370e-01
  -2.4010902e-03 -1.5352207e-02  1.4500343e-02]
 [-1.0807264e-02 -6.1363019e-02  2.3447290e-01  9.6909904e-01
   8.1994273e-03  4.2950161e-02 -8.6740898e-03]
 [-6.8170293e-03  6.6539986e-05 -2.5911997e-03  1.9352801e-02
   8.1576675e-01 -5.7793117e-01  9.6155433e-03]
 [-2.7155219e-02 -1.7378990e-02  4.8973151e-03 -4.3634824e-02
   5.7781529e-01  8.1431246e-01 -7.5661447e-03]
 [ 1.6611766e-03  6.1709243e-03 -1.2176127e-02  1.1777933e-02
  -3.2451344e-03  1.2483277e-02  9.9975288e-01]]",38
9,10,8,0.9,1.0945372581481934,"[[ 9.98156905e-01 -1.99273769e-02  2.48389654e-02 -1.20984446e-02
   2.65698899e-02  1.87877789e-02  3.02886665e-02 -2.33690664e-02]
 [ 2.06438638e-02  9.93744791e-01 -9.71514210e-02 -2.98469774e-02
   2.22358741e-02  3.22537147e-03  3.13636661e-02  1.50780352e-02]
 [-2.39275321e-02  8.95451009e-02  9.72524881e-01 -2.04955488e-01
   1.17973993e-02 -5.84757514e-02 -6.24742778e-03 -2.60185887e-04]
 [ 6.19976223e-03  4.90292460e-02  2.01112881e-01  9.76784885e-01
   3.48430499e-02  2.01085955e-03 -1.02482606e-02 -4.09812108e-02]
 [ 3.31076384e-02  2.16567088e-02 -7.67761236e-03  3.33024152e-02
  -9.11553741e-01 -4.07701582e-01 -9.11242515e-03 -5.74586028e-03]
 [-8.62582121e-03  1.04355952e-02  5.90241328e-02  1.15587062e-03
  -4.07931507e-01  9.09635842e-01  4.77814414e-02  1.42416293e-02]
 [-2.90616415e-02 -3.05257048e-02  8.04741029e-03  1.23744756e-02
   1.02413623e-02 -4.90054563e-02  9.96461391e-01  5.06356694e-02]
 [ 2.51131840e-02 -1.19266696e-02  9.27235931e-03  3.97967733e-02
   1.77467451e-03 -1.23907905e-02 -5.15115038e-02  9.97370124e-01]]",38
10,11,8,0.9,1.4117295742034912,"[[ 9.3290359e-01 -2.7634147e-01  3.4942415e-03 -2.8151294e-02
  -2.8786365e-02  4.0722810e-02 -2.2177127e-01  2.9189361e-02]
 [ 2.5280181e-01  9.5671278e-01  6.5720618e-02 -3.7039090e-02
   7.7059544e-03  8.7350421e-03 -1.2233202e-01  1.2692600e-04]
 [ 2.0322887e-02  5.8195770e-02 -9.8497176e-01 -1.4981970e-01
   4.6202809e-02  1.8363494e-02  1.7579818e-02  2.8352808e-02]
 [ 4.1689243e-02  3.6503002e-02 -1.4054313e-01  9.8287714e-01
   7.9775363e-02  6.0490388e-02  7.9108430e-03  3.2309648e-02]
 [ 9.7225336e-03  2.8325813e-02 -5.0749943e-02  6.7935623e-02
  -9.8587114e-01  1.1950892e-02  1.3258418e-01  4.7423080e-02]
 [-2.2549840e-02  3.1366090e-03  2.7205890e-02 -5.6245342e-02
   1.4692983e-02  9.9257255e-01  8.1313968e-02 -5.9581317e-02]
 [-3.7183560e-02  2.6880284e-03  3.5723172e-02 -3.2871678e-02
   4.1632671e-02  5.6994751e-02 -1.8948967e-02  9.9544603e-01]
 [ 2.4828491e-01  5.2890908e-02  3.3984192e-02 -2.1973733e-02
   1.2931365e-01 -7.5350054e-02  9.5442712e-01  2.4260381e-02]]",38
0,1,6,0.9,0.8974266052246094,"[[ 0.9977495  -0.02174327  0.02862598 -0.02071224 -0.03434459 -0.03994104]
 [ 0.02397083  0.9858999   0.00740242  0.16402605  0.00414061 -0.02121738]
 [-0.0270998  -0.01471167  0.9977559   0.04518789  0.03742429 -0.0094759 ]
 [ 0.01333615 -0.16477856 -0.04574206  0.98079413 -0.0409612  -0.08332476]
 [ 0.03907854 -0.01051175 -0.0376597   0.04401693  0.9945291   0.07693228]
 [-0.03849752 -0.00704195 -0.00991553 -0.0820367   0.08146685 -0.99247324]]",39
1,2,6,0.9,0.9234928488731384,"[[ 0.9845254   0.17352486  0.01350811 -0.00370146 -0.01705346  0.01057888]
 [-0.16854852  0.9685029  -0.09722658 -0.13294683  0.08014486  0.00651935]
 [-0.03465746  0.13852394  0.9083556   0.3874913   0.00323467 -0.06587999]
 [ 0.00649219 -0.08492916  0.40085205 -0.91187763  0.01505206 -0.01775199]
 [ 0.02792515 -0.07303092  0.01092725  0.02458741  0.9810541   0.17520133]
 [-0.01667559  0.01248742  0.0667302   0.00604675 -0.17487632  0.982087  ]]",39
2,3,6,0.9,0.8690089583396912,"[[ 0.99788785  0.05019261 -0.01267777 -0.01895147 -0.03139341 -0.01396837]
 [-0.0468776   0.9950261  -0.01323662  0.05594534  0.06324392  0.02050989]
 [ 0.00861137  0.02170487  0.9889337  -0.14384317  0.00778136 -0.02671123]
 [ 0.02263537 -0.05141431  0.14480354  0.9876885  -0.01848867  0.00239474]
 [ 0.03405825 -0.06176803 -0.0057058   0.01559937  0.9963911  -0.04419926]
 [ 0.01660881 -0.02176981  0.02595376 -0.00694157  0.04262638  0.99835443]]",39
3,4,6,0.9,0.8637490272521973,"[[ 0.9941492   0.09311192 -0.01994076 -0.04495126 -0.01536161 -0.01852957]
 [-0.093503    0.9951853  -0.0183109   0.00629168 -0.02120076  0.00624358]
 [ 0.03544227  0.01792884  0.91366965  0.40384394  0.01965643  0.0124007 ]
 [ 0.03439372 -0.01089658 -0.40430406  0.91255265 -0.03189844  0.03829735]
 [ 0.01600073  0.02102473 -0.03071389  0.01466227  0.9889688   0.14171906]
 [ 0.01514887 -0.00735451  0.00834391 -0.04338827 -0.14089482  0.98889476]]",39
4,5,6,0.9,0.82048499584198,"[[ 0.99569935  0.06561273  0.01527728  0.02418052 -0.054075    0.02314259]
 [-0.06344877  0.99453175 -0.0710109  -0.04197753  0.00308975  0.00816318]
 [-0.02478441  0.07342968  0.98956215  0.11082573 -0.01832932  0.0462836 ]
 [ 0.0242385  -0.03110778  0.11667222 -0.9887172  -0.03404895 -0.07817521]
 [ 0.05557052  0.00166218  0.02528869 -0.02540327  0.99610776 -0.05825452]
 [ 0.01634633  0.01546563  0.03519655  0.08463937 -0.05779562 -0.9938565 ]]",39
5,6,6,0.9,0.8090908527374268,"[[ 9.9016863e-01 -1.3530812e-01  5.1690997e-03  3.1725444e-02
  -8.6938329e-03 -1.2207811e-02]
 [ 1.3565512e-01  9.8732692e-01  6.2330134e-02 -4.5622747e-02
  -6.6442462e-03 -2.7796468e-02]
 [-1.1005546e-02 -6.2646136e-02  9.9459058e-01 -6.2787235e-02
   1.1109920e-02  5.1751420e-02]
 [-2.6000073e-02  4.5507941e-02  6.5449849e-02  9.9645495e-01
   6.8024942e-03 -8.1088603e-04]
 [ 1.2884175e-02  1.1447531e-02 -2.0703578e-02 -5.3553549e-03
   9.7989142e-01  1.9763236e-01]
 [ 1.4166072e-02  2.7399685e-02 -4.6534404e-02  4.3282057e-03
  -1.9880517e-01  9.7843802e-01]]",39
6,7,7,0.9,0.8975768089294434,"[[ 9.98352826e-01 -3.42229642e-02 -3.26215103e-02 -2.54033264e-02
  -4.33573499e-03  1.97540671e-02  1.35434931e-03]
 [ 3.10628992e-02  9.95520294e-01 -7.20372424e-02 -3.91057618e-02
   3.40264328e-02 -7.43149826e-03  6.55455375e-03]
 [ 4.10977341e-02  7.93115422e-02  9.49439883e-01  3.00603092e-01
   4.57775372e-04  1.47946300e-02  1.80623494e-03]
 [-1.49844131e-02 -1.34703293e-02  3.03073376e-01 -9.51622307e-01
  -4.57529612e-02  1.04869621e-04  7.88263325e-03]
 [-4.91244113e-03  3.50976773e-02 -1.73686892e-02  4.19573709e-02
  -9.91308689e-01  1.14829652e-01  2.83412691e-02]
 [-1.96343064e-02  3.05270008e-03 -1.19885225e-02 -9.14446265e-03
   1.14325456e-01  9.92821515e-01 -2.47582719e-02]
 [-1.86016958e-03 -7.44069926e-03 -3.39473900e-03  5.83798531e-03
   3.10918670e-02  2.13367809e-02  9.99236524e-01]]",39
7,8,7,0.9,0.9726287722587585,"[[ 9.9850363e-01 -5.5806204e-03 -2.4139514e-02  4.2786203e-02
   9.5125278e-03 -1.4582373e-03 -2.1291520e-02]
 [ 3.2938491e-03  9.9770260e-01  2.0354111e-02  5.5745214e-02
   3.2218958e-03 -2.8827937e-02 -1.4673591e-02]
 [ 2.9037423e-02 -1.3097734e-02  9.9184346e-01 -1.2177041e-01
   1.2076278e-02  1.6057875e-02  2.7159837e-04]
 [ 3.9962001e-02  5.7692170e-02 -1.2145129e-01 -9.8935550e-01
  -3.7706815e-02  2.4496813e-03 -8.5008098e-03]
 [-9.0754479e-03  8.8845193e-04 -1.7481795e-02 -3.5576344e-02
   9.9528557e-01  7.9291739e-02 -3.8275775e-02]
 [ 5.2925013e-03  3.0978447e-02 -1.3908644e-02  7.4138502e-03
  -7.1592145e-02  9.8194855e-01  1.7150953e-01]
 [ 2.0714905e-02  9.8935915e-03  2.0243356e-04 -9.4318828e-03
   5.1114701e-02 -1.6850168e-01  9.8406225e-01]]",39
8,9,7,0.9,0.9404349327087402,"[[ 9.98407960e-01  3.55638899e-02  2.43649282e-03  3.79449651e-02
   1.91053061e-03 -1.96975376e-02 -8.91428627e-03]
 [-3.72797921e-02  9.97542858e-01 -2.18665153e-02  5.11198267e-02
  -1.36857005e-02  1.08898738e-02 -1.10061290e-02]
 [ 3.27577186e-03  3.15165631e-02  9.82229590e-01 -1.83655187e-01
   1.69446915e-02 -1.15369735e-02  8.46038945e-03]
 [-3.61035429e-02 -4.81381267e-02  1.85622975e-01  9.79595900e-01
  -4.67185937e-02 -7.39169447e-03 -8.82786978e-03]
 [-1.84093358e-03  9.71839577e-03 -6.85150363e-03  4.99621034e-02
   9.92370009e-01  1.11691326e-01  9.26833600e-03]
 [-2.01486852e-02  1.13575375e-02 -1.38743492e-02  3.12523829e-04
   1.11497670e-01 -9.93385434e-01  5.11905178e-03]
 [ 8.26546736e-03  1.04587339e-02 -6.75735436e-03  1.06402123e-02
  -1.04601914e-02  4.02756920e-03  9.99768913e-01]]",39
9,10,7,0.9,1.0499635934829712,"[[ 9.98048782e-01  7.48289225e-04  1.58832129e-02  4.46461625e-02
   2.34693792e-02  1.26604298e-02  3.06826849e-02]
 [-2.44844728e-03  9.93101418e-01 -1.01906024e-01  4.59085852e-02
   1.71511341e-02 -5.35821449e-03  3.04674376e-02]
 [-2.37078946e-02  8.88229907e-02  9.63780642e-01  2.37421736e-01
  -5.55886850e-02 -5.58576994e-02 -9.80888773e-03]
 [ 3.71206775e-02  6.70918897e-02  2.36787453e-01 -9.63888466e-01
   9.34621543e-02 -1.44192167e-02  5.33120940e-03]
 [ 3.03561296e-02  5.96479326e-03 -6.35051429e-02 -7.23541304e-02
  -7.08279967e-01 -6.98380232e-01 -1.94790326e-02]
 [-8.92380811e-03 -1.96798891e-02 -1.76369604e-02  7.19176382e-02
   6.96746588e-01 -7.11798966e-01 -4.40031253e-02]
 [-3.08465678e-02 -3.05823833e-02  8.81465245e-03  6.46812283e-03
   1.46077583e-02 -4.57200073e-02  9.97842669e-01]]",39
10,11,8,0.9,1.3405345678329468,"[[ 0.94621485 -0.259552   -0.04137254  0.05961002 -0.06140532  0.05841089
   0.15754057  0.00660698]
 [ 0.24374734  0.9625199   0.03293464  0.06063018 -0.039016    0.03224995
   0.08100513 -0.01605841]
 [-0.02370084  0.04260866 -0.9913065   0.06978996 -0.02465899 -0.00785686
  -0.08298709  0.05006985]
 [-0.05299374 -0.04291052  0.07775073  0.9860814  -0.04460583 -0.07884075
  -0.09276206 -0.01176006]
 [ 0.05162394  0.01686345 -0.01857262  0.06592284  0.96384174  0.24951924
  -0.0295747   0.01531039]
 [-0.04001565 -0.0151227   0.01936299  0.03662471 -0.24879715  0.93663126
  -0.23590368 -0.04031308]
 [-0.04037734  0.00545628  0.0384077   0.02749388 -0.02860199  0.0742479
   0.17140922  0.97999835]
 [ 0.18973128  0.04459353  0.07921449 -0.09539587  0.02000966 -0.2102852
  -0.93124706  0.18653886]]",39
0,1,6,0.9,0.8879336714744568,"[[ 9.9822724e-01 -4.2714053e-03  2.5719158e-02 -1.6070327e-02
   3.2298185e-02 -3.9512388e-02]
 [ 6.2483633e-03  9.8824769e-01  8.6815869e-03  1.5084641e-01
  -1.4747540e-02 -1.6731687e-02]
 [-2.4593825e-02 -6.8032262e-03  9.9860358e-01 -1.6069131e-02
  -4.3373786e-02  4.9145037e-04]
 [ 1.0270101e-02 -1.5125124e-01  1.6761217e-02  9.8412681e-01
   3.8266111e-02 -8.2259871e-02]
 [-3.7186664e-02  1.9826273e-02  4.1730370e-02 -4.2992994e-02
   9.9371147e-01 -8.4686384e-02]
 [-3.7552059e-02 -5.6514898e-03 -5.6280931e-03 -7.9842530e-02
  -8.9057811e-02 -9.9207866e-01]]",40
1,2,6,0.9,0.8931697010993958,"[[ 9.83473361e-01  1.78522334e-01  1.16238315e-02 -7.31118815e-03
  -2.64472999e-02  4.69950121e-03]
 [-1.73897848e-01  9.68522072e-01 -8.29703882e-02 -1.40107334e-01
   7.09329620e-02 -1.33769214e-02]
 [-3.09360158e-02  1.28642634e-01  9.08532083e-01  3.94088179e-01
   8.77217331e-04 -4.19182852e-02]
 [ 6.37484854e-03 -9.65282694e-02  4.06393558e-01 -9.08034503e-01
   9.89770237e-03 -2.93484647e-02]
 [-3.68306562e-02  6.04956634e-02 -8.47983826e-03 -1.64963342e-02
  -9.86469805e-01 -1.46687105e-01]
 [-1.36271631e-02  2.38422230e-02  4.81927767e-02 -1.45679312e-02
  -1.45078227e-01  9.87756729e-01]]",40
2,3,6,0.9,0.824493408203125,"[[ 0.9976695   0.05490373 -0.00780603 -0.02564737  0.0289581   0.0091512 ]
 [-0.05221403  0.9961386  -0.01408049  0.03507451 -0.05638189 -0.01934429]
 [ 0.00573902  0.01584561  0.9977284  -0.06110601 -0.01753959  0.01457318]
 [ 0.02730923 -0.0317429   0.06201785  0.9968188   0.02341299 -0.0143036 ]
 [ 0.03185941 -0.05464694 -0.0162576   0.02259499 -0.99604326  0.05587194]
 [ 0.01163623 -0.02117781  0.01297153 -0.01482903 -0.05499571 -0.9979997 ]]",40
3,4,6,0.9,0.7983794212341309,"[[ 9.92992818e-01  1.10535234e-01 -8.08891142e-04 -3.20148841e-02
  -1.78626943e-02 -2.00655609e-02]
 [-1.10336244e-01  9.93262351e-01 -2.70908065e-02  1.06408512e-02
  -1.71453282e-02  1.07102264e-02]
 [ 4.61247331e-03  2.52507124e-02  9.81528103e-01  1.88459754e-01
   1.03782183e-02  1.78609584e-02]
 [ 3.32391225e-02 -1.31557891e-02 -1.88390538e-01  9.79335189e-01
  -3.83285806e-02  5.16190939e-02]
 [-1.89471580e-02 -1.73366982e-02  1.85712017e-02 -2.95348205e-02
  -9.93836045e-01 -1.02044828e-01]
 [-1.74972042e-02  1.00311618e-02  5.67711378e-03  5.80943041e-02
   1.00499138e-01 -9.93018627e-01]]",40
4,5,7,0.9,0.9785318374633789,"[[ 9.96080101e-01  6.11209199e-02  1.21568143e-02 -2.44830772e-02
  -4.60646451e-02  1.18799824e-02  3.28374207e-02]
 [-5.95343150e-02  9.92964387e-01 -8.98855329e-02  4.43023257e-02
  -1.40941958e-03  9.19792522e-03  1.86747387e-02]
 [-2.02129502e-02  9.03034434e-02  9.94221389e-01 -3.70424464e-02
  -3.37322727e-02  2.05306076e-02 -5.38887829e-03]
 [ 2.49471292e-02 -3.84153388e-02  4.22429591e-02  9.90346611e-01
  -3.49907838e-02 -1.14919364e-01  3.00035048e-02]
 [ 4.28444184e-02  3.58342426e-03  3.50948088e-02  3.52861620e-02
   9.93270397e-01  4.46504839e-02  8.42322782e-02]
 [ 5.44692902e-03  1.39089050e-02  1.67450048e-02 -1.16983667e-01
   3.70517559e-02 -9.84459937e-01  1.23600960e-01]
 [-3.71992849e-02 -2.11958811e-02  3.48218833e-04 -1.86822265e-02
  -8.69194493e-02  1.22439288e-01  9.87558305e-01]]",40
5,6,7,0.9,0.8375240564346313,"[[ 0.9913341  -0.11998148  0.00911072 -0.03488996  0.00102318 -0.00602153
   0.03903495]
 [ 0.11956695  0.99225307  0.02582393  0.00971858  0.01027833 -0.00766201
   0.01455974]
 [-0.00451807 -0.02630216  0.9810289   0.18727463  0.00785142  0.03509085
  -0.02247922]
 [ 0.03572269 -0.00895298 -0.18792014  0.9812878   0.01442178  0.00250024
  -0.01377884]
 [ 0.00163455  0.0101804   0.0015549   0.01522372 -0.98920614  0.13649084
   0.05000899]
 [ 0.00616309  0.00632673 -0.03396136 -0.0110636   0.13693963  0.98984456
   0.01006962]
 [-0.04029222 -0.01107883  0.01904397  0.01834752  0.04839783 -0.01566271
   0.9974802 ]]",40
6,7,7,0.9,0.8562970757484436,"[[ 9.9770552e-01 -5.0342109e-02 -2.3906514e-02  2.6829204e-02
  -2.4374116e-03  2.7414165e-02 -8.2375552e-04]
 [ 4.7627233e-02  9.9564779e-01 -6.0191847e-02  4.0017255e-02
   3.3880636e-02  6.3189375e-03 -2.1814173e-03]
 [ 3.2461289e-02  6.6656865e-02  9.7294354e-01 -2.1801010e-01
  -1.8465647e-02  1.2960572e-03  3.6159216e-03]
 [ 2.2396775e-02  2.4000483e-02 -2.2029112e-01 -9.7455323e-01
   2.4243170e-02 -7.2356439e-03 -3.9611565e-04]
 [ 2.9889094e-03 -3.2809556e-02  2.5487313e-02  1.8851429e-02
   9.9540603e-01 -7.7716157e-02 -3.2196242e-02]
 [-2.7406523e-02 -7.4160942e-03  2.2825938e-04 -6.3372799e-03
   7.6929502e-02  9.9629861e-01 -2.4992993e-02]
 [ 2.2872040e-04  6.5782410e-04 -2.9325129e-03  9.6100819e-04
   3.4147985e-02  2.2445973e-02  9.9915969e-01]]",40
7,8,7,0.9,0.932207465171814,"[[ 9.96459842e-01  6.22748062e-02 -2.19529513e-02  3.82051244e-02
   8.36348813e-03  9.06675030e-03 -3.31048518e-02]
 [-6.44496828e-02  9.96296585e-01  1.36426324e-02  5.35693467e-02
   6.87645143e-03 -1.26394513e-03 -1.16046956e-02]
 [ 2.69056503e-02 -5.87110361e-03  9.92905021e-01 -1.11751884e-01
   7.88447261e-03 -2.82562152e-02  5.67454519e-03]
 [-3.20578925e-02 -5.68491705e-02  1.12777866e-01  9.90548432e-01
   2.17442010e-02  3.50502580e-02  1.15747973e-02]
 [-9.31496266e-03 -6.72573829e-03 -8.93281493e-03 -2.21963897e-02
   9.97737825e-01  3.45412418e-02 -5.12017757e-02]
 [-7.86011515e-04  5.33396192e-03  2.27251574e-02 -3.86678539e-02
  -2.48796009e-02  9.80628014e-01  1.88968316e-01]
 [ 3.27876210e-02  1.32277133e-02 -1.25108585e-02 -2.83117057e-03
   5.69911972e-02 -1.87256202e-01  9.79934990e-01]]",40
8,9,8,0.9,0.979900062084198,"[[ 9.9936783e-01  1.2608140e-03 -1.5655601e-02  1.8459355e-03
   2.0025142e-02  2.0718170e-02 -3.0888058e-03 -1.3201106e-02]
 [-2.8828091e-03  9.9752980e-01 -1.2163519e-02  5.3836338e-02
   3.0341560e-02  2.1398153e-02  3.2156541e-03 -2.2155723e-02]
 [ 1.6717836e-02  2.4967114e-02  9.7427189e-01 -2.1971203e-01
  -1.3765520e-02 -3.2691088e-02  1.8186996e-02  5.3926124e-03]
 [-4.4430216e-04 -5.2311406e-02  2.2309950e-01  9.7044080e-01
   3.6691871e-02  6.5322578e-02 -8.1320452e-03 -7.4324971e-03]
 [-3.8253474e-03 -1.2398166e-02 -6.1480780e-03  1.0534553e-02
   8.0349940e-01 -5.9481639e-01  1.6274365e-02 -4.8743558e-04]
 [-2.8412674e-02 -3.1188661e-02  1.8354703e-02 -8.2487054e-02
   5.9257382e-01  7.9921728e-01 -1.6801158e-02 -3.0078217e-02]
 [ 1.5640885e-03 -5.7629277e-03 -1.5245726e-02  9.6732127e-03
  -3.8919314e-03  2.2523597e-02  9.9733520e-01 -6.6621020e-02]
 [ 1.2320779e-02  2.0328131e-02 -4.5523439e-03  7.8070811e-03
   1.9298367e-02  2.6740612e-02  6.6019461e-02  9.9694902e-01]]",40
9,10,9,0.9,1.2637405395507812,"[[ 9.9647087e-01  5.2981912e-03 -5.0070938e-03  1.2727569e-02
  -3.6870427e-02  2.3224151e-02  3.7759755e-02 -4.2971883e-02
   4.0737495e-02]
 [-6.3085817e-03  9.9597257e-01 -8.0152676e-02 -2.0619661e-02
  -2.9521678e-03  1.9663787e-03  3.2143742e-02  1.0048306e-02
  -1.6183718e-03]
 [ 3.9468189e-03  7.6485157e-02  9.8506802e-01 -1.2576585e-01
  -6.5539874e-02 -5.8149114e-02  7.0893713e-03 -7.4855327e-03
   1.3243688e-02]
 [-1.1575424e-02  3.1990994e-02  1.3048574e-01  9.8226762e-01
   1.1232392e-01  1.4653472e-02 -1.1003904e-02 -5.0056431e-02
   3.8838316e-02]
 [ 4.1036908e-02  4.0847315e-03  2.7847750e-02 -1.0849909e-01
   9.3593258e-01 -3.2716078e-01 -3.7193552e-03 -2.1010552e-02
   4.7879167e-02]
 [-6.6640447e-03  1.9251839e-03  7.0374556e-02 -5.6274567e-02
   3.2364091e-01  9.3874550e-01  3.8880140e-02  2.8312046e-02
  -5.9436355e-02]
 [-3.5191167e-02 -3.2650996e-02 -4.7480622e-03  1.5633566e-02
  -4.9031023e-03 -4.0675834e-02  9.9736130e-01  2.0524608e-02
  -2.4474870e-02]
 [ 3.4045830e-02 -7.1285786e-03  9.6885385e-03  3.9650422e-02
   8.0520781e-03 -1.6003851e-02 -1.4992425e-02  9.7475666e-01
   2.1547122e-01]
 [-5.2254271e-02 -2.0963624e-04 -1.7904202e-02 -4.4618502e-02
  -3.0291349e-02  7.5317666e-02  2.9827211e-02 -2.0898813e-01
   9.7149473e-01]]",40
10,11,10,0.9,1.6080386638641357,"[[ 9.35567856e-01 -2.64195114e-01  3.85162830e-02  9.81008410e-02
  -4.52067032e-02  1.76577315e-01  6.73054606e-02 -1.89150274e-02
  -7.20179975e-02 -2.25580931e-02]
 [ 2.39438131e-01  9.57047939e-01  7.80353397e-02 -1.71442106e-02
   2.59892945e-03  1.21770136e-01  6.80286586e-02 -1.25916814e-02
  -1.04489848e-02 -2.47927252e-02]
 [ 4.81606014e-02  5.51292747e-02 -9.89054441e-01 -8.59301165e-02
  -1.35875493e-02  8.52738321e-02  2.27135364e-02  3.15125585e-02
   7.96806160e-03 -6.08572882e-05]
 [-2.52563246e-02  5.09443060e-02 -9.05141979e-02  8.98760438e-01
   3.69537830e-01 -1.13127090e-01 -1.14856943e-01  9.60488617e-02
   4.51584309e-02 -8.36118311e-02]
 [ 3.99143472e-02 -3.50774191e-02  1.95674933e-02 -3.35689843e-01
   9.19670880e-01  7.74125010e-02  4.48210910e-02 -1.14048526e-01
  -1.26520947e-01  3.59876491e-02]
 [-1.71980876e-02  9.68088210e-03  1.70125905e-02 -4.46383730e-02
  -2.35248599e-02  4.22043681e-01 -8.98731470e-01 -6.49012551e-02
  -7.12416172e-02 -4.06008326e-02]
 [ 1.65718105e-02  1.30279101e-02  2.82280110e-02 -8.71420652e-02
   2.56938823e-02 -5.24023660e-02 -5.83212748e-02  8.98104668e-01
  -4.06344593e-01  1.12470791e-01]
 [ 1.82604045e-01  2.77494695e-02  4.48685512e-03 -1.66466817e-01
   1.09485328e-01 -3.31842571e-01 -2.45841250e-01  2.79631764e-01
   8.00433874e-01  1.91628829e-01]
 [ 1.51689261e-01  5.69928586e-02 -5.17866574e-02 -1.42443106e-01
  -1.63701493e-02 -7.18987465e-01 -2.78481126e-01 -1.36940911e-01
  -2.77282864e-01 -5.10263562e-01]
 [-7.68597499e-02 -5.57976775e-02  4.28298153e-02 -6.82110563e-02
   4.40871082e-02  3.46411675e-01  1.61294132e-01  2.61739075e-01
   2.98030943e-01 -8.24136972e-01]]",40
0,1,6,0.9,0.8982270956039429,"[[ 0.9979175  -0.02099181  0.02610901 -0.01762335 -0.03319125 -0.04032406]
 [ 0.02370526  0.9855369  -0.01607307  0.16541146  0.01256073 -0.01944189]
 [-0.02374093  0.00370691  0.9962408   0.07454758  0.03635535 -0.00691632]
 [ 0.01160062 -0.1670839  -0.07195541  0.9797528  -0.02747106 -0.07810611]
 [ 0.03793023 -0.01723963 -0.03683132  0.02919252  0.9936699   0.09314223]
 [-0.03823298 -0.00695406 -0.00548741 -0.07748117  0.09635521 -0.9915503 ]]",41
1,2,6,0.9,0.9122234582901001,"[[ 0.9843518   0.17442393  0.00953625 -0.0037318  -0.01930089  0.01225988]
 [-0.16921213  0.9664941  -0.10561783 -0.13990495  0.08076237  0.00232516]
 [-0.03298031  0.15015934  0.9020987   0.39887112  0.00630728 -0.05868887]
 [ 0.0083079  -0.08562879  0.413496   -0.906005    0.01410681 -0.0239918 ]
 [ 0.03021515 -0.07328152  0.00758793  0.02160989  0.9828936   0.16465858]
 [-0.01868061  0.01467037  0.06273209 -0.00153884 -0.16366512  0.9842316 ]]",41
2,3,6,0.9,0.8446665406227112,"[[ 9.9756408e-01  5.4125424e-02 -1.4412147e-02 -2.4131002e-02
  -3.1239705e-02 -1.3051691e-02]
 [-5.0539151e-02  9.9467003e-01 -1.6544608e-02  5.6975115e-02
   6.3075349e-02  2.4060789e-02]
 [ 1.0495995e-02  2.3171509e-02  9.9359161e-01 -1.0764138e-01
   9.0380823e-03 -2.1452870e-02]
 [ 2.7445965e-02 -5.1741339e-02  1.0864822e-01  9.9191165e-01
  -2.9603355e-02  1.3090056e-04]
 [ 3.4563437e-02 -6.2010966e-02 -6.0429205e-03  2.6208917e-02
   9.9624026e-01 -4.1735779e-02]
 [ 1.5923539e-02 -2.5347766e-02  2.1290345e-02 -3.0355160e-03
   3.9910201e-02  9.9852324e-01]]",41
3,4,6,0.9,0.8318604230880737,"[[ 0.993464    0.09912797 -0.01904557 -0.04731614 -0.01737001 -0.01731479]
 [-0.09949922  0.99453145 -0.02448251  0.00818687 -0.01722002  0.00664469]
 [ 0.03302061  0.02346643  0.9329377   0.3572633   0.01308844  0.01333852]
 [ 0.03892145 -0.01348456 -0.35774758  0.931291   -0.03643655  0.04110238]
 [ 0.01831525  0.01738152 -0.02558632  0.02315448  0.991821    0.12026142]
 [ 0.01373491 -0.00679795  0.00521385 -0.0470962  -0.11913849  0.99162793]]",41
4,5,7,0.9,0.907257616519928,"[[ 0.9948581   0.06269427  0.01077482 -0.0304422  -0.05632246  0.01994655
   0.04140019]
 [-0.06163614  0.99336326 -0.08751047  0.0345037   0.00103725  0.00679909
   0.02311904]
 [-0.01894445  0.08798944  0.9939626  -0.04331012 -0.02028787  0.03796771
  -0.01443505]
 [ 0.03106507 -0.02761156  0.04867062  0.9934934  -0.04150374 -0.0845303
  -0.00256183]
 [ 0.05351376  0.00115651  0.02499627  0.03700085  0.9928676  -0.02179074
   0.0942352 ]
 [ 0.01155981  0.0118418   0.03379764 -0.08706716 -0.02694945 -0.9924483
   0.07296065]
 [-0.04622939 -0.02554853  0.01132297  0.00529257 -0.09044512  0.07443461
   0.9916315 ]]",41
5,6,7,0.9,0.8702816963195801,"[[ 0.9890343  -0.13823143  0.01450964 -0.02869786 -0.01052435 -0.01430985
   0.0367913 ]
 [ 0.13770889  0.9884054   0.0410059   0.0389604  -0.00716666 -0.02539565
   0.01397497]
 [-0.01554304 -0.04075863  0.99301594  0.09065716  0.00902605  0.05064441
  -0.03393392]
 [ 0.02578053 -0.03843758 -0.09310774  0.9941226  -0.01311491  0.00799923
  -0.02594444]
 [ 0.0124646   0.00888359 -0.01565125  0.01176869  0.98514855  0.15982492
   0.05762299]
 [ 0.01513286  0.0240225  -0.04538626 -0.01305627 -0.16236503  0.98479986
   0.02775575]
 [-0.03945673 -0.01233234  0.03245739  0.029173   -0.0520017  -0.03386258
   0.9962608 ]]",41
6,7,7,0.9,0.8791205883026123,"[[ 9.9755752e-01 -5.2068707e-02 -3.0455843e-02 -3.0343132e-02
  -3.9488436e-03  1.7433451e-02  4.1150968e-04]
 [ 4.9098875e-02  9.9533290e-01 -6.8925560e-02 -3.2281656e-02
   3.2530241e-02 -6.0268100e-03  3.7898398e-03]
 [ 4.1035756e-02  7.3416352e-02  9.5913506e-01  2.6968274e-01
  -5.9289276e-03  1.4751923e-02  2.1089027e-03]
 [ 2.1380277e-02  9.7748926e-03 -2.7168882e-01  9.6068883e-01
   4.9668059e-02  1.4630950e-02 -5.3435178e-03]
 [-3.2340642e-03  3.2943107e-02 -2.2283981e-02  4.3522786e-02
  -9.9326813e-01  9.4539367e-02  3.1532072e-02]
 [-1.7768834e-02  2.7309954e-03 -7.9073245e-03 -2.2012878e-02
   9.2939906e-02  9.9464065e-01 -3.4378551e-02]
 [-1.0789323e-03 -4.8034834e-03 -2.7730353e-03  2.5732841e-03
   3.4709796e-02  3.1310860e-02  9.9888760e-01]]",41
7,8,7,0.9,0.9588146209716797,"[[ 9.98132586e-01 -9.23500583e-03 -3.13738957e-02  4.03748043e-02
   1.45573430e-02 -2.77372240e-03 -2.84960531e-02]
 [ 7.25182053e-03  9.97778296e-01  2.41782609e-02  5.45257032e-02
   2.17636225e-05 -2.36477312e-02 -1.64028164e-02]
 [ 3.67963426e-02 -1.58270355e-02  9.87982750e-01 -1.48524344e-01
   9.81408916e-03  1.13908928e-02 -2.97970575e-04]
 [ 3.60622704e-02  5.72893545e-02 -1.48456529e-01 -9.86152947e-01
  -2.87676193e-02  5.74843772e-03 -4.45342110e-03]
 [-1.45242484e-02  3.83370556e-03 -1.44598810e-02 -2.63264794e-02
   9.93141532e-01  1.06582366e-01 -3.43873687e-02]
 [ 8.19296669e-03  2.54076142e-02 -8.53094459e-03  1.09850690e-02
  -9.97636989e-02  9.82062817e-01  1.57142133e-01]
 [ 2.73173992e-02  1.26648694e-02 -2.11997249e-05 -5.09176729e-03
   5.08085899e-02 -1.53176561e-01  9.86419141e-01]]",41
8,9,7,0.9,0.925787627696991,"[[ 9.98918951e-01 -1.60973184e-02 -2.60147080e-03  3.79219800e-02
   3.63376515e-04  1.95929445e-02 -8.53823218e-03]
 [ 1.46031007e-02  9.98646617e-01 -1.93039495e-02  4.28949967e-02
  -1.01583768e-02 -1.19478023e-02 -5.75380027e-03]
 [ 9.56455152e-03  2.67935339e-02  9.83811557e-01 -1.74803674e-01
   2.22096611e-02  8.75807088e-03  1.33892065e-02]
 [-3.77922580e-02 -3.86628881e-02  1.77074373e-01  9.80999947e-01
  -5.33378087e-02  1.25553282e-02 -1.89272705e-02]
 [-6.82670972e-04  6.47101039e-03 -1.17782298e-02  5.77892214e-02
   9.94457543e-01 -8.56739283e-02  1.39149735e-02]
 [-1.91671383e-02  1.30914971e-02 -1.20465737e-02 -6.15483290e-03
   8.59420151e-02  9.95936394e-01 -1.71680120e-03]
 [ 7.74952909e-03  4.45235614e-03 -9.81512107e-03  2.06726957e-02
  -1.50588537e-02  3.12220608e-03  9.99579906e-01]]",41
9,10,8,0.9,1.1181010007858276,"[[ 9.97762918e-01  3.06529608e-02 -2.01815367e-03 -3.60540375e-02
   3.32774520e-02  1.29411295e-02  2.94856187e-02 -9.01259575e-03]
 [-3.27014215e-02  9.94556129e-01  8.55540037e-02 -2.65186690e-02
   2.33335514e-02 -2.19406182e-04  2.67262626e-02  2.25179326e-02]
 [-1.03481170e-02  7.82326460e-02 -9.69980180e-01 -2.17969462e-01
  -2.77725291e-02 -6.74368665e-02 -5.35336789e-03 -7.25674583e-03]
 [ 2.93184500e-02  4.44814712e-02 -2.16853678e-01  9.66912866e-01
   1.08530216e-01  3.40889557e-03 -1.23517504e-02 -5.72080798e-02]
 [ 3.12090870e-02  1.06612286e-02  5.87726273e-02  7.10475370e-02
  -5.10344386e-01 -8.53827000e-01 -2.87700258e-02 -1.05244406e-02]
 [ 2.26896852e-02  2.36395225e-02 -2.97717806e-02  8.74599814e-02
  -8.50768447e-01  5.12681901e-01  5.55324703e-02  2.56385002e-02]
 [-2.78924294e-02 -2.88360436e-02 -8.08357541e-03  1.32178357e-02
   3.36474068e-02 -5.52511029e-02  9.94982898e-01  6.30443916e-02]
 [ 1.28920702e-02 -1.77596137e-02 -1.95828360e-02  5.19029088e-02
   2.01893803e-02 -1.89019423e-02 -6.58216923e-02  9.95662391e-01]]",41
10,11,8,0.9,1.3474290370941162,"[[ 0.94678384 -0.2543261  -0.03064989  0.05219761 -0.01477005  0.06930718
  -0.16751537  0.04659898]
 [ 0.23356447  0.9632957   0.02085529  0.06228385 -0.01061364  0.04050406
  -0.10657034  0.00918719]
 [ 0.01278325 -0.03097104  0.99315387 -0.04137161  0.04462429  0.01191046
  -0.08496675 -0.03819337]
 [ 0.04725564  0.04349476 -0.05061329 -0.9875287   0.08943003  0.06739317
  -0.0719328   0.01966816]
 [ 0.03811386  0.01264581 -0.027101    0.08400545  0.9811976   0.04305561
   0.16100329  0.00845164]
 [-0.02872157 -0.00895839  0.01270073  0.03629118 -0.08394454  0.9617973
   0.24833642 -0.06200594]
 [-0.01517096  0.01090624  0.05445434  0.00189531 -0.0353974   0.01496811
   0.17103836  0.982828  ]
 [ 0.21010387  0.06457236  0.07647473 -0.08996824 -0.13649803 -0.24847606
   0.9117788  -0.16134281]]",41
0,1,6,0.9,0.8922783136367798,"[[ 9.9828756e-01 -1.0652528e-02  2.7492685e-02 -1.3912439e-02
   3.0555729e-02 -3.7755050e-02]
 [ 1.2675443e-02  9.8756963e-01 -8.3910944e-03  1.5444814e-01
  -1.5783135e-02 -1.9283617e-02]
 [-2.5831901e-02  4.4694473e-03  9.9864256e-01  2.4376040e-02
  -3.7678536e-02  3.4349361e-03]
 [ 8.9581516e-03 -1.5535262e-01 -2.1903705e-02  9.8417783e-01
   2.4479358e-02 -7.8104205e-02]
 [ 3.5898991e-02 -1.9020554e-02 -3.7508544e-02  2.9539788e-02
  -9.9150807e-01  1.1393737e-01]
 [-3.5000503e-02 -8.7517221e-03 -8.8110191e-06 -7.6677233e-02
  -1.1708991e-01 -9.8949939e-01]]",42
1,2,6,0.9,0.8987628817558289,"[[ 0.9829715   0.18123311  0.00994024 -0.00569592 -0.02743361  0.00614685]
 [-0.17571718  0.9657001  -0.09785227 -0.14531459  0.07558368 -0.01193573]
 [-0.033474    0.14788063  0.8897859   0.42831337  0.00140042 -0.04286528]
 [ 0.00770432 -0.08986775  0.44258246 -0.89129466  0.02010393 -0.03427545]
 [-0.03851204  0.06397568 -0.00503113 -0.02594617 -0.98623693 -0.14512816]
 [-0.01508354  0.02323923  0.05198575 -0.01787277 -0.14305644  0.98779815]]",42
2,3,6,0.9,0.8264679908752441,"[[ 0.9971679   0.0630514  -0.00607816 -0.02557932 -0.03030174  0.00844091]
 [-0.06005857  0.9953064  -0.01784546  0.04060843  0.05924061 -0.01677296]
 [ 0.00313178  0.02056736  0.9966348  -0.07553769  0.01496736  0.01887273]
 [ 0.02804514 -0.03697077  0.07670698  0.9956982  -0.01494434 -0.018008  ]
 [ 0.03344154 -0.05672655 -0.01424169  0.01437096  0.9946447   0.07704783]
 [ 0.0115955  -0.01954697  0.01663668 -0.019213    0.07620341 -0.9965092 ]]",42
3,4,6,0.9,0.796204686164856,"[[ 0.9935362   0.10482223 -0.00793454 -0.03263193 -0.01722828 -0.02176197]
 [-0.10477509  0.994026   -0.02089919  0.01024951 -0.01698483  0.01020918]
 [ 0.0123932   0.02021484  0.9843532   0.17017996  0.01870375  0.0342859 ]
 [ 0.03294473 -0.01151589 -0.17156008  0.98175514 -0.03400698  0.06595088]
 [ 0.018135    0.01708406 -0.02683883  0.02269112  0.9941591   0.09895261]
 [-0.01844601  0.00956744  0.0198972   0.07423481  0.09775462 -0.99202096]]",42
4,5,7,0.9,0.924267053604126,"[[ 9.96449172e-01  5.02682552e-02  1.58037338e-02 -2.64509469e-02
  -4.84232455e-02  1.01599060e-02  3.41276042e-02]
 [-4.80441153e-02  9.92718875e-01 -9.47509557e-02  5.17482944e-02
  -5.42612514e-04  1.13933487e-02  2.03782860e-02]
 [-2.27014460e-02  9.50847492e-02  9.94262695e-01 -2.51577534e-02
  -3.22739556e-02  1.28490105e-02 -6.76181586e-03]
 [ 2.73142513e-02 -4.65066992e-02  3.08598652e-02  9.90998745e-01
  -2.74076127e-02 -1.13665298e-01  1.97307169e-02]
 [ 4.50433120e-02  2.27077794e-03  3.38393860e-02  2.81724483e-02
   9.93540406e-01  3.99756134e-02  8.54784995e-02]
 [ 4.40584589e-03  1.65009890e-02  1.01701394e-02 -1.13963552e-01
   3.40958871e-02 -9.87996876e-01  9.65239555e-02]
 [-3.83544080e-02 -2.23812908e-02  3.66575597e-03 -1.13896253e-02
  -8.70462731e-02  9.45846066e-02  9.90636945e-01]]",42
5,6,7,0.9,0.8457271456718445,"[[ 9.9163020e-01 -1.1835342e-01  7.0117698e-03 -3.0330792e-02
   2.8496856e-04 -1.0115492e-02  3.9880354e-02]
 [ 1.1802684e-01  9.9232656e-01  2.8092710e-02  1.4976969e-02
   6.7651067e-03 -1.0072596e-02  1.4035207e-02]
 [-2.0550340e-03 -3.0246967e-02  9.7001362e-01  2.3851345e-01
   2.1420561e-03  2.9023999e-02 -2.0467153e-02]
 [ 3.0640017e-02 -1.1355999e-02 -2.3921844e-01  9.7024536e-01
   9.3597546e-03  3.0933323e-04 -1.5583733e-02]
 [ 1.0817179e-03  7.3838788e-03 -3.3237580e-03  9.4740251e-03
  -9.8790157e-01  1.4719439e-01  4.7200520e-02]
 [ 1.0176849e-02  8.4215049e-03 -2.7140800e-02 -8.3391946e-03
   1.4828582e-01  9.8824668e-01  1.9979306e-02]
 [-4.1126572e-02 -1.0547134e-02  1.6191831e-02  2.0773323e-02
   4.3861650e-02 -2.5613537e-02  9.9745864e-01]]",42
6,7,7,0.9,0.8639776706695557,"[[ 9.9766636e-01 -4.7873594e-02 -2.5799086e-02  2.9383000e-02
   3.6825384e-03  2.8586745e-02 -3.2014463e-03]
 [ 4.4836182e-02  9.9597412e-01 -5.6232911e-02  3.9662343e-02
   3.5212852e-02  7.0064925e-03 -1.0040378e-03]
 [ 3.5790525e-02  6.3994229e-02  9.6259296e-01 -2.5945497e-01
  -2.5473174e-02 -2.2969861e-03  8.2165496e-03]
 [ 2.2960663e-02  2.1753071e-02 -2.6153567e-01 -9.6422017e-01
   2.6541596e-02 -1.3084504e-02  1.5701066e-03]
 [-2.3728176e-03 -3.3256944e-02  3.3629339e-02  1.8650169e-02
   9.9407160e-01 -9.2621088e-02 -2.5547257e-02]
 [-2.8825192e-02 -8.2950825e-03  3.0873548e-03 -1.2687010e-02
   9.2310391e-02  9.9516243e-01 -7.7661099e-03]
 [ 2.6254025e-03 -6.2748574e-04 -6.7571728e-03  4.1592447e-03
   2.6337903e-02  5.5025062e-03  9.9960279e-01]]",42
7,8,7,0.9,0.9449774026870728,"[[ 9.93708789e-01  9.52659249e-02 -2.24616341e-02  3.78626697e-02
   1.33436257e-02  9.52357799e-03 -3.55007537e-02]
 [-9.71991867e-02  9.93972123e-01  1.81363709e-02  4.43754606e-02
   8.21057893e-03  4.40077623e-04 -1.43509200e-02]
 [ 2.74840295e-02 -1.14812637e-02  9.95192409e-01 -8.70775953e-02
   8.19191057e-03 -3.06290947e-02  1.08266752e-02]
 [-3.14385369e-02 -4.91083376e-02  8.78880695e-02  9.93455648e-01
   2.70815063e-02  3.26340459e-02  1.10936547e-02]
 [-1.31051345e-02 -8.73587467e-03 -1.01865325e-02 -2.63475720e-02
   9.98623788e-01 -1.14880297e-02 -3.96570526e-02]
 [-1.68501702e-03  2.98497989e-03  2.50556823e-02 -3.68650854e-02
   1.75886974e-02  9.83209431e-01  1.76043764e-01]
 [ 3.43035869e-02  1.77503843e-02 -1.74024254e-02 -2.69899331e-03
   3.73541713e-02 -1.76276326e-01  9.82715309e-01]]",42
8,9,8,0.9,0.9821550250053406,"[[ 9.98886049e-01  3.24849635e-02 -1.28625548e-02  5.62172662e-03
   2.32815575e-02  1.88928396e-02 -1.06703129e-03 -8.60811304e-03]
 [-3.44991237e-02  9.96311605e-01 -2.30558384e-02  5.76872528e-02
   3.90450880e-02  2.18716580e-02 -8.33310303e-04 -1.76070947e-02]
 [ 1.38885910e-02  3.60350497e-02  9.80305135e-01 -1.87546805e-01
  -2.56370082e-02 -3.43931727e-02  1.78823806e-02  1.32926432e-02]
 [-4.00596578e-03 -5.61570600e-02  1.93082675e-01  9.74919021e-01
   5.71676977e-02  7.49262199e-02 -1.16121043e-02 -8.09015147e-03]
 [-7.68205477e-03 -1.96129885e-02  9.37121513e-04 -5.54099493e-03
   8.21575224e-01 -5.69362819e-01  1.91012453e-02 -4.10921668e-04]
 [-2.68431269e-02 -3.49455103e-02  2.61860508e-02 -1.03750646e-01
   5.64456344e-01  8.16145003e-01 -2.95803193e-02 -3.20906714e-02]
 [-3.27847636e-04 -2.05337931e-03 -1.38666406e-02  1.12563865e-02
   9.48878762e-04  3.48143093e-02  9.97283697e-01 -6.23616502e-02]
 [ 6.90821558e-03  1.56744216e-02 -1.20428968e-02  8.83912388e-03
   2.02579387e-02  2.98216417e-02  6.10649064e-02  9.97223556e-01]]",42
9,10,9,0.9,1.2535557746887207,"[[ 0.9965744   0.0296021   0.00722737  0.02227826 -0.0386477   0.02126253
   0.02751244 -0.03822524 -0.03536667]
 [-0.02888092  0.9947215  -0.09058    -0.01373194 -0.0101328   0.00455251
   0.02854586  0.01146243  0.0152372 ]
 [-0.00998556  0.08773075  0.9844143  -0.1133723  -0.07888059 -0.05981518
  -0.00228409 -0.00930849 -0.01966996]
 [-0.0203174   0.02606662  0.12105564  0.98287237  0.12525445  0.01220585
  -0.01288934 -0.04683344  0.0042338 ]
 [ 0.04230135  0.01603995  0.041386   -0.12228845  0.944302   -0.2909728
  -0.01985496 -0.01954311 -0.06432968]
 [-0.00682401  0.00243613  0.07529369 -0.05673713  0.287319    0.950893
   0.0342665   0.0197744   0.05238545]
 [-0.0243297  -0.02876609  0.00503749  0.01357475  0.01229323 -0.03992108
   0.9974999   0.03996969 -0.00472752]
 [ 0.03216937 -0.00470763  0.01175482  0.04539115  0.00851895 -0.00987974
  -0.04070647  0.9820234  -0.17477793]
 [ 0.04505651 -0.01280348  0.02171442 -0.00233764  0.04483885 -0.0724313
  -0.00502333  0.1714263   0.98013264]]",42
10,11,10,0.9,1.5915124416351318,"[[ 9.2611206e-01 -3.0923092e-01 -3.1072702e-02  5.0194625e-02
  -4.2187467e-02  1.7422703e-01  5.0380796e-02 -1.6571712e-02
  -8.7041058e-02 -2.6153471e-02]
 [ 2.8065377e-01  9.4068664e-01 -9.5423780e-02 -4.1293148e-02
   4.1334261e-03  1.4118312e-01  6.6188097e-02 -4.0934482e-03
  -1.6891552e-02 -2.9974960e-02]
 [ 4.2156938e-02  7.1977355e-02  9.9065608e-01 -4.3821648e-02
  -2.5881067e-02  9.0665877e-02  1.2501014e-02  2.3917532e-02
   9.8849647e-03  2.4379375e-03]
 [-2.4568341e-03  5.6084577e-02  4.7670681e-02  9.4302309e-01
   2.9203928e-01 -3.5371177e-02 -8.5780479e-02  7.1695536e-02
   4.5234751e-02 -6.4811997e-02]
 [ 2.5158944e-02 -3.3033263e-02  1.2140187e-02 -2.7014604e-01
   9.4632757e-01  5.6884285e-02  2.4074007e-02 -1.1059796e-01
  -1.0186209e-01  5.6484319e-02]
 [-2.1214474e-02  1.1036680e-02 -2.0539537e-02 -5.0484713e-02
  -3.0142423e-02  3.5768387e-01 -9.2182469e-01 -1.1689575e-01
  -6.0827799e-02 -2.2042215e-02]
 [ 1.7449435e-02  1.4382347e-02 -1.0902340e-02 -7.0377223e-02
   4.4212751e-02 -9.9438779e-02 -1.2567624e-01  8.9245212e-01
  -3.9801982e-01  1.0903640e-01]
 [ 1.8772589e-01  3.0447055e-02  8.7437332e-03 -1.1653592e-01
   1.0004591e-01 -3.6335319e-01 -2.3185521e-01  2.5629094e-01
   8.1791824e-01  1.4038514e-01]
 [-1.5822241e-01 -9.0531938e-02 -7.4106731e-02  1.8516514e-02
   2.3365421e-02  8.1610399e-01  2.5607675e-01  2.9237458e-01
   3.7537786e-01  4.8954129e-02]
 [ 1.0196007e-02  2.4812756e-02 -5.6018378e-04  1.0078883e-01
  -5.7375986e-02  3.3584218e-02  9.9679912e-03 -1.4304216e-01
  -8.7178871e-02  9.7802931e-01]]",42
0,1,6,0.9,0.8918348550796509,"[[ 0.99833107 -0.01031943  0.02324565 -0.01679796  0.02826392 -0.04009071]
 [ 0.01235684  0.9866937   0.00191679  0.16068661 -0.00951802 -0.01919591]
 [-0.02276754  0.00396127  0.99843943 -0.03643514 -0.03543584  0.00123316]
 [ 0.00970558 -0.16141357  0.03798942  0.98206955  0.03346923 -0.0826282 ]
 [ 0.03360346 -0.01460052 -0.03302616  0.04115883 -0.99245054  0.10447414]
 [-0.03795642 -0.0067771  -0.00639018 -0.08009627 -0.10852031 -0.9900912 ]]",43
1,2,6,0.9,0.9013941287994385,"[[ 0.98412186  0.17487243  0.01089261 -0.00966068 -0.02537822  0.00822924]
 [-0.1708021   0.96934956 -0.07522286 -0.1410227   0.07460216 -0.00876632]
 [-0.02758938  0.12382998  0.9037385   0.40648338  0.0023251  -0.04390306]
 [ 0.00483815 -0.09950423  0.4184544  -0.9022939   0.01759851 -0.02296526]
 [-0.03572924  0.06427076 -0.00388685 -0.02437162 -0.98500687 -0.15409438]
 [-0.01641944  0.02038397  0.048583   -0.00789246 -0.15243623  0.9867399 ]]",43
2,3,6,0.9,0.8305878043174744,"[[ 0.9978367   0.05364057 -0.00117655 -0.02109096 -0.03037817 -0.00868992]
 [-0.05081477  0.99596846 -0.01628206  0.04054032  0.05692169  0.01777091]
 [-0.00157514  0.0195017   0.99465674 -0.09763779  0.01784819 -0.02058026]
 [ 0.0228512  -0.03718549  0.0988829   0.9939384  -0.01327839  0.01508241]
 [ 0.03277726 -0.05456444 -0.01706323  0.01340239  0.9945259  -0.07997398]
 [ 0.01186261 -0.02071185  0.01796034 -0.01689523  0.07912306  0.99627393]]",43
3,4,6,0.9,0.814998209476471,"[[ 0.99326056  0.10931343 -0.00413542 -0.02761749 -0.01561523 -0.0214578 ]
 [-0.10904662  0.99323237 -0.03033208  0.01365294 -0.01769727  0.01336141]
 [ 0.00604866  0.02871143  0.98711777  0.15434545  0.01906114  0.02348922]
 [ 0.02926647 -0.01630628 -0.15452328  0.9854861  -0.02932088  0.05438373]
 [ 0.01637873  0.01710293 -0.02530117  0.01981731  0.9940587   0.10126047]
 [ 0.01951908 -0.01253542 -0.01199116 -0.06043842 -0.10033572  0.99277294]]",43
4,5,7,0.9,0.9041315317153931,"[[ 9.96127665e-01  5.84529825e-02  1.52623681e-02 -1.84005927e-02
  -4.64588106e-02  1.42726945e-02  3.71395312e-02]
 [-5.70481196e-02  9.92720306e-01 -8.75624269e-02  5.44254445e-02
  -3.36419302e-03  1.04738381e-02  2.23970599e-02]
 [-2.27200687e-02  8.89607966e-02  9.93746161e-01 -5.19133061e-02
  -2.46815309e-02  2.64725648e-02 -5.77832479e-03]
 [ 1.98073685e-02 -4.71396297e-02  5.86132109e-02  9.90015805e-01
  -3.33885141e-02 -1.12202920e-01  1.06982971e-02]
 [ 4.28696126e-02  4.55165654e-03  2.73791756e-02  3.02484613e-02
   9.94128704e-01 -3.45700479e-04  9.04704705e-02]
 [ 7.31062470e-03  1.68449711e-02  1.94341466e-02 -1.13748565e-01
  -5.65613061e-03 -9.89384770e-01  8.62100944e-02]
 [-4.09326255e-02 -2.54763514e-02  2.37809122e-03 -4.39632079e-03
  -8.82181153e-02  8.66831616e-02  9.91137743e-01]]",43
5,6,7,0.9,0.8487118482589722,"[[ 9.90788221e-01 -1.24792598e-01  3.67731857e-03 -2.90793683e-02
  -4.72041219e-03 -1.15255192e-02  4.18473408e-02]
 [ 1.24405079e-01  9.91513014e-01  2.69722678e-02  1.28861666e-02
   9.60896816e-03 -1.46798184e-02  1.49615733e-02]
 [-4.55062167e-04 -2.82749422e-02  9.80531335e-01  1.90164864e-01
  -1.49683026e-03  3.56796086e-02 -1.79063063e-02]
 [ 2.87551507e-02 -1.11473845e-02 -1.90770417e-01  9.80862260e-01
   1.96627397e-02  5.44745650e-04 -1.33324703e-02]
 [-1.77253399e-03  1.21117216e-02 -1.09878229e-02  1.80626865e-02
  -9.80716348e-01  1.90974787e-01  3.35745551e-02]
 [ 1.32120457e-02  1.18912263e-02 -3.27566937e-02 -1.08768456e-02
   1.91584647e-01  9.80660200e-01  9.67135467e-03]
 [-4.30958569e-02 -1.08089428e-02  1.51705798e-02  1.70368105e-02
   3.14214341e-02 -1.45751089e-02  9.98151183e-01]]",43
6,7,7,0.9,0.8601188659667969,"[[ 9.9678761e-01 -6.2381465e-02 -3.1614922e-02  2.8470652e-02
  -2.9426822e-03  2.6398901e-02  2.6977228e-03]
 [ 5.9687559e-02  9.9563396e-01 -5.1189981e-02  3.5562567e-02
   3.5291210e-02  2.9254439e-03  3.3502805e-03]
 [ 4.2039622e-02  5.7505056e-02  9.5535392e-01 -2.8594026e-01
  -2.0092601e-02 -1.9762428e-03  7.4394871e-03]
 [ 1.9645751e-02  1.7124200e-02 -2.8759706e-01 -9.5681036e-01
   3.1814691e-02 -9.9678962e-03 -3.3234565e-03]
 [ 3.9373902e-03 -3.4322541e-02  3.0164227e-02  2.4618538e-02
   9.9245179e-01 -1.0629142e-01 -3.2125402e-02]
 [-2.6010327e-02 -4.7585047e-03  3.0817552e-03 -8.4009580e-03
   1.0706853e-01  9.9369204e-01  1.8254861e-02]
 [-2.5370521e-03 -4.5573013e-03 -6.8986141e-03 -3.0460706e-04
   3.0095128e-02 -2.1669533e-02  9.9927461e-01]]",43
7,8,7,0.9,0.9400715231895447,"[[ 0.99493974  0.08265638 -0.02237521  0.04004555  0.01431241  0.00828531
  -0.02975158]
 [-0.08490022  0.9948543   0.01095093  0.05272426  0.00826411 -0.00216468
  -0.00917036]
 [ 0.02644139 -0.0044471   0.99603987 -0.08034958  0.00363433 -0.02505148
   0.00941792]
 [-0.03365249 -0.05648091  0.08115743  0.99365085  0.03018703  0.02447494
   0.01544537]
 [-0.01321325 -0.00825734 -0.00674844 -0.02872045  0.997219   -0.05699152
  -0.03453948]
 [-0.00244878  0.00443021  0.02042782 -0.03029962  0.06150388  0.98155737
   0.17720433]
 [ 0.02957626  0.011625   -0.01531417 -0.00868688  0.02395523 -0.17887738
   0.9829085 ]]",43
8,9,8,0.9,0.9795855283737183,"[[ 9.9914700e-01  1.8210361e-02 -2.2728644e-02  9.4196154e-03
   2.2611644e-02  1.0008449e-02 -2.3831038e-03 -1.2293884e-02]
 [-2.0486686e-02  9.9695295e-01 -3.4357145e-02  5.5478394e-02
   2.6580837e-02  1.4134623e-02  2.2289210e-03 -2.2260256e-02]
 [ 2.4473479e-02  4.7061913e-02  9.7623283e-01 -2.0511375e-01
  -3.2317415e-02 -2.6002934e-02  1.3458687e-02  1.3504271e-02]
 [-5.5560847e-03 -4.9577396e-02  2.1066037e-01  9.7255194e-01
   6.2112633e-02  5.7535470e-02 -7.9779206e-03 -6.6532050e-03]
 [-1.0696172e-02 -1.0925897e-02  6.5134554e-03 -1.4065008e-02
   7.7493900e-01 -6.3157099e-01  1.0626228e-02  7.9169043e-04]
 [-2.0606611e-02 -2.2914907e-02  2.4296571e-02 -9.2658348e-02
   6.2660021e-01  7.7148288e-01 -2.1779709e-02 -3.9828081e-02]
 [ 9.9338288e-04 -4.9753310e-03 -1.0150916e-02  8.0648903e-03
   4.5601036e-03  2.2073563e-02  9.9728888e-01 -6.8653017e-02]
 [ 1.0754489e-02  2.0278206e-02 -1.2605607e-02  7.4925842e-03
   2.6470287e-02  3.4036037e-02  6.7619503e-02  9.9640679e-01]]",43
9,10,9,0.9,1.2900835275650024,"[[ 9.96916771e-01 -6.56070467e-03  8.53192434e-03  1.12588890e-02
  -3.82997021e-02  1.85632501e-02  3.11911311e-02 -3.33229192e-02
  -4.49405350e-02]
 [ 6.62056124e-03  9.93233502e-01 -1.07209131e-01 -2.28845868e-02
  -1.73499212e-02  1.60139333e-03  2.96056978e-02  1.56751219e-02
   1.50761392e-04]
 [-8.76180362e-03  1.00502931e-01  9.76515412e-01 -1.60347655e-01
  -8.58496577e-02 -5.49318194e-02 -1.71643519e-03 -5.88010205e-03
  -1.01730060e-02]
 [-8.93428829e-03  4.34829853e-02  1.65319875e-01  9.78494167e-01
   1.06107295e-01  2.66338722e-03 -1.82440262e-02 -4.06102650e-02
   1.11022826e-04]
 [ 4.03220467e-02  2.05862187e-02  5.26066683e-02 -1.14667475e-01
   9.68803883e-01 -2.04433292e-01 -1.23275751e-02 -1.22167720e-02
  -3.68662588e-02]
 [-8.10675416e-03  6.90420764e-03  6.68650568e-02 -3.45055051e-02
   2.01119229e-01  9.73454118e-01  3.88684459e-02  2.20201332e-02
   6.45563304e-02]
 [-3.12183071e-02 -2.86305845e-02  5.75851882e-03  1.88816264e-02
   7.30547449e-03 -3.96530442e-02  9.97381985e-01  2.29378622e-02
  -2.98893601e-02]
 [ 2.44204607e-02 -1.24519086e-02  1.16122309e-02  3.82867940e-02
   5.83504420e-03 -8.14077538e-03 -2.92072017e-02  9.78367805e-01
  -1.98723093e-01]
 [ 5.19044101e-02 -2.50491058e-03  1.06775248e-02  5.06578060e-03
   2.20427625e-02 -7.47241303e-02  2.29839310e-02  1.96459174e-01
   9.75687444e-01]]",43
10,11,10,0.9,1.6040183305740356,"[[ 9.39231277e-01 -2.78532654e-01 -1.59408543e-02  2.25611515e-02
  -7.79310428e-03  1.55799523e-01  7.96392485e-02 -4.16379794e-02
  -7.16142505e-02 -4.42955494e-02]
 [ 2.55236685e-01  9.51483727e-01 -8.76246542e-02 -4.98330854e-02
   2.28005629e-02  1.10181250e-01  7.38624036e-02 -1.44527014e-02
  -1.62300782e-03 -3.23191844e-02]
 [ 3.22441794e-02  6.88103437e-02  9.87356424e-01 -1.11206412e-01
  -4.01277328e-04  6.47417083e-02  1.53063517e-02  4.07281965e-02
   2.80309878e-02  1.07498439e-02]
 [ 1.25535643e-02  5.47125712e-02  9.81766060e-02  9.36445832e-01
   3.02970439e-01 -9.87134501e-03 -7.46993795e-02  9.23258662e-02
   5.53979427e-02 -3.48981023e-02]
 [ 3.31901549e-03 -3.43961343e-02 -1.93178710e-02 -2.86060184e-01
   9.44795370e-01 -4.70683426e-02 -1.76861584e-02 -1.16683654e-01
  -8.35240185e-02  2.90598813e-02]
 [-5.47729991e-03  1.12084420e-02 -1.59661807e-02 -4.70706262e-02
  -2.24728119e-02  4.50132847e-01 -8.83261502e-01 -1.00794517e-01
  -3.74726802e-02 -5.03441729e-02]
 [ 1.43079432e-02  1.00507839e-02 -2.83287652e-02 -6.88379481e-02
   3.63854654e-02 -1.02941105e-02 -8.03778991e-02  8.53974938e-01
  -5.05181670e-01  4.22012396e-02]
 [ 1.60922810e-01  1.24829905e-02 -3.85041162e-02 -1.13534585e-01
   5.61090298e-02 -2.77108729e-01 -2.30525732e-01  4.01814431e-01
   7.70386338e-01  2.67480493e-01]
 [-1.51425540e-01 -7.82511383e-02 -6.54138029e-02  3.43244546e-03
   8.02593976e-02  8.15252304e-01  3.69060248e-01  1.75264448e-01
   2.45890275e-01  2.61138588e-01]
 [-4.92944494e-02 -4.10012528e-02 -1.90904997e-02 -7.76096284e-02
   5.97596169e-02  1.13715179e-01  7.82035664e-02  2.06528991e-01
   2.71049917e-01 -9.22366917e-01]]",43
0,1,6,0.9,0.9014962315559387,"[[ 9.98185873e-01 -7.52597535e-03  2.48669442e-02 -1.70272700e-02
  -3.18194926e-02 -4.05899212e-02]
 [ 1.02236643e-02  9.87450540e-01 -2.24100295e-02  1.54314622e-01
   1.19285183e-02 -1.94827951e-02]
 [-2.25803424e-02  1.40487645e-02  9.97466862e-01  5.35385236e-02
   3.85490842e-02  5.08215744e-04]
 [ 1.27706658e-02 -1.56136438e-01 -4.92826067e-02  9.82840061e-01
  -2.43666861e-02 -8.03817064e-02]
 [ 3.76109816e-02 -1.55255189e-02 -3.88616920e-02  2.90505458e-02
   9.91387010e-01  1.14638627e-01]
 [-3.78534421e-02 -8.24465975e-03 -5.65594237e-04 -7.88172781e-02
   1.17971443e-01 -9.89125609e-01]]",44
1,2,6,0.9,0.9063243269920349,"[[ 0.98271406  0.18287282  0.00452377 -0.00443901 -0.02614332  0.0103409 ]
 [-0.1778079   0.965613   -0.10248273 -0.14059629  0.07544668 -0.00368366]
 [-0.02982418  0.1543254   0.8655205   0.4733683   0.01019187 -0.04457634]
 [ 0.00870306 -0.07508969  0.48730445 -0.86918414  0.02232621 -0.0289949 ]
 [ 0.03696211 -0.06631935 -0.0034518   0.02411198  0.98394555  0.15966612]
 [-0.01805444  0.01720332  0.05360577 -0.00854514 -0.15771182  0.98567665]]",44
2,3,6,0.9,0.8440906405448914,"[[ 9.9650335e-01  7.2614327e-02 -2.2615709e-04 -2.5725696e-02
  -3.0789366e-02 -9.9236984e-03]
 [-6.9335967e-02  9.9451005e-01 -2.0106647e-02  4.4075571e-02
   5.8739312e-02  1.8572655e-02]
 [-5.6018783e-03  2.6211858e-02  9.8613530e-01 -1.6128264e-01
   1.5664294e-02 -2.3690311e-02]
 [ 2.7832357e-02 -3.7688058e-02  1.6290177e-01  9.8528874e-01
  -1.6937742e-02  1.3680940e-02]
 [ 3.4624714e-02 -5.6157362e-02 -1.2925595e-02  1.7041808e-02
   9.9539179e-01 -6.6220626e-02]
 [ 1.2992424e-02 -2.0389214e-02  2.0706272e-02 -1.7294183e-02
   6.5304160e-02  9.9720758e-01]]",44
3,4,7,0.9,1.0078856945037842,"[[ 0.993757    0.09887128 -0.01618165 -0.03816332 -0.02235722 -0.02118821
  -0.00208919]
 [-0.09871792  0.99469584 -0.01721769  0.01560748 -0.01325156  0.01076958
  -0.00177818]
 [ 0.02332592  0.01608529  0.9781955   0.20103584  0.02409626  0.0329395
   0.01579962]
 [ 0.03607943 -0.01632191 -0.20215218  0.97631544 -0.0393421   0.05278828
   0.00633459]
 [ 0.02350985  0.01355221 -0.03405572  0.02731407  0.99429846  0.09341636
   0.00124682]
 [ 0.01734345 -0.00964098 -0.0184355  -0.0619499  -0.09250968  0.9932865
  -0.01588696]
 [ 0.00155017  0.00165495 -0.01449341 -0.01043395 -0.00291198  0.01478797
   0.9997244 ]]",44
4,5,7,0.9,0.8930679559707642,"[[ 9.95721161e-01  5.49033470e-02  5.46815991e-03  2.62560565e-02
  -5.40136620e-02  1.28426831e-02  4.15134616e-02]
 [-5.43944836e-02  9.91457582e-01 -1.01978235e-01 -5.10893762e-02
  -4.38834960e-03  8.17604456e-03  3.09387799e-02]
 [-1.18393246e-02  1.00959927e-01  9.94208753e-01 -1.10828234e-02
  -1.96320806e-02  2.56693512e-02 -6.98430650e-03]
 [ 2.87200008e-02 -4.91715297e-02 -3.35385744e-03 -9.91750181e-01
  -2.70816013e-02 -1.11510605e-01  3.12377815e-03]
 [ 5.01325727e-02  4.62554535e-03  1.94951426e-02 -2.82392688e-02
   9.93590474e-01  2.27252655e-02  9.24624130e-02]
 [ 7.44613679e-03  1.51908975e-02  2.61756256e-02  1.10506460e-01
   1.92933585e-02 -9.91398871e-01  5.97740822e-02]
 [-4.52432409e-02 -3.36819068e-02  6.56419434e-03 -4.86711971e-04
  -9.13790092e-02  5.73278368e-02  9.92541552e-01]]",44
5,6,7,0.9,0.8577756881713867,"[[ 9.9045205e-01 -1.2894391e-01  1.6004592e-02 -2.1372134e-02
  -7.9660667e-03 -9.1071716e-03  3.8972523e-02]
 [ 1.2827222e-01  9.9083024e-01  2.5188651e-02  1.9156797e-02
   9.6129207e-03 -2.1714136e-02  1.5373461e-02]
 [-1.2652749e-02 -2.6140228e-02  9.7144973e-01  2.2982065e-01
   1.2740898e-03  4.3218430e-02 -2.7477337e-02]
 [-2.3719881e-02  1.5837071e-02  2.3078401e-01 -9.7208816e-01
  -2.1025008e-02 -4.0110081e-04  2.2968885e-02]
 [-5.7247989e-03  1.3383707e-02 -9.9750031e-03  2.0255396e-02
  -9.8190284e-01  1.8156019e-01  4.6700463e-02]
 [ 1.2227162e-02  1.8972071e-02 -3.9365280e-02 -1.3043092e-02
   1.8313891e-01  9.8155773e-01  2.7846826e-02]
 [-4.0570170e-02 -1.2480028e-02  2.2009106e-02  2.8684411e-02
   4.1560784e-02 -3.4028832e-02  9.9699849e-01]]",44
6,7,7,0.9,0.8710777163505554,"[[ 9.9570769e-01 -7.6943904e-02 -3.0799845e-02  3.2064617e-02
   2.2990918e-03  2.5666546e-02  2.2084252e-03]
 [ 7.4430384e-02  9.9501938e-01 -4.7784507e-02  2.7899822e-02
   3.5909213e-02 -5.4459221e-04  6.7099733e-03]
 [ 4.4545319e-02  5.2458201e-02  9.2669964e-01 -3.6818600e-01
  -2.8569341e-02  2.8489847e-03  1.0310770e-02]
 [ 1.9058244e-02  5.4046977e-03 -3.6883560e-01 -9.2834735e-01
   4.0291511e-02 -9.9469535e-03  4.1034599e-03]
 [-2.4356667e-03 -3.4151088e-02  4.3741934e-02  2.6182331e-02
   9.9472141e-01 -7.4157067e-02 -3.5482626e-02]
 [-2.5701525e-02 -8.0621612e-05 -2.2848293e-03 -7.1047070e-03
   7.4308038e-02  9.9685526e-01 -6.4445906e-03]
 [-3.4905060e-03 -8.2880910e-03 -6.1200145e-03  8.2370052e-03
   3.5683692e-02  3.7542137e-03  9.9926293e-01]]",44
7,8,7,0.9,0.9528328776359558,"[[ 0.99677426  0.05136913 -0.02085373  0.04225938  0.02149314  0.00614649
  -0.0328931 ]
 [-0.05322775  0.99614406  0.04150726  0.05165497  0.00325801 -0.01252831
  -0.01746938]
 [ 0.03059774 -0.02852247  0.9778119  -0.20452885  0.01349131 -0.00820524
   0.0072698 ]
 [-0.03448763 -0.06066908  0.20314512  0.9760389   0.02944478  0.0168348
   0.00771898]
 [-0.02137963 -0.00231917 -0.01860541 -0.02732392  0.99888355  0.01802988
  -0.01874353]
 [-0.001634    0.01534186  0.00443315 -0.01763259 -0.01597797  0.9918814
   0.12388488]
 [ 0.03197881  0.01797855 -0.00961841 -0.00210061  0.02132474 -0.12369645
   0.99136347]]",44
8,9,8,0.9,0.9890604615211487,"[[ 9.9903506e-01  7.2564594e-03 -2.1660764e-02  2.7127383e-02
   1.4565984e-02  1.8004064e-02 -5.3190272e-03 -1.0318926e-02]
 [-9.3153734e-03  9.9826229e-01 -1.2878804e-02  5.1718611e-02
   5.5536965e-04  6.2928987e-03 -1.2480759e-02 -1.8687282e-02]
 [ 2.5509145e-02  2.1041464e-02  9.8817921e-01 -1.4793125e-01
   9.8235961e-03 -1.1633130e-02  1.5725659e-02  6.7361034e-03]
 [-2.5431437e-02 -5.0584644e-02  1.5012337e-01  9.8214519e-01
   3.0587846e-02  8.4301211e-02 -3.1971060e-02 -2.4164144e-02]
 [-3.2947706e-03  1.7822328e-03 -1.1548966e-02  2.2564275e-02
   8.4028965e-01 -5.4129881e-01  1.5877258e-02 -6.5614958e-04]
 [-2.1155985e-02 -2.2959549e-03 -7.5197234e-03 -9.0187125e-02
   5.4057729e-01  8.3435100e-01 -4.6875250e-02 -2.8183086e-02]
 [ 2.3883081e-03  9.1125751e-03 -1.0896990e-02  2.8151264e-02
   1.1653342e-02  4.8797961e-02  9.9527192e-01 -7.6920189e-02]
 [ 8.9688487e-03  1.8073613e-02 -4.5686103e-03  2.5714485e-02
   1.7585233e-02  2.9446753e-02  7.4369736e-02  9.9609423e-01]]",44
9,10,8,0.9,1.117219090461731,"[[ 9.9848205e-01  5.2860198e-03 -1.4483782e-02 -1.8256281e-03
  -2.7972633e-02  2.6207125e-02  2.6772991e-02 -2.4630634e-02]
 [-5.5474793e-03  9.9475163e-01  8.8714458e-02  9.2200749e-03
  -3.7492830e-02  6.7017563e-03  2.7953854e-02  1.5846748e-02]
 [-1.4567414e-02  8.8358887e-02 -9.7626120e-01 -1.8101111e-01
  -3.3047903e-02 -6.7054167e-02 -4.5302785e-03 -2.2816170e-02]
 [-2.9170248e-03  8.3836876e-03 -1.8313126e-01  9.8005903e-01
   8.0369081e-04  5.1222548e-02 -2.2533504e-02 -5.2310728e-02]
 [ 3.5656337e-02  3.7415069e-02 -5.8536036e-03  1.8799879e-02
   9.2197031e-01 -3.8298792e-01  9.8249139e-03  1.1634527e-02]
 [-1.4286810e-02  1.3861143e-02 -6.4121000e-02 -5.9289072e-02
   3.8238421e-01  9.1941220e-01  8.5320799e-03  1.9180184e-02]
 [-2.4925163e-02 -2.8915705e-02 -1.2643779e-02  2.5223676e-02
  -1.2167305e-02 -5.0458345e-03  9.9560922e-01  7.9594612e-02]
 [ 2.6183072e-02 -1.1642368e-02 -3.1485446e-02  4.6110544e-02
  -1.7998092e-02 -1.1149373e-02 -8.1033744e-02  9.9450827e-01]]",44
10,11,9,0.9,1.4192088842391968,"[[ 9.23382163e-01 -3.01330626e-01  2.27813311e-02 -2.12357007e-02
  -9.47425142e-03  1.17546603e-01  1.74483851e-01  7.63413832e-02
  -7.35926703e-02]
 [ 2.76520133e-01  9.49476182e-01  6.88177571e-02 -2.78490447e-02
  -4.16754000e-03  6.67184815e-02  1.07282139e-01  2.30146870e-02
  -3.46989161e-03]
 [-4.19045687e-02 -5.99847957e-02  9.95424747e-01  2.87910905e-02
  -9.12386831e-03 -1.75070893e-02  2.72830296e-02 -3.89750525e-02
   1.71292666e-02]
 [ 2.53775213e-02  2.22895257e-02 -2.23824661e-02  9.87710357e-01
   1.27091870e-01  6.14520684e-02 -2.67000906e-02 -1.18691005e-05
  -4.63119708e-02]
 [-2.35947617e-03 -5.99897699e-03  1.03580412e-02 -1.23150483e-01
   9.89038289e-01  8.06431379e-03  5.30540869e-02  1.30955782e-02
   5.86266592e-02]
 [-5.53774387e-02 -1.35682803e-02  2.10186839e-02 -6.47274703e-02
   2.06643320e-03  9.35700059e-01 -3.32017273e-01 -7.88541660e-02
   1.12057710e-02]
 [-9.63895861e-03  1.41442763e-02  4.52384800e-02 -4.46338393e-03
   1.97118893e-03 -3.29855159e-02 -3.12404633e-01  9.47774887e-01
   2.59770807e-02]
 [ 2.13305026e-01  5.63860685e-02  2.54888162e-02 -3.16765495e-02
   6.46389723e-02 -3.04393321e-01 -8.31592917e-01 -2.76902318e-01
  -2.90883869e-01]
 [ 1.40847310e-01 -2.98039959e-04 -1.13380495e-02  4.46513779e-02
  -3.56955715e-02 -9.11355466e-02 -2.33227655e-01 -1.03834860e-01
   9.50412035e-01]]",44
0,1,6,0.9,0.8894296884536743,"[[ 9.9835432e-01 -1.0594656e-02  2.1251272e-02 -1.2705233e-02
   3.1453043e-02 -3.9674703e-02]
 [ 1.2560997e-02  9.8787802e-01 -5.2670566e-03  1.5217683e-01
  -2.1862198e-02 -1.6607510e-02]
 [-1.9284280e-02 -2.2232777e-03  9.9794555e-01  4.4945654e-02
  -4.1231539e-02  2.7905942e-03]
 [ 8.0694631e-03 -1.5270206e-01 -4.3347649e-02  9.8406148e-01
   2.2830492e-02 -7.6417394e-02]
 [ 3.6567289e-02 -2.4725938e-02 -4.1783012e-02  2.5570931e-02
  -9.9174553e-01  1.0996582e-01]
 [-3.6833584e-02 -7.1127182e-03  7.5453764e-04 -7.5031400e-02
  -1.1292563e-01 -9.9005574e-01]]",45
1,2,6,0.9,0.8857934474945068,"[[ 0.98278797  0.18225662  0.008227   -0.00801177 -0.02664367  0.00828077]
 [-0.17699063  0.96428853 -0.1032117  -0.14904863  0.07496304 -0.01828691]
 [-0.03198571  0.15090965  0.90575063  0.39285865  0.00206413 -0.03842932]
 [ 0.00782191 -0.0968025   0.40806442 -0.90685034  0.01297497 -0.03880232]
 [-0.03775029  0.06398688 -0.00670071 -0.01905611 -0.98939234 -0.12318808]
 [-0.01711045  0.02629539  0.04831066 -0.02533359 -0.12083375  0.99067616]]",45
2,3,6,0.9,0.8143795728683472,"[[ 0.9970074   0.06217572 -0.01301653 -0.03214216  0.02922621  0.0073368 ]
 [-0.05890717  0.9948348  -0.02251292  0.04508619 -0.06199031 -0.02124281]
 [ 0.01159485  0.02307134  0.99937516 -0.01369374 -0.01712206  0.01008803]
 [ 0.03422553 -0.04143064  0.01492465  0.99783474  0.02934776 -0.01880698]
 [ 0.03320997 -0.06048913 -0.01623094  0.02690739 -0.99561447  0.05479556]
 [ 0.00987883 -0.02302521  0.00931288 -0.01866059 -0.05385546 -0.9980165 ]]",45
3,4,7,0.9,0.8774675130844116,"[[ 0.99302214  0.10721815 -0.0011859  -0.03973105 -0.024273   -0.01550775
   0.00126744]
 [-0.10691474  0.99335134 -0.03735472  0.01321567 -0.01165381  0.0083866
  -0.00680424]
 [ 0.00487107  0.0353579   0.98453     0.16927041  0.01709104  0.0211441
   0.00593133]
 [ 0.04086976 -0.01595361 -0.1692216   0.9813808  -0.03911308  0.06777862
   0.01439461]
 [-0.02506602 -0.01264989  0.02440791 -0.03080575 -0.9972953  -0.05502123
  -0.0064497 ]
 [-0.01217151  0.00725298  0.00763357  0.07233334  0.05287826 -0.99535584
   0.03129402]
 [-0.00238559  0.00633863 -0.00374029 -0.01746405 -0.00767895  0.02978902
   0.99934417]]",45
4,5,7,0.9,0.917341411113739,"[[ 9.9661875e-01  4.4480741e-02  3.2951052e-03 -3.3308432e-02
   4.9206842e-02  6.5521165e-03  3.4467675e-02]
 [-4.2844467e-02  9.9176520e-01 -1.0764114e-01  5.0171345e-02
  -2.6529357e-03  6.8577710e-03  2.0209624e-02]
 [-8.7678675e-03  1.0647774e-01  9.9334520e-01  2.3001950e-02
   3.4959447e-02  6.3116658e-03 -7.7352808e-03]
 [ 3.4167457e-02 -4.9941115e-02 -1.7344626e-02  9.9002939e-01
   2.8031137e-02 -1.2153244e-01  1.7986149e-02]
 [ 4.6569921e-02 -9.7579230e-04  3.4675974e-02  3.5725143e-02
  -9.9059349e-01  8.3556898e-02  8.4227964e-02]
 [ 3.0724695e-03  1.2358418e-02  1.1183185e-02 -1.1953852e-01
  -8.0127656e-02 -9.8616707e-01  8.0482252e-02]
 [-3.8639013e-02 -2.0930300e-02  6.2859138e-03 -1.0968712e-02
   8.8700764e-02  7.4785180e-02  9.9219382e-01]]",45
5,6,7,0.9,0.8214210867881775,"[[ 0.9920148  -0.11207817  0.01593883 -0.04049742  0.00637715 -0.01422449
   0.03475531]
 [ 0.11197351  0.99351794  0.00960677  0.00941934  0.00566246 -0.00859837
   0.00984638]
 [-0.00630439 -0.01054439  0.97171474  0.23375066  0.00657183  0.024339
  -0.01856287]
 [ 0.04231123 -0.01166725 -0.23362479  0.97130686  0.00176421 -0.00115318
  -0.00718035]
 [-0.00640058 -0.00511717 -0.00477784 -0.00325996  0.99407226 -0.09277619
  -0.05578882]
 [ 0.0128391   0.00639877 -0.02332124 -0.00472599  0.09547172  0.9938566
   0.04860268]
 [-0.03650583 -0.00678762  0.01663848  0.01272167  0.050858   -0.05264662
   0.9964057 ]]",45
6,7,7,0.9,0.8453496098518372,"[[ 9.9754041e-01 -4.9678255e-02 -2.7480474e-02  3.2538284e-02
   8.5790232e-03  2.3063561e-02 -5.0816354e-03]
 [ 4.6318199e-02  9.9594623e-01 -6.3097604e-02  3.1963296e-02
   2.8708328e-02  9.9829249e-03 -4.3512955e-03]
 [ 3.7066158e-02  6.7426048e-02  9.7642255e-01 -1.9942893e-01
  -3.0038869e-02 -1.6982029e-03  1.3570816e-03]
 [ 2.6906202e-02  1.6299905e-02 -2.0073502e-01 -9.7831702e-01
   4.0070593e-02 -2.3780090e-03  5.3838314e-04]
 [-8.7015023e-03 -2.6425889e-02  3.9318349e-02  3.2171939e-02
   9.9609911e-01 -5.7148971e-02 -3.4140971e-02]
 [-2.4043020e-02 -1.0275180e-02  4.7076233e-03 -1.9760453e-03
   5.5351850e-02  9.9742502e-01 -3.7011709e-02]
 [ 4.0241671e-03  2.7019058e-03 -1.1474605e-04  2.1297836e-03
   3.6291033e-02  3.5174955e-02  9.9870795e-01]]",45
7,8,8,0.9,0.9697747230529785,"[[ 9.9587411e-01  2.4948288e-02 -3.0850042e-02  3.4018248e-02
   2.2047196e-02 -4.6550916e-03 -4.3716524e-02 -5.5538982e-02]
 [-2.6774248e-02  9.9848729e-01  1.5377976e-02  4.3636378e-02
   4.6166647e-03  8.0889929e-04 -1.1751311e-02 -2.3671696e-03]
 [ 3.6793172e-02 -8.2373135e-03  9.8899633e-01 -1.3519286e-01
   8.7536965e-04 -3.8292985e-02  7.6983892e-04  2.6830532e-02]
 [-2.8686160e-02 -4.6126064e-02  1.3775045e-01  9.8775673e-01
   1.1125738e-02  4.6836887e-02  3.6315660e-03 -8.9653991e-03]
 [-2.2325855e-02 -5.0942143e-03 -1.7257911e-03 -1.2177187e-02
   9.9863601e-01  1.2433478e-02 -3.9820902e-02  1.7613739e-02]
 [ 6.9588539e-03  2.4715317e-03  3.3620022e-02 -5.2422985e-02
  -5.3976648e-03  9.8278302e-01  1.3180006e-01 -1.1315502e-01]
 [ 3.3217557e-02  1.1893493e-02 -3.4456663e-03  3.6260702e-03
   4.4059251e-02 -1.4647388e-01  9.7829533e-01 -1.3517630e-01]
 [ 6.0754236e-02  5.6340550e-03 -2.4036158e-02  9.4158640e-03
  -1.1131147e-02  9.4052605e-02  1.4804853e-01  9.8220295e-01]]",45
8,9,8,0.9,0.9720187783241272,"[[ 9.99251127e-01 -2.43937764e-02 -3.47356964e-03  9.73476749e-03
   1.53700616e-02  2.22002361e-02 -5.33494586e-03 -6.14708383e-03]
 [ 2.29242090e-02  9.97888148e-01 -3.80900595e-03  4.35857028e-02
   3.35425921e-02  2.04753354e-02  9.06959083e-03 -1.23607507e-02]
 [ 6.58511091e-03  1.25271082e-02  9.82128799e-01 -1.82784915e-01
  -8.11911281e-03 -3.74550819e-02  1.77574474e-02  5.31394826e-03]
 [-1.26347961e-02 -4.45730872e-02  1.86486244e-01  9.76245522e-01
   2.76610833e-02  9.37482864e-02 -1.37645956e-02 -1.66705362e-02]
 [-4.48083272e-03 -2.18678489e-02 -6.36949996e-03  1.78668033e-02
   8.94817293e-01 -4.44818884e-01  2.40834225e-02  2.99390987e-04]
 [-2.64651570e-02 -2.77990308e-02  1.94825660e-02 -1.04023322e-01
   4.43859071e-01  8.88023555e-01 -3.74355428e-02 -1.81147009e-02]
 [ 3.55297769e-03 -1.12664206e-02 -1.38332928e-02  1.09053645e-02
  -5.23011154e-03  4.45301495e-02  9.96340752e-01 -6.96076304e-02]
 [ 5.96637977e-03  1.01225600e-02 -2.79459218e-03  1.67614277e-02
   8.44576210e-03  2.15316396e-02  6.86178654e-02  9.97160852e-01]]",45
9,10,10,0.9,1.3339521884918213,"[[ 9.94404018e-01  4.55540493e-02 -2.58323178e-02  3.24080810e-02
  -5.52466139e-02  1.67185795e-02  3.15447226e-02 -4.88825105e-02
  -2.37201303e-02  9.42719821e-03]
 [-4.61517237e-02  9.95236576e-01 -6.27867877e-02 -1.61904935e-02
   4.94419876e-03 -1.49093056e-03  2.90139690e-02  1.03638675e-02
   9.20982566e-03 -4.59237657e-02]
 [ 2.09481325e-02  6.36221468e-02  9.90145862e-01 -6.29461333e-02
  -7.42443651e-02 -7.09058270e-02  5.87858679e-03 -1.13192387e-02
  -1.33773417e-03  2.14026794e-02]
 [-2.37656944e-02  1.55217433e-02  7.70842433e-02  9.76933002e-01
   1.57596394e-01  3.30697484e-02 -9.92204063e-03 -6.47045150e-02
   2.51354799e-02 -8.94820094e-02]
 [ 5.67275584e-02  3.04478151e-03  3.49007137e-02 -1.36231273e-01
   9.28340495e-01 -3.11993867e-01 -2.22192258e-02 -6.53881952e-02
  -8.80583897e-02  7.29093403e-02]
 [ 8.52434803e-03  3.53891030e-03  8.48114789e-02 -8.30418617e-02
   3.06861341e-01  9.41340387e-01  2.66058557e-02  5.52301891e-02
   3.68533544e-02  2.05901973e-02]
 [-2.68651489e-02 -3.10537741e-02 -3.47667094e-03  9.68600623e-03
   1.95962861e-02 -3.58181112e-02  9.97496903e-01  2.99138911e-02
   2.54093688e-02  6.78808428e-04]
 [ 3.61898504e-02 -8.41656420e-03  1.53310271e-02  5.25254607e-02
   2.54014619e-02 -3.63972373e-02 -1.69072412e-02  8.84183228e-01
  -4.33971971e-01 -1.52505815e-01]
 [ 5.15758358e-02 -1.50344744e-02  7.87144899e-03 -1.78167634e-02
   8.72401595e-02 -8.63174722e-02 -3.86271439e-02  4.09052759e-01
   8.93168926e-01 -1.22906573e-01]
 [-6.68971427e-03  4.30942923e-02 -1.84287354e-02  1.08176507e-01
  -4.42087725e-02 -8.76329560e-03 -7.10689975e-03  1.89376205e-01
   5.36515266e-02  9.72230852e-01]]",45
10,11,11,0.9,1.6976338624954224,"[[ 9.29557025e-01 -2.84218758e-01 -7.24483579e-02  1.23491049e-01
  -4.94288169e-02  1.31383985e-01  2.79228855e-02  6.17688484e-02
  -7.39752576e-02 -1.91168413e-02 -6.71338663e-02]
 [ 2.55229086e-01  9.47327793e-01 -1.10505275e-01 -1.43222436e-02
  -1.14981951e-02  1.34290069e-01  5.84957078e-02  8.93548317e-03
  -2.91112307e-02  6.18769182e-03 -4.95823994e-02]
 [ 6.19534031e-02  8.14278126e-02  9.71744359e-01  1.65245339e-01
  -3.18246372e-02  1.16612151e-01  2.13583373e-02 -4.38530110e-02
  -2.57502384e-02  2.75915343e-04  1.68648604e-02]
 [-5.81002869e-02  4.72418070e-02 -1.14777230e-01  8.62455368e-01
   4.35500830e-01 -1.52582094e-01 -1.14946567e-01 -7.94211552e-02
  -4.93323337e-03  5.42247035e-02 -4.42968942e-02]
 [ 5.55505343e-02 -2.85997074e-02  7.58974627e-02 -3.71642500e-01
   8.85337293e-01  1.59894928e-01  7.47328475e-02  1.69586822e-01
  -4.67634946e-02 -6.64627254e-02  4.33620177e-02]
 [-1.84321385e-02  1.05618499e-02 -1.21833151e-02 -4.28665541e-02
  -2.19721738e-02  3.56126726e-01 -9.22924459e-01  1.07231535e-01
  -1.33071551e-02  5.50914258e-02  6.12642691e-02]
 [ 3.08162067e-02  1.45696905e-02  4.66814684e-03 -1.21825144e-01
   4.88052331e-02 -2.18352735e-01 -1.51337922e-01 -5.56126297e-01
  -7.30797291e-01 -2.59121150e-01 -2.29553785e-02]
 [ 1.18231229e-01 -3.48451361e-03  1.54980710e-02 -1.48192808e-01
   1.25844464e-01 -3.17060053e-02 -1.14475757e-01 -7.19843149e-01
   6.16155922e-01  2.49561537e-02 -1.88191399e-01]
 [-1.06307179e-01 -7.56027400e-02 -1.26759827e-01  1.34633601e-01
  -2.76213400e-02  6.94488406e-01  2.69718468e-01 -3.41574252e-01
  -1.11511491e-01  1.74351573e-01  4.83174205e-01]
 [-2.64464281e-02  9.62565374e-03 -3.03554796e-02  1.16805434e-01
  -4.89481911e-02  1.23892680e-01  5.69056952e-03  5.84710129e-02
   2.18881249e-01 -9.35578287e-01  2.00575948e-01]
 [ 1.82246089e-01  7.72353038e-02  4.37999442e-02 -6.98697194e-02
   3.26834694e-02 -4.78628606e-01 -1.26359403e-01 -8.55839811e-03
   1.28732830e-01  1.25426322e-01  8.21902335e-01]]",45
0,1,6,0.9,0.8929955959320068,"[[ 0.99800926 -0.01483906  0.03019898 -0.01602228  0.03288576 -0.03882312]
 [ 0.01690343  0.98849124 -0.00372002  0.14881425 -0.01162648 -0.01745114]
 [-0.02804297 -0.00270493  0.99778813  0.04317848 -0.04185288  0.00301401]
 [ 0.01059441 -0.14948736 -0.04102271  0.9840459   0.03403924 -0.07970838]
 [ 0.03816133 -0.01642027 -0.04253391  0.03758093 -0.99271953  0.09777817]
 [-0.03656413 -0.00642972  0.00101987 -0.07729537 -0.10188702 -0.99109286]]",46
1,2,6,0.9,0.8960448503494263,"[[ 0.98420274  0.17453675  0.01007375 -0.005909   -0.02642054  0.00688439]
 [-0.1694774   0.96855646 -0.09266239 -0.13564001  0.07841396 -0.00651876]
 [-0.03102911  0.14007959  0.8882326   0.43373692 -0.00140842 -0.04825103]
 [ 0.00571215 -0.08313771  0.44617465 -0.8901011   0.02401499 -0.03357079]
 [-0.03754517  0.0673922  -0.00621263 -0.03085732 -0.9861849  -0.1431686 ]
 [-0.0147394   0.01895795  0.05696261 -0.0143885  -0.1414704   0.9879057 ]]",46
2,3,6,0.9,0.8372146487236023,"[[ 0.99698716  0.06403551 -0.0067588  -0.02770421 -0.03178132 -0.00964135]
 [-0.06050374  0.99469703 -0.01863484  0.04847969  0.06234851  0.0182299 ]
 [ 0.0047324   0.02021604  0.998821   -0.0390596   0.01487644 -0.01336028]
 [ 0.0305337  -0.04527329  0.04027685  0.9973769  -0.01700787  0.01859706]
 [ 0.03529895 -0.06007942 -0.01403539  0.01490636  0.9953707  -0.06294867]
 [ 0.01246333 -0.02023547  0.0120161  -0.01933022  0.06188145  0.99754083]]",46
3,4,7,0.9,0.9097436666488647,"[[ 0.9936604   0.10466006 -0.00945491 -0.03113129 -0.01910844 -0.0158095
  -0.00342191]
 [-0.10468111  0.99394596 -0.02263682  0.01372082 -0.01745206  0.00922228
  -0.0048147 ]
 [ 0.01458962  0.02098239  0.97567815  0.21539056  0.01966041  0.02195009
   0.01173596]
 [ 0.03057737 -0.01625679 -0.21579728  0.97322893 -0.03108765  0.0639207
   0.00234084]
 [ 0.01912637  0.0177322  -0.0271313   0.01920136  0.99457467  0.09497841
   0.00391842]
 [ 0.01263781 -0.00873927 -0.00488078 -0.06979865 -0.09364115  0.99293315
  -0.01354177]
 [ 0.00275012  0.00474856 -0.0110486  -0.00586796 -0.00547362  0.01265936
   0.99981153]]",46
4,5,7,0.9,0.9251496195793152,"[[ 9.95903552e-01  5.68707660e-02  8.81328061e-03 -3.11544519e-02
  -5.17504029e-02  1.35000749e-02  3.21440138e-02]
 [-5.49753010e-02  9.92996097e-01 -8.80144611e-02  5.18012121e-02
   1.94340339e-03  1.24028604e-02  1.86748020e-02]
 [-1.86218917e-02  9.14563239e-02  9.90362346e-01 -9.14798528e-02
  -3.40503752e-02  2.83612162e-02 -1.17886355e-02]
 [ 3.21314447e-02 -3.99514921e-02  9.77686867e-02  9.88225043e-01
  -2.48545669e-02 -1.02572024e-01  9.23014432e-03]
 [ 4.84611988e-02  8.90770229e-04  3.74764353e-02  2.09239479e-02
   9.92961228e-01  2.02747956e-02  9.70841944e-02]
 [ 6.90406049e-03  1.82449576e-02  1.86042730e-02 -1.04591370e-01
   1.31162014e-02 -9.90470231e-01  8.44434723e-02]
 [-3.71283107e-02 -2.07415242e-02  6.98733004e-03 -3.39614693e-03
  -9.69375893e-02  8.30434784e-02  9.90877271e-01]]",46
5,6,7,0.9,0.8560773730278015,"[[ 0.9911807  -0.12253339  0.01054997 -0.03112666  0.00195406 -0.0134825
   0.03578484]
 [ 0.12192167  0.99116373  0.03700859  0.02235036  0.00413915 -0.02417728
   0.01608089]
 [-0.00754455 -0.03827994  0.979889    0.18741314  0.00726588  0.046569
  -0.03082638]
 [ 0.03099792 -0.01873581 -0.1886311   0.98121196  0.0104349  -0.00148648
  -0.01477857]
 [ 0.00391978  0.00692897 -0.00136473  0.01113565 -0.9838465   0.17294444
   0.04412609]
 [ 0.01500363  0.02278391 -0.04445791 -0.00851406  0.17425346  0.98285574
   0.02893226]
 [-0.03791564 -0.01401435  0.02786922  0.02084488  0.0387199  -0.03387591
   0.99725026]]",46
6,7,7,0.9,0.8750572800636292,"[[ 9.9817586e-01 -3.8083196e-02 -3.2230619e-02 -2.3256913e-02
   4.5441594e-03  2.4378521e-02 -3.6707770e-05]
 [ 3.4899551e-02  9.9594611e-01 -6.7364648e-02 -3.6237795e-02
   3.1778295e-02 -2.6886698e-03 -2.2562135e-03]
 [ 4.0091861e-02  7.4039184e-02  9.5464480e-01  2.8499845e-01
  -1.4664247e-02  1.0855743e-02  2.6645483e-03]
 [ 1.3429633e-02  1.3578642e-02 -2.8659225e-01  9.5688754e-01
   4.3113660e-02 -2.7338993e-03  1.7502796e-04]
 [-3.3858835e-03 -3.1178864e-02  2.9557923e-02 -3.5710175e-02
   9.9424696e-01 -9.0407856e-02 -1.2923900e-02]
 [-2.5034251e-02 -4.4284548e-05 -7.8089833e-03 -3.1902893e-03
   8.9954659e-02  9.9475825e-01 -4.0819962e-02]
 [-1.0604576e-03  1.6427463e-03 -2.5858304e-03 -1.6027094e-03
   1.6640224e-02  3.9440364e-02  9.9907678e-01]]",46
7,8,7,0.9,0.9601550102233887,"[[ 0.99692214  0.05901888 -0.02452192  0.03069693  0.01424369 -0.00149831
  -0.03023613]
 [-0.06014734  0.99658203  0.02853136  0.04236249  0.00577552 -0.0189417
  -0.01434321]
 [ 0.03097225 -0.01818476  0.98041105 -0.19259214  0.01876559 -0.0065317
   0.00420731]
 [ 0.0225751   0.04834439 -0.19181558 -0.9796289  -0.02291563 -0.00681177
  -0.01075736]
 [-0.01477304 -0.00448997 -0.02202022 -0.01965652  0.9970758   0.06125255
  -0.03127852]
 [ 0.00567175  0.02162011  0.00587961 -0.00706996 -0.05607202  0.98799795
   0.141886  ]
 [ 0.02844593  0.0136204  -0.00813501 -0.00789257  0.03977828 -0.1402066
   0.9887551 ]]",46
8,9,8,0.9,0.9946662187576294,"[[ 9.9806464e-01  4.9345739e-02  4.5503061e-03  2.2671469e-02
   1.5090263e-02  2.4584699e-02 -2.2950682e-03 -7.7306880e-03]
 [-5.1168457e-02  9.9643004e-01 -3.7898521e-03  6.1671712e-02
   4.2295246e-03  1.1097686e-02 -1.2433161e-02 -1.9885538e-02]
 [ 4.1790531e-04  1.9180411e-02  9.7024840e-01 -2.3958790e-01
   9.8912586e-03 -1.3724520e-02  1.8272562e-02  1.5086273e-02]
 [-2.1471400e-02 -6.1184846e-02  2.4134620e-01  9.6614403e-01
  -1.0624325e-02  5.7602614e-02 -1.7269138e-02 -1.9593460e-02]
 [-3.0035826e-03 -1.0893320e-03 -6.2648649e-03  3.8645051e-02
   8.8922924e-01 -4.5532742e-01  1.9880045e-02 -3.2149591e-03]
 [-2.7269425e-02 -1.0765055e-02 -3.3551836e-03 -4.9012549e-02
   4.5678121e-01  8.8736427e-01 -2.0702368e-02 -1.5297088e-02]
 [ 4.0429071e-04  9.7194966e-03 -1.2898646e-02  1.8613378e-02
  -9.0947878e-03  2.7959457e-02  9.9723369e-01 -6.3664302e-02]
 [ 5.8859535e-03  1.9210039e-02 -1.0870669e-02  2.4571737e-02
   9.1351029e-03  1.5678804e-02  6.2524334e-02  9.9731439e-01]]",46
9,10,8,0.9,1.0944335460662842,"[[ 0.99797976  0.01285653 -0.01755065 -0.01553396 -0.02914899  0.02707898
   0.0256175  -0.03289908]
 [-0.01282855  0.9953509   0.08453582 -0.01359561 -0.02749755  0.00175504
   0.03020127  0.01046771]
 [-0.01933317  0.08021361 -0.97305447 -0.20305182  0.00297979 -0.07035748
  -0.00987251 -0.00838517]
 [ 0.00726678  0.02963035 -0.20307836  0.97533256 -0.05835515  0.02938142
  -0.00428417 -0.04762189]
 [ 0.04035713  0.02515307  0.02600394  0.07000989  0.86010766 -0.5008762
  -0.03568975 -0.01500581]
 [-0.01001705  0.01524352 -0.05861017 -0.00624906  0.5050599   0.8585443
   0.05206927  0.03602802]
 [-0.02180599 -0.02980347 -0.00940973  0.0079754   0.00535402 -0.06575078
   0.99605197  0.04486404]
 [ 0.03522027 -0.00677099 -0.01642665  0.04545459 -0.00898687 -0.03393621
  -0.04702502  0.99646074]]",46
10,11,9,0.9,1.4556348323822021,"[[ 0.92415553 -0.25915548  0.0351336  -0.01450425 -0.1058378   0.17353246
   0.16193864  0.04074656 -0.09016968]
 [ 0.23064268  0.9608404   0.09132814 -0.02190831 -0.03330519  0.07765809
   0.08624154  0.00465669 -0.01302193]
 [-0.04746658 -0.07718654  0.989678    0.09450811  0.00539515 -0.03932545
   0.00462296 -0.04003653  0.0139631 ]
 [ 0.02950231  0.0271236  -0.08959841  0.99285394  0.01547823  0.01413194
  -0.04766658  0.00947182 -0.0424973 ]
 [ 0.02523572 -0.01252305  0.0043402  -0.00549296  0.9416819   0.25084895
   0.21256417  0.01574836  0.06352764]
 [-0.06586782 -0.00732694  0.03157061 -0.02945582 -0.09461237  0.821959
  -0.5506747  -0.06796147  0.03624906]
 [-0.01908434  0.00782735  0.04134661 -0.01200304  0.0144996  -0.00503614
  -0.12761144  0.9905206  -0.00834154]
 [ 0.23147121  0.05066467  0.005226   -0.05462838  0.3005292  -0.436599
  -0.7373949  -0.10118113 -0.32544923]
 [ 0.17520964  0.009592   -0.01349096  0.02434745  0.03429342 -0.18144879
  -0.23576    -0.01974742  0.93720984]]",46
0,1,6,0.9,0.8971372842788696,"[[ 0.9980629  -0.01442187  0.02513741 -0.01867938 -0.03163692 -0.04099567]
 [ 0.01692927  0.98674    -0.00784195  0.15984946  0.00859244 -0.01924641]
 [-0.02355842  0.00400579  0.9987099   0.02443373  0.03746524 -0.00261613]
 [ 0.01218628 -0.16088049 -0.02206207  0.9826597  -0.03361864 -0.08204814]
 [ 0.03690742 -0.01392212 -0.03701587  0.03849113  0.9930854   0.09681793]
 [-0.03896246 -0.00661879 -0.00531448 -0.08000334  0.10086057 -0.9908766 ]]",47
1,2,6,0.9,0.9069355130195618,"[[ 9.84220922e-01  1.74792424e-01  8.54188018e-03 -6.23183278e-03
  -2.29838919e-02  1.08056655e-02]
 [-1.70295641e-01  9.68625367e-01 -8.90747607e-02 -1.37089014e-01
   7.76920542e-02 -7.09290733e-04]
 [-2.86612064e-02  1.37206703e-01  8.90250802e-01  4.30172712e-01
   5.80513244e-03 -5.21936342e-02]
 [ 6.44504000e-03 -8.58885795e-02  4.42993879e-01 -8.91903222e-01
   1.88585296e-02 -2.21575368e-02]
 [ 3.35738361e-02 -6.90552071e-02  2.77051143e-03  2.50152797e-02
   9.83339906e-01  1.62829295e-01]
 [-1.78441666e-02  1.55342864e-02  5.65243810e-02 -1.43480673e-03
  -1.61520883e-01  9.84964073e-01]]",47
2,3,6,0.9,0.844668984413147,"[[ 9.9745631e-01  5.8521777e-02 -4.6002991e-03 -2.2602435e-02
  -3.1647883e-02 -1.1070378e-02]
 [-5.5230107e-02  9.9509269e-01 -1.8303318e-02  4.8878312e-02
   6.0210928e-02  1.9771958e-02]
 [ 4.8511670e-04  2.4079194e-02  9.9129629e-01 -1.2671466e-01
   1.4028786e-02 -2.2322305e-02]
 [ 2.5092706e-02 -4.3900594e-02  1.2811862e-01  9.9023414e-01
  -1.9430131e-02  9.3552666e-03]
 [ 3.4690484e-02 -5.8221504e-02 -1.1735405e-02  1.8166652e-02
   9.9562317e-01 -6.0609963e-02]
 [ 1.4046476e-02 -2.1659408e-02  2.0578282e-02 -1.2237264e-02
   5.9440784e-02  9.9761069e-01]]",47
3,4,6,0.9,0.8328429460525513,"[[ 0.9936297   0.10228454 -0.01401641 -0.03689099 -0.01789602 -0.01897897]
 [-0.10226723  0.99415797 -0.02441522  0.01415143 -0.01699201  0.01030212]
 [ 0.02163646  0.02237203  0.96502054  0.25889158  0.01934215  0.01917342]
 [ 0.03421115 -0.01761136 -0.25906467  0.96338916 -0.03352369  0.04650164]
 [ 0.0186552   0.01674029 -0.02858422  0.02116954  0.99291205  0.11059903]
 [ 0.01596471 -0.00983736 -0.00333441 -0.05335812 -0.10962959  0.99235654]]",47
4,5,7,0.9,0.8973516821861267,"[[ 0.99532986  0.06237577  0.0097396  -0.0242222  -0.05281075  0.01819874
   0.04032461]
 [-0.06149936  0.992677   -0.08870757  0.04711178 -0.00222212  0.00905814
   0.02519786]
 [-0.01814424  0.09028859  0.9929562  -0.0594034  -0.01931075  0.03934031
  -0.0103648 ]
 [ 0.02590245 -0.03863904  0.06645484  0.9912924  -0.03504806 -0.09760522
  -0.00203176]
 [ 0.04941766  0.00365433  0.02351467  0.03063128  0.9931136  -0.01985016
   0.09687468]
 [ 0.01035148  0.01555871  0.03229513 -0.10020346 -0.02466842 -0.99165475
   0.06767079]
 [-0.04457548 -0.02831037  0.00787045  0.00504281 -0.09339     0.06884098
   0.9917981 ]]",47
5,6,7,0.9,0.8634510040283203,"[[ 0.9897506  -0.13381225  0.01190117 -0.02654579 -0.00120553 -0.01308087
   0.03832709]
 [ 0.13310581  0.9895959   0.03674759  0.0257438   0.00862425 -0.02547785
   0.01569721]
 [-0.01187943 -0.03647924  0.990539    0.11812402 -0.00169653  0.0505388
  -0.02915755]
 [ 0.02553658 -0.02461191 -0.11952882  0.991763    0.02140252  0.00211043
  -0.0199643 ]
 [ 0.00223686  0.01263684 -0.01254347  0.0202764  -0.9787086   0.1991854
   0.0414909 ]
 [ 0.01586442  0.02305276 -0.04662984 -0.01151335  0.20046498  0.977968
   0.01739164]
 [-0.04032962 -0.01291778  0.02686093  0.02327447  0.0375034  -0.02291309
   0.99750286]]",47
6,7,7,0.9,0.8723850250244141,"[[ 9.9679083e-01 -6.3184433e-02 -3.3782925e-02 -2.7892500e-02
  -2.8813127e-03  2.1768641e-02  3.7920228e-03]
 [ 6.0519326e-02  9.9547839e-01 -5.6799807e-02 -3.0172335e-02
   3.4205124e-02 -4.9879160e-03  5.3551043e-03]
 [ 4.4749651e-02  6.1386757e-02  9.4073886e-01  3.3012128e-01
  -1.1828023e-02  9.5065720e-03  5.3969133e-03]
 [ 1.5729990e-02  7.1098772e-03 -3.3125055e-01  9.4221872e-01
   4.6803754e-02  2.6140900e-04 -2.8631273e-03]
 [ 2.7223004e-03 -3.4108877e-02  2.9331561e-02 -3.8897131e-02
   9.9359906e-01 -9.1285042e-02 -2.9726468e-02]
 [-2.1621101e-02  2.7314422e-03 -5.6946026e-03 -6.5073781e-03
   9.1073185e-02  9.9545521e-01 -1.4998916e-02]
 [-4.5464910e-03 -6.3790018e-03 -4.8095649e-03 -7.0536851e-05
   3.0946176e-02  1.2117980e-02  9.9940532e-01]]",47
7,8,7,0.9,0.9548266530036926,"[[ 9.9790168e-01  2.9516250e-02 -2.5900643e-02  4.0128242e-02
   1.5834296e-02  1.1897302e-03 -2.8066766e-02]
 [-3.1448811e-02  9.9729586e-01  2.6786363e-02  5.5569578e-02
   2.7683110e-03 -2.0133322e-02 -1.3909549e-02]
 [ 3.2356553e-02 -1.6633527e-02  9.8675847e-01 -1.5741004e-01
   1.3298361e-02  2.3514680e-03  4.8733647e-03]
 [ 3.3930920e-02  6.0048226e-02 -1.5674570e-01 -9.8474967e-01
  -2.8894156e-02 -2.0420568e-03 -1.0129206e-02]
 [-1.5999809e-02 -4.2827812e-04 -1.7233541e-02 -2.6943127e-02
   9.9706972e-01  6.2088657e-02 -2.6790511e-02]
 [ 3.0598310e-03  2.2252863e-02 -2.0178959e-03 -4.8072907e-05
  -5.7633452e-02  9.8773628e-01  1.4334153e-01]
 [ 2.7195157e-02  1.2327070e-02 -7.0020999e-03 -8.1145884e-03
   3.5498045e-02 -1.4179415e-01  9.8875070e-01]]",47
8,9,8,0.9,0.9875799417495728,"[[ 9.9908739e-01  1.3564920e-02 -1.1655846e-02  3.0926779e-02
   1.0656291e-02  1.7427852e-02 -6.0424889e-03 -9.7144619e-03]
 [-1.5535866e-02  9.9800318e-01 -1.8892279e-02  5.1043980e-02
  -1.0652665e-02  2.9404293e-04 -1.0308250e-02 -2.3792878e-02]
 [ 1.7645068e-02  3.0096862e-02  9.7711366e-01 -2.0804533e-01
   1.4706738e-02 -7.3300870e-03  1.5703866e-02  1.5238098e-02]
 [-2.8125964e-02 -4.7191232e-02  2.1064188e-01  9.7411388e-01
  -1.4804984e-02  5.0938241e-02 -1.9435158e-02 -2.2857452e-02]
 [-2.7815867e-03  7.5251563e-03 -8.7117311e-03  4.0009700e-02
   8.8689691e-01 -4.5985174e-01  1.4415011e-02  1.1990473e-03]
 [-1.9668067e-02  5.4492941e-03 -7.7232202e-03 -3.8854502e-02
   4.6113515e-01  8.8571280e-01 -1.8251779e-02 -2.3416242e-02]
 [ 4.1965595e-03  7.4623874e-03 -1.0793335e-02  1.9861922e-02
  -5.5240844e-03  2.2455795e-02  9.9713755e-01 -6.7804769e-02]
 [ 8.2787434e-03  2.3040185e-02 -1.1577653e-02  2.7429944e-02
   8.6761545e-03  2.4346421e-02  6.6396736e-02  9.9671340e-01]]",47
9,10,8,0.9,1.110887885093689,"[[ 0.99843407  0.00160993 -0.01434255 -0.02296922 -0.02686083  0.02127512
   0.03039122 -0.01719481]
 [-0.00208956  0.9940043   0.09681955 -0.01716104 -0.03340703  0.0013134
   0.02870839  0.01845476]
 [-0.01783583  0.09055018 -0.9647254  -0.23666754  0.00678482 -0.06754859
  -0.0061465  -0.01137406]
 [ 0.01565847  0.0382311  -0.23507077  0.9657204  -0.08297331  0.02280622
  -0.01644464 -0.05238174]
 [ 0.03643078  0.02759409  0.02466174  0.08868298  0.82649714 -0.5534585
   0.00103329  0.00486133]
 [-0.00406737  0.02155773 -0.05645926  0.01569614  0.55409265  0.82856673
   0.04263509  0.02693593]
 [-0.02877797 -0.02943481 -0.01139098  0.01806469 -0.02559632 -0.0367597
   0.9957331   0.0660186 ]
 [ 0.01974133 -0.01411647 -0.02326722  0.04596797 -0.02146018 -0.01650421
  -0.06812304  0.99568206]]",47
10,11,9,0.9,1.4453063011169434,"[[ 9.31867540e-01 -2.57257223e-01  6.62336731e-03 -4.84165289e-02
   1.77100524e-02  9.78932232e-02  1.97843477e-01  5.44028692e-02
  -1.05143085e-01]
 [ 2.33886108e-01  9.62990403e-01  5.56328967e-02 -4.28123139e-02
   1.75014418e-02  4.71319482e-02  9.99547988e-02  9.37480945e-03
  -2.03036442e-02]
 [-2.62575392e-02 -5.29910699e-02  9.94142234e-01  5.68191111e-02
  -2.40945350e-02  3.44794244e-05  5.24371043e-02 -3.95983085e-02
   7.55262049e-03]
 [ 4.55337167e-02  3.06373760e-02 -5.52438982e-02  9.93348122e-01
  -3.46279889e-02  6.78975061e-02  2.17975695e-02  1.19183995e-02
  -2.77363323e-02]
 [-2.50289142e-02 -1.48504348e-02  1.74582973e-02  3.88135649e-02
   9.95825231e-01 -2.00284496e-02  5.32143079e-02  4.36797924e-03
   4.92126457e-02]
 [-3.91627215e-02 -9.88404173e-03  1.53059475e-02 -5.33247888e-02
   3.45193036e-02  9.52148497e-01 -2.90180832e-01 -5.34410067e-02
   2.12470349e-02]
 [-2.07599252e-02  9.07459948e-03  4.78794537e-02 -4.83846013e-03
   2.66342680e-03  4.37709689e-03 -1.60013184e-01  9.85588968e-01
   1.24433823e-02]
 [ 1.84126854e-01  4.62290570e-02  5.02978042e-02  2.19454058e-02
   6.36947155e-02 -2.52532184e-01 -8.52834284e-01 -1.31528556e-01
  -3.85348171e-01]
 [ 1.94070891e-01  1.35555174e-02  1.13593535e-02  3.16070765e-02
  -2.60163601e-02 -1.13162376e-01 -3.28138888e-01 -6.06800392e-02
   9.14431512e-01]]",47
0,1,6,0.9,0.8962928652763367,"[[ 0.99821216 -0.01201658  0.0243264  -0.01631305  0.03122729 -0.03993858]
 [ 0.01452895  0.987598   -0.01396664  0.15458915 -0.01148452 -0.01464181]
 [-0.02233271  0.00915472  0.9983548   0.03088177 -0.04180872  0.00185817]
 [ 0.01074176 -0.15536557 -0.02736469  0.9837284   0.02987247 -0.07989626]
 [ 0.03653089 -0.01651782 -0.04184431  0.03429372 -0.992447    0.10254072]
 [-0.03758702 -0.0032747  -0.00102596 -0.07736145 -0.1063089  -0.99060035]]",48
1,2,6,0.9,0.8948912620544434,"[[ 9.8492146e-01  1.7065489e-01  7.3606586e-03 -6.7908894e-03
  -2.4306627e-02  1.0754458e-02]
 [-1.6645749e-01  9.6987432e-01 -8.1186660e-02 -1.3812114e-01
   7.7194117e-02 -2.8167511e-03]
 [-2.5719360e-02  1.3130373e-01  8.8904667e-01  4.3543953e-01
   7.3296111e-03 -4.5084849e-02]
 [ 6.7845429e-03 -8.9547545e-02  4.4743022e-01 -8.8920730e-01
   1.8274959e-02 -2.6796151e-02]
 [-3.4705210e-02  6.8780929e-02  2.7513094e-04 -2.2668103e-02
  -9.8487836e-01 -1.5351017e-01]
 [-1.7600792e-02  1.5177479e-02  5.2505087e-02 -8.0992300e-03
  -1.5191154e-01  9.8669165e-01]]",48
2,3,6,0.9,0.8300439715385437,"[[ 9.9723983e-01  6.1401747e-02 -3.1454596e-03 -2.8384214e-02
  -2.8438890e-02 -1.0878643e-02]
 [-5.8052614e-02  9.9507767e-01 -1.5588530e-02  4.6601400e-02
   5.8612522e-02  2.4501555e-02]
 [-8.1873834e-05  1.8839041e-02  9.9576783e-01 -8.7070763e-02
   1.9151263e-02 -1.1974006e-02]
 [ 3.0345071e-02 -4.1767452e-02  8.8469207e-02  9.9416327e-01
  -3.2177843e-02  1.0577946e-02]
 [ 3.2159232e-02 -5.7153791e-02 -1.6015746e-02  3.0843761e-02
   9.9579901e-01 -5.3625289e-02]
 [ 1.3699960e-02 -2.6160868e-02  1.0496615e-02 -1.1377282e-02
   5.2325059e-02  9.9807334e-01]]",48
3,4,7,0.9,0.9428768754005432,"[[ 9.9285895e-01  1.1223083e-01 -6.6310065e-03 -3.0902268e-02
  -2.0725699e-02 -1.4367645e-02 -6.6356699e-04]
 [-1.1191106e-01  9.9268705e-01 -3.3630364e-02  2.2186300e-02
  -1.6057868e-02  1.1947757e-02 -4.9318867e-03]
 [ 1.0549998e-02  2.9368078e-02  9.7458768e-01  2.2093099e-01
   1.4076919e-02  1.2915816e-02  5.4383636e-03]
 [ 3.1778075e-02 -2.6766859e-02 -2.2017354e-01  9.7273779e-01
  -3.5796724e-02  4.7912698e-02  1.1727370e-03]
 [ 2.0954024e-02  1.6032744e-02 -2.2389872e-02  2.6843343e-02
   9.9493027e-01  9.0412714e-02  4.6246499e-03]
 [ 1.2115028e-02 -1.0937054e-02  3.8476379e-04 -5.2836251e-02
  -8.8918306e-02  9.9433452e-01 -1.8279228e-02]
 [ 1.3682900e-04  4.5688385e-03 -5.1026945e-03 -3.3439875e-03
  -6.3553839e-03  1.7684136e-02  9.9979436e-01]]",48
4,5,7,0.9,0.9178911447525024,"[[ 9.95319724e-01  6.55776113e-02 -1.89359102e-03 -2.90557034e-02
  -5.05771041e-02  1.59337707e-02  3.71275730e-02]
 [-6.54686317e-02  9.92062747e-01 -9.47721675e-02  4.29606959e-02
  -2.18285643e-03  1.00558931e-02  2.43288595e-02]
 [-7.56049529e-03  9.63126048e-02  9.93281662e-01 -5.05243503e-02
  -2.54792143e-02  2.90523265e-02 -3.48995673e-03]
 [ 3.06426957e-02 -3.48695815e-02  5.62059060e-02  9.90989387e-01
  -3.67923900e-02 -1.05297960e-01  1.35924360e-02]
 [ 4.73064221e-02  3.86162009e-03  2.71921866e-02  3.38257402e-02
   9.92801547e-01  1.14083830e-02  1.00392282e-01]
 [ 8.15096777e-03  1.48727847e-02  2.25284602e-02 -1.07309192e-01
   3.67272529e-03 -9.88605320e-01  1.01664096e-01]
 [-4.18570936e-02 -2.79778112e-02  5.89847186e-05 -6.16910495e-03
  -9.88230258e-02  1.01205975e-01  9.88644779e-01]]",48
5,6,7,0.9,0.8508588075637817,"[[ 9.89831328e-01 -1.32747427e-01  1.61873233e-02 -2.38049682e-02
  -2.72543286e-03 -1.08696343e-02  4.07144949e-02]
 [ 1.32136494e-01  9.90539372e-01  1.99526791e-02  1.56032294e-02
   9.61878337e-03 -2.14886516e-02  1.32581014e-02]
 [-1.24549344e-02 -1.96761247e-02  9.80643988e-01  1.86468586e-01
   4.51643113e-03  4.61314507e-02 -2.95974072e-02]
 [ 2.53805444e-02 -1.51358433e-02 -1.87239021e-01  9.81251121e-01
   3.10115684e-02  1.11120718e-03 -1.58559624e-02]
 [ 4.01730395e-05  1.23174535e-02 -7.61714485e-03  3.02913617e-02
  -9.84863281e-01  1.65696502e-01  3.82325873e-02]
 [ 1.33296913e-02  1.87915079e-02 -4.32018079e-02 -1.43540846e-02
   1.66540816e-01  9.84511077e-01  1.99723653e-02]
 [-4.23886254e-02 -9.41926800e-03  2.63497382e-02  2.10193209e-02
   3.50209996e-02 -2.39453819e-02  9.97586310e-01]]",48
6,7,7,0.9,0.8605475425720215,"[[ 0.9971029  -0.06028451 -0.03195293 -0.02689598 -0.00394873  0.01892302
   0.00578593]
 [ 0.05768618  0.9956742  -0.05798937 -0.02955152  0.03265619 -0.00110982
   0.00118802]
 [ 0.04225839  0.06250902  0.94649196  0.31314248 -0.01617692  0.01117278
   0.003894  ]
 [ 0.0160012   0.0072035  -0.31393638  0.9477514   0.0527882   0.00940935
  -0.00530415]
 [ 0.00359702 -0.03215915  0.03431141 -0.04321991  0.99438435 -0.07887977
  -0.02975569]
 [-0.01916693 -0.00104666 -0.00436039 -0.01542021  0.07828569  0.9965724
  -0.00946955]
 [-0.00599499 -0.00200718 -0.00411955  0.00256765  0.03067312  0.00699192
   0.9994733 ]]",48
7,8,7,0.9,0.9461646676063538,"[[ 9.9789643e-01  3.2357026e-02 -2.4301235e-02  3.8104612e-02
   1.7953472e-02 -1.3539062e-03 -2.8088056e-02]
 [-3.3928238e-02  9.9674308e-01  4.0242106e-02  5.6477468e-02
  -3.8167532e-04 -1.8055337e-02 -1.4722074e-02]
 [ 3.4376353e-02 -2.1937652e-02  9.5960027e-01 -2.7814248e-01
   1.0380976e-02 -3.2843822e-03 -4.7325902e-03]
 [ 2.7687283e-02  6.6117845e-02 -2.7704048e-01 -9.5795274e-01
  -1.6676439e-02 -7.1594235e-03 -1.0370554e-02]
 [-1.8459991e-02  1.9704273e-03 -1.4009548e-02 -1.3930533e-02
   9.9688351e-01  6.9186591e-02 -2.6483659e-02]
 [ 5.8659092e-03  2.0291843e-02  2.9702887e-03 -6.9585205e-03
  -6.5165110e-02  9.8905796e-01  1.3043974e-01]
 [ 2.6980797e-02  1.3699933e-02  8.2759408e-04 -8.8945916e-03
   3.5613336e-02 -1.2879352e-01  9.9052936e-01]]",48
8,9,8,0.9,0.9843973517417908,"[[ 9.9862361e-01 -3.7375912e-02  9.5170680e-03  2.7051657e-02
   8.8278521e-03  1.7189942e-02 -6.0920026e-03 -1.1000358e-02]
 [ 3.5719138e-02  9.9770874e-01  3.7279222e-04  5.0837308e-02
  -9.3847159e-03  1.2623474e-03 -5.5981465e-03 -2.4412721e-02]
 [ 1.5812038e-02  1.1454085e-02 -9.7422850e-01 -2.2362128e-01
   1.7813241e-02 -6.9894074e-03  1.1143642e-02  9.3233096e-04]
 [-2.7131947e-02 -4.9368311e-02 -2.2484969e-01  9.7045404e-01
  -2.1754570e-02  5.4130692e-02 -2.3211632e-02 -2.3366891e-02]
 [-1.7285423e-03  7.0506381e-03  9.1224518e-03  4.6632182e-02
   9.0728736e-01 -4.1736552e-01  1.5676431e-02  8.9110527e-03]
 [-1.8550554e-02  4.7659213e-03  9.8699918e-03 -4.0312961e-02
   4.1934368e-01  9.0599948e-01 -2.4655795e-02 -2.4866948e-02]
 [ 4.1482905e-03  2.2013835e-03  6.1166161e-03  2.1785293e-02
  -4.7122226e-03  2.7962862e-02  9.9582750e-01 -8.3602980e-02]
 [ 1.1159448e-02  2.3124810e-02 -3.5724356e-03  2.4938850e-02
   1.2978648e-03  3.0213222e-02  8.2113214e-02  9.9551439e-01]]",48
9,10,8,0.9,1.120042085647583,"[[ 9.98078167e-01 -1.15084695e-02  4.79469425e-04 -1.78436805e-02
  -2.62804702e-02  2.58542933e-02  3.77874672e-02 -2.45337524e-02]
 [ 9.57625266e-03  9.95185375e-01  8.61064643e-02 -1.91861466e-02
  -2.83257198e-02  1.88302319e-03  2.74891574e-02  1.30526898e-02]
 [ 8.88435054e-04 -8.07920545e-02  9.74376738e-01  1.97784126e-01
   1.70799938e-03  6.79947212e-02 -8.24788760e-04  1.77880395e-02]
 [ 1.45008676e-02  3.45067643e-02 -1.96554318e-01  9.74068701e-01
  -8.29306617e-02  3.82002965e-02 -2.44518705e-02 -4.71274778e-02]
 [ 3.81779000e-02  2.50806473e-02  1.74885038e-02  9.48685408e-02
   8.46931934e-01 -5.20783246e-01 -5.42744994e-03  8.32036696e-03]
 [-8.63693096e-03  1.68979056e-02 -5.96762188e-02  1.56124786e-03
   5.22561610e-01  8.48444283e-01  4.19094972e-02  3.73009332e-02]
 [-3.59554775e-02 -2.72591822e-02 -4.97167511e-03  2.75623240e-02
  -1.89917348e-02 -3.96717414e-02  9.96669173e-01  4.35394570e-02]
 [ 2.66883429e-02 -9.89401154e-03 -2.54956875e-02  4.02867161e-02
  -3.00258696e-02 -2.44685244e-02 -4.56343330e-02  9.96661484e-01]]",48
10,11,9,0.9,1.4180554151535034,"[[ 0.93958277 -0.22171515  0.03084692  0.01054289 -0.04571109  0.15455875
   0.16965754  0.06336498 -0.09048354]
 [ 0.19751152  0.972279    0.04122024 -0.00150218 -0.01890313  0.07489543
   0.08861168  0.0094302  -0.00733692]
 [-0.04269652 -0.0362431   0.9951152   0.03441308 -0.02282699 -0.00621828
   0.03856663 -0.05233413  0.02527645]
 [ 0.01196937  0.01130075 -0.02794377  0.9918124   0.069166   -0.02663198
  -0.08640688 -0.01006313 -0.04685711]
 [ 0.00788556 -0.00450284  0.01747745 -0.04724973  0.97813904  0.06771655
   0.17700773  0.02462212  0.06403101]
 [-0.06039758 -0.01466044  0.01574776 -0.01508119  0.01972797  0.88746554
  -0.44727075 -0.08496501  0.02017831]
 [-0.02152874  0.01345954  0.05929638 -0.00781617  0.01335192 -0.01702759
  -0.21306673  0.9745839   0.00993021]
 [ 0.21100985  0.05988986  0.04595746 -0.11062837  0.18682294 -0.39611384
  -0.78343594 -0.1773768  -0.3170078 ]
 [ 0.16585687  0.00846019 -0.01151514  0.0158319  -0.00467439 -0.14274971
  -0.2527025  -0.06288118  0.9401195 ]]",48
0,1,6,0.9,0.8939977884292603,"[[ 0.99803466 -0.02040041  0.02469795 -0.01596272  0.03198059 -0.04028904]
 [ 0.02282383  0.9867127  -0.00998345  0.15918231 -0.01459528 -0.01500844]
 [-0.02258226  0.00171378  0.9976055   0.051374   -0.04037192 -0.00112086]
 [ 0.00954475 -0.15992074 -0.04894827  0.9823395   0.03054011 -0.07755505]
 [ 0.03676738 -0.01979878 -0.04090918  0.03270941 -0.99328405  0.09433735]
 [-0.03811967 -0.00348347 -0.0020437  -0.07553905 -0.09792075 -0.99158245]]",49
1,2,6,0.9,0.8950901031494141,"[[ 0.98561525  0.16680846  0.00917943 -0.00740873 -0.02174169  0.01121204]
 [-0.16245675  0.96926403 -0.08816012 -0.14084576  0.08069478 -0.00368957]
 [-0.02768886  0.13489634  0.9069196   0.39480093  0.00150459 -0.05160539]
 [ 0.00611131 -0.09509773  0.40783182 -0.9075421   0.01485059 -0.02718596]
 [-0.03237305  0.07197686 -0.00822237 -0.02323088 -0.98590434 -0.14545377]
 [-0.01784342  0.01675954  0.05697304 -0.00821625 -0.14417216  0.9875737 ]]",49
2,3,6,0.9,0.8280506134033203,"[[ 0.9975298   0.05302101 -0.01286734 -0.03065564 -0.02986085 -0.01122701]
 [-0.04919324  0.9947108  -0.01783695  0.05640757  0.06269683  0.02645035]
 [ 0.01174889  0.01871968  0.99951434 -0.01520583  0.01365846 -0.00805353]
 [ 0.03255039 -0.05236723  0.01633405  0.99721414 -0.03832843  0.00512412]
 [ 0.03351396 -0.06212605 -0.01266857  0.0343526   0.995875   -0.04369742]
 [ 0.01391243 -0.0280505   0.00775067 -0.00557524  0.04188922  0.9985859 ]]",49
3,4,6,0.9,0.8125334978103638,"[[ 0.9929182   0.11065546 -0.00807655 -0.03596498 -0.01943881 -0.01149472]
 [-0.11066084  0.9927928  -0.03973712  0.01427085 -0.01605206  0.00874111]
 [ 0.01346158  0.03648312  0.9645966   0.26062852  0.00977974  0.00427576]
 [ 0.03503326 -0.02131449 -0.2597417   0.9629795  -0.03427133  0.04846371]
 [ 0.0195145   0.01633506 -0.01825449  0.02539633  0.99475     0.09405628]
 [ 0.00884039 -0.00811203  0.01049523 -0.05100289 -0.09255661  0.9942726 ]]",49
4,5,7,0.9,0.922424852848053,"[[ 9.9522120e-01  6.4010642e-02  5.6608679e-04 -3.5237197e-02
  -5.1718529e-02  1.6486052e-02  3.5339721e-02]
 [-6.3168958e-02  9.9303174e-01 -8.9779086e-02  3.7589189e-02
   2.3270927e-03  8.5103204e-03  1.8616362e-02]
 [-1.0302540e-02  9.1349170e-02  9.9297589e-01 -5.9676163e-02
  -2.9872125e-02  3.1756215e-02 -9.2648864e-03]
 [ 3.5960365e-02 -2.8679051e-02  6.4451620e-02  9.9139756e-01
  -4.2029537e-02 -9.4892524e-02  9.4945710e-03]
 [ 4.9185541e-02  4.2866028e-04  3.3276495e-02  3.7978344e-02
   9.9245602e-01  8.3189709e-03  9.9963762e-02]
 [ 9.0801939e-03  1.3414628e-02  2.5583312e-02 -9.7212158e-02
   1.8817043e-03 -9.9093014e-01  8.7674364e-02]
 [-4.0540833e-02 -2.1054858e-02  4.7158729e-03 -4.7400724e-03
  -9.8429918e-02  8.7355457e-02  9.9022675e-01]]",49
5,6,7,0.9,0.8561176657676697,"[[ 9.89550233e-01 -1.33281097e-01  1.61596537e-02 -3.21699902e-02
   9.74451844e-03 -1.75966043e-02  3.64120044e-02]
 [ 1.32848263e-01  9.90030944e-01  2.62056775e-02  2.68456843e-02
   6.05721679e-03 -2.44490523e-02  1.21736992e-02]
 [-1.32575799e-02 -2.64149550e-02  9.88579690e-01  1.35193586e-01
   8.54176033e-05  5.09132333e-02 -3.11002955e-02]
 [ 3.12046055e-02 -2.71858219e-02 -1.36421606e-01  9.89455283e-01
   1.97125599e-02  6.32547261e-03 -1.50321545e-02]
 [ 1.20083485e-02  6.94242539e-03 -7.62256933e-03  1.83382276e-02
  -9.88822162e-01  1.38317049e-01  5.01223169e-02]
 [ 1.78207587e-02  2.22251732e-02 -4.66171615e-02 -1.48260538e-02
   1.40816599e-01  9.87429917e-01  4.41411883e-02]
 [-3.91201861e-02 -9.79346316e-03  3.03350892e-02  1.97285041e-02
   4.33715321e-02 -4.80738468e-02  9.96429622e-01]]",49
6,7,7,0.9,0.8666287660598755,"[[ 9.9785310e-01 -4.8051398e-02 -3.2279514e-02 -2.6575094e-02
  -2.5596563e-03  1.4820621e-02  2.4147911e-03]
 [ 4.4921979e-02  9.9549502e-01 -7.2453149e-02 -3.0663408e-02
   2.7450217e-02 -4.5336043e-03 -2.8204587e-03]
 [ 4.0807173e-02  7.6009721e-02  9.6974552e-01  2.2752495e-01
  -6.7837839e-03  1.8232394e-02 -2.2164034e-03]
 [ 1.8777095e-02  1.0845740e-02 -2.2951736e-01  9.7102576e-01
   5.7945058e-02  2.3414193e-02 -7.3970403e-03]
 [ 1.8681961e-03 -2.7889213e-02  2.2747677e-02 -5.1830284e-02
   9.9417740e-01 -8.4011123e-02 -2.3838602e-02]
 [-1.5594234e-02  1.1581039e-03 -1.0311510e-02 -3.1316929e-02
   8.1877783e-02  9.9527979e-01 -3.7181370e-02]
 [-2.5914721e-03  2.5532586e-03  4.8456196e-04  5.2700508e-03
   2.7268903e-02  3.5203841e-02  9.9898744e-01]]",49
7,8,7,0.9,0.9485260844230652,"[[ 9.98252988e-01 -1.07472120e-02 -3.38572562e-02  3.21495943e-02
   1.78921875e-02 -7.81924184e-03 -2.85379067e-02]
 [ 9.33887158e-03  9.98093843e-01  2.28657909e-02  5.02814166e-02
  -2.46166368e-04 -2.18773838e-02 -1.38473548e-02]
 [ 3.88944186e-02 -1.32122245e-02  9.80704486e-01 -1.90600842e-01
   1.12000294e-02  5.16206445e-03 -7.11896084e-03]
 [ 2.57834736e-02  5.34364879e-02 -1.90602079e-01 -9.79759812e-01
  -1.39876781e-02  1.15419296e-03 -4.93455678e-03]
 [-1.78140700e-02  3.71177425e-03 -1.37333032e-02 -1.13861058e-02
   9.90042806e-01  1.33430719e-01 -3.69059816e-02]
 [ 1.36486590e-02  2.29833666e-02 -2.17831484e-03  4.37780842e-03
  -1.27613664e-01  9.83301997e-01  1.26860276e-01]
 [ 2.68828850e-02  1.10076778e-02  5.20949438e-03 -5.60558401e-03
   5.37460260e-02 -1.21431984e-01  9.90688264e-01]]",49
8,9,8,0.9,0.98148113489151,"[[ 9.98689175e-01 -3.05621419e-02  5.13477018e-03  3.37908082e-02
   2.80039804e-03  2.04528756e-02 -6.92898640e-03 -6.60323491e-03]
 [ 2.91784052e-02  9.98349130e-01 -7.62991095e-03  4.25388478e-02
  -9.46488511e-03 -7.29372352e-03 -1.63420546e-03 -2.08448395e-02]
 [ 3.36462655e-03  1.76333692e-02  9.72604752e-01 -2.29738414e-01
   2.56547313e-02  1.71367521e-03  1.23150796e-02  1.11914836e-02]
 [-3.58260125e-02 -3.93078029e-02  2.31600612e-01  9.69179690e-01
  -5.23593388e-02  2.47694310e-02 -1.82138439e-02 -2.31653433e-02]
 [-4.36607632e-04  5.39494865e-03 -1.13858609e-02  6.12806119e-02
   9.78653789e-01 -1.94990993e-01  1.43618025e-02  9.73330811e-03]
 [-1.99759472e-02  9.83413868e-03 -9.80360899e-03 -1.28972549e-02
   1.96160436e-01  9.80072618e-01 -1.00734169e-02 -1.09084472e-02]
 [ 5.59884077e-03 -9.76777752e-04 -7.22410809e-03  1.77985709e-02
  -1.26234461e-02  1.22035528e-02  9.96701598e-01 -7.66577721e-02]
 [ 6.57458371e-03  1.95514113e-02 -6.21732138e-03  2.68568583e-02
  -1.00687072e-02  1.41132278e-02  7.57901669e-02  9.96378303e-01]]",49
9,10,8,0.9,1.1181670427322388,"[[ 9.9759007e-01  2.3824222e-02  7.8865392e-03 -3.3046789e-02
  -3.2924931e-02  1.7238747e-02  3.5288792e-02 -2.1575877e-02]
 [-2.6472382e-02  9.9567902e-01  7.6314233e-02 -2.9524751e-02
  -1.6011987e-02 -1.5792956e-03  2.6870623e-02  1.5685337e-02]
 [ 4.7475309e-04  6.7959622e-02 -9.6869206e-01 -2.2655207e-01
   2.4126142e-02 -7.1173206e-02 -1.6031141e-03 -6.3956589e-03]
 [ 2.8179776e-02  4.5977578e-02 -2.2547935e-01  9.6475428e-01
  -1.1318890e-01  8.3943615e-03 -1.3666411e-02 -4.9308270e-02]
 [ 3.7142187e-02  9.6609946e-03  5.3215612e-02  8.7456703e-02
   6.0905826e-01 -7.8383994e-01 -4.7729701e-02 -2.0282319e-02]
 [ 1.6640259e-02  1.7564818e-02 -4.2699371e-02  7.7878177e-02
   7.8337008e-01  6.1125982e-01  5.4295510e-02  3.5651896e-02]
 [-3.2859437e-02 -2.7718848e-02 -2.4448403e-03  1.5726853e-02
  -1.3880232e-02 -7.2208069e-02  9.9608070e-01  1.7755371e-02]
 [ 2.4137760e-02 -1.2372016e-02 -1.5736043e-02  4.4705581e-02
  -2.1270281e-02 -3.6146946e-02 -2.0988259e-02  9.9740595e-01]]",49
10,11,9,0.9,1.4175405502319336,"[[ 0.93939114 -0.2024181   0.00975164 -0.02330952 -0.13505454  0.17910048
   0.11697674  0.04767894 -0.09828128]
 [ 0.17625456  0.9761757   0.03721436 -0.02780415 -0.05514503  0.08143605
   0.06291421  0.00420467 -0.01444713]
 [-0.02330967 -0.03600704  0.9926982   0.07657583 -0.04670807  0.00136328
   0.03436917 -0.05794087  0.01116427]
 [ 0.03110928  0.02712287 -0.07435092  0.99426556 -0.03694598 -0.01725871
  -0.04147817  0.0104525  -0.02668104]
 [ 0.00775974 -0.00715542  0.02374007  0.05512271  0.8492629   0.40858713
   0.32533523  0.00790619  0.0467981 ]
 [-0.04733825 -0.00707909  0.01591442 -0.01548687 -0.06053933  0.692844
  -0.71197325 -0.07602495  0.02885263]
 [-0.01540612  0.01131348  0.0661682  -0.00956518  0.06154703 -0.03541144
  -0.1423546   0.98481053 -0.00250401]
 [ 0.21293245  0.0588358   0.0481247  -0.02749022  0.47685307 -0.5092576
  -0.550604   -0.1295048  -0.376109  ]
 [ 0.19258448  0.01961714  0.00557607  0.01140691  0.13814223 -0.23112333
  -0.20803387 -0.04215483  0.9191348 ]]",49
0,1,6,0.9,0.8895944952964783,"[[ 0.99830383 -0.01007084  0.0257133  -0.01590089  0.0288871  -0.03923821]
 [ 0.01194961  0.98600453  0.00616655  0.16444427 -0.01216445 -0.0205969 ]
 [-0.02501568 -0.00368452  0.99888194 -0.01637818 -0.0364148  -0.00109775]
 [ 0.00946395 -0.16536151  0.01674204  0.9821986   0.0301753  -0.08161549]
 [ 0.03399337 -0.01640859 -0.03470052  0.0363659  -0.9929393   0.10059819]
 [-0.03709234 -0.0081407  -0.0071571  -0.08000284 -0.10417468 -0.9905825 ]]",50
1,2,6,0.9,0.9007413983345032,"[[ 0.98396325  0.17608604  0.01222712 -0.00870628 -0.02335837  0.00625817]
 [-0.17165318  0.9679344  -0.0817292  -0.14584309  0.07470835 -0.01034131]
 [-0.03078818  0.12941162  0.9111442   0.387162   -0.00137458 -0.04716677]
 [ 0.005986   -0.10356978  0.40039068 -0.9100363   0.01379836 -0.02383588]
 [-0.03391068  0.06401958 -0.01014879 -0.02279948 -0.98466736 -0.15671276]
 [-0.01476104  0.02289264  0.05070928 -0.00857572 -0.1552769   0.9861553 ]]",50
2,3,6,0.9,0.8267797827720642,"[[ 0.99808425  0.04800681 -0.0065712  -0.02284276 -0.02909328 -0.01057758]
 [-0.04508023  0.99604094 -0.01272179  0.04423801  0.05730494  0.02162419]
 [ 0.00421498  0.01597659  0.9962365  -0.08166549  0.01638648 -0.0173758 ]
 [ 0.02487755 -0.04118967  0.08256297  0.99523973 -0.01743412  0.00786331]
 [ 0.03135753 -0.05553658 -0.0153172   0.01609455  0.9960301  -0.05798959]
 [ 0.01325675 -0.02370091  0.01601307 -0.00953035  0.05675662  0.99784464]]",50
3,4,6,0.9,0.8052673935890198,"[[ 0.99337107  0.10730629 -0.00435177 -0.03184752 -0.01392976 -0.02172579]
 [-0.1073171   0.9935181  -0.02978392  0.00505218 -0.01920561  0.01110733]
 [ 0.00829036  0.02919491  0.97859204  0.20183082  0.01283552  0.02315293]
 [ 0.03208506 -0.00878086 -0.20230033  0.97679317 -0.03221272  0.05296784]
 [ 0.01505957  0.01875886 -0.02095441  0.0216954   0.99233925  0.11736418]
 [ 0.01928646 -0.01121623 -0.00932926 -0.06024178 -0.11617878  0.9911048 ]]",50
4,5,7,0.9,0.9172357320785522,"[[ 9.96039569e-01  5.81677072e-02  1.86683573e-02 -1.95748191e-02
  -4.59727757e-02  1.63213406e-02  3.75529788e-02]
 [-5.65090701e-02  9.93548334e-01 -8.43409523e-02  4.44850512e-02
   9.26699722e-04  1.06821219e-02  2.14737263e-02]
 [-2.55871750e-02  8.44255909e-02  9.94854093e-01 -3.14763151e-02
  -3.08933780e-02  2.09263358e-02 -9.99225862e-03]
 [ 2.01989356e-02 -3.92913334e-02  3.63278277e-02  9.91116822e-01
  -4.43329774e-02 -1.10229984e-01  1.73165966e-02]
 [ 4.29360904e-02  7.92453007e-04  3.40056084e-02  4.11006548e-02
   9.94338930e-01  1.19529816e-03  8.12341198e-02]
 [ 8.89588054e-03  1.54620456e-02  1.70575101e-02 -1.12000890e-01
  -3.24015273e-03 -9.88462925e-01  9.88790691e-02]
 [-4.15529869e-02 -2.38118675e-02  6.02926454e-03 -1.00558866e-02
  -7.90286437e-02  9.98521596e-02  9.90632594e-01]]",50
5,6,7,0.9,0.8485618829727173,"[[ 9.90490437e-01 -1.26088545e-01  3.52180027e-03 -3.38103287e-02
   2.99890293e-03 -1.03447810e-02  4.19394150e-02]
 [ 1.25883654e-01  9.91203725e-01  3.22178341e-02  1.63700078e-02
   7.68418144e-03 -9.56470706e-03  1.45652676e-02]
 [-1.73361041e-04 -3.44054811e-02  9.79951739e-01  1.92804128e-01
  -5.20934025e-03  3.13526131e-02 -1.80947706e-02]
 [ 3.30656506e-02 -1.38993273e-02 -1.93669960e-01  9.80234861e-01
   8.67832731e-03  2.31032330e-03 -1.62564423e-02]
 [ 3.77358985e-03  8.20983201e-03 -1.07160015e-02  7.08450563e-03
  -9.84175444e-01  1.68038055e-01  5.39938919e-02]
 [ 9.73532815e-03  7.74138793e-03 -2.81549245e-02 -9.28793568e-03
   1.69532672e-01  9.84816313e-01  1.90219544e-02]
 [-4.33554351e-02 -1.06191663e-02  1.51250632e-02  2.04573832e-02
   4.98695411e-02 -2.67062038e-02  9.97075737e-01]]",50
6,7,7,0.9,0.8654760122299194,"[[ 9.9745458e-01 -5.2636437e-02 -2.7111430e-02  2.9184261e-02
  -3.9313585e-03  2.6670916e-02 -3.6536652e-04]
 [ 4.9565259e-02  9.9542779e-01 -5.7257138e-02  4.5430116e-02
   3.5459962e-02  8.1600454e-03 -7.3789642e-04]
 [ 3.6329363e-02  6.4857960e-02  9.7269094e-01 -2.1884409e-01
  -1.9138908e-02 -5.1579797e-03  7.7734799e-03]
 [ 2.4390450e-02  2.9557884e-02 -2.2145364e-01 -9.7394603e-01
   2.8348973e-02 -9.1181239e-03 -5.6630136e-03]
 [ 5.1478720e-03 -3.4216393e-02  2.6540115e-02  2.3205860e-02
   9.9158794e-01 -1.1284768e-01 -3.9730601e-02]
 [-2.6183063e-02 -1.0063844e-02  7.0695942e-03 -8.6565297e-03
   1.1345445e-01  9.9295193e-01  1.6211109e-02]
 [ 8.8658533e-04 -8.1858237e-04 -7.9353089e-03 -2.7104125e-03
   3.7927922e-02 -2.0596018e-02  9.9903226e-01]]",50
7,8,7,0.9,0.942089855670929,"[[ 9.95799661e-01  7.11991638e-02 -2.01710463e-02  4.32880782e-02
   5.93588501e-03  1.09582422e-02 -2.96240151e-02]
 [-7.36963376e-02  9.95923877e-01  4.70517902e-03  4.94449623e-02
   9.58731491e-03  6.07458875e-03 -1.04284119e-02]
 [ 2.33437568e-02  2.84006412e-04  9.97332513e-01 -6.12421818e-02
   2.41976115e-03 -3.15391123e-02  5.61873103e-03]
 [-3.83880064e-02 -5.28994203e-02  6.30540028e-02  9.94612813e-01
   2.94368621e-02  3.82519215e-02  1.29546234e-02]
 [-5.80530893e-03 -9.17608012e-03 -3.52439261e-03 -2.96339728e-02
   9.97945130e-01  8.48081056e-03 -5.50002381e-02]
 [-2.41556065e-03 -2.14754371e-03  2.73292381e-02 -4.21936475e-02
   1.28382223e-03  9.79328692e-01  1.95897982e-01]
 [ 2.98945922e-02  1.33828428e-02 -1.27919875e-02 -4.19727480e-03
   5.57158925e-02 -1.95520982e-01  9.78474915e-01]]",50
8,9,8,0.9,0.9956448674201965,"[[ 9.9877828e-01  3.5855647e-02 -1.7036300e-02  2.2969290e-03
   2.2124885e-02  1.3336557e-02 -1.6360352e-03 -1.3804678e-02]
 [-3.7926979e-02  9.9575686e-01 -3.4044895e-02  5.5710346e-02
   4.3782111e-02  1.9102070e-02  1.0971779e-02 -1.9100426e-02]
 [ 1.6952379e-02  4.5672406e-02  9.8446274e-01 -1.6065106e-01
  -3.8202919e-02 -3.1221561e-02  9.8538511e-03  1.0936951e-02]
 [ 2.6835076e-04 -5.3055029e-02  1.6689773e-01  9.8057622e-01
   6.0323235e-02  6.4458266e-02 -1.6129648e-03 -2.0532398e-03]
 [-6.4052152e-03 -1.9215519e-02  7.4506695e-03 -2.7745785e-03
   7.3350167e-01 -6.7928958e-01  6.8861912e-03 -4.4668131e-03]
 [-2.2972319e-02 -3.8504303e-02  3.5957005e-02 -9.7662210e-02
   6.7342591e-01  7.2950482e-01 -1.6738746e-03 -3.8423754e-02]
 [ 1.1925357e-03 -1.2322140e-02 -8.4894169e-03  2.3452591e-03
  -5.6757662e-03  4.6049207e-03  9.9818563e-01 -5.7802349e-02]
 [ 1.2069525e-02  1.6674412e-02 -1.0414379e-02  1.2402300e-03
   3.0591765e-02  2.6357774e-02  5.7899747e-02  9.9723780e-01]]",50
9,10,9,0.9,1.2598994970321655,"[[ 9.95256901e-01  2.64926553e-02 -3.58256092e-03  2.27162931e-02
  -4.73101735e-02  1.60296261e-02  3.70085575e-02  5.87395653e-02
   3.02960761e-02]
 [-2.61291973e-02  9.93671715e-01 -9.12010372e-02 -4.96912934e-02
   3.87551053e-03 -4.84358316e-04  2.93149017e-02 -1.25377895e-02
   1.07256807e-02]
 [-1.79522065e-03  8.64227638e-02  9.85026896e-01 -8.59710723e-02
  -1.08991779e-01 -5.35129197e-02  9.93337948e-04  6.59435242e-03
   8.46001972e-03]
 [-1.80439446e-02  5.74175566e-02  9.81462970e-02  9.78947759e-01
   1.63548574e-01 -1.05539942e-03 -1.49784889e-03  4.06667702e-02
  -9.27500485e-04]
 [ 4.92969565e-02 -3.36788571e-03  7.72996992e-02 -1.67785332e-01
   9.50154305e-01 -2.38260597e-01 -5.23920497e-03  5.22436947e-02
   3.33649293e-02]
 [ 2.43836455e-03  2.87219090e-03  7.53618106e-02 -4.23225984e-02
   2.34638736e-01  9.60968196e-01  4.20784652e-02 -8.48167986e-02
  -7.09605366e-02]
 [-3.47525887e-02 -3.05559710e-02 -6.03943539e-04  3.93178873e-03
  -2.20932206e-03 -4.40800339e-02  9.97704506e-01 -2.08221581e-02
   6.84343744e-03]
 [ 3.34419310e-02 -1.29663954e-02  5.09879366e-03  3.21557075e-02
   2.03198195e-02 -3.41710560e-02 -2.18749288e-02 -8.23798239e-01
   5.62983930e-01]
 [ 6.07451349e-02  5.24688093e-03  8.82366579e-03  1.70978289e-02
   2.92088874e-02 -1.16358303e-01 -8.76211468e-03 -5.52896738e-01
  -8.22039127e-01]]",50
10,11,10,0.9,1.5918962955474854,"[[ 9.41957712e-01 -2.80293286e-01 -2.33895704e-02  8.52526575e-02
  -1.22699244e-02 -9.77915302e-02  5.37658716e-03 -7.91878179e-02
   1.00906663e-01  1.18665537e-02]
 [ 2.70242542e-01  9.48392153e-01 -6.54038042e-02 -7.71370530e-02
   4.13559116e-02 -1.01904929e-01 -1.91879310e-02 -3.89437266e-02
   3.28813866e-02  4.72504757e-02]
 [ 3.24521437e-02  5.32356538e-02  9.94774044e-01  1.10741165e-02
  -7.49923568e-03 -7.81045482e-02  1.06079392e-02  3.04102106e-03
  -7.57540110e-03 -8.88929237e-03]
 [-2.74183042e-02  8.53318274e-02 -4.25871275e-03  9.20625389e-01
   3.27900201e-01  1.03842489e-01  5.63831255e-02  1.36535481e-01
  -4.65597026e-02  4.59005274e-02]
 [ 2.09348947e-02 -5.74455597e-02  2.72791591e-02 -3.10559928e-01
   9.15227890e-01  1.74625114e-01 -1.20722922e-02 -1.46517590e-01
   8.52278247e-02 -4.53539044e-02]
 [ 1.16777339e-03  1.98538750e-02 -3.27069126e-03 -4.62809503e-02
  -3.52491327e-02  9.15445536e-02  9.87842023e-01 -9.52063873e-02
   3.47939655e-02  4.14969772e-02]
 [ 7.25227129e-03  4.79767658e-03  3.16899503e-04 -8.91470388e-02
   3.17976810e-02 -1.45465871e-02  5.51424809e-02  7.64950514e-01
   6.22552931e-01 -1.22442752e-01]
 [-1.05433926e-01  2.37493291e-02  2.97298115e-02  1.40568808e-01
  -1.54139027e-01  2.67126381e-01 -1.07106455e-01 -5.51060259e-01
   7.40542829e-01  9.49631110e-02]
 [ 1.59358159e-01  6.43165037e-02  6.26724064e-02 -9.12215859e-02
  -1.51281565e-01  9.14146781e-01 -7.41012171e-02  1.99754074e-01
  -2.02628508e-01  1.14968352e-01]
 [ 2.96019632e-02  5.87756224e-02 -3.87879205e-03  6.70114011e-02
  -6.34314790e-02  1.30620971e-01  1.81673449e-02 -1.19630389e-01
  -3.16688940e-02 -9.76951241e-01]]",50
0,1,6,0.9,0.9016421437263489,"[[ 0.9981031  -0.01876777  0.03015177 -0.01492036 -0.02936804 -0.0379966 ]
 [ 0.02132568  0.9850982  -0.02425866  0.16741677  0.01088151 -0.01978587]
 [-0.02808192  0.01558582  0.99743813  0.05400323  0.03416444 -0.00146542]
 [ 0.00942776 -0.16946052 -0.04959388  0.9810028  -0.02099797 -0.07698885]
 [ 0.03464284 -0.01460826 -0.03398896  0.02556812  0.99190915  0.11355028]
 [-0.03546568 -0.00749074 -0.00219143 -0.07623931  0.1163063  -0.98961693]]",51
1,2,6,0.9,0.9159767031669617,"[[ 0.98531944  0.16881415  0.00949938 -0.00450061 -0.02106248  0.00965638]
 [-0.16400887  0.968603   -0.09084818 -0.14148566  0.08141957  0.00293574]
 [-0.03016894  0.14105673  0.88938075  0.43033838  0.00331634 -0.05470448]
 [ 0.00756691 -0.08893577  0.44398475 -0.89102316  0.0211378  -0.02327332]
 [ 0.03185817 -0.07286474  0.00548837  0.02906967  0.9814441   0.17195362]
 [-0.01625771  0.01393558  0.05920864 -0.00176502 -0.17098786  0.9832577 ]]",51
2,3,6,0.9,0.8407419323921204,"[[ 0.9977388   0.05370219 -0.00549168 -0.02376025 -0.02908668 -0.01387439]
 [-0.0502516   0.9951427  -0.00964928  0.05480976  0.05860202  0.02518842]
 [ 0.00215851  0.01547594  0.993417   -0.11145695  0.0138501  -0.01624775]
 [ 0.02628126 -0.05080345  0.11240295  0.9916898  -0.02518577  0.00332127]
 [ 0.03187719 -0.05711325 -0.01133917  0.02298827  0.9961737  -0.05198837]
 [ 0.01674569 -0.02692129  0.01537409 -0.00563041  0.0503143   0.9980958 ]]",51
3,4,6,0.9,0.8275522589683533,"[[ 0.993212    0.10809217 -0.01562701 -0.03351253 -0.01146312 -0.01863619]
 [-0.10832461  0.9934529  -0.02525015  0.0078207  -0.02272316  0.01009609]
 [ 0.02324946  0.02423714  0.95028734  0.30862245  0.00897398  0.02230702]
 [ 0.02912427 -0.01331838 -0.30932122  0.9487944  -0.03011918  0.04665552]
 [ 0.01189678  0.02193184 -0.01935612  0.01840807  0.9901238   0.13534674]
 [ 0.01629133 -0.01102206 -0.00422864 -0.05493815 -0.13423619  0.98922074]]",51
4,5,6,0.9,0.8147785663604736,"[[ 0.99590266  0.0655643   0.0160175  -0.02719924 -0.04929391  0.02128284]
 [-0.06320937  0.993602   -0.08630468  0.0340881   0.00279589  0.01188477]
 [-0.02572373  0.08702435  0.99177647 -0.08179325 -0.02363852  0.02992545]
 [ 0.02694951 -0.02358878  0.08612064  0.99057746 -0.04433453 -0.08995168]
 [ 0.05069875  0.00227196  0.02928597  0.03648704  0.9965206  -0.04671596]
 [ 0.01497034  0.01792986  0.01999768 -0.09398451 -0.04455151 -0.99410087]]",51
5,6,7,0.9,0.8749279975891113,"[[ 9.8856306e-01 -1.4249346e-01  9.3199946e-03 -2.0482387e-02
  -3.6756075e-03 -1.0379945e-02  4.2557646e-02]
 [ 1.4174794e-01  9.8821324e-01  4.1173425e-02  3.0454442e-02
  -7.4128429e-03 -1.9991461e-02  1.6270408e-02]
 [-1.0442216e-02 -4.3112081e-02  9.8469239e-01  1.6076344e-01
   1.0869085e-02  3.9814372e-02 -2.9411474e-02]
 [ 1.9150507e-02 -2.6086500e-02 -1.6241290e-01  9.8563653e-01
  -2.3058884e-02  2.6205101e-03 -2.3599118e-02]
 [ 5.9625264e-03  1.0117276e-02 -2.0513287e-02  2.0145265e-02
   9.7750771e-01  2.0396481e-01  4.3733384e-02]
 [ 1.2234390e-02  1.8325545e-02 -3.4276221e-02 -1.2806222e-02
  -2.0473360e-01  9.7788513e-01 -6.6304620e-04]
 [-4.4605877e-02 -1.2361844e-02  2.5004042e-02  2.7549742e-02
  -4.2949256e-02 -6.2888460e-03  9.9729091e-01]]",51
6,7,7,0.9,0.8844123482704163,"[[ 9.9749738e-01 -5.4017097e-02 -2.7097072e-02 -2.9044820e-02
  -6.1094263e-03  2.1566132e-02  8.2391012e-04]
 [ 5.1152315e-02  9.9503404e-01 -6.5122485e-02 -4.2384066e-02
   3.5224240e-02 -2.6827985e-03  2.3438984e-03]
 [ 3.8164254e-02  7.3167823e-02  9.5211780e-01  2.9410058e-01
  -7.9673948e-03  7.9476619e-03  6.3065439e-03]
 [ 2.0842636e-02  1.8543325e-02 -2.9639226e-01  9.5346034e-01
   4.6373785e-02  7.5844042e-03 -8.8661034e-03]
 [-6.7436923e-03  3.5719525e-02 -2.4168599e-02  3.9075002e-02
  -9.8768502e-01  1.4288235e-01  2.5110371e-02]
 [-2.1110902e-02 -2.0935033e-03 -1.6545751e-03 -1.4658850e-02
   1.4312682e-01  9.8917109e-01  1.9687243e-02]
 [-4.1292538e-04 -3.4424483e-03 -7.8224689e-03  6.0328366e-03
   2.2380011e-02 -2.3069398e-02  9.9942851e-01]]",51
7,8,7,0.9,0.9699873924255371,"[[ 0.9959683   0.06935463 -0.02395221  0.04312112  0.00685451  0.00286212
  -0.02736194]
 [-0.07155056  0.99545664  0.02356072  0.05452006  0.00287707 -0.01183599
  -0.01645076]
 [ 0.0304108  -0.01440192  0.99125546 -0.12674963  0.01016218 -0.00954909
   0.0045069 ]
 [ 0.03559496  0.05956121 -0.12641409 -0.9890327  -0.02960853 -0.00716155
  -0.0095559 ]
 [-0.00713943 -0.00155266 -0.01294672 -0.02854403  0.9970432   0.0558393
  -0.04184659]
 [ 0.00200726  0.01519885  0.00830533 -0.00753569 -0.04736005  0.98173755
   0.18326895]
 [ 0.02609124  0.01635841 -0.00815729 -0.00674054  0.05125187 -0.18105942
   0.9815959 ]]",51
8,9,7,0.9,0.9334332346916199,"[[ 9.9913502e-01  1.7973736e-02 -1.0341402e-02  2.4192177e-02
   1.9480838e-02  1.8091235e-02 -2.7048972e-03]
 [-2.0174131e-02  9.9673843e-01 -3.1177821e-02  7.0749745e-02
   7.2189141e-04  9.8793628e-03 -5.4532937e-03]
 [ 1.4504413e-02  4.5192976e-02  9.7887355e-01 -1.9763891e-01
  -9.4054843e-04 -1.9518360e-02  1.0523097e-02]
 [-2.1088302e-02 -6.3935049e-02  2.0138380e-01  9.7588497e-01
  -1.0533237e-02  4.7646727e-02 -1.3400196e-02]
 [-8.0831423e-03  1.8301244e-03 -2.4755630e-03  3.5155356e-02
   8.5253018e-01 -5.2141446e-01  2.9029038e-03]
 [-2.4445955e-02 -6.2406845e-03  1.0288462e-02 -3.9051164e-02
   5.2220696e-01  8.5147911e-01 -3.9808149e-03]
 [ 2.0838398e-03  4.1223671e-03 -7.7534155e-03  1.5353271e-02
  -4.7069733e-04  5.8509028e-03  9.9982423e-01]]",51
9,10,8,0.9,1.102838397026062,"[[ 0.9983119   0.01307711 -0.0175126  -0.01823414  0.03276622  0.01245753
   0.03385426 -0.01371593]
 [-0.01320353  0.9934954   0.09982715 -0.03581257  0.02146018  0.00258528
   0.02488817  0.02139832]
 [-0.02162734  0.09022789 -0.9726433  -0.20268759  0.01918956 -0.06162271
  -0.00800047 -0.00665956]
 [ 0.01145874  0.05544156 -0.19760665  0.9755503   0.05477344  0.01195111
  -0.01453836 -0.05190249]
 [ 0.03611778  0.02236414  0.00383276  0.05409293 -0.8699633  -0.48788986
  -0.01760349  0.00849682]
 [ 0.00289011  0.01342124 -0.06501468  0.00475906 -0.4875562   0.86918426
   0.04112339  0.02604765]
 [-0.03198498 -0.02504212 -0.01100317  0.01820867  0.00562685 -0.04637788
   0.99562293  0.06670376]
 [ 0.01624725 -0.01654171 -0.01678737  0.0482091   0.02277514 -0.01514077
  -0.06850412  0.99569863]]",51
10,11,9,0.9,1.6124918460845947,"[[ 0.942181   -0.24835655 -0.01108553 -0.03221026 -0.00565396  0.05468248
   0.2137881   0.02285939  0.01426521]
 [ 0.22406584  0.96290463  0.05445883 -0.03724956 -0.02066066  0.01531071
   0.11971472  0.00332052  0.05702476]
 [-0.00322212 -0.05187502  0.9913653   0.09662986  0.04098164 -0.01290919
   0.03012246 -0.0307635  -0.03815985]
 [ 0.03949415  0.03256553 -0.09117164  0.9921281  -0.04544036  0.04725417
  -0.00716482  0.0130037   0.01520131]
 [ 0.03026921  0.02568321 -0.03596917  0.03591463  0.9898171   0.0397605
  -0.09354335  0.06045913  0.04599993]
 [-0.0277355   0.00367972  0.01922409 -0.04549884 -0.04157341  0.9858
  -0.12165528 -0.08962635 -0.02036064]
 [-0.02642453  0.00768811  0.02791993 -0.01291859 -0.05167393  0.08233457
   0.00987139  0.97800606 -0.1795935 ]
 [ 0.21474995  0.03958992  0.04964391 -0.01779953 -0.1061158  -0.09904853
  -0.90703833  0.07387822  0.31667972]
 [-0.10962638 -0.07129084  0.02977409 -0.00870581 -0.01999483  0.06635971
   0.3043649   0.15719089  0.927247  ]]",51
0,1,6,0.9,0.8855583071708679,"[[ 9.98303950e-01 -1.61453243e-02  2.41432898e-02 -1.33732781e-02
   3.02425381e-02 -3.81083190e-02]
 [ 1.77068952e-02  9.88696873e-01  7.75328232e-03  1.46786094e-01
  -1.77000202e-02 -1.56680066e-02]
 [-2.29660422e-02 -6.37253700e-03  9.98870552e-01 -1.10420473e-02
  -3.90006714e-02  6.82217069e-03]
 [ 6.58589602e-03 -1.47149861e-01  1.19200228e-02  9.85447824e-01
   3.29375006e-02 -7.72599652e-02]
 [-3.50435935e-02  2.21322216e-02  3.83612402e-02 -3.81030813e-02
   9.92435515e-01 -1.02129862e-01]
 [-3.57332639e-02 -5.86414989e-03  9.42700892e-04 -7.47913569e-02
  -1.06009364e-01 -9.90886509e-01]]",52
1,2,6,0.9,0.8900111317634583,"[[ 0.98379767  0.17604998  0.01357068 -0.00926056 -0.02897719  0.00624497]
 [-0.1710391   0.9682881  -0.08704693 -0.1396338   0.07553923 -0.0195615 ]
 [-0.03226417  0.12942718  0.91980094  0.3669441  -0.00394309 -0.03886422]
 [ 0.00476628 -0.09979737  0.3792045  -0.9188811   0.01827677 -0.03930941]
 [-0.03990742  0.06338875 -0.00911721 -0.0256905  -0.9903199  -0.11363367]
 [-0.01521617  0.02636895  0.04822701 -0.02768045 -0.11122512  0.9917712 ]]",52
2,3,6,0.9,0.8204562067985535,"[[ 0.99733734  0.05835437 -0.01131978 -0.0282754   0.03093316  0.0053327 ]
 [-0.05535527  0.99543905 -0.02065116  0.0396992  -0.06201667 -0.01372894]
 [ 0.01073189  0.02028529  0.9995213   0.0041433  -0.01672042  0.01156838]
 [ 0.0301851  -0.03771143 -0.00310613  0.9982687   0.01447573 -0.03011629]
 [ 0.0340358  -0.05969068 -0.01684725  0.01371925 -0.99352795  0.08779925]
 [ 0.00831923 -0.01730329  0.01044729 -0.02964068 -0.08723602 -0.99550664]]",52
3,4,6,0.9,0.7888861298561096,"[[ 9.92957532e-01  1.12586387e-01  4.97948320e-04 -2.67692786e-02
   1.98386125e-02 -1.57881435e-02]
 [-1.12268694e-01  9.92769599e-01 -3.45823206e-02  1.53362304e-02
   1.56890731e-02  1.12623814e-02]
 [-3.76212818e-04  3.28143984e-02  9.92388964e-01  1.14970334e-01
  -1.97542477e-02  2.18812339e-02]
 [ 2.93677971e-02 -1.72426403e-02 -1.15203328e-01  9.89562154e-01
   2.59775259e-02  7.52359033e-02]
 [-1.94383003e-02 -1.62627380e-02  2.37528142e-02 -1.92444585e-02
   9.97898400e-01 -5.12050837e-02]
 [-1.38079664e-02  9.70138796e-03  1.14862500e-02  7.89084136e-02
  -4.99404743e-02 -9.95420873e-01]]",52
4,5,7,0.9,0.9289862513542175,"[[ 9.96859670e-01  4.84698825e-02  1.16419997e-02 -2.83931699e-02
   4.59939279e-02  5.28540695e-03  2.89204512e-02]
 [-4.57639582e-02  9.92608011e-01 -9.10403281e-02  6.40939772e-02
   2.38211669e-05  1.03198178e-02  1.15056932e-02]
 [-1.96619537e-02  9.44855735e-02  9.92252529e-01 -6.82187304e-02
   3.64850089e-02  9.47447587e-03 -6.79141888e-03]
 [ 2.94113606e-02 -5.46445027e-02  7.44627640e-02  9.88365173e-01
   1.34714451e-02 -1.15069449e-01  1.77770834e-02]
 [-4.26142365e-02 -2.93457368e-03 -3.81527953e-02 -1.41381044e-02
   9.92436588e-01 -5.38395345e-02 -9.32245553e-02]
 [ 6.54271513e-04  1.69108901e-02  2.24190461e-03 -1.15262024e-01
  -4.66432907e-02 -9.88020957e-01  8.97898301e-02]
 [-3.32933292e-02 -1.31204715e-02  2.38949293e-03 -9.00028460e-03
   9.62597728e-02  8.63174424e-02  9.90916789e-01]]",52
5,6,7,0.9,0.8354082703590393,"[[ 0.9928403  -0.10514493  0.00277829 -0.04021066  0.00362921 -0.01520407
   0.03665522]
 [ 0.10509495  0.9940071   0.02307061  0.01163925  0.00441161 -0.00936888
   0.01139745]
 [ 0.0045314  -0.02522113  0.97496426  0.2180527   0.00969435  0.02793665
  -0.01914999]
 [ 0.03900444 -0.01049358 -0.2185269   0.97497326  0.00548373 -0.0026766
  -0.00211831]
 [-0.00501833 -0.00439489 -0.0057003  -0.0070857   0.9930095  -0.11372753
  -0.02951084]
 [ 0.01522701  0.00786683 -0.02823769 -0.0047516   0.11385823  0.99290705
   0.00762704]
 [-0.03773779 -0.00818128  0.01791488  0.00741971  0.02848961 -0.00974926
   0.99861217]]",52
6,7,7,0.9,0.8536483645439148,"[[ 9.9845093e-01 -2.8900625e-02 -2.9288676e-02 -2.6261818e-02
   8.0045070e-03  2.5181321e-02 -3.8479557e-03]
 [ 2.5647990e-02  9.9646735e-01 -6.5127820e-02 -3.3037644e-02
   3.1512953e-02  5.5208053e-03 -6.1953994e-03]
 [ 3.6792114e-02  7.0853055e-02  9.6751046e-01  2.3894966e-01
  -2.0954737e-02  3.6862835e-03  4.0257444e-05]
 [ 1.8877732e-02  1.5000382e-02 -2.4060081e-01  9.6976143e-01
   3.1593602e-02 -9.6924566e-03  7.7839638e-04]
 [-6.8191616e-03 -2.9821409e-02  3.0471319e-02 -2.5014261e-02
   9.9606156e-01 -7.2620258e-02 -9.8726880e-03]
 [-2.5960270e-02 -7.3297229e-03 -2.5906840e-03  7.6203388e-03
   7.2030514e-02  9.9594802e-01 -4.5899455e-02]
 [ 2.7288902e-03  5.4230881e-03 -1.8614586e-04 -9.6850627e-04
   1.3357342e-02  4.5186058e-02  9.9887031e-01]]",52
7,8,7,0.9,0.9383837580680847,"[[ 9.9452817e-01  8.8687874e-02 -2.8923271e-02  2.4523597e-02
   1.8074043e-02 -9.2651678e-04 -3.5816111e-02]
 [-8.9937553e-02  9.9513590e-01  6.4113992e-03  3.7396900e-02
   9.7771809e-03 -4.5909868e-03 -7.7146199e-03]
 [ 3.0886550e-02 -1.4736365e-03  9.9705321e-01 -6.0403641e-02
   3.0504498e-03 -3.4246821e-02  9.8932534e-03]
 [ 1.9075692e-02  3.9520238e-02 -6.1588153e-02 -9.9661195e-01
  -1.6303172e-02 -2.4878502e-02 -1.2691049e-02]
 [-1.8170858e-02 -1.1330167e-02 -4.7140471e-03 -1.5209767e-02
   9.9792784e-01 -4.7370005e-02 -3.4410041e-02]
 [ 7.6446380e-03  7.0465975e-03  2.9650344e-02 -2.9118281e-02
   5.2887008e-02  9.7996527e-01  1.8717858e-01]
 [ 3.3445217e-02  9.8489001e-03 -1.7681900e-02 -6.0725673e-03
   2.5410248e-02 -1.8870701e-01  9.8090714e-01]]",52
8,9,8,0.9,0.9770446419715881,"[[ 9.99370396e-01  1.89861692e-02  1.07725279e-03  6.48381235e-03
   2.06442848e-02  1.92800947e-02 -1.34940154e-03 -7.44681526e-03]
 [-2.06421819e-02  9.97181237e-01 -1.41639244e-02  5.06776869e-02
   4.11962345e-02  2.19142828e-02  4.02155938e-03 -1.55279934e-02]
 [ 1.38309319e-03  2.80774496e-02  9.68686461e-01 -2.41052181e-01
  -2.67619863e-02 -3.70474942e-02  2.19772831e-02  1.33573627e-02]
 [-7.54718576e-03 -4.85713519e-02  2.45259315e-01  9.65640247e-01
   3.46673429e-02  6.05038069e-02 -8.37062206e-03 -6.16173772e-03]
 [-8.72371066e-03 -2.62621660e-02  5.47653437e-03 -5.12238638e-03
   8.84240985e-01 -4.65254039e-01  2.88877878e-02  1.70671730e-04]
 [-2.56072190e-02 -3.46928909e-02  2.83248667e-02 -8.13462734e-02
   4.62415308e-01  8.80474746e-01 -3.26879099e-02 -2.42696609e-02]
 [ 3.70220863e-04 -6.21871231e-03 -1.77485868e-02  1.01912664e-02
  -1.04207592e-02  4.20997329e-02  9.97001052e-01 -6.04182482e-02]
 [ 6.47440972e-03  1.37708355e-02 -1.20542999e-02  8.66807252e-03
   1.18348552e-02  2.54037771e-02  5.92870973e-02  9.97621000e-01]]",52
9,10,9,0.9,1.2509809732437134,"[[ 9.9580425e-01  3.1827215e-02 -5.5719404e-03  1.8329948e-02
  -4.9350195e-02  2.5242018e-02  2.1939350e-02 -4.7810227e-02
  -3.3971123e-02]
 [-3.2340046e-02  9.9524671e-01 -8.2134232e-02 -1.9487396e-02
  -9.0241209e-03  2.0556479e-04  3.1055028e-02  3.3712101e-03
   1.5975140e-02]
 [ 2.7038564e-03  7.8043640e-02  9.8241383e-01 -1.4071247e-01
  -7.1125574e-02 -5.9468091e-02  1.4739992e-03 -4.1829324e-03
  -1.8706532e-02]
 [-1.4890137e-02  3.1963632e-02  1.4491238e-01  9.8292571e-01
   9.5568292e-02 -5.9415903e-03 -1.3518184e-02 -4.5860924e-02
   1.2626480e-02]
 [ 5.2250970e-02  1.3746204e-02  3.3200935e-02 -9.9088266e-02
   9.4265938e-01 -2.9702806e-01 -3.8988296e-02 -3.4276094e-02
  -8.1441469e-02]
 [-6.8879086e-03  5.2503459e-03  7.4683525e-02 -3.2965295e-02
   2.9957569e-01  9.4744432e-01  5.9354227e-02  2.9862748e-02
   3.8075667e-02]
 [-1.8532272e-02 -3.1216051e-02  1.0781255e-04  1.1744454e-02
   2.2023808e-02 -6.8811789e-02  9.9665093e-01 -3.0279465e-03
  -1.3696298e-03]
 [ 4.0526394e-02  2.6929765e-03  6.0854037e-03  4.6412986e-02
   1.2781090e-02 -2.5528066e-02  9.4316341e-04  9.7773439e-01
  -1.9844066e-01]
 [ 4.8326489e-02 -1.2667145e-02  1.9219246e-02 -1.1997510e-02
   6.5499656e-02 -6.7290723e-02 -3.5236720e-03  1.9375697e-01
   9.7499657e-01]]",52
10,11,10,0.9,1.5781399011611938,"[[ 0.9320028  -0.2702323  -0.06596137  0.06701091 -0.08060372  0.18315883
   0.03667301 -0.02845105 -0.08539042 -0.00374377]
 [ 0.24143481  0.951775   -0.1093734  -0.05351865 -0.01142207  0.12918538
   0.05541307 -0.00398001 -0.02024092 -0.02629465]
 [ 0.0615237   0.07523935  0.98189247 -0.03695355 -0.0688089   0.13680449
   0.01605453  0.03541307 -0.00105821  0.01060619]
 [-0.00324917  0.07111707  0.05418357  0.9402142   0.29978997 -0.02954178
  -0.07343451  0.08293746  0.03267948 -0.06250818]
 [ 0.03991774 -0.03889966  0.0328494  -0.2668747   0.9271191   0.1855818
   0.04231799 -0.1300504  -0.09401821  0.0553024 ]
 [-0.03235668  0.01297449 -0.02596066 -0.03504885 -0.04922544  0.30788168
  -0.93618625 -0.1416884  -0.04842978 -0.02832341]
 [ 0.03658366  0.01488808 -0.00699564 -0.0877452   0.07239854 -0.16944332
  -0.15988162  0.81974316 -0.49079117  0.13535926]
 [ 0.19541064  0.0277278   0.033661   -0.13809332  0.15880328 -0.3546557
  -0.21758358  0.32373187  0.79854286  0.00531058]
 [-0.16433641 -0.08472295 -0.11541988  0.0216702  -0.06256502  0.80044466
   0.19693434  0.41335532  0.30621564 -0.06312178]
 [-0.01067114  0.0230295  -0.0195236   0.0871084  -0.04915745  0.07576737
   0.00325608 -0.08005825  0.08792102  0.9844184 ]]",52
0,1,6,0.9,0.8989710807800293,"[[ 9.9797398e-01 -1.2800117e-02  2.5464853e-02 -1.9601054e-02
  -3.1105909e-02 -4.3403305e-02]
 [ 1.5435512e-02  9.8539305e-01 -5.1026656e-03  1.6798569e-01
   8.8988114e-03 -2.0928139e-02]
 [-2.3841826e-02 -5.8051996e-04  9.9835467e-01  3.3084206e-02
   3.9885815e-02 -5.8128415e-03]
 [ 1.3095128e-02 -1.6904716e-01 -3.1381022e-02  9.8070073e-01
  -3.5042349e-02 -8.5233659e-02]
 [ 3.6536269e-02 -1.4488717e-02 -3.9593220e-02  3.9192643e-02
   9.9347484e-01  9.1428667e-02]
 [-4.1651636e-02 -7.0432811e-03 -7.8175683e-03 -8.3617680e-02
   9.5614314e-02 -9.9096942e-01]]",53
1,2,6,0.9,0.9038413763046265,"[[ 9.8543060e-01  1.6816784e-01  6.9848271e-03 -8.6514354e-03
  -2.0085365e-02  1.0916284e-02]
 [-1.6464943e-01  9.7055465e-01 -7.8752048e-02 -1.3604601e-01
   7.8758918e-02 -9.6700428e-04]
 [-2.3807056e-02  1.2723929e-01  8.9788908e-01  4.1713491e-01
  -7.1822571e-05 -5.5109277e-02]
 [ 5.1970445e-03 -9.1506623e-02  4.2937386e-01 -8.9817113e-01
   1.6171504e-02 -1.6268937e-02]
 [ 3.0369932e-02 -7.0104308e-02  8.6418726e-03  2.6203236e-02
   9.8329681e-01  1.6287768e-01]
 [-1.7352296e-02  1.6290350e-02  5.5748723e-02  4.1330508e-03
  -1.6204773e-01  9.8491067e-01]]",53
2,3,6,0.9,0.8435010313987732,"[[ 9.9790591e-01  4.8708145e-02 -6.7002657e-03 -2.5717964e-02
  -3.0692883e-02 -1.2771497e-02]
 [-4.4820484e-02  9.9475157e-01 -1.2757740e-02  6.2038217e-02
   6.0588036e-02  2.7893230e-02]
 [ 3.6372414e-03  1.8318098e-02  9.9479508e-01 -9.7912461e-02
   1.7276116e-02 -1.2190684e-02]
 [ 2.8275890e-02 -5.7788551e-02  9.9078819e-02  9.9267972e-01
  -2.5064435e-02 -1.7512689e-03]
 [ 3.3624880e-02 -5.9829768e-02 -1.4560513e-02  2.2120908e-02
   9.9673826e-01 -3.3185538e-02]
 [ 1.5221380e-02 -2.9019993e-02  1.2101080e-02 -7.8083429e-04
   3.1196268e-02  9.9890238e-01]]",53
3,4,6,0.9,0.8339114189147949,"[[ 0.9939671   0.09968519 -0.00772477 -0.0385395  -0.01872675 -0.01401909]
 [-0.09990104  0.9941963  -0.03436434  0.00589717 -0.0162171   0.0107146 ]
 [ 0.01558204  0.0331727   0.95731074  0.2862305   0.01624196  0.0045996 ]
 [ 0.03609454 -0.01280737 -0.2857574   0.9563659  -0.03005882  0.03655932]
 [ 0.01918413  0.0160343  -0.02405039  0.01944312  0.993474    0.10690109]
 [ 0.01163932 -0.01072381  0.00893344 -0.03922026 -0.10596418  0.99342996]]",53
4,5,7,0.9,0.8935832977294922,"[[ 0.9947837   0.06786454  0.00286147 -0.02793791 -0.05138038  0.02413353
   0.04229483]
 [-0.0674136   0.99268603 -0.08889844  0.03838855  0.00361234  0.00778484
   0.02407784]
 [-0.01223412  0.09026528  0.99306464 -0.05341038 -0.02480187  0.04305948
  -0.0142529 ]
 [ 0.02955092 -0.03013835  0.05900238  0.9923896  -0.04796785 -0.08709264
  -0.0037297 ]
 [ 0.0489588  -0.00135143  0.03053515  0.04230734  0.99201363 -0.03077482
   0.09920007]
 [ 0.01609612  0.01437885  0.03703364 -0.09080753 -0.03482206 -0.9925305
   0.05989327]
 [-0.04671146 -0.0265384   0.01123676  0.00447524 -0.0955365   0.06207854
   0.99196094]]",53
5,6,7,0.9,0.8716438412666321,"[[ 9.8792303e-01 -1.4520198e-01  1.6707519e-02 -3.3888467e-02
  -6.6846111e-03 -1.3868887e-02  3.5494052e-02]
 [ 1.4446178e-01  9.8776114e-01  3.8585566e-02  2.8000057e-02
  -8.9906724e-03 -2.9517088e-02  1.5284960e-02]
 [-1.6687917e-02 -3.7245259e-02  9.9140048e-01  1.0841765e-01
   1.1235424e-02  5.2687850e-02 -2.8331973e-02]
 [ 3.2485258e-02 -2.8369956e-02 -1.0958962e-01  9.9268651e-01
  -1.2620581e-02 -2.1264591e-04 -2.3328161e-02]
 [ 9.3640545e-03  1.2346457e-02 -1.9493805e-02  1.1946323e-02
   9.8110294e-01  1.7994215e-01  6.5536618e-02]
 [ 1.5574847e-02  2.6726315e-02 -4.6930581e-02 -6.1010360e-03
  -1.8388195e-01  9.8048156e-01  4.0578373e-02]
 [-3.8403146e-02 -1.3614715e-02  2.7652629e-02  2.6585760e-02
  -5.6687437e-02 -4.9365148e-02  9.9559933e-01]]",53
6,7,7,0.9,0.8835352659225464,"[[ 9.9546087e-01 -8.2799025e-02 -3.6380704e-02 -2.4118695e-02
  -3.7168332e-03  1.5990065e-02  5.2131577e-03]
 [ 7.9557694e-02  9.9345261e-01 -6.8685621e-02 -3.3014730e-02
   2.8847430e-02 -8.7633068e-03  2.4087457e-03]
 [ 4.6617519e-02  7.1196146e-02  9.6986622e-01  2.2769843e-01
  -5.8842059e-03  1.5364927e-02 -4.4050690e-04]
 [ 1.6316531e-02  1.3534861e-02 -2.2963753e-01  9.7110683e-01
   5.8696344e-02  1.3945890e-02 -1.1347935e-02]
 [-2.4587393e-03  3.0003248e-02 -2.2147758e-02  5.3484634e-02
  -9.9253231e-01  9.4887927e-02  4.0229119e-02]
 [-1.5872443e-02  6.0032043e-03 -9.6373763e-03 -2.2354065e-02
   9.3146794e-02  9.9477899e-01 -2.9290101e-02]
 [-5.5487575e-03 -2.8112663e-03 -1.2164999e-03  8.5304957e-03
   4.3327577e-02  2.5456283e-02  9.9868000e-01]]",53
7,8,7,0.9,0.9603835344314575,"[[ 9.9683470e-01 -5.6153867e-02 -2.8350754e-02  3.8573064e-02
   1.2210094e-02 -9.7005367e-03 -2.5153292e-02]
 [ 5.3863060e-02  9.9652147e-01  1.6199103e-02  5.4189850e-02
   4.4497265e-03 -2.5479726e-02 -1.3257706e-02]
 [ 3.3276968e-02 -9.4972085e-03  9.8765886e-01 -1.5230645e-01
   4.6160645e-03  7.6004635e-03 -7.4822418e-03]
 [ 3.7011046e-02  5.4155096e-02 -1.5268385e-01 -9.8574668e-01
  -2.5310652e-02  1.7805211e-03 -6.6796937e-03]
 [-1.1123750e-02  5.9451023e-04 -9.2831617e-03 -2.3823783e-02
   9.8930001e-01  1.3723169e-01 -4.0927030e-02]
 [ 1.5488714e-02  2.6287233e-02 -5.1467521e-03  7.0743207e-03
  -1.3064039e-01  9.8242414e-01  1.2949295e-01]
 [ 2.4056973e-02  8.7956786e-03  6.2186834e-03 -8.0043292e-03
   5.8203619e-02 -1.2331262e-01  9.9027652e-01]]",53
8,9,7,0.9,0.9273810386657715,"[[ 9.9878895e-01  2.6140535e-02 -9.4477013e-03  3.5809506e-02
   1.4500083e-04  1.7648268e-02 -7.3591834e-03]
 [-2.7539456e-02  9.9843884e-01 -1.8683370e-02  4.0563412e-02
  -1.1992172e-02 -1.4310388e-02 -4.2972299e-03]
 [ 1.5571917e-02  2.6888167e-02  9.8037124e-01 -1.9378567e-01
   1.7035047e-02  1.0833965e-04  7.9771560e-03]
 [-3.2904822e-02 -3.7165876e-02  1.9574811e-01  9.7708768e-01
  -5.6153256e-02  3.4944754e-02 -1.1997447e-02]
 [ 1.3167199e-03  5.7751224e-03 -4.2017708e-03  6.5031752e-02
   9.7220165e-01 -2.2481328e-01  1.0776481e-03]
 [-1.7056314e-02  1.6851407e-02 -8.1853755e-03 -2.0144545e-02
   2.2635277e-01  9.7350115e-01 -3.4998297e-03]
 [ 6.6527817e-03  3.8758726e-03 -5.6468439e-03  1.3567679e-02
  -1.1157396e-03  4.1367533e-03  9.9985313e-01]]",53
9,10,8,0.9,1.1400569677352905,"[[ 9.96843636e-01  5.29800244e-02 -7.78166717e-03 -2.91063674e-02
  -2.33268999e-02  1.44580007e-02  4.17252630e-02  9.69245378e-03]
 [-5.34663573e-02  9.93033290e-01  9.45475996e-02 -2.20070928e-02
  -1.52018545e-02 -8.94085132e-03  2.02367231e-02 -2.96999067e-02]
 [-1.74136180e-02  8.50550309e-02 -9.61633027e-01 -2.48451337e-01
   2.14071646e-02 -7.38895684e-02 -7.95978401e-03  3.88068147e-03]
 [ 2.06010249e-02  4.59577516e-02 -2.48144403e-01  9.61815596e-01
  -9.26546007e-02  1.82008874e-02  6.04500482e-03  4.29633781e-02]
 [ 2.73779538e-02 -5.85188565e-04  5.57248667e-02  7.92143568e-02
   5.26105046e-01 -8.43900204e-01 -7.92980101e-03  2.92061195e-02]
 [ 1.12393014e-02  2.04590596e-02 -3.69752608e-02  6.28821924e-02
   8.43119442e-01  5.26932895e-01  4.51577306e-02 -5.98834939e-02]
 [-4.02151123e-02 -2.47786641e-02 -6.56662788e-03 -5.60861221e-03
  -3.45901437e-02 -3.54567803e-02  9.95417714e-01 -6.62109926e-02]
 [ 1.49438949e-02 -2.64310930e-02 -1.30763762e-02  3.98826748e-02
  -3.67201827e-02 -5.32644913e-02 -6.92159086e-02 -9.94153023e-01]]",53
10,11,9,0.9,1.4122825860977173,"[[ 0.9534879  -0.18927993 -0.01483851 -0.00602552 -0.09932999  0.17143798
   0.10851515  0.02147198 -0.05730112]
 [ 0.17487705  0.9792893   0.04636991 -0.01625653 -0.03237784  0.07058699
   0.04263323 -0.0027472   0.01183194]
 [-0.01170394 -0.05009926  0.9882954   0.09445201 -0.07133138  0.03912624
   0.03828864 -0.05999863 -0.00438113]
 [ 0.01609446  0.02188093 -0.0880968   0.99335474  0.02585881 -0.01217822
  -0.04221486  0.02829307 -0.03671471]
 [-0.01477302 -0.01335088  0.03456997 -0.00157028  0.8618283   0.45289847
   0.21713738 -0.01383918  0.05657494]
 [-0.03802106 -0.00926849 -0.00397269 -0.01994796 -0.13420473  0.620293
  -0.7710515  -0.01150835  0.02504823]
 [-0.06009841 -0.00286367  0.04778995 -0.01657397 -0.06653546  0.11072882
   0.08856306  0.9843607  -0.01800374]
 [-0.21334517 -0.04148785 -0.09673866  0.05048261 -0.46569595  0.5845858
   0.56984043 -0.15272225  0.1849332 ]
 [ 0.09534658 -0.0135358   0.0169607   0.02830308  0.03563386 -0.14165235
  -0.09448826  0.05016976  0.97819066]]",53
0,1,6,0.9,0.8930540084838867,"[[ 9.9835497e-01 -4.0470799e-03  2.7018445e-02 -1.5680825e-02
   2.8170710e-02 -3.8748085e-02]
 [ 5.9515317e-03  9.8940128e-01 -3.3694459e-04  1.4416720e-01
  -7.8478465e-03 -1.4279473e-02]
 [-2.6134044e-02  7.4383002e-03  9.9747354e-01 -4.8933707e-02
  -4.2518273e-02  1.0285517e-02]
 [ 9.1102906e-03 -1.4428790e-01  5.2098703e-02  9.8379916e-01
   3.8890906e-02 -8.3728574e-02]
 [-3.3986352e-02  1.3544788e-02  4.0022336e-02 -4.8275124e-02
   9.9140143e-01 -1.0886838e-01]
 [-3.6479983e-02 -3.3228921e-03  5.0335383e-04 -7.9901069e-02
  -1.1378772e-01 -9.8960912e-01]]",54
1,2,6,0.9,0.8943989276885986,"[[ 9.8474646e-01  1.7055547e-01  1.0542177e-02 -1.0183226e-02
  -3.0577034e-02  5.9546283e-03]
 [-1.6682127e-01  9.7267163e-01 -6.1542731e-02 -1.2989466e-01
   7.2750822e-02 -1.1301004e-02]
 [-2.3949610e-02  1.1118357e-01  8.8727045e-01  4.4573793e-01
  -2.3135704e-04 -3.3665452e-02]
 [ 2.7800701e-03 -9.1233626e-02  4.5489392e-01 -8.8492405e-01
   2.6134353e-02 -3.1089634e-02]
 [-4.0821142e-02  6.1356470e-02  1.1461200e-03 -3.0357447e-02
  -9.8786950e-01 -1.3326685e-01]
 [-1.4050369e-02  1.9253712e-02  4.3848563e-02 -1.8141471e-02
  -1.3116109e-01  9.8993778e-01]]",54
2,3,6,0.9,0.8327888250350952,"[[ 0.9970862   0.06525478  0.00755503 -0.02476264  0.02919009  0.00620511]
 [-0.06247535  0.9956898  -0.01149321  0.0358457  -0.05511824 -0.01560852]
 [-0.00912285  0.01181284  0.99766827 -0.06044001 -0.02629898  0.00951393]
 [ 0.0263838  -0.03345325  0.06153922  0.9967393   0.00928375 -0.02867156]
 [ 0.03238687 -0.05219698 -0.02549607  0.01087855 -0.9934299   0.0924941 ]
 [ 0.00936025 -0.01898548  0.00562288 -0.02900177 -0.09181    -0.9951131 ]]",54
3,4,6,0.9,0.8129974007606506,"[[ 0.9929419   0.11515377  0.00693516 -0.01315269  0.01955019 -0.01423686]
 [-0.11464466  0.9923872  -0.02840285  0.02483406  0.01703117  0.01762809]
 [-0.008846    0.0267116   0.9984831   0.03584052 -0.02366583  0.01987484]
 [ 0.01688884 -0.02554938 -0.03568188  0.9965363   0.0228912   0.06465422]
 [-0.01885917 -0.01713783  0.02568507 -0.01860226  0.9977015  -0.05418993]
 [-0.01427664  0.01572539  0.01560918  0.06704527 -0.05324789 -0.99597937]]",54
4,5,7,0.9,0.9295546412467957,"[[ 9.96394634e-01  6.15657195e-02  2.61541246e-03 -2.21412964e-02
   4.38838974e-02  1.03769340e-02  2.96098702e-02]
 [-6.03526309e-02  9.91566598e-01 -8.59518796e-02  7.21159428e-02
   5.22311172e-03  1.48792304e-02  1.77794583e-02]
 [-1.33110164e-02  9.45638567e-02  9.84210193e-01 -1.44295558e-01
   3.36643830e-02  1.59787182e-02  9.78825497e-04]
 [ 2.49073729e-02 -5.53820133e-02  1.50798321e-01  9.79662240e-01
   9.80831403e-03 -1.15117013e-01  2.20453236e-02]
 [-3.98038141e-02 -7.67539768e-03 -3.39473374e-02 -6.45555463e-03
   9.92422581e-01 -3.95734534e-02 -1.03412144e-01]
 [ 4.27333405e-03  2.14921627e-02 -2.24849652e-03 -1.16668113e-01
  -2.81697791e-02 -9.86205518e-01  1.11840628e-01]
 [-3.39857638e-02 -2.17943918e-02 -6.17340859e-03 -9.82466433e-03
   1.05457909e-01  1.09527059e-01  9.87480521e-01]]",54
5,6,7,0.9,0.8447381854057312,"[[ 9.91947711e-01 -1.16134666e-01  1.61577819e-03 -2.62344982e-02
  -1.26427505e-02 -4.96341987e-03  4.09539901e-02]
 [ 1.15602203e-01  9.92872298e-01  1.83605701e-02 -2.50250637e-03
   9.08379536e-03 -1.45739531e-02  1.42284175e-02]
 [ 4.95261280e-03 -1.69679653e-02  9.59157765e-01  2.79518872e-01
   1.21331066e-02  3.25316899e-02 -1.91724766e-02]
 [ 2.67208163e-02  4.15710965e-03 -2.79589921e-01  9.59394991e-01
   2.18333639e-02 -1.27054537e-02 -4.61270241e-03]
 [ 1.01255383e-02 -1.27009582e-02  4.71326814e-04 -2.49565262e-02
   9.82413530e-01 -1.83610186e-01 -1.62481051e-02]
 [ 9.16278455e-03  1.24707948e-02 -3.51572596e-02 -1.77285518e-03
   1.83436781e-01  9.82221425e-01 -1.06483391e-02]
 [-4.18441631e-02 -9.76348110e-03  1.64273903e-02  1.04839858e-02
   1.86622012e-02  8.46262928e-03  9.98676181e-01]]",54
6,7,7,0.9,0.8586271405220032,"[[ 9.9726820e-01 -5.4966051e-02 -3.4938723e-02  2.0867767e-02
   2.7622671e-03  2.7418965e-02  4.3804757e-03]
 [ 5.2191831e-02  9.9608159e-01 -5.4418024e-02  3.1356193e-02
   3.3883747e-02  2.0358937e-03 -8.2914770e-04]
 [ 4.3496821e-02  6.0727153e-02  9.2040348e-01 -3.8319987e-01
  -1.9602032e-02  5.3835055e-03  4.7267554e-03]
 [ 6.4711198e-03  6.5176091e-03 -3.8395956e-01 -9.2249721e-01
   3.6270846e-02 -1.3183383e-02  3.4115763e-04]
 [-1.4343947e-03 -3.2510903e-02  3.4661245e-02  2.5673181e-02
   9.9470037e-01 -8.6407013e-02 -1.3617664e-02]
 [-2.7841378e-02 -3.5860520e-03 -5.9789326e-03 -8.5520502e-03
   8.6756527e-02  9.9577862e-01 -1.1600184e-03]
 [-4.5854091e-03  3.3059935e-04 -3.6469703e-03  2.4005489e-03
   1.3744013e-02 -1.6094245e-04  9.9988538e-01]]",54
7,8,7,0.9,0.9490293860435486,"[[ 9.9184775e-01  1.1803786e-01 -1.7990530e-02  2.7705692e-02
   1.7305456e-02  1.5676419e-03 -3.0197125e-02]
 [-1.1906807e-01  9.9132097e-01  3.0100405e-02  4.4224795e-02
   7.6627224e-03 -9.8481020e-03 -9.3752844e-03]
 [ 2.6380908e-02 -1.5925977e-02  9.7031361e-01 -2.3783818e-01
   5.1799444e-03 -2.9321888e-02  9.3949204e-03]
 [-1.6455894e-02 -5.2298408e-02  2.3732132e-01  9.6929330e-01
   2.4582313e-02  1.4834153e-02  1.7854080e-02]
 [-1.6275097e-02 -9.5226886e-03 -1.3091689e-02 -2.0849999e-02
   9.9390697e-01 -1.0406176e-01 -1.8932994e-02]
 [ 1.7064414e-03  1.1255778e-02  2.1201462e-02 -2.5434839e-02
   1.0563853e-01  9.7818661e-01  1.7540051e-01]
 [ 2.8744569e-02  1.1983649e-02 -1.7873939e-02 -9.9161994e-03
   4.0198793e-04 -1.7647316e-01  9.8360020e-01]]",54
8,9,8,0.9,0.9860122799873352,"[[ 9.9917477e-01  1.9979060e-02  2.0665189e-02  1.1146547e-02
   2.0710936e-02  1.1363684e-02 -1.4743046e-03 -1.1789394e-02]
 [-2.1747194e-02  9.9681294e-01  3.1918532e-03  6.5304220e-02
   2.4489738e-02  1.8232828e-02 -7.8765890e-03 -2.4938632e-02]
 [ 2.3425441e-02  2.7137229e-02 -9.3803138e-01 -3.4291559e-01
  -1.9383440e-02 -2.1940630e-02  1.8294901e-02  5.3965990e-03]
 [-3.6764932e-03 -6.2575914e-02 -3.4572005e-01  9.3349278e-01
   4.4960946e-02  5.1600203e-02 -1.8876478e-02 -9.9605145e-03]
 [-1.3063986e-02 -1.2868404e-02 -1.4041483e-03 -2.0139407e-02
   8.9748585e-01 -4.4010264e-01  9.1813989e-03  7.8551797e-04]
 [-1.8282322e-02 -2.3724902e-02 -4.6149301e-03 -7.4984752e-02
   4.3674776e-01  8.9447474e-01 -3.7887696e-02 -3.4491457e-02]
 [-5.9761625e-04  3.5477788e-03  1.0364935e-02  2.0903636e-02
   8.4639350e-03  3.6813088e-02  9.9572867e-01 -8.0872476e-02]
 [ 1.0450765e-02  2.3906955e-02  2.6334294e-03  1.2080861e-02
   1.6522324e-02  3.5549190e-02  7.9053923e-02  9.9568069e-01]]",54
9,10,8,0.9,1.0874632596969604,"[[ 0.9976294  -0.03513687 -0.02204778  0.00372328 -0.01634472  0.02922576
   0.02779776 -0.03327187]
 [ 0.03567405  0.9933934   0.10066549  0.00218727 -0.02740659  0.00457288
   0.03132822 -0.00222659]
 [ 0.01661229 -0.09986517  0.98158157  0.1478159   0.03168598  0.05770545
   0.00316271  0.00742433]
 [-0.00717364  0.01536868 -0.15020716  0.9852142   0.05759384  0.03459207
  -0.02268793 -0.03840222]
 [ 0.0246317   0.02882488 -0.0081128  -0.05076836  0.97228396 -0.22283107
  -0.02859913  0.01055691]
 [-0.02658612  0.00665943 -0.05520627 -0.05392107  0.22097509  0.9702846
   0.05296886  0.01434462]
 [-0.02599867 -0.02901973 -0.00676932  0.02435583  0.01829443 -0.05856568
   0.99656856  0.03048516]
 [ 0.0338534   0.00286479 -0.01250573  0.03750563 -0.01264481 -0.00791339
  -0.03079849  0.9980539 ]]",54
10,11,9,0.9,1.8486703634262085,"[[ 9.11787093e-01 -2.62914389e-01  4.56321016e-02  7.23581985e-02
   4.45670856e-04  1.36395559e-01 -1.60765484e-01 -1.85827717e-01
   1.14982665e-01]
 [ 2.13546410e-01  9.55875933e-01  1.06405720e-01  1.33940242e-02
   2.59062145e-02  6.25417754e-02 -9.79127735e-02 -9.36188251e-02
   7.91430399e-02]
 [-5.35955690e-02 -8.53377506e-02  9.87540722e-01  7.14486018e-02
  -5.73722739e-03 -4.95177843e-02 -4.49554482e-03  5.87962046e-02
  -5.95084317e-02]
 [-3.65103818e-02  1.41207809e-02 -7.09178597e-02  9.67804432e-01
   1.76256031e-01 -2.71811243e-02  1.26742125e-01  7.02295601e-02
   6.31831959e-02]
 [ 2.70582531e-02 -1.95855759e-02  9.04447027e-03 -1.71178654e-01
   9.78792250e-01 -2.34056618e-02 -7.59813981e-03  2.52163745e-02
  -1.01116247e-01]
 [-5.86553439e-02 -6.36840099e-03  2.92820968e-02 -1.23613030e-02
   1.13401329e-02  9.52418745e-01  1.94960773e-01  2.15301871e-01
  -6.25628531e-02]
 [ 8.11185222e-04  1.02834338e-02  3.91078442e-02 -2.78437622e-02
   3.00644268e-03  5.15264925e-03  6.94445431e-01 -7.01899350e-01
  -1.50452912e-01]
 [ 1.97342753e-01  3.81166823e-02  1.89293921e-02 -1.49711236e-01
   9.34244785e-03 -1.96145952e-01  6.14821374e-01  5.04086852e-01
   5.15908718e-01]
 [ 2.75171667e-01  8.78212526e-02 -5.91820255e-02  1.38184922e-02
  -9.98510644e-02 -1.67764440e-01  2.23956451e-01  3.93137872e-01
  -8.18563104e-01]]",54
0,1,6,0.9,0.9047947525978088,"[[ 0.99810237 -0.02039292  0.02435152 -0.01504069 -0.03070055 -0.04017545]
 [ 0.02339545  0.98321277 -0.04067204  0.17401905  0.01837933 -0.02169431]
 [-0.02160002  0.0229743   0.99385124  0.10111556  0.03133747 -0.00768269]
 [ 0.01008959 -0.17841099 -0.09521294  0.9764672  -0.01134514 -0.07338461]
 [ 0.03579603 -0.02039662 -0.03045835  0.01335904  0.991542    0.11849432]
 [-0.03734453 -0.01012138 -0.00440115 -0.07483397  0.12022226 -0.98915625]]",55
1,2,6,0.9,0.9193625450134277,"[[ 9.83730495e-01  1.77958563e-01  6.41294988e-03 -2.78212642e-03
  -1.90758649e-02  1.38678225e-02]
 [-1.72249720e-01  9.62883532e-01 -1.20139979e-01 -1.48539200e-01
   8.17749426e-02  7.96131906e-04]
 [-3.40604484e-02  1.67519152e-01  8.96647990e-01  4.04540896e-01
   8.42889491e-03 -5.54551631e-02]
 [ 1.08818430e-02 -8.58566314e-02  4.21740264e-01 -9.02093709e-01
   1.51163526e-02 -2.53740791e-02]
 [ 3.01658921e-02 -7.40690380e-02  5.95985213e-03  2.20480133e-02
   9.82894003e-01  1.64321631e-01]
 [-2.03923490e-02  1.63018815e-02  6.03932180e-02 -3.98409972e-03
  -1.62999570e-01  9.84421849e-01]]",55
2,3,6,0.9,0.8363824486732483,"[[ 0.9975415   0.05468971 -0.01410655 -0.0245541  -0.03081655 -0.01298468]
 [-0.05100003  0.99443364 -0.01650529  0.06087589  0.06184398  0.026414  ]
 [ 0.00946476  0.02485715  0.9910714  -0.12836578  0.00867909 -0.02273531]
 [ 0.02821012 -0.0549818   0.12937006  0.98921305 -0.02954881 -0.00537837]
 [ 0.03416401 -0.06082729 -0.00508914  0.02585846  0.9964229  -0.03974565]
 [ 0.0160487  -0.02774656  0.02331358  0.0015051   0.03766457  0.99850297]]",55
3,4,6,0.9,0.8181470632553101,"[[ 0.9931994   0.09819398 -0.02299853 -0.05219658 -0.0163985  -0.01976398]
 [-0.09883552  0.99465024 -0.02414156  0.00321297 -0.01581239  0.00769656]
 [ 0.03809964  0.02537917  0.9357897   0.34872884  0.0109803   0.02167202]
 [ 0.04198433 -0.00825118 -0.35008535  0.9341168  -0.03751152  0.04035079]
 [ 0.01781805  0.01598506 -0.0247606   0.0249903   0.99255776  0.11409854]
 [ 0.0159622  -0.00781665 -0.00362614 -0.04954481 -0.11305951  0.9921864 ]]",55
4,5,7,0.9,0.895720899105072,"[[ 9.95084047e-01  5.61161563e-02  1.43805752e-02 -3.07206642e-02
  -5.70249669e-02  1.83741767e-02  4.38031368e-02]
 [-5.48128970e-02  9.92742717e-01 -9.98454839e-02  2.81875245e-02
   1.48089009e-03  4.79098829e-03  2.58601196e-02]
 [-2.03627087e-02  9.83878672e-02  9.93957996e-01  2.36312635e-02
  -2.09115464e-02  2.83716172e-02 -1.23287719e-02]
 [ 3.12720798e-02 -2.79377829e-02 -1.86860990e-02  9.93837237e-01
  -4.84749712e-02 -8.84514451e-02  2.52043107e-03]
 [ 5.44630513e-02  2.87992560e-04  2.22426578e-02  4.60439548e-02
   9.93516684e-01 -1.02494461e-02  8.50791410e-02]
 [ 1.13387909e-02  9.47020855e-03  3.02337054e-02 -8.87163728e-02
  -1.24694128e-02 -9.93676662e-01  5.87226152e-02]
 [-4.81240153e-02 -2.76138093e-02  1.06575275e-02 -3.06601491e-04
  -8.20241123e-02  5.92667013e-02  9.93260980e-01]]",55
5,6,7,0.9,0.8715584874153137,"[[ 0.98810357 -0.14459941  0.01732898 -0.02380293 -0.01116437 -0.01478666
   0.03914363]
 [ 0.14400378  0.98806995  0.03152539  0.03651221 -0.00552144 -0.02086496
   0.0137017 ]
 [-0.01700697 -0.03277773  0.9887461   0.13581444  0.01393242  0.04005953
  -0.02780225]
 [ 0.02240903 -0.0348334  -0.13774289  0.9889769  -0.01180613  0.01002935
  -0.03155898]
 [ 0.01208244  0.00610398 -0.01879352  0.00980503  0.9868212   0.14468817
   0.06794659]
 [ 0.01491669  0.01907864 -0.03408797 -0.0152123  -0.14770786  0.9875525
   0.03069911]
 [-0.0418855  -0.01093875  0.02446646  0.03537972 -0.06227158 -0.03802558
   0.9954657 ]]",55
6,7,7,0.9,0.8795206546783447,"[[ 9.9580729e-01 -7.6385051e-02 -2.6928876e-02 -3.8156740e-02
  -4.2092227e-03  1.8042542e-02 -2.9733884e-03]
 [ 7.3454998e-02  9.9412698e-01 -6.3225925e-02 -3.3968918e-02
   3.3542991e-02 -2.8545882e-03  5.5937520e-03]
 [ 4.0794924e-02  6.7394309e-02  9.6411288e-01  2.5303125e-01
  -1.3722274e-02  5.6148344e-03  5.9617865e-03]
 [ 3.0924162e-02  1.2905216e-02 -2.5483906e-01  9.6495384e-01
   4.9154922e-02  1.8793967e-02 -5.3832214e-03]
 [-2.3569607e-03  3.3299092e-02 -2.8018873e-02  4.1260526e-02
  -9.9276048e-01  9.2684329e-02  4.7268666e-02]
 [-1.8441070e-02  5.2984845e-04  2.3024350e-03 -2.2899674e-02
   9.1650628e-02  9.9533182e-01 -6.6921976e-03]
 [ 2.4642379e-03 -7.6999981e-03 -5.5128308e-03  1.6610064e-03
   4.7743015e-02  2.4200394e-03  9.9880749e-01]]",55
7,8,7,0.9,0.9604266881942749,"[[ 9.9764866e-01 -3.0874514e-03 -3.4310259e-02  4.6697222e-02
   1.3592182e-02 -6.7498750e-04 -3.3832442e-02]
 [ 7.4135751e-04  9.9818021e-01  1.9521913e-02  5.3446118e-02
  -2.0729988e-03  1.1295415e-02 -1.6316805e-02]
 [ 3.9366562e-02 -1.3438033e-02  9.9278849e-01 -1.1206440e-01
   6.7326110e-03  5.1814900e-03  3.1807437e-03]
 [ 4.2942420e-02  5.5113357e-02 -1.1263316e-01 -9.9085063e-01
  -2.5267946e-02  1.8277518e-03 -2.3312930e-03]
 [-1.3958436e-02  4.0889489e-03 -8.3071515e-03 -2.4877170e-02
   9.9398321e-01 -9.8788731e-02 -3.6587454e-02]
 [ 6.3955453e-03  1.3492673e-02  5.2057551e-03  5.6537578e-04
  -9.1385372e-02 -9.8179948e-01  1.6573508e-01]
 [ 3.2666795e-02  1.4487957e-02 -5.5133686e-03 -5.1328534e-04
   5.2661028e-02  1.6171682e-01  9.8476744e-01]]",55
8,9,7,0.9,0.9239957332611084,"[[ 9.98338461e-01 -3.70463654e-02 -1.57051515e-02  3.37582789e-02
   8.58659577e-03 -2.09991429e-02 -6.85135601e-03]
 [ 3.50108519e-02  9.97746170e-01 -3.40196602e-02  4.58601490e-02
  -3.43262707e-03  1.57982996e-03  1.40320102e-03]
 [ 2.19086241e-02  3.92148159e-02  9.89412487e-01 -1.35800928e-01
   1.41345775e-02  1.58614982e-02  1.23341056e-02]
 [-3.34988050e-02 -3.94460894e-02  1.39373571e-01  9.86438990e-01
  -4.16771211e-02 -5.20495102e-02 -1.97145399e-02]
 [-3.63985915e-03 -1.61791468e-04 -1.06553119e-02  5.81787154e-02
   9.48240936e-01  3.11618239e-01  1.48871252e-02]
 [ 2.11473610e-02 -5.30429138e-03 -5.86406561e-03  3.83449532e-02
  -3.14154088e-01  9.48246717e-01  1.24663087e-02]
 [ 5.65352617e-03 -2.84807081e-03 -9.28844884e-03  1.99546572e-02
  -1.11379903e-02 -1.78367272e-02  9.99516547e-01]]",55
9,10,8,0.9,1.1138561964035034,"[[ 9.9605256e-01  6.2894054e-02 -8.4837535e-03 -1.6762970e-02
   5.3867470e-02  5.2396352e-03  2.5202267e-02 -2.5429269e-03]
 [-6.5223977e-02  9.9316031e-01 -8.7520815e-02 -1.5697809e-02
   1.9170152e-02  2.6968070e-03  2.0488847e-02  2.6030490e-02]
 [-8.7285915e-04  8.3705395e-02  9.7969073e-01 -1.6820945e-01
   2.9002465e-02 -6.2051948e-02 -6.8742274e-03 -1.2862008e-02]
 [ 1.1974489e-02  3.1176681e-02  1.6266443e-01  9.8057610e-01
   7.9994522e-02  4.8746383e-03 -2.2439001e-02 -6.3000560e-02]
 [ 3.8103875e-02  1.5914204e-02 -2.2344807e-02  5.7281028e-02
  -6.2430954e-01 -7.7742624e-01 -1.8777069e-02  2.8006902e-03]
 [-3.7552588e-02 -2.1149097e-02 -6.9797710e-02 -4.9699981e-02
   7.7370495e-01 -6.2422311e-01 -4.5669697e-02 -2.1002807e-02]
 [-2.4232898e-02 -2.2862930e-02  1.0358541e-02  2.4300048e-02
   2.5387239e-02 -4.4373590e-02  9.9578488e-01  6.3176908e-02]
 [ 5.6355754e-03 -2.1797232e-02  2.3155024e-02  5.7506718e-02
   2.1545250e-02 -8.7180352e-03 -6.6095240e-02  9.9535978e-01]]",55
10,11,9,0.9,1.5027108192443848,"[[ 9.46020544e-01  2.90874332e-01 -4.59623523e-02 -1.86378863e-02
  -2.57068942e-03 -3.77452374e-02 -1.06401093e-01 -7.06197023e-02
  -1.54218655e-02]
 [ 2.75951415e-01 -9.49253321e-01  2.82562152e-02 -5.66964746e-02
  -8.75721395e-04 -4.42695990e-02 -9.80144665e-02 -5.86511195e-02
   6.12265132e-02]
 [-2.42764559e-02 -4.41339388e-02 -9.93155181e-01 -7.95171410e-03
  -5.80882691e-02  3.02673411e-02  7.77913705e-02  4.53382498e-03
   2.60746796e-02]
 [ 2.29722559e-02 -4.15663272e-02 -1.17290569e-02  9.94510651e-01
   2.74569802e-02  8.84203892e-03 -6.06763177e-02 -4.28664088e-02
   4.69506271e-02]
 [ 2.63069849e-02 -9.72352549e-03 -3.88916954e-02 -2.27693655e-02
   9.76137578e-01  9.43401232e-02  1.73882589e-01 -1.94324441e-02
   6.94628730e-02]
 [ 2.48865411e-03 -6.15468249e-03  7.13797286e-03 -2.88054049e-02
  -3.75151746e-02  9.46889877e-01 -3.16542417e-01 -2.13072319e-02
   2.03538593e-02]
 [ 1.25165610e-02 -1.70359388e-02  4.76018302e-02  5.70753729e-03
  -1.17508247e-01  1.60707608e-01  5.41683972e-01 -8.05066526e-01
  -1.26750723e-01]
 [ 1.50020599e-01 -4.57926579e-02  8.22380111e-02  4.42811102e-02
  -1.65509671e-01  2.31897369e-01  7.04605818e-01  4.92826611e-01
   3.82303089e-01]
 [-6.64675087e-02  9.00836661e-02  1.27438712e-03 -6.31027147e-02
  -2.02733688e-02 -1.02554217e-01 -2.21390188e-01 -3.12846512e-01
   9.08663034e-01]]",55
0,1,6,0.9,0.8931787014007568,"[[ 0.9980236  -0.01484527  0.02408504 -0.02051083  0.03148164 -0.04167231]
 [ 0.01696979  0.98731256  0.01224624  0.15631469 -0.00385819 -0.01807721]
 [-0.02341746 -0.00964346  0.9987363  -0.0160905  -0.0402324  -0.00263883]
 [ 0.01243063 -0.15736745  0.01620908  0.9825173   0.04555826 -0.086037  ]
 [ 0.03677144 -0.0107047  -0.03819345  0.05206868 -0.9934397   0.0862606 ]
 [-0.04007282 -0.00462705 -0.00862295 -0.08267204 -0.0915278  -0.9915071 ]]",56
1,2,6,0.9,0.9017905592918396,"[[ 9.8510307e-01  1.6963334e-01  1.1131603e-02 -9.1415802e-03
  -2.2012172e-02  1.0216850e-02]
 [-1.6596556e-01  9.7148472e-01 -7.2220169e-02 -1.3234691e-01
   7.7071182e-02 -1.2166704e-03]
 [-2.6141025e-02  1.1762439e-01  9.0528786e-01  4.0389884e-01
   2.0973403e-03 -5.2880351e-02]
 [ 3.5738717e-03 -9.3280159e-02  4.1479114e-01 -9.0475315e-01
   1.8249735e-02 -1.7975124e-02]
 [-3.2321934e-02  6.8412527e-02 -5.0627454e-03 -2.6219035e-02
  -9.8420322e-01 -1.5781586e-01]
 [-1.6925346e-02  1.5001230e-02  5.5107959e-02  9.0264610e-04
  -1.5678631e-01  9.8583406e-01]]",56
2,3,6,0.9,0.8484043478965759,"[[ 9.9783891e-01  5.2227706e-02 -3.6116154e-03 -2.2297107e-02
  -3.1108109e-02 -1.0582408e-02]
 [-4.8932299e-02  9.9536508e-01 -1.6155044e-02  4.9884509e-02
   6.0723625e-02  2.0421186e-02]
 [ 6.3302420e-04  2.0505048e-02  9.9458277e-01 -9.8702580e-02
   1.6538661e-02 -1.9198120e-02]
 [ 2.4576237e-02 -4.6168718e-02  1.0001555e-01  9.9340737e-01
  -1.6657941e-02  1.1211786e-02]
 [ 3.3816021e-02 -5.8934275e-02 -1.4946059e-02  1.5268298e-02
   9.9584532e-01 -5.6735393e-02]
 [ 1.3242091e-02 -2.2253457e-02  1.7453562e-02 -1.3449738e-02
   5.5552650e-02  9.9787664e-01]]",56
3,4,6,0.9,0.8423993587493896,"[[ 0.9937992   0.10383026 -0.00782713 -0.0305623  -0.01839355 -0.01576967]
 [-0.10369184  0.9936828  -0.03342976  0.01704687 -0.01727623  0.01166159]
 [ 0.01240953  0.0300871   0.97009826  0.23935947  0.02156029  0.00960704]
 [ 0.03045243 -0.0224981  -0.23856772  0.9689155  -0.02870477  0.04506223]
 [ 0.01866148  0.01670567 -0.02816346  0.01727177  0.993288    0.10798215]
 [ 0.01347026 -0.01110869  0.00477211 -0.04885412 -0.10702039  0.9928909 ]]",56
4,5,7,0.9,0.8909861445426941,"[[ 9.95307505e-01  6.57612160e-02  5.90475183e-03  2.11949963e-02
  -5.03778271e-02  1.96496062e-02  4.03757691e-02]
 [-6.52119517e-02  9.92975652e-01 -7.92784318e-02 -5.29492386e-02
  -9.64671839e-04  9.64962039e-03  2.37476006e-02]
 [-1.48216365e-02  8.30694214e-02  9.90499139e-01  9.55992416e-02
  -2.13362463e-02  4.49016541e-02 -1.34416595e-02]
 [ 2.36944985e-02 -4.18203585e-02  1.02759130e-01 -9.88165915e-01
  -3.47950049e-02 -9.68205631e-02 -8.57354142e-03]
 [ 4.70246375e-02  2.61526275e-03  2.75561716e-02 -2.85920817e-02
   9.92262244e-01 -3.42075303e-02  1.02227814e-01]
 [ 1.14962868e-02  1.69114899e-02  3.39594856e-02  1.01042263e-01
  -3.94145958e-02 -9.91228759e-01  6.42727390e-02]
 [-4.45609428e-02 -2.70636510e-02  1.09330472e-02 -1.04461033e-02
  -9.82720405e-02  6.65257946e-02  9.91448522e-01]]",56
5,6,7,0.9,0.8616719245910645,"[[ 9.9000657e-01 -1.3122600e-01  8.4775342e-03 -3.1487908e-02
  -1.0609631e-03 -1.4744456e-02  3.7213907e-02]
 [ 1.3067245e-01  9.8982549e-01  3.8336921e-02  2.4169795e-02
   8.1384759e-03 -2.8944232e-02  1.4569408e-02]
 [-7.9293353e-03 -3.8099330e-02  9.9051750e-01  1.1600073e-01
  -5.9022836e-04  5.5357385e-02 -2.8979272e-02]
 [-2.9948011e-02  2.3651117e-02  1.1714534e-01 -9.9208760e-01
  -1.9386346e-02  2.0491453e-03  1.4245957e-02]
 [ 3.1158584e-03  1.3290165e-02 -1.2963621e-02  1.8765002e-02
  -9.7606361e-01  2.1228629e-01  3.9086454e-02]
 [ 1.7595831e-02  2.6288914e-02 -5.1631641e-02 -7.8501580e-03
   2.1382281e-01  9.7471410e-01  2.2002496e-02]
 [-3.9149087e-02 -1.2104832e-02  2.7869232e-02  1.7795155e-02
   3.3704691e-02 -2.7261768e-02  9.9767143e-01]]",56
6,7,7,0.9,0.8709716200828552,"[[ 9.9730712e-01 -5.4070510e-02 -3.8583137e-02 -2.3013718e-02
  -4.0260572e-03  1.9106623e-02  7.4348273e-03]
 [ 5.1138442e-02  9.9582028e-01 -6.0384054e-02 -3.1628154e-02
   3.2094125e-02 -5.9409947e-03  3.8749739e-03]
 [ 4.7056720e-02  6.5181836e-02  9.4716877e-01  3.1015548e-01
  -7.6248772e-03  1.2322534e-02  1.4557113e-03]
 [ 1.0603747e-02  9.0430519e-03 -3.1137282e-01  9.4870162e-01
   5.2536581e-02  6.8487381e-05 -7.6099657e-03]
 [ 4.1858302e-03 -3.2526135e-02  2.6431583e-02 -4.6308257e-02
   9.9334353e-01 -9.1763370e-02 -3.0486677e-02]
 [-1.8920567e-02  3.2403960e-03 -8.8493284e-03 -8.0020530e-03
   9.1459595e-02  9.9539584e-01 -1.7647263e-02]
 [-7.8124101e-03 -4.4203126e-03 -2.5796194e-03  5.5125561e-03
   3.2236375e-02  1.4642047e-02  9.9931413e-01]]",56
7,8,7,0.9,0.9527528882026672,"[[ 9.98652816e-01  7.12662935e-03 -2.38298923e-02  3.61072868e-02
   1.51242809e-02 -2.60143518e-03 -2.31226925e-02]
 [-8.97721015e-03  9.97729063e-01  2.26958077e-02  5.63941225e-02
   4.03861422e-03 -2.53672209e-02 -1.00416169e-02]
 [ 2.97485273e-02 -1.19951833e-02  9.83710766e-01 -1.76313028e-01
   1.12936310e-02  8.24592821e-03 -1.53986190e-03]
 [ 3.10039259e-02  5.97543679e-02 -1.75858259e-01 -9.81654346e-01
  -2.73818634e-02  2.70361834e-05 -1.21250395e-02]
 [-1.50885154e-02 -1.04931218e-03 -1.60862003e-02 -2.50969306e-02
   9.96921003e-01  6.43823072e-02 -2.97669359e-02]
 [ 6.12824224e-03  2.67665219e-02 -6.70242775e-03  3.05889850e-03
  -5.97540326e-02  9.88730907e-01  1.34284481e-01]
 [ 2.23725904e-02  7.33676739e-03 -5.24628616e-04 -1.20500373e-02
   3.81527357e-02 -1.32468134e-01  9.90099370e-01]]",56
8,9,8,0.9,0.9890817403793335,"[[ 9.98995125e-01  2.34303400e-02 -4.94470214e-03  3.15914266e-02
   8.12832359e-03  1.49583137e-02 -6.69607800e-03 -1.01312231e-02]
 [-2.52176356e-02  9.97869134e-01 -1.32982573e-02  5.04236706e-02
  -1.44345844e-02 -2.50245095e-03 -8.43177829e-03 -2.48214733e-02]
 [ 1.22853629e-02  2.67683528e-02  9.66155112e-01 -2.55101502e-01
   1.67085081e-02  1.14482816e-03  1.06533188e-02  1.43551035e-02]
 [-2.87765637e-02 -4.68656011e-02  2.56868094e-01  9.63329852e-01
  -2.70293280e-02  4.14240584e-02 -1.23485504e-02 -1.97694283e-02]
 [-2.86307815e-03  9.85487644e-03 -3.79512040e-03  4.47338000e-02
   9.10694003e-01 -4.10417706e-01  8.49007070e-03  8.92782526e-04]
 [-1.67396236e-02  8.29675421e-03 -1.42599856e-02 -2.44314447e-02
   4.11467135e-01  9.10531759e-01 -1.13749662e-02 -1.86564215e-02]
 [ 5.31632267e-03  6.29550125e-03 -6.82678353e-03  1.31634502e-02
  -3.96887911e-03  1.33190174e-02  9.97960329e-01 -5.99514842e-02]
 [ 8.78194999e-03  2.42825001e-02 -9.86920763e-03  2.46364418e-02
   5.59010217e-03  1.90943182e-02  5.90907745e-02  9.97367203e-01]]",56
9,10,8,0.9,1.113449215888977,"[[ 0.99809474 -0.01577375 -0.01106501 -0.03166903 -0.01939053  0.02157414
   0.03559421 -0.01800711]
 [ 0.01495657  0.9927356   0.10746908 -0.0283104  -0.02402044 -0.00640448
   0.02969256  0.02003504]
 [-0.01520458  0.09717333 -0.9587222  -0.25679624  0.02650045 -0.06686649
  -0.00509739 -0.00586048]
 [ 0.02532417  0.05333474 -0.25560185  0.9582986  -0.10161911  0.02029776
  -0.00410604 -0.0457188 ]
 [ 0.03228637  0.01564376  0.03445776  0.10588684  0.82141316 -0.5579854
  -0.01256146 -0.00940198]
 [-0.00726466  0.02267494 -0.04819271  0.03007467  0.5591243   0.8241958
   0.05121077  0.04080224]
 [-0.03408191 -0.03023147 -0.00684266  0.00682063 -0.01833498 -0.0522873
   0.9958497   0.05517601]
 [ 0.02130398 -0.01633827 -0.01705421  0.04185673 -0.0185084  -0.03507164
  -0.05754662  0.99616873]]",56
10,11,9,0.9,1.4363681077957153,"[[ 9.4230336e-01 -2.2135805e-01  1.3727742e-02  3.3748742e-02
  -1.4522360e-02  1.6013692e-01  1.6852026e-01  2.0437427e-02
  -8.4060125e-02]
 [ 2.0161358e-01  9.7153205e-01  6.9339305e-02  2.5799014e-02
   7.5761038e-03  7.0685916e-02  6.9847599e-02 -6.8774368e-03
  -4.9145925e-03]
 [-3.7765346e-02 -6.6145174e-02  9.9212658e-01 -6.0065981e-02
  -2.3982139e-02  1.6273275e-02  4.7247555e-02 -5.6384094e-02
   4.9000541e-03]
 [ 3.6465280e-02  2.2612119e-02 -5.7134181e-02 -9.9466932e-01
  -5.5009641e-02  3.0041249e-02 -2.0732936e-02  1.5385954e-02
  -3.0538673e-02]
 [-2.2083741e-02 -1.8055510e-02  1.0257970e-02 -5.7994101e-02
   9.8341715e-01  8.2359612e-02  1.3992266e-01  5.0853174e-03
   4.7130212e-02]
 [-4.2646442e-02 -1.3043862e-02  1.1420061e-02  3.2546829e-02
   9.6625509e-03  8.2749325e-01 -5.5770868e-01 -2.0491151e-02
   2.2895256e-02]
 [-4.0136218e-02  3.9470368e-03  5.2393660e-02  1.2578566e-02
  -1.7318044e-02  5.4576039e-02  4.8914570e-02  9.9488652e-01
   1.9845449e-04]
 [ 2.0121056e-01  4.1542001e-02  6.4845569e-02  6.9538080e-03
   1.6914544e-01 -4.9353063e-01 -7.5953937e-01  7.1873717e-02
  -3.1509790e-01]
 [ 1.5574802e-01  1.5059123e-03  1.5440455e-02 -2.4318594e-02
   4.2243009e-03 -1.7353190e-01 -2.3270138e-01  2.6617320e-02
   9.4335622e-01]]",56
0,1,6,0.9,0.8928149342536926,"[[ 0.9981347  -0.0115847   0.02632092 -0.01759399  0.03268603 -0.039017  ]
 [ 0.0136259   0.98914313  0.00127957  0.14514644 -0.00818316 -0.01655514]
 [-0.02472133 -0.00270691  0.9987876   0.01000291 -0.04116692  0.00316675]
 [ 0.01142247 -0.14574541 -0.00812408  0.98507637  0.03868468 -0.08179118]
 [ 0.03803829 -0.01354691 -0.04075939  0.04434501 -0.9925264   0.09814872]
 [-0.03678389 -0.00538993 -0.00123247 -0.07861885 -0.10278544 -0.9908938 ]]",57
1,2,6,0.9,0.899756133556366,"[[ 9.8332894e-01  1.7919502e-01  1.0337931e-02 -6.0226517e-03
  -2.7231663e-02  8.2828505e-03]
 [-1.7420919e-01  9.6826410e-01 -8.9827649e-02 -1.3559307e-01
   7.5013869e-02 -5.8494001e-03]
 [-3.1147394e-02  1.3787991e-01  8.8333195e-01  4.4455028e-01
   5.7070614e-03 -4.5672562e-02]
 [ 5.6758504e-03 -8.2433023e-02  4.5665440e-01 -8.8495868e-01
   2.1944897e-02 -3.1716559e-02]
 [-3.8075443e-02  6.5077640e-02  4.9513583e-05 -2.5443047e-02
  -9.8586291e-01 -1.4745171e-01]
 [-1.6224200e-02  1.7680036e-02  5.4912776e-02 -1.2414752e-02
  -1.4557268e-01  9.8745292e-01]]",57
2,3,6,0.9,0.8457018136978149,"[[ 0.99685174  0.06805323 -0.00219993 -0.02438767 -0.0314194  -0.00828116]
 [-0.06499697  0.9949716  -0.02107566  0.03924606  0.06024576  0.0138866 ]
 [-0.00159844  0.02427187  0.99444234 -0.09870061  0.01490221 -0.02299934]
 [ 0.02678194 -0.03500948  0.1002099   0.99366844 -0.01046801  0.02298872]
 [ 0.03483455 -0.05753937 -0.0142244   0.01080007  0.9943424  -0.08024963]
 [ 0.01134479 -0.01657208  0.01977765 -0.02509099  0.07959156  0.996113  ]]",57
3,4,7,0.9,0.9560219049453735,"[[ 9.93748009e-01  1.03332996e-01 -1.08829029e-02 -2.93865688e-02
  -2.10902337e-02 -1.86076034e-02 -3.76303913e-03]
 [-1.03083543e-01  9.94060040e-01 -2.00542640e-02  2.14772951e-02
  -1.55014442e-02  1.06515940e-02 -1.06464024e-03]
 [ 1.50146466e-02  1.79651678e-02  9.84736085e-01  1.67496338e-01
   2.77749244e-02  2.68239789e-02  1.41615635e-02]
 [ 3.00718732e-02 -2.26822626e-02 -1.67971656e-01  9.82496202e-01
  -3.24004441e-02  6.33894354e-02 -8.66422779e-05]
 [ 2.13616807e-02  1.56490691e-02 -3.46232206e-02  2.09944677e-02
   9.95039880e-01  8.69172141e-02  5.47481119e-04]
 [ 1.54730361e-02 -9.14391316e-03 -1.26291569e-02 -6.97785467e-02
  -8.59305710e-02  9.93504107e-01 -1.46220597e-02]
 [ 3.63507448e-03  1.04873860e-03 -1.41910342e-02 -3.40712164e-03
  -2.29375623e-03  1.40494471e-02  9.99785066e-01]]",57
4,5,7,0.9,0.911480188369751,"[[ 0.9960921   0.05601769  0.00692764  0.02456389 -0.0512577   0.01026212
   0.03575793]
 [-0.05479766  0.9923774  -0.08601923 -0.06411014 -0.00431614  0.010688
   0.02328495]
 [-0.01545348  0.09071742  0.990824    0.09099399 -0.02455173  0.02873355
  -0.00954349]
 [ 0.02672878 -0.05268816  0.09867406 -0.98701894 -0.0180051  -0.11060984
   0.00281862]
 [ 0.04727031  0.00572608  0.02679683 -0.01591457  0.9932982   0.01545689
   0.09940458]
 [ 0.00409167  0.01795956  0.01780113  0.1119849   0.00896146 -0.99053216
   0.07462535]
 [-0.03991748 -0.02623454  0.00700196 -0.00253214 -0.0985167   0.07298918
   0.9912769 ]]",57
5,6,7,0.9,0.851075291633606,"[[ 0.9918198  -0.11796352  0.0075182  -0.02702894 -0.00685037 -0.01100981
   0.03771845]
 [ 0.11745479  0.9920316   0.03104633  0.0175382   0.00695712 -0.0231293
   0.01493064]
 [-0.00378849 -0.03238466  0.97511405  0.21223205  0.01003345  0.04609427
  -0.02866457]
 [-0.0271252   0.01380858  0.21323043 -0.9762958  -0.01722571  0.00307212
   0.01210876]
 [-0.00404532  0.01099328 -0.00147334  0.01823275 -0.9816011   0.18723701
   0.03048938]
 [ 0.01406213  0.02117936 -0.04483079 -0.00987697  0.18769765  0.98064655
   0.01866199]
 [-0.03915908 -0.01221199  0.02555351  0.01832703  0.02712915 -0.02200777
   0.9980522 ]]",57
6,7,7,0.9,0.8646039366722107,"[[ 9.9777895e-01 -4.3273024e-02 -3.3402462e-02  2.7450230e-02
   3.4645796e-03  2.5991758e-02  2.8148494e-03]
 [ 4.0476423e-02  9.9664861e-01 -5.3656153e-02  3.0632472e-02
   3.5051662e-02 -7.8144530e-04  2.5758671e-03]
 [ 4.4111576e-02  6.0449753e-02  9.1272366e-01 -4.0092343e-01
  -2.2592170e-02  5.8907708e-03  7.1310000e-03]
 [ 1.2094724e-02  4.6556164e-03 -4.0175194e-01 -9.1479582e-01
   3.7543468e-02 -1.2179121e-02  4.2539816e-03]
 [-2.2612214e-03 -3.3607252e-02  3.8459059e-02  2.4677342e-02
   9.9526751e-01 -7.6279834e-02 -2.0034483e-02]
 [-2.6194828e-02 -8.8371278e-04 -6.4461464e-03 -7.7662561e-03
   7.6244928e-02  9.9641407e-01 -2.3602560e-02]
 [-3.9444980e-03 -3.5922802e-03 -3.9510750e-03  6.9090161e-03
   2.1651875e-02  2.1939771e-02  9.9947888e-01]]",57
7,8,7,0.9,0.9494203925132751,"[[ 9.95844364e-01  7.28498325e-02 -1.96271371e-02  3.51502001e-02
   2.05469280e-02  3.85526428e-03 -3.04787531e-02]
 [-7.40885660e-02  9.95166063e-01  3.91162448e-02  4.62001152e-02
   3.92444478e-03 -1.71088595e-02 -1.35209085e-02]
 [ 2.92446371e-02 -2.49383952e-02  9.70125973e-01 -2.38439202e-01
   2.02397723e-02 -5.65878954e-03  9.13364068e-03]
 [-2.56129745e-02 -5.59844635e-02  2.36952171e-01  9.69133437e-01
   2.46808659e-02  9.24653467e-03  1.22159505e-02]
 [-2.06913780e-02 -3.85834463e-03 -2.50297096e-02 -1.98419038e-02
   9.99091268e-01 -1.65664474e-03 -1.87267996e-02]
 [-7.26928702e-04  1.92182809e-02  2.28380156e-03 -1.07402802e-02
   4.10138629e-03  9.90402102e-01  1.36368647e-01]
 [ 2.94076819e-02  1.40376659e-02 -1.27347698e-02 -6.94282399e-03
   1.85324214e-02 -1.36659577e-01  9.89802182e-01]]",57
8,9,8,0.9,0.9872230291366577,"[[ 9.99054790e-01  2.57524140e-02  7.27192545e-03  2.26523336e-02
   1.57978088e-02  1.79417357e-02 -4.39148303e-03 -8.34761374e-03]
 [-2.75991112e-02  9.97430205e-01  3.52265942e-03  5.87477908e-02
   4.04929835e-03  1.15279872e-02 -1.36047155e-02 -2.39430107e-02]
 [ 1.15188807e-02  1.66022629e-02 -9.77430940e-01 -2.08818659e-01
   1.22105312e-02 -6.75726356e-03  1.71515681e-02  1.12394616e-02]
 [-2.06521302e-02 -5.86966015e-02 -2.10003108e-01  9.73133981e-01
   1.61327459e-02  6.21270277e-02 -2.42336113e-02 -1.81620810e-02]
 [-5.61801111e-03  1.02850271e-03  1.05433017e-02  1.90276057e-02
   8.75615716e-01 -4.82028782e-01  2.08964013e-02  1.68756803e-03]
 [-2.20885836e-02 -1.01921437e-02  1.21420082e-02 -6.36392757e-02
   4.82114166e-01  8.72016370e-01 -3.77450623e-02 -3.06510665e-02]
 [ 2.17203447e-03  1.00944135e-02  1.14846136e-02  2.39657741e-02
  -6.84398692e-04  4.29107174e-02  9.96413589e-01 -6.71221614e-02]
 [ 6.67451555e-03  2.32835859e-02  8.46977066e-03  2.13126391e-02
   1.36832101e-02  3.21574546e-02  6.49067611e-02  9.96721208e-01]]",57
9,10,8,0.9,1.1022361516952515,"[[ 0.9980469  -0.02510777 -0.01646727 -0.01169075 -0.02487276  0.02888703
   0.02228902 -0.03024027]
 [ 0.02489527  0.99386144  0.09529319 -0.00425156 -0.03759813  0.00599318
   0.03207374  0.00650429]
 [ 0.01452668 -0.09357163  0.9759614   0.18408719  0.00810507  0.06546702
   0.00707108  0.01558511]
 [ 0.00531516  0.02040213 -0.18429418  0.97911847 -0.04961941  0.04180932
  -0.01484432 -0.04987594]
 [ 0.03599644  0.03640383  0.00885992  0.06296249  0.92280847 -0.37589484
  -0.02096779 -0.00491008]
 [-0.0185586   0.01317073 -0.0584905  -0.02958057  0.37922326  0.9214021
   0.04430529  0.02075763]
 [-0.01968578 -0.03047303 -0.01099079  0.0190265   0.00313346 -0.05053468
   0.99615246  0.05760064]
 [ 0.03187292 -0.00309873 -0.02371802  0.04563733 -0.00665479 -0.01622203
  -0.05900735  0.99626297]]",57
10,11,9,0.9,1.454673171043396,"[[ 9.21174109e-01 -2.89495379e-01  3.60322520e-02 -2.51913760e-02
  -3.02386489e-02  1.14658222e-01  1.89093605e-01  7.60673732e-02
  -1.00470617e-01]
 [ 2.59924114e-01  9.51873124e-01  9.18868259e-02 -2.80013680e-02
  -4.78355493e-03  5.98089956e-02  1.12037912e-01  2.30206195e-02
  -2.16200650e-02]
 [-5.07550687e-02 -7.71208480e-02  9.92228210e-01  4.51983474e-02
  -4.74653149e-04 -3.66080590e-02  6.72793761e-03 -4.60798517e-02
   3.75180580e-02]
 [ 3.32333893e-02  2.39674859e-02 -3.84439193e-02  9.95975435e-01
   1.92160923e-02  4.24124412e-02 -3.01916562e-02 -4.09787259e-04
  -4.23834771e-02]
 [ 1.05383238e-02 -1.05976649e-02  5.83543035e-04 -1.54643515e-02
   9.92177963e-01  4.34813499e-02  8.79944488e-02  2.75801513e-02
   6.87434673e-02]
 [-5.72208688e-02 -1.22608095e-02  3.06171682e-02 -4.45825346e-02
  -1.57881286e-02  9.50897515e-01 -2.86899984e-01 -7.99103454e-02
   2.23100316e-02]
 [-4.97097056e-03  1.36759467e-02  4.58824299e-02 -6.41997857e-03
   2.52830097e-03 -2.06263661e-02 -3.24188352e-01  9.44417894e-01
   1.36631830e-02]
 [ 2.14497864e-01  5.46372086e-02  1.09819071e-02 -3.73912863e-02
   1.11730941e-01 -2.56337613e-01 -8.36419463e-01 -2.89169878e-01
  -2.96778083e-01]
 [ 1.75436467e-01  1.31590515e-02 -3.31691839e-02  3.00885662e-02
  -3.91997732e-02 -8.89168009e-02 -2.36609608e-01 -9.41781774e-02
   9.44852889e-01]]",57
0,1,6,0.9,0.8986932039260864,"[[ 0.99805886 -0.0232204   0.02178292 -0.01677151 -0.02813429 -0.04233278]
 [ 0.02547505  0.98404056 -0.01162307  0.17388554  0.01229767 -0.02219861]
 [-0.01997069  0.00115153  0.9974387   0.06028242  0.0326717  -0.00382081]
 [ 0.00970026 -0.17550293 -0.05839593  0.97929054 -0.02122639 -0.07895466]
 [ 0.03377476 -0.01556298 -0.03289282  0.02597812  0.99133956  0.11876898]
 [-0.03994909 -0.00895937 -0.00381458 -0.0785083   0.12159378 -0.9886155 ]]",58
1,2,6,0.9,0.9031936526298523,"[[ 0.98505867  0.17014566  0.00704568 -0.0102032  -0.01911412  0.01380908]
 [-0.16614072  0.966686   -0.09297479 -0.14884125  0.08419688 -0.00530955]
 [-0.02645341  0.1438282   0.90322685  0.3997558  -0.00289989 -0.0546064 ]
 [ 0.00577045 -0.10034077  0.41477084 -0.9037686   0.02227038 -0.02387316]
 [ 0.03015462 -0.07383403  0.00969025  0.03335333  0.9858901   0.14301594]
 [-0.02035227  0.019033    0.05795329 -0.00522976 -0.14163974  0.98781365]]",58
2,3,6,0.9,0.8350934386253357,"[[ 0.99778086  0.05002789 -0.01074834 -0.02693834 -0.0313829  -0.01022504]
 [-0.04569562  0.99346095 -0.02127228  0.07215589  0.0669498   0.0283914 ]
 [ 0.00849022  0.02477085  0.9982486  -0.04934945  0.01422149 -0.01328409]
 [ 0.03021718 -0.06846662  0.05100394  0.9956566  -0.02141487  0.00267363]
 [ 0.03446732 -0.06571148 -0.01263572  0.01662679  0.9959844  -0.04553074]
 [ 0.01312183 -0.03022188  0.0130639  -0.00489236  0.04344124  0.9984151 ]]",58
3,4,6,0.9,0.8177452087402344,"[[ 0.9941652   0.09657826 -0.01107264 -0.03998611 -0.02058119 -0.01276804]
 [-0.09695272  0.9941998  -0.04352126  0.0065714  -0.0125502   0.00849602]
 [ 0.01710686  0.04265681  0.9684754   0.24322093  0.02479667  0.01310982]
 [ 0.03766467 -0.01417958 -0.24294625  0.9672871  -0.0289974   0.05359386]
 [ 0.02076799  0.01240676 -0.03171799  0.01678845  0.9957996   0.08068561]
 [ 0.00964607 -0.00805351  0.00312678 -0.05723099 -0.07966474  0.9950932 ]]",58
4,5,7,0.9,0.8714652061462402,"[[ 0.9958852   0.04684972  0.00343715 -0.02961331 -0.05407191  0.01784518
   0.04343779]
 [-0.04567591  0.99281776 -0.09600753  0.04891038  0.00666302  0.00602713
   0.02315592]
 [-0.00940506  0.09665279  0.99408185 -0.00996772 -0.02662574  0.03350281
  -0.02098106]
 [ 0.03154833 -0.04464461  0.01630656  0.9927051  -0.04405232 -0.09543311
  -0.01530128]
 [ 0.05139892 -0.00559373  0.03024335  0.04245857  0.9929326  -0.00681783
   0.0929939 ]
 [ 0.01319858  0.01408769  0.03148985 -0.09592803 -0.00576315 -0.99456173
   0.01572914]
 [-0.04718717 -0.02352279  0.01999276  0.01277158 -0.09183661  0.0146939
   0.9939856 ]]",58
5,6,7,0.9,0.8614298701286316,"[[ 9.8921764e-01 -1.3456839e-01  1.4643042e-02 -3.6626361e-02
  -1.1389679e-02 -2.4448521e-02  3.2503717e-02]
 [ 1.3429455e-01  9.8945385e-01  2.7850224e-02  3.2971255e-02
  -2.1656980e-04 -3.1244725e-02  1.0341618e-02]
 [-1.0666304e-02 -2.9834902e-02  9.8524517e-01  1.5900670e-01
   1.4620558e-02  4.7792766e-02 -2.2512643e-02]
 [ 3.5063248e-02 -3.2851979e-02 -1.6023134e-01  9.8573899e-01
   2.1492466e-03  1.7276399e-03 -1.8121235e-02]
 [ 1.3548523e-02  3.3688264e-03 -1.9703988e-02 -4.7208709e-03
   9.8460352e-01  1.5852630e-01  6.9425359e-02]
 [ 2.4057245e-02  2.8277211e-02 -4.1246504e-02 -6.5673776e-03
  -1.6476694e-01  9.8174852e-01  7.6804750e-02]
 [-3.6165845e-02 -9.5924437e-03  2.3196775e-02  2.3272587e-02
  -5.5313863e-02 -8.4724173e-02  9.9362093e-01]]",58
6,7,7,0.9,0.876541256904602,"[[ 9.96006608e-01 -6.92804307e-02 -4.44502309e-02 -3.15235704e-02
   3.92547809e-03  1.36243515e-02  6.13517419e-04]
 [ 6.50667176e-02  9.94667590e-01 -6.98494166e-02 -3.06180380e-02
   2.37902720e-02 -4.39840881e-03  1.03407144e-03]
 [ 5.53369448e-02  7.18814358e-02  9.69931901e-01  2.24926412e-01
  -1.76023394e-02  1.00645078e-02  2.77883490e-04]
 [ 2.08692923e-02  1.10023925e-02 -2.26017877e-01  9.70858157e-01
   7.27989748e-02  1.88038871e-02 -1.18492264e-02]
 [ 4.60101152e-03  2.32484583e-02 -3.58997211e-02  6.42728880e-02
  -9.91271734e-01  9.70565751e-02  4.44858596e-02]
 [-1.47403730e-02  2.17413902e-03 -1.71686953e-03 -2.67350338e-02
   9.47867930e-02  9.94810820e-01 -2.06688680e-02]
 [-9.57021373e-04 -1.86736241e-03 -1.28825090e-03  8.09091143e-03
   4.69570607e-02  1.64812095e-02  9.98725116e-01]]",58
7,8,7,0.9,0.9570883512496948,"[[ 9.96406794e-01 -5.93636744e-02 -3.39300409e-02  3.31097245e-02
   2.01184321e-02 -1.20897954e-02 -2.91728899e-02]
 [ 5.78554459e-02  9.97103393e-01  1.23814736e-02  4.43548486e-02
   1.38494605e-03 -1.46974046e-02 -9.94569156e-03]
 [ 3.73790935e-02 -8.71896092e-03  9.90650892e-01 -1.30735442e-01
  -7.87018740e-04  1.10624969e-04 -6.72756322e-03]
 [ 3.12053058e-02  4.37785238e-02 -1.31453127e-01 -9.89644170e-01
  -1.97469778e-02 -2.06481479e-03 -6.32897485e-03]
 [-1.91536769e-02  1.67414814e-03 -1.35252613e-03 -2.02011969e-02
   9.95074689e-01  9.02214870e-02 -3.01171076e-02]
 [ 1.75209977e-02  1.46839395e-02 -1.22031852e-05  2.33811166e-04
  -8.65666643e-02  9.91110921e-01  9.84003916e-02]
 [ 2.79544480e-02  7.05009373e-03  4.95534483e-03 -6.40470441e-03
   3.91858071e-02 -9.58786309e-02  9.94170487e-01]]",58
8,9,8,0.9,0.9771299362182617,"[[ 9.99073148e-01  9.11803450e-04 -5.37178759e-03  3.85720655e-02
   1.11408010e-02  1.20683378e-02 -7.75707653e-03  2.30767182e-03]
 [-2.45397980e-03  9.98681068e-01 -2.94438396e-02  3.89843062e-02
  -1.56641635e-03 -2.36670999e-03  5.35658374e-03 -1.43699236e-02]
 [ 1.14142671e-02  3.54121067e-02  9.86753643e-01 -1.56379044e-01
   3.82764079e-03 -1.04754558e-02  7.66008394e-03  1.71947274e-02]
 [-3.75531539e-02 -3.38684134e-02  1.58678442e-01  9.82581437e-01
  -3.58733758e-02  7.08442107e-02 -1.15696341e-02 -1.89188011e-02]
 [-6.07659761e-03 -2.43267696e-03  2.02931673e-03  6.71339706e-02
   8.62547755e-01 -5.01375020e-01  8.78897868e-03  1.77047297e-03]
 [-1.43532921e-02  4.49835882e-03  2.81872315e-04 -4.43040654e-02
   5.04527509e-01  8.62107694e-01 -3.97799443e-03 -4.16009640e-03]
 [ 7.42084160e-03 -6.73245126e-03 -4.76474594e-03  1.06037045e-02
  -5.90104051e-03  8.47763289e-03  9.98066366e-01 -5.93402833e-02]
 [-2.86243088e-03  1.27508473e-02 -1.46932323e-02  2.21241657e-02
  -5.72392717e-04  6.44995319e-03  5.90680242e-02  9.97794032e-01]]",58
9,10,8,0.9,1.1167999505996704,"[[ 9.95910823e-01  6.35085106e-02 -1.32398019e-02 -2.29533184e-02
   5.16859293e-02 -4.15627263e-04  2.73909159e-02  2.07790127e-03]
 [-6.59232736e-02  9.91715789e-01 -1.01251692e-01 -2.79505700e-02
   1.06470240e-03 -1.11388732e-02  2.12124698e-02  2.33580582e-02]
 [ 1.92122033e-03  9.32997465e-02  9.72442269e-01 -2.01833755e-01
   1.30457571e-02 -6.78277612e-02 -1.05036022e-02 -5.42578707e-03]
 [ 1.76952668e-02  4.94582579e-02  1.96225017e-01  9.74862933e-01
   7.74392635e-02 -2.11918796e-03  1.11594452e-02 -4.74632978e-02]
 [ 4.63700444e-02  1.21514437e-04 -1.16032725e-02  6.74239472e-02
  -8.48388314e-01 -5.21005690e-01 -4.11461070e-02 -1.63236391e-02]
 [ 2.61453614e-02  1.78072900e-02  7.10364208e-02  2.84816809e-02
  -5.20873904e-01  8.46866548e-01  5.94903454e-02  3.33166346e-02]
 [-2.57869810e-02 -2.37737224e-02  6.05233386e-03 -1.00891013e-02
  -6.00684714e-03 -7.30129927e-02  9.96563792e-01  1.11803999e-02]
 [ 4.96004475e-04 -2.08134800e-02  1.43897273e-02  4.62404676e-02
   7.20179500e-03 -3.61891910e-02 -1.39055504e-02  9.97830868e-01]]",58
10,11,10,0.9,1.5637110471725464,"[[ 9.62587893e-01  2.45741382e-01  2.83338595e-02  1.97726525e-02
  -1.38517963e-02  2.04524901e-02  1.02194123e-01 -2.07704175e-02
  -1.75941214e-02  6.87512988e-03]
 [ 2.39227623e-01 -9.58114028e-01 -1.08837560e-01 -2.63291262e-02
  -1.46922134e-02  4.93070530e-03  8.57670382e-02 -3.47525701e-02
   5.86475730e-02  2.31008534e-03]
 [ 3.40361870e-03 -1.07493244e-01  9.87641811e-01 -5.76586612e-02
   2.02076156e-02 -5.73934428e-03 -3.71064991e-02 -6.72610477e-02
   5.64761572e-02  1.18717439e-02]
 [-4.78073052e-04 -3.78530212e-02  4.03993092e-02  9.67883527e-01
   2.27754340e-01  1.43107935e-03 -7.37425461e-02 -3.91662456e-02
   3.49423438e-02 -8.31712130e-03]
 [ 2.26926766e-02 -1.35194035e-02  9.84760001e-03  1.86598971e-01
  -9.17838454e-01 -6.11906461e-02 -3.38353902e-01 -4.70243879e-02
   2.97852084e-02  2.51496471e-02]
 [-3.88214528e-03 -5.07397344e-03 -2.92893546e-03 -1.00204656e-02
  -1.38451234e-02  9.87968266e-01 -1.41020954e-01  8.40696599e-03
   4.61721011e-02  3.85733210e-02]
 [-4.53446060e-03 -4.14911367e-04 -4.94137146e-02 -5.28766960e-02
   7.93767348e-02  6.44167140e-03 -1.63190827e-01 -8.99982631e-01
  -3.74838442e-01 -1.06280193e-01]
 [ 1.17131524e-01 -2.44577937e-02 -6.48684278e-02 -1.44889534e-01
   3.06192815e-01 -1.34752721e-01 -8.60832691e-01  6.18627779e-02
   3.21524650e-01 -1.81877129e-02]
 [-4.05916683e-02  8.55251327e-02 -5.05943745e-02 -7.09992694e-03
  -6.32687062e-02  1.02690626e-02  2.67015457e-01 -3.74660701e-01
   8.45904291e-01 -2.38950148e-01]
 [-1.62761919e-02  2.27934886e-02 -3.11147422e-02 -5.80879441e-03
   2.52004564e-02 -3.73054743e-02  4.53194268e-02 -1.89352468e-01
   1.71421364e-01  9.63791192e-01]]",58
0,1,6,0.9,0.8886146545410156,"[[ 9.9842215e-01 -7.9047894e-03  1.9790843e-02 -1.5037062e-02
   3.0205082e-02 -3.9505258e-02]
 [ 9.8346509e-03  9.8838282e-01  4.8595440e-04  1.5002273e-01
  -1.4332564e-02 -1.7036706e-02]
 [-1.8662645e-02  9.2366664e-04  9.9901325e-01 -1.1375176e-02
  -3.8493261e-02  3.5231314e-03]
 [ 9.2719719e-03 -1.5050979e-01  1.2986839e-02  9.8472291e-01
   3.0576559e-02 -8.0486648e-02]
 [-3.5535965e-02  1.8450396e-02  3.7495453e-02 -3.7176751e-02
   9.9164593e-01 -1.1066625e-01]
 [-3.6871400e-02 -6.5184846e-03 -2.4910213e-03 -7.7951387e-02
  -1.1447196e-01 -9.8965222e-01]]",59
1,2,6,0.9,0.8920896053314209,"[[ 9.8232132e-01  1.8442105e-01  9.9537307e-03 -8.5108746e-03
  -2.8021084e-02  8.7716375e-03]
 [-1.7950447e-01  9.6597004e-01 -9.0324119e-02 -1.4526139e-01
   7.2080888e-02 -1.5003749e-02]
 [-3.1126946e-02  1.3926834e-01  8.9849240e-01  4.1336027e-01
   7.1759592e-03 -3.7797924e-02]
 [ 6.5657985e-03 -9.5610648e-02  4.2685997e-01 -8.9846975e-01
   1.4879765e-02 -3.3715580e-02]
 [-3.8706809e-02  6.1657254e-02 -2.8607601e-04 -1.8271362e-02
  -9.8798078e-01 -1.3513038e-01]
 [-1.7683249e-02  2.3497296e-02  4.7374953e-02 -1.9448657e-02
  -1.3281657e-01  9.8937976e-01]]",59
2,3,6,0.9,0.8259252905845642,"[[ 9.9706793e-01  6.5212809e-02 -3.9993874e-03 -2.5710026e-02
   2.9774055e-02 -6.2626828e-03]
 [-6.2451519e-02  9.9535769e-01 -2.2146467e-02  3.4329761e-02
  -5.8911759e-02  1.4939058e-02]
 [ 5.2763661e-04  2.4480229e-02  9.9543995e-01 -8.7508842e-02
  -1.7936908e-02 -2.2806603e-02]
 [ 2.7736561e-02 -3.0166360e-02  8.8968270e-02  9.9481487e-01
   1.3249386e-02  2.3939628e-02]
 [ 3.3129815e-02 -5.6348030e-02 -1.7243385e-02  1.4194984e-02
  -9.9397832e-01 -8.5061863e-02]
 [ 9.3837911e-03 -1.8051598e-02  1.9495716e-02 -2.5387000e-02
  -8.4573433e-02  9.9569517e-01]]",59
3,4,7,0.9,0.936194658279419,"[[ 9.9330384e-01  1.0637900e-01 -3.3218204e-03 -3.2898597e-02
  -2.2821728e-02 -2.0411266e-02  3.8099944e-04]
 [-1.0593883e-01  9.9361217e-01 -2.9670365e-02  1.8774278e-02
  -1.2205546e-02  1.1203462e-02 -2.1251498e-03]
 [ 5.4017575e-03  2.7994491e-02  9.9184865e-01  1.1752250e-01
   2.6346376e-02  2.8660281e-02  9.8083140e-03]
 [ 3.5033680e-02 -1.9652553e-02 -1.1790336e-01  9.8932213e-01
  -3.5326920e-02  6.6689052e-02  5.6099170e-03]
 [-2.3627797e-02 -1.2596067e-02  3.1991825e-02 -2.6948517e-02
  -9.9678737e-01 -6.2794991e-02 -2.2708899e-03]
 [ 1.7587915e-02 -9.3277683e-03 -1.8175237e-02 -7.2105452e-02
  -6.1554920e-02  9.9486804e-01 -2.2861190e-02]
 [-5.0484412e-04  1.6654163e-03 -9.4747134e-03 -8.3626639e-03
  -3.7495254e-03  2.1984877e-02  9.9966991e-01]]",59
4,5,7,0.9,0.9038777947425842,"[[ 0.9967821   0.04713012  0.00725061 -0.02214941  0.0474127   0.00556942
   0.03717767]
 [-0.04590523  0.99152815 -0.10037134  0.06342404  0.00444102  0.0070337
   0.02446332]
 [-0.01301758  0.10020668  0.99449325 -0.00288408  0.02390458  0.01248903
  -0.00604041]
 [ 0.02421506 -0.06060142  0.01048158  0.9898515   0.01810411 -0.12402286
   0.0107595 ]
 [ 0.04365776  0.00481586  0.02390265  0.02280931 -0.99294406  0.05315601
   0.0906399 ]
 [ 0.00137832  0.01446265  0.01224394 -0.12303394 -0.04813203 -0.98794615
   0.07840551]
 [-0.0406763  -0.02654121  0.00499507 -0.0038486   0.09261951  0.07428839
   0.99171776]]",59
5,6,7,0.9,0.8272910714149475,"[[ 9.9236590e-01 -1.1117536e-01  7.9908539e-03 -3.3049028e-02
  -5.0459467e-03 -1.0540058e-02  3.9464798e-02]
 [ 1.1093794e-01  9.9354154e-01  1.3317747e-02  7.0809126e-03
   1.0752757e-02 -9.9186720e-03  1.1241475e-02]
 [ 8.9184189e-04 -1.4514775e-02  9.5979226e-01  2.7852178e-01
   2.2730476e-03  2.6844669e-02 -1.6951479e-02]
 [ 3.3837508e-02 -6.9246618e-03 -2.7876979e-01  9.5961165e-01
   1.2627354e-02 -8.3650905e-04 -8.9279013e-03]
 [ 3.3186881e-03 -1.1933828e-02  4.0518669e-03 -1.2511362e-02
   9.9093348e-01 -1.2820047e-01 -3.5905533e-02]
 [ 1.1018869e-02  7.3992442e-03 -2.5116906e-02 -8.2516260e-03
   1.2908681e-01  9.9092275e-01  2.3099734e-02]
 [-4.0306922e-02 -7.7035539e-03  1.4068954e-02  1.4282393e-02
   3.2891415e-02 -2.6569627e-02  9.9806130e-01]]",59
6,7,7,0.9,0.844641387462616,"[[ 9.9717838e-01 -5.4410722e-02 -3.0288206e-02  3.2377858e-02
   4.5487131e-03  2.6233926e-02  3.5215745e-04]
 [ 5.1591460e-02  9.9645030e-01 -4.8889577e-02  2.7686190e-02
   3.4312427e-02  9.0476321e-03  2.9971823e-03]
 [ 4.1362289e-02  5.3799473e-02  9.5715111e-01 -2.7925742e-01
  -3.4701187e-02 -4.9797636e-03  6.5503079e-03]
 [ 2.3533951e-02  1.0890300e-02 -2.8056875e-01 -9.5895886e-01
   2.6497614e-02 -1.6995944e-02  3.9440724e-03]
 [-3.6675623e-03 -3.1721983e-02  4.2482536e-02  1.5719056e-02
   9.9556381e-01 -6.8927459e-02 -3.2095890e-02]
 [-2.6353914e-02 -9.3639297e-03  4.1626776e-03 -1.7736740e-02
   6.8779700e-02  9.9707252e-01  1.2652663e-03]
 [-9.5445424e-04 -4.3714484e-03 -3.6496348e-03  6.0473201e-03
   3.1902377e-02 -3.4124178e-03  9.9945015e-01]]",59
7,8,8,0.9,0.9701563119888306,"[[ 9.93582606e-01  6.89747855e-02 -2.32923441e-02  3.74521539e-02
   2.42261533e-02  3.10259685e-03 -4.01350036e-02 -6.23184480e-02]
 [-7.16391355e-02  9.95755613e-01  2.05948465e-02  5.18604070e-02
   8.61063134e-03  1.30171783e-03 -1.03001930e-02 -6.55902270e-03]
 [ 3.04041505e-02 -1.15948655e-02  9.91028607e-01 -1.24046430e-01
   1.12427492e-03 -3.04727014e-02  8.80035385e-03  2.02115774e-02]
 [-3.14248689e-02 -5.65954074e-02  1.25450999e-01  9.88557041e-01
   2.74758916e-02  4.30900455e-02  1.03946896e-02 -1.03207510e-02]
 [-2.24170182e-02 -8.84665828e-03 -5.51513769e-03 -2.55476795e-02
   9.97548342e-01 -5.09923138e-02 -2.46474501e-02  2.06368733e-02]
 [-3.17223766e-03  8.52171739e-04  2.49143466e-02 -5.01203910e-02
   5.47025055e-02  9.80604708e-01  1.41809702e-01 -1.10310674e-01]
 [ 3.10445372e-02  1.19747659e-02 -1.21481959e-02 -2.07882421e-03
   1.93937998e-02 -1.55922294e-01  9.79661882e-01 -1.19648263e-01]
 [ 6.53697848e-02  1.23848207e-02 -1.89426765e-02  1.02963205e-02
  -1.05715161e-02  9.33044404e-02  1.32826045e-01  9.84199345e-01]]",59
8,9,8,0.9,0.9654277563095093,"[[ 0.9991895  -0.02229096 -0.02145403  0.00918526  0.01661326  0.01405388
  -0.0041735  -0.00936715]
 [ 0.02052448  0.9977664  -0.01791574  0.04492827  0.03261503  0.01772927
   0.00435519 -0.01745082]
 [ 0.02435583  0.02735507  0.97800744 -0.20126703 -0.01905102 -0.02926503
   0.01838303  0.00970736]
 [-0.00805863 -0.04388539  0.20558757  0.9709765   0.0736819   0.08502548
  -0.01420745 -0.00934197]
 [-0.0073384  -0.01814914 -0.002485   -0.02111007  0.862026   -0.5054576
   0.02366497  0.00536037]
 [-0.02009828 -0.02601139  0.01353332 -0.11807778  0.49949557  0.855296
  -0.04799787 -0.0382494 ]
 [ 0.0021331  -0.00744599 -0.01383427  0.01164912  0.0037976   0.05217779
   0.99595445 -0.07036102]
 [ 0.00885782  0.01515924 -0.0085594   0.00834039  0.0164075   0.04075797
   0.06807859  0.9964857 ]]",59
9,10,9,0.9,1.2744665145874023,"[[ 0.9964806  -0.00623456 -0.00845258  0.02971825 -0.04308699  0.0201158
   0.02652692 -0.04239286 -0.03564991]
 [ 0.00465843  0.99457884 -0.09690161 -0.00348851 -0.01437436  0.00181766
   0.03165866  0.01299345  0.0028479 ]
 [ 0.00848833  0.09456538  0.98486096 -0.09801539 -0.08420508 -0.06349344
   0.0039715  -0.01534868 -0.00733866]
 [-0.02215228  0.01798712  0.11131532  0.97741324  0.16853142  0.02572094
  -0.02195559 -0.04234318  0.01088901]
 [ 0.04829323  0.01915903  0.04585537 -0.16299422  0.949672   -0.24736212
  -0.02145654 -0.03441128 -0.06262226]
 [-0.00470118  0.00785033  0.07485378 -0.07463957  0.23835981  0.9642785
   0.01823129  0.01475581  0.03928927]
 [-0.02445217 -0.03140545  0.00214673  0.02013576  0.02296432 -0.02363043
   0.9979892   0.03040272  0.0036425 ]
 [ 0.03193953 -0.00874119  0.01884581  0.03954514  0.01928184 -0.00615361
  -0.02921743  0.96104443 -0.26854205]
 [ 0.04969427 -0.00406209  0.01143502 -0.00731644  0.05340591 -0.0572874
  -0.01293941  0.264713    0.9596641 ]]",59
10,11,11,0.9,1.6261218786239624,"[[ 0.92185605 -0.31476563 -0.03826473  0.06455476 -0.02037149  0.16374694
   0.06330024 -0.01612968 -0.08122396 -0.04109763 -0.07543845]
 [ 0.2792084   0.93665296 -0.11350871 -0.02726427  0.00923108  0.14716293
   0.07226619  0.01188731 -0.01656151 -0.03388321 -0.05067723]
 [ 0.0504732   0.08366302  0.98644125 -0.01823404  0.00583716  0.11338444
   0.01310638  0.06175841  0.00663441 -0.00684861 -0.0093418 ]
 [-0.01955826  0.04967895  0.01737121  0.93938345  0.28824875 -0.08147536
  -0.11064584  0.07771179  0.047733   -0.05098218 -0.03900864]
 [ 0.02968341 -0.02258618 -0.00210509 -0.270599    0.9496878   0.0033897
   0.0089163  -0.11723292 -0.06683226  0.03543198  0.06258512]
 [-0.00988498  0.00743367 -0.02383348 -0.04999875 -0.02921562  0.3924623
  -0.89904356 -0.16101308 -0.03875923 -0.06950331  0.03689862]
 [ 0.0287746   0.01313324 -0.02621168 -0.09101664  0.03924349 -0.19257095
  -0.20969976  0.8016952  -0.50601715  0.08218676 -0.04367637]
 [ 0.11739004  0.00416579 -0.01447673 -0.12159521  0.07017972 -0.16671807
  -0.1974719   0.33697152  0.78563434  0.28265646 -0.2980371 ]
 [-0.08504081 -0.06961094 -0.08548148  0.06041564  0.0357163   0.64811265
   0.2185493   0.3784901   0.22091588  0.1015911   0.5527173 ]
 [-0.00965778  0.01777761  0.00876784  0.09888946 -0.04292889  0.10619235
   0.0132638  -0.20356822 -0.23156443  0.9357572  -0.07573254]
 [ 0.21536373  0.09066091  0.05857023 -0.00966175 -0.06351323 -0.53084105
  -0.19770905 -0.09548156  0.095585    0.12577395  0.76347095]]",59
0,1,6,0.9,0.890768826007843,"[[ 0.9979672  -0.01391594  0.02686688 -0.01792672  0.03490685 -0.04007593]
 [ 0.01608197  0.9881634   0.00656974  0.151261   -0.01080238 -0.01532418]
 [-0.02487103 -0.01260189  0.9978319   0.03806487 -0.04578955 -0.0029253 ]
 [ 0.01184113 -0.1512997  -0.03747763  0.9834566   0.04127354 -0.08168989]
 [ 0.03966778 -0.01663995 -0.04626443  0.04334171 -0.99405724  0.07733686]
 [-0.03834673 -0.00350098 -0.00464658 -0.07927439 -0.08194474 -0.99272174]]",60
1,2,6,0.9,0.8943798542022705,"[[ 0.98469496  0.17221864  0.01118983 -0.0061341  -0.0220616   0.00818734]
 [-0.16766256  0.96942466 -0.0876917  -0.13631238  0.07630447 -0.00342416]
 [-0.03044348  0.13221121  0.90588635  0.3977419   0.00266076 -0.05251288]
 [ 0.00601132 -0.09046878  0.4100575  -0.9070562   0.01223475 -0.02704547]
 [-0.03268335  0.06783406 -0.0084356  -0.01950732 -0.9850542  -0.15344976]
 [-0.01529626  0.01704729  0.05776305 -0.0071527  -0.1523231   0.9863496 ]]",60
2,3,6,0.9,0.8388408422470093,"[[ 0.997536    0.05454874 -0.0117896  -0.0286497  -0.0290859  -0.01185716]
 [-0.05112299  0.99519813 -0.01514531  0.04831849  0.06171689  0.02436823]
 [ 0.00975855  0.01741073  0.9984906  -0.04746863  0.01445643 -0.01249094]
 [ 0.0307775  -0.04427616  0.04841572  0.9968308  -0.03198079  0.00733156]
 [ 0.0326357  -0.06083781 -0.0127536   0.02914498  0.9964453  -0.03630874]
 [ 0.01417099 -0.02529991  0.01189685 -0.00836964  0.03478527  0.99886805]]",60
3,4,6,0.9,0.8228367567062378,"[[ 0.99337184  0.10560557 -0.00742449 -0.03703285 -0.02076854 -0.01420981]
 [-0.10558971  0.99362075 -0.03198393  0.01388026 -0.01690372  0.00820136]
 [ 0.01524334  0.02850813  0.9564739   0.28973466  0.01150189  0.00583965]
 [ 0.03542258 -0.01987558 -0.2889979   0.9546811  -0.03682327  0.0453695 ]
 [ 0.02132961  0.01719057 -0.02138284  0.02612723  0.99289584  0.11075868]
 [ 0.01100384 -0.00787498  0.0101257  -0.04889822 -0.10932744  0.99265844]]",60
4,5,7,0.9,0.9518076181411743,"[[ 9.95155215e-01  6.66768029e-02  2.21839966e-03 -3.19948867e-02
  -5.12688830e-02  1.72524881e-02  3.55761983e-02]
 [-6.59423620e-02  9.93346035e-01 -8.33780393e-02  3.79266031e-02
   2.19458947e-03  8.93292669e-03  2.09850278e-02]
 [-1.15838330e-02  8.49807560e-02  9.93224561e-01 -6.16501868e-02
  -3.01505309e-02  3.55292484e-02 -1.32995145e-02]
 [ 3.29215527e-02 -2.92912349e-02  6.67858645e-02  9.91148055e-01
  -4.07341309e-02 -9.73135456e-02  9.69782006e-03]
 [ 4.86903936e-02  4.28805593e-04  3.40604931e-02  3.64077054e-02
   9.92883325e-01  4.54116473e-03  9.64659154e-02]
 [ 9.06520057e-03  1.35997608e-02  2.93921325e-02 -1.00132473e-01
  -3.35020549e-03 -9.88965869e-01  1.03815839e-01]
 [-4.05815579e-02 -2.35173218e-02  7.98400864e-03 -3.24226590e-03
  -9.47101414e-02  1.04000814e-01  9.88908291e-01]]",60
5,6,7,0.9,0.853717029094696,"[[ 0.9903003  -0.12833072  0.01446532 -0.03437871 -0.00728022 -0.01129791
   0.03556506]
 [ 0.1279863   0.99050987  0.03189115  0.02632231 -0.00824651 -0.02331189
   0.01372555]
 [-0.01218467 -0.03207543  0.9886273   0.13215834 -0.00294319  0.0525158
  -0.0347321 ]
 [ 0.03352838 -0.02606796 -0.13371104  0.9898486  -0.01350877  0.00577023
  -0.01736866]
 [ 0.00861034  0.00953368 -0.00412217  0.01303538  0.9874493   0.14592993
   0.05741443]
 [ 0.0118214   0.02183848 -0.04880122 -0.01350195 -0.14842604  0.986526
   0.03943921]
 [-0.03792664 -0.01205386  0.03335445  0.02251609 -0.05100449 -0.04481574
   0.99608576]]",60
6,7,7,0.9,0.86981201171875,"[[ 9.9834383e-01 -3.7716944e-02 -2.9983860e-02 -2.4810748e-02
  -2.6743440e-03  1.8839708e-02  3.2283547e-03]
 [ 3.4677915e-02  9.9567157e-01 -7.1768276e-02 -3.7061486e-02
   2.9993234e-02 -2.7258899e-03 -2.0639854e-03]
 [ 3.7620783e-02  7.7613570e-02  9.6699971e-01  2.3911831e-01
  -9.3734208e-03  1.4386846e-02 -4.8609199e-05]
 [ 1.7435588e-02  1.6689364e-02 -2.4131396e-01  9.6899194e-01
   4.6209369e-02  8.9289360e-03 -4.9520521e-03]
 [-2.8513519e-03  3.0182751e-02 -2.3205437e-02  4.0573735e-02
  -9.9467814e-01  8.2035750e-02  2.7959902e-02]
 [-1.9083584e-02 -3.8486690e-04 -9.4819572e-03 -1.5265488e-02
   8.0327421e-02  9.9519199e-01 -4.9529523e-02]
 [-3.9351820e-03  1.4025781e-03 -1.0217868e-03  2.9279818e-03
   3.2141276e-02  4.7053248e-02  9.9836159e-01]]",60
7,8,7,0.9,0.9453022480010986,"[[ 9.9858040e-01 -9.9544013e-03 -2.4540938e-02  3.5647258e-02
   1.3520711e-02 -2.7818410e-03 -2.5971135e-02]
 [ 8.2879476e-03  9.9766272e-01  2.9620547e-02  5.3908575e-02
   2.5281045e-03 -2.4939083e-02 -1.3731776e-02]
 [ 3.1799637e-02 -1.6112493e-02  9.7021836e-01 -2.3883919e-01
   1.4137883e-02  8.6327773e-03 -9.3185613e-03]
 [ 2.9390357e-02  5.9037380e-02 -2.3820965e-01 -9.6874535e-01
  -1.9454625e-02 -3.6518907e-03 -6.8966858e-03]
 [-1.4146830e-02  1.2921263e-03 -1.9264981e-02 -1.5657913e-02
   9.9201894e-01  1.1481306e-01 -4.3569744e-02]
 [ 7.9170875e-03  2.6840864e-02 -5.4948018e-03  6.9499429e-04
  -1.0781297e-01  9.8403001e-01  1.3873567e-01]
 [ 2.5111908e-02  1.0143617e-02  7.1703834e-03 -8.1096189e-03
   5.9222303e-02 -1.3336192e-01  9.8886639e-01]]",60
8,9,8,0.9,0.987911581993103,"[[ 9.9918175e-01 -1.1004771e-02  5.8554844e-03  2.8060149e-02
   6.5293215e-04  2.3866175e-02 -7.9366090e-03 -7.7579408e-03]
 [ 9.5242970e-03  9.9847496e-01  3.9186249e-03  4.7176965e-02
  -9.1623180e-03 -3.9529433e-03 -4.4883899e-03 -2.4418091e-02]
 [ 7.0462190e-04  7.4502481e-03  9.7312742e-01 -2.2832996e-01
   2.4603669e-02  8.6579751e-03  9.7816018e-03  7.5136498e-03]
 [-3.0033801e-02 -4.7344778e-02  2.2924802e-01  9.6961051e-01
  -5.1677402e-02  2.9052090e-02 -1.5570515e-02 -2.0004408e-02]
 [ 1.8648510e-03  5.6885611e-03 -9.4539961e-03  6.0252525e-02
   9.8415381e-01 -1.6597706e-01  1.1095546e-02  3.7785221e-03]
 [-2.3227204e-02  6.0501290e-03 -1.6880816e-02 -1.7626634e-02
   1.6727893e-01  9.8505270e-01 -1.3711402e-02 -1.8142670e-02]
 [ 6.6588852e-03  1.9644136e-03 -5.7996735e-03  1.5288190e-02
  -9.5386524e-03  1.4520195e-02  9.9719948e-01 -7.0540220e-02]
 [ 7.4432716e-03  2.3595251e-02 -3.2748606e-03  2.3087081e-02
  -2.8030158e-03  2.0192692e-02  6.9720440e-02  9.9677861e-01]]",60
9,10,8,0.9,1.115322470664978,"[[ 9.9783200e-01  8.0735711e-03  5.2172393e-03 -2.6298936e-02
  -3.0199064e-02  1.9755902e-02  3.9906524e-02 -2.5542490e-02]
 [-1.0189976e-02  9.9593937e-01  7.6761290e-02 -2.6563574e-02
  -1.1827030e-02 -4.2182654e-03  3.0384701e-02  1.7945956e-02]
 [ 1.3911841e-03  7.0156179e-02 -9.7519124e-01 -1.9648048e-01
   3.0147148e-02 -6.7086846e-02 -6.9918147e-05 -8.0090826e-03]
 [ 2.1873130e-02  4.0965166e-02 -1.9698779e-01  9.7297573e-01
  -1.0181133e-01  1.6361797e-02  2.7408079e-05 -4.1522443e-02]
 [ 3.7485655e-02  5.2648596e-03  5.3778466e-02  9.0266407e-02
   6.6435623e-01 -7.3711824e-01 -4.0317107e-02 -3.4481306e-02]
 [ 9.6111670e-03  1.4142172e-02 -3.4236189e-02  5.9383899e-02
   7.3911041e-01  6.6796929e-01  4.4380251e-02  2.3923684e-02]
 [-3.7605010e-02 -3.1593043e-02  6.0241419e-04  4.1693887e-03
  -4.4364776e-03 -6.1537299e-02  9.9639004e-01  3.1149736e-02]
 [ 2.8902894e-02 -1.4616893e-02 -1.4619677e-02  4.0304493e-02
   8.2097470e-04 -3.8864747e-02 -3.3105675e-02  9.9724907e-01]]",60
10,11,9,0.9,1.4567383527755737,"[[ 9.3375677e-01 -2.2697310e-01  1.6280187e-02 -5.6448858e-03
  -1.5737936e-01  1.2621522e-01  1.6041441e-01  2.6618520e-02
  -9.5628306e-02]
 [ 2.0195062e-01  9.7123653e-01  3.3102062e-02 -1.3153077e-02
  -6.8384103e-02  5.9686974e-02  7.9562590e-02 -7.7237627e-03
  -4.2412360e-03]
 [-2.5196442e-02 -3.0419229e-02  9.9248469e-01  7.6948427e-02
  -3.9495382e-02 -2.3079522e-02  1.3647881e-02 -6.5816134e-02
   2.9704880e-02]
 [ 1.9041723e-02  1.7981814e-02 -7.1128182e-02  9.9392086e-01
   2.8466679e-02 -2.0501451e-03 -4.8310429e-02  2.4282457e-02
  -5.1362880e-02]
 [ 4.0133797e-02 -8.4930687e-04  3.1983655e-02  3.1700381e-03
   8.5427940e-01  2.4354610e-01  4.5085761e-01 -1.6923267e-03
   7.0513286e-02]
 [-4.6424799e-02 -1.1486633e-02  2.1729654e-02 -1.3527057e-02
  -2.2078501e-02  8.9259166e-01 -4.4368079e-01 -3.9885823e-02
   3.7506305e-02]
 [-3.5935152e-02  8.8684605e-03  6.6995375e-02 -1.7989635e-02
  -1.4030566e-02  4.2729005e-02  4.9634376e-03  9.9586153e-01
   5.5462210e-03]
 [ 2.2463197e-01  6.0825426e-02  4.6027478e-02 -6.8494312e-02
   4.7920227e-01 -3.1540126e-01 -7.0923042e-01  2.8863246e-02
  -3.2569474e-01]
 [ 1.7549928e-01  4.8041502e-03 -2.1263994e-02  2.8059430e-02
   8.9847952e-02 -1.5043929e-01 -2.4951790e-01  1.1982660e-02
   9.3532348e-01]]",60
0,1,6,0.9,0.8902443051338196,"[[ 0.99830836 -0.00829022  0.02352195 -0.01722181  0.03079681 -0.03890188]
 [ 0.01017388  0.9891322   0.00757185  0.14550598 -0.0072088  -0.01524995]
 [-0.02264711 -0.00304357  0.9983879  -0.03127208 -0.04126507  0.00432292]
 [ 0.01050438 -0.14614426  0.03266067  0.9843263   0.04055073 -0.08319907]
 [-0.03611876  0.01287659  0.0391551  -0.04824946  0.9924097  -0.09895171]
 [-0.03673001 -0.00392641 -0.00333738 -0.07954317 -0.10380446 -0.9907178 ]]",61
1,2,6,0.9,0.8964044451713562,"[[ 0.9835802   0.17764431  0.01164238 -0.00799111 -0.02734835  0.00806596]
 [-0.1732449   0.9696172  -0.07646314 -0.1366062   0.07248677 -0.00815665]
 [-0.02910149  0.12464132  0.89411217  0.42713276  0.00667444 -0.04115937]
 [ 0.0049263  -0.09204222  0.43831095 -0.89341915  0.01833301 -0.02921925]
 [-0.0377584   0.06279366  0.00100996 -0.02165187 -0.9863518  -0.14584778]
 [-0.01610145  0.01829548  0.04963594 -0.01288745 -0.14396952  0.98795193]]",61
2,3,6,0.9,0.838129460811615,"[[ 9.9722081e-01  6.3832797e-02  8.7368069e-04 -2.3300786e-02
   2.9545300e-02 -7.7079041e-03]
 [-6.1092250e-02  9.9561143e-01 -1.7518628e-02  3.4015033e-02
  -5.7769910e-02  1.4979068e-02]
 [-4.0764702e-03  1.9878624e-02  9.9442559e-01 -9.9363953e-02
  -1.8831290e-02 -2.1864135e-02]
 [ 2.4915524e-02 -3.0337935e-02  1.0075505e-01  9.9377942e-01
   1.1608925e-02  2.3980740e-02]
 [ 3.2660555e-02 -5.5187266e-02 -1.8132135e-02  1.2965642e-02
  -9.9418420e-01 -8.3597831e-02]
 [ 1.0689908e-02 -1.7947562e-02  1.8155146e-02 -2.5716562e-02
  -8.3055168e-02  9.9582851e-01]]",61
3,4,7,0.9,0.956340491771698,"[[ 9.93348718e-01  1.08937874e-01 -3.85251432e-03 -2.44514048e-02
  -2.05484964e-02 -1.88330729e-02 -1.05785404e-03]
 [-1.08481705e-01  9.93197262e-01 -2.69713737e-02  2.52614431e-02
  -1.58051681e-02  1.32081201e-02 -1.03751279e-03]
 [ 5.25312964e-03  2.43977495e-02  9.91080999e-01  1.25823006e-01
   2.58447304e-02  2.33763177e-02  9.47312731e-03]
 [ 2.72801127e-02 -2.69024037e-02 -1.25586271e-01  9.88978684e-01
  -3.21871527e-02  6.02701716e-02 -3.59598547e-03]
 [-2.08759923e-02 -1.56001840e-02  3.13365348e-02 -2.33265441e-02
  -9.95593607e-01 -8.11667740e-02 -3.70187016e-04]
 [ 1.67596471e-02 -1.13559067e-02 -1.27110556e-02 -6.56318888e-02
  -8.00877884e-02  9.94246602e-01 -1.34364190e-02]
 [ 1.20422943e-03  6.59575220e-04 -1.00329220e-02  1.47445232e-03
  -1.84362102e-03  1.33200213e-02  9.99857187e-01]]",61
4,5,7,0.9,0.9098352193832397,"[[ 9.9628979e-01  5.7652783e-02  5.6632864e-03  1.9778019e-02
  -4.7383331e-02  9.8871076e-03  3.6285680e-02]
 [-5.6888744e-02  9.9224615e-01 -8.4677011e-02 -6.5793186e-02
  -6.0683945e-03  1.0731494e-02  2.3675956e-02]
 [-1.3671383e-02  8.9364298e-02  9.9149585e-01  8.7238185e-02
  -2.3706019e-02  2.3483278e-02 -6.2673064e-03]
 [ 2.2146540e-02 -5.5137578e-02  9.4437696e-02 -9.8653293e-01
  -1.9988216e-02 -1.1761190e-01  8.4614344e-03]
 [ 4.3269362e-02  6.9900258e-03  2.5573112e-02 -1.8100938e-02
   9.9343103e-01  1.5578414e-02  9.9747069e-02]
 [ 3.3888053e-03  1.7652249e-02  1.2188402e-02  1.1871945e-01
   7.8528924e-03 -9.8839903e-01  9.1868736e-02]
 [-4.0115371e-02 -2.7154744e-02  3.5803346e-03  6.3973875e-04
  -9.8942965e-02  9.0707533e-02  9.8975885e-01]]",61
5,6,7,0.9,0.8399232029914856,"[[ 0.9919443  -0.11614921  0.00437398 -0.02727999 -0.00961542 -0.00835981
   0.0403754 ]
 [ 0.11580681  0.99270314  0.02172872  0.00947146  0.00974831 -0.01709217
   0.01342307]
 [ 0.00151073 -0.02283347  0.96484876  0.2576215   0.00784682  0.03969683
  -0.02317428]
 [-0.02740218  0.00691329  0.25820258 -0.9653966  -0.02136175  0.00364943
   0.00852402]
 [-0.00688554  0.01311219 -0.00433536  0.02178569 -0.9828013   0.18094034
   0.02548303]
 [ 0.0112478   0.01464326 -0.0384796  -0.01071903  0.18116014  0.98242486
   0.00927148]
 [-0.04133014 -0.00970885  0.02018962  0.01474106  0.02402438 -0.01228308
   0.998421  ]]",61
6,7,7,0.9,0.8520774841308594,"[[ 9.9766183e-01 -4.5878194e-02 -3.2869916e-02  2.7719896e-02
   7.8173653e-05  2.6401198e-02  4.5089386e-03]
 [ 4.3188248e-02  9.9664062e-01 -5.0229728e-02  3.1779509e-02
   3.5917122e-02  3.3899876e-03  2.7799434e-03]
 [ 4.3468613e-02  5.7563577e-02  9.2286289e-01 -3.7736475e-01
  -2.5749564e-02  1.4565998e-03  7.1879351e-03]
 [ 1.3957137e-02  8.6337095e-03 -3.7839496e-01 -9.2478961e-01
   3.3828434e-02 -1.2876042e-02  1.3670800e-03]
 [ 1.2892745e-03 -3.4279119e-02  3.8864605e-02  2.1272046e-02
   9.9481636e-01 -8.0699444e-02 -2.6234597e-02]
 [-2.6369696e-02 -4.9298406e-03 -2.0561439e-03 -1.0514039e-02
   8.0965258e-02  9.9629778e-01 -9.0212980e-04]
 [-4.9418444e-03 -3.8945440e-03 -4.8124553e-03  4.3136431e-03
   2.6220372e-02 -1.3401224e-03  9.9961466e-01]]",61
7,8,7,0.9,0.9349644184112549,"[[ 0.99528676  0.08078959 -0.01674403  0.03554439  0.02007329  0.00675741
  -0.0297477 ]
 [-0.08238155  0.9944303   0.03559041  0.05311593  0.00569572 -0.00955525
  -0.01048256]
 [ 0.02618317 -0.02079254  0.9735867  -0.22492744  0.01198006 -0.01478343
   0.00752466]
 [-0.02610279 -0.06187981  0.22371997  0.9717028   0.02565382  0.01849504
   0.01524667]
 [-0.01948169 -0.00619637 -0.01750136 -0.02202906  0.99811685 -0.04552167
  -0.0219355 ]
 [-0.00311518  0.01151341  0.0081009  -0.0236346   0.04796058  0.9870101
   0.15081191]
 [ 0.02934926  0.01220559 -0.01262315 -0.00853258  0.01502196 -0.15179302
   0.98766935]]",61
8,9,8,0.9,0.9756898880004883,"[[ 9.99428272e-01 -4.56510531e-03 -1.79598611e-02  1.53722325e-02
   1.74263828e-02  1.22504979e-02 -4.58122371e-03 -9.42356233e-03]
 [ 2.79413094e-03  9.97619808e-01 -6.91952091e-03  5.91213368e-02
   1.50422463e-02  1.55075770e-02 -5.80604095e-03 -2.65179705e-02]
 [ 2.15062052e-02  2.13385075e-02  9.70347106e-01 -2.38808930e-01
   1.09643547e-03 -1.36028612e-02  1.46229137e-02  8.87747481e-03]
 [-1.24327978e-02 -5.75074665e-02  2.40463108e-01  9.65828896e-01
   3.86194959e-02  6.24375939e-02 -1.91194061e-02 -1.16125289e-02]
 [-8.78079794e-03 -4.85730683e-03 -7.97765888e-03  6.04636385e-04
   8.59633923e-01 -5.10446191e-01  1.68027170e-02  5.20935003e-03]
 [-1.89063456e-02 -1.76852401e-02 -5.72511647e-03 -7.67357573e-02
   5.08616388e-01  8.55391085e-01 -3.78678739e-02 -3.98766436e-02]
 [ 2.86070281e-03  1.97543274e-03 -9.32375249e-03  1.85627453e-02
   4.48706048e-03  3.96957844e-02  9.96240675e-01 -7.39274472e-02]
 [ 8.69549718e-03  2.51224451e-02 -7.07928324e-03  1.34119429e-02
   1.72070544e-02  4.12434228e-02  7.17938989e-02  9.95947599e-01]]",61
9,10,8,0.9,1.092914342880249,"[[ 9.9752104e-01 -4.3833021e-02 -9.4109457e-03  1.1703249e-03
  -2.7450044e-02  2.4554072e-02  2.8023863e-02 -2.8263301e-02]
 [ 4.2968493e-02  9.9233216e-01  1.0647149e-01 -5.4899915e-03
  -3.0482480e-02  2.9726853e-03  3.2895446e-02  6.6602984e-03]
 [-4.3075890e-03  1.0376932e-01 -9.8046058e-01 -1.5146059e-01
  -3.4428682e-02 -6.0288295e-02 -5.3734990e-04 -1.2239942e-02]
 [-2.2358105e-03  2.3663342e-02 -1.5230647e-01  9.8587459e-01
   2.7765749e-02  3.4156408e-02 -2.2024576e-02 -4.3203391e-02]
 [ 3.4942579e-02  3.0557049e-02 -1.0713340e-02 -2.0480169e-02
   9.6059901e-01 -2.7223763e-01 -2.1077527e-02 -1.7799138e-03]
 [-1.7081821e-02  1.0963370e-02 -5.9724033e-02 -4.9175721e-02
   2.7105483e-01  9.5838183e-01  3.9868630e-02  6.8450188e-03]
 [-2.6917055e-02 -3.0898845e-02 -5.7432833e-03  2.4996659e-02
   1.1824623e-02 -4.4302646e-02  9.9699789e-01  3.9440114e-02]
 [ 2.9063487e-02 -4.3673441e-03 -1.8982230e-02  4.0213060e-02
  -4.0749737e-04 -3.8941805e-03 -4.0106911e-02  9.9776500e-01]]",61
10,11,10,0.9,1.6844192743301392,"[[ 9.3162608e-01 -2.7634335e-01  3.4508087e-02  2.2216115e-02
  -1.7770022e-02  1.1006715e-01  1.8004683e-01 -7.4267454e-02
   3.0875210e-02 -5.2023776e-02]
 [ 2.4287987e-01  9.5294678e-01  9.5848441e-02 -8.8652736e-03
   6.8762503e-03  6.5149300e-02  1.2553173e-01 -3.6687490e-02
   4.7275655e-02 -2.3479944e-03]
 [-4.7958355e-02 -7.8201085e-02  9.8951924e-01  5.6939162e-02
  -1.5372010e-02 -4.4605400e-02 -2.8129583e-03  6.2185049e-02
  -5.2455779e-02  1.8484848e-02]
 [ 8.3710467e-03  2.3985071e-02 -4.7499750e-02  9.6495825e-01
   2.1679884e-01  1.9655137e-03 -1.1851196e-01  2.8485942e-03
   3.0298365e-02 -6.3065186e-02]
 [ 1.3003160e-02 -1.7338783e-02  1.9617690e-02 -2.0381002e-01
   9.7186387e-01 -3.9252129e-04  6.1654076e-02  2.4224438e-02
  -7.8523628e-02  5.0332986e-02]
 [-3.4252599e-02 -4.4645448e-03  2.9177956e-02 -4.3363370e-02
   4.9913721e-03  9.2479414e-01 -3.3609235e-01  1.4150819e-01
  -7.6444484e-02 -4.4492032e-02]
 [ 1.7477011e-02  1.8735981e-02  4.7069035e-02 -3.9663788e-02
   1.9127768e-02 -2.2867939e-02 -3.8049084e-01 -8.9399105e-01
  -2.2510193e-01 -1.3667977e-03]
 [ 1.9587997e-01  4.3844834e-02  1.8792810e-02 -1.1084649e-01
   5.0589923e-02 -2.4881694e-01 -7.4119610e-01  2.0257987e-01
   5.1928562e-01  1.5010506e-01]
 [-1.6149778e-02 -3.0583318e-02 -9.0566250e-03  8.7878354e-02
  -3.2077700e-02  1.3275534e-01  1.6348241e-01 -1.0306342e-01
   8.9744933e-02  9.6277905e-01]
 [-1.7445503e-01 -7.2848462e-02  6.5808550e-02 -6.2994864e-03
   6.2453870e-02  2.1528150e-01  3.1645095e-01 -3.4317809e-01
   8.0792934e-01 -1.9743158e-01]]",61
0,1,6,0.9,0.8883220553398132,"[[ 0.9982472  -0.00983885  0.02892212 -0.01618172  0.02937862 -0.03800491]
 [ 0.01151641  0.9882051   0.01261858  0.15106225 -0.00977233 -0.01560791]
 [-0.02834007 -0.005224    0.99749637 -0.04917565 -0.04157666  0.00486669]
 [ 0.00862333 -0.15185751  0.05004314  0.9827771   0.04179839 -0.08223601]
 [-0.03436176  0.01580526  0.0385349  -0.04888154  0.9934019  -0.08858761]
 [-0.03621787 -0.00402025 -0.00400354 -0.07911982 -0.09337197 -0.9918053 ]]",62
1,2,6,0.9,0.8973341584205627,"[[ 0.9852964   0.16784999  0.01436487 -0.00917712 -0.02668372  0.00385039]
 [-0.16391361  0.9723795  -0.06446666 -0.13374141  0.07382558 -0.01083806]
 [-0.02827742  0.10896036  0.9144035   0.3864848  -0.00551723 -0.04234752]
 [ 0.00341126 -0.10027618  0.39635807 -0.91199917  0.01824706 -0.02753023]
 [-0.03696705  0.06276833 -0.00984011 -0.02677107 -0.98676276 -0.14205363]
 [-0.01206387  0.02090279  0.04803501 -0.01412028 -0.14061844  0.9885025 ]]",62
2,3,6,0.9,0.8299122452735901,"[[ 0.99792355  0.05126011 -0.0036072  -0.02413298  0.02907701  0.0089529 ]
 [-0.04848072  0.9962888  -0.00948506  0.03827062 -0.05619563 -0.01859373]
 [ 0.00283568  0.00992309  0.9992596  -0.03049227 -0.01897785  0.00915792]
 [ 0.02576814 -0.03615735  0.03127155  0.9981563   0.01794862 -0.02030889]
 [ 0.03144227 -0.05402963 -0.01860829  0.01722744 -0.99490964  0.07485936]
 [ 0.01173048 -0.02135504  0.00729092 -0.0202549  -0.07395309 -0.99673164]]",62
3,4,6,0.9,0.8134039640426636,"[[ 0.9928182   0.1161757   0.00234473 -0.01766817 -0.0143572  -0.01707795]
 [-0.11584862  0.9923135  -0.03228524  0.01406477 -0.02113114  0.01436343]
 [-0.00274878  0.02974814  0.9883087   0.14829005  0.01122206  0.01540961]
 [ 0.02061196 -0.01774906 -0.1480596   0.9866384  -0.02468929  0.05721487]
 [-0.01401409 -0.0206182   0.01594484 -0.0168098  -0.9944711  -0.09934297]
 [-0.01620295  0.01385662  0.00470321  0.06133628  0.09817934 -0.99303675]]",62
4,5,7,0.9,0.9616082906723022,"[[ 9.95985806e-01  6.54608682e-02  1.52060734e-02 -2.24997438e-02
  -4.40772362e-02  1.32237794e-02  2.95292567e-02]
 [-6.35716841e-02  9.93464768e-01 -7.78586641e-02  5.05668223e-02
  -6.75594900e-04  1.37800742e-02  1.33111319e-02]
 [-2.48426814e-02  8.15658793e-02  9.88573194e-01 -1.16939537e-01
  -3.57416235e-02  2.19643787e-02 -4.25633788e-03]
 [ 2.23017782e-02 -3.80597375e-02  1.21746436e-01  9.84937251e-01
  -2.70756781e-02 -1.07815959e-01  2.78042369e-02]
 [ 4.06760722e-02  3.83794960e-03  3.91473547e-02  2.08528005e-02
   9.93837893e-01  1.58164203e-02  9.16496292e-02]
 [ 5.71440440e-03  1.86575968e-02  8.03921092e-03 -1.11684114e-01
   5.73641201e-03 -9.85415041e-01  1.26513064e-01]
 [-3.41929086e-02 -1.66843366e-02 -3.23768659e-03 -1.58833414e-02
  -9.11028087e-02  1.27418831e-01  9.86789942e-01]]",62
5,6,7,0.9,0.8532658815383911,"[[ 9.9128312e-01 -1.2066718e-01  6.6145911e-04 -3.1983756e-02
  -1.1210276e-03 -8.4904153e-03  4.1235842e-02]
 [ 1.2035434e-01  9.9191636e-01  3.3190597e-02  1.0481355e-02
   7.7186758e-03 -1.1141586e-02  1.4886493e-02]
 [ 2.7313703e-03 -3.4460284e-02  9.7892874e-01  1.9615699e-01
   7.9140728e-03  3.8512811e-02 -2.1912681e-02]
 [ 3.1167395e-02 -7.5979568e-03 -1.9692440e-01  9.7965068e-01
   2.0057645e-02 -2.0515865e-03 -8.3497260e-03]
 [ 8.0359465e-04  8.8604325e-03 -1.8374526e-03  2.0453088e-02
  -9.8466319e-01  1.7026265e-01  3.0791881e-02]
 [ 9.8290490e-03  1.0009727e-02 -3.8049493e-02 -9.3564950e-03
   1.7001924e-01  9.8454136e-01 -6.3019088e-03]
 [-4.2384133e-02 -1.0837404e-02  1.9135224e-02  1.2974686e-02
   3.1718232e-02  2.3086024e-03  9.9826860e-01]]",62
6,7,7,0.9,0.8667511343955994,"[[ 0.9983236  -0.03770198 -0.02667396 -0.02233569 -0.00247571  0.02666411
   0.00101365]
 [ 0.03491794  0.99573815 -0.06539561 -0.04298929  0.03375091  0.00243838
  -0.00406052]
 [ 0.03394989  0.07327592  0.96515214  0.2486394  -0.01035735  0.00526031
   0.00169502]
 [ 0.01607116  0.0237472  -0.25116295  0.9670852   0.0277276  -0.00651478
  -0.00547732]
 [ 0.00423606 -0.0332826   0.01970162 -0.02342602  0.9924799  -0.11293473
  -0.01291388]
 [-0.02647351 -0.00547462 -0.00362124  0.00303704  0.11297676  0.99318206
  -0.00852   ]
 [-0.00101064  0.00361143 -0.00302704  0.00444767  0.01409034  0.00694277
   0.9998551 ]]",62
7,8,7,0.9,0.950736939907074,"[[ 9.93570983e-01  1.02993675e-01 -1.85696855e-02  3.05057354e-02
   7.35019380e-03  5.83910057e-03 -2.90747099e-02]
 [-1.04528584e-01  9.93281364e-01  9.06699244e-03  4.70401905e-02
   8.23898055e-03 -4.99371160e-03 -8.83378647e-03]
 [ 2.18653493e-02 -2.87034106e-03  9.95743513e-01 -8.50240961e-02
   6.10083807e-03 -2.59858035e-02  8.18190724e-03]
 [ 2.35159826e-02  5.03417999e-02 -8.53367224e-02 -9.94241059e-01
  -2.58445814e-02 -1.37866437e-02 -1.60323754e-02]
 [-7.01706577e-03 -8.40678625e-03 -8.83011799e-03 -2.44137626e-02
   9.97576773e-01 -4.37796079e-02 -4.61513288e-02]
 [ 3.30596667e-04  7.12119788e-03  2.17289068e-02 -1.97888017e-02
   5.23495264e-02  9.75604296e-01  2.11047813e-01]
 [ 2.84591820e-02  1.09748254e-02 -1.53404409e-02 -1.11629516e-02
   3.56787853e-02 -2.12967589e-01  9.75746691e-01]]",62
8,9,7,0.9,0.9246068596839905,"[[ 9.9927205e-01  2.4526672e-02 -9.4395541e-03  2.3443776e-03
   2.3789871e-02  1.3859959e-02 -1.0123532e-03]
 [-2.5870319e-02  9.9650925e-01 -1.9237407e-02  6.6307239e-02
   3.2719005e-02  2.1424294e-02  1.9107682e-03]
 [ 9.7194659e-03  3.9186358e-02  9.5610505e-01 -2.8746927e-01
  -2.5270419e-02 -2.5668988e-02  1.7228141e-02]
 [ 8.5421541e-04 -5.9426390e-02  2.9100868e-01  9.5374000e-01
   2.3702079e-02  3.9176192e-02 -8.0671925e-03]
 [-1.1838063e-02 -1.5754823e-02  7.5605270e-03 -1.4814049e-03
   8.3621556e-01 -5.4792809e-01  8.3999028e-03]
 [-2.3452751e-02 -3.2280333e-02  2.1581197e-02 -5.6508269e-02
   5.4580694e-01  8.3471590e-01 -9.6539045e-03]
 [ 7.7373249e-04 -3.2139199e-03 -1.3955949e-02  1.1992343e-02
  -1.1671340e-03  1.3395750e-02  9.9973476e-01]]",62
9,10,8,0.9,1.0802167654037476,"[[ 9.98053193e-01 -1.65407360e-02 -1.22212805e-02  5.42573398e-03
  -3.11106443e-02  1.84681807e-02  3.36960070e-02 -3.15146856e-02]
 [ 1.67331714e-02  9.94142115e-01  9.46733654e-02 -3.61248441e-02
  -7.89677165e-03  1.82730990e-04  3.19159999e-02  7.24186981e-03]
 [-9.94421355e-03  8.60344470e-02 -9.76545811e-01 -1.83425695e-01
  -4.68962006e-02 -5.47122657e-02  2.34637759e-03  3.78027163e-03]
 [-5.64558478e-03  5.41782975e-02 -1.81802273e-01  9.79705215e-01
   5.13509177e-02 -5.01612085e-04 -1.56181520e-02 -3.57397459e-02]
 [ 3.59097682e-02  7.84589443e-03 -2.02123504e-02 -5.49143031e-02
   9.59225655e-01 -2.72825956e-01 -2.58523636e-02 -2.94086174e-03]
 [-1.14096338e-02  4.85483184e-03 -6.14645742e-02 -2.36774106e-02
   2.71921098e-01  9.57391560e-01  6.74159676e-02  2.05707494e-02]
 [-3.22574712e-02 -3.08451969e-02  4.31382185e-04  1.74010526e-02
   8.69027711e-03 -7.26242512e-02  9.96105552e-01  1.13550061e-02]
 [ 3.19208577e-02 -5.84463216e-03 -2.68056919e-03  3.63210551e-02
  -1.78470812e-03 -1.89297982e-02 -1.25280395e-02  9.98549998e-01]]",62
10,11,9,0.9,1.477518081665039,"[[ 9.4433141e-01 -2.3258363e-01  3.0778112e-02  6.3480526e-02
  -2.9032655e-02  1.9308235e-01 -7.2571024e-02 -4.0967610e-02
   6.4010799e-02]
 [ 2.1157283e-01  9.6459937e-01  9.0395033e-02 -3.5802696e-02
   2.8335053e-02  1.0131954e-01 -6.0313016e-02 -2.4969479e-02
  -1.4774668e-03]
 [-4.3019194e-02 -6.6389561e-02  9.7812277e-01  1.6872048e-01
   8.7379850e-04 -8.5226476e-02  1.9085051e-02 -2.2273585e-02
   2.0647204e-02]
 [-6.8479334e-03  5.7610162e-02 -1.6167615e-01  9.3499905e-01
   2.6880085e-01 -6.3420832e-02  8.7001555e-02  8.3469726e-02
  -7.3886000e-02]
 [ 2.5431152e-02 -4.6073068e-02  3.2332659e-02 -2.4659054e-01
   9.5273912e-01 -3.1245468e-02 -1.8710991e-02 -1.0166250e-01
   1.2650986e-01]
 [-1.4145364e-02  1.2858103e-02  2.0782903e-02 -4.2308811e-02
   1.4829427e-03  3.9546496e-01  9.1026461e-01 -8.3917126e-02
   7.3445462e-02]
 [ 1.1554553e-02  1.2992607e-02  2.6519353e-02 -5.3976495e-02
   3.1284973e-02  4.7543276e-02  2.7666058e-02  9.1098750e-01
   4.0271363e-01]
 [ 1.7339097e-01  9.9838432e-03  2.5965435e-02 -1.6064586e-01
   8.9946315e-02 -3.4485108e-01  2.4065846e-01  3.4791055e-01
  -7.9836315e-01]
 [-1.7473626e-01 -7.1901493e-02  7.1855783e-02  2.6096120e-02
   9.6521668e-02  8.1401253e-01 -3.0910957e-01  1.4804591e-01
  -4.1116178e-01]]",62
0,1,6,0.9,0.894643247127533,"[[ 9.98345196e-01 -5.08684246e-03  2.51777060e-02 -1.54464915e-02
   2.93499809e-02 -3.93328071e-02]
 [ 7.25639472e-03  9.88825619e-01 -8.98161717e-03  1.47175759e-01
  -1.24788973e-02 -1.65594220e-02]
 [-2.41182037e-02  1.33025544e-02  9.98392642e-01 -2.96712480e-02
  -3.88770960e-02  7.84550514e-03]
 [ 9.45551507e-03 -1.47253022e-01  3.33845168e-02  9.84568477e-01
   3.32222991e-02 -8.14483240e-02]
 [ 3.50628085e-02 -1.73369776e-02 -3.71871889e-02  4.10914049e-02
  -9.91329312e-01  1.12537995e-01]
 [-3.67931016e-02 -6.09237980e-03  8.81779997e-05 -7.84649327e-02
  -1.16764180e-01 -9.89352584e-01]]",63
1,2,6,0.9,0.8995793461799622,"[[ 0.98333913  0.17850915  0.0085186  -0.00831096 -0.03149557  0.00670346]
 [-0.17402002  0.9693692  -0.07892275 -0.13552761  0.07263076 -0.01298728]
 [-0.02695495  0.12949929  0.88085407  0.4532003   0.00369312 -0.03457464]
 [ 0.00521269 -0.08652587  0.4644832  -0.8804197   0.02337355 -0.03250221]
 [-0.04201325  0.06107646  0.00201452 -0.02632015 -0.9873535  -0.13762552]
 [-0.01556391  0.02169711  0.04523387 -0.01847188 -0.13529916  0.989239  ]]",63
2,3,6,0.9,0.8334624171257019,"[[ 0.99681205  0.06921435  0.00343287 -0.02412781  0.03085282  0.00540624]
 [-0.06648898  0.9954847  -0.01747274  0.03287234 -0.05535664 -0.01180253]
 [-0.00645146  0.01914159  0.9950131  -0.09342875 -0.02154728  0.01864637]
 [ 0.0256914  -0.02935418  0.09477453  0.99432755  0.00764757 -0.02739065]
 [ 0.03409384 -0.05235813 -0.02127828  0.01013051 -0.9922074   0.10519176]
 [ 0.00899175 -0.01581958  0.01403073 -0.02860709 -0.10481142 -0.993815  ]]",63
3,4,6,0.9,0.8099007606506348,"[[ 9.9323517e-01  1.1062375e-01 -9.5679681e-04 -2.2294495e-02
   1.8928444e-02 -1.9748380e-02]
 [-1.1022208e-01  9.9329871e-01 -2.0138269e-02  1.8820794e-02
   1.5153299e-02  1.4809641e-02]
 [ 9.0448215e-04  1.9406885e-02  9.9799228e-01  4.5907300e-02
  -2.5330173e-02  2.9745322e-02]
 [ 2.5152728e-02 -1.8434420e-02 -4.6747193e-02  9.9583638e-01
   2.7590472e-02  6.6263571e-02]
 [-1.8968014e-02 -1.5412800e-02  2.8459640e-02 -2.2036457e-02
   9.9718660e-01 -6.1040789e-02]
 [-1.8484762e-02  1.2884354e-02  2.4690352e-02  6.9753364e-02
  -6.0233839e-02 -9.9518299e-01]]",63
4,5,7,0.9,0.9400414824485779,"[[ 0.9966416   0.05477532  0.00908918 -0.02388936  0.04594912  0.00660864
   0.02995013]
 [-0.05289735  0.9913949  -0.0941527   0.07040798  0.00707107  0.01103105
   0.01855324]
 [-0.01801399  0.09871645  0.9908017  -0.08479465  0.02839246  0.01526149
   0.00365705]
 [ 0.02574768 -0.05911056  0.09223829  0.9865249   0.00902389 -0.11634737
   0.02203416]
 [-0.04202172 -0.00887477 -0.0280057  -0.01007084  0.99257123 -0.05356837
  -0.09592929]
 [ 0.00174142  0.0182809   0.00425793 -0.11755446 -0.04447522 -0.9868823
   0.09955298]
 [-0.03392969 -0.02199448 -0.00736889 -0.01140065  0.09887058  0.0962221
   0.98951834]]",63
5,6,7,0.9,0.8486035466194153,"[[ 9.92120326e-01 -1.15170695e-01  3.73132504e-03 -2.54828483e-02
  -1.13932909e-02 -6.03805156e-03  4.00435366e-02]
 [ 1.14682496e-01  9.92914379e-01  2.14561783e-02  2.32688058e-03
   1.08041577e-02 -1.26760658e-02  1.50243854e-02]
 [ 1.24377757e-03 -2.10937709e-02  9.68521416e-01  2.45196030e-01
   1.05719212e-02  3.10262498e-02 -1.80094857e-02]
 [ 2.63829771e-02 -1.99862785e-04 -2.45484054e-01  9.68710601e-01
   2.24180017e-02 -6.88460097e-03 -9.55944322e-03]
 [ 8.97169113e-03 -1.34443985e-02 -1.52725057e-04 -2.44448557e-02
   9.86611009e-01 -1.59211785e-01 -1.97865739e-02]
 [ 9.47030075e-03  1.06328279e-02 -3.20128873e-02 -5.13665285e-03
   1.58928931e-01  9.86600459e-01 -1.03558116e-02]
 [-4.09570746e-02 -1.08586848e-02  1.43091893e-02  1.41442195e-02
   2.18961183e-02  8.00294150e-03  9.98627245e-01]]",63
6,7,7,0.9,0.8613566756248474,"[[ 9.9657577e-01 -6.5867171e-02 -3.0586660e-02  2.5644822e-02
   4.4955807e-03  2.9746102e-02  3.5523294e-04]
 [ 6.3359901e-02  9.9577069e-01 -4.9009014e-02  2.8676141e-02
   3.4524791e-02  1.8527297e-03  2.5885559e-03]
 [ 4.1735191e-02  5.4458257e-02  9.2165488e-01 -3.8111740e-01
  -2.3090279e-02  2.0137848e-03  7.5550135e-03]
 [ 1.2835422e-02  6.0885097e-03 -3.8216662e-01 -9.2343712e-01
   2.5773408e-02 -1.7364658e-02  6.6979378e-03]
 [-3.6351278e-03 -3.2878485e-02  3.3553626e-02  1.5024500e-02
   9.9548137e-01 -7.9742029e-02 -1.4564647e-02]
 [-3.0016132e-02 -2.4897247e-03 -4.8003448e-03 -1.5023279e-02
   7.9848424e-02  9.9617702e-01 -9.9809216e-03]
 [-1.2720790e-03 -3.5108782e-03 -3.8256568e-03  9.0519218e-03
   1.5209830e-02  8.8689644e-03  9.9978971e-01]]",63
7,8,7,0.9,0.9474489092826843,"[[ 9.90757465e-01  1.22976787e-01 -2.37536989e-02  3.18457820e-02
   2.10965648e-02  5.25776530e-03 -3.50039303e-02]
 [-1.24406584e-01  9.90803540e-01  2.34541707e-02  4.53089662e-02
   7.82349147e-03 -6.37989677e-03 -1.12436898e-02]
 [ 3.00478376e-02 -1.42195867e-02  9.91454542e-01 -1.20931439e-01
   7.74392765e-03 -3.01701613e-02  1.78363137e-02]
 [-2.27790233e-02 -5.09023219e-02  1.20976135e-01  9.90316749e-01
   2.73305364e-02  2.33845338e-02  1.52845420e-02]
 [-1.94929466e-02 -9.76893958e-03 -1.32326009e-02 -2.39320118e-02
   9.93344724e-01 -1.08498521e-01 -1.64622944e-02]
 [-8.62863380e-04  8.19617696e-03  2.21282709e-02 -3.10927406e-02
   1.09302990e-01  9.77911532e-01  1.73832104e-01]
 [ 3.34694684e-02  1.51382191e-02 -2.45663002e-02 -6.44977437e-03
  -2.41651805e-03 -1.74332261e-01  9.83670592e-01]]",63
8,9,8,0.9,0.9847705364227295,"[[ 9.9900573e-01  1.8636655e-02 -2.5470456e-02  8.8975076e-03
   2.3913132e-02  1.4153376e-02 -1.6311554e-03 -1.1724846e-02]
 [-2.0797003e-02  9.9721801e-01 -2.1908281e-02  5.6083798e-02
   2.6862314e-02  1.6746117e-02 -8.5713118e-03 -2.0563548e-02]
 [ 2.7413709e-02  3.8499437e-02  9.6060681e-01 -2.6961368e-01
  -2.7978815e-02 -2.8748518e-02  2.4313658e-02  1.0436151e-02]
 [-3.1881693e-03 -5.0991483e-02  2.7472085e-01  9.5562118e-01
   6.9463864e-02  5.8310386e-02 -1.9770142e-02 -9.4937775e-03]
 [-1.3107112e-02 -1.3211772e-02  1.4675752e-03 -3.3624392e-02
   8.6746246e-01 -4.9575078e-01  1.6019190e-02  2.0662725e-03]
 [-2.2762977e-02 -2.3632273e-02  1.6538734e-02 -9.5840193e-02
   4.8997319e-01  8.6327821e-01 -5.2654754e-02 -3.6999732e-02]
 [-9.9852239e-04  4.2280229e-03 -1.6749127e-02  2.0722860e-02
   1.2909636e-02  5.2900396e-02  9.9536443e-01 -7.4536294e-02]
 [ 1.0118580e-02  1.9381652e-02 -8.8395989e-03  1.1255160e-02
   1.9156694e-02  3.8420290e-02  7.1849383e-02  9.9614847e-01]]",63
9,10,8,0.9,1.091759204864502,"[[ 9.9834991e-01 -1.3312636e-02 -2.0007011e-02  1.1593709e-02
  -2.0355172e-02  2.8251754e-02  2.1631455e-02 -3.0083992e-02]
 [ 1.3454715e-02  9.9451667e-01  9.2984483e-02  1.4354414e-02
  -2.9609267e-02  1.0978850e-02  3.0028369e-02  2.0400861e-03]
 [-1.5702093e-02  9.2997283e-02 -9.7330368e-01 -1.9158369e-01
  -5.8622044e-02 -5.9840180e-02 -2.9154888e-03 -7.4089365e-03]
 [-1.4684989e-02  7.8099971e-03 -1.9672392e-01  9.7500944e-01
   8.4481269e-02  1.8400488e-02 -2.9352229e-02 -4.5193411e-02]
 [ 2.7692638e-02  3.5001721e-02 -2.5051059e-02 -8.4740058e-02
   9.6934432e-01 -2.2408170e-01 -1.6451191e-02  9.3729459e-03]
 [-2.4254795e-02  1.7400050e-03 -6.2836885e-02 -4.9258791e-02
   2.1977450e-01  9.7141713e-01  3.2626491e-02  4.1425619e-03]
 [-2.0120710e-02 -2.8653761e-02 -9.9815708e-03  2.9332072e-02
   1.2148951e-02 -3.6021326e-02  9.9745673e-01  3.8065813e-02]
 [ 2.9902047e-02 -6.3340936e-04 -1.6054912e-02  4.2943876e-02
  -7.6442352e-03  6.6462473e-04 -3.8797136e-02  9.9771720e-01]]",63
10,11,9,0.9,1.7965213060379028,"[[ 9.04115379e-01 -3.00031513e-01 -4.50101867e-02  2.61700973e-02
  -5.80077292e-03  1.19912170e-01  1.90094307e-01 -1.73467711e-01
   9.59492847e-02]
 [ 2.44003996e-01  9.44050729e-01 -9.76645425e-02 -1.44399935e-02
   1.59206111e-02  6.27491921e-02  1.31677508e-01 -1.04166612e-01
   8.42786208e-02]
 [-4.72695008e-02 -7.11157545e-02 -9.87550795e-01  8.85922760e-02
   7.06522900e-04 -4.84720357e-02 -1.74714569e-02  6.40779883e-02
  -5.33095188e-02]
 [ 2.43800525e-02  3.67314443e-02  8.86049047e-02  9.69157159e-01
   1.84011385e-01  4.93305735e-03 -1.18584298e-01  5.46994358e-02
   1.14673190e-03]
 [ 8.98146629e-03 -1.88454911e-02 -1.13045750e-02 -1.83351919e-01
   9.80249763e-01  1.61959454e-02  1.93282142e-02  1.97140183e-02
  -6.24844283e-02]
 [-1.37768611e-02  9.13817994e-03 -2.59580389e-02 -4.12298962e-02
  -2.92450804e-02  9.32255089e-01 -2.80535817e-01  1.81320399e-01
  -1.25781253e-01]
 [ 2.45061126e-02  1.60036329e-02 -3.14358063e-02 -3.86882387e-02
   1.30499639e-02 -7.30284229e-02 -6.54432774e-01 -7.38588691e-01
  -1.31755441e-01]
 [ 1.19065918e-01  1.65717341e-02 -1.82032846e-02 -9.18962657e-02
   3.52975279e-02 -1.23223282e-01 -5.18071234e-01  3.46875399e-01
   7.56056964e-01]
 [-3.24285328e-01 -1.06645815e-01 -5.66333681e-02  8.20549428e-02
   5.18755130e-02  2.99050093e-01  3.95479053e-01 -5.02850711e-01
   6.10033453e-01]]",63
0,1,6,0.9,0.8941206932067871,"[[ 9.9819642e-01 -7.0395875e-03  2.5603198e-02 -1.5654264e-02
   3.1668399e-02 -4.0631812e-02]
 [ 9.5273266e-03  9.8702466e-01 -1.0815041e-02  1.5823941e-01
  -1.5708372e-02 -1.6971501e-02]
 [-2.3738302e-02  5.4798541e-03  9.9830586e-01  3.1212199e-02
  -4.2632978e-02 -3.1931570e-04]
 [ 1.0821525e-02 -1.5894675e-01 -2.8389268e-02  9.8309422e-01
   2.9113876e-02 -8.0565937e-02]
 [ 3.6848024e-02 -2.0169081e-02 -4.2404976e-02  3.2347556e-02
  -9.9310946e-01  9.5522344e-02]
 [-3.8403232e-02 -5.6376294e-03 -2.9651308e-03 -7.8868777e-02
  -9.9089809e-02 -9.9118394e-01]]",64
1,2,6,0.9,0.893474280834198,"[[ 0.98435336  0.17403446  0.00741489 -0.00710967 -0.02434704  0.00788407]
 [-0.16970427  0.96856093 -0.08547723 -0.14175032  0.07503851 -0.00774167]
 [-0.02720106  0.13554832  0.89402807  0.42379755  0.00325979 -0.04455921]
 [ 0.00710714 -0.09231096  0.43675044 -0.894306    0.01292992 -0.02695983]
 [-0.03483769  0.0656251  -0.00581628 -0.01950953 -0.9851531  -0.15342297]
 [-0.01564757  0.02001144  0.05067202 -0.00938539 -0.15189475  0.9867254 ]]",64
2,3,6,0.9,0.8226381540298462,"[[ 0.99751014  0.05615053 -0.00658828 -0.02893091 -0.028604   -0.01104025]
 [-0.05286463  0.9954581  -0.01429818  0.04626822  0.05723728  0.02543961]
 [ 0.00412763  0.01683278  0.9974067  -0.06665193  0.01845527 -0.00980731]
 [ 0.03082081 -0.04194886  0.06777911  0.9957981  -0.03244013  0.00549443]
 [ 0.03206404 -0.05619678 -0.01599005  0.03041557  0.9964823  -0.04069466]
 [ 0.01355089 -0.02662949  0.00906136 -0.00639188  0.03918888  0.99872345]]",64
3,4,6,0.9,0.8000925183296204,"[[ 9.9295998e-01  1.0997349e-01 -3.6186499e-03 -3.5626777e-02
  -1.9363213e-02 -1.6703913e-02]
 [-1.0985597e-01  9.9319798e-01 -3.1469900e-02  1.0907719e-02
  -1.6189067e-02  1.0871544e-02]
 [ 8.9347661e-03  2.9283404e-02  9.7257584e-01  2.3006067e-01
   8.6936355e-03  1.2465037e-02]
 [ 3.5675749e-02 -1.5113240e-02 -2.2972021e-01  9.7067660e-01
  -3.8374871e-02  4.5185659e-02]
 [ 2.0254854e-02  1.6449798e-02 -1.7924290e-02  2.9903702e-02
   9.9401563e-01  1.0018241e-01]
 [ 1.4117515e-02 -1.0356302e-02  3.3640006e-04 -5.0759520e-02
  -9.8730229e-02  9.9366456e-01]]",64
4,5,7,0.9,0.9498571157455444,"[[ 9.95465517e-01  6.49036542e-02  4.39634547e-03 -3.02108191e-02
  -4.88580763e-02  1.64264739e-02  3.53116877e-02]
 [-6.41045943e-02  9.92288947e-01 -9.68888178e-02  3.56604941e-02
   6.93719776e-04  9.29414667e-03  2.25203242e-02]
 [-1.32509544e-02  9.69342291e-02  9.94059861e-01 -2.33404730e-02
  -3.21241803e-02  2.59400066e-02 -4.85696411e-03]
 [ 3.05943396e-02 -3.04647479e-02  2.81051714e-02  9.91627276e-01
  -4.51562516e-02 -1.06465124e-01  2.54468098e-02]
 [ 4.62171584e-02  1.68577814e-03  3.32058370e-02  4.39504385e-02
   9.93108690e-01  3.05789653e-02  8.73326957e-02]
 [ 9.20074712e-03  1.34353805e-02  2.33531352e-02 -1.08300313e-01
   2.40359306e-02 -9.86999571e-01  1.12759419e-01]
 [-4.00834605e-02 -2.53448579e-02  6.13433251e-04 -1.69033539e-02
  -8.77430066e-02  1.11950509e-01  9.88551021e-01]]",64
5,6,7,0.9,0.8451021909713745,"[[ 0.9897696  -0.13242307  0.01691699 -0.03031851  0.00256774 -0.00814613
   0.03926724]
 [ 0.13182123  0.99064904  0.02251092  0.01338674  0.00986039 -0.01517008
   0.01498147]
 [-0.01300725 -0.02200483  0.9829489   0.1757882   0.00253071  0.03965624
  -0.02602955]
 [ 0.03208467 -0.01340778 -0.17639948  0.9833172   0.0193978   0.00259968
  -0.0194487 ]
 [ 0.00354591  0.01052777 -0.00488411  0.0193965  -0.9878164   0.14281867
   0.05742899]
 [ 0.00893382  0.0131849  -0.03714646 -0.01180437  0.14429346  0.98839885
   0.0217782 ]
 [-0.04108885 -0.01140442  0.02231665  0.02391201  0.05395961 -0.02819058
   0.9966973 ]]",64
6,7,7,0.9,0.8601706624031067,"[[ 9.9666995e-01 -6.8288773e-02 -2.6640864e-02 -2.7651478e-02
  -3.6932789e-03  2.2269435e-02  1.3608964e-03]
 [ 6.5527752e-02  9.9466485e-01 -6.3581362e-02 -3.6157597e-02
   3.1526841e-02  1.7541950e-03 -1.0120369e-03]
 [ 3.6551099e-02  6.8257675e-02  9.7227943e-01  2.1987118e-01
  -1.6756069e-02  6.6414094e-03  3.0698176e-03]
 [ 2.2345902e-02  1.8422261e-02 -2.2166324e-01  9.7376931e-01
   4.1546807e-02  7.4787596e-03 -4.2266734e-03]
 [ 3.1305652e-03 -3.1133059e-02  2.7811127e-02 -3.5145581e-02
   9.9473560e-01 -7.8763835e-02 -3.6188856e-02]
 [-2.2524007e-02 -3.2749469e-03 -1.8572864e-03 -1.0905610e-02
   7.7774197e-02  9.9643141e-01 -2.0860579e-02]
 [-1.6658407e-03 -2.2731019e-04 -2.9846807e-03  1.9442379e-03
   3.7918415e-02  1.7934401e-02  9.9911219e-01]]",64
7,8,7,0.9,0.9386569261550903,"[[ 0.9980559   0.02326674 -0.02597035  0.03944665  0.01059729  0.00155626
  -0.03158881]
 [-0.02537876  0.9976669   0.02256156  0.05654433  0.00275348 -0.0096096
  -0.0145048 ]
 [ 0.03254081 -0.01190147  0.98426443 -0.1721365   0.00958514 -0.01715684
  -0.00241805]
 [ 0.0328989   0.06011954 -0.17241558 -0.98222816 -0.01487161 -0.02304022
  -0.00720711]
 [-0.01175561 -0.00162385 -0.01044232 -0.01569272  0.9938204   0.09883098
  -0.04535665]
 [ 0.00545516  0.01321277  0.01412641 -0.02432795 -0.09066392  0.98274595
   0.15809725]
 [ 0.03051461  0.01364244 -0.00209256 -0.00232784  0.0605644  -0.15337172
   0.98573935]]",64
8,9,8,0.9,0.981406569480896,"[[ 9.99208450e-01 -1.21999132e-02 -1.39452685e-02  1.58729516e-02
   1.42688537e-02  2.44253986e-02 -4.21081251e-03 -1.30111929e-02]
 [ 1.06266625e-02  9.98176634e-01 -8.37879628e-03  5.42227924e-02
   5.60685014e-03  1.01979384e-02  5.47485659e-04 -1.96061768e-02]
 [ 1.77814737e-02  1.94759183e-02  9.77788389e-01 -2.05681995e-01
   7.15406286e-03 -2.54247971e-02  1.47611769e-02  3.72026698e-03]
 [-1.51455272e-02 -5.20405509e-02  2.08289489e-01  9.73767161e-01
  -4.58658999e-03  6.96105137e-02 -1.49043724e-02 -1.91492736e-02]
 [-5.86609181e-04 -1.99304894e-03 -1.06446585e-02  4.28572111e-02
   8.59057963e-01 -5.09851635e-01  1.05839791e-02  2.05850624e-03]
 [-2.76023727e-02 -8.29888135e-03  6.56231493e-03 -6.17552921e-02
   5.11504233e-01  8.56097162e-01 -1.92920305e-02 -2.00343318e-02]
 [ 2.25035031e-03 -3.16858455e-03 -1.11285122e-02  1.44409183e-02
   3.09015763e-06  2.18435228e-02  9.96678174e-01 -7.62103945e-02]
 [ 1.25176199e-02  1.80034973e-02 -6.91958761e-04  2.05303095e-02
   8.69178120e-03  2.18892358e-02  7.54346624e-02  9.96419668e-01]]",64
9,10,9,0.9,1.2279953956604004,"[[ 9.9599808e-01  2.2874173e-02  3.3101412e-03 -3.1239805e-03
  -3.3789277e-02  2.3670062e-02  4.3620158e-02 -3.7915681e-02
  -4.9004085e-02]
 [-2.3854032e-02  9.9617851e-01  7.5206466e-02 -1.2770555e-02
  -1.3971496e-02 -8.8310550e-04  2.6974464e-02  1.6575594e-02
   6.4552114e-03]
 [ 9.8183763e-04  7.1480177e-02 -9.8058182e-01 -1.6623890e-01
  -3.4655396e-02 -6.6202216e-02  2.8024116e-03 -1.1026577e-02
   6.2646135e-04]
 [-5.5364083e-04  2.6715402e-02 -1.6630197e-01  9.8313445e-01
   7.9695247e-03  2.7775262e-02 -1.1016867e-02 -5.6119811e-02
  -3.1154221e-02]
 [ 3.8343649e-02  1.2793735e-02  3.8749450e-03  5.6464872e-03
   8.6013132e-01 -5.0628132e-01 -8.2898291e-04 -9.8262653e-03
  -4.5556881e-02]
 [ 5.4594880e-04  1.0580093e-02 -6.9313139e-02 -3.4969274e-02
   5.0699681e-01  8.5392421e-01  3.0396955e-02  5.0860424e-02
   6.4167634e-02]
 [-3.9287187e-02 -2.8829753e-02  1.3120007e-04  1.6365567e-02
  -1.3194377e-02 -3.1735908e-02  9.9661374e-01  3.8668849e-02
   3.7973057e-02]
 [ 2.6859883e-02 -1.1519690e-02 -1.7205257e-02  4.5693524e-02
  -1.8731361e-02 -2.6926914e-02 -2.9585905e-02  9.6830469e-01
  -2.3915835e-01]
 [ 6.0678631e-02 -6.5042749e-03 -4.5433016e-03  4.5033757e-02
   1.4272854e-03 -8.3935894e-02 -4.6919297e-02  2.3070338e-01
   9.6527421e-01]]",64
10,11,10,0.9,1.6600797176361084,"[[ 0.93745416 -0.23924443  0.02760454  0.07742345 -0.06839842  0.15548168
   0.1519542   0.0421715  -0.01441886  0.0570609 ]
 [ 0.20831463  0.965271    0.05626912  0.01942009 -0.02738995  0.08634326
   0.10187797  0.01297655  0.03912463  0.03209407]
 [-0.03830066 -0.04483619  0.99136424  0.08970437  0.00113513 -0.02815324
  -0.00878031 -0.05373845 -0.03403645 -0.02748753]
 [-0.01019157  0.01960233 -0.08106562  0.8858808   0.4239273  -0.05550762
  -0.13311733  0.03291081 -0.04984584  0.06381223]
 [ 0.03149993 -0.01184756  0.03485815 -0.36604112  0.8797418   0.17595145
   0.2235355  -0.0367562  -0.0167424  -0.08462998]
 [-0.04145781 -0.0012959   0.01238908 -0.01833604 -0.03103166  0.8159655
  -0.5689699  -0.05748002 -0.05880502 -0.02320884]
 [-0.00346446  0.01400172  0.04639777 -0.06353432  0.02932335 -0.02991097
  -0.11452349  0.96230793 -0.17081678 -0.15335402]
 [ 0.21625192  0.04802307  0.03131944 -0.21442036  0.19370683 -0.4296607
  -0.68451077 -0.00741066  0.38615996  0.25320318]
 [-0.00868277 -0.03346162  0.00440009  0.12259334 -0.03469671  0.10825762
   0.09203985  0.06517719  0.7728556  -0.6006727 ]
 [-0.16324982 -0.06968182  0.04664218  0.03784968 -0.01900541  0.26554728
   0.2913704   0.24307956  0.4639788   0.731265  ]]",64
0,1,6,0.9,0.8839486241340637,"[[ 0.9984824  -0.0060976   0.01953295 -0.01351247  0.03048545 -0.03875872]
 [ 0.00763314  0.9890735   0.01167437  0.14483833 -0.01674716 -0.01674546]
 [-0.01838363 -0.01008548  0.9988287  -0.01485903 -0.04074904  0.00449901]
 [ 0.00806922 -0.14538054  0.01498079  0.98544043  0.03130542 -0.080635  ]
 [-0.03570959  0.02027085  0.0399328  -0.03781687  0.99157023 -0.10989819]
 [-0.03600552 -0.00694769 -0.00207658 -0.07807326 -0.11374573 -0.9897563 ]]",65
1,2,6,0.9,0.8867111802101135,"[[ 0.9816947   0.18753602  0.01211203 -0.00893924 -0.02883289  0.00691447]
 [-0.1823208   0.96501124 -0.09349978 -0.14631596  0.06993382 -0.0217063 ]
 [-0.03392635  0.13877125  0.9125631   0.38154724  0.00414702 -0.03499408]
 [ 0.00665205 -0.10050265  0.39529312 -0.9120707   0.01209423 -0.03973673]
 [-0.03957421  0.05877548 -0.00366838 -0.0162921  -0.990198   -0.1191988 ]
 [-0.01653104  0.02776302  0.04549192 -0.02819517 -0.11671496  0.9911958 ]]",65
2,3,6,0.9,0.822686493396759,"[[ 0.9970861   0.06437597 -0.00802814 -0.02764902  0.02857445  0.00544347]
 [-0.06170695  0.9953959  -0.02097468  0.03347014 -0.06006296 -0.01454092]
 [ 0.00540878  0.02246463  0.9976874  -0.0576738  -0.01870454  0.02024421]
 [ 0.02991753 -0.03020009  0.05895049  0.996853    0.01087823 -0.02972492]
 [ 0.03196984 -0.05766461 -0.01843664  0.01156613 -0.99452317  0.07811975]
 [ 0.00807345 -0.01734217  0.01733244 -0.03064988 -0.07766213 -0.9961741 ]]",65
3,4,7,0.9,0.9036282300949097,"[[ 9.9342310e-01  1.0498835e-01  1.9997354e-03 -3.3193544e-02
   2.4551596e-02 -1.9379457e-02  1.9649460e-03]
 [-1.0446770e-01  9.9369103e-01 -3.3627782e-02  1.6964806e-02
   1.1637298e-02  1.0040342e-02 -3.1217479e-03]
 [-6.7644491e-04  3.1824026e-02  9.9328220e-01  1.0355624e-01
  -2.7234260e-02  2.9148808e-02  7.8755459e-03]
 [ 3.5738938e-02 -1.7808774e-02 -1.0393575e-01  9.9029976e-01
   3.5560042e-02  7.4589998e-02  9.0105962e-03]
 [-2.5335748e-02 -1.2277070e-02  3.2158684e-02 -2.7862055e-02
   9.9738282e-01 -5.1064655e-02 -4.1020103e-03]
 [-1.6501706e-02  8.2743187e-03  1.9093949e-02  7.9227000e-02
  -4.9550530e-02 -9.9492371e-01  2.6253220e-02]
 [-2.2665251e-03  2.5391087e-03 -7.3675578e-03 -1.1819912e-02
   5.2765571e-03  2.5089078e-02  9.9956846e-01]]",65
4,5,7,0.9,0.9138453006744385,"[[ 9.97218311e-01  4.09397557e-02  6.55673398e-03 -2.30294801e-02
   4.48501669e-02  3.71518545e-03  3.57907675e-02]
 [-3.93239260e-02  9.91345227e-01 -1.02260955e-01  6.85378909e-02
   1.49421906e-03  7.12819677e-03  2.19188146e-02]
 [-1.14020836e-02  1.01464018e-01  9.94286120e-01  1.13205034e-02
   2.78368443e-02  5.92615397e-04 -8.18073004e-03]
 [ 2.49945708e-02 -6.72159791e-02 -4.31933673e-03  9.88910556e-01
   1.40153551e-02 -1.28528699e-01  1.33583099e-02]
 [-4.14859913e-02 -2.22010189e-03 -2.84633338e-02 -2.10415199e-02
   9.92399335e-01 -6.86050579e-02 -8.63593146e-02]
 [-4.57467977e-05  1.44468248e-02  3.03143589e-03 -1.27407819e-01
  -6.34395629e-02 -9.86132026e-01  8.40747654e-02]
 [-3.91603559e-02 -2.30642315e-02  7.54817901e-03 -4.94195381e-03
   9.01877880e-02  7.90730491e-02  9.91698921e-01]]",65
5,6,7,0.9,0.8154236674308777,"[[ 9.93227303e-01 -1.00907922e-01  6.95873937e-03 -4.21058349e-02
  -5.65625203e-04 -9.39915981e-03  3.75124365e-02]
 [ 1.00815684e-01  9.94754493e-01  9.99180041e-03  3.71212047e-03
   1.04621258e-02 -2.32301163e-03  8.43837485e-03]
 [ 5.73367625e-03 -1.11423647e-02  9.52366054e-01  3.03971440e-01
   1.01297384e-03  1.64231844e-02 -1.31306825e-02]
 [ 4.20410298e-02 -4.72910190e-03 -3.04024696e-01  9.51709330e-01
  -1.87921361e-03 -4.39333497e-03 -2.33938638e-03]
 [ 2.34886204e-04 -1.03500932e-02 -4.34374961e-04  1.19864591e-03
   9.94078040e-01 -9.94414836e-02 -4.25613411e-02]
 [ 8.64495803e-03  3.48757370e-04 -1.66863836e-02 -8.60421278e-04
   1.00537822e-01  9.94444668e-01  2.48578358e-02]
 [-3.82185318e-02 -5.22606540e-03  1.18691903e-02  7.85441697e-03
   3.98334414e-02 -2.84327287e-02  9.97955143e-01]]",65
6,7,7,0.9,0.8420602083206177,"[[ 9.9791884e-01 -3.8847547e-02 -2.9349765e-02  3.1660523e-02
   8.8574309e-03  2.6469577e-02 -2.4309298e-03]
 [ 3.5660189e-02  9.9692702e-01 -5.0851583e-02  2.8724693e-02
   3.4423158e-02  1.6239524e-02 -2.2720543e-03]
 [ 3.8691904e-02  5.6300603e-02  9.6920377e-01 -2.3298043e-01
  -3.9879620e-02 -8.9189634e-03  5.2390629e-03]
 [ 2.4875440e-02  1.4716906e-02 -2.3459303e-01 -9.7115290e-01
   2.2403087e-02 -2.1961490e-02  2.9302123e-03]
 [-7.6366528e-03 -3.1269412e-02  4.5744203e-02  1.2486030e-02
   9.9613988e-01 -5.8445603e-02 -3.1700511e-02]
 [-2.6634151e-02 -1.6211644e-02  7.8215646e-03 -2.4088915e-02
   5.7351101e-02  9.9746567e-01 -1.2631284e-02]
 [ 1.6537850e-03  6.3689845e-04 -3.0301069e-03  4.3026442e-03
   3.2565344e-02  1.0965486e-02  9.9939400e-01]]",65
7,8,8,0.9,0.9658020734786987,"[[ 9.93850529e-01  6.94407001e-02 -2.28931233e-02  3.61036435e-02
   2.26872023e-02  2.04948708e-03 -4.20704484e-02 -5.76436631e-02]
 [-7.17825592e-02  9.96123910e-01  1.38159022e-02  4.58706655e-02
   1.24418670e-02  7.47143058e-03 -8.28066934e-03 -3.18871555e-03]
 [ 2.86201164e-02 -6.83006691e-03  9.93810713e-01 -9.48485136e-02
  -5.56855695e-03 -4.35413904e-02  6.66386867e-03  2.25200783e-02]
 [-3.08101717e-02 -4.99040037e-02  9.78751704e-02  9.91412938e-01
   2.48576626e-02  5.76955453e-02  1.04445079e-02 -5.03700925e-03]
 [-2.17851922e-02 -1.28648253e-02  1.75620313e-03 -2.32176892e-02
   9.97557282e-01 -4.96229678e-02 -3.39000002e-02  9.25075077e-03]
 [ 1.95087399e-04 -4.60139103e-03  3.84787209e-02 -6.44278005e-02
   5.33975735e-02  9.76026714e-01  1.58243686e-01 -1.17587671e-01]
 [ 3.33496630e-02  1.12323901e-02 -1.21441884e-02  1.32987148e-03
   2.65851915e-02 -1.73079938e-01  9.77139175e-01 -1.14664204e-01]
 [ 6.12638071e-02  8.07332713e-03 -2.03647558e-02  2.18255050e-03
   1.72402174e-03  9.83271897e-02  1.30447969e-01  9.84415650e-01]]",65
8,9,8,0.9,0.9850240349769592,"[[ 9.9957222e-01 -1.0622510e-02 -1.6528588e-02  1.6782392e-03
   9.6249105e-03  1.5470144e-02 -3.8044269e-03 -1.0961000e-02]
 [ 9.3277059e-03  9.9732685e-01 -1.0449455e-02  3.7039060e-02
   5.1132627e-02  2.9784618e-02  1.1634416e-02 -1.1574553e-02]
 [ 1.7685084e-02  2.0135151e-02  9.7627240e-01 -2.0893481e-01
  -2.5718031e-02 -3.8345575e-02  1.8818887e-02  5.8604982e-03]
 [-5.8937754e-04 -3.9584059e-02  2.1373235e-01  9.7001058e-01
   6.1586764e-02  8.9065850e-02 -7.7704163e-03 -6.6835773e-03]
 [-2.9583359e-03 -3.4753338e-02  3.7882319e-03 -2.4246914e-02
   9.1804683e-01 -3.9305785e-01  2.9292675e-02 -4.3062880e-03]
 [-1.8263604e-02 -4.2299807e-02  2.3432689e-02 -1.1575261e-01
   3.8668784e-01  9.1180670e-01 -4.0422443e-02 -3.7101317e-02]
 [ 2.1341275e-03 -1.3539409e-02 -1.5608825e-02  6.8665040e-03
  -1.1943594e-02  4.7631126e-02  9.9692827e-01 -5.6956567e-02]
 [ 1.0413813e-02  8.5757589e-03 -4.6098577e-03  4.1571506e-03
   1.8926542e-02  3.6274098e-02  5.5476870e-02  9.9751073e-01]]",65
9,10,9,0.9,1.2467929124832153,"[[ 9.94396150e-01  1.57739874e-02 -2.21875049e-02  4.85624708e-02
  -5.08770160e-02  1.76148862e-02  2.96877678e-02 -6.48941323e-02
   9.25367977e-03]
 [-1.64082609e-02  9.95264053e-01 -8.47814456e-02 -2.78786737e-02
   4.14568931e-03 -3.21960892e-04  3.30441892e-02  1.01698376e-02
  -1.58237445e-03]
 [ 1.71038695e-02  8.44293088e-02  9.90179002e-01 -1.08657796e-02
  -8.38068277e-02 -6.87441528e-02  1.04934443e-02 -1.21059613e-02
   8.00936949e-04]
 [-3.93179320e-02  2.89217737e-02  2.83715725e-02  9.76169586e-01
   2.00782970e-01  3.87526378e-02 -1.10146152e-02 -3.10989171e-02
  -3.16469744e-02]
 [ 5.58902621e-02 -1.63981039e-03  5.81427962e-02 -1.84476912e-01
   9.39544439e-01 -2.49937192e-01 -1.46227712e-02 -1.05294466e-01
   5.42974323e-02]
 [ 4.45807166e-03  3.25198239e-03  8.61526951e-02 -8.92803222e-02
   2.39860967e-01  9.61063743e-01  1.32147102e-02  4.71992679e-02
  -3.15771252e-02]
 [-2.42183879e-02 -3.44859101e-02 -6.01390423e-03  9.00158193e-03
   2.14344393e-02 -2.11485140e-02  9.96550024e-01  5.92215322e-02
  -2.41094753e-02]
 [ 4.86883372e-02 -3.42015829e-03  1.16075156e-02  3.71000506e-02
   4.95219864e-02 -2.88600102e-02 -3.34280618e-02  7.92980492e-01
   6.02400124e-01]
 [ 5.44799119e-02 -4.65247827e-03  9.30949207e-03 -1.94715206e-02
   8.28740075e-02 -7.79091790e-02 -5.63697182e-02  5.90704441e-01
  -7.94668019e-01]]",65
10,11,10,0.9,1.552270770072937,"[[ 0.92827505 -0.31164545 -0.08228254  0.11504833 -0.01915454  0.08436114
   0.01597083 -0.07027164 -0.09204777  0.0051397 ]
 [ 0.2966315   0.9352953  -0.11510561 -0.06879532  0.05017744  0.10038187
   0.04636602 -0.02768237 -0.04523748  0.04115384]
 [ 0.07304887  0.08772065  0.95692205  0.20148206  0.04529373  0.16511306
   0.01335988  0.01442739 -0.03092317 -0.00416004]
 [-0.06465316  0.08643137 -0.1737509   0.9258107   0.18810262 -0.18346249
  -0.11043318  0.12480144  0.0485195   0.04322626]
 [ 0.03814828 -0.04848223  0.04400731 -0.20099185  0.9284809  -0.2526385
  -0.02372669 -0.14942971 -0.05872813 -0.04019609]
 [-0.00720768  0.00981969 -0.01220101 -0.06097352  0.00727809  0.22563913
  -0.9590519  -0.12309238 -0.03308865  0.09482577]
 [ 0.03815244  0.01259765  0.02351333 -0.10723834 -0.00815971 -0.19575141
  -0.13296008  0.74019736 -0.58927643 -0.18743095]
 [ 0.07616033 -0.03463417 -0.04763791 -0.08308727  0.21554781  0.37423518
  -0.01137401  0.5951006   0.6620533  -0.06874376]
 [ 0.17473277  0.09211883  0.16109496 -0.11436678 -0.22577572 -0.76544726
  -0.21565746  0.02348228  0.44185776 -0.20680705]
 [-0.03878514  0.02536886 -0.05684779  0.09333622  0.00703087  0.20704241
  -0.02370277 -0.19606839 -0.02875636 -0.95034796]]",65
0,1,6,0.9,0.8906899094581604,"[[ 9.9818224e-01 -5.6427731e-03  2.4165202e-02 -1.6157128e-02
   3.3761203e-02 -4.0196750e-02]
 [ 7.8611225e-03  9.8848850e-01 -1.0656156e-03  1.4929424e-01
  -1.5534649e-02 -1.7248714e-02]
 [-2.2139838e-02 -4.7843610e-03  9.9814981e-01  3.5371110e-02
  -4.3961279e-02 -1.9361143e-04]
 [ 1.1531857e-02 -1.4967962e-01 -3.3917654e-02  9.8420125e-01
   3.2617934e-02 -8.1219606e-02]
 [ 3.8899239e-02 -1.9713867e-02 -4.4212602e-02  3.5671480e-02
  -9.9301374e-01  9.3780391e-02]
 [-3.7872721e-02 -6.5713320e-03 -2.5599543e-03 -7.9212040e-02
  -9.7704142e-02 -9.9130988e-01]]",66
1,2,6,0.9,0.8905643820762634,"[[ 0.9825068   0.1839421   0.00833464 -0.00579549 -0.02621299  0.00744409]
 [-0.17875685  0.9656217  -0.09954881 -0.14255965  0.07252744 -0.01128132]
 [-0.03219428  0.14739227  0.8930866   0.42160848  0.00614243 -0.04294061]
 [ 0.00793258 -0.08713958  0.4355891  -0.8951817   0.01289257 -0.03300621]
 [-0.03701433  0.06263128 -0.00379074 -0.01711973 -0.98655087 -0.1453175 ]
 [-0.01602531  0.0223511   0.0516202  -0.01568656 -0.14340875  0.9878091 ]]",66
2,3,6,0.9,0.8280208706855774,"[[ 0.9970031   0.06448592 -0.00851536 -0.02801355 -0.02974748 -0.0091731 ]
 [-0.06146115  0.9951453  -0.01975188  0.0394607   0.05970311  0.01991107]
 [ 0.00517204  0.02257119  0.9963294  -0.0787206   0.01668341 -0.01778046]
 [ 0.0303043  -0.0348298   0.07994521  0.995319   -0.02454691  0.01466116]
 [ 0.03353826 -0.05790452 -0.01458635  0.02342979  0.9961139  -0.05017647]
 [ 0.01172057 -0.02125388  0.01615493 -0.01588734  0.04926338  0.99823374]]",66
3,4,7,0.9,0.9113370776176453,"[[ 0.9934393   0.10238477 -0.0063568  -0.04042577 -0.0235144  -0.01896559
  -0.00290808]
 [-0.10221269  0.9942047  -0.02573076  0.01394869 -0.01295463  0.00861056
  -0.00332888]
 [ 0.0134321   0.02367605  0.9756854   0.21543697  0.01737137  0.02217002
   0.00952273]
 [ 0.03995345 -0.01612831 -0.21558161  0.9730259  -0.04225145  0.05524341
   0.00719077]
 [ 0.02492885  0.01365912 -0.0273776   0.03133119  0.99489266  0.08689321
   0.00994691]
 [ 0.01508921 -0.00755879 -0.00710537 -0.06226171 -0.08507252  0.9939508
  -0.02475296]
 [ 0.00226007  0.00317627 -0.00775207 -0.01097708 -0.01198024  0.02311416
   0.99956316]]",66
4,5,7,0.9,0.937268078327179,"[[ 9.9604702e-01  5.4500349e-02  5.1594763e-03 -2.9102968e-02
  -5.0987534e-02  1.0650715e-02  3.6513876e-02]
 [-5.3490460e-02  9.9223715e-01 -9.9623516e-02  4.4912223e-02
  -8.7701692e-04  7.1937335e-03  2.4688905e-02]
 [-1.1451541e-02  9.8461933e-02  9.9419791e-01  1.7545346e-02
  -3.0161729e-02  2.0978635e-02 -9.3160635e-03]
 [ 3.0464100e-02 -4.3901518e-02 -1.1165752e-02  9.9107230e-01
  -3.2038357e-02 -1.1635189e-01  1.5210597e-02]
 [ 4.7755189e-02  2.1951487e-03  2.9515129e-02  3.5924062e-02
   9.9239540e-01  5.3178739e-02  8.8748820e-02]
 [ 5.5444771e-03  1.2888426e-02  2.3959596e-02 -1.1511193e-01
   4.8073243e-02 -9.8774207e-01  8.9626305e-02]
 [-4.0725838e-02 -2.6493989e-02  7.0000938e-03 -7.9007940e-03
  -9.1124475e-02  8.5991673e-02  9.9087328e-01]]",66
5,6,7,0.9,0.832726001739502,"[[ 9.91438329e-01 -1.19381204e-01  1.65616795e-02 -3.36710401e-02
   7.31419772e-04 -8.75701476e-03  3.62329409e-02]
 [ 1.18994780e-01  9.92357433e-01  1.99309010e-02  1.36390170e-02
   9.41550639e-03 -1.46567319e-02  1.34337936e-02]
 [-1.04629360e-02 -2.03739982e-02  9.76896405e-01  2.07333148e-01
   7.22028501e-03  3.81229855e-02 -2.56189853e-02]
 [ 3.57105546e-02 -1.33440280e-02 -2.07949340e-01  9.77187872e-01
   9.75425448e-03  3.36836744e-03 -1.73478629e-02]
 [ 1.27950159e-03  1.01481611e-02  1.76436838e-03  1.09497737e-02
  -9.89927351e-01  1.27946988e-01  5.87011278e-02]
 [ 8.84249154e-03  1.26343593e-02 -3.56521644e-02 -1.17106587e-02
   1.30344108e-01  9.89761829e-01  4.16654721e-02]
 [-3.77577320e-02 -1.09229349e-02  2.20178738e-02  2.32345499e-02
   5.30831702e-02 -4.73813601e-02  9.96176481e-01]]",66
6,7,7,0.9,0.8535852432250977,"[[ 9.9740034e-01 -5.3683735e-02 -2.7590655e-02  2.9773472e-02
   2.6526735e-03  2.5599362e-02 -6.4197666e-04]
 [ 5.0736483e-02  9.9587351e-01 -5.8016814e-02  3.4413315e-02
   3.2850839e-02  5.6733093e-03  1.2188704e-04]
 [ 3.7405685e-02  6.3650101e-02  9.6737611e-01 -2.4078874e-01
  -2.6938435e-02  1.6743784e-03  5.0363424e-03]
 [ 2.3189995e-02  1.7074626e-02 -2.4228291e-01 -9.6913558e-01
   3.4801092e-02 -5.2285660e-03  2.7282531e-03]
 [-2.6821983e-03 -3.1166481e-02  3.6708422e-02  2.6173942e-02
   9.9616939e-01 -5.5931762e-02 -3.8821403e-02]
 [-2.5951982e-02 -5.9776120e-03  3.0774102e-04 -4.3464969e-03
   5.4293871e-02  9.9736649e-01 -3.9801009e-02]
 [-7.5575733e-04 -1.9739319e-03 -2.7887197e-03  4.7221528e-03
   4.0936079e-02  3.7605222e-02  9.9843657e-01]]",66
7,8,8,0.9,0.9735148549079895,"[[ 0.99589753  0.02382713 -0.02171851  0.03839067  0.01822329  0.00184429
  -0.03973183 -0.06132603]
 [-0.02638623  0.9976295   0.02910552  0.05311564  0.00389511 -0.0082847
  -0.0154006  -0.0070563 ]
 [ 0.03027694 -0.01772989  0.980787   -0.18973346  0.01070658 -0.01704554
   0.00129867  0.02049891]
 [-0.03305446 -0.0583354   0.18986404  0.9787846   0.01873105  0.0303836
   0.00590704 -0.01130807]
 [-0.01776921 -0.00287772 -0.01342846 -0.01856126  0.99687237  0.05878543
  -0.03629774  0.02496681]
 [-0.00189687  0.01080501  0.01369449 -0.03375448 -0.05080872  0.982721
   0.12602814 -0.11978149]
 [ 0.02996957  0.01379406 -0.00247397 -0.00171603  0.04772609 -0.13946028
   0.979561   -0.13279971]
 [ 0.06530869  0.01161926 -0.01776904  0.01414287 -0.02394601  0.10034353
   0.14631207  0.98134327]]",66
8,9,8,0.9,0.9721410274505615,"[[ 9.9933505e-01 -8.6427601e-03 -1.1374774e-02  1.4142588e-02
   1.3197521e-02  2.5126936e-02 -5.9691234e-03 -9.1659930e-03]
 [ 7.2047389e-03  9.9844337e-01 -1.3171020e-03  4.7712736e-02
   1.3495626e-02  1.4826331e-02 -1.9233895e-03 -1.9362802e-02]
 [ 1.4392285e-02  1.0305494e-02  9.8212832e-01 -1.8518704e-01
   1.0769018e-02 -2.0334899e-02  1.6478295e-02  3.9224317e-03]
 [-1.4775304e-02 -4.8147283e-02  1.8698627e-01  9.7655433e-01
   1.0689182e-02  9.0029992e-02 -1.8866202e-02 -1.6302520e-02]
 [-1.5486161e-04 -6.4787990e-03 -1.2805572e-02  3.7023641e-02
   8.7708908e-01 -4.7827154e-01  1.9826377e-02  1.0986805e-03]
 [-2.7605435e-02 -1.5590144e-02 -2.4375124e-03 -8.7400846e-02
   4.7958562e-01  8.7150091e-01 -3.5264168e-02 -2.4294827e-02]
 [ 3.8787830e-03 -9.4616466e-04 -1.2467203e-02  1.6675580e-02
  -1.1635623e-03  4.0628962e-02  9.9619913e-01 -7.4064828e-02]
 [ 8.6483844e-03  1.8048016e-02 -1.9088059e-03  1.6828617e-02
   1.1154021e-02  2.6864173e-02  7.2688840e-02  9.9658561e-01]]",66
9,10,9,0.9,1.233444094657898,"[[ 9.9660897e-01  1.5930621e-02  6.4698020e-03  8.9935819e-03
  -3.8469657e-02  2.4992676e-02  3.4750547e-02 -3.7227631e-02
  -4.1184343e-02]
 [-1.7179707e-02  9.9631232e-01  7.5388722e-02 -1.0411055e-04
  -1.3246322e-02  7.1801408e-04  3.0816521e-02  1.4214576e-02
   7.4406946e-03]
 [ 5.6068464e-03  7.4317068e-02 -9.8590225e-01 -1.2505074e-01
  -4.3267965e-02 -6.8015121e-02  2.9539317e-03 -1.7246731e-02
  -5.3756923e-04]
 [-1.0101038e-02  1.1754239e-02 -1.2886035e-01  9.8681366e-01
   5.9233367e-02  4.1232906e-02 -9.5909303e-03 -5.3234234e-02
  -3.4914050e-02]
 [ 4.3803573e-02  1.3816229e-02 -1.9094795e-03 -3.7128326e-02
   8.9136481e-01 -4.4754505e-01 -6.7059379e-03 -1.9163642e-02
  -3.5610717e-02]
 [-1.5714421e-03  9.1664670e-03 -7.1697183e-02 -6.9613665e-02
   4.4534892e-01  8.8727814e-01  2.2457272e-02  2.8007697e-02
   5.5135969e-02]
 [-3.0405393e-02 -3.2240111e-02 -3.1672098e-04  1.4688938e-02
  -9.9796732e-04 -2.7273491e-02  9.9675184e-01  4.2256970e-02
   4.2138319e-02]
 [ 3.1559289e-02 -9.3772300e-03 -2.2238042e-02  4.4837918e-02
   4.4884318e-03 -2.0065947e-02 -3.5116762e-02  9.8307782e-01
  -1.6826533e-01]
 [ 5.0004136e-02 -6.6652619e-03 -5.2663037e-03  4.5049060e-02
   8.7079667e-03 -6.5901496e-02 -4.9451519e-02  1.6093934e-01
   9.8113823e-01]]",66
10,11,11,0.9,1.706262469291687,"[[ 9.16951120e-01 -2.97977358e-01  3.42425220e-02  9.35477093e-02
  -7.71514773e-02  1.45900518e-01  1.50710478e-01  4.57453988e-02
   1.85120441e-02  4.03363332e-02  8.04423541e-02]
 [ 2.57983774e-01  9.46413338e-01  8.62515569e-02  2.83085089e-02
  -4.48314361e-02  9.75913256e-02  1.17510885e-01  1.89877171e-02
  -3.82901020e-02  2.88888644e-02  3.87480445e-02]
 [-4.35608886e-02 -6.61379844e-02  9.91104245e-01  3.54485698e-02
   1.73426308e-02 -5.53309768e-02 -2.58628558e-02 -6.20008558e-02
   3.17869931e-02 -3.60312909e-02 -1.07399122e-04]
 [-2.15830114e-02  2.30525583e-02 -4.02503237e-02  8.68329883e-01
   4.65972751e-01 -2.54175849e-02 -1.33097246e-01  3.49772871e-02
   4.28065136e-02  6.72844127e-02  1.76434554e-02]
 [ 5.58037162e-02 -3.68156470e-03  1.32863168e-02 -4.13179010e-01
   8.57739329e-01  1.86136425e-01  2.15391040e-01 -1.86728053e-02
   2.32664552e-02 -7.65310228e-02 -4.97508608e-02]
 [-3.35402228e-02 -1.63934426e-03  2.29291562e-02 -2.92339083e-02
  -5.69973439e-02  8.14843237e-01 -5.61668277e-01 -7.38985240e-02
   8.18745643e-02 -3.05592623e-02 -4.12816517e-02]
 [ 5.81430923e-03  1.55075947e-02  4.49887365e-02 -7.43438601e-02
   2.67848559e-02 -5.77955917e-02 -1.83398798e-01  9.52945113e-01
   1.20042786e-01 -1.71880201e-01  4.92349751e-02]
 [ 1.73503086e-01  3.88960168e-02 -3.07524984e-04 -1.98907718e-01
   1.76686019e-01 -3.42361540e-01 -6.12068594e-01 -6.98690042e-02
  -4.54970926e-01  2.82657385e-01  3.37618887e-01]
 [ 1.40890814e-02 -3.20395492e-02  1.40505061e-02  1.09419629e-01
  -2.66675819e-02  9.72267836e-02  6.72094226e-02  6.04371130e-02
  -7.86426961e-01 -4.71192032e-01 -3.57465476e-01]
 [-9.04056132e-02 -4.92267460e-02  6.12478852e-02 -3.55291041e-03
  -2.24136524e-02  1.83935419e-01  1.91635504e-01  2.43758634e-01
  -2.54615247e-01  8.07133257e-01 -3.72652113e-01]
 [ 2.18022242e-01  7.33901411e-02 -2.83776559e-02 -8.09070095e-02
   4.99206893e-02 -3.20979804e-01 -3.65683973e-01 -1.03016376e-01
   2.88787842e-01 -4.46993485e-02 -7.77480066e-01]]",66
0,1,6,0.9,0.8893675208091736,"[[ 9.9809426e-01 -1.1466151e-02  2.7198136e-02 -1.5681308e-02
   3.4931239e-02 -3.8345855e-02]
 [ 1.3444048e-02  9.8982054e-01  3.2613245e-03  1.4034262e-01
  -1.3605948e-02 -1.3517735e-02]
 [-2.4994992e-02 -8.2919002e-03  9.9799067e-01  3.3481799e-02
  -4.6776805e-02  3.4475229e-03]
 [ 1.0339154e-02 -1.4032774e-01 -3.1880289e-02  9.8559636e-01
   3.8807750e-02 -7.9238400e-02]
 [-3.9828405e-02  1.8731974e-02  4.7404371e-02 -4.1476991e-02
   9.9324948e-01 -8.6895727e-02]
 [-3.6180425e-02 -3.5046809e-03  7.6641620e-04 -7.6266438e-02
  -9.1411971e-02 -9.9222249e-01]]",67
1,2,6,0.9,0.888527512550354,"[[ 0.98370355  0.1771662   0.01097943 -0.00543089 -0.02726984  0.00674935]
 [-0.17195012  0.9682545  -0.0937382  -0.13582493  0.07479655 -0.00930784]
 [-0.03230932  0.13868512  0.8975391   0.41499266  0.00340388 -0.0437677 ]
 [ 0.00635477 -0.08530382  0.42727754 -0.89914495  0.01698359 -0.03697056]
 [-0.03816959  0.06475221 -0.00435348 -0.02151346 -0.9875119  -0.13670704]
 [-0.01480154  0.019805    0.05413983 -0.0194636  -0.13484125  0.98888654]]",67
2,3,6,0.9,0.831444501876831,"[[ 0.9968448   0.06575029 -0.00953117 -0.03013721  0.02997558 -0.00892861]
 [-0.06261026  0.99499774 -0.01953521  0.03926955 -0.06161714  0.0184103 ]
 [ 0.00784086  0.0203255   0.99926865 -0.02437116 -0.0157108  -0.01211242]
 [ 0.03218027 -0.03565569  0.0254853   0.9979427   0.02598962  0.02187233]
 [ 0.03394451 -0.05968592 -0.01481767  0.02435712 -0.99552286 -0.05836803]
 [ 0.01145102 -0.02023392  0.01098032 -0.02174132 -0.05759173  0.9977722 ]]",67
3,4,7,0.9,0.8964499235153198,"[[ 0.9931781   0.10856288 -0.00575041 -0.0324035  -0.02275577 -0.01422539
  -0.00284697]
 [-0.10831301  0.9933731  -0.02706159  0.02039242 -0.01551081  0.00888364
  -0.00324859]
 [ 0.01052384  0.02363607  0.97739613  0.20829456  0.01683189  0.01697574
   0.00832088]
 [ 0.03317089 -0.02318046 -0.20796075  0.9746221  -0.03720861  0.06190732
   0.00309439]
 [-0.02292755 -0.01613119  0.02500637 -0.02734709 -0.995893   -0.07752924
  -0.00521904]
 [ 0.01107825 -0.00762099 -0.00143291 -0.06683113 -0.07560735  0.994439
  -0.02693293]
 [ 0.00246524  0.00312307 -0.00750487 -0.00672055 -0.00737714  0.02604515
   0.99957484]]",67
4,5,7,0.9,0.9539487361907959,"[[ 9.95974720e-01  5.78935929e-02  2.04227166e-03 -3.26509476e-02
   5.06599061e-02  9.24561825e-03  3.09923999e-02]
 [-5.65689430e-02  9.92756009e-01 -9.13575292e-02  4.96361926e-02
   5.10322221e-04  1.03552556e-02  1.78324021e-02]
 [-1.13671329e-02  9.39197168e-02  9.92375672e-01 -6.69708923e-02
   3.40095945e-02  2.29349416e-02 -8.52817670e-03]
 [ 3.40098776e-02 -3.99830379e-02  7.28679523e-02  9.89508092e-01
   2.21388899e-02 -1.09832190e-01  1.59799829e-02]
 [ 4.73485366e-02  3.09047988e-03  3.54718640e-02  2.17216052e-02
  -9.91825283e-01  4.74306382e-02  1.00256436e-01]
 [ 3.23888310e-03  1.56407654e-02  1.60910171e-02 -1.11089155e-01
  -3.81952822e-02 -9.87192214e-01  1.05535768e-01]
 [-3.60008180e-02 -2.02502385e-02  3.65195423e-03 -6.78832456e-03
   1.03005730e-01  1.02078572e-01  9.88536417e-01]]",67
5,6,7,0.9,0.8391748666763306,"[[ 0.99197847 -0.1156119   0.01323025 -0.03249001  0.00114318 -0.01064896
   0.03559724]
 [ 0.11521057  0.9926229   0.02402777  0.01634225  0.00670925 -0.01890755
   0.01339201]
 [-0.00765044 -0.02492528  0.97706264  0.20332673  0.01599774  0.04497376
  -0.03237884]
 [ 0.03342783 -0.01494096 -0.20436949  0.97802687  0.01497996  0.00228387
  -0.01123348]
 [-0.00246747 -0.00791771 -0.00809549 -0.01705288  0.98994535 -0.1337066
  -0.0413001 ]
 [ 0.01157379  0.01745756 -0.04345452 -0.01323539  0.13443755  0.9892084
   0.02985109]
 [-0.03727156 -0.01102956  0.02958774  0.01824627  0.03752546 -0.03302315
   0.99738765]]",67
6,7,7,0.9,0.8579516410827637,"[[ 9.9853414e-01 -2.9519139e-02 -2.9199775e-02 -2.5141967e-02
   3.9635492e-03  2.3610765e-02  4.0143792e-04]
 [ 2.6575465e-02  9.9645919e-01 -6.4965591e-02 -3.3293258e-02
   3.1890050e-02  8.1702060e-04 -4.0342337e-03]
 [ 3.6913317e-02  7.1300000e-02  9.5680052e-01  2.7858353e-01
  -1.8802933e-02  1.1103793e-02  9.7057869e-04]
 [ 1.6166016e-02  1.2125169e-02 -2.7999258e-01  9.5900613e-01
   3.8718425e-02 -1.3221537e-04  1.9661956e-03]
 [-3.2117232e-03 -3.0780260e-02  3.1634595e-02 -3.0521305e-02
   9.9640644e-01 -6.2996805e-02 -1.7762108e-02]
 [-2.4201117e-02 -3.0387111e-03 -7.9275137e-03 -4.1129612e-03
   6.1910432e-02  9.9609911e-01 -5.7262458e-02]
 [-1.8073701e-03  3.2238548e-03 -5.2146730e-04 -3.0633805e-03
   2.1351261e-02  5.6004751e-02  9.9819046e-01]]",67
7,8,7,0.9,0.9394882321357727,"[[ 9.9763107e-01  4.2205416e-02 -2.4197381e-02  3.2101594e-02
   1.8440811e-02 -4.2585973e-04 -3.1535622e-02]
 [-4.3253750e-02  9.9707508e-01  3.6809508e-02  4.5305625e-02
   3.1502759e-03 -1.8938752e-02 -1.3935928e-02]
 [ 3.2738291e-02 -2.1544278e-02  9.5941532e-01 -2.7846619e-01
   2.0030009e-02 -6.3877376e-03 -9.8364556e-04]
 [ 2.1790471e-02  5.4449894e-02 -2.7751136e-01 -9.5867079e-01
  -1.6467839e-02 -1.1077372e-02 -1.0205612e-02]
 [-1.9556658e-02 -1.8940854e-03 -2.3102706e-02 -1.1366287e-02
   9.9694967e-01  6.2914766e-02 -3.2925449e-02]
 [ 5.3844932e-03  2.1463623e-02  4.7670058e-03 -1.1919309e-02
  -5.7775397e-02  9.8867303e-01  1.3613647e-01]
 [ 3.0051665e-02  1.2912071e-02 -3.5858678e-03 -7.2416831e-03
   4.1604735e-02 -1.3433163e-01  9.8948920e-01]]",67
8,9,8,0.9,0.9828304052352905,"[[ 9.9934769e-01 -8.1975814e-03 -3.7333267e-03  1.9539209e-02
   9.9814003e-03  2.5397502e-02 -5.7573495e-03 -7.9711704e-03]
 [ 6.5689585e-03  9.9817878e-01 -1.2505332e-02  5.1383816e-02
   2.6153754e-03  1.1684798e-02 -9.5508797e-03 -2.3764318e-02]
 [ 1.1661693e-03  5.2479061e-04 -9.7012502e-01 -2.4088350e-01
   2.2616386e-02 -6.7926482e-03  1.5808767e-02  4.8184237e-03]
 [-2.1779431e-02 -5.3901024e-02 -2.4132571e-01  9.6632868e-01
  -2.0372258e-02  5.7882078e-02 -2.1899523e-02 -1.8606558e-02]
 [-6.1039772e-04  4.7433168e-06  1.3321664e-02  4.5502376e-02
   9.2850083e-01 -3.6751837e-01  2.3593608e-02  3.4044797e-03]
 [-2.6737977e-02 -9.9483095e-03  1.3058604e-02 -4.6808444e-02
   3.6975461e-01  9.2652011e-01 -3.3220869e-02 -2.3725757e-02]
 [ 3.9120479e-03  6.2829526e-03  1.0004589e-02  2.1471955e-02
  -1.0719875e-02  3.9165609e-02  9.9596745e-01 -7.6053903e-02]
 [ 7.4037313e-03  2.2976739e-02  8.8594353e-04  2.0962382e-02
   4.4665271e-03  2.7904952e-02  7.4396349e-02  9.9631500e-01]]",67
9,10,8,0.9,1.100254774093628,"[[ 0.9977541  -0.00581326  0.00159619 -0.0096752  -0.03450906  0.03039709
   0.02874831 -0.03762191]
 [ 0.00390413  0.9964945   0.07154597 -0.01094725 -0.02494881  0.00309586
   0.03283478  0.00588932]
 [-0.00210633 -0.06941782  0.98406315  0.14858781 -0.00159435  0.06688299
   0.00200508  0.01543829]
 [ 0.00515261  0.02032935 -0.14914021  0.98463374 -0.06685716  0.03683386
  -0.01084723 -0.04323977]
 [ 0.04626336  0.02295213  0.02733254  0.07885086  0.8441091  -0.52500814
  -0.04001551 -0.0247671 ]
 [-0.00758557  0.01306434 -0.05569627 -0.00270187  0.53013265  0.8444605
   0.04366512  0.02452859]
 [-0.02548128 -0.0320357  -0.00305403  0.01556479  0.01186089 -0.05967578
   0.9967985   0.02763585]
 [ 0.03991647 -0.00301167 -0.01993007  0.04168646  0.00356721 -0.03046613
  -0.02930252  0.9972277 ]]",67
10,11,9,0.9,1.4589614868164062,"[[ 0.9238296  -0.25675794  0.05421468  0.03522962 -0.13560916  0.14069223
   0.16543868  0.05317745 -0.08973201]
 [ 0.22456823  0.9623014   0.07339267  0.00569992 -0.05987062  0.06898017
   0.09799709  0.00674487 -0.01159836]
 [-0.05488707 -0.05595088  0.9906685   0.05676865  0.02010961 -0.05243938
  -0.01113632 -0.06164773  0.04616787]
 [ 0.01052339  0.01711882 -0.056285    0.9729361   0.19563614 -0.01019402
  -0.08776908  0.00963456 -0.06041562]
 [ 0.05616512 -0.00172089  0.00719106 -0.1498554   0.91099334  0.21600695
   0.30162126  0.04141438  0.07124477]
 [-0.06926654 -0.01121208  0.03444339 -0.00954418 -0.06914984  0.89708775
  -0.42205682 -0.07411721  0.02500943]
 [-0.00797411  0.01544488  0.05803093 -0.02955481  0.02427015 -0.02034658
  -0.21104328  0.9744874   0.0169927 ]
 [ 0.23828614  0.06418122 -0.00343955 -0.15769503  0.32090363 -0.32348222
  -0.76415235 -0.17862944 -0.3012702 ]
 [ 0.16789366  0.0118933  -0.04964665  0.02470321  0.03300089 -0.12693854
  -0.24004948 -0.0670123   0.9430155 ]]",67
0,1,6,0.9,0.8941234350204468,"[[ 9.9801189e-01 -1.7322777e-02  2.8447839e-02 -1.5109964e-02
   3.1885229e-02 -4.0221643e-02]
 [ 1.9687138e-02  9.8743486e-01 -1.1258976e-02  1.5455650e-01
  -1.7270658e-02 -1.6494963e-02]
 [-2.6319316e-02  4.7131805e-03  9.9793845e-01  4.1684207e-02
  -4.0725138e-02  2.7888936e-03]
 [ 9.1719013e-03 -1.5531479e-01 -3.8613193e-02  9.8352176e-01
   3.1285964e-02 -7.7513613e-02]
 [ 3.6868211e-02 -2.2244904e-02 -4.1121453e-02  3.3638213e-02
  -9.9308670e-01  9.5405087e-02]
 [-3.8058378e-02 -5.7098437e-03  9.0217829e-04 -7.5497255e-02
  -9.9128470e-02 -9.9145943e-01]]",68
1,2,6,0.9,0.8941679000854492,"[[ 0.9853147   0.16814284  0.00869205 -0.00796645 -0.02619127  0.00760515]
 [-0.16360861  0.96970963 -0.08790526 -0.13662617  0.08010361 -0.00921164]
 [-0.02740749  0.13494013  0.89950573  0.41193634 -0.00521092 -0.04701896]
 [ 0.00504227 -0.0895199   0.4243547  -0.9002689   0.02057512 -0.03124841]
 [-0.03709519  0.06883982 -0.01054845 -0.0298972  -0.987228   -0.13513264]
 [-0.01531062  0.02072876  0.0538373  -0.01415487 -0.133521    0.98914576]]",68
2,3,6,0.9,0.82655930519104,"[[ 0.9972289   0.05779376 -0.01078539 -0.0310176   0.03217664 -0.00897721]
 [-0.05405962  0.9948369  -0.01964376  0.05209001 -0.06194518  0.02099516]
 [ 0.01047163  0.01893431  0.9995881   0.00955505 -0.01557904 -0.00464763]
 [ 0.0329816  -0.04911187 -0.00843689  0.99769646  0.02887978  0.01402719]
 [ 0.03570509 -0.06041054 -0.01526104  0.02536344 -0.99532324 -0.05942375]
 [ 0.01182035 -0.02323051  0.00418173 -0.01384493 -0.05815829  0.9978623 ]]",68
3,4,6,0.9,0.8040885329246521,"[[ 0.9929834   0.11165915 -0.00530046 -0.03200898 -0.01748309 -0.01257191]
 [-0.11169858  0.9930347  -0.03062344  0.00938882 -0.01684831  0.00977825]
 [ 0.00873901  0.02932028  0.9789331   0.20129539  0.00985562  0.01170891]
 [ 0.03207794 -0.01292406 -0.20113695  0.9767015  -0.03028635  0.05903322]
 [-0.01726118 -0.01731515  0.01625315 -0.02221107 -0.9959114  -0.08249467]
 [ 0.01021059 -0.00936529  0.00199579 -0.06267688 -0.08097349  0.9946451 ]]",68
4,5,7,0.9,0.9457646608352661,"[[ 9.95738804e-01  6.03192039e-02  7.54849287e-03 -3.49943787e-02
  -5.07903062e-02  1.32547505e-02  2.87913512e-02]
 [-5.82564250e-02  9.92746115e-01 -9.39553156e-02  4.38819751e-02
   3.17322696e-03  1.06465379e-02  1.35953641e-02]
 [-1.85585953e-02  9.64407921e-02  9.90118265e-01 -8.82322416e-02
  -3.81076187e-02  2.71611493e-02 -6.76498096e-03]
 [ 3.52005884e-02 -3.18932533e-02  9.35657620e-02  9.88907993e-01
  -3.03023905e-02 -9.88651589e-02  1.89115852e-02]
 [ 4.79363799e-02  6.23559346e-04  4.10340019e-02  2.67887544e-02
   9.92320836e-01  3.78259197e-02  9.57541615e-02]
 [ 7.54388608e-03  1.59849860e-02  1.85138229e-02 -1.01231582e-01
   3.08474768e-02 -9.90154803e-01  8.79701823e-02]
 [-3.42367813e-02 -1.55872330e-02  4.34862799e-04 -1.26641169e-02
  -9.68899131e-02  8.57989639e-02  9.90795195e-01]]",68
5,6,7,0.9,0.8595621585845947,"[[ 9.90441203e-01 -1.27021760e-01  1.32880695e-02 -3.40360664e-02
   7.16249552e-03 -1.68152917e-02  3.49649563e-02]
 [ 1.26341283e-01  9.90820289e-01  3.33142430e-02  2.04507262e-02
   3.89367784e-03 -2.24451255e-02  1.63080171e-02]
 [-1.06557561e-02 -3.33700590e-02  9.86755610e-01  1.48281246e-01
   7.73127843e-03  4.68086936e-02 -2.91228127e-02]
 [ 3.38219441e-02 -1.95096675e-02 -1.49265885e-01  9.87829685e-01
   1.44461254e-02  4.38756717e-04 -1.33736236e-02]
 [ 9.22033098e-03  4.98251757e-03  1.56523558e-04  1.47865321e-02
  -9.88138855e-01  1.46033734e-01  4.39015776e-02]
 [ 1.78002734e-02  2.08241995e-02 -4.49881591e-02 -9.25827026e-03
   1.47122338e-01  9.87374365e-01  2.42220405e-02]
 [-3.74794528e-02 -1.37073947e-02  2.68834792e-02  1.80062260e-02
   4.00224663e-02 -2.80750021e-02  9.97482121e-01]]",68
6,7,7,0.9,0.8753342628479004,"[[ 9.9774939e-01 -5.0803900e-02 -3.0256832e-02 -2.2971593e-02
   2.7274541e-03  2.1526948e-02 -1.0668173e-03]
 [ 4.7708314e-02  9.9510711e-01 -7.5185768e-02 -3.1795163e-02
   2.7657760e-02 -6.0883868e-03 -4.4612540e-03]
 [ 3.8078297e-02  7.8747600e-02  9.7275609e-01  2.1393377e-01
  -5.3647850e-03  1.7031092e-02 -2.8224173e-03]
 [ 1.6197581e-02  1.2783905e-02 -2.1600647e-01  9.7495776e-01
   4.7616228e-02  1.0081452e-02 -1.9373625e-03]
 [-2.6553501e-03 -2.8046058e-02  1.8865922e-02 -4.3074898e-02
   9.9448848e-01 -8.8981636e-02 -8.3613731e-03]
 [-2.2376245e-02  2.9661716e-03 -1.2665756e-02 -1.7158736e-02
   8.8033222e-02  9.9422204e-01 -5.2994188e-02]
 [ 2.0838488e-04  4.5615667e-03  1.4480005e-03  1.0583922e-03
   1.3203198e-02  5.2083243e-02  9.9854338e-01]]",68
7,8,7,0.9,0.9610223770141602,"[[ 0.9977456   0.03908985 -0.03384817  0.0249995   0.0132632  -0.00720775
  -0.03126057]
 [-0.04020028  0.9979874   0.01533118  0.04081673  0.00573991 -0.01768625
  -0.01258411]
 [ 0.03680402 -0.00916941  0.992217   -0.1170669   0.01633088 -0.0088254
   0.00420594]
 [ 0.019111    0.04302111 -0.11704691 -0.99179304 -0.01785321 -0.005664
  -0.00892045]
 [-0.013535   -0.00373831 -0.01663604 -0.01664199  0.99217427  0.11583045
  -0.03771602]
 [ 0.01280554  0.02048294  0.00903818 -0.00491526 -0.10877617  0.9826531
   0.14788935]
 [ 0.02864913  0.01117072 -0.00814712 -0.00704746  0.05443837 -0.14318332
   0.9876606 ]]",68
8,9,8,0.9,0.9936741590499878,"[[ 9.98655736e-01  3.07377800e-02  4.40917537e-03  2.66325194e-02
   1.51130715e-02  2.61579100e-02 -1.89716381e-03 -9.84721724e-03]
 [-3.24067585e-02  9.97821331e-01 -1.31976018e-02  5.28144762e-02
   1.06997218e-03  6.11597300e-03 -7.55584333e-03 -1.55874174e-02]
 [ 2.26684706e-03  2.67151725e-02  9.66770947e-01 -2.51491636e-01
   1.11244768e-02 -2.37106718e-02  2.10901946e-02  1.60112474e-02]
 [-2.64928825e-02 -4.91987541e-02  2.54192144e-01  9.63764548e-01
  -2.12949682e-02  4.89794202e-02 -1.29622966e-02 -2.00365447e-02]
 [-1.56721042e-03 -4.80700925e-04 -1.01982877e-02  4.69234809e-02
   8.71197402e-01 -4.88131285e-01  2.07751822e-02 -1.68552354e-03]
 [-2.92205028e-02 -5.03894035e-03  6.89399196e-03 -3.66881341e-02
   4.89985973e-01  8.70203435e-01 -1.78664196e-02 -8.22793506e-03]
 [ 1.68102822e-04  5.29146427e-03 -1.60803907e-02  1.48823410e-02
  -1.01571735e-02  2.63034329e-02  9.96812165e-01 -7.11504593e-02]
 [ 8.55689123e-03  1.48223508e-02 -1.16888601e-02  2.53366157e-02
   4.35142126e-03  9.95322224e-03  7.02936202e-02  9.96930003e-01]]",68
9,10,8,0.9,1.1016055345535278,"[[ 9.96729434e-01  4.81521077e-02 -1.14092352e-02 -1.75235122e-02
  -3.34891118e-02  2.63439305e-02  2.85430681e-02 -3.38284634e-02]
 [-4.87231910e-02  9.95478868e-01  6.98557496e-02 -1.44003769e-02
  -2.44068187e-02 -4.97939473e-04  2.82536782e-02  1.29058696e-02]
 [-1.60348155e-02  6.42144009e-02 -9.68527079e-01 -2.29238704e-01
   5.51624177e-03 -7.01998845e-02 -7.76926661e-03 -2.33304431e-03]
 [ 9.35572665e-03  2.96763368e-02 -2.28063494e-01  9.69478607e-01
  -7.03284517e-02  2.93922541e-03 -1.15261683e-02 -4.51940820e-02]
 [ 4.33982536e-02  2.18904857e-02  3.07995807e-02  6.63779452e-02
   8.21030855e-01 -5.62941670e-01 -3.30464169e-02 -1.39871575e-02]
 [-3.85432644e-03  1.64247714e-02 -6.18343949e-02  2.64100675e-02
   5.64617634e-01  8.18759382e-01  6.14633225e-02  4.75041568e-02]
 [-2.48763245e-02 -2.92194542e-02 -7.19047105e-03  1.16551239e-02
  -7.05535151e-03 -7.12130219e-02  9.96502876e-01  1.41707277e-02]
 [ 3.59830074e-02 -9.81715228e-03 -1.04155019e-02  4.25095931e-02
  -1.92792919e-02 -4.50281724e-02 -1.74939353e-02  9.96989548e-01]]",68
10,11,9,0.9,1.4313383102416992,"[[ 9.3215936e-01 -2.1671963e-01  3.4538873e-02 -3.3032426e-03
  -1.4224032e-01  1.9561909e-01  1.2148509e-01  5.5719048e-02
  -8.0902614e-02]
 [ 1.8968351e-01  9.7253948e-01  6.8163104e-02 -2.2608556e-02
  -4.0424015e-02  7.9905748e-02  6.8167180e-02  1.2540724e-02
  -1.4377218e-02]
 [-4.3510132e-02 -5.5563137e-02  9.8528093e-01  1.4654781e-01
  -4.4213873e-03 -2.8224017e-02  1.4046876e-02 -4.1452657e-02
  -5.7574990e-03]
 [ 3.0773589e-02  3.3056419e-02 -1.4188176e-01  9.8435450e-01
   6.7213282e-02 -3.2370137e-03 -5.4795638e-02  1.2288272e-02
  -3.4558617e-02]
 [ 2.4920864e-02 -1.6797915e-02  1.9989790e-02 -4.3191537e-02
   8.9191723e-01  3.8733158e-01  2.1790224e-01  2.6006576e-02
   5.5963110e-02]
 [-6.7600138e-02 -7.7393709e-04  2.5935408e-02 -2.0101657e-02
  -1.2854108e-01  6.9246614e-01 -7.0066386e-01 -8.1585906e-02
   2.7107030e-02]
 [-4.5311493e-03  8.6750919e-03  4.5092523e-02 -2.2149559e-02
   5.9325431e-02 -8.7087207e-02 -2.0780835e-01  9.7103620e-01
  -1.3447970e-02]
 [ 2.4584873e-01  4.9585585e-02  1.0039939e-02 -7.8071713e-02
   3.9173272e-01 -5.2800375e-01 -6.0266352e-01 -2.0602740e-01
  -3.0497634e-01]
 [ 1.6311324e-01  1.4240481e-02  6.7550344e-03  1.3872295e-02
   6.7699611e-02 -1.9655536e-01 -1.8054347e-01 -4.6663411e-02
   9.4602454e-01]]",68
0,1,6,0.9,0.8881481885910034,"[[ 9.9832845e-01 -8.9738620e-03  2.1663586e-02 -1.3257009e-02
   3.3119705e-02 -3.8959291e-02]
 [ 1.0917786e-02  9.8851866e-01 -2.6742960e-04  1.4835440e-01
  -2.0892067e-02 -1.6318904e-02]
 [-1.9659754e-02 -6.9506685e-03  9.9791455e-01  4.3733772e-02
  -4.2620711e-02  1.6049977e-03]
 [ 8.7919226e-03 -1.4859030e-01 -4.2769149e-02  9.8457801e-01
   2.6176045e-02 -7.7042006e-02]
 [-3.8027804e-02  2.3998946e-02  4.3218423e-02 -2.8573977e-02
   9.9235189e-01 -1.0262245e-01]
 [-3.6210738e-02 -6.8712155e-03 -3.8161845e-04 -7.5447597e-02
  -1.0584243e-01 -9.9083120e-01]]",69
1,2,6,0.9,0.8873763680458069,"[[ 0.9820801   0.18606374  0.00943128 -0.00636517 -0.02667089  0.00762473]
 [-0.18032993  0.9633816  -0.10800469 -0.14860111  0.07300061 -0.01733504]
 [-0.034942    0.1542769   0.905596    0.39151877  0.00514303 -0.03949888]
 [ 0.00863804 -0.09422076  0.40699342 -0.9076046   0.01000148 -0.03947281]
 [-0.03777385  0.06264758 -0.00571479 -0.01475811 -0.9889499  -0.1279689 ]
 [-0.01665336  0.0259318   0.04965507 -0.0250269  -0.12574251  0.99002373]]",69
2,3,6,0.9,0.8187116384506226,"[[ 0.9969267   0.063812   -0.01438056 -0.03102371  0.02895144  0.00759465]
 [-0.06085707  0.99501854 -0.02272805  0.0393456  -0.06154964 -0.01953223]
 [ 0.01230166  0.02405566  0.9989851  -0.0290595  -0.01541359  0.01472124]
 [ 0.03305459 -0.03533383  0.03020096  0.9977628   0.02894623 -0.01944828]
 [ 0.03297088 -0.05990097 -0.0143429   0.02717408 -0.99568087  0.05477462]
 [ 0.01012465 -0.02123292  0.01369568 -0.01938737 -0.05401488 -0.99798065]]",69
3,4,7,0.9,0.8830161094665527,"[[ 9.93144929e-01  1.04855515e-01 -3.47064040e-03 -4.17273343e-02
  -2.45781075e-02 -1.76390409e-02  5.21210350e-05]
 [-1.04605071e-01  9.93767083e-01 -3.25522944e-02  1.41836824e-02
  -1.19790053e-02  7.32750678e-03 -5.17854048e-03]
 [ 8.97109509e-03  3.04683149e-02  9.81126547e-01  1.88270584e-01
   1.71280038e-02  2.39630919e-02  8.27867910e-03]
 [ 4.23099473e-02 -1.66082121e-02 -1.88492402e-01  9.77767766e-01
  -4.22724336e-02  6.64805770e-02  1.29726762e-02]
 [-2.57272366e-02 -1.29670342e-02  2.59554777e-02 -3.26775461e-02
  -9.96576607e-01 -6.48286194e-02 -7.80850695e-03]
 [-1.36916516e-02  6.08162070e-03  8.98100715e-03  7.23276362e-02
   6.25853837e-02 -9.94714260e-01  3.30186784e-02]
 [-9.66106600e-04  4.80535906e-03 -5.94364433e-03 -1.68224629e-02
  -9.50913597e-03  3.13381404e-02  9.99292374e-01]]",69
4,5,7,0.9,0.9338431358337402,"[[ 9.96573269e-01  4.54203486e-02  5.34554059e-03 -3.21455598e-02
   4.96172346e-02  5.60093764e-03  3.49800140e-02]
 [-4.38305698e-02  9.92117763e-01 -1.05076924e-01  4.75229174e-02
  -1.25919154e-03  6.20624330e-03  2.10148711e-02]
 [-1.01677859e-02  1.03094682e-01  9.93282914e-01  3.82748395e-02
   3.27868871e-02  6.82493113e-03 -8.40308517e-03]
 [ 3.29822265e-02 -4.89926264e-02 -3.26198079e-02  9.89571452e-01
   2.76622679e-02 -1.22797519e-01  1.87539142e-02]
 [ 4.68888134e-02  1.83768512e-04  3.19318436e-02  3.58106010e-02
  -9.90782976e-01  8.22784379e-02  8.41348693e-02]
 [ 1.78108178e-03  1.14705088e-02  1.35899754e-02 -1.20837137e-01
  -7.80518502e-02 -9.85360742e-01  8.97270888e-02]
 [-3.90857607e-02 -2.18868237e-02  7.13530788e-03 -1.03711812e-02
   8.91814157e-02  8.42534676e-02  9.91354048e-01]]",69
5,6,7,0.9,0.8198201656341553,"[[ 0.9923726  -0.10950698  0.0159899  -0.03932321  0.00582442 -0.0118847
   0.03503845]
 [ 0.10943845  0.993772    0.01144796  0.01078849  0.00690957 -0.00735175
   0.0095553 ]
 [-0.00684065 -0.01265041  0.9717238   0.23325841  0.00875582  0.02547415
  -0.02027517]
 [ 0.04121395 -0.01231447 -0.23330863  0.97140557  0.00244059  0.00188795
  -0.00886396]
 [-0.00563585 -0.00627682 -0.00688647 -0.00434195  0.9942535  -0.08960184
  -0.05739328]
 [ 0.01032883  0.00546865 -0.02386006 -0.00782069  0.092289    0.994163
   0.04853457]
 [-0.03655163 -0.00667508  0.01779344  0.01480023  0.05271018 -0.05257032
   0.9962639 ]]",69
6,7,7,0.9,0.8451938033103943,"[[ 9.9796450e-01 -4.0859707e-02 -2.4913037e-02  3.3013687e-02
   7.3971199e-03  2.4593240e-02 -5.2236775e-03]
 [ 3.7613321e-02  9.9630594e-01 -6.0959388e-02  3.4103896e-02
   3.0576834e-02  1.1416499e-02 -3.9172159e-03]
 [ 3.4090459e-02  6.6357918e-02  9.7604001e-01 -2.0192274e-01
  -3.1471364e-02 -3.3221734e-03  2.4642707e-03]
 [ 2.7961526e-02  1.9043699e-02 -2.0356300e-01 -9.7791874e-01
   3.2443568e-02 -5.6156991e-03  2.8702468e-03]
 [-7.2753541e-03 -2.8284272e-02  3.9253972e-02  2.4323694e-02
   9.9650639e-01 -5.1998850e-02 -3.5857242e-02]
 [-2.5304303e-02 -1.1623350e-02  5.4859025e-03 -6.2882979e-03
   4.9932003e-02  9.9741524e-01 -4.2715322e-02]
 [ 3.8604836e-03  1.9635153e-03 -5.4889568e-04  4.2207763e-03
   3.8068015e-02  4.1002851e-02  9.9841505e-01]]",69
7,8,8,0.9,0.9663950204849243,"[[ 9.9577087e-01  2.8926166e-02 -2.7447775e-02  3.5878174e-02
   2.1664368e-02 -9.2502643e-04 -4.4005450e-02 -5.6180991e-02]
 [-3.1048058e-02  9.9811846e-01  1.9155830e-02  4.7122907e-02
   3.8141254e-03  7.7885977e-04 -1.3373517e-02 -3.7324766e-03]
 [ 3.4090333e-02 -1.0956385e-02  9.8792309e-01 -1.4438444e-01
   3.5558753e-03 -3.5585608e-02  1.5773902e-03  2.4443971e-02]
 [-3.0532265e-02 -5.0381191e-02  1.4648785e-01  9.8618072e-01
   1.2731827e-02  4.7707617e-02  4.0971129e-03 -7.9652471e-03]
 [-2.1987204e-02 -4.2551742e-03 -4.6984670e-03 -1.3506087e-02
   9.9855894e-01  1.5042784e-02 -4.0245395e-02  1.8108437e-02]
 [ 2.9129058e-03  2.6071677e-03  3.0277880e-02 -5.3193126e-02
  -7.8485552e-03  9.8227870e-01  1.3170306e-01 -1.1815107e-01]
 [ 3.3986229e-02  1.3517356e-02 -4.1927965e-03  3.7406054e-03
   4.4892926e-02 -1.4663018e-01  9.7849137e-01 -1.3292678e-01]
 [ 6.1114527e-02  7.5350329e-03 -2.1739967e-02  8.1807468e-03
  -1.2013232e-02  9.9287458e-02  1.4647415e-01  9.8194277e-01]]",69
8,9,8,0.9,0.9697692394256592,"[[ 9.99086499e-01 -3.11284047e-02 -4.87193791e-03  7.61428382e-03
   1.37680974e-02  2.26616170e-02 -6.34400500e-03 -5.66695631e-03]
 [ 2.97196899e-02  9.97650385e-01 -5.16628032e-04  4.32334356e-02
   3.33311856e-02  2.33926456e-02  7.03311386e-03 -1.52824838e-02]
 [ 7.37611204e-03  8.91910773e-03  9.82560515e-01 -1.81484133e-01
  -1.10005785e-03 -3.37339714e-02  1.85807813e-02  4.48162155e-03]
 [-1.07139638e-02 -4.51993793e-02  1.84545636e-01  9.76268232e-01
   2.72202827e-02  9.74755436e-02 -1.53517267e-02 -1.43964449e-02]
 [-3.02653713e-03 -2.05838270e-02 -1.06482394e-02  2.04950515e-02
   8.96581054e-01 -4.40991521e-01  2.64714733e-02  1.34198379e-03]
 [-2.67002173e-02 -3.02565247e-02  1.27505343e-02 -1.06153645e-01
   4.40401584e-01  8.89290392e-01 -3.95070687e-02 -2.42643449e-02]
 [ 4.49843565e-03 -9.62399878e-03 -1.45566054e-02  1.24962656e-02
  -6.73299795e-03  4.72635664e-02  9.96335983e-01 -6.74871951e-02]
 [ 5.60428016e-03  1.30603444e-02 -2.44776485e-03  1.38511946e-02
   1.00410366e-02  2.74774823e-02  6.61999062e-02  9.97177005e-01]]",69
9,10,9,0.9,1.25028657913208,"[[ 9.9513674e-01  3.2292966e-02 -2.6655324e-02  3.1209549e-02
  -5.4117337e-02  1.7330658e-02  3.1214401e-02 -4.7993336e-02
  -2.1653339e-02]
 [-3.3507228e-02  9.9670243e-01 -6.3835271e-02 -1.1386505e-02
   2.5590931e-03  4.1211254e-04  2.9775556e-02  1.5622995e-02
   1.0929343e-02]
 [ 2.2609646e-02  6.3823938e-02  9.9119467e-01 -5.6248672e-02
  -6.8728782e-02 -6.8684690e-02  8.5343178e-03 -1.6364010e-02
  -1.5965864e-03]
 [-2.3500824e-02  1.5449106e-02  6.7896634e-02  9.8231143e-01
   1.5694702e-01  3.6334489e-02 -1.3368213e-02 -5.6574237e-02
   1.8202236e-02]
 [ 5.6507926e-02  2.4880907e-03  3.0336389e-02 -1.3841158e-01
   9.2312914e-01 -3.3553430e-01 -1.5746633e-02 -6.7695446e-02
  -8.4505484e-02]
 [ 8.2304701e-03  1.8516459e-03  8.2525663e-02 -9.1077529e-02
   3.2861149e-01  9.3509591e-01  1.9573204e-02  3.2450724e-02
   3.1578485e-02]
 [-2.6686886e-02 -3.1903610e-02 -5.1227608e-03  1.3760132e-02
   1.7149730e-02 -2.7384544e-02  9.9707770e-01  4.0648412e-02
   3.4555700e-02]
 [ 3.6810789e-02 -6.2286444e-03  1.7598167e-02  5.5991743e-02
   2.6812727e-02 -2.3432272e-02 -2.4284607e-02  9.1228199e-01
  -4.0130451e-01]
 [ 4.6783037e-02 -1.2763174e-02  8.4188888e-03 -4.3896819e-03
   8.0886707e-02 -7.3315039e-02 -5.0027560e-02  3.9298570e-01
   9.1032964e-01]]",69
10,11,11,0.9,1.6751339435577393,"[[ 9.24118280e-01 -3.04155737e-01 -6.39735982e-02  1.27268255e-01
  -5.53636514e-02  1.26314685e-01  3.18031907e-02 -4.08732817e-02
  -8.46262351e-02 -1.47899827e-02 -6.42015263e-02]
 [ 2.72902578e-01  9.40913022e-01 -1.10936567e-01 -1.07405975e-03
  -2.30120812e-02  1.41435683e-01  6.11174554e-02 -3.01034260e-03
  -3.24569866e-02  8.67893361e-03 -4.99201529e-02]
 [ 5.75703084e-02  7.92559981e-02  9.77733076e-01  1.33492559e-01
  -3.05335373e-02  1.13624647e-01  1.65481716e-02  4.34484370e-02
  -2.34385654e-02  7.64478231e-03  3.11026140e-03]
 [-5.76880574e-02  4.41492610e-02 -8.80075991e-02  8.55418921e-01
   4.57466841e-01 -1.38612911e-01 -1.19553521e-01  7.65950084e-02
   9.21571441e-03  5.73655032e-02 -5.66666611e-02]
 [ 6.42294884e-02 -2.31429525e-02  6.15085028e-02 -3.93154442e-01
   8.73925269e-01  1.77987337e-01  8.90987217e-02 -1.42662197e-01
  -8.41957480e-02 -6.06717803e-02  4.99933772e-02]
 [-1.13677364e-02  1.03815310e-02 -1.40630528e-02 -5.26500419e-02
  -2.16745045e-02  3.42703104e-01 -9.25213993e-01 -1.22263372e-01
  -4.64632250e-02  4.66132276e-02  5.98084256e-02]
 [ 3.35687064e-02  1.84714310e-02  4.91359351e-05 -1.22350767e-01
   4.58782241e-02 -2.25900888e-01 -1.54272437e-01  7.02177525e-01
  -5.94123602e-01 -2.45714679e-01 -1.46409282e-02]
 [ 1.19127475e-01  1.99291063e-03  1.84125230e-02 -1.50609717e-01
   1.19267181e-01 -3.97624001e-02 -1.36059806e-01  5.53142428e-01
   7.59924531e-01 -8.43578950e-03 -2.11994022e-01]
 [-1.10913135e-01 -8.01221207e-02 -1.14087939e-01  1.44791096e-01
  -4.49027270e-02  7.07529664e-01  2.45557830e-01  3.76788229e-01
  -5.07588731e-03  1.54842287e-01  4.67347652e-01]
 [-3.28536145e-02  7.34634697e-03 -1.69900488e-02  1.26017883e-01
  -4.59679998e-02  1.34062767e-01  1.34085333e-02 -1.18071221e-01
   1.63609564e-01 -9.48720038e-01  1.47150218e-01]
 [ 1.78698927e-01  8.04938525e-02  4.76274341e-02 -4.89857793e-02
   3.90268378e-02 -4.60008919e-01 -1.18051104e-01 -1.82995498e-02
   1.56974390e-01  7.75248110e-02  8.35982144e-01]]",69
0,1,6,0.9,0.8942698836326599,"[[ 9.9816096e-01 -7.3696226e-03  2.6416712e-02 -1.5204786e-02
   3.2939255e-02 -4.0081214e-02]
 [ 9.9225258e-03  9.8731494e-01 -1.3793429e-02  1.5573269e-01
  -1.8632734e-02 -1.7909653e-02]
 [-2.4447771e-02  7.4719172e-03  9.9811876e-01  3.7624899e-02
  -4.1106094e-02 -4.2304071e-04]
 [ 1.0648951e-02 -1.5661226e-01 -3.4517217e-02  9.8345035e-01
   2.8043067e-02 -7.8782752e-02]
 [ 3.7953492e-02 -2.2780223e-02 -4.0911112e-02  3.0426491e-02
  -9.9322164e-01  9.4613500e-02]
 [-3.7746768e-02 -7.2695739e-03 -2.4060125e-03 -7.7460371e-02
  -9.7991370e-02 -9.9142027e-01]]",70
1,2,6,0.9,0.8973304033279419,"[[ 0.98328424  0.17980298  0.0075422  -0.00534911 -0.02625776  0.00692852]
 [-0.17468019  0.9663832  -0.09821247 -0.14255801  0.07432114 -0.00990654]
 [-0.03097278  0.14697504  0.8912922   0.42552954  0.00427013 -0.04408744]
 [ 0.00820535 -0.08689921  0.43957412 -0.89335614  0.01248922 -0.03024197]
 [-0.0370471   0.06424536 -0.00598855 -0.01817599 -0.98544765 -0.15174524]
 [-0.01548513  0.02221956  0.05132689 -0.01255416 -0.15001829  0.9868987 ]]",70
2,3,6,0.9,0.8243811726570129,"[[ 0.99723136  0.06036639 -0.00962109 -0.02780429 -0.03042176 -0.0097137 ]
 [-0.05736598  0.99550843 -0.01828172  0.04004071  0.05760283  0.0204093 ]
 [ 0.00666139  0.02100732  0.99693346 -0.07195538  0.0153212  -0.01502241]
 [ 0.02983045 -0.03551595  0.07299622  0.99580175 -0.02865554  0.00883065]
 [ 0.03387971 -0.05592159 -0.01319969  0.02709009  0.99599016 -0.0531079 ]
 [ 0.0125163  -0.02211212  0.01393576 -0.00954047  0.05200161  0.99818087]]",70
3,4,6,0.9,0.7975393533706665,"[[ 0.99298865  0.10768276 -0.00761976 -0.04001815 -0.01788391 -0.0199611 ]
 [-0.10768622  0.99373764 -0.02186952  0.0085547  -0.01586092  0.00927515]
 [ 0.01495646  0.02101261  0.97304523  0.22803494  0.00860664  0.02106514]
 [ 0.03876171 -0.0102972  -0.22855929  0.97056776 -0.04030638  0.05025691]
 [ 0.01931666  0.01629869 -0.01891342  0.03081994  0.99358845  0.10409395]
 [ 0.01666556 -0.00875207 -0.00704163 -0.05808415 -0.10252719  0.99282956]]",70
4,5,7,0.9,0.9745789170265198,"[[ 9.95786250e-01  5.99608980e-02  1.18807973e-02 -3.01653165e-02
  -5.01662157e-02  1.23906750e-02  3.30626741e-02]
 [-5.82619868e-02  9.92377162e-01 -9.96519104e-02  3.72178853e-02
  -9.70530149e-04  8.06865469e-03  2.02836823e-02]
 [-2.01489795e-02  9.91222858e-02  9.93926883e-01 -1.76503398e-02
  -3.15310545e-02  2.37444937e-02 -2.91733607e-03]
 [ 3.01618390e-02 -3.28774303e-02  2.29109991e-02  9.91772771e-01
  -3.90718281e-02 -1.07317045e-01  2.87694763e-02]
 [ 4.72724661e-02  3.36246169e-03  3.19318920e-02  3.98007222e-02
   9.92911339e-01  4.78099734e-02  8.36154297e-02]
 [ 6.40610652e-03  1.24881370e-02  2.21691132e-02 -1.08624466e-01
   4.15308960e-02 -9.86739337e-01  1.10148884e-01]
 [-3.77336107e-02 -2.27789991e-02 -1.25649024e-03 -1.99198890e-02
  -8.58128741e-02  1.08444162e-01  9.89209235e-01]]",70
5,6,7,0.9,0.8476404547691345,"[[ 9.9054956e-01 -1.2701339e-01  1.5640711e-02 -3.0176889e-02
   3.1108677e-03 -8.2504516e-03  3.8027514e-02]
 [ 1.2640855e-01  9.9126452e-01  2.6352981e-02  1.5044373e-02
   9.8278793e-03 -1.2195796e-02  1.5792502e-02]
 [-1.2592290e-02 -2.6268369e-02  9.8472613e-01  1.6528527e-01
   6.5476047e-03  3.7850451e-02 -2.5908522e-02]
 [ 3.1594992e-02 -1.4334334e-02 -1.6619375e-01  9.8508960e-01
   1.7399868e-02  5.1601380e-03 -2.1098116e-02]
 [ 3.8977207e-03  9.7839357e-03  2.3124217e-04  1.8018857e-02
  -9.8947918e-01  1.3218398e-01  5.4977600e-02]
 [ 8.7889163e-03  1.0665865e-02 -3.5908569e-02 -1.3404190e-02
   1.3298443e-01  9.9017018e-01  1.4768493e-02]
 [-3.9788764e-02 -1.2540968e-02  2.1578515e-02  2.5259670e-02
   5.2858643e-02 -2.0356327e-02  9.9696916e-01]]",70
6,7,7,0.9,0.8635624647140503,"[[ 9.9680567e-01 -6.5674670e-02 -2.2819094e-02 -2.9423751e-02
  -1.4806007e-03  2.5885871e-02 -2.5904397e-03]
 [ 6.3119315e-02  9.9496335e-01 -6.0844969e-02 -3.5394661e-02
   3.3253118e-02  1.7808957e-03  2.0480600e-04]
 [ 3.3108391e-02  6.5897048e-02  9.7107059e-01  2.2639415e-01
  -1.7042734e-02  5.0104861e-03  3.6589841e-03]
 [ 2.4718776e-02  1.8044660e-02 -2.2829679e-01  9.7262299e-01
   3.0671550e-02  2.5353392e-04  2.7677461e-03]
 [ 1.0965508e-03 -3.2491900e-02  2.5886863e-02 -2.4636969e-02
   9.9549735e-01 -7.5892217e-02 -2.9855125e-02]
 [-2.6149873e-02 -2.8290169e-03 -2.0810105e-03 -2.2970827e-03
   7.4880518e-02  9.9627745e-01 -3.3508129e-02]
 [ 1.5377551e-03 -1.7315582e-03 -2.2671127e-03 -4.4063143e-03
   3.2229535e-02  3.1197136e-02  9.9897856e-01]]",70
7,8,7,0.9,0.9414471387863159,"[[ 9.9686646e-01  4.9732875e-02 -2.8043769e-02  3.9451368e-02
   1.0778331e-02  5.4627573e-03 -3.5986751e-02]
 [-5.1801175e-02  9.9698842e-01  1.8810885e-02  5.1815499e-02
   3.3755226e-03 -7.3104394e-03 -1.5079864e-02]
 [ 3.3625711e-02 -1.0470175e-02  9.9101943e-01 -1.2640002e-01
   1.3872866e-02 -2.0470181e-02  7.1916352e-03]
 [ 3.2909177e-02  5.5273999e-02 -1.2696137e-01 -9.8925495e-01
  -1.8195542e-02 -2.7116630e-02 -7.1206670e-03]
 [-1.2326139e-02 -2.7453378e-03 -1.3794617e-02 -1.9258533e-02
   9.9453604e-01  9.0807810e-02 -4.3945443e-02]
 [ 2.5623136e-03  1.1282441e-02  1.6680622e-02 -2.8024742e-02
  -8.2511418e-02  9.8185784e-01  1.6718119e-01]
 [ 3.4665741e-02  1.5532832e-02 -1.2347595e-02 -9.6675751e-05
   5.8640312e-02 -1.6270062e-01  9.8412114e-01]]",70
8,9,8,0.9,0.9816089272499084,"[[ 9.9920964e-01 -3.6264700e-03 -1.3807869e-02  1.3215069e-02
   1.8818475e-02  2.6437437e-02 -3.5335189e-03 -1.1664727e-02]
 [ 1.9060203e-03  9.9820435e-01 -1.4166231e-02  5.1677354e-02
   1.3027781e-02  1.3842505e-02 -2.5430396e-03 -1.8586027e-02]
 [ 1.7218543e-02  2.4505481e-02  9.8003596e-01 -1.9250166e-01
  -3.8312742e-04 -3.2619409e-02  2.1068534e-02  8.2202023e-03]
 [-1.3021183e-02 -4.9370673e-02  1.9617873e-01  9.7574329e-01
   1.9230369e-02  7.7011369e-02 -1.6229209e-02 -1.6371196e-02]
 [-3.6694889e-04 -4.2934050e-03 -1.3006560e-02  3.2854006e-02
   8.1090462e-01 -5.8371717e-01  2.0946717e-02  1.4297504e-03]
 [-3.1506613e-02 -1.4916481e-02  1.3083708e-02 -7.9762496e-02
   5.8427304e-01  8.0600238e-01 -2.6967114e-02 -2.2571644e-02]
 [ 1.3488223e-03 -3.4521802e-04 -1.6536443e-02  1.5985746e-02
  -1.7329996e-03  3.4440644e-02  9.9645066e-01 -7.3253557e-02]
 [ 1.0760517e-02  1.7202457e-02 -6.1869579e-03  1.8055292e-02
   1.2723940e-02  2.3724409e-02  7.2069190e-02  9.9664706e-01]]",70
9,10,8,0.9,1.0967081785202026,"[[ 9.9743003e-01  3.3766378e-02  5.0002499e-04  6.8644276e-03
  -3.6712214e-02  2.3895195e-02  3.2721292e-02 -3.0927246e-02]
 [-3.5003044e-02  9.9605983e-01 -7.2076410e-02 -9.7951212e-04
  -1.8246142e-02  4.8191985e-03  2.9793847e-02  1.4143607e-02]
 [-2.5598432e-03  7.0443057e-02  9.8322773e-01 -1.4751497e-01
  -5.0186124e-02 -6.2421497e-02  2.3954469e-04 -1.0893204e-02]
 [-7.3268414e-03  1.3463279e-02  1.4923254e-01  9.8622710e-01
   3.7185360e-02  1.4836031e-02 -1.9467369e-02 -5.3561520e-02]
 [ 4.3046132e-02  2.0592215e-02  1.0877067e-02 -2.8033445e-02
   8.8837743e-01 -4.5561099e-01  4.1018110e-03  2.4839041e-03]
 [-4.7613680e-03  7.8378655e-03  7.3175639e-02 -3.9609857e-02
   4.5255873e-01  8.8692182e-01  2.9256910e-02  2.6393402e-02]
 [-3.0717775e-02 -3.1297475e-02  3.2435243e-03  2.2183303e-02
  -1.4896493e-02 -2.5483208e-02  9.9777836e-01  3.3782098e-02]
 [ 3.2075189e-02 -1.0788172e-02  1.7723721e-02  5.1964559e-02
  -1.3119635e-02 -2.0692857e-02 -3.5043985e-02  9.9700153e-01]]",70
10,11,10,0.9,1.6582176685333252,"[[ 9.2737812e-01 -2.7535042e-01  2.8271155e-02  5.4015104e-02
  -7.8306258e-02  1.4500438e-01  1.5253648e-01 -7.5835444e-02
  -5.9472057e-03 -6.4986452e-02]
 [ 2.4106640e-01  9.5520180e-01  5.8423206e-02  1.7313855e-03
  -3.8203694e-02  8.4178612e-02  1.1701158e-01 -3.9592065e-02
   3.7603941e-02 -2.9006967e-02]
 [ 3.6559261e-02  4.3585837e-02 -9.9142295e-01 -9.5774248e-02
  -1.5655367e-02  2.8052794e-02  8.9667700e-03 -4.5282014e-02
   3.2358155e-02 -2.1482067e-02]
 [ 3.5057699e-03  2.9334594e-02 -9.0489402e-02  9.0141958e-01
   4.0123940e-01 -2.4545952e-03 -1.0669247e-01 -2.6211657e-02
  -6.9714459e-03 -7.2550610e-02]
 [ 3.1494506e-02 -1.2310422e-02  2.5708377e-02 -3.6000639e-01
   8.8490671e-01  1.7889145e-01  2.1781491e-01 -1.9948424e-03
  -4.4439062e-02  6.4083919e-02]
 [-3.3869267e-02  5.5861417e-03  1.5984492e-02 -3.5874501e-02
  -5.0318830e-02  8.2814413e-01 -5.4691100e-01  7.6564714e-02
  -6.1847564e-02  1.1214659e-02]
 [ 2.0420646e-02  1.8207038e-02  3.6081083e-02 -8.0554366e-02
   5.6823388e-02 -1.4136605e-01 -3.2257506e-01 -9.1184860e-01
  -1.5085538e-01  9.9837512e-02]
 [ 2.1870245e-01  5.1755290e-02  1.5627505e-02 -1.7220333e-01
   1.9942220e-01 -3.9765504e-01 -6.4651221e-01  2.2695510e-01
   4.6599340e-01 -1.8723565e-01]
 [-1.0036780e-04 -2.8587706e-02  2.3748218e-03  9.1088429e-02
  -3.3396870e-02  1.1102465e-01  9.8041840e-02 -8.3393477e-02
   6.2566978e-01  7.5459182e-01]
 [-1.7355458e-01 -7.0720129e-02  4.7026206e-02  4.2060185e-03
  -3.8276333e-02  2.5065839e-01  2.7088267e-01 -3.0683365e-01
   6.0023743e-01 -6.0872352e-01]]",70
0,1,6,0.9,0.8901126384735107,"[[ 0.9984443  -0.00410752  0.02198301 -0.01548661  0.02777473 -0.03997083]
 [ 0.00579443  0.9890579   0.00444133  0.14584725 -0.01041603 -0.01820066]
 [-0.0212548   0.00195058  0.99800456 -0.04449892 -0.0385162   0.00822463]
 [ 0.00931783 -0.14654437  0.04635338  0.9838805   0.03377772 -0.08442491]
 [-0.03384801  0.01465916  0.03652361 -0.04367383  0.99021894 -0.12191999]
 [-0.03729895 -0.0073249  -0.00113123 -0.0811197  -0.12634118 -0.98793286]]",71
1,2,6,0.9,0.8939036726951599,"[[ 0.9826338   0.18210602  0.01046566 -0.01178218 -0.03115912  0.00699971]
 [-0.17791873  0.9684525  -0.07718946 -0.13806276  0.07128477 -0.01853602]
 [-0.02752559  0.12686017  0.8917644   0.43224388  0.00211894 -0.03264771]
 [ 0.00291713 -0.09344597  0.4435824  -0.89033085  0.02356951 -0.03534761]
 [-0.04177085  0.05903555  0.00123696 -0.02700856 -0.9893497  -0.12339471]
 [-0.01627246  0.02502524  0.04383709 -0.02337926 -0.12072624  0.99099237]]",71
2,3,6,0.9,0.8356022238731384,"[[ 0.9968397   0.06862649  0.00489533 -0.02552518  0.03014847  0.00406976]
 [-0.06568903  0.9952473  -0.01828628  0.03667904 -0.05791304 -0.01157964]
 [-0.00798488  0.02001506  0.9951635  -0.09087677 -0.02279736  0.02017261]
 [ 0.02766472 -0.03387443  0.09220944  0.9942212  -0.00641318 -0.03267609]
 [ 0.03340391 -0.05470121 -0.02372825 -0.00372826 -0.99268854  0.09942061]
 [ 0.00711459 -0.01526119  0.01502129 -0.03542422 -0.09872048 -0.9942285 ]]",71
3,4,7,0.9,0.935952365398407,"[[ 9.93855119e-01  1.04223289e-01  4.18159133e-03 -2.21560355e-02
   2.30476297e-02 -1.85523890e-02  2.39880406e-03]
 [-1.03709236e-01  9.93894279e-01 -2.74509862e-02  1.78799666e-02
   1.15928082e-02  1.44941406e-02 -9.64448147e-04]
 [-5.43162134e-03  2.68228315e-02  9.98428166e-01  9.11410060e-03
  -3.57029028e-02  3.07382364e-02  9.46626719e-03]
 [ 2.48644780e-02 -1.69924051e-02 -1.00049190e-02  9.96300757e-01
   2.46507153e-02  7.57724941e-02  5.35050174e-03]
 [-2.33495515e-02 -1.20022194e-02  3.74539383e-02 -2.04581898e-02
   9.97693658e-01 -4.57662567e-02  1.46332302e-03]
 [-1.72631387e-02  1.26226610e-02  2.77666859e-02  7.76790679e-02
  -4.53733690e-02 -9.95261610e-01  1.15422783e-02]
 [-2.33258493e-03  4.17479750e-04 -9.81093291e-03 -6.21407479e-03
  -7.74380169e-04  1.09180603e-02  9.99869823e-01]]",71
4,5,7,0.9,0.8933886885643005,"[[ 0.99721545  0.0443499   0.00555061  0.02007834  0.04409783  0.0062598
   0.03430107]
 [-0.0427707   0.990445   -0.09185013 -0.08993667  0.00399586  0.01010381
   0.02336981]
 [-0.01257496  0.09859838  0.9914065   0.07986581  0.02756949  0.00771808
  -0.00593055]
 [ 0.02316403 -0.07919181  0.08838805 -0.98501724  0.00476033 -0.12264476
   0.00750198]
 [-0.04017409 -0.00506912 -0.02837154  0.00686161  0.9932739  -0.04702385
  -0.09329466]
 [ 0.00246322  0.01963546 -0.00248259  0.12173744 -0.04136195 -0.9893096
   0.0658625 ]
 [-0.03764531 -0.02544479  0.00472445  0.00191279  0.09461861  0.06174672
   0.99254423]]",71
5,6,7,0.9,0.8325677514076233,"[[ 9.92970049e-01 -1.05449997e-01  2.28483113e-04 -3.48066874e-02
  -1.06765833e-02 -8.14623106e-03  3.87129709e-02]
 [ 1.05113745e-01  9.94132340e-01  1.55543191e-02  2.42557027e-04
   1.13167763e-02 -1.09534878e-02  1.27319861e-02]
 [ 1.10352403e-02 -1.54847512e-02  9.36435282e-01  3.49479169e-01
  -2.45924271e-03  2.04701498e-02 -1.29106101e-02]
 [-3.31998877e-02 -1.59152166e-03  3.49550337e-01 -9.36224878e-01
  -5.56706032e-03  1.19412336e-02  4.38544201e-03]
 [ 8.75805132e-03 -1.36346072e-02  7.32219964e-03 -5.51713165e-03
   9.87511873e-01 -1.54115528e-01 -2.68687513e-02]
 [ 1.04474006e-02  8.26372113e-03 -2.21966449e-02  3.04251560e-03
   1.54547364e-01  9.87610340e-01  7.84675125e-03]
 [-3.93895581e-02 -9.21122357e-03  1.07351504e-02  9.80291795e-03
   2.56161299e-02 -1.12384949e-02  9.98683989e-01]]",71
6,7,7,0.9,0.8531516790390015,"[[ 9.9662155e-01 -6.1213020e-02 -3.7238460e-02  2.7342344e-02
   9.6107153e-03  2.7678724e-02  2.3925889e-03]
 [ 5.8133576e-02  9.9620378e-01 -4.7855545e-02  2.4657834e-02
   3.4889724e-02  8.9588407e-03  1.6479652e-03]
 [ 4.8145283e-02  5.2045200e-02  9.3290663e-01 -3.5091081e-01
  -3.7960485e-02 -4.1905674e-03  7.8419540e-03]
 [ 1.3287205e-02  4.7867154e-03 -3.5182276e-01 -9.3518955e-01
   2.6207047e-02 -2.6927004e-02  5.4641864e-03]
 [-8.0946228e-03 -3.1751681e-02  4.7023054e-02  1.1836292e-02
   9.9550384e-01 -7.0871890e-02 -2.2896761e-02]
 [-2.8220687e-02 -9.1702268e-03 -7.8408525e-04 -2.6862055e-02
   7.0807435e-02  9.9668604e-01  7.3494698e-04]
 [-3.0960161e-03 -2.6506267e-03 -4.1494705e-03  8.0490988e-03
   2.2822903e-02 -2.2569476e-03  9.9968767e-01]]",71
7,8,8,0.9,0.9882305264472961,"[[ 9.90775049e-01  1.06238306e-01 -1.91287715e-02  3.14150453e-02
   2.46923398e-02 -1.83111362e-04 -3.78534682e-02 -6.06863014e-02]
 [-1.08442791e-01  9.92930710e-01  1.88167114e-02  4.06975523e-02
   1.43511808e-02 -2.76434468e-03 -8.21996108e-03 -6.10600598e-03]
 [ 2.58488506e-02 -1.09378919e-02  9.91590440e-01 -1.18952721e-01
  -1.26717950e-03 -3.50845307e-02  1.35083348e-02  1.98958479e-02]
 [-2.50607133e-02 -4.58771028e-02  1.20364070e-01  9.90042329e-01
   2.91737523e-02  3.85226570e-02  1.21024521e-02 -1.06850937e-02]
 [-2.25278214e-02 -1.60727166e-02 -5.18024014e-03 -2.53867917e-02
   9.93041754e-01 -1.10035971e-01 -1.64609775e-02  7.21413549e-03]
 [-1.66060985e-03  2.95305089e-03  2.90402658e-02 -4.76882271e-02
   1.10219337e-01  9.73377764e-01  1.57241881e-01 -1.11952759e-01]
 [ 2.93553341e-02  1.06547317e-02 -1.81884784e-02 -3.03619169e-03
  -1.16358942e-03 -1.70040354e-01  9.78783488e-01 -1.08408958e-01]
 [ 6.27439544e-02  1.40411314e-02 -1.84369460e-02  9.75580700e-03
   7.07410928e-03  9.37629119e-02  1.23115860e-01  9.85612452e-01]]",71
8,9,8,0.9,0.9785414934158325,"[[ 9.9834394e-01  4.3845069e-02 -2.5369927e-02  6.6544986e-03
   1.9024797e-02  1.3930973e-02 -7.0764322e-04 -1.1949695e-02]
 [-4.5842256e-02  9.9636829e-01 -1.9965772e-02  4.8925981e-02
   4.1570351e-02  2.0680621e-02 -3.2394298e-04 -1.4155685e-02]
 [ 2.5828764e-02  3.5592806e-02  9.6225375e-01 -2.6400921e-01
  -3.3875935e-02 -2.8870145e-02  1.8849924e-02  9.8220408e-03]
 [-1.1481067e-04 -4.6452846e-02  2.6925704e-01  9.5575130e-01
   7.7795170e-02  7.4932262e-02 -1.2618918e-02 -7.4885446e-03]
 [-9.7209215e-03 -2.7234411e-02  8.1202323e-03 -4.4409465e-02
   9.0669501e-01 -4.1802466e-01  1.6845554e-02  1.1560260e-03]
 [-1.8353906e-02 -3.1451806e-02  1.4172143e-02 -1.1060110e-01
   4.1031879e-01  9.0230387e-01 -5.1839706e-02 -3.2236550e-02]
 [-1.3012445e-03 -2.9625348e-03 -1.3636550e-02  1.1581924e-02
   6.6833282e-03  5.3161871e-02  9.9590284e-01 -7.0541829e-02]
 [ 1.0388099e-02  1.2781056e-02 -8.5631572e-03  7.8509543e-03
   1.4428728e-02  3.4737762e-02  6.8492919e-02  9.9673849e-01]]",71
9,10,9,0.9,1.2532325983047485,"[[ 9.96782064e-01  1.73288642e-03  1.74245220e-02  2.78156847e-02
  -2.62336303e-02  2.66236495e-02  2.30735112e-02 -4.91990298e-02
  -3.15483138e-02]
 [-1.54919084e-03  9.93339598e-01 -1.09368525e-01  7.02046370e-03
  -1.25890709e-02  3.64015554e-03  3.17113586e-02 -1.77404960e-03
  -9.10005812e-03]
 [-1.51863964e-02  1.08069755e-01  9.81274903e-01 -1.23985447e-01
  -7.66995847e-02 -6.07094355e-02 -5.95822872e-04 -1.39430091e-02
  -7.37719843e-03]
 [-2.87971217e-02  1.01053650e-02  1.35803178e-01  9.74839151e-01
   1.62606716e-01  3.65964100e-02 -1.24112749e-02 -4.58322130e-02
  -1.67271309e-02]
 [ 3.34972963e-02  1.88988410e-02  3.83824259e-02 -1.57505870e-01
   9.57051694e-01 -2.32080832e-01 -2.74801310e-02 -2.33784504e-02
  -3.35905179e-02]
 [-1.63189191e-02  6.92658685e-03  6.68381453e-02 -8.06025639e-02
   2.22272009e-01  9.66956019e-01  2.46902481e-02  3.01448833e-02
   5.28615639e-02]
 [-1.95617620e-02 -3.07005532e-02  5.62107144e-03  1.07738227e-02
   2.49658823e-02 -3.27777527e-02  9.97573197e-01  3.84783968e-02
   1.40236216e-02]
 [ 3.90656739e-02  2.19374453e-03  1.67962797e-02  3.72014530e-02
   1.34636573e-02 -1.48459896e-02 -3.37428302e-02  9.60469186e-01
  -2.69743949e-01]
 [ 4.54545058e-02  1.18236616e-02  1.17421187e-02  2.62348149e-02
   2.59274486e-02 -6.39735311e-02 -2.55352370e-02  2.64281154e-01
   9.60055470e-01]]",71
10,11,10,0.9,1.580392837524414,"[[ 9.20135379e-01 -3.23712140e-01 -5.63317016e-02  6.80005997e-02
   2.15549581e-02  1.52811348e-01  8.39938745e-02 -4.08281833e-02
   8.88098702e-02 -1.84085630e-02]
 [ 2.89716184e-01  9.32199776e-01 -1.48131639e-01 -2.94134822e-02
   5.22328615e-02  1.11609459e-01  8.55095685e-02 -1.77251436e-02
   2.50849109e-02 -2.86305360e-02]
 [ 7.41371885e-02  1.13227002e-01  9.79467928e-01  2.39215810e-02
   2.80378014e-02  1.31233826e-01  4.62154299e-02  3.60483713e-02
  -9.07084811e-03  1.50854765e-02]
 [-2.98166480e-02  4.86028418e-02 -1.74617469e-02  9.69458580e-01
   1.52015865e-01 -8.19622874e-02 -1.09628834e-01  8.42619315e-02
  -3.71545851e-02 -7.91723132e-02]
 [ 8.31719954e-03 -3.28768007e-02  8.03792849e-03 -1.61492735e-01
   9.63119268e-01 -1.61471084e-01 -9.72443670e-02 -7.47167841e-02
   3.53093557e-02  5.24209701e-02]
 [-3.61640528e-02  2.48598284e-04 -3.51988897e-02 -3.76990400e-02
   9.65573732e-03  5.98425508e-01 -7.91011393e-01 -8.13405439e-02
   4.93258201e-02 -5.54747209e-02]
 [ 2.06590276e-02  1.05213001e-02 -2.19187997e-02 -6.24850802e-02
   1.52991069e-02 -3.99684682e-02 -9.95665118e-02  8.68864417e-01
   4.50175524e-01  1.60466492e-01]
 [ 1.63011834e-01  1.95463579e-02 -2.56509031e-03 -9.41552892e-02
  -9.67523362e-03 -1.64626941e-01 -2.25696713e-01  3.85362059e-01
  -8.55580986e-01  7.42692873e-02]
 [-1.69811130e-01 -7.86619782e-02 -1.13038331e-01  9.29543078e-02
   1.76502556e-01  6.89519823e-01  4.78582680e-01  1.31924510e-01
  -2.12439209e-01  3.81302595e-01]
 [-7.62724653e-02 -5.71842082e-02 -2.55568698e-02 -7.19541386e-02
   1.17214963e-01  2.27879047e-01  2.15475142e-01  2.37880826e-01
  -8.08319300e-02 -8.99923980e-01]]",71
0,1,6,0.9,0.8941861987113953,"[[ 9.98282015e-01 -1.58587918e-02  2.03690138e-02 -1.66256409e-02
  -3.05169132e-02 -3.94827463e-02]
 [ 1.79508608e-02  9.88716304e-01 -6.06767926e-03  1.47607699e-01
   8.30250233e-03 -1.49651272e-02]
 [-1.85763203e-02  2.67774239e-03  9.98771548e-01  2.36240253e-02
   3.90652642e-02  4.36190143e-03]
 [ 1.03944615e-02 -1.48320138e-01 -2.11724844e-02  9.84960735e-01
  -3.02986354e-02 -7.98695982e-02]
 [ 3.61600406e-02 -1.29378214e-02 -3.94333825e-02  3.68521214e-02
   9.90828156e-01  1.17777631e-01]
 [-3.67433392e-02 -3.87895922e-03  6.97517535e-04 -7.66271800e-02
   1.21717975e-01 -9.88912225e-01]]",72
1,2,6,0.9,0.8960301280021667,"[[ 0.983689    0.17717178  0.00881801 -0.00870815 -0.02541581  0.01290118]
 [-0.17270109  0.9678579  -0.0867867  -0.14068554  0.07790558 -0.0056365 ]
 [-0.02799725  0.13804998  0.88224185  0.44708425  0.00996709 -0.04270874]
 [ 0.00496306 -0.08823938  0.459548   -0.88286716  0.02251812 -0.03230006]
 [ 0.03638058 -0.06901615 -0.00498057  0.02462441  0.9869941   0.13829191]
 [-0.01995336  0.01593763  0.05320232 -0.01366065 -0.1360917   0.9888427 ]]",72
2,3,6,0.9,0.8427555561065674,"[[ 9.9663752e-01  7.0525527e-02 -6.7700108e-04 -2.8731439e-02
  -2.9265780e-02 -7.5801499e-03]
 [-6.7109317e-02  9.9433184e-01 -2.3237227e-02  4.4748463e-02
   6.2747642e-02  1.7912321e-02]
 [-3.5777465e-03  2.6523756e-02  9.9467838e-01 -9.5657162e-02
   1.8256553e-02 -2.0375401e-02]
 [ 3.1288020e-02 -3.9847035e-02  9.7481616e-02  9.9355078e-01
  -1.4422547e-02  2.4072172e-02]
 [ 3.3250492e-02 -6.0108010e-02 -1.6757166e-02  1.4547069e-02
   9.9420947e-01 -7.9602815e-02]
 [ 1.0618532e-02 -2.0641040e-02  1.7063487e-02 -2.5827074e-02
   7.8819655e-02  9.9613774e-01]]",72
3,4,7,0.9,1.004723310470581,"[[ 9.9348694e-01  1.0593526e-01 -9.3576638e-03 -2.8572179e-02
  -2.5856946e-02 -1.3738711e-02 -4.0529881e-04]
 [-1.0546565e-01  9.9327439e-01 -3.3067256e-02  3.0544149e-02
  -1.0778205e-02  1.1665593e-02 -2.1006647e-03]
 [ 1.0935467e-02  3.0390283e-02  9.9054861e-01  1.2601358e-01
   3.4397133e-02  2.3241716e-02  1.2941992e-02]
 [ 3.0818256e-02 -3.2422174e-02 -1.2561826e-01  9.8827535e-01
  -3.1187493e-02  6.7407094e-02  3.8088101e-03]
 [ 2.5753865e-02  1.0964912e-02 -3.9260667e-02  2.2675559e-02
   9.9734735e-01  4.9498484e-02 -3.0121983e-03]
 [ 1.1315006e-02 -9.2706094e-03 -1.2126937e-02 -7.1566716e-02
  -4.8530430e-02  9.9582690e-01 -2.2153344e-02]
 [ 2.5052967e-04  1.6878832e-03 -1.2805788e-02 -6.8619316e-03
   1.5701338e-03  2.1678841e-02  9.9965674e-01]]",72
4,5,7,0.9,0.8746982216835022,"[[ 0.9961484   0.05008637 -0.00521289  0.02463319 -0.05306123  0.0068935
   0.0410208 ]
 [-0.04997599  0.99138886 -0.09134899 -0.07351151 -0.00442409  0.0080637
   0.0285889 ]
 [-0.00204262  0.09650777  0.9924651   0.06892099 -0.01829667  0.02217419
  -0.01089234]
 [ 0.02839145 -0.06359814  0.07705466 -0.9877386  -0.01450858 -0.11535028
  -0.00825298]
 [ 0.04875138  0.00436065  0.01963657 -0.01574308  0.99285835  0.02528587
   0.10278001]
 [ 0.00267871  0.01685836  0.01340372  0.11519915  0.02223482 -0.9919527
   0.04234938]
 [-0.04468348 -0.03126922  0.01177462 -0.00964329 -0.101772    0.03847641
   0.9924495 ]]",72
5,6,7,0.9,0.8421522378921509,"[[ 0.99159807 -0.11874168  0.01105639 -0.02573275 -0.00934274 -0.01599509
   0.03880966]
 [ 0.1183283   0.9923766   0.01309986  0.01508722  0.00617969 -0.02539164
   0.01023876]
 [-0.00205757 -0.01583938  0.9426534   0.32935572  0.00551259  0.04400248
  -0.02659957]
 [-0.02694106  0.01342849  0.3297674  -0.9432817  -0.02149448  0.00678686
   0.00767117]
 [-0.00567304  0.01062485 -0.00856929  0.02118308 -0.98516923  0.16764492
   0.0258735 ]
 [ 0.01903583  0.02224325 -0.0416443  -0.01128604  0.16850424  0.9837976
   0.0320936 ]
 [-0.04008916 -0.00707995  0.02358762  0.01668916  0.02073498 -0.0339814
   0.99795943]]",72
6,7,7,0.9,0.8543339967727661,"[[ 9.97299671e-01 -4.81224135e-02 -3.85196842e-02  3.45743559e-02
   5.73772052e-03  1.78921539e-02  6.74051140e-03]
 [ 4.51246984e-02  9.96835887e-01 -5.26400842e-02  2.06962507e-02
   3.26660797e-02  5.67110896e-04  3.93062597e-03]
 [ 5.20425811e-02  5.52263185e-02  9.06945825e-01 -4.12788987e-01
  -3.48940529e-02  7.12184282e-03  5.26992045e-03]
 [ 1.51632745e-02 -5.24888514e-03 -4.12459195e-01 -9.09397006e-01
   5.06957509e-02 -6.73098397e-03  1.28004653e-03]
 [-4.62574838e-03 -2.99661551e-02  5.51910140e-02  3.10086738e-02
   9.94519711e-01 -7.30011463e-02 -2.59714369e-02]
 [-1.85015257e-02 -2.30987789e-03 -4.49145632e-03 -1.56670774e-03
   7.31835514e-02  9.97116148e-01 -5.76809701e-03]
 [-7.42316945e-03 -4.67158668e-03 -2.37847096e-03  3.82287963e-03
   2.62135975e-02  3.70525429e-03  9.99600887e-01]]",72
7,8,8,0.9,0.9922114610671997,"[[ 9.9517500e-01  3.4679335e-02  2.1688679e-02  3.4255251e-02
   3.2561876e-02 -7.8804344e-03 -3.2616444e-02 -6.7779161e-02]
 [-3.6730058e-02  9.9680960e-01 -5.0439104e-02  4.2626627e-02
   1.8720124e-03 -1.6111739e-02 -1.3644676e-02 -1.4531542e-02]
 [ 3.3089794e-02 -3.3405870e-02 -9.4945997e-01 -3.0993229e-01
   9.6579101e-03 -6.5357349e-04  5.0810562e-04  1.2768322e-02]
 [-2.5848284e-02 -5.7277244e-02 -3.0860436e-01  9.4852304e-01
   2.1413511e-02  6.3572619e-03  9.2598544e-03 -2.3105768e-02]
 [-3.1225335e-02 -1.5729192e-03  1.5246930e-02 -1.7896004e-02
   9.9880713e-01 -2.1581868e-02 -1.5258904e-03  1.9641669e-02]
 [ 3.6090168e-03  1.6448036e-02  8.3561119e-04 -8.8660866e-03
   2.3293482e-02  9.9150187e-01  8.9178197e-02 -8.9809872e-02]
 [ 2.2055430e-02  1.1237642e-02  2.5011823e-03 -1.0210873e-02
   2.4736929e-03 -1.0133421e-01  9.8515862e-01 -1.3588375e-01]
 [ 7.0993215e-02  1.9289177e-02  5.9421067e-03  2.7430948e-02
  -1.4826760e-02  7.6335393e-02  1.4202568e-01  9.8365736e-01]]",72
8,9,8,0.9,0.9752817749977112,"[[ 9.9887574e-01 -3.2025490e-02  4.4707912e-03  3.0086203e-02
   1.0637184e-02  9.5781181e-03 -7.2998572e-03 -6.1808405e-03]
 [ 3.0354472e-02  9.9811631e-01 -5.5637315e-04  4.7106553e-02
  -1.4906609e-03  4.8314366e-03 -7.7079874e-03 -2.3196686e-02]
 [-8.9993104e-03 -6.4765960e-03  9.8814440e-01  1.5127721e-01
  -2.0112574e-02 -7.0931893e-03 -9.6173901e-03 -3.9383159e-03]
 [-3.1522050e-02 -4.6667837e-02 -1.5100379e-01  9.8381937e-01
   4.7450820e-03  6.8246305e-02 -2.9407660e-02 -2.4101513e-02]
 [-6.4410018e-03  2.7104095e-03  1.2040645e-02  2.5994565e-02
   9.1619086e-01 -3.9879385e-01  2.3899019e-02  1.0816774e-02]
 [-1.1791926e-02 -1.5573518e-03  2.3795297e-02 -6.4280190e-02
   4.0004691e-01  9.1189879e-01 -4.9914349e-02 -3.2738779e-02]
 [ 5.6721480e-03  4.3650889e-03  5.9238099e-03  2.5507590e-02
  -2.1413725e-03  5.4555651e-02  9.9551070e-01 -7.2392277e-02]
 [ 6.2007234e-03  2.2124747e-02  1.3496792e-03  2.5142629e-02
   3.1099622e-03  4.0058244e-02  6.9468632e-02  9.9619162e-01]]",72
9,10,8,0.9,1.125734567642212,"[[ 9.97387826e-01 -4.08319198e-02  5.66827075e-04 -1.20848436e-02
  -3.41428071e-02  2.58081369e-02  2.51271967e-02 -3.06717642e-02]
 [ 3.84655967e-02  9.92360950e-01  1.05764449e-01 -1.12074455e-02
  -3.80708314e-02  2.49261502e-03  3.06658018e-02  5.71529614e-03]
 [-3.49783152e-03 -1.02756172e-01  9.81981635e-01  1.42155543e-01
   1.18953809e-02  6.42834082e-02 -4.51364438e-04  2.56678108e-02]
 [ 8.03229585e-03  2.39052121e-02 -1.41139716e-01  9.83792841e-01
  -7.34565258e-02  5.36492839e-02 -2.30415687e-02 -5.28218001e-02]
 [ 4.36437726e-02  3.66765708e-02  2.19490333e-03  8.61374140e-02
   9.36746240e-01 -3.33289474e-01 -2.61522923e-02 -8.12895317e-03]
 [-1.26585905e-02  1.57383587e-02 -5.97591102e-02 -3.25131118e-02
   3.37922335e-01  9.37346697e-01  3.96331623e-02  2.41364036e-02]
 [-2.26139762e-02 -2.87626255e-02 -5.47289243e-03  2.97874436e-02
   1.11307241e-02 -4.67003435e-02  9.96172369e-01  5.54966405e-02]
 [ 3.29357348e-02 -1.51549792e-03 -3.16128209e-02  4.80383113e-02
  -6.19958295e-03 -2.08658408e-02 -5.72974980e-02  9.95916188e-01]]",72
10,11,9,0.9,1.4005224704742432,"[[ 9.33720410e-01 -2.68991143e-01  4.03709263e-02 -5.66990068e-03
  -5.19002834e-03  1.56962201e-01  1.53721496e-01  5.57854176e-02
  -5.23585938e-02]
 [ 2.39896402e-01  9.56456184e-01  1.02577455e-01 -1.68499537e-02
   3.98986554e-03  9.29615423e-02  8.98739398e-02  9.76160169e-03
  -2.18675029e-03]
 [-6.04171790e-02 -8.96126777e-02  9.90018010e-01 -2.91121583e-02
   1.64143480e-02 -3.19692008e-02  1.95139889e-02 -6.02820106e-02
   4.50546779e-02]
 [ 2.23653968e-02  1.58798937e-02  3.21045369e-02  9.94512856e-01
   5.63516021e-02 -1.07078822e-02 -6.87453076e-02 -2.04365849e-02
  -2.69704610e-02]
 [-2.86110770e-03 -7.48652034e-03 -2.27259267e-02 -4.83539551e-02
   9.93363798e-01 -1.05169620e-02  7.09762722e-02  1.55748809e-02
   7.01340586e-02]
 [-6.67826310e-02 -2.36537289e-02  2.35930625e-02 -2.76357904e-02
   4.40372340e-02  8.63412678e-01 -4.86419857e-01 -9.81084034e-02
   3.12991254e-03]
 [-5.53475926e-03  1.25905555e-02  6.08515777e-02  1.20627962e-03
   4.18795826e-04 -3.59295346e-02 -2.54561454e-01  9.62851167e-01
   5.41431904e-02]
 [ 2.28120059e-01  6.13241643e-02  1.23300860e-02 -8.00732672e-02
   6.65801764e-02 -4.60645229e-01 -7.98124433e-01 -2.17634216e-01
  -1.91422746e-01]
 [ 9.96380895e-02  4.23682295e-03 -4.18759026e-02  1.62977222e-02
  -5.80366291e-02 -8.06670412e-02 -1.40497848e-01 -9.17948335e-02
   9.74676251e-01]]",72
0,1,6,0.9,0.9003273844718933,"[[ 0.99801236 -0.0050564   0.02684752 -0.01859867  0.03252251 -0.04267589]
 [ 0.00797501  0.98631155 -0.01527305  0.16227068 -0.01242961 -0.02015946]
 [-0.0249629   0.00905887  0.9981215   0.03641874 -0.04127673 -0.00425876]
 [ 0.01371386 -0.16345935 -0.03302157  0.9817874   0.03223579 -0.08400512]
 [ 0.03789162 -0.01746563 -0.04089605  0.03549396 -0.9936122   0.08978815]
 [-0.0407507  -0.00760947 -0.00603924 -0.08264156 -0.09370121 -0.9912797 ]]",73
1,2,6,0.9,0.9051123857498169,"[[ 9.8409468e-01  1.7568849e-01  5.2680043e-03 -5.9623970e-03
  -2.3454724e-02  8.8195596e-03]
 [-1.7151399e-01  9.6884984e-01 -8.8132121e-02 -1.3615964e-01
   7.4832506e-02 -2.5130666e-03]
 [-2.6037563e-02  1.3773640e-01  8.8286090e-01  4.4542420e-01
   5.6197783e-03 -4.9729947e-02]
 [ 7.4205515e-03 -8.2462996e-02  4.5820180e-01 -8.8464987e-01
   1.3974075e-02 -1.9882943e-02]
 [-3.3816315e-02  6.6199459e-02 -4.3253121e-03 -2.0404462e-02
  -9.8249811e-01 -1.6951859e-01]
 [-1.6249649e-02  1.7598450e-02  5.2858114e-02  8.2614442e-04
  -1.6828737e-01  9.8402792e-01]]",73
2,3,6,0.9,0.8409104943275452,"[[ 9.97470021e-01  5.75431734e-02 -4.02886793e-03 -2.52064355e-02
  -3.05419918e-02 -1.25701427e-02]
 [-5.42346090e-02  9.95389819e-01 -1.37911895e-02  4.78408001e-02
   5.65493703e-02  2.41071358e-02]
 [-3.09069437e-04  1.97514184e-02  9.89827335e-01 -1.38797432e-01
   1.78429130e-02 -1.63876582e-02]
 [ 2.72484981e-02 -4.26793322e-02  1.39946759e-01  9.88542140e-01
  -2.51904596e-02  9.23995045e-04]
 [ 3.37914601e-02 -5.52406795e-02 -1.40916109e-02  2.41146386e-02
   9.96813595e-01 -3.72708216e-02]
 [ 1.50930882e-02 -2.49984097e-02  1.58673022e-02 -3.76387173e-03
   3.57634798e-02  9.98800397e-01]]",73
3,4,6,0.9,0.826007604598999,"[[ 9.93429601e-01  1.02951422e-01 -9.82194301e-03 -4.12734039e-02
  -1.78803690e-02 -1.94638651e-02]
 [-1.03032663e-01  9.94201899e-01 -2.20516194e-02  7.29231630e-03
  -1.68652628e-02  1.10961907e-02]
 [ 1.94470324e-02  2.12610606e-02  9.58998621e-01  2.81364679e-01
   1.14508430e-02  1.39381466e-02]
 [ 3.81116979e-02 -1.03285844e-02 -2.81524807e-01  9.57394302e-01
  -3.61544602e-02  3.56867574e-02]
 [ 1.92831252e-02  1.68366786e-02 -2.19602082e-02  2.60350481e-02
   9.92132723e-01  1.17716603e-01]
 [ 1.67109743e-02 -1.10253124e-02 -6.86854764e-04 -4.23736647e-02
  -1.16748355e-01  9.92054939e-01]]",73
4,5,7,0.9,0.9448807835578918,"[[ 9.9479932e-01  7.0725098e-02  8.0903061e-03 -2.7178371e-02
  -5.0970003e-02  2.1712013e-02  3.8713530e-02]
 [-7.0030093e-02  9.9192625e-01 -9.6223965e-02  3.4269873e-02
  -6.6973164e-04  8.4361834e-03  2.5944334e-02]
 [-1.7560398e-02  9.5985480e-02  9.9371791e-01 -2.9526986e-02
  -2.3962757e-02  3.9009325e-02 -5.9368685e-03]
 [ 2.7918166e-02 -2.8497286e-02  3.5394203e-02  9.9281794e-01
  -4.7903772e-02 -9.4703361e-02  1.4307094e-02]
 [ 4.8394486e-02  2.9307604e-03  2.6807830e-02  4.3289244e-02
   9.9336678e-01 -1.1616509e-02  9.0244934e-02]
 [ 1.3266716e-02  1.3748291e-02  3.4995388e-02 -9.7807333e-02
  -1.7184472e-02 -9.9011517e-01  9.0667799e-02]
 [-4.3176487e-02 -2.9282544e-02  2.0031233e-03 -9.3433587e-03
  -8.6369239e-02  9.2216849e-02  9.9056721e-01]]",73
5,6,7,0.9,0.8684256672859192,"[[ 9.88595665e-01 -1.41813174e-01  1.86393969e-02 -2.73028798e-02
   5.03944211e-05 -6.34344202e-03  3.78727354e-02]
 [ 1.40904173e-01  9.88747239e-01  3.44179720e-02  1.99755244e-02
  -1.26966555e-02 -2.11581960e-02  1.82302203e-02]
 [-1.88388452e-02 -3.24743800e-02  9.91447568e-01  1.11558132e-01
   2.94905133e-03  4.80418950e-02 -2.93302350e-02]
 [ 2.77737007e-02 -1.98055711e-02 -1.12625204e-01  9.92444336e-01
  -2.05142461e-02  1.38165557e-03 -2.79888157e-02]
 [ 1.85144611e-03  1.51789216e-02 -1.18687674e-02  2.05764156e-02
   9.80815649e-01  1.83744863e-01  5.86542450e-02]
 [ 9.12143197e-03  1.88548323e-02 -4.47489955e-02 -9.81141254e-03
  -1.85208157e-01  9.81333196e-01  1.20676262e-02]
 [-4.01440859e-02 -1.53325880e-02  2.59207971e-02  3.07384282e-02
  -5.57474196e-02 -2.06183102e-02  9.96495724e-01]]",73
6,7,7,0.9,0.880644679069519,"[[ 9.94970739e-01 -8.93786848e-02 -2.81094294e-02 -2.61090621e-02
  -5.71750803e-03  2.30270643e-02  3.14374152e-03]
 [ 8.69930610e-02  9.93291497e-01 -5.94399944e-02 -3.22165489e-02
   3.46041098e-02 -4.47257096e-03  3.95166595e-03]
 [ 3.93215828e-02  6.29625097e-02  9.63358760e-01  2.57267445e-01
  -1.12073608e-02  9.55956243e-03  5.07713575e-03]
 [ 1.93138085e-02  1.26875425e-02 -2.58792698e-01  9.64750051e-01
   4.16235738e-02  3.35100270e-03 -2.44759745e-03]
 [-4.45861835e-03  3.49655822e-02 -2.42892094e-02  3.57874446e-02
  -9.93893743e-01  8.73510018e-02  3.78417484e-02]
 [-2.25786734e-02  2.93551083e-03 -5.76119497e-03 -8.39099102e-03
   8.65239948e-02  9.95578289e-01 -2.67451219e-02]
 [-4.06370731e-03 -5.18318079e-03 -4.44109226e-03 -3.14487377e-04
   4.00089025e-02  2.32519060e-02  9.98897135e-01]]",73
7,8,7,0.9,0.9572353363037109,"[[ 9.9821430e-01  8.2254959e-03 -2.5751919e-02  4.3376129e-02
  -8.6757662e-03  7.9646846e-04 -2.9668817e-02]
 [-1.0694478e-02  9.9760944e-01  2.3055170e-02  5.9191693e-02
  -4.6745883e-03 -1.8781289e-02 -1.5846841e-02]
 [ 3.2389589e-02 -1.3163621e-02  9.8673546e-01 -1.5803619e-01
  -1.1887666e-02 -3.1637889e-03  1.9800847e-03]
 [ 3.8206968e-02  6.2261775e-02 -1.5777177e-01 -9.8432183e-01
   2.6642764e-02 -1.0795006e-02 -7.4840211e-03]
 [-9.2000524e-03 -1.2438843e-03 -1.5324447e-02 -2.5820920e-02
  -9.9136090e-01  1.2049060e-01 -4.1203961e-02]
 [ 5.0671259e-03  2.1919247e-02  3.0692767e-03 -7.7982736e-03
   1.1283820e-01  9.8102289e-01  1.5583694e-01]
 [ 2.8894728e-02  1.3259309e-02 -4.7074002e-03 -4.7423625e-03
  -5.9352919e-02 -1.5031990e-01  9.8631930e-01]]",73
8,9,7,0.9,0.9317302703857422,"[[ 9.9881154e-01  2.6073340e-02 -1.9880347e-02  2.5280636e-02
   5.9123272e-03  2.4613233e-02 -4.5141876e-03]
 [-2.7494578e-02  9.9827433e-01 -1.4907655e-02  4.8107166e-02
  -9.3995295e-03 -2.3913716e-03 -7.8587942e-03]
 [ 2.4147857e-02  2.4932712e-02  9.7979975e-01 -1.9508639e-01
   1.5367631e-02 -1.5312382e-02  1.6076367e-02]
 [-2.1099657e-02 -4.4891868e-02  1.9772969e-01  9.7658134e-01
  -2.2391962e-02  6.2533222e-02 -1.7876102e-02]
 [-3.3979702e-03 -5.0799064e-03  1.1077966e-02 -5.0360441e-02
  -9.0589195e-01  4.2025417e-01 -7.0678173e-03]
 [-2.3865992e-02  7.6785120e-03 -1.4818573e-03 -4.8374560e-02
   4.2249060e-01  9.0460229e-01 -1.5021853e-02]
 [ 3.1463134e-03  6.8422398e-03 -1.2373630e-02  2.0012707e-02
  -7.5095048e-04  1.8023826e-02  9.9953198e-01]]",73
9,10,8,0.9,1.127032995223999,"[[ 9.9749410e-01  3.7008941e-02 -1.4314126e-02 -1.1007090e-02
  -2.4575025e-02  2.3917539e-02  4.0229674e-02 -2.2700623e-02]
 [-3.7079655e-02  9.9513018e-01  7.9474337e-02 -4.3990621e-03
  -2.7999707e-02  3.4672130e-04  2.6528785e-02  2.2749214e-02]
 [-1.8027062e-02  7.5894617e-02 -9.6994901e-01 -2.1954231e-01
  -1.2498275e-02 -6.7520954e-02 -3.2757351e-03 -1.3751519e-02]
 [ 4.4311578e-03  2.2085682e-02 -2.1913569e-01  9.7272372e-01
  -4.6149846e-02  2.7552126e-02 -1.3165288e-02 -4.7100384e-02]
 [ 3.3491030e-02  1.8686926e-02  2.6870273e-02  5.9510309e-02
   7.0877302e-01 -7.0072603e-01  2.9646810e-02  3.2575426e-03]
 [-1.7520025e-03  2.1929681e-02 -5.7969842e-02  2.4564827e-03
   7.0024216e-01  7.0856971e-01  3.7196331e-02  4.8537746e-02]
 [-3.8605660e-02 -3.0058390e-02 -7.7045676e-03  1.3487325e-02
  -4.8451558e-02 -8.3985562e-03  9.9560732e-01  6.0934421e-02]
 [ 2.5900027e-02 -1.9099217e-02 -2.2705227e-02  4.1710913e-02
  -3.5781860e-02 -3.0840905e-02 -6.3225843e-02  9.9522871e-01]]",73
10,11,9,0.9,1.440328598022461,"[[ 9.36763823e-01 -2.47456312e-01  7.95470085e-03  1.69584353e-03
  -6.28962591e-02  1.42391428e-01  1.70073107e-01  5.31263091e-02
  -7.20710009e-02]
 [ 2.25839213e-01  9.66483951e-01  3.01528461e-02 -9.35922749e-03
  -2.73201633e-02  7.06925988e-02  9.00030434e-02  7.81831611e-03
   1.75221916e-03]
 [-2.71406788e-02 -2.97333933e-02  9.90892351e-01  1.03185885e-01
  -4.21511009e-02  1.79230291e-02  4.30221111e-02 -4.36865203e-02
   2.63325637e-03]
 [ 1.38817988e-02  1.66867059e-02 -9.24330205e-02  9.82743204e-01
   1.31483033e-01  2.25748438e-02 -5.97315058e-02  2.48227715e-02
  -5.67393564e-02]
 [ 6.60760235e-03 -6.58735307e-03  4.18171957e-02 -1.13568194e-01
   9.59244251e-01  1.56823695e-01  1.94143787e-01  1.37260994e-02
   5.14102094e-02]
 [-4.53374088e-02 -8.77484400e-03  5.00229979e-03 -4.05746698e-02
  -4.74843867e-02  8.67028892e-01 -4.91048992e-01 -2.94211898e-02
   1.44127570e-02]
 [-3.45787704e-02  7.78857945e-03  4.97448854e-02 -2.41176635e-02
   9.77194984e-04 -1.91246215e-02 -8.73642042e-02  9.93689358e-01
   1.64205190e-02]
 [ 2.25794464e-01  5.75336404e-02  6.58488125e-02 -7.95836076e-02
   2.31774017e-01 -4.28700835e-01 -7.96690226e-01 -7.23794177e-02
  -2.39957333e-01]
 [ 1.27525911e-01 -4.51895501e-03  5.62669942e-03  4.49305139e-02
   1.04220482e-02 -1.15816891e-01 -1.90754324e-01 -2.96717137e-02
   9.64819431e-01]]",73
0,1,6,0.9,0.8878142833709717,"[[ 0.9981534  -0.01917611  0.02405951 -0.01695936  0.02900859 -0.04017817]
 [ 0.0208565   0.9875718   0.01327444  0.15414432 -0.00818529 -0.01622955]
 [-0.02332758 -0.01036709  0.998737   -0.01820598 -0.03915308  0.00289681]
 [ 0.00879703 -0.15494414  0.01836349  0.9834447   0.0408365  -0.08213816]
 [-0.03417983  0.01426174  0.03768495 -0.04743999  0.99279135 -0.09655591]
 [-0.03827759 -0.00397348 -0.00346727 -0.07878125 -0.10127348 -0.99098146]]",74
1,2,6,0.9,0.8899944424629211,"[[ 0.9857448   0.16533336  0.01312196 -0.01208522 -0.02396383  0.00892403]
 [-0.1617232   0.97170603 -0.06908312 -0.13617428  0.07888816 -0.00968098]
 [-0.02637268  0.1134086   0.91864955  0.37451783 -0.0058194  -0.04720983]
 [ 0.0016808  -0.10286312  0.38512266 -0.9164419   0.02247958 -0.02693965]
 [-0.03452274  0.06802844 -0.00927113 -0.03201294 -0.98803    -0.12987012]
 [-0.01620856  0.01954577  0.05227968 -0.01250125 -0.12829621  0.98995245]]",74
2,3,6,0.9,0.8295533061027527,"[[ 9.97858107e-01  4.99670431e-02 -6.22300338e-03 -2.69245300e-02
   3.08887735e-02 -8.04962125e-03]
 [-4.64064293e-02  9.95159566e-01 -1.81293208e-02  5.23465350e-02
  -6.32556975e-02  2.08274815e-02]
 [ 5.91238262e-03  1.73994210e-02  9.99629915e-01  1.97383994e-03
  -1.81814395e-02 -8.23987182e-03]
 [ 2.90579554e-02 -5.04370481e-02 -7.83040887e-04  9.97958660e-01
   1.76625084e-02  1.94356460e-02]
 [ 3.36327255e-02 -6.14020973e-02 -1.78030189e-02  1.48024233e-02
  -9.95084584e-01 -6.61005080e-02]
 [ 1.07345665e-02 -2.33215671e-02  7.42253149e-03 -1.97608117e-02
  -6.48751482e-02  9.97339666e-01]]",74
3,4,6,0.9,0.8147209286689758,"[[ 9.93268371e-01  1.11362457e-01 -1.04118080e-03 -2.27852259e-02
  -1.91628784e-02 -1.13546811e-02]
 [-1.11100845e-01  9.92406666e-01 -4.52987924e-02  1.73000153e-02
  -1.68349184e-02  1.22850845e-02]
 [ 2.63347407e-04  4.26363051e-02  9.86927748e-01  1.53914079e-01
   2.00551748e-02  7.99807999e-03]
 [ 2.52180863e-02 -2.24760678e-02 -1.52756423e-01  9.85534251e-01
  -2.31196433e-02  6.09262548e-02]
 [-1.85348783e-02 -1.66893080e-02  2.39103604e-02 -1.48927066e-02
  -9.96417284e-01 -7.57431164e-02]
 [ 9.74853616e-03 -1.12181101e-02  3.78765981e-03 -6.31853268e-02
  -7.46005252e-02  9.95091558e-01]]",74
4,5,7,0.9,0.8924134969711304,"[[ 9.96170342e-01  5.77477477e-02  4.02913289e-03 -2.57235561e-02
  -4.72794510e-02  1.46423308e-02  3.43823582e-02]
 [-5.63934334e-02  9.93106306e-01 -8.11468586e-02  5.94170429e-02
   1.90502976e-03  1.13909245e-02  1.76389050e-02]
 [-1.30474977e-02  8.59370902e-02  9.90423739e-01 -9.67355669e-02
  -3.34345922e-02  2.92565431e-02 -1.31817618e-02]
 [ 2.80983690e-02 -4.77600917e-02  1.03144139e-01  9.87017632e-01
  -2.73173787e-02 -1.06492296e-01  2.63020600e-04]
 [ 4.39870767e-02  4.24233673e-04  3.74619067e-02  2.29762886e-02
   9.92977500e-01  6.18440332e-03  1.00454450e-01]
 [ 8.35516304e-03  1.86110120e-02  1.81350317e-02 -1.08202286e-01
   8.39911983e-04 -9.91493464e-01  6.69866353e-02]
 [-3.87296043e-02 -1.98083054e-02  9.42002330e-03  3.26832291e-03
  -9.94580016e-02  6.60435408e-02  9.91844058e-01]]",74
5,6,7,0.9,0.8453438878059387,"[[ 9.90969837e-01 -1.21504314e-01  4.89002001e-03 -3.81932966e-02
   2.49768631e-03 -1.97049547e-02  3.65847275e-02]
 [ 1.21193089e-01  9.91671145e-01  2.85247043e-02  1.81103572e-02
   2.84767407e-03 -2.43633594e-02  1.25364503e-02]
 [ 4.36675851e-04 -3.02759074e-02  9.80501533e-01  1.87314719e-01
   2.90292804e-03  4.51705419e-02 -2.37551928e-02]
 [ 3.66814733e-02 -1.71030816e-02 -1.87902614e-01  9.81268764e-01
   1.08901104e-02 -5.27941156e-03 -4.45149792e-03]
 [ 5.87315811e-03  5.94620593e-03 -6.16684929e-03  1.07147200e-02
  -9.83991981e-01  1.74348757e-01  3.37575488e-02]
 [ 2.06014179e-02  2.20427141e-02 -4.33244295e-02 -5.19740162e-03
   1.75673217e-01  9.82473433e-01  3.27194259e-02]
 [-3.85551564e-02 -9.72497370e-03  2.35954653e-02  9.81749687e-03
   2.75186878e-02 -3.60330567e-02  9.97852802e-01]]",74
6,7,7,0.9,0.8593860268592834,"[[ 9.98014390e-01 -3.86951193e-02 -3.99319008e-02 -2.25922260e-02
   1.69356680e-03  1.86161716e-02  3.95768182e-03]
 [ 3.51445675e-02  9.96088982e-01 -6.82068840e-02 -3.31551731e-02
   2.83813216e-02 -2.09755916e-03 -3.20710102e-03]
 [ 4.68600690e-02  7.30452463e-02  9.64456320e-01  2.48976499e-01
  -1.23321265e-02  1.21321371e-02 -2.01084046e-03]
 [ 1.22354375e-02  1.29211452e-02 -2.50324756e-01  9.66229379e-01
   5.78018501e-02  3.09628109e-03 -8.42137355e-03]
 [-9.34262003e-04 -2.82301251e-02  2.92744320e-02 -5.13079427e-02
   9.93199229e-01 -9.43091065e-02 -1.93318259e-02]
 [-1.92104932e-02 -8.45468370e-04 -7.60550750e-03 -1.07046971e-02
   9.36784372e-02  9.95075881e-01 -2.24991180e-02]
 [-4.09212243e-03  3.04015772e-03  1.65447273e-04  7.39161624e-03
   2.18650531e-02  2.05453057e-02  9.99509454e-01]]",74
7,8,7,0.9,0.9444001913070679,"[[ 0.99851894  0.02283494 -0.0271949   0.02584518  0.01692446 -0.0074022
  -0.02626104]
 [-0.02412132  0.9984576   0.01056194  0.04486363  0.00614216 -0.01702215
  -0.0069937 ]
 [ 0.03026732 -0.00397865  0.9904321  -0.13391104  0.00714797 -0.01112309
  -0.00231189]
 [ 0.02085285  0.04629938 -0.13419019 -0.98939353 -0.01836397 -0.00656694
  -0.01160437]
 [-0.01730292 -0.00553656 -0.00893061 -0.01770544  0.9988499   0.02164485
  -0.03326986]
 [ 0.01138896  0.01849466  0.01018027 -0.0081902  -0.0165027   0.9895535
   0.14095719]
 [ 0.02445309  0.00537858 -0.00165804 -0.01034665  0.03624688 -0.14072616
   0.9890124 ]]",74
8,9,8,0.9,0.9806457757949829,"[[ 9.99128819e-01  2.45202929e-02  3.80655774e-03  2.33412571e-02
   1.71875171e-02  1.51400436e-02 -2.90064537e-03 -6.93631219e-03]
 [-2.61326060e-02  9.97719049e-01 -1.44472616e-02  5.67555912e-02
   7.30540510e-03  8.39597080e-03  3.42806248e-04 -1.78825948e-02]
 [ 2.61069462e-03  3.03951073e-02  9.58913624e-01 -2.80690044e-01
  -1.93187606e-03 -1.71450339e-02  1.22686001e-02  1.78553425e-02]
 [-2.28888877e-02 -5.14920503e-02  2.82790422e-01  9.55977499e-01
  -8.92825983e-03  5.11314198e-02 -8.99880473e-03 -1.36403339e-02]
 [-7.90855382e-03 -4.13627131e-03  2.61791935e-03  3.38753089e-02
   8.64389002e-01 -5.01441002e-01  1.17371622e-02  4.09768382e-03]
 [-2.06118077e-02 -9.16096568e-03  4.30203089e-03 -4.40320559e-02
   5.02359092e-01  8.63048315e-01 -1.09970151e-02 -1.39991473e-02]
 [ 2.19134521e-03 -2.12654658e-03 -8.39144550e-03  1.01216668e-02
  -4.83598886e-03  1.51686799e-02  9.98059630e-01 -5.86636029e-02]
 [ 5.99009730e-03  1.65683106e-02 -1.39707485e-02  1.91103909e-02
   3.37713794e-03  1.63222533e-02  5.81236333e-02  9.97733891e-01]]",74
9,10,9,0.9,1.2362186908721924,"[[ 9.96947169e-01  5.08140959e-03 -1.68010476e-03 -2.05955133e-02
   3.81676853e-02  2.03295127e-02  3.06518786e-02 -3.58766802e-02
  -3.93294245e-02]
 [-5.91242127e-03  9.92864072e-01  1.07784614e-01 -3.40865292e-02
   1.33485068e-02 -1.03041781e-02  2.89887395e-02  1.42414700e-02
   8.88277683e-03]
 [-5.25200786e-03  9.64762270e-02 -9.67322111e-01 -2.24583045e-01
   8.94362666e-03 -6.59440160e-02 -3.76904686e-03  1.72754563e-03
   8.34250264e-03]
 [ 1.57935079e-02  5.74892089e-02 -2.20085770e-01  9.71551836e-01
   4.51452620e-02  6.97876187e-03 -3.10107454e-04 -4.46576215e-02
  -3.68141779e-03]
 [ 4.33738008e-02  1.16211129e-02  6.63234666e-03  4.47383486e-02
  -9.27815080e-01 -3.63268644e-01 -4.46076058e-02 -2.13195961e-02
  -2.62445211e-02]
 [-2.81103631e-03  1.79169681e-02 -6.36273995e-02 -2.02596793e-03
  -3.67541164e-01  9.21387136e-01  7.06865042e-02  5.89139834e-02
   5.57707101e-02]
 [-3.02680507e-02 -2.89284624e-02 -2.45450321e-03  2.89586978e-03
  -1.68647300e-02 -7.93650001e-02  9.94544446e-01 -5.07892342e-03
  -5.00497818e-02]
 [ 2.87118144e-02 -9.93075315e-03 -7.79468101e-03  4.24496196e-02
   5.53809246e-03 -4.68784794e-02 -8.81898776e-03  9.74986732e-01
  -2.10497379e-01]
 [ 4.64184359e-02 -1.38114495e-02  8.41833279e-03  1.57276168e-02
  -2.11218838e-03 -7.52894133e-02  4.49782200e-02  2.04847440e-01
   9.73487496e-01]]",74
10,11,10,0.9,1.6206612586975098,"[[ 0.94773227 -0.20105596  0.03284093  0.03245331 -0.08744655  0.20166788
   0.09809312 -0.01994023 -0.00585981  0.02961838]
 [ 0.17864586  0.9708345   0.11474741 -0.02102105 -0.00309897  0.08297259
   0.05431638 -0.01009237  0.04144922  0.01711923]
 [-0.04673017 -0.09851581  0.983671    0.09178443  0.01520002 -0.04208324
   0.00699135  0.07308174 -0.06540199 -0.02021216]
 [ 0.01729394  0.03774427 -0.08821683  0.96500766  0.21481302 -0.06606559
  -0.07346706 -0.03221326 -0.00781554  0.04742122]
 [-0.00740033  0.03406075 -0.0038247   0.16637658 -0.92200124 -0.29930493
  -0.15137729 -0.04855273  0.0139779   0.07714714]
 [-0.04537965  0.00299083  0.02211269 -0.00220288 -0.06243669  0.5838579
  -0.8038268   0.07153082 -0.03679813 -0.00642321]
 [-0.00997554  0.00525456  0.04726909 -0.03574628  0.03489363  0.00898449
  -0.05998719 -0.92713386 -0.34594822 -0.11048452]
 [ 0.22862557  0.02287919  0.02750577 -0.16018762  0.29211047 -0.6610194
  -0.5362819  -0.0813557   0.2965098   0.12798478]
 [-0.05091435 -0.04443588  0.05795584  0.0637745  -0.07350734  0.17306393
   0.07986636 -0.25131023  0.810665   -0.47533083]
 [-0.10164093 -0.04724712  0.0592465  -0.01223212 -0.00580445  0.22103857
   0.12390827 -0.23726638  0.35718855  0.8577022 ]]",74
0,1,6,0.9,0.8884674906730652,"[[ 0.99831045 -0.009439    0.02559156 -0.01568929  0.0297485  -0.03874293]
 [ 0.01123146  0.9878595   0.00625907  0.15348808 -0.01046497 -0.0173236 ]
 [-0.02448264 -0.00486856  0.9988092  -0.01003493 -0.04058766  0.00298883]
 [ 0.00955024 -0.15414427  0.01097252  0.9839723   0.03343917 -0.08190347]
 [ 0.03505857 -0.01507682 -0.03944612  0.04001877 -0.99238104  0.10279118]
 [-0.0364734  -0.00574201 -0.00309778 -0.0793188  -0.106864   -0.99041194]]",75
1,2,6,0.9,0.8916990160942078,"[[ 9.8410237e-01  1.7503937e-01  1.1714222e-02 -8.5698804e-03
  -2.5463095e-02  6.7051486e-03]
 [-1.7065865e-01  9.6903187e-01 -7.8328684e-02 -1.4158791e-01
   7.4569292e-02 -1.0474978e-02]
 [-2.9458666e-02  1.2680793e-01  9.0301126e-01  4.0713114e-01
   2.0929982e-04 -4.3207455e-02]
 [ 5.3814030e-03 -9.8665975e-02  4.1921893e-01 -9.0182686e-01
   1.8376868e-02 -2.9361954e-02]
 [-3.6045481e-02  6.3865468e-02 -5.5227694e-03 -2.5144301e-02
  -9.8635715e-01 -1.4511639e-01]
 [-1.4911414e-02  2.1080760e-02  5.0230395e-02 -1.4133032e-02
  -1.4336275e-01  9.8795623e-01]]",75
2,3,6,0.9,0.8245108723640442,"[[ 0.99763936  0.05613318 -0.00306025 -0.02522094 -0.02885151 -0.00932485]
 [-0.05307866  0.99561554 -0.01378024  0.0430195   0.05885907  0.02067156]
 [ 0.00100479  0.01574723  0.9976463  -0.06243683  0.01874812 -0.01424761]
 [ 0.02728928 -0.04003552  0.06354789  0.99649584 -0.01768707  0.01724327]
 [ 0.03177324 -0.05683104 -0.01769296  0.01673103  0.9956094  -0.06268752]
 [ 0.01196522 -0.02276172  0.01229596 -0.0181931   0.06165123  0.99752474]]",75
3,4,7,0.9,0.9132556319236755,"[[ 9.93356049e-01  1.08899407e-01 -1.63200300e-03 -2.66372729e-02
  -1.87676623e-02 -1.78772770e-02  8.22078960e-04]
 [-1.08633734e-01  9.93182957e-01 -3.27371247e-02  1.53168067e-02
  -1.75576452e-02  1.20721534e-02 -5.10539813e-03]
 [ 3.50724254e-03  3.03585045e-02  9.84932303e-01  1.67804018e-01
   1.81585588e-02  2.11000890e-02  6.42328896e-03]
 [ 2.85968371e-02 -1.88658033e-02 -1.67634591e-01  9.82918441e-01
  -3.28830667e-02  5.92677221e-02 -1.54739234e-03]
 [ 1.91371646e-02  1.73950642e-02 -2.49225758e-02  2.32068412e-02
   9.94736552e-01  9.29763615e-02  5.11068059e-03]
 [ 1.56364180e-02 -1.12976311e-02 -8.15812778e-03 -6.50421381e-02
  -9.15941447e-02  9.93405223e-01 -9.34830401e-03]
 [-1.30126427e-03  4.56277933e-03 -6.70120399e-03 -1.83504249e-04
  -6.18233206e-03  8.84479843e-03  9.99908030e-01]]",75
4,5,7,0.9,0.9072420597076416,"[[ 9.96249735e-01  5.69221079e-02  8.49132333e-03 -2.31503528e-02
  -4.64039035e-02  1.38174202e-02  3.59700099e-02]
 [-5.57151362e-02  9.92856383e-01 -8.78598019e-02  5.27777076e-02
  -5.18334673e-05  1.20595880e-02  2.19502375e-02]
 [-1.61380991e-02  8.96119550e-02  9.93897676e-01 -4.88229319e-02
  -3.18568535e-02  1.96753535e-02 -9.54227988e-03]
 [ 2.47074086e-02 -4.53488417e-02  5.45159876e-02  9.89935994e-01
  -3.17032188e-02 -1.14722803e-01  1.48754101e-02]
 [ 4.30204868e-02  1.66242511e-03  3.43504623e-02  2.98428107e-02
   9.93658900e-01  1.96834020e-02  9.12727118e-02]
 [ 6.83467276e-03  1.75113156e-02  1.37894219e-02 -1.15705065e-01
   1.29276719e-02 -9.87737536e-01  1.01371869e-01]
 [-4.01709564e-02 -2.44928934e-02  5.82366763e-03 -6.58039609e-03
  -9.11142603e-02  1.00510292e-01  9.89598393e-01]]",75
5,6,7,0.9,0.8355615139007568,"[[ 9.91233230e-01 -1.20650530e-01  6.37809047e-03 -3.33813429e-02
  -1.32142322e-03 -9.90836322e-03  4.05625254e-02]
 [ 1.20336339e-01  9.92172897e-01  2.36667320e-02  1.16881980e-02
   7.51633616e-03 -1.34658627e-02  1.33261466e-02]
 [-4.58966315e-05 -2.52037644e-02  9.69835162e-01  2.39088655e-01
   1.04316487e-03  3.42208594e-02 -2.11891606e-02]
 [ 3.34678926e-02 -9.73765831e-03 -2.39602476e-01  9.70112383e-01
   1.18040331e-02 -1.53362844e-03 -1.07755000e-02]
 [ 4.58675750e-05  9.10379179e-03 -6.28840877e-03  1.12749096e-02
  -9.85438764e-01  1.63463250e-01  4.40518558e-02]
 [ 1.04499515e-02  1.14162425e-02 -3.20894122e-02 -8.36409163e-03
   1.64692447e-01  9.85401452e-01  2.28258502e-02]
 [-4.17928956e-02 -9.65200178e-03  1.84483211e-02  1.64519772e-02
   3.98506336e-02 -2.84726545e-02  9.97572303e-01]]",75
6,7,7,0.9,0.8527507185935974,"[[ 9.9783009e-01 -4.4791415e-02 -3.1124057e-02  2.6824808e-02
  -5.6543566e-05  2.5252877e-02  1.7035196e-03]
 [ 4.1641142e-02  9.9600816e-01 -5.8315590e-02  4.0337261e-02
   3.4039278e-02  6.7051160e-03 -1.5438014e-03]
 [ 3.9897777e-02  6.5947980e-02  9.6307504e-01 -2.5678176e-01
  -2.3951141e-02 -2.3025737e-04  5.9109577e-03]
 [ 1.9043783e-02  2.1905163e-02 -2.5857833e-01 -9.6479887e-01
   3.7257541e-02 -7.0937178e-03 -4.4079144e-03]
 [ 1.3119628e-03 -3.2572854e-02  3.4829292e-02  2.9150330e-02
   9.9356568e-01 -9.3298756e-02 -3.1575214e-02]
 [-2.5335519e-02 -8.4548667e-03  2.8108554e-03 -5.1608314e-03
   9.3262061e-02  9.9526590e-01 -1.7244570e-04]
 [-1.7512854e-03  2.9090201e-04 -5.7723103e-03 -1.7997539e-03
   3.1763379e-02 -2.8383909e-03  9.9947149e-01]]",75
7,8,8,0.9,0.9824572205543518,"[[ 0.9942356   0.06467934 -0.01812518  0.03611637  0.01323194  0.00266558
  -0.03451364 -0.06561931]
 [-0.06733448  0.9960602   0.02002023  0.05151755  0.00823377 -0.00341629
  -0.01144196 -0.0080667 ]
 [ 0.02551053 -0.0105342   0.98843694 -0.1454242   0.00426107 -0.02437316
   0.00273088  0.02151069]
 [-0.03025394 -0.05607382  0.14606105  0.98640853  0.02539004  0.02651548
   0.01164018 -0.01102336]
 [-0.01185573 -0.00790454 -0.00818048 -0.02446718  0.99850094 -0.00401236
  -0.03956512  0.02336056]
 [-0.00367001  0.00518305  0.02150766 -0.03286071  0.01246738  0.97889596
   0.16196734 -0.11743552]
 [ 0.02553259  0.01153325 -0.00621956 -0.00677818  0.04086926 -0.1760334
   0.9762078  -0.1161494 ]
 [ 0.06774693  0.01425613 -0.01899927  0.01292614 -0.01626031  0.09717473
   0.13324569  0.9834721 ]]",75
8,9,8,0.9,0.9763152599334717,"[[ 9.9939877e-01  1.5530502e-02 -1.3015591e-02  8.0302730e-03
   1.9246411e-02  1.5559908e-02 -3.0207147e-03 -1.0260298e-02]
 [-1.7252291e-02  9.9699455e-01 -1.2915813e-02  6.1360851e-02
   2.9720496e-02  2.0010706e-02  3.3731372e-03 -2.1840479e-02]
 [ 1.4904940e-02  2.8074337e-02  9.7241664e-01 -2.2854570e-01
  -1.5776502e-02 -2.5592532e-02  1.2828927e-02  9.6981097e-03]
 [-5.6768209e-03 -5.9217282e-02  2.3183642e-01  9.6790904e-01
   3.4845110e-02  6.6726118e-02 -1.0381524e-02 -9.5303068e-03]
 [-7.4024494e-03 -1.4542423e-02  1.1157639e-03  6.4148149e-03
   8.3743757e-01 -5.4615265e-01  1.0341030e-02  1.4754603e-04]
 [-2.2530491e-02 -2.8696822e-02  1.3048302e-02 -8.2520775e-02
   5.4375094e-01  8.3357924e-01 -1.5543546e-02 -3.0462600e-02]
 [ 1.9545036e-03 -5.9137531e-03 -9.3757994e-03  1.0743394e-02
  -8.6045498e-04  1.7787576e-02  9.9750030e-01 -6.6586904e-02]
 [ 9.1516431e-03  1.9892842e-02 -7.8879418e-03  1.1098152e-02
   1.7769411e-02  2.8225398e-02  6.5967210e-02  9.9693078e-01]]",75
9,10,9,0.9,1.2759547233581543,"[[ 9.9670029e-01 -4.1683633e-03 -1.7120234e-03  1.0983324e-02
  -3.9126888e-02  1.9727867e-02  3.5962030e-02  4.2626061e-02
  -3.7644964e-02]
 [ 4.0115672e-03  9.9384683e-01  1.0138822e-01 -2.7505159e-02
  -7.5677945e-03 -2.5797910e-03  3.1045292e-02 -1.2619613e-02
   5.4096556e-03]
 [-1.9740858e-03  9.6135691e-02 -9.8281485e-01 -1.3043152e-01
  -6.1656129e-02 -6.1511308e-02  2.3742197e-03  8.7945936e-03
  -1.2194050e-02]
 [-9.9662282e-03  4.2656805e-02 -1.3357629e-01  9.8303086e-01
   1.0216121e-01  2.5063274e-02 -6.8172785e-03  4.8706483e-02
  -2.0117998e-02]
 [ 4.2183638e-02  7.6923738e-03 -2.7110608e-02 -9.7150028e-02
   9.4905657e-01 -2.9010236e-01 -2.4005258e-02  2.5646321e-02
  -4.3433707e-02]
 [-4.4019739e-03  7.8230696e-03 -6.9713935e-02 -6.0270216e-02
   2.8732201e-01  9.4919872e-01  4.5582063e-02 -4.0551484e-02
   6.4594947e-02]
 [-3.3651516e-02 -3.1150073e-02  4.5557393e-04  9.1909729e-03
   1.2671311e-02 -5.2035820e-02  9.9717873e-01 -2.4060456e-02
   5.7814101e-05]
 [ 3.1827737e-02 -7.8546163e-03 -1.0649483e-02  4.0650871e-02
   8.6291386e-03 -2.1803744e-02 -2.3927977e-02 -9.5966595e-01
  -2.7400401e-01]
 [ 5.0247919e-02 -6.0827597e-03 -1.5536929e-02  3.0871032e-02
   2.6000893e-02 -8.2894765e-02 -9.9457661e-03 -2.6783249e-01
   9.5752960e-01]]",75
10,11,11,0.9,1.6408172845840454,"[[ 9.27320004e-01 -2.65870452e-01  2.92364284e-02  8.00267905e-02
  -2.06526835e-02  1.89382926e-01 -6.41134754e-02 -5.91110401e-02
   8.53155032e-02 -1.39165232e-02 -1.03739619e-01]
 [ 2.32335851e-01  9.53066826e-01  1.05311297e-01 -2.43182275e-02
   2.31214669e-02  1.29283473e-01 -6.48106262e-02 -2.91306693e-02
   1.10286931e-02 -2.51232572e-02 -5.43243848e-02]
 [-4.13364321e-02 -8.28219131e-02  9.86894846e-01  5.96615598e-02
  -3.49295954e-03 -1.06894463e-01  2.53386181e-02 -3.73888388e-02
   2.00866889e-02  6.97999567e-05 -5.37860813e-03]
 [-1.79471876e-02  5.02845533e-02 -6.12458922e-02  9.22124624e-01
   3.22010696e-01 -1.12735651e-01  9.59816799e-02  1.03755608e-01
  -3.06250136e-02 -7.59381428e-02  1.43338309e-03]
 [ 2.98679136e-02 -3.69798914e-02  1.11296084e-02 -3.02237213e-01
   9.35420275e-01 -2.29668282e-02 -9.58090648e-03 -1.27216354e-01
   8.72549489e-02  6.97856024e-02  4.43997867e-02]
 [-1.93795003e-02  7.18030240e-03  2.02427097e-02 -3.90729606e-02
  -2.75147683e-03  4.06720936e-01  9.08369303e-01 -5.10079190e-02
   4.40100618e-02 -3.55724394e-02  3.56075838e-02]
 [-3.59746511e-03  7.30473502e-03  3.15020829e-02 -6.46959841e-02
   3.29789445e-02  6.27861246e-02 -4.85865679e-03  8.23658288e-01
   5.38710952e-01  1.42789572e-01 -2.62919813e-02]
 [-1.23541683e-01 -1.30389165e-03 -2.33695917e-02  1.37991592e-01
  -9.41340625e-02  1.69139937e-01 -1.50536627e-01 -4.73138809e-01
   7.57767856e-01 -6.37140423e-02  3.20757389e-01]
 [-8.70554671e-02 -5.34914508e-02  7.94141591e-02  1.02370262e-01
   4.71718907e-02  6.69904768e-01 -2.81788737e-01  1.22349039e-01
  -3.24902594e-01  3.20570648e-01  4.68054265e-01]
 [-3.01569477e-02 -4.39774022e-02  3.49107124e-02 -8.37653875e-02
   6.98716044e-02  1.99726030e-01 -1.22215457e-01  1.90645888e-01
  -7.80558884e-02 -9.26919580e-01  1.66112944e-01]
 [ 2.42972374e-01  7.29311928e-02 -2.72922125e-02 -7.43869320e-02
  -5.71053848e-02 -4.85923290e-01  1.98950827e-01  1.05451874e-01
  -7.50465021e-02  2.96538752e-02  7.95469642e-01]]",75
0,1,6,0.9,0.901562511920929,"[[ 9.98300493e-01  4.01293917e-04  2.83330716e-02 -1.59567967e-02
   2.70187240e-02 -4.01064232e-02]
 [ 2.18951330e-03  9.85672653e-01 -1.58040319e-02  1.66537046e-01
  -9.30514745e-03 -1.93298850e-02]
 [-2.76252218e-02  2.04037130e-02  9.98273969e-01 -2.75285020e-02
  -3.87949534e-02  2.62196688e-03]
 [ 1.07134068e-02 -1.66718990e-01  3.20665538e-02  9.81434286e-01
   2.77231261e-02 -8.41427073e-02]
 [ 3.28504480e-02 -1.39436815e-02 -3.66578475e-02  3.58441584e-02
  -9.92070556e-01  1.09058917e-01]
 [-3.78709100e-02 -6.57730596e-03 -4.96171461e-03 -8.21887776e-02
  -1.12720028e-01 -9.89463031e-01]]",76
1,2,6,0.9,0.9093270897865295,"[[ 0.985283    0.16862997  0.00676139 -0.00898363 -0.0248612   0.00606853]
 [-0.1653096   0.9719699  -0.06085117 -0.13726412  0.07340441 -0.00383548]
 [-0.02135351  0.11555947  0.8813389   0.4557823   0.00252302 -0.0410841 ]
 [ 0.00566274 -0.09538724  0.46639705 -0.879054    0.0177412  -0.01709906]
 [-0.03481638  0.06389501 -0.00195391 -0.02455867 -0.98124284 -0.1768071 ]
 [-0.01378084  0.01741059  0.0443079  -0.00113883 -0.17559911  0.98321277]]",76
2,3,6,0.9,0.8356756567955017,"[[ 0.99783015  0.05406383  0.00799355 -0.02241265 -0.02622354 -0.01257696]
 [-0.05139345  0.99626756 -0.00548895  0.04087998  0.04916425  0.02629435]
 [-0.01096162  0.00948436  0.9902196  -0.13606827  0.02534354 -0.0099094 ]
 [ 0.02266221 -0.03773695  0.13717173  0.9893109  -0.02188693  0.00558099]
 [ 0.02880026 -0.04739454 -0.02209984  0.0229367   0.99661374 -0.05168108]
 [ 0.01518209 -0.02771168  0.00816458 -0.00705399  0.05034876  0.9981734 ]]",76
3,4,6,0.9,0.8221878409385681,"[[ 9.9268800e-01  1.1615797e-01  1.1331270e-03 -2.2251133e-02
  -1.2367445e-02 -2.0699115e-02]
 [-1.1578370e-01  9.9243742e-01 -2.7821979e-02  1.1101426e-02
  -2.2272550e-02  1.6391570e-02]
 [ 3.1062556e-04  2.5540661e-02  9.8400605e-01  1.7508064e-01
   8.4099527e-03  1.8858654e-02]
 [ 2.4355007e-02 -1.4341091e-02 -1.7502578e-01  9.8298669e-01
  -2.8748425e-02  3.8443040e-02]
 [ 1.2998347e-02  2.1033540e-02 -1.5226375e-02  2.1373855e-02
   9.9147552e-01  1.2520495e-01]
 [ 2.0059524e-02 -1.6578684e-02 -9.5297238e-03 -4.4819348e-02
  -1.2421796e-01  9.9085480e-01]]",76
4,5,6,0.9,0.8096010684967041,"[[ 0.995847    0.07454291  0.01304882 -0.01946674 -0.04123432  0.02197099]
 [-0.07257589  0.99208367 -0.09495229  0.03599286  0.00101367  0.01379496]
 [-0.0227558   0.09483428  0.99332666 -0.0487669  -0.02663756  0.02651752]
 [ 0.02101628 -0.0278151   0.0532671   0.99119395 -0.04971713 -0.10492879]
 [ 0.04230861  0.00398032  0.03051718  0.04334719  0.9968887  -0.03996028]
 [ 0.01649499  0.0207434   0.01863942 -0.10771707 -0.03647344 -0.9929838 ]]",76
5,6,7,0.9,0.8666217923164368,"[[ 9.8888361e-01 -1.3991880e-01  9.2787519e-03 -1.8390998e-02
  -8.4850602e-03 -8.9380582e-04  4.5108382e-02]
 [ 1.3917670e-01  9.8962772e-01  2.5464147e-02  4.5644902e-03
   1.3533339e-02 -1.0323565e-02  1.7541131e-02]
 [-8.0692032e-03 -2.4240838e-02  9.7886807e-01  1.9903426e-01
  -3.0686720e-03  3.4674890e-02 -1.8389616e-02]
 [ 2.0965945e-02 -2.3974988e-03 -1.9915432e-01  9.7905582e-01
   2.9527644e-02 -3.2401597e-03 -2.1436336e-02]
 [-7.0377798e-03  1.6335092e-02 -1.6304364e-02  2.7797671e-02
  -9.6725440e-01  2.4748591e-01  4.2600155e-02]
 [ 4.9460758e-03  7.2098034e-03 -3.1385992e-02 -1.1128244e-02
   2.4720353e-01  9.6817571e-01 -1.8462650e-02]
 [-4.6479337e-02 -1.2139814e-02  1.3016283e-02  2.4071226e-02
   4.6614688e-02  8.1433579e-03  9.9734861e-01]]",76
6,7,7,0.9,0.8795173764228821,"[[ 9.9507636e-01 -8.8154659e-02 -2.5465215e-02 -2.3610331e-02
  -9.4284676e-03  2.7061986e-02  4.9652439e-03]
 [ 8.5913152e-02  9.9331760e-01 -5.4634236e-02 -4.0146079e-02
   3.6494832e-02  2.6153352e-03  1.9353533e-03]
 [ 3.6113884e-02  6.0987640e-02  9.6140009e-01  2.6533550e-01
  -1.4333563e-02  3.0420459e-04  8.8204937e-03]
 [ 1.8352505e-02  2.1497915e-02 -2.6719671e-01  9.6267420e-01
   3.1360961e-02 -3.9171008e-03 -8.1497105e-03]
 [ 1.0118907e-02 -3.6444496e-02  2.4196228e-02 -2.5765885e-02
   9.8812580e-01 -1.3869065e-01 -4.1138593e-02]
 [-2.6176753e-02 -5.4234671e-03  2.3809271e-03  1.1113548e-03
   1.4072433e-01  9.8859972e-01  4.6321016e-02]
 [-3.6545414e-03 -3.1017328e-03 -9.5595047e-03  4.5978501e-03
   3.4559224e-02 -5.1776443e-02  9.9799263e-01]]",76
7,8,7,0.9,0.9605252742767334,"[[ 9.92516994e-01  1.08905680e-01 -1.86225194e-02  4.29732986e-02
   3.26838251e-03  1.12505099e-02 -2.68104915e-02]
 [-1.11466445e-01  9.91570830e-01  1.97631530e-02  6.10877536e-02
   7.88953993e-03  3.71319038e-04 -1.33369640e-02]
 [ 2.51913983e-02 -9.67686903e-03  9.92345810e-01 -1.17023498e-01
   1.78059528e-03 -2.83055604e-02  4.75674169e-03]
 [ 3.32521163e-02  6.70826733e-02 -1.17463589e-01 -9.89258230e-01
  -3.22566144e-02 -2.61635240e-02 -1.54794781e-02]
 [-2.36505177e-03 -6.85117627e-03 -5.96089847e-03 -3.08775827e-02
   9.97852266e-01 -2.67726742e-02 -5.03252894e-02]
 [-4.08208137e-03  3.24968388e-03  2.30561886e-02 -3.29019837e-02
   3.58061343e-02  9.76726949e-01  2.07559809e-01]
 [ 2.68826056e-02  1.66024584e-02 -1.21473270e-02 -7.69666815e-03
   4.34998795e-02 -2.08986312e-01  9.76333618e-01]]",76
8,9,7,0.9,0.9374651312828064,"[[ 0.9988172   0.01815862 -0.03627814  0.00215608  0.02503796 -0.00895336
  -0.00257036]
 [-0.02025243  0.9965881  -0.03447077  0.0659721   0.02328531 -0.0178128
   0.00137053]
 [ 0.03608319  0.04966533  0.97457165 -0.21048266 -0.03346919  0.02934623
   0.01253842]
 [ 0.00506905 -0.05881966  0.21610956  0.97192305  0.05102378 -0.0493607
  -0.0116967 ]
 [-0.01256781 -0.00524305  0.00509896 -0.00719618  0.7488472   0.6624404
  -0.01171474]
 [-0.02155788 -0.02281015  0.02978093 -0.08048596  0.65887976 -0.74664277
  -0.00721741]
 [ 0.00189957 -0.00285661 -0.00946547  0.01326059  0.01458046  0.00142794
   0.9997541 ]]",76
9,10,8,0.9,1.1095377206802368,"[[ 9.98092949e-01 -2.29362771e-02 -1.85620226e-02  1.04617719e-02
  -1.87701229e-02  1.35653680e-02  4.40281816e-02 -1.88574661e-02]
 [ 2.36025713e-02  9.94204044e-01  9.53789353e-02 -2.34785322e-02
  -1.48722781e-02  2.80917855e-03  2.88011078e-02  1.71544272e-02]
 [-1.49824107e-02  8.85835886e-02 -9.74746227e-01 -1.82000756e-01
  -7.60431960e-02 -5.37145250e-02  1.29933027e-03 -2.14928854e-03]
 [-1.08205453e-02  4.40273099e-02 -1.86842233e-01  9.74811435e-01
   1.00342683e-01  2.22620014e-02 -2.36647781e-02 -4.06567715e-02]
 [ 2.21690126e-02  1.59885641e-02 -4.44324017e-02 -1.03453353e-01
   9.72434402e-01 -2.00701430e-01 -9.22439445e-04  2.57982444e-02]
 [ 1.13475872e-02 -3.80903529e-03  5.85417338e-02  5.28267100e-02
  -1.93525553e-01 -9.77362514e-01 -3.04583292e-02 -4.63913428e-03]
 [-4.41251174e-02 -2.72595324e-02 -3.61399329e-03  2.61851382e-02
  -1.84461253e-03 -3.00477985e-02  9.97536123e-01  2.50294507e-02]
 [ 1.85633041e-02 -1.52826635e-02 -1.01877833e-02  4.21765745e-02
  -2.21615322e-02  2.39728787e-03 -2.57551018e-02  9.98187900e-01]]",76
10,11,9,0.9,1.8022819757461548,"[[ 9.30449903e-01 -2.48167470e-01  1.69049613e-02  5.99765219e-02
   4.87683341e-02  1.56416357e-01 -1.82884663e-01 -8.50372165e-02
  -3.56436931e-02]
 [ 2.12831214e-01  9.62381363e-01  6.02219701e-02 -7.15673342e-03
   5.29364683e-02  8.07346031e-02 -1.11786321e-01 -5.49597181e-02
   3.17958184e-03]
 [-3.65319960e-02 -4.94642965e-02  9.85135913e-01  1.55010492e-01
  -6.90173311e-03 -2.09388100e-02  1.78567879e-02 -2.31658388e-02
  -1.88706256e-02]
 [-3.03107649e-02  2.64720954e-02 -1.43056750e-01  9.41046834e-01
   2.42418572e-01 -6.77850610e-03  8.82186666e-02  1.17308445e-01
   1.09496504e-01]
 [ 1.39975280e-04 -3.04155592e-02  3.43016237e-02 -2.35988170e-01
   9.46086109e-01 -1.46770746e-01  1.27363190e-01 -3.24125737e-02
  -9.11886394e-02]
 [-2.58293264e-02 -9.18697515e-06  1.15055721e-02 -4.64875549e-02
   3.07588521e-02  8.08323681e-01  5.82630634e-01 -5.10104932e-02
  -2.54070908e-02]
 [-1.54213551e-02  3.95853585e-03  3.04533243e-02 -5.09246923e-02
   4.66958694e-02  2.11364865e-01 -2.40308017e-01  8.73030007e-01
  -3.59778762e-01]
 [ 2.12427601e-01  4.30195704e-02  4.54794317e-02 -1.53515041e-01
  -4.78023179e-02 -2.43223205e-01  4.06747401e-01  4.55720544e-01
   7.02012360e-01]
 [-2.01698124e-01 -7.93486238e-02  2.87190713e-02 -5.23678809e-02
   1.88452721e-01  4.35625970e-01 -6.05874896e-01 -4.39868793e-02
   5.95945299e-01]]",76
0,1,6,0.9,0.8961029648780823,"[[ 9.98182952e-01 -1.20821837e-02  3.04412469e-02 -1.45641835e-02
   3.00399289e-02 -3.79942842e-02]
 [ 1.43974740e-02  9.87073839e-01 -1.34220552e-02  1.57728001e-01
  -1.21704005e-02 -1.64776482e-02]
 [-2.86222380e-02  9.63585544e-03  9.98411298e-01  2.44903993e-02
  -4.06383872e-02  3.38984421e-03]
 [ 9.22832452e-03 -1.58554032e-01 -2.09273547e-02  9.83534873e-01
   2.78999675e-02 -7.88563564e-02]
 [ 3.53367329e-02 -1.67726912e-02 -4.03737798e-02  3.26113440e-02
  -9.92431939e-01  1.04188830e-01]
 [-3.56422141e-02 -5.06529910e-03 -1.08184460e-04 -7.68486634e-02
  -1.07696161e-01 -9.90555346e-01]]",77
1,2,6,0.9,0.9000399708747864,"[[ 9.8548371e-01  1.6746314e-01  9.4676279e-03 -6.4448724e-03
  -2.4547096e-02  6.6628312e-03]
 [-1.6311534e-01  9.7052956e-01 -7.7808648e-02 -1.3897125e-01
   7.8006573e-02 -3.6873005e-03]
 [-2.7293591e-02  1.2893826e-01  8.8913172e-01  4.3576244e-01
  -2.8427827e-04 -4.6751410e-02]
 [ 6.2218481e-03 -9.2065670e-02  4.4770935e-01 -8.8876110e-01
   2.0398049e-02 -2.7003054e-02]
 [-3.5145633e-02  6.8107396e-02 -5.8318828e-03 -2.8029233e-02
  -9.8407137e-01 -1.5782884e-01]
 [-1.4019382e-02  1.6992701e-02  5.3133257e-02 -8.6413855e-03
  -1.5652373e-01  9.8596007e-01]]",77
2,3,6,0.9,0.8287295699119568,"[[ 0.9975517   0.05651913 -0.00300931 -0.02736382 -0.02823645 -0.01188242]
 [-0.05323205  0.99548125 -0.01023723  0.04729731  0.05684897  0.02469309]
 [ 0.00119757  0.01216114  0.9981381  -0.05643759  0.0181385  -0.00753568]
 [ 0.02928042 -0.04376877  0.05744034  0.99649364 -0.02896619  0.00943178]
 [ 0.03137548 -0.05531352 -0.01634201  0.02705437  0.9960087  -0.05407106]
 [ 0.01462512 -0.02644689  0.00632537 -0.00987307  0.05262648  0.998088  ]]",77
3,4,6,0.9,0.8102788329124451,"[[ 0.99290085  0.11402132 -0.00512544 -0.02550214 -0.01473337 -0.01591751]
 [-0.11394541  0.9926798  -0.02906008  0.01244812 -0.02129078  0.01227123]
 [ 0.00814652  0.02657209  0.9736932   0.22541316  0.00772162  0.01668303]
 [ 0.02613049 -0.01708512 -0.22539218  0.9719132  -0.03083467  0.05155149]
 [ 0.01466295  0.02082148 -0.01557018  0.0217462   0.9926613   0.1151505 ]
 [ 0.01414928 -0.01243022 -0.00257839 -0.05740538 -0.11376613  0.99166554]]",77
4,5,7,0.9,0.945447564125061,"[[ 9.9541378e-01  6.7613512e-02  9.4301971e-03 -2.8906398e-02
  -4.7455817e-02  1.8333456e-02  3.2668024e-02]
 [-6.6299900e-02  9.9278748e-01 -8.9523196e-02  3.7348580e-02
   1.8484049e-03  1.4368809e-02  1.8920653e-02]
 [-2.0190066e-02  9.1233209e-02  9.9034780e-01 -9.3564413e-02
  -3.2343321e-02  2.5799204e-02 -3.7585120e-03]
 [ 2.8536715e-02 -2.5465986e-02  9.7676851e-02  9.8833019e-01
  -4.0223867e-02 -9.9313505e-02  2.6810685e-02]
 [ 4.4876989e-02  1.4585676e-03  3.6688551e-02  3.3154659e-02
   9.9358714e-01  7.5394846e-04  9.1229275e-02]
 [ 9.1285296e-03  1.7659653e-02  1.4605888e-02 -1.0417144e-01
  -8.6480435e-03 -9.8573995e-01  1.2954444e-01]
 [-3.7901603e-02 -2.2699662e-02 -2.7882359e-03 -1.6366307e-02
  -8.8263176e-02  1.3131966e-01  9.8627448e-01]]",77
5,6,7,0.9,0.8589195609092712,"[[ 9.89725292e-01 -1.33796632e-01  1.04612289e-02 -2.45268960e-02
   9.92390676e-04 -7.92061444e-03  4.20422442e-02]
 [ 1.33136794e-01  9.90178525e-01  3.09679080e-02  1.69594251e-02
   7.99245946e-03 -1.59898140e-02  1.59633625e-02]
 [-8.22099112e-03 -3.17945108e-02  9.78453517e-01  1.97854951e-01
   1.43559347e-03  4.01009321e-02 -2.81700194e-02]
 [ 2.52032503e-02 -1.38603803e-02 -1.98778301e-01  9.79157150e-01
   2.47465353e-02  2.09820864e-04 -1.72805469e-02]
 [ 2.64456705e-03  9.70269274e-03 -9.23383795e-03  2.37210058e-02
  -9.82159555e-01  1.81224614e-01  4.20836806e-02]
 [ 9.62475967e-03  1.44501943e-02 -3.74072492e-02 -1.23968795e-02
   1.81592897e-01  9.82427776e-01  2.28370936e-03]
 [-4.37720977e-02 -1.17868138e-02  2.37260163e-02  2.23391503e-02
   4.13181111e-02 -8.16867035e-03  9.97551620e-01]]",77
6,7,7,0.9,0.8718996644020081,"[[ 9.97768879e-01 -5.09475246e-02 -2.63230056e-02 -2.47273576e-02
  -4.28923219e-03  2.31342521e-02  1.91775407e-03]
 [ 4.81747091e-02  9.95177448e-01 -6.68939799e-02 -4.15344574e-02
   3.31174582e-02 -3.13734170e-04 -2.07594992e-03]
 [ 3.53859365e-02  7.42244273e-02  9.61446226e-01  2.62004018e-01
  -1.09870862e-02  8.96854792e-03  3.53864604e-03]
 [ 1.80091150e-02  2.01550946e-02 -2.64221817e-01  9.63131607e-01
   4.19633910e-02  4.84119030e-03 -7.03907153e-03]
 [ 5.22150518e-03 -3.31262797e-02  2.45348215e-02 -3.53561305e-02
   9.90760565e-01 -1.22829534e-01 -1.81617122e-02]
 [-2.30217408e-02 -3.35997879e-03 -3.79871042e-03 -1.08538345e-02
   1.22768514e-01  9.92090821e-01  3.18214647e-03]
 [-1.64417201e-03  1.45223213e-03 -4.89379698e-03  5.20710228e-03
   1.80182122e-02 -5.43152774e-03  9.99794900e-01]]",77
7,8,7,0.9,0.957787036895752,"[[ 0.99557376  0.07858277 -0.02223316  0.03603299  0.00697846  0.00224765
  -0.02847939]
 [-0.08029526  0.9949017   0.02483955  0.05257409  0.00396861 -0.01081833
  -0.01447452]
 [ 0.02928202 -0.01328822  0.9842558  -0.17265408  0.01104239 -0.01652255
   0.00153725]
 [ 0.02699639  0.05819406 -0.17229418 -0.98251516 -0.02398128 -0.01277608
  -0.01118229]
 [-0.00762438 -0.00313494 -0.01400132 -0.02245472  0.99728477  0.05198348
  -0.04418812]
 [ 0.0030069   0.01418357  0.01410576 -0.01532472 -0.04326945  0.98224574
   0.18076794]
 [ 0.02705595  0.014876   -0.00700842 -0.00728777  0.05281432 -0.17869735
   0.98194826]]",77
8,9,7,0.9,0.9272591471672058,"[[ 9.99404132e-01  9.26352851e-03 -9.12835542e-03  1.55733358e-02
   1.97836477e-02  1.95988603e-02 -2.04790896e-03]
 [-1.09311324e-02  9.97230530e-01 -1.24202585e-02  7.02730492e-02
   8.99958611e-03  1.49580874e-02 -3.80936032e-03]
 [ 1.30438432e-02  3.04802991e-02  9.66354191e-01 -2.53571808e-01
  -3.19459010e-03 -2.32271217e-02  1.45609081e-02]
 [-1.30685568e-02 -6.56105801e-02  2.56328434e-01  9.62846875e-01
  -8.91811433e-05  5.02638035e-02 -1.48168802e-02]
 [-6.99324673e-03 -1.87177141e-03 -2.37700343e-03  2.79336479e-02
   8.50999653e-01 -5.24346590e-01  4.67171799e-03]
 [-2.60794107e-02 -1.42504359e-02  1.03715193e-02 -4.85326014e-02
   5.24703979e-01  8.49252403e-01 -1.04813268e-02]
 [ 1.38122635e-03  2.26184470e-03 -1.02221761e-02  1.76241715e-02
   1.64444698e-03  1.25346221e-02  9.99708951e-01]]",77
9,10,8,0.9,1.0927512645721436,"[[ 9.98254359e-01 -9.85244333e-05 -1.26677873e-02 -8.09846818e-03
  -2.82585770e-02  1.92228556e-02  3.78208719e-02 -2.57611927e-02]
 [-2.84340087e-04  9.95013714e-01  8.89864415e-02 -2.66036298e-02
  -1.91530827e-02  8.47056450e-04  2.81345993e-02  1.27317775e-02]
 [-1.33280205e-02  8.20667893e-02 -9.76239502e-01 -1.89040989e-01
  -2.03905348e-02 -6.20532855e-02 -3.00584477e-03 -5.64526161e-03]
 [ 3.96296475e-03  4.34665158e-02 -1.86689585e-01  9.79810238e-01
  -2.18694266e-02  2.08248068e-02 -1.51463319e-02 -4.55254540e-02]
 [ 3.50728594e-02  1.88772138e-02  2.85078166e-03  2.87578218e-02
   9.08841729e-01 -4.13495302e-01 -2.24828068e-02  1.00656794e-02]
 [-7.69372890e-03  1.04427570e-02 -6.16977103e-02 -2.00595353e-02
   4.14002597e-01  9.06111240e-01  4.76006828e-02  3.03524937e-02]
 [-3.55270915e-02 -2.76690349e-02 -5.38193900e-03  1.88561846e-02
   9.39282007e-04 -5.41033894e-02  9.96455431e-01  4.16663252e-02]
 [ 2.72635147e-02 -9.61019564e-03 -1.34396292e-02  4.33263630e-02
  -2.34147441e-02 -2.00613309e-02 -4.29498814e-02  9.97151554e-01]]",77
10,11,9,0.9,1.7007825374603271,"[[ 0.9357549  -0.23287404  0.02366581  0.03420559 -0.0486155   0.12595609
  -0.21520917  0.03435363  0.05175763]
 [ 0.20028998  0.9665883   0.06551412 -0.00381122 -0.00178983  0.05325157
  -0.12065215  0.00856422  0.06176758]
 [-0.0294677  -0.05186762  0.9871119   0.12083712 -0.01566221 -0.03234946
   0.0183322  -0.04286724 -0.06312282]
 [ 0.01954091  0.02692434 -0.11602715  0.96030897  0.21052946 -0.01927874
   0.13424237  0.012455   -0.01916548]
 [ 0.00327691 -0.02526673  0.0367927  -0.17880905  0.9619465   0.04448448
  -0.1893595  -0.03428265 -0.04089392]
 [-0.03388656  0.00443057  0.01797371 -0.0310422   0.01323076  0.92722577
   0.35057557 -0.08915564 -0.08228467]
 [-0.0130588   0.01000634  0.03292285 -0.02639383  0.0288644   0.04999856
   0.05831011  0.9723321  -0.2139767 ]
 [ 0.20325348  0.03368251  0.0393119  -0.14027922  0.16036093 -0.24486588
   0.7783295   0.06631225  0.49036804]
 [-0.20088562 -0.07854273  0.05467723  0.09332465 -0.03163167  0.23599903
  -0.39091417  0.1944292   0.8333452 ]]",77
0,1,6,0.9,0.8907676935195923,"[[ 0.9982076  -0.01439772  0.02637618 -0.01638241  0.03165988 -0.03752171]
 [ 0.01643301  0.9882232   0.00452666  0.15116897 -0.00990562 -0.01320105]
 [-0.02532007 -0.00162376  0.9986249  -0.01907521 -0.04166511  0.00218585]
 [ 0.00915826 -0.1514557   0.02063905  0.98418254  0.04026177 -0.07946756]
 [-0.03624527  0.01621129  0.03988848 -0.04544485  0.99383533 -0.08401455]
 [-0.03567727 -0.00184897 -0.00388714 -0.0763887  -0.08850895 -0.9924916 ]]",78
1,2,6,0.9,0.9003170132637024,"[[ 0.9852056   0.16881737  0.01354594 -0.0066629  -0.02433065  0.0071228 ]
 [-0.16448562  0.9713335  -0.07246946 -0.13627659  0.07494096 -0.00404646]
 [-0.02959274  0.11795498  0.90865266  0.39665943  0.0036502  -0.04700251]
 [ 0.00540144 -0.09709884  0.40754798 -0.9075262   0.01278998 -0.02607745]
 [-0.03462726  0.06637529 -0.0054492  -0.01917312 -0.9848316  -0.15525661]
 [-0.01450682  0.01626692  0.05282061 -0.00862019 -0.15401821  0.98637676]]",78
2,3,6,0.9,0.8340911865234375,"[[ 0.997761    0.05371835 -0.00659505 -0.02491254 -0.02842707 -0.01072492]
 [-0.05097778  0.9961129  -0.0137927   0.03581271  0.05719203  0.02040851]
 [ 0.00472413  0.01537006  0.99814755 -0.05458609  0.01638805 -0.01395117]
 [ 0.02631146 -0.03232105  0.05558966  0.99703455 -0.02972202  0.01454383]
 [ 0.03121423 -0.05537198 -0.01501436  0.02888524  0.9950722  -0.06878342]
 [ 0.01361022 -0.02294236  0.01232988 -0.01431412  0.06782579  0.99716145]]",78
3,4,6,0.9,0.8233674168586731,"[[ 0.9924358   0.11798366 -0.00478584 -0.02484883 -0.01472744 -0.01713872]
 [-0.11768299  0.9920277  -0.03205436  0.0205292  -0.02102753  0.01185685]
 [ 0.00719294  0.02788324  0.97520894  0.21894407  0.00869011  0.01123633]
 [ 0.02669855 -0.02527921 -0.21830685  0.97346854 -0.03145627  0.04857735]
 [ 0.01481834  0.02040427 -0.01599524  0.02275407  0.99239427  0.11723529]
 [ 0.01541848 -0.01131229  0.0018356  -0.05353345 -0.11588597  0.9916327 ]]",78
4,5,7,0.9,0.9729778170585632,"[[ 0.9955282   0.0691262   0.01024563 -0.0235958  -0.04730733  0.01435793
   0.0322366 ]
 [-0.06799255  0.99331844 -0.08020117  0.04287555 -0.00327903  0.01198828
   0.01645099]
 [-0.02021978  0.08298227  0.98907274 -0.11355643 -0.02638895  0.02901408
  -0.00263667]
 [ 0.02331307 -0.03065345  0.11838644  0.98585427 -0.03578089 -0.10374309
   0.02345341]
 [ 0.04410532  0.00596434  0.0305715   0.02894744  0.99350256 -0.00286596
   0.09587043]
 [ 0.00529845  0.01585871  0.01516408 -0.10877277 -0.01362413 -0.9843187
   0.13634503]
 [-0.03707859 -0.02067459 -0.00424139 -0.01148181 -0.09242171  0.1383983
   0.9850645 ]]",78
5,6,7,0.9,0.8537463545799255,"[[ 9.90829825e-01 -1.25468597e-01  5.92742441e-03 -2.53307056e-02
  -1.33599446e-04 -8.60566366e-03  4.19882722e-02]
 [ 1.25104055e-01  9.91290450e-01  2.98142768e-02  1.77164059e-02
   1.00516565e-02 -1.42977787e-02  1.35594374e-02]
 [-4.21817601e-03 -3.09417024e-02  9.85823870e-01  1.55676544e-01
   8.61462858e-03  4.50676717e-02 -2.89059151e-02]
 [ 2.46623736e-02 -1.61165576e-02 -1.57067120e-01  9.86510575e-01
   3.30755934e-02  5.53937024e-03 -1.15803219e-02]
 [ 2.43719015e-03  1.12339258e-02 -2.92919273e-03  3.20611149e-02
  -9.85034645e-01  1.66783571e-01  2.68609151e-02]
 [ 1.02923624e-02  1.29384212e-02 -4.33558263e-02 -1.81316175e-02
   1.66273564e-01  9.84797955e-01 -6.66517951e-03]
 [-4.32123952e-02 -9.48713347e-03  2.58614533e-02  1.57945268e-02
   2.81203724e-02  4.01337398e-03  9.98157084e-01]]",78
6,7,7,0.9,0.860755443572998,"[[ 9.9842298e-01 -3.5056908e-02 -2.5653945e-02 -2.5848405e-02
  -7.8291791e-03  2.2915311e-02  3.1391240e-03]
 [ 3.2646958e-02  9.9616516e-01 -6.3021362e-02 -3.8027801e-02
   3.4213051e-02 -9.0000758e-05 -8.8651391e-04]
 [ 3.4252200e-02  7.0572495e-02  9.5296168e-01  2.9251239e-01
  -6.9337101e-03  9.8098097e-03  1.5880401e-03]
 [ 1.7895106e-02  1.6052844e-02 -2.9466012e-01  9.5468068e-01
   3.3755321e-02  4.0989649e-03 -5.1066219e-03]
 [ 8.7933801e-03 -3.4288019e-02  1.9269915e-02 -2.8400306e-02
   9.9316722e-01 -1.0437535e-01 -1.7139500e-02]
 [-2.2469979e-02 -3.4671680e-03 -5.5547319e-03 -9.2469938e-03
   1.0421449e-01  9.9417579e-01 -1.0977692e-02]
 [-3.1649051e-03  3.3742253e-04 -2.7247192e-03  3.8707156e-03
   1.8408904e-02  9.0602022e-03  9.9977326e-01]]",78
7,8,7,0.9,0.9443885684013367,"[[ 9.95902777e-01  7.42665231e-02 -2.35289298e-02  3.47480960e-02
   9.86036099e-03  5.13844239e-03 -2.78824475e-02]
 [-7.59860501e-02  9.94905710e-01  2.26072669e-02  5.98637573e-02
   1.06706726e-03 -1.34020811e-02 -1.06397951e-02]
 [ 2.98972409e-02 -1.00886645e-02  9.85133410e-01 -1.68062329e-01
   1.34380776e-02 -8.94751586e-03  3.33669852e-03]
 [ 2.54060067e-02  6.46478161e-02 -1.67541876e-01 -9.83017981e-01
  -2.24841181e-02 -9.31821670e-03 -1.37154656e-02]
 [-1.09209456e-02 -2.12551648e-04 -1.62082985e-02 -2.01679766e-02
   9.97888982e-01  4.11985777e-02 -4.16096933e-02]
 [-1.90023900e-04  1.57436505e-02  6.98537333e-03 -1.12895779e-02
  -3.29650566e-02  9.82062161e-01  1.84507668e-01]
 [ 2.72969399e-02  1.08651137e-02 -8.11478402e-03 -1.02631217e-02
   4.84384224e-02 -1.82985485e-01  9.81394768e-01]]",78
8,9,7,0.9,0.9229684472084045,"[[ 9.9895144e-01 -3.4223430e-02 -8.7357983e-03  1.5114826e-02
   1.7789001e-02  1.6761936e-02 -4.7482015e-03]
 [ 3.2842927e-02  9.9733424e-01 -7.2608162e-03  6.3139178e-02
   3.8736926e-03  1.3773923e-02 -1.2922919e-03]
 [ 1.3982298e-02  2.5836488e-02  9.5237756e-01 -3.0256361e-01
   8.5549792e-03 -1.6072711e-02  1.5421288e-02]
 [-1.4274198e-02 -5.7942048e-02  3.0443090e-01  9.4986224e-01
  -5.1399032e-03  3.5907913e-02 -1.4375089e-02]
 [-7.0868153e-03  2.1999571e-03 -8.0279810e-03  2.6748642e-02
   8.5978264e-01 -5.0961459e-01  1.5225852e-02]
 [-2.3465892e-02 -1.1106758e-02  8.6457346e-04 -3.1230947e-02
   5.1020205e-01  8.5898024e-01 -1.4025942e-02]
 [ 4.1454760e-03 -2.9443932e-04 -1.0231771e-02  1.7636232e-02
  -6.0539134e-03  2.0678034e-02  9.9955124e-01]]",78
9,10,8,0.9,1.0959240198135376,"[[ 9.9783725e-01 -3.4725688e-02 -2.1788708e-04 -1.5064061e-02
   2.9075213e-02  2.0208953e-02  3.4285072e-02 -2.1417396e-02]
 [ 3.2573007e-02  9.9382061e-01  9.2128344e-02 -3.4301069e-02
   2.1547303e-02  2.4084249e-03  3.1540591e-02  1.1421275e-02]
 [ 4.8002516e-04  8.3332367e-02 -9.7446936e-01 -1.9961403e-01
   8.1256768e-03 -5.9471343e-02  3.0154111e-03 -2.6921337e-03]
 [ 1.4591757e-02  5.1317383e-02 -1.9548440e-01  9.7609264e-01
   6.0982194e-02  7.7303909e-03 -2.6937813e-02 -4.0967502e-02]
 [ 3.7426990e-02  2.1389220e-02  7.7577257e-03  5.9274636e-02
  -9.0386176e-01 -4.2074102e-01 -2.3330614e-02  5.8897482e-03]
 [-7.2974935e-03  1.0930857e-02 -5.9371423e-02  9.0594273e-03
  -4.2158058e-01  9.0256852e-01  6.0738474e-02  1.3074865e-02]
 [-3.3045355e-02 -2.9561093e-02 -1.7462826e-03  3.0501535e-02
   4.8544058e-03 -6.5471172e-02  9.9604452e-01  2.6195170e-02]
 [ 2.2374172e-02 -9.2770187e-03 -1.0929772e-02  3.8313985e-02
   1.3626818e-02 -7.0571336e-03 -2.7513288e-02  9.9841541e-01]]",78
10,11,9,0.9,1.8038702011108398,"[[ 9.32762265e-01 -2.31468633e-01  2.45051645e-02  6.57600397e-03
   3.69621366e-02  8.31869543e-02 -2.26407170e-01 -9.45952237e-02
   8.50783437e-02]
 [ 1.96854383e-01  9.68113303e-01  4.72101830e-02 -1.59276091e-02
  -7.81325623e-04  3.08204629e-02 -1.27799019e-01 -3.41771543e-02
   5.54173402e-02]
 [-2.57975906e-02 -3.54308262e-02  9.86585975e-01  1.20941512e-01
   5.24461083e-02 -2.78967656e-02 -6.47423556e-03  5.25519922e-02
  -6.13833256e-02]
 [ 1.54407369e-02  2.34637223e-02 -1.07239634e-01  9.81889606e-01
  -1.15469120e-01  2.86199711e-02  7.64354542e-02 -1.53356511e-02
   5.80828935e-02]
 [-1.51850916e-02  1.79011337e-02 -5.12069725e-02  8.86755288e-02
   9.74666893e-01  3.00663449e-02  1.46104559e-01 -2.98239626e-02
   1.25888526e-01]
 [-3.25237401e-02  8.14290543e-04  2.64183879e-02 -3.80830728e-02
  -4.07979786e-02  9.78234768e-01  1.59591079e-01  1.03419945e-01
  -4.49502468e-02]
 [ 1.47927776e-02  1.91230606e-02  4.66245972e-02 -3.18761580e-02
  -5.00524715e-02  2.55558211e-02  3.51379097e-01 -9.10470486e-01
  -2.01602086e-01]
 [ 2.29411379e-01  5.40432110e-02  3.67094725e-02 -9.54461470e-02
  -1.45080000e-01 -1.50767431e-01  8.36274505e-01  2.58606046e-01
   3.52109343e-01]
 [ 1.90163478e-01  6.13620691e-02 -7.40060657e-02  3.91050987e-02
   8.57671648e-02 -9.64443609e-02  2.38505080e-01  2.81900734e-01
  -8.94458652e-01]]",78
0,1,6,0.9,0.8999658823013306,"[[ 0.9981636  -0.00822439  0.02773952 -0.01743876 -0.02935736 -0.04082084]
 [ 0.01089219  0.9856049  -0.01449331  0.1665618   0.00987645 -0.02034312]
 [-0.02659477  0.01429701  0.99886245  0.0016726   0.03683332 -0.00161844]
 [ 0.01144902 -0.16743435  0.00203289  0.98187476 -0.0300946  -0.08274525]
 [ 0.03478202 -0.01487413 -0.03537622  0.03598943  0.9929918   0.09994757]
 [-0.03876382 -0.00744062 -0.0062172  -0.08109846  0.10366046 -0.9904953 ]]",79
1,2,6,0.9,0.9109994769096375,"[[ 0.98486435  0.17119673  0.00764441 -0.00730184 -0.02356196  0.00817452]
 [-0.16724621  0.9702373  -0.07718534 -0.13764668  0.07590395 -0.00161588]
 [-0.02543082  0.12828946  0.8869032   0.440334    0.00346536 -0.04890543]
 [ 0.00613473 -0.09013031  0.45248646 -0.88684577  0.01711986 -0.01750465]
 [ 0.0338095  -0.06684466  0.0041524   0.02466077  0.98157936  0.17396899]
 [-0.01559897  0.01677297  0.0512388   0.00158423 -0.17285892  0.9833449 ]]",79
2,3,6,0.9,0.8398541212081909,"[[ 9.9781638e-01  5.3185280e-02 -2.2761406e-04 -2.2151483e-02
  -2.9758949e-02 -1.2550803e-02]
 [-5.0146155e-02  9.9585992e-01 -1.1304699e-02  4.5976289e-02
   5.4548983e-02  2.3045911e-02]
 [-3.3032252e-03  1.6654918e-02  9.9044085e-01 -1.3459618e-01
   1.8622836e-02 -1.6600957e-02]
 [ 2.3650493e-02 -4.1885525e-02  1.3570303e-01  9.8934436e-01
  -2.1194218e-02  4.4221855e-03]
 [ 3.2303885e-02 -5.2827943e-02 -1.5825257e-02  2.0746609e-02
   9.9626702e-01 -5.4192573e-02]
 [ 1.5300292e-02 -2.4732681e-02  1.5272192e-02 -6.8361778e-03
   5.2866269e-02  9.9803776e-01]]",79
3,4,6,0.9,0.827734649181366,"[[ 0.9931247   0.10961734 -0.00866676 -0.03196457 -0.01234123 -0.02092969]
 [-0.10957164  0.99334943 -0.02403162  0.00833285 -0.02091895  0.01290423]
 [ 0.01424304  0.02297645  0.96967053  0.24194884  0.01054226  0.01891941]
 [ 0.03081652 -0.01173989 -0.2422477   0.96835846 -0.03019858  0.03998089]
 [ 0.01331174  0.02003193 -0.01910258  0.02063527  0.9910046   0.12861069]
 [ 0.0191702  -0.01319241 -0.00613369 -0.04717657 -0.12765938  0.99040306]]",79
4,5,6,0.9,0.8066690564155579,"[[ 9.9582410e-01  7.0730045e-02  1.5595523e-02 -2.2092203e-02
  -4.6333611e-02  2.1296570e-02]
 [-6.8487085e-02  9.9273789e-01 -9.0614758e-02  3.8095027e-02
  -1.6464318e-04  1.0885950e-02]
 [-2.5204198e-02  9.0943165e-02  9.9259913e-01 -6.4286105e-02
  -2.2050440e-02  3.4960255e-02]
 [ 2.2874409e-02 -2.9030055e-02  6.9808245e-02  9.9110293e-01
  -4.6183556e-02 -9.6658461e-02]
 [ 4.7351524e-02  4.7937664e-03  2.6877647e-02  3.9751202e-02
   9.9692887e-01 -3.9561052e-02]
 [ 1.5596032e-02  1.8225083e-02  2.6404550e-02 -1.0031343e-01
  -3.6970533e-02 -9.9362856e-01]]",79
5,6,7,0.9,0.8697817921638489,"[[ 9.8869830e-01 -1.4153270e-01  1.0797040e-02 -2.2431016e-02
  -2.8907952e-03 -7.1966555e-03  4.2005267e-02]
 [ 1.4070581e-01  9.8884392e-01  3.5845589e-02  1.8220242e-02
   1.1739950e-02 -1.7307075e-02  1.8312255e-02]
 [-1.1479399e-02 -3.5466641e-02  9.8888278e-01  1.3545676e-01
  -4.9641700e-03  4.1915216e-02 -2.4314232e-02]
 [ 2.2672225e-02 -1.6385948e-02 -1.3636386e-01  9.8962706e-01
   2.6742732e-02  9.7109465e-04 -2.3335017e-02]
 [-1.4620418e-04  1.4803332e-02 -1.6148971e-02  2.5104782e-02
  -9.7375154e-01  2.2125340e-01  4.1769743e-02]
 [ 1.0252994e-02  1.4685257e-02 -3.8003769e-02 -1.2326125e-02
   2.2159486e-01  9.7413355e-01 -6.5170210e-03]
 [-4.3894686e-02 -1.3965306e-02  2.0229697e-02  2.5931302e-02
   4.2634405e-02 -1.2353292e-03  9.9748552e-01]]",79
6,7,7,0.9,0.8789661526679993,"[[ 9.95707273e-01 -8.01220909e-02 -2.71459967e-02 -2.67570559e-02
  -7.75686651e-03  2.50017066e-02  3.04626091e-03]
 [ 7.77398795e-02  9.93926644e-01 -5.76923527e-02 -3.75024267e-02
   3.61419544e-02 -2.89868703e-03  4.11840854e-03]
 [ 3.85607854e-02  6.34923205e-02  9.56082404e-01  2.83248782e-01
  -9.27684456e-03  5.29462844e-03  6.65524462e-03]
 [ 1.96098089e-02  1.67354494e-02 -2.85154104e-01  9.57424164e-01
   3.64744253e-02 -3.12925316e-04 -5.56842471e-03]
 [ 7.74105219e-03 -3.67464870e-02  2.18238384e-02 -3.09697967e-02
   9.90283489e-01 -1.24354362e-01 -3.20783108e-02]
 [-2.41485015e-02 -9.92512360e-05 -2.04875413e-03 -4.48585022e-03
   1.24999821e-01  9.91785944e-01  1.13247065e-02]
 [-2.98086158e-03 -5.35969855e-03 -6.91163586e-03  2.74128933e-03
   3.05098817e-02 -1.53316008e-02  9.99370396e-01]]",79
7,8,7,0.9,0.960269570350647,"[[ 9.9582916e-01  7.0333488e-02 -2.3566427e-02  4.4179395e-02
   6.2435977e-03  6.2607764e-03 -2.8145416e-02]
 [-7.2816156e-02  9.9536562e-01  1.7031696e-02  5.7700519e-02
   5.2746688e-03 -1.0335452e-02 -1.3817966e-02]
 [ 2.9120615e-02 -8.7694246e-03  9.9361575e-01 -1.0694289e-01
   1.0008806e-02 -1.4431964e-02  7.5985906e-03]
 [ 3.6978368e-02  6.1822236e-02 -1.0699054e-01 -9.9099261e-01
  -3.0650897e-02 -1.3761439e-02 -1.2978026e-02]
 [-6.4591365e-03 -3.9054097e-03 -1.2099472e-02 -3.0127421e-02
   9.9732786e-01  4.8345566e-02 -4.3459289e-02]
 [-6.5172947e-04  1.3629479e-02  1.1720366e-02 -1.5283410e-02
  -3.9705873e-02  9.8133415e-01  1.8668024e-01]
 [ 2.7651183e-02  1.4159630e-02 -1.2316283e-02 -8.6292960e-03
   5.1517140e-02 -1.8466789e-01  9.8084283e-01]]",79
8,9,7,0.9,0.9312237501144409,"[[ 0.9987509   0.02953653 -0.02394465  0.01699482  0.02269797  0.01548464
  -0.00264895]
 [-0.03155714  0.9970649  -0.032043    0.06069196  0.00395827  0.01073142
  -0.00497498]
 [ 0.02634532  0.04547058  0.9753482  -0.21212195 -0.01260594 -0.02404821
   0.01419276]
 [-0.01115625 -0.05335862  0.21618928  0.9730373   0.0219556   0.0534213
  -0.01237452]
 [-0.00657561  0.00282812 -0.00262     0.02157046  0.7316485  -0.6812972
   0.00104401]
 [-0.02521769 -0.00729371  0.01499646 -0.05955189  0.68079054  0.72935915
  -0.00995278]
 [ 0.00173297  0.00365831 -0.01124121  0.01478679  0.00654394  0.00906939
   0.99975663]]",79
9,10,8,0.9,1.1032613515853882,"[[ 9.9836701e-01  5.6345239e-03 -2.0548489e-02 -5.2436250e-03
  -2.6379796e-02  1.7003976e-02  3.8346559e-02 -1.8067190e-02]
 [-5.1833801e-03  9.9428499e-01  9.6107513e-02 -1.8539546e-02
  -2.5645252e-02  2.9323844e-03  2.7743664e-02  1.8818934e-02]
 [-2.1593256e-02  8.9229584e-02 -9.7089589e-01 -2.1006875e-01
  -3.8698010e-02 -5.6975868e-02 -4.3126219e-03 -6.4531169e-03]
 [ 3.1104631e-04  3.9604608e-02 -2.0767237e-01  9.7600925e-01
  -3.6618775e-03  1.1514697e-02 -2.1057544e-02 -4.6043903e-02]
 [ 2.9958693e-02  2.6448052e-02 -1.7604792e-02  3.9273114e-03
   9.4312614e-01 -3.2850942e-01  1.2430710e-02  2.2757161e-02]
 [-9.6390229e-03  1.0038727e-02 -6.2650099e-02 -2.2048593e-02
   3.2625729e-01  9.4217902e-01  2.9045423e-02  2.0159388e-02]
 [-3.7399661e-02 -2.8128531e-02 -9.2802634e-03  2.3332596e-02
  -2.1255881e-02 -2.4626380e-02  9.9671900e-01  5.1695351e-02]
 [ 1.9519089e-02 -1.5610727e-02 -1.5915163e-02  4.3125842e-02
  -2.7441982e-02 -9.8619880e-03 -5.3393040e-02  9.9677533e-01]]",79
10,11,9,0.9,1.7205148935317993,"[[ 0.93656856 -0.25203022  0.00393603 -0.00295652 -0.00647105  0.03844657
   0.22071159 -0.07607279  0.05722847]
 [ 0.22099012  0.9620178   0.0512495  -0.02139316  0.01235749  0.01122499
   0.12845849 -0.03444697  0.06807477]
 [-0.01620993 -0.04443519  0.9878599   0.12866889 -0.02578383 -0.0063573
   0.02771691  0.03397737 -0.05207674]
 [ 0.02933337  0.02845676 -0.11599924  0.9675908   0.19945712  0.04317425
  -0.08286045 -0.01127363  0.00136308]
 [-0.01536598 -0.02242147  0.0416507  -0.18598388  0.9746987  -0.0098863
   0.09249874  0.03244331 -0.05650109]
 [-0.01426187  0.00514169  0.01082995 -0.04913006  0.0030454   0.9930725
  -0.07624121  0.06027264 -0.03989108]
 [-0.01450156  0.0084012   0.03339606 -0.03271898  0.03247863  0.0312172
  -0.2102167  -0.95376873 -0.20405453]
 [ 0.1852146   0.03201191  0.06382686 -0.08617636  0.08866213 -0.05260336
  -0.83660746  0.08452709  0.48526862]
 [-0.19474392 -0.0812026   0.03152417  0.03528824  0.01986653  0.08036815
   0.41070536 -0.26502827  0.84111196]]",79
0,1,6,0.9,0.9028493762016296,"[[ 0.9983182  -0.01248955  0.02226871 -0.01524119 -0.02938223 -0.04016848]
 [ 0.01520136  0.98411953 -0.03267941  0.17133434  0.01701616 -0.02376174]
 [-0.02048586  0.02386581  0.99773     0.05145688  0.02960484 -0.00461699]
 [ 0.01033934 -0.17399696 -0.04612594  0.98055696 -0.01426258 -0.07612594]
 [ 0.0349297  -0.01890245 -0.02862702  0.01914175  0.9906036   0.12625878]
 [-0.03719227 -0.0122817  -0.00488638 -0.07685088  0.12834267 -0.98795956]]",80
1,2,6,0.9,0.9195709824562073,"[[ 0.9821778   0.18597007  0.00574677 -0.00465059 -0.02355295  0.01151086]
 [-0.18027577  0.9619229  -0.11489645 -0.1519604   0.07667174 -0.00578079]
 [-0.0339187   0.16681142  0.88293964  0.43477067  0.00861348 -0.04838692]
 [ 0.01011977 -0.08583159  0.4519713  -0.8873055   0.01742955 -0.02525009]
 [ 0.03444728 -0.06707833  0.00225168  0.0226651   0.9832477   0.16437458]
 [-0.01969511  0.02066426  0.053853   -0.00600912 -0.16251959  0.9848026 ]]",80
2,3,6,0.9,0.8399790525436401,"[[ 9.9734432e-01  6.0946755e-02 -5.9824944e-03 -2.1309564e-02
  -3.1694114e-02 -9.7653810e-03]
 [-5.7955265e-02  9.9512327e-01 -2.4149748e-02  4.5168012e-02
   5.8489669e-02  1.8064037e-02]
 [ 5.9664442e-04  3.1215578e-02  9.8590189e-01 -1.6133621e-01
   1.0352203e-02 -2.9767871e-02]
 [ 2.3943232e-02 -3.8561977e-02  1.6276421e-01  9.8549211e-01
  -1.5332214e-02  4.2267251e-03]
 [ 3.4546711e-02 -5.5946860e-02 -8.6485408e-03  1.4200989e-02
   9.9484354e-01 -7.5407185e-02]
 [ 1.3354881e-02 -2.0579647e-02  2.8485926e-02 -8.9526270e-03
   7.4286163e-02  9.9648786e-01]]",80
3,4,6,0.9,0.8180304765701294,"[[ 0.9934399   0.09738506 -0.02035183 -0.04681145 -0.01603306 -0.02703081]
 [-0.09770426  0.99489033 -0.01747331  0.00316263 -0.01512643  0.01014537]
 [ 0.03036624  0.01916504  0.9707164   0.23362258  0.01801265  0.03893861]
 [ 0.04200431 -0.00415285 -0.23575255  0.96894604 -0.03617389  0.04974152]
 [ 0.01814537  0.01511097 -0.02947851  0.02327508  0.99242485  0.11456264]
 [ 0.0226988  -0.00982049 -0.0232772  -0.06181492 -0.11390357  0.99098504]]",80
4,5,7,0.9,0.8951942324638367,"[[ 0.9959465   0.04907909  0.02109241  0.02197803 -0.05246976  0.01277204
   0.04286722]
 [-0.04722692  0.9920663  -0.10471541 -0.04123747 -0.00231537  0.00611482
   0.02942155]
 [-0.02593903  0.10174584  0.9930126  -0.04542908 -0.0181143   0.0212245
  -0.00764788]
 [ 0.02403716 -0.04368152 -0.03859738 -0.99134195 -0.03836786 -0.10851781
   0.0041714 ]
 [ 0.04928315  0.00254141  0.01771853 -0.03912004  0.99477714  0.01222298
   0.07739114]
 [ 0.0076826   0.01218582  0.02566055  0.10705348  0.01164573 -0.99249053
   0.05000534]
 [-0.04606113 -0.03131463  0.00731912  0.00174313 -0.07565798  0.04884743
   0.99434954]]",80
5,6,7,0.9,0.8692797422409058,"[[ 9.89759624e-01 -1.33644670e-01  1.11320708e-02 -2.26561297e-02
   3.12343909e-04 -1.36600975e-02  4.11239639e-02]
 [ 1.33095637e-01  9.90198493e-01  2.80505493e-02  2.28347257e-02
  -8.41876026e-03 -1.34884790e-02  1.52106872e-02]
 [-9.67200007e-03 -3.00411060e-02  9.81309175e-01  1.86414853e-01
   8.85878224e-03  2.97404472e-02 -1.79682132e-02]
 [-2.30929591e-02  2.00311076e-02  1.87392592e-01 -9.81304228e-01
   1.44867739e-02 -7.63595756e-03  2.68956814e-02]
 [ 1.37756614e-03  9.71027557e-03 -1.48582151e-02  1.21236062e-02
   9.84345853e-01  1.65515020e-01  5.66054918e-02]
 [ 1.38746146e-02  1.07193356e-02 -2.46613398e-02 -1.41817806e-02
  -1.67551041e-01  9.84893441e-01  2.81916950e-02]
 [-4.28988524e-02 -1.15362518e-02  1.32905440e-02  3.01455148e-02
  -5.12900651e-02 -3.57530005e-02  9.96510088e-01]]",80
6,7,7,0.9,0.8808627128601074,"[[ 9.94477391e-01 -9.00304466e-02 -2.60157585e-02  3.89053859e-02
  -9.24501161e-04  2.66571864e-02 -2.69700773e-03]
 [ 8.76145810e-02  9.93975163e-01 -4.35967818e-02  3.18250097e-02
   3.66302505e-02  1.60540198e-03  8.89505912e-03]
 [ 4.06330824e-02  4.82539088e-02  9.57141399e-01 -2.81130880e-01
  -2.56696567e-02 -8.17269087e-03  1.18543496e-02]
 [ 3.17196622e-02  1.44105628e-02 -2.82793045e-01 -9.58037138e-01
   2.91557200e-02 -1.13291610e-02  9.02180094e-04]
 [-2.69233627e-04  3.51682603e-02 -3.42491269e-02 -2.06713937e-02
  -9.92705703e-01  9.61481482e-02  4.95362207e-02]
 [-2.60149594e-02 -2.37568561e-03  8.44105426e-03 -1.21576395e-02
   9.74828079e-02  9.94453192e-01  2.56627742e-02]
 [ 2.07689148e-03 -1.13694966e-02 -9.30912793e-03  5.36372652e-03
   4.67009507e-02 -3.01689561e-02  9.98328507e-01]]",80
7,8,7,0.9,0.9544268250465393,"[[ 9.95728016e-01  5.79859726e-02 -2.97860578e-02  5.09546027e-02
   1.60702951e-02 -1.24177225e-02 -3.56018208e-02]
 [-6.08163960e-02  9.96742606e-01  1.19022969e-02  4.94786315e-02
   4.71645221e-03 -2.31553847e-03 -1.37148676e-02]
 [ 3.34423780e-02 -7.26279663e-03  9.97752964e-01 -4.82917167e-02
   7.67353084e-03  2.72498727e-02  1.35790352e-02]
 [-4.70185205e-02 -5.29798120e-02  4.99294065e-02  9.94977355e-01
   3.43733132e-02 -3.53646614e-02  8.79921671e-03]
 [-1.55043453e-02 -4.30614967e-03 -8.51822551e-03 -3.45949568e-02
   9.98660922e-01  4.01091250e-03 -3.36459279e-02]
 [-4.16293088e-03  1.22462225e-03  2.30068937e-02 -3.80294323e-02
   8.15488771e-03 -9.86148655e-01  1.59530178e-01]
 [ 3.52195427e-02  1.61898751e-02 -1.91143509e-02 -7.13946589e-04
   3.30004022e-02  1.59191385e-01  9.85748768e-01]]",80
8,9,7,0.9,0.9271668791770935,"[[ 9.9894720e-01 -3.7651050e-03 -3.1725887e-02  1.7097384e-02
   2.6054945e-02  1.0266665e-02 -2.6894519e-03]
 [ 7.9214049e-04  9.9756038e-01 -4.7317050e-02  4.4724971e-02
   2.4195818e-02  6.8772370e-03  8.4852910e-04]
 [ 3.5079751e-02  5.3570382e-02  9.8893249e-01 -1.2399110e-01
  -3.8690012e-02 -2.9577775e-02  1.2905701e-02]
 [-1.6413420e-02 -4.0869437e-02  1.3251199e-01  9.8111105e-01
   1.1009072e-01  7.5363375e-02 -1.1059778e-02]
 [-7.7716294e-03 -9.1081318e-03 -1.1114372e-04 -8.7222420e-03
   6.1495727e-01 -7.8814340e-01  2.0934723e-02]
 [ 2.3278870e-02  1.5171378e-02 -3.3281963e-02  1.4010853e-01
  -7.7879381e-01 -6.0853040e-01  4.0753379e-02]
 [ 1.2672053e-03 -2.4304898e-03 -9.9958451e-03  6.9401050e-03
   2.0655753e-02  4.2587295e-02  9.9880129e-01]]",80
9,10,8,0.9,1.1506223678588867,"[[ 9.96175230e-01  5.62284067e-02 -3.00204172e-03  3.05106454e-02
  -4.96677943e-02  1.06105441e-02  2.51468178e-02 -1.79274231e-02]
 [-5.71236499e-02  9.92401659e-01 -1.00987434e-01 -3.73773929e-03
  -1.75684448e-02  4.62073227e-03  2.10186690e-02  2.98583247e-02]
 [-5.11119049e-03  9.81741473e-02  9.82630372e-01 -9.12818164e-02
  -1.15356803e-01 -5.32504767e-02 -5.91820059e-03 -1.62174366e-02]
 [-2.21007559e-02  1.87515635e-02  1.08879030e-01  9.75574791e-01
   1.79117039e-01  4.50651813e-03 -2.35989336e-02 -5.38426526e-02]
 [ 5.39261848e-02  2.90908795e-02  8.59538317e-02 -1.86118409e-01
   9.66858387e-01 -1.39186382e-01 -6.84040773e-04 -5.39507763e-03]
 [-2.64206459e-03  3.39503167e-03  6.56280220e-02 -3.46258394e-02
   1.29968345e-01  9.88486171e-01  2.06510560e-03  2.17846744e-02]
 [-2.30767503e-02 -2.29496732e-02  1.20893801e-02  2.51628291e-02
   6.20545819e-03 -4.23946185e-03  9.96922612e-01  6.51949644e-02]
 [ 2.02372111e-02 -2.45547909e-02  2.31111925e-02  5.00444062e-02
   9.43105575e-03 -2.26808377e-02 -6.68924078e-02  9.95424986e-01]]",80
10,11,9,0.9,1.5392165184020996,"[[ 0.9202611  -0.36787042  0.02059891  0.00753526 -0.02208789  0.05798434
   0.08205589  0.00689379 -0.08172416]
 [ 0.3542547   0.92167777 -0.05192731 -0.05733131 -0.01650969  0.08107413
   0.09049504 -0.05567825 -0.02992173]
 [ 0.00499774  0.05377568  0.99638265 -0.03790009  0.00965009 -0.0198121
  -0.01356417 -0.03728697  0.0284317 ]
 [ 0.02243051  0.05118783  0.02419253  0.9226647   0.36273938 -0.04029056
   0.03053802 -0.10378511  0.00861792]
 [-0.00444826 -0.01920875 -0.01295213 -0.35040462  0.91766375  0.05539796
   0.13826509  0.09281556 -0.06125659]
 [ 0.01098315  0.01556864 -0.01171551 -0.0413413  -0.03998614 -0.86264753
   0.49836114 -0.02308422 -0.05598373]
 [ 0.02439333  0.01195125 -0.01984307 -0.07911944  0.08111896 -0.2618648
  -0.5451825  -0.52111256 -0.5904851 ]
 [ 0.11940295 -0.00267774 -0.05262656 -0.10169607  0.11731046 -0.2197388
  -0.3133157  -0.42264357  0.7961049 ]
 [-0.11001072 -0.09438209 -0.00686889 -0.05306027 -0.0593198   0.35208076
   0.5666473  -0.7248153  -0.04691473]]",80
0,1,6,0.9,0.8942462205886841,"[[ 9.98243749e-01 -1.11883674e-02  2.22597718e-02 -1.82279795e-02
   2.98034903e-02 -4.08434197e-02]
 [ 1.34797348e-02  9.86776233e-01 -1.46549719e-04  1.60344854e-01
  -7.53263896e-03 -1.79931037e-02]
 [-2.14916933e-02  3.02581000e-03  9.98896539e-01 -1.78050566e-02
  -3.76306772e-02 -1.21304474e-03]
 [ 1.12233944e-02 -1.61050424e-01  1.94856431e-02  9.82511342e-01
   3.56921665e-02 -8.33948925e-02]
 [ 3.50517295e-02 -1.31926592e-02 -3.57392430e-02  4.24757823e-02
  -9.93002295e-01  9.72746387e-02]
 [-3.88739966e-02 -5.20253507e-03 -7.28717307e-03 -8.06696489e-02
  -1.01545654e-01 -9.90752041e-01]]",81
1,2,6,0.9,0.9028148055076599,"[[ 0.98445994  0.17327203  0.00981173 -0.00850525 -0.02321705  0.01038321]
 [-0.16937216  0.9699921  -0.07472377 -0.13854657  0.07509141 -0.00329528]
 [-0.02643423  0.12334843  0.89958864  0.415388    0.00654054 -0.04729482]
 [ 0.00539542 -0.09576067  0.42715064 -0.89874023  0.01514986 -0.01948381]
 [-0.03338324  0.06662054 -0.0017012  -0.02117808 -0.98374385 -0.16199984]
 [-0.01758991  0.01639709  0.05098894 -0.0016889  -0.1606177   0.98540395]]",81
2,3,6,0.9,0.8370489478111267,"[[ 0.99779844  0.05418601 -0.00102166 -0.02165452 -0.02968279 -0.01053364]
 [-0.05122307  0.99574417 -0.01622756  0.04315967  0.05750531  0.02089954]
 [-0.00250009  0.02082227  0.9916045  -0.12454088  0.01814737 -0.02099722]
 [ 0.0232276  -0.03872008  0.1258987   0.99074775 -0.02062153  0.01022082]
 [ 0.03238983 -0.05562953 -0.01575435  0.02044907  0.9955437  -0.06389601]
 [ 0.01339537 -0.02302101  0.01890492 -0.01259742  0.06285143  0.99740875]]",81
3,4,6,0.9,0.8272388577461243,"[[ 0.99319845  0.10877197 -0.00741009 -0.031465   -0.01722943 -0.01958774]
 [-0.10848464  0.99319065 -0.03177131  0.01810712 -0.01740507  0.01276768]
 [ 0.01146088  0.02875249  0.9766746   0.21108101  0.01804867  0.01636305]
 [ 0.0320482  -0.02216331 -0.21062134  0.9752338  -0.0330631   0.04411564]
 [ 0.01804684  0.01675521 -0.02583566  0.02303855  0.99333674  0.10713273]
 [ 0.01742934 -0.01192318 -0.00368767 -0.05015099 -0.10612912  0.9928554 ]]",81
4,5,7,0.9,0.8942270278930664,"[[ 0.9955205   0.06433151  0.00837924 -0.0192339  -0.0488649   0.01758192
   0.04078526]
 [-0.06386539  0.99255294 -0.08715684  0.04895236 -0.00370779  0.00955077
   0.02573538]
 [-0.0163315   0.08853211  0.993803   -0.05137216 -0.01910172  0.03456964
  -0.00720034]
 [ 0.0211369  -0.04160843  0.058231    0.9907555  -0.03936621 -0.10617039
   0.00357364]
 [ 0.04536408  0.00461362  0.02265822  0.03473019  0.99321353 -0.02128151
   0.09630763]
 [ 0.00941687  0.01565417  0.02766536 -0.1085826  -0.02662053 -0.9896779
   0.08330462]
 [-0.04472348 -0.02940456  0.00440322  0.00132721 -0.09220668  0.08495381
   0.9906537 ]]",81
5,6,7,0.9,0.8519346714019775,"[[ 0.9899683  -0.13171516  0.00897589 -0.02612109 -0.00468415 -0.01120184
   0.04127235]
 [ 0.13120313  0.9904796   0.02672344  0.01700347  0.01080345 -0.02003387
   0.01465166]
 [-0.00692657 -0.02708896  0.9860239   0.15618792 -0.00168014  0.04477386
  -0.02393492]
 [ 0.02611755 -0.01618198 -0.15697226  0.9866237   0.02704318  0.00192176
  -0.01594558]
 [-0.00118036  0.014279   -0.01348171  0.02513481 -0.9785741   0.20019585
   0.03599481]
 [ 0.01377727  0.01693579 -0.04103384 -0.01383565  0.20102707  0.97830975
   0.0120921 ]
 [-0.04274366 -0.01072358  0.02136162  0.01960324  0.03328852 -0.01721378
   0.99790424]]",81
6,7,7,0.9,0.8594987392425537,"[[ 9.9661916e-01 -6.5564916e-02 -3.2971859e-02 -2.8151860e-02
  -6.5813130e-03  2.2222802e-02  5.8875130e-03]
 [ 6.3024685e-02  9.9544191e-01 -5.2778494e-02 -3.2813024e-02
   3.5074037e-02 -5.0244940e-04  5.5231415e-03]
 [ 4.3868989e-02  5.8337498e-02  9.4503832e-01  3.1825182e-01
  -1.5559385e-02  3.9112065e-03  5.7603507e-03]
 [ 1.7261747e-02  1.1686089e-02 -3.1948215e-01  9.4637614e-01
   4.2838760e-02 -5.8223883e-04 -5.7712295e-03]
 [ 6.6060126e-03 -3.4777939e-02  3.0477365e-02 -3.4648549e-02
   9.9321240e-01 -9.3411036e-02 -3.7695825e-02]
 [-2.1834627e-02 -1.6008010e-03 -3.9906977e-04 -3.3042005e-03
   9.3911961e-02  9.9529886e-01  8.3926516e-03]
 [-5.9413197e-03 -6.6835294e-03 -5.6542973e-03  2.6993074e-03
   3.6863625e-02 -1.2038105e-02  9.9918813e-01]]",81
7,8,7,0.9,0.9404456615447998,"[[ 9.9737632e-01  4.4836968e-02 -2.2890076e-02  4.1650701e-02
   1.4765686e-02  5.4212324e-03 -2.6904173e-02]
 [-4.7164984e-02  9.9651688e-01  2.2753438e-02  6.2741227e-02
   3.7407828e-03 -1.2379657e-02 -1.0404624e-02]
 [ 2.9538473e-02 -1.1667512e-02  9.8779440e-01 -1.5211549e-01
   7.7515594e-03 -6.9213291e-03  2.5392286e-03]
 [ 3.4711737e-02  6.6934071e-02 -1.5177792e-01 -9.8502612e-01
  -2.5941398e-02 -1.1539103e-02 -1.3998702e-02]
 [-1.4858517e-02 -2.6550756e-03 -1.1045777e-02 -2.5129950e-02
   9.9871892e-01  2.3772640e-02 -3.1845074e-02]
 [-9.1988174e-04  1.4621089e-02  4.8596370e-03 -1.3057876e-02
  -1.8828370e-02  9.8759311e-01  1.5458503e-01]
 [ 2.6772385e-02  1.0331498e-02 -6.1959210e-03 -1.0548873e-02
   3.5228267e-02 -1.5404856e-01  9.8694217e-01]]",81
8,9,8,0.9,0.9779178500175476,"[[ 9.99163330e-01 -1.45819187e-02 -2.11087894e-02  2.07826234e-02
   1.61769558e-02  1.19133657e-02 -5.82380779e-03 -1.20387888e-02]
 [ 1.25757968e-02  9.97853756e-01 -2.11615022e-02  5.42196892e-02
  -2.30612670e-04  7.60870939e-03 -1.84671395e-03 -2.60946658e-02]
 [ 2.60191951e-02  3.27708200e-02  9.74146903e-01 -2.20825195e-01
   1.64740812e-03 -1.55264270e-02  1.21590886e-02  1.14675686e-02]
 [-1.74039304e-02 -4.87120412e-02  2.23537400e-01  9.71279144e-01
   1.52957868e-02  5.70399389e-02 -1.42695615e-02 -1.67640876e-02]
 [-5.95556106e-03  3.61694489e-03 -5.56016527e-03  2.50974204e-02
   7.90356755e-01 -6.11954927e-01  1.01231327e-02  5.96363610e-03]
 [-1.86841264e-02 -3.43498448e-03 -1.93694796e-04 -5.72270267e-02
   6.12007618e-01  7.87580252e-01 -2.02479903e-02 -3.34393904e-02]
 [ 4.12070565e-03 -1.25834823e-03 -8.13691504e-03  1.39541449e-02
   3.47503391e-03  2.08451562e-02  9.96816576e-01 -7.50370994e-02]
 [ 1.15330610e-02  2.45384518e-02 -8.84948112e-03  1.95422806e-02
   1.65051166e-02  3.31593901e-02  7.38607049e-02  9.95980501e-01]]",81
9,10,8,0.9,1.1038846969604492,"[[ 9.98165071e-01 -2.47494839e-02 -5.17427921e-03 -1.11183655e-02
   3.18477936e-02  1.73451565e-02  3.57190818e-02 -1.76812485e-02]
 [ 2.33838260e-02  9.92935598e-01  1.05827823e-01 -2.05979291e-02
   2.66283415e-02 -1.02701923e-03  2.93229185e-02  1.84001587e-02]
 [-4.94605396e-03  9.85126719e-02 -9.70199823e-01 -2.10648715e-01
   2.83994079e-02 -6.09026179e-02 -1.96601934e-04 -9.72181465e-03]
 [ 9.60224867e-03  4.29305248e-02 -2.07281947e-01  9.75284040e-01
   2.76136938e-02  1.80990063e-02 -2.23432295e-02 -4.82776202e-02]
 [ 3.69112641e-02  2.56028529e-02 -1.07588638e-02  2.95563247e-02
  -9.41283584e-01 -3.32977355e-01 -9.02864413e-05  1.02038169e-02]
 [-7.01236259e-03  1.48551725e-02 -6.29570335e-02 -2.02485211e-02
  -3.32061797e-01  9.39818680e-01  3.91232558e-02  1.73669923e-02]
 [-3.51715051e-02 -2.85417829e-02 -6.12851186e-03  2.54590157e-02
   1.23349400e-02 -3.75560895e-02  9.97054458e-01  3.97809893e-02]
 [ 1.88259874e-02 -1.50995692e-02 -2.00819094e-02  4.43687066e-02
   1.66054051e-02 -1.08504090e-02 -4.14359942e-02  9.97464478e-01]]",81
10,11,10,0.9,1.716368556022644,"[[ 9.41723347e-01 -2.48697385e-01  1.09476326e-02 -8.39754473e-03
  -4.14864247e-04  7.08900914e-02  1.90998271e-01 -6.23939000e-02
   1.10054696e-02 -7.48088583e-02]
 [ 2.20195562e-01  9.61948931e-01  6.44818172e-02 -2.47051287e-02
   1.10185528e-02  4.17095125e-02  1.24077447e-01 -3.06341592e-02
   5.10350540e-02 -2.45105531e-02]
 [-2.78362390e-02 -5.73276840e-02  9.90671217e-01  8.27200040e-02
  -3.48941348e-02 -5.37454989e-03  3.53726260e-02  5.16695045e-02
  -4.87651341e-02  1.10028274e-02]
 [ 2.38366798e-02  2.74924934e-02 -6.78402036e-02  9.75416899e-01
   1.84074506e-01  3.13610472e-02 -7.15610087e-02 -2.08807550e-02
   1.09606674e-02 -4.57340293e-02]
 [ 1.11463061e-02  1.77012812e-02 -3.79063487e-02  1.69995457e-01
  -9.76004362e-01  1.94290597e-02 -7.51369148e-02 -4.86410670e-02
   6.76344410e-02 -6.06555976e-02]
 [-2.19773706e-02 -4.23450395e-03  1.20057845e-02 -4.98691835e-02
   2.23188996e-02  9.65533912e-01 -2.37833872e-01  7.35612065e-02
  -4.36014421e-02 -1.53889740e-02]
 [ 8.28677136e-03  1.57608315e-02  5.00973575e-02 -3.75368334e-02
   3.67630087e-02 -1.18165687e-02 -2.77876258e-01 -9.20326769e-01
  -2.54484802e-01  7.27597401e-02]
 [ 1.87248260e-01  4.25093062e-02  6.17644377e-02 -7.70379975e-02
   7.74549991e-02 -1.95948884e-01 -8.23359489e-01  1.30365267e-01
   4.52410579e-01 -9.69271958e-02]
 [ 1.23537565e-02 -3.15993652e-02  1.12080816e-02  4.28078920e-02
  -1.43263973e-02  8.01251754e-02  1.33697823e-01 -1.14499532e-01
   4.97801960e-01  8.43488872e-01]
 [-1.65642917e-01 -7.33247921e-02  4.07329537e-02 -2.18342785e-02
   6.43323883e-02  1.20969556e-01  3.26390207e-01 -3.27382118e-01
   6.86335206e-01 -5.11382520e-01]]",81
0,1,6,0.9,0.8922452926635742,"[[ 0.99800944 -0.01917522  0.02360061 -0.01641227  0.03469303 -0.03974502]
 [ 0.02169033  0.9876727  -0.00743505  0.15305935 -0.01792248 -0.01512058]
 [-0.02167633  0.00133922  0.99827194  0.0381595  -0.03900609 -0.00197654]
 [ 0.00986473 -0.15350048 -0.03599281  0.98392576  0.03450446 -0.07579162]
 [ 0.03890556 -0.02346407 -0.03917115  0.03573087 -0.99414575  0.08245617]
 [-0.03776274 -0.00450784 -0.00332457 -0.0738969  -0.08624062 -0.9927963 ]]",82
1,2,6,0.9,0.8999714851379395,"[[ 0.9837861   0.17697844  0.01059445 -0.00524339 -0.02467221  0.00974592]
 [-0.17152943  0.9666254  -0.1022612  -0.14041711  0.0774079  -0.00683519]
 [-0.0332747   0.14579552  0.90751237  0.38924894  0.00621676 -0.05004359]
 [ 0.00742068 -0.08926148  0.40323275 -0.910135    0.0101161  -0.03053963]
 [-0.03562121  0.0685556  -0.00676563 -0.01605132 -0.98601776 -0.14661805]
 [-0.01764424  0.01975309  0.05665032 -0.0117258  -0.14500803  0.9873826 ]]",82
2,3,6,0.9,0.8322524428367615,"[[ 0.99723804  0.05790118 -0.01707101 -0.02732553 -0.0323582  -0.00886734]
 [-0.0549458   0.9952664  -0.02533339  0.04037105  0.0620119   0.01756676]
 [ 0.01464728  0.02743774  0.9986284  -0.03660769  0.00964042 -0.01846438]
 [ 0.02911324 -0.03606132  0.03767214  0.99760145 -0.03288677  0.01194255]
 [ 0.03588631 -0.06029762 -0.00857262  0.03068457  0.99482584 -0.06620366]
 [ 0.01213856 -0.02007763  0.01776198 -0.01154025  0.06522715  0.9973697 ]]",82
3,4,6,0.9,0.8139658570289612,"[[ 0.992659    0.10964936 -0.01207307 -0.04271273 -0.01805396 -0.0175806 ]
 [-0.10960959  0.99339485 -0.02597295  0.01388199 -0.01545219  0.00681378]
 [ 0.02056725  0.02397719  0.9657967   0.25681064  0.00918402  0.01423855]
 [ 0.04039039 -0.01667908 -0.25698346  0.96324694 -0.03842298  0.05223981]
 [ 0.01905616  0.01598787 -0.01932476  0.02864801  0.99424124  0.09834326]
 [ 0.01401262 -0.00592196  0.00154847 -0.05801644 -0.09674145  0.9934996 ]]",82
4,5,7,0.9,0.9690539240837097,"[[ 9.9559009e-01  6.0375173e-02  1.1864750e-02 -3.1680305e-02
  -5.3543415e-02  1.0002846e-02  3.2307778e-02]
 [-5.8530167e-02  9.9297720e-01 -9.3004726e-02  4.0300339e-02
  -2.3403815e-03  6.0753720e-03  1.5941106e-02]
 [-2.0982038e-02  9.4001710e-02  9.9267358e-01 -6.0312562e-02
  -2.5129071e-02  3.2160334e-02 -4.3830541e-03]
 [ 3.1428695e-02 -3.1896133e-02  6.6309966e-02  9.9139732e-01
  -3.2564968e-02 -9.7176395e-02  1.5013822e-02]
 [ 5.0404713e-02  4.9048518e-03  2.7084060e-02  3.0780448e-02
   9.9296963e-01  2.9034277e-02  9.4459720e-02]
 [ 3.9978260e-03  1.1330037e-02  2.6032073e-02 -9.9219196e-02
   2.2281326e-02 -9.9011415e-01  9.2255674e-02]
 [-3.7281550e-02 -1.8574506e-02 -5.1015260e-04 -8.6039193e-03
  -9.4607212e-02  9.0645157e-02  9.9046642e-01]]",82
5,6,7,0.9,0.8547327518463135,"[[ 0.9910841  -0.12242315  0.01366978 -0.03140904  0.00785845 -0.01603352
   0.0356738 ]
 [ 0.12202688  0.99143     0.02969397  0.02619399  0.00800467 -0.01895001
   0.01359946]
 [-0.01241858 -0.02953243  0.99291736  0.09833711  0.00963849  0.04906696
  -0.03030013]
 [ 0.03016633 -0.02669943 -0.10012747  0.9937112   0.0221852   0.01202488
  -0.0159022 ]
 [ 0.01012298  0.00798033  0.00282104  0.02141171 -0.99094814  0.12601498
   0.03885099]
 [ 0.01636506  0.01747488 -0.0468161  -0.01917596  0.12658776  0.9900966
   0.02348527]
 [-0.03777812 -0.01118171  0.02865894  0.01920968  0.03586616 -0.0257012
   0.99765253]]",82
6,7,7,0.9,0.8635727763175964,"[[ 9.98042703e-01 -4.34808061e-02 -2.58386079e-02 -2.99596023e-02
  -1.80865603e-03  2.11917385e-02 -1.59665069e-03]
 [ 4.10223641e-02  9.96119201e-01 -6.59184158e-02 -2.69907080e-02
   3.12031619e-02 -4.01103077e-03  2.80925422e-04]
 [ 3.51613835e-02  6.94458634e-02  9.65500057e-01  2.48010874e-01
  -7.22323731e-03  1.37505811e-02 -3.09611869e-06]
 [ 2.27494985e-02  7.66050117e-03 -2.49730349e-01  9.67278957e-01
   3.60031538e-02  1.07040815e-02  4.37320909e-03]
 [ 1.42819993e-03 -3.11529618e-02  1.86421331e-02 -3.12173478e-02
   9.96323466e-01 -6.88617751e-02 -1.74088925e-02]
 [-2.17234828e-02  1.78961840e-03 -9.12576634e-03 -1.51270572e-02
   6.75720647e-02  9.95598257e-01 -5.85732237e-02]
 [ 2.35512663e-04 -8.21609166e-04  8.63992318e-04 -5.70981205e-03
   2.11734902e-02  5.72123155e-02  9.98120427e-01]]",82
7,8,7,0.9,0.9443151354789734,"[[ 9.97527480e-01  3.31041738e-02 -3.62231806e-02  3.14108394e-02
   1.81436166e-02  3.28226633e-05 -3.48570235e-02]
 [-3.45739834e-02  9.97715950e-01  1.67643540e-02  5.03364392e-02
   1.59784875e-04 -1.89737342e-02 -1.38797704e-02]
 [ 4.01613936e-02 -8.86011496e-03  9.91195202e-01 -1.24235034e-01
   1.82763040e-02  1.08872249e-03  8.43049772e-03]
 [ 2.50160117e-02  5.28159179e-02 -1.24275506e-01 -9.90335226e-01
  -1.81979612e-02 -6.85190491e-04 -6.69076014e-03]
 [-1.94066111e-02  2.11921055e-03 -1.93607397e-02 -1.60464402e-02
   9.91970778e-01  1.18337587e-01 -3.12527306e-02]
 [ 6.56234054e-03  2.09476072e-02 -1.71231470e-04  1.66123582e-03
  -1.12227388e-01  9.81760442e-01  1.51877075e-01]
 [ 3.29403803e-02  1.24753267e-02 -1.09374803e-02 -4.59811743e-03
   4.90362905e-02 -1.47583351e-01  9.87133801e-01]]",82
8,9,7,0.9,0.9183450937271118,"[[ 9.9862939e-01 -3.3987191e-02  1.8494160e-04  2.9230013e-02
   5.3413245e-03  2.5752805e-02 -6.1630849e-03]
 [ 3.2743733e-02  9.9849045e-01 -1.1054341e-02  4.2006791e-02
  -6.6488422e-03  9.6093817e-04 -3.5712083e-03]
 [ 7.0697316e-03  2.0063126e-02  9.7470361e-01 -2.1941891e-01
   2.7205272e-02 -5.4733716e-03  2.4197858e-02]
 [-3.0626409e-02 -3.7774906e-02  2.2151875e-01  9.7264993e-01
  -3.0992772e-02  3.3723135e-02 -2.0464197e-02]
 [ 4.1211338e-04  4.6809404e-03 -1.9207489e-02  4.4803776e-02
   9.6568656e-01 -2.5290185e-01  3.3042591e-02]
 [-2.5582831e-02  2.5108254e-03 -6.6767083e-03 -2.4990879e-02
   2.5472844e-01  9.6611488e-01 -2.0134419e-02]
 [ 4.9513495e-03  1.9962545e-03 -1.8614419e-02  2.3590645e-02
  -2.8099226e-02  2.8830213e-02  9.9872309e-01]]",82
9,10,8,0.9,1.112549901008606,"[[ 9.9781805e-01  1.6503731e-02  3.8763760e-03 -2.4938326e-02
   4.0682118e-02  2.5232034e-02  2.2887835e-02 -2.5184320e-02]
 [-1.9001195e-02  9.9624431e-01  6.6968270e-02 -1.2740705e-02
   3.4831870e-02  5.8880998e-03  3.2175716e-02  1.4347867e-02]
 [-4.8862369e-04  6.3688859e-02 -9.7603202e-01 -1.9745460e-01
  -5.9769624e-03 -6.5165676e-02  1.8736428e-03 -5.5698371e-03]
 [ 1.9897005e-02  2.4232177e-02 -1.9527298e-01  9.7271627e-01
   1.0225938e-01 -4.5097223e-03 -3.1424571e-02 -5.6951769e-02]
 [ 4.6422511e-02  2.6078163e-02  4.3786008e-02  6.7391403e-02
  -6.2022185e-01 -7.7797097e-01 -2.6616514e-02 -9.1397911e-03]
 [ 1.6861148e-02  2.5862411e-02 -5.0576571e-02  7.6591931e-02
  -7.7500141e-01  6.2120658e-01  5.8809884e-02  2.5283339e-02]
 [-2.0721335e-02 -3.3051096e-02 -2.8350989e-03  3.0687448e-02
   3.0871889e-02 -5.8812574e-02  9.9628884e-01  2.2911072e-02]
 [ 2.7077854e-02 -1.1833668e-02 -1.5719015e-02  5.1968709e-02
   1.9586572e-02 -2.1596013e-02 -2.6291301e-02  9.9731523e-01]]",82
10,11,9,0.9,1.537706732749939,"[[ 0.93038625 -0.26109198  0.01400328 -0.07152002 -0.05107134  0.14175032
   0.1515316   0.09216926  0.08211371]
 [ 0.2266511   0.9605543   0.0282662  -0.06787959 -0.02123043  0.07773293
   0.10662614  0.03861136  0.03471348]
 [-0.01514367 -0.02125289  0.9890317   0.1033605  -0.05944195  0.00263023
   0.04663991 -0.04367342 -0.05318873]
 [ 0.05595015  0.04274503 -0.10398775  0.9793124  -0.10945547  0.08740599
   0.02899659  0.03879381  0.0566579 ]
 [ 0.01181581  0.01149949 -0.03927536 -0.08791772 -0.95419604 -0.17114912
  -0.22086637 -0.0422971  -0.01015154]
 [-0.04183441 -0.00167172  0.02450603 -0.05446939 -0.02088192  0.8396797
  -0.5343868  -0.05961615  0.00763266]
 [ 0.03024835  0.02442962  0.06178002  0.01329979  0.09379306 -0.20495094
  -0.4246737   0.87240815 -0.04742147]
 [ 0.22764952  0.06992199  0.03915554  0.07336737  0.23900333 -0.42687294
  -0.6505758  -0.44111338  0.2814207 ]
 [-0.15818301 -0.03559059  0.05014789 -0.06545956 -0.06768578  0.08739726
   0.15717857  0.15994215  0.9510023 ]]",82
0,1,6,0.9,0.8909168839454651,"[[ 9.98405278e-01 -2.67439662e-03  2.61229668e-02 -1.46973049e-02
   2.80578118e-02 -3.86511795e-02]
 [ 4.59529925e-03  9.88507926e-01  2.20963659e-04  1.49965629e-01
  -1.11913327e-02 -1.46966539e-02]
 [-2.52204128e-02  6.07956806e-03  9.97782648e-01 -4.31940816e-02
  -4.27712053e-02  7.84939155e-03]
 [ 8.68654903e-03 -1.50088027e-01  4.58577648e-02  9.83468950e-01
   3.49345990e-02 -8.28470513e-02]
 [-3.35959718e-02  1.63673107e-02  4.05313820e-02 -4.31803539e-02
   9.92000818e-01 -1.05025746e-01]
 [-3.64059843e-02 -3.69783817e-03 -1.24932255e-03 -7.97050297e-02
  -1.09416813e-01 -9.90118384e-01]]",83
1,2,6,0.9,0.8909686803817749,"[[ 0.98488724  0.17011929  0.01061793 -0.0099145  -0.02857947  0.00536479]
 [-0.16641985  0.97200286 -0.06220137 -0.13517655  0.07218861 -0.0127258 ]
 [-0.02456922  0.11161535  0.8987696   0.42186567 -0.00118129 -0.03434509]
 [ 0.0040316  -0.09816815  0.43171787 -0.8959195   0.02019486 -0.0297801 ]
 [-0.03868153  0.06109301 -0.00302485 -0.02598902 -0.9874134  -0.13820826]
 [-0.0136176   0.02103624  0.04291917 -0.01763992 -0.13629933  0.989263  ]]",83
2,3,6,0.9,0.8204978108406067,"[[ 0.9975239   0.05884575  0.00343942 -0.02549751  0.0275766   0.00779584]
 [-0.0561404   0.99603885 -0.00933726  0.0364093  -0.05410023 -0.02038062]
 [-0.00475732  0.00983429  0.99816597 -0.05368098 -0.02489877  0.00661568]
 [ 0.02692298 -0.0338051   0.05472362  0.9971255   0.01965154 -0.02218519]
 [ 0.03056085 -0.05173048 -0.02358406  0.01999341 -0.99488467  0.07509116]
 [ 0.01062219 -0.02298716  0.00384847 -0.0219893  -0.07423741 -0.99666905]]",83
3,4,6,0.9,0.79982590675354,"[[ 0.99261457  0.11737394  0.00850462 -0.0167677   0.01875534 -0.01531387]
 [-0.11676931  0.99208724 -0.03381267  0.01985145  0.01784641  0.01649325]
 [-0.01008072  0.03089244  0.9950025   0.09163447 -0.01544957  0.01668724]
 [ 0.02050402 -0.02203252 -0.09110074  0.9933362   0.02868235  0.05705598]
 [-0.01835822 -0.01781684  0.01913707 -0.02302936  0.996778   -0.06987519]
 [-0.01490886  0.01513635  0.00942302  0.06066956 -0.06857084 -0.9955285 ]]",83
4,5,7,0.9,0.9410725235939026,"[[ 0.9962636   0.06297458  0.00468817 -0.02273649  0.04285392  0.01229528
   0.03108776]
 [-0.06184906  0.99194026 -0.09269115  0.05569033  0.00263379  0.01408654
   0.01819456]
 [-0.01440741  0.0961373   0.9909261  -0.08478872  0.0350797   0.01389682
   0.00166548]
 [ 0.02446454 -0.04445294  0.0899583   0.98703045  0.02126379 -0.11693123
   0.03128494]
 [-0.03914941 -0.00492638 -0.03612164 -0.01998259  0.992769   -0.04748159
  -0.09430926]
 [ 0.00566119  0.01897286  0.00288415 -0.11941069 -0.03650764 -0.9832087
   0.13156196]
 [-0.0355343  -0.02205208 -0.00680767 -0.01746964  0.0977283   0.12973227
   0.9856562 ]]",83
5,6,7,0.9,0.8373137712478638,"[[ 0.99142325 -0.11969496  0.00474085 -0.02924006 -0.00749615 -0.00398659
   0.04246907]
 [ 0.1191698   0.9925621   0.01633251 -0.0023794   0.01042286 -0.00817715
   0.01307914]
 [ 0.00221449 -0.01511913  0.96439165  0.2616078   0.00849713  0.02995027
  -0.01753589]
 [ 0.03047459  0.00276546 -0.2617343   0.96434975  0.02211128 -0.0069045
  -0.00719452]
 [ 0.00592705 -0.01208265  0.00193996 -0.02360877  0.986279   -0.16006768
  -0.02982882]
 [ 0.0063117   0.00630218 -0.03070937 -0.00521979  0.15982024  0.9865738
  -0.00892767]
 [-0.04324373 -0.00846188  0.01442102  0.01206759  0.03138831  0.00479287
   0.99834687]]",83
6,7,7,0.9,0.8530876636505127,"[[ 9.9730152e-01 -5.7057463e-02 -3.0138213e-02  2.2464236e-02
  -8.7506685e-04  2.6666077e-02  3.0596440e-03]
 [ 5.4344825e-02  9.9570596e-01 -5.6348193e-02  3.5578955e-02
   3.3699051e-02  5.7749390e-03 -2.5288258e-03]
 [ 3.8597893e-02  6.2601693e-02  9.5896953e-01 -2.7299064e-01
  -2.0431791e-02  3.0567388e-03  4.2292867e-03]
 [ 1.4550233e-02  1.6888348e-02 -2.7441138e-01 -9.6071839e-01
   3.3901446e-02 -7.2138584e-03 -4.5106942e-03]
 [ 1.8599398e-03 -3.2466091e-02  3.1146960e-02  2.6437204e-02
   9.9422175e-01 -9.0755709e-02 -2.3666400e-02]
 [-2.6914340e-02 -7.2524133e-03 -1.0249128e-03 -4.5574415e-03
   9.1111891e-02  9.9536765e-01  1.1962315e-02]
 [-2.6466087e-03  1.8230259e-03 -4.5961556e-03 -2.4784531e-03
   2.2775594e-02 -1.4172582e-02  9.9962133e-01]]",83
7,8,7,0.9,0.9379152655601501,"[[ 9.9369031e-01  1.0035281e-01 -1.9881729e-02  3.1636063e-02
   1.1976660e-02  5.1355143e-03 -3.0707082e-02]
 [-1.0191561e-01  9.9315763e-01  2.1157838e-02  5.1131386e-02
   9.3099223e-03 -1.6631915e-03 -9.9812998e-03]
 [ 2.6026919e-02 -1.0458564e-02  9.8711848e-01 -1.5354498e-01
  -6.6305121e-04 -3.4816843e-02  4.6633123e-03]
 [-2.2542905e-02 -5.6362122e-02  1.5413141e-01  9.8538435e-01
   2.5395921e-02  2.6007641e-02  1.5964357e-02]
 [-1.1191355e-02 -9.6525634e-03 -4.8351237e-03 -2.3498774e-02
   9.9696356e-01 -6.2786445e-02 -3.6434896e-02]
 [ 1.3162470e-03  4.2608711e-03  2.8222790e-02 -3.4821220e-02
   6.7991763e-02  9.7791398e-01  1.9243807e-01]
 [ 2.9668102e-02  1.3032687e-02 -1.3337782e-02 -7.8456318e-03
   2.3774851e-02 -1.9448476e-01  9.7995973e-01]]",83
8,9,8,0.9,0.9798607230186462,"[[ 9.9932963e-01 -1.2140790e-03 -2.4288598e-02  2.1707304e-03
   2.0626044e-02  1.2030487e-02 -2.0036090e-03 -1.3042034e-02]
 [-4.5773762e-04  9.9692011e-01 -1.1277420e-02  6.2117174e-02
   3.3063501e-02  2.1163603e-02  1.3265251e-03 -2.4929291e-02]
 [ 2.4837427e-02  3.1198889e-02  9.5151633e-01 -3.0164984e-01
  -2.7299777e-02 -3.1165948e-02  1.7483370e-02  3.3745961e-03]
 [ 3.6668302e-03 -5.8291592e-02  3.0549496e-01  9.4794565e-01
   4.3652784e-02  5.0433300e-02 -1.2591940e-02 -7.2705778e-03]
 [-1.1722781e-02 -1.7101517e-02  4.2739226e-03 -1.5598224e-02
   8.6606073e-01 -4.9918586e-01  7.7628200e-03  8.0748735e-04]
 [-2.0459833e-02 -3.0462241e-02  1.9999174e-02 -7.7547215e-02
   4.9543837e-01  8.6324620e-01 -2.4465036e-02 -3.1437874e-02]
 [ 2.2219185e-04 -5.0647808e-03 -1.2257058e-02  1.4754090e-02
   5.1036654e-03  2.3820255e-02  9.9628103e-01 -8.0231667e-02]
 [ 1.2400258e-02  2.3053018e-02 -1.9540072e-03  8.2796859e-03
   1.6858406e-02  3.0736741e-02  7.9343475e-02  9.9585038e-01]]",83
9,10,9,0.9,1.2156721353530884,"[[ 0.99751043 -0.02658492 -0.0075908   0.0141968  -0.02356986  0.02267221
   0.03756378 -0.03242005  0.02180533]
 [ 0.0252866   0.9934196   0.09569837 -0.02085304 -0.00908918  0.00197469
   0.03299909  0.00564107  0.0409619 ]
 [-0.00318007  0.09135248 -0.9818287  -0.14449514 -0.05742621 -0.05824273
   0.00519299 -0.00373844 -0.00688172]
 [-0.01460938  0.03353979 -0.14929959  0.97620875  0.1144809   0.0263794
  -0.01837127 -0.04266743  0.08618625]
 [ 0.03240094  0.01249945 -0.02591306 -0.10481315  0.9636139  -0.23009804
  -0.02791713  0.00632281 -0.06942844]
 [-0.01606898  0.00603701 -0.06109641 -0.05583309  0.22136365  0.96917987
   0.0384158   0.01621736 -0.05296324]
 [-0.03523846 -0.02882726  0.0011503   0.02505777  0.01724561 -0.04613469
   0.99511844  0.01356282 -0.06653994]
 [ 0.03133797 -0.00598863 -0.00978711  0.03970309 -0.00350615 -0.01100181
  -0.0113914   0.9977007   0.04050075]
 [ 0.02404718  0.04337146  0.00223177  0.09588502 -0.07137751 -0.02983166
  -0.06700715  0.03448424 -0.98827016]]",83
10,11,10,0.9,1.558979868888855,"[[ 0.94182706 -0.23578092  0.04379961  0.09495349  0.01970652  0.17235787
  -0.09364156 -0.042134   -0.06352525 -0.04194635]
 [ 0.2101102   0.96380097  0.09485426 -0.01283939  0.04611133  0.09413529
  -0.073383   -0.02845407 -0.00319057 -0.0242221 ]
 [-0.05471025 -0.07139884  0.98470795  0.0992326  -0.02838382 -0.09400913
   0.03955741 -0.02837008 -0.01139608 -0.01640842]
 [-0.03849509  0.04453593 -0.10090778  0.94145197  0.20653613 -0.12488683
   0.11872362  0.11013003  0.11323369 -0.05216188]
 [ 0.01786028 -0.03682931  0.02665621 -0.2148121   0.9535467  -0.16385587
   0.05702975 -0.06083295 -0.09169227 -0.00304865]
 [-0.02656233  0.00544349  0.02181288 -0.03360238  0.03568692  0.5643749
   0.816869   -0.02119027 -0.03445043 -0.09463822]
 [ 0.01240768  0.01159155  0.0347813  -0.05870579  0.01867127  0.03968781
  -0.0265587   0.92743504 -0.36199453 -0.03536345]
 [ 0.1626799   0.02014555  0.02256046 -0.14894108  0.00789708 -0.2004307
   0.22922659  0.30925423  0.7414651   0.46070454]
 [-0.02412206 -0.03315376  0.01759693 -0.10489127  0.05175553  0.08000161
  -0.13399278  0.14877616  0.5002564  -0.8292064 ]
 [-0.19004016 -0.07340629  0.0777007   0.10360862  0.20101783  0.7372118
  -0.47796908  0.04922962  0.20576984  0.2908874 ]]",83
0,1,6,0.9,0.8935676217079163,"[[ 9.98175561e-01 -6.27150852e-03  2.42086425e-02 -1.80082303e-02
   3.28770205e-02 -4.01852690e-02]
 [ 8.29346385e-03  9.89719093e-01  2.08514486e-03  1.41386986e-01
  -8.79870635e-03 -1.77576877e-02]
 [-2.24462021e-02 -4.17642249e-03  9.98742223e-01  1.36966035e-02
  -4.22940627e-02  4.03112452e-03]
 [ 1.25535689e-02 -1.42023236e-01 -1.18877059e-02  9.85428452e-01
   3.77721600e-02 -8.38717371e-02]
 [ 3.86534482e-02 -1.34498281e-02 -4.22134697e-02  4.40695174e-02
  -9.91677582e-01  1.05718613e-01]
 [-3.76981087e-02 -6.92017283e-03 -4.54077526e-04 -8.05383176e-02
  -1.10461213e-01 -9.89870012e-01]]",84
1,2,6,0.9,0.8981146812438965,"[[ 0.9820433   0.18589391  0.00838583 -0.00726612 -0.02901824  0.0083302 ]
 [-0.18090323  0.9663535  -0.09531351 -0.1378435   0.07242087 -0.01022739]
 [-0.03098754  0.14573163  0.87032956  0.46751952  0.00750082 -0.04120536]
 [ 0.00518958 -0.07817183  0.48020777 -0.8726709   0.02211486 -0.03491616]
 [-0.03990779  0.061934    0.00281594 -0.02366412 -0.9871668  -0.13966158]
 [-0.01689195  0.02049279  0.05257527 -0.0160425  -0.13736647  0.9886372 ]]",84
2,3,6,0.9,0.8519766926765442,"[[ 9.96235371e-01  7.59868771e-02  4.63586155e-04 -2.66080033e-02
   3.14079374e-02 -6.81053987e-03]
 [-7.28399605e-02  9.94433939e-01 -2.38588434e-02  3.79523598e-02
  -6.02775179e-02  1.23492246e-02]
 [-5.50061418e-03  2.74097305e-02  9.91499960e-01 -1.23329535e-01
  -1.65366642e-02 -2.57433318e-02]
 [ 2.90681459e-02 -3.29530463e-02  1.25042453e-01  9.90801752e-01
   1.15716935e-03  2.72760261e-02]
 [ 3.52299437e-02 -5.71780205e-02 -1.65943932e-02  2.55161594e-03
  -9.94302690e-01 -8.10540169e-02]
 [ 9.64499358e-03 -1.48538826e-02  2.11532526e-02 -3.07691582e-02
  -8.04206207e-02  9.95903909e-01]]",84
3,4,7,0.9,0.9861165881156921,"[[ 9.9425167e-01  9.6664555e-02 -9.6628238e-03 -3.1289268e-02
  -2.6220515e-02 -1.8708916e-02 -3.1115089e-03]
 [-9.6336670e-02  9.9488896e-01 -1.7405972e-02  2.0028668e-02
  -1.0171369e-02  1.0355341e-02  6.7555066e-04]
 [ 1.3000327e-02  1.6553540e-02  9.9286169e-01  1.0520722e-01
   3.7790641e-02  3.2009348e-02  1.6163232e-02]
 [ 3.2520782e-02 -1.9721685e-02 -1.0615932e-01  9.9058092e-01
  -3.3172026e-02  6.9938786e-02  6.4245202e-03]
 [-2.6729884e-02 -1.0891756e-02  4.3002255e-02 -2.3654642e-02
  -9.9639678e-01 -6.2857553e-02 -7.6174922e-04]
 [ 1.5260504e-02 -8.3626145e-03 -2.1511061e-02 -7.5171098e-02
  -6.2198315e-02  9.9469036e-01 -1.7496886e-02]
 [ 2.9872186e-03 -6.6700304e-04 -1.5732625e-02 -9.5116105e-03
  -2.3204216e-03  1.6329259e-02  9.9969029e-01]]",84
4,5,7,0.9,0.8949926495552063,"[[ 0.9964212   0.04884302  0.00245225  0.02348645  0.05198621  0.00624793
   0.03821029]
 [-0.04785622  0.99093896 -0.09316811 -0.078644    0.00442712  0.0082842
   0.02821566]
 [-0.00938094  0.09743252  0.9930737   0.05612164  0.02225228  0.02094191
  -0.0118439 ]
 [ 0.02701114 -0.06989656  0.06520955 -0.98789483  0.00843077 -0.11878072
  -0.0040421 ]
 [ 0.04782134  0.00494392  0.02314984 -0.01125412 -0.9930155   0.04051018
   0.09646326]
 [ 0.00279085  0.01805586  0.01380724  0.11838212 -0.03705364 -0.9910816
   0.04295946]
 [-0.0417421  -0.03041439  0.01181468 -0.00604809  0.09622243  0.03822405
   0.9931951 ]]",84
5,6,7,0.9,0.8451865315437317,"[[ 0.99261713 -0.11078691  0.01013019 -0.02910575 -0.01036028 -0.00973212
   0.03585751]
 [ 0.11034235  0.9931299   0.02335066  0.01344736  0.00794534 -0.02288936
   0.01429153]
 [-0.00152714 -0.0251707   0.9445985   0.32357097  0.00787125  0.04047218
  -0.02645224]
 [-0.03050062  0.0086422   0.32408896 -0.9453548  -0.0085778   0.00747645
   0.01167026]
 [ 0.00814929 -0.01222912  0.00168682 -0.01056982  0.98333186 -0.1772059
  -0.0364133 ]
 [ 0.01269718  0.02032707 -0.03956529 -0.00720933  0.17843188  0.9822222
   0.03478264]
 [-0.03708938 -0.01216943  0.02199876  0.0203586   0.03023988 -0.03905259
   0.9975663 ]]",84
6,7,7,0.9,0.8625259399414062,"[[ 0.9970918  -0.052974   -0.03522635  0.03087639  0.00982642  0.02641305
   0.00365339]
 [ 0.05002063  0.99659896 -0.04902019  0.02537241  0.03495059  0.00190011
   0.00406375]
 [ 0.04793136  0.05400183  0.9081453  -0.410548   -0.0378085   0.00289196
   0.00842352]
 [ 0.01394662  0.00112857 -0.4111278  -0.9105995   0.0323921  -0.02135356
   0.00901742]
 [-0.00855437 -0.03214936  0.05040279  0.01357161  0.9960799  -0.0569896
  -0.02730513]
 [-0.0266865  -0.00232567 -0.00746386 -0.01869375  0.05663046  0.99744225
  -0.02791523]
 [-0.00535867 -0.00526872 -0.00244875  0.01131202  0.02865184  0.02637422
   0.99914616]]",84
7,8,8,0.9,0.9952574372291565,"[[ 9.9434602e-01  6.2143467e-02 -1.6487692e-02  3.3969831e-02
   2.7205542e-02 -4.9395219e-04 -3.6904693e-02 -6.2337559e-02]
 [-6.4414240e-02  9.9577945e-01  4.4254210e-02  4.0710419e-02
   6.6448338e-03 -1.5311086e-02 -1.5044774e-02 -1.2384035e-02]
 [ 2.7363742e-02 -3.0615207e-02  9.6543813e-01 -2.5610578e-01
   1.7301211e-02 -9.4772112e-03  1.0204579e-02  1.2633841e-02]
 [-2.6976341e-02 -5.2471407e-02  2.5480518e-01  9.6442807e-01
   2.6551772e-02  1.9799473e-02  7.8736544e-03 -1.7682036e-02]
 [-2.6339851e-02 -7.0470814e-03 -2.3411291e-02 -2.1409187e-02
   9.9836761e-01 -3.5837296e-02 -1.1288267e-02  1.0031005e-02]
 [-3.1718607e-03  1.5891386e-02  3.4329668e-03 -2.4197061e-02
   3.7286829e-02  9.8783922e-01  1.0613938e-01 -1.0323675e-01]
 [ 2.7347000e-02  1.3817801e-02 -1.1366639e-02 -3.6239054e-03
   8.5868472e-03 -1.1950706e-01  9.8410469e-01 -1.2689087e-01]
 [ 6.4795986e-02  1.9436568e-02 -9.1695478e-03  2.0491280e-02
  -3.0954778e-03  8.8830352e-02  1.3561217e-01  9.8418927e-01]]",84
8,9,8,0.9,0.9854679107666016,"[[ 9.98473644e-01  4.11989652e-02  1.27739115e-02  2.25025304e-02
   1.52024915e-02  1.87799409e-02 -5.12960320e-03 -8.56777560e-03]
 [-4.29327674e-02  9.97374952e-01  6.63368322e-04  5.11176512e-02
   1.11384895e-02  1.17995022e-02 -1.39880674e-02 -1.80970486e-02]
 [ 1.57920811e-02  9.77855176e-03 -9.86552775e-01 -1.60863742e-01
   1.38924355e-02 -1.31367438e-03  1.60900019e-02  6.16962276e-03]
 [-2.03996785e-02 -5.32408580e-02 -1.60770193e-01  9.80102122e-01
   4.36700135e-02  8.45984966e-02 -3.03431787e-02 -1.78114008e-02]
 [-4.95196367e-03 -4.66304878e-03  1.30026173e-02  1.82291784e-03
   8.90596271e-01 -4.54212010e-01  1.75955109e-02 -1.22153503e-03]
 [-2.15803944e-02 -1.28082857e-02  1.93530396e-02 -9.67118591e-02
   4.51688707e-01  8.83985698e-01 -5.85881807e-02 -2.75046788e-02]
 [ 2.02003750e-03  1.05787395e-02  1.17155202e-02  2.63280608e-02
   1.11538013e-02  6.09190837e-02  9.95175064e-01 -6.96050003e-02]
 [ 6.87981909e-03  1.78290457e-02  4.72328346e-03  1.88019462e-02
   1.53606450e-02  2.99840514e-02  6.69556037e-02  9.96815443e-01]]",84
9,10,8,0.9,1.1055715084075928,"[[ 0.9981518  -0.01436664 -0.01671324  0.00242477 -0.02565115  0.03110652
   0.018109   -0.03532612]
 [ 0.01434169  0.99414325  0.09354587  0.01950428 -0.03513771  0.0052378
   0.03251601  0.00480128]
 [ 0.01431319 -0.0949859   0.9823602   0.14219396  0.03006074  0.06321115
   0.00501138  0.02444792]
 [-0.0076756  -0.00429347 -0.14664488  0.9856283   0.02686583  0.06307486
  -0.00891985 -0.04663688]
 [ 0.03458368  0.03585344 -0.00428547 -0.00649636  0.94687504 -0.3168128
  -0.0191605  -0.01216675]
 [-0.02151525  0.01250242 -0.05850289 -0.07637077  0.3158632   0.94288135
   0.02722169  0.02428711]
 [-0.01510569 -0.03145481 -0.00944845  0.01223993  0.01146886 -0.03378688
   0.99657637  0.06407555]
 [ 0.03655818 -0.00101515 -0.03005498  0.04366827  0.00290769 -0.02221855
  -0.06509525  0.9955465 ]]",84
10,11,9,0.9,1.4210673570632935,"[[ 9.13471699e-01 -3.29758614e-01  4.25922498e-02  1.53195066e-02
  -5.19631654e-02  1.37978837e-01  1.62819251e-01  6.39725327e-02
  -4.93868329e-02]
 [ 2.97191828e-01  9.36236024e-01  1.20357789e-01 -7.51004508e-03
  -2.41584498e-02  8.73833522e-02  1.09426282e-01  1.98337715e-02
   3.10939015e-03]
 [-6.86176941e-02 -9.92697626e-02  9.89681840e-01  1.35130700e-04
   1.72568075e-02 -4.87724915e-02 -9.29772970e-04 -5.36761358e-02
   2.02101544e-02]
 [ 8.44850484e-03  1.73563492e-02  6.41456340e-04  9.76780593e-01
   1.89104810e-01  1.93716083e-02 -7.59287924e-02 -6.63618185e-03
  -5.98465763e-02]
 [ 2.44568959e-02 -5.04882820e-03 -9.67323501e-03 -1.78970128e-01
   9.70394135e-01  1.10127434e-01  9.38863382e-02  3.21752876e-02
   6.00802861e-02]
 [-6.95984587e-02 -1.90586466e-02  3.44162211e-02 -3.67477834e-02
  -6.50634766e-02  9.02496517e-01 -4.09719646e-01 -7.51975775e-02
  -6.24178356e-05]
 [-3.13136191e-03  1.28114875e-02  4.92267944e-02 -1.26101207e-02
  -1.57479057e-03 -5.35523407e-02 -2.87635565e-01  9.54163492e-01
   3.48024257e-02]
 [ 2.43960008e-01  6.30586520e-02 -8.80391058e-03 -9.45568308e-02
   1.17450938e-01 -3.71052563e-01 -8.24147522e-01 -2.63904929e-01
  -1.64769158e-01]
 [ 8.65933523e-02 -6.02226006e-03 -2.12261118e-02  5.59278578e-02
  -3.10227610e-02 -5.82769215e-02 -1.30811140e-01 -7.63231218e-02
   9.80607748e-01]]",84
0,1,6,0.9,0.887856662273407,"[[ 0.99820465 -0.00957637  0.02542633 -0.01551857  0.03369259 -0.03838519]
 [ 0.01146814  0.9892448   0.00615963  0.14431326 -0.01352193 -0.01470156]
 [-0.02355023 -0.00990784  0.99837697  0.02316589 -0.04526456  0.00227852]
 [ 0.01019614 -0.14441274 -0.02222954  0.98530215  0.03623534 -0.08008429]
 [-0.03862396  0.01819677  0.04542653 -0.03983247  0.99309254 -0.09107238]
 [-0.03613511 -0.00432607 -0.00115808 -0.07739005 -0.09532788 -0.99176484]]",85
1,2,6,0.9,0.8880883455276489,"[[ 0.98334634  0.17924759  0.01133808 -0.00606143 -0.0262352   0.0068327 ]
 [-0.17410213  0.9673991  -0.09258324 -0.14046636  0.07355185 -0.01072919]
 [-0.03274746  0.13867031  0.901144    0.40712735  0.00413182 -0.04321832]
 [ 0.00681982 -0.09103995  0.4200564  -0.9020914   0.01438217 -0.03524436]
 [-0.03703376  0.06362632 -0.00464498 -0.01915538 -0.9872884  -0.13947493]
 [-0.01509966  0.02105401  0.05263337 -0.01854758 -0.13762084  0.98857224]]",85
2,3,6,0.9,0.8267378211021423,"[[ 0.9971226   0.06259056 -0.00895791 -0.02880204  0.02891224 -0.00912114]
 [-0.05956578  0.9952529  -0.01793439  0.03898389 -0.06076657  0.01973792]
 [ 0.00684701  0.0193861   0.99861246 -0.04329709 -0.01638035 -0.01440022]
 [ 0.03086494 -0.03525797  0.04441424  0.9974012   0.02536404  0.01947078]
 [ 0.03263032 -0.058972   -0.01516505  0.02397565 -0.9958122  -0.05487164]
 [ 0.01158231 -0.02138714  0.01298201 -0.01980057 -0.05401851  0.9979629 ]]",85
3,4,7,0.9,0.9010527729988098,"[[ 0.9932457   0.10749245 -0.00440274 -0.0332857  -0.02266045 -0.01628591
  -0.00148906]
 [-0.10722314  0.99344695 -0.02974358  0.01873065 -0.01528064  0.00911772
  -0.00378943]
 [ 0.00898979  0.026547    0.97833604  0.203382    0.01708892  0.01882824
   0.0078968 ]
 [ 0.03426089 -0.02192104 -0.20304234  0.9756918  -0.03927765  0.0599555
   0.00275729]
 [-0.02323857 -0.01576219  0.02573855 -0.02912181 -0.99535793 -0.08315074
  -0.00703646]
 [ 0.01305019 -0.00793067 -0.00376275 -0.06570833 -0.08122944  0.994109
  -0.02416862]
 [ 0.0010595   0.00347415 -0.00719756 -0.0060701  -0.00908856  0.02314579
   0.99963987]]",85
4,5,7,0.9,0.9375890493392944,"[[ 9.96129751e-01  5.59709109e-02  3.46172834e-03 -2.96161398e-02
  -4.94286716e-02  1.00321742e-02  3.40574905e-02]
 [-5.48526011e-02  9.92768288e-01 -9.22350511e-02  4.86122184e-02
  -4.87985293e-04  9.78809036e-03  2.08718218e-02]
 [-1.10327415e-02  9.32162255e-02  9.94393408e-01 -2.94379573e-02
  -3.22794467e-02  1.91999227e-02 -9.67962854e-03]
 [ 3.09908744e-02 -4.27557975e-02  3.51778567e-02  9.90824461e-01
  -2.72677783e-02 -1.15045741e-01  1.61820352e-02]
 [ 4.61503826e-02  2.29695253e-03  3.33888121e-02  2.85873190e-02
   9.92402077e-01  4.60833982e-02  9.45907757e-02]
 [ 3.86830955e-03  1.49057470e-02  1.65586527e-02 -1.15309156e-01
   3.82144563e-02 -9.86606479e-01  1.06488526e-01]
 [-3.85980047e-02 -2.30957493e-02  6.00893097e-03 -6.82579214e-03
  -9.72060114e-02  1.03360474e-01  9.88818347e-01]]",85
5,6,7,0.9,0.8300569653511047,"[[ 0.9918847  -0.11564375  0.01257564 -0.03404856  0.00124403 -0.00948702
   0.03717818]
 [ 0.11537874  0.9928066   0.02002179  0.01423761  0.00751057 -0.01460141
   0.01222726]
 [-0.00563063 -0.02137568  0.97242445  0.2269569   0.01040083  0.03890669
  -0.02776302]
 [ 0.03516372 -0.01335603 -0.22770974  0.9728583   0.01194767  0.0027022
  -0.01140716]
 [ 0.00207475  0.00830311  0.00385227  0.01329998 -0.9902805   0.12967563
   0.04757821]
 [ 0.00957739  0.01296144 -0.03673221 -0.01272893  0.13106425  0.98990405
   0.03378127]
 [-0.03857747 -0.00944622  0.02481764  0.01834116  0.04310117 -0.03807898
   0.997077  ]]",85
6,7,7,0.9,0.8494676351547241,"[[ 9.98368323e-01 -3.29754725e-02 -2.81509552e-02  2.79980693e-02
   2.62462953e-03  2.42903773e-02  1.03902654e-04]
 [ 2.98992861e-02  9.96379375e-01 -6.20687716e-02  3.71604189e-02
   3.25561538e-02  5.46447886e-03 -3.30563053e-03]
 [ 3.65815647e-02  6.92412779e-02  9.63069856e-01 -2.56386071e-01
  -2.44325548e-02  4.72891098e-03  3.26267234e-03]
 [ 2.03509461e-02  1.81245711e-02 -2.58048981e-01 -9.65050220e-01
   3.66042331e-02 -2.50932155e-03  1.55590969e-04]
 [-1.83752517e-03 -3.10570691e-02  3.54008339e-02  2.78539993e-02
   9.95969713e-01 -6.52120337e-02 -2.81894039e-02]
 [-2.46887822e-02 -7.04801269e-03 -1.78297225e-03 -3.50442395e-04
   6.39139339e-02  9.96782422e-01 -4.09547277e-02]
 [-1.19183178e-03  1.90662837e-03 -2.38235760e-03  1.87975180e-03
   3.09132915e-02  3.90338786e-02  9.98752415e-01]]",85
7,8,8,0.9,0.9767648577690125,"[[ 9.9568439e-01  3.7772954e-02 -2.0539718e-02  3.4627572e-02
   1.7967915e-02 -3.8741604e-05 -3.6886230e-02 -6.2301010e-02]
 [-4.0115453e-02  9.9716008e-01  3.2725379e-02  5.0505035e-02
   3.8707627e-03 -1.1351738e-02 -1.4232897e-02 -9.7099803e-03]
 [ 2.9838450e-02 -1.9104429e-02  9.7225082e-01 -2.2946721e-01
   1.2300317e-02 -1.4711065e-02 -7.3086325e-04  2.1202445e-02]
 [-2.7764220e-02 -5.7655584e-02  2.2924995e-01  9.7072285e-01
   1.7611533e-02  2.1228235e-02  8.4349653e-03 -1.4649481e-02]
 [-1.7660774e-02 -3.1214049e-03 -1.5638029e-02 -1.5374942e-02
   9.9784398e-01  4.1728087e-02 -3.6038145e-02  2.1560080e-02]
 [-1.1335780e-03  1.2963056e-02  1.2157006e-02 -2.5990201e-02
  -3.3775855e-02  9.8238194e-01  1.3599020e-01 -1.1957804e-01]
 [ 2.7454231e-02  1.2362078e-02 -1.4252561e-03 -6.0649891e-03
   4.4702377e-02 -1.4937605e-01  9.7952425e-01 -1.2359350e-01]
 [ 6.5385357e-02  1.5003858e-02 -1.6898431e-02  1.8531788e-02
  -1.9209335e-02  1.0037580e-01  1.3822192e-01  9.8250747e-01]]",85
8,9,8,0.9,0.9709134697914124,"[[ 9.99386311e-01 -1.51433609e-02 -3.42683843e-03  1.34356767e-02
   1.36843305e-02  2.29534004e-02 -6.02674298e-03 -7.41734821e-03]
 [ 1.36431055e-02  9.97929633e-01  6.90744119e-03  5.32945432e-02
   1.38513250e-02  1.76517330e-02 -2.64455145e-03 -2.34922823e-02]
 [ 6.71518221e-03  5.38284425e-03  9.74117458e-01 -2.24447086e-01
   1.37858987e-02 -1.47417514e-02  1.44921830e-02  5.21868700e-03]
 [-1.49068134e-02 -5.47660626e-02  2.25303352e-01  9.69785154e-01
  -2.11052853e-03  7.05002695e-02 -1.82893705e-02 -1.49814859e-02]
 [-2.85383081e-03 -6.48283632e-03 -1.12505667e-02  3.60801220e-02
   9.00457144e-01 -4.32742804e-01  2.01772563e-02  4.99307085e-03]
 [-2.63558086e-02 -1.87203232e-02 -6.70963526e-03 -6.51398078e-02
   4.34185147e-01  8.96965444e-01 -2.95811426e-02 -2.69811377e-02]
 [ 4.47742408e-03 -5.19469671e-04 -9.83308442e-03  1.74520295e-02
  -5.97075140e-03  3.48967239e-02  9.96546626e-01 -7.22486153e-02]
 [ 7.12594669e-03  2.20479816e-02 -2.41492549e-03  1.64311882e-02
   7.13513140e-03  3.07062156e-02  7.08863139e-02  9.96578455e-01]]",85
9,10,9,0.9,1.2586499452590942,"[[ 9.96588469e-01 -4.96741058e-03  8.16377066e-03  1.42297766e-03
  -4.01901975e-02  2.45950166e-02  3.40546146e-02 -3.68115902e-02
  -4.45324741e-02]
 [ 3.53842066e-03  9.95864630e-01  8.08299333e-02 -1.24123199e-02
  -1.53287565e-02  2.98692263e-04  3.23515646e-02  9.06637311e-03
   1.37674622e-02]
 [ 8.18808842e-03  7.83369094e-02 -9.86692905e-01 -1.23226881e-01
  -2.29184143e-02 -6.47039786e-02  3.87235964e-03 -1.47296619e-02
  -1.02326730e-02]
 [-3.98501009e-03  2.37970855e-02 -1.23237424e-01  9.89387512e-01
   9.59299598e-03  3.63866463e-02 -1.00848759e-02 -4.68957350e-02
  -4.03200909e-02]
 [ 4.51917574e-02  1.48976576e-02  8.98336712e-03  5.00279572e-03
   8.99132371e-01 -4.31274146e-01 -2.97038555e-02 -2.18234453e-02
  -4.28375416e-02]
 [-2.83955899e-03  9.14016925e-03 -6.33521602e-02 -4.24615405e-02
   4.34047729e-01  8.95836830e-01  3.68201025e-02  1.84759255e-02
   3.83886136e-02]
 [-3.04571670e-02 -3.25633883e-02  1.40842446e-03  1.48839867e-02
   1.36298705e-02 -4.81352434e-02  9.96990860e-01  2.63166688e-02
   2.45420560e-02]
 [ 3.40546630e-02 -4.90469625e-03 -1.81866512e-02  4.14748490e-02
   8.16102978e-03 -1.84482969e-02 -2.45520212e-02  9.93181825e-01
  -9.66719538e-02]
 [ 5.07769845e-02 -1.16587728e-02 -1.49191562e-02  4.47395444e-02
   2.10636184e-02 -5.20188138e-02 -2.90740039e-02  9.06987116e-02
   9.91383076e-01]]",85
10,11,11,0.9,1.65849769115448,"[[ 9.18323934e-01 -2.73172468e-01  4.23572212e-02  9.16558057e-02
  -9.28966329e-02  1.57084286e-01  1.62971318e-01  3.02462317e-02
  -5.90202585e-03  4.35925350e-02  9.56459716e-02]
 [ 2.29460508e-01  9.53492045e-01  9.00290087e-02  2.29717754e-02
  -4.20983508e-02  9.61402580e-02  1.17062077e-01  5.69185335e-03
   4.17554490e-02  1.94957498e-02  5.18952087e-02]
 [-4.10894677e-02 -6.66981116e-02  9.88101244e-01  3.86616476e-02
   2.02211924e-02 -7.68054575e-02 -4.16902453e-02 -6.49005994e-02
  -3.98590080e-02 -4.39374037e-02 -1.57101396e-02]
 [-8.40108469e-03  2.48757638e-02 -4.69257943e-02  8.85010839e-01
   4.31108862e-01 -4.38216217e-02 -1.34397864e-01  3.30586024e-02
  -3.14806402e-02  7.70121515e-02 -3.40887951e-03]
 [ 5.52579165e-02 -1.03839310e-02  1.44506590e-02 -3.68781239e-01
   8.70633483e-01  1.77404270e-01  2.45674983e-01 -3.37672569e-02
  -3.27721611e-02 -8.80752206e-02 -2.87682377e-02]
 [-3.34687158e-02 -9.08740272e-04  2.86273230e-02 -2.77548451e-02
  -2.90434994e-02  8.14767420e-01 -5.59314072e-01 -8.77009928e-02
  -9.59456488e-02 -2.06055697e-02 -4.94555607e-02]
 [ 2.72807060e-03  1.54482573e-02  4.83757742e-02 -5.98891303e-02
   2.64472757e-02 -3.26206721e-03 -1.18881978e-01  9.63496327e-01
  -1.80752233e-01 -1.30457222e-01  3.11205052e-02]
 [ 1.61576897e-01  3.36579233e-02 -3.25528556e-03 -1.98032692e-01
   1.91813514e-01 -3.20214957e-01 -6.02197230e-01  6.06044941e-03
   4.72448260e-01  1.82673305e-01  4.18267190e-01]
 [ 6.86773192e-03 -3.12877186e-02  1.57809500e-02  1.01386666e-01
  -3.44047323e-02  1.17552549e-01  7.48395398e-02  1.00902304e-01
   7.51950800e-01 -5.06778955e-01 -3.67975801e-01]
 [-6.84610456e-02 -3.50870043e-02  7.05804378e-02 -3.59041467e-02
   3.47749121e-03  1.54172331e-01  1.51929200e-01  1.95415005e-01
   3.11452985e-01  8.20157290e-01 -3.64828348e-01]
 [-2.59322017e-01 -8.64412561e-02  5.42652458e-02  1.23250112e-01
  -7.61597157e-02  3.50439787e-01  4.01608825e-01  9.04767662e-02
   2.58941293e-01  4.24852557e-02  7.34986484e-01]]",85
0,1,6,0.9,0.8867509961128235,"[[ 0.99828255 -0.00956947  0.02668777 -0.01501252  0.03048635 -0.0383852 ]
 [ 0.01129459  0.98840356  0.01044896  0.1497428  -0.01351295 -0.01470407]
 [-0.0256561  -0.00700201  0.9983897  -0.02501142 -0.04322318  0.00410508]
 [ 0.00839511 -0.1501552   0.02581653  0.98424006  0.03846435 -0.08067466]
 [-0.03534147  0.01889238  0.04149433 -0.04400514  0.9934042  -0.08879133]
 [-0.03642431 -0.00378936 -0.00286987 -0.07785343 -0.09321111 -0.99191797]]",86
1,2,6,0.9,0.890372097492218,"[[ 0.9849318   0.17008318  0.01344281 -0.00903073 -0.02638407  0.00474426]
 [-0.16591214  0.97094613 -0.07202163 -0.13768554  0.07356728 -0.01342177]
 [-0.02907539  0.11668447  0.9159821   0.38053727 -0.00414654 -0.04111208]
 [ 0.00432546 -0.10137113  0.39142174 -0.9139573   0.01467525 -0.03100011]
 [-0.03671069  0.06271663 -0.01022518 -0.02278701 -0.9878424  -0.13513876]
 [-0.01306053  0.02259477  0.04788809 -0.0177612  -0.13351598  0.98938555]]",86
2,3,6,0.9,0.8205112814903259,"[[ 0.9977999   0.05194937 -0.00715414 -0.02746616  0.02853756  0.00875793]
 [-0.04901832  0.99605066 -0.01199392  0.03975775 -0.05770954 -0.02062441]
 [ 0.00666386  0.01194264  0.99963146 -0.01276311 -0.01848404  0.0067198 ]
 [ 0.02895741 -0.03718778  0.01359233  0.99829555  0.02527318 -0.01900141]
 [ 0.0313559  -0.05599257 -0.01806914  0.02365185 -0.99550503  0.06297174]
 [ 0.01124619 -0.0228829   0.0055194  -0.01867149 -0.06200427 -0.99756014]]",86
3,4,6,0.9,0.7976931929588318,"[[ 0.9926927   0.11613509  0.00310797 -0.02279034 -0.01761186 -0.01531828]
 [-0.11578988  0.99227047 -0.03586999  0.01393522 -0.0187155   0.01267732]
 [-0.00298804  0.03314337  0.9868491   0.15738952  0.00987063  0.01235148]
 [ 0.02552217 -0.0178418  -0.15682037  0.9849849  -0.03113377  0.05721173]
 [-0.01737853 -0.01882052  0.01542549 -0.02393963 -0.9956041  -0.08547092]
 [-0.01384288  0.01186375  0.00140416  0.06121004  0.08393673 -0.99442124]]",86
4,5,7,0.9,0.9558600783348083,"[[ 9.9613005e-01  6.2474675e-02  9.1417758e-03 -2.6095565e-02
   4.4657059e-02  1.1778883e-02  3.0400556e-02]
 [-6.0827795e-02  9.9319386e-01 -8.5019581e-02  4.7819242e-02
  -2.4472256e-04  1.1980677e-02  1.4401663e-02]
 [-1.8418076e-02  8.7507822e-02  9.9189371e-01 -8.0033302e-02
   3.7554167e-02  1.7516050e-02 -5.2559050e-03]
 [ 2.6661428e-02 -3.7752904e-02  8.4632054e-02  9.8812175e-01
   2.8134264e-02 -1.1261758e-01  2.9024642e-02]
 [ 4.1391533e-02  2.6332210e-03  3.9962240e-02  2.5981274e-02
  -9.9295986e-01  4.2261519e-02  9.0843014e-02]
 [ 5.0977836e-03  1.6627954e-02  8.6250780e-03 -1.1523594e-01
  -3.2713559e-02 -9.8448014e-01  1.2677711e-01]
 [-3.5149705e-02 -1.7222686e-02 -1.0340594e-03 -1.6971719e-02
   9.3618058e-02  1.2546305e-01  9.8674887e-01]]",86
5,6,7,0.9,0.8385283946990967,"[[ 9.9142730e-01 -1.1858512e-01  5.4331417e-03 -3.6032397e-02
   2.0621559e-03 -9.0438807e-03  3.9944410e-02]
 [ 1.1827374e-01  9.9245799e-01  2.5209937e-02  9.3350308e-03
   7.1927062e-03 -9.3505355e-03  1.3291209e-02]
 [ 1.3009504e-04 -2.6199995e-02  9.7770369e-01  2.0388575e-01
   9.1597056e-03  3.5315894e-02 -2.2554111e-02]
 [ 3.5914168e-02 -8.3165495e-03 -2.0447604e-01  9.7801048e-01
   1.6629098e-02 -5.3109758e-04 -7.0250514e-03]
 [-3.2538041e-03 -7.3363497e-03 -1.8211498e-03 -1.7503109e-02
   9.8989761e-01 -1.3514604e-01 -3.8263764e-02]
 [ 9.3795862e-03  8.1349704e-03 -3.4766503e-02 -9.2703579e-03
   1.3522236e-01  9.9007177e-01  4.8970631e-03]
 [-4.1167859e-02 -9.4420845e-03  2.0201894e-02  1.2183213e-02
   3.7431963e-02 -8.7580774e-03  9.9808902e-01]]",86
6,7,7,0.9,0.8546550273895264,"[[ 9.9832064e-01 -3.8013928e-02 -2.6572263e-02 -2.4345266e-02
  -1.0261785e-03  2.4719125e-02  6.8416703e-05]
 [ 3.5079509e-02  9.9579602e-01 -6.6601835e-02 -4.0728882e-02
   3.1847779e-02  4.2587798e-03 -5.7219258e-03]
 [ 3.3863205e-02  7.3247172e-02  9.7209495e-01  2.1972288e-01
  -1.4417492e-02  5.7947394e-03  4.4417724e-05]
 [ 1.8805027e-02  2.3249945e-02 -2.2206376e-01  9.7400421e-01
   3.2821786e-02 -1.7755853e-03 -5.3552585e-03]
 [ 2.0191402e-03 -3.1146476e-02  2.3814166e-02 -2.7652174e-02
   9.9462068e-01 -8.9734860e-02 -1.9276096e-02]
 [-2.4917085e-02 -6.6107870e-03 -2.9390175e-03 -1.3440867e-03
   8.9263126e-02  9.9543160e-01 -2.1747531e-02]
 [-2.7146557e-04  5.0798701e-03 -1.2170663e-03  4.4146320e-03
   2.1482078e-02  1.9940389e-02  9.9954695e-01]]",86
7,8,7,0.9,0.9370797872543335,"[[ 0.99619013  0.07129857 -0.02268668  0.03091603  0.00926547  0.00337382
  -0.0308887 ]
 [-0.07289146  0.99600387  0.01116814  0.04870132  0.00770557 -0.00430733
  -0.00941992]
 [ 0.02651577 -0.00382096  0.9928412  -0.11269318  0.00570035 -0.02842253
   0.00294613]
 [ 0.02436881  0.05146846 -0.1134716  -0.99136305 -0.02020136 -0.0226067
  -0.0127088 ]
 [-0.00982189 -0.00783057 -0.00739187 -0.01967943  0.99848217  0.00689845
  -0.04884699]
 [ 0.00360261  0.00739334  0.0242986  -0.02721815  0.00255338  0.9798953
   0.19595881]
 [ 0.02976191  0.01064461 -0.01030397 -0.0066215   0.04940639 -0.19598171
   0.9787753 ]]",86
8,9,8,0.9,0.9807215929031372,"[[ 9.9951512e-01  8.5311470e-04 -7.4691190e-03  3.8518501e-03
   2.0628283e-02  1.7986994e-02 -2.3655905e-03 -1.1981793e-02]
 [-2.4410589e-03  9.9711907e-01 -9.1373865e-03  6.0905885e-02
   3.0721536e-02  2.1400819e-02  4.0872362e-03 -2.3149837e-02]
 [ 9.1983378e-03  2.6651127e-02  9.6118873e-01 -2.7168727e-01
  -1.5127818e-02 -3.0273678e-02  1.7361177e-02  7.7806162e-03]
 [-2.9820895e-03 -5.7809044e-02  2.7457124e-01  9.5829302e-01
   1.8753424e-02  4.9499687e-02 -8.5634338e-03 -7.6867375e-03]
 [-7.8718401e-03 -1.5331737e-02 -3.1019401e-04  1.0212970e-02
   8.4601665e-01 -5.3261918e-01  1.3084145e-02  1.0457071e-04]
 [-2.6077727e-02 -3.1133508e-02  1.9056186e-02 -6.1710149e-02
   5.3110182e-01  8.4334362e-01 -1.4038371e-02 -2.6163349e-02]
 [ 1.1630030e-03 -6.7310031e-03 -1.3664784e-02  1.1025146e-02
  -4.2846282e-03  1.8076047e-02  9.9729747e-01 -6.8540059e-02]
 [ 1.1258084e-02  2.1233086e-02 -6.1260541e-03  1.0107534e-02
   1.4779242e-02  2.4762953e-02  6.8062209e-02  9.9690449e-01]]",86
9,10,9,0.9,1.2661994695663452,"[[ 9.96470392e-01 -2.27984274e-04  4.16316930e-03  6.45816838e-03
  -3.97380106e-02  2.27866117e-02  3.66204381e-02  4.55305427e-02
  -3.84103134e-02]
 [-2.60022061e-04  9.95271742e-01  8.42678621e-02 -3.24821845e-02
  -3.16132954e-03 -1.55056024e-03  3.15138549e-02 -7.23809004e-03
   1.48359481e-02]
 [ 3.12222680e-03  7.80876353e-02 -9.81963813e-01 -1.52582437e-01
  -4.92824465e-02 -5.76164275e-02  6.57940656e-03  4.26785834e-03
  -2.34133620e-02]
 [-5.66801010e-03  4.62170132e-02 -1.52487874e-01  9.83400047e-01
   6.85237795e-02  8.21867492e-03 -1.12211639e-02  4.75142971e-02
  -1.88920125e-02]
 [ 4.25244384e-02  3.74583690e-03 -1.63245667e-02 -6.83069229e-02
   9.42942083e-01 -3.12899947e-01 -2.71959398e-02  2.26321388e-02
  -7.03371093e-02]
 [-6.70546200e-03  3.97231150e-03 -6.61303252e-02 -3.67400274e-02
   3.15532982e-01  9.41802084e-01  5.75789288e-02 -4.00093682e-02
   5.24191856e-02]
 [-3.46922465e-02 -3.16647589e-02  5.15492866e-03  1.34408455e-02
   1.04393866e-02 -6.38338923e-02  9.96690035e-01 -3.39288311e-03
   5.47502830e-04]
 [ 3.65623012e-02 -1.98121346e-03 -4.11210489e-03  4.27425727e-02
  -6.51788025e-04 -2.70805657e-02 -4.26799618e-03 -9.73814666e-01
  -2.18513876e-01]
 [ 5.11007458e-02 -1.28108189e-02 -2.63205636e-02  2.28632092e-02
   4.97627407e-02 -7.99087659e-02 -5.69609459e-03 -2.12506831e-01
   9.70544040e-01]]",86
10,11,10,0.9,1.5872629880905151,"[[ 0.94138604 -0.22608319  0.04512615  0.0976914  -0.04825713  0.19597578
   0.05689617 -0.03766433  0.0752958  -0.00618143]
 [ 0.20344448  0.9661161   0.08652625 -0.03044747  0.01429359  0.11102324
   0.05585281 -0.02075508  0.01049871 -0.02500194]
 [-0.05054444 -0.06175403  0.9846734   0.10307471  0.01363053 -0.10750119
  -0.02220835 -0.03239089  0.01152613 -0.00280932]
 [-0.02065376  0.05692446 -0.10908943  0.9076611   0.34539717 -0.11947899
  -0.09309428  0.09481537 -0.04021479 -0.08795336]
 [ 0.03851176 -0.04537202  0.02082117 -0.30939123  0.9276114   0.0596546
   0.0464056  -0.12880917  0.11616958  0.06355651]
 [-0.02436382  0.01022695  0.01945875 -0.03578858 -0.0045093   0.36890468
  -0.92257786 -0.0714021   0.06593747 -0.03058548]
 [ 0.01230535  0.01166725  0.03011883 -0.07233756  0.03130561 -0.00848052
  -0.03767973  0.86892617  0.47178298  0.1161428 ]
 [-0.18421398 -0.02007627 -0.01048277  0.16890725 -0.11424413  0.30924118
   0.21133737 -0.38546252  0.79249525 -0.0839484 ]
 [-0.18107511 -0.06412962  0.08097382  0.11608887  0.03232919  0.8205026
   0.28365308  0.19341779 -0.34568217  0.17728637]
 [-0.02168319 -0.04046018  0.0246677  -0.1039884   0.04921062  0.12190068
   0.06810202  0.1593645  -0.06710562 -0.96677357]]",86
0,1,6,0.9,0.884736180305481,"[[ 9.9800384e-01 -1.9408556e-02  2.0356020e-02 -1.7957432e-02
   3.4568500e-02 -4.0988289e-02]
 [ 2.1080349e-02  9.8933083e-01  2.2082424e-02  1.4129083e-01
  -1.0386215e-02 -1.4881381e-02]
 [-1.8920524e-02 -2.5739346e-02  9.9824393e-01  2.3798199e-02
  -4.3842979e-02 -1.4283192e-04]
 [ 1.0538135e-02 -1.4111274e-01 -2.4919217e-02  9.8516375e-01
   4.5939062e-02 -8.1835970e-02]
 [-3.9438453e-02  1.6063320e-02  4.4455323e-02 -4.9646240e-02
   9.9310958e-01 -8.6481430e-02]
 [-3.8983796e-02 -3.7951428e-03 -3.1361282e-03 -7.8330554e-02
  -9.1640696e-02 -9.9192858e-01]]",87
1,2,6,0.9,0.8858873844146729,"[[ 9.83532608e-01  1.78039923e-01  1.30484067e-02 -1.04121435e-02
  -2.41207220e-02  1.02460263e-02]
 [-1.73342779e-01  9.67495143e-01 -9.31601077e-02 -1.38269335e-01
   7.71597028e-02 -1.24380216e-02]
 [-3.21163386e-02  1.34507462e-01  9.18409050e-01  3.67517501e-01
   9.39142425e-04 -4.82828803e-02]
 [ 3.38296290e-03 -9.59483087e-02  3.80043328e-01 -9.19106364e-01
   1.66602451e-02 -3.62690352e-02]
 [-3.53085957e-02  6.70503601e-02 -7.05065066e-03 -2.32460517e-02
  -9.89575803e-01 -1.20029747e-01]
 [-1.80655848e-02  2.14694776e-02  5.65083064e-02 -2.01792363e-02
  -1.18007615e-01  9.90800917e-01]]",87
2,3,6,0.9,0.8440812826156616,"[[ 0.99703294  0.0613431  -0.01413272 -0.03070994  0.03107022 -0.0073653 ]
 [-0.0577954   0.994254   -0.02737921  0.04890483 -0.06812549  0.01834175]
 [ 0.01294341  0.02734289  0.9992856   0.00276689 -0.01584176 -0.01595315]
 [ 0.03330434 -0.04661853 -0.00126581  0.99790704  0.01519512  0.02581683]
 [ 0.0348598  -0.06621661 -0.01531828  0.01228006 -0.99553883 -0.05401024]
 [ 0.00965342 -0.01976302  0.01557816 -0.02623411 -0.05304821  0.9978834 ]]",87
3,4,7,0.9,0.9393253326416016,"[[ 0.99369216  0.10159106 -0.00503906 -0.03592788  0.02822427 -0.01042717
  -0.0058048 ]
 [-0.10124677  0.9936086  -0.0429137   0.02202287  0.00984208  0.00637745
  -0.00517969]
 [ 0.00856703  0.03952479  0.9817634   0.18266492 -0.03010448  0.00959047
   0.0118464 ]
 [ 0.03708141 -0.026467   -0.18130708  0.9794894   0.03089682  0.0681457
   0.00737615]
 [-0.02838654 -0.01047453  0.03562006 -0.02044596  0.99735034 -0.0516282
  -0.00495631]
 [ 0.00680278 -0.00458204  0.00534978 -0.06998963  0.04989807  0.99570155
  -0.03307774]
 [ 0.0049565   0.00526342 -0.01019806 -0.01190788  0.00694202  0.03205794
   0.9993128 ]]",87
4,5,7,0.9,0.8901928663253784,"[[ 0.9963013   0.04624105 -0.00276411  0.03117123  0.05342573  0.00739582
   0.03683972]
 [-0.04487437  0.99241894 -0.0909337  -0.06591199 -0.00345193  0.0065974
   0.02054115]
 [-0.00324751  0.09255719  0.99446034  0.01910046  0.03013335  0.02870019
  -0.01935952]
 [ 0.0343437  -0.06061169  0.02701763 -0.9908272   0.01905093 -0.10951107
  -0.01796513]
 [-0.05008579  0.00205959 -0.03180568  0.02203654  0.9922496  -0.03488026
  -0.10106482]
 [ 0.00447314  0.01594724  0.02649539  0.10864074 -0.03440834 -0.9928255
   0.01829035]
 [-0.04063682 -0.02161069  0.01812673 -0.01709665  0.10059649  0.0128985
   0.993466  ]]",87
5,6,7,0.9,0.8369070291519165,"[[ 0.9925952  -0.10671019  0.01312935 -0.04400656  0.00551675 -0.0206385
   0.02832589]
 [ 0.10670856  0.993479    0.01673536  0.02155181  0.00187623 -0.02824998
   0.0081631 ]
 [-0.00485148 -0.0183572   0.9803729   0.18672407  0.01229185  0.05207239
  -0.0279275 ]
 [-0.04363747  0.02281893  0.18702126 -0.98108894  0.00658558  0.0015959
   0.0041011 ]
 [-0.00728611 -0.00469953 -0.00731409  0.00503411  0.98882943 -0.1410567
  -0.04653238]
 [ 0.02096528  0.02596487 -0.05034165 -0.00708349  0.14362243  0.98558086
   0.0656108 ]
 [-0.03078382 -0.00764687  0.02918539  0.01105291  0.03688443 -0.0692478
   0.9959238 ]]",87
6,7,7,0.9,0.8573728203773499,"[[ 9.9832124e-01 -2.1396985e-02 -4.1883700e-02  2.7252095e-02
   1.1131044e-02  1.6379595e-02  2.7772987e-03]
 [ 1.7622210e-02  9.9696571e-01 -6.7056067e-02  2.3573956e-02
   2.5964120e-02  7.5681921e-04 -4.6743648e-03]
 [ 4.9194541e-02  7.0627488e-02  9.5859915e-01 -2.7000764e-01
  -2.5156805e-02  1.1764480e-02 -1.9684087e-03]
 [ 1.4302088e-02  2.8180447e-03 -2.7016160e-01 -9.6102577e-01
   5.6807525e-02  1.5486756e-03 -3.3194848e-04]
 [-1.0271828e-02 -2.4121020e-02  4.2146515e-02  4.6744976e-02
   9.9616557e-01 -4.7888558e-02 -2.6685320e-02]
 [-1.7245326e-02 -2.6784651e-03 -8.2806433e-03  6.4030802e-03
   4.5849770e-02  9.9633926e-01 -6.9222175e-02]
 [-4.0678098e-03  4.0417155e-03  2.1575803e-03  8.7710132e-04
   2.9899472e-02  6.7860730e-02  9.9722749e-01]]",87
7,8,8,0.9,0.9819599986076355,"[[ 9.95837450e-01 -3.62277403e-02 -2.85801422e-02  2.39230897e-02
   3.09380572e-02 -1.37174409e-02 -3.24351974e-02 -5.83848059e-02]
 [ 3.49066257e-02  9.97811615e-01  3.07375453e-02  3.80563699e-02
   2.75967899e-03 -2.30888054e-02 -1.04356948e-02 -1.05268005e-02]
 [ 3.37310806e-02 -2.11166386e-02  9.66931283e-01 -2.50247687e-01
   1.46397809e-02  7.96840526e-03 -7.25787925e-03  2.24879403e-02]
 [-1.92673318e-02 -4.41251285e-02  2.50356168e-01  9.66540933e-01
   9.35689546e-03  8.48176423e-04  5.61033981e-03 -2.61250101e-02]
 [-3.03052999e-02  1.39603551e-04 -1.64225716e-02 -5.46875969e-03
   9.97788787e-01  4.99835722e-02 -2.02607159e-02  1.70500595e-02]
 [ 1.26667805e-02  2.25983243e-02 -4.80536884e-03 -9.93249938e-04
  -4.60405312e-02  9.90611315e-01  7.98009932e-02 -9.74994898e-02]
 [ 2.21714191e-02  5.96759748e-03  7.58172106e-03 -1.10490303e-02
   2.78291814e-02 -9.25965905e-02  9.84457493e-01 -1.44180924e-01]
 [ 6.33231997e-02  1.09673804e-02 -1.59278028e-02  3.16425376e-02
  -1.60235576e-02  8.26518312e-02  1.51061863e-01  9.82195079e-01]]",87
8,9,8,0.9,0.9683632850646973,"[[ 9.99107659e-01 -1.55096175e-03  1.92548335e-02  2.92802826e-02
   6.89245202e-03  1.94212962e-02 -1.13301165e-02  6.14190474e-04]
 [ 3.91014008e-04  9.99241054e-01  7.75204320e-03  3.28471065e-02
  -1.41193753e-03  2.58751772e-03 -1.70364126e-03 -1.91473998e-02]
 [-1.31147914e-02 -6.48180838e-04  9.78364170e-01 -2.03627855e-01
   2.81000081e-02  9.15546529e-03  1.34070134e-02  1.06592607e-02]
 [-3.36319096e-02 -3.42086293e-02  2.03542680e-01  9.74678695e-01
  -4.33740318e-02  6.04128465e-02 -2.00948007e-02 -1.83199383e-02]
 [-2.37771147e-03  3.03051056e-04 -1.20367846e-02  6.33763000e-02
   9.55613792e-01 -2.86283642e-01  2.46663392e-02  8.26575793e-03]
 [-1.91402007e-02 -8.45185248e-04 -2.57745963e-02 -4.25569601e-02
   2.89482653e-01  9.55088854e-01 -2.91896537e-02 -1.76205896e-02]
 [ 1.03994515e-02 -2.10543061e-04 -8.79863836e-03  1.86385773e-02
  -1.60262641e-02  3.49231251e-02  9.96867537e-01 -6.51585683e-02]
 [-7.24478741e-04  1.85333882e-02 -7.51161482e-03  2.06344705e-02
  -4.98126866e-03  2.25794185e-02  6.38735369e-02  9.97275949e-01]]",87
9,10,8,0.9,1.1129481792449951,"[[ 9.9763936e-01 -5.7457741e-03 -1.8294850e-02 -2.0681333e-02
  -4.7783863e-02  1.8751668e-02  2.6022540e-02 -2.4658900e-02]
 [ 2.7790568e-03  9.9524611e-01 -8.6384617e-02 -1.7150367e-02
  -1.0993977e-02 -7.8514758e-03  3.6905881e-02  1.3285361e-02]
 [ 1.6664714e-02  8.2115538e-02  9.8137420e-01 -1.5683565e-01
   1.2666857e-02 -6.9767043e-02  3.1278871e-03 -1.5777938e-02]
 [ 1.6623762e-02  2.9784795e-02  1.5649548e-01  9.8023170e-01
  -1.0474747e-01  2.7473664e-02  6.9177845e-03 -4.1434292e-02]
 [ 5.2227661e-02  7.3842127e-03 -3.2892253e-02  1.0677266e-01
   8.4040439e-01 -5.2008927e-01 -7.1520492e-02 -5.3364124e-02]
 [ 9.8635796e-03  1.5661335e-02  5.5569749e-02  2.3176588e-02
   5.2699429e-01  8.4593487e-01  5.0913598e-02  1.0549073e-02]
 [-2.3619747e-02 -3.7295185e-02 -6.0668471e-03  5.5390521e-04
   3.5154738e-02 -8.0157273e-02  9.9492151e-01 -2.2007966e-02]
 [ 2.7764792e-02 -1.1461663e-02  2.0252703e-02  4.3458886e-02
   3.4997862e-02 -3.7955523e-02  1.8085923e-02  9.9689835e-01]]",87
10,11,9,0.9,1.4006229639053345,"[[ 9.38184559e-01 -2.64992863e-01  3.00332531e-02  5.84190786e-02
  -1.44586593e-01 -1.02867015e-01  1.10986844e-01  3.22319418e-02
  -2.07330864e-02]
 [ 2.36441791e-01  9.55142260e-01  1.22206129e-01  6.66797394e-03
  -7.89985880e-02 -6.71777949e-02  7.75343403e-02  5.91059728e-03
  -4.42394987e-03]
 [ 5.48087731e-02  1.09220006e-01 -9.84204710e-01 -1.11613714e-03
  -5.28529249e-02 -1.39795430e-02 -2.99570747e-02  8.77835825e-02
   6.93870485e-02]
 [ 1.85084995e-02  2.88345329e-02 -1.32336598e-02  9.26584005e-01
   3.65029365e-01  2.76008341e-02 -7.61096403e-02  1.67701039e-02
  -3.28071881e-03]
 [ 4.36415225e-02 -6.34642900e-04 -4.36381511e-02 -2.61515945e-01
   7.75968790e-01 -3.70237917e-01  4.31841582e-01  4.47461121e-02
  -1.03504220e-02]
 [-4.90938053e-02 -1.52189359e-02  2.43808534e-02  2.23172102e-02
  -9.48819295e-02 -8.42008889e-01 -5.24107516e-01 -5.82144856e-02
   1.43757062e-02]
 [ 4.47658729e-03  5.76078799e-03  8.52627903e-02 -5.68565838e-02
   5.78591451e-02  4.59647439e-02 -1.92929193e-01  9.71005261e-01
  -6.25374839e-02]
 [ 2.31200159e-01  6.67382255e-02 -1.72251780e-02 -2.53544867e-01
   4.64105844e-01  3.62962872e-01 -6.83572054e-01 -2.04817981e-01
  -1.45442203e-01]
 [ 5.26317880e-02  1.55051937e-03  7.25563541e-02 -3.97148430e-02
   8.33191276e-02  6.35491759e-02 -9.64988321e-02  2.73153558e-02
   9.84554231e-01]]",87
0,1,6,0.9,0.8911056518554688,"[[ 9.98217583e-01 -5.86482184e-03  2.56807487e-02 -1.48549993e-02
   3.29997651e-02 -3.94719131e-02]
 [ 8.05675611e-03  9.88752246e-01 -5.58002619e-03  1.47310123e-01
  -1.72140822e-02 -1.66230612e-02]
 [-2.36775372e-02  7.20768236e-04  9.98325527e-01  2.95151770e-02
  -4.36423644e-02  3.02948477e-03]
 [ 1.03195701e-02 -1.47779509e-01 -2.71835756e-02  9.84891891e-01
   3.06741204e-02 -7.97669888e-02]
 [ 3.82421389e-02 -2.12592464e-02 -4.37782407e-02  3.41428854e-02
  -9.92560327e-01  9.91327018e-02]
 [-3.69742289e-02 -6.58158865e-03 -6.86375133e-05 -7.76535496e-02
  -1.02922894e-01 -9.90942121e-01]]",88
1,2,6,0.9,0.8897227048873901,"[[ 0.9828172   0.18199277  0.00824121 -0.0059827  -0.02835425  0.00641518]
 [-0.17679921  0.96638846 -0.09690942 -0.14111643  0.07314564 -0.01340572]
 [-0.03139397  0.14524697  0.8905451   0.4280904   0.00363282 -0.03965644]
 [ 0.00754623 -0.08632519  0.4415682  -0.89217794  0.01601061 -0.03564692]
 [-0.03920688  0.06227253 -0.00384504 -0.02044896 -0.987416   -0.13842523]
 [-0.01524867  0.0233514   0.04972786 -0.01973138 -0.13632955  0.98882467]]",88
2,3,6,0.9,0.8232698440551758,"[[ 0.9968628   0.066337   -0.00730374 -0.02891457  0.03014757  0.00809081]
 [-0.06332114  0.9951587  -0.01920965  0.03829154 -0.05900735 -0.01823393]
 [ 0.00465808  0.0209947   0.9978496  -0.05762586 -0.01757832  0.01428259]
 [ 0.03107007 -0.03421081  0.05882125  0.996742    0.02328363 -0.01917323]
 [ 0.03393097 -0.0569232  -0.01608116  0.02236846 -0.9955487   0.06109189]
 [ 0.01078912 -0.02017817  0.01246215 -0.01954542 -0.0603396  -0.9976464 ]]",88
3,4,7,0.9,0.8875109553337097,"[[ 9.93267596e-01  1.06330015e-01 -4.23262315e-03 -3.58407348e-02
  -2.20142230e-02 -1.80330481e-02 -1.09399552e-03]
 [-1.06126063e-01  9.93812680e-01 -2.41153240e-02  1.39362533e-02
  -1.39687015e-02  9.65073146e-03 -3.10112652e-03]
 [ 9.01964679e-03  2.23596357e-02  9.83361483e-01  1.77444279e-01
   1.66836213e-02  2.43187808e-02  7.91474991e-03]
 [ 3.65032554e-02 -1.52924210e-02 -1.77825540e-01  9.80533838e-01
  -3.95406559e-02  6.11640029e-02  7.78583623e-03]
 [-2.28859615e-02 -1.46909542e-02  2.48433463e-02 -3.01801916e-02
  -9.95878339e-01 -7.68743977e-02 -7.00598210e-03]
 [-1.47936558e-02  8.52397457e-03  1.08819259e-02  6.75187632e-02
   7.50286505e-02 -9.94391620e-01  2.42321379e-02]
 [ 6.00287458e-04  2.83199106e-03 -6.57013338e-03 -1.08865192e-02
  -8.69008247e-03  2.29079742e-02  9.99614775e-01]]",88
4,5,7,0.9,0.9482391476631165,"[[ 0.9962821   0.05365461  0.0063593  -0.03030694  0.04942619  0.00882233
   0.03261222]
 [-0.05209461  0.9920055  -0.10153506  0.04896928  0.00112468  0.00889554
   0.02057455]
 [-0.0139088   0.10164143  0.9939057  -0.01461218  0.03360195  0.01610752
  -0.00499094]
 [ 0.03146785 -0.04459978  0.02072879  0.9909342   0.02480999 -0.11622289
   0.02273941]
 [ 0.04614444  0.00311324  0.03363997  0.0285831  -0.99163306  0.06692582
   0.08998501]
 [ 0.0039823   0.01433295  0.01539527 -0.11626946 -0.05995104 -0.98598546
   0.10130048]
 [-0.03714041 -0.02260208  0.00180264 -0.01355814  0.0942393   0.09710599
   0.98975354]]",88
5,6,7,0.9,0.833528459072113,"[[ 9.91759002e-01 -1.17067277e-01  1.45526072e-02 -3.27935480e-02
  -3.01521679e-04 -8.45568255e-03  3.67483348e-02]
 [ 1.16589576e-01  9.92708147e-01  2.03648657e-02  9.90722328e-03
   8.94287042e-03 -1.22466320e-02  1.39479507e-02]
 [-8.11735075e-03 -2.05788929e-02  9.73469675e-01  2.23603398e-01
   1.05161704e-02  3.40037718e-02 -2.45379340e-02]
 [ 3.49508561e-02 -9.12727136e-03 -2.24078640e-01  9.73715782e-01
   1.23637766e-02  5.70221920e-04 -1.44291092e-02]
 [-4.55892208e-04 -9.48512927e-03 -4.48359363e-03 -1.43463323e-02
   9.90705848e-01 -1.25377908e-01 -4.96596284e-02]
 [ 8.91019125e-03  1.04377978e-02 -3.28240655e-02 -9.57318116e-03
   1.26540601e-01  9.90928352e-01  2.62881573e-02]
 [-3.81286815e-02 -1.09565509e-02  2.05317382e-02  2.01984923e-02
   4.63222340e-02 -3.10374368e-02  9.97240007e-01]]",88
6,7,7,0.9,0.8535090684890747,"[[ 9.9746579e-01 -5.3337570e-02 -2.6473802e-02  2.7882474e-02
   4.4661858e-03  2.6732972e-02 -2.0584073e-03]
 [ 5.0469216e-02  9.9586821e-01 -5.8980800e-02  3.3477724e-02
   3.2765042e-02  4.9245544e-03 -1.4511240e-03]
 [ 3.5978116e-02  6.4468034e-02  9.6620589e-01 -2.4564850e-01
  -2.4996178e-02  3.7163626e-03  3.7086445e-03]
 [ 2.1383150e-02  1.5804626e-02 -2.4712966e-01 -9.6805733e-01
   3.2081399e-02 -6.4387922e-03  3.7656815e-03]
 [-4.3165749e-03 -3.1070897e-02  3.4433290e-02  2.3919823e-02
   9.9639916e-01 -6.0418215e-02 -2.8223256e-02]
 [-2.7278282e-02 -5.5073542e-03 -2.0360197e-03 -4.9981736e-03
   5.9217673e-02  9.9703151e-01 -4.0223695e-02]
 [ 6.9424493e-04 -6.1795930e-05 -1.9051846e-03  5.1427498e-03
   3.0569622e-02  3.8518924e-02  9.9877489e-01]]",88
7,8,8,0.9,0.9821441173553467,"[[ 9.9483663e-01  5.4242421e-02 -2.4127893e-02  3.5241712e-02
   1.7446134e-02  9.4253180e-04 -4.0672798e-02 -5.9783574e-02]
 [-5.6543656e-02  9.9671793e-01  2.5691714e-02  4.8441630e-02
   5.3002825e-03 -7.1633146e-03 -1.4971554e-02 -6.7803720e-03]
 [ 3.2145850e-02 -1.5356327e-02  9.8443681e-01 -1.6828172e-01
   1.1336868e-02 -2.4353428e-02  6.2862840e-03  2.3136210e-02]
 [-2.8513663e-02 -5.3590085e-02  1.6888249e-01  9.8301417e-01
   1.8988065e-02  3.0837363e-02  7.1983542e-03 -1.0662599e-02]
 [-1.7103720e-02 -5.1530078e-03 -1.3510058e-02 -1.8418856e-02
   9.9801934e-01  3.7476070e-02 -3.5486978e-02  2.1279525e-02]
 [-5.4016046e-04  9.6991239e-03  2.0600790e-02 -3.5571747e-02
  -2.9591585e-02  9.8129612e-01  1.4203390e-01 -1.1926676e-01]
 [ 3.1129705e-02  1.4580593e-02 -8.7388325e-03 -1.2645080e-03
   4.3686226e-02 -1.5511489e-01  9.7877187e-01 -1.2155958e-01]
 [ 6.3202269e-02  1.3045482e-02 -2.0917172e-02  1.3027431e-02
  -1.8756066e-02  9.9983193e-02  1.3639192e-01  9.8299378e-01]]",88
8,9,8,0.9,0.9749204516410828,"[[ 9.99342203e-01  8.27450771e-04 -1.14954384e-02  1.10103535e-02
   1.71962529e-02  2.53520515e-02 -4.03370755e-03 -1.03185186e-02]
 [-2.43024318e-03  9.98160243e-01 -3.29056033e-03  5.08051105e-02
   2.04169694e-02  1.77752953e-02 -4.20772796e-03 -1.81045067e-02]
 [ 1.44363018e-02  1.48344329e-02  9.75925922e-01 -2.14130238e-01
   3.70101392e-04 -2.90810484e-02  2.04912722e-02  4.76273894e-03]
 [-1.09797809e-02 -5.11161163e-02  2.16839001e-01  9.70531285e-01
   2.71067973e-02  8.35382864e-02 -1.89440679e-02 -1.56243276e-02]
 [-2.51206197e-03 -9.85313393e-03 -1.08463345e-02  2.10365839e-02
   8.66148710e-01 -4.98639405e-01  2.19459534e-02  2.11746839e-04]
 [-2.96726897e-02 -2.14430969e-02  6.93995086e-03 -9.21015590e-02
   4.98190671e-01  8.60153198e-01 -3.96067277e-02 -2.24204175e-02]
 [ 1.70877972e-03  1.07091281e-03 -1.53229944e-02  1.77887268e-02
   5.08083263e-04  4.57359552e-02  9.95895445e-01 -7.44636580e-02]
 [ 9.52209067e-03  1.68684851e-02 -2.42959568e-03  1.65282339e-02
   1.20336097e-02  2.49075554e-02  7.30007291e-02  9.96619940e-01]]",88
9,10,9,0.9,1.2198857069015503,"[[ 9.9614918e-01  2.0005288e-02  7.8615505e-04  1.1851538e-02
  -3.5074141e-02  2.9105447e-02  3.1304877e-02 -4.1706517e-02
  -4.8462372e-02]
 [-2.1253126e-02  9.9639839e-01  7.3728204e-02  3.5274148e-03
  -1.5608356e-02  4.1756937e-03  3.0870773e-02  8.0708805e-03
   3.3121221e-03]
 [ 2.1891708e-04  7.3022030e-02 -9.8498058e-01 -1.3294853e-01
  -4.6490286e-02 -6.6066340e-02  1.0094488e-03 -1.5674543e-02
  -5.7370188e-03]
 [-1.3734919e-02  8.3321594e-03 -1.3701896e-01  9.8504156e-01
   7.2520763e-02  3.3998739e-02 -1.4106516e-02 -5.2004244e-02
  -3.6638282e-02]
 [ 4.1986875e-02  1.8321851e-02 -7.9919966e-03 -5.7267677e-02
   9.1878515e-01 -3.8560778e-01 -1.2711005e-02 -1.3225303e-02
  -3.6904514e-02]
 [-9.3774013e-03  6.2776036e-03 -7.0919000e-02 -6.5918878e-02
   3.8306019e-01  9.1605896e-01  2.4113564e-02  2.8313009e-02
   5.6706797e-02]
 [-2.6571250e-02 -3.1517234e-02 -2.6767456e-03  1.7673150e-02
   5.6842277e-03 -3.0938273e-02  9.9721223e-01  3.5774991e-02
   3.5771988e-02]
 [ 3.5356361e-02 -4.3829922e-03 -1.9989325e-02  4.4565935e-02
   1.0092924e-03 -1.9034842e-02 -3.0808276e-02  9.8680294e-01
  -1.4578265e-01]
 [ 5.6914914e-02 -8.1043976e-04 -1.0126171e-02  4.4064399e-02
   1.3074462e-02 -6.6617802e-02 -4.1745085e-02  1.3859639e-01
   9.8445684e-01]]",88
10,11,11,0.9,1.6938085556030273,"[[ 0.91379124 -0.2877415   0.05000421  0.08844297 -0.0813757   0.17004569
   0.1525681   0.06102147 -0.01259325  0.04135871  0.08637462]
 [ 0.24416755  0.9497581   0.09273364  0.01736261 -0.03557644  0.10304433
   0.11471763  0.02863189  0.03258689  0.02878504  0.04106678]
 [-0.05243501 -0.06681526  0.98901343  0.04229718  0.0310576  -0.07154742
  -0.03427672 -0.05856612 -0.03474645 -0.03082144 -0.00199629]
 [-0.02074493  0.02578871 -0.05464103  0.9073612   0.38218972 -0.03363693
  -0.13293009  0.02290653 -0.03445936  0.07688104  0.01099635]
 [ 0.05434261 -0.00982421  0.00391197 -0.33937526  0.9001021   0.18119244
   0.17451891 -0.00498411 -0.02993551 -0.07290315 -0.04530425]
 [-0.03966317  0.00130155  0.02714991 -0.02932836 -0.06077542  0.78701097
  -0.59244645 -0.10333525 -0.09417536 -0.02798789 -0.04924056]
 [ 0.01176453  0.01602376  0.03466833 -0.07077748  0.03414535 -0.09208309
  -0.2632509   0.93604493 -0.11855552 -0.14683244  0.05149886]
 [ 0.17915806  0.0396867  -0.01582171 -0.17171165  0.16491455 -0.3588906
  -0.58846796 -0.14480126  0.45992237  0.25213778  0.37179133]
 [ 0.02144158 -0.02035536  0.01618566  0.09900516 -0.02549319  0.08821832
   0.03904979  0.05639924  0.7510483  -0.5426849  -0.34255397]
 [-0.11223141 -0.05519048  0.06538133 -0.0089288  -0.01682084  0.21865015
   0.18807612  0.25923425  0.36741838  0.77557266 -0.304678  ]
 [ 0.22884513  0.0681517  -0.03202498 -0.07981911  0.04365788 -0.33034337
  -0.33282846 -0.11518788 -0.24892911  0.05787038 -0.79699314]]",88
0,1,6,0.9,0.894801914691925,"[[ 0.99825186 -0.01222692  0.0279985  -0.01615273  0.02776425 -0.03909033]
 [ 0.01428213  0.9873466  -0.00388202  0.15682195 -0.00720769 -0.01680696]
 [-0.02691574  0.00691249  0.99868536 -0.01756176 -0.03896042  0.00538414]
 [ 0.00925975 -0.15738298  0.02038573  0.9832877   0.03366098 -0.08210675]
 [ 0.03341166 -0.01260931 -0.03756294  0.04147366 -0.9918602   0.10865939]
 [-0.03691501 -0.00457391 -0.00142212 -0.07913777 -0.11286926 -0.98975354]]",89
1,2,6,0.9,0.8981115818023682,"[[ 0.9857823   0.16528636  0.01022434 -0.00983706 -0.02558875  0.00759037]
 [-0.16165547  0.97234243 -0.06423662 -0.13496344  0.07778685 -0.00503816]
 [-0.02393959  0.11507003  0.89241916  0.43337253 -0.00212061 -0.04424458]
 [ 0.00343775 -0.09586772  0.44367236 -0.8903422   0.02552859 -0.02432217]
 [-0.03599009  0.06723364 -0.00329324 -0.0331752  -0.9852038  -0.14982122]
 [-0.01485201  0.01668739  0.05001225 -0.00815928 -0.14836338  0.9873811 ]]",89
2,3,6,0.9,0.8321128487586975,"[[ 0.9976652   0.0556867   0.00278028 -0.02445695 -0.02940514 -0.00962914]
 [-0.05247474  0.9955418  -0.01201459  0.04729844  0.05744882  0.0214738 ]
 [-0.00431535  0.01335853  0.99815476 -0.05438968  0.02134992 -0.00870744]
 [ 0.02640372 -0.04462156  0.05556305  0.99679726 -0.01808049  0.01711334]
 [ 0.03218216 -0.05520941 -0.02010522  0.01708923  0.9949671  -0.07252912]
 [ 0.01261724 -0.02404064  0.00658745 -0.01759831  0.07136358  0.99690366]]",89
3,4,6,0.9,0.8186044692993164,"[[ 9.93099570e-01  1.13789551e-01 -9.21208295e-04 -1.81445386e-02
  -1.60208344e-02 -1.47774145e-02]
 [-1.13519862e-01  9.92448509e-01 -3.45598534e-02  1.79568287e-02
  -2.02763863e-02  1.52005628e-02]
 [ 4.61597694e-04  3.19103114e-02  9.88363266e-01  1.46839246e-01
   1.70145445e-02  1.63802058e-02]
 [ 2.08752733e-02 -2.19224188e-02 -1.46453172e-01  9.86824930e-01
  -2.35478319e-02  5.70714623e-02]
 [ 1.54635087e-02  1.96219534e-02 -2.15879735e-02  1.51839731e-02
   9.94868815e-01  9.44212005e-02]
 [ 1.38313612e-02 -1.46231083e-02 -5.31559903e-03 -6.10945895e-02
  -9.34039950e-02  9.93533969e-01]]",89
4,5,7,0.9,0.9097141027450562,"[[ 9.95777011e-01  6.51475936e-02  7.50439148e-03 -2.38998141e-02
  -4.59077209e-02  1.77258700e-02  3.36861834e-02]
 [-6.39710203e-02  9.92589593e-01 -8.50255042e-02  5.31180240e-02
  -1.32064335e-04  1.49983047e-02  1.99398268e-02]
 [-1.78538393e-02  8.94148573e-02  9.88055646e-01 -1.16875932e-01
  -3.09143309e-02  2.81151440e-02 -5.11702290e-03]
 [ 2.52361447e-02 -3.93025614e-02  1.22645050e-01  9.85174239e-01
  -3.09420917e-02 -1.05037607e-01  1.47658437e-02]
 [ 4.27036881e-02  2.76833214e-03  3.51187959e-02  2.34984979e-02
   9.93237853e-01 -8.04638024e-03  9.89803597e-02]
 [ 9.32427961e-03  2.04531774e-02  1.36120990e-02 -1.08544558e-01
  -1.65682398e-02 -9.88330126e-01  1.02257766e-01]
 [-3.83373015e-02 -2.35754065e-02 -1.82490723e-04 -6.69962866e-03
  -9.58304927e-02  1.03809364e-01  9.88923490e-01]]",89
5,6,7,0.9,0.8559078574180603,"[[ 0.9902047  -0.12986504  0.00566113 -0.02625516 -0.00515627 -0.01148947
   0.04182943]
 [ 0.12922345  0.9907651   0.02893249  0.0117034   0.00674921 -0.02061759
   0.01552727]
 [-0.00233068 -0.02950067  0.97548586  0.21294096  0.00232811  0.04073318
  -0.02330432]
 [ 0.02642955 -0.00888323 -0.21334492  0.9761994   0.02438607 -0.00628986
  -0.01034553]
 [-0.00169203  0.01087757 -0.01073842  0.02385492 -0.97641623  0.21216121
   0.02816586]
 [ 0.01454402  0.01808659 -0.03884846 -0.00767359  0.21268183  0.9760205
   0.0066059 ]
 [-0.0433309  -0.01117639  0.02043447  0.01538386  0.02656026 -0.01075701
   0.9982596 ]]",89
6,7,7,0.9,0.8679154515266418,"[[ 9.9737197e-01 -5.4649428e-02 -3.4591392e-02 -2.2347340e-02
  -2.0156659e-03  2.3186440e-02  4.9961335e-03]
 [ 5.1697668e-02  9.9555647e-01 -6.1195798e-02 -3.7186697e-02
   3.2624900e-02 -1.5478828e-03 -2.8441730e-04]
 [ 4.3209828e-02  6.7866407e-02  9.4950867e-01  3.0285713e-01
  -1.2791336e-02  7.8400197e-03  3.5862711e-03]
 [ 1.1741430e-02  1.4646176e-02 -3.0428097e-01  9.5117021e-01
   4.7720138e-02 -2.0029698e-03 -7.3983604e-03]
 [ 3.2176911e-03 -3.2523174e-02  2.9417673e-02 -4.0232573e-02
   9.9082905e-01 -1.1988176e-01 -1.8274432e-02]
 [-2.3216156e-02 -1.6078919e-03 -3.9167549e-03 -4.7948188e-03
   1.2022523e-01  9.9238890e-01  1.1413890e-02]
 [-4.7138976e-03 -1.5484521e-04 -4.9200295e-03  5.3730351e-03
   1.7157650e-02 -1.3680820e-02  9.9972153e-01]]",89
7,8,7,0.9,0.9567282795906067,"[[ 9.95193183e-01  8.53995606e-02 -2.09962595e-02  3.17826346e-02
   1.18271830e-02  3.31741867e-05 -2.65840776e-02]
 [-8.68481696e-02  9.94591475e-01  2.13000327e-02  4.98494096e-02
   5.77922212e-03 -1.24820517e-02 -1.08318720e-02]
 [ 2.69539692e-02 -1.08025260e-02  9.85892415e-01 -1.63585663e-01
   7.08001666e-03 -1.87609904e-02  3.22792074e-03]
 [ 2.32058093e-02  5.47445267e-02 -1.63284317e-01 -9.84318316e-01
  -2.53483653e-02 -8.14033952e-03 -1.45397410e-02]
 [-1.16784954e-02 -6.03949605e-03 -1.12226671e-02 -2.38000639e-02
   9.98768508e-01 -2.40988210e-02 -3.18652168e-02]
 [ 3.57593386e-03  1.46413650e-02  1.58822369e-02 -1.30979726e-02
   2.90926117e-02  9.85218704e-01  1.66873276e-01]
 [ 2.51764320e-02  1.14106415e-02 -9.02788714e-03 -1.11393444e-02
   2.73691546e-02 -1.67896479e-01  9.84932482e-01]]",89
8,9,8,0.9,0.9906659722328186,"[[ 9.98917222e-01  3.18175480e-02 -1.16576459e-02  1.67481545e-02
   2.08911654e-02  1.23652956e-02 -1.25976314e-03 -1.20322770e-02]
 [-3.38031724e-02  9.96372879e-01 -1.64913479e-02  7.00486004e-02
   1.12325605e-02  1.35129318e-02 -5.24585135e-03 -2.41545551e-02]
 [ 1.55662103e-02  3.77076566e-02  9.54802811e-01 -2.92813927e-01
  -1.48340706e-02 -2.01850515e-02  1.37642818e-02  1.14218378e-02]
 [-1.15884952e-02 -6.36328980e-02  2.96105146e-01  9.51374412e-01
   1.55273387e-02  4.90076356e-02 -1.33822896e-02 -1.42511167e-02]
 [-1.12004662e-02 -3.44347442e-03  5.72387734e-03  1.13183316e-02
   8.48422766e-01 -5.29020727e-01  4.20628488e-03  2.21621507e-04]
 [-2.02978030e-02 -1.46117201e-02  9.98320244e-03 -5.71099147e-02
   5.28154969e-01  8.46326649e-01 -1.36031266e-02 -2.47348994e-02]
 [-2.45079602e-04  2.10786751e-03 -8.65922682e-03  1.50705865e-02
   3.13666696e-03  1.31501025e-02  9.97241199e-01 -7.08558857e-02]
 [ 1.03776464e-02  2.29779333e-02 -7.61781074e-03  1.85109302e-02
   1.40586058e-02  2.34656874e-02  7.00681582e-02  9.96647239e-01]]",89
9,10,8,0.9,1.0925649404525757,"[[ 0.99805087 -0.01633941 -0.02050846 -0.00963705 -0.02474649  0.0209563
   0.03544924 -0.02838773]
 [ 0.01697371  0.9930007   0.10745559 -0.02454842 -0.02369906 -0.00219881
   0.02876629  0.01087128]
 [-0.01961064  0.09941061 -0.96916753 -0.21465501 -0.02351778 -0.06137649
  -0.00514862 -0.00488638]
 [ 0.00432876  0.04771404 -0.21200927  0.97460246 -0.00864511  0.02324483
  -0.01401596 -0.045773  ]
 [ 0.03137738  0.02322431 -0.00593969  0.01295291  0.9560292  -0.28897282
  -0.02559103  0.01100507]
 [-0.01502387  0.01291011 -0.05930534 -0.03106183  0.28915125  0.9524052
   0.05506815  0.03753752]
 [-0.03317793 -0.02736744 -0.0078023   0.01752237  0.0089583  -0.06193643
   0.99614984  0.03938864]
 [ 0.0298673  -0.00827683 -0.01363333  0.04402317 -0.02275329 -0.02883676
  -0.04112172  0.996933  ]]",89
10,11,10,0.9,1.6353288888931274,"[[ 9.41533625e-01 -2.27085933e-01  2.75308322e-02  2.94990577e-02
  -1.85095239e-02  1.35338426e-01 -1.94822088e-01  1.43438699e-02
   7.03114737e-03  5.87221421e-02]
 [ 2.00115919e-01  9.66845751e-01  9.46378484e-02 -9.17015225e-03
   1.84408929e-02  5.56859747e-02 -9.99443680e-02  1.48856884e-03
   4.15077321e-02  3.11047882e-02]
 [-4.47647385e-02 -8.10941681e-02  9.87267017e-01  9.70563665e-02
  -6.92330813e-03 -3.11915949e-02  4.44392674e-03 -4.57895920e-02
  -6.44165874e-02 -4.12811292e-03]
 [ 6.57236110e-03  2.59921979e-02 -9.25323442e-02  9.72301483e-01
   1.65808424e-01 -2.69475710e-02  1.18240766e-01  1.93048473e-02
  -4.20536241e-03  5.25274202e-02]
 [ 3.44432378e-03 -2.72249337e-02  1.55057842e-02 -1.50142819e-01
   9.80130017e-01  1.85658466e-02 -7.95405805e-02 -3.76485959e-02
  -4.49116267e-02 -7.55175352e-02]
 [-4.31927554e-02 -1.40305900e-04  1.94367543e-02 -2.16784384e-02
   6.02234155e-03  9.05874848e-01  4.08710480e-01 -7.59356916e-02
  -6.10312670e-02 -1.02874516e-02]
 [-1.25254486e-02  8.47718306e-03  3.13335657e-02 -1.73415244e-02
   1.79305729e-02  5.53114936e-02  1.25259757e-02  9.62339640e-01
  -2.56125152e-01 -5.70364334e-02]
 [ 2.17336148e-01  3.34236622e-02  3.87904197e-02 -1.30269974e-01
   8.27792436e-02 -3.32173645e-01  8.21440935e-01  1.02571405e-01
   3.31602663e-01  1.43995300e-01]
 [ 1.87234860e-03 -1.97460353e-02  3.82530540e-02  6.29581064e-02
  -2.55367439e-02  8.44958574e-02 -8.89782012e-02  1.18268363e-01
   6.24869168e-01 -7.57642388e-01]
 [-1.48822069e-01 -6.37909621e-02  4.95923124e-02  2.86779832e-03
   5.70946001e-02  1.88125893e-01 -2.86084950e-01  1.98829100e-01
   6.49843574e-01  6.23690307e-01]]",89
0,1,6,0.9,0.8864219188690186,"[[ 0.998327   -0.00890778  0.02594136 -0.01574981  0.02940946 -0.03844152]
 [ 0.01051868  0.98870236  0.01274006  0.14782482 -0.01001414 -0.01556432]
 [-0.02520757 -0.00669169  0.9979053  -0.04169274 -0.04166329  0.00553187]
 [ 0.00873745 -0.14861074  0.0424432   0.98368394  0.03982584 -0.08256497]
 [-0.03459508  0.01547496  0.03923295 -0.04735396  0.99268955 -0.09669314]
 [-0.03638411 -0.00434848 -0.00300011 -0.07927845 -0.1013921  -0.9910009 ]]",90
1,2,6,0.9,0.8905959725379944,"[[ 0.98446333  0.17253101  0.01359902 -0.00960938 -0.02754809  0.00536334]
 [-0.16840348  0.9709278  -0.06982099 -0.13614221  0.07315995 -0.01332303]
 [-0.02879387  0.11503801  0.9118768   0.39093783 -0.00247038 -0.03974019]
 [ 0.00379064 -0.09990418  0.40141767 -0.90968746  0.01918898 -0.03113052]
 [-0.03793366  0.06191877 -0.00636715 -0.02602348 -0.9879592  -0.13396251]
 [-0.01377493  0.02199556  0.04737126 -0.01822116 -0.13210227  0.98959553]]",90
2,3,6,0.9,0.8247483968734741,"[[ 0.99768156  0.05564691 -0.00253343 -0.02476282  0.02928102  0.00761328]
 [-0.05279745  0.99595    -0.01279998  0.0383272  -0.05797365 -0.01738037]
 [ 0.00132272  0.01344108  0.9988908  -0.03862749 -0.01997215  0.0119912 ]
 [ 0.02665592 -0.03608942  0.03960648  0.99781466  0.01393739 -0.02429031]
 [ 0.03200673 -0.05565386 -0.01956905  0.01365784 -0.9947383   0.07618724]
 [ 0.01035591 -0.0201583   0.00976183 -0.02459952 -0.07539436 -0.99654484]]",90
3,4,6,0.9,0.8032844066619873,"[[ 0.9930738   0.11303503  0.00299452 -0.02016558 -0.01837314 -0.01655991]
 [-0.11261707  0.99263185 -0.03394585  0.01809414 -0.01805937  0.01391231]
 [-0.00344705  0.03138268  0.9917378   0.1215887   0.01832136  0.01844091]
 [ 0.0233782  -0.02092286 -0.1212552   0.98974186 -0.02782669  0.0628453 ]
 [-0.01816936 -0.01794099  0.02283627 -0.02020024 -0.9961521  -0.0780989 ]
 [-0.01527046  0.01267191  0.00840865  0.06697065  0.07685886 -0.9945568 ]]",90
4,5,7,0.9,0.9266210198402405,"[[ 0.9964478   0.05831381  0.00941556 -0.02236077  0.0443049   0.01113085
   0.03187089]
 [-0.05673454  0.9928802  -0.08337866  0.05972454  0.0016596   0.01268216
   0.01695111]
 [-0.0179995   0.08738078  0.99127    -0.08876205  0.03454116  0.01764383
  -0.0064267 ]
 [ 0.02383024 -0.04895556  0.09455357  0.9868695   0.02139472 -0.11551029
   0.01957638]
 [ 0.04063655  0.00394232  0.03677943  0.01876649 -0.99332994  0.02930441
   0.09521059]
 [ 0.00463101  0.01865291  0.00693617 -0.11706907 -0.02028584 -0.98662925
   0.10967489]
 [-0.0361702  -0.01981754  0.00138625 -0.00924283  0.0962682   0.10846815
   0.9885235 ]]",90
5,6,7,0.9,0.8365389108657837,"[[ 0.99187917 -0.11509907  0.00202244 -0.03476448 -0.00317459 -0.00922069
   0.04025216]
 [ 0.11479834  0.9928818   0.02426642  0.00715126  0.00769476 -0.01156142
   0.01319232]
 [ 0.00453652 -0.02534357  0.9703169   0.23712832  0.00707783  0.03386107
  -0.01989466]
 [ 0.03413114 -0.00521424 -0.237573    0.97062904  0.01408154 -0.00412396
  -0.00555361]
 [ 0.00135285 -0.00915318  0.00110354 -0.01499105  0.9867827  -0.15809286
  -0.0309023 ]
 [ 0.01043958  0.00985397 -0.03364869 -0.00662298  0.1582601   0.98668253
   0.00540381]
 [-0.0412407  -0.00934967  0.01782771  0.01100324  0.02993193 -0.00905741
   0.99839616]]",90
6,7,7,0.9,0.8525252938270569,"[[ 9.9812883e-01 -3.8872868e-02 -3.1101247e-02  2.3760889e-02
   9.4592338e-04  2.6317358e-02  1.5619589e-03]
 [ 3.5864819e-02  9.9625748e-01 -5.9328321e-02  3.8329661e-02
   3.3964612e-02  5.5784076e-03 -3.3195398e-03]
 [ 3.8845200e-02  6.6772982e-02  9.6011269e-01 -2.6793584e-01
  -2.0219328e-02  2.4328516e-03  3.4152870e-03]
 [ 1.5480041e-02  1.9319057e-02 -2.6970840e-01 -9.6201062e-01
   3.2772765e-02 -9.7175604e-03 -3.4144155e-03]
 [ 5.3091301e-04 -3.2646179e-02  3.0639265e-02  2.5618566e-02
   9.9441665e-01 -8.9824289e-02 -2.0148812e-02]
 [-2.6470141e-02 -7.4937609e-03 -1.0317315e-03 -7.2533358e-03
   8.9720078e-02  9.9551576e-01 -9.3906187e-03]
 [-1.7581715e-03  2.4782438e-03 -3.7416678e-03 -1.8319211e-03
   2.1176709e-02  7.4765384e-03  9.9973446e-01]]",90
7,8,7,0.9,0.9360706210136414,"[[ 0.99491006  0.08776178 -0.01932211  0.03084557  0.01317657  0.00467382
  -0.03052143]
 [-0.08929121  0.99466324  0.01490417  0.04765676  0.00934911 -0.00442136
  -0.0084787 ]
 [ 0.02391334 -0.00699906  0.99180907 -0.12172989  0.00419617 -0.0286961
   0.0058932 ]
 [-0.02374878 -0.05140743  0.12218688  0.99024343  0.02400895  0.02180685
   0.01515302]
 [-0.01274586 -0.00987464 -0.00791666 -0.02236754  0.99765754 -0.04891981
  -0.03825171]
 [ 0.00119547  0.00655432  0.02354344 -0.02832376  0.05489129  0.9799116
   0.18804032]
 [ 0.02968647  0.01052449 -0.01314247 -0.00863798  0.02848093 -0.18984099
   0.98077   ]]",90
8,9,8,0.9,0.9771546721458435,"[[ 9.9937987e-01  1.8414840e-02 -1.1998709e-02  4.0793875e-03
   2.0364687e-02  1.4212935e-02 -1.9575299e-03 -1.0934803e-02]
 [-2.0013344e-02  9.9677271e-01 -1.2036701e-02  6.1015978e-02
   3.4331039e-02  2.1399204e-02  2.0560629e-03 -2.3130545e-02]
 [ 1.3078859e-02  3.0905807e-02  9.5668679e-01 -2.8631967e-01
  -2.2897070e-02 -2.7460014e-02  1.6643753e-02  9.4856033e-03]
 [-9.1777649e-04 -5.7340816e-02  2.8973675e-01  9.5316416e-01
   3.5944894e-02  5.3194389e-02 -9.7812256e-03 -4.9459212e-03]
 [-9.7942725e-03 -1.8412245e-02  4.5225993e-03 -6.2208734e-03
   8.5905492e-01 -5.1122117e-01  1.3536298e-02 -4.5225659e-04]
 [-2.1823829e-02 -3.2277554e-02  1.6500307e-02 -7.4289694e-02
   5.0822020e-01  8.5615677e-01 -1.9422056e-02 -3.1957943e-02]
 [ 8.1819075e-04 -4.9386388e-03 -1.2289662e-02  1.2143360e-02
  -2.2868137e-03  2.2528132e-02  9.9719638e-01 -6.9014527e-02]
 [ 9.7229881e-03  2.1369945e-02 -8.3977254e-03  7.3714475e-03
   1.7942999e-02  2.9956868e-02  6.8250395e-02  9.9671781e-01]]",90
9,10,9,0.9,1.276574969291687,"[[ 9.96885002e-01 -1.42712388e-02 -5.63340727e-03  1.14689637e-02
  -3.56689021e-02  2.27806531e-02  3.18831094e-02 -4.04869094e-02
  -3.74997444e-02]
 [ 1.46350674e-02  9.93681371e-01  1.01270914e-01 -2.58806013e-02
  -9.63541679e-03 -1.16799085e-03  3.23570594e-02  6.73599308e-03
   1.64561141e-02]
 [-4.30829730e-03  9.57831889e-02 -9.80286062e-01 -1.50505215e-01
  -5.62174618e-02 -5.83538674e-02  2.73364270e-03 -4.52834880e-03
  -2.45131720e-02]
 [-1.01015884e-02  4.29768935e-02 -1.52341545e-01  9.81953800e-01
   9.23466235e-02  1.46153886e-02 -1.26951765e-02 -4.06138711e-02
  -7.59080239e-03]
 [ 3.92254815e-02  1.04691023e-02 -2.27584671e-02 -9.12231654e-02
   9.56538737e-01 -2.63503820e-01 -3.02866232e-02 -1.76489241e-02
  -6.23119660e-02]
 [-1.13466708e-02  6.47369912e-03 -6.52464330e-02 -4.74239327e-02
   2.63447791e-01  9.58105326e-01  5.77518158e-02  2.52412278e-02
   4.44979630e-02]
 [-3.05610038e-02 -3.14840078e-02  8.74866615e-04  1.38194757e-02
   1.62483193e-02 -6.35593906e-02  9.96629655e-01  1.03274966e-02
  -1.42102428e-02]
 [ 3.50352339e-02 -2.62969220e-03 -6.50034612e-03  3.87526304e-02
   5.36356214e-03 -1.79178063e-02 -1.31106684e-02  9.87330437e-01
  -1.47914171e-01]
 [ 4.53486927e-02 -1.49127170e-02 -2.69389078e-02  7.08291074e-03
   4.77779433e-02 -6.40295148e-02  8.52994248e-03  1.44114166e-01
   9.84744191e-01]]",90
10,11,10,0.9,1.565268874168396,"[[ 0.9390373  -0.24968845 -0.0427729   0.07816123 -0.02130323  0.18603672
  -0.06970196 -0.04340252  0.07433606 -0.02437826]
 [ 0.2243038   0.95827335 -0.10978914 -0.03143151  0.02788752  0.10992253
  -0.06382527 -0.02394717  0.00478745 -0.02876822]
 [-0.05289818 -0.083359   -0.98304665  0.09081846 -0.0022942  -0.11544633
   0.02749501 -0.03288905  0.01845144 -0.01062785]
 [-0.0174375   0.05627153  0.09299366  0.93573356  0.27182242 -0.10194987
   0.09700425  0.0970005  -0.06388082 -0.07143928]
 [ 0.02663966 -0.04152323 -0.01406823 -0.25539887  0.9523515  -0.03961175
  -0.00206207 -0.10416925  0.10625333  0.03810439]
 [-0.02349499  0.00851401 -0.02436763 -0.03678153 -0.00146277  0.42962638
   0.8958248  -0.06726813  0.05944546 -0.04782485]
 [ 0.0127901   0.01166083 -0.0309481  -0.06399143  0.02843292  0.01889852
   0.02735477  0.88814604  0.44874007  0.05062328]
 [ 0.17847127  0.01770941 -0.01334105 -0.15085888  0.06558467 -0.29570428
   0.23004384  0.37361452 -0.7931862   0.17749184]
 [-0.17570753 -0.07475451 -0.09486481  0.07961165  0.10154311  0.80634445
  -0.34640053  0.15505624 -0.33450958  0.17823166]
 [ 0.0253764   0.03765774  0.01270137  0.09635813 -0.04979471 -0.07381251
   0.06880566 -0.13871548  0.18110184  0.96113986]]",90
0,1,6,0.9,0.8934261202812195,"[[ 0.99813217 -0.01061997  0.02574734 -0.01800576  0.03288509 -0.0393793 ]
 [ 0.01294649  0.98716515  0.00144403  0.15799901 -0.00911526 -0.01698405]
 [-0.02429313 -0.00414184  0.9986867   0.01591284 -0.04182485 -0.00386345]
 [ 0.0119784  -0.15855423 -0.01481738  0.983052    0.03655307 -0.08228114]
 [ 0.03768921 -0.0146579  -0.0410938   0.04052941 -0.99398905  0.08378103]
 [-0.03755461 -0.00454963 -0.0071769  -0.08015637 -0.08795433 -0.9921474 ]]",91
1,2,6,0.9,0.9046474099159241,"[[ 9.84224200e-01  1.75014809e-01  1.11312065e-02 -5.09655662e-03
  -2.11514737e-02  8.68544821e-03]
 [-1.70482531e-01  9.69048440e-01 -8.43753591e-02 -1.38844952e-01
   7.40474313e-02 -8.08178971e-04]
 [-3.07249669e-02  1.30802125e-01  9.01944160e-01  4.07071024e-01
   7.94300623e-03 -5.17084934e-02]
 [ 7.37090036e-03 -9.22275037e-02  4.19697046e-01 -9.02633071e-01
   9.43018869e-03 -2.14184299e-02]
 [-3.15054320e-02  6.67404756e-02 -4.84159449e-03 -1.55522106e-02
  -9.82496500e-01 -1.70259550e-01]
 [-1.57365706e-02  1.56688057e-02  5.55396266e-02 -1.01631391e-03
  -1.69168815e-01  9.83769774e-01]]",91
2,3,6,0.9,0.8409551382064819,"[[ 0.99781185  0.05318091 -0.00661641 -0.02361119 -0.02771431 -0.01319196]
 [-0.05024365  0.9958216  -0.0123155   0.04206501  0.05751827  0.02419627]
 [ 0.00277709  0.01740165  0.99118596 -0.12883301  0.01589531 -0.01972927]
 [ 0.02551707 -0.03733379  0.12981357  0.99006987 -0.0291792   0.00370424]
 [ 0.03072922 -0.05636015 -0.01222864  0.02821185  0.9966198  -0.04102016]
 [ 0.01562184 -0.02525985  0.01881037 -0.00639037  0.03960223  0.99857646]]",91
3,4,6,0.9,0.828438937664032,"[[ 0.99311864  0.10745291 -0.01045963 -0.0373442  -0.01681556 -0.01955854]
 [-0.10737117  0.9934849  -0.02767816  0.01461554 -0.01954754  0.00986504]
 [ 0.01927219  0.02420778  0.9519354   0.30429626  0.0104308   0.01251558]
 [ 0.03476942 -0.01981004 -0.3040573   0.95032567 -0.03789608  0.03732049]
 [ 0.01806918  0.01912343 -0.02206596  0.02701504  0.9903808   0.13128933]
 [ 0.01673412 -0.00986903  0.00242249 -0.04412358 -0.13013849  0.99032   ]]",91
4,5,7,0.9,0.9384790658950806,"[[ 0.99503994  0.06945541  0.00805455 -0.02333351 -0.04967449  0.01999837
   0.03993302]
 [-0.06908065  0.9930613  -0.08370322  0.03610202 -0.00136192  0.00971496
   0.02552212]
 [-0.01639562  0.08422603  0.9944006  -0.04593914 -0.02178264  0.03365768
  -0.00931998]
 [ 0.02397546 -0.02950652  0.05113543  0.9917856  -0.04807797 -0.09910695
   0.01293536]
 [ 0.04703492  0.00322286  0.02590556  0.04206608  0.99327284 -0.02534946
   0.09001753]
 [ 0.00981397  0.0133258   0.02806069 -0.10300801 -0.03288193 -0.98638946
   0.11951001]
 [-0.04439756 -0.02920024  0.00479554 -0.00478296 -0.08409796  0.1222451
   0.9874786 ]]",91
5,6,7,0.9,0.854688286781311,"[[ 0.9897784  -0.13341355  0.01141008 -0.02658438 -0.00143508 -0.00569606
   0.0408407 ]
 [ 0.13300347  0.9900293   0.03150198  0.02341584 -0.01181532 -0.01614924
   0.01453082]
 [-0.01034558 -0.03218587  0.9877191   0.14235486  0.00228784  0.04488168
  -0.03135991]
 [ 0.02611738 -0.02217018 -0.14382736  0.9884781  -0.02326334  0.00612075
  -0.02173231]
 [ 0.00286805  0.01332663 -0.01135594  0.02171326  0.98261756  0.17643563
   0.05046831]
 [ 0.00720554  0.01457196 -0.04124392 -0.01601101 -0.17710929  0.98304933
   0.00495845]
 [-0.04241867 -0.01120637  0.02778515  0.02575134 -0.04906148 -0.01180589
   0.99704236]]",91
6,7,7,0.9,0.8650784492492676,"[[ 0.9977511  -0.04915651 -0.02622674 -0.02843219 -0.00963836  0.02170769
   0.00402233]
 [ 0.04655458  0.9955417  -0.0609648  -0.04136135  0.03590338  0.00216545
   0.00288699]
 [ 0.03639017  0.06908804  0.95476854  0.2865225  -0.01241705  0.00607117
   0.00578848]
 [ 0.02094568  0.0197274  -0.28868404  0.956231    0.0375193   0.00339635
  -0.00607452]
 [-0.00981064  0.03570026 -0.02519755  0.03077089 -0.993362    0.09315487
   0.04001977]
 [-0.02121703 -0.00490265 -0.0017473  -0.0071947   0.09285342  0.99537724
  -0.00856898]
 [-0.00402387 -0.00443114 -0.00601064  0.00309353  0.04082081  0.00469738
   0.99911463]]",91
7,8,7,0.9,0.9418440461158752,"[[ 9.98014688e-01  2.82641109e-02 -2.00557411e-02  4.45583649e-02
  -7.96648301e-03  7.12036248e-03 -2.58073360e-02]
 [-3.08713242e-02  9.96595681e-01  2.98800282e-02  6.71437606e-02
  -1.28847861e-03 -1.59475375e-02 -1.36730075e-02]
 [ 2.87539437e-02 -1.53017538e-02  9.79870021e-01 -1.96723610e-01
  -9.06702876e-03 -6.54086238e-04 -3.32422229e-03]
 [ 3.76280583e-02  7.25438073e-02 -1.95889518e-01 -9.76775289e-01
   2.46184636e-02 -1.19086001e-02 -1.05384430e-02]
 [-8.94760899e-03  8.43314279e-04 -1.36690121e-02 -2.29731519e-02
  -9.96080458e-01  6.89941943e-02 -4.76228297e-02]
 [-2.03354773e-03  1.88882276e-02 -5.28602686e-05 -1.10257613e-02
   5.99401258e-02  9.82390881e-01  1.75593019e-01]
 [ 2.62074731e-02  1.19992457e-02  4.49931977e-04 -8.17824155e-03
  -5.89685626e-02 -1.72338963e-01  9.82814431e-01]]",91
8,9,7,0.9,0.9219897985458374,"[[ 9.9906087e-01 -2.7050307e-02 -1.4101363e-02  1.8641258e-02
   9.7806482e-03  2.1169808e-02 -7.4508907e-03]
 [ 2.5750568e-02  9.9799591e-01 -8.8108145e-03  5.6534030e-02
  -4.6447376e-03  6.7282682e-03  7.3069846e-04]
 [ 1.8226445e-02  2.0029133e-02  9.7762746e-01 -2.0759560e-01
   1.7278025e-02 -5.2127866e-03  9.4515765e-03]
 [-1.7504917e-02 -5.3333864e-02  2.0922495e-01  9.7476834e-01
  -2.4984038e-02  4.5712426e-02 -1.3672988e-02]
 [ 1.8707630e-03 -4.3351017e-03  9.2075644e-03 -4.3624099e-02
  -9.2541540e-01  3.7624878e-01 -5.7503250e-03]
 [-2.2929912e-02 -2.1043469e-03 -8.1067141e-03 -3.2620411e-02
   3.7757304e-01  9.2503601e-01 -9.3238903e-03]
 [ 6.8119643e-03 -1.8942584e-03 -6.5021329e-03  1.4836034e-02
  -2.2301162e-03  1.1618218e-02  9.9977374e-01]]",91
9,10,8,0.9,1.1076610088348389,"[[ 9.98147368e-01 -1.89571641e-02  2.87171314e-03 -1.49868475e-02
   3.03590130e-02  1.51811223e-02  4.07736525e-02 -1.71740986e-02]
 [ 1.68663897e-02  9.94361818e-01  9.25357714e-02 -2.87441984e-02
   1.59151889e-02 -1.52892515e-03  2.97787581e-02  2.07008328e-02]
 [ 2.02136184e-03  8.53492394e-02 -9.76700783e-01 -1.86518148e-01
   8.60746112e-03 -6.16539679e-02  2.88874470e-03 -9.70620196e-03]
 [ 1.36795472e-02  4.55344394e-02 -1.83341578e-01  9.78636026e-01
   6.05116598e-02  2.22602468e-02 -1.35302860e-02 -4.53504659e-02]
 [ 3.47266123e-02  1.12244124e-02  2.08816435e-02  6.50843158e-02
  -7.80415714e-01 -6.20347798e-01 -1.07343309e-02 -8.06497002e-04]
 [ 6.03624620e-03  1.47482138e-02 -5.55500388e-02  1.09542012e-02
  -6.20859206e-01  7.80114591e-01  4.65163626e-02  1.82107072e-02]
 [-4.03474532e-02 -2.97802947e-02 -4.29365318e-04  1.70852393e-02
   2.01403145e-02 -4.36516814e-02  9.96772826e-01  3.64141725e-02]
 [ 1.88631769e-02 -1.72304381e-02 -1.86591893e-02  4.22355607e-02
   1.29927238e-02 -1.24419704e-02 -3.77397984e-02  9.97731090e-01]]",91
10,11,9,0.9,1.653913140296936,"[[ 9.4086140e-01 -2.5648296e-01  5.1167322e-04  7.0128497e-03
   4.1887533e-02  7.0458710e-02 -2.0001669e-01  3.1338617e-02
   3.5200752e-02]
 [ 2.2452419e-01  9.5979577e-01  3.5174429e-02 -1.1137793e-02
   1.9876262e-02  4.6232402e-02 -1.4196825e-01  6.1415904e-03
   6.5531023e-02]
 [-1.2623716e-02 -3.2605160e-02  9.9049878e-01  9.0060763e-02
   6.4235769e-02 -9.6346084e-03 -1.8183466e-02 -5.6922127e-02
  -4.2295933e-02]
 [ 2.6570916e-02  2.5995711e-02 -7.3414341e-02  9.7543871e-01
  -1.7683145e-01  1.5513502e-02  9.4810471e-02  2.8305700e-02
  -2.1151990e-02]
 [ 4.4121780e-03  1.2902941e-02 -6.4064555e-02  1.4422506e-01
   9.5525062e-01  1.5235572e-02  2.3440203e-01  6.3845567e-02
   5.6145869e-02]
 [-1.4877044e-02 -2.9410738e-03  1.4851659e-02 -4.6650242e-02
  -5.7424620e-02  9.6379149e-01  2.3804611e-01 -6.8073265e-02
  -6.2303945e-02]
 [-1.4232933e-02  1.3379976e-02  5.4714896e-02 -4.1656937e-02
  -5.0569966e-02  4.0489327e-02  3.1731412e-02  9.7040653e-01
  -2.1908224e-01]
 [ 1.6792473e-01  4.0750243e-02  6.7248337e-02 -9.8263428e-02
  -2.0294121e-01 -1.5744202e-01  7.5026691e-01  9.2759892e-02
   5.6434447e-01]
 [-1.8671171e-01 -9.6201755e-02  2.1073783e-02  7.6595344e-02
   5.3952526e-02  1.9238299e-01 -5.0497633e-01  1.8956645e-01
   7.8658402e-01]]",91
0,1,6,0.9,0.9029543995857239,"[[ 0.9980407  -0.00946798  0.03263881 -0.01419839 -0.03252033 -0.03873853]
 [ 0.01242118  0.98685575 -0.03167568  0.15610866  0.01583036 -0.01837493]
 [-0.02996581  0.02004779  0.99580127  0.07371068  0.04056851  0.0010058 ]
 [ 0.01096749 -0.1586953  -0.06816293  0.981617   -0.02196058 -0.0774281 ]
 [ 0.03795363 -0.01954741 -0.0407861   0.02417319  0.9922773   0.10637294]
 [-0.03608007 -0.00761155  0.00127064 -0.07641286  0.10931323 -0.9903789 ]]",92
1,2,6,0.9,0.9074036478996277,"[[ 0.9843545   0.1740927   0.00577653 -0.00254591 -0.0255095   0.00687822]
 [-0.168903    0.96777916 -0.09950011 -0.13745473  0.07797074 -0.00131743]
 [-0.0299538   0.14973804  0.8718233   0.462934    0.00440471 -0.04772941]
 [ 0.0090518  -0.07551146  0.47631073 -0.87523234  0.02124915 -0.0293419 ]
 [ 0.03646896 -0.0685123   0.00319575  0.02630633  0.9826451   0.16638021]
 [-0.01444972  0.01666717  0.05575221 -0.00825426 -0.16494676  0.9844437 ]]",92
2,3,6,0.9,0.8357500433921814,"[[ 0.9969402   0.06528607 -0.00504528 -0.0280887  -0.02956014 -0.0126384 ]
 [-0.06192527  0.9950237  -0.01194843  0.0468152   0.05669688  0.02332068]
 [ 0.001312    0.01635734  0.9942061  -0.10440408  0.01519701 -0.01240966]
 [ 0.03047471 -0.04203845  0.10539851  0.99264497 -0.0286452   0.00553085]
 [ 0.03325119 -0.05502126 -0.0121236   0.0269507   0.99639314 -0.04684356]
 [ 0.01547306 -0.02455929  0.0114194  -0.00698085  0.04539584  0.9984576 ]]",92
3,4,6,0.9,0.8143741488456726,"[[ 0.993145    0.1077749  -0.01355985 -0.03601208 -0.01469656 -0.01872901]
 [-0.10785968  0.9937597  -0.01555869  0.008349   -0.01995069  0.00990898]
 [ 0.02223172  0.01492282  0.95880955  0.2816511   0.00551866  0.02468725]
 [ 0.03226922 -0.01016673 -0.28263298  0.95678777 -0.03694212  0.04654504]
 [ 0.01566717  0.01980953 -0.01747996  0.02649944  0.99081564  0.12899129]
 [ 0.01575486 -0.0103827  -0.00844452 -0.05622351 -0.1275743   0.99001837]]",92
4,5,7,0.9,0.9728263020515442,"[[ 9.95173395e-01  6.60954639e-02  1.13911843e-02 -3.30396742e-02
  -5.13079576e-02  1.83990467e-02  3.26904804e-02]
 [-6.46359101e-02  9.92218852e-01 -9.88181531e-02  3.08398381e-02
   7.21140415e-04  1.21345082e-02  2.14467682e-02]
 [-2.19361372e-02  9.89205912e-02  9.92245018e-01 -5.89399189e-02
  -3.02651264e-02  2.81532127e-02 -8.86233407e-04]
 [ 3.22755389e-02 -2.18784809e-02  6.32077456e-02  9.91530538e-01
  -4.15486656e-02 -9.36366320e-02  2.92809624e-02]
 [ 4.88663167e-02  2.63928948e-03  3.30972075e-02  3.63298655e-02
   9.93774295e-01  9.41656344e-03  8.66821632e-02]
 [ 9.73028503e-03  1.51767991e-02  2.10176799e-02 -9.81485620e-02
   9.40542202e-04 -9.87076461e-01  1.23609886e-01]
 [-3.80314328e-02 -2.51355432e-02 -4.75160684e-03 -1.99361518e-02
  -8.44775438e-02  1.24680899e-01  9.87329662e-01]]",92
5,6,7,0.9,0.8711873888969421,"[[ 9.8924237e-01 -1.3804500e-01  1.7174121e-02 -2.0523326e-02
   6.2367361e-04 -5.0516818e-03  4.0013734e-02]
 [ 1.3705547e-01  9.8934305e-01  3.5204358e-02  2.1364165e-02
   9.7238151e-03 -1.6988268e-02  1.8362736e-02]
 [-1.6956072e-02 -3.4951191e-02  9.8375225e-01  1.6700457e-01
   1.5930890e-03  4.1969452e-02 -3.2681454e-02]
 [ 2.1922285e-02 -1.8018542e-02 -1.6840164e-01  9.8465747e-01
   2.3495477e-02  1.0356569e-03 -2.7057191e-02]
 [ 1.7117463e-03  1.1353245e-02 -7.9742800e-03  2.3430593e-02
  -9.8194039e-01  1.8031281e-01  5.0358251e-02]
 [ 7.6167537e-03  1.5745075e-02 -3.9540686e-02 -1.2039471e-02
   1.8055141e-01  9.8253906e-01 -1.9601760e-03]
 [-4.2265140e-02 -1.4860737e-02  2.6668234e-02  3.1424195e-02
   5.0445560e-02 -5.2570831e-03  9.9685597e-01]]",92
6,7,7,0.9,0.8857561945915222,"[[ 9.96851087e-01 -6.64192066e-02 -2.28715651e-02 -2.64190566e-02
  -3.27704591e-03  2.53767464e-02 -7.92282808e-04]
 [ 6.39868304e-02  9.94564414e-01 -6.37408793e-02 -3.75146568e-02
   3.56580317e-02 -2.33570556e-03 -2.79696869e-05]
 [ 3.38612422e-02  7.02466741e-02  9.55130339e-01  2.85234511e-01
  -1.19550806e-02  1.01627773e-02  6.30702078e-03]
 [ 1.98244341e-02  1.50536783e-02 -2.87097216e-01  9.56812322e-01
   3.81713472e-02  2.92956200e-03 -4.46485617e-04]
 [ 3.55810742e-03 -3.55933644e-02  2.55245902e-02 -3.10779940e-02
   9.91775453e-01 -1.14758223e-01 -1.77517198e-02]
 [-2.53235921e-02 -8.26760894e-04 -5.47436252e-03 -8.72234628e-03
   1.14568695e-01  9.92938280e-01 -1.41276000e-02]
 [ 2.92351819e-04 -1.10492937e-03 -5.79797663e-03 -2.06923299e-03
   1.93205066e-02  1.19512565e-02  9.99722302e-01]]",92
7,8,7,0.9,0.9706370234489441,"[[ 9.9526274e-01  7.8230627e-02 -2.4358414e-02  4.0809110e-02
   6.6428194e-03  2.7380497e-03 -3.1965151e-02]
 [-8.0071144e-02  9.9462855e-01  3.2991838e-02  5.1173221e-02
   2.5800669e-03 -1.4604933e-02 -1.9381665e-02]
 [ 3.3419706e-02 -2.0286104e-02  9.8123515e-01 -1.8753450e-01
   1.7901277e-02 -1.0802801e-02  6.5461849e-03]
 [ 3.0930988e-02  5.8807980e-02 -1.8668187e-01 -9.7969329e-01
  -2.6512839e-02 -1.2917939e-02 -8.1204334e-03]
 [-7.6175220e-03 -7.2850066e-04 -2.1262420e-02 -2.3987645e-02
   9.9482924e-01  8.7737225e-02 -3.9128128e-02]
 [ 2.6498737e-03  1.8546805e-02  8.9751426e-03 -1.2721748e-02
  -7.9866268e-02  9.8150051e-01  1.7229253e-01]
 [ 3.0035067e-02  1.9485984e-02 -1.0632193e-02 -3.2316493e-03
   5.3498629e-02 -1.6868475e-01  9.8350292e-01]]",92
8,9,7,0.9,0.9388244152069092,"[[ 9.9895412e-01  2.3468528e-02 -1.2218676e-02  2.2090681e-02
   1.3433336e-02  2.6757579e-02 -2.4745031e-03]
 [-2.5270652e-02  9.9741757e-01 -1.2569920e-02  6.4125277e-02
  -1.0975292e-03  9.3237469e-03 -1.2703535e-02]
 [ 1.6398987e-02  2.6430599e-02  9.7760677e-01 -2.0589545e-01
   9.0961298e-03 -2.1809256e-02  1.9134492e-02]
 [-1.9057412e-02 -6.1308336e-02  2.0891140e-01  9.7370100e-01
  -9.3964050e-03  5.9371371e-02 -2.2962263e-02]
 [-9.8172179e-04  2.6720525e-03 -1.0445400e-02  3.8645878e-02
   8.9235967e-01 -4.4942102e-01  1.0214542e-02]
 [-2.8604800e-02 -5.3611114e-03  5.6256899e-03 -5.2514743e-02
   4.5093399e-01  8.9028859e-01 -2.0209014e-02]
 [ 8.3209947e-04  1.0688125e-02 -1.3889392e-02  2.5731616e-02
  -3.7291943e-04  2.4567114e-02  9.9921286e-01]]",92
9,10,8,0.9,1.109677791595459,"[[ 9.9796861e-01  2.2971647e-02 -2.0818098e-02 -7.9913782e-03
  -2.5313685e-02  2.5456967e-02  3.3018906e-02 -2.5581129e-02]
 [-2.3015477e-02  9.9606299e-01  7.2048090e-02 -7.2907712e-03
  -3.2079592e-02  7.5224373e-03  2.7702928e-02  1.5211443e-02]
 [-2.2257153e-02  6.9028184e-02 -9.7517359e-01 -1.9731857e-01
  -1.4415777e-02 -6.6389978e-02 -7.7605592e-03 -1.2881423e-02]
 [ 8.7586913e-04  2.1096587e-02 -1.9697581e-01  9.7751391e-01
  -4.2272966e-02  3.0118791e-02 -2.0087838e-02 -4.6081588e-02]
 [ 3.5625130e-02  3.0059418e-02  1.7560899e-02  5.6453403e-02
   8.0767006e-01 -5.8467019e-01  5.8115395e-03  1.1314334e-02]
 [-7.7608470e-03  1.5464327e-02 -6.1003722e-02 -9.9465922e-03
   5.8523291e-01  8.0694318e-01  3.4439500e-02  3.2238286e-02]
 [-3.0619530e-02 -2.9027740e-02 -1.2324593e-02  2.1504141e-02
  -2.6181025e-02 -2.6614251e-02  9.9581927e-01  6.7497015e-02]
 [ 2.7670130e-02 -1.1633813e-02 -2.0759823e-02  4.0822621e-02
  -2.8659089e-02 -1.6607445e-02 -6.9302298e-02  9.9554086e-01]]",92
10,11,8,0.9,1.3598871231079102,"[[ 0.93598145 -0.26082075  0.01990238 -0.00597475 -0.0579965   0.10354605
   0.19232233  0.06637902]
 [ 0.23659854  0.96267414  0.0419786  -0.01260723 -0.02290152  0.0440036
   0.11173382  0.02032651]
 [-0.0310981  -0.03528094  0.9920172   0.10759994 -0.02484531 -0.01798622
   0.01668913 -0.02988274]
 [ 0.02726001  0.01809579 -0.10270287  0.989513    0.06975195  0.02857791
  -0.05951655 -0.00461556]
 [ 0.00918464 -0.0067814   0.02942966 -0.0559039   0.97684103  0.05897759
   0.19243237  0.03393112]
 [-0.05501915 -0.00315359  0.02129993 -0.03797403 -0.01121193  0.96588075
  -0.23791495 -0.07356962]
 [-0.01871147  0.00981346  0.03428324 -0.00707299  0.01119749  0.0133238
  -0.23806264  0.97023267]
 [ 0.25057545  0.05921581  0.0264683  -0.06689027  0.1901573  -0.22275613
  -0.89241207 -0.21529298]]",92
0,1,6,0.9,0.8983600735664368,"[[ 9.9809283e-01  2.7837937e-03  2.7095020e-02 -1.6469914e-02
   3.2122169e-02 -4.2020448e-02]
 [-1.0186261e-05  9.8809433e-01 -1.4076714e-02  1.5168716e-01
  -1.5358180e-02 -1.5052584e-02]
 [-2.5361607e-02  1.2422643e-02  9.9842650e-01  7.1704900e-03
  -4.7829367e-02  2.8370474e-03]
 [ 1.2053316e-02 -1.5183753e-01 -2.9162464e-03  9.8410249e-01
   3.5850972e-02 -8.3955958e-02]
 [ 3.7673604e-02 -2.0885449e-02 -4.6902247e-02  3.9894331e-02
  -9.9325579e-01  8.8296063e-02]
 [-4.0036265e-02 -4.0860414e-03 -2.0074781e-03 -8.1357770e-02
  -9.2749260e-02 -9.9154168e-01]]",93
1,2,6,0.9,0.8927146196365356,"[[ 0.98488516  0.17061333  0.00479238 -0.00823076 -0.02767104  0.00600882]
 [-0.16700397  0.9716947  -0.07156345 -0.1323106   0.07223703 -0.0085731 ]
 [-0.02143969  0.12271696  0.88053674  0.455727    0.00224342 -0.03799895]
 [ 0.00581278 -0.08579551  0.46635336 -0.87990886  0.01481159 -0.02571069]
 [-0.03773486  0.06245362 -0.00320885 -0.02019448 -0.98550946 -0.15175208]
 [-0.0139181   0.01948746  0.04489069 -0.00957697 -0.15020946  0.9872977 ]]",93
2,3,6,0.9,0.8283106684684753,"[[ 9.9720025e-01  6.1808106e-02  4.9765856e-04 -2.9754478e-02
  -2.8081933e-02 -9.8551130e-03]
 [-5.8786225e-02  9.9569535e-01 -1.1884754e-02  3.9928466e-02
   5.2792512e-02  2.4745824e-02]
 [-2.8975972e-03  1.3500698e-02  9.9683315e-01 -7.4269257e-02
   2.4537766e-02 -3.8690963e-03]
 [ 3.1061778e-02 -3.5705272e-02  7.5570762e-02  9.9544966e-01
  -3.2266740e-02  9.3915537e-03]
 [ 3.1770837e-02 -5.1402982e-02 -2.1561557e-02  3.1511512e-02
   9.9649948e-01 -4.3351173e-02]
 [ 1.2373267e-02 -2.5905885e-02  2.5148231e-03 -9.5642926e-03
   4.2070918e-02  9.9865305e-01]]",93
3,4,6,0.9,0.8098694086074829,"[[ 9.92545485e-01  1.15656920e-01  3.83224152e-03 -2.86784302e-02
  -2.03277841e-02 -1.50521956e-02]
 [-1.15295850e-01  9.92600143e-01 -2.86298022e-02  1.30791655e-02
  -1.62820052e-02  1.40079539e-02]
 [-1.29846646e-03  2.58077253e-02  9.83023047e-01  1.81337148e-01
   6.78948546e-03  8.28799326e-03]
 [ 3.07484660e-02 -1.57460645e-02 -1.80672958e-01  9.81413543e-01
  -3.68189141e-02  4.04432639e-02]
 [ 2.07705963e-02  1.66327842e-02 -1.37051921e-02  3.06202602e-02
   9.94829476e-01  9.20916647e-02]
 [ 1.34811150e-02 -1.33431749e-02  8.85281013e-04 -4.48679067e-02
  -9.07431394e-02  9.94681835e-01]]",93
4,5,7,0.9,1.0465387105941772,"[[ 0.99506027  0.07555378 -0.00100079 -0.03000017 -0.04631754  0.01652935
   0.02876069]
 [-0.07503944  0.99082327 -0.1037332   0.03683152 -0.00115619  0.01074564
   0.02010714]
 [-0.01088114  0.10463621  0.99185014 -0.05557423 -0.03541656  0.02828307
   0.0048401 ]
 [ 0.03078343 -0.02789186  0.06021778  0.9898407  -0.03885094 -0.10761732
   0.04210503]
 [ 0.04367203  0.00446468  0.03559763  0.03788581  0.9925432   0.05468589
   0.0850746 ]
 [ 0.00993579  0.0150443   0.02120317 -0.11210579  0.04530593 -0.98260087
   0.13820484]
 [-0.03394392 -0.02424533 -0.01134827 -0.02945125 -0.08885346  0.1368754
   0.98520756]]",93
5,6,7,0.9,0.8581937551498413,"[[ 9.8993611e-01 -1.3180378e-01  2.0503525e-02 -2.5811356e-02
  -5.2282377e-03 -2.3376681e-03  3.9180160e-02]
 [ 1.3087146e-01  9.9083662e-01  2.0134319e-02  9.1072533e-04
   1.2872952e-02 -1.5473616e-02  1.7443117e-02]
 [-1.7174942e-02 -1.6919788e-02  9.8502028e-01  1.6299100e-01
   1.1368672e-02  4.1540165e-02 -2.7075453e-02]
 [ 2.9765632e-02 -1.6139081e-03 -1.6325893e-01  9.8553079e-01
   2.8216677e-02 -4.3006642e-03 -1.9296383e-02]
 [-3.9080274e-03  1.5007358e-02  9.1303966e-04  3.0124664e-02
  -9.8462564e-01  1.6477560e-01  4.7038388e-02]
 [ 5.4646288e-03  1.3298367e-02 -4.1783720e-02 -7.4025802e-03
   1.6501121e-01  9.8526347e-01  4.4598705e-03]
 [-4.0905874e-02 -1.3408421e-02  2.2566920e-02  2.3101512e-02
   4.6532508e-02 -1.0769603e-02  9.9740803e-01]]",93
6,7,7,0.9,0.8715789914131165,"[[ 9.9540877e-01 -8.6031593e-02 -2.6522366e-02 -2.0960584e-02
  -3.9601442e-03  2.4025137e-02  4.9322573e-03]
 [ 8.3854459e-02  9.9372798e-01 -6.0880519e-02 -2.8098758e-02
   3.1162845e-02 -2.1631189e-03 -1.1639773e-03]
 [ 3.5784386e-02  6.3380569e-02  9.7045302e-01  2.2925997e-01
  -1.3786882e-02  1.2988691e-02  2.0571544e-03]
 [ 1.5330088e-02  1.0856029e-02 -2.3042285e-01  9.7210884e-01
   3.9156336e-02  4.3570693e-03 -2.1696130e-03]
 [ 3.1116770e-03 -3.1093011e-02  2.5025263e-02 -3.3619311e-02
   9.9559683e-01 -7.1614869e-02 -3.0419212e-02]
 [-2.4000097e-02  1.1104178e-03 -9.2906812e-03 -9.2178918e-03
   7.0981644e-02  9.9679881e-01 -2.4599852e-02]
 [-5.3522936e-03  5.5607565e-04 -1.9051428e-03  4.5907302e-04
   3.2225784e-02  2.2221752e-02  9.9921709e-01]]",93
7,8,7,0.9,0.9525438547134399,"[[ 9.9727082e-01  5.0631031e-02 -2.6225924e-02  3.4779776e-02
   8.7288711e-03 -8.1184402e-04 -3.0217841e-02]
 [-5.2480277e-02  9.9632430e-01  2.5941825e-02  5.8965329e-02
   4.5529879e-03 -1.3029995e-02 -1.5598101e-02]
 [ 3.3209965e-02 -1.2297310e-02  9.7904092e-01 -1.9899684e-01
   1.1737138e-02 -2.2065772e-02  6.5366668e-04]
 [ 2.5428193e-02  6.3987218e-02 -1.9895674e-01 -9.7715038e-01
  -1.6706491e-02 -2.1838976e-02 -9.8223845e-03]
 [-9.4333924e-03 -3.1418425e-03 -1.2890066e-02 -1.6498920e-02
   9.9467200e-01  9.2337646e-02 -3.9549172e-02]
 [ 6.7815264e-03  1.7048936e-02  1.8080262e-02 -2.4491677e-02
  -8.5064299e-02  9.8320508e-01  1.5750681e-01]
 [ 2.8500032e-02  1.5107869e-02 -6.4290450e-03 -4.3526250e-03
   5.3645808e-02 -1.5377645e-01  9.8609036e-01]]",93
8,9,7,0.9,0.9348552227020264,"[[ 9.99222398e-01  4.76449309e-03 -2.31993459e-02  1.53170675e-02
   1.47866374e-02  2.31654271e-02 -1.98340649e-03]
 [-5.80681255e-03  9.98490632e-01 -1.09932385e-03  5.36221154e-02
   2.75212951e-04  7.80246966e-03 -6.72825985e-03]
 [ 2.72262879e-02  1.62704103e-02  9.60727334e-01 -2.72889048e-01
  -5.99499326e-04 -3.29819471e-02  2.09856573e-02]
 [-9.69238859e-03 -5.17817512e-02  2.75655806e-01  9.57571089e-01
   1.30262403e-02  6.18238784e-02 -1.74460951e-02]
 [ 7.95622705e-04  2.76677450e-03 -1.12139685e-02  3.01696490e-02
   8.11550498e-01 -5.83319724e-01  8.92900117e-03]
 [-2.61707976e-02 -3.34109506e-03  1.12240072e-02 -6.42851219e-02
   5.83890915e-01  8.08353305e-01 -2.61094831e-02]
 [ 5.12357568e-04  5.37493220e-03 -1.50242560e-02  2.08922159e-02
   8.27619247e-03  2.82052606e-02  9.99222040e-01]]",93
9,10,8,0.9,1.1334513425827026,"[[ 9.9730289e-01  1.4580436e-02 -8.6346874e-03 -1.0027726e-03
  -1.9563485e-02  3.4685660e-02  4.3369889e-02  4.0398091e-02]
 [-1.5302125e-02  9.9727213e-01  6.0290840e-02  5.0100526e-03
  -2.5044221e-02  1.4328965e-03  2.7788186e-02 -1.2352478e-02]
 [-8.5545527e-03  5.9190735e-02 -9.6923071e-01 -2.2800829e-01
  -2.2718200e-02 -6.4966112e-02  5.1413695e-03  1.6257690e-02]
 [-2.9491296e-03  9.9826790e-03 -2.2945707e-01  9.7172648e-01
   2.9612516e-04  3.0675078e-02 -2.0657092e-02  4.0261529e-02]
 [ 3.0215185e-02  2.3226507e-02  1.7506769e-03  1.2833284e-02
   9.2468846e-01 -3.7760386e-01  2.5718804e-02 -9.2148082e-03]
 [-2.4536621e-02  1.0221525e-02 -6.0790334e-02 -4.1035648e-02
   3.7621537e-01  9.2141831e-01  2.7896177e-02 -5.0854195e-02]
 [-4.1882250e-02 -2.9688455e-02 -4.1438379e-05  2.3036478e-02
  -3.3459425e-02 -1.7756036e-02  9.9734610e-01 -2.6451258e-02]
 [ 4.2447198e-02 -1.0350553e-02 -2.3094341e-02  3.6802921e-02
  -2.7703984e-02 -4.1492719e-02 -2.7472891e-02 -9.9647343e-01]]",93
10,11,8,0.9,1.3567005395889282,"[[ 0.9417834  -0.22589688  0.0425026   0.09024864 -0.07235146  0.12717697
   0.14713569  0.09489806]
 [ 0.20031191  0.9715038   0.03243019  0.04282721 -0.02253744  0.06338961
   0.08735029  0.03183493]
 [-0.05917486 -0.02559022  0.98842716  0.12539765 -0.00540326 -0.0153471
   0.0197408  -0.04976139]
 [-0.02799996 -0.00605146 -0.1176441   0.93159974  0.29984033 -0.05410075
  -0.15408783 -0.02978398]
 [ 0.04113903 -0.00354417  0.04246074 -0.25586593  0.936864    0.1229558
   0.17729154  0.08222058]
 [-0.06910983 -0.01326372  0.01205502  0.00566879 -0.04328906  0.9272214
  -0.3562069  -0.07983501]
 [-0.02509633  0.01124873  0.05485588 -0.02529553 -0.01118832 -0.06472751
  -0.36852193  0.9249169 ]
 [-0.2480625  -0.0643784  -0.03682384  0.20069656 -0.1568779   0.31240693
   0.8077525   0.34352934]]",93
0,1,6,0.9,0.8966286778450012,"[[ 0.99805385 -0.01348535  0.02886235 -0.01775882 -0.03165418 -0.03944815]
 [ 0.01560913  0.98645264 -0.00232031  0.16164182  0.00667749 -0.0221258 ]
 [-0.0269788  -0.00568654  0.9976591   0.04957675  0.03802478 -0.0035205 ]
 [ 0.01246194 -0.16279052 -0.04852763  0.98146814 -0.02957376 -0.0826718 ]
 [ 0.03712735 -0.01072987 -0.03823698  0.03444662  0.99259293  0.10303982]
 [-0.03719099 -0.0090098  -0.00457236 -0.08143916  0.1067349  -0.990197  ]]",94
1,2,6,0.9,0.9104043245315552,"[[ 9.8371702e-01  1.7794210e-01  1.0035793e-02 -4.7981665e-03
  -2.0816034e-02  8.9648264e-03]
 [-1.7293096e-01  9.6682119e-01 -9.7091235e-02 -1.4086600e-01
   7.7985264e-02 -1.3584431e-04]
 [-3.2779794e-02  1.4594759e-01  8.8773108e-01  4.3181413e-01
   3.0443645e-03 -5.5547796e-02]
 [ 7.2194831e-03 -8.5367672e-02  4.4580707e-01 -8.9042950e-01
   2.0940522e-02 -2.4759835e-02]
 [ 3.1782813e-02 -6.8826251e-02  5.9077474e-03  2.8240586e-02
   9.8240983e-01  1.6820024e-01]
 [-1.6090449e-02  1.6370764e-02  6.0226377e-02 -2.8325552e-03
  -1.6705737e-01  9.8383415e-01]]",94
2,3,6,0.9,0.849223256111145,"[[ 9.9755782e-01  5.7387605e-02 -4.6524438e-03 -2.2268476e-02
  -3.0049738e-02 -1.2827898e-02]
 [-5.3945985e-02  9.9483973e-01 -1.3249759e-02  5.4112319e-02
   6.1562564e-02  2.2137791e-02]
 [ 4.6575270e-04  2.0398544e-02  9.9004257e-01 -1.3673054e-01
   1.2460637e-02 -2.3427695e-02]
 [ 2.5280302e-02 -4.9915202e-02  1.3790180e-01  9.8875111e-01
  -1.3181335e-02  7.0654140e-03]
 [ 3.3048049e-02 -5.9594359e-02 -1.0872241e-02  1.1279564e-02
   9.9646717e-01 -4.6520412e-02]
 [ 1.5386835e-02 -2.3268975e-02  2.1985564e-02 -1.1167181e-02
   4.5069862e-02  9.9828976e-01]]",94
3,4,6,0.9,0.8313575983047485,"[[ 0.9942534   0.09486084 -0.0161467  -0.03827545 -0.01806468 -0.02023404]
 [-0.09510941  0.99499375 -0.02115521  0.00856643 -0.01863842  0.00857042]
 [ 0.02608618  0.0203244   0.9520792   0.30212954  0.02210128  0.02609231]
 [ 0.03322677 -0.01252565 -0.30279303  0.95048296 -0.03515369  0.04900716]
 [ 0.01902574  0.01840608 -0.03343416  0.0190023   0.9907556   0.12737209]
 [ 0.01636327 -0.00895803 -0.0059489  -0.05831183 -0.12651232  0.9900561 ]]",94
4,5,7,0.9,0.8887969851493835,"[[ 0.9954888   0.05722783  0.01258711  0.02339938 -0.05263114  0.0210849
   0.04250158]
 [-0.05628563  0.99333745 -0.08483987 -0.04435664  0.00296769  0.01101197
   0.02858705]
 [-0.01923484  0.08529782  0.9947499   0.0263124  -0.02348041  0.03459559
  -0.01965338]
 [ 0.02536359 -0.0387691   0.03247202 -0.9927353  -0.03941254 -0.09848097
  -0.00488728]
 [ 0.05000928 -0.00141271  0.02827772 -0.03445312  0.9934293  -0.03183623
   0.08714969]
 [ 0.01231549  0.01686467  0.03117395  0.10006768 -0.03604706 -0.99104166
   0.0715231 ]
 [-0.04656203 -0.03066743  0.01703992 -0.00828116 -0.08315811  0.07322329
   0.9920966 ]]",94
5,6,7,0.9,0.8613678216934204,"[[ 9.8996073e-01 -1.3191983e-01  9.9353986e-03 -2.9434286e-02
  -2.1604814e-03 -1.0781109e-02  3.8586415e-02]
 [ 1.3150539e-01  9.8947877e-01  4.1434225e-02  3.2233648e-02
  -6.3083409e-03 -2.4387760e-02  1.5737230e-02]
 [-8.8373730e-03 -4.4062119e-02  9.8188454e-01  1.7603670e-01
   1.0535343e-02  4.3623973e-02 -2.9668851e-02]
 [-2.8263740e-02  2.7926870e-02  1.7797513e-01 -9.8290843e-01
   3.7635567e-03 -9.6283481e-04  2.4941511e-02]
 [ 3.4924718e-03  1.0312618e-02 -1.7302888e-02  2.1778296e-03
   9.7813100e-01  1.9754994e-01  6.1733838e-02]
 [ 1.2106916e-02  2.2530243e-02 -3.7861556e-02 -7.4644480e-03
  -2.0052053e-01  9.7805470e-01  3.2513447e-02]
 [-4.0599968e-02 -1.3910808e-02  2.6062030e-02  3.0599030e-02
  -5.3680848e-02 -4.2048205e-02  9.9593818e-01]]",94
6,7,7,0.9,0.8789926171302795,"[[ 9.97531056e-01 -4.89768870e-02 -3.34124938e-02  2.91447565e-02
  -4.69804945e-04  2.37680152e-02  1.41950417e-03]
 [ 4.55230288e-02  9.95467126e-01 -6.06833138e-02  4.49454263e-02
   3.53850797e-02  7.31085427e-04  4.20737267e-03]
 [ 4.39391434e-02  7.01188371e-02  9.50633943e-01 -2.98199385e-01
  -2.11534891e-02  1.48451899e-03  8.67459550e-03]
 [ 1.90152507e-02  2.22419798e-02 -3.00178379e-01 -9.52320993e-01
   4.54184338e-02 -5.23027126e-03 -5.57303894e-03]
 [-1.58194243e-03  3.44613269e-02 -3.63343507e-02 -3.58908288e-02
  -9.91341054e-01  1.08262040e-01  4.15191129e-02]
 [-2.36919858e-02 -3.33028636e-03  1.76497409e-03 -1.39343913e-03
   1.08438104e-01  9.93812680e-01 -3.92753755e-05]
 [-1.81963271e-03 -6.03960780e-03 -8.11539590e-03 -1.46229193e-03
   4.14906852e-02 -4.53895470e-03  9.99074638e-01]]",94
7,8,7,0.9,0.956835925579071,"[[ 9.9816060e-01  2.5671452e-02 -1.5051572e-02  4.4328008e-02
   1.0982221e-02  5.1418436e-03 -2.6033288e-02]
 [-2.7983710e-02  9.9754244e-01  2.8526919e-02  5.3114973e-02
   5.7605840e-03 -1.4479957e-02 -1.5747955e-02]
 [ 2.2598766e-02 -1.8817957e-02  9.8563558e-01 -1.6595331e-01
   1.0574099e-02 -2.2594610e-03 -5.0260831e-04]
 [-3.9829906e-02 -5.8022287e-02  1.6500916e-01  9.8308539e-01
   3.3038162e-02  1.2577058e-02  1.0598818e-02]
 [-1.0974119e-02 -3.8175189e-03 -1.5773054e-02 -3.1755313e-02
   9.9730408e-01  4.9761735e-02 -3.8937971e-02]
 [-5.7041366e-04  1.7556358e-02  1.1417080e-03 -1.1970187e-02
  -4.3671746e-02  9.8734123e-01  1.5098639e-01]
 [ 2.5968341e-02  1.4366952e-02 -2.0082970e-03 -8.0442568e-03
   4.6046045e-02 -1.4927036e-01  9.8724294e-01]]",94
8,9,8,0.9,0.9913089871406555,"[[ 0.9977993   0.05497388 -0.00746849  0.02497375  0.01532654  0.02007574
  -0.00585175 -0.00478693]
 [-0.05702665  0.9957779  -0.01928671  0.06423892  0.00344117  0.01053775
  -0.00662866 -0.02255692]
 [ 0.0097362   0.02988507  0.98790747 -0.15037408  0.0059185  -0.00969476
   0.00752489  0.01590056]
 [-0.02141211 -0.06286694  0.15288128  0.98330414 -0.00886217  0.06955667
  -0.01076249 -0.01723633]
 [-0.00493808 -0.00115067 -0.00342303  0.04185675  0.87872183 -0.47538787
   0.00554015 -0.00584266]
 [-0.02314153 -0.00898557 -0.00234403 -0.05883447  0.47673818  0.87647563
  -0.00690589 -0.01949697]
 [ 0.0048941   0.00490389 -0.00526662  0.0106296  -0.00232184  0.00888053
   0.998574   -0.05076422]
 [ 0.00274017  0.0212765  -0.0139054   0.02058719  0.01424433  0.01648234
   0.05020919  0.9979614 ]]",94
9,10,8,0.9,1.1007152795791626,"[[ 0.9983896   0.01278701  0.0164057  -0.01083657  0.03371464  0.01358937
   0.03255093 -0.0169463 ]
 [-0.01213262  0.992653   -0.1105855  -0.02450647  0.01679608 -0.00440759
   0.02718862  0.02494476]
 [-0.01899159  0.10392607  0.9758611  -0.17823337  0.02029031 -0.06473323
  -0.00849291 -0.00961906]
 [ 0.0049595   0.04457856  0.17575324  0.9815423   0.021466    0.02964118
   0.00926413 -0.0474159 ]
 [ 0.03640647  0.0128535  -0.01121922  0.0350053  -0.85276586 -0.51924676
  -0.01164363 -0.01399377]
 [ 0.00390958  0.01741057  0.06134152 -0.02522953 -0.5200757   0.85048723
   0.03001463  0.02396268]
 [-0.03076535 -0.02883698  0.00852758 -0.00508442  0.0042318  -0.03459169
   0.99593246  0.07090509]
 [ 0.01996183 -0.01971342  0.01860977  0.04692164  0.00160156 -0.02418008
  -0.07159249  0.9954658 ]]",94
10,11,10,0.9,1.672154426574707,"[[ 9.35743630e-01 -2.91618317e-01 -1.94025263e-02 -9.62944049e-03
   3.47519256e-02  1.03988215e-01  1.58114225e-01 -7.48508982e-03
  -2.26835161e-02  3.57985608e-02]
 [ 2.70697057e-01  9.47437167e-01  8.66000652e-02 -3.02582942e-02
   8.69801175e-03  6.39862493e-02  1.12418890e-01 -7.14636641e-03
   5.66756316e-02  2.44946480e-02]
 [ 6.44224510e-03  8.41596350e-02 -9.90884721e-01 -7.06155151e-02
  -3.04191783e-02  1.36869717e-02 -9.88994073e-03  4.76761796e-02
   4.04992923e-02  3.02154664e-02]
 [ 2.14146916e-02  3.11350077e-02 -5.91834523e-02  9.84770954e-01
  -1.38359070e-01  4.74101417e-02 -2.53801867e-02  3.84209491e-02
  -1.91554194e-03  4.21974510e-02]
 [ 5.68170426e-03  1.84930470e-02 -2.87142769e-02  1.25349104e-01
   9.66001570e-01 -7.04711825e-02 -1.73978433e-01  8.07549134e-02
   2.33543515e-02  8.73405188e-02]
 [-2.85624471e-02 -4.00089659e-03  1.68085862e-02 -5.02402820e-02
   4.56024689e-04  8.99061859e-01 -4.30999339e-01 -4.48675938e-02
  -9.03362129e-03 -1.39270592e-02]
 [-2.49209329e-02  6.72168564e-03  3.26433666e-02 -3.21609229e-02
  -1.96310934e-02  1.04878813e-01  1.38821125e-01  9.33499634e-01
  -2.65704244e-01 -1.56707063e-01]
 [ 1.99145138e-01  3.84114422e-02  4.42283005e-02 -4.65897657e-02
  -1.98407933e-01 -3.57344359e-01 -7.87683368e-01  2.56081969e-01
   3.09159160e-01  7.79478326e-02]
 [-5.20764440e-02 -7.34367147e-02  2.39559002e-02  2.09542699e-02
   5.19251153e-02  1.41320407e-01  2.73045748e-01  1.46927446e-01
   8.86817992e-01 -2.92620152e-01]
 [-8.22619796e-02 -4.46995199e-02  4.54554185e-02 -4.84859981e-02
  -5.51506802e-02  1.03502154e-01  1.76976323e-01  1.70358047e-01
   2.03415930e-01  9.33457494e-01]]",94
0,1,6,0.9,0.8908985257148743,"[[ 0.9983479  -0.00943301  0.02719834 -0.0153496   0.02835522 -0.0378563 ]
 [ 0.01115102  0.98960423  0.00335116  0.1424578  -0.00793025 -0.01380767]
 [-0.02630488  0.00367877  0.997572   -0.04822205 -0.04128461  0.01071886]
 [ 0.00814784 -0.142766    0.05085631  0.984188    0.04006686 -0.08205948]
 [-0.03392154  0.01375929  0.03887389 -0.0490609   0.9915587  -0.10748625]
 [-0.03561055 -0.00306206  0.00127818 -0.07817815 -0.11240439 -0.9899365 ]]",95
1,2,6,0.9,0.895088791847229,"[[ 9.8483163e-01  1.6996595e-01  1.2534289e-02 -9.8862611e-03
  -3.0416947e-02  6.1886478e-03]
 [-1.6597700e-01  9.7256798e-01 -6.3745461e-02 -1.2984768e-01
   7.4171767e-02 -1.1737770e-02]
 [-2.6095308e-02  1.1111883e-01  8.9565468e-01  4.2837331e-01
  -1.3849898e-03 -3.5619229e-02]
 [ 2.4812589e-03 -9.2612915e-02  4.3755901e-01 -8.9337981e-01
   2.6705224e-02 -3.3439949e-02]
 [-4.0871453e-02  6.2658891e-02 -3.7501048e-04 -3.1631578e-02
  -9.8870128e-01 -1.2598649e-01]
 [-1.4169978e-02  1.9297805e-02  4.6088260e-02 -2.0251902e-02
  -1.2380704e-01  9.9073929e-01]]",95
2,3,6,0.9,0.8339133858680725,"[[ 0.997167    0.06395126  0.00428828 -0.02490212  0.02996627  0.00563409]
 [-0.0610966   0.9956511  -0.01357857  0.03623486 -0.05721272 -0.01324782]
 [-0.00539563  0.01337363  0.99890894 -0.03593303 -0.02381498  0.01070884]
 [ 0.02691918 -0.0341747   0.037002    0.99784726  0.00700009 -0.03146582]
 [ 0.0330429  -0.05427877 -0.02354556  0.00828049 -0.99250823  0.10132398]
 [ 0.00892255 -0.01721102  0.0073941  -0.03174853 -0.10069806 -0.99419385]]",95
3,4,6,0.9,0.8146278858184814,"[[ 0.99298155  0.11516786  0.00470334 -0.01224632  0.01897547 -0.01385012]
 [-0.11471868  0.9922961  -0.02975971  0.02645985  0.0175946   0.01710671]
 [-0.00684184  0.02834996  0.9984823   0.03409931 -0.02510906  0.01973602]
 [ 0.0162272  -0.02725269 -0.03405137  0.9962782   0.01880218  0.07007585]
 [-0.01802588 -0.01771302  0.02696796 -0.01455877  0.9979396  -0.05038512]
 [-0.01386283  0.01498457  0.01545131  0.07214472 -0.04962808 -0.9958297 ]]",95
4,5,7,0.9,0.927101194858551,"[[ 0.9965551   0.05889832  0.00474007 -0.02329549  0.04428206  0.00856598
   0.02845067]
 [-0.05727335  0.9920879  -0.07966214  0.07523926  0.00496979  0.01505032
   0.01494119]
 [-0.01534917  0.0897873   0.98203427 -0.16093636  0.03411525  0.01564881
  -0.00143304]
 [ 0.02561574 -0.05777765  0.16741851  0.9771407   0.00656246 -0.11309913
   0.01838665]
 [-0.04025356 -0.00786608 -0.03434502 -0.00179888  0.9925465  -0.03096115
  -0.10501363]
 [ 0.00242033  0.0219677  -0.00410999 -0.11419452 -0.01976978 -0.9874405
   0.10499778]
 [-0.03285835 -0.01866014 -0.00383594 -0.00693885  0.10615148  0.10327789
   0.988218  ]]",95
5,6,7,0.9,0.8465169072151184,"[[ 0.992262   -0.11322747 -0.00141607 -0.02805685 -0.01050706 -0.00807635
   0.04038293]
 [ 0.11278986  0.99312335  0.02240838  0.00140038  0.00701256 -0.01567949
   0.01361602]
 [ 0.0076678  -0.02224546  0.9619895   0.26887536  0.01369285  0.03382918
  -0.01991272]
 [ 0.02717254  0.0013195  -0.26908237  0.96244323  0.02006863 -0.01228838
  -0.0019613 ]
 [ 0.00763556 -0.0103125  -0.00191394 -0.02349226  0.9845775  -0.17251213
  -0.01124806]
 [ 0.01189259  0.0139891  -0.03665236 -0.00165646  0.17221566  0.9841077
  -0.01380508]
 [-0.04120238 -0.00932499  0.01787528  0.00807875  0.01411074  0.0128507
   0.9987324 ]]",95
6,7,7,0.9,0.8597710132598877,"[[ 9.9789286e-01 -4.2056281e-02 -3.5400353e-02 -2.1239650e-02
   3.9485996e-03  2.6692865e-02  2.9593660e-03]
 [ 3.9138891e-02  9.9653667e-01 -5.6827538e-02 -3.1807028e-02
   3.3691850e-02  1.5002217e-03 -2.0745711e-03]
 [ 4.3409042e-02  6.3645996e-02  9.1811526e-01  3.8827553e-01
  -1.7895406e-02  6.3065877e-03  3.3509482e-03]
 [ 6.2291101e-03  5.7445848e-03 -3.8912541e-01  9.2035043e-01
   3.6002398e-02 -1.2957001e-02  7.0944562e-04]
 [-2.3242531e-03 -3.2348994e-02  3.3289686e-02 -2.5840845e-02
   9.9477190e-01 -8.6973779e-02 -6.0434565e-03]
 [-2.7169550e-02 -3.5479916e-03 -6.9056377e-03  7.9005929e-03
   8.7237626e-02  9.9568236e-01 -1.2055091e-02]
 [-3.3637232e-03  1.7364965e-03 -2.6960077e-03 -2.0183134e-03
   7.1568727e-03  1.1390780e-02  9.9989671e-01]]",95
7,8,7,0.9,0.9515570402145386,"[[ 9.91737545e-01  1.19118385e-01 -2.00195722e-02  2.47286763e-02
   1.81490332e-02 -8.91224990e-05 -3.04256976e-02]
 [-1.19966686e-01  9.91464674e-01  2.55613886e-02  4.13273014e-02
   6.64650043e-03 -1.17098046e-02 -7.94930756e-03]
 [ 2.66545732e-02 -1.38512142e-02  9.78380740e-01 -2.02320278e-01
   8.01919028e-03 -2.72811018e-02  1.12580322e-02]
 [ 1.44232428e-02  4.75780107e-02 -2.01810002e-01 -9.77717400e-01
  -2.10129358e-02 -1.02713909e-02 -1.79611985e-02]
 [-1.74763184e-02 -9.03576240e-03 -1.41681284e-02 -1.77343320e-02
   9.93993819e-01 -1.03867561e-01 -1.68902203e-02]
 [ 3.00621055e-03  1.29230358e-02  2.04282291e-02 -1.93723068e-02
   1.05321683e-01  9.77634728e-01  1.79357603e-01]
 [ 2.88381800e-02  1.02203963e-02 -1.92781016e-02 -1.12190405e-02
  -1.99823058e-03 -1.80152953e-01  9.82907593e-01]]",95
8,9,8,0.9,0.9857270121574402,"[[ 9.99247551e-01  2.33483594e-02  1.31031815e-02  1.01169907e-02
   2.10316516e-02  1.18679870e-02 -9.59125406e-04 -1.00461738e-02]
 [-2.50257608e-02  9.96618927e-01  3.68813123e-03  6.65647686e-02
   2.55808923e-02  1.85259599e-02 -7.83542544e-03 -2.49196906e-02]
 [ 1.59816034e-02  2.97167413e-02 -9.28475916e-01 -3.68063927e-01
  -1.89957097e-02 -2.12759115e-02  2.01395787e-02  1.01925544e-02]
 [-4.47011646e-03 -6.26513138e-02 -3.70844066e-01  9.24433887e-01
   3.69084403e-02  4.71595339e-02 -1.71887204e-02 -8.35071690e-03]
 [-1.32648023e-02 -1.41948033e-02 -2.63594906e-03 -1.56705417e-02
   9.00931537e-01 -4.32967842e-01  1.51271597e-02  1.57593586e-03]
 [-1.87816713e-02 -2.48370524e-02 -4.85065347e-03 -6.77329749e-02
   4.30424690e-01  8.98069799e-01 -3.76149677e-02 -3.47760953e-02]
 [-7.77880719e-04  3.69330659e-03  1.17270090e-02  2.06791852e-02
   2.68913805e-03  3.92030627e-02  9.96056199e-01 -7.58196563e-02]
 [ 8.55717156e-03  2.37761512e-02  7.34378817e-03  1.25179300e-02
   1.51628107e-02  3.62201892e-02  7.39259496e-02  9.96064246e-01]]",95
9,10,8,0.9,1.0838947296142578,"[[ 9.97692645e-01 -3.40148136e-02 -2.16838215e-02  4.85162425e-04
  -2.11032461e-02  2.83980109e-02  2.38402728e-02 -3.40847522e-02]
 [ 3.45254652e-02  9.92910385e-01  1.05135411e-01 -4.40922240e-03
  -2.94968802e-02  4.61780606e-03  3.09955645e-02 -3.43755982e-03]
 [ 1.66381001e-02 -1.03178546e-01  9.79424834e-01  1.59745514e-01
   2.70214640e-02  5.92259765e-02  4.70184861e-03  5.07201208e-03]
 [-4.18488868e-03  2.28519961e-02 -1.60383001e-01  9.84783888e-01
   3.20555046e-02  2.76675299e-02 -2.14501563e-02 -4.10504453e-02]
 [ 2.93198768e-02  3.04611865e-02 -4.94804187e-03 -2.67930292e-02
   9.68633771e-01 -2.40421712e-01 -3.73705849e-02  4.41901712e-03]
 [-2.44076103e-02  7.38625508e-03 -5.72871640e-02 -4.24946360e-02
   2.41081297e-01  9.65160072e-01  6.61625192e-02  1.51805002e-02]
 [-2.14835349e-02 -2.83490047e-02 -7.50172278e-03  2.34643221e-02
   2.21033115e-02 -7.39237368e-02  9.95746911e-01  2.57445164e-02]
 [ 3.47286686e-02  4.20625368e-03 -1.08651593e-02  3.98520865e-02
  -8.16651899e-03 -9.88568924e-03 -2.65098996e-02  9.98099506e-01]]",95
10,11,10,0.9,1.6169764995574951,"[[ 9.36220109e-01 -2.55946547e-01 -4.24185842e-02  4.75862026e-02
  -1.93849299e-02  1.17797948e-01  1.65888131e-01 -1.00359641e-01
   2.32512448e-02 -3.91890258e-02]
 [ 2.25289896e-01  9.57975686e-01 -1.14306852e-01 -3.76710854e-03
   1.79341529e-02  5.32221049e-02  1.03024542e-01 -5.07243611e-02
   4.43156548e-02 -1.19088637e-02]
 [-5.85610010e-02 -9.47355926e-02 -9.87528086e-01  6.69979602e-02
   2.14965153e-03 -5.29337637e-02 -1.17326789e-02  5.32034710e-02
  -4.59249131e-02 -3.36379278e-03]
 [-7.12918723e-03  2.64842715e-02  6.81938529e-02  9.70690489e-01
   1.63113266e-01 -2.76071560e-02 -1.33550853e-01  4.51774448e-02
   3.46713252e-02 -6.25332892e-02]
 [ 1.65461861e-02 -2.45461985e-02 -4.50866763e-03 -1.53009340e-01
   9.83449221e-01  7.96659291e-03  4.28104363e-02  3.87056801e-03
  -6.94308355e-02  4.22773771e-02]
 [-4.62227874e-02 -1.08655870e-04 -3.03427428e-02 -1.92325413e-02
  -2.60513322e-03  9.31587160e-01 -2.84441054e-01  1.93997130e-01
  -8.94986987e-02 -4.64740284e-02]
 [ 1.91750452e-02  1.55598447e-02 -3.30046341e-02 -3.25830877e-02
   1.04206065e-02 -1.60114206e-02 -5.45679212e-01 -8.16170096e-01
  -1.79580912e-01 -2.69383918e-02]
 [ 2.03085259e-01  3.65771167e-02 -7.36452918e-03 -1.33133203e-01
   3.60627845e-02 -2.28633821e-01 -6.98074579e-01  3.69915277e-01
   4.91328508e-01  1.43236563e-01]
 [-2.41262838e-02 -1.49405971e-02 -1.42775550e-02  9.13840160e-02
  -2.64841765e-02  1.23799682e-01  1.22061312e-01 -1.40649408e-01
   9.31724831e-02  9.65012789e-01]
 [-1.57010853e-01 -6.84990436e-02 -5.46263158e-02  8.59227683e-03
   5.83299287e-02  2.09648833e-01  2.47348681e-01 -3.49400014e-01
   8.36073816e-01 -1.94836736e-01]]",95
0,1,6,0.9,0.8846537470817566,"[[ 9.98206258e-01 -1.49144968e-02  2.35105045e-02 -1.43241305e-02
   3.38963456e-02 -3.81426029e-02]
 [ 1.65811498e-02  9.88687396e-01  1.51583990e-02  1.46386459e-01
  -1.85665302e-02 -1.47917205e-02]
 [-2.21889131e-02 -1.69839337e-02  9.98682499e-01  8.54280777e-03
  -4.21757661e-02  8.32779158e-04]
 [ 7.97843281e-03 -1.46362320e-01 -9.11975559e-03  9.85473096e-01
   3.68859395e-02 -7.68987760e-02]
 [-3.80920246e-02  2.32756194e-02  4.19318751e-02 -3.94500569e-02
   9.93965149e-01 -8.20121169e-02]
 [-3.60866822e-02 -4.75757802e-03 -3.04876943e-03 -7.46946260e-02
  -8.60249922e-02 -9.92817283e-01]]",96
1,2,6,0.9,0.8914828300476074,"[[ 9.83282506e-01  1.79419652e-01  1.46630155e-02 -7.08916225e-03
  -2.57915389e-02  5.80060016e-03]
 [-1.73898727e-01  9.66394067e-01 -9.70080718e-02 -1.43966347e-01
   7.36949220e-02 -1.65480934e-02]
 [-3.61356810e-02  1.37774408e-01  9.24547791e-01  3.50625098e-01
   1.50986516e-05 -4.45611626e-02]
 [ 6.76551461e-03 -1.01179980e-01  3.64347428e-01 -9.24963295e-01
   7.15309707e-03 -3.68723534e-02]
 [-3.66607532e-02  6.33109361e-02 -1.16256140e-02 -1.42955193e-02
  -9.88829017e-01 -1.28550842e-01]
 [-1.48050385e-02  2.57597566e-02  5.19754961e-02 -2.28923801e-02
  -1.26766726e-01  9.89859581e-01]]",96
2,3,6,0.9,0.8231121897697449,"[[ 0.9974882   0.05372514 -0.01850949 -0.0290887   0.02969775  0.00774764]
 [-0.05096295  0.9957221  -0.0209568   0.03693926 -0.06198287 -0.01716449]
 [ 0.0177937   0.02125383  0.99943554  0.00484451 -0.01205835  0.01383591]
 [ 0.03018567 -0.03414862 -0.00402847  0.99834394  0.02849859 -0.02008973]
 [ 0.03295409 -0.06044784 -0.01229301  0.02654027 -0.99528456  0.06175138]
 [ 0.01030224 -0.01947388  0.01339816 -0.01925586 -0.06105115 -0.9976157 ]]",96
3,4,6,0.9,0.7904099822044373,"[[ 0.99283564  0.11074819 -0.00310159 -0.0360552  -0.02005037 -0.01733909]
 [-0.11063956  0.9930791  -0.03303793  0.01205744 -0.01618938  0.00733333]
 [ 0.00735325  0.03102444  0.9791527   0.19964121  0.01079118  0.01644155]
 [ 0.03689004 -0.01548225 -0.19947812  0.9762304  -0.03871759  0.06389878]
 [-0.02065149 -0.01694066  0.01909621 -0.02979502 -0.9957508  -0.08071262]
 [-0.01395978  0.00628581  0.00163176  0.06916996  0.07874511 -0.994373  ]]",96
4,5,7,0.9,0.9598879218101501,"[[ 9.96386170e-01  5.31351380e-02  1.21277962e-02 -2.97428910e-02
   4.80415449e-02  6.68243878e-03  3.17315198e-02]
 [-5.09814993e-02  9.93694663e-01 -8.67299139e-02  4.70902883e-02
  -4.95080370e-04  7.27649359e-03  1.33863389e-02]
 [-1.93152390e-02  8.75500813e-02  9.94540751e-01 -3.56049500e-02
   3.54768634e-02  1.47031294e-02 -1.03917141e-02]
 [ 2.99913473e-02 -4.12861854e-02  4.05671075e-02  9.90572274e-01
   2.89250165e-02 -1.15093574e-01  2.08240282e-02]
 [ 4.49613556e-02  1.96509925e-03  3.72781903e-02  3.10211014e-02
  -9.92089152e-01  5.80096617e-02  8.95355716e-02]
 [ 1.47179712e-03  1.23925740e-02  1.23167932e-02 -1.15342818e-01
  -5.12047261e-02 -9.86230850e-01  1.05429299e-01]
 [-3.63212824e-02 -1.48567017e-02  5.68975881e-03 -1.14210146e-02
   9.34541225e-02  1.02094188e-01  9.89515245e-01]]",96
5,6,7,0.9,0.831468939781189,"[[ 0.9925069  -0.10764976  0.00844489 -0.04171034  0.00966796 -0.01381181
   0.03530384]
 [ 0.10779724  0.9936258   0.02320275  0.01837236  0.00497894 -0.00840282
   0.0107715 ]
 [-0.0024726  -0.02546874  0.9829295   0.17700225  0.01175316  0.03383493
  -0.02412892]
 [ 0.04108332 -0.01838561 -0.17782737  0.98297507  0.00552278  0.006647
  -0.00607107]
 [-0.01001911 -0.00389951 -0.00862493 -0.00642375  0.99402285 -0.09773933
  -0.0461988 ]
 [ 0.01221611  0.00722508 -0.03199932 -0.01324163  0.09901315  0.9938569
   0.03231461]
 [-0.03696381 -0.00806296  0.0227838   0.01167448  0.04275572 -0.0352878
   0.99741673]]",96
6,7,7,0.9,0.851399838924408,"[[ 9.9875987e-01 -2.0876743e-02 -2.3267003e-02  2.9567836e-02
   3.1330099e-03  2.4412563e-02 -4.6371850e-03]
 [ 1.7764114e-02  9.9617064e-01 -6.9013663e-02  3.9178487e-02
   3.0599616e-02  6.6243773e-03 -7.1085137e-03]
 [ 3.0158574e-02  7.5419150e-02  9.7674865e-01 -1.9757812e-01
  -1.7811745e-02  2.9030493e-03 -1.3444055e-03]
 [ 2.4764722e-02  2.3350269e-02 -2.0004040e-01 -9.7879153e-01
   2.8078221e-02 -1.8130142e-03  8.2860561e-04]
 [-2.3073647e-03 -2.9428385e-02  2.5287796e-02  2.2763167e-02
   9.9654490e-01 -6.6276833e-02 -2.1831691e-02]
 [-2.4995172e-02 -8.6071063e-03 -5.8325648e-04 -7.6158351e-04
   6.4597830e-02  9.9567920e-01 -6.1239403e-02]
 [ 3.2035569e-03  5.9096823e-03  1.3997873e-03  1.4143673e-03
   2.5952892e-02  5.9822358e-02  9.9784696e-01]]",96
7,8,7,0.9,0.9290698766708374,"[[ 0.997305    0.04651213 -0.02755158  0.03097177  0.01492985  0.00298448
  -0.03562802]
 [-0.0481654   0.99766535  0.00819567  0.04618803  0.00495207 -0.00376975
  -0.01023517]
 [ 0.03070183 -0.00222032  0.99419904 -0.09892194  0.00911855 -0.027236
   0.0032318 ]
 [-0.02580606 -0.04790403  0.10013142  0.9929449   0.01287543  0.02885862
   0.00865069]
 [-0.01636047 -0.00542746 -0.00890035 -0.01328531  0.99796784  0.03370255
  -0.04869775]
 [ 0.00489352  0.00712298  0.02333391 -0.03165791 -0.02489259  0.9838366
   0.1726976 ]
 [ 0.03409994  0.01098193 -0.0096031  -0.00190583  0.05426029 -0.17126548
   0.98302835]]",96
8,9,8,0.9,0.9771192669868469,"[[ 9.99349236e-01 -1.79323573e-02  4.95448848e-03  8.83888081e-03
   1.71848871e-02  2.28162985e-02 -5.15466183e-03 -5.87412622e-03]
 [ 1.62883941e-02  9.97561812e-01 -2.50557135e-03  5.06166480e-02
   3.24906148e-02  2.34817360e-02  6.55613840e-03 -1.96662284e-02]
 [-1.80629338e-03  1.41451955e-02  9.76183355e-01 -2.13045791e-01
  -7.26495869e-04 -3.16368453e-02  1.89568438e-02  1.06529761e-02]
 [-1.24582490e-02 -5.07381856e-02  2.15472534e-01  9.72569942e-01
   1.30216042e-02  6.77716359e-02 -1.01271430e-02 -9.20104142e-03]
 [-3.96991009e-03 -1.79665070e-02 -1.03665190e-02  2.44457517e-02
   8.68289709e-01 -4.94189441e-01  2.81852297e-02  3.43777775e-03]
 [-2.85196882e-02 -3.26564237e-02  1.37144066e-02 -7.24446252e-02
   4.94207323e-01  8.64424348e-01 -2.19847169e-02 -2.70245727e-02]
 [ 4.13498050e-03 -8.63417611e-03 -1.52260056e-02  1.07386755e-02
  -1.42071564e-02  3.26657332e-02  9.97525096e-01 -5.68845645e-02]
 [ 5.58626233e-03  1.76240411e-02 -8.91722552e-03  1.08596478e-02
   1.04541481e-02  2.85399035e-02  5.59851453e-02  9.97698665e-01]]",96
9,10,9,0.9,1.2666549682617188,"[[ 9.95640397e-01  2.73881499e-02 -2.20083427e-02  8.80014710e-03
  -5.88707365e-02  2.03088038e-02  2.84152646e-02 -4.52611521e-02
  -2.55762860e-02]
 [-2.86148693e-02  9.96328652e-01 -6.69146329e-02 -2.32928041e-02
   2.49047764e-04 -1.21654896e-03  3.24694291e-02  1.09240105e-02
   1.77522879e-02]
 [ 1.79603603e-02  6.42897412e-02  9.87981379e-01 -1.11475348e-01
  -5.61191887e-02 -5.91799952e-02  8.31150915e-03 -7.93125201e-03
  -1.50504885e-02]
 [-4.63404600e-03  3.13454904e-02  1.13232814e-01  9.88973856e-01
   7.25001395e-02 -4.66642389e-03 -9.82850045e-03 -5.18719591e-02
   6.30671624e-03]
 [ 5.86012639e-02  3.63591569e-03  1.74574796e-02 -7.29800612e-02
   9.10744369e-01 -3.86040509e-01 -2.85518132e-02 -5.45845777e-02
  -9.29765031e-02]
 [ 6.38438482e-03  2.91490066e-03  7.32782930e-02 -3.11150290e-02
   3.89474750e-01  9.15304363e-01  5.36558740e-02  2.30582673e-02
   2.70128306e-02]
 [-2.51803324e-02 -3.39672230e-02 -7.29469163e-03  1.06625278e-02
   1.01286648e-02 -6.22611679e-02  9.96758103e-01  2.78744311e-03
   2.30593067e-02]
 [ 3.92115936e-02 -3.37233767e-03  8.80987663e-03  4.97474037e-02
   2.28285827e-02 -2.60850806e-02  1.59299199e-03  9.65904295e-01
  -2.48441830e-01]
 [ 4.34850343e-02 -1.66293141e-02  1.74280629e-02 -1.15050469e-03
   7.97432438e-02 -6.85266480e-02 -2.73714699e-02  2.42050335e-01
   9.62878525e-01]]",96
10,11,10,0.9,1.5846354961395264,"[[ 0.9351886  -0.26767093 -0.04802195  0.11307803 -0.09933719  0.1471902
   0.01985363 -0.02444371 -0.07656186 -0.01719213]
 [ 0.24507199  0.95527893 -0.08194381 -0.02135574 -0.04254602  0.12564746
   0.045816   -0.00694867 -0.01818041  0.01164611]
 [ 0.04549836  0.0549334   0.9877083  -0.02798763 -0.07491724  0.10548662
   0.0034867   0.03837444 -0.01168083  0.01414694]
 [-0.01389914  0.0598218   0.06122811  0.8394937   0.5184692  -0.04443851
  -0.07208939  0.08389872  0.00356293  0.06852613]
 [ 0.06338184 -0.03743112  0.0180668  -0.44957212  0.80323136  0.3186626
   0.08433326 -0.14192982 -0.11802918 -0.0650131 ]
 [-0.01642482  0.01553859 -0.02046036 -0.04139839 -0.032593    0.21866974
  -0.9659841  -0.10721183 -0.06024181  0.01512958]
 [ 0.03345863  0.01700345 -0.01675529 -0.12027836  0.06701251 -0.16788682
  -0.1006287   0.8212355  -0.4659076  -0.22258352]
 [ 0.180009    0.0265656   0.02970104 -0.18979478  0.1970229  -0.30616042
  -0.15845156  0.3309748   0.81407136  0.00844368]
 [-0.1503865  -0.08075408 -0.09868675  0.09828373 -0.1450513   0.80798346
   0.12833448  0.40614825  0.2594713   0.16980962]
 [-0.05169962  0.00628259  0.00395678  0.13132663 -0.05751171  0.15914093
   0.01891018 -0.10136955  0.17026831 -0.95486504]]",96
0,1,6,0.9,0.8848962783813477,"[[ 9.98276174e-01 -1.22790905e-02  2.34189909e-02 -1.62219517e-02
   3.23988311e-02 -3.78495082e-02]
 [ 1.38978297e-02  9.87363696e-01  2.07444131e-02  1.55129582e-01
  -1.13858283e-02 -1.71629246e-02]
 [-2.25098301e-02 -2.11093556e-02  9.98675406e-01 -5.97738719e-04
  -4.09947895e-02 -3.75995971e-03]
 [ 9.86484904e-03 -1.55665681e-01 -1.29740790e-03  9.83785808e-01
   3.61975096e-02 -8.07746574e-02]
 [ 3.68740298e-02 -1.60418041e-02 -3.99653167e-02  4.05749604e-02
  -9.93954360e-01  8.48181322e-02]
 [-3.58858556e-02 -5.22928359e-03 -8.34712479e-03 -7.86802769e-02
  -8.87949690e-02 -9.92239952e-01]]",97
1,2,6,0.9,0.8970666527748108,"[[ 0.9833325   0.17969519  0.01548458 -0.00671139 -0.02088267  0.00677938]
 [-0.17462447  0.9665734  -0.08932487 -0.14789036  0.07283729 -0.00929853]
 [-0.03592924  0.13272125  0.92241234  0.3573671   0.00300587 -0.05029204]
 [ 0.00754318 -0.10606104  0.3712631  -0.92200327  0.00532439 -0.02719249]
 [-0.03151295  0.06412343 -0.01053873 -0.01305059 -0.9854675  -0.15319146]
 [-0.01492132  0.02167662  0.05467508 -0.01057071 -0.15190504  0.98647416]]",97
2,3,6,0.9,0.8300363421440125,"[[ 0.99803364  0.0480917  -0.0129224  -0.02441891 -0.02691003 -0.01134283]
 [-0.04529922  0.99598104 -0.01388935  0.04079381  0.05994807  0.02277968]
 [ 0.01051954  0.01688755  0.9970156  -0.07044557  0.01397326 -0.02015803]
 [ 0.02644252 -0.03715396  0.07123633  0.9960385  -0.02659621  0.00676305]
 [ 0.02967615 -0.05886175 -0.01237908  0.02479687  0.9965573  -0.04195209]
 [ 0.01365016 -0.02405472  0.0192942  -0.00833419  0.04065656  0.9985692 ]]",97
3,4,6,0.9,0.8069164156913757,"[[ 9.93304551e-01  1.06055856e-01 -5.99912740e-03 -3.65031846e-02
  -1.78828482e-02 -2.02498510e-02]
 [-1.06086247e-01  9.93506074e-01 -3.42187136e-02  1.03134997e-02
  -1.88241303e-02  7.73417484e-03]
 [ 1.23500433e-02  3.20401937e-02  9.66060519e-01  2.55190641e-01
   1.20184282e-02  1.67742297e-02]
 [ 3.58861797e-02 -1.61203742e-02 -2.54926533e-01  9.64001536e-01
  -4.09940183e-02  4.98533472e-02]
 [ 1.92452315e-02  1.88048296e-02 -2.30739713e-02  2.94299517e-02
   9.91634965e-01  1.20572321e-01]
 [ 1.67678557e-02 -7.60538038e-03 -5.75843849e-04 -5.72175123e-02
  -1.19000494e-01  9.91073072e-01]]",97
4,5,7,0.9,0.9266674518585205,"[[ 9.9600112e-01  5.7667170e-02  1.0881846e-02 -2.1413131e-02
  -4.7773521e-02  1.4467094e-02  3.9846729e-02]
 [-5.6829650e-02  9.9415404e-01 -7.8340672e-02  4.0928297e-02
   1.0414032e-03  8.7171132e-03  2.3210999e-02]
 [-1.6602015e-02  7.8000277e-02  9.9602348e-01 -5.5802013e-03
  -2.9954435e-02  1.9814445e-02 -1.6016029e-02]
 [ 2.2270195e-02 -3.8009163e-02  9.9753970e-03  9.9121338e-01
  -4.7040142e-02 -1.1429749e-01  1.3387412e-02]
 [ 4.4916701e-02  2.0813823e-04  3.2073837e-02  4.5483582e-02
   9.9403423e-01  6.4380551e-03  8.2094662e-02]
 [ 6.4820182e-03  1.2709191e-02  1.9945351e-02 -1.1508208e-01
   1.4457528e-03 -9.8668647e-01  1.1226070e-01]
 [-4.3830145e-02 -2.5337921e-02  1.2468708e-02 -4.3182159e-03
  -8.0625683e-02  1.1254567e-01  9.8898727e-01]]",97
5,6,7,0.9,0.8351054787635803,"[[ 9.91334140e-01 -1.18286669e-01  6.25427859e-03 -3.81652378e-02
  -7.05865910e-03 -8.99194181e-03  4.04778495e-02]
 [ 1.18481025e-01  9.92295086e-01  2.54659988e-02  2.07736958e-02
  -6.61827950e-03 -8.73117615e-03  1.06055280e-02]
 [-7.05964223e-04 -2.86087245e-02  9.79005337e-01  1.97416767e-01
   1.27198955e-03  3.46616060e-02 -2.35196706e-02]
 [ 3.71680968e-02 -1.96582917e-02 -1.98569387e-01  9.79054868e-01
  -4.49173385e-03  8.23118165e-03 -1.28769586e-02]
 [ 6.70292089e-03  6.39855443e-03 -5.02361543e-03  3.05658625e-03
   9.88969922e-01  1.34713978e-01  6.05821647e-02]
 [ 6.98061893e-03  7.64651364e-03 -3.07197347e-02 -1.47882979e-02
  -1.37274384e-01  9.89162803e-01  3.79869491e-02]
 [-4.17514853e-02 -7.36792572e-03  2.14986634e-02  1.90238114e-02
  -5.45786358e-02 -4.45279144e-02  9.96201217e-01]]",97
6,7,7,0.9,0.853390097618103,"[[ 9.9857694e-01 -2.4119001e-02 -2.5509419e-02  3.1766243e-02
  -5.7218913e-03  2.3870789e-02 -3.2634739e-04]
 [ 2.0761076e-02  9.9596786e-01 -6.0590181e-02  5.1272724e-02
   3.3792134e-02  1.2914247e-02 -2.8437513e-03]
 [ 3.3438191e-02  7.0441857e-02  9.7296184e-01 -2.1616212e-01
  -2.1582311e-02 -5.3009610e-03  6.7226491e-03]
 [ 2.6504045e-02  3.5225511e-02 -2.1917590e-01 -9.7416049e-01
   3.1536922e-02 -3.4973316e-03 -4.8085772e-03]
 [-6.9404738e-03  3.2356832e-02 -2.9563170e-02 -2.5080560e-02
  -9.9382567e-01  8.7219194e-02  4.5882978e-02]
 [-2.3331078e-02 -1.4681206e-02  8.4486883e-03 -3.7855692e-03
   8.6355701e-02  9.9576533e-01 -1.2191785e-02]
 [ 3.2195277e-04  8.5760385e-04 -6.3233869e-03 -1.9726523e-03
   4.7098406e-02  8.2111843e-03  9.9883407e-01]]",97
7,8,7,0.9,0.927765429019928,"[[ 9.9808031e-01  2.7383193e-02 -1.8364623e-02  4.2638082e-02
  -7.5671743e-03  1.0095657e-02 -2.7774602e-02]
 [-3.0023802e-02  9.9753350e-01  1.4860752e-02  6.0667813e-02
  -4.1778893e-03  3.1489201e-03 -9.8384880e-03]
 [ 2.3808610e-02 -6.5161339e-03  9.9174863e-01 -1.2363129e-01
  -1.9421846e-03 -2.2797951e-02 -4.1577276e-03]
 [-3.8453810e-02 -6.3234299e-02  1.2459732e-01  9.8841500e-01
  -2.1939151e-02  3.7959043e-02  1.0571268e-02]
 [-8.4510539e-03 -3.6469209e-03 -4.1962680e-03 -2.2634355e-02
  -9.9765927e-01  2.7859256e-02 -5.7317462e-02]
 [-2.7381529e-03  9.1301114e-04  1.8260006e-02 -4.1599866e-02
   1.8052997e-02  9.8266006e-01  1.7883229e-01]
 [ 2.8457426e-02  1.1046006e-02 -1.0833873e-03 -3.0962522e-03
  -6.1565809e-02 -1.7756855e-01  9.8170084e-01]]",97
8,9,8,0.9,0.9936591982841492,"[[ 9.9954247e-01 -1.5732914e-02 -9.4044432e-03  3.9631855e-03
   1.3554918e-02  1.5299773e-02 -7.2468426e-03 -9.6345637e-03]
 [ 1.4418936e-02  9.9688870e-01 -9.6897269e-03  5.6792710e-02
   3.6199920e-02  2.4247894e-02  1.6872447e-02 -2.2419028e-02]
 [ 1.0874208e-02  2.0511569e-02  9.8287272e-01 -1.8082389e-01
  -6.1496845e-03 -2.2655599e-02  9.6359374e-03  9.0065049e-03]
 [-4.5626555e-03 -5.6516994e-02  1.8316945e-01  9.7851765e-01
   2.2892779e-02  7.1617320e-02 -6.2800692e-03 -6.6830791e-03]
 [ 2.4424142e-03  1.6893880e-02  3.7525555e-03 -2.3299692e-02
  -8.1317985e-01  5.8118248e-01 -1.0816013e-02 -4.5319341e-04]
 [-2.0874908e-02 -3.7059721e-02  9.5109576e-03 -7.7081122e-02
   5.7942504e-01  8.0874252e-01  2.4791677e-03 -4.8527364e-02]
 [ 6.5079639e-03 -1.8166995e-02 -7.8356229e-03  6.6109672e-03
  -1.1945057e-02  2.6479519e-03  9.9851185e-01 -4.8446205e-02]
 [ 9.1532394e-03  1.9016014e-02 -7.8736898e-03  6.0652033e-03
   2.8398419e-02  4.1123200e-02  4.8801731e-02  9.9728465e-01]]",97
9,10,9,0.9,1.393000841140747,"[[ 9.9529719e-01  1.0432623e-03 -2.7541947e-02  1.4538124e-02
  -6.1682496e-02  1.0526647e-02  4.0365823e-02 -5.2260999e-02
   1.1672367e-02]
 [-1.8750621e-03  9.9378318e-01 -8.7631650e-02 -5.4345995e-02
   1.2878557e-02 -6.1615361e-03  3.1106547e-02  2.3799056e-02
   4.5734006e-03]
 [ 2.2961874e-02  8.3035953e-02  9.8758316e-01 -8.2277626e-02
  -8.0257952e-02 -6.0795102e-02  1.4023983e-02 -9.2297560e-03
   8.2765659e-03]
 [-6.0817301e-03  6.0806975e-02  8.8730119e-02  9.8312700e-01
   1.3962328e-01  1.5362924e-02  4.8598405e-03 -4.5822196e-02
   3.3245495e-05]
 [ 5.8362372e-02 -1.4927094e-02  4.2145483e-02 -1.3328783e-01
   9.2367959e-01 -3.3406830e-01 -7.8166453e-03 -1.0396329e-01
   3.4263294e-02]
 [ 1.6462794e-02  1.7248982e-03  7.8844979e-02 -6.5820776e-02
   3.3348116e-01  9.3089694e-01  5.1008146e-02  7.4190006e-02
  -5.7378154e-02]
 [-3.7341040e-02 -3.3592068e-02 -1.3325115e-02  1.6821797e-03
  -2.9756841e-03 -5.7619050e-02  9.9512231e-01  4.7795460e-02
  -3.7618741e-02]
 [ 3.5738736e-02 -1.9245712e-02  6.8135057e-03  2.9620836e-02
   4.9102034e-02 -3.6033738e-02 -1.2874581e-02  7.5507665e-01
   6.5070164e-01]
 [ 4.9667325e-02 -8.7693790e-03  1.2325399e-02  2.3426030e-02
   5.7269555e-02 -1.1458610e-01 -6.3918434e-02  6.3700855e-01
  -7.5530148e-01]]",97
10,11,10,0.9,1.5351423025131226,"[[ 9.4226998e-01 -2.7910888e-01  2.9807519e-03  1.3048793e-01
  -3.8099498e-02 -5.7942893e-02 -1.8856814e-03 -7.4469939e-02
  -8.2432851e-02 -6.0149343e-03]
 [ 2.7493015e-01  9.4778526e-01  7.5035363e-02 -4.5281373e-02
   1.4188469e-02 -1.1824715e-01 -1.8952068e-02 -3.6412124e-02
  -2.8571127e-02  4.1839547e-02]
 [ 1.8752001e-02  6.3437037e-02 -9.9415255e-01 -3.3106422e-03
   7.6349401e-03 -7.9811394e-02  1.5290144e-02  2.0837443e-02
  -8.9544458e-03  9.8799411e-03]
 [-4.6257038e-02  7.8315049e-02 -7.8688618e-03  8.3256549e-01
   4.8483184e-01  2.0409101e-01  4.5729715e-02  1.3566621e-01
   3.1282049e-02  1.7597690e-02]
 [ 5.4635461e-02 -6.0226597e-02  8.1279740e-04 -4.5154521e-01
   8.5798395e-01  1.1593648e-03 -4.6556652e-02 -2.0025942e-01
  -9.9093035e-02 -3.5574127e-02]
 [ 1.3167678e-02  1.8136427e-02  6.8558198e-03 -6.4720847e-02
  -3.3132078e-03  1.1017426e-01  9.8357701e-01 -9.6608184e-02
  -2.9629938e-02  7.4012354e-02]
 [ 1.5837299e-02  1.0205852e-02  1.5900439e-02 -1.1121252e-01
   1.7213833e-02  6.6195250e-02  4.3405827e-02  6.8788326e-01
  -6.9432515e-01 -1.5871666e-01]
 [ 7.9612829e-02 -4.4014558e-02  4.5364767e-02 -9.8822691e-02
   1.5664366e-01 -4.5291349e-01  1.2586680e-01  6.0867923e-01
   6.0114014e-01 -5.0303753e-02]
 [ 1.5582801e-01  7.0722573e-02 -5.8373880e-02 -2.3706666e-01
  -3.3001941e-02  8.4255910e-01 -8.0613233e-02  2.5350317e-01
   3.5713196e-01  4.2512283e-02]
 [-4.4296444e-03 -5.1423036e-02  1.3918250e-02 -3.6464687e-02
   3.4012571e-02 -5.5490904e-02 -5.9127770e-02  1.3005467e-01
  -9.8144591e-02  9.8057836e-01]]",97
0,1,6,0.9,0.8839794993400574,"[[ 9.9825209e-01 -1.5305959e-02  1.8737722e-02 -1.4650839e-02
   3.3001926e-02 -4.0044181e-02]
 [ 1.7017279e-02  9.8826277e-01  1.5068098e-02  1.4915006e-01
  -1.7972983e-02 -1.5851924e-02]
 [-1.7363295e-02 -1.9247996e-02  9.9854100e-01  2.3614487e-02
  -4.1057386e-02 -7.2107773e-04]
 [ 8.3800266e-03 -1.4903589e-01 -2.4682960e-02  9.8481578e-01
   3.3816710e-02 -7.8122668e-02]
 [-3.7528150e-02  2.2137497e-02  4.1414265e-02 -3.6745653e-02
   9.9320453e-01 -9.2633307e-02]
 [-3.7723042e-02 -5.4922532e-03 -3.6475128e-03 -7.5957999e-02
  -9.6453659e-02 -9.9169582e-01]]",98
1,2,6,0.9,0.8860013484954834,"[[ 0.98269606  0.18275636  0.01248031 -0.00912727 -0.02429144  0.00891405]
 [-0.17748134  0.96457565 -0.10144293 -0.14827634  0.07422981 -0.01753611]
 [-0.03473821  0.1437012   0.9236281   0.35089272  0.00242    -0.04384948]
 [ 0.00658277 -0.10367014  0.36568585 -0.92414653  0.00785473 -0.03707487]
 [-0.03531672  0.06424315 -0.00903686 -0.01452376 -0.9895879  -0.12267304]
 [-0.01764986  0.0258678   0.05154469 -0.02339681 -0.12061526  0.9905892 ]]",98
2,3,6,0.9,0.8238282799720764,"[[ 0.9973656   0.05587381 -0.01787505 -0.02984677  0.02957434 -0.00741514]
 [-0.05283314  0.99503946 -0.02539522  0.04352929 -0.06462001  0.01974114]
 [ 0.01664515  0.02593771  0.99928945 -0.0042148  -0.01451919 -0.01556202]
 [ 0.03158057 -0.04048754  0.00544409  0.9980922   0.0271221   0.02025303]
 [ 0.03315589 -0.06327902 -0.0140996   0.02459434 -0.9956248  -0.05314202]
 [ 0.0098393  -0.02141005  0.01508981 -0.02009306 -0.05229242  0.9980376 ]]",98
3,4,7,0.9,0.9013811349868774,"[[ 9.93120015e-01  1.05421588e-01 -2.76018749e-03 -4.12059017e-02
  -2.53601875e-02 -1.56099759e-02 -2.57285754e-03]
 [-1.05140880e-01  9.93307769e-01 -4.26546745e-02  1.53957149e-02
  -1.16784517e-02  6.20950432e-03 -7.33211776e-03]
 [ 7.06560537e-03  4.01166901e-02  9.80765760e-01  1.89150140e-01
   1.91000421e-02  1.54344216e-02  7.63260992e-03]
 [ 4.21881899e-02 -1.95863508e-02 -1.88452050e-01  9.77909803e-01
  -3.93980332e-02  6.60505071e-02  9.99144372e-03]
 [-2.62704995e-02 -1.25612644e-02  2.69061923e-02 -2.98756585e-02
  -9.96855319e-01 -6.12022728e-02 -8.32637027e-03]
 [ 1.16574168e-02 -4.88741836e-03 -6.27718808e-04 -6.99411482e-02
  -5.89602664e-02  9.95081127e-01 -3.58512588e-02]
 [ 1.50918704e-03  7.16961874e-03 -5.72573394e-03 -1.39747979e-02
  -1.03251245e-02  3.44200172e-02  9.99213159e-01]]",98
4,5,7,0.9,0.9122716784477234,"[[ 9.9655098e-01  4.5688588e-02  3.7285525e-03 -3.0450135e-02
   4.9779389e-02  6.2679215e-03  3.6611773e-02]
 [-4.4159673e-02  9.9274516e-01 -9.6384093e-02  5.3070199e-02
  -2.2318610e-03  4.8043164e-03  1.9299470e-02]
 [-8.5202185e-03  9.5237553e-02  9.9442971e-01  2.2939356e-02
   3.1956054e-02  1.3975420e-02 -1.4969336e-02]
 [ 3.1803533e-02 -5.2566480e-02 -1.6793802e-02  9.9021155e-01
   3.1113040e-02 -1.2018457e-01  3.4702539e-03]
 [ 4.6948146e-02 -1.0704276e-03  3.1972066e-02  3.7417233e-02
  -9.9173498e-01  6.2540516e-02  8.9010336e-02]
 [ 2.7914965e-03  1.1645857e-02  1.8392431e-02 -1.1751757e-01
  -6.0569108e-02 -9.8906553e-01  6.1551820e-02]
 [-4.0499385e-02 -1.9982629e-02  1.2777528e-02  9.0683368e-04
   9.1218941e-02  5.5999927e-02  9.9314624e-01]]",98
5,6,7,0.9,0.819788932800293,"[[ 0.9924736  -0.10628343  0.01368532 -0.04554355  0.00946353 -0.01769659
   0.03218088]
 [ 0.10653529  0.994009    0.00971534  0.01617641  0.00433196 -0.01265454
   0.00783244]
 [-0.00448114 -0.0117851   0.97921723  0.19866733  0.00733866  0.03214223
  -0.02046791]
 [ 0.04582667 -0.01882171 -0.19871165  0.97878677 -0.00447553  0.00260182
  -0.00301219]
 [-0.00967873 -0.00411732 -0.00621066  0.00375305  0.9937438  -0.09747985
  -0.05298742]
 [ 0.01561678  0.01040081 -0.02993463 -0.00857057  0.10101256  0.99182135
   0.06903058]
 [-0.03447487 -0.00562492  0.02075942  0.00918593  0.04568952 -0.072628
   0.99544066]]",98
6,7,7,0.9,0.8424512147903442,"[[ 9.9832618e-01 -2.8279126e-02 -3.0487198e-02 -3.3133421e-02
   7.5800940e-03  2.1219537e-02 -3.1832531e-03]
 [ 2.4706434e-02  9.9655068e-01 -6.5477550e-02 -3.2855608e-02
   2.8133512e-02  9.5020737e-03 -5.2670613e-03]
 [ 3.8776305e-02  7.0638172e-02  9.7539830e-01  2.0322736e-01
  -2.8311610e-02 -1.3619866e-03 -1.4186570e-04]
 [ 2.6355132e-02  1.6922342e-02 -2.0467658e-01  9.7739422e-01
   4.2739972e-02 -5.2809343e-04  2.5669232e-04]
 [-7.2704889e-03 -2.6255650e-02  3.8299445e-02 -3.4910861e-02
   9.9619752e-01 -5.3655345e-02 -3.5829984e-02]
 [-2.1911586e-02 -1.0405568e-02  4.4834497e-03  3.1115374e-05
   5.1047124e-02  9.9678773e-01 -5.6567688e-02]
 [ 1.8109047e-03  3.6434638e-03  1.3779957e-03 -1.7536535e-03
   3.8826559e-02  5.4704893e-02  9.9773663e-01]]",98
7,8,8,0.9,0.9609178304672241,"[[ 9.96329129e-01 -8.14305502e-04 -2.87907738e-02  3.14555727e-02
   2.47377437e-02 -5.46567654e-03 -4.08864096e-02 -5.65319583e-02]
 [-1.11313409e-03  9.98735487e-01  1.25455000e-02  4.72085364e-02
   3.58195999e-03 -3.06635979e-03 -9.38845985e-03 -5.47141768e-03]
 [ 3.40669826e-02 -5.75690856e-03  9.88857269e-01 -1.39899865e-01
   3.79419303e-03 -2.66070645e-02 -3.39970295e-03  2.57253647e-02]
 [ 2.76404917e-02  4.84329090e-02 -1.41662300e-01 -9.87550735e-01
  -8.65130499e-03 -3.63577008e-02 -4.60059708e-03  1.21520841e-02]
 [-2.50006542e-02 -3.32956132e-03 -4.50631697e-03 -9.14481562e-03
   9.98469651e-01  1.69416908e-02 -3.99701968e-02  2.08276156e-02]
 [ 6.20967988e-03  5.21782367e-03  2.38494594e-02 -4.11059596e-02
  -9.75616835e-03  9.85498667e-01  1.18575834e-01 -1.10962287e-01]
 [ 3.04357558e-02  7.90931750e-03  2.14409013e-03 -8.42619920e-04
   4.52042185e-02 -1.33585185e-01  9.79416192e-01 -1.40930280e-01]
 [ 6.17469884e-02  6.86800806e-03 -2.26526819e-02  1.33945178e-02
  -1.43473353e-02  9.26887318e-02  1.52622312e-01  9.81507480e-01]]",98
8,9,8,0.9,0.9631053805351257,"[[ 9.9908078e-01 -3.0931100e-02  6.0244482e-03  1.4938124e-02
   1.2941701e-02  1.8959211e-02 -9.4884802e-03 -2.0900017e-03]
 [ 2.9693693e-02  9.9798572e-01  4.7649580e-04  3.9847929e-02
   2.8413439e-02  1.7113075e-02  1.2986668e-02 -1.6907476e-02]
 [-2.3303700e-03  7.2677531e-03  9.8206317e-01 -1.8576790e-01
   4.5703128e-03 -2.5408413e-02  1.5563358e-02  8.6675771e-03]
 [-1.8939873e-02 -4.0352039e-02  1.8763340e-01  9.7702241e-01
   9.2784651e-03  8.8408023e-02 -1.3391301e-02 -1.2347411e-02]
 [-3.5921403e-03 -1.8919975e-02 -9.7682215e-03  3.4479938e-02
   8.8739419e-01 -4.5852530e-01  2.4775388e-02  4.1210717e-03]
 [-2.2499913e-02 -2.4165135e-02  4.9944050e-03 -8.7340444e-02
   4.5964190e-01  8.8225156e-01 -2.8676238e-02 -2.8206717e-02]
 [ 8.2044229e-03 -1.5085409e-02 -1.1953758e-02  1.1501472e-02
  -9.6007353e-03  3.6406040e-02  9.9703485e-01 -6.2720299e-02]
 [ 2.2772041e-03  1.4736573e-02 -6.7610862e-03  1.2527529e-02
   9.3127452e-03  3.0780358e-02  6.1685428e-02  9.9736434e-01]]",98
9,10,9,0.9,1.2695813179016113,"[[ 9.94857967e-01  2.79147867e-02 -3.63205783e-02  2.01729480e-02
  -6.80817217e-02  1.12646716e-02  2.82120369e-02 -4.06509936e-02
  -2.32748147e-02]
 [-2.95236856e-02  9.96372640e-01 -6.64942712e-02 -2.03037616e-02
   5.73639339e-03 -7.67820654e-03  3.28153297e-02  1.72092691e-02
   8.43746681e-03]
 [ 3.14123668e-02  6.49679974e-02  9.88814831e-01 -8.77682194e-02
  -6.68500215e-02 -6.79518282e-02  8.36348161e-03 -1.29800932e-02
  -3.05281579e-03]
 [-1.04656806e-02  2.62379982e-02  9.45267081e-02  9.86651540e-01
   1.15362115e-01  1.43792285e-02 -5.70302503e-03 -4.56071384e-02
   3.40251364e-02]
 [ 6.55682236e-02 -2.89813732e-03  2.71760579e-02 -1.06181018e-01
   9.24932122e-01 -3.33263248e-01 -3.41438949e-02 -8.69915411e-02
  -9.15543884e-02]
 [ 1.68022513e-02  7.24881981e-03  8.05708990e-02 -5.96525036e-02
   3.34513277e-01  9.34072793e-01  5.56374006e-02  3.38645354e-02
   3.13323922e-02]
 [-2.49889046e-02 -3.48421447e-02 -8.03556759e-03  5.00382995e-03
   1.85764506e-02 -6.52241483e-02  9.96328831e-01  2.43738788e-04
   2.83093452e-02]
 [ 2.95215566e-02 -9.89270210e-03  1.51393786e-02  5.16456440e-02
   3.62623371e-02 -3.07529531e-02  9.24375188e-03  9.04691398e-01
  -4.18714076e-01]
 [ 4.70332913e-02 -1.34216938e-02  6.70895586e-03 -2.17048135e-02
   9.21733752e-02 -7.89540410e-02 -3.17297094e-02  4.10636008e-01
   9.01517212e-01]]",98
10,11,11,0.9,1.7978287935256958,"[[ 9.36879158e-01 -2.91271716e-01 -2.82306653e-02  1.37266934e-01
  -4.45827432e-02  6.89916760e-02  5.70619991e-03 -7.21728280e-02
  -5.99402860e-02  2.09700502e-02  4.19244356e-02]
 [ 2.75290728e-01  9.44865942e-01 -1.10341869e-01  8.06412485e-04
  -3.21729593e-02  1.21083796e-01  4.11144197e-02 -2.02948824e-02
  -2.26402935e-02 -2.95267277e-03  3.07779498e-02]
 [ 3.96305248e-02  9.11524892e-02  9.80911970e-01  9.81949121e-02
  -3.41553614e-02  9.82109606e-02  5.97240450e-03  5.44621535e-02
  -3.18197384e-02 -1.26600415e-02 -5.74759319e-02]
 [-4.69453335e-02  5.22032902e-02 -4.79376279e-02  7.59955406e-01
   6.13416791e-01 -1.42735288e-01 -7.63089582e-02  1.08395383e-01
   1.76332705e-02 -2.34480500e-02  1.24048395e-02]
 [ 6.69643730e-02 -2.63059046e-02  6.23142272e-02 -5.25659323e-01
   7.71408856e-01  2.48398766e-01  7.18692169e-02 -2.07637757e-01
  -8.51260722e-02  4.53913212e-02 -1.62447561e-02]
 [-3.88324028e-03  1.45363389e-02 -1.42200030e-02 -3.50787565e-02
  -1.87713988e-02  2.05357447e-01 -9.69920874e-01 -7.73637444e-02
  -2.31559165e-02 -6.31343201e-02 -6.75503835e-02]
 [ 4.16155197e-02  1.57264955e-02 -1.61610600e-02 -1.52118817e-01
   4.75234352e-02 -2.16866821e-01 -9.00342166e-02  6.12473607e-01
  -6.98727965e-01  2.30639875e-01  2.61557736e-02]
 [ 1.15978606e-01 -7.99778569e-03  5.32871298e-03 -1.92002863e-01
   1.08478375e-01  5.60856126e-02 -6.45960644e-02  6.91557527e-01
   6.55748248e-01 -8.22202396e-03  1.48931116e-01]
 [-1.03281200e-01 -9.40228254e-02 -1.21444039e-01  1.78542241e-01
  -7.28441179e-02  7.98998654e-01  1.81107536e-01  2.57742137e-01
  -2.18000174e-01 -3.60411257e-01 -1.16233915e-01]
 [-6.19798265e-02 -2.25970838e-02 -4.28272896e-02  1.41810089e-01
  -5.91067076e-02  3.47568959e-01  2.62441952e-02 -2.08540019e-02
   1.17300890e-01  8.87695074e-01 -2.15685248e-01]
 [ 9.22360197e-02  2.80977190e-02 -3.97949144e-02 -6.66469187e-02
   3.57852280e-02 -1.93149328e-01  2.71868668e-02  1.01603597e-01
   8.53128061e-02 -1.47084832e-01 -9.51901078e-01]]",98
0,1,6,0.9,0.8932945728302002,"[[ 9.98225033e-01 -1.20327072e-02  2.27156393e-02 -1.87026653e-02
   2.90214084e-02 -4.11587358e-02]
 [ 1.41532794e-02  9.86737728e-01  6.68936642e-03  1.60491109e-01
  -4.95195482e-03 -1.79395583e-02]
 [-2.21740119e-02 -2.15889257e-03  9.98615682e-01 -2.76779234e-02
  -3.87768000e-02 -7.82648916e-04]
 [ 1.11611476e-02 -1.61421731e-01  2.85540558e-02  9.81955767e-01
   3.87790017e-02 -8.52182880e-02]
 [ 3.44254859e-02 -1.10274013e-02 -3.64500694e-02  4.64690514e-02
  -9.92890418e-01  9.68187749e-02]
 [-3.93086448e-02 -4.55903262e-03 -7.87267741e-03 -8.20379108e-02
  -1.01461105e-01 -9.90629852e-01]]",99
1,2,6,0.9,0.8997027277946472,"[[ 9.85239267e-01  1.68781549e-01  1.05847660e-02 -1.02191037e-02
  -2.22392716e-02  1.02622332e-02]
 [-1.65404528e-01  9.71585572e-01 -6.56249449e-02 -1.36271685e-01
   7.60097802e-02 -2.94718030e-03]
 [-2.43926384e-02  1.13642395e-01  9.04718161e-01  4.07010436e-01
   3.24394414e-03 -4.80355956e-02]
 [ 3.70883755e-03 -9.91724804e-02  4.17703867e-01 -9.02810037e-01
   1.71027482e-02 -1.77782271e-02]
 [-3.23117040e-02  6.73467815e-02 -3.22269602e-03 -2.45284401e-02
  -9.84097421e-01 -1.59250259e-01]
 [-1.70914996e-02  1.57753099e-02  5.07880673e-02 -7.12332781e-04
  -1.58041805e-01  9.85850871e-01]]",99
2,3,6,0.9,0.8376224040985107,"[[ 9.97998774e-01  5.03990091e-02  1.86153629e-04 -2.21870095e-02
  -2.91646272e-02 -1.07518714e-02]
 [-4.72640283e-02  9.95668650e-01 -1.39348451e-02  4.79030907e-02
   5.82091138e-02  2.30837017e-02]
 [-2.99518695e-03  1.79791283e-02  9.94138062e-01 -1.03397772e-01
   1.97196901e-02 -1.66544318e-02]
 [ 2.38357354e-02 -4.42806073e-02  1.04706801e-01  9.92988884e-01
  -1.93919446e-02  1.02223074e-02]
 [ 3.17490138e-02 -5.65128140e-02 -1.76710319e-02  1.86267346e-02
   9.95878458e-01 -5.80105782e-02]
 [ 1.33991130e-02 -2.50231437e-02  1.48176495e-02 -1.21632228e-02
   5.67657612e-02  9.97799754e-01]]",99
3,4,6,0.9,0.8304879069328308,"[[ 0.9933656   0.10902027 -0.0039065  -0.0271242  -0.01765735 -0.01663332]
 [-0.10870238  0.9929104  -0.03821048  0.01860251 -0.01790203  0.01364417]
 [ 0.00616088  0.03467026  0.9779527   0.20461208  0.01937115  0.01126884]
 [ 0.02873537 -0.02413194 -0.20363732  0.9768851  -0.02954545  0.04411825]
 [ 0.01797185  0.01709072 -0.025761    0.01987934  0.9937303   0.10404955]
 [ 0.01489883 -0.012925    0.00110795 -0.04850276 -0.10305226  0.99329627]]",99
4,5,7,0.9,0.8837150931358337,"[[ 9.95442927e-01  6.59803227e-02  5.15540829e-03 -1.89579669e-02
  -4.76265140e-02  1.97199695e-02  4.11915034e-02]
 [-6.57241344e-02  9.92702663e-01 -8.31044167e-02  5.06755114e-02
  -1.47196255e-03  1.03947893e-02  2.52442434e-02]
 [-1.34947933e-02  8.56083781e-02  9.92847085e-01 -6.94285259e-02
  -2.19289847e-02  3.66115868e-02 -1.01067722e-02]
 [ 2.13685874e-02 -4.16959561e-02  7.60450065e-02  9.89687026e-01
  -4.04793955e-02 -1.04416296e-01 -4.49260755e-04]
 [ 4.43100631e-02  2.67650629e-03  2.68530175e-02  3.45023908e-02
   9.92587030e-01 -3.06492783e-02  9.97480303e-02]
 [ 1.12985559e-02  1.68533456e-02  2.76888292e-02 -1.07528783e-01
  -3.60778235e-02 -9.89794731e-01  7.91455507e-02]
 [-4.52090763e-02 -2.88020372e-02  7.15119718e-03  4.35421616e-03
  -9.52867940e-02  8.14061463e-02  9.90631104e-01]]",99
5,6,7,0.9,0.8519566655158997,"[[ 9.8975056e-01 -1.3282841e-01  8.2095917e-03 -2.8876372e-02
  -3.7498777e-03 -1.2856784e-02  4.0862828e-02]
 [ 1.3230623e-01  9.9026364e-01  2.7583769e-02  1.6740920e-02
   9.4996532e-03 -2.3270296e-02  1.4153582e-02]
 [-5.5969423e-03 -2.7972894e-02  9.8485589e-01  1.6283005e-01
  -3.6146031e-03  4.6327546e-02 -2.3916842e-02]
 [ 2.8587276e-02 -1.6005408e-02 -1.6341858e-01  9.8562050e-01
   2.4382414e-02 -1.3501903e-03 -1.3299120e-02]
 [ 1.0012977e-04  1.3798742e-02 -1.5857872e-02  2.2548577e-02
  -9.7657603e-01  2.0955937e-01  3.7865154e-02]
 [ 1.5382985e-02  1.9935513e-02 -4.2233273e-02 -1.0741853e-02
   2.1091694e-01  9.7601187e-01  1.9539857e-02]
 [-4.2468935e-02 -1.0405033e-02  2.2130201e-02  1.7339887e-02
   3.3187214e-02 -2.5117140e-02  9.9778020e-01]]",99
6,7,7,0.9,0.8604451417922974,"[[ 0.99677825 -0.06277232 -0.03678427 -0.02535358 -0.00634861  0.01982577
   0.00796151]
 [ 0.0599177   0.99541324 -0.05657078 -0.03492751  0.03354918 -0.00124131
   0.00387696]
 [ 0.04640982  0.0622385   0.9503074   0.3010763  -0.01385214  0.00604321
   0.0035844 ]
 [ 0.01427908  0.01366723 -0.3022993   0.9515786   0.05115806  0.00182561
  -0.01010874]
 [ 0.00653667 -0.03357599  0.03086671 -0.04337582  0.9922313  -0.09978358
  -0.03893492]
 [-0.01954805 -0.00134112 -0.00152273 -0.00736851  0.10020281  0.9947028
   0.0092262 ]
 [-0.00776227 -0.00474357 -0.00473836  0.00726302  0.03822951 -0.0132305
   0.99910235]]",99
7,8,7,0.9,0.9426195025444031,"[[ 9.98213530e-01  2.85827741e-02 -2.15089954e-02  3.91452014e-02
   1.38782617e-02  1.18506374e-03 -2.37435736e-02]
 [-3.07822488e-02  9.97218132e-01  2.11777575e-02  6.17908984e-02
   4.49918164e-03 -1.54373813e-02 -9.11923405e-03]
 [ 2.80561037e-02 -9.58722644e-03  9.84838784e-01 -1.70760393e-01
   5.04738698e-03 -4.47742781e-03 -2.97449413e-03]
 [ 3.29927132e-02  6.53484613e-02 -1.70553297e-01 -9.82162774e-01
  -2.51646787e-02 -8.65126401e-03 -1.41689135e-02]
 [-1.38684763e-02 -3.09742475e-03 -8.96735862e-03 -2.44613960e-02
   9.98580992e-01  2.84050442e-02 -3.38893197e-02]
 [ 2.60707666e-03  1.73570719e-02  3.48855322e-03 -9.60065890e-03
  -2.32373327e-02  9.88614500e-01  1.47271723e-01]
 [ 2.33962797e-02  8.10533762e-03 -6.29905728e-04 -1.24951834e-02
   3.77422310e-02 -1.46628380e-01  9.88081992e-01]]",99
8,9,8,0.9,0.9816927313804626,"[[ 9.99347925e-01 -4.63615434e-05 -1.61223933e-02  2.28562336e-02
   1.45017067e-02  1.11451494e-02 -5.68267377e-03 -1.24328481e-02]
 [-1.88800856e-03  9.97882664e-01 -1.79045107e-02  5.68659976e-02
  -2.70009693e-03  6.21169992e-03 -6.14663528e-04 -2.50198692e-02]
 [ 2.14394163e-02  3.15704681e-02  9.69319463e-01 -2.42211044e-01
   2.43275031e-03 -1.09948283e-02  8.17803293e-03  1.01721315e-02]
 [-1.90548655e-02 -5.15004285e-02  2.44461834e-01  9.66375411e-01
   7.78909482e-04  5.39456904e-02 -1.11114597e-02 -1.75315235e-02]
 [-6.30991301e-03  4.03749943e-03 -7.30746018e-04  3.12918276e-02
   8.24166179e-01 -5.65403521e-01  4.39064065e-03  3.72756808e-03]
 [-1.67716201e-02 -1.70151645e-03 -2.94143846e-03 -4.66718972e-02
   5.66004217e-01  8.22364688e-01 -1.20566506e-02 -2.71864794e-02]
 [ 4.33841068e-03 -1.84925692e-03 -4.91023110e-03  1.08295297e-02
   2.43214937e-03  1.13880932e-02  9.97542381e-01 -6.78963289e-02]
 [ 1.17259817e-02  2.36330219e-02 -6.65513612e-03  2.05299705e-02
   1.26237888e-02  2.66771298e-02  6.72420040e-02  9.96717513e-01]]",99
9,10,8,0.9,1.112999677658081,"[[ 0.99799746 -0.02506738 -0.00546557 -0.01680198  0.02869319  0.01636184
   0.03990544 -0.01941591]
 [ 0.02387184  0.9920844   0.11290009 -0.02866727  0.02005881 -0.00693095
   0.02780882  0.02016854]
 [-0.00598426  0.10317931 -0.967038   -0.22371826  0.01509081 -0.06181711
  -0.00128734 -0.00742665]
 [ 0.01430974  0.05321849 -0.21945101  0.9714922   0.04549705  0.02172188
  -0.01067175 -0.04849355]
 [ 0.03441181  0.01724043 -0.00136461  0.0499916  -0.93016773 -0.36151272
  -0.00978702  0.00428258]
 [-0.00603482  0.01815275 -0.05973725 -0.01568119 -0.36162633  0.928022
   0.04674219  0.04044985]
 [-0.03901263 -0.02732524 -0.00444195  0.01462245  0.00745005 -0.04869099
   0.99683326  0.03735026]
 [ 0.02116512 -0.01698915 -0.01767408  0.04571851  0.02086918 -0.03322359
  -0.0395174   0.9968751 ]]",99
10,11,10,0.9,1.6824389696121216,"[[ 9.4731390e-01 -2.2396544e-01  1.2140758e-02  9.6269166e-03
  -1.1458436e-02  1.2752342e-01  1.7775656e-01  1.3795702e-02
  -2.9420396e-03  6.3291706e-02]
 [ 1.9843477e-01  9.6783215e-01  7.8814276e-02 -1.2579079e-02
   1.0575980e-02  6.7336790e-02  9.7709045e-02  2.5376012e-03
   4.6192404e-02  3.4945991e-02]
 [-3.2864772e-02 -7.1366534e-02  9.8901200e-01  7.8508466e-02
  -3.4577437e-02  5.9313042e-04  2.3826145e-02 -6.7647018e-02
  -5.0880585e-02 -2.4285536e-02]
 [ 1.5175473e-02  2.3098825e-02 -6.4765774e-02  9.7633982e-01
   1.7044553e-01 -1.9223269e-02 -9.4275109e-02  3.2981381e-02
  -2.0042291e-02  4.4762325e-02]
 [ 9.7732665e-03  2.1203343e-02 -3.3235017e-02  1.5096274e-01
  -9.7481835e-01 -2.5995998e-02 -1.0988470e-01  6.2867761e-02
   3.7552018e-02  8.4715053e-02]
 [-2.8191712e-02 -6.0797804e-03  8.0070030e-03 -3.0688308e-02
   2.0805804e-02  8.7493145e-01 -4.7872788e-01 -4.1593410e-02
  -3.6070846e-02 -3.6062766e-03]
 [-1.3376574e-02  9.2973057e-03  4.8151821e-02 -2.8397880e-02
   2.5640134e-02  4.4855945e-02  2.7896365e-02  9.4014072e-01
  -2.9233158e-01 -1.5440063e-01]
 [ 1.9317046e-01  3.3774830e-02  7.4049078e-02 -1.1032702e-01
   1.2136482e-01 -3.9972365e-01 -7.6979393e-01  1.6906044e-01
   3.2977876e-01  1.9865175e-01]
 [-8.9651691e-03 -3.5435479e-02  2.2203349e-02  6.0273908e-02
  -2.3929927e-02  1.1014679e-01  1.3282448e-01  1.3307256e-01
   7.6797175e-01 -5.9724510e-01]
 [-1.5311803e-01 -6.7410633e-02  4.2872034e-02 -1.7767408e-03
   5.3349800e-02  1.9679797e-01  3.1167594e-01  2.4145934e-01
   4.5624915e-01  7.5165552e-01]]",99
